date,ticker,y_true,y_pred,abs_error,dataset_part,signal_for_trade
2023-04-03,EFA,0.00013870193,-0.057398185,0.05753689,train,
2023-04-03,IWM,-0.017692441,0.03476055,0.05245299,train,
2023-04-03,SPY,-0.0055636275,0.095669374,0.101233,train,
2023-04-03,TLT,0.0049591255,-0.0047879145,0.0097470395,train,
2023-04-04,EFA,-0.006958772,-0.07430509,0.06734631,train,-0.057398185
2023-04-04,IWM,-0.009857705,0.005018048,0.014875753,train,0.03476055
2023-04-04,SPY,-0.0026218158,0.015308037,0.017929854,train,0.095669374
2023-04-04,TLT,0.0104005905,0.014047775,0.003647185,train,-0.0047879145
2023-04-05,EFA,0.004737346,-0.004571695,0.00930904,train,-0.07430509
2023-04-05,IWM,0.0014964988,0.075395495,0.07389899,train,0.005018048
2023-04-05,SPY,0.0038933607,-0.0051241033,0.009017464,train,0.015308037
2023-04-05,TLT,0.0025831356,-0.0033577308,0.0059408667,train,0.014047775
2023-04-06,EFA,-0.00069512846,0.017338123,0.018033251,train,-0.004571695
2023-04-06,IWM,0.010639719,0.01904742,0.008407702,train,0.075395495
2023-04-06,SPY,0.00102574,0.037637454,0.036611713,train,-0.0051241033
2023-04-06,TLT,-0.01625603,0.028398197,0.044654228,train,-0.0033577308
2023-04-10,EFA,0.0033325448,-0.023890227,0.027222771,train,0.017338123
2023-04-10,IWM,0.007877746,-0.076375976,0.08425372,train,0.01904742
2023-04-10,SPY,0.00026858272,0.05920432,0.05893574,train,0.037637454
2023-04-10,TLT,0.0020580022,-0.06584604,0.06790404,train,0.028398197
2023-04-11,EFA,0.006357176,0.018753001,0.012395825,train,-0.023890227
2023-04-11,IWM,-0.0073659793,-0.04746838,0.0401024,train,-0.076375976
2023-04-11,SPY,-0.00408431,0.043045685,0.047129996,train,0.05920432
2023-04-11,TLT,-0.0010283914,0.023813155,0.024841545,train,-0.06584604
2023-04-12,EFA,0.012730518,0.014718296,0.0019877777,train,0.018753001
2023-04-12,IWM,0.013163613,-0.049277805,0.062441416,train,-0.04746838
2023-04-12,SPY,0.013195264,0.04125276,0.028057493,train,0.043045685
2023-04-12,TLT,-0.007889433,0.05073997,0.0586294,train,0.023813155
2023-04-13,EFA,-0.004089097,0.0111471675,0.015236264,train,0.014718296
2023-04-13,IWM,-0.009360654,-0.00647573,0.0028849244,train,-0.049277805
2023-04-13,SPY,-0.0024456412,-0.06953324,0.0670876,train,0.04125276
2023-04-13,TLT,-0.0091886455,-0.032331683,0.023143038,train,0.05073997
2023-04-14,EFA,-0.0017769986,-0.05309834,0.051321343,train,0.0111471675
2023-04-14,IWM,0.01277849,-0.002310859,0.015089349,train,-0.00647573
2023-04-14,SPY,0.0035817234,-0.032863602,0.036445327,train,-0.06953324
2023-04-14,TLT,-0.0119668925,0.04414438,0.056111272,train,-0.032331683
2023-04-17,EFA,0.005457743,-0.10679595,0.112253696,train,-0.05309834
2023-04-17,IWM,-0.0042599123,0.054171834,0.058431745,train,-0.002310859
2023-04-17,SPY,0.00065204676,0.025950205,0.025298158,train,-0.032863602
2023-04-17,TLT,0.00355693,0.040308185,0.036751255,train,0.04414438
2023-04-18,EFA,-0.0031344958,-0.00038537197,0.0027491238,train,-0.10679595
2023-04-18,IWM,0.0012912783,0.06917843,0.06788716,train,0.054171834
2023-04-18,SPY,-0.00016898572,0.03491975,0.035088737,train,0.025950205
2023-04-18,TLT,-0.000960335,0.0006882623,0.0016485973,train,0.040308185
2023-04-19,EFA,0.0,-0.043408293,0.043408293,train,-0.00038537197
2023-04-19,IWM,-0.005174703,0.084610775,0.08978548,train,0.06917843
2023-04-19,SPY,-0.005472048,-0.015679661,0.010207613,train,0.03491975
2023-04-19,TLT,0.008513311,0.01628773,0.007774418,train,0.0006882623
2023-04-20,EFA,0.0050376505,-0.10321076,0.10824841,train,-0.043408293
2023-04-20,IWM,0.0012962105,0.04225226,0.04095605,train,0.084610775
2023-04-20,SPY,0.00077677204,-0.019798594,0.020575365,train,-0.015679661
2023-04-20,TLT,-0.0056353975,-0.0690749,0.0634395,train,0.01628773
2023-04-21,EFA,0.0025773006,-0.07746792,0.080045216,train,-0.10321076
2023-04-21,IWM,-0.0006761863,0.029773701,0.030449888,train,0.04225226
2023-04-21,SPY,0.0010425508,0.017858809,0.016816258,train,-0.019798594
2023-04-21,TLT,0.009627801,0.001456812,0.008170989,train,-0.0690749
2023-04-24,EFA,-0.014051172,-0.07721536,0.06316419,train,-0.07746792
2023-04-24,IWM,-0.024994245,0.0470428,0.07203704,train,0.029773701
2023-04-24,SPY,-0.016001187,0.0030495878,0.019050775,train,0.017858809
2023-04-24,TLT,0.014597111,-0.05453206,0.06912917,train,0.001456812
2023-04-25,EFA,-0.0006872395,-0.073811546,0.073124304,train,-0.07721536
2023-04-25,IWM,-0.009696595,0.06911461,0.078811206,train,0.0470428
2023-04-25,SPY,-0.004244567,-0.06297231,0.05872774,train,0.0030495878
2023-04-25,TLT,-0.010715291,0.007875452,0.018590743,train,-0.05453206
2023-04-26,EFA,0.012432809,-0.06756787,0.080000676,train,-0.073811546
2023-04-26,IWM,0.0132728005,0.021772148,0.008499348,train,0.06911461
2023-04-26,SPY,0.01971246,-0.00035583973,0.020068299,train,-0.06297231
2023-04-26,TLT,-0.00997183,0.015961587,0.025933418,train,0.007875452
2023-04-27,EFA,-0.00040740333,0.027658302,0.028065706,train,-0.06756787
2023-04-27,IWM,0.008713549,0.0021975003,0.0065160487,train,0.021772148
2023-04-27,SPY,0.008498845,-0.0706362,0.079135045,train,-0.00035583973
2023-04-27,TLT,0.016001757,-0.045817,0.061818756,train,0.015961587
2023-04-28,EFA,-0.0014952339,-0.052461524,0.05096629,train,0.027658302
2023-04-28,IWM,0.0005708282,-0.024395429,0.024966257,train,0.0021975003
2023-04-28,SPY,-0.0010102224,-0.11366254,0.11265232,train,-0.0706362
2023-04-28,TLT,-0.029258372,-0.018789284,0.010469088,train,-0.045817
2023-05-01,EFA,-0.01011784,-0.052180793,0.042062953,train,-0.052461524
2023-05-01,IWM,-0.020750007,-0.014106184,0.0066438224,train,-0.024395429
2023-05-01,SPY,-0.011302719,-0.016445542,0.005142823,train,-0.11366254
2023-05-01,TLT,0.02461452,-0.024111968,0.048726488,train,-0.018789284
2023-05-02,EFA,0.002607835,-0.062329587,0.06493742,train,-0.052180793
2023-05-02,IWM,0.0036622847,0.013968457,0.010306172,train,-0.014106184
2023-05-02,SPY,-0.0068877703,-0.027620379,0.020732608,train,-0.016445542
2023-05-02,TLT,0.0055665607,-0.05455515,0.06012171,train,-0.024111968
2023-05-03,EFA,-0.0020582092,-0.024743875,0.022685666,train,-0.062329587
2023-05-03,IWM,-0.0112625295,-0.03994871,0.02868618,train,0.013968457
2023-05-03,SPY,-0.007108128,-0.021454088,0.014345961,train,-0.027620379
2023-05-03,TLT,-0.009927853,0.020587422,0.030515276,train,-0.05455515
2023-05-04,EFA,0.014588775,-0.037461452,0.052050225,train,-0.024743875
2023-05-04,IWM,0.02348956,-0.021131732,0.04462129,train,-0.03994871
2023-05-04,SPY,0.01834329,-0.047304172,0.06564746,train,-0.021454088
2023-05-04,TLT,-0.003331336,-0.05343422,0.050102882,train,0.020587422
2023-05-05,EFA,0.00027077863,0.052130874,0.051860094,train,-0.037461452
2023-05-05,IWM,-0.0022955113,-0.04557785,0.043282337,train,-0.021131732
2023-05-05,SPY,0.00026654056,-0.05783194,0.05809848,train,-0.047304172
2023-05-05,TLT,-0.014113714,0.024102319,0.038216032,train,-0.05343422
2023-05-08,EFA,-0.0040678,-0.021753298,0.017685499,train,0.052130874
2023-05-08,IWM,-0.0029923008,-0.022376545,0.019384244,train,-0.04557785
2023-05-08,SPY,-0.0043949466,0.010641163,0.01503611,train,-0.05783194
2023-05-08,TLT,-0.003584069,-0.04332645,0.03974238,train,0.024102319
2023-05-09,EFA,-0.0020401792,-0.021273497,0.019233318,train,-0.021753298
2023-05-09,IWM,0.0050585703,0.0042035,0.0008550701,train,-0.022376545
2023-05-09,SPY,0.00466134,0.0583654,0.05370406,train,0.010641163
2023-05-09,TLT,0.00965707,0.016692186,0.0070351157,train,-0.04332645
2023-05-10,EFA,-0.0024535845,-0.05197652,0.049522936,train,-0.021273497
2023-05-10,IWM,-0.007712817,0.02154762,0.029260436,train,0.0042035
2023-05-10,SPY,-0.0017453708,-0.027787354,0.026041983,train,0.0583654
2023-05-10,TLT,0.010516567,-0.03281135,0.04332792,train,0.016692186
2023-05-11,EFA,-0.0017756697,-0.024741584,0.022965916,train,-0.05197652
2023-05-11,IWM,-0.0020243367,-0.025930054,0.023905717,train,0.02154762
2023-05-11,SPY,-0.0013112607,-0.01905313,0.017741868,train,-0.027787354
2023-05-11,TLT,-0.008404355,-0.023629136,0.015224782,train,-0.03281135
2023-05-12,EFA,0.0076272823,0.033397388,0.025770105,train,-0.024741584
2023-05-12,IWM,0.0121423425,0.048630346,0.036488004,train,-0.025930054
2023-05-12,SPY,0.003444257,-0.059001494,0.062445752,train,-0.01905313
2023-05-12,TLT,-0.010411765,0.005562272,0.015974037,train,-0.023629136
2023-05-15,EFA,-0.009543314,-0.00018359348,0.00935972,train,0.033397388
2023-05-15,IWM,-0.014692948,-0.046417333,0.031724386,train,0.048630346
2023-05-15,SPY,-0.0067052045,-0.020758852,0.014053648,train,-0.059001494
2023-05-15,TLT,-0.0030085258,-0.14037786,0.13736933,train,0.005562272
2023-05-16,EFA,0.004646474,-0.051207952,0.055854425,train,-0.00018359348
2023-05-16,IWM,0.022044318,0.010773424,0.011270894,train,-0.046417333
2023-05-16,SPY,0.012065899,-0.09383842,0.105904326,train,-0.020758852
2023-05-16,TLT,-0.0029204753,0.024108957,0.027029432,train,-0.14037786
2023-05-17,EFA,-0.0015007174,-0.008212226,0.006711509,train,-0.051207952
2023-05-17,IWM,0.0060570776,-0.06873,0.07478707,train,0.010773424
2023-05-17,SPY,0.009587199,0.09165537,0.082068175,train,-0.09383842
2023-05-17,TLT,-0.0074364836,-0.00078839436,0.0066480893,train,0.024108957
2023-05-18,EFA,0.0058546844,-0.015855066,0.021709751,train,-0.008212226
2023-05-18,IWM,-0.0061137276,0.0051720943,0.011285822,train,-0.06873
2023-05-18,SPY,-0.0014562164,0.09233442,0.093790635,train,0.09165537
2023-05-18,TLT,-0.007096243,0.04002551,0.047121752,train,-0.00078839436
2023-05-19,EFA,0.0002713591,0.014231453,0.013960093,train,-0.015855066
2023-05-19,IWM,0.012134249,0.03195253,0.01981828,train,0.0051720943
2023-05-19,SPY,0.00040607248,0.050998785,0.050592713,train,0.09233442
2023-05-19,TLT,-0.0035672225,-0.027611695,0.024044473,train,0.04002551
2023-05-22,EFA,-0.014766393,-0.0030458122,0.011720581,train,0.014231453
2023-05-22,IWM,-0.004723287,-0.016633507,0.01191022,train,0.03195253
2023-05-22,SPY,-0.011286404,-0.03813559,0.026849184,train,0.050998785
2023-05-22,TLT,0.00287462,-0.00033460557,0.0032092256,train,-0.027611695
2023-05-23,EFA,-0.014708351,0.02196071,0.03666906,train,-0.0030458122
2023-05-23,IWM,-0.010652887,0.06623492,0.0768878,train,-0.016633507
2023-05-23,SPY,-0.0072711064,-0.03817477,0.030903663,train,-0.03813559
2023-05-23,TLT,-0.004961562,-0.06826304,0.063301474,train,-0.00033460557
2023-05-24,EFA,-0.0013986399,-0.045680996,0.044282354,train,0.02196071
2023-05-24,IWM,-0.007835173,0.041438896,0.04927407,train,0.06623492
2023-05-24,SPY,0.008622661,-0.06318586,0.071808524,train,-0.03817477
2023-05-24,TLT,-0.0024897442,0.019158214,0.021647958,train,-0.06826304
2023-05-25,EFA,0.009750695,-0.03663232,0.046383016,train,-0.045680996
2023-05-25,IWM,0.011304127,0.026104122,0.014799995,train,0.041438896
2023-05-25,SPY,0.012867478,0.056543376,0.0436759,train,-0.06318586
2023-05-25,TLT,0.008044596,-0.06472354,0.07276813,train,0.019158214
2023-05-26,EFA,-0.0101705855,-0.031678673,0.021508086,train,-0.03663232
2023-05-26,IWM,-0.003696772,-0.029178806,0.025482034,train,0.026104122
2023-05-26,SPY,0.00038078395,0.06601851,0.06563772,train,0.056543376
2023-05-26,TLT,0.009941901,-0.07542236,0.08536426,train,-0.06472354
2023-05-30,EFA,-0.010416936,0.0079395585,0.018356495,train,-0.031678673
2023-05-30,IWM,-0.0099063795,0.021233475,0.031139854,train,-0.029178806
2023-05-30,SPY,-0.005560511,-0.014696063,0.009135552,train,0.06601851
2023-05-30,TLT,0.008679205,-0.08012475,0.088803954,train,-0.07542236
2023-05-31,EFA,0.014748545,0.038848013,0.024099467,train,0.0079395585
2023-05-31,IWM,0.010760632,0.05420355,0.04344292,train,0.021233475
2023-05-31,SPY,0.009456221,-0.01446427,0.023920491,train,-0.014696063
2023-05-31,TLT,0.003915519,0.009315424,0.0053999047,train,-0.08012475
2023-06-01,EFA,0.012883722,-0.00040641055,0.013290132,train,0.038848013
2023-06-01,IWM,0.035623193,-0.0047004903,0.040323682,train,0.05420355
2023-06-01,SPY,0.014357457,-0.02168965,0.03604711,train,-0.01446427
2023-06-01,TLT,-0.01101866,0.008494282,0.019512942,train,0.009315424
2023-06-02,EFA,-0.0057979845,-0.0051242905,0.00067369407,train,-0.00040641055
2023-06-02,IWM,-0.013495726,-0.004236572,0.009259153,train,-0.0047004903
2023-06-02,SPY,-0.00191797,-0.0256924,0.02377443,train,-0.02168965
2023-06-02,TLT,-0.0018645732,0.042856816,0.04472139,train,0.008494282
2023-06-05,EFA,0.008272598,0.07258025,0.06430765,train,-0.0051242905
2023-06-05,IWM,0.025998304,0.007823434,0.01817487,train,-0.004236572
2023-06-05,SPY,0.0021751358,-0.008941159,0.011116294,train,-0.0256924
2023-06-05,TLT,0.0058765607,-0.0018112436,0.0076878043,train,0.042856816
2023-06-06,EFA,-0.008833739,-0.039039895,0.030206155,train,0.07258025
2023-06-06,IWM,0.018537674,0.027488489,0.008950815,train,0.007823434
2023-06-06,SPY,-0.0034638369,0.0067210775,0.010184914,train,-0.008941159
2023-06-06,TLT,-0.014954871,0.005319044,0.020273915,train,-0.0018112436
2023-06-07,EFA,0.01052424,-0.051434148,0.061958387,train,-0.039039895
2023-06-07,IWM,-0.0037456825,-0.05905915,0.055313468,train,0.027488489
2023-06-07,SPY,0.0060303905,-0.0026824288,0.008712819,train,0.0067210775
2023-06-07,TLT,0.011629158,-0.04635108,0.057980236,train,0.005319044
2023-06-08,EFA,-0.0016766562,0.052941244,0.0546179,train,-0.051434148
2023-06-08,IWM,-0.008127499,-0.10873532,0.10060783,train,-0.05905915
2023-06-08,SPY,0.0017926026,-0.005408196,0.0072007985,train,-0.0026824288
2023-06-08,TLT,-0.001372519,0.004473185,0.005845704,train,-0.04635108
2023-06-09,EFA,0.0043251663,-0.032736707,0.037061874,train,0.052941244
2023-06-09,IWM,0.0041527995,-0.077416465,0.08156926,train,-0.10873532
2023-06-09,SPY,0.009031199,0.027497869,0.01846667,train,-0.005408196
2023-06-09,TLT,0.0029390117,0.027034737,0.024095725,train,0.004473185
2023-06-12,EFA,0.009422303,-0.014848163,0.024270467,train,-0.032736707
2023-06-12,IWM,0.01139856,-0.093970075,0.10536864,train,-0.077416465
2023-06-12,SPY,0.0065711,-0.025654683,0.032225784,train,0.027497869
2023-06-12,TLT,-0.009930035,0.029167868,0.039097905,train,0.027034737
2023-06-13,EFA,0.0037167196,-0.03693377,0.040650487,train,-0.014848163
2023-06-13,IWM,-0.010806563,0.015896069,0.026702631,train,-0.093970075
2023-06-13,SPY,0.001190232,0.015694631,0.014504399,train,-0.025654683
2023-06-13,TLT,0.007971599,0.021599855,0.0136282565,train,0.029167868
2023-06-14,EFA,0.010524332,-0.01749291,0.028017242,train,-0.03693377
2023-06-14,IWM,0.008195769,0.06151962,0.05332385,train,0.015896069
2023-06-14,SPY,0.012321363,-0.021288939,0.033610303,train,0.015694631
2023-06-14,TLT,0.009559968,-0.045258816,0.054818783,train,0.021599855
2023-06-15,EFA,-0.0021778084,0.07891616,0.08109397,train,-0.01749291
2023-06-15,IWM,-0.008034638,0.018735098,0.026769735,train,0.06151962
2023-06-15,SPY,-0.0034121405,-0.013956416,0.010544276,train,-0.021288939
2023-06-15,TLT,-0.003890802,0.0038407333,0.0077315355,train,-0.045258816
2023-06-16,EFA,-0.013305264,0.06120568,0.07451095,train,0.07891616
2023-06-16,IWM,-0.004365634,0.016773678,0.021139313,train,0.018735098
2023-06-16,SPY,-0.0052015465,-0.058727343,0.053525798,train,-0.013956416
2023-06-16,TLT,0.006895973,-0.029920097,0.03681607,train,0.0038407333
2023-06-20,EFA,0.0015177274,-0.05336312,0.054880846,train,0.06120568
2023-06-20,IWM,-0.0023256254,-0.0552053,0.052879676,train,0.016773678
2023-06-20,SPY,-0.005136951,-0.080650195,0.07551324,train,-0.058727343
2023-06-20,TLT,0.0024170065,-0.004198877,0.0066158837,train,-0.029920097
2023-06-21,EFA,-0.0062236367,-0.053057138,0.0468335,train,-0.05336312
2023-06-21,IWM,-0.0074449456,0.006646853,0.014091799,train,-0.0552053
2023-06-21,SPY,0.0036031823,-0.06288342,0.066486605,train,-0.080650195
2023-06-21,TLT,-0.012143878,0.0017002262,0.0138441045,train,-0.004198877
2023-06-22,EFA,-0.015660392,-0.06253199,0.046871603,train,-0.053057138
2023-06-22,IWM,-0.015169243,-0.0025900723,0.012579171,train,0.006646853
2023-06-22,SPY,-0.007588675,0.004337536,0.011926211,train,-0.06288342
2023-06-22,TLT,0.009920457,-0.014499281,0.024419738,train,0.0017002262
2023-06-23,EFA,0.0012677915,0.039179623,0.037911832,train,-0.06253199
2023-06-23,IWM,0.0009963567,-0.056196272,0.057192627,train,-0.0025900723
2023-06-23,SPY,-0.0040941155,3.5000965e-05,0.0041291164,train,0.004337536
2023-06-23,TLT,0.0010640925,-0.013076936,0.014141029,train,-0.014499281
2023-06-26,EFA,0.008688211,-0.032318965,0.041007176,train,0.039179623
2023-06-26,IWM,0.0143364575,-0.07149297,0.08582943,train,-0.056196272
2023-06-26,SPY,0.010903609,0.016973816,0.006070207,train,3.5000965e-05
2023-06-26,TLT,-0.0026137445,-0.058876093,0.056262348,train,-0.013076936
2023-06-27,EFA,0.0006976011,-0.0015558694,0.0022534705,train,-0.032318965
2023-06-27,IWM,0.0048964196,-0.096300274,0.10119669,train,-0.07149297
2023-06-27,SPY,0.00050426257,-0.0076666884,0.008170951,train,0.016973816
2023-06-27,TLT,0.0042559225,-0.0343742,0.03863012,train,-0.058876093
2023-06-28,EFA,-0.0013953436,-0.024087848,0.022692505,train,-0.0015558694
2023-06-28,IWM,0.011439732,-0.07471928,0.08615901,train,-0.096300274
2023-06-28,SPY,0.0039336365,-0.03484262,0.038776256,train,-0.0076666884
2023-06-28,TLT,-0.018213585,-0.037329,0.019115414,train,-0.0343742
2023-06-29,EFA,0.012212123,0.012784459,0.0005723359,train,-0.024087848
2023-06-29,IWM,0.004763808,-0.07673442,0.081498235,train,-0.07471928
2023-06-29,SPY,0.011731659,-0.0060323775,0.017764036,train,-0.03484262
2023-06-29,TLT,0.011726076,-0.066829294,0.07855537,train,-0.037329
2023-06-30,EFA,-0.0011040819,0.048710015,0.049814098,train,0.012784459
2023-06-30,IWM,0.002027083,-0.013658651,0.015685733,train,-0.07673442
2023-06-30,SPY,0.0011497416,0.08119862,0.080048874,train,-0.0060323775
2023-06-30,TLT,-0.0056853327,-0.031260245,0.025574911,train,-0.066829294
2023-07-03,EFA,-0.011247694,-0.005844898,0.0054027955,train,0.048710015
2023-07-03,IWM,-0.010015233,-0.010741673,0.00072644,train,-0.013658651
2023-07-03,SPY,-0.0014882237,-0.055457886,0.053969663,train,0.08119862
2023-07-03,TLT,-0.0095480345,-0.00754812,0.0019999146,train,-0.031260245
2023-07-05,EFA,-0.01746767,0.024155784,0.041623455,train,-0.005844898
2023-07-05,IWM,-0.016279954,-0.0795695,0.06328955,train,-0.010741673
2023-07-05,SPY,-0.0078613125,-0.020971552,0.013110239,train,-0.055457886
2023-07-05,TLT,-0.014243761,0.014583368,0.028827129,train,-0.00754812
2023-07-06,EFA,0.007503402,0.038039245,0.030535843,train,0.024155784
2023-07-06,IWM,0.010503642,-0.047139708,0.05764335,train,-0.0795695
2023-07-06,SPY,-0.002527984,-0.009485157,0.0069571733,train,-0.020971552
2023-07-06,TLT,-0.0060373726,0.023837205,0.029874578,train,0.014583368
2023-07-07,EFA,0.002816675,0.001434477,0.001382198,train,0.038039245
2023-07-07,IWM,0.016963275,-0.023056429,0.040019706,train,-0.047139708
2023-07-07,SPY,0.002527984,0.090161994,0.08763401,train,-0.009485157
2023-07-07,TLT,0.0013108866,-0.017200299,0.018511185,train,0.023837205
2023-07-10,EFA,0.008961218,-0.021465741,0.03042696,train,0.001434477
2023-07-10,IWM,0.010220681,0.023055691,0.01283501,train,-0.023056429
2023-07-10,SPY,0.006348153,-0.01835293,0.024701083,train,0.090161994
2023-07-10,TLT,0.0051277415,-0.0897056,0.094833344,train,-0.017200299
2023-07-11,EFA,0.018916886,0.019086484,0.00016959757,train,-0.021465741
2023-07-11,IWM,0.010847118,0.034316503,0.023469385,train,0.023055691
2023-07-11,SPY,0.008013686,-0.0048969537,0.01291064,train,-0.01835293
2023-07-11,TLT,0.011069551,-0.08399372,0.09506327,train,-0.0897056
2023-07-12,EFA,0.015876438,0.018654697,0.0027782582,train,0.019086484
2023-07-12,IWM,0.008045976,-0.038456813,0.046502788,train,0.034316503
2023-07-12,SPY,0.007905611,0.081529796,0.073624186,train,-0.0048969537
2023-07-12,TLT,0.010457834,-0.0208943,0.031352133,train,-0.08399372
2023-07-13,EFA,-0.0056703687,0.056899708,0.06257008,train,0.018654697
2023-07-13,IWM,-0.009819471,-0.024944354,0.015124883,train,-0.038456813
2023-07-13,SPY,-0.0006230116,-0.03418832,0.03356531,train,0.081529796
2023-07-13,TLT,-0.0059058666,-0.03736039,0.031454522,train,-0.0208943
2023-07-14,EFA,-0.0012193054,0.016030159,0.017249465,train,0.056899708
2023-07-14,IWM,0.010646389,0.006156644,0.004489745,train,-0.024944354
2023-07-14,SPY,0.003466222,0.014946826,0.011480603,train,-0.03418832
2023-07-14,TLT,0.00049325894,-0.014567267,0.015060526,train,-0.03736039
2023-07-17,EFA,0.006485776,-0.020190623,0.026676398,train,0.016030159
2023-07-17,IWM,0.012270756,-0.017165132,0.029435888,train,0.006156644
2023-07-17,SPY,0.0074031744,-0.046358373,0.05376155,train,0.014946826
2023-07-17,TLT,0.0045290277,0.014118489,0.009589462,train,-0.014567267
2023-07-18,EFA,-0.00053893315,-0.07129344,0.07075451,train,-0.020190623
2023-07-18,IWM,0.004226325,0.006972298,0.002745973,train,-0.017165132
2023-07-18,SPY,0.0022212164,0.03870604,0.036484823,train,-0.046358373
2023-07-18,TLT,0.011233345,-0.022232328,0.033465672,train,0.014118489
2023-07-19,EFA,-0.0051337327,-0.006421931,0.0012881984,train,-0.07129344
2023-07-19,IWM,-0.008778163,-0.04022491,0.031446747,train,0.006972298
2023-07-19,SPY,-0.006656625,-0.04716819,0.040511567,train,0.03870604
2023-07-19,TLT,-0.012216063,-0.031959377,0.019743314,train,-0.022232328
2023-07-20,EFA,0.0020297756,-0.016072359,0.018102136,train,-0.006421931
2023-07-20,IWM,-0.0031834564,-0.03237098,0.029187525,train,-0.04022491
2023-07-20,SPY,0.0,0.01977767,0.01977767,train,-0.04716819
2023-07-20,TLT,0.00029495885,0.06987026,0.0695753,train,-0.031959377
2023-07-21,EFA,-0.0024361361,0.028370444,0.03080658,train,-0.016072359
2023-07-21,IWM,0.0024655461,-0.008827008,0.011292554,train,-0.03237098
2023-07-21,SPY,0.0044574,0.0076336954,0.0031762952,train,0.01977767
2023-07-21,TLT,-0.0036436126,0.014899807,0.01854342,train,0.06987026
2023-07-24,EFA,0.0010833358,0.017738204,0.016654868,train,0.028370444
2023-07-24,IWM,-0.00010256607,0.0074350387,0.007537605,train,-0.008827008
2023-07-24,SPY,0.0027263446,-0.008371118,0.011097463,train,0.0076336954
2023-07-24,TLT,-0.0018764025,0.013190655,0.015067058,train,0.014899807
2023-07-25,EFA,0.0027035503,0.018125277,0.015421727,train,0.017738204
2023-07-25,IWM,0.0078695305,-0.0101581365,0.018027667,train,0.0074350387
2023-07-25,SPY,0.00015357859,0.025470227,0.025316648,train,-0.008371118
2023-07-25,TLT,0.0009879484,-0.00917322,0.010161169,train,0.013190655
2023-07-26,EFA,-0.002297518,-0.03785395,0.03555643,train,0.018125277
2023-07-26,IWM,-0.013013079,-0.038981203,0.025968123,train,-0.0101581365
2023-07-26,SPY,-0.006651871,-0.00045877323,0.0061930977,train,0.025470227
2023-07-26,TLT,-0.019644741,-0.05638096,0.03673622,train,-0.00917322
2023-07-27,EFA,0.0071451883,-0.018267218,0.025412407,train,-0.03785395
2023-07-27,IWM,0.012860336,0.039252423,0.026392087,train,-0.038981203
2023-07-27,SPY,0.009742636,-0.06819537,0.077938005,train,-0.00045877323
2023-07-27,TLT,0.0051226784,0.02577518,0.0206525,train,-0.05638096
2023-07-28,EFA,0.00026867032,-0.005352023,0.0056206933,train,-0.018267218
2023-07-28,IWM,0.0115404045,0.10117374,0.08963334,train,0.039252423
2023-07-28,SPY,0.0019021962,-0.04290135,0.044803545,train,-0.06819537
2023-07-28,TLT,0.0024019072,-0.05857406,0.06097597,train,0.02577518
2023-07-31,EFA,-0.012568595,-0.0020910045,0.01047759,train,-0.005352023
2023-07-31,IWM,-0.004590005,0.015846372,0.020436376,train,0.10117374
2023-07-31,SPY,-0.002865628,0.019061206,0.021926833,train,-0.04290135
2023-07-31,TLT,-0.016522693,-0.06968144,0.053158753,train,-0.05857406
2023-08-01,EFA,-0.018807473,-0.0006378032,0.01816967,train,-0.0020910045
2023-08-01,IWM,-0.013692992,0.053864967,0.06755796,train,0.015846372
2023-08-01,SPY,-0.014008513,0.0134890005,0.027497513,train,0.019061206
2023-08-01,TLT,-0.010756668,-0.024448847,0.01369218,train,-0.06968144
2023-08-02,EFA,-0.0027756996,-0.021835256,0.019059557,train,-0.0006378032
2023-08-02,IWM,-0.0028229947,0.034108136,0.03693113,train,0.053864967
2023-08-02,SPY,-0.0028699553,-0.031791776,0.02892182,train,0.0134890005
2023-08-02,TLT,-0.023341578,-0.011995732,0.011345846,train,-0.024448847
2023-08-03,EFA,0.0027756996,0.0044443943,0.0016686947,train,-0.021835256
2023-08-03,IWM,-0.0020065012,0.051760912,0.053767413,train,0.034108136
2023-08-03,SPY,-0.0045329644,0.06424415,0.068777114,train,-0.031791776
2023-08-03,TLT,0.017557282,0.0031560687,0.014401213,train,-0.011995732
2023-08-04,EFA,0.0084178215,0.034328427,0.025910605,train,0.0044443943
2023-08-04,IWM,0.00066938915,0.045097385,0.044427995,train,0.051760912
2023-08-04,SPY,0.008690598,0.014555894,0.0058652954,train,0.06424415
2023-08-04,TLT,-0.009890653,-0.084144205,0.07425355,train,0.0031560687
2023-08-07,EFA,-0.0060648783,-0.0019852333,0.004079645,train,0.034328427
2023-08-07,IWM,-0.0062987185,0.0017684493,0.008067168,train,0.045097385
2023-08-07,SPY,-0.0043582222,0.026010726,0.030368948,train,0.014555894
2023-08-07,TLT,0.011546852,-0.0028330926,0.014379945,train,-0.084144205
2023-08-08,EFA,-0.00027658333,0.015715431,0.015992016,train,-0.0019852333
2023-08-08,IWM,-0.007851367,-0.00010738708,0.00774398,train,0.0017684493
2023-08-08,SPY,-0.0067076674,0.02624419,0.032951858,train,0.026010726
2023-08-08,TLT,0.0051575955,-0.042924825,0.04808242,train,-0.0028330926
2023-08-09,EFA,0.004278014,0.020954018,0.016676005,train,0.015715431
2023-08-09,IWM,-0.004446947,0.037263926,0.041710872,train,-0.00010738708
2023-08-09,SPY,0.0003589642,-0.036265187,0.036624152,train,0.02624419
2023-08-09,TLT,-0.016599726,-0.01828984,0.0016901139,train,-0.042924825
2023-08-10,EFA,-0.006770369,0.02278464,0.029555008,train,0.020954018
2023-08-10,IWM,0.0014146186,0.0033813473,0.0019667288,train,0.037263926
2023-08-10,SPY,-0.00058321434,-0.029215205,0.02863199,train,-0.036265187
2023-08-10,TLT,-0.002304025,-0.035944425,0.0336404,train,-0.01828984
2023-08-11,EFA,-0.004446288,0.05270925,0.05715554,train,0.02278464
2023-08-11,IWM,-0.0017290759,0.006276427,0.008005503,train,0.0033813473
2023-08-11,SPY,0.0055046664,-0.028357554,0.033862222,train,-0.029215205
2023-08-11,TLT,-0.002204418,-0.025306493,0.023102075,train,-0.035944425
2023-08-14,EFA,-0.012471204,0.007691633,0.020162836,train,0.05270925
2023-08-14,IWM,-0.013305503,-0.033430483,0.02012498,train,0.006276427
2023-08-14,SPY,-0.011717232,-0.0047125183,0.0070047136,train,-0.028357554
2023-08-14,TLT,-0.006113785,0.011566315,0.0176801,train,-0.025306493
2023-08-15,EFA,-0.008211948,0.048610903,0.05682285,train,0.007691633
2023-08-15,IWM,-0.012300393,-0.007976461,0.0043239314,train,-0.033430483
2023-08-15,SPY,-0.0073650554,-0.0254468,0.018081745,train,-0.0047125183
2023-08-15,TLT,-0.007855118,0.0017278176,0.009582936,train,0.011566315
2023-08-16,EFA,-0.007133549,0.04638956,0.05352311,train,0.048610903
2023-08-16,IWM,-0.01185438,-0.015366141,0.0035117604,train,-0.007976461
2023-08-16,SPY,-0.0076490515,-0.013498969,0.005849918,train,-0.0254468
2023-08-16,TLT,-0.0042711934,0.018083593,0.022354785,train,0.0017278176
2023-08-17,EFA,0.0,0.04197433,0.04197433,train,0.04638956
2023-08-17,IWM,0.0054303203,-0.0846246,0.09005492,train,-0.015366141
2023-08-17,SPY,0.00048109653,0.021093816,0.020612719,train,-0.013498969
2023-08-17,TLT,0.0035252222,-0.035410732,0.038935956,train,0.018083593
2023-08-18,EFA,0.0037158758,-0.0189993,0.022715177,train,0.04197433
2023-08-18,IWM,-0.0014631402,-0.027561717,0.026098577,train,-0.0846246
2023-08-18,SPY,0.0064851963,0.01539908,0.008913884,train,0.021093816
2023-08-18,TLT,-0.013419912,-0.020326141,0.006906229,train,-0.035410732
2023-08-21,EFA,-0.0018563299,-0.02353686,0.02168053,train,-0.0189993
2023-08-21,IWM,-0.0029875247,-0.056818817,0.05383129,train,-0.027561717
2023-08-21,SPY,-0.0027122598,0.043126274,0.045838535,train,0.01539908
2023-08-21,TLT,0.00764478,0.0016912976,0.0059534824,train,-0.020326141
2023-08-22,EFA,0.010803294,0.0118558295,0.0010525351,train,-0.02353686
2023-08-22,IWM,0.010605816,0.011014925,0.00040910952,train,-0.056818817
2023-08-22,SPY,0.011076264,-0.02539187,0.036468133,train,0.043126274
2023-08-22,TLT,0.024475439,-0.037811693,0.06228713,train,0.0016912976
2023-08-23,EFA,-0.013809116,0.009716723,0.023525838,train,0.0118558295
2023-08-23,IWM,-0.013929517,-0.07196401,0.058034495,train,0.011014925
2023-08-23,SPY,-0.013956215,0.0326073,0.046563514,train,-0.02539187
2023-08-23,TLT,-0.0066159638,-0.012134764,0.0055188006,train,-0.037811693
2023-08-24,EFA,0.006714924,-0.01865128,0.025366204,train,0.009716723
2023-08-24,IWM,0.004248241,0.0028928565,0.0013553845,train,-0.07196401
2023-08-24,SPY,0.007025086,-0.08350992,0.09053501,train,0.0326073
2023-08-24,TLT,0.0032606698,-0.06437753,0.0676382,train,-0.012134764
2023-08-25,EFA,0.010481592,-0.009311199,0.019792791,train,-0.01865128
2023-08-25,IWM,0.008873353,0.06564072,0.056767367,train,0.0028928565
2023-08-25,SPY,0.00632135,0.11774269,0.11142134,train,-0.08350992
2023-08-25,TLT,0.001049973,-0.053742893,0.054792866,train,-0.06437753
2023-08-28,EFA,0.012323401,-0.0033181496,0.015641551,train,-0.009311199
2023-08-28,IWM,0.013855232,0.029799037,0.015943805,train,0.06564072
2023-08-28,SPY,0.014351449,0.082908645,0.068557195,train,0.11774269
2023-08-28,TLT,0.010332259,-0.036994502,0.047326762,train,-0.053742893
2023-08-29,EFA,-0.00055694015,0.033347208,0.033904146,train,-0.0033181496
2023-08-29,IWM,0.0037651088,-0.025812311,0.02957742,train,0.029799037
2023-08-29,SPY,0.0041103153,0.07948439,0.075374074,train,0.082908645
2023-08-29,TLT,-0.0010385569,-0.032109115,0.031070558,train,-0.036994502
2023-08-30,EFA,-0.003906829,-0.006625643,0.0027188142,train,0.033347208
2023-08-30,IWM,-0.0017481865,-0.016746689,0.014998502,train,-0.025812311
2023-08-30,SPY,-0.0014645217,0.029338654,0.030803176,train,0.07948439
2023-08-30,TLT,0.0044590845,-0.08510828,0.08956736,train,-0.032109115
2023-08-31,EFA,-0.000559317,-0.024486262,0.023926945,train,-0.006625643
2023-08-31,IWM,0.011806525,0.02907532,0.017268796,train,-0.016746689
2023-08-31,SPY,0.0018634378,-0.0076162145,0.009479652,train,0.029338654
2023-08-31,TLT,-0.015700951,0.011943962,0.027644914,train,-0.08510828
2023-09-01,EFA,-0.008710299,-0.015734753,0.007024454,train,-0.024486262
2023-09-01,IWM,-0.02128877,0.07456781,0.09585658,train,0.02907532
2023-09-01,SPY,-0.004331341,-0.008061919,0.0037305783,train,-0.0076162145
2023-09-01,TLT,-0.014121466,-0.023453027,0.009331561,train,0.011943962
2023-09-05,EFA,-0.0021188266,0.033502627,0.035621453,train,-0.015734753
2023-09-05,IWM,-0.0037537492,-0.04662991,0.04287616,train,0.07456781
2023-09-05,SPY,-0.0067450954,-0.02981196,0.023066863,train,-0.008061919
2023-09-05,TLT,0.0024566657,-0.013291638,0.015748303,train,-0.023453027
2023-09-06,EFA,-0.0032575028,-0.0066387677,0.0033812649,train,0.033502627
2023-09-06,IWM,-0.009717653,-0.02517698,0.015459327,train,-0.04662991
2023-09-06,SPY,-0.003074824,-0.025250357,0.022175532,train,-0.02981196
2023-09-06,TLT,0.0027693512,-0.0047119036,0.0074812546,train,-0.013291638
2023-09-07,EFA,-0.0014197087,0.0063435454,0.007763254,train,-0.0066387677
2023-09-07,IWM,-0.0022266763,-0.04847611,0.046249434,train,-0.02517698
2023-09-07,SPY,0.0015048939,-0.0011314228,0.0026363167,train,-0.025250357
2023-09-07,TLT,0.0038221313,-0.03975703,0.04357916,train,-0.0047119036
2023-09-08,EFA,0.010317393,-0.0024806242,0.012798017,train,0.0063435454
2023-09-08,IWM,0.0023892738,-0.035818942,0.038208216,train,-0.04847611
2023-09-08,SPY,0.006555146,-0.0011820979,0.007737244,train,-0.0011314228
2023-09-08,TLT,-0.007231849,-0.065827236,0.058595385,train,-0.03975703
2023-09-11,EFA,-0.0040858816,0.037930008,0.042015888,train,-0.0024806242
2023-09-11,IWM,-0.0009769229,0.005604691,0.006581614,train,-0.035818942
2023-09-11,SPY,-0.005500763,0.013937425,0.019438189,train,-0.0011820979
2023-09-11,TLT,0.00574724,0.0224475,0.01670026,train,-0.065827236
2023-09-12,EFA,-0.0031109015,-0.00082363933,0.0022872621,train,0.037930008
2023-09-12,IWM,-0.0065912404,0.034404803,0.040996045,train,0.005604691
2023-09-12,SPY,0.0011653416,-0.056167785,0.057333127,train,0.013937425
2023-09-12,TLT,-0.00021202317,-0.027325347,0.027113324,train,0.0224475
2023-09-13,EFA,0.013084853,-0.029494723,0.042579576,train,-0.00082363933
2023-09-13,IWM,0.014002295,0.079229906,0.06522761,train,0.034404803
2023-09-13,SPY,0.008585384,-0.04740261,0.05598799,train,-0.056167785
2023-09-13,TLT,-0.007244807,0.017895285,0.025140092,train,-0.027325347
2023-09-14,EFA,-0.0022389498,0.03119266,0.033431612,train,-0.029494723
2023-09-14,IWM,-0.010510456,0.020932313,0.03144277,train,0.079229906
2023-09-14,SPY,-0.012121394,0.017996084,0.030117478,train,-0.04740261
2023-09-14,TLT,-0.0061127655,0.07821931,0.08433208,train,0.017895285
2023-09-15,EFA,-0.0035086214,-0.026156727,0.022648105,train,0.03119266
2023-09-15,IWM,-0.0066669215,0.023099061,0.029765982,train,0.020932313
2023-09-15,SPY,0.0005862052,-0.05166077,0.052246973,train,0.017996084
2023-09-15,TLT,0.0056853183,0.06455472,0.058869403,train,0.07821931
2023-09-18,EFA,0.000843276,-0.0242635,0.025106775,train,-0.026156727
2023-09-18,IWM,-0.0039001533,-0.014671575,0.010771422,train,0.023099061
2023-09-18,SPY,-0.0020760607,-0.08704163,0.08496557,train,-0.05166077
2023-09-18,TLT,-0.007407799,-0.061526865,0.054119065,train,0.06455472
2023-09-19,EFA,-0.0023907826,-0.030975329,0.028584545,train,-0.0242635
2023-09-19,IWM,-0.01006819,0.044224095,0.054292284,train,-0.014671575
2023-09-19,SPY,-0.009235697,0.06717217,0.076407865,train,-0.08704163
2023-09-19,TLT,0.0031199732,0.037717696,0.034597725,train,-0.061526865
2023-09-20,EFA,-0.016754603,-0.031309023,0.0145544205,train,-0.030975329
2023-09-20,IWM,-0.01563335,0.03457007,0.05020342,train,0.044224095
2023-09-20,SPY,-0.01666658,0.054623168,0.07128975,train,0.06717217
2023-09-20,TLT,-0.026009308,-0.009152923,0.016856385,train,0.037717696
2023-09-21,EFA,0.0008587271,0.0030472614,0.0021885342,train,-0.031309023
2023-09-21,IWM,-0.0022618487,-0.007343281,0.0050814324,train,0.03457007
2023-09-21,SPY,-0.0022510842,-0.042853434,0.04060235,train,0.054623168
2023-09-21,TLT,0.008016581,0.06025068,0.0522341,train,-0.009152923
2023-09-22,EFA,-0.0044448534,-0.02160168,0.017156828,train,0.0030472614
2023-09-22,IWM,0.0044618193,-0.008575071,0.01303689,train,-0.007343281
2023-09-22,SPY,0.0041964124,0.0857525,0.08155609,train,-0.042853434
2023-09-22,TLT,-0.02491723,-0.068459764,0.043542534,train,0.06025068
2023-09-25,EFA,-0.013017209,-0.02075364,0.0077364314,train,-0.02160168
2023-09-25,IWM,-0.012940811,-0.014681821,0.0017410098,train,-0.008575071
2023-09-25,SPY,-0.014800233,0.071718246,0.08651848,train,0.0857525
2023-09-25,TLT,-0.0034819404,0.036830705,0.040312644,train,-0.068459764
2023-09-26,EFA,-0.0018944107,0.017039228,0.018933639,train,-0.02075364
2023-09-26,IWM,0.009305125,-0.014009699,0.023314824,train,-0.014681821
2023-09-26,SPY,0.00039907757,-0.062426083,0.06282516,train,0.071718246
2023-09-26,TLT,-0.005189258,0.056939993,0.06212925,train,0.036830705
2023-09-27,EFA,0.00813491,-0.013685249,0.021820158,train,0.017039228
2023-09-27,IWM,0.008994006,-0.07077448,0.07976849,train,-0.014009699
2023-09-27,SPY,0.005780669,0.062069055,0.056288384,train,-0.062426083
2023-09-27,TLT,0.0030487296,0.06376235,0.060713623,train,0.056939993
2023-09-28,EFA,-0.0028977767,-0.03648282,0.03358504,train,-0.013685249
2023-09-28,IWM,-0.0047415243,-0.0751552,0.07041367,train,-0.07077448
2023-09-28,SPY,-0.00242996,0.023741078,0.026171038,train,0.062069055
2023-09-28,TLT,0.000112628026,0.009064477,0.008951849,train,0.06376235
2023-09-29,EFA,-0.014763031,0.037958987,0.05272202,train,-0.03648282
2023-09-29,IWM,-0.015222242,0.041435868,0.05665811,train,-0.0751552
2023-09-29,SPY,-0.00039781583,0.058549073,0.05894689,train,0.023741078
2023-09-29,TLT,-0.016881572,0.062156487,0.07903806,train,0.009064477
2023-10-02,EFA,-0.012595545,0.04312809,0.055723637,train,0.037958987
2023-10-02,IWM,-0.016975604,0.054070573,0.07104617,train,0.041435868
2023-10-02,SPY,-0.01347635,0.008368779,0.021845128,train,0.058549073
2023-10-02,TLT,-0.021746445,-0.069188386,0.04744194,train,0.062156487
2023-10-03,EFA,0.0017877596,0.02684915,0.025061391,train,0.04312809
2023-10-03,IWM,0.00046738307,0.03349013,0.033022746,train,0.054070573
2023-10-03,SPY,0.007255538,-0.07029031,0.07754585,train,0.008368779
2023-10-03,TLT,0.01400918,-0.070216626,0.0842258,train,-0.069188386
2023-10-04,EFA,0.008743907,-0.021192554,0.029936463,train,0.02684915
2023-10-04,IWM,0.0007589176,-0.033523872,0.03428279,train,0.03349013
2023-10-04,SPY,-0.00037686247,-0.021133889,0.020757027,train,-0.07029031
2023-10-04,TLT,-0.0049973233,-0.07435258,0.06935526,train,-0.070216626
2023-10-05,EFA,0.011006222,-0.04211871,0.05312493,train,-0.021192554
2023-10-05,IWM,0.009583389,-0.027524736,0.037108123,train,-0.033523872
2023-10-05,SPY,0.011802957,-0.016793724,0.02859668,train,-0.021133889
2023-10-05,TLT,-0.012190938,0.040422257,0.052613195,train,-0.07435258
2023-10-06,EFA,-0.0014605563,-0.07647307,0.07501251,train,-0.04211871
2023-10-06,IWM,0.005763731,-0.065478116,0.07124185,train,-0.027524736
2023-10-06,SPY,0.0063816467,0.043897416,0.03751577,train,-0.016793724
2023-10-06,TLT,0.023198478,-0.050474767,0.07367325,train,0.040422257
2023-10-09,EFA,0.013645244,0.015988247,0.0023430036,train,-0.07647307
2023-10-09,IWM,0.011258242,-0.03670539,0.04796363,train,-0.065478116
2023-10-09,SPY,0.005191356,0.011596482,0.0064051263,train,0.043897416
2023-10-09,TLT,-0.0013834406,-0.03980643,0.038422987,train,-0.050474767
2023-10-10,EFA,0.004172415,-0.082585126,0.08675754,train,0.015988247
2023-10-10,IWM,-0.0017062986,0.02346373,0.025170028,train,-0.03670539
2023-10-10,SPY,0.0040880577,-0.05991623,0.06400429,train,0.011596482
2023-10-10,TLT,0.020670617,0.042963307,0.02229269,train,-0.03980643
2023-10-11,EFA,-0.008362252,0.05493739,0.06329964,train,-0.082585126
2023-10-11,IWM,-0.022858443,0.01814913,0.04100757,train,0.02346373
2023-10-11,SPY,-0.0061150566,-0.084906325,0.07879127,train,-0.05991623
2023-10-11,TLT,-0.02750226,0.041175496,0.06867775,train,0.042963307
2023-10-12,EFA,-0.009309183,-0.035136595,0.025827412,train,0.05493739
2023-10-12,IWM,-0.008363338,-0.027337447,0.018974109,train,0.01814913
2023-10-12,SPY,-0.004993419,0.015192155,0.020185575,train,-0.084906325
2023-10-12,TLT,0.017734133,-0.08910246,0.106836595,train,0.041175496
2023-10-13,EFA,0.0072800624,-0.030143581,0.037423644,train,-0.035136595
2023-10-13,IWM,0.016021762,-0.02583776,0.041859522,train,-0.027337447
2023-10-13,SPY,0.010466506,0.0054982416,0.004968264,train,0.015192155
2023-10-13,TLT,-0.016224818,0.09631494,0.11253975,train,-0.08910246
2023-10-16,EFA,0.00058032287,0.010897182,0.010316859,train,-0.030143581
2023-10-16,IWM,0.011093109,-0.1532252,0.16431831,train,-0.02583776
2023-10-16,SPY,-4.5870773e-05,-0.016291033,0.016245162,train,0.0054982416
2023-10-16,TLT,-0.011082112,-0.030030496,0.018948384,train,0.09631494
2023-10-17,EFA,-0.017552275,0.009482406,0.027034681,train,0.010897182
2023-10-17,IWM,-0.020792155,-0.07449952,0.05370736,train,-0.1532252
2023-10-17,SPY,-0.013414729,-0.035867874,0.022453144,train,-0.016291033
2023-10-17,TLT,-0.008836853,0.052653473,0.061490327,train,-0.030030496
2023-10-18,EFA,-0.008892791,-0.02594601,0.017053219,train,0.009482406
2023-10-18,IWM,-0.016060604,0.029546704,0.045607306,train,-0.07449952
2023-10-18,SPY,-0.008825177,-0.03380895,0.024983773,train,-0.035867874
2023-10-18,TLT,-0.020685751,0.11954856,0.1402343,train,0.052653473
2023-10-19,EFA,-0.008972769,-0.0066911224,0.0022816462,train,-0.02594601
2023-10-19,IWM,-0.013012594,0.059256855,0.07226945,train,0.029546704
2023-10-19,SPY,-0.012364235,0.045890164,0.0582544,train,-0.03380895
2023-10-19,TLT,0.0056623067,0.022737198,0.01707489,train,0.11954856
2023-10-20,EFA,0.0007510251,-0.013539479,0.014290504,train,-0.0066911224
2023-10-20,IWM,-0.008507722,-0.03598239,0.027474668,train,0.059256855
2023-10-20,SPY,-0.001734666,-0.014747839,0.013013174,train,0.045890164
2023-10-20,TLT,0.011941664,0.06506117,0.053119503,train,0.022737198
2023-10-23,EFA,0.005687819,-0.011720754,0.017408572,train,-0.013539479
2023-10-23,IWM,0.008687802,-0.097341046,0.10602885,train,-0.03598239
2023-10-23,SPY,0.00751121,-0.030269723,0.037780933,train,-0.014747839
2023-10-23,TLT,0.013090957,-0.07491341,0.088004366,train,0.06506117
2023-10-24,EFA,-0.007190123,-0.008699987,0.0015098639,train,-0.011720754
2023-10-24,IWM,-0.016657347,-0.091441944,0.0747846,train,-0.097341046
2023-10-24,SPY,-0.014456209,0.0010868572,0.015543066,train,-0.030269723
2023-10-24,TLT,-0.022513105,-0.024081666,0.0015685614,train,-0.07491341
2023-10-25,EFA,-0.007242071,0.025933046,0.03317512,train,-0.008699987
2023-10-25,IWM,0.0025619483,-0.062212348,0.0647743,train,-0.091441944
2023-10-25,SPY,-0.012047056,-0.07460642,0.062559366,train,0.0010868572
2023-10-25,TLT,0.01522247,-0.049597014,0.064819485,train,-0.024081666
2023-10-26,EFA,-0.003033067,0.024607275,0.027640343,train,0.025933046
2023-10-26,IWM,-0.011827733,-0.03280318,0.020975448,train,-0.062212348
2023-10-26,SPY,-0.00454298,-0.085109636,0.08056666,train,-0.07460642
2023-10-26,TLT,-0.0042579444,0.033517014,0.037774958,train,-0.049597014
2023-10-27,EFA,0.012677533,-0.006261312,0.018938845,train,0.024607275
2023-10-27,IWM,0.00553286,-0.07964985,0.08518271,train,-0.03280318
2023-10-27,SPY,0.011884843,-0.030715209,0.04260005,train,-0.085109636
2023-10-27,TLT,-0.0045143254,0.06498201,0.06949633,train,0.033517014
2023-10-30,EFA,0.0035928974,-0.03441999,0.03801289,train,-0.006261312
2023-10-30,IWM,0.008607153,-0.042464297,0.05107145,train,-0.07964985
2023-10-30,SPY,0.0062607247,-0.04507913,0.051339857,train,-0.030715209
2023-10-30,TLT,-0.004893334,0.004492089,0.009385424,train,0.06498201
2023-10-31,EFA,0.009370195,-0.024345204,0.033715397,train,-0.03441999
2023-10-31,IWM,0.0056974706,-0.033513788,0.03921126,train,-0.042464297
2023-10-31,SPY,0.010608311,-0.008209053,0.018817365,train,-0.04507913
2023-10-31,TLT,0.021450436,-0.025059577,0.04651001,train,0.004492089
2023-11-01,EFA,0.020223305,-0.0009290725,0.021152377,train,-0.024345204
2023-11-01,IWM,0.026303973,0.031501975,0.005198002,train,-0.033513788
2023-11-01,SPY,0.018983038,0.058767077,0.039784037,train,-0.008209053
2023-11-01,TLT,0.02254067,-0.04624388,0.06878455,train,-0.025059577
2023-11-02,EFA,0.010534955,0.062279094,0.05174414,train,-0.0009290725
2023-11-02,IWM,0.0268339,-0.062179614,0.08901352,train,0.031501975
2023-11-02,SPY,0.0090818945,-0.04273438,0.051816277,train,0.058767077
2023-11-02,TLT,0.006755566,-0.012705583,0.01946115,train,-0.04624388
2023-11-03,EFA,-0.0050373436,0.012824029,0.017861372,train,0.062279094
2023-11-03,IWM,-0.012572075,0.01738454,0.029956616,train,-0.062179614
2023-11-03,SPY,0.0022979665,-0.023387078,0.025685044,train,-0.04273438
2023-11-03,TLT,-0.009747202,0.076192275,0.085939474,train,-0.012705583
2023-11-06,EFA,-0.0060780323,-0.003144469,0.0029335632,train,0.012824029
2023-11-06,IWM,-0.00354641,0.046552885,0.050099295,train,0.01738454
2023-11-06,SPY,0.0028418049,-0.00838517,0.011226975,train,-0.023387078
2023-11-06,TLT,0.014642225,0.009160876,0.0054813484,train,0.076192275
2023-11-07,EFA,-0.0013071486,0.0116981175,0.013005266,train,-0.003144469
2023-11-07,IWM,-0.010715415,-0.0012398027,0.009475612,train,0.046552885
2023-11-07,SPY,0.0007322244,0.010670904,0.00993868,train,-0.00838517
2023-11-07,TLT,0.016890213,0.06441426,0.04752405,train,0.009160876
2023-11-08,EFA,-0.00014543756,-0.016291969,0.016146531,train,0.0116981175
2023-11-08,IWM,-0.015603641,-0.026256464,0.010652823,train,-0.0012398027
2023-11-08,SPY,-0.007829174,-0.03145029,0.023621116,train,0.010670904
2023-11-08,TLT,-0.023269624,0.012180705,0.03545033,train,0.06441426
2023-11-09,EFA,0.0044963695,-0.026982937,0.031479307,train,-0.016291969
2023-11-09,IWM,0.011119684,-0.03733663,0.04845631,train,-0.026256464
2023-11-09,SPY,0.015484229,0.005845379,0.00963885,train,-0.03145029
2023-11-09,TLT,0.005584398,0.023551684,0.017967286,train,0.012180705
2023-11-10,EFA,0.0026015013,0.018258851,0.01565735,train,-0.026982937
2023-11-10,IWM,0.0003547188,-0.095779955,0.09613468,train,-0.03733663
2023-11-10,SPY,-0.0009536565,-0.01696245,0.016008794,train,0.005845379
2023-11-10,TLT,-0.002275612,0.08155936,0.08383497,train,0.023551684
2023-11-13,EFA,0.025227688,0.017899036,0.007328652,train,0.018258851
2023-11-13,IWM,0.053460434,-0.101426095,0.15488653,train,-0.095779955
2023-11-13,SPY,0.01921492,0.004850406,0.0143645145,train,-0.01696245
2023-11-13,TLT,0.022414286,0.04024459,0.017830305,train,0.08155936
2023-11-14,EFA,-0.0015495991,0.068746656,0.07029626,train,0.017899036
2023-11-14,IWM,0.0017354795,-0.11752096,0.11925644,train,-0.101426095
2023-11-14,SPY,0.0021147826,-0.0556599,0.057774685,train,0.004850406
2023-11-14,TLT,-0.014133474,-0.014505204,0.00037172996,train,0.04024459
2023-11-15,EFA,-0.00070492504,-0.057403695,0.05669877,train,0.068746656
2023-11-15,IWM,-0.016298123,-0.022401918,0.006103795,train,-0.11752096
2023-11-15,SPY,0.0012223729,0.013383489,0.012161116,train,-0.0556599
2023-11-15,TLT,0.012350019,-0.03879808,0.051148098,train,-0.014505204
2023-11-16,EFA,0.013451182,0.00933015,0.0041210325,train,-0.057403695
2023-11-16,IWM,0.013609537,-0.10814951,0.12175905,train,-0.022401918
2023-11-16,SPY,0.0012431697,0.0942568,0.09301364,train,0.013383489
2023-11-16,TLT,0.00467527,-0.028521804,0.033197075,train,-0.03879808
2023-11-17,EFA,0.003750797,0.048559483,0.044808686,train,0.00933015
2023-11-17,IWM,0.005816027,0.0067657456,0.0009497185,train,-0.10814951
2023-11-17,SPY,0.007667928,0.0654116,0.05774367,train,0.0942568
2023-11-17,TLT,0.006090108,-0.018981148,0.025071256,train,-0.028521804
2023-11-20,EFA,-0.0038901176,-0.026538463,0.022648346,train,0.048559483
2023-11-20,IWM,-0.012964653,-0.065493494,0.052528843,train,0.0067657456
2023-11-20,SPY,-0.0021816867,0.08290048,0.085082166,train,0.0654116
2023-11-20,TLT,-0.00044167353,0.032216355,0.03265803,train,-0.018981148
2023-11-21,EFA,0.0023638702,-0.019767907,0.022131776,train,-0.026538463
2023-11-21,IWM,0.006250734,0.019532908,0.013282174,train,-0.065493494
2023-11-21,SPY,0.0038533567,0.054950457,0.0510971,train,0.08290048
2023-11-21,TLT,0.0035277533,-0.038939565,0.04246732,train,0.032216355
2023-11-22,EFA,0.007608618,-0.011080116,0.018688735,train,-0.019767907
2023-11-22,IWM,0.006713919,0.00055522844,0.0061586904,train,0.019532908
2023-11-22,SPY,0.0006151311,0.026814979,0.026199847,train,0.054950457
2023-11-22,TLT,-0.011844919,0.12667097,0.13851589,train,-0.038939565
2023-11-24,EFA,-0.0034514642,-0.051375784,0.04792432,train,-0.011080116
2023-11-24,IWM,-0.0033513247,-0.11049652,0.1071452,train,0.00055522844
2023-11-24,SPY,-0.0018026583,0.09336774,0.0951704,train,0.026814979
2023-11-24,TLT,0.016565818,-0.07930216,0.09586798,train,0.12667097
2023-11-27,EFA,0.00027658333,0.03432924,0.034052655,train,-0.051375784
2023-11-27,IWM,-0.0038679906,0.15752323,0.16139121,train,-0.11049652
2023-11-27,SPY,0.0009897384,0.061999913,0.061010174,train,0.09336774
2023-11-27,TLT,0.0019694683,-0.017697226,0.019666694,train,-0.07930216
2023-11-28,EFA,0.0020718263,-0.02579562,0.027867446,train,0.03432924
2023-11-28,IWM,0.0052657775,0.03639558,0.031129802,train,0.15752323
2023-11-28,SPY,-0.00070368877,0.0019900315,0.0026937202,train,0.061999913
2023-11-28,TLT,0.012492637,0.025104683,0.012612046,train,-0.017697226
2023-11-29,EFA,-0.0008282611,-0.009672504,0.008844242,train,-0.02579562
2023-11-29,IWM,0.0037922475,0.04819781,0.04440556,train,0.03639558
2023-11-29,SPY,0.0039297403,0.024490152,0.020560412,train,0.0019900315
2023-11-29,TLT,-0.011618551,0.0037147356,0.0153332865,train,0.025104683
2023-11-30,EFA,0.010439715,-0.12036677,0.13080648,train,-0.009672504
2023-11-30,IWM,0.028802916,0.007513456,0.02128946,train,0.04819781
2023-11-30,SPY,0.005898395,-0.078508034,0.08440643,train,0.024490152
2023-11-30,TLT,0.01865884,-0.015718093,0.034376934,train,0.0037147356
2023-12-01,EFA,-0.007819466,0.035824742,0.04364421,train,-0.12036677
2023-12-01,IWM,0.010650987,0.012488402,0.0018374156,train,0.007513456
2023-12-01,SPY,-0.005263191,-0.05792973,0.052666537,train,-0.078508034
2023-12-01,TLT,-0.003986773,-0.038348414,0.03436164,train,-0.015718093
2023-12-04,EFA,-0.003587422,-0.06257607,0.05898865,train,0.035824742
2023-12-04,IWM,-0.013467106,-0.086024,0.0725569,train,0.012488402
2023-12-04,SPY,-0.00019699668,-0.05012354,0.04992654,train,-0.05792973
2023-12-04,TLT,0.021258077,-0.024203954,0.04546203,train,-0.038348414
2023-12-05,EFA,0.0030363128,-0.09245893,0.09549525,train,-0.06257607
2023-12-05,IWM,-0.0017913305,-0.037512865,0.035721533,train,-0.086024
2023-12-05,SPY,-0.004037997,-0.016292285,0.012254288,train,-0.05012354
2023-12-05,TLT,0.013229662,0.02674618,0.013516518,train,-0.024203954
2023-12-06,EFA,0.0048113717,-0.05998882,0.06480019,train,-0.09245893
2023-12-06,IWM,0.0071999896,-7.427856e-05,0.007274268,train,-0.037512865
2023-12-06,SPY,0.0076015857,-0.03510774,0.042709325,train,-0.016292285
2023-12-06,TLT,-0.00575302,0.037614617,0.04336764,train,0.02674618
2023-12-07,EFA,0.003012501,-0.0439188,0.0469313,train,-0.05998882
2023-12-07,IWM,0.007576913,-0.033986893,0.041563805,train,-7.427856e-05
2023-12-07,SPY,0.004289781,-0.021741148,0.02603093,train,-0.03510774
2023-12-07,TLT,-0.008216475,-0.0071720826,0.0010443926,train,0.037614617
2023-12-08,EFA,0.0024579798,-0.039681673,0.042139653,train,-0.0439188
2023-12-08,IWM,0.0020855602,0.036692683,0.034607124,train,-0.033986893
2023-12-08,SPY,0.0038820985,0.036831845,0.032949746,train,-0.021741148
2023-12-08,TLT,-0.0021181114,0.002631601,0.0047497125,train,-0.0071720826
2023-12-11,EFA,0.0017713641,-0.04971414,0.051485505,train,-0.039681673
2023-12-11,IWM,-0.0010156321,0.028982412,0.029998044,train,0.036692683
2023-12-11,SPY,0.004556731,-0.05375356,0.05831029,train,0.036831845
2023-12-11,TLT,0.0029635523,-0.0037014112,0.0066649634,train,0.002631601
2023-12-12,EFA,0.014462781,-0.019370457,0.03383324,train,-0.04971414
2023-12-12,IWM,0.03329006,-0.015831511,0.04912157,train,0.028982412
2023-12-12,SPY,0.013695949,-0.062967405,0.07666335,train,-0.05375356
2023-12-12,TLT,0.023191545,-0.023566246,0.04675779,train,-0.0037014112
2023-12-13,EFA,0.0073533934,0.06456998,0.057216585,train,-0.019370457
2023-12-13,IWM,0.027447976,0.07873404,0.051286064,train,-0.015831511
2023-12-13,SPY,0.0032042782,0.009129334,0.005925056,train,-0.062967405
2023-12-13,TLT,0.025680192,0.006249301,0.01943089,train,-0.023566246
2023-12-14,EFA,-0.009771966,0.008169629,0.017941594,train,0.06456998
2023-12-14,IWM,-0.008439807,-0.0018216316,0.0066181757,train,0.07873404
2023-12-14,SPY,-0.0016479628,-0.012402561,0.010754597,train,0.009129334
2023-12-14,TLT,0.0011099894,0.07532956,0.07421957,train,0.006249301
2023-12-15,EFA,0.0024185728,-0.028278045,0.030696617,train,0.008169629
2023-12-15,IWM,0.00035516452,-0.112795815,0.11315098,train,-0.0018216316
2023-12-15,SPY,0.005609309,-0.03700894,0.04261825,train,-0.012402561
2023-12-15,TLT,-0.007999784,0.0061213924,0.014121177,train,0.07532956
2023-12-18,EFA,0.008418522,-0.025320236,0.03373876,train,-0.028278045
2023-12-18,IWM,0.019194618,-0.13979657,0.15899119,train,-0.112795815
2023-12-18,SPY,0.0060625887,-0.09450416,0.10056675,train,-0.03700894
2023-12-18,TLT,0.005373923,-0.00029124506,0.005665168,train,0.0061213924
2023-12-19,EFA,-0.010143131,0.055967126,0.06611025,train,-0.025320236
2023-12-19,IWM,-0.019754732,-0.03583162,0.016076887,train,-0.13979657
2023-12-19,SPY,-0.0139542185,-0.005637204,0.008317014,train,-0.09450416
2023-12-19,TLT,0.006752708,-0.04335489,0.0501076,train,-0.00029124506
2023-12-20,EFA,0.016067434,-0.017180767,0.0332482,train,0.055967126
2023-12-20,IWM,0.016873479,-0.057064172,0.073937654,train,-0.03583162
2023-12-20,SPY,0.009437173,-0.0008485932,0.010285766,train,-0.005637204
2023-12-20,TLT,-0.006348313,0.0032810634,0.009629376,train,-0.04335489
2023-12-21,EFA,0.0009369975,0.08338803,0.08245103,train,-0.017180767
2023-12-21,IWM,0.009274493,0.055605743,0.04633125,train,-0.057064172
2023-12-21,SPY,0.0020077405,-0.06604843,0.068056166,train,-0.0008485932
2023-12-21,TLT,-0.0045588384,-0.007783155,0.0032243165,train,0.0032810634
2023-12-22,EFA,0.004539537,-0.057244424,0.061783962,train,0.08338803
2023-12-22,IWM,0.012920049,0.044944715,0.032024667,train,0.055605743
2023-12-22,SPY,0.0042137057,-0.032181058,0.036394764,train,-0.06604843
2023-12-22,TLT,0.002839007,-0.03093911,0.033778116,train,-0.007783155
2023-12-26,EFA,0.005314216,-0.010729071,0.016043287,train,-0.057244424
2023-12-26,IWM,0.0035215765,0.0025358535,0.000985723,train,0.044944715
2023-12-26,SPY,0.0018063122,-0.028773494,0.030579805,train,-0.032181058
2023-12-26,TLT,0.017564567,-0.042530887,0.06009545,train,-0.03093911
2023-12-27,EFA,-0.002653686,-0.0062610554,0.0036073693,train,-0.010729071
2023-12-27,IWM,-0.0038157292,0.02507795,0.02889368,train,0.0025358535
2023-12-27,SPY,0.00037774432,0.020851145,0.0204734,train,-0.028773494
2023-12-27,TLT,-0.0072891666,-0.0014964081,0.0057927584,train,-0.042530887
2023-12-28,EFA,0.0010623413,0.00059654005,0.00046580122,train,-0.0062610554
2023-12-28,IWM,-0.016454833,0.0077449735,0.024199806,train,0.02507795
2023-12-28,SPY,-0.0028992323,-0.009942104,0.007042872,train,0.020851145
2023-12-28,TLT,-0.009060686,-0.029938836,0.02087815,train,-0.0014964081
2023-12-29,EFA,-0.011210562,0.007633265,0.018843826,train,0.00059654005
2023-12-29,IWM,-0.0059466837,0.02761269,0.033559375,train,0.0077449735
2023-12-29,SPY,-0.0056121256,-0.07117042,0.06555829,train,-0.009942104
2023-12-29,TLT,-0.0057814163,0.023869358,0.029650774,train,-0.029938836
2024-01-02,EFA,-0.00754429,0.017879685,0.025423976,train,0.007633265
2024-01-02,IWM,-0.027025951,0.074285954,0.10131191,train,0.02761269
2024-01-02,SPY,-0.008200112,-0.0494946,0.04129449,train,-0.07117042
2024-01-02,TLT,0.004161612,0.01812167,0.013960057,train,0.023869358
2024-01-03,EFA,0.0022963397,-0.0017492245,0.004045564,train,0.017879685
2024-01-03,IWM,-0.0019585495,0.003100302,0.0050588516,train,0.074285954
2024-01-03,SPY,-0.0032262574,-0.012786282,0.009560024,train,-0.0494946
2024-01-03,TLT,-0.015310917,0.018305134,0.03361605,train,0.01812167
2024-01-04,EFA,0.0006742172,-0.03653288,0.037207097,train,-0.0017492245
2024-01-04,IWM,-0.0029452373,-0.040942337,0.0379971,train,0.003100302
2024-01-04,SPY,0.0013686521,-0.017856883,0.019225534,train,-0.012786282
2024-01-04,TLT,-0.009612126,0.0061385334,0.01575066,train,0.018305134
2024-01-05,EFA,0.010595,-0.002150679,0.012745679,train,-0.03653288
2024-01-05,IWM,0.017847473,-0.03030731,0.048154783,train,-0.040942337
2024-01-05,SPY,0.014175031,0.026215151,0.01204012,train,-0.017856883
2024-01-05,TLT,0.009817774,0.058070358,0.048252583,train,0.0061385334
2024-01-08,EFA,-0.0089782495,0.031240474,0.040218726,train,-0.002150679
2024-01-08,IWM,-0.008986489,-0.06680301,0.05781652,train,-0.03030731
2024-01-08,SPY,-0.001518167,-0.026645865,0.025127698,train,0.026215151
2024-01-08,TLT,-0.006396228,0.05519214,0.061588366,train,0.058070358
2024-01-09,EFA,0.006440231,0.001646434,0.004793797,train,0.031240474
2024-01-09,IWM,0.0005640377,0.002815418,0.0022513801,train,-0.06680301
2024-01-09,SPY,0.0056393994,0.012296956,0.0066575566,train,-0.026645865
2024-01-09,TLT,-0.004668432,0.05729865,0.061967082,train,0.05519214
2024-01-10,EFA,-0.00013363802,0.003739778,0.003873416,train,0.001646434
2024-01-10,IWM,-0.007873841,0.051177297,0.059051137,train,0.002815418
2024-01-10,SPY,-0.00044067175,-0.021450147,0.021009475,train,0.012296956
2024-01-10,TLT,0.0055991285,0.0018495135,0.003749615,train,0.05729865
2024-01-11,EFA,0.004138079,-0.04223411,0.04637219,train,0.003739778
2024-01-11,IWM,-0.0016546729,0.040033683,0.041688357,train,0.051177297
2024-01-11,SPY,0.0006924251,0.021767516,0.02107509,train,-0.021450147
2024-01-11,TLT,-0.0019663114,0.038023125,0.039989438,train,0.0018495135
2024-01-12,EFA,-0.01692676,0.026313826,0.043240584,train,-0.04223411
2024-01-12,IWM,-0.012445943,0.052955367,0.06540131,train,0.040033683
2024-01-12,SPY,-0.0036779426,0.017102953,0.020780895,train,0.021767516
2024-01-12,TLT,-0.017770145,-0.025467072,0.0076969266,train,0.038023125
2024-01-16,EFA,-0.009529014,0.009592455,0.019121468,train,0.026313826
2024-01-16,IWM,-0.007151736,0.0015173387,0.008669075,train,0.052955367
2024-01-16,SPY,-0.005574251,-0.007950222,0.002375971,train,0.017102953
2024-01-16,TLT,-0.0015829483,0.0049670003,0.006549949,train,-0.025467072
2024-01-17,EFA,0.008851286,-0.012971645,0.021822931,train,0.009592455
2024-01-17,IWM,0.005893419,-0.03070966,0.03660308,train,0.0015173387
2024-01-17,SPY,0.0088535715,0.05332986,0.044476286,train,-0.007950222
2024-01-17,TLT,-0.009338886,0.022971872,0.032310758,train,0.0049670003
2024-01-18,EFA,0.0023020273,-0.05466601,0.056968037,train,-0.012971645
2024-01-18,IWM,0.00955552,-0.05006529,0.05962081,train,-0.03070966
2024-01-18,SPY,0.012389146,-0.057291042,0.069680184,train,0.05332986
2024-01-18,TLT,0.0031933836,-0.031366337,0.03455972,train,0.022971872
2024-01-19,EFA,0.0031063163,-0.091388404,0.09449472,train,-0.05466601
2024-01-19,IWM,0.021133544,-0.1473676,0.16850114,train,-0.05006529
2024-01-19,SPY,0.002112127,0.0041575544,0.0020454274,train,-0.057291042
2024-01-19,TLT,0.005934182,-0.040197965,0.046132147,train,-0.031366337
2024-01-22,EFA,-0.0028358377,-0.082573056,0.079737216,train,-0.091388404
2024-01-22,IWM,-0.0029044177,-0.025131047,0.02222663,train,-0.1473676
2024-01-22,SPY,0.0029121472,0.00077899545,0.0021331517,train,0.0041575544
2024-01-22,TLT,-0.007955747,-0.017748248,0.009792501,train,-0.040197965
2024-01-23,EFA,0.00754429,0.016834656,0.0092903655,train,-0.082573056
2024-01-23,IWM,-0.008249359,-0.047683105,0.039433748,train,-0.025131047
2024-01-23,SPY,0.0010924978,-0.08398855,0.08508105,train,0.00077899545
2024-01-23,TLT,-0.005874217,0.093636066,0.09951028,train,-0.017748248
2024-01-24,EFA,0.0028144447,-0.0035489015,0.0063633462,train,0.016834656
2024-01-24,IWM,0.008249359,-0.0025343033,0.010783663,train,-0.047683105
2024-01-24,SPY,0.005424345,0.090777755,0.08535341,train,-0.08398855
2024-01-24,TLT,0.0065132813,0.024964783,0.018451503,train,0.093636066
2024-01-25,EFA,0.0044068033,0.056327637,0.051920835,train,-0.0035489015
2024-01-25,IWM,5.10638e-05,0.023321565,0.0232705,train,-0.0025343033
2024-01-25,SPY,-0.0012714112,0.0012592087,0.00253062,train,0.090777755
2024-01-25,TLT,-0.0019176182,0.043580238,0.045497857,train,0.024964783
2024-01-26,EFA,0.005845619,0.029161543,0.023315923,train,0.056327637
2024-01-26,IWM,0.0173503,0.049001615,0.031651318,train,0.023321565
2024-01-26,SPY,0.007888276,0.074501246,0.066612974,train,0.0012592087
2024-01-26,TLT,0.011450406,0.097859606,0.086409196,train,0.043580238
2024-01-29,EFA,-0.0013256114,0.011477862,0.012803473,train,0.029161543
2024-01-29,IWM,-0.008561674,-0.09058264,0.08202097,train,0.049001615
2024-01-29,SPY,-0.00077384023,-0.061635893,0.060862053,train,0.074501246
2024-01-29,TLT,0.009025074,0.01326303,0.0042379564,train,0.097859606
2024-01-30,EFA,-0.0050532147,0.031262916,0.03631613,train,0.011477862
2024-01-30,IWM,-0.024733046,-0.06455704,0.039823994,train,-0.09058264
2024-01-30,SPY,-0.01645179,0.008261319,0.02471311,train,-0.061635893
2024-01-30,TLT,0.009772656,-0.013660634,0.02343329,train,0.01326303
2024-01-31,EFA,0.009817041,0.04221287,0.03239583,train,0.031262916
2024-01-31,IWM,0.013185155,-0.13390717,0.14709233,train,-0.06455704
2024-01-31,SPY,0.013003248,0.0013242662,0.011678982,train,0.008261319
2024-01-31,TLT,0.019426003,-0.081642374,0.10106838,train,-0.013660634
2024-02-01,EFA,-0.007952331,0.06439689,0.07234922,train,0.04221287
2024-02-01,IWM,-0.005284071,0.019671207,0.024955278,train,-0.13390717
2024-02-01,SPY,0.010472299,-0.023954708,0.034427006,train,0.0013242662
2024-02-01,TLT,-0.022336403,-0.11519332,0.09285692,train,-0.081642374
2024-02-02,EFA,-0.0053370143,-0.021440957,0.016103942,train,0.06439689
2024-02-02,IWM,-0.012786455,0.04197808,0.054764535,train,0.019671207
2024-02-02,SPY,-0.003647697,0.049519397,0.053167094,train,-0.023954708
2024-02-02,TLT,-0.020400468,-0.035878897,0.015478428,train,-0.11519332
2024-02-05,EFA,0.006135067,-0.004411202,0.010546269,train,-0.021440957
2024-02-05,IWM,0.008972784,0.0443488,0.035376016,train,0.04197808
2024-02-05,SPY,0.0028990014,0.006731402,0.0038324008,train,0.049519397
2024-02-05,TLT,0.00972646,-0.018066429,0.02779289,train,-0.035878897
2024-02-06,EFA,-0.00053207256,0.011885501,0.012417574,train,-0.004411202
2024-02-06,IWM,-0.0023262303,0.03754709,0.03987332,train,0.0443488
2024-02-06,SPY,0.008305753,-0.0026052017,0.010910954,train,0.006731402
2024-02-06,TLT,-0.0048514483,0.030715417,0.035566866,train,-0.018066429
2024-02-07,EFA,-0.0017309493,0.014741071,0.01647202,train,0.011885501
2024-02-07,IWM,0.015050209,0.026875906,0.011825697,train,0.03754709
2024-02-07,SPY,0.0004417035,-0.04576492,0.046206623,train,-0.0026052017
2024-02-07,TLT,-0.005831438,-0.022977922,0.017146483,train,0.030715417
2024-02-08,EFA,0.0034589074,-0.009579671,0.0130385775,train,0.014741071
2024-02-08,IWM,0.016132135,0.012901962,0.0032301731,train,0.026875906
2024-02-08,SPY,0.0057627726,-0.016901918,0.02266469,train,-0.04576492
2024-02-08,TLT,-0.0020223595,-0.01633503,0.01431267,train,-0.022977922
2024-02-09,EFA,0.0017249775,0.0031468198,0.0014218423,train,-0.009579671
2024-02-09,IWM,0.01799713,-0.035706967,0.053704098,train,0.012901962
2024-02-09,SPY,-0.00043916484,-0.06936976,0.068930596,train,-0.016901918
2024-02-09,TLT,0.0011713941,-0.024085354,0.025256747,train,-0.01633503
2024-02-12,EFA,-0.015497999,0.028937157,0.04443516,train,0.0031468198
2024-02-12,IWM,-0.042011328,0.031701993,0.07371332,train,-0.035706967
2024-02-12,SPY,-0.013868821,-0.038101397,0.024232578,train,-0.06936976
2024-02-12,TLT,-0.017283555,0.035084795,0.05236835,train,-0.024085354
2024-02-13,EFA,0.011113445,0.016867656,0.005754211,train,0.028937157
2024-02-13,IWM,0.022960264,0.042556144,0.01959588,train,0.031701993
2024-02-13,SPY,0.009046687,-0.05819865,0.067245334,train,-0.038101397
2024-02-13,TLT,0.0050765146,0.038357627,0.03328111,train,0.035084795
2024-02-14,EFA,0.011254648,0.0039240383,0.0073306095,train,0.016867656
2024-02-14,IWM,0.026316721,0.059848715,0.033531994,train,0.042556144
2024-02-14,SPY,0.00687613,-0.03540195,0.04227808,train,-0.05819865
2024-02-14,TLT,0.005158182,-0.06335433,0.06851251,train,0.038357627
2024-02-15,EFA,0.0015788906,0.033605225,0.032026336,train,0.0039240383
2024-02-15,IWM,-0.0136914,0.06362252,0.07731392,train,0.059848715
2024-02-15,SPY,-0.00499244,-0.05692876,0.05193632,train,-0.03540195
2024-02-15,TLT,-0.005804818,-0.06835613,0.062551305,train,-0.06335433
2024-02-16,EFA,0.004066855,0.00860272,0.0045358646,train,0.033605225
2024-02-16,IWM,-0.013881617,0.055998955,0.069880575,train,0.06362252
2024-02-16,SPY,-0.0055207266,0.03894462,0.044465348,train,-0.05692876
2024-02-16,TLT,0.0008622384,-0.006518174,0.0073804124,train,-0.06835613
2024-02-20,EFA,0.00078531244,0.027031552,0.02624624,train,0.00860272
2024-02-20,IWM,-0.004737636,0.04791755,0.052655183,train,0.055998955
2024-02-20,SPY,0.0009054684,0.07642555,0.07552008,train,0.03894462
2024-02-20,TLT,-0.0071346485,-0.02181625,0.014681602,train,-0.006518174
2024-02-21,EFA,0.0111877015,0.009762228,0.001425474,train,0.027031552
2024-02-21,IWM,0.00754952,0.04160721,0.034057688,train,0.04791755
2024-02-21,SPY,0.020484222,-0.01749162,0.03797584,train,0.07642555
2024-02-21,TLT,0.0048700785,-0.033715624,0.038585704,train,-0.02181625
2024-02-22,EFA,0.0012927728,0.098242864,0.09695009,train,0.009762228
2024-02-22,IWM,0.0022537631,0.014499608,0.012245845,train,0.04160721
2024-02-22,SPY,0.0006894102,-0.06021521,0.06090462,train,-0.01749162
2024-02-22,TLT,0.013297761,0.010648396,0.002649365,train,-0.033715624
2024-02-23,EFA,-0.0014220367,-0.008203711,0.006781675,train,0.098242864
2024-02-23,IWM,0.0062835542,-0.0036475398,0.009931094,train,0.014499608
2024-02-23,SPY,-0.0036691534,-0.0011248887,0.0025442648,train,-0.06021521
2024-02-23,TLT,-0.0029875825,-0.04662577,0.04363819,train,0.010648396
2024-02-26,EFA,0.0027133506,-0.010998022,0.013711372,train,-0.008203711
2024-02-26,IWM,0.014069171,0.010825872,0.0032432983,train,-0.0036475398
2024-02-26,SPY,0.001856031,0.016027683,0.0141716525,train,-0.0011248887
2024-02-26,TLT,-0.007076915,-0.0069150254,0.00016188947,train,-0.04662577
2024-02-27,EFA,-0.0058234553,-0.019294195,0.013470739,train,-0.010998022
2024-02-27,IWM,-0.008269221,0.043632332,0.051901553,train,0.010825872
2024-02-27,SPY,-0.0013225611,-0.0030043693,0.0016818083,train,0.016027683
2024-02-27,TLT,0.006328912,-0.015430864,0.021759776,train,-0.0069150254
2024-02-28,EFA,0.002592355,-0.038351435,0.04094379,train,-0.019294195
2024-02-28,IWM,0.006944853,-0.06395002,0.07089487,train,0.043632332
2024-02-28,SPY,0.00358842,-0.02942751,0.03301593,train,-0.0030043693
2024-02-28,TLT,0.0070323353,-0.019823603,0.026855938,train,-0.015430864
2024-02-29,EFA,0.00966194,-0.02297172,0.03263366,train,-0.038351435
2024-02-29,IWM,0.010546534,-0.013842805,0.02438934,train,-0.06395002
2024-02-29,SPY,0.009344515,-0.039929472,0.049273986,train,-0.02942751
2024-02-29,TLT,0.0062118648,-0.000850562,0.007062427,train,-0.019823603
2024-03-01,EFA,-0.002567501,0.06921117,0.07177867,train,-0.02297172
2024-03-01,IWM,-0.00092338526,-0.034452047,0.033528663,train,-0.013842805
2024-03-01,SPY,-0.0010729153,-0.06679864,0.06572573,train,-0.039929472
2024-03-01,TLT,-0.004030585,-0.05772055,0.053689964,train,-0.000850562
2024-03-04,EFA,-0.0018009292,-0.02837021,0.02656928,train,0.06921117
2024-03-04,IWM,-0.009623149,-0.05340881,0.04378566,train,-0.034452047
2024-03-04,SPY,-0.010044439,-0.009989786,5.4652803e-05,train,-0.06679864
2024-03-04,TLT,0.014141124,-0.044723783,0.058864906,train,-0.05772055
2024-03-05,EFA,0.011776727,-0.03257354,0.044350266,train,-0.02837021
2024-03-05,IWM,0.007433113,-0.016599152,0.024032265,train,-0.05340881
2024-03-05,SPY,0.0050544315,0.0072398838,0.0021854523,train,-0.009989786
2024-03-05,TLT,0.0058509354,-0.035810255,0.041661188,train,-0.044723783
2024-03-06,EFA,0.011765729,0.00499056,0.0067751687,train,-0.03257354
2024-03-06,IWM,0.008296954,-0.010764074,0.019061029,train,-0.016599152
2024-03-06,SPY,0.0098774275,-0.023711734,0.033589162,train,0.0072398838
2024-03-06,TLT,-0.0009378036,-0.07684873,0.075910926,train,-0.035810255
2024-03-07,EFA,-0.00327546,0.07128781,0.07456327,train,0.00499056
2024-03-07,IWM,-0.0006284149,0.017333502,0.017961917,train,-0.010764074
2024-03-07,SPY,-0.006020214,-0.10365118,0.09763097,train,-0.023711734
2024-03-07,TLT,-0.0017744267,-0.052095655,0.05032123,train,-0.07684873
2024-03-08,EFA,-0.005694392,-0.009962333,0.004267941,train,0.07128781
2024-03-08,IWM,-0.007960815,-0.03264963,0.024688814,train,0.017333502
2024-03-08,SPY,-0.00086027064,-0.0022048773,0.0013446067,train,-0.10365118
2024-03-08,TLT,-0.0005221735,-0.059605714,0.05908354,train,-0.052095655
2024-03-11,EFA,0.0079630185,-0.029795628,0.03775865,train,-0.009962333
2024-03-11,IWM,-0.0013655181,-0.11863133,0.11726581,train,-0.03264963
2024-03-11,SPY,0.010699858,-0.0042900797,0.014989938,train,-0.0022048773
2024-03-11,TLT,-0.008396536,-0.046555933,0.038159396,train,-0.059605714
2024-03-12,EFA,0.00012598661,0.031588767,0.03146278,train,-0.029795628
2024-03-12,IWM,0.0038965545,-0.009023588,0.012920143,train,-0.11863133
2024-03-12,SPY,-0.001568703,-0.021724261,0.020155558,train,-0.0042900797
2024-03-12,TLT,-0.0048600263,-0.0004891977,0.0043708286,train,-0.046555933
2024-03-13,EFA,-0.007327904,-0.043340344,0.03601244,train,0.031588767
2024-03-13,IWM,-0.018051315,0.018617298,0.036668614,train,-0.009023588
2024-03-13,SPY,-0.0019786926,0.028121363,0.030100055,train,-0.021724261
2024-03-13,TLT,-0.015476263,0.02374661,0.039222874,train,-0.0004891977
2024-03-14,EFA,0.00038033328,0.030505743,0.03012541,train,-0.043340344
2024-03-14,IWM,0.001879188,0.009091919,0.007212731,train,0.018617298
2024-03-14,SPY,-0.006890225,-0.013296604,0.006406379,train,0.028121363
2024-03-14,TLT,-0.00032244794,0.013419177,0.0137416255,train,0.02374661
2024-03-15,EFA,-0.00025353945,-0.031856216,0.031602677,train,0.030505743
2024-03-15,IWM,-0.0057474044,0.009037372,0.014784776,train,0.009091919
2024-03-15,SPY,0.005925456,-0.0035378337,0.00946329,train,-0.013296604
2024-03-15,TLT,-0.0030171967,-0.045510255,0.042493057,train,0.013419177
2024-03-18,EFA,0.0017735309,-0.038019143,0.039792676,train,-0.031856216
2024-03-18,IWM,0.004214813,-0.074214205,0.07842902,train,0.009037372
2024-03-18,SPY,0.0055418108,0.023802824,0.018261014,train,-0.0035378337
2024-03-18,TLT,0.0028019652,-0.016414236,0.019216202,train,-0.045510255
2024-03-19,EFA,0.0105754305,-0.016150909,0.026726339,train,-0.038019143
2024-03-19,IWM,0.0195988,0.019793764,0.00019496307,train,-0.074214205
2024-03-19,SPY,0.00920672,-0.051137086,0.060343806,train,0.023802824
2024-03-19,TLT,-0.00032280016,0.06577338,0.06609619,train,-0.016414236
2024-03-20,EFA,-0.0005010445,0.04925378,0.049754824,train,-0.016150909
2024-03-20,IWM,0.011424052,0.06813939,0.05671534,train,0.019793764
2024-03-20,SPY,0.0032994233,-0.010960173,0.014259596,train,-0.051137086
2024-03-20,TLT,0.0021505705,0.11213957,0.109988995,train,0.06577338
2024-03-21,EFA,-0.0021323466,-0.012673024,0.010540677,train,0.04925378
2024-03-21,IWM,-0.013898275,-0.012061408,0.0018368671,train,0.06813939
2024-03-21,SPY,-0.0018976802,-0.04350649,0.041608807,train,-0.010960173
2024-03-21,TLT,0.009515172,-0.010459062,0.019974234,train,0.11213957
2024-03-22,EFA,-0.0021370058,-0.025517348,0.023380343,train,-0.012673024
2024-03-22,IWM,0.0022893779,0.031067822,0.028778445,train,-0.012061408
2024-03-22,SPY,-0.0027667666,0.010014512,0.012781278,train,-0.04350649
2024-03-22,TLT,-0.005013493,-0.03325182,0.028238326,train,-0.010459062
2024-03-25,EFA,0.0011319189,-0.032156967,0.033288885,train,-0.025517348
2024-03-25,IWM,-0.0018017547,0.017310869,0.019112624,train,0.031067822
2024-03-25,SPY,-0.0018485727,-0.0044022948,0.002553722,train,0.010014512
2024-03-25,TLT,0.002776354,0.03196706,0.029190704,train,-0.03325182
2024-03-26,EFA,0.006015017,-0.042555865,0.048570883,train,-0.032156967
2024-03-26,IWM,0.021552864,0.0038107894,0.017742075,train,0.017310869
2024-03-26,SPY,0.008368671,-0.0057538343,0.014122505,train,-0.0044022948
2024-03-26,TLT,0.009869266,0.017156865,0.007287599,train,0.03196706
2024-03-27,EFA,-0.0022513173,0.006401539,0.008652857,train,-0.042555865
2024-03-27,IWM,0.0031433986,0.010825159,0.0076817605,train,0.0038107894
2024-03-27,SPY,-0.00019106039,0.022820767,0.023011828,train,-0.0057538343
2024-03-27,TLT,-0.0008450166,0.01075099,0.011596007,train,0.017156865
2024-03-28,EFA,-0.004266469,-0.022269351,0.018002883,train,0.006401539
2024-03-28,IWM,-0.00945977,0.0013999017,0.010859672,train,0.010825159
2024-03-28,SPY,-0.0017414874,0.02163207,0.023373557,train,0.022820767
2024-03-28,TLT,-0.018817157,-0.016084436,0.0027327202,train,0.01075099
2024-04-01,EFA,-0.0070671896,-0.048358448,0.04129126,train,-0.022269351
2024-04-01,IWM,-0.01855639,0.0048672035,0.023423593,train,0.0013999017
2024-04-01,SPY,-0.0063782586,0.022423942,0.028802201,train,0.02163207
2024-04-01,TLT,-0.0055256663,0.009920152,0.015445818,train,-0.016084436
2024-04-02,EFA,0.005556954,-0.005544791,0.011101745,train,-0.048358448
2024-04-02,IWM,0.006531594,-0.049730346,0.056261938,train,0.0048672035
2024-04-02,SPY,0.0010978937,0.0080160275,0.0069181337,train,0.022423942
2024-04-02,TLT,-0.00021715926,0.025809411,0.02602657,train,0.009920152
2024-04-03,EFA,-0.008601077,0.0027055405,0.011306617,train,-0.005544791
2024-04-03,IWM,-0.010058703,0.012458555,0.022517258,train,-0.049730346
2024-04-03,SPY,-0.012281195,-0.020400174,0.008118979,train,0.0080160275
2024-04-03,TLT,0.007146562,0.021327518,0.014180956,train,0.025809411
2024-04-04,EFA,0.003170756,-0.015381228,0.018551985,train,0.0027055405
2024-04-04,IWM,0.003331531,0.016382098,0.013050567,train,0.012458555
2024-04-04,SPY,0.010392674,-0.036989644,0.047382317,train,-0.020400174
2024-04-04,TLT,-0.014016627,0.0011420809,0.015158708,train,0.021327518
2024-04-05,EFA,0.004926436,-0.03020408,0.035130516,train,-0.015381228
2024-04-05,IWM,0.005463214,0.0020843921,0.003378822,train,0.016382098
2024-04-05,SPY,0.00055920787,-0.023284886,0.023844093,train,-0.036989644
2024-04-05,TLT,-0.0001095724,-0.014892511,0.014782939,train,0.0011420809
2024-04-08,EFA,-0.0001260109,-0.00922462,0.009098609,train,-0.03020408
2024-04-08,IWM,0.003932578,-0.0043041385,0.0082367165,train,0.0020843921
2024-04-08,SPY,0.001156139,0.025205985,0.024049846,train,-0.023284886
2024-04-08,TLT,0.009258942,-0.011800833,0.021059774,train,-0.014892511
2024-04-09,EFA,-0.013320926,-0.029837685,0.01651676,train,-0.00922462
2024-04-09,IWM,-0.026762608,0.011428939,0.03819155,train,-0.0043041385
2024-04-09,SPY,-0.010063589,-0.008207239,0.0018563494,train,0.025205985
2024-04-09,TLT,-0.02203436,-0.008948151,0.013086209,train,-0.011800833
2024-04-10,EFA,0.002678398,0.053512204,0.050833806,train,-0.029837685
2024-04-10,IWM,0.006745551,-0.07227154,0.07901709,train,0.011428939
2024-04-10,SPY,0.007518593,-0.020516243,0.028034836,train,-0.008207239
2024-04-10,TLT,-0.0045548747,0.0077318847,0.01228676,train,-0.008948151
2024-04-11,EFA,-0.016308516,-0.047130927,0.030822411,train,0.053512204
2024-04-11,IWM,-0.017956426,0.020065602,0.038022026,train,-0.07227154
2024-04-11,SPY,-0.013899273,0.010865251,0.024764523,train,-0.020516243
2024-04-11,TLT,0.005330476,-0.030800398,0.036130875,train,0.0077318847
2024-04-12,EFA,-0.0029821591,-0.0013696663,0.0016124928,train,-0.047130927
2024-04-12,IWM,-0.014754198,0.05174538,0.066499576,train,0.020065602
2024-04-12,SPY,-0.012607231,-0.04184431,0.029237077,train,0.010865251
2024-04-12,TLT,-0.015627207,-0.08462544,0.06899823,train,-0.030800398
2024-04-15,EFA,-0.0099178925,0.029531445,0.039449338,train,-0.0013696663
2024-04-15,IWM,-0.003684315,0.011977857,0.015662171,train,0.05174538
2024-04-15,SPY,-0.0018255764,0.024715912,0.026541488,train,-0.04184431
2024-04-15,TLT,-0.006659322,-0.02283777,0.016178448,train,-0.08462544
2024-04-16,EFA,0.00065560313,0.016998779,0.016343176,train,0.029531445
2024-04-16,IWM,-0.010617041,-0.0732608,0.06264376,train,0.011977857
2024-04-16,SPY,-0.005935801,0.06323893,0.06917474,train,0.024715912
2024-04-16,TLT,0.011037314,-0.013571508,0.024608823,train,-0.02283777
2024-04-17,EFA,-0.0027561905,-0.056814447,0.054058257,train,0.016998779
2024-04-17,IWM,-0.0008293904,-0.0467922,0.04596281,train,-0.0732608
2024-04-17,SPY,-0.0020597854,0.019754462,0.021814248,train,0.06323893
2024-04-17,TLT,-0.005052991,-0.03213614,0.027083147,train,-0.013571508
2024-04-18,EFA,0.0003941763,-0.0074492656,0.007843442,train,-0.056814447
2024-04-18,IWM,0.0015545734,-0.05142758,0.052982155,train,-0.0467922
2024-04-18,SPY,-0.008766756,0.019386526,0.028153282,train,0.019754462
2024-04-18,TLT,0.0035959436,-0.04712939,0.050725333,train,-0.03213614
2024-04-19,EFA,0.011624304,0.032494176,0.020869873,train,-0.0074492656
2024-04-19,IWM,0.011121338,-0.030367222,0.041488558,train,-0.05142758
2024-04-19,SPY,0.0091671,-0.08230139,0.09146849,train,0.019386526
2024-04-19,TLT,-0.0016842588,0.022613551,0.024297811,train,-0.04712939
2024-04-22,EFA,0.010848702,-0.029211547,0.04006025,train,0.032494176
2024-04-22,IWM,0.016605048,-0.06273475,0.0793398,train,-0.030367222
2024-04-22,SPY,0.011796625,-0.0082931705,0.020089796,train,-0.08230139
2024-04-22,TLT,0.00033719031,0.04972579,0.0493886,train,0.022613551
2024-04-23,EFA,-0.0019286675,-0.008222157,0.0062934896,train,-0.029211547
2024-04-23,IWM,-0.004492235,0.045966446,0.05045868,train,-0.06273475
2024-04-23,SPY,-0.00047472212,-0.0158186,0.0153438775,train,-0.0082931705
2024-04-23,TLT,-0.0071014264,0.0052286536,0.012330079,train,0.04972579
2024-04-24,EFA,-0.0046440987,0.008922484,0.013566582,train,-0.008222157
2024-04-24,IWM,-0.0060888682,0.001398149,0.007487017,train,0.045966446
2024-04-24,SPY,-0.0038060977,0.023680236,0.027486334,train,-0.0158186
2024-04-24,TLT,-0.0070382333,-0.03637652,0.029338287,train,0.0052286536
2024-04-25,EFA,0.007984686,-0.011633866,0.019618552,train,0.008922484
2024-04-25,IWM,0.009522859,0.047917742,0.038394883,train,0.001398149
2024-04-25,SPY,0.009429368,-0.013647245,0.023076613,train,0.023680236
2024-04-25,TLT,0.005226764,0.022848718,0.017621953,train,-0.03637652
2024-04-26,EFA,0.0038407953,0.0006713122,0.003169483,train,-0.011633866
2024-04-26,IWM,0.008033851,-0.023818044,0.031851895,train,0.047917742
2024-04-26,SPY,0.0035351582,0.028952803,0.025417645,train,-0.013647245
2024-04-26,TLT,0.008351221,0.021492582,0.013141361,train,0.022848718
2024-04-29,EFA,-0.012730843,0.021727579,0.03445842,train,0.0006713122
2024-04-29,IWM,-0.02051307,-0.034129083,0.013616012,train,-0.023818044
2024-04-29,SPY,-0.015967974,-0.000114325434,0.015853649,train,0.028952803
2024-04-29,TLT,-0.008577826,-0.0010568686,0.007520958,train,0.021492582
2024-04-30,EFA,-0.0022026235,0.033317674,0.035520297,train,0.021727579
2024-04-30,IWM,0.0020908206,-0.025048312,0.027139133,train,-0.034129083
2024-04-30,SPY,-0.0032524716,-0.030563746,0.027311275,train,-0.000114325434
2024-04-30,TLT,0.0073439353,0.0057259426,0.0016179928,train,-0.0010568686
2024-05-01,EFA,0.013398898,0.015033301,0.0016344031,train,0.033317674
2024-05-01,IWM,0.018222164,-0.023338102,0.041560266,train,-0.025048312
2024-05-01,SPY,0.009309881,0.09211703,0.082807146,train,-0.030563746
2024-05-01,TLT,0.004281517,-0.01328947,0.017570987,train,0.0057259426
2024-05-02,EFA,0.009932501,0.0386795,0.028746998,train,0.015033301
2024-05-02,IWM,0.0098551335,-0.024464108,0.03431924,train,-0.023338102
2024-05-02,SPY,0.012319172,0.024727691,0.012408519,train,0.09211703
2024-05-02,TLT,0.010068264,-0.002690468,0.012758732,train,-0.01328947
2024-05-03,EFA,0.0068191024,0.016343856,0.009524753,train,0.0386795
2024-05-03,IWM,0.012844452,-0.053049985,0.06589444,train,-0.024464108
2024-05-03,SPY,0.010273942,0.0144636445,0.0041897027,train,0.024727691
2024-05-03,TLT,0.0038882426,-0.06576514,0.069653384,train,-0.002690468
2024-05-06,EFA,0.0026393489,-0.07224211,0.07488146,train,0.016343856
2024-05-06,IWM,0.0022467135,-0.08235389,0.084600605,train,-0.053049985
2024-05-06,SPY,0.0011027155,0.00979075,0.0086880345,train,0.0144636445
2024-05-06,TLT,0.006079752,-0.08191194,0.087991685,train,-0.06576514
2024-05-07,EFA,-0.001130355,-0.014411948,0.013281593,train,-0.07224211
2024-05-07,IWM,-0.005822612,0.017126802,0.022949414,train,-0.08235389
2024-05-07,SPY,9.675076e-05,0.023664903,0.023568152,train,0.00979075
2024-05-07,TLT,-0.006079752,-0.043991517,0.037911765,train,-0.08191194
2024-05-08,EFA,0.0076361136,-0.030769104,0.038405217,train,-0.014411948
2024-05-08,IWM,0.010155345,0.019231495,0.009076149,train,0.017126802
2024-05-08,SPY,0.005745191,0.04557211,0.03982692,train,0.023664903
2024-05-08,TLT,0.004866937,0.017668847,0.01280191,train,-0.043991517
2024-05-09,EFA,0.0018687346,0.061018463,0.059149727,train,-0.030769104
2024-05-09,IWM,-0.0075579286,-0.003309032,0.0042488966,train,0.019231495
2024-05-09,SPY,0.0012874225,0.039204754,0.03791733,train,0.04557211
2024-05-09,TLT,-0.0056433403,-0.020571575,0.014928235,train,0.017668847
2024-05-10,EFA,0.0,0.005525971,0.005525971,train,0.061018463
2024-05-10,IWM,0.0021025073,-0.009766161,0.011868669,train,-0.003309032
2024-05-10,SPY,0.00013436658,0.08633947,0.08620511,train,0.039204754
2024-05-10,TLT,0.0025488576,-0.023415882,0.02596474,train,-0.020571575
2024-05-13,EFA,0.0074405135,0.015173791,0.0077332775,train,0.005525971
2024-05-13,IWM,0.01030138,0.038406525,0.028105143,train,-0.009766161
2024-05-13,SPY,0.0045777718,0.10590391,0.10132614,train,0.08633947
2024-05-13,TLT,0.0056289244,0.006099146,0.0004702215,train,-0.023415882
2024-05-14,EFA,0.010569178,-0.023185855,0.033755034,train,0.015173791
2024-05-14,IWM,0.012394979,-0.03303827,0.04543325,train,0.038406525
2024-05-14,SPY,0.012306916,-0.03139279,0.043699704,train,0.10590391
2024-05-14,TLT,0.013555165,0.008259047,0.0052961186,train,0.006099146
2024-05-15,EFA,-0.0053935735,0.035263855,0.040657427,train,-0.023185855
2024-05-15,IWM,-0.007235692,-0.016480442,0.00924475,train,-0.03303827
2024-05-15,SPY,-0.0020599454,-0.0110596195,0.008999674,train,-0.03139279
2024-05-15,TLT,-0.0009776166,0.025555316,0.026532933,train,0.008259047
2024-05-16,EFA,0.0034356473,-0.049481038,0.052916687,train,0.035263855
2024-05-16,IWM,0.00072102784,0.013861354,0.013140326,train,-0.016480442
2024-05-16,SPY,0.0014365779,-0.03940284,0.040839415,train,-0.0110596195
2024-05-16,TLT,-0.006761289,-0.029091131,0.02232984,train,0.025555316
2024-05-17,EFA,0.00073463423,-0.026439145,0.02717378,train,-0.049481038
2024-05-17,IWM,0.0022081349,0.04034887,0.038140733,train,0.013861354
2024-05-17,SPY,0.0011515423,-0.05774988,0.05890142,train,-0.03940284
2024-05-17,TLT,-0.0029586535,-0.058069337,0.055110686,train,-0.029091131
2024-05-20,EFA,-0.0015923901,-0.022527918,0.020935528,train,-0.026439145
2024-05-20,IWM,-0.0009593393,0.09471388,0.09567322,train,0.04034887
2024-05-20,SPY,0.0024494391,0.11573991,0.113290474,train,-0.05774988
2024-05-20,TLT,0.005144542,-0.025214735,0.030359278,train,-0.058069337
2024-05-21,EFA,-0.009484599,-0.056897063,0.047412463,train,-0.022527918
2024-05-21,IWM,-0.008483706,0.10358754,0.112071246,train,0.09471388
2024-05-21,SPY,-0.0028834657,0.05246665,0.055350114,train,0.11573991
2024-05-21,TLT,0.0012004705,-0.007713001,0.008913471,train,-0.025214735
2024-05-22,EFA,-0.0050871717,-0.05353603,0.04844886,train,-0.056897063
2024-05-22,IWM,-0.016546214,0.010983517,0.027529731,train,0.10358754
2024-05-22,SPY,-0.007330837,-0.08056407,0.07323323,train,0.05246665
2024-05-22,TLT,-0.006454888,-0.017489042,0.011034154,train,-0.007713001
2024-05-23,EFA,0.008176531,-0.025732856,0.033909388,train,-0.05353603
2024-05-23,IWM,0.011012612,0.014595782,0.0035831705,train,0.010983517
2024-05-23,SPY,0.0065947147,-0.07608482,0.08267954,train,-0.08056407
2024-05-23,TLT,0.002958978,0.04533257,0.04237359,train,-0.017489042
2024-05-24,EFA,-0.0003701954,-0.014693655,0.01432346,train,-0.025732856
2024-05-24,IWM,-0.00136389,-0.024147501,0.022783611,train,0.014595782
2024-05-24,SPY,0.00069834676,0.024546292,0.023847945,train,-0.07608482
2024-05-24,TLT,-0.014439447,0.10956049,0.12399994,train,0.04533257
2024-05-28,EFA,-0.015924864,-0.04095858,0.025033716,train,-0.014693655
2024-05-28,IWM,-0.014879144,-0.01865069,0.0037715463,train,-0.024147501
2024-05-28,SPY,-0.0070270803,0.030310716,0.037337795,train,0.024546292
2024-05-28,TLT,-0.012175462,0.10157527,0.11375073,train,0.10956049
2024-05-29,EFA,0.008367375,0.028221969,0.019854594,train,-0.04095858
2024-05-29,IWM,0.00945413,-0.0057666376,0.015220768,train,-0.01865069
2024-05-29,SPY,-0.00665599,-0.0067272186,7.122848e-05,train,0.030310716
2024-05-29,TLT,0.009618579,-0.057055596,0.06667417,train,0.10157527
2024-05-30,EFA,0.009530282,-0.034527157,0.044057436,train,0.028221969
2024-05-30,IWM,0.008393818,-0.027359173,0.03575299,train,-0.0057666376
2024-05-30,SPY,0.009067096,0.090810716,0.08174362,train,-0.0067272186
2024-05-30,TLT,0.0067668646,0.025402486,0.018635621,train,-0.057055596
2024-05-31,EFA,0.00282929,0.031676527,0.028847236,train,-0.034527157
2024-05-31,IWM,-0.005653239,0.021136515,0.026789755,train,-0.027359173
2024-05-31,SPY,0.00081509125,0.11284712,0.112032026,train,0.090810716
2024-05-31,TLT,0.016045293,0.058781397,0.042736106,train,0.025402486
2024-06-03,EFA,-0.0012291557,-0.014559062,0.013329906,train,0.031676527
2024-06-03,IWM,-0.012986622,-0.002131639,0.010854983,train,0.021136515
2024-06-03,SPY,0.0011173806,-0.04004713,0.041164514,train,0.11284712
2024-06-03,TLT,0.011613194,-0.08020154,0.09181473,train,0.058781397
2024-06-04,EFA,0.0069856676,-0.0021545999,0.009140268,train,-0.014559062
2024-06-04,IWM,0.01518341,-0.0042344797,0.01941789,train,-0.002131639
2024-06-04,SPY,0.01181482,-0.005531667,0.017346486,train,-0.04004713
2024-06-04,TLT,0.0073114666,-0.03218183,0.039493296,train,-0.08020154
2024-06-05,EFA,0.0034139648,0.05290623,0.049492266,train,-0.0021545999
2024-06-05,IWM,-0.00719445,-0.028765881,0.021571431,train,-0.0042344797
2024-06-05,SPY,-1.8775116e-05,0.005635254,0.005654029,train,-0.005531667
2024-06-05,TLT,-0.0015009615,-0.042897645,0.041396685,train,-0.03218183
2024-06-06,EFA,-0.010891778,0.023842,0.03473378,train,0.05290623
2024-06-06,IWM,-0.011808648,-0.023225097,0.011416449,train,-0.028765881
2024-06-06,SPY,-0.0012163521,-0.0040809372,0.0028645853,train,0.005635254
2024-06-06,TLT,-0.018516023,0.0074969344,0.026012957,train,-0.042897645
2024-06-07,EFA,-0.00073862297,0.036062684,0.03680131,train,0.023842
2024-06-07,IWM,0.0034235348,0.0014092484,0.0020142864,train,-0.023225097
2024-06-07,SPY,0.0030850205,-0.040150307,0.043235328,train,-0.0040809372
2024-06-07,TLT,-0.0066887024,-0.09860356,0.09191486,train,0.0074969344
2024-06-10,EFA,-0.011428377,-0.0004741922,0.010954184,train,0.036062684
2024-06-10,IWM,-0.0034231478,-0.0025587166,0.00086443126,train,0.0014092484
2024-06-10,SPY,0.0024054002,-0.016392557,0.018797956,train,-0.040150307
2024-06-10,TLT,0.010288815,-0.0396256,0.049914416,train,-0.09860356
2024-06-11,EFA,0.011716547,0.03854047,0.026823923,train,-0.0004741922
2024-06-11,IWM,0.01523421,-0.0061691543,0.021403365,train,-0.0025587166
2024-06-11,SPY,0.008179347,-0.03146331,0.039642658,train,-0.016392557
2024-06-11,TLT,0.0074859424,-0.024734426,0.032220367,train,-0.0396256
2024-06-12,EFA,-0.01438148,-0.010811362,0.003570118,train,0.03854047
2024-06-12,IWM,-0.008775788,0.06590703,0.07468282,train,-0.0061691543
2024-06-12,SPY,0.002011553,0.01732568,0.015314128,train,-0.03146331
2024-06-12,TLT,0.01459208,-0.004419964,0.019012045,train,-0.024734426
2024-06-13,EFA,-0.011116152,-0.10534026,0.0942241,train,-0.010811362
2024-06-13,IWM,-0.016023668,0.005435707,0.021459375,train,0.06590703
2024-06-13,SPY,0.0006083179,0.06541361,0.06480529,train,0.01732568
2024-06-13,TLT,0.008379959,-0.009510228,0.017890187,train,-0.004419964
2024-06-14,EFA,0.0039751898,0.020258455,0.016283264,train,-0.10534026
2024-06-14,IWM,0.008368354,-0.013519309,0.021887664,train,0.005435707
2024-06-14,SPY,0.007927408,0.043836173,0.035908766,train,0.06541361
2024-06-14,TLT,-0.009978881,0.03165861,0.041637488,train,-0.009510228
2024-06-17,EFA,0.0039593484,0.025329549,0.0213702,train,0.020258455
2024-06-17,IWM,0.0017450253,-0.06297387,0.064718895,train,-0.013519309
2024-06-17,SPY,0.0025372875,0.005059636,0.0025223487,train,0.043836173
2024-06-17,TLT,0.009133499,0.09627043,0.087136924,train,0.03165861
2024-06-18,EFA,0.00063711265,0.01812966,0.017492548,train,0.025329549
2024-06-18,IWM,-0.0042431685,-0.028254334,0.024011165,train,-0.06297387
2024-06-18,SPY,-0.0027199902,0.028980765,0.031700756,train,0.005059636
2024-06-18,TLT,-0.0066826288,-0.013331684,0.0066490555,train,0.09627043
2024-06-20,EFA,-0.007031075,0.023625974,0.03065705,train,0.01812966
2024-06-20,IWM,0.0022485938,-0.013444237,0.015692832,train,-0.028254334
2024-06-20,SPY,-0.0013418298,-0.040627293,0.039285462,train,0.028980765
2024-06-20,TLT,0.0,0.05843043,0.05843043,train,-0.013331684
2024-06-21,EFA,0.007922372,0.025651019,0.017728647,train,0.023625974
2024-06-21,IWM,0.0043330635,-0.001000884,0.0053339475,train,-0.013444237
2024-06-21,SPY,-0.003255972,-0.12817705,0.124921076,train,-0.040627293
2024-06-21,TLT,0.0040360857,-0.039723728,0.043759815,train,0.05843043
2024-06-24,EFA,0.0024154258,0.007097408,0.004681982,train,0.025651019
2024-06-24,IWM,-0.0032853752,0.07736476,0.080650136,train,-0.001000884
2024-06-24,SPY,0.0038437287,-0.03506859,0.03891232,train,-0.12817705
2024-06-24,TLT,0.0016946116,0.026144046,0.024449434,train,-0.039723728
2024-06-25,EFA,-0.0073913983,0.028422687,0.035814084,train,0.007097408
2024-06-25,IWM,-0.002646124,0.039582446,0.042228572,train,0.07736476
2024-06-25,SPY,0.0012472821,0.044629738,0.043382455,train,-0.03506859
2024-06-25,TLT,-0.014388706,-0.027759187,0.013370481,train,0.026144046
2024-06-26,EFA,0.00076708465,0.021580515,0.020813432,train,0.028422687
2024-06-26,IWM,0.010097398,0.06504746,0.05495006,train,0.039582446
2024-06-26,SPY,0.0015752037,0.0022090748,0.00063387107,train,0.044629738
2024-06-26,TLT,0.003964343,0.06893857,0.064974226,train,-0.027759187
2024-06-27,EFA,0.0011497294,0.0075445157,0.0063947863,train,0.021580515
2024-06-27,IWM,0.0040991735,-0.002422968,0.0065221414,train,0.06504746
2024-06-27,SPY,-0.003942957,-0.019207591,0.015264634,train,0.0022090748
2024-06-27,TLT,-0.01878095,-0.045928273,0.027147323,train,0.06893857
2024-06-28,EFA,0.0017855611,0.0076488275,0.0058632665,train,0.0075445157
2024-06-28,IWM,-0.008414185,0.008910056,0.01732424,train,-0.002422968
2024-06-28,SPY,0.002056107,-0.012043916,0.014100023,train,-0.019207591
2024-06-28,TLT,-0.017409705,-0.018349737,0.0009400323,train,-0.045928273
2024-07-01,EFA,0.0024185004,0.0002770815,0.0021414189,train,0.0076488275
2024-07-01,IWM,0.0034237287,-0.0024511497,0.0058748787,train,0.008910056
2024-07-01,SPY,0.0067069884,0.03021117,0.02350418,train,-0.012043916
2024-07-01,TLT,0.0077552292,0.008340895,0.0005856659,train,-0.018349737
2024-07-02,EFA,0.011376604,0.02897748,0.017600875,train,0.0002770815
2024-07-02,IWM,-0.0002476425,0.024489775,0.024737418,train,-0.0024511497
2024-07-02,SPY,0.0044527757,-0.015862618,0.020315394,train,0.03021117
2024-07-02,TLT,0.013048116,-0.087559685,0.1006078,train,0.008340895
2024-07-03,EFA,0.0066395863,0.04709746,0.040457875,train,0.02897748
2024-07-03,IWM,-0.0047679204,0.0064607672,0.011228688,train,0.024489775
2024-07-03,SPY,0.0057499805,0.011892088,0.0061421073,train,-0.015862618
2024-07-03,TLT,0.008244528,-0.08110167,0.0893462,train,-0.087559685
2024-07-05,EFA,-0.0050068363,0.04862194,0.053628776,train,0.04709746
2024-07-05,IWM,0.0069950353,0.026161317,0.019166281,train,0.0064607672
2024-07-05,SPY,0.0011531577,-0.026866738,0.028019896,train,0.011892088
2024-07-05,TLT,0.0021583533,-0.028221868,0.030380221,train,-0.08110167
2024-07-08,EFA,-0.0040236576,-0.04900257,0.044978913,train,0.04862194
2024-07-08,IWM,-0.0043599624,0.024457034,0.028816996,train,0.026161317
2024-07-08,SPY,0.0009720449,-0.005112565,0.00608461,train,-0.026866738
2024-07-08,TLT,-0.004429862,0.0325587,0.03698856,train,-0.028221868
2024-07-09,EFA,0.014012386,-0.03456331,0.048575696,train,-0.04900257
2024-07-09,IWM,0.009733898,0.04687886,0.037144963,train,0.024457034
2024-07-09,SPY,0.009846554,0.016713645,0.006867091,train,-0.005112565
2024-07-09,TLT,0.003135427,-0.0018394813,0.004974908,train,0.0325587
2024-07-10,EFA,0.0028534543,0.10338181,0.10052836,train,-0.03456331
2024-07-10,IWM,0.035313427,0.053194087,0.01788066,train,0.04687886
2024-07-10,SPY,-0.008659992,0.0105662905,0.019226283,train,0.016713645
2024-07-10,TLT,0.009668149,0.04882777,0.039159622,train,-0.0018394813
2024-07-11,EFA,0.01059786,0.002209521,0.00838834,train,0.10338181
2024-07-11,IWM,0.011608892,0.1136896,0.10208071,train,0.053194087
2024-07-11,SPY,0.0062878667,-0.054519698,0.060807563,train,0.0105662905
2024-07-11,TLT,0.0042671524,0.06653322,0.06226607,train,0.04882777
2024-07-12,EFA,-0.008864923,0.062307533,0.07117245,train,0.002209521
2024-07-12,IWM,0.018823449,-0.09876408,0.11758752,train,0.1136896
2024-07-12,SPY,0.0027462915,-0.041708697,0.044454988,train,-0.054519698
2024-07-12,TLT,-0.011563169,0.034022532,0.0455857,train,0.06653322
2024-07-15,EFA,0.004811545,-0.076324195,0.08113574,train,0.062307533
2024-07-15,IWM,0.033548392,-0.019814841,0.053363234,train,-0.09876408
2024-07-15,SPY,0.0059127957,-0.05540473,0.061317526,train,-0.041708697
2024-07-15,TLT,0.014008566,0.015100349,0.0010917829,train,0.034022532
2024-07-16,EFA,-0.0053063636,0.01270251,0.018008873,train,-0.076324195
2024-07-16,IWM,-0.01051819,0.027754944,0.038273133,train,-0.019814841
2024-07-16,SPY,-0.014120612,-0.056699872,0.04257926,train,-0.05540473
2024-07-16,TLT,0.00021224743,-0.08850579,0.088718034,train,0.015100349
2024-07-17,EFA,-0.00994794,-0.039083794,0.029135853,train,0.01270251
2024-07-17,IWM,-0.019537188,-0.108970895,0.08943371,train,0.027754944
2024-07-17,SPY,-0.0077145435,-0.022696141,0.014981598,train,-0.056699872
2024-07-17,TLT,-0.0076732,-0.039812822,0.03213962,train,-0.08850579
2024-07-18,EFA,-0.0061423187,-0.028998282,0.022855964,train,-0.039083794
2024-07-18,IWM,-0.0051059155,-0.12383196,0.118726045,train,-0.108970895
2024-07-18,SPY,-0.006662658,0.03686281,0.04352547,train,-0.022696141
2024-07-18,TLT,-0.0059018517,0.00084273145,0.006744583,train,-0.039812822
2024-07-19,EFA,0.010506761,-0.031610414,0.042117175,train,-0.028998282
2024-07-19,IWM,0.015785046,-0.051232334,0.06701738,train,-0.12383196
2024-07-19,SPY,0.010257135,-0.00055146497,0.0108086,train,0.03686281
2024-07-19,TLT,-0.002909746,-0.06750769,0.06459795,train,0.00084273145
2024-07-22,EFA,-0.005614747,0.03465758,0.040272325,train,-0.031610414
2024-07-22,IWM,0.010566431,0.061708342,0.05114191,train,-0.051232334
2024-07-22,SPY,-0.0015697388,-0.047535438,0.045965698,train,-0.00055146497
2024-07-22,TLT,-0.0014042602,-0.009726929,0.008322668,train,-0.06750769
2024-07-23,EFA,-0.012718178,-0.05173282,0.03901464,train,0.03465758
2024-07-23,IWM,-0.021704448,0.089915946,0.1116204,train,0.061708342
2024-07-23,SPY,-0.022923453,0.016423628,0.039347082,train,-0.047535438
2024-07-23,TLT,-0.010867281,0.00046340004,0.011330681,train,-0.009726929
2024-07-24,EFA,-0.0063564684,-0.041398894,0.035042427,train,-0.05173282
2024-07-24,IWM,0.0124084195,0.14221905,0.12981063,train,0.089915946
2024-07-24,SPY,-0.005223947,0.015733425,0.020957371,train,0.016423628
2024-07-24,TLT,0.008161512,0.03220998,0.02404847,train,0.00046340004
2024-07-25,EFA,0.012672686,0.045280814,0.03260813,train,-0.041398894
2024-07-25,IWM,0.01641254,0.0133666955,0.003045844,train,0.14221905
2024-07-25,SPY,0.011137545,-0.08182968,0.09296723,train,0.015733425
2024-07-25,TLT,0.0077729593,-0.037097007,0.044869967,train,0.03220998
2024-07-26,EFA,-0.0044172206,-0.0056833723,0.0012661517,train,0.045280814
2024-07-26,IWM,-0.011167353,0.02786211,0.039029464,train,0.0133666955
2024-07-26,SPY,0.0005876042,0.051337447,0.050749842,train,-0.08182968
2024-07-26,TLT,0.005362416,-0.034789585,0.040152002,train,-0.037097007
2024-07-29,EFA,0.0022742285,-0.03469748,0.03697171,train,-0.0056833723
2024-07-29,IWM,0.0037812819,0.06724088,0.0634596,train,0.02786211
2024-07-29,SPY,-0.005079347,-0.047255535,0.042176187,train,0.051337447
2024-07-29,TLT,0.0038434456,-0.013048043,0.016891489,train,-0.034789585
2024-07-30,EFA,0.014035215,0.00026614033,0.013769074,train,-0.03469748
2024-07-30,IWM,0.0057791746,0.04321501,0.037435837,train,0.06724088
2024-07-30,SPY,0.016123772,-0.014017519,0.03014129,train,-0.047255535
2024-07-30,TLT,0.010176887,-0.060253896,0.070430785,train,-0.013048043
2024-07-31,EFA,-0.026863238,0.031012658,0.057875894,train,0.00026614033
2024-07-31,IWM,-0.033060934,0.020431045,0.05349198,train,0.04321501
2024-07-31,SPY,-0.014262159,-0.01820216,0.00394,train,-0.014017519
2024-07-31,TLT,0.008587811,-0.021652523,0.030240335,train,-0.060253896
2024-08-01,EFA,-0.015847871,0.03677621,0.052624084,train,0.031012658
2024-08-01,IWM,-0.03600857,0.020809606,0.056818176,train,0.020431045
2024-08-01,SPY,-0.018793888,-0.14892626,0.13013238,train,-0.01820216
2024-08-01,TLT,0.030686019,-0.049200267,0.07988629,train,-0.021652523
2024-08-02,EFA,-0.022059606,0.07645047,0.09851007,train,0.03677621
2024-08-02,IWM,-0.032694064,0.06872152,0.10141558,train,0.020809606
2024-08-02,SPY,-0.029556261,-0.0861218,0.056565538,train,-0.14892626
2024-08-02,TLT,0.0052770535,0.0043317815,0.0009452719,train,-0.049200267
2024-08-05,EFA,0.0017243709,0.16277185,0.16104747,train,0.07645047
2024-08-05,IWM,0.010821527,0.034181952,0.023360426,train,0.06872152
2024-08-05,SPY,0.00917752,0.0056264773,0.0035510426,train,-0.0861218
2024-08-05,TLT,-0.022622606,-0.051192008,0.028569402,train,0.0043317815
2024-08-06,EFA,0.004760054,0.1125942,0.107834145,train,0.16277185
2024-08-06,IWM,-0.011910148,-0.09526816,0.08335801,train,0.034181952
2024-08-06,SPY,-0.0067065605,0.17132175,0.17802832,train,0.0056264773
2024-08-06,TLT,-0.0070648436,-0.032139096,0.025074253,train,-0.051192008
2024-08-07,EFA,0.016613737,0.08730711,0.07069337,train,0.1125942
2024-08-07,IWM,0.024018537,-0.007349234,0.03136777,train,-0.09526816
2024-08-07,SPY,0.022854049,0.05988099,0.03702694,train,0.17132175
2024-08-07,TLT,-0.006170512,-0.045191605,0.039021093,train,-0.032139096
2024-08-08,EFA,0.0038844084,0.08518714,0.08130273,train,0.08730711
2024-08-08,IWM,-0.0020804787,-0.082604736,0.08052426,train,-0.007349234
2024-08-08,SPY,0.004400229,0.1070019,0.10260167,train,0.05988099
2024-08-08,TLT,0.00981313,-0.037376907,0.047190037,train,-0.045191605
2024-08-09,EFA,-0.0009050098,0.010146918,0.011051928,train,0.08518714
2024-08-09,IWM,-0.009049849,0.081663,0.090712845,train,-0.082604736
2024-08-09,SPY,0.0005251717,-0.048630517,0.04915569,train,0.1070019
2024-08-09,TLT,0.0036292286,-0.010848938,0.014478166,train,-0.037376907
2024-08-12,EFA,0.017057184,-0.061025653,0.07808284,train,0.010146918
2024-08-12,IWM,0.016336896,0.0010348968,0.015301999,train,0.081663
2024-08-12,SPY,0.016311856,-0.06869818,0.08501004,train,-0.048630517
2024-08-12,TLT,0.0069112713,0.004236063,0.0026752083,train,-0.010848938
2024-08-13,EFA,0.0036808597,-0.066272825,0.06995369,train,-0.061025653
2024-08-13,IWM,-0.0062221107,0.04570436,0.05192647,train,0.0010348968
2024-08-13,SPY,0.0031497632,0.0048909076,0.0017411443,train,-0.06869818
2024-08-13,TLT,0.006250944,0.04997802,0.043727078,train,0.004236063
2024-08-14,EFA,0.012089345,-0.088749364,0.100838706,train,-0.066272825
2024-08-14,IWM,0.025603274,0.017572824,0.00803045,train,0.04570436
2024-08-14,SPY,0.016995074,0.058818575,0.0418235,train,0.0048909076
2024-08-14,TLT,-0.008102834,0.096609265,0.1047121,train,0.04997802
2024-08-15,EFA,0.0054924176,-0.0058602244,0.0113526415,train,-0.088749364
2024-08-15,IWM,0.0026375635,0.048332732,0.045695167,train,0.017572824
2024-08-15,SPY,0.0022395437,0.010747528,0.008507984,train,0.058818575
2024-08-15,TLT,0.003495494,0.115829974,0.11233448,train,0.096609265
2024-08-16,EFA,0.012125808,-0.0048712883,0.016997095,train,-0.0058602244
2024-08-16,IWM,0.012155249,0.016673815,0.0045185657,train,0.048332732
2024-08-16,SPY,0.009515921,0.046533603,0.03701768,train,0.010747528
2024-08-16,TLT,0.0046073403,-0.012928691,0.017536031,train,0.115829974
2024-08-19,EFA,-0.0030793285,-0.03296461,0.02988528,train,-0.0048712883
2024-08-19,IWM,-0.011731979,-0.052363917,0.04063194,train,0.016673815
2024-08-19,SPY,-0.001627451,0.020315014,0.021942465,train,0.046533603
2024-08-19,TLT,0.007936505,-0.032324366,0.04026087,train,-0.012928691
2024-08-20,EFA,0.00920988,0.022996757,0.0137868775,train,-0.03296461
2024-08-20,IWM,0.012939583,-0.115712285,0.12865187,train,-0.052363917
2024-08-20,SPY,0.003430646,0.05072197,0.047291324,train,0.020315014
2024-08-20,TLT,0.0006080456,0.002889526,0.0022814805,train,-0.032324366
2024-08-21,EFA,-0.005884602,0.008090543,0.013975145,train,0.022996757
2024-08-21,IWM,-0.008857478,-0.08060181,0.07174433,train,-0.115712285
2024-08-21,SPY,-0.007879448,-0.038030498,0.03015105,train,0.05072197
2024-08-21,TLT,-0.00997567,0.02485117,0.034826837,train,0.002889526
2024-08-22,EFA,0.018154701,0.06318137,0.045026667,train,0.008090543
2024-08-22,IWM,0.0314355,0.051257398,0.019821897,train,-0.08060181
2024-08-22,SPY,0.010569369,-0.15993047,0.17049983,train,-0.038030498
2024-08-22,TLT,0.0065260087,0.029521726,0.022995718,train,0.02485117
2024-08-23,EFA,-0.0044775107,0.049464103,0.053941615,train,0.06318137
2024-08-23,IWM,0.0003174635,0.066002935,0.06568547,train,0.051257398
2024-08-23,SPY,-0.0023866564,-0.055730786,0.05334413,train,-0.15993047
2024-08-23,TLT,-0.0025442415,0.0070306584,0.009574899,train,0.029521726
2024-08-26,EFA,0.004598299,0.0044403467,0.00015795231,train,0.049464103
2024-08-26,IWM,-0.0077869263,-0.011482809,0.0036958824,train,0.066002935
2024-08-26,SPY,0.0013720744,-0.065235935,0.06660801,train,-0.055730786
2024-08-26,TLT,-0.001733629,-0.040301092,0.03856746,train,0.0070306584
2024-08-27,EFA,-0.0035072442,0.024621073,0.028128317,train,0.0044403467
2024-08-27,IWM,-0.0067892666,0.01245068,0.019239947,train,-0.011482809
2024-08-27,SPY,-0.0058221817,-0.09077296,0.084950775,train,-0.065235935
2024-08-27,TLT,-0.0012254029,-0.0015234016,0.00029799866,train,-0.040301092
2024-08-28,EFA,0.0037484867,0.02591357,0.022165082,train,0.024621073
2024-08-28,IWM,0.0071091102,-0.036697216,0.043806326,train,0.01245068
2024-08-28,SPY,8.9497036e-05,-0.13564348,0.13573298,train,-0.09077296
2024-08-28,TLT,-0.003275855,-0.011742812,0.008466957,train,-0.0015234016
2024-08-29,EFA,0.0015679639,0.01276616,0.011198197,train,0.02591357
2024-08-29,IWM,0.005787455,-0.058923975,0.06471143,train,-0.036697216
2024-08-29,SPY,0.00950087,-0.0727181,0.08221897,train,-0.13564348
2024-08-29,TLT,-0.010720556,0.0051042624,0.015824817,train,-0.011742812
2024-08-30,EFA,-0.015912892,-0.09241025,0.07649736,train,0.01276616
2024-08-30,IWM,-0.031057293,-0.033015054,0.0019577611,train,-0.058923975
2024-08-30,SPY,-0.020793766,-0.06300497,0.042211205,train,-0.0727181
2024-08-30,TLT,0.016222853,-0.011817373,0.028040227,train,0.0051042624
2024-09-03,EFA,-0.0044177542,-0.0491322,0.044714447,train,-0.09241025
2024-09-03,IWM,-0.0016886173,0.031423867,0.033112485,train,-0.033015054
2024-09-03,SPY,-0.0020490284,0.04441853,0.046467558,train,-0.06300497
2024-09-03,TLT,0.012807661,0.00069833174,0.012109329,train,-0.011817373
2024-09-04,EFA,0.00024594893,-0.030711953,0.030957902,train,-0.0491322
2024-09-04,IWM,-0.004989306,0.042660017,0.047649324,train,0.031423867
2024-09-04,SPY,-0.0024350332,-0.008928701,0.006493668,train,0.04441853
2024-09-04,TLT,0.005640052,-0.009091234,0.014731286,train,0.00069833174
2024-09-05,EFA,-0.01899124,0.009158213,0.028149452,train,-0.030711953
2024-09-05,IWM,-0.019198816,0.019484323,0.03868314,train,0.042660017
2024-09-05,SPY,-0.01697347,0.0066667087,0.023640178,train,-0.008928701
2024-09-05,TLT,-0.00010046159,-0.03397826,0.0338778,train,-0.009091234
2024-09-06,EFA,0.009974929,-0.037208796,0.047183722,train,0.009158213
2024-09-06,IWM,0.002786034,0.0012212778,0.0015647563,train,0.019484323
2024-09-06,SPY,0.0111339735,0.05388574,0.042751767,train,0.0066667087
2024-09-06,TLT,0.0043095397,-0.038801685,0.043111224,train,-0.03397826
2024-09-09,EFA,-0.0049750768,-0.04824135,0.043266274,train,-0.037208796
2024-09-09,IWM,-0.0008158142,-0.111387715,0.1105719,train,0.0012212778
2024-09-09,SPY,0.004346293,0.0057289004,0.0013826075,train,0.05388574
2024-09-09,TLT,0.006976645,-0.03159551,0.038572155,train,-0.038801685
2024-09-10,EFA,0.005967268,-0.019864779,0.025832046,train,-0.04824135
2024-09-10,IWM,0.0029239506,-0.006559976,0.009483926,train,-0.111387715
2024-09-10,SPY,0.010206713,0.035335883,0.02512917,train,0.0057289004
2024-09-10,TLT,-0.00079510984,0.03470804,0.035503153,train,-0.03159551
2024-09-11,EFA,0.008147121,-0.0056244843,0.013771606,train,-0.019864779
2024-09-11,IWM,0.012793689,0.0683665,0.055572808,train,-0.006559976
2024-09-11,SPY,0.008388046,0.020176545,0.011788499,train,0.035335883
2024-09-11,TLT,-0.0046823844,0.059342247,0.06402463,train,0.03470804
2024-09-12,EFA,0.0023331672,0.022814967,0.020481799,train,-0.0056244843
2024-09-12,IWM,0.024368672,0.06530461,0.040935934,train,0.0683665
2024-09-12,SPY,0.005209041,0.0031968998,0.002012141,train,0.020176545
2024-09-12,TLT,0.0026924475,0.064186946,0.0614945,train,0.059342247
2024-09-13,EFA,0.0080626225,0.011224963,0.0031623403,train,0.022814967
2024-09-13,IWM,0.0035907924,0.039796572,0.03620578,train,0.06530461
2024-09-13,SPY,0.001475992,0.040369675,0.03889368,train,0.0031968998
2024-09-13,TLT,0.009120939,0.037780497,0.028659558,train,0.064186946
2024-09-16,EFA,-0.005612472,0.022870976,0.028483449,train,0.011224963
2024-09-16,IWM,0.00823765,0.050996304,0.042758655,train,0.039796572
2024-09-16,SPY,0.00040847703,0.06240612,0.06199764,train,0.040369675
2024-09-16,TLT,-0.0048474795,0.10980503,0.114652514,train,0.037780497
2024-09-17,EFA,-0.0031862692,0.019772306,0.022958575,train,0.022870976
2024-09-17,IWM,0.00018216138,-0.06573273,0.06591489,train,0.050996304
2024-09-17,SPY,-0.002970338,0.013625599,0.016595937,train,0.06240612
2024-09-17,TLT,-0.012473324,0.034618363,0.047091685,train,0.10980503
2024-09-18,EFA,0.019569065,-0.025656248,0.045225315,train,0.019772306
2024-09-18,IWM,0.02038776,0.017181784,0.0032059755,train,-0.06573273
2024-09-18,SPY,0.016920548,0.031693686,0.014773138,train,0.013625599
2024-09-18,TLT,-0.003319085,0.01680117,0.020120254,train,0.034618363
2024-09-19,EFA,-0.009919027,0.059545968,0.069465,train,-0.025656248
2024-09-19,IWM,-0.010773446,-0.053346816,0.04257337,train,0.017181784
2024-09-19,SPY,-0.001730104,-0.030917393,0.029187288,train,0.031693686
2024-09-19,TLT,-0.0038354688,-0.019924533,0.016089063,train,0.01680117
2024-09-20,EFA,0.0037615134,0.07189125,0.06812973,train,0.059545968
2024-09-20,IWM,-0.0036624672,-0.047575116,0.04391265,train,-0.053346816
2024-09-20,SPY,0.0024955536,-0.019819364,0.022314917,train,-0.030917393
2024-09-20,TLT,-0.0021261552,-0.008846439,0.006720284,train,-0.019924533
2024-09-23,EFA,0.0059167454,0.061128814,0.05521207,train,0.07189125
2024-09-23,IWM,0.0016746692,0.05302584,0.05135117,train,-0.047575116
2024-09-23,SPY,0.0028572849,0.12075524,0.11789796,train,-0.019819364
2024-09-23,TLT,-0.00020260122,-0.029827043,0.029624442,train,-0.008846439
2024-09-24,EFA,-0.0054325084,0.045635138,0.051067647,train,0.061128814
2024-09-24,IWM,-0.012272289,-0.0708161,0.05854381,train,0.05302584
2024-09-24,SPY,-0.0022079553,-0.010684842,0.008476887,train,0.12075524
2024-09-24,TLT,-0.0083471,-0.04679541,0.03844831,train,-0.029827043
2024-09-25,EFA,0.021792186,-0.057802,0.07959419,train,0.045635138
2024-09-25,IWM,0.0053145457,-0.08565,0.09096454,train,-0.0708161
2024-09-25,SPY,0.003956872,0.010093395,0.0061365226,train,-0.010684842
2024-09-25,TLT,0.0023481702,-0.018300965,0.020649135,train,-0.04679541
2024-09-26,EFA,-0.006059044,0.1368173,0.14287636,train,-0.057802
2024-09-26,IWM,0.0067398795,-0.041230503,0.047970384,train,-0.08565
2024-09-26,SPY,-0.0014513632,-0.053821407,0.052370045,train,0.010093395
2024-09-26,TLT,0.0051875357,-0.049340215,0.054527752,train,-0.018300965
2024-09-27,EFA,-0.003461516,0.032562014,0.03602353,train,0.1368173
2024-09-27,IWM,0.002538446,-0.04341342,0.045951866,train,-0.041230503
2024-09-27,SPY,0.003999258,-0.097877264,0.10187652,train,-0.053821407
2024-09-27,TLT,-0.0047796876,-0.06911762,0.06433793,train,-0.049340215
2024-09-30,EFA,-0.007441243,-0.039755363,0.03231412,train,0.032562014
2024-09-30,IWM,-0.013674489,-0.035987195,0.022312704,train,-0.04341342
2024-09-30,SPY,-0.008998699,-0.08784437,0.07884567,train,-0.097877264
2024-09-30,TLT,0.0071941046,-0.06332214,0.07051624,train,-0.06911762
2024-10-01,EFA,-0.0020501525,-0.043163586,0.041113432,train,-0.039755363
2024-10-01,IWM,-0.0013778895,-0.011767618,0.0103897285,train,-0.035987195
2024-10-01,SPY,0.00042193278,-0.061067466,0.0614894,train,-0.08784437
2024-10-01,TLT,-0.008462837,-0.045700636,0.0372378,train,-0.06332214
2024-10-02,EFA,-0.00933842,0.019764204,0.029102623,train,-0.043163586
2024-10-02,IWM,-0.0067323796,-0.051165786,0.044433407,train,-0.011767618
2024-10-02,SPY,-0.0018299898,0.048109274,0.049939264,train,-0.061067466
2024-10-02,TLT,-0.009465214,0.058670167,0.06813538,train,-0.045700636
2024-10-03,EFA,0.0058316966,-0.040174857,0.046006553,train,0.019764204
2024-10-03,IWM,0.013876324,-0.0118652815,0.025741605,train,-0.051165786
2024-10-03,SPY,0.009046357,-0.028676264,0.03772262,train,0.048109274
2024-10-03,TLT,-0.012377248,0.026727103,0.03910435,train,0.058670167
2024-10-04,EFA,-0.0055881226,0.014890004,0.020478126,train,-0.040174857
2024-10-04,IWM,-0.0078795105,0.011136074,0.019015584,train,-0.0118652815
2024-10-04,SPY,-0.009081603,-0.043795194,0.034713592,train,-0.028676264
2024-10-04,TLT,-0.007564014,-0.01608692,0.008522905,train,0.026727103
2024-10-07,EFA,-0.0015847816,-0.08991456,0.08832978,train,0.014890004
2024-10-07,IWM,0.00068976014,-0.018970773,0.019660532,train,0.011136074
2024-10-07,SPY,0.009413093,-0.011263452,0.020676546,train,-0.043795194
2024-10-07,TLT,0.0016859192,-0.042914357,0.04460028,train,-0.01608692
2024-10-08,EFA,0.00024399861,-0.0416662,0.041910198,train,-0.08991456
2024-10-08,IWM,0.002203487,0.003364266,0.0011607788,train,-0.018970773
2024-10-08,SPY,0.006902637,-0.038131986,0.045034625,train,-0.011263452
2024-10-08,TLT,-0.0057011056,-0.045697704,0.039996598,train,-0.042914357
2024-10-09,EFA,-0.0012205889,-0.0066643246,0.0054437355,train,-0.0416662
2024-10-09,IWM,-0.005564201,0.019779354,0.025343556,train,0.003364266
2024-10-09,SPY,-0.0017515515,-0.03763806,0.035886507,train,-0.038131986
2024-10-09,TLT,-0.0039252187,0.0019144267,0.0058396454,train,-0.045697704
2024-10-10,EFA,0.0051164916,-0.033535626,0.03865212,train,-0.0066643246
2024-10-10,IWM,0.020132562,-0.008141104,0.028273666,train,0.019779354
2024-10-10,SPY,0.005970232,-0.0075244643,0.0134946965,train,-0.03763806
2024-10-10,TLT,-0.00404726,-0.027717851,0.023670591,train,0.0019144267
2024-10-11,EFA,0.0029119016,-0.020119967,0.023031868,train,-0.033535626
2024-10-11,IWM,0.0073397555,0.043408554,0.036068797,train,-0.008141104
2024-10-11,SPY,0.008145151,-0.018339965,0.026485115,train,-0.0075244643
2024-10-11,TLT,0.0007468139,0.056949172,0.05620236,train,-0.027717851
2024-10-14,EFA,-0.016737435,-0.020835869,0.004098434,train,-0.020119967
2024-10-14,IWM,0.0008073333,-0.024755303,0.025562637,train,0.043408554
2024-10-14,SPY,-0.0077999085,-0.019380977,0.011581069,train,-0.018339965
2024-10-14,TLT,0.012084166,0.008328959,0.0037552062,train,0.056949172
2024-10-15,EFA,0.0025838458,0.061576452,0.058992606,train,-0.020835869
2024-10-15,IWM,0.016318342,-0.03340522,0.049723558,train,-0.024755303
2024-10-15,SPY,0.004336996,-0.019888673,0.024225669,train,-0.019380977
2024-10-15,TLT,0.004205514,-0.03157497,0.035780482,train,0.008328959
2024-10-16,EFA,0.00012282704,-0.06185805,0.061980877,train,0.061576452
2024-10-16,IWM,-0.002738188,0.02501835,0.027756538,train,-0.03340522
2024-10-16,SPY,8.57589e-05,0.015282892,0.015197133,train,-0.019888673
2024-10-16,TLT,-0.015969627,-0.042559978,0.026590351,train,-0.03157497
2024-10-17,EFA,0.0067349984,-0.028127134,0.03486213,train,-0.06185805
2024-10-17,IWM,-0.002080691,-0.018088657,0.016007967,train,0.02501835
2024-10-17,SPY,0.0038391575,-0.047434296,0.051273454,train,0.015282892
2024-10-17,TLT,0.0007460179,0.05974705,0.059001032,train,-0.042559978
2024-10-18,EFA,-0.011908648,0.0034488626,0.01535751,train,-0.028127134
2024-10-18,IWM,-0.015857292,-0.07284571,0.056988418,train,-0.018088657
2024-10-18,SPY,-0.0016435336,-0.03739798,0.035754446,train,-0.047434296
2024-10-18,TLT,-0.017625505,-0.017770033,0.00014452823,train,0.05974705
2024-10-21,EFA,-0.0056972783,0.0056238268,0.011321105,train,0.0034488626
2024-10-21,IWM,-0.0037892577,-0.05070157,0.046912313,train,-0.07284571
2024-10-21,SPY,-0.0005312731,-0.026451983,0.02592071,train,-0.03739798
2024-10-21,TLT,0.0009753439,0.013787592,0.0128122475,train,-0.017770033
2024-10-22,EFA,-0.010111851,0.017071664,0.027183514,train,0.0056238268
2024-10-22,IWM,-0.009171531,-0.0019809967,0.007190534,train,-0.05070157
2024-10-22,SPY,-0.009179503,-0.036168717,0.026989214,train,-0.026451983
2024-10-22,TLT,-0.0027117585,-0.023475282,0.020763524,train,0.013787592
2024-10-23,EFA,0.0056304024,0.018140499,0.012510097,train,0.017071664
2024-10-23,IWM,0.002187033,0.014927374,0.012740341,train,-0.0019809967
2024-10-23,SPY,0.0021605042,-0.034292504,0.03645301,train,-0.036168717
2024-10-23,TLT,0.0063879467,-0.03068878,0.037076727,train,-0.023475282
2024-10-24,EFA,-0.003374516,0.046101283,0.0494758,train,0.018140499
2024-10-24,IWM,-0.0037847066,-0.024745815,0.020961108,train,0.014927374
2024-10-24,SPY,-0.00034545705,0.054168496,0.054513954,train,-0.034292504
2024-10-24,TLT,-0.00562774,-0.02442147,0.01879373,train,-0.03068878
2024-10-25,EFA,0.0079801185,0.039983362,0.032003243,train,0.046101283
2024-10-25,IWM,0.016178004,0.023756895,0.007578891,train,-0.024745815
2024-10-25,SPY,0.003086691,-0.050703723,0.053790413,train,0.054168496
2024-10-25,TLT,-0.002717063,0.0013167374,0.0040338,train,-0.02442147
2024-10-28,EFA,-0.0036081437,0.00045245513,0.004060599,train,0.039983362
2024-10-28,IWM,-0.0032417823,0.045097005,0.048338786,train,0.023756895
2024-10-28,SPY,0.0016169437,-0.005598453,0.0072153965,train,-0.050703723
2024-10-28,TLT,0.0015221051,-0.01634201,0.017864116,train,0.0013167374
2024-10-29,EFA,-0.006502345,0.010270134,0.016772479,train,0.00045245513
2024-10-29,IWM,-0.0013539494,0.055298578,0.056652527,train,0.045097005
2024-10-29,SPY,-0.003029778,-0.044065908,0.04103613,train,-0.005598453
2024-10-29,TLT,0.0029297906,-0.0758325,0.07876229,train,-0.01634201
2024-10-30,EFA,-0.0061661783,0.01931404,0.025480218,train,0.010270134
2024-10-30,IWM,-0.016758101,0.028254505,0.04501261,train,0.055298578
2024-10-30,SPY,-0.019797662,-0.06128237,0.041484706,train,-0.044065908
2024-10-30,TLT,0.0016239015,-0.07239656,0.07402046,train,-0.0758325
2024-10-31,EFA,0.0020174093,0.002467841,0.0004504316,train,0.01931404
2024-10-31,IWM,0.005586812,0.042025726,0.036438916,train,0.028254505
2024-10-31,SPY,0.0042115157,-0.08126843,0.085479945,train,-0.06128237
2024-10-31,TLT,-0.014198755,-0.051885627,0.037686873,train,-0.07239656
2024-11-01,EFA,0.0007556947,0.0015074275,0.00075173285,train,0.002467841
2024-11-01,IWM,0.005056291,0.047382828,0.042326536,train,0.042025726
2024-11-01,SPY,-0.0021563312,0.015923452,0.018079784,train,-0.08126843
2024-11-01,TLT,0.015402662,0.014680529,0.0007221326,train,-0.051885627
2024-11-04,EFA,0.00989542,0.024331484,0.014436064,train,0.0015074275
2024-11-04,IWM,0.018635651,0.027445093,0.008809442,train,0.047382828
2024-11-04,SPY,0.012019311,-0.012260244,0.024279555,train,0.015923452
2024-11-04,TLT,0.0052977153,0.041460656,0.03616294,train,0.014680529
2024-11-05,EFA,-0.014563884,0.0036387984,0.018202681,train,0.024331484
2024-11-05,IWM,0.056315716,-0.02306763,0.07938334,train,0.027445093
2024-11-05,SPY,0.024561431,-0.07570198,0.10026342,train,-0.012260244
2024-11-05,TLT,-0.027770571,0.018609088,0.04637966,train,0.041460656
2024-11-06,EFA,0.015062341,-0.039669514,0.054731853,train,0.0036387984
2024-11-06,IWM,-0.0035472428,-0.05136234,0.047815096,train,-0.02306763
2024-11-06,SPY,0.007702438,0.008245062,0.0005426239,train,-0.07570198
2024-11-06,TLT,0.012450096,0.022700775,0.010250679,train,0.018609088
2024-11-07,EFA,-0.013924673,0.0023071915,0.016231865,train,-0.039669514
2024-11-07,IWM,0.007333958,-0.10010067,0.10743462,train,-0.05136234
2024-11-07,SPY,0.004322552,0.008316018,0.0039934656,train,0.008245062
2024-11-07,TLT,0.012621015,0.0587514,0.046130385,train,0.022700775
2024-11-08,EFA,0.00025252692,-0.024748527,0.025001053,train,0.0023071915
2024-11-08,IWM,0.014922609,-0.15437402,0.16929662,train,-0.10010067
2024-11-08,SPY,0.0009522631,-3.4200028e-05,0.0009864632,train,0.008316018
2024-11-08,TLT,-0.0048772376,0.026083264,0.030960502,train,0.0587514
2024-11-11,EFA,-0.018739864,0.03402795,0.052767813,train,-0.024748527
2024-11-11,IWM,-0.017698161,-0.12585045,0.10815229,train,-0.15437402
2024-11-11,SPY,-0.0031113073,0.05361926,0.05673057,train,-3.4200028e-05
2024-11-11,TLT,-0.015107159,-0.098607734,0.08350058,train,0.026083264
2024-11-12,EFA,-0.005936995,0.029890727,0.035827722,train,0.03402795
2024-11-12,IWM,-0.009945695,-0.14069359,0.1307479,train,-0.12585045
2024-11-12,SPY,0.0004857817,-0.010785937,0.011271719,train,0.05361926
2024-11-12,TLT,-0.009531063,-0.011672165,0.0021411022,train,-0.098607734
2024-11-13,EFA,0.002069114,0.034504887,0.03243577,train,0.029890727
2024-11-13,IWM,-0.013574797,-0.047785405,0.034210607,train,-0.14069359
2024-11-13,SPY,-0.0064509045,0.01888126,0.025332164,train,-0.010785937
2024-11-13,TLT,0.005773933,-0.077207714,0.082981646,train,-0.011672165
2024-11-14,EFA,-0.003623764,0.0033598952,0.006983659,train,0.034504887
2024-11-14,IWM,-0.015029965,0.0051322803,0.020162245,train,-0.047785405
2024-11-14,SPY,-0.012891441,0.021579098,0.03447054,train,0.01888126
2024-11-14,TLT,-0.0026610333,-0.039554033,0.036893,train,-0.077207714
2024-11-15,EFA,0.0054307333,0.046753973,0.04132324,train,0.0033598952
2024-11-15,IWM,0.0019675395,0.033577893,0.031610355,train,0.0051322803
2024-11-15,SPY,0.0040890635,0.0939614,0.08987234,train,0.021579098
2024-11-15,TLT,0.0017747788,-0.06841302,0.0701878,train,-0.039554033
2024-11-18,EFA,-0.0012903592,0.020907642,0.022198,train,0.046753973
2024-11-18,IWM,0.007398544,0.071722284,0.06432374,train,0.033577893
2024-11-18,SPY,0.0036488697,-0.009805944,0.0134548135,train,0.0939614
2024-11-18,TLT,0.0050846455,0.015297513,0.010212868,train,-0.06841302
2024-11-19,EFA,-0.0027151343,-0.0016743354,0.0010407988,train,0.020907642
2024-11-19,IWM,0.001299832,-0.013929765,0.015229597,train,0.071722284
2024-11-19,SPY,0.00033876358,0.029737912,0.02939915,train,-0.009805944
2024-11-19,TLT,-0.0032024719,0.020366784,0.023569256,train,0.015297513
2024-11-20,EFA,0.000258907,0.024085864,0.023826957,train,-0.0016743354
2024-11-20,IWM,0.015085133,-0.045508537,0.060593672,train,-0.013929765
2024-11-20,SPY,0.005353738,0.026237145,0.020883407,train,0.029737912
2024-11-20,TLT,-0.00077456795,0.022248734,0.023023302,train,0.020366784
2024-11-21,EFA,0.0038754793,-0.0006212164,0.0044966955,train,0.024085864
2024-11-21,IWM,0.018301025,-0.017682381,0.035983406,train,-0.045508537
2024-11-21,SPY,0.0030948112,-0.06504763,0.068142444,train,0.026237145
2024-11-21,TLT,0.00055320904,0.0046427734,0.0040895646,train,0.022248734
2024-11-22,EFA,0.0051439838,-0.050443597,0.055587582,train,-0.0006212164
2024-11-22,IWM,0.015088592,-0.013750989,0.02883958,train,-0.017682381
2024-11-22,SPY,0.0033863294,-0.11988184,0.123268165,train,-0.06504763
2024-11-22,TLT,0.025558488,-0.006244097,0.031802587,train,0.0046427734
2024-11-25,EFA,-0.005788821,-0.024036061,0.01824724,train,-0.050443597
2024-11-25,IWM,-0.007370372,0.011329005,0.018699376,train,-0.013750989
2024-11-25,SPY,0.0052079842,-0.09540811,0.1006161,train,-0.11988184
2024-11-25,TLT,-0.0038897195,-0.030496944,0.026607225,train,-0.006244097
2024-11-26,EFA,0.005403974,0.04738165,0.041977677,train,-0.024036061
2024-11-26,IWM,0.0013705133,-0.014273154,0.015643667,train,0.011329005
2024-11-26,SPY,-0.0030347626,-0.07801251,0.07497775,train,-0.09540811
2024-11-26,TLT,0.0069046696,-0.11381194,0.12071661,train,-0.030496944
2024-11-27,EFA,0.013257114,0.03963482,0.026377706,train,0.04738165
2024-11-27,IWM,0.003810877,0.020230874,0.016419997,train,-0.014273154
2024-11-27,SPY,0.006192899,-0.048398197,0.054591097,train,-0.07801251
2024-11-27,TLT,0.010268602,-0.11048943,0.12075803,train,-0.11381194
2024-11-29,EFA,0.002781972,0.00034663454,0.0024353375,train,0.03963482
2024-11-29,IWM,-0.00049620355,0.04475514,0.045251343,train,0.020230874
2024-11-29,SPY,0.0017906061,-0.05304018,0.054830786,train,-0.048398197
2024-11-29,TLT,0.0023997885,-0.0485606,0.050960388,train,-0.11048943
2024-12-02,EFA,0.0056663593,0.009912638,0.0042462787,train,0.00034663454
2024-12-02,IWM,-0.007140258,-0.093337044,0.08619679,train,0.04475514
2024-12-02,SPY,0.00046374628,-0.021439537,0.021903284,train,-0.05304018
2024-12-02,TLT,-0.008666585,-0.0064787082,0.002187877,train,-0.0485606
2024-12-03,EFA,0.00075312797,0.042946067,0.04219294,train,0.009912638
2024-12-03,IWM,0.0035764696,0.03275939,0.029182922,train,-0.093337044
2024-12-03,SPY,0.0061904197,0.0006221114,0.0055683083,train,-0.021439537
2024-12-03,TLT,0.010688588,-0.037507225,0.048195813,train,-0.0064787082
2024-12-04,EFA,0.0048814043,0.019036949,0.014155544,train,0.042946067
2024-12-04,IWM,-0.011733639,0.04741742,0.05915106,train,0.03275939
2024-12-04,SPY,-0.0016470625,-0.038567603,0.03692054,train,0.0006221114
2024-12-04,TLT,0.0020180086,-0.07227825,0.07429626,train,-0.037507225
2024-12-05,EFA,-0.00012482086,0.023241017,0.023365838,train,0.019036949
2024-12-05,IWM,0.0035638676,-0.09996587,0.10352974,train,0.04741742
2024-12-05,SPY,0.0018938881,-0.061139602,0.06303349,train,-0.038567603
2024-12-05,TLT,0.0014844196,-0.00060591474,0.0020903344,train,-0.07227825
2024-12-06,EFA,-0.0006245383,-0.011442337,0.010817799,train,0.023241017
2024-12-06,IWM,-0.005035084,0.026963957,0.03199904,train,-0.09996587
2024-12-06,SPY,-0.005162974,-0.02359199,0.018429015,train,-0.061139602
2024-12-06,TLT,-0.009260024,0.011438474,0.020698499,train,-0.00060591474
2024-12-09,EFA,-0.009037395,-0.015677549,0.006640154,train,-0.011442337
2024-12-09,IWM,-0.004342007,0.032636516,0.036978524,train,0.026963957
2024-12-09,SPY,-0.003113794,-0.15113541,0.14802162,train,-0.02359199
2024-12-09,TLT,-0.0047158613,-0.0062702782,0.001554417,train,0.011438474
2024-12-10,EFA,0.0062845624,-0.021842692,0.028127255,train,-0.015677549
2024-12-10,IWM,0.0045104064,-0.026733715,0.031244121,train,0.032636516
2024-12-10,SPY,0.007700951,-0.100971416,0.108672366,train,-0.15113541
2024-12-10,TLT,-0.009499145,-0.008557845,0.00094129983,train,-0.0062702782
2024-12-11,EFA,-0.008809468,-0.029300299,0.02049083,train,-0.021842692
2024-12-11,IWM,-0.013081105,0.0010468662,0.014127972,train,-0.026733715
2024-12-11,SPY,-0.005166058,0.016741082,0.02190714,train,-0.100971416
2024-12-11,TLT,-0.01222192,-0.0025860108,0.009635909,train,-0.008557845
2024-12-12,EFA,-0.0027848908,-0.015123967,0.012339076,train,-0.029300299
2024-12-12,IWM,-0.006883867,-0.030733705,0.023849837,train,0.0010468662
2024-12-12,SPY,-0.00019851068,-0.10903554,0.10883702,train,0.016741082
2024-12-12,TLT,-0.010263351,-0.020328436,0.010065085,train,-0.0025860108
2024-12-13,EFA,-0.003301163,-0.06164519,0.05834403,train,-0.015123967
2024-12-13,IWM,0.005860786,-0.07442935,0.08029013,train,-0.030733705
2024-12-13,SPY,0.004260851,-0.06468743,0.068948284,train,-0.10903554
2024-12-13,TLT,0.0029905955,-0.08338812,0.086378716,train,-0.020328436
2024-12-16,EFA,-0.0015868255,-0.07329668,0.07170986,train,-0.06164519
2024-12-16,IWM,-0.011514357,-0.019943547,0.008429189,train,-0.07442935
2024-12-16,SPY,-0.0041285744,-0.048926324,0.04479775,train,-0.06468743
2024-12-16,TLT,0.002430252,-0.153431,0.15586124,train,-0.08338812
2024-12-17,EFA,-0.024837831,-0.013567686,0.011270145,train,-0.07329668
2024-12-17,IWM,-0.045282338,-0.014708184,0.030574154,train,-0.019943547
2024-12-17,SPY,-0.030256659,-0.025777105,0.0044795536,train,-0.048926324
2024-12-17,TLT,-0.012583362,0.034340043,0.046923406,train,-0.153431
2024-12-18,EFA,-0.0031818207,-0.07303193,0.06985011,train,-0.013567686
2024-12-18,IWM,-0.0044474043,0.0012098514,0.0056572556,train,-0.014708184
2024-12-18,SPY,-0.0003072672,0.026740283,0.02704755,train,-0.025777105
2024-12-18,TLT,-0.015257047,-0.020439249,0.005182202,train,0.034340043
2024-12-19,EFA,-0.0027923698,-0.026737746,0.023945376,train,-0.07303193
2024-12-19,IWM,0.0093259895,-0.004386304,0.0137122935,train,0.0012098514
2024-12-19,SPY,0.011939602,0.053477194,0.04153759,train,0.026740283
2024-12-19,TLT,0.0056779315,-0.076939106,0.08261704,train,-0.020439249
2024-12-20,EFA,0.0065034064,-0.020327974,0.026831381,train,-0.026737746
2024-12-20,IWM,-0.0023007237,0.020659804,0.022960529,train,-0.004386304
2024-12-20,SPY,0.005970451,0.037520703,0.03155025,train,0.053477194
2024-12-20,TLT,-0.0092145875,-0.10024333,0.09102874,train,-0.076939106
2024-12-23,EFA,0.0035655524,-0.081354365,0.084919915,train,-0.020327974
2024-12-23,IWM,0.0089029195,0.049779687,0.04087677,train,0.020659804
2024-12-23,SPY,0.011053589,0.0023303889,0.0087232,train,0.037520703
2024-12-23,TLT,0.0042197453,-0.048250902,0.052470647,train,-0.10024333
2024-12-24,EFA,0.0047343452,-0.02135576,0.026090104,train,-0.081354365
2024-12-24,IWM,0.010198843,0.050008867,0.039810024,train,0.049779687
2024-12-24,SPY,6.664835e-05,-0.031861037,0.031927686,train,0.0023303889
2024-12-24,TLT,-0.0005693915,-0.080099195,0.07952981,train,-0.048250902
2024-12-26,EFA,-0.0014441048,-0.009526191,0.008082086,train,-0.02135576
2024-12-26,IWM,-0.014685425,-0.01833979,0.0036543654,train,0.050008867
2024-12-26,SPY,-0.010582393,-0.009581128,0.0010012649,train,-0.031861037
2024-12-26,TLT,-0.008232276,-0.010954056,0.00272178,train,-0.080099195
2024-12-27,EFA,-0.006591237,-0.009012897,0.0024216594,train,-0.009526191
2024-12-27,IWM,-0.007718888,-0.032325193,0.024606306,train,-0.01833979
2024-12-27,SPY,-0.011477172,-0.10724656,0.09576939,train,-0.009581128
2024-12-27,TLT,0.008004501,0.014114123,0.0061096214,train,-0.010954056
2024-12-30,EFA,0.0,0.013596242,0.013596242,train,-0.009012897
2024-12-30,IWM,0.0012680702,-0.0030896515,0.0043577217,train,-0.032325193
2024-12-30,SPY,-0.0036447495,-0.089772,0.08612725,train,-0.10724656
2024-12-30,TLT,-0.005367226,-0.052880105,0.047512878,train,0.014114123
2024-12-31,EFA,-0.003444585,-0.009557742,0.0061131567,train,0.013596242
2024-12-31,IWM,0.0008142748,0.010005215,0.00919094,train,-0.0030896515
2024-12-31,SPY,-0.0024600134,0.007631777,0.01009179,train,-0.089772
2024-12-31,TLT,0.0027442693,0.079824165,0.07707989,train,-0.052880105
2025-01-02,EFA,0.00437003,0.024451036,0.020081006,train,-0.009557742
2025-01-02,IWM,0.014767755,-0.017246522,0.032014277,train,0.010005215
2025-01-02,SPY,0.012425908,-0.01411533,0.026541237,train,0.007631777
2025-01-02,TLT,-0.0032023345,-0.032423146,0.029220812,train,0.079824165
2025-01-03,EFA,0.009468743,0.008076806,0.001391937,train,0.024451036
2025-01-03,IWM,0.00040102852,-0.023176566,0.023577595,train,-0.017246522
2025-01-03,SPY,0.005744096,0.06826688,0.062522784,train,-0.01411533
2025-01-03,TLT,-0.0044779754,0.020316854,0.02479483,train,-0.032423146
2025-01-06,EFA,-0.0007857672,0.0038438318,0.004629599,train,0.008076806
2025-01-06,IWM,-0.008049486,-0.08781032,0.079760835,train,-0.023176566
2025-01-06,SPY,-0.01136841,0.07926999,0.0906384,train,0.06826688
2025-01-06,TLT,-0.011341422,-0.033469386,0.022127964,train,0.020316854
2025-01-07,EFA,-0.0015730782,0.07133922,0.0729123,train,0.0038438318
2025-01-07,IWM,-0.004545068,0.029346347,0.033891413,train,-0.08781032
2025-01-07,SPY,0.0014599852,-0.006185266,0.007645251,train,0.07926999
2025-01-07,TLT,0.0012794966,-0.03206785,0.033347346,train,-0.033469386
2025-01-08,EFA,-0.0153360795,0.02986924,0.045205317,train,0.07133922
2025-01-08,IWM,-0.022256577,-0.011404509,0.010852069,train,0.029346347
2025-01-08,SPY,-0.015385235,0.037231963,0.0526172,train,-0.006185266
2025-01-08,TLT,-0.0066478336,-0.007569041,0.0009212075,train,-0.03206785
2025-01-10,EFA,-0.0028016833,-0.011611346,0.008809663,train,0.02986924
2025-01-10,IWM,0.0019350552,-0.032600153,0.034535207,train,-0.011404509
2025-01-10,SPY,0.0015492721,0.03820082,0.036651548,train,0.037231963
2025-01-10,TLT,-0.0003508363,0.019137867,0.019488703,train,-0.007569041
2025-01-13,EFA,0.0036007396,-0.0018606624,0.0054614022,train,-0.011611346
2025-01-13,IWM,0.011305261,-0.12431292,0.13561818,train,-0.032600153
2025-01-13,SPY,0.0013750597,-0.07200703,0.07338209,train,0.03820082
2025-01-13,TLT,-0.001640371,0.027596328,0.0292367,train,0.019137867
2025-01-14,EFA,0.012698615,-0.019177865,0.031876482,train,-0.0018606624
2025-01-14,IWM,0.019470595,-0.008005988,0.027476583,train,-0.12431292
2025-01-14,SPY,0.018026512,0.02548496,0.0074584484,train,-0.07200703
2025-01-14,TLT,0.017088551,-0.017582279,0.03467083,train,0.027596328
2025-01-15,EFA,0.0051131337,-0.019281683,0.024394818,train,-0.019177865
2025-01-15,IWM,0.002006608,-0.025757665,0.027764272,train,-0.008005988
2025-01-15,SPY,-0.0019251008,0.015374061,0.017299162,train,0.02548496
2025-01-15,TLT,0.0032221428,-0.04691278,0.05013492,train,-0.017582279
2025-01-16,EFA,0.0040456043,-0.033299908,0.037345514,train,-0.019281683
2025-01-16,IWM,0.0043115984,-0.06370155,0.06801315,train,-0.025757665
2025-01-16,SPY,0.00998989,0.038247928,0.028258037,train,0.015374061
2025-01-16,TLT,0.001722028,-0.044127326,0.045849353,train,-0.04691278
2025-01-17,EFA,0.019986503,0.07030356,0.050317056,train,-0.033299908
2025-01-17,IWM,0.01902308,0.04046647,0.02144339,train,-0.06370155
2025-01-17,SPY,0.009111816,0.026675832,0.017564015,train,0.038247928
2025-01-17,TLT,0.008906032,-0.06993078,0.078836806,train,-0.044127326
2025-01-21,EFA,-0.002300557,0.09847337,0.10077393,train,0.07030356
2025-01-21,IWM,-0.0065491796,0.07973169,0.08628087,train,0.04046647
2025-01-21,SPY,0.005605776,0.044241246,0.03863547,train,0.026675832
2025-01-21,TLT,-0.005242816,-0.06174923,0.056506414,train,-0.06993078
2025-01-22,EFA,0.008155981,-0.03798199,0.046137974,train,0.09847337
2025-01-22,IWM,0.004545299,0.1336748,0.1291295,train,0.07973169
2025-01-22,SPY,0.005443284,0.04589554,0.040452257,train,0.044241246
2025-01-22,TLT,-0.0078007616,0.0082930885,0.01609385,train,-0.06174923
2025-01-23,EFA,0.005568935,-0.017401546,0.02297048,train,-0.03798199
2025-01-23,IWM,-0.0027946664,0.070162684,0.07295735,train,0.1336748
2025-01-23,SPY,-0.0029235976,0.08400123,0.08692483,train,0.04589554
2025-01-23,TLT,0.0044813934,0.012819085,0.008337691,train,0.0082930885
2025-01-24,EFA,0.0,-0.007663816,0.007663816,train,-0.017401546
2025-01-24,IWM,-0.009622379,0.010736357,0.020358738,train,0.070162684
2025-01-24,SPY,-0.014246337,0.0030723773,0.017318714,train,0.08400123
2025-01-24,TLT,0.011739805,0.01473489,0.002995085,train,0.012819085
2025-01-27,EFA,-0.0012629692,-0.03311467,0.0318517,train,-0.007663816
2025-01-27,IWM,0.0011030898,-0.109762534,0.11086562,train,0.010736357
2025-01-27,SPY,0.0085556265,-0.1359488,0.14450443,train,0.0030723773
2025-01-27,TLT,-0.00067987415,-0.008012619,0.0073327445,train,0.01473489
2025-01-28,EFA,-0.00012633477,-0.05843495,0.058308613,train,-0.03311467
2025-01-28,IWM,-0.002295926,-0.1576164,0.15532048,train,-0.109762534
2025-01-28,SPY,-0.004492944,0.03318903,0.037681974,train,-0.1359488
2025-01-28,TLT,-0.0020428563,0.011024497,0.0130673535,train,-0.008012619
2025-01-29,EFA,0.010935799,-0.017576814,0.028512612,train,-0.05843495
2025-01-29,IWM,0.010115343,-0.093636736,0.10375208,train,-0.1576164
2025-01-29,SPY,0.005352782,-0.059732247,0.06508503,train,0.03318903
2025-01-29,TLT,0.0037421754,0.003663171,7.900433e-05,train,0.011024497
2025-01-30,EFA,-0.009420335,0.009081261,0.018501597,train,-0.017576814
2025-01-30,IWM,-0.009010802,-0.0044187605,0.0045920415,train,-0.093636736
2025-01-30,SPY,-0.0053361594,-0.119993925,0.11465777,train,-0.059732247
2025-01-30,TLT,-0.0065871994,-0.031671833,0.025084633,train,0.003663171
2025-01-31,EFA,-0.011805987,0.0063317977,0.018137785,train,0.009081261
2025-01-31,IWM,-0.01176987,0.006588258,0.018358128,train,-0.0044187605
2025-01-31,SPY,-0.00675233,-0.09110245,0.084350124,train,-0.119993925
2025-01-31,TLT,0.0081092045,0.016637277,0.008528072,train,-0.031671833
2025-02-03,EFA,0.011553652,-0.041982975,0.053536627,train,0.0063317977
2025-02-03,IWM,0.013754813,0.00834585,0.005408963,train,0.006588258
2025-02-03,SPY,0.006685837,-0.0410791,0.04776494,train,-0.09110245
2025-02-03,TLT,0.0030579704,-0.019583616,0.022641586,train,0.016637277
2025-02-04,EFA,0.009672671,0.0692566,0.059583932,train,-0.041982975
2025-02-04,IWM,0.010825621,0.04624482,0.035419196,train,0.00834585
2025-02-04,SPY,0.004046343,0.001921854,0.0021244888,train,-0.0410791
2025-02-04,TLT,0.016375398,0.013383653,0.0029917452,train,-0.019583616
2025-02-05,EFA,0.0047394354,0.063483804,0.05874437,train,0.0692566
2025-02-05,IWM,-0.0032747954,0.025492396,0.02876719,train,0.04624482
2025-02-05,SPY,0.0034696267,-0.05929086,0.06276049,train,0.001921854
2025-02-05,TLT,-0.00044512577,-0.023574114,0.023128988,train,0.013383653
2025-02-06,EFA,-0.009501241,0.027245197,0.03674644,train,0.063483804
2025-02-06,IWM,-0.011657379,0.09542517,0.10708255,train,0.025492396
2025-02-06,SPY,-0.009195757,-0.019622255,0.010426498,train,-0.05929086
2025-02-06,TLT,-0.0064762407,-0.051016975,0.044540733,train,-0.023574114
2025-02-07,EFA,0.006760195,0.007874157,0.0011139624,train,0.027245197
2025-02-07,IWM,0.004503029,0.081622496,0.07711947,train,0.09542517
2025-02-07,SPY,0.006768242,0.039051875,0.032283634,train,-0.019622255
2025-02-07,TLT,-0.003029063,0.0605367,0.06356576,train,-0.051016975
2025-02-10,EFA,0.0047298977,0.035850305,0.031120408,train,0.007874157
2025-02-10,IWM,-0.0058314023,0.048585698,0.0544171,train,0.081622496
2025-02-10,SPY,0.00076041755,0.0038433056,0.0030828882,train,0.039051875
2025-02-10,TLT,-0.0064249695,-0.011294935,0.0048699654,train,0.0605367
2025-02-11,EFA,0.0037183703,0.024648685,0.020930314,train,0.035850305
2025-02-11,IWM,-0.009258573,0.04176216,0.05102073,train,0.048585698
2025-02-11,SPY,-0.003226897,0.014035126,0.017262023,train,0.0038433056
2025-02-11,TLT,-0.013662873,0.027539175,0.041202046,train,-0.011294935
2025-02-12,EFA,0.012051239,-0.035627276,0.047678515,train,0.024648685
2025-02-12,IWM,0.011206155,0.017312676,0.006106521,train,0.04176216
2025-02-12,SPY,0.010502334,0.03219128,0.021688946,train,0.014035126
2025-02-12,TLT,0.016485907,0.07443623,0.057950325,train,0.027539175
2025-02-13,EFA,0.0014657665,0.041175958,0.03971019,train,-0.035627276
2025-02-13,IWM,-0.0007520825,0.042163607,0.04291569,train,0.017312676
2025-02-13,SPY,-4.9222053e-05,0.013642285,0.013691507,train,0.03219128
2025-02-13,TLT,0.005285921,-0.017148752,0.022434672,train,0.07443623
2025-02-14,EFA,0.0071753603,0.028934974,0.021759614,train,0.041175958
2025-02-14,IWM,0.005472527,0.04212381,0.036651284,train,0.042163607
2025-02-14,SPY,0.0029314717,-0.051720027,0.0546515,train,0.013642285
2025-02-14,TLT,-0.011847797,0.013073139,0.024920937,train,-0.017148752
2025-02-18,EFA,-0.010353907,0.07482934,0.08518325,train,0.028934974
2025-02-18,IWM,-0.0034388802,0.021987092,0.025425972,train,0.04212381
2025-02-18,SPY,0.0023522242,0.004624555,0.0022723307,train,-0.051720027
2025-02-18,TLT,0.001247774,-0.030326735,0.03157451,train,0.013073139
2025-02-19,EFA,0.004642168,-0.015270628,0.019912796,train,0.07482934
2025-02-19,IWM,-0.0096297115,0.016040692,0.025670404,train,0.021987092
2025-02-19,SPY,-0.004168995,-0.0067201536,0.0025511584,train,0.004624555
2025-02-19,TLT,0.0037340075,0.014996473,0.011262465,train,-0.030326735
2025-02-20,EFA,-0.00623519,0.019709844,0.025945034,train,-0.015270628
2025-02-20,IWM,-0.02922892,0.02571423,0.05494315,train,0.016040692
2025-02-20,SPY,-0.017252102,-0.09560552,0.07835342,train,-0.0067201536
2025-02-20,TLT,0.012012589,0.004516757,0.0074958317,train,0.014996473
2025-02-21,EFA,-0.0006133472,-0.038342685,0.037729338,train,0.019709844
2025-02-21,IWM,-0.0072344625,0.06801768,0.07525214,train,0.02571423
2025-02-21,SPY,-0.004560823,0.022179775,0.026740598,train,-0.09560552
2025-02-21,TLT,0.0028973327,0.025387619,0.022490285,train,0.004516757
2025-02-24,EFA,0.00903996,-0.026510429,0.03555039,train,-0.038342685
2025-02-24,IWM,-0.0037995458,-0.029332232,0.025532685,train,0.06801768
2025-02-24,SPY,-0.004985565,-0.04772093,0.042735368,train,0.022179775
2025-02-24,TLT,0.01710011,0.026900511,0.009800401,train,0.025387619
2025-02-25,EFA,0.0013366987,0.06327401,0.061937314,train,-0.026510429
2025-02-25,IWM,0.001252643,0.10308547,0.10183283,train,-0.029332232
2025-02-25,SPY,0.00050480745,-0.047903117,0.048407923,train,-0.04772093
2025-02-25,TLT,0.005889238,-0.037369765,0.043259002,train,0.026900511
2025-02-26,EFA,-0.011358778,-0.016364006,0.0050052283,train,0.06327401
2025-02-26,IWM,-0.015371572,0.040300783,0.055672355,train,0.10308547
2025-02-26,SPY,-0.016090738,-0.042148765,0.026058028,train,-0.047903117
2025-02-26,TLT,-0.0070933476,-0.013578875,0.0064855274,train,-0.037369765
2025-02-27,EFA,0.0020860091,0.017167944,0.015081936,train,-0.016364006
2025-02-27,IWM,0.010584497,0.028419252,0.017834757,train,0.040300783
2025-02-27,SPY,0.015485022,0.058171865,0.042686842,train,-0.042148765
2025-02-27,TLT,0.012191299,0.12363991,0.111448616,train,-0.013578875
2025-02-28,EFA,0.01097172,-0.007609914,0.018581634,train,0.017167944
2025-02-28,IWM,-0.027727641,-0.0756415,0.047913857,train,0.028419252
2025-02-28,SPY,-0.017675254,-0.026910398,0.009235144,train,0.058171865
2025-02-28,TLT,0.004656121,-0.017998148,0.022654269,train,0.12363991
2025-03-03,EFA,-0.00024261283,0.07409084,0.07433345,train,-0.007609914
2025-03-03,IWM,-0.011368214,-0.03842983,0.027061615,train,-0.0756415
2025-03-03,SPY,-0.011907426,-0.013957631,0.0020502051,train,-0.026910398
2025-03-03,TLT,-0.012391694,-0.06700975,0.054618053,train,-0.017998148
2025-03-04,EFA,0.023609577,-0.05890491,0.08251449,train,0.07409084
2025-03-04,IWM,0.009882237,-0.06168719,0.07156943,train,-0.03842983
2025-03-04,SPY,0.0106904125,0.052622825,0.04193241,train,-0.013957631
2025-03-04,TLT,-0.008016128,0.07051195,0.07852808,train,-0.06700975
2025-03-05,EFA,-0.010358001,0.120650634,0.13100864,train,-0.05890491
2025-03-05,IWM,-0.01542025,-0.11278826,0.09736801,train,-0.06168719
2025-03-05,SPY,-0.017910492,-0.052958008,0.035047516,train,0.052622825
2025-03-05,TLT,-0.003313105,-0.048038237,0.04472513,train,0.07051195
2025-03-06,EFA,0.010358001,0.059122782,0.04876478,train,0.120650634
2025-03-06,IWM,0.0032585338,-0.102700025,0.10595856,train,-0.11278826
2025-03-06,SPY,0.005589152,0.019353371,0.013764219,train,-0.052958008
2025-03-06,TLT,-0.0032129886,-0.04767065,0.044457663,train,-0.048038237
2025-03-07,EFA,-0.023852056,0.07356222,0.09741428,train,0.059122782
2025-03-07,IWM,-0.025473427,-0.031207439,0.0057340115,train,-0.102700025
2025-03-07,SPY,-0.026996646,0.061859597,0.08885624,train,0.019353371
2025-03-07,TLT,0.01037759,-0.003303539,0.013681129,train,-0.04767065
2025-03-10,EFA,-0.0034022548,0.09075712,0.09415937,train,0.07356222
2025-03-10,IWM,-9.9610384e-05,-0.06163256,0.06153295,train,-0.031207439
2025-03-10,SPY,-0.0083476445,0.0015348643,0.009882509,train,0.061859597
2025-03-10,TLT,-0.007164601,-0.0015459545,0.0056186463,train,-0.003303539
2025-03-11,EFA,0.0071554403,0.054039445,0.046884004,train,0.09075712
2025-03-11,IWM,0.001741981,-0.12648988,0.12823185,train,-0.06163256
2025-03-11,SPY,0.00529251,-0.019237135,0.024529645,train,0.0015348643
2025-03-11,TLT,-0.005991303,-0.012688147,0.006696844,train,-0.0015459545
2025-03-12,EFA,-0.006668695,0.039186653,0.045855347,train,0.054039445
2025-03-12,IWM,-0.015030376,-0.12014826,0.10511788,train,-0.12648988
2025-03-12,SPY,-0.013420223,0.019484099,0.032904323,train,-0.019237135
2025-03-12,TLT,0.00875278,0.042305354,0.033552572,train,-0.012688147
2025-03-13,EFA,0.01820306,0.044546966,0.026343906,train,0.039186653
2025-03-13,IWM,0.023891972,-0.13451396,0.15840593,train,-0.12014826
2025-03-13,SPY,0.020445352,0.055655617,0.035210267,train,0.019484099
2025-03-13,TLT,-0.0053090085,-0.013436027,0.008127019,train,0.042305354
2025-03-14,EFA,0.011166688,-0.019061748,0.030228436,train,0.044546966
2025-03-14,IWM,0.012538704,-0.18673673,0.19927543,train,-0.13451396
2025-03-14,SPY,0.007681809,-0.05398659,0.0616684,train,0.055655617
2025-03-14,TLT,0.0049783606,0.015869845,0.010891484,train,-0.013436027
2025-03-17,EFA,-0.00011809603,-0.012720613,0.012602516,train,-0.019061748
2025-03-17,IWM,-0.008721145,-0.069604404,0.06088326,train,-0.18673673
2025-03-17,SPY,-0.010867241,-0.16089737,0.15003014,train,-0.05398659
2025-03-17,TLT,0.000992494,-0.014662735,0.015655229,train,0.015869845
2025-03-18,EFA,0.002949342,0.010843832,0.00789449,train,-0.012720613
2025-03-18,IWM,0.015430651,-0.045489106,0.060919758,train,-0.069604404
2025-03-18,SPY,0.010831963,-0.13118298,0.14201495,train,-0.16089737
2025-03-18,TLT,0.0051681106,0.045289513,0.040121403,train,-0.014662735
2025-03-19,EFA,-0.008398957,-0.042864736,0.03446578,train,0.010843832
2025-03-19,IWM,-0.006367985,-0.032120496,0.02575251,train,-0.045489106
2025-03-19,SPY,-0.0028959548,-0.08788447,0.08498852,train,-0.13118298
2025-03-19,TLT,0.0006577382,-0.028460529,0.029118266,train,0.045289513
2025-03-20,EFA,-0.006196326,0.06154496,0.06774128,train,-0.042864736
2025-03-20,IWM,-0.0062126555,-0.0059424415,0.00027021393,train,-0.032120496
2025-03-20,SPY,0.0003298409,-0.20700695,0.20733678,train,-0.08788447
2025-03-20,TLT,-0.0059360676,0.030983359,0.036919426,train,-0.028460529
2025-03-21,EFA,-0.000119588076,0.0361141,0.03623369,train,0.06154496
2025-03-21,IWM,0.024574136,-0.011330707,0.035904843,train,-0.0059424415
2025-03-21,SPY,0.017749999,-0.046043925,0.06379393,train,-0.20700695
2025-03-21,TLT,-0.010306561,0.039282944,0.049589507,train,0.030983359
2025-03-24,EFA,0.0054840483,0.0086855125,0.0032014642,train,0.0361141
2025-03-24,IWM,-0.0055694375,0.014861746,0.020431183,train,-0.011330707
2025-03-24,SPY,0.002400992,-0.21488114,0.21728213,train,-0.046043925
2025-03-24,TLT,-0.000111461726,-0.008982874,0.008871413,train,0.039282944
2025-03-25,EFA,-0.013043934,-0.010461315,0.002582619,train,0.0086855125
2025-03-25,IWM,-0.010210834,0.05582806,0.06603889,train,0.014861746
2025-03-25,SPY,-0.012010184,-0.10190053,0.089890346,train,-0.21488114
2025-03-25,TLT,-0.0065948428,-0.033678092,0.02708325,train,-0.008982874
2025-03-26,EFA,0.0021657513,0.023902398,0.021736646,train,-0.010461315
2025-03-26,IWM,-0.0047781235,-0.035621993,0.030843869,train,0.05582806
2025-03-26,SPY,-0.002659198,-0.10732913,0.10466993,train,-0.10190053
2025-03-26,TLT,-0.0029199922,-0.01870972,0.015789727,train,-0.033678092
2025-03-27,EFA,-0.008934,-0.048745956,0.039811958,train,0.023902398
2025-03-27,IWM,-0.020540897,-0.10126524,0.08072434,train,-0.035621993
2025-03-27,SPY,-0.020343803,-0.14409143,0.123747624,train,-0.10732913
2025-03-27,TLT,0.013739459,-0.01645571,0.03019517,train,-0.01870972
2025-03-28,EFA,-0.008892124,0.014258044,0.023150168,train,-0.048745956
2025-03-28,IWM,-0.0048007667,0.0033519678,0.0081527345,train,-0.10126524
2025-03-28,SPY,0.0066903406,-0.21377406,0.2204644,train,-0.14409143
2025-03-28,TLT,0.00982518,0.005742278,0.0040829023,train,-0.01645571
2025-03-31,EFA,0.0014671035,0.003449032,0.0019819285,train,0.014258044
2025-03-31,IWM,0.00010016942,0.00048299134,0.00038282192,train,0.0033519678
2025-03-31,SPY,0.0028203893,-0.084717214,0.0875376,train,-0.21377406
2025-03-31,TLT,0.00862809,0.0098020695,0.0011739796,train,0.005742278
2025-04-01,EFA,0.002318625,-0.08204043,0.08435906,train,0.003449032
2025-04-01,IWM,0.015665434,-0.014488652,0.030154087,train,0.00048299134
2025-04-01,SPY,0.0063085984,-0.15846762,0.16477622,train,-0.084717214
2025-04-01,TLT,-0.0006558496,0.013842117,0.0144979665,train,0.0098020695
2025-04-02,EFA,-0.021188192,-0.013847606,0.007340586,train,-0.08204043
2025-04-02,IWM,-0.06634954,-0.07314575,0.0067962036,train,-0.014488652
2025-04-02,SPY,-0.05053668,-0.11461538,0.0640787,train,-0.15846762
2025-04-02,TLT,0.004583064,0.018513646,0.0139305815,train,0.013842117
2025-04-03,EFA,-0.06826409,-0.04396366,0.02430043,train,-0.013847606
2025-04-03,IWM,-0.04563397,0.1465405,0.19217446,train,-0.07314575
2025-04-03,SPY,-0.06032651,0.029139686,0.0894662,train,-0.11461538
2025-04-03,TLT,0.010828341,-0.05162732,0.06245566,train,0.018513646
2025-04-04,EFA,-0.024422599,0.16366775,0.18809035,train,-0.04396366
2025-04-04,IWM,-0.009092544,0.171041,0.18013354,train,0.1465405
2025-04-04,SPY,-0.0017828041,0.05509178,0.056874584,train,0.029139686
2025-04-04,TLT,-0.030620132,-0.008352663,0.022267468,train,-0.05162732
2025-04-07,EFA,-0.0034206887,0.17271897,0.17613967,test,0.16366775
2025-04-07,IWM,-0.026696684,0.07781212,0.1045088,test,0.171041
2025-04-07,SPY,-0.015786674,-0.108550504,0.092763826,test,0.05509178
2025-04-07,TLT,-0.019058777,-0.09147477,0.07241599,test,-0.008352663
2025-04-08,EFA,0.07433302,0.05370945,0.020623568,test,0.17271897
2025-04-08,IWM,0.08158149,0.038062006,0.043519482,test,0.07781212
2025-04-08,SPY,0.09986284,-0.054601844,0.15446468,test,-0.108550504
2025-04-08,TLT,0.0058684773,0.034898274,0.029029796,test,-0.09147477
2025-04-09,EFA,-0.019919619,0.048467215,0.06838684,test,0.05370945
2025-04-09,IWM,-0.0429264,0.077742815,0.120669216,test,0.038062006
2025-04-09,SPY,-0.04480811,0.12297371,0.16778181,test,-0.054601844
2025-04-09,TLT,-0.02795561,0.17410837,0.20206398,test,0.034898274
2025-04-10,EFA,0.02474338,0.3768262,0.35208282,test,0.048467215
2025-04-10,IWM,0.01447832,0.04109853,0.026620211,test,0.077742815
2025-04-10,SPY,0.017685385,0.118942335,0.10125695,test,0.12297371
2025-04-10,TLT,0.005423795,0.042537913,0.037114117,test,0.17410837
2025-04-11,EFA,0.01070602,0.07212442,0.061418403,test,0.3768262
2025-04-11,IWM,0.011701701,-0.03891326,0.05061496,test,0.04109853
2025-04-11,SPY,0.009654777,0.035416808,0.02576203,test,0.118942335
2025-04-11,TLT,0.007110139,-0.02301446,0.0301246,test,0.042537913
2025-04-14,EFA,0.008979829,-0.038768608,0.04774844,test,0.07212442
2025-04-14,IWM,0.0012322776,-0.045262676,0.046494953,test,-0.03891326
2025-04-14,SPY,-0.0028048768,0.10798518,0.11079006,test,0.035416808
2025-04-14,TLT,0.0035361107,-0.0875456,0.091081716,test,-0.02301446
2025-04-15,EFA,-0.0038564696,-0.078349516,0.07449304,test,-0.038768608
2025-04-15,IWM,-0.009630621,-0.06512289,0.055492267,test,-0.045262676
2025-04-15,SPY,-0.022478726,0.10655862,0.12903735,test,0.10798518
2025-04-15,TLT,0.0055640913,-0.06872621,0.074290305,test,-0.0875456
2025-04-16,EFA,0.010785509,-0.08759421,0.09837972,test,-0.078349516
2025-04-16,IWM,0.008130306,-0.14827843,0.15640874,test,-0.06512289
2025-04-16,SPY,0.0014257714,-0.24781781,0.24924359,test,0.10655862
2025-04-16,TLT,-0.008871563,-0.04924119,0.040369626,test,-0.06872621
2025-04-17,EFA,-0.005440177,0.035469607,0.040909782,test,-0.08759421
2025-04-17,IWM,-0.020259634,-0.049612377,0.029352743,test,-0.14827843
2025-04-17,SPY,-0.024090588,0.009528097,0.033618685,test,-0.24781781
2025-04-17,TLT,-0.017634306,0.04008311,0.057717416,test,-0.04924119
2025-04-21,EFA,0.02049282,0.07281946,0.052326635,test,0.035469607
2025-04-21,IWM,0.025554463,-0.22421199,0.24976645,test,-0.049612377
2025-04-21,SPY,0.025685178,-0.1870761,0.21276128,test,0.009528097
2025-04-21,TLT,0.005565774,-0.0021148045,0.0076805786,test,0.04008311
2025-04-22,EFA,0.0040002754,-0.011352081,0.015352356,test,0.07281946
2025-04-22,IWM,0.014720141,-0.08178647,0.09650661,test,-0.22421199
2025-04-22,SPY,0.015376479,0.1284013,0.113024816,test,-0.1870761
2025-04-22,TLT,0.00966634,-0.044377286,0.05404363,test,-0.0021148045
2025-04-23,EFA,0.013219722,0.13394314,0.12072342,test,-0.011352081
2025-04-23,IWM,0.019828355,-0.007029269,0.026857624,test,-0.08178647
2025-04-23,SPY,0.020830598,0.23738718,0.21655658,test,0.1284013
2025-04-23,TLT,0.010480854,0.06434612,0.053865265,test,-0.044377286
2025-04-24,EFA,0.004288771,0.044844273,0.040555503,test,0.13394314
2025-04-24,IWM,0.0003092018,0.018764116,0.018454915,test,-0.007029269
2025-04-24,SPY,0.0071993163,0.00056051835,0.006638798,test,0.23738718
2025-04-24,TLT,0.007339247,0.029076304,0.021737058,test,0.06434612
2025-04-25,EFA,0.0066350335,0.011748504,0.0051134704,test,0.044844273
2025-04-25,IWM,0.0042152824,0.15487368,0.1506584,test,0.018764116
2025-04-25,SPY,0.00038119717,-0.090973556,0.09135475,test,0.00056051835
2025-04-25,TLT,0.0062801777,-0.019027147,0.025307326,test,0.029076304
2025-04-28,EFA,0.0020055368,-0.023611488,0.025617024,test,0.011748504
2025-04-28,IWM,0.005881878,-0.00048637018,0.0063682483,test,0.15487368
2025-04-28,SPY,0.0062796376,-0.30598527,0.31226492,test,-0.090973556
2025-04-28,TLT,0.008349646,-0.06006794,0.06841759,test,-0.019027147
2025-04-29,EFA,-0.0011792678,-0.05407762,0.052898355,test,-0.023611488
2025-04-29,IWM,-0.0062923287,-0.12447198,0.11817965,test,-0.00048637018
2025-04-29,SPY,0.00039687494,-0.36745298,0.36784986,test,-0.30598527
2025-04-29,TLT,-0.008125965,-0.017251443,0.009125479,test,-0.06006794
2025-04-30,EFA,-0.0031908466,-0.07696648,0.073775634,test,-0.05407762
2025-04-30,IWM,0.0061903335,-0.121665,0.12785533,test,-0.12447198
2025-04-30,SPY,0.0070618265,-0.32097948,0.32804132,test,-0.36745298
2025-04-30,TLT,-0.005083573,0.10801189,0.11309546,test,-0.017251443
2025-05-01,EFA,0.01899458,-0.026543442,0.045538023,test,-0.07696648
2025-05-01,IWM,0.02224275,-0.09406097,0.11630372,test,-0.121665
2025-05-01,SPY,0.014735064,-0.34508523,0.3598203,test,-0.32097948
2025-05-01,TLT,-0.010883147,-0.022748595,0.011865448,test,0.10801189
2025-05-02,EFA,0.0017406315,0.11660752,0.11486688,test,-0.026543442
2025-05-02,IWM,-0.007711217,-0.04385544,0.036144223,test,-0.09406097
2025-05-02,SPY,-0.005750933,-0.2667644,0.26101348,test,-0.34508523
2025-05-02,TLT,-0.005601164,-0.0062855203,0.0006843563,test,-0.022748595
2025-05-05,EFA,-0.0012761545,0.083570704,0.08484686,test,0.11660752
2025-05-05,IWM,-0.010967723,0.025079902,0.036047626,test,-0.04385544
2025-05-05,SPY,-0.008393409,-0.38707888,0.37868547,test,-0.2667644
2025-05-05,TLT,0.0033188714,0.13087298,0.1275541,test,-0.0062855203
2025-05-06,EFA,-0.0033724022,0.099922895,0.1032953,test,0.083570704
2025-05-06,IWM,0.0032978891,0.09328994,0.089992054,test,0.025079902
2025-05-06,SPY,0.0041967337,-0.35619694,0.36039367,test,-0.38707888
2025-05-06,TLT,0.0042181853,-0.054499686,0.05871787,test,0.13087298
2025-05-07,EFA,-0.003500469,0.108693674,0.11219414,test,0.099922895
2025-05-07,IWM,0.018866602,0.16563833,0.14677173,test,0.09328994
2025-05-07,SPY,0.006943631,-0.18609335,0.19303697,test,-0.35619694
2025-05-07,TLT,-0.011211847,-0.11329658,0.10208473,test,-0.054499686
2025-05-08,EFA,0.004897306,-0.07499942,0.079896726,test,0.108693674
2025-05-08,IWM,-0.001840883,-0.014752556,0.012911673,test,0.16563833
2025-05-08,SPY,-0.0012750534,-0.19887781,0.19760276,test,-0.18609335
2025-05-08,TLT,0.0014946857,-0.012928901,0.014423586,test,-0.11329658
2025-05-09,EFA,0.0051051085,-0.15414596,0.15925106,test,-0.07499942
2025-05-09,IWM,0.034553736,0.11117816,0.07662442,test,-0.014752556
2025-05-09,SPY,0.03251318,-0.13401902,0.16653219,test,-0.19887781
2025-05-09,TLT,-0.00934857,-0.020832613,0.011484043,test,-0.012928901
2025-05-12,EFA,0.0012720783,-0.20191817,0.20319025,test,-0.15414596
2025-05-12,IWM,0.0036495384,0.0366737,0.033024162,test,0.11117816
2025-05-12,SPY,0.0065823016,-0.44545978,0.45204207,test,-0.13401902
2025-05-12,TLT,-0.0040666657,0.07131459,0.07538126,test,-0.020832613
2025-05-13,EFA,-0.004866099,-0.18635619,0.1814901,test,-0.20191817
2025-05-13,IWM,-0.00890697,-0.026916014,0.018009044,test,0.0366737
2025-05-13,SPY,0.0012772246,-0.44072938,0.44200662,test,-0.44545978
2025-05-13,TLT,-0.006658453,-0.02552177,0.018863317,test,0.07131459
2025-05-14,EFA,0.010858304,-0.22318864,0.23404694,test,-0.18635619
2025-05-14,IWM,0.0065074554,-0.054387383,0.06089484,test,-0.026916014
2025-05-14,SPY,0.004872352,-0.49217105,0.4970434,test,-0.44072938
2025-05-14,TLT,0.008751649,-0.05318593,0.061937578,test,-0.02552177
2025-05-15,EFA,0.002295111,-0.15978585,0.16208096,test,-0.22318864
2025-05-15,IWM,0.008230068,-0.0029782988,0.011208367,test,-0.054387383
2025-05-15,SPY,0.0063139517,-0.44204724,0.4483612,test,-0.49217105
2025-05-15,TLT,0.0026689777,-0.030433182,0.03310216,test,-0.05318593
2025-05-16,EFA,0.0094690565,-0.176991,0.18646006,test,-0.15978585
2025-05-16,IWM,-0.0042021926,-0.0026496071,0.0015525855,test,-0.0029782988
2025-05-16,SPY,0.0010933456,-0.49113896,0.49223232,test,-0.44204724
2025-05-16,TLT,-0.0029011958,-0.0185945,0.015693303,test,-0.030433182
2025-05-19,EFA,0.0047575994,-0.17834206,0.18309966,test,-0.176991
2025-05-19,IWM,0.00052619475,-0.14910576,0.14963195,test,-0.0026496071
2025-05-19,SPY,-0.0033678473,-0.39019465,0.3868268,test,-0.49113896
2025-05-19,TLT,-0.007231104,0.013326816,0.020557921,test,-0.0185945
2025-05-20,EFA,-0.0058937264,-0.21429482,0.2084011,test,-0.17834206
2025-05-20,IWM,-0.02847696,-0.16438603,0.13590908,test,-0.14910576
2025-05-20,SPY,-0.016994284,-0.32735488,0.31036058,test,-0.39019465
2025-05-20,TLT,-0.017237803,0.0029631397,0.020200942,test,0.013326816
2025-05-21,EFA,-0.00056850305,-0.22966588,0.22909737,test,-0.21429482
2025-05-21,IWM,-4.9323047e-05,-0.11041652,0.110367194,test,-0.16438603
2025-05-21,SPY,0.00039444506,-0.17969987,0.18009432,test,-0.32735488
2025-05-21,TLT,0.0052265134,-0.010696672,0.015923185,test,0.0029631397
2025-05-22,EFA,0.0013639724,-0.24895333,0.2503173,test,-0.22966588
2025-05-22,IWM,-0.0031545253,-0.011168975,0.00801445,test,-0.11041652
2025-05-22,SPY,-0.00684907,-0.05165783,0.04480876,test,-0.17969987
2025-05-22,TLT,0.0016571459,0.0152654685,0.0136083225,test,-0.010696672
2025-05-23,EFA,0.0144341765,-0.21270217,0.22713634,test,-0.24895333
2025-05-23,IWM,0.025058556,-0.03131685,0.056375407,test,-0.011168975
2025-05-23,SPY,0.020577425,-0.04969879,0.070276216,test,-0.05165783
2025-05-23,TLT,0.013859545,0.0280675,0.0142079545,test,0.0152654685
2025-05-27,EFA,-0.011598573,-0.096938685,0.08534011,test,-0.21270217
2025-05-27,IWM,-0.010600094,-0.12081963,0.11021954,test,-0.03131685
2025-05-27,SPY,-0.005802184,-0.27882916,0.27302697,test,-0.04969879
2025-05-27,TLT,-0.004325188,-0.0033478178,0.0009773704,test,0.0280675
2025-05-28,EFA,0.0044074836,-0.20153712,0.2059446,test,-0.096938685
2025-05-28,IWM,0.0029638219,-0.07606685,0.07903067,test,-0.12081963
2025-05-28,SPY,0.003939546,-0.063005924,0.06694547,test,-0.27882916
2025-05-28,TLT,0.009212454,0.069398716,0.060186263,test,-0.0033478178
2025-05-29,EFA,0.0014648548,-0.105563,0.10702785,test,-0.20153712
2025-05-29,IWM,-0.0051069707,0.00027116947,0.00537814,test,-0.07606685
2025-05-29,SPY,-0.0011190624,-0.0016433187,0.00052425626,test,-0.063005924
2025-05-29,TLT,0.0015078512,-4.717335e-05,0.0015550245,test,0.069398716
2025-05-30,EFA,0.010640254,-0.13789874,0.14853899,test,-0.105563
2025-05-30,IWM,0.0031159748,-0.04112483,0.044240803,test,0.00027116947
2025-05-30,SPY,0.0056171096,0.009860244,0.004243134,test,-0.0016433187
2025-05-30,TLT,-0.009350353,0.012224816,0.021575168,test,-4.717335e-05
2025-06-02,EFA,-0.0076045664,-0.10426803,0.09666346,test,-0.13789874
2025-06-02,IWM,0.016010394,-0.018692296,0.03470269,test,-0.04112483
2025-06-02,SPY,0.005686441,0.17024042,0.16455397,test,0.009860244
2025-06-02,TLT,-0.0017627983,0.023009453,0.024772251,test,0.012224816
2025-06-03,EFA,0.00448029,-0.21326551,0.2177458,test,-0.10426803
2025-06-03,IWM,-0.0028266227,-0.009979069,0.0071524465,test,-0.018692296
2025-06-03,SPY,-0.00026857504,0.0664369,0.06670548,test,0.17024042
2025-06-03,TLT,0.016103067,-0.014491793,0.03059486,test,0.023009453
2025-06-04,EFA,-0.0006707785,-0.21463835,0.21396758,test,-0.21326551
2025-06-04,IWM,0.00043170524,-0.09080733,0.091239035,test,-0.009979069
2025-06-04,SPY,-0.0048445463,0.12196776,0.12681231,test,0.0664369
2025-06-04,TLT,0.0006940988,-0.019255776,0.019949874,test,-0.014491793
2025-06-05,EFA,0.003572121,-0.22310472,0.22667684,test,-0.21463835
2025-06-05,IWM,0.016031526,-0.12357664,0.13960817,test,-0.09080733
2025-06-05,SPY,0.010216673,0.11170423,0.101487555,test,0.12196776
2025-06-05,TLT,-0.012805688,-0.023503153,0.010697464,test,-0.019255776
2025-06-06,EFA,-0.00011130926,-0.23226398,0.23215267,test,-0.22310472
2025-06-06,IWM,0.006866427,-0.08564468,0.0925111,test,-0.12357664
2025-06-06,SPY,0.0009008884,0.21444653,0.21354564,test,0.11170423
2025-06-06,TLT,0.0010540608,-0.029991442,0.031045504,test,-0.023503153
2025-06-09,EFA,0.0013363892,-0.29809624,0.29943264,test,-0.23226398
2025-06-09,IWM,0.0053755124,-0.14822088,0.1535964,test,-0.08564468
2025-06-09,SPY,0.005653611,0.21200168,0.20634808,test,0.21444653
2025-06-09,TLT,0.005136457,0.024261296,0.01912484,test,-0.029991442
2025-06-10,EFA,-0.0016708318,-0.29271236,0.29104152,test,-0.29809624
2025-06-10,IWM,-0.0041107885,-0.19295433,0.18884355,test,-0.14822088
2025-06-10,SPY,-0.0028559803,0.05244867,0.05530465,test,0.21200168
2025-06-10,TLT,0.0030229571,-0.0057069324,0.00872989,test,0.024261296
2025-06-11,EFA,0.0076628863,-0.24400853,0.2516714,test,-0.29271236
2025-06-11,IWM,-0.003986798,-0.18845831,0.18447152,test,-0.19295433
2025-06-11,SPY,0.0039663776,0.044346552,0.040380176,test,0.05244867
2025-06-11,TLT,0.011886299,-0.04525936,0.05714566,test,-0.0057069324
2025-06-12,EFA,-0.012916316,-0.22712651,0.2142102,test,-0.24400853
2025-06-12,IWM,-0.018450992,-0.15944883,0.14099784,test,-0.18845831
2025-06-12,SPY,-0.011243071,0.016729888,0.027972959,test,0.044346552
2025-06-12,TLT,-0.009683039,-0.09252213,0.08283909,test,-0.04525936
2025-06-13,EFA,0.0037439205,-0.20271984,0.20646375,test,-0.22712651
2025-06-13,IWM,0.011720954,-0.108184665,0.11990562,test,-0.15944883
2025-06-13,SPY,0.009469194,0.08881441,0.07934521,test,0.016729888
2025-06-13,TLT,-0.010128651,0.044108357,0.054237008,test,-0.09252213
2025-06-16,EFA,-0.012342985,-0.121522054,0.10917907,test,-0.20271984
2025-06-16,IWM,-0.010588706,0.011365842,0.021954548,test,-0.108184665
2025-06-16,SPY,-0.00858177,0.11865553,0.1272373,test,0.08881441
2025-06-16,TLT,0.0120959105,0.031643815,0.019547906,test,0.044108357
2025-06-17,EFA,0.0017234558,-0.17083833,0.17256178,test,-0.121522054
2025-06-17,IWM,0.0052606207,-0.09932627,0.10458689,test,0.011365842
2025-06-17,SPY,-0.00015064898,0.16442999,0.16458064,test,0.11865553
2025-06-17,TLT,0.0017327326,-0.016252503,0.017985236,test,0.031643815
2025-06-18,EFA,-0.008994564,-0.05045745,0.041462887,test,-0.17083833
2025-06-18,IWM,-0.0021009287,-0.08879778,0.08669685,test,-0.09932627
2025-06-18,SPY,-0.0023513942,0.16642836,0.16877975,test,0.16442999
2025-06-18,TLT,-0.0018483307,0.0018310677,0.0036793984,test,-0.016252503
2025-06-20,EFA,0.0075010923,-0.12784286,0.13534395,test,-0.05045745
2025-06-20,IWM,0.012162286,-0.09187654,0.10403882,test,-0.08879778
2025-06-20,SPY,0.009829074,0.06804749,0.05821842,test,0.16642836
2025-06-20,TLT,0.0032319766,0.013273556,0.01004158,test,0.0018310677
2025-06-23,EFA,0.012113001,-0.08713476,0.09924777,test,-0.12784286
2025-06-23,IWM,0.012669018,-0.059747305,0.07241632,test,-0.09187654
2025-06-23,SPY,0.010986618,0.13678116,0.12579454,test,0.06804749
2025-06-23,TLT,0.0072346344,-0.047191072,0.054425705,test,0.013273556
2025-06-24,EFA,-0.005467001,-0.012851175,0.007384174,test,-0.08713476
2025-06-24,IWM,-0.011725075,-0.050550397,0.038825322,test,-0.059747305
2025-06-24,SPY,0.00056019897,0.111582264,0.11102206,test,0.13678116
2025-06-24,TLT,0.0012578004,-0.013913266,0.015171067,test,-0.047191072
2025-06-25,EFA,0.011130207,-0.1372784,0.1484086,test,-0.012851175
2025-06-25,IWM,0.016098445,-0.1324828,0.14858124,test,-0.050550397
2025-06-25,SPY,0.007793358,0.09693323,0.08913987,test,0.111582264
2025-06-25,TLT,0.005015261,0.03227375,0.02725849,test,-0.013913266
2025-06-26,EFA,0.008994858,-0.092196226,0.10119108,test,-0.1372784
2025-06-26,IWM,0.00032489072,-0.07839468,0.07871957,test,-0.1324828
2025-06-26,SPY,0.0049560424,-0.041480023,0.046436064,test,0.09693323
2025-06-26,TLT,-0.006387649,-0.012137521,0.005749872,test,0.03227375
2025-06-27,EFA,0.0005595067,-0.1869423,0.1875018,test,-0.092196226
2025-06-27,IWM,0.0014376156,-0.17891857,0.18035619,test,-0.07839468
2025-06-27,SPY,0.0047698673,-0.07802838,0.08279825,test,-0.041480023
2025-06-27,TLT,0.009792772,0.03651374,0.026720967,test,-0.012137521
2025-06-30,EFA,-0.0016794602,-0.22529732,0.22361785,test,-0.1869423
2025-06-30,IWM,0.010235184,-0.08762303,0.09785821,test,-0.17891857
2025-06-30,SPY,-0.00032374432,-0.103063405,0.10273966,test,-0.07802838
2025-06-30,TLT,0.0024764673,-0.035655096,0.038131565,test,0.03651374
2025-07-01,EFA,0.0029092394,-0.15815663,0.16106588,test,-0.22529732
2025-07-01,IWM,0.013757555,-0.10227044,0.116027996,test,-0.08762303
2025-07-01,SPY,0.0045230095,-0.056416992,0.06094,test,-0.103063405
2025-07-01,TLT,-0.0063738413,-0.025351886,0.018978044,test,-0.035655096
2025-07-02,EFA,0.0002234575,-0.07498807,0.075211525,test,-0.15815663
2025-07-02,IWM,0.00923201,-0.09172036,0.100952365,test,-0.10227044
2025-07-02,SPY,0.007850494,-0.07844849,0.08629899,test,-0.056416992
2025-07-02,TLT,-0.0069893375,0.054770615,0.061759952,test,-0.025351886
2025-07-03,EFA,-0.010894699,-0.019903034,0.009008335,test,-0.07498807
2025-07-03,IWM,-0.015130937,-0.14384112,0.12871018,test,-0.09172036
2025-07-03,SPY,-0.0074798474,-0.07746714,0.0699873,test,-0.07844849
2025-07-03,TLT,-0.009589363,0.06141482,0.07100418,test,0.054770615
2025-07-07,EFA,0.0073136343,-0.08702518,0.09433881,test,-0.019903034
2025-07-07,IWM,0.0068938355,-0.15570758,0.16260141,test,-0.14384112
2025-07-07,SPY,-0.000547858,-0.0892878,0.08873995,test,-0.07746714
2025-07-07,TLT,-0.0012778139,-0.031311713,0.0300339,test,0.06141482
2025-07-08,EFA,0.0074832067,-0.03821594,0.045699146,test,-0.08702518
2025-07-08,IWM,0.010788955,-0.030456388,0.04124534,test,-0.15570758
2025-07-08,SPY,0.0059787137,0.00834677,0.0023680562,test,-0.0892878
2025-07-08,TLT,0.010407107,0.017789144,0.007382037,test,-0.031311713
