date,ticker,y_true,y_pred,abs_error,dataset_part,signal_for_trade
2015-12-29,EFA,-0.0060300515,0.008046098,0.014076149,train,
2015-12-29,IWM,-0.010120617,0.015781876,0.025902493,train,
2015-12-29,SPY,-0.0071127224,0.0826413,0.08975402,train,
2015-12-29,TLT,-0.0009995344,0.0026156195,0.003615154,train,
2015-12-30,EFA,-0.013532013,0.061608605,0.07514062,train,0.008046098
2015-12-30,IWM,-0.012529951,-0.1986369,0.18610695,train,0.015781876
2015-12-30,SPY,-0.010053663,-0.05362346,0.043569796,train,0.0826413
2015-12-30,TLT,0.0044886805,0.017146043,0.012657363,train,0.0026156195
2015-12-31,EFA,-0.015445655,0.020993307,0.036438964,train,0.061608605
2015-12-31,IWM,-0.02344795,-0.10501511,0.08156715,train,-0.1986369
2015-12-31,SPY,-0.014078111,-0.068558976,0.054480866,train,-0.05362346
2015-12-31,TLT,0.0071890964,0.0764308,0.0692417,train,0.017146043
2016-01-04,EFA,-0.001557804,0.09474835,0.09630615,train,0.020993307
2016-01-04,IWM,0.0021793265,0.13477342,0.1325941,train,-0.10501511
2016-01-04,SPY,0.0016896719,-0.052914575,0.054604247,train,-0.068558976
2016-01-04,TLT,-0.004043003,0.0649265,0.0689695,train,0.0764308
2016-01-05,EFA,-0.01659301,0.046438385,0.06303139,train,0.09474835
2016-01-05,IWM,-0.015355577,0.07773483,0.09309041,train,0.13477342
2016-01-05,SPY,-0.0126941465,-0.098173656,0.08547951,train,-0.052914575
2016-01-05,TLT,0.013385645,0.009505488,0.0038801571,train,0.0649265
2016-01-06,EFA,-0.021000855,-0.005493641,0.015507214,train,0.046438385
2016-01-06,IWM,-0.027074337,0.04745952,0.07453386,train,0.07773483
2016-01-06,SPY,-0.02428392,-0.00628186,0.01800206,train,-0.098173656
2016-01-06,TLT,0.0017932808,0.032874264,0.031080984,train,0.009505488
2016-01-07,EFA,-0.012123393,0.041420512,0.053543903,train,-0.005493641
2016-01-07,IWM,-0.017373081,0.20098718,0.21836026,train,0.04745952
2016-01-07,SPY,-0.011037676,0.053862765,0.06490044,train,-0.00628186
2016-01-07,TLT,0.0044680405,-0.013251303,0.017719343,train,0.032874264
2016-01-08,EFA,0.004178389,-0.15183227,0.15601066,train,0.041420512
2016-01-08,IWM,-0.004342775,0.14275849,0.14710127,train,0.20098718
2016-01-08,SPY,0.0009897487,-0.036306158,0.037295908,train,0.053862765
2016-01-08,TLT,-0.011003822,0.012806658,0.02381048,train,-0.013251303
2016-01-11,EFA,0.004702266,-0.106075674,0.11077794,train,-0.15183227
2016-01-11,IWM,0.0029937855,0.11682537,0.11383159,train,0.14275849
2016-01-11,SPY,0.008035953,-0.04557614,0.053612094,train,-0.036306158
2016-01-11,TLT,0.014322666,-0.00028564967,0.014608316,train,0.012806658
2016-01-12,EFA,-0.015639594,0.030444242,0.046083838,train,-0.106075674
2016-01-12,IWM,-0.03263563,0.1667566,0.19939223,train,0.11682537
2016-01-12,SPY,-0.025257202,0.017726988,0.042984188,train,-0.04557614
2016-01-12,TLT,0.009808403,0.05599358,0.046185177,train,-0.00028564967
2016-01-13,EFA,0.012748502,0.081452206,0.0687037,train,0.030444242
2016-01-13,IWM,0.013752055,0.23356096,0.2198089,train,0.1667566
2016-01-13,SPY,0.016283844,-0.1447842,0.16106804,train,0.017726988
2016-01-13,TLT,-0.00940483,0.010045208,0.019450039,train,0.05599358
2016-01-14,EFA,-0.036863763,0.118623585,0.15548734,train,0.081452206
2016-01-14,IWM,-0.0163456,0.30458373,0.32092932,train,0.23356096
2016-01-14,SPY,-0.021699866,0.015548751,0.03724862,train,-0.1447842
2016-01-14,TLT,0.015466802,-0.029319286,0.04478609,train,0.010045208
2016-01-15,EFA,0.009158227,-0.020748202,0.02990643,train,0.118623585
2016-01-15,IWM,-0.013575523,0.12733161,0.14090714,train,0.30458373
2016-01-15,SPY,0.0013300491,-0.17090993,0.17223997,train,0.015548751
2016-01-15,TLT,-0.0031060486,0.04211097,0.04521702,train,-0.029319286
2016-01-19,EFA,-0.022959262,0.10964953,0.1326088,train,-0.020748202
2016-01-19,IWM,0.004142091,0.20414376,0.20000167,train,0.12733161
2016-01-19,SPY,-0.012898103,-0.08116232,0.068264216,train,-0.17090993
2016-01-19,TLT,0.0104747135,0.066183,0.05570829,train,0.04211097
2016-01-20,EFA,0.007396655,-5.960837e-05,0.0074562635,train,0.10964953
2016-01-20,IWM,-0.0023215718,0.29642284,0.2987444,train,0.20414376
2016-01-20,SPY,0.0055864,-0.08301093,0.08859733,train,-0.08116232
2016-01-20,TLT,-0.0068121357,-0.0816748,0.07486267,train,0.066183
2016-01-21,EFA,0.029052213,0.18140598,0.15235376,train,-5.960837e-05
2016-01-21,IWM,0.024162762,0.26906878,0.24490601,train,0.29642284
2016-01-21,SPY,0.020308299,-0.12857144,0.14887974,train,-0.08301093
2016-01-21,TLT,-0.0038226314,-0.020434635,0.016612003,train,-0.0816748
2016-01-22,EFA,-0.013489605,0.19281764,0.20630725,train,0.18140598
2016-01-22,IWM,-0.022445787,0.17788391,0.20032969,train,0.26906878
2016-01-22,SPY,-0.015232175,-0.0076855123,0.0075466624,train,-0.12857144
2016-01-22,TLT,0.005410806,-0.0035969038,0.009007709,train,-0.020434635
2016-01-25,EFA,0.017702905,0.3212813,0.3035784,train,0.19281764
2016-01-25,IWM,0.019778471,0.33560264,0.31582418,train,0.17788391
2016-01-25,SPY,0.013550976,-0.016142175,0.02969315,train,-0.0076855123
2016-01-25,TLT,0.00047621632,0.022741497,0.02226528,train,-0.0035969038
2016-01-26,EFA,-0.006418111,0.15541796,0.16183607,train,0.3212813
2016-01-26,IWM,-0.013843824,0.19433546,0.20817928,train,0.33560264
2016-01-26,SPY,-0.01094335,0.013794713,0.024738062,train,-0.016142175
2016-01-26,TLT,-0.00023788016,0.030460652,0.030698532,train,0.022741497
2016-01-27,EFA,0.0029392648,0.09509651,0.09215725,train,0.15541796
2016-01-27,IWM,-0.00020088532,0.210583,0.21078388,train,0.19433546
2016-01-27,SPY,0.005195797,0.014176413,0.008980617,train,0.013794713
2016-01-27,TLT,0.0014266721,0.009117924,0.0076912516,train,0.030460652
2016-01-28,EFA,0.01745468,0.0720665,0.05461182,train,0.09509651
2016-01-28,IWM,0.032275207,0.11382361,0.0815484,train,0.210583
2016-01-28,SPY,0.02408458,-0.06742264,0.091507226,train,0.014176413
2016-01-28,TLT,0.008440534,-0.09528608,0.10372661,train,0.009117924
2016-01-29,EFA,-0.0010821124,0.24597205,0.24705416,train,0.0720665
2016-01-29,IWM,-0.0045748632,0.111420415,0.11599528,train,0.11382361
2016-01-29,SPY,-0.0003610306,0.036227733,0.036588762,train,-0.06742264
2016-01-29,TLT,-0.003065793,-0.052462835,0.04939704,train,-0.09528608
2016-02-01,EFA,-0.023551844,-0.058947213,0.03539537,train,0.24597205
2016-02-01,IWM,-0.021799266,-0.12846796,0.106668696,train,0.111420415
2016-02-01,SPY,-0.018186439,-0.1619644,0.14377797,train,0.036227733
2016-02-01,TLT,0.018382126,0.025749438,0.007367311,train,-0.052462835
2016-02-02,EFA,0.008278959,0.18550558,0.17722662,train,-0.058947213
2016-02-02,IWM,0.001295544,0.10825111,0.106955566,train,-0.12846796
2016-02-02,SPY,0.005976914,0.04695721,0.040980294,train,-0.1619644
2016-02-02,TLT,-0.008327568,0.1057853,0.11411287,train,0.025749438
2016-02-03,EFA,0.0012818131,0.08715783,0.08587602,train,0.18550558
2016-02-03,IWM,0.0038767639,0.05484756,0.050970796,train,0.10825111
2016-02-03,SPY,0.0015670565,-0.086116984,0.08768404,train,0.04695721
2016-02-03,TLT,0.004833884,-0.06312107,0.06795496,train,0.1057853
2016-02-04,EFA,-0.015490128,0.077565074,0.0930552,train,0.08715783
2016-02-04,IWM,-0.027763067,0.1698568,0.19761987,train,0.05484756
2016-02-04,SPY,-0.019234123,-0.17241998,0.15318586,train,-0.086116984
2016-02-04,TLT,0.0011655277,0.09243533,0.091269806,train,-0.06312107
2016-02-05,EFA,-0.018758575,0.25508976,0.27384833,train,0.077565074
2016-02-05,IWM,-0.016558021,0.20366855,0.22022657,train,0.1698568
2016-02-05,SPY,-0.013552351,-0.037118033,0.023565682,train,-0.17241998
2016-02-05,TLT,0.021291792,0.06749285,0.046201058,train,0.09243533
2016-02-08,EFA,-0.011617841,0.28795642,0.29957426,train,0.25508976
2016-02-08,IWM,-0.006763712,0.2489404,0.2557041,train,0.20366855
2016-02-08,SPY,5.417845e-05,-0.123458266,0.12351245,train,-0.037118033
2016-02-08,TLT,0.0010640941,0.003501974,0.0024378798,train,0.06749285
2016-02-09,EFA,-0.0011502446,0.26269746,0.2638477,train,0.28795642
2016-02-09,IWM,0.0005220871,0.20443231,0.20391022,train,0.2489404
2016-02-09,SPY,-0.00086322345,-0.1922074,0.19134417,train,-0.123458266
2016-02-09,TLT,0.00877388,0.08367041,0.07489653,train,0.003501974
2016-02-10,EFA,-0.014683483,0.12300798,0.13769147,train,0.26269746
2016-02-10,IWM,-0.010912074,0.17187953,0.1827916,train,0.20443231
2016-02-10,SPY,-0.0130935125,-0.19268335,0.17958984,train,-0.1922074
2016-02-10,TLT,0.0069791237,0.025415312,0.01843619,train,0.08367041
2016-02-11,EFA,0.01736461,0.18754409,0.17017949,train,0.12300798
2016-02-11,IWM,0.018811202,0.26817846,0.24936727,train,0.17187953
2016-02-11,SPY,0.020406932,-0.18181928,0.2022262,train,-0.19268335
2016-02-11,TLT,-0.016741376,-0.05483125,0.038089875,train,0.025415312
2016-02-12,EFA,0.020072896,0.124877855,0.10480496,train,0.18754409
2016-02-12,IWM,0.023431927,0.18244748,0.15901555,train,0.26817846
2016-02-12,SPY,0.016737703,-0.14779346,0.16453116,train,-0.18181928
2016-02-12,TLT,-0.010626803,-0.047703587,0.037076782,train,-0.05483125
2016-02-16,EFA,0.017100722,0.16504441,0.14794369,train,0.124877855
2016-02-16,IWM,0.015554254,0.23790616,0.22235191,train,0.18244748
2016-02-16,SPY,0.016202703,-0.14598,0.1621827,train,-0.14779346
2016-02-16,TLT,-0.00616735,0.05927992,0.06544727,train,-0.047703587
2016-02-17,EFA,-0.005173588,-0.0550604,0.049886815,train,0.16504441
2016-02-17,IWM,-0.0047911755,0.030511577,0.03530275,train,0.23790616
2016-02-17,SPY,-0.004104411,0.014416359,0.01852077,train,-0.14598
2016-02-17,TLT,0.01222091,0.00014491379,0.012075996,train,0.05927992
2016-02-18,EFA,-0.0011123896,-0.16875675,0.16764437,train,-0.0550604
2016-02-18,IWM,0.004989889,-0.06274402,0.06773391,train,0.030511577
2016-02-18,SPY,-0.00046845415,0.02741529,0.027883744,train,0.014416359
2016-02-18,TLT,0.00084021623,0.0101138875,0.009273672,train,0.00014491379
2016-02-19,EFA,0.0112497015,-0.25359386,0.26484355,train,-0.16875675
2016-02-19,IWM,0.011088234,-0.046102777,0.05719101,train,-0.06274402
2016-02-19,SPY,0.014375244,0.028168485,0.01379324,train,0.02741529
2016-02-19,TLT,-0.0005346153,0.00961465,0.010149266,train,0.0101138875
2016-02-22,EFA,-0.016455902,-0.13369791,0.11724201,train,-0.25359386
2016-02-22,IWM,-0.00919828,-0.03150692,0.022308638,train,-0.046102777
2016-02-22,SPY,-0.012709794,0.03385847,0.046568263,train,0.028168485
2016-02-22,TLT,0.004039388,0.02963797,0.025598582,train,0.00961465
2016-02-23,EFA,-0.003548269,0.038066275,0.041614544,train,-0.13369791
2016-02-23,IWM,0.009592063,0.020577341,0.0109852785,train,-0.03150692
2016-02-23,SPY,0.0045654597,0.16612314,0.16155767,train,0.03385847
2016-02-23,TLT,-0.001979289,-0.08505614,0.08307685,train,0.02963797
2016-02-24,EFA,0.011902636,0.118983984,0.107081346,train,0.038066275
2016-02-24,IWM,0.00911087,-0.023910336,0.033021204,train,0.020577341
2016-02-24,SPY,0.012038336,0.075006485,0.06296815,train,0.16612314
2016-02-24,TLT,0.003575898,-0.054181315,0.057757214,train,-0.08505614
2016-02-25,EFA,-0.0025917687,0.050941974,0.053533744,train,0.118983984
2016-02-25,IWM,0.006319049,-0.14287195,0.14919099,train,-0.023910336
2016-02-25,SPY,-0.00230361,-0.00082717836,0.0014764317,train,0.075006485
2016-02-25,TLT,-0.009692384,-0.018768612,0.009076228,train,-0.054181315
2016-02-26,EFA,-0.0059490055,0.060718536,0.06666754,train,0.050941974
2016-02-26,IWM,-0.0044676657,-0.039734352,0.035266686,train,-0.14287195
2016-02-26,SPY,-0.00787338,0.129599,0.13747239,train,-0.00082717836
2016-02-26,TLT,0.004361511,-0.026841246,0.031202756,train,-0.018768612
2016-02-29,EFA,0.025769703,0.04605484,0.020285137,train,0.060718536
2016-02-29,IWM,0.021284457,0.07364906,0.052364606,train,-0.039734352
2016-02-29,SPY,0.023234937,0.15265878,0.12942384,train,0.129599
2016-02-29,TLT,-0.017765062,-0.021143861,0.0033787992,train,-0.026841246
2016-03-01,EFA,0.0068816706,0.050007254,0.043125585,train,0.04605484
2016-03-01,IWM,0.010238814,-0.041698776,0.05193759,train,0.07364906
2016-03-01,SPY,0.0044821743,0.010023497,0.0055413228,train,0.15265878
2016-03-01,TLT,0.004118243,-0.108578384,0.112696625,train,-0.021143861
2016-03-02,EFA,0.009698395,-0.13830787,0.14800626,train,0.050007254
2016-03-02,IWM,0.010415511,-0.0898956,0.10031111,train,-0.041698776
2016-03-02,SPY,0.0039119786,0.15122612,0.14731415,train,0.010023497
2016-03-02,TLT,0.0036376524,0.051121645,0.04748399,train,-0.108578384
2016-03-03,EFA,0.007301311,-0.17870389,0.1860052,train,-0.13830787
2016-03-03,IWM,0.00549238,-0.021421846,0.026914226,train,-0.0898956
2016-03-03,SPY,0.0032484971,0.10660665,0.10335815,train,0.15122612
2016-03-03,TLT,-0.006433301,-0.048133567,0.041700266,train,0.051121645
2016-03-04,EFA,-0.0012428978,-0.10808946,0.10684656,train,-0.17870389
2016-03-04,IWM,0.010802801,-0.03453527,0.045338072,train,-0.021421846
2016-03-04,SPY,0.00079759856,0.15708396,0.15628636,train,0.10660665
2016-03-04,TLT,-0.0003110413,0.056752544,0.057063587,train,-0.048133567
2016-03-07,EFA,-0.009818699,0.0075400025,0.017358702,train,-0.10808946
2016-03-07,IWM,-0.024449114,-0.0060558617,0.018393252,train,-0.03453527
2016-03-07,SPY,-0.010977381,0.2286578,0.23963518,train,0.15708396
2016-03-07,TLT,0.010985308,0.07148758,0.060502276,train,0.056752544
2016-03-08,EFA,0.0037602854,-0.06945447,0.073214754,train,0.0075400025
2016-03-08,IWM,0.005069076,0.12587526,0.12080619,train,-0.0060558617
2016-03-08,SPY,0.0049270494,0.20466824,0.19974118,train,0.2286578
2016-03-08,TLT,-0.0060966006,-0.030109808,0.024013206,train,0.07148758
2016-03-09,EFA,-0.0016100041,0.053686697,0.0552967,train,-0.06945447
2016-03-09,IWM,-0.008179392,0.16498281,0.1731622,train,0.12587526
2016-03-09,SPY,0.00080251927,0.16757382,0.16677131,train,0.20466824
2016-03-09,TLT,-0.00411074,0.1139282,0.11803894,train,-0.030109808
2016-03-10,EFA,0.025801113,-0.15722327,0.18302438,train,0.053686697
2016-03-10,IWM,0.021202493,0.040948525,0.019746032,train,0.16498281
2016-03-10,SPY,0.016008064,0.17400055,0.15799248,train,0.16757382
2016-03-10,TLT,-0.0101558985,0.12194362,0.13209952,train,0.1139282
2016-03-11,EFA,-0.002095544,0.27885503,0.28095058,train,-0.15722327
2016-03-11,IWM,-0.0025907978,0.12543635,0.12802714,train,0.040948525
2016-03-11,SPY,-0.0012832592,-0.020853974,0.019570714,train,0.17400055
2016-03-11,TLT,0.0031359943,0.10425492,0.10111892,train,0.12194362
2016-03-14,EFA,-0.009485445,0.03446451,0.043949954,train,0.27885503
2016-03-14,IWM,-0.015690045,0.024627171,0.040317215,train,0.12543635
2016-03-14,SPY,-0.0016309937,0.039761327,0.041392323,train,-0.020853974
2016-03-14,TLT,0.0009385152,0.023085777,0.02214726,train,0.10425492
2016-03-15,EFA,0.008785593,-0.0207868,0.029572394,train,0.03446451
2016-03-15,IWM,0.007035017,0.027447179,0.020412162,train,0.024627171
2016-03-15,SPY,0.005770457,0.16924733,0.16347687,train,0.039761327
2016-03-15,TLT,0.0029671313,0.03930813,0.036341,train,0.023085777
2016-03-16,EFA,0.0076682563,-0.021496236,0.029164493,train,-0.0207868
2016-03-16,IWM,0.01521199,0.15821306,0.14300108,train,0.027447179
2016-03-16,SPY,0.0063242703,0.058168605,0.051844336,train,0.16924733
2016-03-16,TLT,0.0041241585,0.04214366,0.038019504,train,0.03930813
2016-03-17,EFA,-0.0017374422,0.033835825,0.035573266,train,-0.021496236
2016-03-17,IWM,0.008981118,0.13303135,0.12405024,train,0.15821306
2016-03-17,SPY,0.003921905,0.07907036,0.075148456,train,0.058168605
2016-03-17,TLT,0.0020936776,0.012276309,0.010182631,train,0.04214366
2016-03-18,EFA,-0.0015665699,-0.14535116,0.14378458,train,0.033835825
2016-03-18,IWM,-0.0023746507,0.15072237,0.15309702,train,0.13303135
2016-03-18,SPY,0.0014180144,0.057914857,0.056496844,train,0.07907036
2016-03-18,TLT,-0.0077003012,-0.043638572,0.03593827,train,0.012276309
2016-03-21,EFA,-0.001743287,0.09894468,0.100687966,train,-0.14535116
2016-03-21,IWM,-0.0011898011,0.14409485,0.14528465,train,0.15072237
2016-03-21,SPY,-0.00053791166,-0.1257198,0.12518188,train,0.057914857
2016-03-21,TLT,-0.00023400242,0.00052623823,0.00076024065,train,-0.043638572
2016-03-22,EFA,-0.010171854,-0.02473481,0.014562956,train,0.09894468
2016-03-22,IWM,-0.018659016,0.024310447,0.042969465,train,0.14409485
2016-03-22,SPY,-0.0066211834,-0.061121285,0.054500103,train,-0.1257198
2016-03-22,TLT,0.011260956,0.043847777,0.03258682,train,0.00052623823
2016-03-23,EFA,-0.006721007,-0.05164138,0.04492037,train,-0.02473481
2016-03-23,IWM,0.002989655,-0.068580315,0.07156997,train,0.024310447
2016-03-23,SPY,-0.00044301015,-0.009904936,0.009461925,train,-0.061121285
2016-03-23,TLT,0.0003859947,-0.021298058,0.021684052,train,0.043847777
2016-03-24,EFA,0.006015718,-0.016053978,0.022069696,train,-0.05164138
2016-03-24,IWM,0.0012117266,-0.01575189,0.016963618,train,-0.068580315
2016-03-24,SPY,0.00059028406,-0.017210834,0.017801117,train,-0.009904936
2016-03-24,TLT,0.0013110366,0.042508595,0.041197557,train,-0.021298058
2016-03-28,EFA,0.010702764,-0.030632265,0.041335028,train,-0.016053978
2016-03-28,IWM,0.027386514,-0.012596669,0.039983183,train,-0.01575189
2016-03-28,SPY,0.009207908,-0.029555768,0.038763676,train,-0.017210834
2016-03-28,TLT,0.010430392,0.0117436275,0.0013132356,train,0.042508595
2016-03-29,EFA,0.007476242,0.028656993,0.02118075,train,-0.030632265
2016-03-29,IWM,9.066284e-05,0.18095653,0.18086587,train,-0.012596669
2016-03-29,SPY,0.0043782797,-0.053815365,0.058193646,train,-0.029555768
2016-03-29,TLT,-0.010584415,-0.012903929,0.0023195138,train,0.0117436275
2016-03-30,EFA,-0.009922819,0.0776975,0.08762032,train,0.028656993
2016-03-30,IWM,0.0028058526,0.1109691,0.108163245,train,0.18095653
2016-03-30,SPY,-0.0024298653,-0.12544422,0.12301435,train,-0.053815365
2016-03-30,TLT,0.007069298,-0.045398615,0.052467912,train,-0.012903929
2016-03-31,EFA,-0.010728849,-0.18012632,0.16939747,train,0.0776975
2016-03-31,IWM,0.0044196583,-0.05197508,0.056394737,train,0.1109691
2016-03-31,SPY,0.006788713,0.0050850064,0.0017037066,train,-0.12544422
2016-03-31,TLT,0.0026045842,-0.012089258,0.014693842,train,-0.045398615
2016-04-01,EFA,-0.002124472,-0.03373629,0.031611815,train,-0.18012632
2016-04-01,IWM,-0.008404455,-0.057085328,0.04868087,train,-0.05197508
2016-04-01,SPY,-0.0032431672,-0.0224424,0.019199234,train,0.0050850064
2016-04-01,TLT,0.00061208836,-0.018748863,0.01936095,train,-0.012089258
2016-04-04,EFA,-0.019866308,0.033795748,0.053662054,train,-0.03373629
2016-04-04,IWM,-0.011408973,0.08632448,0.09773345,train,-0.057085328
2016-04-04,SPY,-0.010038411,-0.06606501,0.0560266,train,-0.0224424
2016-04-04,TLT,0.01087671,0.06597484,0.05509813,train,-0.018748863
2016-04-05,EFA,0.016138159,-0.03563252,0.05177068,train,0.033795748
2016-04-05,IWM,0.01122719,-0.030255023,0.041482214,train,0.08632448
2016-04-05,SPY,0.010862034,0.08951781,0.07865578,train,-0.06606501
2016-04-05,TLT,-0.007288743,0.017805018,0.02509376,train,0.06597484
2016-04-06,EFA,-0.014693275,-0.04008831,0.025395036,train,-0.03563252
2016-04-06,IWM,-0.013616869,0.025166491,0.03878336,train,-0.030255023
2016-04-06,SPY,-0.012037804,-0.037177615,0.02513981,train,0.08951781
2016-04-06,TLT,0.012269457,-0.0045877714,0.01685723,train,0.017805018
2016-04-07,EFA,0.018952716,0.008322597,0.01063012,train,-0.04008831
2016-04-07,IWM,0.003949026,0.037738644,0.033789616,train,0.025166491
2016-04-07,SPY,0.0026930294,0.12842983,0.1257368,train,-0.037177615
2016-04-07,TLT,-0.00634309,-0.060178317,0.053835228,train,-0.0045877714
2016-04-08,EFA,0.000531464,0.11545114,0.11491968,train,0.008322597
2016-04-08,IWM,-0.003120809,0.01440406,0.01752487,train,0.037738644
2016-04-08,SPY,-0.0023500558,0.038344197,0.04069425,train,0.12842983
2016-04-08,TLT,-0.0012883232,-0.018358735,0.017070413,train,-0.060178317
2016-04-11,EFA,0.01476055,0.015451618,0.0006910674,train,0.11545114
2016-04-11,IWM,0.010698637,0.04638038,0.03568174,train,0.01440406
2016-04-11,SPY,0.009269853,0.059204843,0.04993499,train,0.038344197
2016-04-11,TLT,-0.0069265175,-0.05797109,0.051044572,train,-0.018358735
2016-04-12,EFA,0.01574833,0.06305336,0.047305033,train,0.015451618
2016-04-12,IWM,0.021328477,-0.09738576,0.118714236,train,0.04638038
2016-04-12,SPY,0.010050252,-0.013615504,0.023665756,train,0.059204843
2016-04-12,TLT,0.003507379,-0.033001393,0.036508773,train,-0.05797109
2016-04-13,EFA,0.0032570015,0.12109533,0.11783833,train,0.06305336
2016-04-13,IWM,-0.0012472792,0.01944635,0.02069363,train,-0.09738576
2016-04-13,SPY,4.8221504e-05,-0.084519364,0.084567584,train,-0.013615504
2016-04-13,TLT,-0.004806872,0.006927844,0.011734717,train,-0.033001393
2016-04-14,EFA,-0.0022274351,0.10461434,0.10684177,train,0.12109533
2016-04-14,IWM,0.0024929277,0.106532544,0.10403962,train,0.01944635
2016-04-14,SPY,-0.0011064076,0.008983083,0.010089491,train,-0.084519364
2016-04-14,TLT,0.008528992,0.010489137,0.0019601453,train,0.006927844
2016-04-15,EFA,0.008539855,0.08469181,0.07615195,train,0.10461434
2016-04-15,IWM,0.0075305235,0.07701055,0.069480024,train,0.106532544
2016-04-15,SPY,0.0070020994,0.0011163726,0.005885727,train,0.008983083
2016-04-15,TLT,-0.00433211,-0.034417,0.03008489,train,0.010489137
2016-04-18,EFA,0.017198138,0.17564695,0.15844882,train,0.08469181
2016-04-18,IWM,0.000794,0.058460213,0.057666212,train,0.07701055
2016-04-18,SPY,0.0031491977,0.052682705,0.04953351,train,0.0011163726
2016-04-18,TLT,-0.0031267228,0.023334315,0.026461039,train,-0.034417
2016-04-19,EFA,0.0008354922,0.011914834,0.011079342,train,0.17564695
2016-04-19,IWM,0.0014982717,0.014124308,0.012626036,train,0.058460213
2016-04-19,SPY,0.000952624,0.08442657,0.08347394,train,0.052682705
2016-04-19,TLT,-0.011061635,0.05666519,0.06772682,train,0.023334315
2016-04-20,EFA,-0.0060312347,0.06855894,0.07459018,train,0.011914834
2016-04-20,IWM,-0.0050321408,0.10115622,0.10618836,train,0.014124308
2016-04-20,SPY,-0.005393099,0.101382196,0.1067753,train,0.08442657
2016-04-20,TLT,-0.005965528,-0.08968173,0.0837162,train,0.05666519
2016-04-21,EFA,0.00050423224,0.0799211,0.07941686,train,0.06855894
2016-04-21,IWM,0.009863502,0.05890619,0.049042687,train,0.10115622
2016-04-21,SPY,0.0,0.0979497,0.0979497,train,0.101382196
2016-04-21,TLT,-0.0025670994,0.061779078,0.06434618,train,-0.08968173
2016-04-22,EFA,-0.005051542,0.03396644,0.039017983,train,0.0799211
2016-04-22,IWM,-0.0071236333,0.088722475,0.09584611,train,0.05890619
2016-04-22,SPY,-0.0017242149,0.0713724,0.07309661,train,0.0979497
2016-04-22,TLT,-0.004138355,-0.017470628,0.013332273,train,0.061779078
2016-04-25,EFA,0.003538601,0.113098174,0.10955957,train,0.03396644
2016-04-25,IWM,0.009749612,0.014520779,0.0047711674,train,0.088722475
2016-04-25,SPY,0.0014849636,0.040530324,0.03904536,train,0.0713724
2016-04-25,TLT,-0.004547371,-0.019094784,0.014547413,train,-0.017470628
2016-04-26,EFA,0.0006726431,0.07845233,0.07777968,train,0.113098174
2016-04-26,IWM,0.0034898578,0.013432067,0.009942209,train,0.014520779
2016-04-26,SPY,0.0020559842,0.0694639,0.06740791,train,0.040530324
2016-04-26,TLT,0.009930698,0.03421352,0.024282822,train,-0.019094784
2016-04-27,EFA,-0.013709251,0.08005746,0.093766704,train,0.07845233
2016-04-27,IWM,-0.01147577,-0.100577876,0.089102104,train,0.013432067
2016-04-27,SPY,-0.009117023,-0.047811065,0.038694043,train,0.0694639
2016-04-27,TLT,0.004115872,0.1436243,0.13950843,train,0.03421352
2016-04-28,EFA,-0.004269499,0.0036218613,0.007891361,train,0.08005746
2016-04-28,IWM,-0.009027203,-0.07602675,0.06699955,train,-0.100577876
2016-04-28,SPY,-0.005413306,0.06647278,0.07188609,train,-0.047811065
2016-04-28,TLT,0.0025533147,0.06297585,0.06042254,train,0.1436243
2016-04-29,EFA,0.009368777,0.06618498,0.056816205,train,0.0036218613
2016-04-29,IWM,0.008851103,-0.031655975,0.04050708,train,-0.07602675
2016-04-29,SPY,0.007916712,-0.03896141,0.04687812,train,0.06647278
2016-04-29,TLT,-0.010118905,0.06357765,0.07369655,train,0.06297585
2016-05-02,EFA,-0.016583024,-0.11822085,0.101637825,train,0.06618498
2016-05-02,IWM,-0.016526408,-0.08744312,0.07091671,train,-0.031655975
2016-05-02,SPY,-0.008740694,-0.07064961,0.061908916,train,-0.03896141
2016-05-02,TLT,0.012517414,0.029721398,0.017203983,train,0.06357765
2016-05-03,EFA,-0.011616886,0.001632005,0.013248891,train,-0.11822085
2016-05-03,IWM,-0.008276532,-0.06508587,0.05680934,train,-0.08744312
2016-05-03,SPY,-0.0055941227,-0.038935415,0.033341292,train,-0.07064961
2016-05-03,TLT,0.0054705455,0.05901167,0.053541128,train,0.029721398
2016-05-04,EFA,-0.0020949023,-0.05198466,0.04988976,train,0.001632005
2016-05-04,IWM,-0.0039824285,0.0007912293,0.004773658,train,-0.06508587
2016-05-04,SPY,-0.0001951987,-0.004166737,0.0039715385,train,-0.038935415
2016-05-04,TLT,0.0066627506,0.057068314,0.050405562,train,0.05901167
2016-05-05,EFA,0.0027923784,-0.07120292,0.0739953,train,-0.05198466
2016-05-05,IWM,0.005877773,-0.030220047,0.03609782,train,0.0007912293
2016-05-05,SPY,0.0036523878,-0.017116398,0.020768786,train,-0.004166737
2016-05-05,TLT,-0.0042836317,0.0069353394,0.011218971,train,0.057068314
2016-05-06,EFA,-0.0020937098,-0.057939038,0.055845328,train,-0.07120292
2016-05-06,IWM,0.0028810238,-0.06828752,0.07116854,train,-0.030220047
2016-05-06,SPY,0.0008257438,0.08532275,0.08449701,train,-0.017116398
2016-05-06,TLT,0.0031375312,-0.025632739,0.02877027,train,0.0069353394
2016-05-09,EFA,0.014219188,-0.035018988,0.049238175,train,-0.057939038
2016-05-09,IWM,0.0100189475,0.050096698,0.04007775,train,-0.06828752
2016-05-09,SPY,0.01235727,-0.026017666,0.038374938,train,0.08532275
2016-05-09,TLT,7.685462e-05,-0.049556784,0.04963364,train,-0.025632739
2016-05-10,EFA,-0.008646001,0.0861901,0.0948361,train,-0.035018988
2016-05-10,IWM,-0.012449425,-0.024897516,0.012448091,train,0.050096698
2016-05-10,SPY,-0.0093986215,0.036605027,0.046003647,train,-0.026017666
2016-05-10,TLT,0.005638586,-0.025697947,0.03133653,train,-0.049556784
2016-05-11,EFA,-0.00034751062,-0.124719605,0.124372095,train,0.0861901
2016-05-11,IWM,-0.0053312634,-0.019133791,0.013802528,train,-0.024897516
2016-05-11,SPY,0.00029026796,0.024722114,0.024431847,train,0.036605027
2016-05-11,TLT,-0.0045693396,-0.0062462147,0.0016768752,train,-0.025697947
2016-05-12,EFA,-0.010302931,-0.049286664,0.038983732,train,-0.124719605
2016-05-12,IWM,-0.0066362754,0.044288017,0.050924294,train,-0.019133791
2016-05-12,SPY,-0.008752248,0.007010337,0.015762586,train,0.024722114
2016-05-12,TLT,0.009647318,0.117700584,0.10805327,train,-0.0062462147
2016-05-13,EFA,0.011865511,-0.040406223,0.052271735,train,-0.049286664
2016-05-13,IWM,0.012598291,-0.09772842,0.11032671,train,0.044288017
2016-05-13,SPY,0.009816941,0.018744707,0.008927766,train,0.007010337
2016-05-13,TLT,-0.008655296,-0.045711115,0.03705582,train,0.117700584
2016-05-16,EFA,-0.0073120315,0.0819893,0.08930133,train,-0.040406223
2016-05-16,IWM,-0.015978543,0.06540245,0.08138099,train,-0.09772842
2016-05-16,SPY,-0.009377216,0.07539523,0.084772445,train,0.018744707
2016-05-16,TLT,0.0016754931,0.11698632,0.115310825,train,-0.045711115
2016-05-17,EFA,0.00034915452,-0.02726131,0.027610464,train,0.0819893
2016-05-17,IWM,0.0052028527,-0.070757,0.075959854,train,0.06540245
2016-05-17,SPY,0.00029234335,0.026276175,0.02598383,train,0.07539523
2016-05-17,TLT,-0.014337458,0.05662237,0.07095983,train,0.11698632
2016-05-18,EFA,-0.0071872175,0.0013140822,0.0085013,train,-0.02726131
2016-05-18,IWM,-0.008044153,0.016246378,0.024290532,train,-0.070757
2016-05-18,SPY,-0.0034705293,-0.03466619,0.031195663,train,0.026276175
2016-05-18,TLT,0.004315321,-0.048877638,0.05319296,train,0.05662237
2016-05-19,EFA,0.008234848,0.03208539,0.023850542,train,0.0013140822
2016-05-19,IWM,0.016655842,0.001934275,0.014721567,train,0.016246378
2016-05-19,SPY,0.0062974924,-0.027479135,0.033776626,train,-0.03466619
2016-05-19,TLT,0.0007681521,-0.009458344,0.0102264965,train,-0.048877638
2016-05-20,EFA,-0.0033209387,0.016110826,0.019431764,train,0.03208539
2016-05-20,IWM,-0.0011740965,0.061645567,0.06281967,train,0.001934275
2016-05-20,SPY,-0.0013635595,0.058849897,0.060213458,train,-0.027479135
2016-05-20,TLT,0.002226194,-0.023642194,0.025868388,train,-0.009458344
2016-05-23,EFA,0.014426421,0.050957073,0.03653065,train,0.016110826
2016-05-23,IWM,0.020394478,0.009694643,0.010699835,train,0.061645567
2016-05-23,SPY,0.012878623,-0.025735945,0.038614567,train,0.058849897
2016-05-23,TLT,-0.0044566626,-0.001222115,0.0032345476,train,-0.023642194
2016-05-24,EFA,0.01047127,-0.0043400824,0.014811353,train,0.050957073
2016-05-24,IWM,0.0058268174,0.06440735,0.058580533,train,0.009694643
2016-05-24,SPY,0.0067604114,-0.009830322,0.016590733,train,-0.025735945
2016-05-24,TLT,-0.003780392,-0.013195343,0.009414951,train,-0.001222115
2016-05-25,EFA,0.0027285689,0.011626372,0.008897804,train,-0.0043400824
2016-05-25,IWM,-0.0011451899,-0.14025666,0.13911147,train,0.06440735
2016-05-25,SPY,0.00028675498,0.05315719,0.052870438,train,-0.009830322
2016-05-25,TLT,0.005165523,-0.057332918,0.062498443,train,-0.013195343
2016-05-26,EFA,-0.0010224617,-0.06832498,0.067302525,train,0.011626372
2016-05-26,IWM,0.009909561,-0.08642572,0.096335284,train,-0.14025666
2016-05-26,SPY,0.004290038,0.044982977,0.04069294,train,0.05315719
2016-05-26,TLT,-0.001461968,-0.008188143,0.0067261755,train,-0.057332918
2016-05-27,EFA,-0.0047847717,0.022334358,0.02711913,train,-0.06832498
2016-05-27,IWM,0.0034842326,-0.05876583,0.062250063,train,-0.08642572
2016-05-27,SPY,-0.0019045445,0.06078302,0.06268757,train,0.044982977
2016-05-27,TLT,0.0023843495,-0.03121927,0.03360362,train,-0.008188143
2016-05-31,EFA,-0.0008567371,-0.0012275185,0.00037078146,train,0.022334358
2016-05-31,IWM,0.0067597283,0.07642174,0.06966201,train,-0.05876583
2016-05-31,SPY,0.0020470645,0.02550403,0.023456967,train,0.06078302
2016-05-31,TLT,0.004049471,-0.044405364,0.048454836,train,-0.03121927
2016-06-01,EFA,0.0,0.05920901,0.05920901,train,-0.0012275185
2016-06-01,IWM,0.007657383,-0.061292775,0.06895016,train,0.07642174
2016-06-01,SPY,0.003039195,0.062043928,0.05900473,train,0.02550403
2016-06-01,TLT,0.00718121,-0.01398129,0.0211625,train,-0.044405364
2016-06-02,EFA,0.006493516,0.077263735,0.07077022,train,0.05920901
2016-06-02,IWM,-0.0060178176,-0.06157276,0.05555494,train,-0.061292775
2016-06-02,SPY,-0.002991835,0.027384147,0.030375982,train,0.062043928
2016-06-02,TLT,0.014135253,-0.052184403,0.06631966,train,-0.01398129
2016-06-03,EFA,0.0056051835,0.081609614,0.07600443,train,0.077263735
2016-06-03,IWM,0.0107209915,-0.02585128,0.03657227,train,-0.06157276
2016-06-03,SPY,0.005075984,-0.026177544,0.031253528,train,0.027384147
2016-06-03,TLT,-0.0074587306,-0.083805285,0.076346554,train,-0.052184403
2016-06-06,EFA,0.0072569633,0.05953633,0.052279368,train,0.081609614
2016-06-06,IWM,0.0028964612,-0.0799619,0.08285836,train,-0.02585128
2016-06-06,SPY,0.0015599066,0.024630621,0.023070715,train,-0.026177544
2016-06-06,TLT,0.0024173432,0.05179733,0.049379986,train,-0.083805285
2016-06-07,EFA,0.0020156365,-0.015080385,0.017096022,train,0.05953633
2016-06-07,IWM,0.0073733563,-0.097950555,0.10532391,train,-0.0799619
2016-06-07,SPY,0.0032544865,0.011300169,0.008045683,train,0.024630621
2016-06-07,TLT,0.005341637,0.05141044,0.046068802,train,0.05179733
2016-06-08,EFA,-0.012326022,0.005314719,0.01764074,train,-0.015080385
2016-06-08,IWM,-0.0064381845,-0.06291537,0.056477185,train,-0.097950555
2016-06-08,SPY,-0.0013667346,0.016970418,0.018337153,train,0.011300169
2016-06-08,TLT,0.0064326157,0.0033459663,0.0030866493,train,0.05141044
2016-06-09,EFA,-0.029482422,-0.01119356,0.018288862,train,0.005314719
2016-06-09,IWM,-0.013690876,-0.03647396,0.022783084,train,-0.06291537
2016-06-09,SPY,-0.0095226,-0.02322073,0.013698129,train,0.016970418
2016-06-09,TLT,0.00483404,-0.0027704649,0.007604505,train,0.0033459663
2016-06-10,EFA,-0.014629761,-0.1360177,0.121387936,train,-0.01119356
2016-06-10,IWM,-0.010914675,-0.027491122,0.016576447,train,-0.03647396
2016-06-10,SPY,-0.00774162,0.05126897,0.059010588,train,-0.02322073
2016-06-10,TLT,0.0044418504,0.0060656928,0.0016238424,train,-0.0027704649
2016-06-13,EFA,-0.016109183,-0.010307003,0.0058021806,train,-0.1360177
2016-06-13,IWM,-0.0028780447,0.1630631,0.16594113,train,-0.027491122
2016-06-13,SPY,-0.001968783,-0.02079732,0.018828537,train,0.05126897
2016-06-13,TLT,-0.0007392343,-0.06226393,0.061524693,train,0.0060656928
2016-06-14,EFA,0.006654218,-0.025178466,0.031832684,train,-0.010307003
2016-06-14,IWM,0.0006981413,0.05482094,0.0541228,train,0.1630631
2016-06-14,SPY,-0.0013949422,-0.012188584,0.010793641,train,-0.02079732
2016-06-14,TLT,0.0038367144,-0.024213046,0.02804976,train,-0.06226393
2016-06-15,EFA,0.002148633,-0.06929459,0.07144322,train,-0.025178466
2016-06-15,IWM,-8.715597e-05,0.012899734,0.01298689,train,0.05482094
2016-06-15,SPY,0.002980078,0.042522863,0.039542783,train,-0.012188584
2016-06-15,TLT,0.004848146,-0.025812283,0.030660428,train,-0.024213046
2016-06-16,EFA,0.0097889,0.073498115,0.063709214,train,-0.06929459
2016-06-16,IWM,-0.004286883,-0.011021905,0.0067350217,train,0.012899734
2016-06-16,SPY,-0.0037311248,-0.063052386,0.059321262,train,0.042522863
2016-06-16,TLT,-0.006247833,-0.04366094,0.037413105,train,-0.025812283
2016-06-17,EFA,0.024494164,0.074618295,0.05012413,train,0.073498115
2016-06-17,IWM,0.0108127305,0.06677523,0.055962503,train,-0.011021905
2016-06-17,SPY,0.0064193136,0.0990586,0.09263928,train,-0.063052386
2016-06-17,TLT,-0.010750407,-0.050225336,0.039474927,train,-0.04366094
2016-06-20,EFA,0.008090176,0.006558582,0.0015315935,train,0.074618295
2016-06-20,IWM,-0.0019098689,0.011416076,0.013325945,train,0.06677523
2016-06-20,SPY,0.0028344404,0.031179555,0.028345114,train,0.0990586
2016-06-20,TLT,-0.004631674,-0.009514144,0.00488247,train,-0.050225336
2016-06-21,EFA,-0.00061258127,-0.18552402,0.18491143,train,0.006558582
2016-06-21,IWM,-0.0039181127,-0.017874256,0.013956143,train,0.011416076
2016-06-21,SPY,-0.0016325675,0.062037572,0.06367014,train,0.031179555
2016-06-21,TLT,0.0016456101,0.022014711,0.020369101,train,-0.009514144
2016-06-22,EFA,0.027285537,-0.16687769,0.19416322,train,-0.18552402
2016-06-22,IWM,0.018924978,-0.09745744,0.11638242,train,-0.017874256
2016-06-22,SPY,0.012938592,0.012310758,0.0006278334,train,0.062037572
2016-06-22,TLT,-0.011504484,-0.07559754,0.06409305,train,0.022014711
2016-06-23,EFA,-0.08977167,-0.088241294,0.001530379,train,-0.16687769
2016-06-23,IWM,-0.03874833,0.048278224,0.08702655,train,-0.09745744
2016-06-23,SPY,-0.036569558,0.04520045,0.08177,train,0.012310758
2016-06-23,TLT,0.026493473,-0.08569661,0.11219008,train,-0.07559754
2016-06-24,EFA,-0.019381808,-0.091707125,0.07232532,train,-0.088241294
2016-06-24,IWM,-0.033386085,-0.20205145,0.16866536,train,0.048278224
2016-06-24,SPY,-0.018072467,0.05668913,0.0747616,train,0.04520045
2016-06-24,TLT,0.024660254,0.07971531,0.05505506,train,-0.08569661
2016-06-27,EFA,0.025882682,0.1929771,0.16709442,train,-0.091707125
2016-06-27,IWM,0.015338447,0.013364773,0.0019736737,train,-0.20205145
2016-06-27,SPY,0.017875448,0.1385547,0.12067926,train,0.05668913
2016-06-27,TLT,0.0020815788,0.06393233,0.06185075,train,0.07971531
2016-06-28,EFA,0.018164176,0.232023,0.21385883,train,0.1929771
2016-06-28,IWM,0.022486843,0.09966305,0.077176206,train,0.013364773
2016-06-28,SPY,0.016884131,0.10523297,0.088348836,train,0.1385547
2016-06-28,TLT,-0.0077020824,-0.0050418153,0.002660267,train,0.06393233
2016-06-29,EFA,0.014798969,0.2735443,0.25874534,train,0.232023
2016-06-29,IWM,0.01843317,0.10053162,0.082098454,train,0.09966305
2016-06-29,SPY,0.013553384,0.14523345,0.13168007,train,0.10523297
2016-06-29,TLT,0.0036788983,0.005271431,0.0015925327,train,-0.0050418153
2016-06-30,EFA,0.0,0.11050232,0.11050232,train,0.2735443
2016-06-30,IWM,0.0035591912,0.050012827,0.046453636,train,0.10053162
2016-06-30,SPY,0.002098637,0.02705042,0.024951784,train,0.14523345
2016-06-30,TLT,0.013788508,-0.10762701,0.12141552,train,0.005271431
2016-07-01,EFA,-0.019537438,-0.08339718,0.063859746,train,0.11050232
2016-07-01,IWM,-0.014842088,0.008336976,0.023179065,train,0.050012827
2016-07-01,SPY,-0.0072195646,0.06644952,0.07366909,train,0.02705042
2016-07-01,TLT,0.012442556,0.049775932,0.037333377,train,-0.10762701
2016-07-05,EFA,-0.0018285331,0.07586014,0.07768868,train,-0.08339718
2016-07-05,IWM,0.0072346455,-0.2542286,0.26146322,train,0.008336976
2016-07-05,SPY,0.0059800167,0.087882236,0.08190222,train,0.06644952
2016-07-05,TLT,0.0016153442,0.14788255,0.1462672,train,0.049775932
2016-07-06,EFA,-0.004034507,0.11507707,0.119111575,train,0.07586014
2016-07-06,IWM,0.0021052195,-0.075174816,0.07728004,train,-0.2542286
2016-07-06,SPY,-0.0006200956,0.110471345,0.11109144,train,0.087882236
2016-07-06,TLT,-7.055743e-05,0.009545691,0.009616248,train,0.14788255
2016-07-07,EFA,0.015136683,0.063653514,0.048516832,train,0.11507707
2016-07-07,IWM,0.023039304,-0.056018963,0.07905827,train,-0.075174816
2016-07-07,SPY,0.014780622,0.0594372,0.04465658,train,0.110471345
2016-07-07,TLT,0.007338666,0.10187623,0.09453756,train,0.009545691
2016-07-08,EFA,0.014554073,0.017784217,0.0032301443,train,0.063653514
2016-07-08,IWM,0.0114928875,0.04766561,0.036172725,train,-0.056018963
2016-07-08,SPY,0.0035203975,0.09157069,0.08805029,train,0.0594372
2016-07-08,TLT,-0.008812786,0.02449993,0.033312716,train,0.10187623
2016-07-11,EFA,0.013465947,0.048402045,0.0349361,train,0.017784217
2016-07-11,IWM,0.0132853715,0.012582056,0.00070331525,train,0.04766561
2016-07-11,SPY,0.0072371303,-0.00272746,0.009964591,train,0.09157069
2016-07-11,TLT,-0.016576322,0.01569238,0.032268703,train,0.02449993
2016-07-12,EFA,-0.0010565144,0.0658042,0.06686071,train,0.048402045
2016-07-12,IWM,-0.003933761,-0.124230996,0.12029724,train,0.012582056
2016-07-12,SPY,-0.00013960754,-0.021165904,0.021026297,train,-0.00272746
2016-07-12,TLT,0.011716675,-0.051775396,0.063492075,train,0.01569238
2016-07-13,EFA,0.00859577,-0.07297258,0.08156835,train,0.0658042
2016-07-13,IWM,0.001006139,0.066414155,0.065408014,train,-0.124230996
2016-07-13,SPY,0.0055681653,0.03681247,0.031244304,train,-0.021165904
2016-07-13,TLT,-0.014649353,-0.092805736,0.07815638,train,-0.051775396
2016-07-14,EFA,-0.0050782696,-0.05092118,0.04584291,train,-0.07297258
2016-07-14,IWM,0.0027605765,-0.04786338,0.050623957,train,0.066414155
2016-07-14,SPY,-0.0013426559,0.05600644,0.057349093,train,0.03681247
2016-07-14,TLT,-0.008634011,-0.055588007,0.046953995,train,-0.092805736
2016-07-15,EFA,0.0024546797,-0.112496205,0.11495089,train,-0.05092118
2016-07-15,IWM,0.0016693448,0.0029191226,0.0012497777,train,-0.04786338
2016-07-15,SPY,0.0026835115,0.030021906,0.027338395,train,0.05600644
2016-07-15,TLT,-0.0009399022,0.055833273,0.056773175,train,-0.055588007
2016-07-18,EFA,-0.007911968,-0.01430966,0.0063976916,train,-0.112496205
2016-07-18,IWM,-0.0050165625,0.009303562,0.014320125,train,0.0029191226
2016-07-18,SPY,-0.0010171356,-0.1227209,0.12170376,train,0.030021906
2016-07-18,TLT,0.0056255637,0.13288058,0.12725502,train,0.055833273
2016-07-19,EFA,0.008962283,-0.043310598,0.05227288,train,-0.01430966
2016-07-19,IWM,0.0065166797,0.082279325,0.075762644,train,0.009303562
2016-07-19,SPY,0.0041542826,-0.09911609,0.10327037,train,-0.1227209
2016-07-19,TLT,-0.005480939,-0.1285986,0.12311766,train,0.13288058
2016-07-20,EFA,-0.004031991,-0.06593923,0.061907243,train,-0.043310598
2016-07-20,IWM,-0.0047581485,-0.06389034,0.05913219,train,0.082279325
2016-07-20,SPY,-0.0037842805,-0.11736852,0.113584235,train,-0.09911609
2016-07-20,TLT,0.0020229828,0.10047537,0.09845239,train,-0.1285986
2016-07-21,EFA,0.0019304336,0.025924679,0.023994245,train,-0.06593923
2016-07-21,IWM,0.007419528,0.036508437,0.029088909,train,-0.06389034
2016-07-21,SPY,0.0044754785,-0.11185034,0.116325825,train,-0.11736852
2016-07-21,TLT,0.0017307237,-0.07204914,0.073779866,train,0.10047537
2016-07-22,EFA,-0.0012280989,0.014702361,0.01593046,train,0.025924679
2016-07-22,IWM,-0.0014960557,-0.040994875,0.03949882,train,0.036508437
2016-07-22,SPY,-0.0027201232,-0.09973778,0.09701765,train,-0.11185034
2016-07-22,TLT,-0.00072083663,-0.19854328,0.19782244,train,-0.07204914
2016-07-25,EFA,0.0042041214,-0.023300547,0.027504668,train,0.014702361
2016-07-25,IWM,0.0048128148,-0.00045679137,0.005269606,train,-0.040994875
2016-07-25,SPY,0.0004618696,-0.023101315,0.023563184,train,-0.09973778
2016-07-25,TLT,0.0015853987,-0.08324657,0.08483197,train,-0.19854328
2016-07-26,EFA,0.0036638447,-0.061241366,0.06490521,train,-0.023300547
2016-07-26,IWM,0.0028103406,0.038189217,0.035378877,train,-0.00045679137
2016-07-26,SPY,-0.001061788,0.081906244,0.082968034,train,-0.023101315
2016-07-26,TLT,0.01237581,-0.0101723075,0.022548117,train,-0.08324657
2016-07-27,EFA,-0.001045381,-0.074283026,0.07323764,train,-0.061241366
2016-07-27,IWM,-0.0025619927,0.0064021647,0.008964158,train,0.038189217
2016-07-27,SPY,0.001153939,0.06446758,0.06331364,train,0.081906244
2016-07-27,TLT,-0.0018502995,-0.00015464425,0.0016956553,train,-0.0101723075
2016-07-28,EFA,0.011785239,0.028097756,0.016312517,train,-0.074283026
2016-07-28,IWM,0.0019842812,-0.009247825,0.011232106,train,0.0064021647
2016-07-28,SPY,0.0016132809,-0.003664665,0.0052779457,train,0.06446758
2016-07-28,TLT,0.008299308,-0.00643187,0.014731178,train,-0.00015464425
2016-07-29,EFA,-0.0065687913,-0.01893856,0.012369769,train,0.028097756
2016-07-29,IWM,0.00082564686,-0.053642698,0.054468345,train,-0.009247825
2016-07-29,SPY,-0.00082955934,0.028925937,0.029755495,train,-0.003664665
2016-07-29,TLT,-0.010901134,0.016562775,0.02746391,train,-0.00643187
2016-08-01,EFA,-0.0050424202,0.006421279,0.0114637,train,-0.01893856
2016-08-01,IWM,-0.014045582,0.023649432,0.037695013,train,-0.053642698
2016-08-01,SPY,-0.0064276424,0.061048873,0.06747652,train,0.028925937
2016-08-01,TLT,-0.010356281,0.008257603,0.018613884,train,0.016562775
2016-08-02,EFA,-0.003492055,-0.04264907,0.039157018,train,0.006421279
2016-08-02,IWM,0.008085896,0.03757275,0.029486854,train,0.023649432
2016-08-02,SPY,0.002918221,0.09531907,0.09240085,train,0.061048873
2016-08-02,TLT,0.00057824707,0.04128813,0.040709883,train,0.008257603
2016-08-03,EFA,0.0057557854,-0.046046067,0.051801853,train,-0.04264907
2016-08-03,IWM,0.0009127608,0.055117205,0.054204445,train,0.03757275
2016-08-03,SPY,0.0010634573,0.00012438744,0.0009390699,train,0.09531907
2016-08-03,TLT,0.007485802,0.054917503,0.0474317,train,0.04128813
2016-08-04,EFA,0.0045115342,0.08925329,0.08474176,train,-0.046046067
2016-08-04,IWM,0.014329483,-0.042268176,0.056597658,train,0.055117205
2016-08-04,SPY,0.008145626,0.032250315,0.024104688,train,0.00012438744
2016-08-04,TLT,-0.010452418,0.0956462,0.10609862,train,0.054917503
2016-08-05,EFA,0.002075301,0.043660134,0.041584834,train,0.08925329
2016-08-05,IWM,-0.00049085554,0.063949235,0.064440094,train,-0.042268176
2016-08-05,SPY,-0.0005958735,0.012225624,0.012821497,train,0.032250315
2016-08-05,TLT,0.0018824068,-0.00041917711,0.002301584,train,0.0956462
2016-08-08,EFA,0.007916135,0.0752933,0.067377165,train,0.043660134
2016-08-08,IWM,0.0010630401,-0.027394798,0.028457837,train,0.063949235
2016-08-08,SPY,0.0005958735,-0.0030470043,0.0036428778,train,0.012225624
2016-08-08,TLT,0.009788447,0.054814093,0.045025647,train,-0.00041917711
2016-08-09,EFA,0.0034224002,-0.032109097,0.0355315,train,0.0752933
2016-08-09,IWM,-0.007217272,0.018792246,0.026009519,train,-0.027394798
2016-08-09,SPY,-0.0024781385,0.08077249,0.08325063,train,-0.0030470043
2016-08-09,TLT,0.0038603526,0.023988068,0.020127716,train,0.054814093
2016-08-10,EFA,0.007148644,0.128241,0.12109236,train,-0.032109097
2016-08-10,IWM,0.004762553,-0.11316325,0.1179258,train,0.018792246
2016-08-10,SPY,0.0046300134,0.05466225,0.050032236,train,0.08077249
2016-08-10,TLT,-0.008958334,0.0045895837,0.013547918,train,0.023988068
2016-08-11,EFA,-0.0025471451,0.05646621,0.059013356,train,0.128241
2016-08-11,IWM,0.0009826955,0.004904818,0.0039221225,train,-0.11316325
2016-08-11,SPY,-0.0008691827,0.049876384,0.050745565,train,0.05466225
2016-08-11,TLT,0.008386884,0.00391794,0.004468944,train,0.0045895837
2016-08-12,EFA,0.0039034355,0.09653859,0.092635155,train,0.05646621
2016-08-12,IWM,0.009853907,0.043472946,0.03361904,train,0.004904818
2016-08-12,SPY,0.002879649,0.033061706,0.030182056,train,0.049876384
2016-08-12,TLT,-0.009467475,0.031844445,0.04131192,train,0.00391794
2016-08-15,EFA,-0.0015256247,0.099558584,0.10108421,train,0.09653859
2016-08-15,IWM,-0.008136651,0.016307272,0.024443923,train,0.043472946
2016-08-15,SPY,-0.0051710573,0.04824432,0.053415377,train,0.033061706
2016-08-15,TLT,-0.002669819,0.0492265,0.05189632,train,0.031844445
2016-08-16,EFA,-0.00033935352,-0.12432264,0.12398329,train,0.099558584
2016-08-16,IWM,-0.002945706,0.03604947,0.038995177,train,0.016307272
2016-08-16,SPY,0.0018790958,0.03463763,0.032758534,train,0.04824432
2016-08-16,TLT,0.005979713,-0.010198016,0.016177729,train,0.0492265
2016-08-17,EFA,0.0050779097,0.030043963,0.024966054,train,-0.12432264
2016-08-17,IWM,0.0073476736,0.003190074,0.0041575995,train,0.03604947
2016-08-17,SPY,0.0022414385,0.040691894,0.038450453,train,0.03463763
2016-08-17,TLT,0.0015784566,-0.011249825,0.012828282,train,-0.010198016
2016-08-18,EFA,-0.007456443,-0.0042649023,0.0031915405,train,0.030043963
2016-08-18,IWM,0.0,-0.0022702813,0.0022702813,train,0.003190074
2016-08-18,SPY,-0.0014633754,0.0023511425,0.003814518,train,0.040691894
2016-08-18,TLT,-0.005248688,0.00086945295,0.006118141,train,-0.011249825
2016-08-19,EFA,0.0010200519,-0.043205135,0.044225186,train,-0.0042649023
2016-08-19,IWM,0.002275095,-0.018895421,0.021170516,train,-0.0022702813
2016-08-19,SPY,-4.533438e-05,0.0056019984,0.005647333,train,0.0023511425
2016-08-19,TLT,0.008399353,0.01607937,0.0076800166,train,0.00086945295
2016-08-22,EFA,0.004239023,-0.0027423128,0.006981336,train,-0.043205135
2016-08-22,IWM,0.006955082,0.008249775,0.0012946925,train,-0.018895421
2016-08-22,SPY,0.0020111618,-0.0069886446,0.008999806,train,0.0056019984
2016-08-22,TLT,0.0010720141,-0.022385959,0.023457972,train,0.01607937
2016-08-23,EFA,-0.0023718544,-0.0766217,0.07424984,train,-0.0027423128
2016-08-23,IWM,-0.008173467,0.0061072186,0.014280685,train,0.008249775
2016-08-23,SPY,-0.005127931,-0.009291619,0.004163688,train,-0.0069886446
2016-08-23,TLT,-0.0023596939,0.004050105,0.0064097987,train,-0.022385959
2016-08-24,EFA,-0.004078827,-0.0432946,0.039215773,train,-0.0766217
2016-08-24,IWM,0.0019484102,-0.02837491,0.030323321,train,0.0061072186
2016-08-24,SPY,-0.00068885274,0.053163752,0.053852603,train,-0.009291619
2016-08-24,TLT,-0.0038010876,-0.005827967,0.0020268795,train,0.004050105
2016-08-25,EFA,-0.005978041,-0.05134622,0.04536818,train,-0.0432946
2016-08-25,IWM,-0.002029656,0.026767846,0.028797502,train,-0.02837491
2016-08-25,SPY,-0.0018849664,0.07065841,0.072543375,train,0.053163752
2016-08-25,TLT,-0.005836947,-0.010088978,0.0042520314,train,-0.005827967
2016-08-26,EFA,0.0030788302,-0.06772325,0.070802085,train,-0.05134622
2016-08-26,IWM,0.005187304,-0.051481977,0.05666928,train,0.026767846
2016-08-26,SPY,0.004912245,-0.05577956,0.060691807,train,0.07065841
2016-08-26,TLT,0.013282163,0.13714428,0.12386212,train,-0.010088978
2016-08-29,EFA,-0.001367218,-0.034805365,0.033438146,train,-0.06772325
2016-08-29,IWM,0.0018577515,0.031166196,0.029308444,train,-0.051481977
2016-08-29,SPY,-0.0016500473,-0.032335505,0.030685458,train,-0.05577956
2016-08-29,TLT,-0.0038589027,-0.0069486946,0.0030897919,train,0.13714428
2016-08-30,EFA,-0.002054511,-0.06811899,0.06606448,train,-0.034805365
2016-08-30,IWM,-0.0056643547,-0.0071676,0.0015032454,train,0.031166196
2016-08-30,SPY,-0.0028481642,-0.014712749,0.011864585,train,-0.032335505
2016-08-30,TLT,0.0014312441,-0.02744086,0.028872104,train,-0.0069486946
2016-08-31,EFA,0.0068318755,0.024510674,0.0176788,train,-0.06811899
2016-08-31,IWM,0.0007297569,-0.06351137,0.064241126,train,-0.0071676
2016-08-31,SPY,4.6393878e-05,0.06325396,0.06320757,train,-0.014712749
2016-08-31,TLT,0.0011023034,0.05410318,0.05300088,train,-0.02744086
2016-09-01,EFA,0.01150792,0.0021880567,0.009319863,train,0.024510674
2016-09-01,IWM,0.009603671,-0.0022413284,0.011844999,train,-0.06351137
2016-09-01,SPY,0.0044974317,0.06041632,0.055918887,train,0.06325396
2016-09-01,TLT,-0.008189998,0.012602348,0.020792346,train,0.05410318
2016-09-02,EFA,0.0067080534,0.11636563,0.10965757,train,0.0021880567
2016-09-02,IWM,0.00096323964,0.042797066,0.041833825,train,-0.0022413284
2016-09-02,SPY,0.0030178416,0.05527685,0.052259006,train,0.06041632
2016-09-02,TLT,0.0072594993,0.018086374,0.0108268745,train,0.012602348
2016-09-06,EFA,0.0005012905,0.080042854,0.079541564,train,0.11636563
2016-09-06,IWM,0.006239058,0.0043528825,0.0018861755,train,0.042797066
2016-09-06,SPY,-9.0793386e-05,-0.006758988,0.0066681947,train,0.05527685
2016-09-06,TLT,-0.00071673485,0.0174729,0.018189635,train,0.018086374
2016-09-07,EFA,-0.002843918,0.06842586,0.07126977,train,0.080042854
2016-09-07,IWM,-0.0019953602,0.03803213,0.040027488,train,0.0043528825
2016-09-07,SPY,-0.0022861362,0.0112283155,0.013514452,train,-0.006758988
2016-09-07,TLT,-0.012620588,0.03968385,0.052304436,train,0.0174729
2016-09-08,EFA,-0.019625165,0.03732107,0.056946233,train,0.06842586
2016-09-08,IWM,-0.031738702,0.037816968,0.06955567,train,0.03803213
2016-09-08,SPY,-0.0242259,0.037023142,0.06124904,train,0.0112283155
2016-09-08,TLT,-0.016611058,-0.047230303,0.030619245,train,0.03968385
2016-09-09,EFA,0.008167661,-0.14708798,0.15525563,train,0.03732107
2016-09-09,IWM,0.013842171,-0.32152677,0.33536893,train,0.037816968
2016-09-09,SPY,0.014245756,-0.0033537373,0.017599493,train,0.037023142
2016-09-09,TLT,0.0005160563,-0.009766709,0.010282765,train,-0.047230303
2016-09-12,EFA,-0.020372199,0.054521292,0.07489349,train,-0.14708798
2016-09-12,IWM,-0.019383013,-0.08285538,0.06347237,train,-0.32152677
2016-09-12,SPY,-0.014479961,-0.2455901,0.23111014,train,-0.0033537373
2016-09-12,TLT,-0.011422316,0.06194498,0.0733673,train,-0.009766709
2016-09-13,EFA,-0.0013848407,-0.10001209,0.09862725,train,0.054521292
2016-09-13,IWM,0.00016582655,-0.061631903,0.06179773,train,-0.08285538
2016-09-13,SPY,-0.0003753618,0.14558882,0.14596418,train,-0.2455901
2016-09-13,TLT,0.0014904169,-0.0068660416,0.0083564585,train,0.06194498
2016-09-14,EFA,0.008622441,0.09270537,0.08408293,train,-0.10001209
2016-09-14,IWM,0.011869513,0.03986372,0.027994208,train,-0.061631903
2016-09-14,SPY,0.009943534,0.11101243,0.1010689,train,0.14558882
2016-09-14,TLT,-0.0043290854,-0.013618473,0.009289388,train,-0.0068660416
2016-09-15,EFA,-0.012961352,0.14493115,0.15789251,train,0.09270537
2016-09-15,IWM,-0.0014760073,0.018194087,0.019670093,train,0.03986372
2016-09-15,SPY,-0.0038730723,0.039914235,0.043787308,train,0.11101243
2016-09-15,TLT,0.0080472035,-0.017448077,0.02549528,train,-0.013618473
2016-09-16,EFA,0.0052045085,-0.041301474,0.046505984,train,0.14493115
2016-09-16,IWM,0.006624768,-0.013010364,0.019635132,train,0.018194087
2016-09-16,SPY,0.00018718571,-0.10101032,0.10119751,train,0.039914235
2016-09-16,TLT,-0.0032709835,0.10403201,0.10730299,train,-0.017448077
2016-09-19,EFA,0.00603838,0.014276691,0.008238311,train,-0.041301474
2016-09-19,IWM,-0.0042477455,-0.0029976815,0.001250064,train,-0.013010364
2016-09-19,SPY,4.6936326e-05,-0.0302177,0.030264637,train,-0.10101032
2016-09-19,TLT,0.003492974,-0.0011492334,0.004642207,train,0.10403201
2016-09-20,EFA,0.017391585,0.017268587,0.00012299791,train,0.014276691
2016-09-20,IWM,0.014386358,-0.036334403,0.05072076,train,-0.0029976815
2016-09-20,SPY,0.0111825885,-0.0028229207,0.014005509,train,-0.0302177
2016-09-20,TLT,0.008055107,0.074161276,0.06610617,train,-0.0011492334
2016-09-21,EFA,0.01009115,0.017323278,0.0072321277,train,0.017268587
2016-09-21,IWM,0.014261799,0.23055926,0.21629746,train,-0.036334403
2016-09-21,SPY,0.0062818388,0.0685979,0.06231606,train,-0.0028229207
2016-09-21,TLT,0.007917202,-0.031141851,0.039059054,train,0.074161276
2016-09-22,EFA,-0.008402034,0.009755118,0.01815715,train,0.017323278
2016-09-22,IWM,-0.0071053025,0.110665485,0.11777079,train,0.23055926
2016-09-22,SPY,-0.005494273,0.0542616,0.059755873,train,0.0685979
2016-09-22,TLT,-0.00094981294,0.07405609,0.075005904,train,-0.031141851
2016-09-23,EFA,-0.009324786,-0.07475777,0.06543298,train,0.009755118
2016-09-23,IWM,-0.009980014,-0.087049976,0.07706996,train,0.110665485
2016-09-23,SPY,-0.008135308,-0.13513811,0.1270028,train,0.0542616
2016-09-23,TLT,0.0063385097,-0.031103995,0.037442505,train,0.07405609
2016-09-26,EFA,0.0047582244,-0.07180544,0.076563664,train,-0.07475777
2016-09-26,IWM,0.0040490283,0.093079776,0.08903075,train,-0.087049976
2016-09-26,SPY,0.0061888746,-0.0751077,0.08129658,train,-0.13513811
2016-09-26,TLT,0.0073090205,-0.015131064,0.022440083,train,-0.031103995
2016-09-27,EFA,0.007094559,0.015103271,0.008008713,train,-0.07180544
2016-09-27,IWM,0.007648663,-0.046464812,0.054113474,train,0.093079776
2016-09-27,SPY,0.0049510687,0.043310136,0.03835907,train,-0.0751077
2016-09-27,TLT,-0.0021659876,-0.05940695,0.057240963,train,-0.015131064
2016-09-28,EFA,-0.0125342095,0.06828971,0.08082392,train,0.015103271
2016-09-28,IWM,-0.014704853,-0.04308612,0.028381266,train,-0.046464812
2016-09-28,SPY,-0.009088609,-0.038850382,0.029761773,train,0.043310136
2016-09-28,TLT,0.0025259105,-0.014993869,0.01751978,train,-0.05940695
2016-09-29,EFA,0.0078100436,-0.021884046,0.02969409,train,0.06828971
2016-09-29,IWM,0.010928146,-0.018181771,0.029109918,train,-0.04308612
2016-09-29,SPY,0.0075179986,-0.04716662,0.054684617,train,-0.038850382
2016-09-29,TLT,-0.008977047,0.008745015,0.017722063,train,-0.014993869
2016-09-30,EFA,-0.0027096872,0.1108173,0.113526985,train,-0.021884046
2016-09-30,IWM,-0.0031449986,-0.027784325,0.024639327,train,-0.018181771
2016-09-30,SPY,-0.0024070137,-0.0063151494,0.003908136,train,-0.04716662
2016-09-30,TLT,-0.0033053933,0.014205325,0.01751072,train,0.008745015
2016-10-03,EFA,-0.00016973312,0.09054845,0.09071818,train,0.1108173
2016-10-03,IWM,-0.0049384525,0.0147308,0.019669253,train,-0.027784325
2016-10-03,SPY,-0.005110985,-0.04075624,0.035645254,train,-0.0063151494
2016-10-03,TLT,-0.011764168,0.09023112,0.10199529,train,0.014205325
2016-10-04,EFA,0.004062428,0.027349435,0.023287006,train,0.09054845
2016-10-04,IWM,0.0059880926,-0.01132994,0.017318033,train,0.0147308
2016-10-04,SPY,0.0044158115,-0.103984766,0.108400576,train,-0.04075624
2016-10-04,TLT,-0.0046706665,-0.10205706,0.0973864,train,0.09023112
2016-10-05,EFA,-0.005419961,0.05071051,0.056130473,train,0.027349435
2016-10-05,IWM,-0.0010496401,0.015736839,0.016786478,train,-0.01132994
2016-10-05,SPY,0.0006951733,0.036126494,0.03543132,train,-0.103984766
2016-10-05,TLT,-0.0055884398,-0.042131443,0.036543004,train,-0.10205706
2016-10-06,EFA,-0.005108172,0.07039787,0.07550604,train,0.05071051
2016-10-06,IWM,-0.008027418,0.05695673,0.06498415,train,0.015736839
2016-10-06,SPY,-0.0034354457,0.02063194,0.024067385,train,0.036126494
2016-10-06,TLT,0.00067289063,-0.101288565,0.101961456,train,-0.042131443
2016-10-07,EFA,0.0028978137,0.0018815547,0.001016259,train,0.07039787
2016-10-07,IWM,0.011896634,-0.06306043,0.074957065,train,0.05695673
2016-10-07,SPY,0.005194971,-0.054634273,0.059829243,train,0.02063194
2016-10-07,TLT,-0.0059170267,-0.091368005,0.08545098,train,-0.101288565
2016-10-10,EFA,-0.01422839,0.06982218,0.084050566,train,0.0018815547
2016-10-10,IWM,-0.018430892,0.058030907,0.0764618,train,-0.06306043
2016-10-10,SPY,-0.012709756,0.011903759,0.024613515,train,-0.054634273
2016-10-10,TLT,-0.0022557094,-0.022879675,0.020623965,train,-0.091368005
2016-10-11,EFA,-0.00224721,-0.10654984,0.10430263,train,0.06982218
2016-10-11,IWM,-0.00081981916,-0.085548565,0.08472875,train,0.058030907
2016-10-11,SPY,0.001311188,0.0028375015,0.0015263135,train,0.011903759
2016-10-11,TLT,0.0009781361,-0.07111763,0.07209577,train,-0.022879675
2016-10-12,EFA,-0.0038138255,-0.004982196,0.0011683702,train,-0.10654984
2016-10-12,IWM,-0.008317969,0.0025648642,0.010882833,train,-0.085548565
2016-10-12,SPY,-0.0032809079,0.14954145,0.15282236,train,0.0028375015
2016-10-12,TLT,0.003753547,0.062097564,0.058344018,train,-0.07111763
2016-10-13,EFA,0.0017352889,0.07113907,0.069403775,train,-0.004982196
2016-10-13,IWM,-0.0040605185,0.06736079,0.07142131,train,0.0025648642
2016-10-13,SPY,0.00051623234,0.04194203,0.041425798,train,0.14954145
2016-10-13,TLT,-0.01411092,0.045154423,0.05926534,train,0.062097564
2016-10-14,EFA,-0.0029519869,0.053424604,0.05637659,train,0.07113907
2016-10-14,IWM,-0.0011632951,-0.046253685,0.04509039,train,0.06736079
2016-10-14,SPY,-0.003478398,0.118349016,0.121827416,train,0.04194203
2016-10-14,TLT,0.00636294,-0.020478956,0.026841898,train,0.045154423
2016-10-17,EFA,0.009864141,-0.0068887323,0.016752873,train,0.053424604
2016-10-17,IWM,0.0057197236,-0.0005591409,0.0062788646,train,-0.046253685
2016-10-17,SPY,0.0062430734,0.02438426,0.018141188,train,0.118349016
2016-10-17,TLT,0.0032416126,0.12417363,0.12093201,train,-0.020478956
2016-10-18,EFA,0.0027511928,0.064186044,0.06143485,train,-0.0068887323
2016-10-18,IWM,0.00420682,0.1389098,0.13470298,train,-0.0005591409
2016-10-18,SPY,0.0026633984,0.13948332,0.13681991,train,0.02438426
2016-10-18,TLT,0.0008279073,0.051393397,0.05056549,train,0.12417363
2016-10-19,EFA,0.001544734,0.08100538,0.07946064,train,0.064186044
2016-10-19,IWM,-0.0029676233,0.08745085,0.09041847,train,0.1389098
2016-10-19,SPY,-0.0018683918,0.088602535,0.090470925,train,0.13948332
2016-10-19,TLT,0.0010523382,0.057449378,0.05639704,train,0.051393397
2016-10-20,EFA,-0.002231693,0.052324742,0.054556437,train,0.08100538
2016-10-20,IWM,-0.00049550855,0.07673761,0.07723312,train,0.08745085
2016-10-20,SPY,0.0004672389,0.027008161,0.026540922,train,0.088602535
2016-10-20,TLT,0.0015011354,0.06305535,0.061554216,train,0.057449378
2016-10-21,EFA,-0.0001717485,0.041049093,0.04122084,train,0.052324742
2016-10-21,IWM,0.006339789,0.1109464,0.10460661,train,0.07673761
2016-10-21,SPY,0.004243785,0.07649972,0.07225594,train,0.027008161
2016-10-21,TLT,-0.004360254,0.035504453,0.039864708,train,0.06305535
2016-10-24,EFA,-0.00068772276,0.040865682,0.041553404,train,0.041049093
2016-10-24,IWM,-0.0074969316,0.08505303,0.09254996,train,0.1109464
2016-10-24,SPY,-0.0033558211,0.048141863,0.051497683,train,0.07649972
2016-10-24,TLT,0.0026334822,-0.061263256,0.06389674,train,0.035504453
2016-10-25,EFA,-0.004482068,0.0028046682,0.0072867363,train,0.040865682
2016-10-25,IWM,-0.009972528,0.040625922,0.05059845,train,0.08505303
2016-10-25,SPY,-0.0020099366,-0.02381647,0.021806534,train,0.048141863
2016-10-25,TLT,-0.006785383,-0.0022776313,0.0045077517,train,-0.061263256
2016-10-26,EFA,-0.0012099161,0.016177872,0.017387789,train,0.0028046682
2016-10-26,IWM,-0.011508357,0.01812163,0.029629987,train,0.040625922
2016-10-26,SPY,-0.0026704685,0.02706798,0.029738449,train,-0.02381647
2016-10-26,TLT,-0.010953752,-0.017015032,0.00606128,train,-0.0022776313
2016-10-27,EFA,-0.0003463956,-0.034235034,0.033888638,train,0.016177872
2016-10-27,IWM,-0.0027918813,0.017502401,0.020294283,train,0.01812163
2016-10-27,SPY,-0.002960023,0.06411254,0.06707256,train,0.02706798
2016-10-27,TLT,-0.0022211361,0.012263678,0.014484814,train,-0.017015032
2016-10-28,EFA,0.0005192432,0.037772052,0.03725281,train,-0.034235034
2016-10-28,IWM,0.0039739893,0.11389924,0.10992525,train,0.017502401
2016-10-28,SPY,4.74621e-05,0.036237948,0.036190484,train,0.06411254
2016-10-28,TLT,0.006114217,0.04203011,0.035915893,train,0.012263678
2016-10-31,EFA,-0.0043330686,-0.008310217,0.003977149,train,0.037772052
2016-10-31,IWM,-0.012311959,0.07828125,0.09059321,train,0.11389924
2016-10-31,SPY,-0.0072721425,-0.10398528,0.09671314,train,0.036237948
2016-10-31,TLT,7.568845e-05,0.11037004,0.11029435,train,0.04203011
2016-11-01,EFA,-0.0067975246,-0.007508291,0.0007107663,train,-0.008310217
2016-11-01,IWM,-0.012810881,0.07538567,0.088196546,train,0.07828125
2016-11-01,SPY,-0.0060365354,0.061812013,0.06784855,train,-0.10398528
2016-11-01,TLT,0.004342179,0.006366998,0.0020248191,train,0.11037004
2016-11-02,EFA,-0.0010499475,0.023230167,0.024280114,train,-0.007508291
2016-11-02,IWM,-0.004857941,0.0042521954,0.009110136,train,0.07538567
2016-11-02,SPY,-0.004587228,0.08596076,0.09054799,train,0.061812013
2016-11-02,TLT,-0.007705963,0.062435664,0.07014163,train,0.006366998
2016-11-03,EFA,-0.0096754795,0.026190609,0.03586609,train,0.023230167
2016-11-03,IWM,0.0064140735,0.049563102,0.043149028,train,0.0042521954
2016-11-03,SPY,-0.0011024952,0.093989715,0.09509221,train,0.08596076
2016-11-03,TLT,0.008921005,0.010344334,0.0014233291,train,0.062435664
2016-11-04,EFA,0.01369391,0.019675236,0.005981326,train,0.026190609
2016-11-04,IWM,0.02415713,0.12007024,0.09591311,train,0.049563102
2016-11-04,SPY,0.021817226,0.13230446,0.11048724,train,0.093989715
2016-11-04,TLT,-0.008538652,0.08752766,0.09606631,train,0.010344334
2016-11-07,EFA,0.002786211,0.21310441,0.21031821,train,0.019675236
2016-11-07,IWM,0.002611017,0.09961001,0.09699899,train,0.12007024
2016-11-07,SPY,0.0044938903,0.055608988,0.051115096,train,0.13230446
2016-11-07,TLT,-0.0040652873,-0.0014536977,0.0026115896,train,0.08752766
2016-11-08,EFA,0.0008690575,0.031955853,0.031086795,train,0.21310441
2016-11-08,IWM,0.030323017,0.030131841,0.00019117631,train,0.09961001
2016-11-08,SPY,0.010546101,0.07452945,0.06398334,train,0.055608988
2016-11-08,TLT,-0.043358527,0.046827346,0.09018587,train,-0.0014536977
2016-11-09,EFA,-0.0027836994,0.014501879,0.017285578,train,0.031955853
2016-11-09,IWM,0.015868358,0.02511973,0.009251371,train,0.030131841
2016-11-09,SPY,0.0024923796,-0.21881096,0.22130334,train,0.07452945
2016-11-09,TLT,-0.014881376,-0.06871545,0.053834077,train,0.046827346
2016-11-10,EFA,-0.0061159353,0.00090887025,0.0070248055,train,0.014501879
2016-11-10,IWM,0.022712125,-0.16205348,0.1847656,train,0.02511973
2016-11-10,SPY,-0.00230747,-0.07046978,0.068162315,train,-0.21881096
2016-11-10,TLT,-0.0056374827,0.10355425,0.10919173,train,-0.06871545
2016-11-11,EFA,-0.00544901,-0.09983906,0.09439005,train,0.00090887025
2016-11-11,IWM,0.013956637,-0.22905155,0.24300818,train,-0.16205348
2016-11-11,SPY,0.0007849736,0.045367952,0.044582978,train,-0.07046978
2016-11-11,TLT,-0.006000329,0.09444646,0.10044679,train,0.10355425
2016-11-14,EFA,0.004396492,-0.023656137,0.02805263,train,-0.09983906
2016-11-14,IWM,0.0030925015,-0.11566876,0.118761264,train,-0.22905155
2016-11-14,SPY,0.007772416,0.05360947,0.045837056,train,0.045367952
2016-11-14,TLT,0.0049341433,0.02975493,0.024820786,train,0.09444646
2016-11-15,EFA,-0.010583789,0.01944492,0.030028708,train,-0.023656137
2016-11-15,IWM,-7.749941e-05,0.06850123,0.06857873,train,-0.11566876
2016-11-15,SPY,-0.0018800976,0.012125231,0.0140053285,train,0.05360947
2016-11-15,TLT,0.008982872,0.21182072,0.20283785,train,0.02975493
2016-11-16,EFA,0.00759635,0.09550147,0.08790512,train,0.01944492
2016-11-16,IWM,0.0058498355,0.046692792,0.040842958,train,0.06850123
2016-11-16,SPY,0.0051276633,0.08073588,0.075608216,train,0.012125231
2016-11-16,TLT,-0.014823783,0.33680826,0.35163206,train,0.21182072
2016-11-17,EFA,-0.010971549,0.088372216,0.09934376,train,0.09550147
2016-11-17,IWM,0.0052818055,-0.16683222,0.17211403,train,0.046692792
2016-11-17,SPY,-0.0022398697,-0.0066790655,0.0044391956,train,0.08073588
2016-11-17,TLT,-0.002891784,0.19165258,0.19454436,train,0.33680826
2016-11-18,EFA,0.008504669,0.08543903,0.07693436,train,0.088372216
2016-11-18,IWM,0.004646014,-0.103997074,0.108643085,train,-0.16683222
2016-11-18,SPY,0.0075228284,-0.0070624202,0.014585249,train,-0.0066790655
2016-11-18,TLT,0.0024793816,0.18730578,0.1848264,train,0.19165258
2016-11-21,EFA,0.0024668798,0.13138679,0.1289199,train,0.08543903
2016-11-21,IWM,0.009077421,-0.059857234,0.06893466,train,-0.103997074
2016-11-21,SPY,0.0019513913,0.0071826763,0.005231285,train,-0.0070624202
2016-11-21,TLT,-0.00033028904,0.32701254,0.32734284,train,0.18730578
2016-11-22,EFA,-0.003526183,0.038764894,0.04229108,train,0.13138679
2016-11-22,IWM,0.006230181,-0.08909165,0.095321834,train,-0.059857234
2016-11-22,SPY,0.0005439085,-0.04910993,0.049653836,train,0.0071826763
2016-11-22,TLT,-0.0038884967,0.08115852,0.085047014,train,0.32701254
2016-11-23,EFA,0.0029980654,0.04344772,0.040449657,train,0.038764894
2016-11-23,IWM,0.0032875335,0.01862231,0.0153347775,train,-0.08909165
2016-11-23,SPY,0.0037083444,-0.104324214,0.10803256,train,-0.04910993
2016-11-23,TLT,0.0014906124,0.10707581,0.105585195,train,0.08115852
2016-11-25,EFA,-0.0052966634,0.070956215,0.07625288,train,0.04344772
2016-11-25,IWM,-0.01306367,0.08820808,0.10127175,train,0.01862231
2016-11-25,SPY,-0.0047057495,-0.1012072,0.09650145,train,-0.104324214
2016-11-25,TLT,0.00733999,0.13288982,0.12554984,train,0.10707581
2016-11-28,EFA,0.0063526197,0.04229398,0.035941362,train,0.070956215
2016-11-28,IWM,-0.00052862236,-0.06363727,0.06310865,train,0.08820808
2016-11-28,SPY,0.0019484734,0.031934395,0.029985921,train,-0.1012072
2016-11-28,TLT,0.0041812877,0.014465101,0.010283813,train,0.13288982
2016-11-29,EFA,-0.0010559567,0.06527365,0.066329606,train,0.04229398
2016-11-29,IWM,-0.0049270145,-0.0060596988,0.0011326843,train,-0.06363727
2016-11-29,SPY,-0.0024020954,-0.031768747,0.029366652,train,0.031934395
2016-11-29,TLT,-0.016332723,0.15434112,0.17067385,train,0.014465101
2016-11-30,EFA,-0.0038814684,-0.022999328,0.019117858,train,0.06527365
2016-11-30,IWM,-0.004874423,0.030799836,0.03567426,train,-0.0060596988
2016-11-30,SPY,-0.0036821829,-0.02277898,0.019096797,train,-0.031768747
2016-11-30,TLT,-0.0106145805,-0.02961465,0.019000068,train,0.15434112
2016-12-01,EFA,0.002471671,0.0019767433,0.00049492763,train,-0.022999328
2016-12-01,IWM,-0.0005350969,-0.029157713,0.028622616,train,0.030799836
2016-12-01,SPY,0.0005008937,0.110717565,0.11021667,train,-0.02277898
2016-12-01,TLT,0.0073006493,0.12627858,0.11897793,train,-0.02961465
2016-12-02,EFA,0.00982657,-0.0044029113,0.014229481,train,0.0019767433
2016-12-02,IWM,0.017042646,-0.007128164,0.02417081,train,-0.029157713
2016-12-02,SPY,0.0059906743,-0.03623231,0.042222984,train,0.110717565
2016-12-02,TLT,-0.0010877289,0.15416825,0.15525597,train,0.12627858
2016-12-05,EFA,0.006786703,0.05303667,0.046249967,train,-0.0044029113
2016-12-05,IWM,0.010757193,0.0890044,0.078247204,train,-0.007128164
2016-12-05,SPY,0.0031623982,-0.04001809,0.043180488,train,-0.03623231
2016-12-05,TLT,-0.00075390824,-0.08168325,0.08092934,train,0.15416825
2016-12-06,EFA,0.014804864,-0.0024773106,0.017282175,train,0.05303667
2016-12-06,IWM,0.0096860705,0.12529662,0.115610555,train,0.0890044
2016-12-06,SPY,0.012995981,0.03274235,0.01974637,train,-0.04001809
2016-12-06,TLT,0.008508245,-0.067623235,0.07613148,train,-0.08168325
2016-12-07,EFA,-0.00085479487,0.061222434,0.062077228,train,-0.0024773106
2016-12-07,IWM,0.0156238815,0.13135333,0.11572945,train,0.12529662
2016-12-07,SPY,0.002445842,-0.00835707,0.0108029125,train,0.03274235
2016-12-07,TLT,-0.011863937,0.055236064,0.0671,train,-0.067623235
2016-12-08,EFA,0.0042664288,0.027626596,0.023360167,train,0.061222434
2016-12-08,IWM,0.001954336,0.07970663,0.07775229,train,0.13135333
2016-12-08,SPY,0.0060223844,0.04589142,0.039869033,train,-0.00835707
2016-12-08,TLT,-0.012517426,0.02300328,0.035520706,train,0.055236064
2016-12-09,EFA,-0.004437441,-0.006776616,0.002339175,train,0.027626596
2016-12-09,IWM,-0.010611807,0.2507844,0.2613962,train,0.07970663
2016-12-09,SPY,-0.0011487312,0.019100059,0.02024879,train,0.04589142
2016-12-09,TLT,0.0018706567,0.0047485977,0.002877941,train,0.02300328
2016-12-12,EFA,0.010718848,0.14444645,0.1337276,train,-0.006776616
2016-12-12,IWM,7.266953e-05,0.07189281,0.07182014,train,0.2507844
2016-12-12,SPY,0.0066516325,0.06338398,0.05673235,train,0.019100059
2016-12-12,TLT,0.003561088,0.059334107,0.05577302,train,0.0047485977
2016-12-13,EFA,-0.014832718,0.05335698,0.068189695,train,0.14444645
2016-12-13,IWM,-0.012573404,0.027442928,0.04001633,train,0.07189281
2016-12-13,SPY,-0.008288354,-0.0022632964,0.0060250573,train,0.06338398
2016-12-13,TLT,-0.011235722,0.108363986,0.11959971,train,0.059334107
2016-12-14,EFA,-0.0022354438,0.16947405,0.1717095,train,0.05335698
2016-12-14,IWM,0.0074456725,-0.046686165,0.054131836,train,0.027442928
2016-12-14,SPY,0.0041087572,-0.06424208,0.06835084,train,-0.0022632964
2016-12-14,TLT,0.005037844,0.006874867,0.0018370226,train,0.108363986
2016-12-15,EFA,0.0006884013,0.062110767,0.061422367,train,0.16947405
2016-12-15,IWM,-0.0018377281,-0.043498985,0.04166126,train,-0.046686165
2016-12-15,SPY,-0.0019575746,-0.049190897,0.047233324,train,-0.06424208
2016-12-15,TLT,-0.0023025174,0.10605024,0.10835276,train,0.006874867
2016-12-16,EFA,-0.0015493527,0.06364095,0.06519031,train,0.062110767
2016-12-16,IWM,0.0065271654,-0.003019603,0.009546768,train,-0.043498985
2016-12-16,SPY,0.0021748554,-0.1194936,0.12166846,train,-0.049190897
2016-12-16,TLT,0.010699373,0.07380548,0.063106105,train,0.10605024
2016-12-19,EFA,0.0034398865,0.027054999,0.023615113,train,0.06364095
2016-12-19,IWM,0.008443451,-0.0035380945,0.011981545,train,-0.003019603
2016-12-19,SPY,0.0038501413,-0.018125497,0.021975638,train,-0.1194936
2016-12-19,TLT,-0.004995948,0.068784386,0.073780335,train,0.07380548
2016-12-20,EFA,0.0002773392,0.039083533,0.038806193,train,0.027054999
2016-12-20,IWM,-0.006544854,-0.0559697,0.049424846,train,-0.0035380945
2016-12-20,SPY,-0.002786304,-0.049432278,0.046645973,train,-0.018125497
2016-12-20,TLT,0.004403741,0.007252043,0.002848302,train,0.068784386
2016-12-21,EFA,-0.0022570416,-0.087292716,0.085035674,train,0.039083533
2016-12-21,IWM,-0.008660354,-0.08654624,0.07788589,train,-0.0559697
2016-12-21,SPY,-0.0017292713,0.034894787,0.03662406,train,-0.049432278
2016-12-21,TLT,-0.0017894092,0.028954461,0.03074387,train,0.007252043
2016-12-22,EFA,0.0026041267,-0.0296616,0.032265726,train,-0.087292716
2016-12-22,IWM,0.005306661,-0.09903784,0.1043445,train,-0.08654624
2016-12-22,SPY,0.0014632619,0.05852221,0.05705895,train,0.034894787
2016-12-22,TLT,0.0020357606,0.024518222,0.02248246,train,0.028954461
2016-12-23,EFA,-0.001214242,-0.046492197,0.045277953,train,-0.0296616
2016-12-23,IWM,0.0044742487,-0.07673799,0.08121224,train,-0.09903784
2016-12-23,SPY,0.0024779292,0.0077771023,0.0052991733,train,0.05852221
2016-12-23,TLT,-0.003224522,0.01608219,0.019306712,train,0.024518222
2016-12-27,EFA,-0.0038261018,-0.043129373,0.039303273,train,-0.046492197
2016-12-27,IWM,-0.010298318,-0.048131604,0.037833285,train,-0.07673799
2016-12-27,SPY,-0.00829894,0.034587152,0.042886093,train,0.0077771023
2016-12-27,TLT,0.0072823255,-0.02707807,0.034360394,train,0.01608219
2016-12-28,EFA,0.0024362172,-0.10115546,0.10359168,train,-0.043129373
2016-12-28,IWM,0.00088702847,-0.09319763,0.09408466,train,-0.048131604
2016-12-28,SPY,-0.00022269577,0.01743843,0.017661126,train,0.034587152
2016-12-28,TLT,0.003536997,0.070673026,0.06713603,train,-0.02707807
2016-12-29,EFA,0.0034704048,0.038134508,0.034664102,train,-0.10115546
2016-12-29,IWM,-0.0038486822,-0.035362672,0.03151399,train,-0.09319763
2016-12-29,SPY,-0.00366167,0.0511674,0.05482907,train,0.01743843
2016-12-29,TLT,0.0015119638,-0.026840303,0.028352266,train,0.070673026
2016-12-30,EFA,0.006216659,-0.014712594,0.020929255,train,0.038134508
2016-12-30,IWM,0.004956031,-0.04108829,0.04604432,train,-0.035362672
2016-12-30,SPY,0.007621076,-0.068592936,0.076214015,train,0.0511674
2016-12-30,TLT,0.004271894,-0.04096125,0.045233145,train,-0.026840303
2017-01-03,EFA,0.0112976525,0.03954694,0.028249288,train,-0.014712594
2017-01-03,IWM,0.016538871,-0.027584247,0.04412312,train,-0.04108829
2017-01-03,SPY,0.005931455,-0.04790186,0.053833317,train,-0.068592936
2017-01-03,TLT,0.0038378402,-0.051259235,0.055097073,train,-0.04096125
2017-01-04,EFA,0.00847472,0.03710998,0.02863526,train,0.03954694
2017-01-04,IWM,-0.011607408,0.03813552,0.04974293,train,-0.027584247
2017-01-04,SPY,-0.00079484086,-0.015291758,0.014496917,train,-0.04790186
2017-01-04,TLT,0.015532267,-0.108274624,0.123806894,train,-0.051259235
2017-01-05,EFA,-0.003381308,-0.059307687,0.05592638,train,0.03710998
2017-01-05,IWM,-0.0036776427,-0.061317034,0.05763939,train,0.03813552
2017-01-05,SPY,0.003571509,0.047764257,0.044192746,train,-0.015291758
2017-01-05,TLT,-0.00922435,-0.0011604652,0.008063884,train,-0.108274624
2017-01-06,EFA,-0.0015253183,0.05346746,0.05499278,train,-0.059307687
2017-01-06,IWM,-0.0065808357,-0.06268662,0.056105785,train,-0.061317034
2017-01-06,SPY,-0.0033064657,0.04453142,0.047837887,train,0.047764257
2017-01-06,TLT,0.007993789,0.048331447,0.04033766,train,-0.0011604652
2017-01-09,EFA,0.00016968878,0.10408865,0.10391896,train,0.05346746
2017-01-09,IWM,0.009524433,-0.06784685,0.077371284,train,-0.06268662
2017-01-09,SPY,0.0,-0.047059022,0.047059022,train,0.04453142
2017-01-09,TLT,-0.0006570257,-0.028475106,0.02781808,train,0.048331447
2017-01-10,EFA,0.005242922,0.017610274,0.012367353,train,0.10408865
2017-01-10,IWM,0.0017617072,0.006395895,0.0046341876,train,-0.06784685
2017-01-10,SPY,0.002822143,0.07045603,0.06763388,train,-0.047059022
2017-01-10,TLT,0.0033618582,0.020536818,0.01717496,train,-0.028475106
2017-01-11,EFA,0.0015170068,0.04233335,0.040816344,train,0.017610274
2017-01-11,IWM,-0.0077316887,0.019047923,0.026779613,train,0.006395895
2017-01-11,SPY,-0.0025131316,0.007274583,0.009787714,train,0.07045603
2017-01-11,TLT,-0.0022124269,-0.018042982,0.015830554,train,0.020536818
2017-01-12,EFA,0.0036989886,0.062228806,0.058529817,train,0.04233335
2017-01-12,IWM,0.0072182408,-0.0001459308,0.0073641716,train,0.019047923
2017-01-12,SPY,0.0022930838,0.015844043,0.0135509595,train,0.007274583
2017-01-12,TLT,-0.004769756,0.041237675,0.046007432,train,-0.018042982
2017-01-13,EFA,-0.0036989886,-0.011046492,0.0073475027,train,0.062228806
2017-01-13,IWM,-0.013670239,-0.0134273395,0.00024289917,train,-0.0001459308
2017-01-13,SPY,-0.0035298588,-0.016526379,0.01299652,train,0.015844043
2017-01-13,TLT,0.0104145,-0.023082033,0.033496533,train,0.041237675
2017-01-17,EFA,-0.0028671203,-0.018009644,0.015142524,train,-0.011046492
2017-01-17,IWM,0.0032685294,-0.03929419,0.04256272,train,-0.0134273395
2017-01-17,SPY,0.0022073106,-0.054498322,0.05670563,train,-0.016526379
2017-01-17,TLT,-0.012890103,-0.06182611,0.048936006,train,-0.023082033
2017-01-18,EFA,-0.0025371786,0.032890216,0.035427395,train,-0.018009644
2017-01-18,IWM,-0.008190771,0.0127663985,0.020957168,train,-0.03929419
2017-01-18,SPY,-0.003711235,-0.023215033,0.019503798,train,-0.054498322
2017-01-18,TLT,-0.006883032,0.100241594,0.10712463,train,-0.06182611
2017-01-19,EFA,0.0057413047,0.04307846,0.037337154,train,0.032890216
2017-01-19,IWM,0.0051458245,0.009567194,0.004421369,train,0.0127663985
2017-01-19,SPY,0.0036673169,-0.0024721818,0.0061394987,train,-0.023215033
2017-01-19,TLT,-0.0019989884,0.0012298487,0.0032288372,train,0.100241594
2017-01-20,EFA,0.0025225044,0.017002314,0.01447981,train,0.04307846
2017-01-20,IWM,-0.004174104,-0.021107223,0.016933119,train,0.009567194
2017-01-20,SPY,-0.0026053463,-0.1825682,0.17996286,train,-0.0024721818
2017-01-20,TLT,0.009954897,0.04542001,0.035465114,train,0.0012298487
2017-01-23,EFA,0.00251599,0.06003814,0.057522148,train,0.017002314
2017-01-23,IWM,0.015195861,-0.037588,0.05278386,train,-0.021107223
2017-01-23,SPY,0.006391151,-0.0443824,0.050773554,train,-0.1825682
2017-01-23,TLT,-0.006874727,-0.061373144,0.05449842,train,0.04542001
2017-01-24,EFA,0.010333575,-0.054782823,0.0651164,train,0.06003814
2017-01-24,IWM,0.0093727,0.1422291,0.1328564,train,-0.037588
2017-01-24,SPY,0.008618293,-0.046561286,0.05517958,train,-0.0443824
2017-01-24,TLT,-0.012630277,-0.050318703,0.037688427,train,-0.061373144
2017-01-25,EFA,-0.0039874953,0.13213807,0.13612556,train,-0.054782823
2017-01-25,IWM,-0.004016687,0.024155676,0.028172363,train,0.1422291
2017-01-25,SPY,-0.0010459112,-0.037799537,0.036753625,train,-0.046561286
2017-01-25,TLT,0.0033616559,-0.021155301,0.024516957,train,-0.050318703
2017-01-26,EFA,-0.0016660636,0.017375575,0.019041639,train,0.13213807
2017-01-26,IWM,-0.0034453287,-0.0041315816,0.00068625296,train,0.024155676
2017-01-26,SPY,-0.0015712286,0.027066745,0.028637974,train,-0.037799537
2017-01-26,TLT,0.003600066,-0.09746663,0.1010667,train,-0.021155301
2017-01-27,EFA,-0.007196007,-0.03553844,0.028342431,train,0.017375575
2017-01-27,IWM,-0.014048754,0.01115666,0.025205415,train,-0.0041315816
2017-01-27,SPY,-0.0062209503,0.058653273,0.064874224,train,0.027066745
2017-01-27,TLT,-0.0030134679,-0.089355014,0.086341545,train,-0.09746663
2017-01-30,EFA,0.001510387,-0.0830952,0.08460559,train,-0.03553844
2017-01-30,IWM,0.0069749877,-0.041685484,0.048660472,train,0.01115666
2017-01-30,SPY,-8.7761786e-05,-0.044847928,0.044760168,train,0.058653273
2017-01-30,TLT,0.006935121,-0.09629058,0.1032257,train,-0.089355014
2017-01-31,EFA,0.0040168595,0.06576182,0.06174496,train,-0.0830952
2017-01-31,IWM,-0.0005917929,-0.001365155,0.00077336206,train,-0.041685484
2017-01-31,SPY,0.00039544815,-0.06348995,0.0638854,train,-0.044847928
2017-01-31,TLT,-0.006202419,0.16675597,0.17295839,train,-0.09629058
2017-02-01,EFA,0.00050107896,-0.021217316,0.021718396,train,0.06576182
2017-02-01,IWM,-0.0025187489,-0.0019921213,0.0005266275,train,-0.001365155
2017-02-01,SPY,0.00065888773,-0.10125516,0.10191405,train,-0.06348995
2017-02-01,TLT,-0.00042012794,-0.10541555,0.10499542,train,0.16675597
2017-02-02,EFA,0.0039985394,-0.026181221,0.030179761,train,-0.021217316
2017-02-02,IWM,0.015165313,-0.1751508,0.19031611,train,-0.0019921213
2017-02-02,SPY,0.00686895,-0.100595996,0.10746495,train,-0.10125516
2017-02-02,TLT,-0.00042005721,-0.12777458,0.12735452,train,-0.10541555
2017-02-03,EFA,-0.007175592,0.0054306053,0.012606197,train,-0.026181221
2017-02-03,IWM,-0.0075538456,0.029802695,0.03735654,train,-0.1751508
2017-02-03,SPY,-0.0017892475,-0.08279787,0.08100862,train,-0.100595996
2017-02-03,TLT,0.006032456,0.03422653,0.028194074,train,-0.12777458
2017-02-06,EFA,-0.0010054332,0.05852516,0.059530593,train,0.0054306053
2017-02-06,IWM,-0.004426866,0.00012340024,0.004550266,train,0.029802695
2017-02-06,SPY,4.3728993e-05,-0.012073129,0.012116859,train,-0.08279787
2017-02-06,TLT,0.007323841,-0.031669337,0.03899318,train,0.03422653
2017-02-07,EFA,0.0016749937,0.031910114,0.030235121,train,0.05852516
2017-02-07,IWM,-0.0017759186,0.030715285,0.032491203,train,0.00012340024
2017-02-07,SPY,0.0013095975,0.035553515,0.03424392,train,-0.012073129
2017-02-07,TLT,0.013506665,0.02886102,0.015354355,train,-0.031669337
2017-02-08,EFA,0.004175251,0.03386004,0.029684788,train,0.031910114
2017-02-08,IWM,0.01397557,0.006985668,0.006989902,train,0.030715285
2017-02-08,SPY,0.0059153186,0.043437142,0.037521824,train,0.035553515
2017-02-08,TLT,-0.0116017945,-0.059395157,0.047793362,train,0.02886102
2017-02-09,EFA,0.0023307805,0.028195227,0.025864447,train,0.03386004
2017-02-09,IWM,0.007568064,0.023643758,0.016075693,train,0.006985668
2017-02-09,SPY,0.0039381017,0.03507105,0.031132948,train,0.043437142
2017-02-09,TLT,-0.00057956047,-0.016446538,0.015866978,train,-0.059395157
2017-02-10,EFA,0.00398278,0.0119546605,0.007971881,train,0.028195227
2017-02-10,IWM,0.0026068857,0.023903806,0.02129692,train,0.023643758
2017-02-10,SPY,0.005428101,0.008634731,0.0032066302,train,0.03507105
2017-02-10,TLT,-0.0031511865,0.038717818,0.041869003,train,-0.016446538
2017-02-13,EFA,-0.0014917774,-0.024873659,0.023381881,train,0.0119546605
2017-02-13,IWM,0.0033204285,-0.010799315,0.014119743,train,0.023903806
2017-02-13,SPY,0.00398729,0.067503735,0.063516445,train,0.008634731
2017-02-13,TLT,-0.007253634,0.04328146,0.05053509,train,0.038717818
2017-02-14,EFA,0.0038074935,-0.04509754,0.048905034,train,-0.024873659
2017-02-14,IWM,0.0059635276,0.06891708,0.062953554,train,-0.010799315
2017-02-14,SPY,0.005206699,0.040111437,0.034904737,train,0.067503735
2017-02-14,TLT,-0.0046128277,0.023898115,0.028510943,train,0.04328146
2017-02-15,EFA,0.002310777,-0.025255837,0.027566614,train,-0.04509754
2017-02-15,IWM,-0.0027977328,0.012724955,0.015522688,train,0.06891708
2017-02-15,SPY,-0.0008516856,0.035791628,0.036643315,train,0.040111437
2017-02-15,TLT,0.0054490184,-0.07731846,0.08276748,train,0.023898115
2017-02-16,EFA,-0.0026411596,-0.045619644,0.042978484,train,-0.025255837
2017-02-16,IWM,-0.00064665865,0.07126829,0.07191495,train,0.012724955
2017-02-16,SPY,0.0015751271,0.03727877,0.035703644,train,0.035791628
2017-02-16,TLT,0.005918223,-0.019658826,0.02557705,train,-0.07731846
2017-02-17,EFA,0.00330032,0.01061466,0.0073143397,train,-0.045619644
2017-02-17,IWM,0.0078046126,0.05899877,0.051194157,train,0.07126829
2017-02-17,SPY,0.005937291,-0.03267332,0.03861061,train,0.03727877
2017-02-17,TLT,-0.0017464991,-0.031210013,0.029463513,train,-0.019658826
2017-02-21,EFA,0.0,-0.018394165,0.018394165,train,0.01061466
2017-02-21,IWM,-0.0044315443,-0.0104713105,0.006039766,train,0.05899877
2017-02-21,SPY,-0.00088809954,-0.006449748,0.0055616484,train,-0.03267332
2017-02-21,TLT,0.0016635841,0.008140532,0.006476948,train,-0.031210013
2017-02-22,EFA,0.0021392135,0.0646667,0.06252749,train,-0.018394165
2017-02-22,IWM,-0.005964324,0.052132953,0.058097277,train,-0.0104713105
2017-02-22,SPY,0.0006767153,0.033449188,0.032772474,train,-0.006449748
2017-02-22,TLT,0.002987934,0.01104207,0.008054135,train,0.008140532
2017-02-23,EFA,-0.0072594164,-0.017269917,0.0100105,train,0.0646667
2017-02-23,IWM,-0.0007212984,0.0046660416,0.0053873397,train,0.052132953
2017-02-23,SPY,0.0012680083,-0.015736189,0.017004197,train,0.033449188
2017-02-23,TLT,0.011043624,-0.08157826,0.092621885,train,0.01104207
2017-02-24,EFA,0.0006622716,0.08799155,0.087329276,train,-0.017269917
2017-02-24,IWM,0.009689901,0.024849651,0.01515975,train,0.0046660416
2017-02-24,SPY,0.001561475,-0.032844365,0.03440584,train,-0.015736189
2017-02-24,TLT,-0.0059186546,-0.030452099,0.024533443,train,-0.08157826
2017-02-27,EFA,-0.0014906249,0.01665877,0.018149395,train,0.08799155
2017-02-27,IWM,-0.015548961,0.01073323,0.026282191,train,0.024849651
2017-02-27,SPY,-0.0027026176,0.011114679,0.013817297,train,-0.032844365
2017-02-27,TLT,0.0037032117,0.0236409,0.019937688,train,-0.030452099
2017-02-28,EFA,0.0103868665,0.088445455,0.078058586,train,0.01665877
2017-02-28,IWM,0.018116867,0.07082924,0.052712373,train,0.01073323
2017-02-28,SPY,0.013900517,0.07710729,0.06320677,train,0.011114679
2017-02-28,TLT,-0.016898695,0.015435442,0.032334138,train,0.0236409
2017-03-01,EFA,-0.006582192,-0.010560136,0.003977944,train,0.088445455
2017-03-01,IWM,-0.011536509,-0.042003095,0.030466586,train,0.07082924
2017-03-01,SPY,-0.0063171354,-0.13790444,0.1315873,train,0.07710729
2017-03-01,TLT,-0.0036056424,-0.034591045,0.030985404,train,0.015435442
2017-03-02,EFA,0.005925788,0.0018141568,0.0041116313,train,-0.010560136
2017-03-02,IWM,-0.0007212984,-0.0072703063,0.006549008,train,-0.042003095
2017-03-02,SPY,0.00062907685,0.0054385737,0.004809497,train,-0.13790444
2017-03-02,TLT,0.0026009488,-0.0030630603,0.005664009,train,-0.034591045
2017-03-03,EFA,-0.0031230978,0.070228875,0.07335197,train,0.0018141568
2017-03-03,IWM,-0.0068750856,-0.03525965,0.028384563,train,-0.0072703063
2017-03-03,SPY,-0.0029823591,-0.0023274906,0.00065486855,train,0.0054385737
2017-03-03,TLT,-0.0047872406,0.0066548176,0.011442058,train,-0.0030630603
2017-03-06,EFA,-0.0034635954,0.041087724,0.04455132,train,0.070228875
2017-03-06,IWM,-0.0065574865,-0.044280775,0.037723288,train,-0.03525965
2017-03-06,SPY,-0.0029914288,0.037739605,0.040731035,train,-0.0023274906
2017-03-06,TLT,-0.003035245,-0.03380936,0.030774115,train,0.0066548176
2017-03-07,EFA,-0.0036409453,-0.020455396,0.01681445,train,0.041087724
2017-03-07,IWM,-0.006600771,-0.07047965,0.06387888,train,-0.044280775
2017-03-07,SPY,-0.0018580202,0.049462155,0.051320173,train,0.037739605
2017-03-07,TLT,-0.0054194997,-0.012721315,0.0073018153,train,-0.03380936
2017-03-08,EFA,0.0038063156,0.02020208,0.016395764,train,-0.020455396
2017-03-08,IWM,-0.0039814273,-0.08589254,0.08191112,train,-0.07047965
2017-03-08,SPY,0.0012675886,0.0022517927,0.0009842041,train,0.049462155
2017-03-08,TLT,-0.0080130575,-0.0761862,0.06817315,train,-0.012721315
2017-03-09,EFA,0.008388835,0.052349605,0.04396077,train,0.02020208
2017-03-09,IWM,0.004423076,-0.053137183,0.057560258,train,-0.08589254
2017-03-09,SPY,0.0034979242,-0.02336558,0.026863504,train,0.0022517927
2017-03-09,TLT,0.0035032516,-0.019079411,0.022582663,train,-0.0761862
2017-03-10,EFA,0.0052279606,0.09171886,0.0864909,train,0.052349605
2017-03-10,IWM,0.0023508733,0.10694547,0.104594596,train,-0.053137183
2017-03-10,SPY,0.0005044024,-0.042990386,0.043494787,train,-0.02336558
2017-03-10,TLT,-0.0063313036,0.005894214,0.012225518,train,-0.019079411
2017-03-13,EFA,-0.007687915,0.026976574,0.03466449,train,0.09171886
2017-03-13,IWM,-0.0047811912,0.016970444,0.021751635,train,0.10694547
2017-03-13,SPY,-0.003833798,-0.0098586045,0.0060248068,train,-0.042990386
2017-03-13,TLT,0.0047947364,-0.019362956,0.024157692,train,0.005894214
2017-03-14,EFA,0.014184664,0.08953622,0.07535156,train,0.026976574
2017-03-14,IWM,0.015364795,0.034339637,0.01897484,train,0.016970444
2017-03-14,SPY,0.008616146,0.023167126,0.01455098,train,-0.0098586045
2017-03-14,TLT,0.012141012,-0.020614829,0.03275584,train,-0.019362956
2017-03-15,EFA,0.0048449114,0.12217158,0.11732667,train,0.08953622
2017-03-15,IWM,0.0013062174,0.12463994,0.12333372,train,0.034339637
2017-03-15,SPY,-0.0019686979,-0.0018290095,0.00013968837,train,0.023167126
2017-03-15,TLT,-0.0050762272,0.02348527,0.028561497,train,-0.020614829
2017-03-16,EFA,0.00257436,0.00878641,0.00621205,train,0.12217158
2017-03-16,IWM,0.003979981,-0.03494782,0.0389278,train,0.12463994
2017-03-16,SPY,-0.0017577049,0.025242575,0.02700028,train,-0.0018290095
2017-03-16,TLT,0.006257224,-0.064712286,0.07096951,train,0.02348527
2017-03-17,EFA,-0.0020911172,0.007767927,0.009859044,train,0.00878641
2017-03-17,IWM,-0.0043427926,0.074250184,0.07859298,train,-0.03494782
2017-03-17,SPY,-0.0010976722,-0.012217596,0.0111199245,train,0.025242575
2017-03-17,TLT,0.004288984,0.069208845,0.06491986,train,-0.064712286
2017-03-20,EFA,-0.0045189695,-0.023717001,0.019198032,train,0.007767927
2017-03-20,IWM,-0.028623046,-0.028771736,0.00014868937,train,0.074250184
2017-03-20,SPY,-0.0129224565,0.00013459101,0.0130570475,train,-0.012217596
2017-03-20,TLT,0.008274983,-0.009816589,0.01809157,train,0.069208845
2017-03-21,EFA,0.0001616776,0.009377833,0.009216156,train,-0.023717001
2017-03-21,IWM,0.00022412566,0.0037950724,0.0035709469,train,-0.028771736
2017-03-21,SPY,0.002350069,-0.16388911,0.16623917,train,0.00013459101
2017-03-21,TLT,0.0039869654,-0.042901494,0.04688846,train,-0.009816589
2017-03-22,EFA,0.002261632,0.025099762,0.02283813,train,0.009377833
2017-03-22,IWM,0.0058041206,0.10466607,0.09886195,train,0.0037950724
2017-03-22,SPY,-0.0010674467,-2.072379e-05,0.0010467229,train,-0.16388911
2017-03-22,TLT,-0.0014098824,-0.023459278,0.022049395,train,-0.042901494
2017-03-23,EFA,0.0027393799,0.10947504,0.10673566,train,0.025099762
2017-03-23,IWM,0.00072151923,0.10924631,0.10852479,train,0.10466607
2017-03-23,SPY,-0.00072679727,-0.018906783,0.018179987,train,-2.072379e-05
2017-03-23,TLT,0.0035635887,-0.026272029,0.029835617,train,-0.023459278
2017-03-24,EFA,0.0025718645,0.03768371,0.035111845,train,0.10947504
2017-03-24,IWM,0.0018571619,0.089824244,0.08796708,train,0.10924631
2017-03-24,SPY,-0.0010266223,-0.049562976,0.048536353,train,-0.018906783
2017-03-24,TLT,0.0045394837,-0.027605128,0.03214461,train,-0.026272029
2017-03-27,EFA,0.0048036333,0.06960888,0.06480525,train,0.03768371
2017-03-27,IWM,0.007762458,0.08276594,0.075003475,train,0.089824244
2017-03-27,SPY,0.007250532,0.017777435,0.010526903,train,-0.049562976
2017-03-27,TLT,-0.00669319,-0.03591944,0.02922625,train,-0.027605128
2017-03-28,EFA,0.0,-0.02015483,0.02015483,train,0.06960888
2017-03-28,IWM,0.0032350423,0.029049804,0.025814762,train,0.08276594
2017-03-28,SPY,0.00093427766,0.01715849,0.016224213,train,0.017777435
2017-03-28,TLT,0.0059516476,0.15071131,0.14475967,train,-0.03591944
2017-03-29,EFA,-0.0035203372,0.01918118,0.022701519,train,-0.02015483
2017-03-29,IWM,0.007532067,-0.041016642,0.04854871,train,0.029049804
2017-03-29,SPY,0.0031791213,0.01374539,0.010566268,train,0.01715849
2017-03-29,TLT,-0.008109515,-0.011513419,0.0034039048,train,0.15071131
2017-03-30,EFA,-0.0014439141,0.056267217,0.057711132,train,0.01918118
2017-03-30,IWM,0.0016018169,0.01094763,0.009345813,train,-0.041016642
2017-03-30,SPY,-0.0023304264,0.04635143,0.048681855,train,0.01374539
2017-03-30,TLT,0.0029036715,0.023152936,0.020249264,train,-0.011513419
2017-03-31,EFA,-0.001446002,0.10264731,0.10409331,train,0.056267217
2017-03-31,IWM,-0.010603004,-0.020141598,0.009538594,train,0.01094763
2017-03-31,SPY,-0.0017405406,0.015784208,0.017524749,train,0.04635143
2017-03-31,TLT,0.010036221,0.042061795,0.032025576,train,0.023152936
2017-04-03,EFA,-0.00032161793,0.07479221,0.075113826,train,0.10264731
2017-04-03,IWM,-0.0011771027,0.012565497,0.0137426,train,-0.020141598
2017-04-03,SPY,0.000637231,0.0035469793,0.0029097483,train,0.015784208
2017-04-03,TLT,-0.0054391692,0.018838175,0.024277344,train,0.042061795
2017-04-04,EFA,-0.0053212,-0.02127226,0.01595106,train,0.07479221
2017-04-04,IWM,-0.0113987755,-0.0060967654,0.00530201,train,0.012565497
2017-04-04,SPY,-0.0029771002,-0.118040904,0.1150638,train,0.0035469793
2017-04-04,TLT,0.0030533778,0.08006346,0.07701009,train,0.018838175
2017-04-05,EFA,0.00016151853,0.034443922,0.034282405,train,-0.02127226
2017-04-05,IWM,0.009262416,0.081805065,0.07254265,train,-0.0060967654
2017-04-05,SPY,0.0028071718,-0.055534996,0.058342166,train,-0.118040904
2017-04-05,TLT,-0.0014841711,-0.038568158,0.037083987,train,0.08006346
2017-04-06,EFA,-0.0006466343,0.027469859,0.028116493,train,0.034443922
2017-04-06,IWM,-0.00044299915,0.052410606,0.052853607,train,0.081805065
2017-04-06,SPY,-0.0010198782,-0.10296677,0.10194689,train,-0.055534996
2017-04-06,TLT,-0.0040512234,0.028596707,0.03264793,train,-0.038568158
2017-04-07,EFA,-0.001133203,0.054959364,0.056092568,train,0.027469859
2017-04-07,IWM,0.0022115917,0.017977733,0.015766142,train,0.052410606
2017-04-07,SPY,0.00059500564,-0.06580367,0.06639867,train,-0.10296677
2017-04-07,TLT,0.004628206,-0.03712486,0.04175307,train,0.028596707
2017-04-10,EFA,0.0046854536,0.059808012,0.055122558,train,0.054959364
2017-04-10,IWM,0.007920154,0.013157412,0.005237258,train,0.017977733
2017-04-10,SPY,-0.0011903655,-0.102089986,0.10089962,train,-0.06580367
2017-04-10,TLT,0.009438391,-0.008189879,0.017628271,train,-0.03712486
2017-04-11,EFA,-0.0008062333,0.010321086,0.011127319,train,0.059808012
2017-04-11,IWM,-0.013679727,0.10585925,0.11953898,train,0.013157412
2017-04-11,SPY,-0.0043916088,-0.06537835,0.060986742,train,-0.102089986
2017-04-11,TLT,0.005458207,-0.06854432,0.07400253,train,-0.008189879
2017-04-12,EFA,-0.0064734556,0.002643196,0.0091166515,train,0.010321086
2017-04-12,IWM,-0.009822981,0.018758874,0.028581856,train,0.10585925
2017-04-12,SPY,-0.0065160412,-0.033473283,0.026957242,train,-0.06537835
2017-04-12,TLT,0.003082332,-0.023192897,0.026275229,train,-0.06854432
2017-04-13,EFA,0.0061507476,0.04434371,0.03819296,train,0.002643196
2017-04-13,IWM,0.011672713,0.015972007,0.004299294,train,0.018758874
2017-04-13,SPY,0.008820833,-0.0028496422,0.011670475,train,-0.033473283
2017-04-13,TLT,-0.003082332,0.0013822392,0.0044645714,train,-0.023192897
2017-04-17,EFA,-0.0045284713,0.032954875,0.037483346,train,0.04434371
2017-04-17,IWM,0.00022161698,0.009228863,0.009007246,train,0.015972007
2017-04-17,SPY,-0.002988517,-0.00455503,0.0015665127,train,-0.0028496422
2017-04-17,TLT,0.012994784,0.055213794,0.04221901,train,0.0013822392
2017-04-18,EFA,-0.0040608803,-0.053712524,0.049651645,train,0.032954875
2017-04-18,IWM,0.0034671728,0.0020420197,0.0014251531,train,0.009228863
2017-04-18,SPY,-0.0018403907,0.022468146,0.024308536,train,-0.00455503
2017-04-18,TLT,-0.005467894,0.03068062,0.036148515,train,0.055213794
2017-04-19,EFA,0.007943624,-0.03122596,0.039169583,train,-0.053712524
2017-04-19,IWM,0.012659575,0.09222326,0.079563685,train,0.0020420197
2017-04-19,SPY,0.00810609,0.06630686,0.05820077,train,0.022468146
2017-04-19,TLT,-0.0038780214,0.07132816,0.07520618,train,0.03068062
2017-04-20,EFA,0.00064572785,0.09390415,0.093258426,train,-0.03122596
2017-04-20,IWM,-0.0022564458,0.07374668,0.07600313,train,0.09222326
2017-04-20,SPY,-0.0031919747,-0.023182653,0.019990679,train,0.06630686
2017-04-20,TLT,0.0,-0.00073995814,0.00073995814,train,0.07132816
2017-04-21,EFA,0.025019335,0.010560401,0.014458934,train,0.09390415
2017-04-21,IWM,0.012385301,-0.07105802,0.08344332,train,0.07374668
2017-04-21,SPY,0.01093792,0.009274438,0.0016634818,train,-0.023182653
2017-04-21,TLT,-0.0049494733,0.005696865,0.010646338,train,-0.00073995814
2017-04-24,EFA,0.007057145,0.023441289,0.016384143,train,0.010560401
2017-04-24,IWM,0.009671187,0.056489807,0.04681862,train,-0.07105802
2017-04-24,SPY,0.00580162,-0.07132908,0.0771307,train,0.009274438
2017-04-24,TLT,-0.012112677,0.0473938,0.059506476,train,0.005696865
2017-04-25,EFA,-0.0028168687,-0.020313792,0.017496923,train,0.023441289
2017-04-25,IWM,0.0051200883,-0.044367474,0.04948756,train,0.056489807
2017-04-25,SPY,-0.0006288069,0.05807477,0.058703575,train,-0.07132908
2017-04-25,TLT,0.0055016805,0.00468947,0.0008122106,train,0.0473938
2017-04-26,EFA,0.00093991624,0.005498659,0.0045587425,train,-0.020313792
2017-04-26,IWM,-0.0002842198,0.022510376,0.022794595,train,-0.044367474
2017-04-26,SPY,0.0008384439,0.012173043,0.011334599,train,0.05807477
2017-04-26,TLT,-0.00032773454,-0.03583794,0.035510205,train,0.00468947
2017-04-27,EFA,-0.0010966549,0.0003066808,0.0014033357,train,0.005498659
2017-04-27,IWM,-0.013499588,0.027895194,0.04139478,train,0.022510376
2017-04-27,SPY,-0.0021817866,0.016807862,0.018989649,train,0.012173043
2017-04-27,TLT,0.0022095677,0.030812334,0.028602766,train,-0.03583794
2017-04-28,EFA,0.0040669297,-0.12529168,0.1293586,train,0.0003066808
2017-04-28,IWM,0.0057364204,-0.15280215,0.15853858,train,0.027895194
2017-04-28,SPY,0.0025169675,0.068712205,0.066195235,train,0.016807862
2017-04-28,TLT,-0.00834791,0.0010580402,0.00940595,train,0.030812334
2017-05-01,EFA,0.0051382505,0.065654404,0.060516153,train,-0.12529168
2017-05-01,IWM,-0.005089486,-0.064721406,0.05963192,train,-0.15280215
2017-05-01,SPY,0.00037681556,0.025267154,0.024890339,train,0.068712205
2017-05-01,TLT,0.0051069898,0.030534156,0.025427166,train,0.0010580402
2017-05-02,EFA,-0.0020210536,0.06070742,0.06272847,train,0.065654404
2017-05-02,IWM,-0.0061993473,0.052970797,0.059170146,train,-0.064721406
2017-05-02,SPY,-0.0012149784,-0.010363437,0.009148459,train,0.025267154
2017-05-02,TLT,0.0006573186,0.024019808,0.02336249,train,0.030534156
2017-05-03,EFA,0.009447965,0.117475286,0.108027324,train,0.06070742
2017-05-03,IWM,-0.0013749629,0.012812026,0.014186989,train,0.052970797
2017-05-03,SPY,0.0011735254,-0.010668017,0.011841542,train,-0.010363437
2017-05-03,TLT,-0.004939408,-0.018227516,0.013288108,train,0.024019808
2017-05-04,EFA,0.011037919,0.051820017,0.040782098,train,0.117475286
2017-05-04,IWM,0.006423861,0.03619962,0.029775761,train,0.012812026
2017-05-04,SPY,0.0039292895,-0.004024856,0.007954145,train,-0.010668017
2017-05-04,TLT,0.0009078192,-0.028905012,0.029812831,train,-0.018227516
2017-05-05,EFA,-0.00749877,0.046335153,0.053833924,train,0.051820017
2017-05-05,IWM,-0.004181386,0.01362212,0.017803505,train,0.03619962
2017-05-05,SPY,-0.00016708285,0.016406119,0.016573202,train,-0.004024856
2017-05-05,TLT,-0.005456328,-0.026691549,0.02123522,train,-0.028905012
2017-05-08,EFA,-0.00246065,0.083106436,0.08556709,train,0.046335153
2017-05-08,IWM,-0.00043387772,0.10624976,0.106683634,train,0.01362212
2017-05-08,SPY,-0.00091842894,0.004640691,0.00555912,train,0.016406119
2017-05-08,TLT,-8.316677e-05,-0.1432665,0.14318334,train,-0.026691549
2017-05-09,EFA,0.0015388075,0.057680916,0.056142107,train,0.083106436
2017-05-09,IWM,0.0061969743,0.03530615,0.029109174,train,0.10624976
2017-05-09,SPY,0.0017942418,0.023451827,0.021657586,train,0.004640691
2017-05-09,TLT,-0.0011612584,-0.011993529,0.010832271,train,-0.1432665
2017-05-10,EFA,-0.0024633068,-0.040249348,0.03778604,train,0.057680916
2017-05-10,IWM,-0.006992248,0.05110988,0.058102127,train,0.03530615
2017-05-10,SPY,-0.0020445623,0.025477275,0.027521838,train,0.023451827
2017-05-10,TLT,0.0,0.01831571,0.01831571,train,-0.011993529
2017-05-11,EFA,0.0055334535,0.046033226,0.040499773,train,-0.040249348
2017-05-11,IWM,-0.0052947705,-0.065878324,0.060583554,train,0.05110988
2017-05-11,SPY,-0.0016726342,0.018667296,0.02033993,train,0.025477275
2017-05-11,TLT,0.0075247083,0.0034590159,0.0040656924,train,0.01831571
2017-05-12,EFA,0.0050453967,0.0709776,0.0659322,train,0.046033226
2017-05-12,IWM,0.007750949,0.035941526,0.028190577,train,-0.065878324
2017-05-12,SPY,0.0055082245,-0.047862146,0.05337037,train,0.018667296
2017-05-12,TLT,-0.0027219139,0.031738207,0.03446012,train,0.0034590159
2017-05-15,EFA,0.006385166,-0.010139883,0.016525049,train,0.0709776
2017-05-15,IWM,0.00036087536,0.07005923,0.069698356,train,0.035941526
2017-05-15,SPY,-0.0009158356,0.014255192,0.015171028,train,-0.047862146
2017-05-15,TLT,0.0037100052,-0.021066112,0.024776118,train,0.031738207
2017-05-16,EFA,-0.0114305625,0.031195365,0.042625926,train,-0.010139883
2017-05-16,IWM,-0.02734893,-0.0026637986,0.024685131,train,0.07005923
2017-05-16,SPY,-0.01790345,-0.0017858595,0.016117591,train,0.014255192
2017-05-16,TLT,0.014461377,0.029299753,0.014838376,train,-0.021066112
2017-05-17,EFA,0.0016847053,0.071431905,0.0697472,train,0.031195365
2017-05-17,IWM,0.0036260693,0.018165966,0.014539897,train,-0.0026637986
2017-05-17,SPY,0.004020354,-0.09648462,0.10050497,train,-0.0017858595
2017-05-17,TLT,0.0011348985,-0.041537896,0.042672794,train,0.029299753
2017-05-18,EFA,0.011562565,0.017712668,0.0061501022,train,0.071431905
2017-05-18,IWM,0.004789883,-0.022961438,0.027751321,train,0.018165966
2017-05-18,SPY,0.00648313,0.09281772,0.086334586,train,-0.09648462
2017-05-18,TLT,0.002347273,0.0073946305,0.0050473576,train,-0.041537896
2017-05-19,EFA,0.001209383,0.10539948,0.104190096,train,0.017712668
2017-05-19,IWM,0.006740026,-0.009607539,0.016347565,train,-0.022961438
2017-05-19,SPY,0.0050649047,-0.0050950423,0.010159947,train,0.09281772
2017-05-19,TLT,-0.002752034,0.04121252,0.043964557,train,0.0073946305
2017-05-22,EFA,0.0001511549,-0.06393884,0.06409,train,0.10539948
2017-05-22,IWM,0.003280807,-0.09612961,0.099410415,train,-0.009607539
2017-05-22,SPY,0.0022100615,0.08514525,0.08293519,train,-0.0050950423
2017-05-22,TLT,-0.0067509688,0.09464873,0.1013997,train,0.04121252
2017-05-23,EFA,0.00060393923,-0.059599802,0.060203742,train,-0.06393884
2017-05-23,IWM,0.0006548097,-0.055993743,0.056648552,train,-0.09612961
2017-05-23,SPY,0.0023301328,0.08137831,0.07904818,train,0.08514525
2017-05-23,TLT,0.0056157685,0.0053816177,0.0002341508,train,0.09464873
2017-05-24,EFA,0.0,0.07485077,0.07485077,train,-0.059599802
2017-05-24,IWM,0.0006547531,0.034621116,0.033966362,train,-0.055993743
2017-05-24,SPY,0.0047682454,0.025645763,0.020877518,train,0.08137831
2017-05-24,TLT,0.00032423713,-0.04596443,0.04628867,train,0.0053816177
2017-05-25,EFA,-0.0028723052,0.033128813,0.03600112,train,0.07485077
2017-05-25,IWM,-0.0002912654,0.022358142,0.022649407,train,0.034621116
2017-05-25,SPY,-0.000206824,0.07905879,0.07926561,train,0.025645763
2017-05-25,TLT,0.0017022,-0.015046768,0.016748969,train,-0.04596443
2017-05-26,EFA,-0.0010605914,0.10400987,0.10507046,train,0.033128813
2017-05-26,IWM,-0.007883031,-0.027052268,0.019169237,train,0.022358142
2017-05-26,SPY,-0.0008691427,-0.017711625,0.016842483,train,0.07905879
2017-05-26,TLT,0.0049276864,0.02424857,0.019320883,train,-0.015046768
2017-05-30,EFA,0.0012116134,0.017763186,0.016551573,train,0.10400987
2017-05-30,IWM,-0.0010261729,0.015545476,0.016571648,train,-0.027052268
2017-05-30,SPY,-0.00024854837,-0.016991213,0.016742665,train,-0.017711625
2017-05-30,TLT,0.002495129,-0.0049113706,0.0074064992,train,0.02424857
2017-05-31,EFA,0.00648845,0.13568036,0.1291919,train,0.017763186
2017-05-31,IWM,0.019108409,0.021885658,0.0027772486,train,0.015545476
2017-05-31,SPY,0.007920686,-0.123870626,0.13179131,train,-0.016991213
2017-05-31,TLT,0.00010454051,-0.019315388,0.019419929,train,-0.0049113706
2017-06-01,EFA,0.010919288,-0.04099707,0.051916357,train,0.13568036
2017-06-01,IWM,0.0064565926,-0.040606808,0.0470634,train,0.021885658
2017-06-01,SPY,0.0033228085,-0.013675362,0.01699817,train,-0.123870626
2017-06-01,TLT,0.011771273,0.00069795176,0.011073321,train,-0.019315388
2017-06-02,EFA,-0.0055194623,-0.013208214,0.007688752,train,-0.04099707
2017-06-02,IWM,-0.0062408126,-0.11638765,0.110146835,train,-0.040606808
2017-06-02,SPY,-0.00073724054,-0.001900658,0.0011634175,train,-0.013675362
2017-06-02,TLT,-0.0062288283,0.0032335147,0.0094623435,train,0.00069795176
2017-06-05,EFA,-0.0028463574,0.03074897,0.033595327,train,-0.013208214
2017-06-05,IWM,-0.00093538413,0.0020010285,0.0029364126,train,-0.11638765
2017-06-05,SPY,-0.0032021592,0.03559976,0.03880192,train,-0.001900658
2017-06-05,TLT,0.0054319883,0.049490653,0.044058666,train,0.0032335147
2017-06-06,EFA,0.00030000624,0.06501627,0.064716265,train,0.03074897
2017-06-06,IWM,0.00093538413,0.012880206,0.011944822,train,0.0020010285
2017-06-06,SPY,0.00184885,0.15258737,0.15073852,train,0.03559976
2017-06-06,TLT,-0.004791306,0.039557077,0.04434838,train,0.049490653
2017-06-07,EFA,-0.001801389,0.058241725,0.060043115,train,0.06501627
2017-06-07,IWM,0.01357905,-0.06149017,0.07506922,train,0.012880206
2017-06-07,SPY,0.00049207563,0.03061968,0.030127605,train,0.15258737
2017-06-07,TLT,-0.0026449973,0.032701448,0.035346445,train,0.039557077
2017-06-08,EFA,-0.0037632734,0.0272771,0.031040374,train,0.058241725
2017-06-08,IWM,0.0051680785,-0.030005064,0.03517314,train,-0.06149017
2017-06-08,SPY,-0.0015189127,0.014705308,0.01622422,train,0.03061968
2017-06-08,TLT,-0.0015262488,0.014789853,0.016316103,train,0.032701448
2017-06-09,EFA,-0.0037772623,0.11260842,0.11638568,train,0.0272771
2017-06-09,IWM,-0.0016258202,-0.03912665,0.03750083,train,-0.030005064
2017-06-09,SPY,-0.0002054219,-0.06997281,0.06976739,train,0.014705308
2017-06-09,TLT,-0.00032186374,-0.04116986,0.040847994,train,0.014789853
2017-06-12,EFA,0.0076907002,0.071372464,0.06368177,train,0.11260842
2017-06-12,IWM,0.005080294,0.024392508,0.019312214,train,-0.03912665
2017-06-12,SPY,0.0048779007,-0.0065457374,0.011423638,train,-0.06997281
2017-06-12,TLT,0.00016114036,-0.02085748,0.02101862,train,-0.04116986
2017-06-13,EFA,-0.00075142464,0.040437557,0.04118898,train,0.071372464
2017-06-13,IWM,-0.005929152,-0.04024837,0.03431922,train,0.024392508
2017-06-13,SPY,-0.0012685106,0.0133956745,0.014664185,train,-0.0065457374
2017-06-13,TLT,0.015318619,-0.020626185,0.035944805,train,-0.02085748
2017-06-14,EFA,-0.010426828,0.03218601,0.042612836,train,0.040437557
2017-06-14,IWM,-0.0051100366,-0.018709937,0.0135999005,train,-0.04024837
2017-06-14,SPY,-0.0019259448,0.049116783,0.051042728,train,0.0133956745
2017-06-14,TLT,-0.001584645,-0.095059775,0.09347513,train,-0.020626185
2017-06-15,EFA,0.008470853,-0.028949812,0.037420664,train,0.03218601
2017-06-15,IWM,-0.0024934213,0.050608445,0.053101867,train,-0.018709937
2017-06-15,SPY,0.0002183916,0.0120162815,0.01179789,train,0.049116783
2017-06-15,TLT,0.0019806453,0.07282317,0.07084252,train,-0.095059775
2017-06-16,EFA,0.0040586176,0.05313275,0.049074132,train,-0.028949812
2017-06-16,IWM,0.0073909797,0.08400208,0.0766111,train,0.050608445
2017-06-16,SPY,0.008290575,-0.04889407,0.057184644,train,0.0120162815
2017-06-16,TLT,-0.0014261656,0.04604087,0.047467034,train,0.07282317
2017-06-19,EFA,-0.008081774,0.03753774,0.045619514,train,0.05313275
2017-06-19,IWM,-0.010176886,-0.008151904,0.0020249821,train,0.08400208
2017-06-19,SPY,-0.0067668324,-0.02676887,0.020002037,train,-0.04889407
2017-06-19,TLT,0.008916553,0.0728184,0.06390184,train,0.04604087
2017-06-20,EFA,-0.0012300963,-0.019674262,0.018444166,train,0.03753774
2017-06-20,IWM,-0.0025065753,0.019462965,0.02196954,train,-0.008151904
2017-06-20,SPY,-0.0002468113,0.062626876,0.062873684,train,-0.02676887
2017-06-20,TLT,0.0020398654,-0.008592762,0.010632628,train,0.0728184
2017-06-21,EFA,-0.00015370788,-0.022737004,0.022583297,train,-0.019674262
2017-06-21,IWM,0.003793427,0.030573536,0.026780108,train,0.019462965
2017-06-21,SPY,-0.0004529573,0.040745873,0.04119883,train,0.062626876
2017-06-21,TLT,0.0021932526,-0.008961596,0.011154848,train,-0.008592762
2017-06-22,EFA,0.0024591342,-0.0053761955,0.0078353295,train,-0.022737004
2017-06-22,IWM,0.0066218157,-0.0072959494,0.013917765,train,0.030573536
2017-06-22,SPY,0.0011933522,-0.011374647,0.012567999,train,0.040745873
2017-06-22,TLT,-0.00046980087,-0.033539865,0.033070065,train,-0.008961596
2017-06-23,EFA,0.0016872241,0.064211756,0.062524535,train,-0.0053761955
2017-06-23,IWM,0.0012056335,0.1056007,0.10439507,train,-0.0072959494
2017-06-23,SPY,0.0006580916,0.003950596,0.0032925042,train,-0.011374647
2017-06-23,TLT,0.0037501177,-0.0040314198,0.0077815372,train,-0.033539865
2017-06-26,EFA,-0.00015332118,0.079465926,0.079619244,train,0.064211756
2017-06-26,IWM,-0.008828049,0.05897481,0.06780286,train,0.1056007
2017-06-26,SPY,-0.008088997,-0.045718554,0.03762956,train,0.003950596
2017-06-26,TLT,-0.010738868,-0.02971927,0.018980402,train,-0.0040314198
2017-06-27,EFA,0.00869902,-0.005362829,0.01406185,train,0.079465926
2017-06-27,IWM,0.0151867485,-0.008629106,0.023815855,train,0.05897481
2017-06-27,SPY,0.008910698,-0.00162898,0.010539678,train,-0.045718554
2017-06-27,TLT,-0.0033160232,-0.011487003,0.00817098,train,-0.02971927
2017-06-28,EFA,-0.009925834,0.0801184,0.09004424,train,-0.005362829
2017-06-28,IWM,-0.0059330342,0.09358268,0.099515714,train,-0.008629106
2017-06-28,SPY,-0.008827699,0.025617406,0.034445107,train,-0.00162898
2017-06-28,TLT,-0.008416718,0.1080233,0.11644002,train,-0.011487003
2017-06-29,EFA,0.0006135949,0.043571323,0.042957727,train,0.0801184
2017-06-29,IWM,-0.0015604276,-0.033957608,0.03239718,train,0.09358268
2017-06-29,SPY,0.0018627187,-0.047302768,0.049165487,train,0.025617406
2017-06-29,TLT,-0.0023147934,0.07360238,0.07591717,train,0.1080233
2017-06-30,EFA,-0.001227642,0.0410685,0.042296145,train,0.043571323
2017-06-30,IWM,0.008338978,0.011630051,0.0032910733,train,-0.033957608
2017-06-30,SPY,0.001694157,0.06749254,0.06579838,train,-0.047302768
2017-06-30,TLT,-0.003225245,0.08108335,0.084308594,train,0.07360238
2017-07-03,EFA,0.0,0.012388912,0.012388912,train,0.0410685
2017-07-03,IWM,-0.00359559,0.044203572,0.047799163,train,0.011630051
2017-07-03,SPY,0.0023093324,-0.0071706995,0.009480032,train,0.06749254
2017-07-03,TLT,0.00024139864,0.0024565384,0.0022151398,train,0.08108335
2017-07-05,EFA,-0.0044632857,0.112374835,0.11683812,train,0.012388912
2017-07-05,IWM,-0.0131444335,0.0015520472,0.014696481,train,0.044203572
2017-07-05,SPY,-0.00918659,0.06328843,0.072475016,train,-0.0071706995
2017-07-05,TLT,-0.008308284,0.08478707,0.093095355,train,0.0024565384
2017-07-06,EFA,0.00015421498,0.06817739,0.068023175,train,0.112374835
2017-07-06,IWM,0.009655796,-0.029042028,0.038697824,train,0.0015520472
2017-07-06,SPY,0.006464176,-0.019960243,0.02642442,train,0.06328843
2017-07-06,TLT,-0.006011868,-0.0067092497,0.0006973818,train,0.08478707
2017-07-07,EFA,0.0024644374,0.031376272,0.028911835,train,0.06817739
2017-07-07,IWM,-0.0043517253,0.011242036,0.015593762,train,-0.029042028
2017-07-07,SPY,0.0010732397,0.102481976,0.101408735,train,-0.019960243
2017-07-07,TLT,0.0014658939,-0.061539352,0.063005246,train,-0.0067092497
2017-07-10,EFA,0.0023053735,0.009419911,0.007114537,train,0.031376272
2017-07-10,IWM,0.002926598,0.034129314,0.031202717,train,0.011242036
2017-07-10,SPY,-0.0007428617,0.012221642,0.012964504,train,0.102481976
2017-07-10,TLT,0.001706749,-0.005008176,0.006714925,train,-0.061539352
2017-07-11,EFA,0.007949478,0.017056935,0.009107457,train,0.009419911
2017-07-11,IWM,0.0076687043,0.019842617,0.012173913,train,0.034129314
2017-07-11,SPY,0.007486996,0.015945032,0.008458037,train,0.012221642
2017-07-11,TLT,0.006880802,-0.03694985,0.04383065,train,-0.005008176
2017-07-12,EFA,0.002889324,0.047396474,0.04450715,train,0.017056935
2017-07-12,IWM,0.00084899284,0.0013995394,0.00055054657,train,0.019842617
2017-07-12,SPY,0.0016786113,0.021712873,0.020034261,train,0.015945032
2017-07-12,TLT,-0.006312217,0.026545957,0.032858174,train,-0.03694985
2017-07-13,EFA,0.0069601014,-0.058096826,0.06505693,train,0.047396474
2017-07-13,IWM,0.001694748,0.013357002,0.011662254,train,0.0013995394
2017-07-13,SPY,0.004653231,0.019709855,0.015056625,train,0.021712873
2017-07-13,TLT,0.0012171286,-0.016864756,0.018081885,train,0.026545957
2017-07-14,EFA,-0.0019621246,-0.037806425,0.0358443,train,-0.058096826
2017-07-14,IWM,0.0023252252,0.00934216,0.007016935,train,0.013357002
2017-07-14,SPY,-0.00012218767,0.0063278377,0.0064500254,train,0.019709855
2017-07-14,TLT,0.0027529183,-4.1543506e-05,0.0027944618,train,-0.016864756
2017-07-17,EFA,0.0009061599,-0.0028434843,0.0037496442,train,-0.037806425
2017-07-17,IWM,-0.0026072839,-0.037756413,0.03514913,train,0.00934216
2017-07-17,SPY,0.000529538,0.0026288852,0.0020993473,train,0.0063278377
2017-07-17,TLT,0.008695112,-0.02967107,0.03836618,train,-4.1543506e-05
2017-07-18,EFA,0.004367755,0.047330804,0.04296305,train,-0.0028434843
2017-07-18,IWM,0.009901522,0.036916267,0.027014745,train,-0.037756413
2017-07-18,SPY,0.0053993026,0.08492102,0.079521716,train,0.0026288852
2017-07-18,TLT,0.00040063748,-0.06133216,0.061732795,train,-0.02967107
2017-07-19,EFA,0.004049493,-0.0023725033,0.0064219963,train,0.047330804
2017-07-19,IWM,0.000698677,0.0017169602,0.0010182832,train,0.036916267
2017-07-19,SPY,0.00044527758,0.056117576,0.0556723,train,0.08492102
2017-07-19,TLT,0.0028805751,-0.04917825,0.052058823,train,-0.06133216
2017-07-20,EFA,-0.0038990933,0.012036219,0.015935313,train,-0.0023725033
2017-07-20,IWM,-0.0045492565,-0.038746454,0.034197196,train,0.0017169602
2017-07-20,SPY,-0.00089089497,0.05928103,0.060171925,train,0.056117576
2017-07-20,TLT,0.004225576,-0.05134666,0.055572234,train,-0.04917825
2017-07-21,EFA,-0.0027084423,0.041589625,0.044298068,train,0.012036219
2017-07-21,IWM,0.0014023704,0.021550722,0.020148352,train,-0.038746454
2017-07-21,SPY,-0.00024294194,0.05941754,0.05966048,train,0.05928103
2017-07-21,TLT,-0.0039063506,-0.058786638,0.054880287,train,-0.05134666
2017-07-24,EFA,0.0013550642,0.018129706,0.016774641,train,0.041589625
2017-07-24,IWM,0.009065483,-0.05269912,0.0617646,train,0.021550722
2017-07-24,SPY,0.0024279675,0.047983386,0.045555416,train,0.05941754
2017-07-24,TLT,-0.013104546,0.047064118,0.060168665,train,-0.058786638
2017-07-25,EFA,0.006150079,0.013737995,0.007587916,train,0.018129706
2017-07-25,IWM,-0.0055695004,-0.024903487,0.019333987,train,-0.05269912
2017-07-25,SPY,4.0231535e-05,0.057293728,0.057253495,train,0.047983386
2017-07-25,TLT,0.0016174187,0.06845179,0.066834375,train,0.047064118
2017-07-26,EFA,-0.0022457892,0.023589015,0.025834804,train,0.013737995
2017-07-26,IWM,-0.0063726096,0.020489732,0.026862342,train,-0.024903487
2017-07-26,SPY,-0.0009299032,0.016343594,0.017273497,train,0.057293728
2017-07-26,TLT,-0.004940843,0.026780881,0.031721726,train,0.06845179
2017-07-27,EFA,0.0010486773,0.026192099,0.025143422,train,0.023589015
2017-07-27,IWM,-0.0026729691,0.019455358,0.022128327,train,0.020489732
2017-07-27,SPY,-0.0011737635,0.052936696,0.05411046,train,0.016343594
2017-07-27,TLT,0.005909586,0.019289942,0.013380356,train,0.026780881
2017-07-28,EFA,0.002094208,-0.029831808,0.031926017,train,0.026192099
2017-07-28,IWM,-0.0031752563,0.018295843,0.0214711,train,0.019455358
2017-07-28,SPY,-0.00056726485,0.014762029,0.015329294,train,0.052936696
2017-07-28,TLT,0.0012106275,0.033559717,0.03234909,train,0.019289942
2017-07-31,EFA,0.0055127866,0.031336907,0.02582412,train,-0.029831808
2017-07-31,IWM,0.0019061358,-0.0068097375,0.008715874,train,0.018295843
2017-07-31,SPY,0.002226389,0.042363204,0.040136814,train,0.014762029
2017-07-31,TLT,0.0069961944,0.025600575,0.018604381,train,0.033559717
2017-08-01,EFA,0.0004456733,-0.032986417,0.033432093,train,0.031336907
2017-08-01,IWM,-0.010992716,-0.012166508,0.0011737915,train,-0.0068097375
2017-08-01,SPY,0.0004849841,-0.0026792735,0.0031642576,train,0.042363204
2017-08-01,TLT,0.00056116626,-0.050086517,0.050647683,train,0.025600575
2017-08-02,EFA,0.0005939709,-0.040445037,0.04103901,train,-0.032986417
2017-08-02,IWM,-0.0050041084,-0.07830473,0.07330062,train,-0.012166508
2017-08-02,SPY,-0.001941915,0.020888016,0.022829931,train,-0.0026792735
2017-08-02,TLT,0.01029127,0.03172739,0.021436118,train,-0.050086517
2017-08-03,EFA,0.001334964,-0.055658743,0.056993708,train,-0.040445037
2017-08-03,IWM,0.0048616105,-0.087003246,0.091864854,train,-0.07830473
2017-08-03,SPY,0.0018206558,-0.022505783,0.024326438,train,0.020888016
2017-08-03,TLT,-0.008528699,-0.039142996,0.030614298,train,0.03172739
2017-08-04,EFA,0.00044468924,-0.060514316,0.060959004,train,-0.055658743
2017-08-04,IWM,0.0016392836,0.018213907,0.016574623,train,-0.087003246
2017-08-04,SPY,0.001857648,0.0061682537,0.0043106056,train,-0.022505783
2017-08-04,TLT,0.0011201121,0.021722496,0.020602383,train,-0.039142996
2017-08-07,EFA,-0.0053486354,-0.07754234,0.072193705,train,-0.060514316
2017-08-07,IWM,-0.003138163,-0.08721891,0.08408075,train,0.018213907
2017-08-07,SPY,-0.0024640944,-0.0784934,0.07602931,train,0.0061682537
2017-08-07,TLT,-0.0036042847,0.042838942,0.046443228,train,0.021722496
2017-08-08,EFA,-0.0016399343,0.06861381,0.070253745,train,-0.07754234
2017-08-08,IWM,-0.008680264,0.04632572,0.055005986,train,-0.08721891
2017-08-08,SPY,-4.0188563e-05,0.036699846,0.036740035,train,-0.0784934
2017-08-08,TLT,0.005441656,0.019103004,0.013661347,train,0.042838942
2017-08-09,EFA,-0.01427619,0.05016522,0.06444141,train,0.06861381
2017-08-09,IWM,-0.018323824,-0.046627775,0.028303951,train,0.04632572
2017-08-09,SPY,-0.014215867,-0.046372004,0.032156136,train,0.036699846
2017-08-09,TLT,0.008503236,0.007079901,0.0014233347,train,0.019103004
2017-08-10,EFA,-0.0018179371,-0.040514506,0.03869657,train,0.05016522
2017-08-10,IWM,0.0014667022,-0.08144997,0.08291667,train,-0.046627775
2017-08-10,SPY,0.0014757562,-0.061123922,0.06259968,train,-0.046372004
2017-08-10,TLT,0.00047487326,-0.06230489,0.06277976,train,0.007079901
2017-08-11,EFA,0.0072519286,0.09664428,0.08939236,train,-0.040514506
2017-08-11,IWM,0.015053934,0.08287441,0.067820475,train,-0.08144997
2017-08-11,SPY,0.00986424,0.085127875,0.075263634,train,-0.061123922
2017-08-11,TLT,-0.005154637,-0.026188314,0.021033676,train,-0.06230489
2017-08-14,EFA,-0.0007529925,0.031442385,0.032195378,train,0.09664428
2017-08-14,IWM,-0.008262449,0.21915571,0.22741817,train,0.08287441
2017-08-14,SPY,-0.000121772784,0.03527724,0.035399012,train,0.085127875
2017-08-14,TLT,-0.0042225732,0.049652256,0.053874828,train,-0.026188314
2017-08-15,EFA,0.005708338,0.070396245,0.06468791,train,0.031442385
2017-08-15,IWM,0.00029092605,-0.022965536,0.023256462,train,0.21915571
2017-08-15,SPY,0.0017428631,0.075616,0.07387314,train,0.03527724
2017-08-15,TLT,0.0036660281,0.038431846,0.034765817,train,0.049652256
2017-08-16,EFA,-0.011297967,0.09382425,0.10512222,train,0.070396245
2017-08-16,IWM,-0.018431475,0.021158671,0.039590146,train,-0.022965536
2017-08-16,SPY,-0.01571352,0.06377229,0.07948581,train,0.075616
2017-08-16,TLT,0.0074497177,0.018179407,0.010729689,train,0.038431846
2017-08-17,EFA,0.0027231937,-0.118187934,0.12091113,train,0.09382425
2017-08-17,IWM,-7.407646e-05,-0.0052437633,0.005169687,train,0.021158671
2017-08-17,SPY,-0.0015643963,-0.062964976,0.06140058,train,0.06377229
2017-08-17,TLT,-0.0002369195,-0.019630697,0.019393777,train,0.018179407
2017-08-18,EFA,-0.00030216167,0.03616213,0.036464293,train,-0.118187934
2017-08-18,IWM,-0.0006669352,0.094467506,0.095134445,train,-0.0052437633
2017-08-18,SPY,0.0007824681,-0.008594006,0.009376475,train,-0.062964976
2017-08-18,TLT,0.0024451348,0.04508631,0.042641174,train,-0.019630697
2017-08-21,EFA,0.004824403,-0.0058790483,0.010703452,train,0.03616213
2017-08-21,IWM,0.010770053,0.0071588545,0.0036111982,train,0.094467506
2017-08-21,SPY,0.010402762,0.15458883,0.14418606,train,-0.008594006
2017-08-21,TLT,-0.0038680618,-0.008435518,0.0045674555,train,0.04508631
2017-08-22,EFA,0.00015036513,0.044916227,0.044765864,train,-0.0058790483
2017-08-22,IWM,-0.0016153492,0.034510173,0.036125522,train,0.0071588545
2017-08-22,SPY,-0.0035920294,0.20799525,0.21158728,train,0.15458883
2017-08-22,TLT,0.006779164,0.049626067,0.042846903,train,-0.008435518
2017-08-23,EFA,-0.0022582244,-0.004786646,0.0025284216,train,0.044916227
2017-08-23,IWM,0.0030818987,0.019885533,0.016803633,train,0.034510173
2017-08-23,SPY,-0.0023333507,-0.038107842,0.03577449,train,0.20799525
2017-08-23,TLT,-0.0036989783,-0.087888375,0.0841894,train,0.049626067
2017-08-24,EFA,0.006010538,-0.0054110372,0.011421575,train,-0.004786646
2017-08-24,IWM,0.0028532743,0.035448346,0.032595072,train,0.019885533
2017-08-24,SPY,0.0023333507,-0.077166274,0.079499625,train,-0.038107842
2017-08-24,TLT,0.003855656,0.03986347,0.036007814,train,-0.087888375
2017-08-25,EFA,0.0,-0.0074241534,0.0074241534,train,-0.0054110372
2017-08-25,IWM,0.0042279796,0.055896573,0.05166859,train,0.035448346
2017-08-25,SPY,4.098764e-05,0.050270706,0.050229717,train,-0.077166274
2017-08-25,TLT,-0.00062860927,-0.032052714,0.031424105,train,0.03986347
2017-08-28,EFA,-0.0040531405,-0.003229699,0.0008234414,train,-0.0074241534
2017-08-28,IWM,0.00021878669,0.06842755,0.06820876,train,0.055896573
2017-08-28,SPY,0.0011441908,-0.05125528,0.052399468,train,0.050270706
2017-08-28,TLT,0.0032171218,0.02837433,0.025157208,train,-0.032052714
2017-08-29,EFA,-0.0013545824,0.011244656,0.012599238,train,-0.003229699
2017-08-29,IWM,0.0063795606,-0.118065074,0.12444463,train,0.06842755
2017-08-29,SPY,0.0047264327,0.021391734,0.016665302,train,-0.05125528
2017-08-29,TLT,-0.00031355658,-0.023668442,0.023354886,train,0.02837433
2017-08-30,EFA,0.00765243,0.026401367,0.018748937,train,0.011244656
2017-08-30,IWM,0.009780439,-0.030269578,0.040050015,train,-0.118065074
2017-08-30,SPY,0.0059980336,0.031317525,0.02531949,train,0.021391734
2017-08-30,TLT,0.0029737279,-0.022738352,0.02571208,train,-0.023668442
2017-08-31,EFA,0.0013442631,0.08086668,0.079522416,train,0.026401367
2017-08-31,IWM,0.0056387046,0.004610669,0.0010280358,train,-0.030269578
2017-08-31,SPY,0.0014129446,-0.027671754,0.0290847,train,0.031317525
2017-08-31,TLT,-0.0076783877,-0.05119746,0.043519072,train,-0.022738352
2017-09-01,EFA,-0.0067399754,0.03198237,0.038722344,train,0.08086668
2017-09-01,IWM,-0.009653906,-0.04117746,0.03152355,train,0.004610669
2017-09-01,SPY,-0.0072079743,-0.005650066,0.0015579085,train,-0.027671754
2017-09-01,TLT,0.015733464,0.09785502,0.08212155,train,-0.05119746
2017-09-05,EFA,0.006142561,0.11425686,0.108114295,train,0.03198237
2017-09-05,IWM,0.002081804,-0.087515675,0.08959748,train,-0.04117746
2017-09-05,SPY,0.0034082092,0.002626948,0.00078126113,train,-0.005650066
2017-09-05,TLT,-0.0061541945,0.06520907,0.07136326,train,0.09785502
2017-09-06,EFA,0.008181712,0.049987406,0.041805692,train,0.11425686
2017-09-06,IWM,-0.002513348,0.032529272,0.03504262,train,-0.087515675
2017-09-06,SPY,-0.00012166596,0.042143174,0.042264838,train,0.002626948
2017-09-06,TLT,0.010184453,0.033036966,0.022852514,train,0.06520907
2017-09-07,EFA,0.00014796991,0.0324046,0.032256633,train,0.049987406
2017-09-07,IWM,0.00079074706,-0.08308083,0.08387157,train,0.032529272
2017-09-07,SPY,-0.0011753335,0.03577991,0.03695524,train,0.042143174
2017-09-07,TLT,-0.0021679187,0.047557447,0.049725365,train,0.033036966
2017-09-08,EFA,0.007820188,0.034136586,0.026316397,train,0.0324046
2017-09-08,IWM,0.0104322685,-0.09643006,0.10686233,train,-0.08308083
2017-09-08,SPY,0.010609821,-0.024953276,0.035563096,train,0.03577991
2017-09-08,TLT,-0.012010005,0.040821802,0.052831806,train,0.047557447
2017-09-11,EFA,0.0030815739,0.053104807,0.05002323,train,0.034136586
2017-09-11,IWM,0.0060947337,-0.013876848,0.019971581,train,-0.09643006
2017-09-11,SPY,0.0033645716,0.006531492,0.0031669203,train,-0.024953276
2017-09-11,TLT,-0.005270306,-0.00890388,0.0036335737,train,0.040821802
2017-09-12,EFA,-0.005435772,-0.0048272684,0.00060850335,train,0.053104807
2017-09-12,IWM,0.0029630307,-0.033061028,0.036024056,train,-0.013876848
2017-09-12,SPY,0.00047996966,0.05091934,0.05043937,train,0.006531492
2017-09-12,TLT,-0.003951479,0.034959093,0.03891057,train,-0.00890388
2017-09-13,EFA,0.0017660774,0.0851649,0.08339882,train,-0.0048272684
2017-09-13,IWM,-0.0009162292,0.010284781,0.011201011,train,-0.033061028
2017-09-13,SPY,-0.00031976795,0.030126702,0.03044647,train,0.05091934
2017-09-13,TLT,0.004108921,-0.025449805,0.029558726,train,0.034959093
2017-09-14,EFA,0.0008819065,0.049570113,0.048688207,train,0.0851649
2017-09-14,IWM,0.004081018,0.04317785,0.039096832,train,0.010284781
2017-09-14,SPY,0.0013451283,0.015258737,0.013913609,train,0.030126702
2017-09-14,TLT,0.00039437323,-0.085850716,0.08624509,train,-0.025449805
2017-09-15,EFA,0.0013217274,0.013677293,0.012355566,train,0.049570113
2017-09-15,IWM,0.0067881783,0.022179924,0.015391746,train,0.04317785
2017-09-15,SPY,0.0021246085,0.039542258,0.03741765,train,0.015258737
2017-09-15,TLT,-0.0057707108,-0.038268328,0.03249762,train,-0.085850716
2017-09-18,EFA,0.0046845647,-0.0061277375,0.010812302,train,0.013677293
2017-09-18,IWM,0.0,0.010402799,0.010402799,train,0.022179924
2017-09-18,SPY,0.0010005868,-0.04933691,0.050337497,train,0.039542258
2017-09-18,TLT,-0.0024610548,-0.009308558,0.006847503,train,-0.038268328
2017-09-19,EFA,-0.0021933955,0.009872332,0.012065727,train,-0.0061277375
2017-09-19,IWM,0.0032027464,-0.02622459,0.029427337,train,0.010402799
2017-09-19,SPY,0.00036010807,0.011662684,0.011302576,train,-0.04933691
2017-09-19,TLT,0.0007148663,-0.03744664,0.038161505,train,-0.009308558
2017-09-20,EFA,-0.002051125,0.08908669,0.09113781,train,0.009872332
2017-09-20,IWM,-0.0010432369,-0.05394029,0.05289705,train,-0.02622459
2017-09-20,SPY,-0.002683038,0.00973177,0.012414807,train,0.011662684
2017-09-20,TLT,-0.00055590324,-0.007230647,0.0066747437,train,-0.03744664
2017-09-21,EFA,0.0030756148,0.026769787,0.023694173,train,0.08908669
2017-09-21,IWM,0.004236582,-0.02336032,0.027596902,train,-0.05394029
2017-09-21,SPY,0.00020051809,0.028681844,0.028481327,train,0.00973177
2017-09-21,TLT,0.0028566404,0.009478028,0.006621388,train,-0.007230647
2017-09-22,EFA,-0.0057192924,-0.027852155,0.022132862,train,0.026769787
2017-09-22,IWM,0.0013850221,-0.06234736,0.063732386,train,-0.02336032
2017-09-22,SPY,-0.0020468524,-0.017333686,0.015286834,train,0.028681844
2017-09-22,TLT,0.006240242,-0.0003209794,0.0065612216,train,0.009478028
2017-09-25,EFA,-0.0022082112,0.117182605,0.119390815,train,-0.027852155
2017-09-25,IWM,0.0031792503,-0.06630938,0.06948863,train,-0.06234736
2017-09-25,SPY,0.0006024751,0.01870083,0.018098356,train,-0.017333686
2017-09-25,TLT,-0.001812753,-0.033700794,0.03188804,train,-0.0003209794
2017-09-26,EFA,0.00073668465,0.11578511,0.11504842,train,0.117182605
2017-09-26,IWM,0.01938048,-0.017207682,0.036588162,train,-0.06630938
2017-09-26,SPY,0.0038868682,-0.006469406,0.010356274,train,0.01870083
2017-09-26,TLT,-0.015182714,0.024071265,0.03925398,train,-0.033700794
2017-09-27,EFA,0.0026474213,0.049694702,0.04704728,train,0.11578511
2017-09-27,IWM,0.0026415235,-0.019469207,0.02211073,train,-0.017207682
2017-09-27,SPY,0.0011989173,-0.054503307,0.055702224,train,-0.006469406
2017-09-27,TLT,-0.00296741,-0.027823988,0.024856579,train,0.024071265
2017-09-28,EFA,0.0058583207,-0.019805392,0.025663713,train,0.049694702
2017-09-28,IWM,0.0023649943,0.008922834,0.00655784,train,-0.019469207
2017-09-28,SPY,0.0035090246,-0.022628486,0.02613751,train,-0.054503307
2017-09-28,TLT,0.0022466271,-0.0104333125,0.01267994,train,-0.027823988
2017-09-29,EFA,-0.0008765668,0.047254685,0.048131254,train,-0.019805392
2017-09-29,IWM,0.0122077055,-0.043226212,0.055433918,train,0.008922834
2017-09-29,SPY,0.0043296083,-0.0025750771,0.0069046854,train,-0.022628486
2017-09-29,TLT,-0.0018326854,0.067546144,0.06937883,train,-0.0104333125
2017-10-02,EFA,0.0033558889,-0.027684934,0.031040823,train,0.047254685
2017-10-02,IWM,0.0021975024,-0.049330786,0.05152829,train,-0.043226212
2017-10-02,SPY,0.0021373841,0.01580213,0.013664746,train,-0.0025750771
2017-10-02,TLT,0.00096465525,0.021670707,0.020706052,train,0.067546144
2017-10-03,EFA,-0.0018954664,-0.055577375,0.05368191,train,-0.027684934
2017-10-03,IWM,-0.0031982844,-0.009881195,0.00668291,train,-0.049330786
2017-10-03,SPY,0.0011857392,0.07452689,0.07334115,train,0.01580213
2017-10-03,TLT,8.07337e-05,0.0802917,0.08021097,train,0.021670707
2017-10-04,EFA,-0.0005838557,0.009419544,0.010003399,train,-0.055577375
2017-10-04,IWM,0.0027322674,-0.10928503,0.112017296,train,-0.009881195
2017-10-04,SPY,0.005907561,0.039214015,0.033306453,train,0.07452689
2017-10-04,TLT,-0.0037849664,-0.034811232,0.031026267,train,0.0802917
2017-10-05,EFA,-0.0007304429,0.0112534,0.011983843,train,0.009419544
2017-10-05,IWM,-0.0013983396,-0.049149465,0.047751125,train,-0.10928503
2017-10-05,SPY,-0.0011391954,0.04874184,0.049881034,train,0.039214015
2017-10-05,TLT,-0.0028284444,-0.016728044,0.013899599,train,-0.034811232
2017-10-06,EFA,0.00029218377,0.04337056,0.043078378,train,0.0112534
2017-10-06,IWM,-0.0041403463,-0.08163805,0.077497706,train,-0.049149465
2017-10-06,SPY,-0.0016526193,0.052097768,0.05375039,train,0.04874184
2017-10-06,TLT,0.003150826,-0.044029824,0.04718065,train,-0.016728044
2017-10-09,EFA,0.009451146,-0.057687953,0.0671391,train,0.04337056
2017-10-09,IWM,0.0028732363,-0.052419923,0.055293158,train,-0.08163805
2017-10-09,SPY,0.0026348557,0.0231103,0.020475445,train,0.052097768
2017-10-09,TLT,0.001612061,0.0072622765,0.0056502153,train,-0.044029824
2017-10-10,EFA,0.002457104,0.08759921,0.085142106,train,-0.057687953
2017-10-10,IWM,-0.0007346758,-0.06495513,0.06422045,train,-0.052419923
2017-10-10,SPY,0.0015697784,0.056518607,0.05494883,train,0.0231103
2017-10-10,TLT,0.0019306304,-0.13747667,0.13940729,train,0.0072622765
2017-10-11,EFA,-0.00086663663,0.0066080503,0.007474687,train,0.08759921
2017-10-11,IWM,-0.00073431013,0.025878541,0.026612852,train,-0.06495513
2017-10-11,SPY,-0.0014912959,0.060761727,0.062253024,train,0.056518607
2017-10-11,TLT,0.0042508673,-0.07307963,0.0773305,train,-0.13747667
2017-10-12,EFA,0.005188166,0.011472814,0.0062846476,train,0.0066080503
2017-10-12,IWM,-0.0018059245,-0.0056498647,0.0038439403,train,0.025878541
2017-10-12,SPY,0.0012167846,0.08418898,0.0829722,train,0.060761727
2017-10-12,TLT,0.0071767895,-0.015561067,0.022737857,train,-0.07307963
2017-10-13,EFA,-0.0007190652,0.00037408806,0.0010931533,train,0.011472814
2017-10-13,IWM,-0.0008705828,-0.008339837,0.0074692545,train,-0.0056498647
2017-10-13,SPY,0.0013325962,0.05760625,0.056273654,train,0.08418898
2017-10-13,TLT,-0.0007150664,-0.08821732,0.08750225,train,-0.015561067
2017-10-16,EFA,-0.002592301,0.023310658,0.025902959,train,0.00037408806
2017-10-16,IWM,-0.0028857584,-0.05593632,0.053050563,train,-0.008339837
2017-10-16,SPY,0.0007048138,0.025854945,0.025150131,train,0.05760625
2017-10-16,TLT,0.0012711823,-0.1061682,0.107439384,train,-0.08821732
2017-10-17,EFA,0.0028802576,0.061486617,0.05860636,train,0.023310658
2017-10-17,IWM,0.0047599976,-0.055700853,0.06046085,train,-0.05593632
2017-10-17,SPY,0.000978349,0.05911898,0.058140628,train,0.025854945
2017-10-17,TLT,-0.0066131325,-0.02854899,0.021935858,train,-0.1061682
2017-10-18,EFA,-0.0015831256,0.074015595,0.075598724,train,0.061486617
2017-10-18,IWM,-0.0015395106,-0.14701004,0.14547053,train,-0.055700853
2017-10-18,SPY,0.00027348095,0.084717825,0.084444344,train,0.05911898
2017-10-18,TLT,0.0017573115,0.016278407,0.014521095,train,-0.02854899
2017-10-19,EFA,-0.001297132,0.024438161,0.025735293,train,0.074015595
2017-10-19,IWM,0.0046108747,-0.13522919,0.13984007,train,-0.14701004
2017-10-19,SPY,0.005147374,0.061482795,0.05633542,train,0.084717825
2017-10-19,TLT,-0.010670643,0.029569143,0.04023979,train,0.016278407
2017-10-20,EFA,-0.0021655618,0.07782063,0.07998619,train,0.024438161
2017-10-20,IWM,-0.00749578,-0.09635954,0.08886376,train,-0.13522919
2017-10-20,SPY,-0.003897041,-0.066916496,0.063019454,train,0.061482795
2017-10-20,TLT,0.0017730311,0.0079345405,0.0061615095,train,0.029569143
2017-10-23,EFA,0.0015884709,0.012356751,0.010768279,train,0.07782063
2017-10-23,IWM,0.002080528,-0.08659925,0.08867978,train,-0.09635954
2017-10-23,SPY,0.0017554702,0.057130955,0.055375487,train,-0.066916496
2017-10-23,TLT,-0.0062189423,-0.010820052,0.0046011093,train,0.0079345405
2017-10-24,EFA,-0.0039035652,0.03123035,0.035133913,train,0.012356751
2017-10-24,IWM,-0.004838414,-0.08562532,0.080786906,train,-0.08659925
2017-10-24,SPY,-0.0049624466,0.025411062,0.030373508,train,0.057130955
2017-10-24,TLT,-0.004791662,-0.02790409,0.023112427,train,-0.010820052
2017-10-25,EFA,-0.00014499603,0.07140837,0.071553364,train,0.03123035
2017-10-25,IWM,0.0020862678,-0.02096136,0.023047626,train,-0.08562532
2017-10-25,SPY,0.0012918022,-0.07277689,0.074068695,train,0.025411062
2017-10-25,TLT,-0.003343069,-0.008269861,0.0049267923,train,-0.02790409
2017-10-26,EFA,0.0023155005,0.042332195,0.040016696,train,0.07140837
2017-10-26,IWM,0.006900148,-0.101485744,0.10838589,train,-0.02096136
2017-10-26,SPY,0.008142956,-0.021936297,0.030079253,train,-0.07277689
2017-10-26,TLT,0.006594367,-0.046678476,0.053272843,train,-0.008269861
2017-10-27,EFA,0.0023101515,0.07487767,0.07256752,train,0.042332195
2017-10-27,IWM,-0.01060436,-0.05712354,0.046519183,train,-0.101485744
2017-10-27,SPY,-0.0037319988,-0.060240768,0.05650877,train,-0.021936297
2017-10-27,TLT,0.009528967,0.04255709,0.033028126,train,-0.046678476
2017-10-30,EFA,0.004173591,-0.03476841,0.038942,train,0.07487767
2017-10-30,IWM,0.0070597306,-0.036527947,0.043587677,train,-0.05712354
2017-10-30,SPY,0.0015566981,0.02060029,0.01904359,train,-0.060240768
2017-10-30,TLT,0.00032160347,0.071101025,0.07077942,train,0.04255709
2017-10-31,EFA,0.001004802,0.024244372,0.02323957,train,-0.03476841
2017-10-31,IWM,-0.0066547985,-0.016179018,0.009524219,train,-0.036527947
2017-10-31,SPY,0.0013211356,0.028201632,0.026880497,train,0.02060029
2017-10-31,TLT,0.0044425395,-0.009191429,0.013633968,train,0.071101025
2017-11-01,EFA,0.0030085028,-0.036146484,0.039154988,train,0.024244372
2017-11-01,IWM,0.0029634736,-0.04152225,0.04448572,train,-0.016179018
2017-11-01,SPY,0.0003883167,0.018745095,0.018356778,train,0.028201632
2017-11-01,TLT,0.0043992247,-0.13932225,0.14372148,train,-0.009191429
2017-11-02,EFA,-0.0015745994,-0.08046632,0.078891724,train,-0.036146484
2017-11-02,IWM,-0.00067263714,0.013445996,0.014118633,train,-0.04152225
2017-11-02,SPY,0.0033333136,0.051349927,0.04801661,train,0.018745095
2017-11-02,TLT,0.0027099883,-0.06826525,0.07097524,train,-0.13932225
2017-11-03,EFA,0.0014312179,-0.060117535,0.061548755,train,-0.08046632
2017-11-03,IWM,0.0011431685,-0.053678647,0.054821815,train,0.013445996
2017-11-03,SPY,0.0015463993,-0.001305081,0.0028514802,train,0.051349927
2017-11-03,TLT,0.003733684,-0.093497604,0.09723129,train,-0.06826525
2017-11-06,EFA,-0.003726409,-0.06189949,0.058173083,train,-0.060117535
2017-11-06,IWM,-0.012036274,-0.09452906,0.08249279,train,-0.053678647
2017-11-06,SPY,-0.0006956745,0.010396019,0.011091693,train,-0.001305081
2017-11-06,TLT,0.004193691,-0.12360112,0.12779482,train,-0.093497604
2017-11-07,EFA,0.0032972656,0.020358432,0.017061166,train,-0.06189949
2017-11-07,IWM,0.0013595416,-0.06519471,0.066554256,train,-0.09452906
2017-11-07,SPY,0.0016994828,0.055612527,0.053913046,train,0.010396019
2017-11-07,TLT,-0.0022132343,-0.10427125,0.102058016,train,-0.12360112
2017-11-08,EFA,-0.0057413694,-0.0038502738,0.0018910957,train,0.020358432
2017-11-08,IWM,-0.0035387292,0.001413621,0.00495235,train,-0.06519471
2017-11-08,SPY,-0.0036343879,0.006055884,0.009690272,train,0.055612527
2017-11-08,TLT,-0.0028529128,-0.04274313,0.03989022,train,-0.10427125
2017-11-09,EFA,-0.0027386209,0.15122403,0.15396266,train,-0.0038502738
2017-11-09,IWM,-0.0007506093,-0.022656415,0.021905806,train,0.001413621
2017-11-09,SPY,-0.00030980865,-0.0010988824,0.00078907376,train,0.006055884
2017-11-09,TLT,-0.015194375,-0.028465766,0.013271391,train,-0.04274313
2017-11-10,EFA,-0.0041947197,-0.033162,0.028967282,train,0.15122403
2017-11-10,IWM,0.00027322414,-0.08759322,0.08786645,train,-0.022656415
2017-11-10,SPY,0.0009293399,0.0061972737,0.005267934,train,-0.0010988824
2017-11-10,TLT,0.0020928646,0.05748876,0.055395897,train,-0.028465766
2017-11-13,EFA,-0.0007247563,0.08886308,0.08958784,train,-0.033162
2017-11-13,IWM,-0.0027321302,-0.05597639,0.05324426,train,-0.08759322
2017-11-13,SPY,-0.0023251397,-0.04472767,0.04240253,train,0.0061972737
2017-11-13,TLT,0.0067319423,0.013679411,0.006947469,train,0.05748876
2017-11-14,EFA,-0.0047986293,0.08760655,0.09240518,train,0.08886308
2017-11-14,IWM,-0.0039747204,-0.13359326,0.12961854,train,-0.05597639
2017-11-14,SPY,-0.0050178566,0.0042538345,0.009271691,train,-0.04472767
2017-11-14,TLT,0.010804057,0.041841686,0.031037629,train,0.013679411
2017-11-15,EFA,0.007984402,0.057532273,0.049547873,train,0.08760655
2017-11-15,IWM,0.014587732,-0.10842123,0.12300896,train,-0.13359326
2017-11-15,SPY,0.008465075,-0.038980752,0.047445826,train,0.0042538345
2017-11-15,TLT,-0.008729408,-0.00060556456,0.008123843,train,0.041841686
2017-11-16,EFA,-0.0036212495,0.0793224,0.08294365,train,0.057532273
2017-11-16,IWM,0.0045909737,0.04682917,0.0422382,train,-0.10842123
2017-11-16,SPY,-0.002943007,-0.057789207,0.0548462,train,-0.038980752
2017-11-16,TLT,0.007385067,0.026308034,0.018922966,train,-0.00060556456
2017-11-17,EFA,0.0021742804,0.040945996,0.038771715,train,0.0793224
2017-11-17,IWM,0.007249493,-0.021542478,0.028791972,train,0.04682917
2017-11-17,SPY,0.0017050186,-0.05958353,0.061288547,train,-0.057789207
2017-11-17,TLT,-0.00039527233,0.020227235,0.020622507,train,0.026308034
2017-11-20,EFA,0.0075015784,0.05532457,0.04782299,train,0.040945996
2017-11-20,IWM,0.01037825,-0.0033140108,0.013692261,train,-0.021542478
2017-11-20,SPY,0.0065212925,-0.0019259006,0.008447193,train,-0.05958353
2017-11-20,TLT,0.0031606993,0.014938254,0.011777555,train,0.020227235
2017-11-21,EFA,0.002726618,0.050689362,0.047962744,train,0.05532457
2017-11-21,IWM,-0.0013246275,-0.05650331,0.055178683,train,-0.0033140108
2017-11-21,SPY,-0.00088473567,-0.038055655,0.03717092,train,-0.0019259006
2017-11-21,TLT,0.0032294162,-0.03203536,0.035264775,train,0.014938254
2017-11-22,EFA,0.008136646,0.02007227,0.011935624,train,0.050689362
2017-11-22,IWM,0.00039762864,0.017992567,0.01759494,train,-0.05650331
2017-11-22,SPY,0.0023067894,0.014745675,0.012438886,train,-0.038055655
2017-11-22,TLT,-0.0027560426,0.001327049,0.0040830914,train,-0.03203536
2017-11-24,EFA,-0.0059887855,-0.012110125,0.0061213397,train,0.02007227
2017-11-24,IWM,-0.0030515965,-0.0043120757,0.0012604792,train,0.017992567
2017-11-24,SPY,-0.000499235,-0.020491302,0.019992067,train,0.014745675
2017-11-24,TLT,-0.001420109,-0.010425683,0.0090055745,train,0.001327049
2017-11-27,EFA,0.0057045235,0.0058009066,9.638304e-05,train,-0.012110125
2017-11-27,IWM,0.015625337,0.046945743,0.031320408,train,-0.0043120757
2017-11-27,SPY,0.010093542,-0.010594465,0.020688007,train,-0.020491302
2017-11-27,TLT,0.0013413682,-0.14699131,0.14833269,train,-0.010425683
2017-11-28,EFA,-0.003989368,0.0071447454,0.011134114,train,0.0058009066
2017-11-28,IWM,0.0033307308,-0.12291473,0.12624547,train,0.046945743
2017-11-28,SPY,-0.000608762,-0.054668486,0.054059725,train,-0.010594465
2017-11-28,TLT,-0.009908163,-0.12749599,0.11758783,train,-0.14699131
2017-11-29,EFA,0.0009985024,0.056147497,0.055148996,train,0.0071447454
2017-11-29,IWM,0.0018241464,-0.10468875,0.1065129,train,-0.12291473
2017-11-29,SPY,0.008717019,0.0062264055,0.0024906136,train,-0.054668486
2017-11-29,TLT,-0.0033505375,-0.0312073,0.027856763,train,-0.12749599
2017-11-30,EFA,-0.0040017636,0.040840685,0.044842448,train,0.056147497
2017-11-30,IWM,-0.0041086865,-0.07954387,0.075435184,train,-0.10468875
2017-11-30,SPY,-0.0020774666,-0.07723158,0.07515411,train,0.0062264055
2017-11-30,TLT,0.013403877,-0.036917686,0.050321564,train,-0.0312073
2017-12-01,EFA,-0.003586372,0.13303372,0.13662009,train,0.040840685
2017-12-01,IWM,-0.0037318107,-0.118917376,0.115185566,train,-0.07954387
2017-12-01,SPY,-0.0012109624,-0.09207591,0.09086494,train,-0.07723158
2017-12-01,TLT,0.00047471173,0.0033353195,0.0028606078,train,-0.036917686
2017-12-04,EFA,-0.0021581547,0.044016097,0.04617425,train,0.13303372
2017-12-04,IWM,-0.010020458,-0.004653439,0.005367019,train,-0.118917376
2017-12-04,SPY,-0.0036030847,0.011627838,0.015230923,train,-0.09207591
2017-12-04,TLT,0.004962835,0.07359326,0.06863043,train,0.0033353195
2017-12-05,EFA,-0.0020185122,-0.036297753,0.034279242,train,0.044016097
2017-12-05,IWM,-0.004715762,0.052930705,0.05764647,train,-0.004653439
2017-12-05,SPY,0.00019020325,0.02204711,0.021856906,train,0.011627838
2017-12-05,TLT,0.0034520132,0.028344652,0.02489264,train,0.07359326
2017-12-06,EFA,0.0025943816,-0.062176026,0.06477041,train,-0.036297753
2017-12-06,IWM,0.0069655976,0.06517754,0.05821194,train,0.052930705
2017-12-06,SPY,0.003148047,0.023678046,0.020529998,train,0.02204711
2017-12-06,TLT,-0.007862617,0.028344152,0.03620677,train,0.028344652
2017-12-07,EFA,0.0053119715,0.020563038,0.015251067,train,-0.062176026
2017-12-07,IWM,0.0009253746,0.08252959,0.08160421,train,0.06517754
2017-12-07,SPY,0.005438209,-0.043660603,0.049098812,train,0.023678046
2017-12-07,TLT,7.8496894e-05,0.101870745,0.101792246,train,0.028344152
2017-12-08,EFA,0.002573766,0.020844579,0.018270813,train,0.020563038
2017-12-08,IWM,-0.00039630837,0.024743337,0.025139645,train,0.08252959
2017-12-08,SPY,0.0030084897,-0.020507306,0.023515796,train,-0.043660603
2017-12-08,TLT,-0.0020542478,0.02171123,0.023765478,train,0.101870745
2017-12-11,EFA,0.0012846834,0.01916473,0.017880047,train,0.020844579
2017-12-11,IWM,-0.0031104416,0.062726125,0.06583656,train,0.024743337
2017-12-11,SPY,0.0017633316,-0.011363752,0.013127084,train,-0.020507306
2017-12-11,TLT,-0.00039510208,-0.02000324,0.019608138,train,0.02171123
2017-12-12,EFA,0.003843619,-0.007312348,0.011155967,train,0.01916473
2017-12-12,IWM,0.0059471685,0.012446158,0.006498989,train,0.062726125
2017-12-12,SPY,-0.00011236875,0.047407515,0.047519885,train,-0.011363752
2017-12-12,TLT,0.0074886754,-0.07077447,0.07826315,train,-0.02000324
2017-12-13,EFA,-0.00555671,-0.06566924,0.06011253,train,-0.007312348
2017-12-13,IWM,-0.011130335,0.019067211,0.030197546,train,0.012446158
2017-12-13,SPY,-0.0040947855,0.022823028,0.026917813,train,0.047407515
2017-12-13,TLT,0.0042321607,-0.09314309,0.09737525,train,-0.07077447
2017-12-14,EFA,-0.00028582412,-0.037660487,0.037374664,train,-0.06566924
2017-12-14,IWM,0.014156815,-0.11954652,0.13370334,train,0.019067211
2017-12-14,SPY,0.008292892,-0.010530286,0.018823177,train,0.022823028
2017-12-14,TLT,0.0037465687,-0.07148865,0.07523522,train,-0.09314309
2017-12-15,EFA,0.011792572,0.030016586,0.018224014,train,-0.037660487
2017-12-15,IWM,0.013440295,0.07410383,0.060663536,train,-0.11954652
2017-12-15,SPY,0.0063213506,-0.082084455,0.0884058,train,-0.010530286
2017-12-15,TLT,-0.0091571,-0.03600331,0.026846211,train,-0.07148865
2017-12-18,EFA,-0.003674983,0.06575091,0.069425896,train,0.030016586
2017-12-18,IWM,-0.007938151,0.0053150086,0.01325316,train,0.07410383
2017-12-18,SPY,-0.0038480512,-0.035643116,0.031795066,train,-0.082084455
2017-12-18,TLT,-0.0130589185,0.09149504,0.10455395,train,-0.03600331
2017-12-19,EFA,-0.0017209733,0.11042082,0.112141795,train,0.06575091
2017-12-19,IWM,0.0019580612,0.034645543,0.03268748,train,0.0053150086
2017-12-19,SPY,-0.00052404404,0.056016847,0.05654089,train,-0.035643116
2017-12-19,TLT,-0.011134682,-0.07036178,0.059227094,train,0.09149504
2017-12-20,EFA,0.0035814515,0.0052582845,0.001676833,train,0.11042082
2017-12-20,IWM,0.004368437,0.021027192,0.016658755,train,0.034645543
2017-12-20,SPY,0.0020575726,0.044286836,0.042229265,train,0.056016847
2017-12-20,TLT,0.0058114026,-0.08282178,0.08863318,train,-0.07036178
2017-12-21,EFA,0.0025706869,0.046658386,0.0440877,train,0.0052582845
2017-12-21,IWM,-0.0018263289,0.019583298,0.021409627,train,0.021027192
2017-12-21,SPY,-0.0002613923,0.07394354,0.07420493,train,0.044286836
2017-12-21,TLT,0.0013633716,0.038152732,0.03678936,train,-0.08282178
2017-12-22,EFA,-0.00028525182,0.05357475,0.05386,train,0.046658386
2017-12-22,IWM,0.0005874178,0.042284824,0.041697405,train,0.019583298
2017-12-22,SPY,-0.0011972676,0.061247483,0.06244475,train,0.07394354
2017-12-22,TLT,0.002960942,-0.02229337,0.025254313,train,0.038152732
2017-12-26,EFA,0.0018531339,0.035093024,0.03323989,train,0.05357475
2017-12-26,IWM,-0.0009791846,-0.010618532,0.009639347,train,0.042284824
2017-12-26,SPY,0.00048667198,0.03387209,0.03338542,train,0.061247483
2017-12-26,TLT,0.012941505,-0.005208399,0.018149905,train,-0.02229337
2017-12-27,EFA,0.00056929735,0.0731432,0.0725739,train,0.035093024
2017-12-27,IWM,0.0039109993,-0.024049096,0.027960096,train,-0.010618532
2017-12-27,SPY,0.0020553425,0.10104505,0.09898971,train,0.03387209
2017-12-27,TLT,-0.00086824916,-0.09466226,0.09379401,train,-0.005208399
2017-12-28,EFA,0.00071149453,0.013636429,0.012924935,test,0.0731432
2017-12-28,IWM,-0.00829569,-0.07101595,0.062720254,test,-0.024049096
2017-12-28,SPY,-0.0037779042,0.036650807,0.04042871,test,0.10104505
2017-12-28,TLT,0.0015774218,-0.01616611,0.017743532,test,-0.09466226
2017-12-29,EFA,0.0073684948,-0.022381358,0.029749852,test,0.013636429
2017-12-29,IWM,0.0094009135,0.017493842,0.008092929,test,-0.07101595
2017-12-29,SPY,0.007131849,-0.016168058,0.023299906,test,0.036650807
2017-12-29,TLT,-0.0108575355,-0.08381115,0.07295361,test,-0.01616611
2018-01-02,EFA,0.0047887787,0.022762485,0.017973706,test,-0.022381358
2018-01-02,IWM,0.0010388192,-0.044391826,0.045430645,test,0.017493842
2018-01-02,SPY,0.006305247,-0.051702175,0.058007423,test,-0.016168058
2018-01-02,TLT,0.0047697546,-0.15322845,0.1579982,test,-0.08381115
2018-01-03,EFA,0.010900129,0.040645987,0.029745858,test,0.022762485
2018-01-03,IWM,0.0026580628,0.029727384,0.02706932,test,-0.044391826
2018-01-03,SPY,0.0042064292,-0.014269467,0.018475898,test,-0.051702175
2018-01-03,TLT,-0.00015840275,0.07905916,0.07921756,test,-0.15322845
2018-01-04,EFA,0.0055439635,-0.0017418005,0.007285764,test,0.040645987
2018-01-04,IWM,0.0020692328,0.007695593,0.00562636,test,0.029727384
2018-01-04,SPY,0.0066416343,0.019466273,0.01282464,test,-0.014269467
2018-01-04,TLT,-0.0028599722,0.001154298,0.0040142704,test,0.07905916
2018-01-05,EFA,-0.00027648621,-0.012279846,0.012003359,test,-0.0017418005
2018-01-05,IWM,0.0015494734,0.052040458,0.050490983,test,0.007695593
2018-01-05,SPY,0.0018268264,0.00021146983,0.0016153565,test,0.019466273
2018-01-05,TLT,-0.00063667016,0.023371495,0.024008166,test,0.001154298
2018-01-08,EFA,0.0011055536,0.004911773,0.0038062194,test,-0.012279846
2018-01-08,IWM,-0.00135529,0.050655186,0.052010477,test,0.052040458
2018-01-08,SPY,0.0022610754,0.014695317,0.012434241,test,0.00021146983
2018-01-08,TLT,-0.013462561,-0.01771345,0.0042508887,test,0.023371495
2018-01-09,EFA,-0.001935404,-0.0045202,0.0025847962,test,0.004911773
2018-01-09,IWM,0.00012885334,-0.013247557,0.01337641,test,0.050655186
2018-01-09,SPY,-0.0015308242,0.08550806,0.08703889,test,0.014695317
2018-01-09,TLT,-0.0012111416,0.0044212416,0.0056323833,test,-0.01771345
2018-01-10,EFA,0.0068944907,-0.05173113,0.05862562,test,-0.0045202
2018-01-10,IWM,0.017033227,0.008320473,0.008712754,test,-0.013247557
2018-01-10,SPY,0.0072691995,0.11594118,0.108671986,test,0.08550806
2018-01-10,TLT,0.004111355,0.00830486,0.0041935053,test,0.0044212416
2018-01-11,EFA,0.009981732,-0.057045557,0.067027286,test,-0.05173113
2018-01-11,IWM,0.0041818223,0.03003474,0.025852917,test,0.008320473
2018-01-11,SPY,0.0064980513,0.008835673,0.002337622,test,0.11594118
2018-01-11,TLT,0.0016883002,0.051368978,0.049680676,test,0.00830486
2018-01-12,EFA,-0.00095275074,-0.043354113,0.042401362,test,-0.057045557
2018-01-12,IWM,-0.012854243,0.024760311,0.037614554,test,0.03003474
2018-01-12,SPY,-0.0034239753,-0.042697422,0.03927345,test,0.008835673
2018-01-12,TLT,0.0041669933,0.077106774,0.07293978,test,0.051368978
2018-01-16,EFA,0.0051615178,-0.117853776,0.12301529,test,-0.043354113
2018-01-16,IWM,0.009433966,0.074200384,0.06476642,test,0.024760311
2018-01-16,SPY,0.009486216,-0.012553766,0.022039983,test,-0.042697422
2018-01-16,TLT,-0.0013607326,0.08183015,0.08319088,test,0.077106774
2018-01-17,EFA,-0.001220087,-0.083469555,0.08224947,test,-0.117853776
2018-01-17,IWM,-0.006875526,-0.012932213,0.006056687,test,0.074200384
2018-01-17,SPY,-0.0016822752,-0.06286412,0.061181843,test,-0.012553766
2018-01-17,TLT,-0.009333012,0.04151237,0.05084538,test,0.08183015
2018-01-18,EFA,0.005546391,-0.06673525,0.072281644,test,-0.083469555
2018-01-18,IWM,0.0130736455,0.043764267,0.030690622,test,-0.012932213
2018-01-18,SPY,0.004539191,-0.07037361,0.0749128,test,-0.06286412
2018-01-18,TLT,-0.0052681244,-0.00367577,0.0015923544,test,0.04151237
2018-01-19,EFA,0.0051130326,-0.055681653,0.060794685,test,-0.06673525
2018-01-19,IWM,0.0053452984,-0.007885447,0.013230745,test,0.043764267
2018-01-19,SPY,0.008098356,-0.12756813,0.13566649,test,-0.07037361
2018-01-19,TLT,0.0009745123,-0.0012507737,0.0022252859,test,-0.00367577
2018-01-22,EFA,0.00321577,-0.09537743,0.0985932,test,-0.055681653
2018-01-22,IWM,0.0031933915,0.007417299,0.0042239074,test,-0.007885447
2018-01-22,SPY,0.0021202748,-0.12137608,0.12349635,test,-0.12756813
2018-01-22,TLT,0.0042936117,0.0077806804,0.0034870687,test,-0.0012507737
2018-01-23,EFA,0.0017377078,-0.06005059,0.0617883,test,-0.09537743
2018-01-23,IWM,-0.006208006,0.027963422,0.03417143,test,0.007417299
2018-01-23,SPY,-0.00038889455,-0.097033806,0.09664491,test,-0.12137608
2018-01-23,TLT,-0.0054305056,-0.095876455,0.09044595,test,0.0077806804
2018-01-24,EFA,-0.0038805136,-0.010815736,0.006935222,test,-0.06005059
2018-01-24,IWM,0.0003769527,0.016162056,0.015785104,test,0.027963422
2018-01-24,SPY,0.0004240469,-0.14036536,0.1407894,test,-0.097033806
2018-01-24,TLT,0.008175047,-0.0065687057,0.014743753,test,-0.095876455
2018-01-25,EFA,0.008809446,-0.0675949,0.07640435,test,-0.010815736
2018-01-25,IWM,0.0035778414,0.054537915,0.05096007,test,0.016162056
2018-01-25,SPY,0.011511355,-0.03723277,0.048744127,test,-0.14036536
2018-01-25,TLT,-0.003715109,0.009569782,0.013284891,test,-0.0065687057
2018-01-26,EFA,-0.00921142,-0.054064937,0.044853516,test,-0.0675949
2018-01-26,IWM,-0.0056552347,0.061573666,0.0672289,test,0.054537915
2018-01-26,SPY,-0.006651977,-0.1002616,0.09360962,test,-0.03723277
2018-01-26,TLT,-0.0069831144,-0.034043506,0.027060391,test,0.009569782
2018-01-29,EFA,-0.00835064,0.03335452,0.04170516,test,-0.054064937
2018-01-29,IWM,-0.009623716,0.085899085,0.0955228,test,0.061573666
2018-01-29,SPY,-0.010310279,-0.04575208,0.0354418,test,-0.1002616
2018-01-29,TLT,-0.005883319,0.035534196,0.041417513,test,-0.034043506
2018-01-30,EFA,-0.0013531031,-0.14719634,0.14584324,test,0.03335452
2018-01-30,IWM,-0.0052305427,0.025709968,0.03094051,test,0.085899085
2018-01-30,SPY,0.0004965933,-0.06366426,0.06416085,test,-0.04575208
2018-01-30,TLT,0.005883319,0.047613364,0.041730046,test,0.035534196
2018-01-31,EFA,0.0028399627,-0.06730345,0.07014341,test,-0.14719634
2018-01-31,IWM,0.003128888,0.0846044,0.08147551,test,0.025709968
2018-01-31,SPY,-0.0011354417,-0.070752695,0.06961726,test,-0.06366426
2018-01-31,TLT,-0.014598468,0.05139958,0.06599805,test,0.047613364
2018-02-01,EFA,-0.020464601,-0.043263763,0.022799162,test,-0.06730345
2018-02-01,IWM,-0.01944183,-0.024860956,0.005419126,test,0.0846044
2018-02-01,SPY,-0.022010619,-0.032238454,0.010227835,test,-0.070752695
2018-02-01,TLT,-0.009322434,0.0011314228,0.010453857,test,0.05139958
2018-02-02,EFA,-0.04280526,-0.07493952,0.03213426,test,-0.043263763
2018-02-02,IWM,-0.039176505,-0.1804016,0.14122508,test,-0.024860956
2018-02-02,SPY,-0.04272216,-0.027433783,0.015288379,test,-0.032238454
2018-02-02,TLT,0.009405585,0.07692994,0.06752436,test,0.0011314228
2018-02-05,EFA,0.01951742,-0.25338292,0.27290034,test,-0.07493952
2018-02-05,IWM,0.0118948715,-0.12771606,0.13961093,test,-0.1804016
2018-02-05,SPY,0.019510783,0.17562887,0.1561181,test,-0.027433783
2018-02-05,TLT,-0.006232847,0.19501476,0.2012476,test,0.07692994
2018-02-06,EFA,-0.0106377015,-0.25481588,0.24417818,test,-0.25338292
2018-02-06,IWM,0.0010014502,-0.12482993,0.12583138,test,-0.12771606
2018-02-06,SPY,-0.005439815,-0.620503,0.6150632,test,0.17562887
2018-02-06,TLT,-0.009548493,0.067722216,0.07727071,test,0.19501476
2018-02-07,EFA,-0.026440691,0.0035678372,0.030008528,test,-0.25481588
2018-02-07,IWM,-0.029804548,-0.07664439,0.04683984,test,-0.12482993
2018-02-07,SPY,-0.038230203,0.036284164,0.07451437,test,-0.620503
2018-02-07,TLT,-0.0010947628,0.058974814,0.060069576,test,0.067722216
2018-02-08,EFA,0.0042368444,-0.06717818,0.07141503,test,0.0035678372
2018-02-08,IWM,0.009102927,0.019679314,0.010576387,test,-0.07664439
2018-02-08,SPY,0.014909496,0.28043813,0.26552862,test,0.036284164
2018-02-08,TLT,-0.006338857,0.15376684,0.1601057,test,0.058974814
2018-02-09,EFA,0.015192361,-0.09040065,0.10559301,test,-0.06717818
2018-02-09,IWM,0.00942645,0.10173614,0.09230969,test,0.019679314
2018-02-09,SPY,0.014578007,-0.19001777,0.20459577,test,0.28043813
2018-02-09,TLT,0.0043992144,0.13705234,0.13265313,test,0.15376684
2018-02-12,EFA,-0.0030199375,-0.079891875,0.07687194,test,-0.09040065
2018-02-12,IWM,0.0021573782,-0.15044819,0.15260556,test,0.10173614
2018-02-12,SPY,0.0024841265,-0.011018187,0.013502313,test,-0.19001777
2018-02-12,TLT,0.004463977,0.13050178,0.1260378,test,0.13705234
2018-02-13,EFA,0.01756051,-0.042284846,0.059845358,test,-0.079891875
2018-02-13,IWM,0.017822275,-0.103906445,0.12172872,test,-0.15044819
2018-02-13,SPY,0.013405792,0.0669601,0.053554304,test,-0.011018187
2018-02-13,TLT,-0.011155329,0.105983496,0.117138825,test,0.13050178
2018-02-14,EFA,0.0062075984,0.022303067,0.016095469,test,-0.042284846
2018-02-14,IWM,0.010857532,0.12163685,0.11077932,test,-0.103906445
2018-02-14,SPY,0.012679467,0.00033318996,0.012346277,test,0.0669601
2018-02-14,TLT,0.0033936957,0.04316751,0.039773814,test,0.105983496
2018-02-15,EFA,0.004490697,-0.23747298,0.24196368,test,0.022303067
2018-02-15,IWM,0.0035275365,-0.14232154,0.14584908,test,0.12163685
2018-02-15,SPY,0.00029295214,-0.052823916,0.05311687,test,0.00033318996
2018-02-15,TLT,0.0054059257,0.12307243,0.117666505,test,0.04316751
2018-02-16,EFA,-0.009425473,-0.16113855,0.15171307,test,-0.23747298
2018-02-16,IWM,-0.008250951,0.0020818189,0.01033277,test,-0.14232154
2018-02-16,SPY,-0.0062809275,0.08305119,0.08933212,test,-0.052823916
2018-02-16,TLT,-0.0043902528,0.1102939,0.11468416,test,0.12307243
2018-02-20,EFA,-0.004817138,-0.06107211,0.05625497,test,-0.16113855
2018-02-20,IWM,0.0010517992,-0.18156146,0.18261325,test,0.0020818189
2018-02-20,SPY,-0.0049866783,-0.27346748,0.2684808,test,0.08305119
2018-02-20,TLT,-0.012344138,0.074266344,0.08661048,test,0.1102939
2018-02-21,EFA,0.0052413726,0.029954212,0.024712838,test,-0.06107211
2018-02-21,IWM,-0.0015780028,-0.0145796165,0.013001613,test,-0.18156146
2018-02-21,SPY,0.0012952157,-0.120531425,0.12182664,test,-0.27346748
2018-02-21,TLT,0.0029936568,0.056368396,0.053374738,test,0.074266344
2018-02-22,EFA,0.007880488,0.12997644,0.12209595,test,0.029954212
2018-02-22,IWM,0.012942408,0.031663366,0.018720958,test,-0.0145796165
2018-02-22,SPY,0.015813798,-0.2786057,0.2944195,test,-0.120531425
2018-02-22,TLT,0.00884245,0.09793577,0.08909333,test,0.056368396
2018-02-23,EFA,0.009347885,0.20074868,0.1914008,test,0.12997644
2018-02-23,IWM,0.006537928,-0.094366044,0.10090397,test,0.031663366
2018-02-23,SPY,0.011545413,-0.1517117,0.16325712,test,-0.2786057
2018-02-23,TLT,0.00033898614,0.098840445,0.09850146,test,0.09793577
2018-02-26,EFA,-0.014970559,0.11998903,0.1349596,test,0.20074868
2018-02-26,IWM,-0.014492766,-0.03809705,0.023604285,test,-0.094366044
2018-02-26,SPY,-0.012565113,-0.110358834,0.09779372,test,-0.1517117
2018-02-26,TLT,-0.0014398231,0.033809092,0.035248917,test,0.098840445
2018-02-27,EFA,-0.009489344,0.023395553,0.032884896,test,0.11998903
2018-02-27,IWM,-0.015902339,-0.18744636,0.17154402,test,-0.03809705
2018-02-27,SPY,-0.010181783,-0.30372143,0.29353964,test,-0.110358834
2018-02-27,TLT,0.0063356454,0.005876459,0.00045918627,test,0.033809092
2018-02-28,EFA,-0.016935121,0.04029897,0.05723409,test,0.023395553
2018-02-28,IWM,-0.0026638005,-0.12025599,0.11759219,test,-0.18744636
2018-02-28,SPY,-0.014647438,-0.13651556,0.12186812,test,-0.30372143
2018-02-28,TLT,0.006803648,0.096298136,0.08949449,test,0.005876459
2018-03-01,EFA,0.0047651087,0.05939218,0.054627072,test,0.04029897
2018-03-01,IWM,0.015878834,-0.10637586,0.12225469,test,-0.12025599
2018-03-01,SPY,0.0051415698,0.047453605,0.042312033,test,-0.13651556
2018-03-01,TLT,-0.0081627695,0.054559473,0.06272224,test,0.096298136
2018-03-02,EFA,0.0053157816,-0.057619102,0.06293488,test,0.05939218
2018-03-02,IWM,0.008887096,-0.007093154,0.015980251,test,-0.10637586
2018-03-02,SPY,0.011491707,-0.060467586,0.071959294,test,0.047453605
2018-03-02,TLT,-0.002707455,-0.034118555,0.0314111,test,0.054559473
2018-03-05,EFA,0.0058573885,-0.08922357,0.09508096,test,-0.057619102
2018-03-05,IWM,0.010741866,0.08268644,0.07194457,test,-0.007093154
2018-03-05,SPY,0.0025318083,-0.028967544,0.031499352,test,-0.060467586
2018-03-05,TLT,0.00093121163,0.0045123175,0.0035811057,test,-0.034118555
2018-03-06,EFA,-0.00028488607,0.06789376,0.068178646,test,-0.08922357
2018-03-06,IWM,0.008778747,0.059639815,0.050861068,test,0.08268644
2018-03-06,SPY,-0.00036671828,0.13229188,0.1326586,test,-0.028967544
2018-03-06,TLT,-0.0011009544,0.01897863,0.020079583,test,0.0045123175
2018-03-07,EFA,0.0021349809,0.058238175,0.056103192,test,0.06789376
2018-03-07,IWM,-0.002043463,0.029560935,0.031604398,test,0.059639815
2018-03-07,SPY,0.0048278426,0.020528518,0.015700676,test,0.13229188
2018-03-07,TLT,0.0057456587,-0.06862796,0.07437362,test,0.01897863
2018-03-08,EFA,0.0063782786,0.027463961,0.021085683,test,0.058238175
2018-03-08,IWM,0.015855849,-0.027328666,0.043184515,test,0.029560935
2018-03-08,SPY,0.017252458,0.10642654,0.08917408,test,0.020528518
2018-03-08,TLT,-0.006593104,-0.025353566,0.018760461,test,-0.06862796
2018-03-09,EFA,0.0011292015,0.0048218407,0.003692639,test,0.027463961
2018-03-09,IWM,0.0017605367,0.04080201,0.039041474,test,-0.027328666
2018-03-09,SPY,-0.0012554793,-0.0022498928,0.0009944135,test,0.10642654
2018-03-09,TLT,0.0057505155,-0.077539526,0.08329004,test,-0.025353566
2018-03-12,EFA,-0.0066546793,-0.1377826,0.13112792,test,0.0048218407
2018-03-12,IWM,-0.0046592047,0.10386303,0.10852224,test,0.04080201
2018-03-12,SPY,-0.0064840694,0.08821371,0.09469778,test,-0.0022498928
2018-03-12,TLT,0.0050465968,-0.008838894,0.013885491,test,-0.077539526
2018-03-13,EFA,0.0024121196,-0.133145,0.13555713,test,-0.1377826
2018-03-13,IWM,-0.0047443695,0.0836806,0.088424966,test,0.10386303
2018-03-13,SPY,-0.005144821,0.044523202,0.04966802,test,0.08821371
2018-03-13,TLT,0.008770782,0.0003881678,0.008382614,test,-0.008838894
2018-03-14,EFA,-0.00056687626,-0.023043431,0.022476556,test,-0.133145
2018-03-14,IWM,-0.0050218734,0.062223494,0.067245364,test,0.0836806
2018-03-14,SPY,-0.0010901245,0.059350982,0.060441107,test,0.044523202
2018-03-14,TLT,0.0,0.008202381,0.008202381,test,0.0003881678
2018-03-15,EFA,-0.0007092371,0.022719314,0.023428552,test,-0.023043431
2018-03-15,IWM,0.005592674,0.0403098,0.034717128,test,0.062223494
2018-03-15,SPY,0.001083656,0.046528183,0.045444526,test,0.059350982
2018-03-15,TLT,-0.0035825432,0.003714636,0.007297179,test,0.008202381
2018-03-16,EFA,-0.008121711,-0.028881468,0.020759758,test,0.022719314
2018-03-16,IWM,-0.009679299,0.07769932,0.08737862,test,0.0403098
2018-03-16,SPY,-0.013622821,-0.12261042,0.1089876,test,0.046528183
2018-03-16,TLT,-0.003176709,0.016090482,0.019267192,test,0.003714636
2018-03-19,EFA,-0.00014287044,0.012242864,0.012385734,test,-0.028881468
2018-03-19,IWM,-0.00025610445,0.12676427,0.12702037,test,0.07769932
2018-03-19,SPY,0.0016994913,0.1389728,0.13727331,test,-0.12261042
2018-03-19,TLT,-0.0040274337,-0.030113138,0.026085705,test,0.016090482
2018-03-20,EFA,0.0015726747,-0.025423232,0.026995907,test,0.012242864
2018-03-20,IWM,0.005807713,0.06736328,0.061555564,test,0.12676427
2018-03-20,SPY,-0.0019214436,0.046387605,0.04830905,test,0.1389728
2018-03-20,TLT,0.0010925798,-0.035553277,0.036645856,test,-0.030113138
2018-03-21,EFA,-0.018746292,-0.10090135,0.08215506,test,-0.025423232
2018-03-21,IWM,-0.022171615,0.015694305,0.03786592,test,0.06736328
2018-03-21,SPY,-0.025314715,0.035985,0.061299715,test,0.046387605
2018-03-21,TLT,0.009860383,-0.13733985,0.14720023,test,-0.035553277
2018-03-22,EFA,-0.011124019,0.06871995,0.07984397,test,-0.10090135
2018-03-22,IWM,-0.021754354,0.057846405,0.07960076,test,0.015694305
2018-03-22,SPY,-0.021545015,0.22168387,0.24322888,test,0.035985
2018-03-22,TLT,-0.00074870425,-0.039703067,0.038954362,test,-0.13733985
2018-03-23,EFA,0.017797679,0.038313396,0.020515718,test,0.06871995
2018-03-23,IWM,0.021624,-0.017343108,0.03896711,test,0.057846405
2018-03-23,SPY,0.026991379,0.17666183,0.14967045,test,0.22168387
2018-03-23,TLT,-0.0038352236,0.0046564266,0.00849165,test,-0.039703067
2018-03-26,EFA,-0.0074014803,0.0936812,0.10108268,test,0.038313396
2018-03-26,IWM,-0.019560376,-0.00918299,0.010377387,test,-0.017343108
2018-03-26,SPY,-0.017157743,0.07233162,0.08948936,test,0.17666183
2018-03-26,TLT,0.010635942,0.013178617,0.0025426745,test,0.0046564266
2018-03-27,EFA,0.0058098296,0.0456632,0.03985337,test,0.0936812
2018-03-27,IWM,-0.00033256912,-0.05317744,0.05284487,test,-0.00918299
2018-03-27,SPY,-0.0029593427,0.07632969,0.079289034,test,0.07233162
2018-03-27,TLT,0.0026411477,-0.035546426,0.038187575,test,0.013178617
2018-03-28,EFA,0.009082282,0.06808975,0.059007473,test,0.0456632
2018-03-28,IWM,0.01006171,0.049228985,0.039167274,test,-0.05317744
2018-03-28,SPY,0.0126965,0.11085181,0.09815531,test,0.07632969
2018-03-28,TLT,0.004851634,-0.004478149,0.009329783,test,-0.035546426
2018-03-29,EFA,-0.013872986,0.043745607,0.057618592,test,0.06808975
2018-03-29,IWM,-0.02467096,-0.08097927,0.056308314,test,0.049228985
2018-03-29,SPY,-0.02182091,0.07337312,0.09519403,test,0.11085181
2018-03-29,TLT,0.0019714672,0.0057335347,0.0037620675,test,-0.004478149
