date,ticker,y_true,y_pred,abs_error,dataset_part,signal_for_trade
2015-06-30,EFA,0.0064369766,-0.013071192,0.019508168,train,
2015-06-30,IWM,0.0029591715,-0.016974786,0.019933958,train,
2015-06-30,SPY,0.007983533,-0.027730433,0.035713967,train,
2015-06-30,TLT,-0.013589499,0.045817174,0.05940667,train,
2015-07-01,EFA,0.0012514299,-0.021097874,0.022349304,train,-0.013071192
2015-07-01,IWM,-0.007413282,-0.018582076,0.011168794,train,-0.016974786
2015-07-01,SPY,-0.00091637025,-0.020292228,0.019375857,train,-0.027730433
2015-07-01,TLT,0.0032809742,0.017213883,0.013932909,train,0.045817174
2015-07-02,EFA,-0.020368928,-0.016501173,0.0038677547,train,-0.021097874
2015-07-02,IWM,-0.0003231025,-0.0394378,0.0391147,train,-0.018582076
2015-07-02,SPY,-0.0028497067,-0.0009830166,0.0018666901,train,-0.020292228
2015-07-02,TLT,0.01836434,0.04272794,0.0243636,train,0.017213883
2015-07-06,EFA,0.00031923104,-0.054683648,0.05500288,train,-0.016501173
2015-07-06,IWM,0.0011306494,-0.042539984,0.043670632,train,-0.0394378
2015-07-06,SPY,0.0062690843,-0.0067952126,0.013064297,train,-0.0009830166
2015-07-06,TLT,0.009351342,0.014812484,0.0054611424,train,0.04272794
2015-07-07,EFA,-0.023557326,-0.04008776,0.016530434,train,-0.054683648
2015-07-07,IWM,-0.015374348,-0.022802655,0.007428307,train,-0.042539984
2015-07-07,SPY,-0.016919736,-0.050132997,0.03321326,train,-0.0067952126
2015-07-07,TLT,0.008599603,-0.018201739,0.02680134,train,0.014812484
2015-07-08,EFA,0.01635545,0.0040548937,0.012300556,train,-0.04008776
2015-07-08,IWM,0.00360064,-0.020795861,0.024396501,train,-0.022802655
2015-07-08,SPY,0.0018073792,0.001767478,3.9901235e-05,train,-0.050132997
2015-07-08,TLT,-0.019899007,-0.01247894,0.0074200667,train,-0.018201739
2015-07-09,EFA,0.03224048,0.052909985,0.020669505,train,0.0040548937
2015-07-09,IWM,0.01378962,0.014780553,0.0009909328,train,-0.020795861
2015-07-09,SPY,0.012512749,-0.007862052,0.020374801,train,0.001767478
2015-07-09,TLT,-0.015985837,0.0028397506,0.018825587,train,-0.01247894
2015-07-10,EFA,0.003725595,0.025760716,0.02203512,train,0.052909985
2015-07-10,IWM,0.011215626,-0.04652626,0.057741888,train,0.014780553
2015-07-10,SPY,0.010976838,-0.045411892,0.05638873,train,-0.007862052
2015-07-10,TLT,-0.003106711,0.021031668,0.02413838,train,0.0028397506
2015-07-13,EFA,0.008332024,-0.000586031,0.008918055,train,0.025760716
2015-07-13,IWM,0.0055609224,-0.007689867,0.01325079,train,-0.04652626
2015-07-13,SPY,0.004328755,0.026143324,0.021814568,train,-0.045411892
2015-07-13,TLT,0.0032791696,-0.04567998,0.048959147,train,0.021031668
2015-07-14,EFA,-0.003694625,-0.01318345,0.009488825,train,-0.000586031
2015-07-14,IWM,-0.005322337,-0.004301075,0.0010212623,train,-0.007689867
2015-07-14,SPY,-0.0003326492,0.044277802,0.044610452,train,0.026143324
2015-07-14,TLT,0.010541332,0.0060761645,0.0044651674,train,-0.04567998
2015-07-15,EFA,0.008599654,-0.062352017,0.07095167,train,-0.01318345
2015-07-15,IWM,0.0059558353,0.0061147287,0.00015889341,train,-0.004301075
2015-07-15,SPY,0.007992301,0.010002039,0.0020097382,train,0.044277802
2015-07-15,TLT,0.006881925,-0.014052529,0.020934453,train,0.0060761645
2015-07-16,EFA,-0.001683431,-0.002874123,0.001190692,train,-0.062352017
2015-07-16,IWM,-0.004364053,-0.0079153385,0.0035512857,train,0.0061147287
2015-07-16,SPY,0.00084780477,0.024505379,0.023657573,train,0.010002039
2015-07-16,TLT,0.0051514753,-0.026148241,0.031299718,train,-0.014052529
2015-07-17,EFA,0.0026005306,0.004667056,0.0020665252,train,-0.002874123
2015-07-17,IWM,-0.0054216604,-0.006906301,0.0014846404,train,-0.0079153385
2015-07-17,SPY,0.00051736395,0.003024321,0.0025069572,train,0.024505379
2015-07-17,TLT,-0.0042207553,-0.041565582,0.03734483,train,-0.026148241
2015-07-20,EFA,-0.002906986,0.035974592,0.038881578,train,0.004667056
2015-07-20,IWM,-0.0047280784,0.0046764165,0.009404495,train,-0.006906301
2015-07-20,SPY,-0.003958899,-0.013674997,0.009716097,train,0.003024321
2015-07-20,TLT,0.005399364,0.023862606,0.018463243,train,-0.041565582
2015-07-21,EFA,-0.0076900627,0.011921357,0.01961142,train,0.035974592
2015-07-21,IWM,0.0036881692,0.01897473,0.015286561,train,0.0046764165
2015-07-21,SPY,-0.001796402,-0.020774797,0.018978395,train,-0.013674997
2015-07-21,TLT,0.0062063793,-0.0055089165,0.011715296,train,0.023862606
2015-07-22,EFA,-0.0026277895,-0.046702646,0.044074856,train,0.011921357
2015-07-22,IWM,-0.011105851,-0.034000978,0.022895128,train,0.01897473
2015-07-22,SPY,-0.0056458632,-0.00090384344,0.00474202,train,-0.020774797
2015-07-22,TLT,0.012381076,0.008675072,0.0037060035,train,-0.0055089165
2015-07-23,EFA,-0.0110517135,0.012757452,0.023809165,train,-0.046702646
2015-07-23,IWM,-0.016235081,-0.016895946,0.00066086464,train,-0.034000978
2015-07-23,SPY,-0.010426088,0.010897847,0.021323934,train,-0.00090384344
2015-07-23,TLT,0.0024744233,-0.0067015765,0.009176,train,0.008675072
2015-07-24,EFA,-0.0073836236,0.02128933,0.028672954,train,0.012757452
2015-07-24,IWM,-0.00834236,0.019001571,0.027343933,train,-0.016895946
2015-07-24,SPY,-0.005834434,-0.007587552,0.0017531179,train,0.010897847
2015-07-24,TLT,0.0053405324,-0.024537442,0.029877976,train,-0.0067015765
2015-07-27,EFA,0.012535553,0.02636036,0.0138248075,train,0.02128933
2015-07-27,IWM,0.008506471,0.045448884,0.036942415,train,0.019001571
2015-07-27,SPY,0.01220822,0.00029748445,0.011910735,train,-0.007587552
2015-07-27,TLT,-0.0073196148,-0.025725886,0.018406272,train,-0.024537442
2015-07-28,EFA,0.003574877,0.013088755,0.009513878,train,0.02636036
2015-07-28,IWM,0.0027924401,0.0026918575,0.000100582605,train,0.045448884
2015-07-28,SPY,0.0068560275,0.02415662,0.017300593,train,0.00029748445
2015-07-28,TLT,-0.0037208833,-0.011933765,0.008212882,train,-0.025725886
2015-07-29,EFA,-0.00077598373,-0.007035949,0.0062599652,train,0.013088755
2015-07-29,IWM,0.002866146,0.008385123,0.0055189766,train,0.0026918575
2015-07-29,SPY,0.00023689456,0.0024173511,0.0021804566,train,0.02415662
2015-07-29,TLT,0.007675558,-0.008115025,0.015790584,train,-0.011933765
2015-07-30,EFA,0.005883103,-0.00035494333,0.006238046,train,-0.007035949
2015-07-30,IWM,0.005463695,-0.008420345,0.0138840405,train,0.008385123
2015-07-30,SPY,-0.0015191541,-0.0075475518,0.006028398,train,0.0024173511
2015-07-30,TLT,0.0073722186,-0.01282218,0.020194398,train,-0.008115025
2015-07-31,EFA,-0.002627383,0.008261359,0.010888742,train,-0.00035494333
2015-07-31,IWM,-0.0049732286,-0.04909525,0.04412202,train,-0.008420345
2015-07-31,SPY,-0.0033787647,2.6863534e-05,0.0034056283,train,-0.0075475518
2015-07-31,TLT,0.010471179,0.0028642197,0.0076069594,train,-0.01282218
2015-08-03,EFA,0.0007732216,0.024797324,0.024024103,train,0.008261359
2015-08-03,IWM,-0.0023728914,-0.023887865,0.021514975,train,-0.04909525
2015-08-03,SPY,-0.0019559576,-0.0056407107,0.003684753,train,2.6863534e-05
2015-08-03,TLT,-0.007963628,0.0031729955,0.011136623,train,0.0028642197
2015-08-04,EFA,0.005244794,0.006803249,0.0015584552,train,0.024797324
2015-08-04,IWM,0.0022910207,-0.019233739,0.021524759,train,-0.023887865
2015-08-04,SPY,0.0032901324,-0.00040781777,0.0036979502,train,-0.0056407107
2015-08-04,TLT,-0.007534239,-0.004595467,0.002938772,train,0.0031729955
2015-08-05,EFA,-0.004162581,-0.036189623,0.032027043,train,0.006803249
2015-08-05,IWM,-0.013578614,-0.040536225,0.02695761,train,-0.019233739
2015-08-05,SPY,-0.008221819,-0.004939424,0.0032823952,train,-0.00040781777
2015-08-05,TLT,0.008838427,-0.0036842981,0.012522725,train,-0.004595467
2015-08-06,EFA,-0.001855434,-0.01063264,0.008777206,train,-0.036189623
2015-08-06,IWM,-0.0067340704,0.004425126,0.0111591965,train,-0.040536225
2015-08-06,SPY,-0.0019215137,-0.0008965349,0.0010249788,train,-0.004939424
2015-08-06,TLT,0.013033221,0.0073580733,0.0056751473,train,-0.0036842981
2015-08-07,EFA,0.012152909,-0.008783414,0.020936323,train,-0.01063264
2015-08-07,IWM,0.01144582,0.0504231,0.03897728,train,0.004425126
2015-08-07,SPY,0.012520313,0.024651477,0.012131164,train,-0.0008965349
2015-08-07,TLT,-0.012462458,-0.0006515102,0.011810947,train,0.0073580733
2015-08-10,EFA,-0.01540863,-0.010270765,0.0051378645,train,-0.008783414
2015-08-10,IWM,-0.008613954,-0.020862697,0.012248742,train,0.0504231
2015-08-10,SPY,-0.0090639815,0.008212908,0.01727689,train,0.024651477
2015-08-10,TLT,0.015754687,0.025056511,0.0093018245,train,-0.0006515102
2015-08-11,EFA,-0.007168485,0.017552966,0.024721451,train,-0.010270765
2015-08-11,IWM,-0.0019149419,0.0010237442,0.0029386862,train,-0.020862697
2015-08-11,SPY,0.0011974756,-0.009471184,0.01066866,train,0.008212908
2015-08-11,TLT,-0.005466241,-0.009606729,0.0041404883,train,0.025056511
2015-08-12,EFA,-0.00062587013,-0.0034916522,0.002865782,train,0.017552966
2015-08-12,IWM,-0.0033391311,-0.0204375,0.01709837,train,0.0010237442
2015-08-12,SPY,-0.001245024,-0.01869198,0.017446956,train,-0.009471184
2015-08-12,TLT,-0.0032291007,0.015370365,0.018599465,train,-0.009606729
2015-08-13,EFA,0.0015637387,-0.02748741,0.02905115,train,-0.0034916522
2015-08-13,IWM,0.006417954,-0.025786305,0.03220426,train,-0.0204375
2015-08-13,SPY,0.0036355949,-0.0015814286,0.005217023,train,-0.01869198
2015-08-13,TLT,0.0023420837,0.009388908,0.0070468243,train,0.015370365
2015-08-14,EFA,-0.0018763738,0.0041932333,0.006069607,train,-0.02748741
2015-08-14,IWM,0.010496699,-0.019851772,0.030348472,train,-0.025786305
2015-08-14,SPY,0.005571291,0.0051130764,0.00045821443,train,-0.0015814286
2015-08-14,TLT,0.0045072334,0.019983198,0.015475965,train,0.009388908
2015-08-17,EFA,-0.0075427857,-0.034670748,0.027127963,train,0.0041932333
2015-08-17,IWM,-0.008007096,-0.027662184,0.019655088,train,-0.019851772
2015-08-17,SPY,-0.0029010556,-0.0035831602,0.0006821046,train,0.0051130764
2015-08-17,TLT,-0.007901266,0.0071595963,0.0150608625,train,0.019983198
2015-08-18,EFA,-0.008872143,-0.030645113,0.02177297,train,-0.034670748
2015-08-18,IWM,-0.0104134595,0.0036208862,0.014034346,train,-0.027662184
2015-08-18,SPY,-0.007936933,-0.010469209,0.0025322763,train,-0.0035831602
2015-08-18,TLT,0.009826887,0.00041233748,0.00941455,train,0.0071595963
2015-08-19,EFA,-0.024485517,-0.0050961133,0.019389404,train,-0.030645113
2015-08-19,IWM,-0.02561675,-0.0040376377,0.021579113,train,0.0036208862
2015-08-19,SPY,-0.021102354,-0.029791677,0.008689323,train,-0.010469209
2015-08-19,TLT,0.01004892,-0.008951049,0.01899997,train,0.00041233748
2015-08-20,EFA,-0.023095787,0.060270816,0.0833666,train,-0.0050961133
2015-08-20,IWM,-0.011753591,0.0100293765,0.021782968,train,-0.0040376377
2015-08-20,SPY,-0.030564774,0.008969035,0.03953381,train,-0.029791677
2015-08-20,TLT,0.003011148,0.015084017,0.012072869,train,-0.008951049
2015-08-21,EFA,-0.03515695,0.030563781,0.06572073,train,0.060270816
2015-08-21,IWM,-0.039815404,-0.029153729,0.010661675,train,0.0100293765
2015-08-21,SPY,-0.04301927,-0.02077152,0.022247748,train,0.008969035
2015-08-21,TLT,-0.00031670582,0.013423787,0.013740493,train,0.015084017
2015-08-24,EFA,0.009462492,0.060742483,0.051279992,train,0.030563781
2015-08-24,IWM,-0.007719246,-0.014259888,0.0065406417,train,-0.029153729
2015-08-24,SPY,-0.011837297,-0.019695265,0.007857968,train,-0.02077152
2015-08-24,TLT,-0.01619538,0.0025796397,0.01877502,train,0.013423787
2015-08-25,EFA,0.023355251,0.047562994,0.024207743,train,0.060742483
2015-08-25,IWM,0.02511733,-0.0075140577,0.03263139,train,-0.014259888
2015-08-25,SPY,0.037674736,-0.102352954,0.14002769,train,-0.019695265
2015-08-25,TLT,-0.019492049,-0.0051009497,0.014391099,train,0.0025796397
2015-08-26,EFA,0.012137569,0.06400661,0.051869042,train,0.047562994
2015-08-26,IWM,0.01771194,0.041048273,0.023336334,train,-0.0075140577
2015-08-26,SPY,0.024434136,-0.09348158,0.11791571,train,-0.102352954
2015-08-26,TLT,0.00057342194,-0.0062782504,0.006851672,train,-0.0051009497
2015-08-27,EFA,-0.0014886952,0.00039759092,0.0018862861,train,0.06400661
2015-08-27,IWM,0.00982115,0.007624548,0.0021966025,train,0.041048273
2015-08-27,SPY,5.0154427e-05,-0.09745769,0.09750785,train,-0.09348158
2015-08-27,TLT,0.0029469212,0.013399748,0.010452827,train,-0.0062782504
2015-08-28,EFA,-0.0074756895,0.017500391,0.02497608,train,0.00039759092
2015-08-28,IWM,-0.0036389078,-0.02558552,0.02194661,train,0.007624548
2015-08-28,SPY,-0.008111858,-0.001998378,0.00611348,train,-0.09745769
2015-08-28,TLT,-0.0077118566,-0.04133095,0.03361909,train,0.013399748
2015-08-31,EFA,-0.034091376,-0.010535272,0.023556104,train,0.017500391
2015-08-31,IWM,-0.029064324,0.023362586,0.052426912,train,-0.02558552
2015-08-31,SPY,-0.030302,-0.008883806,0.021418193,train,-0.001998378
2015-08-31,TLT,0.0071797236,-0.012801586,0.01998131,train,-0.04133095
2015-09-01,EFA,0.014728708,-0.047669612,0.062398322,train,-0.010535272
2015-09-01,IWM,0.017803013,0.029179959,0.011376945,train,0.023362586
2015-09-01,SPY,0.018803218,-0.022397375,0.041200593,train,-0.008883806
2015-09-01,TLT,-0.008641729,-0.040405765,0.031764038,train,-0.012801586
2015-09-02,EFA,0.0023775166,-0.010602662,0.012980179,train,-0.047669612
2015-09-02,IWM,-0.0015810526,-0.016529711,0.014948659,train,0.029179959
2015-09-02,SPY,0.0007160728,-0.060157016,0.060873087,train,-0.022397375
2015-09-02,TLT,0.00486484,0.02525842,0.02039358,train,-0.040405765
2015-09-03,EFA,-0.023163108,-0.032857575,0.009694466,train,-0.010602662
2015-09-03,IWM,-0.0075904215,0.023499249,0.031089671,train,-0.016529711
2015-09-03,SPY,-0.015252706,0.073185764,0.088438466,train,-0.060157016
2015-09-03,TLT,0.009088913,0.012466276,0.003377363,train,0.02525842
2015-09-04,EFA,0.028912965,-0.105018094,0.13393106,train,-0.032857575
2015-09-04,IWM,0.022600655,0.015873259,0.0067273956,train,0.023499249
2015-09-04,SPY,0.024820365,0.08322728,0.05840691,train,0.073185764
2015-09-04,TLT,-0.014863396,-0.0143924095,0.0004709866,train,0.012466276
2015-09-08,EFA,-0.004055386,-0.032355845,0.028300459,train,-0.105018094
2015-09-08,IWM,-0.011587044,-0.025207506,0.013620462,train,0.015873259
2015-09-08,SPY,-0.013461999,-0.06824553,0.05478353,train,0.08322728
2015-09-08,TLT,0.0047868392,0.029177992,0.024391152,train,-0.0143924095
2015-09-09,EFA,0.0065818615,-0.0137708485,0.02035271,train,-0.032355845
2015-09-09,IWM,0.0045463275,0.060051322,0.055504993,train,-0.025207506
2015-09-09,SPY,0.005427016,0.032615304,0.027188288,train,-0.06824553
2015-09-09,TLT,-0.00677456,-0.0052041076,0.0015704525,train,0.029177992
2015-09-10,EFA,-0.00016818086,-0.07049121,0.07032303,train,-0.0137708485
2015-09-10,IWM,0.0046991627,-0.0230567,0.027755864,train,0.060051322
2015-09-10,SPY,0.004534484,0.002722023,0.0018124608,train,0.032615304
2015-09-10,TLT,0.00628033,-0.0018461384,0.008126468,train,-0.0052041076
2015-09-11,EFA,-0.0075994995,-0.04300431,0.035404813,train,-0.07049121
2015-09-11,IWM,-0.004612022,-0.021675432,0.01706341,train,-0.0230567
2015-09-11,SPY,-0.0037175696,-0.021020355,0.017302785,train,0.002722023
2015-09-11,TLT,0.0015638763,0.012276413,0.010712537,train,-0.0018461384
2015-09-14,EFA,0.006757996,-0.032781616,0.039539613,train,-0.04300431
2015-09-14,IWM,0.011188876,0.023838403,0.012649527,train,-0.021675432
2015-09-14,SPY,0.012421547,-0.0077777375,0.020199284,train,-0.021020355
2015-09-14,TLT,-0.01935028,0.008860607,0.028210886,train,0.012276413
2015-09-15,EFA,0.015206359,-0.019252243,0.0344586,train,-0.032781616
2015-09-15,IWM,0.008588189,-0.005170455,0.013758644,train,0.023838403
2015-09-15,SPY,0.008629872,-0.021263959,0.02989383,train,-0.0077777375
2015-09-15,TLT,-0.0037808463,-0.04220961,0.038428765,train,0.008860607
2015-09-16,EFA,0.0004972649,-0.011226656,0.011723921,train,-0.019252243
2015-09-16,IWM,0.003414372,0.01736909,0.013954718,train,-0.005170455
2015-09-16,SPY,-0.0022503664,-0.0321778,0.029927433,train,-0.021263959
2015-09-16,TLT,0.012131943,0.034975037,0.022843093,train,-0.04220961
2015-09-17,EFA,-0.025347788,-0.012932206,0.012415582,train,-0.011226656
2015-09-17,IWM,-0.013901929,-0.05029379,0.036391858,train,0.01736909
2015-09-17,SPY,-0.016476799,-0.09968057,0.08320378,train,-0.0321778
2015-09-17,TLT,0.015266945,-0.042946137,0.05821308,train,0.034975037
2015-09-18,EFA,-0.0005098572,-0.01200364,0.0114937825,train,-0.012932206
2015-09-18,IWM,-0.0018163393,0.023364088,0.025180427,train,-0.05029379
2015-09-18,SPY,0.005154088,0.02277608,0.017621992,train,-0.09968057
2015-09-18,TLT,-0.016432188,-0.03146568,0.015033491,train,-0.042946137
2015-09-21,EFA,-0.024101686,-0.008182349,0.015919337,train,-0.01200364
2015-09-21,IWM,-0.015266105,0.001078317,0.01634442,train,0.023364088
2015-09-21,SPY,-0.013064441,-0.052310415,0.039245974,train,0.02277608
2015-09-21,TLT,0.013807643,0.029244652,0.015437009,train,-0.03146568
2015-09-22,EFA,-0.0047160313,-0.043497212,0.03878118,train,-0.008182349
2015-09-22,IWM,-0.0029934566,-0.018251235,0.015257778,train,0.001078317
2015-09-22,SPY,-0.0016000659,0.004639147,0.0062392126,train,-0.052310415
2015-09-22,TLT,-8.136733e-05,-0.06074412,0.060662754,train,0.029244652
2015-09-23,EFA,-0.0028048991,0.020988563,0.023793463,train,-0.043497212
2015-09-23,IWM,-0.0016764229,-0.0114889685,0.009812546,train,-0.018251235
2015-09-23,SPY,-0.0036224457,-0.019298019,0.015675573,train,0.004639147
2015-09-23,TLT,0.006792918,0.012989614,0.0061966963,train,-0.06074412
2015-09-24,EFA,0.008739699,0.006055804,0.0026838947,train,0.020988563
2015-09-24,IWM,-0.013248877,0.008840522,0.0220894,train,-0.0114889685
2015-09-24,SPY,-0.00025888,-0.045281865,0.045022983,train,-0.019298019
2015-09-24,TLT,-0.008683486,0.0059596654,0.014643151,train,0.012989614
2015-09-25,EFA,-0.01986197,0.020194441,0.04005641,train,0.006055804
2015-09-25,IWM,-0.028401779,-0.05074271,0.02234093,train,0.008840522
2015-09-25,SPY,-0.025417833,-0.054564193,0.02914636,train,-0.045281865
2015-09-25,TLT,0.016968785,-0.0011627143,0.018131498,train,0.0059596654
2015-09-28,EFA,-0.0014210428,-0.058376305,0.056955263,train,0.020194441
2015-09-28,IWM,-0.00713531,-0.07477675,0.06764144,train,-0.05074271
2015-09-28,SPY,0.0005848346,-0.05487363,0.055458464,train,-0.054564193
2015-09-28,TLT,0.0028270571,-0.008848162,0.01167522,train,-0.0011627143
2015-09-29,EFA,0.018843627,0.0034995321,0.0153440945,train,-0.058376305
2015-09-29,IWM,0.015411241,-0.030170962,0.045582205,train,-0.07477675
2015-09-29,SPY,0.01848666,-0.0009790454,0.019465705,train,-0.05487363
2015-09-29,TLT,-0.0034744851,-0.0024188226,0.0010556625,train,-0.008848162
2015-09-30,EFA,0.0031353782,-0.06684506,0.069980435,train,0.0034995321
2015-09-30,IWM,-0.0017413186,-0.005347831,0.0036065127,train,-0.030170962
2015-09-30,SPY,0.0026056238,-0.0144730415,0.017078666,train,-0.0009790454
2015-09-30,TLT,0.004257558,-0.01958168,0.023839237,train,-0.0024188226
2015-10-01,EFA,0.01689978,-0.00061916374,0.017518943,train,-0.06684506
2015-10-01,IWM,0.014751415,-0.028310442,0.043061856,train,-0.005347831
2015-10-01,SPY,0.014827709,-0.004027618,0.018855326,train,-0.0144730415
2015-10-01,TLT,0.0060388795,0.0014892593,0.00454962,train,-0.01958168
2015-10-02,EFA,0.019641535,0.007261524,0.012380011,train,-0.00061916374
2015-10-02,IWM,0.023583297,-0.025916284,0.04949958,train,-0.028310442
2015-10-02,SPY,0.017637994,-0.036325842,0.053963836,train,-0.004027618
2015-10-02,TLT,-0.013660008,0.005472308,0.019132316,train,0.0014892593
2015-10-05,EFA,0.0011734247,-0.009907687,0.011081112,train,0.007261524
2015-10-05,IWM,-0.0069100996,-0.0033408124,0.0035692872,train,-0.025916284
2015-10-05,SPY,-0.003432034,0.0032353085,0.0066673425,train,-0.036325842
2015-10-05,TLT,0.0043041375,-0.013406735,0.017710872,train,0.005472308
2015-10-06,EFA,0.012482394,-0.04174494,0.054227334,train,-0.009907687
2015-10-06,IWM,0.017535804,0.035699084,0.01816328,train,-0.0033408124
2015-10-06,SPY,0.00815702,0.020762648,0.012605628,train,0.0032353085
2015-10-06,TLT,-0.0033284414,0.017802121,0.021130562,train,-0.013406735
2015-10-07,EFA,0.007907697,-0.040958107,0.048865803,train,-0.04174494
2015-10-07,IWM,0.008957205,0.043571733,0.034614526,train,0.035699084
2015-10-07,SPY,0.008986296,-0.0033078855,0.012294182,train,0.020762648
2015-10-07,TLT,-0.008409438,-0.0028396654,0.0055697723,train,0.017802121
2015-10-08,EFA,0.0018034037,-0.040792055,0.04259546,train,-0.040958107
2015-10-08,IWM,0.0019891793,0.033407465,0.031418286,train,0.043571733
2015-10-08,SPY,0.0005961349,-0.00080328947,0.0013994244,train,-0.0033078855
2015-10-08,TLT,0.002620304,-0.0118612815,0.0144815855,train,-0.0028396654
2015-10-09,EFA,-0.0019676425,-0.024067845,0.022100203,train,-0.040792055
2015-10-09,IWM,-0.0014697567,0.0039152084,0.005384965,train,0.033407465
2015-10-09,SPY,0.0009431915,-0.017691057,0.018634249,train,-0.00080328947
2015-10-09,TLT,0.0075761946,0.0064650755,0.001111119,train,-0.0118612815
2015-10-12,EFA,-0.012717993,-0.05588533,0.043167338,train,-0.024067845
2015-10-12,IWM,-0.0137659265,0.026288321,0.040054247,train,0.0039152084
2015-10-12,SPY,-0.0063220565,-0.02963512,0.023313064,train,-0.017691057
2015-10-12,TLT,0.0017032678,0.007676022,0.005972754,train,0.0064650755
2015-10-13,EFA,0.0019928017,0.04854568,0.046552878,train,-0.05588533
2015-10-13,IWM,-0.0098740505,0.002632672,0.0125067225,train,0.026288321
2015-10-13,SPY,-0.004805624,-0.025919504,0.02111388,train,-0.02963512
2015-10-13,TLT,0.008712443,-0.008240734,0.016953178,train,0.007676022
2015-10-14,EFA,0.016942725,0.013952641,0.0029900838,train,0.04854568
2015-10-14,IWM,0.023639977,-0.084661156,0.10830113,train,0.002632672
2015-10-14,SPY,0.01523792,-0.034746945,0.049984865,train,-0.025919504
2015-10-14,TLT,-0.0049113533,-0.005861329,0.00094997557,train,-0.008240734
2015-10-15,EFA,-0.0008158266,-0.028708307,0.02789248,train,0.013952641
2015-10-15,IWM,-0.0012989873,0.053972073,0.05527106,train,-0.084661156
2015-10-15,SPY,0.004536594,-0.014607195,0.019143788,train,-0.034746945
2015-10-15,TLT,0.00032279603,0.0013948334,0.0010720374,train,-0.005861329
2015-10-16,EFA,-0.0034340646,-0.030208826,0.026774762,train,-0.028708307
2015-10-16,IWM,0.001904212,0.03510788,0.03320367,train,0.053972073
2015-10-16,SPY,0.0004916069,-0.024611773,0.025103379,train,-0.014607195
2015-10-16,TLT,-0.002747585,-0.0024624178,0.00028516725,train,0.0013948334
2015-10-19,EFA,-0.004103498,-0.02196059,0.017857092,train,-0.030208826
2015-10-19,IWM,-0.0013846866,0.046965227,0.048349913,train,0.03510788
2015-10-19,SPY,-0.0012790019,-0.020691205,0.019412203,train,-0.024611773
2015-10-19,TLT,-0.006167989,0.0072453553,0.0134133445,train,-0.0024624178
2015-10-20,EFA,-0.0004936763,-0.025486069,0.024992393,train,-0.02196059
2015-10-20,IWM,-0.015357924,0.017770046,0.03312797,train,0.046965227
2015-10-20,SPY,-0.0062227,-0.024943745,0.018721044,train,-0.020691205
2015-10-20,TLT,0.009883093,-0.0028745215,0.012757614,train,0.0072453553
2015-10-21,EFA,0.011127795,-0.018474946,0.02960274,train,-0.025486069
2015-10-21,IWM,0.008755263,0.008094514,0.00066074915,train,0.017770046
2015-10-21,SPY,0.016752137,-0.029470002,0.04622214,train,-0.024943745
2015-10-21,TLT,0.0016911728,-0.005800955,0.007492128,train,-0.0028745215
2015-10-22,EFA,0.009877803,-0.03541697,0.04529477,train,-0.018474946
2015-10-22,IWM,0.009801655,0.0060011223,0.0038005328,train,0.008094514
2015-10-22,SPY,0.010902218,-0.01698477,0.027886987,train,-0.029470002
2015-10-22,TLT,-0.008566512,0.0015638876,0.0101304,train,-0.005800955
2015-10-23,EFA,-0.0037128055,-0.040276647,0.03656384,train,-0.03541697
2015-10-23,IWM,-0.006842491,0.011030465,0.017872956,train,0.0060011223
2015-10-23,SPY,-0.0024608264,-0.018512353,0.016051527,train,-0.01698477
2015-10-23,TLT,0.0066335676,-0.0048791273,0.011512695,train,0.0015638876
2015-10-26,EFA,-0.008772079,-0.016428659,0.00765658,train,-0.040276647
2015-10-26,IWM,-0.011011207,-0.0020732842,0.008937922,train,0.011030465
2015-10-26,SPY,-0.0019342133,-0.015514806,0.013580592,train,-0.018512353
2015-10-26,TLT,0.0024966584,0.007993797,0.0054971385,train,-0.0048791273
2015-10-27,EFA,0.0065052146,-0.032825038,0.03933025,train,-0.016428659
2015-10-27,IWM,0.028756613,-0.022657694,0.051414307,train,-0.0020732842
2015-10-27,SPY,0.0113105355,-0.03291168,0.044222217,train,-0.015514806
2015-10-27,TLT,-0.0040297545,-0.008983733,0.0049539786,train,0.007993797
2015-10-28,EFA,-0.007321392,0.016769582,0.024090976,train,-0.032825038
2015-10-28,IWM,-0.010730202,0.0005864743,0.011316677,train,-0.022657694
2015-10-28,SPY,-0.0005746489,-0.006539691,0.005965042,train,-0.03291168
2015-10-28,TLT,-0.016037364,0.01609722,0.032134585,train,-0.008983733
2015-10-29,EFA,-0.0021250322,-0.011006136,0.008881104,train,0.016769582
2015-10-29,IWM,-0.004584354,-0.01615198,0.011567626,train,0.0005864743
2015-10-29,SPY,-0.0043190313,-0.02212285,0.01780382,train,-0.006539691
2015-10-29,TLT,0.007521682,0.028411886,0.020890204,train,0.01609722
2015-10-30,EFA,0.009446424,-0.015981847,0.025428273,train,-0.011006136
2015-10-30,IWM,0.020594338,0.011713352,0.008880986,train,-0.01615198
2015-10-30,SPY,0.01176168,-0.030916717,0.042678397,train,-0.02212285
2015-10-30,TLT,-0.004605653,0.01320887,0.017814523,train,0.028411886
2015-11-02,EFA,-0.00032434182,-0.04716228,0.046837937,train,-0.015981847
2015-11-02,IWM,0.005167294,0.063568786,0.05840149,train,0.011713352
2015-11-02,SPY,0.0028949627,0.004006997,0.0011120345,train,-0.030916717
2015-11-02,TLT,-0.0082338955,-0.005144627,0.0030892687,train,0.01320887
2015-11-03,EFA,-0.0055286977,-0.019750623,0.014221925,train,-0.04716228
2015-11-03,IWM,-0.00050677627,0.014095349,0.014602126,train,0.063568786
2015-11-03,SPY,-0.0030377829,-0.012056002,0.00901822,train,0.004006997
2015-11-03,TLT,0.0011567563,-0.018814225,0.019970981,train,-0.005144627
2015-11-04,EFA,-0.0017949089,-0.012693297,0.010898388,train,-0.019750623
2015-11-04,IWM,0.00076028914,-0.004975983,0.005736272,train,0.014095349
2015-11-04,SPY,-0.0009987624,-0.023847027,0.022848263,train,-0.012056002
2015-11-04,TLT,-0.002646605,-0.026619455,0.02397285,train,-0.018814225
2015-11-05,EFA,-0.0045842086,-0.021072278,0.01648807,train,-0.012693297
2015-11-05,IWM,0.0070709297,0.00886125,0.0017903205,train,-0.004975983
2015-11-05,SPY,-0.00052376906,-0.0060165115,0.005492742,train,-0.023847027
2015-11-05,TLT,-0.014763914,-0.010616809,0.004147105,train,-0.026619455
2015-11-06,EFA,-0.010391914,0.015617428,0.026009344,train,-0.021072278
2015-11-06,IWM,-0.0118126655,0.013339134,0.0251518,train,0.00886125
2015-11-06,SPY,-0.009375048,-0.001583423,0.007791625,train,-0.0060165115
2015-11-06,TLT,-0.0056465026,-0.007712938,0.0020664353,train,-0.010616809
2015-11-09,EFA,-0.0006635532,-0.021912627,0.021249074,train,0.015617428
2015-11-09,IWM,0.0029661632,-0.017081833,0.020047996,train,0.013339134
2015-11-09,SPY,0.00230419,-0.020896895,0.023201086,train,-0.001583423
2015-11-09,TLT,0.002953438,-0.01404039,0.016993828,train,-0.007712938
2015-11-10,EFA,0.0051304363,-0.029317854,0.03444829,train,-0.021912627
2015-11-10,IWM,-0.008754547,-0.012870785,0.004116238,train,-0.017081833
2015-11-10,SPY,-0.0039395723,-0.015484492,0.0115449205,train,-0.020896895
2015-11-10,TLT,-0.0021083667,-0.021905508,0.01979714,train,-0.01404039
2015-11-11,EFA,-0.013126221,-0.061403394,0.048277173,train,-0.029317854
2015-11-11,IWM,-0.019307394,-0.015016105,0.0042912886,train,-0.012870785
2015-11-11,SPY,-0.0140579855,0.00036524516,0.014423231,train,-0.015484492
2015-11-11,TLT,0.004801431,-0.016113844,0.020915275,train,-0.021905508
2015-11-12,EFA,-0.008397679,-0.022134023,0.013736344,train,-0.061403394
2015-11-12,IWM,-0.007249816,-0.03849627,0.031246455,train,-0.015016105
2015-11-12,SPY,-0.011292053,0.03332396,0.044616014,train,0.00036524516
2015-11-12,TLT,0.005698425,0.020563532,0.014865106,train,-0.016113844
2015-11-13,EFA,0.012570177,-0.044532716,0.057102893,train,-0.022134023
2015-11-13,IWM,0.00855445,0.03944905,0.0308946,train,-0.03849627
2015-11-13,SPY,0.015092564,-0.010231085,0.025323648,train,0.03332396
2015-11-13,TLT,-0.0009205291,-0.0031234715,0.0022029425,train,0.020563532
2015-11-16,EFA,0.0026613737,-0.009056905,0.011718279,train,-0.044532716
2015-11-16,IWM,-0.0038317195,0.042012535,0.045844253,train,0.03944905
2015-11-16,SPY,-0.0007297364,-0.036024377,0.03529464,train,-0.010231085
2015-11-16,TLT,0.0016719239,-0.021603923,0.023275847,train,-0.0031234715
2015-11-17,EFA,0.009094697,-0.0066169864,0.015711684,train,-0.009056905
2015-11-17,IWM,0.01678515,0.021489367,0.0047042165,train,0.042012535
2015-11-17,SPY,0.015741419,0.015144754,0.00059666485,train,-0.036024377
2015-11-17,TLT,0.002085055,-0.009402946,0.011488001,train,-0.021603923
2015-11-18,EFA,0.0050899168,-0.03069957,0.035789486,train,-0.0066169864
2015-11-18,IWM,-0.004212882,-0.018987501,0.014774619,train,0.021489367
2015-11-18,SPY,-0.0008623985,-0.013798615,0.012936217,train,0.015144754
2015-11-18,TLT,0.0066432115,-0.021452345,0.028095556,train,-0.009402946
2015-11-19,EFA,-0.002295654,0.018983068,0.021278722,train,-0.03069957
2015-11-19,IWM,0.006441026,0.0032536443,0.0031873817,train,-0.018987501
2015-11-19,SPY,0.0036375066,-0.0032484997,0.0068860063,train,-0.013798615
2015-11-19,TLT,-0.003066625,-0.005711062,0.002644437,train,-0.021452345
2015-11-20,EFA,-0.0062568635,0.03472749,0.040984355,train,0.018983068
2015-11-20,IWM,0.0049532633,-0.0030528996,0.008006163,train,0.0032536443
2015-11-20,SPY,-0.001147563,0.015483389,0.016630951,train,-0.0032484997
2015-11-20,TLT,0.003066625,-0.023501717,0.026568342,train,-0.005711062
2015-11-23,EFA,0.00016503954,0.009244702,0.009079662,train,0.03472749
2015-11-23,IWM,0.007299291,0.0056034587,0.0016958322,train,-0.0030528996
2015-11-23,SPY,0.0013385081,-0.007914413,0.009252921,train,0.015483389
2015-11-23,TLT,-8.250267e-05,-0.012728909,0.012646406,train,-0.023501717
2015-11-24,EFA,0.0023093233,-0.00029003713,0.0025993604,train,0.009244702
2015-11-24,IWM,0.0077499053,0.0018976508,0.0058522546,train,0.0056034587
2015-11-24,SPY,-0.00014335681,0.024023486,0.024166843,train,-0.007914413
2015-11-24,TLT,0.002314936,0.0025243694,0.00020943349,train,-0.012728909
2015-11-25,EFA,0.00016463171,0.013820887,0.013656255,train,-0.00029003713
2015-11-25,IWM,0.003769162,0.019075071,0.015305909,train,0.0018976508
2015-11-25,SPY,0.0011459338,0.007725332,0.006579398,train,0.024023486
2015-11-25,TLT,-0.0009918652,-0.012803496,0.011811631,train,0.0025243694
2015-11-27,EFA,-0.0008236009,0.007974016,0.008797617,train,0.013820887
2015-11-27,IWM,-0.004356381,0.01074422,0.0151006,train,0.019075071
2015-11-27,SPY,-0.004160316,0.0027403664,0.0069006826,train,0.007725332
2015-11-27,TLT,0.0039608222,0.016892733,0.012931911,train,-0.012803496
2015-11-30,EFA,0.0104968315,-0.08529378,0.09579061,train,0.007974016
2015-11-30,IWM,0.006610787,-0.032950144,0.039560933,train,0.01074422
2015-11-30,SPY,0.009490569,-0.060725816,0.07021639,train,0.0027403664
2015-11-30,TLT,0.013416561,0.05226291,0.038846347,train,0.016892733
2015-12-01,EFA,-0.010662028,-0.0045581087,0.006103919,train,-0.08529378
2015-12-01,IWM,-0.010818154,0.011130736,0.021948889,train,-0.032950144
2015-12-01,SPY,-0.01025742,0.0066546854,0.016912106,train,-0.060725816
2015-12-01,TLT,0.00032525332,0.023211038,0.022885785,train,0.05226291
2015-12-02,EFA,-0.0047938884,0.0060476726,0.0108415615,train,-0.0045581087
2015-12-02,IWM,-0.017006958,-0.0019216863,0.015085272,train,0.011130736
2015-12-02,SPY,-0.014101855,-0.020183144,0.0060812887,train,0.0066546854
2015-12-02,TLT,-0.027559305,0.00027057715,0.027829882,train,0.023211038
2015-12-03,EFA,0.00808682,0.056009196,0.047922377,train,0.0060476726
2015-12-03,IWM,0.010068917,0.012705835,0.0026369179,train,-0.0019216863
2015-12-03,SPY,0.0193153,0.011001594,0.008313706,train,-0.020183144
2015-12-03,TLT,0.008746199,-0.0032801237,0.012026323,train,0.00027057715
2015-12-04,EFA,-0.006431001,0.017161382,0.023592383,train,0.056009196
2015-12-04,IWM,-0.015141688,0.0074015576,0.022543246,train,0.012705835
2015-12-04,SPY,-0.0060771056,0.042470098,0.048547205,train,0.011001594
2015-12-04,TLT,0.009656007,0.04077656,0.03112055,train,-0.0032801237
2015-12-07,EFA,-0.014832571,0.04628934,0.06112191,train,0.017161382
2015-12-07,IWM,-0.005532309,-0.016339654,0.010807345,train,0.0074015576
2015-12-07,SPY,-0.0067423214,-0.017861934,0.011119613,train,0.042470098
2015-12-07,TLT,0.0004926223,0.007701449,0.007208827,train,0.04077656
2015-12-08,EFA,-0.0045432053,0.041179553,0.045722757,train,0.04628934
2015-12-08,IWM,-0.011244075,0.0033514574,0.014595533,train,-0.016339654
2015-12-08,SPY,-0.0078098825,-0.0049355337,0.0028743488,train,-0.017861934
2015-12-08,TLT,-0.0010676414,0.018452795,0.019520437,train,0.007701449
2015-12-09,EFA,0.00016825614,-0.023494506,0.023662763,train,0.041179553
2015-12-09,IWM,0.003325224,-0.04135771,0.044682935,train,0.0033514574
2015-12-09,SPY,0.0025776452,-0.030316526,0.03289417,train,-0.0049355337
2015-12-09,TLT,0.0013141515,0.009973539,0.008659388,train,0.018452795
2015-12-10,EFA,-0.019239446,-0.040577866,0.02133842,train,-0.023494506
2015-12-10,IWM,-0.022530263,-0.0123691615,0.010161102,train,-0.04135771
2015-12-10,SPY,-0.01957104,-0.025119493,0.005548453,train,-0.030316526
2015-12-10,TLT,0.015635427,0.02632075,0.010685323,train,0.009973539
2015-12-11,EFA,0.001546233,0.020706106,0.019159872,train,-0.040577866
2015-12-11,IWM,-0.007174606,-0.010865923,0.003691317,train,-0.0123691615
2015-12-11,SPY,0.005039697,-0.01904313,0.024082828,train,-0.025119493
2015-12-11,TLT,-0.013012047,-0.023446647,0.0104346005,train,0.02632075
2015-12-14,EFA,0.0049653463,-0.053458802,0.05842415,train,0.020706106
2015-12-14,IWM,0.014297562,-0.056279607,0.07057717,train,-0.010865923
2015-12-14,SPY,0.0104429405,-0.02185169,0.03229463,train,-0.01904313
2015-12-14,TLT,-0.0059118373,0.0062335953,0.012145433,train,-0.023446647
2015-12-15,EFA,0.019953176,0.029205872,0.009252695,train,-0.053458802
2015-12-15,IWM,0.015145339,0.0069997497,0.008145589,train,-0.056279607
2015-12-15,SPY,0.014525903,-0.01979585,0.034321755,train,-0.02185169
2015-12-15,TLT,-0.0021431895,0.03794872,0.04009191,train,0.0062335953
2015-12-16,EFA,-0.012805616,0.024285363,0.03709098,train,0.029205872
2015-12-16,IWM,-0.010718975,-0.014709777,0.003990802,train,0.0069997497
2015-12-16,SPY,-0.015355336,-0.017656913,0.0023015775,train,-0.01979585
2015-12-16,TLT,0.011241985,-0.029076627,0.040318612,train,0.03794872
2015-12-17,EFA,-0.010569506,0.006754239,0.017323745,train,0.024285363
2015-12-17,IWM,-0.015399009,-0.037194557,0.021795548,train,-0.014709777
2015-12-17,SPY,-0.017975593,0.005979104,0.023954697,train,-0.017656913
2015-12-17,TLT,0.0055335946,-0.016714878,0.022248473,train,-0.029076627
2015-12-18,EFA,0.004622603,0.012468481,0.007845879,train,0.006754239
2015-12-18,IWM,0.0075063193,-0.049632594,0.057138912,train,-0.037194557
2015-12-18,SPY,0.008215062,0.006420711,0.0017943513,train,0.005979104
2015-12-18,TLT,-0.00024372904,-0.008551997,0.008308268,train,-0.016714878
2015-12-21,EFA,0.0075435396,0.06506544,0.057521902,train,0.012468481
2015-12-21,IWM,0.009128522,-0.0055418606,0.014670383,train,-0.049632594
2015-12-21,SPY,0.009033571,-0.010713179,0.01974675,train,0.006420711
2015-12-21,TLT,-0.0072500585,-0.002709812,0.0045402464,train,-0.008551997
2015-12-22,EFA,0.016599286,0.00785341,0.008745876,train,0.06506544
2015-12-22,IWM,0.0125370445,-0.010548348,0.023085393,train,-0.0055418606
2015-12-22,SPY,0.012307194,-0.0027214298,0.015028624,train,-0.010713179
2015-12-22,TLT,-0.007549953,-0.011892876,0.0043429225,train,-0.002709812
2015-12-23,EFA,-0.0016815849,-0.025580483,0.023898898,train,0.00785341
2015-12-23,IWM,0.0018881952,0.027119901,0.025231706,train,-0.010548348
2015-12-23,SPY,-0.0016517711,0.014155202,0.015806973,train,-0.0027214298
2015-12-23,TLT,0.005712918,0.0027703368,0.0029425812,train,-0.011892876
2015-12-24,EFA,-0.0023580943,0.004988907,0.007347001,train,-0.025580483
2015-12-24,IWM,-0.0046393573,0.021618446,0.026257804,train,0.027119901
2015-12-24,SPY,-0.0022873837,0.015559254,0.017846638,train,0.014155202
2015-12-24,TLT,0.002950507,0.016480828,0.0135303205,train,0.0027703368
2015-12-28,EFA,0.009901682,0.089790925,0.079889245,train,0.004988907
2015-12-28,IWM,0.010734427,0.009404503,0.001329924,train,0.021618446
2015-12-28,SPY,0.010614842,-0.0046066614,0.015221504,train,0.015559254
2015-12-28,TLT,-0.01675325,-0.033312224,0.016558973,train,0.016480828
2015-12-29,EFA,-0.0060300515,-0.0058730366,0.00015701493,train,0.089790925
2015-12-29,IWM,-0.010120617,-0.003230108,0.0068905093,train,0.009404503
2015-12-29,SPY,-0.0071127224,0.02661659,0.03372931,train,-0.0046066614
2015-12-29,TLT,-0.0009995344,-0.03611195,0.03511242,train,-0.033312224
2015-12-30,EFA,-0.013532013,-0.029036822,0.015504809,train,-0.0058730366
2015-12-30,IWM,-0.012529951,0.014040029,0.02656998,train,-0.003230108
2015-12-30,SPY,-0.010053663,-0.005964944,0.0040887184,train,0.02661659
2015-12-30,TLT,0.0044886805,-0.009195522,0.013684203,train,-0.03611195
2015-12-31,EFA,-0.015445655,0.0020317505,0.017477406,train,-0.029036822
2015-12-31,IWM,-0.02344795,-0.014111471,0.009336478,train,0.014040029
2015-12-31,SPY,-0.014078111,-0.009805139,0.0042729722,train,-0.005964944
2015-12-31,TLT,0.0071890964,-0.0054689664,0.012658063,train,-0.009195522
2016-01-04,EFA,-0.001557804,-0.023045028,0.021487223,train,0.0020317505
2016-01-04,IWM,0.0021793265,-0.015072914,0.01725224,train,-0.014111471
2016-01-04,SPY,0.0016896719,0.008245122,0.0065554497,train,-0.009805139
2016-01-04,TLT,-0.004043003,-0.012339292,0.008296289,train,-0.0054689664
2016-01-05,EFA,-0.01659301,-0.024563693,0.007970683,train,-0.023045028
2016-01-05,IWM,-0.015355577,0.031152101,0.04650768,train,-0.015072914
2016-01-05,SPY,-0.0126941465,-0.022573793,0.009879647,train,0.008245122
2016-01-05,TLT,0.013385645,0.013644734,0.00025908928,train,-0.012339292
2016-01-06,EFA,-0.021000855,-0.029817209,0.008816354,train,-0.024563693
2016-01-06,IWM,-0.027074337,-0.035092212,0.008017875,train,0.031152101
2016-01-06,SPY,-0.02428392,0.015315814,0.03959973,train,-0.022573793
2016-01-06,TLT,0.0017932808,-0.030096652,0.031889934,train,0.013644734
2016-01-07,EFA,-0.012123393,-0.0113556385,0.0007677544,train,-0.029817209
2016-01-07,IWM,-0.017373081,-0.02569927,0.00832619,train,-0.035092212
2016-01-07,SPY,-0.011037676,-0.008443156,0.0025945194,train,0.015315814
2016-01-07,TLT,0.0044680405,-0.011424125,0.015892167,train,-0.030096652
2016-01-08,EFA,0.004178389,0.024922675,0.020744286,train,-0.0113556385
2016-01-08,IWM,-0.004342775,-0.012167707,0.007824932,train,-0.02569927
2016-01-08,SPY,0.0009897487,-0.045249484,0.046239235,train,-0.008443156
2016-01-08,TLT,-0.011003822,0.00461605,0.015619872,train,-0.011424125
2016-01-11,EFA,0.004702266,0.022055216,0.01735295,train,0.024922675
2016-01-11,IWM,0.0029937855,0.009476174,0.006482388,train,-0.012167707
2016-01-11,SPY,0.008035953,-0.033187233,0.041223187,train,-0.045249484
2016-01-11,TLT,0.014322666,0.01867475,0.0043520834,train,0.00461605
2016-01-12,EFA,-0.015639594,-0.018744938,0.0031053443,train,0.022055216
2016-01-12,IWM,-0.03263563,0.03047908,0.06311471,train,0.009476174
2016-01-12,SPY,-0.025257202,0.009770004,0.035027206,train,-0.033187233
2016-01-12,TLT,0.009808403,-0.0041916054,0.014000009,train,0.01867475
2016-01-13,EFA,0.012748502,-0.005095659,0.017844161,train,-0.018744938
2016-01-13,IWM,0.013752055,-0.0019103419,0.015662398,train,0.03047908
2016-01-13,SPY,0.016283844,-0.041543923,0.057827767,train,0.009770004
2016-01-13,TLT,-0.00940483,-0.0063369204,0.0030679093,train,-0.0041916054
2016-01-14,EFA,-0.036863763,0.012551418,0.04941518,train,-0.005095659
2016-01-14,IWM,-0.0163456,-0.006079035,0.010266565,train,-0.0019103419
2016-01-14,SPY,-0.021699866,-0.05176983,0.030069964,train,-0.041543923
2016-01-14,TLT,0.015466802,-0.01747231,0.032939114,train,-0.0063369204
2016-01-15,EFA,0.009158227,0.033453107,0.02429488,train,0.012551418
2016-01-15,IWM,-0.013575523,-0.03941325,0.025837727,train,-0.006079035
2016-01-15,SPY,0.0013300491,-0.05232224,0.053652287,train,-0.05176983
2016-01-15,TLT,-0.0031060486,-0.013181525,0.010075477,train,-0.01747231
2016-01-19,EFA,-0.022959262,-0.004626652,0.01833261,train,0.033453107
2016-01-19,IWM,0.004142091,-0.035774127,0.039916217,train,-0.03941325
2016-01-19,SPY,-0.012898103,-0.012781696,0.00011640694,train,-0.05232224
2016-01-19,TLT,0.0104747135,-0.0026336852,0.013108399,train,-0.013181525
2016-01-20,EFA,0.007396655,-0.009774568,0.017171223,train,-0.004626652
2016-01-20,IWM,-0.0023215718,-0.06169729,0.05937572,train,-0.035774127
2016-01-20,SPY,0.0055864,-0.05236347,0.05794987,train,-0.012781696
2016-01-20,TLT,-0.0068121357,-0.00974509,0.0029329546,train,-0.0026336852
2016-01-21,EFA,0.029052213,-0.044076174,0.07312839,train,-0.009774568
2016-01-21,IWM,0.024162762,-0.0935783,0.11774106,train,-0.06169729
2016-01-21,SPY,0.020308299,0.010827703,0.009480596,train,-0.05236347
2016-01-21,TLT,-0.0038226314,-0.009592145,0.0057695135,train,-0.00974509
2016-01-22,EFA,-0.013489605,0.012432113,0.025921717,train,-0.044076174
2016-01-22,IWM,-0.022445787,-0.0756174,0.053171616,train,-0.0935783
2016-01-22,SPY,-0.015232175,-0.015721152,0.00048897695,train,0.010827703
2016-01-22,TLT,0.005410806,-0.0050839884,0.010494795,train,-0.009592145
2016-01-25,EFA,0.017702905,-0.06375854,0.081461444,train,0.012432113
2016-01-25,IWM,0.019778471,-0.073644586,0.09342305,train,-0.0756174
2016-01-25,SPY,0.013550976,0.017924806,0.00437383,train,-0.015721152
2016-01-25,TLT,0.00047621632,0.008375885,0.007899669,train,-0.0050839884
2016-01-26,EFA,-0.006418111,-0.08090026,0.07448215,train,-0.06375854
2016-01-26,IWM,-0.013843824,-0.15353769,0.13969387,train,-0.073644586
2016-01-26,SPY,-0.01094335,-0.0073089916,0.0036343588,train,0.017924806
2016-01-26,TLT,-0.00023788016,-0.0016315489,0.0013936687,train,0.008375885
2016-01-27,EFA,0.0029392648,-0.04200606,0.044945326,train,-0.08090026
2016-01-27,IWM,-0.00020088532,-0.07554762,0.07534674,train,-0.15353769
2016-01-27,SPY,0.005195797,-0.008115793,0.013311589,train,-0.0073089916
2016-01-27,TLT,0.0014266721,0.0051721353,0.0037454632,train,-0.0016315489
2016-01-28,EFA,0.01745468,-0.08422534,0.101680025,train,-0.04200606
2016-01-28,IWM,0.032275207,-0.10064174,0.13291696,train,-0.07554762
2016-01-28,SPY,0.02408458,-0.02327579,0.047360368,train,-0.008115793
2016-01-28,TLT,0.008440534,0.005808208,0.0026323255,train,0.0051721353
2016-01-29,EFA,-0.0010821124,-0.10642271,0.10534059,train,-0.08422534
2016-01-29,IWM,-0.0045748632,-0.022044593,0.01746973,train,-0.10064174
2016-01-29,SPY,-0.0003610306,-0.077821806,0.07746077,train,-0.02327579
2016-01-29,TLT,-0.003065793,0.013862152,0.016927944,train,0.005808208
2016-02-01,EFA,-0.023551844,-0.04785885,0.024307005,train,-0.10642271
2016-02-01,IWM,-0.021799266,-0.02819071,0.0063914433,train,-0.022044593
2016-02-01,SPY,-0.018186439,0.0029816572,0.021168096,train,-0.077821806
2016-02-01,TLT,0.018382126,0.0042321086,0.014150018,train,0.013862152
2016-02-02,EFA,0.008278959,-0.029284144,0.037563104,train,-0.04785885
2016-02-02,IWM,0.001295544,-0.05711326,0.058408804,train,-0.02819071
2016-02-02,SPY,0.005976914,-0.006600095,0.012577008,train,0.0029816572
2016-02-02,TLT,-0.008327568,0.014150748,0.022478316,train,0.0042321086
2016-02-03,EFA,0.0012818131,-0.05657137,0.057853185,train,-0.029284144
2016-02-03,IWM,0.0038767639,-0.039718464,0.04359523,train,-0.05711326
2016-02-03,SPY,0.0015670565,-0.035857245,0.037424304,train,-0.006600095
2016-02-03,TLT,0.004833884,0.0114416,0.0066077155,train,0.014150748
2016-02-04,EFA,-0.015490128,-0.02671138,0.011221252,train,-0.05657137
2016-02-04,IWM,-0.027763067,-0.038593084,0.010830017,train,-0.039718464
2016-02-04,SPY,-0.019234123,-0.0152202975,0.004013825,train,-0.035857245
2016-02-04,TLT,0.0011655277,0.012468105,0.011302577,train,0.0114416
2016-02-05,EFA,-0.018758575,-0.028352285,0.00959371,train,-0.02671138
2016-02-05,IWM,-0.016558021,-0.11424603,0.09768801,train,-0.038593084
2016-02-05,SPY,-0.013552351,-0.017905192,0.0043528415,train,-0.0152202975
2016-02-05,TLT,0.021291792,0.0036216658,0.017670127,train,0.012468105
2016-02-08,EFA,-0.011617841,-0.03933905,0.02772121,train,-0.028352285
2016-02-08,IWM,-0.006763712,-0.096943706,0.090179995,train,-0.11424603
2016-02-08,SPY,5.417845e-05,-0.029268457,0.029322635,train,-0.017905192
2016-02-08,TLT,0.0010640941,0.0110945795,0.010030486,train,0.0036216658
2016-02-09,EFA,-0.0011502446,-0.059939727,0.058789484,train,-0.03933905
2016-02-09,IWM,0.0005220871,-0.05096838,0.051490467,train,-0.096943706
2016-02-09,SPY,-0.00086322345,-0.03086667,0.030003445,train,-0.029268457
2016-02-09,TLT,0.00877388,0.004623521,0.004150359,train,0.0110945795
2016-02-10,EFA,-0.014683483,-0.0011074636,0.01357602,train,-0.059939727
2016-02-10,IWM,-0.010912074,0.017812131,0.028724205,train,-0.05096838
2016-02-10,SPY,-0.0130935125,0.015378719,0.028472232,train,-0.03086667
2016-02-10,TLT,0.0069791237,0.0032252092,0.0037539145,train,0.004623521
2016-02-11,EFA,0.01736461,-0.009135151,0.026499761,train,-0.0011074636
2016-02-11,IWM,0.018811202,0.008462606,0.010348596,train,0.017812131
2016-02-11,SPY,0.020406932,-0.015527265,0.035934195,train,0.015378719
2016-02-11,TLT,-0.016741376,-0.0107247215,0.006016655,train,0.0032252092
2016-02-12,EFA,0.020072896,0.0049244594,0.015148437,train,-0.009135151
2016-02-12,IWM,0.023431927,-0.02901891,0.052450836,train,0.008462606
2016-02-12,SPY,0.016737703,-0.024120705,0.04085841,train,-0.015527265
2016-02-12,TLT,-0.010626803,-0.004627535,0.005999268,train,-0.0107247215
2016-02-16,EFA,0.017100722,-0.01996596,0.037066683,train,0.0049244594
2016-02-16,IWM,0.015554254,0.004735342,0.010818912,train,-0.02901891
2016-02-16,SPY,0.016202703,-0.01695942,0.033162124,train,-0.024120705
2016-02-16,TLT,-0.00616735,-0.0074007073,0.0012333575,train,-0.004627535
2016-02-17,EFA,-0.005173588,-0.008879585,0.003705997,train,-0.01996596
2016-02-17,IWM,-0.0047911755,0.04237111,0.047162283,train,0.004735342
2016-02-17,SPY,-0.004104411,-0.02831494,0.02421053,train,-0.01695942
2016-02-17,TLT,0.01222091,0.020633461,0.008412551,train,-0.0074007073
2016-02-18,EFA,-0.0011123896,0.013949366,0.015061756,train,-0.008879585
2016-02-18,IWM,0.004989889,0.012508307,0.0075184177,train,0.04237111
2016-02-18,SPY,-0.00046845415,-0.007936766,0.007468312,train,-0.02831494
2016-02-18,TLT,0.00084021623,-0.0034325402,0.0042727566,train,0.020633461
2016-02-19,EFA,0.0112497015,0.035137065,0.023887362,train,0.013949366
2016-02-19,IWM,0.011088234,0.01049988,0.00058835465,train,0.012508307
2016-02-19,SPY,0.014375244,-0.02922648,0.043601725,train,-0.007936766
2016-02-19,TLT,-0.0005346153,0.016861532,0.017396146,train,-0.0034325402
2016-02-22,EFA,-0.016455902,-0.015979754,0.00047614798,train,0.035137065
2016-02-22,IWM,-0.00919828,-0.037758917,0.028560637,train,0.01049988
2016-02-22,SPY,-0.012709794,-0.009505218,0.0032045757,train,-0.02922648
2016-02-22,TLT,0.004039388,0.016446212,0.012406824,train,0.016861532
2016-02-23,EFA,-0.003548269,-0.0032000374,0.00034823152,train,-0.015979754
2016-02-23,IWM,0.009592063,-0.030835198,0.04042726,train,-0.037758917
2016-02-23,SPY,0.0045654597,-0.02497276,0.029538218,train,-0.009505218
2016-02-23,TLT,-0.001979289,0.009089259,0.011068549,train,0.016446212
2016-02-24,EFA,0.011902636,0.005740268,0.0061623678,train,-0.0032000374
2016-02-24,IWM,0.00911087,-0.035404667,0.044515535,train,-0.030835198
2016-02-24,SPY,0.012038336,-0.025037428,0.037075765,train,-0.02497276
2016-02-24,TLT,0.003575898,0.008060492,0.004484594,train,0.009089259
2016-02-25,EFA,-0.0025917687,-0.028278634,0.025686866,train,0.005740268
2016-02-25,IWM,0.006319049,-0.04824596,0.05456501,train,-0.035404667
2016-02-25,SPY,-0.00230361,-0.026041584,0.023737974,train,-0.025037428
2016-02-25,TLT,-0.009692384,0.012176106,0.02186849,train,0.008060492
2016-02-26,EFA,-0.0059490055,-0.02088477,0.014935765,train,-0.028278634
2016-02-26,IWM,-0.0044676657,-0.005156992,0.0006893263,train,-0.04824596
2016-02-26,SPY,-0.00787338,-0.040428698,0.03255532,train,-0.026041584
2016-02-26,TLT,0.004361511,0.008195054,0.0038335426,train,0.012176106
2016-02-29,EFA,0.025769703,-0.008079661,0.033849366,train,-0.02088477
2016-02-29,IWM,0.021284457,-0.0059984215,0.027282879,train,-0.005156992
2016-02-29,SPY,0.023234937,-0.007148782,0.03038372,train,-0.040428698
2016-02-29,TLT,-0.017765062,0.011682946,0.029448008,train,0.008195054
2016-03-01,EFA,0.0068816706,-0.009156479,0.01603815,train,-0.008079661
2016-03-01,IWM,0.010238814,0.008992998,0.0012458162,train,-0.0059984215
2016-03-01,SPY,0.0044821743,-0.0101885265,0.014670701,train,-0.007148782
2016-03-01,TLT,0.004118243,0.009668417,0.005550174,train,0.011682946
2016-03-02,EFA,0.009698395,-0.0115554165,0.021253811,train,-0.009156479
2016-03-02,IWM,0.010415511,-0.0028270567,0.013242568,train,0.008992998
2016-03-02,SPY,0.0039119786,-0.01041573,0.014327709,train,-0.0101885265
2016-03-02,TLT,0.0036376524,0.013749508,0.010111855,train,0.009668417
2016-03-03,EFA,0.007301311,-0.013652237,0.020953547,train,-0.0115554165
2016-03-03,IWM,0.00549238,-0.02358901,0.02908139,train,-0.0028270567
2016-03-03,SPY,0.0032484971,-0.022573251,0.02582175,train,-0.01041573
2016-03-03,TLT,-0.006433301,9.3796756e-05,0.006527098,train,0.013749508
2016-03-04,EFA,-0.0012428978,-0.016808262,0.015565365,train,-0.013652237
2016-03-04,IWM,0.010802801,-0.03148511,0.042287912,train,-0.02358901
2016-03-04,SPY,0.00079759856,-0.022655489,0.023453087,train,-0.022573251
2016-03-04,TLT,-0.0003110413,-0.022125097,0.021814056,train,9.3796756e-05
2016-03-07,EFA,-0.009818699,-0.021816473,0.011997774,train,-0.016808262
2016-03-07,IWM,-0.024449114,-0.008754419,0.015694695,train,-0.03148511
2016-03-07,SPY,-0.010977381,-0.006853717,0.004123664,train,-0.022655489
2016-03-07,TLT,0.010985308,0.02510916,0.014123852,train,-0.022125097
2016-03-08,EFA,0.0037602854,-0.05591894,0.059679225,train,-0.021816473
2016-03-08,IWM,0.005069076,-0.039383225,0.044452302,train,-0.008754419
2016-03-08,SPY,0.0049270494,-0.052401274,0.057328325,train,-0.006853717
2016-03-08,TLT,-0.0060966006,-0.039662153,0.03356555,train,0.02510916
2016-03-09,EFA,-0.0016100041,-0.0065307003,0.004920696,train,-0.05591894
2016-03-09,IWM,-0.008179392,-0.031178992,0.0229996,train,-0.039383225
2016-03-09,SPY,0.00080251927,-0.04176379,0.04256631,train,-0.052401274
2016-03-09,TLT,-0.00411074,-0.011061508,0.006950768,train,-0.039662153
2016-03-10,EFA,0.025801113,-0.0034860205,0.029287133,train,-0.0065307003
2016-03-10,IWM,0.021202493,-0.031818353,0.053020846,train,-0.031178992
2016-03-10,SPY,0.016008064,-0.037352808,0.053360872,train,-0.04176379
2016-03-10,TLT,-0.0101558985,-0.007918361,0.0022375379,train,-0.011061508
2016-03-11,EFA,-0.002095544,0.043773383,0.045868926,train,-0.0034860205
2016-03-11,IWM,-0.0025907978,0.0004976671,0.003088465,train,-0.031818353
2016-03-11,SPY,-0.0012832592,-0.028410781,0.027127521,train,-0.037352808
2016-03-11,TLT,0.0031359943,0.011452308,0.008316314,train,-0.007918361
2016-03-14,EFA,-0.009485445,-0.043111652,0.033626206,train,0.043773383
2016-03-14,IWM,-0.015690045,-0.018195763,0.0025057178,train,0.0004976671
2016-03-14,SPY,-0.0016309937,-0.036039397,0.0344084,train,-0.028410781
2016-03-14,TLT,0.0009385152,0.04516448,0.044225965,train,0.011452308
2016-03-15,EFA,0.008785593,-0.042766012,0.051551607,train,-0.043111652
2016-03-15,IWM,0.007035017,-0.009146778,0.016181795,train,-0.018195763
2016-03-15,SPY,0.005770457,-0.024897516,0.030667972,train,-0.036039397
2016-03-15,TLT,0.0029671313,0.01710797,0.014140838,train,0.04516448
2016-03-16,EFA,0.0076682563,-0.008681969,0.016350225,train,-0.042766012
2016-03-16,IWM,0.01521199,0.01461561,0.00059637986,train,-0.009146778
2016-03-16,SPY,0.0063242703,-0.011491455,0.017815726,train,-0.024897516
2016-03-16,TLT,0.0041241585,0.031575613,0.027451454,train,0.01710797
2016-03-17,EFA,-0.0017374422,-0.010644589,0.008907147,train,-0.008681969
2016-03-17,IWM,0.008981118,0.029729245,0.020748127,train,0.01461561
2016-03-17,SPY,0.003921905,-0.0005876436,0.0045095487,train,-0.011491455
2016-03-17,TLT,0.0020936776,0.009462993,0.0073693153,train,0.031575613
2016-03-18,EFA,-0.0015665699,-0.010616971,0.009050401,train,-0.010644589
2016-03-18,IWM,-0.0023746507,0.005284652,0.007659303,train,0.029729245
2016-03-18,SPY,0.0014180144,-0.021898162,0.023316177,train,-0.0005876436
2016-03-18,TLT,-0.0077003012,-0.008649688,0.000949387,train,0.009462993
2016-03-21,EFA,-0.001743287,-0.010192105,0.008448818,train,-0.010616971
2016-03-21,IWM,-0.0011898011,0.005912943,0.0071027437,train,0.005284652
2016-03-21,SPY,-0.00053791166,-0.002749303,0.0022113912,train,-0.021898162
2016-03-21,TLT,-0.00023400242,0.01865365,0.018887652,train,-0.008649688
2016-03-22,EFA,-0.010171854,-0.0034652166,0.0067066373,train,-0.010192105
2016-03-22,IWM,-0.018659016,0.0012039626,0.01986298,train,0.005912943
2016-03-22,SPY,-0.0066211834,-0.022982838,0.016361654,train,-0.002749303
2016-03-22,TLT,0.011260956,-0.002386758,0.013647714,train,0.01865365
2016-03-23,EFA,-0.006721007,-0.018665407,0.0119444,train,-0.0034652166
2016-03-23,IWM,0.002989655,-0.0015313979,0.004521053,train,0.0012039626
2016-03-23,SPY,-0.00044301015,-0.030937843,0.030494833,train,-0.022982838
2016-03-23,TLT,0.0003859947,-0.0019146595,0.0023006543,train,-0.002386758
2016-03-24,EFA,0.006015718,0.07140169,0.065385975,train,-0.018665407
2016-03-24,IWM,0.0012117266,0.008154491,0.0069427644,train,-0.0015313979
2016-03-24,SPY,0.00059028406,-0.02057506,0.021165343,train,-0.030937843
2016-03-24,TLT,0.0013110366,0.015314279,0.014003242,train,-0.0019146595
2016-03-28,EFA,0.010702764,-0.027596341,0.038299106,train,0.07140169
2016-03-28,IWM,0.027386514,0.04510528,0.017718764,train,0.008154491
2016-03-28,SPY,0.009207908,-0.020698393,0.0299063,train,-0.02057506
2016-03-28,TLT,0.010430392,-0.00030916464,0.0107395565,train,0.015314279
2016-03-29,EFA,0.007476242,-0.048814215,0.056290455,train,-0.027596341
2016-03-29,IWM,9.066284e-05,0.060624585,0.060533922,train,0.04510528
2016-03-29,SPY,0.0043782797,0.0081362175,0.0037579378,train,-0.020698393
2016-03-29,TLT,-0.010584415,-0.0062724017,0.0043120133,train,-0.00030916464
2016-03-30,EFA,-0.009922819,-0.031825602,0.021902783,train,-0.048814215
2016-03-30,IWM,0.0028058526,-0.003549994,0.0063558463,train,0.060624585
2016-03-30,SPY,-0.0024298653,-0.0040135775,0.0015837122,train,0.0081362175
2016-03-30,TLT,0.007069298,0.0015218053,0.0055474928,train,-0.0062724017
2016-03-31,EFA,-0.010728849,-0.009997739,0.00073110964,train,-0.031825602
2016-03-31,IWM,0.0044196583,0.003619358,0.0008003004,train,-0.003549994
2016-03-31,SPY,0.006788713,0.0005294825,0.0062592304,train,-0.0040135775
2016-03-31,TLT,0.0026045842,0.0059858803,0.003381296,train,0.0015218053
2016-04-01,EFA,-0.002124472,-0.008108631,0.0059841587,train,-0.009997739
2016-04-01,IWM,-0.008404455,0.013960356,0.02236481,train,0.003619358
2016-04-01,SPY,-0.0032431672,0.010284604,0.0135277705,train,0.0005294825
2016-04-01,TLT,0.00061208836,-0.016756417,0.017368505,train,0.0059858803
2016-04-04,EFA,-0.019866308,-0.042781174,0.022914866,train,-0.008108631
2016-04-04,IWM,-0.011408973,0.006326232,0.017735206,train,0.013960356
2016-04-04,SPY,-0.010038411,-0.009100463,0.000937948,train,0.010284604
2016-04-04,TLT,0.01087671,0.008631045,0.0022456646,train,-0.016756417
2016-04-05,EFA,0.016138159,0.038797252,0.022659093,train,-0.042781174
2016-04-05,IWM,0.01122719,-0.013215119,0.024442308,train,0.006326232
2016-04-05,SPY,0.010862034,-0.0049075224,0.015769556,train,-0.009100463
2016-04-05,TLT,-0.007288743,0.004931189,0.012219932,train,0.008631045
2016-04-06,EFA,-0.014693275,-0.008927641,0.0057656337,train,0.038797252
2016-04-06,IWM,-0.013616869,0.010079766,0.023696635,train,-0.013215119
2016-04-06,SPY,-0.012037804,-0.006022685,0.006015119,train,-0.0049075224
2016-04-06,TLT,0.012269457,-0.0033368804,0.015606337,train,0.004931189
2016-04-07,EFA,0.018952716,-0.005801725,0.024754442,train,-0.008927641
2016-04-07,IWM,0.003949026,-0.025771411,0.029720437,train,0.010079766
2016-04-07,SPY,0.0026930294,-0.0034215203,0.00611455,train,-0.006022685
2016-04-07,TLT,-0.00634309,0.014523761,0.020866852,train,-0.0033368804
2016-04-08,EFA,0.000531464,-0.004400192,0.0049316557,train,-0.005801725
2016-04-08,IWM,-0.003120809,0.010754159,0.013874968,train,-0.025771411
2016-04-08,SPY,-0.0023500558,-0.013926279,0.011576223,train,-0.0034215203
2016-04-08,TLT,-0.0012883232,0.0063898964,0.0076782196,train,0.014523761
2016-04-11,EFA,0.01476055,-0.0053806324,0.020141182,train,-0.004400192
2016-04-11,IWM,0.010698637,0.0469227,0.03622406,train,0.010754159
2016-04-11,SPY,0.009269853,-0.01620479,0.025474641,train,-0.013926279
2016-04-11,TLT,-0.0069265175,0.009487446,0.016413964,train,0.0063898964
2016-04-12,EFA,0.01574833,0.029789133,0.014040804,train,-0.0053806324
2016-04-12,IWM,0.021328477,0.011387531,0.0099409465,train,0.0469227
2016-04-12,SPY,0.010050252,0.030282011,0.02023176,train,-0.01620479
2016-04-12,TLT,0.003507379,0.0124390405,0.008931661,train,0.009487446
2016-04-13,EFA,0.0032570015,0.008210046,0.0049530445,train,0.029789133
2016-04-13,IWM,-0.0012472792,0.05613315,0.05738043,train,0.011387531
2016-04-13,SPY,4.8221504e-05,0.0022617253,0.0022135037,train,0.030282011
2016-04-13,TLT,-0.004806872,0.002422438,0.00722931,train,0.0124390405
2016-04-14,EFA,-0.0022274351,-0.019433225,0.01720579,train,0.008210046
2016-04-14,IWM,0.0024929277,0.0016260594,0.0008668683,train,0.05613315
2016-04-14,SPY,-0.0011064076,-0.0072896145,0.006183207,train,0.0022617253
2016-04-14,TLT,0.008528992,-0.003354808,0.0118838,train,0.002422438
2016-04-15,EFA,0.008539855,-0.005541684,0.014081539,train,-0.019433225
2016-04-15,IWM,0.0075305235,0.008105852,0.00057532825,train,0.0016260594
2016-04-15,SPY,0.0070020994,-0.010973312,0.017975412,train,-0.0072896145
2016-04-15,TLT,-0.00433211,0.012688061,0.017020172,train,-0.003354808
2016-04-18,EFA,0.017198138,0.030337682,0.013139544,train,-0.005541684
2016-04-18,IWM,0.000794,0.012165453,0.011371453,train,0.008105852
2016-04-18,SPY,0.0031491977,0.0148204025,0.011671205,train,-0.010973312
2016-04-18,TLT,-0.0031267228,0.011059845,0.014186568,train,0.012688061
2016-04-19,EFA,0.0008354922,0.048012502,0.04717701,train,0.030337682
2016-04-19,IWM,0.0014982717,0.007825206,0.0063269343,train,0.012165453
2016-04-19,SPY,0.000952624,0.010001439,0.009048815,train,0.0148204025
2016-04-19,TLT,-0.011061635,0.0012059719,0.012267606,train,0.011059845
2016-04-20,EFA,-0.0060312347,-0.018842427,0.012811192,train,0.048012502
2016-04-20,IWM,-0.0050321408,0.00020956062,0.0052417014,train,0.007825206
2016-04-20,SPY,-0.005393099,0.0015378017,0.0069309007,train,0.010001439
2016-04-20,TLT,-0.005965528,-0.0072516548,0.0012861267,train,0.0012059719
2016-04-21,EFA,0.00050423224,-0.037577823,0.038082056,train,-0.018842427
2016-04-21,IWM,0.009863502,0.0024002148,0.0074632876,train,0.00020956062
2016-04-21,SPY,0.0,-0.015125459,0.015125459,train,0.0015378017
2016-04-21,TLT,-0.0025670994,0.031502336,0.034069434,train,-0.0072516548
2016-04-22,EFA,-0.005051542,-0.012497686,0.007446144,train,-0.037577823
2016-04-22,IWM,-0.0071236333,-0.004047605,0.003076028,train,0.0024002148
2016-04-22,SPY,-0.0017242149,-0.010039089,0.008314874,train,-0.015125459
2016-04-22,TLT,-0.004138355,0.012508692,0.016647048,train,0.031502336
2016-04-25,EFA,0.003538601,-0.020374365,0.023912966,train,-0.012497686
2016-04-25,IWM,0.009749612,0.006339079,0.003410533,train,-0.004047605
2016-04-25,SPY,0.0014849636,-0.018495826,0.01998079,train,-0.010039089
2016-04-25,TLT,-0.004547371,-0.0016780142,0.002869357,train,0.012508692
2016-04-26,EFA,0.0006726431,-0.0041180234,0.0047906665,train,-0.020374365
2016-04-26,IWM,0.0034898578,0.0018915124,0.0015983453,train,0.006339079
2016-04-26,SPY,0.0020559842,-0.010281949,0.012337933,train,-0.018495826
2016-04-26,TLT,0.009930698,0.011898881,0.0019681826,train,-0.0016780142
2016-04-27,EFA,-0.013709251,-0.0003313953,0.0133778555,train,-0.0041180234
2016-04-27,IWM,-0.01147577,0.020991266,0.032467037,train,0.0018915124
2016-04-27,SPY,-0.009117023,-0.016018322,0.0069012986,train,-0.010281949
2016-04-27,TLT,0.004115872,0.025719153,0.02160328,train,0.011898881
2016-04-28,EFA,-0.004269499,-0.0035732612,0.00069623766,train,-0.0003313953
2016-04-28,IWM,-0.009027203,0.001653525,0.010680728,train,0.020991266
2016-04-28,SPY,-0.005413306,-0.026814906,0.021401599,train,-0.016018322
2016-04-28,TLT,0.0025533147,0.015326342,0.012773027,train,0.025719153
2016-04-29,EFA,0.009368777,0.039543122,0.030174345,train,-0.0035732612
2016-04-29,IWM,0.008851103,-0.0021345983,0.0109857,train,0.001653525
2016-04-29,SPY,0.007916712,-0.012251964,0.020168677,train,-0.026814906
2016-04-29,TLT,-0.010118905,0.027254399,0.037373304,train,0.015326342
2016-05-02,EFA,-0.016583024,0.0046413913,0.021224415,train,0.039543122
2016-05-02,IWM,-0.016526408,0.009904588,0.026430996,train,-0.0021345983
2016-05-02,SPY,-0.008740694,0.007043097,0.01578379,train,-0.012251964
2016-05-02,TLT,0.012517414,0.03473279,0.022215374,train,0.027254399
2016-05-03,EFA,-0.011616886,0.035801806,0.04741869,train,0.0046413913
2016-05-03,IWM,-0.008276532,0.07127403,0.07955056,train,0.009904588
2016-05-03,SPY,-0.0055941227,-0.0145986,0.009004477,train,0.007043097
2016-05-03,TLT,0.0054705455,0.026819667,0.02134912,train,0.03473279
2016-05-04,EFA,-0.0020949023,0.03866023,0.04075513,train,0.035801806
2016-05-04,IWM,-0.0039824285,0.025606653,0.029589081,train,0.07127403
2016-05-04,SPY,-0.0001951987,-0.012157068,0.011961869,train,-0.0145986
2016-05-04,TLT,0.0066627506,-0.0010200571,0.0076828077,train,0.026819667
2016-05-05,EFA,0.0027923784,0.0070352815,0.004242903,train,0.03866023
2016-05-05,IWM,0.005877773,0.012038887,0.0061611137,train,0.025606653
2016-05-05,SPY,0.0036523878,-0.0023113713,0.005963759,train,-0.012157068
2016-05-05,TLT,-0.0042836317,-0.010722301,0.0064386693,train,-0.0010200571
2016-05-06,EFA,-0.0020937098,-0.002284171,0.00019046129,train,0.0070352815
2016-05-06,IWM,0.0028810238,-0.015549937,0.018430961,train,0.012038887
2016-05-06,SPY,0.0008257438,0.0008923542,6.66104e-05,train,-0.0023113713
2016-05-06,TLT,0.0031375312,-0.012779683,0.015917214,train,-0.010722301
2016-05-09,EFA,0.014219188,-0.0026797466,0.016898934,train,-0.002284171
2016-05-09,IWM,0.0100189475,-0.012208436,0.022227384,train,-0.015549937
2016-05-09,SPY,0.01235727,0.0060020136,0.006355257,train,0.0008923542
2016-05-09,TLT,7.685462e-05,0.0015791897,0.0015023351,train,-0.012779683
2016-05-10,EFA,-0.008646001,-0.015319152,0.0066731507,train,-0.0026797466
2016-05-10,IWM,-0.012449425,6.193854e-05,0.012511363,train,-0.012208436
2016-05-10,SPY,-0.0093986215,0.004548596,0.013947218,train,0.0060020136
2016-05-10,TLT,0.005638586,-0.006656181,0.012294767,train,0.0015791897
2016-05-11,EFA,-0.00034751062,-0.0062190825,0.005871572,train,-0.015319152
2016-05-11,IWM,-0.0053312634,-0.008329399,0.0029981355,train,6.193854e-05
2016-05-11,SPY,0.00029026796,-0.016037941,0.016328208,train,0.004548596
2016-05-11,TLT,-0.0045693396,-0.008321049,0.0037517091,train,-0.006656181
2016-05-12,EFA,-0.010302931,0.021081744,0.031384677,train,-0.0062190825
2016-05-12,IWM,-0.0066362754,-0.016488833,0.009852558,train,-0.008329399
2016-05-12,SPY,-0.008752248,-0.010966158,0.0022139093,train,-0.016037941
2016-05-12,TLT,0.009647318,-0.0044875517,0.01413487,train,-0.008321049
2016-05-13,EFA,0.011865511,0.017634079,0.0057685683,train,0.021081744
2016-05-13,IWM,0.012598291,0.00032445462,0.012273837,train,-0.016488833
2016-05-13,SPY,0.009816941,0.012530126,0.0027131848,train,-0.010966158
2016-05-13,TLT,-0.008655296,0.009469105,0.018124402,train,-0.0044875517
2016-05-16,EFA,-0.0073120315,-0.009071423,0.0017593913,train,0.017634079
2016-05-16,IWM,-0.015978543,-0.033721596,0.017743053,train,0.00032445462
2016-05-16,SPY,-0.009377216,0.023253689,0.032630906,train,0.012530126
2016-05-16,TLT,0.0016754931,-0.00040112063,0.0020766137,train,0.009469105
2016-05-17,EFA,0.00034915452,0.021620832,0.021271678,train,-0.009071423
2016-05-17,IWM,0.0052028527,0.03343965,0.028236799,train,-0.033721596
2016-05-17,SPY,0.00029234335,-0.0046031345,0.004895478,train,0.023253689
2016-05-17,TLT,-0.014337458,-0.0119190905,0.0024183672,train,-0.00040112063
2016-05-18,EFA,-0.0071872175,-0.0016145278,0.0055726897,train,0.021620832
2016-05-18,IWM,-0.008044153,0.003555527,0.01159968,train,0.03343965
2016-05-18,SPY,-0.0034705293,-0.0059256237,0.0024550944,train,-0.0046031345
2016-05-18,TLT,0.004315321,0.025532963,0.021217642,train,-0.0119190905
2016-05-19,EFA,0.008234848,0.014825417,0.0065905685,train,-0.0016145278
2016-05-19,IWM,0.016655842,-0.00511726,0.021773102,train,0.003555527
2016-05-19,SPY,0.0062974924,0.0036842823,0.0026132101,train,-0.0059256237
2016-05-19,TLT,0.0007681521,0.02139902,0.020630866,train,0.025532963
2016-05-20,EFA,-0.0033209387,0.016524438,0.019845376,train,0.014825417
2016-05-20,IWM,-0.0011740965,-0.024105044,0.022930948,train,-0.00511726
2016-05-20,SPY,-0.0013635595,-0.013066836,0.011703276,train,0.0036842823
2016-05-20,TLT,0.002226194,0.016458102,0.014231907,train,0.02139902
2016-05-23,EFA,0.014426421,0.009155361,0.0052710604,train,0.016524438
2016-05-23,IWM,0.020394478,0.016270155,0.004124323,train,-0.024105044
2016-05-23,SPY,0.012878623,0.009238149,0.0036404738,train,-0.013066836
2016-05-23,TLT,-0.0044566626,0.00013042078,0.004587083,train,0.016458102
2016-05-24,EFA,0.01047127,-0.003759188,0.014230458,train,0.009155361
2016-05-24,IWM,0.0058268174,-0.021509418,0.027336236,train,0.016270155
2016-05-24,SPY,0.0067604114,-0.0071156607,0.013876072,train,0.009238149
2016-05-24,TLT,-0.003780392,0.009573679,0.013354071,train,0.00013042078
2016-05-25,EFA,0.0027285689,-0.008195847,0.010924416,train,-0.003759188
2016-05-25,IWM,-0.0011451899,0.02541764,0.02656283,train,-0.021509418
2016-05-25,SPY,0.00028675498,0.008059297,0.0077725416,train,-0.0071156607
2016-05-25,TLT,0.005165523,0.0048870007,0.00027852226,train,0.009573679
2016-05-26,EFA,-0.0010224617,0.0044426788,0.0054651406,train,-0.008195847
2016-05-26,IWM,0.009909561,0.013153389,0.0032438282,train,0.02541764
2016-05-26,SPY,0.004290038,-0.0028981976,0.0071882354,train,0.008059297
2016-05-26,TLT,-0.001461968,0.0008175727,0.0022795405,train,0.0048870007
2016-05-27,EFA,-0.0047847717,-0.014703453,0.00991868,train,0.0044426788
2016-05-27,IWM,0.0034842326,0.01213269,0.008648458,train,0.013153389
2016-05-27,SPY,-0.0019045445,-0.0039443783,0.002039834,train,-0.0028981976
2016-05-27,TLT,0.0023843495,0.0007374785,0.001646871,train,0.0008175727
2016-05-31,EFA,-0.0008567371,-0.025679868,0.024823131,train,-0.014703453
2016-05-31,IWM,0.0067597283,-0.0018321117,0.00859184,train,0.01213269
2016-05-31,SPY,0.0020470645,-0.022804515,0.02485158,train,-0.0039443783
2016-05-31,TLT,0.004049471,-0.010268931,0.014318403,train,0.0007374785
2016-06-01,EFA,0.0,0.0022632554,0.0022632554,train,-0.025679868
2016-06-01,IWM,0.007657383,0.0030327789,0.0046246042,train,-0.0018321117
2016-06-01,SPY,0.003039195,-0.002261294,0.0053004893,train,-0.022804515
2016-06-01,TLT,0.00718121,-0.008076287,0.015257496,train,-0.010268931
2016-06-02,EFA,0.006493516,-0.02078559,0.027279107,train,0.0022632554
2016-06-02,IWM,-0.0060178176,0.007082848,0.013100665,train,0.0030327789
2016-06-02,SPY,-0.002991835,-0.0063169776,0.0033251427,train,-0.002261294
2016-06-02,TLT,0.014135253,0.020354586,0.006219333,train,-0.008076287
2016-06-03,EFA,0.0056051835,0.004864673,0.0007405104,train,-0.02078559
2016-06-03,IWM,0.0107209915,-0.015394989,0.02611598,train,0.007082848
2016-06-03,SPY,0.005075984,-0.020104798,0.025180781,train,-0.0063169776
2016-06-03,TLT,-0.0074587306,-0.009611115,0.0021523843,train,0.020354586
2016-06-06,EFA,0.0072569633,0.01550048,0.008243517,train,0.004864673
2016-06-06,IWM,0.0028964612,0.008445258,0.005548797,train,-0.015394989
2016-06-06,SPY,0.0015599066,-0.0039967634,0.00555667,train,-0.020104798
2016-06-06,TLT,0.0024173432,-0.0023938436,0.004811187,train,-0.009611115
2016-06-07,EFA,0.0020156365,0.004247068,0.0022314314,train,0.01550048
2016-06-07,IWM,0.0073733563,-0.010425465,0.017798822,train,0.008445258
2016-06-07,SPY,0.0032544865,-0.027879586,0.031134073,train,-0.0039967634
2016-06-07,TLT,0.005341637,0.010664647,0.0053230105,train,-0.0023938436
2016-06-08,EFA,-0.012326022,0.00085733086,0.013183353,train,0.004247068
2016-06-08,IWM,-0.0064381845,0.029079048,0.03551723,train,-0.010425465
2016-06-08,SPY,-0.0013667346,-0.013937733,0.012570999,train,-0.027879586
2016-06-08,TLT,0.0064326157,-0.0022905767,0.008723192,train,0.010664647
2016-06-09,EFA,-0.029482422,0.017188435,0.046670858,train,0.00085733086
2016-06-09,IWM,-0.013690876,-0.0051932903,0.008497586,train,0.029079048
2016-06-09,SPY,-0.0095226,-0.0327114,0.023188801,train,-0.013937733
2016-06-09,TLT,0.00483404,-0.00049049035,0.0053245304,train,-0.0022905767
2016-06-10,EFA,-0.014629761,0.04712577,0.06175553,train,0.017188435
2016-06-10,IWM,-0.010914675,-0.01822704,0.007312366,train,-0.0051932903
2016-06-10,SPY,-0.00774162,-0.010907041,0.003165421,train,-0.0327114
2016-06-10,TLT,0.0044418504,-0.016545301,0.020987151,train,-0.00049049035
2016-06-13,EFA,-0.016109183,0.0072102416,0.023319425,train,0.04712577
2016-06-13,IWM,-0.0028780447,-0.008510593,0.0056325486,train,-0.01822704
2016-06-13,SPY,-0.001968783,-0.0024680132,0.0004992301,train,-0.010907041
2016-06-13,TLT,-0.0007392343,-0.0004440425,0.00029519183,train,-0.016545301
2016-06-14,EFA,0.006654218,-0.01213935,0.018793568,train,0.0072102416
2016-06-14,IWM,0.0006981413,0.036530092,0.03583195,train,-0.008510593
2016-06-14,SPY,-0.0013949422,0.008202386,0.0095973285,train,-0.0024680132
2016-06-14,TLT,0.0038367144,-0.014064653,0.017901367,train,-0.0004440425
2016-06-15,EFA,0.002148633,-0.0013197493,0.0034683822,train,-0.01213935
2016-06-15,IWM,-8.715597e-05,0.025142368,0.025229525,train,0.036530092
2016-06-15,SPY,0.002980078,0.0022009853,0.0007790928,train,0.008202386
2016-06-15,TLT,0.004848146,-0.00048067258,0.005328818,train,-0.014064653
2016-06-16,EFA,0.0097889,-0.032691002,0.042479903,train,-0.0013197493
2016-06-16,IWM,-0.004286883,-0.0199354,0.015648516,train,0.025142368
2016-06-16,SPY,-0.0037311248,-0.0015748059,0.0021563189,train,0.0022009853
2016-06-16,TLT,-0.006247833,3.721472e-05,0.0062850476,train,-0.00048067258
2016-06-17,EFA,0.024494164,-0.054842487,0.07933665,train,-0.032691002
2016-06-17,IWM,0.0108127305,0.019554855,0.008742125,train,-0.0199354
2016-06-17,SPY,0.0064193136,-0.0110073835,0.017426698,train,-0.0015748059
2016-06-17,TLT,-0.010750407,-0.019843189,0.009092782,train,3.721472e-05
2016-06-20,EFA,0.008090176,-0.048080973,0.05617115,train,-0.054842487
2016-06-20,IWM,-0.0019098689,0.0066953003,0.008605169,train,0.019554855
2016-06-20,SPY,0.0028344404,0.008215888,0.005381448,train,-0.0110073835
2016-06-20,TLT,-0.004631674,-0.00410687,0.000524804,train,-0.019843189
2016-06-21,EFA,-0.00061258127,-0.033175938,0.032563355,train,-0.048080973
2016-06-21,IWM,-0.0039181127,-0.004951414,0.0010333015,train,0.0066953003
2016-06-21,SPY,-0.0016325675,0.015189497,0.016822064,train,0.008215888
2016-06-21,TLT,0.0016456101,-0.0017644921,0.0034101023,train,-0.00410687
2016-06-22,EFA,0.027285537,-0.005919488,0.033205025,train,-0.033175938
2016-06-22,IWM,0.018924978,0.0021184287,0.016806548,train,-0.004951414
2016-06-22,SPY,0.012938592,-0.007617017,0.020555608,train,0.015189497
2016-06-22,TLT,-0.011504484,0.028895104,0.04039959,train,-0.0017644921
2016-06-23,EFA,-0.08977167,-0.0035433937,0.08622828,train,-0.005919488
2016-06-23,IWM,-0.03874833,0.007675424,0.046423756,train,0.0021184287
2016-06-23,SPY,-0.036569558,0.020043682,0.05661324,train,-0.007617017
2016-06-23,TLT,0.026493473,0.022014815,0.0044786576,train,0.028895104
2016-06-24,EFA,-0.019381808,-0.03008269,0.0107008815,train,-0.0035433937
2016-06-24,IWM,-0.033386085,-0.02639054,0.0069955457,train,0.007675424
2016-06-24,SPY,-0.018072467,0.010761322,0.02883379,train,0.020043682
2016-06-24,TLT,0.024660254,-0.014238676,0.03889893,train,0.022014815
2016-06-27,EFA,0.025882682,0.028227633,0.002344951,train,-0.03008269
2016-06-27,IWM,0.015338447,-0.11154511,0.12688355,train,-0.02639054
2016-06-27,SPY,0.017875448,-0.027855478,0.045730926,train,0.010761322
2016-06-27,TLT,0.0020815788,0.0016977172,0.0003838616,train,-0.014238676
2016-06-28,EFA,0.018164176,0.10122438,0.083060205,train,0.028227633
2016-06-28,IWM,0.022486843,-0.016523466,0.03901031,train,-0.11154511
2016-06-28,SPY,0.016884131,-0.044924557,0.06180869,train,-0.027855478
2016-06-28,TLT,-0.0077020824,0.011853652,0.019555734,train,0.0016977172
2016-06-29,EFA,0.014798969,0.060244627,0.04544566,train,0.10122438
2016-06-29,IWM,0.01843317,-0.0011512078,0.019584378,train,-0.016523466
2016-06-29,SPY,0.013553384,-0.019392023,0.032945406,train,-0.044924557
2016-06-29,TLT,0.0036788983,0.009740969,0.006062071,train,0.011853652
2016-06-30,EFA,0.0,0.022907892,0.022907892,train,0.060244627
2016-06-30,IWM,0.0035591912,0.02255876,0.01899957,train,-0.0011512078
2016-06-30,SPY,0.002098637,-0.041480176,0.043578815,train,-0.019392023
2016-06-30,TLT,0.013788508,0.013169972,0.000618536,train,0.009740969
2016-07-01,EFA,-0.019537438,-0.001439007,0.01809843,train,0.022907892
2016-07-01,IWM,-0.014842088,0.036050215,0.050892305,train,0.02255876
2016-07-01,SPY,-0.0072195646,0.031603396,0.03882296,train,-0.041480176
2016-07-01,TLT,0.012442556,0.014018465,0.0015759086,train,0.013169972
2016-07-05,EFA,-0.0018285331,0.015929563,0.017758096,train,-0.001439007
2016-07-05,IWM,0.0072346455,0.004620094,0.0026145517,train,0.036050215
2016-07-05,SPY,0.0059800167,0.022960465,0.016980449,train,0.031603396
2016-07-05,TLT,0.0016153442,-0.0068179537,0.008433298,train,0.014018465
2016-07-06,EFA,-0.004034507,-0.016863147,0.01282864,train,0.015929563
2016-07-06,IWM,0.0021052195,-0.004784422,0.0068896413,train,0.004620094
2016-07-06,SPY,-0.0006200956,0.03151294,0.032133035,train,0.022960465
2016-07-06,TLT,-7.055743e-05,-0.018344656,0.018274099,train,-0.0068179537
2016-07-07,EFA,0.015136683,0.003944209,0.0111924745,train,-0.016863147
2016-07-07,IWM,0.023039304,0.024039248,0.0009999443,train,-0.004784422
2016-07-07,SPY,0.014780622,0.023949426,0.009168804,train,0.03151294
2016-07-07,TLT,0.007338666,-0.009781959,0.017120624,train,-0.018344656
2016-07-08,EFA,0.014554073,-0.086716905,0.10127098,train,0.003944209
2016-07-08,IWM,0.0114928875,-0.11123139,0.12272427,train,0.024039248
2016-07-08,SPY,0.0035203975,-0.02491807,0.028438468,train,0.023949426
2016-07-08,TLT,-0.008812786,-0.016885418,0.008072632,train,-0.009781959
2016-07-11,EFA,0.013465947,-0.023162847,0.036628794,train,-0.086716905
2016-07-11,IWM,0.0132853715,-0.037121013,0.050406385,train,-0.11123139
2016-07-11,SPY,0.0072371303,-0.016610142,0.023847273,train,-0.02491807
2016-07-11,TLT,-0.016576322,-0.020841816,0.0042654946,train,-0.016885418
2016-07-12,EFA,-0.0010565144,0.061140664,0.06219718,train,-0.023162847
2016-07-12,IWM,-0.003933761,0.01041943,0.0143531915,train,-0.037121013
2016-07-12,SPY,-0.00013960754,-0.024015091,0.023875484,train,-0.016610142
2016-07-12,TLT,0.011716675,-0.019433327,0.031150002,train,-0.020841816
2016-07-13,EFA,0.00859577,-0.03237336,0.040969133,train,0.061140664
2016-07-13,IWM,0.001006139,-0.02243014,0.02343628,train,0.01041943
2016-07-13,SPY,0.0055681653,-0.02495432,0.030522486,train,-0.024015091
2016-07-13,TLT,-0.014649353,0.01359334,0.028242692,train,-0.019433327
2016-07-14,EFA,-0.0050782696,0.04571259,0.05079086,train,-0.03237336
2016-07-14,IWM,0.0027605765,-0.014843594,0.01760417,train,-0.02243014
2016-07-14,SPY,-0.0013426559,0.0074253306,0.008767987,train,-0.02495432
2016-07-14,TLT,-0.008634011,-0.008393066,0.00024094526,train,0.01359334
2016-07-15,EFA,0.0024546797,0.018713446,0.016258767,train,0.04571259
2016-07-15,IWM,0.0016693448,-0.020058399,0.021727744,train,-0.014843594
2016-07-15,SPY,0.0026835115,-0.0060269646,0.008710476,train,0.0074253306
2016-07-15,TLT,-0.0009399022,-0.043893218,0.042953316,train,-0.008393066
2016-07-18,EFA,-0.007911968,0.034039475,0.041951444,train,0.018713446
2016-07-18,IWM,-0.0050165625,-0.029924732,0.02490817,train,-0.020058399
2016-07-18,SPY,-0.0010171356,-0.016218692,0.0152015565,train,-0.0060269646
2016-07-18,TLT,0.0056255637,0.023011865,0.017386302,train,-0.043893218
2016-07-19,EFA,0.008962283,0.012050508,0.0030882247,train,0.034039475
2016-07-19,IWM,0.0065166797,-0.028510625,0.035027303,train,-0.029924732
2016-07-19,SPY,0.0041542826,-0.010882163,0.015036446,train,-0.016218692
2016-07-19,TLT,-0.005480939,-0.02251408,0.017033141,train,0.023011865
2016-07-20,EFA,-0.004031991,0.072279915,0.07631191,train,0.012050508
2016-07-20,IWM,-0.0047581485,-0.026382037,0.021623887,train,-0.028510625
2016-07-20,SPY,-0.0037842805,-0.01881309,0.01502881,train,-0.010882163
2016-07-20,TLT,0.0020229828,0.036979258,0.034956276,train,-0.02251408
2016-07-21,EFA,0.0019304336,0.0011866521,0.00074378145,train,0.072279915
2016-07-21,IWM,0.007419528,-0.020172236,0.027591765,train,-0.026382037
2016-07-21,SPY,0.0044754785,0.041000247,0.03652477,train,-0.01881309
2016-07-21,TLT,0.0017307237,-0.011781956,0.013512679,train,0.036979258
2016-07-22,EFA,-0.0012280989,0.046346165,0.047574263,train,0.0011866521
2016-07-22,IWM,-0.0014960557,0.0039745066,0.0054705623,train,-0.020172236
2016-07-22,SPY,-0.0027201232,-0.017315794,0.014595671,train,0.041000247
2016-07-22,TLT,-0.00072083663,-0.0096383765,0.00891754,train,-0.011781956
2016-07-25,EFA,0.0042041214,-0.008654665,0.012858787,train,0.046346165
2016-07-25,IWM,0.0048128148,-0.03196667,0.036779486,train,0.0039745066
2016-07-25,SPY,0.0004618696,-0.022177882,0.022639751,train,-0.017315794
2016-07-25,TLT,0.0015853987,-0.020504028,0.022089425,train,-0.0096383765
2016-07-26,EFA,0.0036638447,-0.048126556,0.0517904,train,-0.008654665
2016-07-26,IWM,0.0028103406,-0.013576651,0.016386991,train,-0.03196667
2016-07-26,SPY,-0.001061788,-0.017396519,0.016334731,train,-0.022177882
2016-07-26,TLT,0.01237581,0.00078261644,0.011593194,train,-0.020504028
2016-07-27,EFA,-0.001045381,-0.021942178,0.020896796,train,-0.048126556
2016-07-27,IWM,-0.0025619927,-0.024412267,0.021850275,train,-0.013576651
2016-07-27,SPY,0.001153939,-0.0043301582,0.005484097,train,-0.017396519
2016-07-27,TLT,-0.0018502995,0.003970757,0.0058210567,train,0.00078261644
2016-07-28,EFA,0.011785239,-0.031676993,0.04346223,train,-0.021942178
2016-07-28,IWM,0.0019842812,-0.0036533587,0.00563764,train,-0.024412267
2016-07-28,SPY,0.0016132809,0.006928241,0.00531496,train,-0.0043301582
2016-07-28,TLT,0.008299308,-0.002375489,0.010674797,train,0.003970757
2016-07-29,EFA,-0.0065687913,0.032233633,0.038802423,train,-0.031676993
2016-07-29,IWM,0.00082564686,-0.027004374,0.027830021,train,-0.0036533587
2016-07-29,SPY,-0.00082955934,0.0055832285,0.006412788,train,0.006928241
2016-07-29,TLT,-0.010901134,0.004680611,0.015581746,train,-0.002375489
2016-08-01,EFA,-0.0050424202,0.00043411367,0.005476534,train,0.032233633
2016-08-01,IWM,-0.014045582,-0.008055701,0.005989881,train,-0.027004374
2016-08-01,SPY,-0.0064276424,-0.00022169668,0.0062059457,train,0.0055832285
2016-08-01,TLT,-0.010356281,-0.014984336,0.004628055,train,0.004680611
2016-08-02,EFA,-0.003492055,-0.015694499,0.012202444,train,0.00043411367
2016-08-02,IWM,0.008085896,0.00023122318,0.007854673,train,-0.008055701
2016-08-02,SPY,0.002918221,0.002102743,0.00081547815,train,-0.00022169668
2016-08-02,TLT,0.00057824707,-0.0045828447,0.0051610917,train,-0.014984336
2016-08-03,EFA,0.0057557854,-0.013291631,0.019047417,train,-0.015694499
2016-08-03,IWM,0.0009127608,0.02082464,0.019911878,train,0.00023122318
2016-08-03,SPY,0.0010634573,0.012131091,0.0110676335,train,0.002102743
2016-08-03,TLT,0.007485802,0.018256765,0.0107709635,train,-0.0045828447
2016-08-04,EFA,0.0045115342,-0.035180777,0.039692312,train,-0.013291631
2016-08-04,IWM,0.014329483,0.01658027,0.0022507878,train,0.02082464
2016-08-04,SPY,0.008145626,0.011483125,0.0033374997,train,0.012131091
2016-08-04,TLT,-0.010452418,-0.03055122,0.020098802,train,0.018256765
2016-08-05,EFA,0.002075301,-0.007068691,0.009143991,train,-0.035180777
2016-08-05,IWM,-0.00049085554,0.027277501,0.027768357,train,0.01658027
2016-08-05,SPY,-0.0005958735,0.016109535,0.016705409,train,0.011483125
2016-08-05,TLT,0.0018824068,0.0022708587,0.00038845197,train,-0.03055122
2016-08-08,EFA,0.007916135,-0.039596893,0.047513027,train,-0.007068691
2016-08-08,IWM,0.0010630401,0.015981179,0.014918138,train,0.027277501
2016-08-08,SPY,0.0005958735,0.009005748,0.0084098745,train,0.016109535
2016-08-08,TLT,0.009788447,0.01647132,0.0066828737,train,0.0022708587
2016-08-09,EFA,0.0034224002,0.024333024,0.020910624,train,-0.039596893
2016-08-09,IWM,-0.007217272,0.006134426,0.013351698,train,0.015981179
2016-08-09,SPY,-0.0024781385,0.011127421,0.013605559,train,0.009005748
2016-08-09,TLT,0.0038603526,-0.029993167,0.03385352,train,0.01647132
2016-08-10,EFA,0.007148644,-0.0012400616,0.008388706,train,0.024333024
2016-08-10,IWM,0.004762553,-0.0063508675,0.01111342,train,0.006134426
2016-08-10,SPY,0.0046300134,0.0015959162,0.0030340971,train,0.011127421
2016-08-10,TLT,-0.008958334,-0.003955085,0.0050032493,train,-0.029993167
2016-08-11,EFA,-0.0025471451,0.01909267,0.021639815,train,-0.0012400616
2016-08-11,IWM,0.0009826955,0.012651844,0.011669149,train,-0.0063508675
2016-08-11,SPY,-0.0008691827,0.014024075,0.014893258,train,0.0015959162
2016-08-11,TLT,0.008386884,-0.009376245,0.017763129,train,-0.003955085
2016-08-12,EFA,0.0039034355,-0.011198306,0.015101742,train,0.01909267
2016-08-12,IWM,0.009853907,0.0017919317,0.008061975,train,0.012651844
2016-08-12,SPY,0.002879649,0.0105692,0.007689551,train,0.014024075
2016-08-12,TLT,-0.009467475,0.009457575,0.01892505,train,-0.009376245
2016-08-15,EFA,-0.0015256247,0.0038384777,0.0053641023,train,-0.011198306
2016-08-15,IWM,-0.008136651,0.012097599,0.02023425,train,0.0017919317
2016-08-15,SPY,-0.0051710573,0.016947253,0.02211831,train,0.0105692
2016-08-15,TLT,-0.002669819,0.009074939,0.011744758,train,0.009457575
2016-08-16,EFA,-0.00033935352,0.0037619402,0.0041012936,train,0.0038384777
2016-08-16,IWM,-0.002945706,0.005212769,0.008158475,train,0.012097599
2016-08-16,SPY,0.0018790958,-0.004946688,0.006825784,train,0.016947253
2016-08-16,TLT,0.005979713,-0.0012380928,0.007217806,train,0.009074939
2016-08-17,EFA,0.0050779097,-0.0047082063,0.009786116,train,0.0037619402
2016-08-17,IWM,0.0073476736,0.00072744675,0.006620227,train,0.005212769
2016-08-17,SPY,0.0022414385,0.0055751605,0.003333722,train,-0.004946688
2016-08-17,TLT,0.0015784566,0.004375078,0.002796621,train,-0.0012380928
2016-08-18,EFA,-0.007456443,-0.0267989,0.019342458,train,-0.0047082063
2016-08-18,IWM,0.0,0.011048464,0.011048464,train,0.00072744675
2016-08-18,SPY,-0.0014633754,0.01972288,0.021186257,train,0.0055751605
2016-08-18,TLT,-0.005248688,0.013665065,0.018913753,train,0.004375078
2016-08-19,EFA,0.0010200519,-0.0025086254,0.0035286774,train,-0.0267989
2016-08-19,IWM,0.002275095,0.0051575573,0.0028824622,train,0.011048464
2016-08-19,SPY,-4.533438e-05,-0.0007465407,0.0007012063,train,0.01972288
2016-08-19,TLT,0.008399353,-0.016585922,0.024985276,train,0.013665065
2016-08-22,EFA,0.004239023,-0.056381986,0.06062101,train,-0.0025086254
2016-08-22,IWM,0.006955082,-0.0013186438,0.008273726,train,0.0051575573
2016-08-22,SPY,0.0020111618,0.011670534,0.009659372,train,-0.0007465407
2016-08-22,TLT,0.0010720141,-0.0013717609,0.002443775,train,-0.016585922
2016-08-23,EFA,-0.0023718544,-0.026229134,0.023857279,train,-0.056381986
2016-08-23,IWM,-0.008173467,0.0012441408,0.009417607,train,-0.0013186438
2016-08-23,SPY,-0.005127931,0.012440333,0.017568264,train,0.011670534
2016-08-23,TLT,-0.0023596939,0.0022579962,0.00461769,train,-0.0013717609
2016-08-24,EFA,-0.004078827,-0.012048898,0.007970071,train,-0.026229134
2016-08-24,IWM,0.0019484102,0.0008493825,0.0010990277,train,0.0012441408
2016-08-24,SPY,-0.00068885274,-0.001884006,0.0011951532,train,0.012440333
2016-08-24,TLT,-0.0038010876,0.0007914002,0.0045924876,train,0.0022579962
2016-08-25,EFA,-0.005978041,-0.018126504,0.012148464,train,-0.012048898
2016-08-25,IWM,-0.002029656,0.0016365135,0.0036661695,train,0.0008493825
2016-08-25,SPY,-0.0018849664,0.0012591202,0.0031440866,train,-0.001884006
2016-08-25,TLT,-0.005836947,-0.007938697,0.00210175,train,0.0007914002
2016-08-26,EFA,0.0030788302,0.12811199,0.12503316,train,-0.018126504
2016-08-26,IWM,0.005187304,-0.0033533417,0.008540646,train,0.0016365135
2016-08-26,SPY,0.004912245,0.0021605976,0.0027516475,train,0.0012591202
2016-08-26,TLT,0.013282163,-0.0004515499,0.013733713,train,-0.007938697
2016-08-29,EFA,-0.001367218,-0.080627434,0.079260215,train,0.12811199
2016-08-29,IWM,0.0018577515,0.0032627769,0.0014050254,train,-0.0033533417
2016-08-29,SPY,-0.0016500473,0.011671495,0.013321542,train,0.0021605976
2016-08-29,TLT,-0.0038589027,0.011749065,0.015607967,train,-0.0004515499
2016-08-30,EFA,-0.002054511,-0.06096241,0.058907896,train,-0.080627434
2016-08-30,IWM,-0.0056643547,0.002044058,0.0077084126,train,0.0032627769
2016-08-30,SPY,-0.0028481642,0.006403451,0.009251615,train,0.011671495
2016-08-30,TLT,0.0014312441,0.010422092,0.0089908475,train,0.011749065
2016-08-31,EFA,0.0068318755,-0.012140477,0.018972352,train,-0.06096241
2016-08-31,IWM,0.0007297569,-0.016375544,0.0171053,train,0.002044058
2016-08-31,SPY,4.6393878e-05,-0.0042838417,0.0043302355,train,0.006403451
2016-08-31,TLT,0.0011023034,-0.024229126,0.02533143,train,0.010422092
2016-09-01,EFA,0.01150792,-0.11466883,0.12617674,train,-0.012140477
2016-09-01,IWM,0.009603671,-0.0006487535,0.0102524245,train,-0.016375544
2016-09-01,SPY,0.0044974317,-0.0032174024,0.007714834,train,-0.0042838417
2016-09-01,TLT,-0.008189998,-0.008121474,6.852392e-05,train,-0.024229126
2016-09-02,EFA,0.0067080534,-0.07072588,0.07743394,train,-0.11466883
2016-09-02,IWM,0.00096323964,0.007819254,0.0068560145,train,-0.0006487535
2016-09-02,SPY,0.0030178416,0.013538087,0.010520245,train,-0.0032174024
2016-09-02,TLT,0.0072594993,0.0012904909,0.0059690084,train,-0.008121474
2016-09-06,EFA,0.0005012905,0.015748804,0.015247514,train,-0.07072588
2016-09-06,IWM,0.006239058,0.018404571,0.012165513,train,0.007819254
2016-09-06,SPY,-9.0793386e-05,0.018944481,0.019035274,train,0.013538087
2016-09-06,TLT,-0.00071673485,-0.015847059,0.015130324,train,0.0012904909
2016-09-07,EFA,-0.002843918,0.0046815444,0.0075254627,train,0.015748804
2016-09-07,IWM,-0.0019953602,0.012922484,0.014917845,train,0.018404571
2016-09-07,SPY,-0.0022861362,0.006164141,0.008450277,train,0.018944481
2016-09-07,TLT,-0.012620588,0.017043827,0.029664416,train,-0.015847059
2016-09-08,EFA,-0.019625165,-0.00332875,0.016296415,train,0.0046815444
2016-09-08,IWM,-0.031738702,0.015165115,0.04690382,train,0.012922484
2016-09-08,SPY,-0.0242259,0.010980413,0.035206314,train,0.006164141
2016-09-08,TLT,-0.016611058,0.001345465,0.017956523,train,0.017043827
2016-09-09,EFA,0.008167661,0.03511019,0.026942529,train,-0.00332875
2016-09-09,IWM,0.013842171,0.00898147,0.004860701,train,0.015165115
2016-09-09,SPY,0.014245756,-0.032120734,0.04636649,train,0.010980413
2016-09-09,TLT,0.0005160563,0.0007601511,0.00024409476,train,0.001345465
2016-09-12,EFA,-0.020372199,0.003019914,0.023392113,train,0.03511019
2016-09-12,IWM,-0.019383013,-0.048538066,0.029155053,train,0.00898147
2016-09-12,SPY,-0.014479961,-0.0065844767,0.007895485,train,-0.032120734
2016-09-12,TLT,-0.011422316,-0.0053865127,0.006035803,train,0.0007601511
2016-09-13,EFA,-0.0013848407,0.015371826,0.016756667,train,0.003019914
2016-09-13,IWM,0.00016582655,-0.012101745,0.012267572,train,-0.048538066
2016-09-13,SPY,-0.0003753618,-0.0027803476,0.0024049857,train,-0.0065844767
2016-09-13,TLT,0.0014904169,-0.0046198256,0.0061102426,train,-0.0053865127
2016-09-14,EFA,0.008622441,-0.05431714,0.062939584,train,0.015371826
2016-09-14,IWM,0.011869513,-0.022643762,0.034513276,train,-0.012101745
2016-09-14,SPY,0.009943534,-0.008077459,0.018020993,train,-0.0027803476
2016-09-14,TLT,-0.0043290854,-0.013366314,0.009037228,train,-0.0046198256
2016-09-15,EFA,-0.012961352,-0.027183935,0.014222583,train,-0.05431714
2016-09-15,IWM,-0.0014760073,-0.0075752945,0.0060992874,train,-0.022643762
2016-09-15,SPY,-0.0038730723,-0.02592223,0.022049157,train,-0.008077459
2016-09-15,TLT,0.0080472035,0.015928775,0.007881572,train,-0.013366314
2016-09-16,EFA,0.0052045085,0.039251745,0.034047235,train,-0.027183935
2016-09-16,IWM,0.006624768,0.012686947,0.0060621793,train,-0.0075752945
2016-09-16,SPY,0.00018718571,-0.013264824,0.013452009,train,-0.02592223
2016-09-16,TLT,-0.0032709835,0.026206734,0.029477717,train,0.015928775
2016-09-19,EFA,0.00603838,-0.01993457,0.025972951,train,0.039251745
2016-09-19,IWM,-0.0042477455,0.0003367737,0.004584519,train,0.012686947
2016-09-19,SPY,4.6936326e-05,0.0054653976,0.0054184613,train,-0.013264824
2016-09-19,TLT,0.003492974,0.04253217,0.039039195,train,0.026206734
2016-09-20,EFA,0.017391585,0.0006011771,0.016790409,train,-0.01993457
2016-09-20,IWM,0.014386358,0.009908078,0.0044782795,train,0.0003367737
2016-09-20,SPY,0.0111825885,-0.0025394987,0.013722087,train,0.0054653976
2016-09-20,TLT,0.008055107,0.007330328,0.0007247785,train,0.04253217
2016-09-21,EFA,0.01009115,-0.016502356,0.026593506,train,0.0006011771
2016-09-21,IWM,0.014261799,-0.005681021,0.01994282,train,0.009908078
2016-09-21,SPY,0.0062818388,-0.019644931,0.025926769,train,-0.0025394987
2016-09-21,TLT,0.007917202,0.011613129,0.0036959266,train,0.007330328
2016-09-22,EFA,-0.008402034,0.013092147,0.02149418,train,-0.016502356
2016-09-22,IWM,-0.0071053025,0.03788594,0.044991244,train,-0.005681021
2016-09-22,SPY,-0.005494273,0.03164225,0.037136525,train,-0.019644931
2016-09-22,TLT,-0.00094981294,0.0041077547,0.0050575677,train,0.011613129
2016-09-23,EFA,-0.009324786,-0.010068687,0.0007439004,train,0.013092147
2016-09-23,IWM,-0.009980014,-0.011931401,0.0019513872,train,0.03788594
2016-09-23,SPY,-0.008135308,-0.009867769,0.0017324612,train,0.03164225
2016-09-23,TLT,0.0063385097,-0.013037535,0.019376045,train,0.0041077547
2016-09-26,EFA,0.0047582244,0.034115814,0.02935759,train,-0.010068687
2016-09-26,IWM,0.0040490283,0.0065049976,0.0024559693,train,-0.011931401
2016-09-26,SPY,0.0061888746,-0.02230229,0.028491165,train,-0.009867769
2016-09-26,TLT,0.0073090205,-0.0071631335,0.014472154,train,-0.013037535
2016-09-27,EFA,0.007094559,8.215336e-05,0.0070124054,train,0.034115814
2016-09-27,IWM,0.007648663,-0.022019738,0.029668402,train,0.0065049976
2016-09-27,SPY,0.0049510687,0.0057965796,0.000845511,train,-0.02230229
2016-09-27,TLT,-0.0021659876,-0.013247019,0.011081031,train,-0.0071631335
2016-09-28,EFA,-0.0125342095,-0.0028258795,0.00970833,train,8.215336e-05
2016-09-28,IWM,-0.014704853,-0.0071086735,0.00759618,train,-0.022019738
2016-09-28,SPY,-0.009088609,0.0030901078,0.012178717,train,0.0057965796
2016-09-28,TLT,0.0025259105,-0.018813437,0.021339348,train,-0.013247019
2016-09-29,EFA,0.0078100436,0.0115258545,0.0037158108,train,-0.0028258795
2016-09-29,IWM,0.010928146,-0.023499036,0.03442718,train,-0.0071086735
2016-09-29,SPY,0.0075179986,-0.005682818,0.013200817,train,0.0030901078
2016-09-29,TLT,-0.008977047,-0.02954691,0.020569865,train,-0.018813437
2016-09-30,EFA,-0.0027096872,0.03814812,0.040857807,train,0.0115258545
2016-09-30,IWM,-0.0031449986,-0.025626065,0.022481067,train,-0.023499036
2016-09-30,SPY,-0.0024070137,0.017878814,0.020285828,train,-0.005682818
2016-09-30,TLT,-0.0033053933,0.0007530693,0.0040584626,train,-0.02954691
2016-10-03,EFA,-0.00016973312,-0.011552809,0.011383075,train,0.03814812
2016-10-03,IWM,-0.0049384525,0.00877744,0.013715892,train,-0.025626065
2016-10-03,SPY,-0.005110985,-0.029364362,0.024253378,train,0.017878814
2016-10-03,TLT,-0.011764168,-0.0125689,0.00080473255,train,0.0007530693
2016-10-04,EFA,0.004062428,-0.038447,0.04250943,train,-0.011552809
2016-10-04,IWM,0.0059880926,0.028472116,0.022484023,train,0.00877744
2016-10-04,SPY,0.0044158115,-0.009346004,0.013761815,train,-0.029364362
2016-10-04,TLT,-0.0046706665,0.04343628,0.048106946,train,-0.0125689
2016-10-05,EFA,-0.005419961,0.023276515,0.028696477,train,-0.038447
2016-10-05,IWM,-0.0010496401,0.025731733,0.026781373,train,0.028472116
2016-10-05,SPY,0.0006951733,0.018342393,0.01764722,train,-0.009346004
2016-10-05,TLT,-0.0055884398,0.028294114,0.033882555,train,0.04343628
2016-10-06,EFA,-0.005108172,-0.020474618,0.015366446,train,0.023276515
2016-10-06,IWM,-0.008027418,-0.0036872383,0.0043401793,train,0.025731733
2016-10-06,SPY,-0.0034354457,-0.0065083485,0.0030729028,train,0.018342393
2016-10-06,TLT,0.00067289063,0.028101837,0.027428947,train,0.028294114
2016-10-07,EFA,0.0028978137,0.0023850985,0.0005127152,train,-0.020474618
2016-10-07,IWM,0.011896634,0.005219022,0.0066776117,train,-0.0036872383
2016-10-07,SPY,0.005194971,-0.007195934,0.012390905,train,-0.0065083485
2016-10-07,TLT,-0.0059170267,0.012226185,0.01814321,train,0.028101837
2016-10-10,EFA,-0.01422839,0.0055871503,0.01981554,train,0.0023850985
2016-10-10,IWM,-0.018430892,0.0032188948,0.021649787,train,0.005219022
2016-10-10,SPY,-0.012709756,0.012439247,0.025149003,train,-0.007195934
2016-10-10,TLT,-0.0022557094,0.034247547,0.036503255,train,0.012226185
2016-10-11,EFA,-0.00224721,0.0035377922,0.0057850024,train,0.0055871503
2016-10-11,IWM,-0.00081981916,-0.0020050537,0.0011852345,train,0.0032188948
2016-10-11,SPY,0.001311188,0.017245019,0.01593383,train,0.012439247
2016-10-11,TLT,0.0009781361,0.0054739285,0.0044957926,train,0.034247547
2016-10-12,EFA,-0.0038138255,-0.005334256,0.0015204307,train,0.0035377922
2016-10-12,IWM,-0.008317969,-0.00021310057,0.008104868,train,-0.0020050537
2016-10-12,SPY,-0.0032809079,0.0014916165,0.0047725243,train,0.017245019
2016-10-12,TLT,0.003753547,-0.03255702,0.03631057,train,0.0054739285
2016-10-13,EFA,0.0017352889,-0.00711881,0.008854099,train,-0.005334256
2016-10-13,IWM,-0.0040605185,-0.012914819,0.0088543,train,-0.00021310057
2016-10-13,SPY,0.00051623234,0.0012576338,0.00074140145,train,0.0014916165
2016-10-13,TLT,-0.01411092,-0.03032258,0.016211659,train,-0.03255702
2016-10-14,EFA,-0.0029519869,-0.024784232,0.021832244,train,-0.00711881
2016-10-14,IWM,-0.0011632951,-0.035233915,0.03407062,train,-0.012914819
2016-10-14,SPY,-0.003478398,-0.0132319555,0.009753557,train,0.0012576338
2016-10-14,TLT,0.00636294,0.017212959,0.010850019,train,-0.03032258
2016-10-17,EFA,0.009864141,-0.004674986,0.014539127,train,-0.024784232
2016-10-17,IWM,0.0057197236,0.031126665,0.025406942,train,-0.035233915
2016-10-17,SPY,0.0062430734,-0.0015994171,0.00784249,train,-0.0132319555
2016-10-17,TLT,0.0032416126,-0.010591926,0.013833539,train,0.017212959
2016-10-18,EFA,0.0027511928,0.0014690477,0.001282145,train,-0.004674986
2016-10-18,IWM,0.00420682,0.051081993,0.04687517,train,0.031126665
2016-10-18,SPY,0.0026633984,0.015943294,0.013279896,train,-0.0015994171
2016-10-18,TLT,0.0008279073,-0.0145840775,0.015411985,train,-0.010591926
2016-10-19,EFA,0.001544734,0.024501827,0.022957092,train,0.0014690477
2016-10-19,IWM,-0.0029676233,0.019272765,0.02224039,train,0.051081993
2016-10-19,SPY,-0.0018683918,-0.010672577,0.008804185,train,0.015943294
2016-10-19,TLT,0.0010523382,-0.009346828,0.0103991665,train,-0.0145840775
2016-10-20,EFA,-0.002231693,0.012807542,0.015039235,train,0.024501827
2016-10-20,IWM,-0.00049550855,-0.013854591,0.013359083,train,0.019272765
2016-10-20,SPY,0.0004672389,-0.0024491511,0.00291639,train,-0.010672577
2016-10-20,TLT,0.0015011354,-0.036628023,0.03812916,train,-0.009346828
2016-10-21,EFA,-0.0001717485,0.029505318,0.029677067,train,0.012807542
2016-10-21,IWM,0.006339789,-0.0021102373,0.008450026,train,-0.013854591
2016-10-21,SPY,0.004243785,-0.012082268,0.016326053,train,-0.0024491511
2016-10-21,TLT,-0.004360254,0.008951427,0.013311681,train,-0.036628023
2016-10-24,EFA,-0.00068772276,0.020926906,0.021614628,train,0.029505318
2016-10-24,IWM,-0.0074969316,-0.01357696,0.0060800286,train,-0.0021102373
2016-10-24,SPY,-0.0033558211,0.0254971,0.028852921,train,-0.012082268
2016-10-24,TLT,0.0026334822,-0.020106608,0.02274009,train,0.008951427
2016-10-25,EFA,-0.004482068,-0.0029576211,0.001524447,train,0.020926906
2016-10-25,IWM,-0.009972528,-0.0012109913,0.008761536,train,-0.01357696
2016-10-25,SPY,-0.0020099366,-0.01081308,0.008803143,train,0.0254971
2016-10-25,TLT,-0.006785383,-0.018566051,0.011780668,train,-0.020106608
2016-10-26,EFA,-0.0012099161,-0.0017970446,0.00058712857,train,-0.0029576211
2016-10-26,IWM,-0.011508357,0.008241922,0.019750278,train,-0.0012109913
2016-10-26,SPY,-0.0026704685,-0.007788011,0.005117542,train,-0.01081308
2016-10-26,TLT,-0.010953752,0.004797492,0.015751245,train,-0.018566051
2016-10-27,EFA,-0.0003463956,0.014953837,0.015300232,train,-0.0017970446
2016-10-27,IWM,-0.0027918813,0.011013934,0.013805816,train,0.008241922
2016-10-27,SPY,-0.002960023,-0.006583863,0.00362384,train,-0.007788011
2016-10-27,TLT,-0.0022211361,0.019513257,0.021734392,train,0.004797492
2016-10-28,EFA,0.0005192432,0.01274384,0.012224597,train,0.014953837
2016-10-28,IWM,0.0039739893,0.010169441,0.0061954516,train,0.011013934
2016-10-28,SPY,4.74621e-05,-0.026397776,0.026445238,train,-0.006583863
2016-10-28,TLT,0.006114217,-0.0178195,0.023933716,train,0.019513257
2016-10-31,EFA,-0.0043330686,-0.00030945335,0.0040236153,train,0.01274384
2016-10-31,IWM,-0.012311959,0.028065188,0.040377147,train,0.010169441
2016-10-31,SPY,-0.0072721425,0.00034162286,0.007613765,train,-0.026397776
2016-10-31,TLT,7.568845e-05,-0.032648493,0.03272418,train,-0.0178195
2016-11-01,EFA,-0.0067975246,0.026150873,0.032948397,train,-0.00030945335
2016-11-01,IWM,-0.012810881,0.000108262524,0.012919144,train,0.028065188
2016-11-01,SPY,-0.0060365354,-0.013831077,0.007794542,train,0.00034162286
2016-11-01,TLT,0.004342179,0.0056169666,0.0012747878,train,-0.032648493
2016-11-02,EFA,-0.0010499475,0.040545255,0.041595202,train,0.026150873
2016-11-02,IWM,-0.004857941,0.004741164,0.0095991045,train,0.000108262524
2016-11-02,SPY,-0.004587228,-0.0026563872,0.0019308408,train,-0.013831077
2016-11-02,TLT,-0.007705963,-0.011102878,0.0033969143,train,0.0056169666
2016-11-03,EFA,-0.0096754795,0.015926937,0.025602415,train,0.040545255
2016-11-03,IWM,0.0064140735,-0.023321668,0.02973574,train,0.004741164
2016-11-03,SPY,-0.0011024952,0.008905435,0.01000793,train,-0.0026563872
2016-11-03,TLT,0.008921005,0.015646903,0.006725898,train,-0.011102878
2016-11-04,EFA,0.01369391,0.053041115,0.039347205,train,0.015926937
2016-11-04,IWM,0.02415713,-0.025560709,0.049717836,train,-0.023321668
2016-11-04,SPY,0.021817226,-0.00061104633,0.022428272,train,0.008905435
2016-11-04,TLT,-0.008538652,-0.011434058,0.0028954055,train,0.015646903
2016-11-07,EFA,0.002786211,0.0024501374,0.00033607357,train,0.053041115
2016-11-07,IWM,0.002611017,0.030930093,0.028319076,train,-0.025560709
2016-11-07,SPY,0.0044938903,-0.011162318,0.015656209,train,-0.00061104633
2016-11-07,TLT,-0.0040652873,0.00059022196,0.0046555093,train,-0.011434058
2016-11-08,EFA,0.0008690575,0.0018960685,0.001027011,train,0.0024501374
2016-11-08,IWM,0.030323017,-0.01081478,0.0411378,train,0.030930093
2016-11-08,SPY,0.010546101,0.0013256846,0.009220417,train,-0.011162318
2016-11-08,TLT,-0.043358527,0.0021193568,0.045477882,train,0.00059022196
2016-11-09,EFA,-0.0027836994,0.0324155,0.035199203,train,0.0018960685
2016-11-09,IWM,0.015868358,-0.05923914,0.0751075,train,-0.01081478
2016-11-09,SPY,0.0024923796,-0.012433251,0.014925631,train,0.0013256846
2016-11-09,TLT,-0.014881376,0.043727063,0.05860844,train,0.0021193568
2016-11-10,EFA,-0.0061159353,0.031425275,0.03754121,train,0.0324155
2016-11-10,IWM,0.022712125,0.018392598,0.0043195263,train,-0.05923914
2016-11-10,SPY,-0.00230747,0.04478439,0.04709186,train,-0.012433251
2016-11-10,TLT,-0.0056374827,-0.024490273,0.018852789,train,0.043727063
2016-11-11,EFA,-0.00544901,0.014851956,0.020300966,train,0.031425275
2016-11-11,IWM,0.013956637,0.021451084,0.007494447,train,0.018392598
2016-11-11,SPY,0.0007849736,0.0148773175,0.014092344,train,0.04478439
2016-11-11,TLT,-0.006000329,-0.0039216336,0.0020786952,train,-0.024490273
2016-11-14,EFA,0.004396492,-0.0025468813,0.0069433735,train,0.014851956
2016-11-14,IWM,0.0030925015,0.00836226,0.0052697584,train,0.021451084
2016-11-14,SPY,0.007772416,0.010963138,0.0031907223,train,0.0148773175
2016-11-14,TLT,0.0049341433,-0.019809127,0.02474327,train,-0.0039216336
2016-11-15,EFA,-0.010583789,-0.0068325144,0.0037512747,train,-0.0025468813
2016-11-15,IWM,-7.749941e-05,0.00020192005,0.00027941947,train,0.00836226
2016-11-15,SPY,-0.0018800976,0.005154065,0.0070341625,train,0.010963138
2016-11-15,TLT,0.008982872,0.00856675,0.00041612145,train,-0.019809127
2016-11-16,EFA,0.00759635,0.03599987,0.028403522,train,-0.0068325144
2016-11-16,IWM,0.0058498355,-0.022767298,0.028617132,train,0.00020192005
2016-11-16,SPY,0.0051276633,-0.019333372,0.024461035,train,0.005154065
2016-11-16,TLT,-0.014823783,0.01815313,0.03297691,train,0.00856675
2016-11-17,EFA,-0.010971549,-0.011899427,0.0009278776,train,0.03599987
2016-11-17,IWM,0.0052818055,-0.033821687,0.039103493,train,-0.022767298
2016-11-17,SPY,-0.0022398697,-0.019865122,0.017625252,train,-0.019333372
2016-11-17,TLT,-0.002891784,-0.016343446,0.013451662,train,0.01815313
2016-11-18,EFA,0.008504669,0.02200847,0.0135038,train,-0.011899427
2016-11-18,IWM,0.004646014,-0.055037647,0.059683662,train,-0.033821687
2016-11-18,SPY,0.0075228284,-0.023483586,0.031006414,train,-0.019865122
2016-11-18,TLT,0.0024793816,-0.02695079,0.029430171,train,-0.016343446
2016-11-21,EFA,0.0024668798,0.01683287,0.01436599,train,0.02200847
2016-11-21,IWM,0.009077421,-0.050598666,0.05967609,train,-0.055037647
2016-11-21,SPY,0.0019513913,-0.008716519,0.010667911,train,-0.023483586
2016-11-21,TLT,-0.00033028904,-0.019010244,0.018679954,train,-0.02695079
2016-11-22,EFA,-0.003526183,0.0057508433,0.009277026,train,0.01683287
2016-11-22,IWM,0.006230181,-0.06749948,0.073729664,train,-0.050598666
2016-11-22,SPY,0.0005439085,-0.027858512,0.028402422,train,-0.008716519
2016-11-22,TLT,-0.0038884967,-0.015893856,0.012005359,train,-0.019010244
2016-11-23,EFA,0.0029980654,0.004351478,0.0013534126,train,0.0057508433
2016-11-23,IWM,0.0032875335,-0.049645253,0.052932788,train,-0.06749948
2016-11-23,SPY,0.0037083444,-0.025492165,0.02920051,train,-0.027858512
2016-11-23,TLT,0.0014906124,-0.027047457,0.028538069,train,-0.015893856
2016-11-25,EFA,-0.0052966634,0.00097236875,0.006269032,train,0.004351478
2016-11-25,IWM,-0.01306367,-0.033320546,0.020256877,train,-0.049645253
2016-11-25,SPY,-0.0047057495,-0.014565334,0.009859584,train,-0.025492165
2016-11-25,TLT,0.00733999,-0.020221675,0.027561665,train,-0.027047457
2016-11-28,EFA,0.0063526197,0.020515254,0.014162634,train,0.00097236875
2016-11-28,IWM,-0.00052862236,-0.077471614,0.076942995,train,-0.033320546
2016-11-28,SPY,0.0019484734,-0.013890261,0.015838735,train,-0.014565334
2016-11-28,TLT,0.0041812877,-0.03293907,0.037120357,train,-0.020221675
2016-11-29,EFA,-0.0010559567,0.0014951853,0.0025511421,train,0.020515254
2016-11-29,IWM,-0.0049270145,-0.042567834,0.03764082,train,-0.077471614
2016-11-29,SPY,-0.0024020954,-0.0149364,0.0125343045,train,-0.013890261
2016-11-29,TLT,-0.016332723,-0.03664688,0.020314157,train,-0.03293907
2016-11-30,EFA,-0.0038814684,-0.011581866,0.0077003976,train,0.0014951853
2016-11-30,IWM,-0.004874423,-0.031400397,0.026525974,train,-0.042567834
2016-11-30,SPY,-0.0036821829,-0.02146801,0.017785827,train,-0.0149364
2016-11-30,TLT,-0.0106145805,-0.009215457,0.0013991231,train,-0.03664688
2016-12-01,EFA,0.002471671,-0.013055536,0.015527207,train,-0.011581866
2016-12-01,IWM,-0.0005350969,-0.016797347,0.01626225,train,-0.031400397
2016-12-01,SPY,0.0005008937,-0.01429135,0.014792243,train,-0.02146801
2016-12-01,TLT,0.0073006493,-0.07825321,0.08555386,train,-0.009215457
2016-12-02,EFA,0.00982657,-0.008194897,0.018021468,train,-0.013055536
2016-12-02,IWM,0.017042646,0.014294123,0.002748523,train,-0.016797347
2016-12-02,SPY,0.0059906743,-0.007715997,0.013706671,train,-0.01429135
2016-12-02,TLT,-0.0010877289,-0.115201965,0.11411424,train,-0.07825321
2016-12-05,EFA,0.006786703,0.013905222,0.0071185185,train,-0.008194897
2016-12-05,IWM,0.010757193,0.048074223,0.03731703,train,0.014294123
2016-12-05,SPY,0.0031623982,0.0008250419,0.0023373563,train,-0.007715997
2016-12-05,TLT,-0.00075390824,-0.097769156,0.09701525,train,-0.115201965
2016-12-06,EFA,0.014804864,0.0027067456,0.012098119,train,0.013905222
2016-12-06,IWM,0.0096860705,0.031737775,0.022051703,train,0.048074223
2016-12-06,SPY,0.012995981,0.013050372,5.43911e-05,train,0.0008250419
2016-12-06,TLT,0.008508245,-0.08446868,0.09297692,train,-0.097769156
2016-12-07,EFA,-0.00085479487,-0.015167607,0.014312812,train,0.0027067456
2016-12-07,IWM,0.0156238815,0.022354791,0.0067309095,train,0.031737775
2016-12-07,SPY,0.002445842,0.0012260908,0.0012197511,train,0.013050372
2016-12-07,TLT,-0.011863937,-0.09042626,0.07856232,train,-0.08446868
2016-12-08,EFA,0.0042664288,-0.016365945,0.020632375,train,-0.015167607
2016-12-08,IWM,0.001954336,0.011554761,0.009600425,train,0.022354791
2016-12-08,SPY,0.0060223844,0.015611313,0.009588929,train,0.0012260908
2016-12-08,TLT,-0.012517426,-0.013708437,0.0011910107,train,-0.09042626
2016-12-09,EFA,-0.004437441,0.0035962788,0.00803372,train,-0.016365945
2016-12-09,IWM,-0.010611807,0.008768028,0.019379836,train,0.011554761
2016-12-09,SPY,-0.0011487312,0.019914338,0.021063069,train,0.015611313
2016-12-09,TLT,0.0018706567,0.038762577,0.03689192,train,-0.013708437
2016-12-12,EFA,0.010718848,-0.02005235,0.030771196,train,0.0035962788
2016-12-12,IWM,7.266953e-05,-0.009028301,0.00910097,train,0.008768028
2016-12-12,SPY,0.0066516325,0.005071153,0.0015804796,train,0.019914338
2016-12-12,TLT,0.003561088,-0.010497346,0.0140584335,train,0.038762577
2016-12-13,EFA,-0.014832718,-0.01864975,0.0038170312,train,-0.02005235
2016-12-13,IWM,-0.012573404,0.0031268364,0.01570024,train,-0.009028301
2016-12-13,SPY,-0.008288354,0.0124824885,0.020770842,train,0.005071153
2016-12-13,TLT,-0.011235722,-0.0018026456,0.009433077,train,-0.010497346
2016-12-14,EFA,-0.0022354438,0.008789613,0.011025056,train,-0.01864975
2016-12-14,IWM,0.0074456725,0.0010611946,0.006384478,train,0.0031268364
2016-12-14,SPY,0.0041087572,-0.0160217,0.020130457,train,0.0124824885
2016-12-14,TLT,0.005037844,0.02989236,0.024854517,train,-0.0018026456
2016-12-15,EFA,0.0006884013,0.0034582033,0.002769802,train,0.008789613
2016-12-15,IWM,-0.0018377281,-0.003148457,0.001310729,train,0.0010611946
2016-12-15,SPY,-0.0019575746,-0.0025851517,0.0006275771,train,-0.0160217
2016-12-15,TLT,-0.0023025174,-0.06223052,0.059928004,train,0.02989236
2016-12-16,EFA,-0.0015493527,0.0037660664,0.0053154193,train,0.0034582033
2016-12-16,IWM,0.0065271654,0.0067323446,0.00020517921,train,-0.003148457
2016-12-16,SPY,0.0021748554,-0.019549983,0.021724839,train,-0.0025851517
2016-12-16,TLT,0.010699373,-0.056330882,0.06703025,train,-0.06223052
2016-12-19,EFA,0.0034398865,0.006985422,0.0035455357,train,0.0037660664
2016-12-19,IWM,0.008443451,0.0039108824,0.004532568,train,0.0067323446
2016-12-19,SPY,0.0038501413,-0.010695789,0.014545931,train,-0.019549983
2016-12-19,TLT,-0.004995948,-0.05960338,0.05460743,train,-0.056330882
2016-12-20,EFA,0.0002773392,0.008910943,0.008633603,train,0.006985422
2016-12-20,IWM,-0.006544854,0.0055571888,0.012102043,train,0.0039108824
2016-12-20,SPY,-0.002786304,-0.0148766525,0.012090349,train,-0.010695789
2016-12-20,TLT,0.004403741,-0.029398302,0.033802044,train,-0.05960338
2016-12-21,EFA,-0.0022570416,0.022378962,0.024636004,train,0.008910943
2016-12-21,IWM,-0.008660354,0.0050645955,0.013724949,train,0.0055571888
2016-12-21,SPY,-0.0017292713,-0.022303266,0.020573996,train,-0.0148766525
2016-12-21,TLT,-0.0017894092,-0.010762539,0.008973129,train,-0.029398302
2016-12-22,EFA,0.0026041267,0.013585454,0.010981327,train,0.022378962
2016-12-22,IWM,0.005306661,-0.008360003,0.013666664,train,0.0050645955
2016-12-22,SPY,0.0014632619,-0.021365045,0.022828307,train,-0.022303266
2016-12-22,TLT,0.0020357606,-0.041932903,0.043968663,train,-0.010762539
2016-12-23,EFA,-0.001214242,0.018789759,0.020004,train,0.013585454
2016-12-23,IWM,0.0044742487,0.003538536,0.00093571283,train,-0.008360003
2016-12-23,SPY,0.0024779292,-0.0018535573,0.0043314863,train,-0.021365045
2016-12-23,TLT,-0.003224522,0.0019288827,0.0051534045,train,-0.041932903
2016-12-27,EFA,-0.0038261018,0.006515825,0.010341927,train,0.018789759
2016-12-27,IWM,-0.010298318,0.010977069,0.021275386,train,0.003538536
2016-12-27,SPY,-0.00829894,0.0055489233,0.013847863,train,-0.0018535573
2016-12-27,TLT,0.0072823255,-0.04182294,0.049105264,train,0.0019288827
2016-12-28,EFA,0.0024362172,-0.012750593,0.01518681,train,0.006515825
2016-12-28,IWM,0.00088702847,0.0062737744,0.005386746,train,0.010977069
2016-12-28,SPY,-0.00022269577,-0.007440269,0.007217573,train,0.0055489233
2016-12-28,TLT,0.003536997,-0.04992915,0.053466145,train,-0.04182294
2016-12-29,EFA,0.0034704048,0.00034065638,0.0031297484,train,-0.012750593
2016-12-29,IWM,-0.0038486822,0.0030952916,0.0069439737,train,0.0062737744
2016-12-29,SPY,-0.00366167,0.010823971,0.01448564,train,-0.007440269
2016-12-29,TLT,0.0015119638,-0.022718012,0.024229975,train,-0.04992915
2016-12-30,EFA,0.006216659,-0.015833652,0.02205031,train,0.00034065638
2016-12-30,IWM,0.004956031,0.0014830749,0.0034729564,train,0.0030952916
2016-12-30,SPY,0.007621076,0.019630132,0.012009056,train,0.010823971
2016-12-30,TLT,0.004271894,-0.019053835,0.02332573,train,-0.022718012
2017-01-03,EFA,0.0112976525,-0.002444467,0.013742119,train,-0.015833652
2017-01-03,IWM,0.016538871,0.012173003,0.004365869,train,0.0014830749
2017-01-03,SPY,0.005931455,0.007351795,0.00142034,train,0.019630132
2017-01-03,TLT,0.0038378402,-0.020826334,0.024664175,train,-0.019053835
2017-01-04,EFA,0.00847472,-0.008154742,0.016629461,train,-0.002444467
2017-01-04,IWM,-0.011607408,-0.012215946,0.0006085383,train,0.012173003
2017-01-04,SPY,-0.00079484086,0.018552264,0.019347105,train,0.007351795
2017-01-04,TLT,0.015532267,0.049734235,0.03420197,train,-0.020826334
2017-01-05,EFA,-0.003381308,0.00962114,0.013002448,train,-0.008154742
2017-01-05,IWM,-0.0036776427,-0.016686112,0.013008469,train,-0.012215946
2017-01-05,SPY,0.003571509,-0.0062453616,0.00981687,train,0.018552264
2017-01-05,TLT,-0.00922435,0.036495686,0.045720033,train,0.049734235
2017-01-06,EFA,-0.0015253183,-0.008671651,0.0071463324,train,0.00962114
2017-01-06,IWM,-0.0065808357,-0.013161579,0.0065807435,train,-0.016686112
2017-01-06,SPY,-0.0033064657,0.008955432,0.012261897,train,-0.0062453616
2017-01-06,TLT,0.007993789,0.010114251,0.0021204613,train,0.036495686
2017-01-09,EFA,0.00016968878,-0.0071718795,0.0073415684,train,-0.008671651
2017-01-09,IWM,0.009524433,-0.024065096,0.033589527,train,-0.013161579
2017-01-09,SPY,0.0,-0.007806333,0.007806333,train,0.008955432
2017-01-09,TLT,-0.0006570257,-0.0059891543,0.0053321286,train,0.010114251
2017-01-10,EFA,0.005242922,-0.007825026,0.013067948,train,-0.0071718795
2017-01-10,IWM,0.0017617072,-0.00021507405,0.0019767813,train,-0.024065096
2017-01-10,SPY,0.002822143,-0.01188915,0.014711293,train,-0.007806333
2017-01-10,TLT,0.0033618582,-0.0032781565,0.0066400147,train,-0.0059891543
2017-01-11,EFA,0.0015170068,0.003620742,0.0021037352,train,-0.007825026
2017-01-11,IWM,-0.0077316887,-0.019937458,0.012205768,train,-0.00021507405
2017-01-11,SPY,-0.0025131316,0.0059824754,0.0084956065,train,-0.01188915
2017-01-11,TLT,-0.0022124269,-0.013765,0.011552573,train,-0.0032781565
2017-01-12,EFA,0.0036989886,-0.0020244305,0.005723419,train,0.003620742
2017-01-12,IWM,0.0072182408,-0.005611295,0.012829536,train,-0.019937458
2017-01-12,SPY,0.0022930838,-0.011933362,0.014226446,train,0.0059824754
2017-01-12,TLT,-0.004769756,-0.015699472,0.010929717,train,-0.013765
2017-01-13,EFA,-0.0036989886,0.008752976,0.012451964,train,-0.0020244305
2017-01-13,IWM,-0.013670239,0.012329839,0.026000079,train,-0.005611295
2017-01-13,SPY,-0.0035298588,0.012481438,0.016011298,train,-0.011933362
2017-01-13,TLT,0.0104145,-0.009257817,0.019672316,train,-0.015699472
2017-01-17,EFA,-0.0028671203,0.0034649316,0.006332052,train,0.008752976
2017-01-17,IWM,0.0032685294,-0.016736804,0.020005332,train,0.012329839
2017-01-17,SPY,0.0022073106,-0.01081156,0.013018871,train,0.012481438
2017-01-17,TLT,-0.012890103,0.0071027353,0.01999284,train,-0.009257817
2017-01-18,EFA,-0.0025371786,0.010154704,0.012691882,train,0.0034649316
2017-01-18,IWM,-0.008190771,0.0076244986,0.01581527,train,-0.016736804
2017-01-18,SPY,-0.003711235,0.015408518,0.019119753,train,-0.01081156
2017-01-18,TLT,-0.006883032,0.011826006,0.018709037,train,0.0071027353
2017-01-19,EFA,0.0057413047,0.021881638,0.016140334,train,0.010154704
2017-01-19,IWM,0.0051458245,0.0137181,0.008572276,train,0.0076244986
2017-01-19,SPY,0.0036673169,-0.0072748754,0.010942193,train,0.015408518
2017-01-19,TLT,-0.0019989884,-0.0050538667,0.0030548782,train,0.011826006
2017-01-20,EFA,0.0025225044,0.024504352,0.021981848,train,0.021881638
2017-01-20,IWM,-0.004174104,0.001200906,0.00537501,train,0.0137181
2017-01-20,SPY,-0.0026053463,0.0052387044,0.00784405,train,-0.0072748754
2017-01-20,TLT,0.009954897,0.009014824,0.00094007235,train,-0.0050538667
2017-01-23,EFA,0.00251599,0.0045241276,0.0020081375,train,0.024504352
2017-01-23,IWM,0.015195861,-0.0014051895,0.01660105,train,0.001200906
2017-01-23,SPY,0.006391151,0.0027944595,0.0035966914,train,0.0052387044
2017-01-23,TLT,-0.006874727,0.02582526,0.032699987,train,0.009014824
2017-01-24,EFA,0.010333575,0.006977301,0.0033562742,train,0.0045241276
2017-01-24,IWM,0.0093727,-0.011017919,0.020390619,train,-0.0014051895
2017-01-24,SPY,0.008618293,0.012363277,0.003744984,train,0.0027944595
2017-01-24,TLT,-0.012630277,0.020107485,0.03273776,train,0.02582526
2017-01-25,EFA,-0.0039874953,0.032828562,0.036816057,train,0.006977301
2017-01-25,IWM,-0.004016687,0.023982963,0.02799965,train,-0.011017919
2017-01-25,SPY,-0.0010459112,0.018856505,0.019902416,train,0.012363277
2017-01-25,TLT,0.0033616559,-0.006842399,0.010204054,train,0.020107485
2017-01-26,EFA,-0.0016660636,0.016627748,0.018293811,train,0.032828562
2017-01-26,IWM,-0.0034453287,-0.00017712824,0.0032682004,train,0.023982963
2017-01-26,SPY,-0.0015712286,0.0047318377,0.0063030664,train,0.018856505
2017-01-26,TLT,0.003600066,-0.0077008307,0.011300897,train,-0.006842399
2017-01-27,EFA,-0.007196007,0.015633574,0.022829581,train,0.016627748
2017-01-27,IWM,-0.014048754,0.0029493924,0.016998146,train,-0.00017712824
2017-01-27,SPY,-0.0062209503,0.002906669,0.009127619,train,0.0047318377
2017-01-27,TLT,-0.0030134679,0.0019029393,0.004916407,train,-0.0077008307
2017-01-30,EFA,0.001510387,0.028459964,0.026949577,train,0.015633574
2017-01-30,IWM,0.0069749877,0.018910406,0.0119354185,train,0.0029493924
2017-01-30,SPY,-8.7761786e-05,-0.0114082005,0.011320438,train,0.002906669
2017-01-30,TLT,0.006935121,-0.017896071,0.024831193,train,0.0019029393
2017-01-31,EFA,0.0040168595,0.012445034,0.008428175,train,0.028459964
2017-01-31,IWM,-0.0005917929,0.028844116,0.029435908,train,0.018910406
2017-01-31,SPY,0.00039544815,0.005865463,0.005470015,train,-0.0114082005
2017-01-31,TLT,-0.006202419,-0.03722085,0.031018432,train,-0.017896071
2017-02-01,EFA,0.00050107896,0.020781366,0.020280287,train,0.012445034
2017-02-01,IWM,-0.0025187489,0.0235733,0.026092049,train,0.028844116
2017-02-01,SPY,0.00065888773,0.010649998,0.00999111,train,0.005865463
2017-02-01,TLT,-0.00042012794,0.019521477,0.019941604,train,-0.03722085
2017-02-02,EFA,0.0039985394,0.016230011,0.012231472,train,0.020781366
2017-02-02,IWM,0.015165313,0.015217982,5.2669086e-05,train,0.0235733
2017-02-02,SPY,0.00686895,0.008989966,0.0021210155,train,0.010649998
2017-02-02,TLT,-0.00042005721,0.017552111,0.017972168,train,0.019521477
2017-02-03,EFA,-0.007175592,0.0112356,0.018411193,train,0.016230011
2017-02-03,IWM,-0.0075538456,0.018139832,0.025693677,train,0.015217982
2017-02-03,SPY,-0.0017892475,0.017943215,0.019732462,train,0.008989966
2017-02-03,TLT,0.006032456,-0.016329454,0.02236191,train,0.017552111
2017-02-06,EFA,-0.0010054332,0.01894055,0.019945983,train,0.0112356
2017-02-06,IWM,-0.004426866,0.005769305,0.010196171,train,0.018139832
2017-02-06,SPY,4.3728993e-05,-0.00026116148,0.00030489048,train,0.017943215
2017-02-06,TLT,0.007323841,-0.018649518,0.02597336,train,-0.016329454
2017-02-07,EFA,0.0016749937,0.014385054,0.01271006,train,0.01894055
2017-02-07,IWM,-0.0017759186,0.023289181,0.0250651,train,0.005769305
2017-02-07,SPY,0.0013095975,0.0068982486,0.005588651,train,-0.00026116148
2017-02-07,TLT,0.013506665,-0.009581035,0.023087699,train,-0.018649518
2017-02-08,EFA,0.004175251,0.011051994,0.006876743,train,0.014385054
2017-02-08,IWM,0.01397557,0.0038000038,0.010175566,train,0.023289181
2017-02-08,SPY,0.0059153186,0.004577186,0.0013381327,train,0.0068982486
2017-02-08,TLT,-0.0116017945,-0.024908965,0.013307171,train,-0.009581035
2017-02-09,EFA,0.0023307805,0.012703169,0.010372389,train,0.011051994
2017-02-09,IWM,0.007568064,0.0144202,0.006852136,train,0.0038000038
2017-02-09,SPY,0.0039381017,0.016187942,0.01224984,train,0.004577186
2017-02-09,TLT,-0.00057956047,0.015179982,0.015759543,train,-0.024908965
2017-02-10,EFA,0.00398278,0.013046695,0.009063914,train,0.012703169
2017-02-10,IWM,0.0026068857,0.0066318363,0.004024951,train,0.0144202
2017-02-10,SPY,0.005428101,0.010203892,0.0047757914,train,0.016187942
2017-02-10,TLT,-0.0031511865,0.007853914,0.011005101,train,0.015179982
2017-02-13,EFA,-0.0014917774,0.012586752,0.01407853,train,0.013046695
2017-02-13,IWM,0.0033204285,0.006932416,0.0036119875,train,0.0066318363
2017-02-13,SPY,0.00398729,0.010740314,0.0067530237,train,0.010203892
2017-02-13,TLT,-0.007253634,-0.013479782,0.0062261485,train,0.007853914
2017-02-14,EFA,0.0038074935,0.019822925,0.016015433,train,0.012586752
2017-02-14,IWM,0.0059635276,0.008752729,0.0027892012,train,0.006932416
2017-02-14,SPY,0.005206699,0.014613232,0.009406533,train,0.010740314
2017-02-14,TLT,-0.0046128277,0.042087957,0.046700783,train,-0.013479782
2017-02-15,EFA,0.002310777,0.011334652,0.009023875,train,0.019822925
2017-02-15,IWM,-0.0027977328,0.022420285,0.025218017,train,0.008752729
2017-02-15,SPY,-0.0008516856,0.016810952,0.017662637,train,0.014613232
2017-02-15,TLT,0.0054490184,0.012268368,0.0068193497,train,0.042087957
2017-02-16,EFA,-0.0026411596,0.010533081,0.013174241,train,0.011334652
2017-02-16,IWM,-0.00064665865,0.024842704,0.025489362,train,0.022420285
2017-02-16,SPY,0.0015751271,-0.004832126,0.0064072534,train,0.016810952
2017-02-16,TLT,0.005918223,-0.025139587,0.03105781,train,0.012268368
2017-02-17,EFA,0.00330032,0.011602525,0.008302204,train,0.010533081
2017-02-17,IWM,0.0078046126,-0.008590637,0.016395248,train,0.024842704
2017-02-17,SPY,0.005937291,-0.012968713,0.018906005,train,-0.004832126
2017-02-17,TLT,-0.0017464991,-0.014561931,0.012815432,train,-0.025139587
2017-02-21,EFA,0.0,0.009778148,0.009778148,train,0.011602525
2017-02-21,IWM,-0.0044315443,-0.003261265,0.0011702792,train,-0.008590637
2017-02-21,SPY,-0.00088809954,-0.0067447284,0.005856629,train,-0.012968713
2017-02-21,TLT,0.0016635841,0.013530526,0.011866942,train,-0.014561931
2017-02-22,EFA,0.0021392135,0.005516028,0.0033768145,train,0.009778148
2017-02-22,IWM,-0.005964324,-0.0063794744,0.00041515054,train,-0.003261265
2017-02-22,SPY,0.0006767153,-0.025857488,0.026534203,train,-0.0067447284
2017-02-22,TLT,0.002987934,-0.0023155832,0.005303517,train,0.013530526
2017-02-23,EFA,-0.0072594164,0.0153893065,0.022648722,train,0.005516028
2017-02-23,IWM,-0.0007212984,-0.013595995,0.012874696,train,-0.0063794744
2017-02-23,SPY,0.0012680083,-0.02799843,0.02926644,train,-0.025857488
2017-02-23,TLT,0.011043624,0.017052295,0.0060086707,train,-0.0023155832
2017-02-24,EFA,0.0006622716,0.023949878,0.023287607,train,0.0153893065
2017-02-24,IWM,0.009689901,-0.012281139,0.02197104,train,-0.013595995
2017-02-24,SPY,0.001561475,-0.017042797,0.018604271,train,-0.02799843
2017-02-24,TLT,-0.0059186546,-0.009554439,0.0036357846,train,0.017052295
2017-02-27,EFA,-0.0014906249,0.016852224,0.018342849,train,0.023949878
2017-02-27,IWM,-0.015548961,0.015651817,0.031200778,train,-0.012281139
2017-02-27,SPY,-0.0027026176,-0.013404025,0.010701407,train,-0.017042797
2017-02-27,TLT,0.0037032117,-0.005557392,0.009260603,train,-0.009554439
2017-02-28,EFA,0.0103868665,0.024248801,0.013861935,train,0.016852224
2017-02-28,IWM,0.018116867,0.020531327,0.0024144594,train,0.015651817
2017-02-28,SPY,0.013900517,-0.028800027,0.042700544,train,-0.013404025
2017-02-28,TLT,-0.016898695,0.007272863,0.024171557,train,-0.005557392
2017-03-01,EFA,-0.006582192,0.010874051,0.017456243,train,0.024248801
2017-03-01,IWM,-0.011536509,0.02772909,0.0392656,train,0.020531327
2017-03-01,SPY,-0.0063171354,-0.0060114735,0.00030566193,train,-0.028800027
2017-03-01,TLT,-0.0036056424,0.033312492,0.036918133,train,0.007272863
2017-03-02,EFA,0.005925788,0.024517884,0.018592097,train,0.010874051
2017-03-02,IWM,-0.0007212984,0.008006282,0.00872758,train,0.02772909
2017-03-02,SPY,0.00062907685,-0.029119633,0.02974871,train,-0.0060114735
2017-03-02,TLT,0.0026009488,-0.0045027947,0.0071037435,train,0.033312492
2017-03-03,EFA,-0.0031230978,0.010127449,0.013250547,train,0.024517884
2017-03-03,IWM,-0.0068750856,0.010862565,0.01773765,train,0.008006282
2017-03-03,SPY,-0.0029823591,-0.017769888,0.014787529,train,-0.029119633
2017-03-03,TLT,-0.0047872406,-0.014603272,0.009816032,train,-0.0045027947
2017-03-06,EFA,-0.0034635954,0.019613426,0.023077022,train,0.010127449
2017-03-06,IWM,-0.0065574865,-0.0004824435,0.006075043,train,0.010862565
2017-03-06,SPY,-0.0029914288,-0.01594459,0.012953162,train,-0.017769888
2017-03-06,TLT,-0.003035245,0.022029685,0.02506493,train,-0.014603272
2017-03-07,EFA,-0.0036409453,0.015066169,0.018707115,train,0.019613426
2017-03-07,IWM,-0.006600771,-0.017500916,0.010900145,train,-0.0004824435
2017-03-07,SPY,-0.0018580202,-0.005175785,0.003317765,train,-0.01594459
2017-03-07,TLT,-0.0054194997,-0.02298201,0.01756251,train,0.022029685
2017-03-08,EFA,0.0038063156,0.0189666,0.015160285,train,0.015066169
2017-03-08,IWM,-0.0039814273,0.018206367,0.022187795,train,-0.017500916
2017-03-08,SPY,0.0012675886,0.013324527,0.012056938,train,-0.005175785
2017-03-08,TLT,-0.0080130575,0.028415008,0.036428064,train,-0.02298201
2017-03-09,EFA,0.008388835,0.012387184,0.0039983494,train,0.0189666
2017-03-09,IWM,0.004423076,0.072982825,0.06855975,train,0.018206367
2017-03-09,SPY,0.0034979242,0.0078188125,0.0043208883,train,0.013324527
2017-03-09,TLT,0.0035032516,0.041982204,0.038478952,train,0.028415008
2017-03-10,EFA,0.0052279606,-0.006515717,0.011743678,train,0.012387184
2017-03-10,IWM,0.0023508733,0.03127449,0.028923616,train,0.072982825
2017-03-10,SPY,0.0005044024,0.013221793,0.01271739,train,0.0078188125
2017-03-10,TLT,-0.0063313036,0.019066276,0.02539758,train,0.041982204
2017-03-13,EFA,-0.007687915,0.008981315,0.01666923,train,-0.006515717
2017-03-13,IWM,-0.0047811912,0.01859557,0.023376763,train,0.03127449
2017-03-13,SPY,-0.003833798,0.023236282,0.02707008,train,0.013221793
2017-03-13,TLT,0.0047947364,0.040241264,0.03544653,train,0.019066276
2017-03-14,EFA,0.014184664,0.008909888,0.0052747764,train,0.008981315
2017-03-14,IWM,0.015364795,0.039393187,0.02402839,train,0.01859557
2017-03-14,SPY,0.008616146,-0.0045474786,0.013163624,train,0.023236282
2017-03-14,TLT,0.012141012,0.029802246,0.017661234,train,0.040241264
2017-03-15,EFA,0.0048449114,0.018407399,0.013562487,train,0.008909888
2017-03-15,IWM,0.0013062174,-0.03140004,0.032706257,train,0.039393187
2017-03-15,SPY,-0.0019686979,0.013275573,0.015244271,train,-0.0045474786
2017-03-15,TLT,-0.0050762272,-0.00061306916,0.004463158,train,0.029802246
2017-03-16,EFA,0.00257436,0.0020400696,0.00053429045,train,0.018407399
2017-03-16,IWM,0.003979981,-0.0022161016,0.0061960826,train,-0.03140004
2017-03-16,SPY,-0.0017577049,-0.007321546,0.005563841,train,0.013275573
2017-03-16,TLT,0.006257224,0.03236437,0.026107144,train,-0.00061306916
2017-03-17,EFA,-0.0020911172,0.010966807,0.013057924,train,0.0020400696
2017-03-17,IWM,-0.0043427926,-0.02322586,0.018883068,train,-0.0022161016
2017-03-17,SPY,-0.0010976722,-0.012230935,0.011133263,train,-0.007321546
2017-03-17,TLT,0.004288984,0.01493627,0.010647286,train,0.03236437
2017-03-20,EFA,-0.0045189695,0.006024194,0.010543164,train,0.010966807
2017-03-20,IWM,-0.028623046,0.0045845415,0.033207588,train,-0.02322586
2017-03-20,SPY,-0.0129224565,0.002212178,0.015134634,train,-0.012230935
2017-03-20,TLT,0.008274983,0.024598071,0.01632309,train,0.01493627
2017-03-21,EFA,0.0001616776,0.040961057,0.04079938,train,0.006024194
2017-03-21,IWM,0.00022412566,0.008489532,0.008265407,train,0.0045845415
2017-03-21,SPY,0.002350069,-0.014303148,0.016653217,train,0.002212178
2017-03-21,TLT,0.0039869654,-0.0073678885,0.011354854,train,0.024598071
2017-03-22,EFA,0.002261632,0.008857025,0.0065953927,train,0.040961057
2017-03-22,IWM,0.0058041206,0.040302,0.03449788,train,0.008489532
2017-03-22,SPY,-0.0010674467,-0.004409386,0.0033419393,train,-0.014303148
2017-03-22,TLT,-0.0014098824,-0.010647958,0.009238075,train,-0.0073678885
2017-03-23,EFA,0.0027393799,0.018444395,0.015705016,train,0.008857025
2017-03-23,IWM,0.00072151923,0.025981871,0.025260352,train,0.040302
2017-03-23,SPY,-0.00072679727,-0.010364081,0.009637283,train,-0.004409386
2017-03-23,TLT,0.0035635887,-0.009675009,0.013238598,train,-0.010647958
2017-03-24,EFA,0.0025718645,0.018822802,0.016250938,train,0.018444395
2017-03-24,IWM,0.0018571619,0.038188227,0.036331065,train,0.025981871
2017-03-24,SPY,-0.0010266223,-0.011236777,0.010210155,train,-0.010364081
2017-03-24,TLT,0.0045394837,-0.0016918294,0.006231313,train,-0.009675009
2017-03-27,EFA,0.0048036333,0.0078008287,0.0029971953,train,0.018822802
2017-03-27,IWM,0.007762458,0.0116184,0.0038559418,train,0.038188227
2017-03-27,SPY,0.007250532,-0.005300695,0.012551228,train,-0.011236777
2017-03-27,TLT,-0.00669319,-0.013998145,0.0073049553,train,-0.0016918294
2017-03-28,EFA,0.0,0.0037831115,0.0037831115,train,0.0078008287
2017-03-28,IWM,0.0032350423,-0.0128759835,0.016111026,train,0.0116184
2017-03-28,SPY,0.00093427766,-0.010970358,0.0119046355,train,-0.005300695
2017-03-28,TLT,0.0059516476,0.00884383,0.0028921822,train,-0.013998145
2017-03-29,EFA,-0.0035203372,0.0042540394,0.0077743763,train,0.0037831115
2017-03-29,IWM,0.007532067,-0.00069665024,0.008228717,train,-0.0128759835
2017-03-29,SPY,0.0031791213,-0.0038496647,0.007028786,train,-0.010970358
2017-03-29,TLT,-0.008109515,-0.0014078254,0.006701689,train,0.00884383
2017-03-30,EFA,-0.0014439141,0.0058767255,0.0073206397,train,0.0042540394
2017-03-30,IWM,0.0016018169,0.0018599522,0.00025813538,train,-0.00069665024
2017-03-30,SPY,-0.0023304264,0.011768922,0.014099348,train,-0.0038496647
2017-03-30,TLT,0.0029036715,0.009336701,0.006433029,train,-0.0014078254
2017-03-31,EFA,-0.001446002,0.009615211,0.011061213,train,0.0058767255
2017-03-31,IWM,-0.010603004,0.010381571,0.020984575,train,0.0018599522
2017-03-31,SPY,-0.0017405406,-0.008461721,0.006721181,train,0.011768922
2017-03-31,TLT,0.010036221,1.2278557e-05,0.010023942,train,0.009336701
2017-04-03,EFA,-0.00032161793,0.007702629,0.008024247,train,0.009615211
2017-04-03,IWM,-0.0011771027,0.019651195,0.020828297,train,0.010381571
2017-04-03,SPY,0.000637231,-0.0040339734,0.0046712044,train,-0.008461721
2017-04-03,TLT,-0.0054391692,-0.009032967,0.0035937973,train,1.2278557e-05
2017-04-04,EFA,-0.0053212,0.0107832085,0.016104408,train,0.007702629
2017-04-04,IWM,-0.0113987755,-0.0140236905,0.002624915,train,0.019651195
2017-04-04,SPY,-0.0029771002,0.0031999182,0.0061770184,train,-0.0040339734
2017-04-04,TLT,0.0030533778,-0.004331706,0.007385084,train,-0.009032967
2017-04-05,EFA,0.00016151853,0.009991265,0.009829747,train,0.0107832085
2017-04-05,IWM,0.009262416,-0.0070081875,0.016270604,train,-0.0140236905
2017-04-05,SPY,0.0028071718,-0.014542659,0.01734983,train,0.0031999182
2017-04-05,TLT,-0.0014841711,0.005408896,0.006893067,train,-0.004331706
2017-04-06,EFA,-0.0006466343,0.016068386,0.01671502,train,0.009991265
2017-04-06,IWM,-0.00044299915,-0.009013183,0.008570184,train,-0.0070081875
2017-04-06,SPY,-0.0010198782,0.0071554184,0.008175297,train,-0.014542659
2017-04-06,TLT,-0.0040512234,0.0034481501,0.0074993735,train,0.005408896
2017-04-07,EFA,-0.001133203,0.018321512,0.019454716,train,0.016068386
2017-04-07,IWM,0.0022115917,-0.021217236,0.023428828,train,-0.009013183
2017-04-07,SPY,0.00059500564,-0.0061267,0.0067217057,train,0.0071554184
2017-04-07,TLT,0.004628206,0.0022570514,0.0023711547,train,0.0034481501
2017-04-10,EFA,0.0046854536,0.02054551,0.015860057,train,0.018321512
2017-04-10,IWM,0.007920154,0.023596933,0.015676778,train,-0.021217236
2017-04-10,SPY,-0.0011903655,-0.0060278736,0.0048375083,train,-0.0061267
2017-04-10,TLT,0.009438391,0.017680485,0.008242094,train,0.0022570514
2017-04-11,EFA,-0.0008062333,0.0058074724,0.006613706,train,0.02054551
2017-04-11,IWM,-0.013679727,0.012528457,0.026208185,train,0.023596933
2017-04-11,SPY,-0.0043916088,-0.0010287007,0.003362908,train,-0.0060278736
2017-04-11,TLT,0.005458207,-0.024188226,0.029646434,train,0.017680485
2017-04-12,EFA,-0.0064734556,0.024735386,0.031208841,train,0.0058074724
2017-04-12,IWM,-0.009822981,0.041162394,0.050985374,train,0.012528457
2017-04-12,SPY,-0.0065160412,-0.006971907,0.00045586564,train,-0.0010287007
2017-04-12,TLT,0.003082332,0.009999531,0.006917199,train,-0.024188226
2017-04-13,EFA,0.0061507476,0.033417314,0.027266566,train,0.024735386
2017-04-13,IWM,0.011672713,0.02408093,0.012408217,train,0.041162394
2017-04-13,SPY,0.008820833,0.000969572,0.007851261,train,-0.006971907
2017-04-13,TLT,-0.003082332,0.0025951723,0.0056775045,train,0.009999531
2017-04-17,EFA,-0.0045284713,0.027520495,0.032048967,train,0.033417314
2017-04-17,IWM,0.00022161698,0.040077925,0.039856307,train,0.02408093
2017-04-17,SPY,-0.002988517,0.0293378,0.032326315,train,0.000969572
2017-04-17,TLT,0.012994784,0.008791751,0.0042030327,train,0.0025951723
2017-04-18,EFA,-0.0040608803,0.0431159,0.04717678,train,0.027520495
2017-04-18,IWM,0.0034671728,-0.0016924385,0.0051596113,train,0.040077925
2017-04-18,SPY,-0.0018403907,-0.0011205305,0.0007198602,train,0.0293378
2017-04-18,TLT,-0.005467894,0.012611413,0.018079307,train,0.008791751
2017-04-19,EFA,0.007943624,0.035216823,0.0272732,train,0.0431159
2017-04-19,IWM,0.012659575,-0.020879734,0.03353931,train,-0.0016924385
2017-04-19,SPY,0.00810609,0.009216273,0.0011101831,train,-0.0011205305
2017-04-19,TLT,-0.0038780214,-0.009822307,0.0059442855,train,0.012611413
2017-04-20,EFA,0.00064572785,0.05152507,0.050879344,train,0.035216823
2017-04-20,IWM,-0.0022564458,0.0042667584,0.006523204,train,-0.020879734
2017-04-20,SPY,-0.0031919747,0.0012322282,0.004424203,train,0.009216273
2017-04-20,TLT,0.0,-0.021112412,0.021112412,train,-0.009822307
2017-04-21,EFA,0.025019335,0.020138023,0.004881311,train,0.05152507
2017-04-21,IWM,0.012385301,0.012045221,0.0003400799,train,0.0042667584
2017-04-21,SPY,0.01093792,0.008440763,0.002497157,train,0.0012322282
2017-04-21,TLT,-0.0049494733,-0.01917378,0.014224308,train,-0.021112412
2017-04-24,EFA,0.007057145,-0.056593716,0.06365086,train,0.020138023
2017-04-24,IWM,0.009671187,0.020834224,0.011163037,train,0.012045221
2017-04-24,SPY,0.00580162,0.01844556,0.012643941,train,0.008440763
2017-04-24,TLT,-0.012112677,-0.0094272625,0.0026854146,train,-0.01917378
2017-04-25,EFA,-0.0028168687,-0.01571995,0.012903081,train,-0.056593716
2017-04-25,IWM,0.0051200883,0.019254016,0.014133927,train,0.020834224
2017-04-25,SPY,-0.0006288069,0.020270841,0.020899648,train,0.01844556
2017-04-25,TLT,0.0055016805,-0.0021039378,0.0076056183,train,-0.0094272625
2017-04-26,EFA,0.00093991624,-0.005991103,0.0069310195,train,-0.01571995
2017-04-26,IWM,-0.0002842198,0.03027925,0.03056347,train,0.019254016
2017-04-26,SPY,0.0008384439,0.0024200827,0.0015816388,train,0.020270841
2017-04-26,TLT,-0.00032773454,0.025682846,0.02601058,train,-0.0021039378
2017-04-27,EFA,-0.0010966549,-0.0049469788,0.0038503238,train,-0.005991103
2017-04-27,IWM,-0.013499588,0.0065658567,0.020065445,train,0.03027925
2017-04-27,SPY,-0.0021817866,-0.004111143,0.0019293563,train,0.0024200827
2017-04-27,TLT,0.0022095677,0.018077573,0.015868004,train,0.025682846
2017-04-28,EFA,0.0040669297,-0.00467203,0.008738959,train,-0.0049469788
2017-04-28,IWM,0.0057364204,0.012057083,0.0063206623,train,0.0065658567
2017-04-28,SPY,0.0025169675,-0.01162406,0.014141027,train,-0.004111143
2017-04-28,TLT,-0.00834791,-0.017397188,0.009049278,train,0.018077573
2017-05-01,EFA,0.0051382505,0.004935858,0.0002023927,train,-0.00467203
2017-05-01,IWM,-0.005089486,0.008360267,0.013449753,train,0.012057083
2017-05-01,SPY,0.00037681556,0.0100065805,0.009629765,train,-0.01162406
2017-05-01,TLT,0.0051069898,0.021218019,0.01611103,train,-0.017397188
2017-05-02,EFA,-0.0020210536,0.0069679115,0.008988965,train,0.004935858
2017-05-02,IWM,-0.0061993473,-0.012962603,0.0067632557,train,0.008360267
2017-05-02,SPY,-0.0012149784,-0.0020187236,0.00080374524,train,0.0100065805
2017-05-02,TLT,0.0006573186,0.017658088,0.01700077,train,0.021218019
2017-05-03,EFA,0.009447965,-0.0018533505,0.011301315,train,0.0069679115
2017-05-03,IWM,-0.0013749629,-0.005456144,0.0040811813,train,-0.012962603
2017-05-03,SPY,0.0011735254,-0.012330291,0.013503816,train,-0.0020187236
2017-05-03,TLT,-0.004939408,0.010671169,0.015610577,train,0.017658088
2017-05-04,EFA,0.011037919,-0.016026821,0.02706474,train,-0.0018533505
2017-05-04,IWM,0.006423861,-0.006008651,0.012432512,train,-0.005456144
2017-05-04,SPY,0.0039292895,-0.010907589,0.014836879,train,-0.012330291
2017-05-04,TLT,0.0009078192,0.010827518,0.009919699,train,0.010671169
2017-05-05,EFA,-0.00749877,-0.017704673,0.010205903,train,-0.016026821
2017-05-05,IWM,-0.004181386,0.0070521254,0.011233511,train,-0.006008651
2017-05-05,SPY,-0.00016708285,0.0005238163,0.0006908992,train,-0.010907589
2017-05-05,TLT,-0.005456328,0.018151764,0.023608092,train,0.010827518
2017-05-08,EFA,-0.00246065,0.0023901705,0.0048508206,train,-0.017704673
2017-05-08,IWM,-0.00043387772,-0.0034659076,0.0030320298,train,0.0070521254
2017-05-08,SPY,-0.00091842894,-0.01827082,0.017352391,train,0.0005238163
2017-05-08,TLT,-8.316677e-05,0.017622525,0.017705692,train,0.018151764
2017-05-09,EFA,0.0015388075,-0.006392757,0.007931564,train,0.0023901705
2017-05-09,IWM,0.0061969743,0.011542789,0.0053458144,train,-0.0034659076
2017-05-09,SPY,0.0017942418,-0.01761449,0.01940873,train,-0.01827082
2017-05-09,TLT,-0.0011612584,-0.013998518,0.012837259,train,0.017622525
2017-05-10,EFA,-0.0024633068,-0.008118095,0.005654788,train,-0.006392757
2017-05-10,IWM,-0.006992248,0.008976242,0.01596849,train,0.011542789
2017-05-10,SPY,-0.0020445623,-0.0050033047,0.0029587424,train,-0.01761449
2017-05-10,TLT,0.0,-0.00889793,0.00889793,train,-0.013998518
2017-05-11,EFA,0.0055334535,-0.00011810195,0.0056515555,train,-0.008118095
2017-05-11,IWM,-0.0052947705,0.0065076677,0.011802439,train,0.008976242
2017-05-11,SPY,-0.0016726342,-0.015221247,0.0135486135,train,-0.0050033047
2017-05-11,TLT,0.0075247083,-0.017046284,0.024570992,train,-0.00889793
2017-05-12,EFA,0.0050453967,0.0075281467,0.00248275,train,-0.00011810195
2017-05-12,IWM,0.007750949,0.0045281313,0.0032228176,train,0.0065076677
2017-05-12,SPY,0.0055082245,4.9888156e-05,0.0054583363,train,-0.015221247
2017-05-12,TLT,-0.0027219139,-0.007327262,0.004605348,train,-0.017046284
2017-05-15,EFA,0.006385166,0.004108048,0.0022771182,train,0.0075281467
2017-05-15,IWM,0.00036087536,0.0014578067,0.0010969313,train,0.0045281313
2017-05-15,SPY,-0.0009158356,0.013887841,0.014803677,train,4.9888156e-05
2017-05-15,TLT,0.0037100052,0.0054103294,0.0017003242,train,-0.007327262
2017-05-16,EFA,-0.0114305625,0.01549549,0.026926052,train,0.004108048
2017-05-16,IWM,-0.02734893,0.0055215694,0.0328705,train,0.0014578067
2017-05-16,SPY,-0.01790345,0.0046945484,0.022597998,train,0.013887841
2017-05-16,TLT,0.014461377,-0.010817165,0.025278542,train,0.0054103294
2017-05-17,EFA,0.0016847053,0.03980633,0.038121622,train,0.01549549
2017-05-17,IWM,0.0036260693,-0.023408541,0.02703461,train,0.0055215694
2017-05-17,SPY,0.004020354,0.014705151,0.010684798,train,0.0046945484
2017-05-17,TLT,0.0011348985,-0.002892793,0.0040276917,train,-0.010817165
2017-05-18,EFA,0.011562565,-0.0075187623,0.019081328,train,0.03980633
2017-05-18,IWM,0.004789883,-0.03890875,0.04369863,train,-0.023408541
2017-05-18,SPY,0.00648313,0.0053846613,0.0010984689,train,0.014705151
2017-05-18,TLT,0.002347273,0.0032346826,0.00088740955,train,-0.002892793
2017-05-19,EFA,0.001209383,0.023313807,0.022104423,train,-0.0075187623
2017-05-19,IWM,0.006740026,-0.040773027,0.047513053,train,-0.03890875
2017-05-19,SPY,0.0050649047,-0.0024350488,0.0074999537,train,0.0053846613
2017-05-19,TLT,-0.002752034,0.0007494651,0.003501499,train,0.0032346826
2017-05-22,EFA,0.0001511549,0.0011787014,0.0010275465,train,0.023313807
2017-05-22,IWM,0.003280807,-0.025044428,0.028325235,train,-0.040773027
2017-05-22,SPY,0.0022100615,0.017715216,0.015505154,train,-0.0024350488
2017-05-22,TLT,-0.0067509688,-0.009541759,0.0027907905,train,0.0007494651
2017-05-23,EFA,0.00060393923,0.013143409,0.01253947,train,0.0011787014
2017-05-23,IWM,0.0006548097,-0.010025028,0.010679838,train,-0.025044428
2017-05-23,SPY,0.0023301328,0.010876375,0.0085462425,train,0.017715216
2017-05-23,TLT,0.0056157685,-0.030448217,0.036063984,train,-0.009541759
2017-05-24,EFA,0.0,0.024428379,0.024428379,train,0.013143409
2017-05-24,IWM,0.0006547531,-0.015217087,0.01587184,train,-0.010025028
2017-05-24,SPY,0.0047682454,0.03567925,0.030911006,train,0.010876375
2017-05-24,TLT,0.00032423713,-0.007355476,0.007679713,train,-0.030448217
2017-05-25,EFA,-0.0028723052,0.018401412,0.021273717,train,0.024428379
2017-05-25,IWM,-0.0002912654,-0.0067123035,0.006421038,train,-0.015217087
2017-05-25,SPY,-0.000206824,0.029067969,0.029274793,train,0.03567925
2017-05-25,TLT,0.0017022,-0.0054265773,0.0071287774,train,-0.007355476
2017-05-26,EFA,-0.0010605914,0.037704937,0.038765527,train,0.018401412
2017-05-26,IWM,-0.007883031,-0.009636623,0.0017535919,train,-0.0067123035
2017-05-26,SPY,-0.0008691427,0.031008238,0.03187738,train,0.029067969
2017-05-26,TLT,0.0049276864,0.0050722333,0.00014454685,train,-0.0054265773
2017-05-30,EFA,0.0012116134,0.012603741,0.011392128,train,0.037704937
2017-05-30,IWM,-0.0010261729,-0.0018617064,0.0008355335,train,-0.009636623
2017-05-30,SPY,-0.00024854837,0.027915401,0.028163949,train,0.031008238
2017-05-30,TLT,0.002495129,-0.0058667418,0.00836187,train,0.0050722333
2017-05-31,EFA,0.00648845,-0.010361133,0.016849583,train,0.012603741
2017-05-31,IWM,0.019108409,-0.004728975,0.023837384,train,-0.0018617064
2017-05-31,SPY,0.007920686,0.019652871,0.011732185,train,0.027915401
2017-05-31,TLT,0.00010454051,-0.004220412,0.0043249526,train,-0.0058667418
2017-06-01,EFA,0.010919288,0.0045909015,0.0063283863,train,-0.010361133
2017-06-01,IWM,0.0064565926,0.0153009705,0.0088443775,train,-0.004728975
2017-06-01,SPY,0.0033228085,0.012287483,0.008964675,train,0.019652871
2017-06-01,TLT,0.011771273,0.012302399,0.0005311258,train,-0.004220412
2017-06-02,EFA,-0.0055194623,0.001500913,0.007020375,train,0.0045909015
2017-06-02,IWM,-0.0062408126,0.008963542,0.015204355,train,0.0153009705
2017-06-02,SPY,-0.00073724054,-0.0027152076,0.001977967,train,0.012287483
2017-06-02,TLT,-0.0062288283,0.007762526,0.013991354,train,0.012302399
2017-06-05,EFA,-0.0028463574,0.0035497085,0.006396066,train,0.001500913
2017-06-05,IWM,-0.00093538413,0.002709644,0.003645028,train,0.008963542
2017-06-05,SPY,-0.0032021592,-0.005434079,0.00223192,train,-0.0027152076
2017-06-05,TLT,0.0054319883,-0.0077993115,0.0132313,train,0.007762526
2017-06-06,EFA,0.00030000624,0.0071636233,0.0068636173,train,0.0035497085
2017-06-06,IWM,0.00093538413,0.0030632387,0.0021278546,train,0.002709644
2017-06-06,SPY,0.00184885,-0.011139643,0.012988494,train,-0.005434079
2017-06-06,TLT,-0.004791306,-0.022108542,0.017317235,train,-0.0077993115
2017-06-07,EFA,-0.001801389,0.005444254,0.007245643,train,0.0071636233
2017-06-07,IWM,0.01357905,0.021122089,0.0075430386,train,0.0030632387
2017-06-07,SPY,0.00049207563,-0.017895939,0.018388014,train,-0.011139643
2017-06-07,TLT,-0.0026449973,-0.010422661,0.007777664,train,-0.022108542
2017-06-08,EFA,-0.0037632734,0.01396293,0.017726203,train,0.005444254
2017-06-08,IWM,0.0051680785,0.03929893,0.03413085,train,0.021122089
2017-06-08,SPY,-0.0015189127,-0.017098323,0.01557941,train,-0.017895939
2017-06-08,TLT,-0.0015262488,0.006601209,0.008127457,train,-0.010422661
2017-06-09,EFA,-0.0037772623,0.008984008,0.012761271,train,0.01396293
2017-06-09,IWM,-0.0016258202,0.004999035,0.006624855,train,0.03929893
2017-06-09,SPY,-0.0002054219,-0.008181804,0.007976382,train,-0.017098323
2017-06-09,TLT,-0.00032186374,0.017233564,0.017555427,train,0.006601209
2017-06-12,EFA,0.0076907002,0.010937452,0.003246752,train,0.008984008
2017-06-12,IWM,0.005080294,-0.0023135855,0.0073938794,train,0.004999035
2017-06-12,SPY,0.0048779007,-0.011035719,0.01591362,train,-0.008181804
2017-06-12,TLT,0.00016114036,0.0072144587,0.0070533184,train,0.017233564
2017-06-13,EFA,-0.00075142464,0.011294751,0.012046176,train,0.010937452
2017-06-13,IWM,-0.005929152,0.0036206273,0.00954978,train,-0.0023135855
2017-06-13,SPY,-0.0012685106,0.0037134872,0.004981998,train,-0.011035719
2017-06-13,TLT,0.015318619,0.010219427,0.0050991923,train,0.0072144587
2017-06-14,EFA,-0.010426828,0.014709512,0.02513634,train,0.011294751
2017-06-14,IWM,-0.0051100366,-0.009894445,0.004784408,train,0.0036206273
2017-06-14,SPY,-0.0019259448,-0.014804896,0.012878951,train,0.0037134872
2017-06-14,TLT,-0.001584645,-0.09528911,0.09370447,train,0.010219427
2017-06-15,EFA,0.008470853,0.034087844,0.025616992,train,0.014709512
2017-06-15,IWM,-0.0024934213,-0.004687439,0.0021940179,train,-0.009894445
2017-06-15,SPY,0.0002183916,0.008643829,0.008425438,train,-0.014804896
2017-06-15,TLT,0.0019806453,0.0053060697,0.0033254244,train,-0.09528911
2017-06-16,EFA,0.0040586176,0.018557118,0.0144985,train,0.034087844
2017-06-16,IWM,0.0073909797,-0.027966222,0.0353572,train,-0.004687439
2017-06-16,SPY,0.008290575,0.010735793,0.0024452182,train,0.008643829
2017-06-16,TLT,-0.0014261656,0.0008191508,0.0022453163,train,0.0053060697
2017-06-19,EFA,-0.008081774,0.012663972,0.020745747,train,0.018557118
2017-06-19,IWM,-0.010176886,-0.0072242357,0.0029526502,train,-0.027966222
2017-06-19,SPY,-0.0067668324,0.016197218,0.02296405,train,0.010735793
2017-06-19,TLT,0.008916553,-0.0049565732,0.013873126,train,0.0008191508
2017-06-20,EFA,-0.0012300963,0.033085972,0.034316067,train,0.012663972
2017-06-20,IWM,-0.0025065753,0.011528458,0.014035034,train,-0.0072242357
2017-06-20,SPY,-0.0002468113,-0.009910166,0.009663355,train,0.016197218
2017-06-20,TLT,0.0020398654,0.008263997,0.006224131,train,-0.0049565732
2017-06-21,EFA,-0.00015370788,0.03085428,0.031007987,train,0.033085972
2017-06-21,IWM,0.003793427,-0.0042849253,0.008078353,train,0.011528458
2017-06-21,SPY,-0.0004529573,0.016015185,0.016468143,train,-0.009910166
2017-06-21,TLT,0.0021932526,0.012337508,0.010144255,train,0.008263997
2017-06-22,EFA,0.0024591342,0.05361931,0.051160175,train,0.03085428
2017-06-22,IWM,0.0066218157,0.008785857,0.0021640412,train,-0.0042849253
2017-06-22,SPY,0.0011933522,0.018454961,0.01726161,train,0.016015185
2017-06-22,TLT,-0.00046980087,0.01625533,0.01672513,train,0.012337508
2017-06-23,EFA,0.0016872241,0.015946833,0.014259609,train,0.05361931
2017-06-23,IWM,0.0012056335,0.008420914,0.007215281,train,0.008785857
2017-06-23,SPY,0.0006580916,0.010727539,0.010069447,train,0.018454961
2017-06-23,TLT,0.0037501177,-0.0025532153,0.0063033327,train,0.01625533
2017-06-26,EFA,-0.00015332118,0.013915194,0.014068515,train,0.015946833
2017-06-26,IWM,-0.008828049,-0.0072530117,0.0015750369,train,0.008420914
2017-06-26,SPY,-0.008088997,0.013690364,0.02177936,train,0.010727539
2017-06-26,TLT,-0.010738868,0.0046150004,0.015353869,train,-0.0025532153
2017-06-27,EFA,0.00869902,0.017346473,0.008647453,train,0.013915194
2017-06-27,IWM,0.0151867485,0.00044146413,0.014745284,train,-0.0072530117
2017-06-27,SPY,0.008910698,0.0049583092,0.0039523887,train,0.013690364
2017-06-27,TLT,-0.0033160232,-0.00863516,0.005319136,train,0.0046150004
2017-06-28,EFA,-0.009925834,0.0017801551,0.011705989,train,0.017346473
2017-06-28,IWM,-0.0059330342,0.027527625,0.033460658,train,0.00044146413
2017-06-28,SPY,-0.008827699,0.024722159,0.03354986,train,0.0049583092
2017-06-28,TLT,-0.008416718,-0.010905707,0.0024889894,train,-0.00863516
