date,ticker,y_true,y_pred,abs_error,dataset_part,signal_for_trade
2020-04-01,EFA,0.01938425,0.08571907,0.06633482,train,
2020-04-01,IWM,0.009424735,0.25020292,0.2407782,train,
2020-04-01,SPY,0.022813214,0.21185395,0.18904074,train,
2020-04-01,TLT,0.0063256393,-0.017419126,0.023744766,train,
2020-04-02,EFA,-0.023109931,0.016910035,0.040019967,train,0.08571907
2020-04-02,IWM,-0.028736176,-0.0072494475,0.02148673,train,0.25020292
2020-04-02,SPY,-0.014559682,-0.11788798,0.1033283,train,0.21185395
2020-04-02,TLT,0.0023762078,-0.023510832,0.02588704,train,-0.017419126
2020-04-03,EFA,0.051685978,0.035683606,0.016002372,train,0.016910035
2020-04-03,IWM,0.07377323,0.13614458,0.06237135,train,-0.0072494475
2020-04-03,SPY,0.06500691,0.14686227,0.08185536,train,-0.11788798
2020-04-03,TLT,-0.002614496,-0.030482974,0.027868478,train,-0.023510832
2020-04-06,EFA,0.00558143,-0.035299364,0.040880796,train,0.035683606
2020-04-06,IWM,0.0025713653,-0.044892885,0.04746425,train,0.13614458
2020-04-06,SPY,0.001018691,-0.22723271,0.2282514,train,0.14686227
2020-04-06,TLT,-0.010527644,-0.019616567,0.009088922,train,-0.030482974
2020-04-07,EFA,0.0081302,0.018612184,0.010481983,train,-0.035299364
2020-04-07,IWM,0.044598345,0.11093778,0.06633943,train,-0.044892885
2020-04-07,SPY,0.033017464,-0.1306614,0.16367885,train,-0.22723271
2020-04-07,TLT,-0.0073024156,-0.03787389,0.030571476,train,-0.019616567
2020-04-08,EFA,0.02238283,0.00078612287,0.021596707,train,0.018612184
2020-04-08,IWM,0.046743143,-0.035197042,0.08194019,train,0.11093778
2020-04-08,SPY,0.0151026845,0.05033354,0.035230856,train,-0.1306614
2020-04-08,TLT,0.0018154603,0.07910068,0.07728522,train,-0.03787389
2020-04-09,EFA,-0.009583141,0.028574064,0.038157206,train,0.00078612287
2020-04-09,IWM,-0.027450565,-0.12217804,0.09472747,train,-0.035197042
2020-04-09,SPY,-0.0091720475,-0.095993556,0.08682151,train,0.05033354
2020-04-09,TLT,-0.009172147,-0.042397473,0.033225328,train,0.07910068
2020-04-13,EFA,0.017648451,0.027231544,0.009583093,train,0.028574064
2020-04-13,IWM,0.020067938,0.0025504874,0.017517451,train,-0.12217804
2020-04-13,SPY,0.029066158,-0.07697015,0.10603631,train,-0.095993556
2020-04-13,TLT,-0.00024398179,-0.015918918,0.015674936,train,-0.042397473
2020-04-14,EFA,-0.031737186,-0.04279317,0.011055984,train,0.027231544
2020-04-14,IWM,-0.041650064,-0.107165135,0.06551507,train,0.0025504874
2020-04-14,SPY,-0.02147687,0.10872684,0.13020371,train,-0.07697015
2020-04-14,TLT,0.026144559,0.06198128,0.03583672,train,-0.015918918
2020-04-15,EFA,0.0005525904,0.06630857,0.065755986,train,-0.04279317
2020-04-15,IWM,-0.007583638,0.16989048,0.17747411,train,-0.107165135
2020-04-15,SPY,0.0048127896,0.017114338,0.012301547,train,0.10872684
2020-04-15,TLT,0.011292648,0.039418474,0.028125826,train,0.06198128
2020-04-16,EFA,0.026173823,0.031411037,0.0052372143,train,0.06630857
2020-04-16,IWM,0.043108173,0.035642933,0.0074652396,train,0.16989048
2020-04-16,SPY,0.026656706,-0.02057505,0.047231756,train,0.017114338
2020-04-16,TLT,-0.013494956,0.021344453,0.03483941,train,0.039418474
2020-04-17,EFA,-0.015002406,-0.006275139,0.008727267,train,0.031411037
2020-04-17,IWM,-0.0118675595,-0.06823682,0.05636926,train,0.035642933
2020-04-17,SPY,-0.017775074,-0.024438474,0.0066634007,train,-0.02057505
2020-04-17,TLT,0.008012322,0.013714316,0.0057019945,train,0.021344453
2020-04-20,EFA,-0.019678943,0.120949656,0.1406286,train,-0.006275139
2020-04-20,IWM,-0.02416646,0.06491093,0.08907739,train,-0.06823682
2020-04-20,SPY,-0.03083376,0.03456783,0.06540159,train,-0.024438474
2020-04-20,TLT,0.01251296,0.024060626,0.011547666,train,0.013714316
2020-04-21,EFA,0.016760616,-0.04083753,0.057598144,train,0.120949656
2020-04-21,IWM,0.012072592,0.007445109,0.004627483,train,0.06491093
2020-04-21,SPY,0.02195213,0.030975983,0.009023853,train,0.03456783
2020-04-21,TLT,-0.010269091,0.048171457,0.058440547,train,0.024060626
2020-04-22,EFA,-0.0031097757,-0.019730814,0.016621038,train,-0.04083753
2020-04-22,IWM,0.009769748,0.00044523273,0.009324515,train,0.007445109
2020-04-22,SPY,-7.188931e-05,-0.100415714,0.10034382,train,0.030975983
2020-04-22,TLT,0.0052947393,0.025157463,0.019862723,train,0.048171457
2020-04-23,EFA,0.01147649,0.024883904,0.013407414,train,-0.019730814
2020-04-23,IWM,0.017055117,0.06456034,0.047505222,train,0.00044523273
2020-04-23,SPY,0.013842473,-0.065007724,0.078850195,train,-0.100415714
2020-04-23,TLT,0.0023437291,0.013640695,0.011296966,train,0.025157463
2020-04-24,EFA,0.013135727,0.031458978,0.01832325,train,0.024883904
2020-04-24,IWM,0.038856145,0.008303861,0.030552283,train,0.06456034
2020-04-24,SPY,0.014315394,-0.0027006892,0.017016083,train,-0.065007724
2020-04-24,TLT,-0.01878905,-0.0070314324,0.011757617,train,0.013640695
2020-04-27,EFA,0.007479912,0.008460403,0.0009804913,train,0.031458978
2020-04-27,IWM,0.014432507,-0.0656192,0.080051705,train,0.008303861
2020-04-27,SPY,-0.004608733,-0.054158118,0.049549386,train,-0.0027006892
2020-04-27,TLT,0.011445778,-0.02415257,0.03559835,train,-0.0070314324
2020-04-28,EFA,0.024710074,-0.052628722,0.0773388,train,0.008460403
2020-04-28,IWM,0.048011575,-0.05708156,0.10509314,train,-0.0656192
2020-04-28,SPY,0.025841571,0.0031598927,0.02268168,train,-0.054158118
2020-04-28,TLT,-0.0052025337,0.04435572,0.049558252,train,-0.02415257
2020-04-29,EFA,-0.020990875,-0.0074372655,0.013553609,train,-0.052628722
2020-04-29,IWM,-0.03876016,-0.091788694,0.053028535,train,-0.05708156
2020-04-29,SPY,-0.009354253,0.044340417,0.05369467,train,0.0031598927
2020-04-29,TLT,-0.011745891,-0.001753307,0.009992584,train,0.04435572
2020-04-30,EFA,-0.0219827,0.056642644,0.078625344,train,-0.0074372655
2020-04-30,IWM,-0.04048318,0.14055735,0.18104053,train,-0.091788694
2020-04-30,SPY,-0.026830325,0.08040583,0.107236154,train,0.044340417
2020-04-30,TLT,0.008527122,0.028796941,0.020269819,train,-0.001753307
2020-05-01,EFA,-0.0003614633,0.048694596,0.04905606,train,0.056642644
2020-05-01,IWM,0.004305903,0.059462614,0.05515671,train,0.14055735
2020-05-01,SPY,0.0027543057,0.09324673,0.09049242,train,0.08040583
2020-05-01,TLT,-0.0047152094,0.050235692,0.0549509,train,0.028796941
2020-05-04,EFA,0.001805682,0.06749465,0.06568897,train,0.048694596
2020-05-04,IWM,0.0076883263,0.05234525,0.044656925,train,0.059462614
2020-05-04,SPY,0.009197107,0.13881505,0.12961794,train,0.09324673
2020-05-04,TLT,-0.006421072,0.018716626,0.025137698,train,0.050235692
2020-05-05,EFA,-0.006516882,0.009586494,0.016103376,train,0.06749465
2020-05-05,IWM,-0.0073701623,0.019813608,0.027183771,train,0.05234525
2020-05-05,SPY,-0.006801712,0.09657348,0.10337519,train,0.13881505
2020-05-05,TLT,-0.01626759,0.029165853,0.045433443,train,0.018716626
2020-05-06,EFA,0.014962005,0.037298832,0.022336826,train,0.009586494
2020-05-06,IWM,0.013588668,0.026079725,0.012491058,train,0.019813608
2020-05-06,SPY,0.011994202,0.19673204,0.18473785,train,0.09657348
2020-05-06,TLT,0.016568093,0.013880127,0.0026879655,train,0.029165853
2020-05-07,EFA,0.016854916,-0.0053953743,0.022250291,train,0.037298832
2020-05-07,IWM,0.037879746,0.13568273,0.09780298,train,0.026079725
2020-05-07,SPY,0.016410783,0.12504253,0.108631745,train,0.19673204
2020-05-07,TLT,-0.013086205,0.10861496,0.121701166,train,0.013880127
2020-05-08,EFA,-0.0008799185,0.019678932,0.02055885,train,-0.0053953743
2020-05-08,IWM,-0.004998924,0.097894505,0.10289343,train,0.13568273
2020-05-08,SPY,0.00020500916,0.122043915,0.121838905,train,0.12504253
2020-05-08,TLT,-0.007836709,0.07275001,0.08058672,train,0.10861496
2020-05-11,EFA,-0.012759436,-0.041247685,0.028488249,train,0.019678932
2020-05-11,IWM,-0.036575712,-0.056816544,0.020240832,train,0.097894505
2020-05-11,SPY,-0.020132354,0.041238334,0.061370686,train,0.122043915
2020-05-11,TLT,0.010211924,0.04793144,0.037719518,train,0.07275001
2020-05-12,EFA,-0.0076986575,-0.080234714,0.07253606,train,-0.041247685
2020-05-12,IWM,-0.034045435,-0.12802437,0.093978934,train,-0.056816544
2020-05-12,SPY,-0.017844204,0.053774122,0.071618326,train,0.041238334
2020-05-12,TLT,0.0069724736,0.049752478,0.042780004,train,0.04793144
2020-05-13,EFA,-0.009571109,-0.040104482,0.030533373,train,-0.080234714
2020-05-13,IWM,0.0032539985,-0.047976676,0.051230676,train,-0.12802437
2020-05-13,SPY,0.0118960105,-0.059712302,0.07160831,train,0.053774122
2020-05-13,TLT,0.009739868,-0.02714159,0.036881458,train,0.049752478
2020-05-14,EFA,0.0009068958,0.0125301005,0.011623205,train,-0.040104482
2020-05-14,IWM,0.015794,0.06935297,0.053558968,train,-0.047976676
2020-05-14,SPY,0.004586535,0.04681379,0.042227253,train,-0.059712302
2020-05-14,TLT,-0.0025769062,0.034774415,0.03735132,train,-0.02714159
2020-05-15,EFA,0.03963192,0.0028474452,0.036784478,train,0.0125301005
2020-05-15,IWM,0.058986645,0.10960361,0.05061697,train,0.06935297
2020-05-15,SPY,0.030004939,0.0020243647,0.027980573,train,0.04681379
2020-05-15,TLT,-0.022197993,0.0353922,0.057590194,train,0.034774415
2020-05-18,EFA,-0.013860964,0.0044641504,0.018325115,train,0.0028474452
2020-05-18,IWM,-0.019944342,0.03335627,0.05330061,train,0.10960361
2020-05-18,SPY,-0.010324298,-0.017125975,0.006801677,train,0.0020243647
2020-05-18,TLT,0.003733998,0.070147686,0.066413686,train,0.0353922
2020-05-19,EFA,0.02063347,0.10981475,0.089181274,train,0.0044641504
2020-05-19,IWM,0.029844211,0.09326192,0.06341771,train,0.03335627
2020-05-19,SPY,0.016845625,0.09156404,0.074718416,train,-0.017125975
2020-05-19,TLT,0.0029897846,0.008729906,0.005740121,train,0.070147686
2020-05-20,EFA,-0.011663447,-0.005381382,0.006282065,train,0.10981475
2020-05-20,IWM,0.0017891994,0.024269175,0.022479976,train,0.09326192
2020-05-20,SPY,-0.0069281356,0.074588925,0.08151706,train,0.09156404
2020-05-20,TLT,0.0024944101,-0.0048718303,0.0073662405,train,0.008729906
2020-05-21,EFA,-0.0028055103,-0.02368104,0.02087553,train,-0.005381382
2020-05-21,IWM,0.0048308,0.028785497,0.023954697,train,0.024269175
2020-05-21,SPY,0.0018974761,0.041268244,0.039370768,train,0.074588925
2020-05-21,TLT,0.0059974645,0.0009461581,0.0050513064,train,-0.0048718303
2020-05-22,EFA,0.028219758,0.0547809,0.026561143,train,-0.02368104
2020-05-22,IWM,0.028429981,0.028483022,5.3040683e-05,train,0.028785497
2020-05-22,SPY,0.0122449435,0.059922908,0.047677964,train,0.041268244
2020-05-22,TLT,-0.013499883,-0.020861719,0.007361836,train,0.0009461581
2020-05-26,EFA,0.012047369,0.06692225,0.05487488,train,0.0547809
2020-05-26,IWM,0.030583762,0.10669614,0.076112375,train,0.028483022
2020-05-26,SPY,0.0147697255,0.08938124,0.074611515,train,0.059922908
2020-05-26,TLT,-0.0018386644,-0.0060878396,0.004249175,train,-0.020861719
2020-05-27,EFA,0.009400665,-0.0071242107,0.016524876,train,0.06692225
2020-05-27,IWM,-0.023976445,0.02026805,0.044244494,train,0.10669614
2020-05-27,SPY,-0.0018470744,0.04642581,0.04827288,train,0.08938124
2020-05-27,TLT,-0.0036868323,-0.012146418,0.008459586,train,-0.0060878396
2020-05-28,EFA,-0.0035150158,0.01517701,0.018692026,train,-0.0071242107
2020-05-28,IWM,-0.005743217,-0.1908994,0.18515618,train,0.02026805
2020-05-28,SPY,0.0044464953,-0.08710604,0.09155254,train,0.04642581
2020-05-28,TLT,0.007115308,-0.008981398,0.016096707,train,-0.012146418
2020-05-29,EFA,0.02205561,-0.021604996,0.043660603,train,0.01517701
2020-05-29,IWM,0.009529898,-0.044732887,0.054262787,train,-0.1908994
2020-05-29,SPY,0.0040335557,-0.07982682,0.083860375,train,-0.08710604
2020-05-29,TLT,-0.0067549176,0.015037117,0.021792034,train,-0.008981398
2020-06-01,EFA,0.009305284,0.019271448,0.009966164,train,-0.021604996
2020-06-01,IWM,0.008237804,0.07050834,0.062270533,train,-0.044732887
2020-06-01,SPY,0.008245839,0.08119471,0.07294887,train,-0.07982682
2020-06-01,TLT,-0.0036415712,-0.007439851,0.0037982797,train,0.015037117
2020-06-02,EFA,0.023606202,0.050980147,0.027373945,train,0.019271448
2020-06-02,IWM,0.023831598,0.022331376,0.0015002228,train,0.07050834
2020-06-02,SPY,0.013220535,-0.01691306,0.030133594,train,0.08119471
2020-06-02,TLT,-0.013386678,-0.029028323,0.015641645,train,-0.007439851
2020-06-03,EFA,-0.0042942273,0.053135335,0.057429563,train,0.050980147
2020-06-03,IWM,-0.0014510396,0.095130436,0.096581474,train,0.022331376
2020-06-03,SPY,-0.0026300123,-0.07068992,0.06805991,train,-0.01691306
2020-06-03,TLT,-0.0145851355,-0.0001732409,0.014411895,train,-0.029028323
2020-06-04,EFA,0.01706729,0.08322256,0.06615527,train,0.053135335
2020-06-04,IWM,0.037932295,-0.0048398105,0.042772107,train,0.095130436
2020-06-04,SPY,0.025306392,-0.10998419,0.13529058,train,-0.07068992
2020-06-04,TLT,-0.0071492745,0.054204907,0.061354183,train,-0.0001732409
2020-06-05,EFA,0.012921512,0.06636716,0.053445645,train,0.08322256
2020-06-05,IWM,0.019191,0.03923991,0.020048909,train,-0.0048398105
2020-06-05,SPY,0.01201493,-0.067959405,0.07997434,train,-0.10998419
2020-06-05,TLT,0.003836555,0.017556936,0.01372038,train,0.054204907
2020-06-08,EFA,-0.013078177,0.12217244,0.13525061,train,0.06636716
2020-06-08,IWM,-0.018658647,0.076120235,0.09477888,train,0.03923991
2020-06-08,SPY,-0.0074845664,-0.11148782,0.10400325,train,-0.067959405
2020-06-08,TLT,0.011294514,-0.023448292,0.034742806,train,0.017556936
2020-06-09,EFA,-0.0021965415,0.078283615,0.08048016,train,0.12217244
2020-06-09,IWM,-0.027528131,-0.044353347,0.016825216,train,0.076120235
2020-06-09,SPY,-0.005595383,-0.15255485,0.14695947,train,-0.11148782
2020-06-09,TLT,0.014718872,0.02763791,0.0129190385,train,-0.023448292
2020-06-10,EFA,-0.05504488,-0.005099275,0.049945604,train,0.078283615
2020-06-10,IWM,-0.07934172,0.0742503,0.15359202,train,-0.044353347
2020-06-10,SPY,-0.059377465,-0.059081044,0.00029642135,train,-0.15255485
2020-06-10,TLT,0.018723788,0.006251419,0.012472369,train,0.02763791
2020-06-11,EFA,0.017111484,0.062417116,0.045305632,train,-0.005099275
2020-06-11,IWM,0.023711422,0.0383122,0.014600778,train,0.0742503
2020-06-11,SPY,0.01190426,0.09983132,0.08792706,train,-0.059081044
2020-06-11,TLT,-0.009687657,0.061570674,0.07125833,train,0.006251419
2020-06-12,EFA,0.0040944633,-0.021596797,0.02569126,train,0.062417116
2020-06-12,IWM,0.022856643,0.073975675,0.05111903,train,0.0383122
2020-06-12,SPY,0.009292429,0.0394681,0.03017567,train,0.09983132
2020-06-12,TLT,0.0005542711,0.062096942,0.06154267,train,0.061570674
2020-06-15,EFA,0.01228225,0.005342816,0.0069394344,train,-0.021596797
2020-06-15,IWM,0.023759395,0.06498782,0.04122843,train,0.073975675
2020-06-15,SPY,0.019064847,0.061045576,0.04198073,train,0.0394681
2020-06-15,TLT,-0.015452522,0.03389281,0.049345333,train,0.062096942
2020-06-16,EFA,0.0037363828,-0.06138378,0.06512016,train,0.005342816
2020-06-16,IWM,-0.01824271,0.020686958,0.038929667,train,0.06498782
2020-06-16,SPY,-0.00416252,-0.022656698,0.018494178,train,0.061045576
2020-06-16,TLT,0.004119068,-0.0029391823,0.0070582503,train,0.03389281
2020-06-17,EFA,-0.005365214,-0.049881637,0.04451642,train,-0.06138378
2020-06-17,IWM,-0.00035249168,-0.010911441,0.01055895,train,0.020686958
2020-06-17,SPY,0.00038501652,-0.034209903,0.03459492,train,-0.022656698
2020-06-17,TLT,0.010532903,0.00072962325,0.009803279,train,-0.0029391823
2020-06-18,EFA,-0.004902841,0.066500835,0.071403675,train,-0.049881637
2020-06-18,IWM,-0.0051641944,0.023370907,0.028535102,train,-0.010911441
2020-06-18,SPY,-0.005731274,-0.043598935,0.03786766,train,-0.034209903
2020-06-18,TLT,0.00080055126,-0.033345982,0.034146532,train,0.00072962325
2020-06-19,EFA,0.011888396,0.0388325,0.026944105,train,0.066500835
2020-06-19,IWM,0.009950933,-0.0017215526,0.011672486,train,0.023370907
2020-06-19,SPY,0.0063945353,-0.101506084,0.10790062,train,-0.043598935
2020-06-19,TLT,0.00012321636,-0.0053732814,0.0054964977,train,-0.033345982
2020-06-22,EFA,0.0054892986,0.049042568,0.04355327,train,0.0388325
2020-06-22,IWM,0.004204575,0.039406914,0.03520234,train,-0.0017215526
2020-06-22,SPY,0.0045933705,-0.06473964,0.06933301,train,-0.101506084
2020-06-22,TLT,-0.0068583745,-0.00948378,0.0026254053,train,-0.0053732814
2020-06-23,EFA,-0.025933191,0.06004982,0.08598301,train,0.049042568
2020-06-23,IWM,-0.032985732,0.064528584,0.09751432,train,0.039406914
2020-06-23,SPY,-0.025839873,-0.010969023,0.014870849,train,-0.06473964
2020-06-23,TLT,0.010668794,0.030773439,0.020104645,train,-0.00948378
2020-06-24,EFA,0.014110188,0.05750079,0.043390602,train,0.06004982
2020-06-24,IWM,0.014992608,0.07090765,0.055915043,train,0.064528584
2020-06-24,SPY,0.010663428,-0.005174066,0.015837494,train,-0.010969023
2020-06-24,TLT,0.0028787474,0.00090204505,0.0019767024,train,0.030773439
2020-06-25,EFA,-0.014606096,0.042526353,0.05713245,train,0.05750079
2020-06-25,IWM,-0.02728221,-0.08086141,0.053579204,train,0.07090765
2020-06-25,SPY,-0.024037901,-0.048738632,0.024700731,train,-0.005174066
2020-06-25,TLT,0.010646207,-0.0026439317,0.013290139,train,0.00090204505
2020-06-26,EFA,0.008067945,-0.0059858738,0.014053819,train,0.042526353
2020-06-26,IWM,0.032182977,0.07497777,0.042794794,train,-0.08086141
2020-06-26,SPY,0.014590626,0.04233593,0.027745306,train,-0.048738632
2020-06-26,TLT,-0.0031516918,0.010801503,0.013953195,train,-0.0026439317
2020-06-29,EFA,-0.0018053523,0.020417627,0.022222979,train,-0.0059858738
2020-06-29,IWM,0.014349992,-0.009935494,0.024285486,train,0.07497777
2020-06-29,SPY,0.012728232,-0.06932788,0.08205611,train,0.04233593
2020-06-29,TLT,-0.0048682448,-0.0035617342,0.0013065105,train,0.010801503
2020-06-30,EFA,0.003771231,-0.039658546,0.043429777,train,0.020417627
2020-06-30,IWM,-0.009543515,-0.024743762,0.015200247,train,-0.009935494
2020-06-30,SPY,0.0069803083,-0.14521764,0.15219796,train,-0.06932788
2020-06-30,TLT,-0.0019441246,-0.020172495,0.01822837,train,-0.0035617342
2020-07-01,EFA,0.010905976,0.056064885,0.045158908,train,-0.039658546
2020-07-01,IWM,0.0040813037,0.11227403,0.10819273,train,-0.024743762
2020-07-01,SPY,0.0054915654,-0.027777884,0.03326945,train,-0.14521764
2020-07-01,TLT,0.0010393197,0.013606256,0.012566936,train,-0.020172495
2020-07-02,EFA,0.016218731,0.040828552,0.02460982,train,0.056064885
2020-07-02,IWM,0.0072071943,0.051096067,0.043888874,train,0.11227403
2020-07-02,SPY,0.015319317,-0.041170236,0.056489553,train,-0.027777884
2020-07-02,TLT,-0.0041033775,0.0002825819,0.0043859594,train,0.013606256
2020-07-06,EFA,-0.014762826,0.039421875,0.0541847,train,0.040828552
2020-07-06,IWM,-0.017867716,0.0088062035,0.02667392,train,0.051096067
2020-07-06,SPY,-0.010367116,0.025530614,0.03589773,train,-0.041170236
2020-07-06,TLT,0.013957843,0.0024823584,0.011475485,train,0.0002825819
2020-07-07,EFA,0.008371087,0.027008675,0.018637588,train,0.039421875
2020-07-07,IWM,0.007424947,0.05724663,0.049821682,train,0.0088062035
2020-07-07,SPY,0.00761941,-0.031006392,0.038625803,train,0.025530614
2020-07-07,TLT,-0.0040024887,0.029737297,0.033739787,train,0.0024823584
2020-07-08,EFA,-0.011447334,-0.0150931915,0.0036458578,train,0.027008675
2020-07-08,IWM,-0.020427274,0.018092528,0.0385198,train,0.05724663
2020-07-08,SPY,-0.0057089766,-0.005440711,0.0002682656,train,-0.031006392
2020-07-08,TLT,0.015796686,0.016103804,0.00030711852,train,0.029737297
2020-07-09,EFA,0.0106454855,0.0043346053,0.00631088,train,-0.0150931915
2020-07-09,IWM,0.015978854,0.03177705,0.015798196,train,0.018092528
2020-07-09,SPY,0.010158548,-0.010367545,0.020526092,train,-0.005440711
2020-07-09,TLT,-0.005037337,0.021358375,0.026395712,train,0.016103804
2020-07-10,EFA,-0.0064381785,-0.019273728,0.012835549,train,0.0043346053
2020-07-10,IWM,-0.01274793,0.053500593,0.06624852,train,0.03177705
2020-07-10,SPY,-0.008696626,0.009777696,0.018474322,train,-0.010367545
2020-07-10,TLT,0.00330107,-0.0044165915,0.0077176616,train,0.021358375
2020-07-13,EFA,0.014586826,-0.041920263,0.05650709,train,-0.019273728
2020-07-13,IWM,0.016420895,0.025965933,0.0095450375,train,0.053500593
2020-07-13,SPY,0.012875666,-0.062430527,0.07530619,train,0.009777696
2020-07-13,TLT,0.0014369428,0.029893402,0.028456459,train,-0.0044165915
2020-07-14,EFA,0.011235463,-0.005870796,0.01710626,train,-0.041920263
2020-07-14,IWM,0.03600754,0.05641807,0.02041053,train,0.025965933
2020-07-14,SPY,0.0091453055,-0.03064346,0.039788764,train,-0.062430527
2020-07-14,TLT,-0.0046780957,0.0058263326,0.010504428,train,0.029893402
2020-07-15,EFA,-0.006472511,0.0020961738,0.0085686855,train,-0.005870796
2020-07-15,IWM,-0.005934779,0.013629255,0.019564034,train,0.05641807
2020-07-15,SPY,-0.0032986803,-0.036834374,0.033535693,train,-0.03064346
2020-07-15,TLT,0.004738271,0.033766363,0.029028092,train,0.0058263326
2020-07-16,EFA,0.005842926,-0.0049352823,0.010778208,train,0.0020961738
2020-07-16,IWM,0.0029375749,0.05229852,0.049360946,train,0.013629255
2020-07-16,SPY,0.0028948677,-0.06381108,0.06670595,train,-0.036834374
2020-07-16,TLT,-0.00209668,0.010183038,0.012279718,train,0.033766363
2020-07-17,EFA,0.004869057,-0.0024557859,0.0073248427,train,-0.0049352823
2020-07-17,IWM,-0.0043068947,0.059718844,0.06402574,train,0.05229852
2020-07-17,SPY,0.008049294,-0.00041468162,0.008463976,train,-0.06381108
2020-07-17,TLT,0.0024549495,0.0015073679,0.0009475816,train,0.010183038
2020-07-20,EFA,0.0020349596,-0.008410695,0.010445654,train,-0.0024557859
2020-07-20,IWM,0.01408217,0.06303309,0.048950918,train,0.059718844
2020-07-20,SPY,0.0021249182,0.0018499047,0.0002750135,train,-0.00041468162
2020-07-20,TLT,0.0005979843,0.0025389409,0.0019409566,train,0.0015073679
2020-07-21,EFA,0.0026549543,-0.026552923,0.029207878,train,-0.008410695
2020-07-21,IWM,0.0005405795,-0.005508311,0.0060488908,train,0.06303309
2020-07-21,SPY,0.0056759706,-0.03493241,0.04060838,train,0.0018499047
2020-07-21,TLT,0.002984246,-0.004074444,0.0070586903,train,0.0025389409
2020-07-22,EFA,-0.00798575,-0.040030356,0.032044604,train,-0.026552923
2020-07-22,IWM,0.0010121797,-0.012674729,0.013686909,train,-0.005508311
2020-07-22,SPY,-0.01200369,-0.01847246,0.006468769,train,-0.03493241
2020-07-22,TLT,0.01161379,0.005916535,0.005697255,train,-0.004074444
2020-07-23,EFA,-0.0055174567,0.00028243475,0.0057998914,train,-0.040030356
2020-07-23,IWM,-0.014812956,0.01548002,0.030292977,train,-0.012674729
2020-07-23,SPY,-0.006461184,-0.019352905,0.012891721,train,-0.01847246
2020-07-23,TLT,-5.850036e-05,-0.0033995556,0.0033410552,train,0.005916535
2020-07-24,EFA,0.013035007,-0.011107353,0.024142358,train,0.00028243475
2020-07-24,IWM,0.01035146,-0.016563889,0.026915349,train,0.01548002
2020-07-24,SPY,0.0072662616,-0.02937993,0.03664619,train,-0.019352905
2020-07-24,TLT,-0.0037187506,0.0013116365,0.005030387,train,-0.0033995556
2020-07-27,EFA,-0.0064178016,-0.0018642135,0.004553588,train,-0.011107353
2020-07-27,IWM,-0.010009264,0.022947341,0.032956604,train,-0.016563889
2020-07-27,SPY,-0.0063626682,0.0070547294,0.013417398,train,-0.02937993
2020-07-27,TLT,0.0068952963,-0.0077200187,0.014615315,train,0.0013116365
2020-07-28,EFA,0.010466355,0.029896345,0.01942999,train,-0.0018642135
2020-07-28,IWM,0.02179565,-0.03418543,0.055981077,train,0.022947341
2020-07-28,SPY,0.012223698,0.004246248,0.00797745,train,0.0070547294
2020-07-28,TLT,-0.0017051668,-0.0042469325,0.0025417656,train,-0.0077200187
2020-07-29,EFA,-0.014873051,-0.038220163,0.023347113,train,0.029896345
2020-07-29,IWM,-0.0039580073,-0.0075183874,0.00356038,train,-0.03418543
2020-07-29,SPY,-0.0035742142,-0.0054943645,0.0019201504,train,0.004246248
2020-07-29,TLT,0.006567378,0.010336117,0.0037687388,train,-0.0042469325
2020-07-30,EFA,-0.021523153,0.014920325,0.03644348,train,-0.038220163
2020-07-30,IWM,-0.009455828,0.04825547,0.057711296,train,-0.0075183874
2020-07-30,SPY,0.007870907,-0.0193819,0.027252806,train,-0.0054943645
2020-07-30,TLT,-0.0006431226,-0.015418361,0.014775238,train,0.010336117
2020-07-31,EFA,0.019312644,0.023552224,0.0042395797,train,0.014920325
2020-07-31,IWM,0.016155336,0.078344025,0.06218869,train,0.04825547
2020-07-31,SPY,0.0069284774,-0.0351266,0.042055078,train,-0.0193819
2020-07-31,TLT,-0.005047548,-0.0059193084,0.0008717603,train,-0.015418361
2020-08-03,EFA,0.0055174567,0.03733201,0.031814553,train,0.023552224
2020-08-03,IWM,0.006854099,0.07301498,0.06616088,train,0.078344025
2020-08-03,SPY,0.0038550226,-0.029892322,0.033747345,train,-0.0351266
2020-08-03,TLT,0.009486934,-0.0060381377,0.015525072,train,-0.0059193084
2020-08-04,EFA,0.0032958358,0.0065273163,0.0032314805,train,0.03733201
2020-08-04,IWM,0.019700063,0.014431247,0.005268817,train,0.07301498
2020-08-04,SPY,0.0061919214,-0.018674053,0.024865974,train,-0.029892322
2020-08-04,TLT,-0.008781489,0.025251117,0.034032606,train,-0.0060381377
2020-08-05,EFA,0.0010963433,-0.038976673,0.040073015,train,0.0065273163
2020-08-05,IWM,-0.00039040463,0.0489016,0.049292002,train,0.014431247
2020-08-05,SPY,0.006662005,-0.0030684592,0.009730464,train,-0.018674053
2020-08-05,TLT,0.0055705705,0.016110271,0.010539701,train,0.025251117
2020-08-06,EFA,-0.004077761,0.03043731,0.03451507,train,-0.038976673
2020-08-06,IWM,0.01574754,0.066499956,0.050752416,train,0.0489016
2020-08-06,SPY,0.0007176108,-0.0050829044,0.0058005154,train,-0.0030684592
2020-08-06,TLT,-0.006688482,-0.013159218,0.006470736,train,0.016110271
2020-08-07,EFA,0.003294872,0.061017524,0.057722654,train,0.03043731
2020-08-07,IWM,0.010319906,0.04618403,0.035864122,train,0.066499956
2020-08-07,SPY,0.0029846618,-0.018520344,0.021505006,train,-0.0050829044
2020-08-07,TLT,-0.00448333,-0.0001512533,0.0043320768,train,-0.013159218
2020-08-10,EFA,0.0035962397,0.06978397,0.06618773,train,0.061017524
2020-08-10,IWM,-0.005783772,0.082463734,0.08824751,train,0.04618403
2020-08-10,SPY,-0.00828915,-0.027359474,0.019070324,train,-0.018520344
2020-08-10,TLT,-0.011956255,-0.0054723574,0.0064838976,train,-0.0001512533
2020-08-11,EFA,0.021921348,0.07521831,0.053296965,train,0.06978397
2020-08-11,IWM,0.004071184,0.058052827,0.053981643,train,0.082463734
2020-08-11,SPY,0.013846193,-0.057441782,0.071287975,train,-0.027359474
2020-08-11,TLT,-0.009137914,-0.029170554,0.02003264,train,-0.0054723574
2020-08-12,EFA,-0.004438168,-0.004829104,0.00039093615,train,0.07521831
2020-08-12,IWM,-0.0020971312,0.007981417,0.0100785475,train,0.058052827
2020-08-12,SPY,-0.0018094139,-0.07566963,0.07386022,train,-0.057441782
2020-08-12,TLT,-0.010746215,0.021481007,0.032227222,train,-0.029170554
2020-08-13,EFA,-0.006153699,0.015491848,0.021645546,train,-0.004829104
2020-08-13,IWM,-0.00063643605,0.004841366,0.005477802,train,0.007981417
2020-08-13,SPY,2.9652036e-05,-0.08434662,0.084376276,train,-0.07566963
2020-08-13,TLT,-0.0039142086,0.017409444,0.021323653,train,0.021481007
2020-08-14,EFA,0.007533204,-0.015440092,0.022973295,train,0.015491848
2020-08-14,IWM,0.005142891,-0.016248967,0.021391857,train,0.004841366
2020-08-14,SPY,0.003171698,-0.03494412,0.038115818,train,-0.08434662
2020-08-14,TLT,0.0025086869,0.05659849,0.0540898,train,0.017409444
2020-08-17,EFA,-0.0006128707,-0.025737524,0.025124654,train,-0.015440092
2020-08-17,IWM,-0.009608799,0.008789229,0.018398028,train,-0.016248967
2020-08-17,SPY,0.0021580157,-0.045738697,0.047896713,train,-0.03494412
2020-08-17,TLT,0.0071271444,0.032788843,0.0256617,train,0.05659849
2020-08-18,EFA,-0.0044543906,0.07459109,0.07904548,train,-0.025737524
2020-08-18,IWM,6.351845e-05,0.009582807,0.009519289,train,0.008789229
2020-08-18,SPY,-0.004172308,-0.0075955195,0.0034232116,train,-0.045738697
2020-08-18,TLT,-0.0062707937,0.018543009,0.024813803,train,0.032788843
2020-08-19,EFA,-0.0032379024,-0.021226585,0.017988682,train,0.07459109
2020-08-19,IWM,-0.004100295,-0.0028601428,0.0012401519,train,0.009582807
2020-08-19,SPY,0.0031086935,0.04805109,0.044942394,train,-0.0075955195
2020-08-19,TLT,0.008997828,0.011444686,0.0024468582,train,0.018543009
2020-08-20,EFA,-0.0051094894,-0.02053807,0.01542858,train,-0.021226585
2020-08-20,IWM,-0.0074104634,0.05858629,0.06599675,train,-0.0028601428
2020-08-20,SPY,0.0035409578,-0.014601137,0.018142095,train,0.04805109
2020-08-20,TLT,0.005975012,-0.005525578,0.01150059,train,0.011444686
2020-08-21,EFA,0.013108092,0.011794192,0.0013139006,train,-0.02053807
2020-08-21,IWM,0.010423598,0.019223366,0.008799768,train,0.05858629
2020-08-21,SPY,0.010082258,0.008417907,0.0016643507,train,-0.014601137
2020-08-21,TLT,-0.0016262094,-0.009285844,0.0076596346,train,-0.005525578
2020-08-24,EFA,0.0006128897,0.009226821,0.008613932,train,0.011794192
2020-08-24,IWM,0.0010871605,0.0089920955,0.007904935,train,0.019223366
2020-08-24,SPY,0.0034931293,-0.03317957,0.0366727,train,0.008417907
2020-08-24,TLT,-0.0076828795,0.00067873765,0.008361617,train,-0.009285844
2020-08-25,EFA,0.005801602,0.01840803,0.012606429,train,0.009226821
2020-08-25,IWM,-0.006285273,0.022442002,0.028727274,train,0.0089920955
2020-08-25,SPY,0.009975628,-0.03693747,0.0469131,train,-0.03317957
2020-08-25,TLT,-0.0038331773,0.0016117692,0.0054449467,train,0.00067873765
2020-08-26,EFA,-0.010251891,0.020906284,0.031158175,train,0.01840803
2020-08-26,IWM,0.0024421527,0.031959984,0.029517831,train,0.022442002
2020-08-26,SPY,0.002184504,-0.038584027,0.04076853,train,-0.03693747
2020-08-26,TLT,-0.01715572,-0.026180357,0.009024637,train,0.0016117692
2020-08-27,EFA,0.007049891,0.018938802,0.011888911,train,0.020906284
2020-08-27,IWM,0.008436347,-9.694975e-05,0.008533297,train,0.031959984
2020-08-27,SPY,0.0064381496,-0.0395244,0.04596255,train,-0.038584027
2020-08-27,TLT,-0.0007446523,-0.012269267,0.011524615,train,-0.026180357
2020-08-28,EFA,-0.0076651694,0.0010531954,0.008718365,train,0.018938802
2020-08-28,IWM,-0.010814375,-0.012546287,0.0017319117,train,-9.694975e-05
2020-08-28,SPY,-0.00362869,-0.11515716,0.11152846,train,-0.0395244
2020-08-28,TLT,0.006618943,-0.02491916,0.031538103,train,-0.012269267
2020-08-31,EFA,0.0010766437,0.05264088,0.05156424,train,0.0010531954
2020-08-31,IWM,0.011387191,0.027882513,0.016495321,train,-0.012546287
2020-08-31,SPY,0.009374082,0.002923971,0.006450111,train,-0.11515716
2020-08-31,TLT,0.011373067,-0.03495837,0.046331435,train,-0.02491916
2020-09-01,EFA,0.013285662,-0.0043189833,0.017604645,train,0.05264088
2020-09-01,IWM,0.007919582,0.01970017,0.011780588,train,0.027882513
2020-09-01,SPY,0.014360647,-0.10313565,0.1174963,train,0.002923971
2020-09-01,TLT,0.009475404,-0.028253522,0.037728928,train,-0.03495837
2020-09-02,EFA,-0.022862686,0.0006642961,0.023526981,train,-0.0043189833
2020-09-02,IWM,-0.02997925,0.042636603,0.072615854,train,0.01970017
2020-09-02,SPY,-0.03502043,-0.07062024,0.03559981,train,-0.10313565
2020-09-02,TLT,0.0028370272,0.0023124511,0.00052457605,train,-0.028253522
2020-09-03,EFA,0.0013958403,0.02282828,0.02143244,train,0.0006642961
2020-09-03,IWM,-0.0063931267,0.021613944,0.028007071,train,0.042636603
2020-09-03,SPY,-0.008198196,0.1324867,0.1406849,train,-0.07062024
2020-09-03,TLT,-0.019171173,0.021647088,0.04081826,train,0.0023124511
2020-09-04,EFA,-0.012319692,0.03430682,0.046626512,train,0.02282828
2020-09-04,IWM,-0.019428331,0.00944002,0.028868351,train,0.021613944
2020-09-04,SPY,-0.027703172,0.12997761,0.15768078,train,0.1324867
2020-09-04,TLT,0.006125945,0.01354663,0.0074206847,train,0.021647088
2020-09-08,EFA,0.018500293,0.010811516,0.0076887766,train,0.03430682
2020-09-08,IWM,0.015034172,0.031823266,0.016789094,train,0.00944002
2020-09-08,SPY,0.019554889,0.029521454,0.009966565,train,0.12997761
2020-09-08,TLT,-0.0026907495,-0.009604546,0.006913797,train,0.01354663
2020-09-09,EFA,-0.01177576,0.0089040175,0.020679777,train,0.010811516
2020-09-09,IWM,-0.013100707,-0.0025896998,0.010511007,train,0.031823266
2020-09-09,SPY,-0.017515926,0.07344417,0.0909601,train,0.029521454
2020-09-09,TLT,0.005069964,-0.016137477,0.02120744,train,-0.009604546
2020-09-10,EFA,0.009925733,0.008434846,0.0014908873,train,0.0089040175
2020-09-10,IWM,-0.006682814,-0.014144716,0.0074619018,train,-0.0025896998
2020-09-10,SPY,0.00050869735,0.028763842,0.028255144,train,0.07344417
2020-09-10,TLT,0.0021304511,-0.021859229,0.02398968,train,-0.016137477
2020-09-11,EFA,0.0053866836,0.014946013,0.00955933,train,0.008434846
2020-09-11,IWM,0.026008662,-0.018506866,0.044515528,train,-0.014144716
2020-09-11,SPY,0.0130855655,-0.018474724,0.03156029,train,0.028763842
2020-09-11,TLT,-6.0898008e-05,-0.023038857,0.02297796,train,-0.021859229
2020-09-14,EFA,0.0064257868,-0.018370263,0.02479605,train,0.014946013
2020-09-14,IWM,0.0018924072,0.00047581038,0.0014165968,train,-0.018506866
2020-09-14,SPY,0.0050393743,-0.1063397,0.11137907,train,-0.018474724
2020-09-14,TLT,-0.0024350064,-0.011699962,0.009264956,train,-0.023038857
2020-09-15,EFA,0.0,0.01577406,0.01577406,train,-0.018370263
2020-09-15,IWM,0.009409849,0.0077500204,0.0016598282,train,0.00047581038
2020-09-15,SPY,-0.0039763255,-0.08169276,0.07771644,train,-0.1063397
2020-09-15,TLT,-0.002991218,0.022111986,0.025103204,train,-0.011699962
2020-09-16,EFA,0.001371863,0.021086335,0.019714473,train,0.01577406
2020-09-16,IWM,-0.0073252805,0.00417116,0.0114964405,train,0.0077500204
2020-09-16,SPY,-0.008834341,-0.08585265,0.07701831,train,-0.08169276
2020-09-16,TLT,0.0030518244,-0.00064429455,0.003696119,train,0.022111986
2020-09-17,EFA,-0.008104869,0.02160786,0.02971273,train,0.021086335
2020-09-17,IWM,-0.002606177,0.070480086,0.07308626,train,0.00417116
2020-09-17,SPY,-0.011579357,-0.06889467,0.057315312,train,-0.08585265
2020-09-17,TLT,-0.0031125057,-0.024913128,0.021800622,train,-0.00064429455
2020-09-18,EFA,-0.025660252,0.05788978,0.08355003,train,0.02160786
2020-09-18,IWM,-0.035659935,0.020488858,0.056148794,train,0.070480086
2020-09-18,SPY,-0.011192028,-0.02806219,0.016870163,train,-0.06889467
2020-09-18,TLT,0.005061394,-0.012397361,0.017458756,train,-0.024913128
2020-09-21,EFA,-0.00031530304,0.0034481445,0.0037634475,train,0.05788978
2020-09-21,IWM,0.0076771327,0.021350905,0.013673773,train,0.020488858
2020-09-21,SPY,0.010132888,0.026803385,0.016670497,train,-0.02806219
2020-09-21,TLT,-0.0007912504,-0.0046252394,0.0038339891,train,-0.012397361
2020-09-22,EFA,-0.008386672,-0.03985364,0.03146697,train,0.0034481445
2020-09-22,IWM,-0.030245015,0.008156569,0.038401585,train,0.021350905
2020-09-22,SPY,-0.02346431,-0.043391425,0.019927114,train,0.026803385
2020-09-22,TLT,0.0013380058,-0.034136694,0.0354747,train,-0.0046252394
2020-09-23,EFA,-0.0009539087,-0.007416646,0.0064627375,train,-0.03985364
2020-09-23,IWM,0.0,0.00914326,0.00914326,train,0.008156569
2020-09-23,SPY,0.0026622524,-0.03078765,0.033449903,train,-0.043391425
2020-09-23,TLT,0.0038228752,-0.022153877,0.025976751,train,-0.034136694
2020-09-24,EFA,0.0033348498,-0.0007559913,0.004090841,train,-0.007416646
2020-09-24,IWM,0.016111545,-0.035376474,0.05148802,train,0.00914326
2020-09-24,SPY,0.016037727,-0.058949184,0.07498691,train,-0.03078765
2020-09-24,TLT,0.0,0.022958826,0.022958826,train,-0.022153877
2020-09-25,EFA,0.014947866,-0.009694424,0.02464229,train,-0.0007559913
2020-09-25,IWM,0.024357807,-0.03745298,0.061810788,train,-0.035376474
2020-09-25,SPY,0.016472608,-0.021095723,0.03756833,train,-0.058949184
2020-09-25,TLT,-0.0028497276,-0.020058773,0.017209046,train,0.022958826
2020-09-28,EFA,-0.0010939449,0.0057329237,0.0068268687,train,-0.009694424
2020-09-28,IWM,-0.0045433096,0.03325705,0.037800357,train,-0.03745298
2020-09-28,SPY,-0.0054608737,0.08902264,0.09448351,train,-0.021095723
2020-09-28,TLT,0.0011523177,-0.019198451,0.02035077,train,-0.020058773
2020-09-29,EFA,-0.0048585148,0.0041205315,0.008979047,train,0.0057329237
2020-09-29,IWM,0.0030090709,0.022149589,0.019140517,train,0.03325705
2020-09-29,SPY,0.0075533176,0.03785376,0.030300442,train,0.08902264
2020-09-29,TLT,-0.009631049,0.05482182,0.06445287,train,-0.019198451
2020-09-30,EFA,0.005796245,0.08296955,0.0771733,train,0.0041205315
2020-09-30,IWM,0.015829451,0.06258736,0.046757907,train,0.022149589
2020-09-30,SPY,0.006399266,-0.022303287,0.028702553,train,0.03785376
2020-09-30,TLT,0.0016480498,-0.022894297,0.024542347,train,0.05482182
2020-10-01,EFA,-0.0020326618,-0.012760102,0.01072744,train,0.08296955
2020-10-01,IWM,0.004393329,0.009893243,0.0054999143,train,0.06258736
2020-10-01,SPY,-0.009539526,-0.0655817,0.056042176,train,-0.022303287
2020-10-01,TLT,-0.0037410443,-0.03049894,0.026757896,train,-0.022894297
2020-10-02,EFA,0.015068134,-0.0130809,0.028149035,train,-0.012760102
2020-10-02,IWM,0.027234204,0.04803933,0.020805124,train,0.009893243
2020-10-02,SPY,0.017577723,0.010732857,0.006844866,train,-0.0655817
2020-10-02,TLT,-0.019732798,-0.01285182,0.006880977,train,-0.03049894
2020-10-05,EFA,-0.010695303,-0.008030028,0.0026652748,train,-0.0130809
2020-10-05,IWM,-0.0028691967,0.02734873,0.030217927,train,0.04803933
2020-10-05,SPY,-0.014317766,0.037158452,0.051476218,train,0.010732857
2020-10-05,TLT,0.0053749946,-0.018063817,0.023438811,train,-0.01285182
2020-10-06,EFA,0.008534675,0.05161057,0.043075897,train,-0.008030028
2020-10-06,IWM,0.021601297,0.09180283,0.07020153,train,0.02734873
2020-10-06,SPY,0.017256666,0.01702448,0.00023218617,train,0.037158452
2020-10-06,TLT,-0.0073192692,0.010264937,0.017584207,train,-0.018063817
2020-10-07,EFA,0.006928858,-0.0018267371,0.0087555945,train,0.05161057
2020-10-07,IWM,0.011307869,-0.067071855,0.07837972,train,0.09180283
2020-10-07,SPY,0.00882368,-0.007375922,0.016199602,train,0.01702448
2020-10-07,TLT,0.0053847516,0.023065072,0.01768032,train,0.010264937
2020-10-08,EFA,0.0077952663,-0.0037957998,0.011591066,train,-0.0018267371
2020-10-08,IWM,0.0051764073,0.055386085,0.05020968,train,-0.067071855
2020-10-08,SPY,0.008890486,-0.0029867832,0.0118772695,train,-0.007375922
2020-10-08,TLT,-0.00018714862,-0.0036804816,0.003493333,train,0.023065072
2020-10-09,EFA,0.0057688775,0.05126263,0.04549375,train,-0.0037957998
2020-10-09,IWM,0.0066770264,-0.019050766,0.025727792,train,0.055386085
2020-10-09,SPY,0.015959289,0.052146133,0.036186844,train,-0.0029867832
2020-10-09,TLT,0.0031808142,0.003928352,0.00074753794,train,-0.0036804816
2020-10-12,EFA,-0.011265152,-0.023213562,0.0119484095,train,0.05126263
2020-10-12,IWM,-0.0066770264,-0.020934254,0.014257228,train,-0.019050766
2020-10-12,SPY,-0.006547214,0.02534217,0.031889383,train,0.052146133
2020-10-12,TLT,0.007135491,-0.017118786,0.024254277,train,0.003928352
2020-10-13,EFA,-0.0016854377,0.014252474,0.015937911,train,-0.023213562
2020-10-13,IWM,-0.009944571,0.05337286,0.06331743,train,-0.020934254
2020-10-13,SPY,-0.006303552,0.011114749,0.0174183,train,0.02534217
2020-10-13,TLT,0.0022845312,0.0038526738,0.0015681426,train,-0.017118786
2020-10-14,EFA,-0.01187814,-0.009262263,0.0026158774,train,0.014252474
2020-10-14,IWM,0.010252351,0.020749629,0.010497278,train,0.05337286
2020-10-14,SPY,-0.0012363546,-0.017877504,0.01664115,train,0.011114749
2020-10-14,TLT,-0.001728393,-0.01934046,0.017612066,train,0.0038526738
2020-10-15,EFA,0.004644547,-0.0024569267,0.007101474,train,-0.009262263
2020-10-15,IWM,-0.0024609847,0.015787799,0.018248783,train,0.020749629
2020-10-15,SPY,-0.0006046649,0.021991853,0.022596518,train,-0.017877504
2020-10-15,TLT,-0.0027844592,0.016953778,0.019738236,train,-0.01934046
2020-10-16,EFA,-0.0037139382,0.012305812,0.01601975,train,-0.0024569267
2020-10-16,IWM,-0.012021598,0.036054276,0.048075873,train,0.015787799
2020-10-16,SPY,-0.015320102,0.073002316,0.088322416,train,0.021991853
2020-10-16,TLT,-0.0037867958,-0.00768382,0.0038970243,train,0.016953778
2020-10-19,EFA,0.0049490207,0.031034537,0.026085516,train,0.012305812
2020-10-19,IWM,0.0021795216,-0.013004656,0.015184177,train,0.036054276
2020-10-19,SPY,0.0039978344,0.0351791,0.031181267,train,0.073002316
2020-10-19,TLT,-0.00956196,-0.0030571744,0.0065047853,train,-0.00768382
2020-10-20,EFA,-0.0047939685,0.04560195,0.050395917,train,0.031034537
2020-10-20,IWM,-0.008621214,-0.0060553616,0.0025658524,train,-0.013004656
2020-10-20,SPY,-0.0018950364,0.016934082,0.018829118,train,0.0351791
2020-10-20,TLT,-0.0034591903,-0.023948047,0.020488856,train,-0.0030571744
2020-10-21,EFA,0.00077462173,0.030457202,0.02968258,train,0.04560195
2020-10-21,IWM,0.0171071,0.037405625,0.020298526,train,-0.0060553616
2020-10-21,SPY,0.0054705082,0.023308504,0.017837996,train,0.016934082
2020-10-21,TLT,-0.0104516735,0.002091852,0.012543526,train,-0.023948047
2020-10-22,EFA,0.006484737,0.013161839,0.006677102,train,0.030457202
2020-10-22,IWM,0.0057810554,0.03096072,0.025179666,train,0.037405625
2020-10-22,SPY,0.0033894647,0.018649317,0.015259853,train,0.023308504
2020-10-22,TLT,0.0060939896,-0.022172559,0.02826655,train,0.002091852
2020-10-23,EFA,-0.0181698,0.017933216,0.036103018,train,0.013161839
2020-10-23,IWM,-0.021822127,0.041156933,0.06297906,train,0.03096072
2020-10-23,SPY,-0.018652976,0.015216316,0.033869293,train,0.018649317
2020-10-23,TLT,0.009260379,-0.021874342,0.03113472,train,-0.022172559
2020-10-26,EFA,-0.00786657,0.016894061,0.02476063,train,0.017933216
2020-10-26,IWM,-0.008623801,0.06425767,0.07288147,train,0.041156933
2020-10-26,SPY,-0.003453295,-0.061197367,0.05774407,train,0.015216316
2020-10-26,TLT,0.0066868556,-0.03575022,0.042437077,train,-0.021874342
2020-10-27,EFA,-0.030307777,0.026922986,0.057230763,train,0.016894061
2020-10-27,IWM,-0.031271685,0.091228575,0.122500256,train,0.06425767
2020-10-27,SPY,-0.034776684,-0.014470496,0.020306189,train,-0.061197367
2020-10-27,TLT,0.0009337236,-0.03665794,0.037591666,train,-0.03575022
2020-10-28,EFA,0.004710374,0.081084706,0.07637433,train,0.026922986
2020-10-28,IWM,0.0118659735,0.04618694,0.034320965,train,0.091228575
2020-10-28,SPY,0.0101124095,0.05470589,0.044593483,train,-0.014470496
2020-10-28,TLT,-0.009755123,0.0005801553,0.010335279,train,-0.03665794
2020-10-29,EFA,-0.0051990137,0.08053763,0.08573665,train,0.081084706
2020-10-29,IWM,-0.013302298,0.013643009,0.026945308,train,0.04618694
2020-10-29,SPY,-0.01047963,0.047961686,0.058441315,train,0.05470589
2020-10-29,TLT,-0.00991438,-0.00987888,3.5499223e-05,train,0.0005801553
2020-10-30,EFA,0.012947419,0.10884321,0.09589579,train,0.08053763
2020-10-30,IWM,0.01767602,0.027640026,0.009964006,train,0.013643009
2020-10-30,SPY,0.011146032,0.00921381,0.0019322224,train,0.047961686
2020-10-30,TLT,0.007463127,-0.004693347,0.0121564735,train,-0.00987888
2020-11-02,EFA,0.025872225,0.04527649,0.019404264,train,0.10884321
2020-11-02,IWM,0.027971452,-0.024360664,0.05233212,train,0.027640026
2020-11-02,SPY,0.017501714,0.00030500162,0.017196711,train,0.00921381
2020-11-02,TLT,-0.0058183772,-0.010621863,0.004803486,train,-0.004693347
2020-11-03,EFA,0.010908602,0.013499645,0.0025910428,train,0.04527649
2020-11-03,IWM,0.0011222034,-0.039311584,0.040433787,train,-0.024360664
2020-11-03,SPY,0.02210321,-0.036321703,0.058424912,train,0.00030500162
2020-11-03,TLT,0.02145986,-0.007757199,0.02921706,train,-0.010621863
2020-11-04,EFA,0.023739778,-0.044326533,0.068066314,train,0.013499645
2020-11-04,IWM,0.02760449,-0.05149915,0.07910364,train,-0.039311584
2020-11-04,SPY,0.019314917,0.06285354,0.043538623,train,-0.036321703
2020-11-04,TLT,0.001736689,-0.003158383,0.004895072,train,-0.007757199
2020-11-05,EFA,0.0021165262,-0.03729305,0.039409578,train,-0.044326533
2020-11-05,IWM,-0.007853077,-0.0014587017,0.006394375,train,-0.05149915
2020-11-05,SPY,-0.00022847229,0.037566256,0.037794728,train,0.06285354
2020-11-05,TLT,-0.012158052,0.030524716,0.042682767,train,-0.003158383
2020-11-06,EFA,0.028733,-0.052194323,0.08092733,train,-0.03729305
2020-11-06,IWM,0.0356013,-0.03053505,0.066136345,train,-0.0014587017
2020-11-06,SPY,0.01248743,-0.009354725,0.021842156,train,0.037566256
2020-11-06,TLT,-0.021238932,0.056303848,0.07754278,train,0.030524716
2020-11-09,EFA,0.008912144,-0.026658237,0.035570383,train,-0.052194323
2020-11-09,IWM,0.01840784,-0.013720087,0.032127928,train,-0.03053505
2020-11-09,SPY,-0.0014673749,0.009769236,0.011236611,train,-0.009354725
2020-11-09,TLT,-0.0057841134,-0.008184137,0.0024000234,train,0.056303848
2020-11-10,EFA,0.008401183,0.01349301,0.0050918264,train,-0.026658237
2020-11-10,IWM,-0.0004054452,-0.018974267,0.018568821,train,-0.013720087
2020-11-10,SPY,0.0074011395,0.035908524,0.028507385,train,0.009769236
2020-11-10,TLT,0.003602654,0.01575464,0.012151986,train,-0.008184137
2020-11-11,EFA,-0.014675219,-0.03386165,0.01918643,train,0.01349301
2020-11-11,IWM,-0.015469586,-0.04524483,0.029775247,train,-0.018974267
2020-11-11,SPY,-0.009748501,-0.040363148,0.030614648,train,0.035908524
2020-11-11,TLT,0.016874766,-0.012844763,0.029719528,train,0.01575464
2020-11-12,EFA,0.015251904,0.095162846,0.07991094,train,-0.03386165
2020-11-12,IWM,0.020497026,-0.055171024,0.07566805,train,-0.04524483
2020-11-12,SPY,0.013749298,-0.030838642,0.04458794,train,-0.040363148
2020-11-12,TLT,-0.0013270353,0.017748628,0.019075664,train,-0.012844763
2020-11-13,EFA,0.010325715,0.0095633175,0.0007623974,train,0.095162846
2020-11-13,IWM,0.023524985,-0.03202826,0.055553246,train,-0.055171024
2020-11-13,SPY,0.012405495,-0.020952433,0.03335793,train,-0.030838642
2020-11-13,TLT,-0.002405483,0.019755095,0.022160579,train,0.017748628
2020-11-16,EFA,-0.0009995719,0.005888493,0.0068880646,train,0.0095633175
2020-11-16,IWM,0.004661653,-0.0062641427,0.010925796,train,-0.03202826
2020-11-16,SPY,-0.0053927214,-0.02931944,0.023926718,train,-0.020952433
2020-11-16,TLT,0.0065064067,9.616371e-05,0.006410243,train,0.019755095
2020-11-17,EFA,-0.0052979263,-0.02845661,0.023158684,train,0.005888493
2020-11-17,IWM,-0.014107737,-0.015507464,0.0013997275,train,-0.0062641427
2020-11-17,SPY,-0.012107916,-0.03241847,0.020310555,train,-0.02931944
2020-11-17,TLT,0.0028933175,0.002473589,0.00041972846,train,9.616371e-05
2020-11-18,EFA,0.0070106653,-0.023609236,0.0306199,train,-0.02845661
2020-11-18,IWM,0.0076428675,0.039222486,0.031579617,train,-0.015507464
2020-11-18,SPY,0.0042014737,-0.0113411555,0.015542629,train,-0.03241847
2020-11-18,TLT,0.0051343455,0.010393947,0.005259602,train,0.002473589
2020-11-19,EFA,0.002989517,0.009318453,0.006328936,train,-0.023609236
2020-11-19,IWM,0.0010710773,0.002738607,0.0016675298,train,0.039222486
2020-11-19,SPY,-0.006871348,0.03626629,0.043137636,train,-0.0113411555
2020-11-19,TLT,0.008831618,-0.004055348,0.012886967,train,0.010393947
2020-11-20,EFA,-0.0012802829,-0.011491238,0.0102109555,train,0.009318453
2020-11-20,IWM,0.018531427,0.030168202,0.011636775,train,0.002738607
2020-11-20,SPY,0.0059763286,0.046313405,0.04033708,train,0.03626629
2020-11-20,TLT,-0.004592273,-0.0050923703,0.0005000974,train,-0.004055348
2020-11-23,EFA,0.014833944,0.0035658223,0.011268122,train,-0.011491238
2020-11-23,IWM,0.018628433,0.065592684,0.04696425,train,0.030168202
2020-11-23,SPY,0.015985435,0.056835856,0.040850423,train,0.046313405
2020-11-23,TLT,-0.010002237,0.023156632,0.03315887,train,-0.0050923703
2020-11-24,EFA,-0.001262847,-0.024924371,0.023661524,train,0.0035658223
2020-11-24,IWM,-0.0034255453,0.015888013,0.019313559,train,0.065592684
2020-11-24,SPY,-0.0015430765,0.014015128,0.015558205,train,0.056835856
2020-11-24,TLT,-0.0030832943,0.038541097,0.04162439,train,0.023156632
2020-11-25,EFA,0.0068567107,-0.09007297,0.09692968,train,-0.024924371
2020-11-25,IWM,0.004239492,0.045824226,0.041584734,train,0.015888013
2020-11-25,SPY,0.002781206,0.038306385,0.03552518,train,0.014015128
2020-11-25,TLT,0.009658289,0.011118544,0.0014602551,train,0.038541097
2020-11-27,EFA,-0.021994585,-0.052258037,0.030263452,train,-0.09007297
2020-11-27,IWM,-0.018336693,0.06932332,0.087660015,train,0.045824226
2020-11-27,SPY,-0.004436929,0.03837866,0.04281559,train,0.038306385
2020-11-27,TLT,-0.0012486763,-0.021215092,0.019966416,train,0.011118544
2020-11-30,EFA,0.023248684,0.05114371,0.027895026,train,-0.052258037
2020-11-30,IWM,0.009237859,0.01100981,0.0017719502,train,0.06932332
2020-11-30,SPY,0.010877859,-0.013370286,0.024248146,train,0.03837866
2020-11-30,TLT,-0.014854539,0.032557845,0.047412384,train,-0.021215092
2020-12-01,EFA,0.00013916362,-0.035472244,0.035611406,train,0.05114371
2020-12-01,IWM,0.0010393166,0.013915937,0.0128766205,train,0.01100981
2020-12-01,SPY,0.0021017778,-0.013329036,0.015430814,train,-0.013370286
2020-12-01,TLT,-0.007968311,-0.0093975,0.001429189,train,0.032557845
2020-12-02,EFA,0.0016698308,-0.032979336,0.034649167,train,-0.035472244
2020-12-02,IWM,0.00561604,0.041386683,0.035770644,train,0.013915937
2020-12-02,SPY,-0.00027259823,0.029267434,0.029540032,train,-0.013329036
2020-12-02,TLT,0.008031592,-0.008252424,0.016284015,train,-0.0093975
2020-12-03,EFA,0.008444478,-0.027711153,0.03615563,train,-0.032979336
2020-12-03,IWM,0.02300424,0.022921309,8.293055e-05,train,0.041386683
2020-12-03,SPY,0.0085806865,0.0097745815,0.001193895,train,0.029267434
2020-12-03,TLT,-0.014774272,-0.023592021,0.008817749,train,-0.008252424
2020-12-04,EFA,-0.008166422,-0.007127314,0.0010391083,train,-0.027711153
2020-12-04,IWM,0.00095608126,0.004537073,0.0035809916,train,0.022921309
2020-12-04,SPY,-0.0020569724,-0.038768694,0.036711723,train,0.0097745815
2020-12-04,TLT,0.008980597,-0.029191539,0.038172137,train,-0.023592021
2020-12-07,EFA,0.0034684953,-0.010229058,0.013697553,train,-0.007127314
2020-12-07,IWM,0.0127643375,0.08956721,0.07680287,train,0.004537073
2020-12-07,SPY,0.0029214888,0.009740162,0.0068186726,train,-0.038768694
2020-12-07,TLT,0.0047137095,-0.0036859335,0.008399643,train,-0.029191539
2020-12-08,EFA,0.0013841859,0.004839609,0.003455423,train,-0.010229058
2020-12-08,IWM,-0.0073117795,0.023234867,0.030546647,train,0.08956721
2020-12-08,SPY,-0.009008992,-0.021485228,0.012476236,train,0.009740162
2020-12-08,TLT,-0.0033096636,-0.006530377,0.0032207135,train,-0.0036859335
2020-12-09,EFA,0.0013820862,0.042978022,0.041595936,train,0.004839609
2020-12-09,IWM,0.009615419,0.07625948,0.06664406,train,0.023234867
2020-12-09,SPY,-0.00032707327,0.012482782,0.012809855,train,-0.021485228
2020-12-09,TLT,0.008824666,-0.010547585,0.01937225,train,-0.006530377
2020-12-10,EFA,-0.003043115,0.009281198,0.012324313,train,0.042978022
2020-12-10,IWM,-0.0049276496,0.015305218,0.020232867,train,0.07625948
2020-12-10,SPY,-0.0011734744,-0.0057510873,0.004577613,train,0.012482782
2020-12-10,TLT,0.0035331284,0.0025526755,0.0009804529,train,-0.010547585
2020-12-11,EFA,0.0006150331,-0.01607306,0.016688092,train,0.009281198
2020-12-11,IWM,0.0011697344,0.023771763,0.02260203,train,0.015305218
2020-12-11,SPY,-0.0044874693,-0.0048252298,0.00033776043,train,-0.0057510873
2020-12-11,TLT,-0.0027755054,-0.008854204,0.0060786987,train,0.0025526755
2020-12-14,EFA,0.010153936,-0.0002983911,0.010452327,train,-0.01607306
2020-12-14,IWM,0.024701476,0.0026291497,0.022072326,train,0.023771763
2020-12-14,SPY,0.0134291835,-0.006934951,0.020364136,train,-0.0048252298
2020-12-14,TLT,-0.0033530062,-0.012476361,0.009123355,train,-0.008854204
2020-12-15,EFA,0.0038672262,0.043176707,0.03930948,train,-0.0002983911
2020-12-15,IWM,-0.00360209,-0.003909881,0.00030779117,train,0.0026291497
2020-12-15,SPY,0.0015678258,0.0066720443,0.0051042186,train,-0.006934951
2020-12-15,TLT,-0.0026654652,-0.008521623,0.0058561577,train,-0.012476361
2020-12-16,EFA,0.0070060752,0.010502408,0.003496333,train,0.043176707
2020-12-16,IWM,0.011838234,-0.029435627,0.041273862,train,-0.003909881
2020-12-16,SPY,0.0055765617,-0.022253219,0.027829781,train,0.0066720443
2020-12-16,TLT,-0.002649321,-0.0025292486,0.00012007239,train,-0.008521623
2020-12-17,EFA,-0.0052156723,0.02713034,0.03234601,train,0.010502408
2020-12-17,IWM,-0.0048514693,0.017181877,0.022033347,train,-0.029435627
2020-12-17,SPY,-0.0040008295,-0.016994711,0.0129938815,train,-0.022253219
2020-12-17,TLT,-0.0030018764,-0.0015838863,0.0014179901,train,-0.0025292486
2020-12-18,EFA,-0.01287994,0.00827646,0.0211564,train,0.02713034
2020-12-18,IWM,-0.0005122322,0.04219977,0.042712003,train,0.017181877
2020-12-18,SPY,-0.0035817781,-0.034817453,0.031235676,train,-0.016994711
2020-12-18,TLT,0.0039581354,0.00025893282,0.0036992026,train,-0.0015838863
2020-12-21,EFA,-0.0025121616,-0.017252985,0.014740824,train,0.00827646
2020-12-21,IWM,0.011306813,-0.008773624,0.020080436,train,0.04219977
2020-12-21,SPY,-0.0016868763,-0.024032097,0.02234522,train,-0.034817453
2020-12-21,TLT,0.005147396,-0.018455025,0.02360242,train,0.00025893282
2020-12-22,EFA,0.010702698,0.022884551,0.012181854,train,-0.017252985
2020-12-22,IWM,0.008471654,0.024035573,0.015563919,train,-0.008773624
2020-12-22,SPY,0.00089800544,0.041567028,0.040669024,train,-0.024032097
2020-12-22,TLT,-0.006933031,-0.04484711,0.03791408,train,-0.018455025
2020-12-23,EFA,0.0004147019,-0.0013978863,0.0018125882,train,0.022884551
2020-12-23,IWM,-0.00065295584,-0.005611277,0.0049583213,train,0.024035573
2020-12-23,SPY,0.003882951,-0.018722571,0.022605523,train,0.041567028
2020-12-23,TLT,0.003949563,-0.01781717,0.021766733,train,-0.04484711
2020-12-24,EFA,0.008120641,0.026304096,0.018183455,train,-0.0013978863
2020-12-24,IWM,-0.0037253713,0.024777781,0.028503153,train,-0.005611277
2020-12-24,SPY,0.008554056,0.020712133,0.012158077,train,-0.018722571
2020-12-24,TLT,0.0004448331,-0.034508646,0.03495348,train,-0.01781717
2020-12-28,EFA,0.0064220414,0.0022597285,0.004162313,train,0.026304096
2020-12-28,IWM,-0.019557541,0.08032722,0.09988476,train,0.024777781
2020-12-28,SPY,-0.0019094127,-0.0076761832,0.005766771,train,0.020712133
2020-12-28,TLT,-0.0012720815,-0.0009674048,0.0003046767,train,-0.034508646
2020-12-29,EFA,0.0013610316,0.06286143,0.061500397,train,0.0022597285
2020-12-29,IWM,0.010132133,0.040169902,0.030037768,train,0.08032722
2020-12-29,SPY,0.0014256341,-0.01858804,0.020013675,train,-0.0076761832
2020-12-29,TLT,0.0021613827,-0.022380918,0.024542302,train,-0.0009674048
2020-12-30,EFA,-0.0076461374,-0.00074364897,0.0069024884,train,0.06286143
2020-12-30,IWM,-0.001783725,0.038026746,0.03981047,train,0.040169902
2020-12-30,SPY,0.0050681275,-0.008180262,0.01324839,train,-0.01858804
2020-12-30,TLT,0.0014589546,-0.03527346,0.036732413,train,-0.022380918
2020-12-31,EFA,0.005194751,0.07280505,0.06761029,train,-0.00074364897
2020-12-31,IWM,-0.01314292,0.0128672505,0.02601017,train,0.038026746
2020-12-31,SPY,-0.013707716,0.0010323757,0.014740092,train,-0.008180262
2020-12-31,TLT,-0.0012047531,-0.023068763,0.02186401,train,-0.03527346
2021-01-04,EFA,0.01030948,0.016030107,0.0057206266,train,0.07280505
2021-01-04,IWM,0.015333845,0.005553142,0.009780703,train,0.0128672505
2021-01-04,SPY,0.0068638753,0.007174543,0.0003106678,train,0.0010323757
2021-01-04,TLT,-0.0074541806,0.03948277,0.046936948,train,-0.023068763
2021-01-05,EFA,0.011405866,0.006743811,0.0046620546,train,0.016030107
2021-01-05,IWM,0.040103175,0.024248779,0.015854396,train,0.005553142
2021-01-05,SPY,0.005960648,-0.0031275107,0.009088159,train,0.007174543
2021-01-05,TLT,-0.020742074,0.002148048,0.02289012,train,0.03948277
2021-01-06,EFA,0.0010665889,0.00018673204,0.0008798569,train,0.006743811
2021-01-06,IWM,0.017640302,0.016022198,0.001618104,train,0.024248779
2021-01-06,SPY,0.014748051,-0.012227989,0.02697604,train,-0.0031275107
2021-01-06,TLT,-0.008853691,0.0032822327,0.012135923,train,0.002148048
2021-01-07,EFA,0.0092862975,-0.05544361,0.06472991,train,0.00018673204
2021-01-07,IWM,-0.0021638693,-0.045074694,0.042910825,train,0.016022198
2021-01-07,SPY,0.0056816717,-0.04968438,0.05536605,train,-0.012227989
2021-01-07,TLT,-0.0032325264,0.017841468,0.021073993,train,0.0032822327
2021-01-08,EFA,-0.013158897,-0.0078170905,0.0053418064,train,-0.05544361
2021-01-08,IWM,-0.0008670637,0.067366205,0.06823327,train,-0.045074694
2021-01-08,SPY,-0.0067636673,-0.057016376,0.05025271,train,-0.04968438
2021-01-08,TLT,-0.0016535593,0.023201052,0.024854612,train,0.017841468
2021-01-11,EFA,0.004538833,-0.012086007,0.01662484,train,-0.0078170905
2021-01-11,IWM,0.017765475,-0.018713415,0.036478892,train,0.067366205
2021-01-11,SPY,0.0002113141,0.006661446,0.0064501315,train,-0.057016376
2021-01-11,TLT,-0.00079452834,0.034432095,0.035226624,train,0.023201052
2021-01-12,EFA,-0.0013329117,-0.03387001,0.0325371,train,-0.012086007
2021-01-12,IWM,-0.007173101,0.012563267,0.019736368,train,-0.018713415
2021-01-12,SPY,0.0026893148,0.0038731368,0.001183822,train,0.006661446
2021-01-12,TLT,0.011198582,0.01633515,0.005136568,train,0.034432095
2021-01-13,EFA,0.007970477,-0.04586281,0.053833287,train,-0.03387001
2021-01-13,IWM,0.019779092,0.06720084,0.047421746,train,0.012563267
2021-01-13,SPY,-0.003508233,-0.011878134,0.0083699,train,0.0038731368
2021-01-13,TLT,-0.009411899,-0.0138898855,0.004477986,train,0.01633515
2021-01-14,EFA,-0.015735807,0.011996895,0.027732702,train,-0.04586281
2021-01-14,IWM,-0.015023083,0.022188544,0.037211627,train,0.06720084
2021-01-14,SPY,-0.007319235,0.034365937,0.04168517,train,-0.011878134
2021-01-14,TLT,0.003959751,-0.022562291,0.026522042,train,-0.0138898855
2021-01-15,EFA,0.0072318814,0.008735464,0.0015035826,train,0.011996895
2021-01-15,IWM,0.012730268,0.017293535,0.0045632673,train,0.022188544
2021-01-15,SPY,0.007821252,0.023021534,0.015200282,train,0.034365937
2021-01-15,TLT,0.003222371,-0.0056545325,0.008876903,train,-0.022562291
2021-01-19,EFA,0.006782223,0.015735008,0.008952785,train,0.008735464
2021-01-19,IWM,0.0043940665,0.026719835,0.022325769,train,0.017293535
2021-01-19,SPY,0.013743594,-0.0027722064,0.0165158,train,0.023021534
2021-01-19,TLT,0.000984671,-0.008507559,0.00949223,train,-0.0056545325
2021-01-20,EFA,0.0007950734,0.014643736,0.013848662,train,0.015735008
2021-01-20,IWM,-0.008713614,0.0060197655,0.01473338,train,0.026719835
2021-01-20,SPY,0.0009114018,0.00916235,0.008250948,train,-0.0027722064
2021-01-20,TLT,-0.007043366,-0.007121023,7.7656936e-05,train,-0.008507559
2021-01-21,EFA,-0.004779001,0.053128015,0.057907015,train,0.014643736
2021-01-21,IWM,0.011554722,0.017515793,0.0059610717,train,0.0060197655
2021-01-21,SPY,-0.0035456577,-0.012044781,0.008499123,train,0.00916235
2021-01-21,TLT,0.003231509,-0.012439239,0.015670748,train,-0.007121023
2021-01-22,EFA,-0.0011983275,0.011227024,0.012425351,train,0.053128015
2021-01-22,IWM,-0.0009771369,0.013393419,0.014370556,train,0.017515793
2021-01-22,SPY,0.003936114,0.007191426,0.0032553123,train,-0.012044781
2021-01-22,TLT,0.011716967,-0.018637408,0.030354375,train,-0.012439239
2021-01-25,EFA,0.0014645198,0.05890472,0.0574402,train,0.011227024
2021-01-25,IWM,-0.0069610723,0.052631713,0.059592787,train,0.013393419
2021-01-25,SPY,-0.0015623136,0.028454706,0.03001702,train,0.007191426
2021-01-25,TLT,-0.0018886949,-0.021856438,0.019967744,train,-0.018637408
2021-01-26,EFA,-0.023147333,0.031826586,0.05497392,train,0.05890472
2021-01-26,IWM,-0.018501084,0.08411969,0.10262078,train,0.052631713
2021-01-26,SPY,-0.024743913,0.0008102907,0.025554202,train,0.028454706
2021-01-26,TLT,0.0025390903,-0.0001556389,0.0026947292,train,-0.021856438
2021-01-27,EFA,0.006378343,0.053977787,0.047599446,train,0.031826586
2021-01-27,IWM,-0.0032048593,0.009651066,0.012855925,train,0.08411969
2021-01-27,SPY,0.0085631795,-0.038927536,0.047490716,train,0.0008102907
2021-01-27,TLT,-0.0055425386,-0.02744829,0.02190575,train,-0.0001556389
2021-01-28,EFA,-0.02091535,0.06472716,0.08564251,train,0.053977787
2021-01-28,IWM,-0.015255667,0.020882014,0.03613768,train,0.009651066
2021-01-28,SPY,-0.02022258,0.029705778,0.04992836,train,-0.038927536
2021-01-28,TLT,-0.0060346858,0.010256313,0.016290998,train,-0.02744829
2021-01-29,EFA,0.011810184,0.02245041,0.010640225,train,0.06472716
2021-01-29,IWM,0.024270177,-0.03201801,0.056288186,train,0.020882014
2021-01-29,SPY,0.01650848,-0.02047972,0.0369882,train,0.029705778
2021-01-29,TLT,0.001158529,-0.00017611403,0.001334643,train,0.010256313
2021-02-01,EFA,0.010051596,0.024947807,0.014896211,train,0.02245041
2021-02-01,IWM,0.014143728,-0.010621299,0.024765026,train,-0.03201801
2021-02-01,SPY,0.014041077,-0.00042833854,0.014469416,train,-0.02047972
2021-02-01,TLT,-0.0064684586,-0.024821423,0.018352965,train,-0.00017611403
2021-02-02,EFA,0.0024298774,-0.024096195,0.026526071,train,0.024947807
2021-02-02,IWM,0.0029916607,-0.006079358,0.009071019,train,-0.010621299
2021-02-02,SPY,0.0007861765,-0.022713743,0.02349992,train,-0.00042833854
2021-02-02,TLT,-0.008912544,-0.017768718,0.008856175,train,-0.024821423
2021-02-03,EFA,0.0010779799,-0.009830172,0.010908152,train,-0.024096195
2021-02-03,IWM,0.020191327,0.010619879,0.009571448,train,-0.006079358
2021-02-03,SPY,0.011301566,-0.03430528,0.045606844,train,-0.022713743
2021-02-03,TLT,-0.0026759424,-0.01580428,0.013128337,train,-0.017768718
2021-02-04,EFA,0.006176307,0.052960332,0.046784025,train,-0.009830172
2021-02-04,IWM,0.013764622,0.031961437,0.018196816,train,0.010619879
2021-02-04,SPY,0.003928162,-0.015097815,0.019025978,train,-0.03430528
2021-02-04,TLT,-0.008408554,-0.00042829197,0.007980262,train,-0.01580428
2021-02-05,EFA,0.0069361906,0.042221457,0.035285264,train,0.052960332
2021-02-05,IWM,0.025215162,0.037901994,0.012686832,train,0.031961437
2021-02-05,SPY,0.007196122,-0.0049742674,0.012170389,train,-0.015097815
2021-02-05,TLT,0.004381075,-0.01188768,0.016268754,train,-0.00042829197
2021-02-08,EFA,0.0054351133,0.0793718,0.073936686,train,0.042221457
2021-02-08,IWM,0.0046962406,0.008601644,0.0039054034,train,0.037901994
2021-02-08,SPY,-0.00066610816,-0.03171688,0.031050771,train,-0.0049742674
2021-02-08,TLT,0.0007393662,0.030933391,0.030194025,train,-0.01188768
2021-02-09,EFA,-0.0034434018,0.0697617,0.073205106,train,0.0793718
2021-02-09,IWM,-0.0065898267,0.070852466,0.077442296,train,0.008601644
2021-02-09,SPY,-0.00043563044,-0.052072603,0.05163697,train,-0.03171688
2021-02-09,TLT,0.006631668,0.011733948,0.00510228,train,0.030933391
2021-02-10,EFA,0.0067431214,0.009049569,0.0023064478,train,0.0697617
2021-02-10,IWM,-0.0011464527,-0.024326216,0.023179764,train,0.070852466
2021-02-10,SPY,0.0016136218,0.021692637,0.020079015,train,-0.052072603
2021-02-10,TLT,-0.0054896586,0.022812445,0.028302103,train,0.011733948
2021-02-11,EFA,0.00551913,0.0183792,0.012860071,train,0.009049569
2021-02-11,IWM,0.0028199404,-0.018187795,0.021007735,train,-0.024326216
2021-02-11,SPY,0.0049275537,-0.019097872,0.024025425,train,0.021692637
2021-02-11,TLT,-0.012496886,-0.0030302703,0.0094666155,train,0.022812445
2021-02-12,EFA,0.00718161,-0.001675657,0.008857267,train,0.0183792
2021-02-12,IWM,-0.0063122557,-0.08930219,0.08298993,train,-0.018187795
2021-02-12,SPY,-0.000866394,0.004247033,0.005113427,train,-0.019097872
2021-02-12,TLT,-0.015343987,-0.021632642,0.006288654,train,-0.0030302703
2021-02-16,EFA,-0.005872031,0.05873144,0.06460347,train,-0.001675657
2021-02-16,IWM,-0.007868515,-0.047938,0.040069483,train,-0.08930219
2021-02-16,SPY,0.00022947881,0.01158055,0.011351071,train,0.004247033
2021-02-16,TLT,0.0063305898,-0.037274025,0.043604616,train,-0.021632642
2021-02-17,EFA,-0.004985573,-0.017860878,0.0128753055,train,0.05873144
2021-02-17,IWM,-0.015608086,-0.001815957,0.013792129,train,-0.047938
2021-02-17,SPY,-0.0042650346,0.027648378,0.031913415,train,0.01158055
2021-02-17,TLT,-0.004055471,0.019683715,0.023739185,train,-0.037274025
2021-02-18,EFA,0.0028892593,-0.009685717,0.012574976,train,-0.017860878
2021-02-18,IWM,0.020638708,0.05666308,0.036024373,train,-0.001815957
2021-02-18,SPY,-0.0017674625,0.030287754,0.032055218,train,0.027648378
2021-02-18,TLT,-0.013380873,0.0054010237,0.018781897,train,0.019683715
2021-02-19,EFA,-0.0024949105,-0.043591242,0.041096333,train,-0.009685717
2021-02-19,IWM,-0.006504627,0.033279225,0.03978385,train,0.05666308
2021-02-19,SPY,-0.007721495,0.040638763,0.04836026,train,0.030287754
2021-02-19,TLT,-0.0076370547,-0.022309177,0.014672122,train,0.0054010237
2021-02-22,EFA,0.0009198157,-0.013152479,0.014072295,train,-0.043591242
2021-02-22,IWM,-0.008844147,0.10365264,0.112496786,train,0.033279225
2021-02-22,SPY,0.001213603,0.06088602,0.05967242,train,0.040638763
2021-02-22,TLT,-0.0028878236,-0.012534103,0.00964628,train,-0.022309177
2021-02-23,EFA,0.0031477127,0.005286542,0.002138829,train,-0.013152479
2021-02-23,IWM,0.023354247,0.019779418,0.0035748295,train,0.10365264
2021-02-23,SPY,0.0109591335,0.033327207,0.022368073,train,0.06088602
2021-02-23,TLT,-0.0065817405,-0.01090246,0.0043207193,train,-0.012534103
2021-02-24,EFA,-0.017168956,0.030071571,0.047240525,train,0.005286542
2021-02-24,IWM,-0.037660655,0.0032692896,0.040929943,train,0.019779418
2021-02-24,SPY,-0.024390979,0.008953565,0.033344544,train,0.033327207
2021-02-24,TLT,-0.016465858,-0.021931134,0.0054652765,train,-0.01090246
2021-02-25,EFA,-0.014220758,0.050960142,0.0651809,train,0.030071571
2021-02-25,IWM,-0.0013733426,0.023782011,0.025155354,train,0.0032692896
2021-02-25,SPY,-0.0051657953,-0.019268822,0.014103027,train,0.008953565
2021-02-25,TLT,0.032525137,0.012659756,0.019865382,train,-0.021931134
2021-02-26,EFA,0.01860696,0.023640946,0.005033985,train,0.050960142
2021-02-26,IWM,0.034928817,-0.034930766,0.06985958,train,0.023782011
2021-02-26,SPY,0.023951082,0.011457403,0.012493678,train,-0.019268822
2021-02-26,TLT,-0.013295969,-0.018195532,0.0048995633,train,0.012659756
2021-03-01,EFA,-0.0010615889,0.0016602571,0.002721846,train,0.023640946
2021-03-01,IWM,-0.019429445,-0.023678053,0.004248608,train,-0.034930766
2021-03-01,SPY,-0.007833966,-0.011176244,0.0033422783,train,0.011457403
2021-03-01,TLT,7.092322e-05,0.03858879,0.038517866,train,-0.018195532
2021-03-02,EFA,-0.006125776,0.013578407,0.019704182,train,0.0016602571
2021-03-02,IWM,-0.0108833285,0.069267265,0.0801506,train,-0.023678053
2021-03-02,SPY,-0.013334368,0.0056517543,0.018986123,train,-0.011176244
2021-03-02,TLT,-0.010905027,0.025397968,0.036302995,train,0.03858879
2021-03-03,EFA,-0.009529686,0.024020817,0.0335505,train,0.013578407
2021-03-03,IWM,-0.028348386,-0.016540982,0.011807404,train,0.069267265
2021-03-03,SPY,-0.012451837,0.019925896,0.032377735,train,0.0056517543
2021-03-03,TLT,-0.006470655,0.0070671197,0.013537775,train,0.025397968
2021-03-04,EFA,0.0064522503,0.03754388,0.03109163,train,0.024020817
2021-03-04,IWM,0.020980434,-0.043294303,0.064274736,train,-0.016540982
2021-03-04,SPY,0.018229356,0.03052399,0.012294633,train,0.019925896
2021-03-04,TLT,0.0019457515,0.010832007,0.008886255,train,0.0070671197
2021-03-05,EFA,-0.0034896652,-0.0029407647,0.00054890057,train,0.03754388
2021-03-05,IWM,0.0047196825,-0.068855844,0.07357553,train,-0.043294303
2021-03-05,SPY,-0.004990817,0.06411909,0.06910991,train,0.03052399
2021-03-05,TLT,-0.00780524,0.002179644,0.009984884,train,0.010832007
2021-03-08,EFA,0.013356664,0.047176335,0.03381967,train,-0.0029407647
2021-03-08,IWM,0.020811675,-0.03327191,0.054083586,train,-0.068855844
2021-03-08,SPY,0.014176223,0.05117089,0.036994666,train,0.06411909
2021-03-08,TLT,0.0137626985,0.015447705,0.0016850065,train,0.002179644
2021-03-09,EFA,0.004236685,0.016452726,0.012216041,train,0.047176335
2021-03-09,IWM,0.017223354,-0.03946816,0.056691516,train,-0.03327191
2021-03-09,SPY,0.006205409,0.05016188,0.04395647,train,0.05117089
2021-03-09,TLT,0.002001584,-0.010978115,0.012979699,train,0.015447705
2021-03-10,EFA,0.0052707684,0.030007925,0.024737157,train,0.016452726
2021-03-10,IWM,0.021766571,0.0013936777,0.020372894,train,-0.03946816
2021-03-10,SPY,0.010087968,-0.004280339,0.014368307,train,0.05016188
2021-03-10,TLT,-0.0072393892,0.023375463,0.030614853,train,-0.010978115
2021-03-11,EFA,0.002493811,-0.012702762,0.015196573,train,0.030007925
2021-03-11,IWM,0.0058820387,0.18918622,0.18330418,train,0.0013936777
2021-03-11,SPY,0.0013459843,0.041004155,0.03965817,train,-0.004280339
2021-03-11,TLT,-0.021449603,0.05841776,0.07986736,train,0.023375463
2021-03-12,EFA,0.0007864256,0.024091657,0.023305232,train,-0.012702762
2021-03-12,IWM,0.0035468538,0.112908594,0.10936174,train,0.18918622
2021-03-12,SPY,0.005945669,-0.010266553,0.016212221,train,0.041004155
2021-03-12,TLT,0.0058621904,-0.0067562787,0.012618469,train,0.05841776
2021-03-15,EFA,0.0017015315,0.02066033,0.018958798,train,0.024091657
2021-03-15,IWM,-0.016863286,0.031744417,0.048607703,train,0.112908594
2021-03-15,SPY,-0.0012621103,-0.057150733,0.055888623,train,-0.010266553
2021-03-15,TLT,-0.0040265615,0.005214221,0.009240782,train,-0.0067562787
2021-03-16,EFA,0.0058672056,0.03695886,0.031091653,train,0.02066033
2021-03-16,IWM,0.007821631,-0.008259381,0.016081013,train,0.031744417
2021-03-16,SPY,0.0034042299,-0.09623418,0.09963841,train,-0.057150733
2021-03-16,TLT,-0.007511637,-0.021000754,0.013489117,train,0.005214221
2021-03-17,EFA,-0.009141857,0.022236869,0.031378724,train,0.03695886
2021-03-17,IWM,-0.030905966,0.018063217,0.048969183,train,-0.008259381
2021-03-17,SPY,-0.014656589,-0.010116751,0.004539838,train,-0.09623418
2021-03-17,TLT,-0.010177155,-0.023338199,0.013161044,train,-0.021000754
2021-03-18,EFA,0.0027510163,-0.004542414,0.00729343,train,0.022236869
2021-03-18,IWM,0.007519267,-0.0060255555,0.013544822,train,0.018063217
2021-03-18,SPY,-0.0018520395,-0.06401805,0.06216601,train,-0.010116751
2021-03-18,TLT,0.0061781527,0.021361083,0.01518293,train,-0.023338199
2021-03-19,EFA,0.00091559807,0.03763595,0.03672035,train,-0.004542414
2021-03-19,IWM,-0.0075637163,0.03282947,0.04039319,train,-0.0060255555
2021-03-19,SPY,0.007953483,-0.09886829,0.10682177,train,-0.06401805
2021-03-19,TLT,0.011143323,0.019201003,0.00805768,train,0.021361083
2021-03-22,EFA,-0.013952953,0.0134377545,0.027390707,train,0.03763595
2021-03-22,IWM,-0.036948424,0.101724155,0.13867258,train,0.03282947
2021-03-22,SPY,-0.007902115,-0.005711451,0.0021906635,train,-0.09886829
2021-03-22,TLT,0.008986795,0.009583536,0.0005967403,train,0.019201003
2021-03-23,EFA,-0.005049839,-0.011526025,0.0064761858,train,0.0134377545
2021-03-23,IWM,-0.023399005,0.045869205,0.06926821,train,0.101724155
2021-03-23,SPY,-0.005096329,0.015871473,0.020967802,train,-0.005711451
2021-03-23,TLT,0.0053676777,0.0023126053,0.0030550724,train,0.009583536
2021-03-24,EFA,0.0074330093,0.009542692,0.0021096831,train,-0.011526025
2021-03-24,IWM,0.023433316,-0.031983893,0.05541721,train,0.045869205
2021-03-24,SPY,0.00560962,0.01051144,0.0049018203,train,0.015871473
2021-03-24,TLT,-0.007916933,0.007396888,0.015313821,train,0.0023126053
2021-03-25,EFA,0.012876112,0.02469185,0.011815738,train,0.009542692
2021-03-25,IWM,0.01806721,-0.061606165,0.07967338,train,-0.031983893
2021-03-25,SPY,0.015986431,-0.037316002,0.053302433,train,0.01051144
2021-03-25,TLT,-0.003506384,-0.075596586,0.0720902,train,0.007396888
2021-03-26,EFA,-0.0039241165,0.006159935,0.010084052,train,0.02469185
2021-03-26,IWM,-0.028553024,-0.063577764,0.03502474,train,-0.061606165
2021-03-26,SPY,-0.0005052311,-0.017733239,0.017228007,train,-0.037316002
2021-03-26,TLT,-0.008524113,0.042146407,0.05067052,train,-0.075596586
2021-03-29,EFA,-0.0013113513,0.0142198065,0.015531158,train,0.006159935
2021-03-29,IWM,0.016697457,-0.016985957,0.03368341,train,-0.063577764
2021-03-29,SPY,-0.0026564526,-0.07848442,0.07582797,train,-0.017733239
2021-03-29,TLT,0.0052266247,-0.014764736,0.01999136,train,0.042146407
2021-03-30,EFA,-0.0043401704,0.009840178,0.014180349,train,0.0142198065
2021-03-30,IWM,0.013350165,-0.09266982,0.10601999,train,-0.016985957
2021-03-30,SPY,0.0040452653,-0.027663752,0.03170902,train,-0.07848442
2021-03-30,TLT,-0.0055959392,0.02465513,0.030251069,train,-0.014764736
2021-03-31,EFA,0.012964406,0.090024985,0.07706058,train,0.009840178
2021-03-31,IWM,0.012593555,-0.053477738,0.066071294,train,-0.09266982
2021-03-31,SPY,0.010741426,0.023407213,0.012665788,train,-0.027663752
2021-03-31,TLT,0.01646104,0.01725783,0.0007967893,train,0.02465513
2021-04-01,EFA,0.014466806,0.005866727,0.008600079,train,0.090024985
2021-04-01,IWM,0.0054823672,-0.027192242,0.03267461,train,-0.053477738
2021-04-01,SPY,0.014250763,-0.0018928973,0.016143661,train,0.023407213
2021-04-01,TLT,-0.00437257,-0.0063832784,0.0020107082,train,0.01725783
2021-04-05,EFA,-0.010700938,0.009608045,0.020308983,train,0.005866727
2021-04-05,IWM,-0.0029379835,0.015021085,0.017959068,train,-0.027192242
2021-04-05,SPY,-0.0005906875,0.0075086793,0.008099367,train,-0.0018928973
2021-04-05,TLT,0.0067696674,0.043424778,0.03665511,train,-0.0063832784
2021-04-06,EFA,0.002071884,0.004212008,0.0021401239,train,0.009608045
2021-04-06,IWM,-0.016270015,0.122076884,0.1383469,train,0.015021085
2021-04-06,SPY,0.0011564224,0.027983759,0.026827335,train,0.0075086793
2021-04-06,TLT,-0.0069890115,0.0009606518,0.007949663,train,0.043424778
2021-04-07,EFA,0.0056751585,0.0084160585,0.0027409,train,0.004212008
2021-04-07,IWM,0.008437709,-0.002638652,0.011076361,train,0.122076884
2021-04-07,SPY,0.0047356877,0.03840325,0.033667564,train,0.027983759
2021-04-07,TLT,0.008221509,-0.0024014153,0.010622924,train,0.0009606518
2021-04-08,EFA,0.0030818845,0.02631962,0.023237735,train,0.0084160585
2021-04-08,IWM,0.00013476046,0.027257811,0.02712305,train,-0.002638652
2021-04-08,SPY,0.0072439765,-0.04016466,0.047408637,train,0.03840325
2021-04-08,TLT,-0.003629595,-0.027198311,0.023568716,train,-0.0024014153
2021-04-09,EFA,-0.0055288323,0.018431593,0.023960425,train,0.02631962
2021-04-09,IWM,-0.0039161025,0.0161266,0.020042703,train,0.027257811
2021-04-09,SPY,0.0003645218,-0.0376409,0.038005423,train,-0.04016466
2021-04-09,TLT,-0.00043616968,-0.009451366,0.009015196,train,-0.027198311
2021-04-12,EFA,0.0057852184,0.017714433,0.011929215,train,0.018431593
2021-04-12,IWM,-0.0026194032,0.024068505,0.026687907,train,0.0161266
2021-04-12,SPY,0.0029592314,-0.018437624,0.021396855,train,-0.0376409
2021-04-12,TLT,0.0074656177,0.004853069,0.0026125489,train,-0.009451366
2021-04-13,EFA,0.0007691062,0.0071299346,0.0063608284,train,0.017714433
2021-04-13,IWM,0.00980972,0.0016332055,0.008176515,train,0.024068505
2021-04-13,SPY,-0.0034210025,-0.006027798,0.0026067956,train,-0.018437624
2021-04-13,TLT,-0.003182305,0.00028958824,0.0034718933,train,0.004853069
2021-04-14,EFA,0.008291175,0.015095915,0.00680474,train,0.0071299346
2021-04-14,IWM,0.0043341587,0.009081547,0.0047473884,train,0.0016332055
2021-04-14,SPY,0.010685327,-0.013906858,0.024592185,train,-0.006027798
2021-04-14,TLT,0.016595662,0.040883683,0.024288021,train,0.00028958824
2021-04-15,EFA,0.0072147576,0.027627282,0.020412523,train,0.015095915
2021-04-15,IWM,0.0016037625,0.03698593,0.035382167,train,0.009081547
2021-04-15,SPY,0.0033367553,-0.0078601455,0.011196901,train,-0.013906858
2021-04-15,TLT,-0.007796539,-0.0063159643,0.0014805747,train,0.040883683
2021-04-16,EFA,-0.0017669508,3.3964403e-05,0.0018009152,train,0.027627282
2021-04-16,IWM,-0.013083244,0.052282423,0.065365665,train,0.03698593
2021-04-16,SPY,-0.0049251835,0.014310659,0.019235842,train,-0.0078601455
2021-04-16,TLT,-0.0028762845,0.038910616,0.0417869,train,-0.0063159643
2021-04-19,EFA,-0.018103601,0.036622338,0.054725938,train,3.3964403e-05
2021-04-19,IWM,-0.02068784,0.047162425,0.06785026,train,0.052282423
2021-04-19,SPY,-0.007348567,0.0023801224,0.009728689,train,0.014310659
2021-04-19,TLT,0.0045976304,0.01432424,0.00972661,train,0.038910616
2021-04-20,EFA,0.010239261,0.049950134,0.039710872,train,0.036622338
2021-04-20,IWM,0.024154685,0.04966114,0.025506455,train,0.047162425
2021-04-20,SPY,0.009417747,0.02830179,0.018884044,train,0.0023801224
2021-04-20,TLT,0.002005556,0.012654438,0.010648882,train,0.01432424
2021-04-21,EFA,-0.0033163563,-0.028178614,0.024862258,train,0.049950134
2021-04-21,IWM,-0.0041435165,-0.028519724,0.024376206,train,0.04966114
2021-04-21,SPY,-0.009175066,-0.0076581025,0.0015169634,train,0.02830179
2021-04-21,TLT,0.0043545365,0.010039758,0.0056852214,train,0.012654438
2021-04-22,EFA,0.010169092,0.03294838,0.022779286,train,-0.028178614
2021-04-22,IWM,0.018688696,0.044517174,0.025828479,train,-0.028519724
2021-04-22,SPY,0.010784062,0.065014794,0.054230735,train,-0.0076581025
2021-04-22,TLT,-0.0023531227,-0.0010867254,0.0012663973,train,0.010039758
2021-04-23,EFA,0.000758687,0.017512163,0.016753476,train,0.03294838
2021-04-23,IWM,0.010355491,-0.007368358,0.017723849,train,0.044517174
2021-04-23,SPY,0.0020853118,-0.018664435,0.020749746,train,0.065014794
2021-04-23,TLT,-0.0014290536,0.013989383,0.015418437,train,-0.0010867254
2021-04-26,EFA,-0.0032911685,-0.0043402584,0.00104909,train,0.017512163
2021-04-26,IWM,0.0014895187,-0.017389651,0.01887917,train,-0.007368358
2021-04-26,SPY,-0.00021553921,0.02532396,0.0255395,train,-0.018664435
2021-04-26,TLT,-0.008761595,0.022769317,0.031530913,train,0.013989383
2021-04-27,EFA,0.0025324817,0.029784154,0.027251672,train,-0.0043402584
2021-04-27,IWM,0.0017056611,0.023400698,0.021695036,train,-0.017389651
2021-04-27,SPY,-0.00028717166,0.020532709,0.02081988,train,0.02532396
2021-04-27,TLT,0.0006486992,-0.016094625,0.016743325,train,0.022769317
2021-04-28,EFA,0.00037964078,0.03257778,0.03219814,train,0.029784154
2021-04-28,IWM,-0.0037212803,-0.02683388,0.0231126,train,0.023400698
2021-04-28,SPY,0.006352254,0.016943146,0.010590891,train,0.020532709
2021-04-28,TLT,-0.002959261,0.00013149157,0.0030907525,train,-0.016094625
2021-04-29,EFA,-0.012595065,0.04945537,0.062050436,train,0.03257778
2021-04-29,IWM,-0.013690327,-0.0098846285,0.0038056988,train,-0.02683388
2021-04-29,SPY,-0.0065921084,0.028950773,0.035542883,train,0.016943146
2021-04-29,TLT,0.0023105617,-0.013505618,0.01581618,train,0.00013149157
2021-04-30,EFA,0.010950041,0.08389509,0.07294504,train,0.04945537
2021-04-30,IWM,0.004879245,0.023282122,0.018402876,train,-0.0098846285
2021-04-30,SPY,0.0021543603,0.048997704,0.046843342,train,0.028950773
2021-04-30,TLT,0.0005997822,-0.008607982,0.009207764,train,-0.013505618
2021-05-03,EFA,-0.014926551,0.018682707,0.033609256,train,0.08389509
2021-05-03,IWM,-0.012019475,0.028678056,0.04069753,train,0.023282122
2021-05-03,SPY,-0.0061882567,0.032411017,0.038599275,train,0.048997704
2021-05-03,TLT,0.0067628934,-0.00095627457,0.007719168,train,-0.008607982
2021-05-04,EFA,0.013532778,0.012399304,0.0011334745,train,0.018682707
2021-05-04,IWM,-0.0039936607,-0.0025845375,0.0014091232,train,0.028678056
2021-05-04,SPY,0.00031277727,0.055009574,0.054696795,train,0.032411017
2021-05-04,TLT,0.0016475084,-0.014697581,0.01634509,train,-0.00095627457
2021-05-05,EFA,0.008208568,0.008645018,0.00043644942,train,0.012399304
2021-05-05,IWM,0.0008539111,0.028311506,0.027457595,train,-0.0025845375
2021-05-05,SPY,0.00795383,0.073977895,0.066024065,train,0.055009574
2021-05-05,TLT,0.0016453736,0.0070324764,0.0053871027,train,-0.014697581
2021-05-06,EFA,0.011255904,0.026982099,0.015726194,train,0.008645018
2021-05-06,IWM,0.01250064,0.009683613,0.0028170273,train,0.028311506
2021-05-06,SPY,0.00725163,0.010676878,0.0034252475,train,0.073977895
2021-05-06,TLT,-0.0049436227,-0.0024580983,0.0024855244,train,0.0070324764
2021-05-07,EFA,-0.0053619896,0.0077624423,0.013124432,train,0.026982099
2021-05-07,IWM,-0.02575111,0.03353334,0.05928445,train,0.009683613
2021-05-07,SPY,-0.00995181,0.009471585,0.019423395,train,0.010676878
2021-05-07,TLT,-0.010178443,0.0077817654,0.01796021,train,-0.0024580983
2021-05-10,EFA,-0.013215312,0.006822369,0.02003768,train,0.0077624423
2021-05-10,IWM,-0.0031917917,-0.036383733,0.03319194,train,0.03353334
2021-05-10,SPY,-0.00896483,0.055921372,0.064886205,train,0.009471585
2021-05-10,TLT,-0.005675556,0.024241079,0.029916635,train,0.0077817654
2021-05-11,EFA,-0.01609237,0.059827108,0.07591948,train,0.006822369
2021-05-11,IWM,-0.033010714,0.013383602,0.046394315,train,-0.036383733
2021-05-11,SPY,-0.021474164,0.026928496,0.04840266,train,0.055921372
2021-05-11,TLT,-0.010563559,0.02071431,0.03127787,train,0.024241079
2021-05-12,EFA,0.007439728,-0.0030009868,0.010440715,train,0.059827108
2021-05-12,IWM,0.018241951,0.02199446,0.0037525091,train,0.013383602
2021-05-12,SPY,0.011941017,0.0254804,0.013539384,train,0.026928496
2021-05-12,TLT,0.0015473274,0.012329675,0.010782348,train,0.02071431
2021-05-13,EFA,0.016602632,0.04050012,0.023897488,train,-0.0030009868
2021-05-13,IWM,0.024132833,-0.0272423,0.051375132,train,0.02199446
2021-05-13,SPY,0.015238782,0.07832497,0.06308619,train,0.0254804
2021-05-13,TLT,0.009307779,0.03579689,0.026489109,train,0.012329675
2021-05-14,EFA,-0.0018870824,-0.0017888034,9.827898e-05,train,0.04050012
2021-05-14,IWM,0.001356312,0.008287695,0.006931383,train,-0.0272423
2021-05-14,SPY,-0.002547957,0.005751266,0.008299223,train,0.07832497
2021-05-14,TLT,-0.0021179721,-0.0012605414,0.00085743074,train,0.03579689
2021-05-17,EFA,0.0021385215,0.0061233914,0.00398487,train,-0.0017888034
2021-05-17,IWM,-0.007619799,0.022206753,0.029826552,train,0.008287695
2021-05-17,SPY,-0.008652863,-0.024327878,0.015675016,train,0.005751266
2021-05-17,TLT,-0.002561615,0.011154518,0.013716133,train,-0.0012605414
2021-05-18,EFA,-0.00883527,0.0041714897,0.01300676,train,0.0061233914
2021-05-18,IWM,-0.0077241543,0.044250865,0.05197502,train,0.022206753
2021-05-18,SPY,-0.0026253895,-0.015747305,0.013121916,train,-0.024327878
2021-05-18,TLT,-0.0024215227,0.013526305,0.015947828,train,0.011154518
2021-05-19,EFA,0.0130985305,0.06964362,0.056545086,train,0.0041714897
2021-05-19,IWM,0.0066309934,-0.041345246,0.04797624,train,0.044250865
2021-05-19,SPY,0.010700355,-0.0402644,0.050964758,train,-0.015747305
2021-05-19,TLT,0.008194799,-0.0061057946,0.014300593,train,0.013526305
2021-05-20,EFA,0.0013754112,-0.014173702,0.015549114,train,0.06964362
2021-05-20,IWM,0.0025947227,0.0092905145,0.006695792,train,-0.041345246
2021-05-20,SPY,-0.0008189004,-0.020732608,0.019913707,train,-0.0402644
2021-05-20,TLT,0.0032011846,-0.021558098,0.024759283,train,-0.0061057946
2021-05-21,EFA,0.0061042346,0.04979996,0.043695726,train,-0.014173702
2021-05-21,IWM,0.0064797415,0.026784599,0.020304857,train,0.0092905145
2021-05-21,SPY,0.0101425825,-0.03969522,0.0498378,train,-0.020732608
2021-05-21,TLT,0.0036977218,-0.02716554,0.03086326,train,-0.021558098
2021-05-24,EFA,0.00024833108,-0.0076890485,0.007937379,train,0.04979996
2021-05-24,IWM,-0.009712971,0.021987084,0.031700056,train,0.026784599
2021-05-24,SPY,-0.0022211233,0.010878161,0.013099284,train,-0.03969522
2021-05-24,TLT,0.009220596,-0.014363377,0.023583975,train,-0.02716554
2021-05-25,EFA,-0.0006211648,0.03418151,0.034802675,train,-0.0076890485
2021-05-25,IWM,0.018482009,0.011196827,0.0072851824,train,0.021987084
2021-05-25,SPY,0.0019826707,-0.017450228,0.019432899,train,0.010878161
2021-05-25,TLT,-0.001722655,-0.0027349098,0.0010122547,train,-0.014363377
2021-05-26,EFA,0.0018618959,0.005088455,0.0032265591,train,0.03418151
2021-05-26,IWM,0.010244962,0.027229283,0.016984321,train,0.011196827
2021-05-26,SPY,0.00052472274,0.021787126,0.021262404,train,-0.017450228
2021-05-26,TLT,-0.0040302468,0.019899342,0.023929588,train,-0.0027349098
2021-05-27,EFA,0.0023534873,0.0452792,0.042925715,train,0.005088455
2021-05-27,IWM,-0.00066498475,0.026896007,0.027560992,train,0.027229283
2021-05-27,SPY,0.0017871207,-0.00035556313,0.0021426838,train,0.021787126
2021-05-27,TLT,-0.001587819,0.00085809175,0.0024459106,train,0.019899342
2021-05-28,EFA,0.0035812363,0.05825341,0.054672174,train,0.0452792
2021-05-28,IWM,0.01128857,0.033653654,0.022365084,train,0.026896007
2021-05-28,SPY,-0.00088120357,0.009015984,0.009897187,train,-0.00035556313
2021-05-28,TLT,-0.00022448141,-0.029370598,0.029146116,train,0.00085809175
2021-06-01,EFA,0.00332278,0.04670253,0.04337975,train,0.05825341
2021-06-01,IWM,0.0011831162,-0.0138203455,0.015003461,train,0.033653654
2021-06-01,SPY,0.0015714054,0.02687915,0.025307745,train,0.009015984
2021-06-01,TLT,0.0023125967,-0.025191281,0.027503878,train,-0.029370598
2021-06-02,EFA,-0.0049266974,-0.017722894,0.012796196,train,0.04670253
2021-06-02,IWM,-0.0084001245,0.027193706,0.03559383,train,-0.0138203455
2021-06-02,SPY,-0.003718289,0.036432184,0.040150475,train,0.02687915
2021-06-02,TLT,-0.003760795,-0.04023973,0.036478933,train,-0.025191281
2021-06-03,EFA,0.008483447,0.024168916,0.015685469,train,-0.017722894
2021-06-03,IWM,0.0043189605,0.021391284,0.017072324,train,0.027193706
2021-06-03,SPY,0.009104469,0.035393897,0.02628943,train,0.036432184
2021-06-03,TLT,0.01360222,-0.007730444,0.021332664,train,-0.04023973
2021-06-04,EFA,0.0033002542,0.0077304235,0.0044301692,train,0.024168916
2021-06-04,IWM,0.013323309,0.013909438,0.0005861288,train,0.021391284
2021-06-04,SPY,-0.0009707157,0.0036417514,0.0046124673,train,0.035393897
2021-06-04,TLT,-0.0030787827,-0.0022213226,0.0008574601,train,-0.007730444
2021-06-07,EFA,-0.00048817534,0.015805792,0.016293967,train,0.0077304235
2021-06-07,IWM,0.010532255,0.036300577,0.025768321,train,0.013909438
2021-06-07,SPY,0.00021300092,0.02379343,0.023580428,train,0.0036417514
2021-06-07,TLT,0.007002122,-0.008799684,0.015801806,train,-0.0022213226
2021-06-08,EFA,-0.0026894507,0.011813327,0.014502778,train,0.015805792
2021-06-08,IWM,-0.006677692,0.054489203,0.061166894,train,0.036300577
2021-06-08,SPY,-0.0014928875,0.03556528,0.037058167,train,0.02379343
2021-06-08,TLT,0.008789842,0.0006534634,0.008136379,train,-0.008799684
2021-06-09,EFA,0.002750921,0.007594388,0.004843467,train,0.011813327
2021-06-09,IWM,-0.007443573,0.038064368,0.04550794,train,0.054489203
2021-06-09,SPY,0.004637547,0.040599495,0.03596195,train,0.03556528
2021-06-09,TLT,0.0059814393,0.021423649,0.015442209,train,0.0006534634
2021-06-10,EFA,0.0023482647,0.024257176,0.021908911,train,0.007594388
2021-06-10,IWM,0.010499574,-0.031801574,0.04230115,train,0.038064368
2021-06-10,SPY,0.0016509586,0.03215436,0.0305034,train,0.040599495
2021-06-10,TLT,-0.0016151029,-0.008811174,0.007196071,train,0.021423649
2021-06-11,EFA,0.0017268698,0.02546518,0.02373831,train,0.024257176
2021-06-11,IWM,-0.002939165,0.06789712,0.07083628,train,-0.031801574
2021-06-11,SPY,0.002236663,0.035846148,0.033609483,train,0.03215436
2021-06-11,TLT,-0.007688996,-0.020574793,0.012885798,train,-0.008811174
2021-06-14,EFA,0.0012318408,0.043016233,0.04178439,train,0.02546518
2021-06-14,IWM,-0.0028609878,0.0041271904,0.006988178,train,0.06789712
2021-06-14,SPY,-0.0018359403,0.033075925,0.034911864,train,0.035846148
2021-06-14,TLT,-0.0012038826,0.0010160403,0.0022199228,train,-0.020574793
2021-06-15,EFA,-0.006173672,0.041838516,0.04801219,train,0.043016233
2021-06-15,IWM,-0.002129475,0.019266505,0.02139598,train,0.0041271904
2021-06-15,SPY,-0.0055989195,0.05207554,0.05767446,train,0.033075925
2021-06-15,TLT,-0.00085182796,0.021351274,0.022203103,train,0.0010160403
2021-06-16,EFA,-0.0069599827,0.040040623,0.047000606,train,0.041838516
2021-06-16,IWM,-0.01128716,-0.036134887,0.024847727,train,0.019266505
2021-06-16,SPY,-0.00033177098,0.021979958,0.022311728,train,0.05207554
2021-06-16,TLT,0.014861332,-0.02113774,0.035999075,train,0.021351274
2021-06-17,EFA,-0.02092076,0.06155306,0.08247382,train,0.040040623
2021-06-17,IWM,-0.022963718,0.009699223,0.03266294,train,-0.036134887
2021-06-17,SPY,-0.013582245,-0.0032794224,0.010302823,train,0.021979958
2021-06-17,TLT,0.018631304,0.0040608533,0.01457045,train,-0.02113774
2021-06-18,EFA,0.01303245,0.033304725,0.020272274,train,0.06155306
2021-06-18,IWM,0.02115819,0.043189883,0.022031693,train,0.009699223
2021-06-18,SPY,0.0142145,0.004125369,0.010089131,train,-0.0032794224
2021-06-18,TLT,-0.016885502,-0.003311609,0.013573893,train,0.0040608533
2021-06-21,EFA,0.0001256494,0.035962835,0.035837185,train,0.033304725
2021-06-21,IWM,0.0045296466,-0.0012138914,0.005743538,train,0.043189883
2021-06-21,SPY,0.0053319056,0.010939617,0.005607711,train,0.004125369
2021-06-21,TLT,0.0024397823,0.030065633,0.027625851,train,-0.003311609
2021-06-22,EFA,-0.0064310036,0.030973192,0.037404194,train,0.035962835
2021-06-22,IWM,0.0032854867,0.0044582086,0.0011727219,train,-0.0012138914
2021-06-22,SPY,-0.0012059141,0.010523094,0.011729008,train,0.010939617
2021-06-22,TLT,-0.0025795884,0.033680983,0.03626057,train,0.030065633
2021-06-23,EFA,0.009568441,0.037324905,0.027756464,train,0.030973192
2021-06-23,IWM,0.014026859,0.014926957,0.0009000981,train,0.0044582086
2021-06-23,SPY,0.0058981893,0.012823831,0.006925642,train,0.010523094
2021-06-23,TLT,0.0016049123,0.037153337,0.035548426,train,0.033680983
2021-06-24,EFA,0.0021277207,0.012178669,0.010050948,train,0.037324905
2021-06-24,IWM,0.0016805067,0.0016204044,6.010232e-05,train,0.014926957
2021-06-24,SPY,0.0035459646,0.002944558,0.0006014067,train,0.012823831
2021-06-24,TLT,-0.0104376925,0.03162731,0.042065002,train,0.037153337
2021-06-25,EFA,-0.0063970136,-0.005514089,0.00088292453,train,0.012178669
2021-06-25,IWM,-0.007953046,0.023205157,0.031158203,train,0.0016204044
2021-06-25,SPY,0.0020136875,0.013421714,0.011408027,train,0.002944558
2021-06-25,TLT,0.010228531,0.029162325,0.018933794,train,0.03162731
2021-06-28,EFA,0.00025175716,0.074687995,0.07443624,train,-0.005514089
2021-06-28,IWM,-0.0047849356,-0.03361568,0.028830742,train,0.023205157
2021-06-28,SPY,0.0005380256,-0.017522413,0.018060438,train,0.013421714
2021-06-28,TLT,0.0016716265,0.017856564,0.016184937,train,0.029162325
2021-06-29,EFA,-0.0077035734,0.0051312703,0.012834843,train,0.074687995
2021-06-29,IWM,0.00013086264,-0.025054485,0.025185347,train,-0.03361568
2021-06-29,SPY,0.00084120984,-0.022371255,0.023212465,train,-0.017522413
2021-06-29,TLT,0.004443006,-0.02003315,0.024476158,train,0.017856564
2021-06-30,EFA,0.002405652,0.03247704,0.030071387,train,0.0051312703
2021-06-30,IWM,0.008768083,-0.029659938,0.03842802,train,-0.025054485
2021-06-30,SPY,0.005521389,0.054926943,0.049405552,train,-0.022371255
2021-06-30,TLT,5.5221924e-05,-0.035021074,0.035076298,train,-0.02003315
2021-07-01,EFA,0.0034089717,0.04412549,0.040716518,train,0.03247704
2021-07-01,IWM,-0.009553304,0.01247735,0.022030655,train,-0.029659938
2021-07-01,SPY,0.0076144603,-0.00888376,0.016498221,train,0.054926943
2021-07-01,TLT,0.006016901,0.0054762973,0.0005406039,train,-0.035021074
2021-07-02,EFA,-0.006575595,0.021149352,0.027724948,train,0.04412549
2021-07-02,IWM,-0.014635811,0.01741422,0.03205003,train,0.01247735
2021-07-02,SPY,-0.00182303,-0.0019737883,0.00015075831,train,-0.00888376
2021-07-02,TLT,0.011653037,0.016259208,0.0046061715,train,0.0054762973
2021-07-06,EFA,0.005440488,0.06941745,0.06397696,train,0.021149352
2021-07-06,IWM,-0.009341477,0.0225918,0.031933278,train,0.01741422
2021-07-06,SPY,0.0035276962,0.012443415,0.008915719,train,-0.0019737883
2021-07-06,TLT,0.008820001,-0.014952502,0.023772504,train,0.016259208
2021-07-07,EFA,-0.012953988,0.032463964,0.045417953,train,0.06941745
2021-07-07,IWM,-0.009248942,0.01861584,0.027864782,train,0.0225918
2021-07-07,SPY,-0.008181263,-0.008205607,2.434384e-05,train,0.012443415
2021-07-07,TLT,0.003909924,-0.011356366,0.01526629,train,-0.014952502
2021-07-08,EFA,0.016858144,0.002954523,0.013903621,train,0.032463964
2021-07-08,IWM,0.020890037,0.024244845,0.0033548083,train,0.01861584
2021-07-08,SPY,0.010618173,0.04512473,0.034506556,train,-0.008205607
2021-07-08,TLT,-0.014162616,-0.00863001,0.0055326056,train,-0.011356366
2021-07-09,EFA,0.0042644734,0.019445837,0.015181363,train,0.002954523
2021-07-09,IWM,0.0008387889,0.03153415,0.030695362,train,0.024244845
2021-07-09,SPY,0.0035756421,-0.09505843,0.09863408,train,0.04512473
2021-07-09,TLT,-0.0012973628,0.02094056,0.022237923,train,-0.00863001
2021-07-12,EFA,-0.0052702217,-0.03101137,0.025741147,train,0.019445837
2021-07-12,IWM,-0.019026099,0.023938112,0.042964213,train,0.03153415
2021-07-12,SPY,-0.0034150179,-0.05276266,0.049347643,train,-0.09505843
2021-07-12,TLT,-0.0076825693,0.01146663,0.0191492,train,0.02094056
2021-07-13,EFA,0.0022620368,0.014727441,0.012465404,train,-0.03101137
2021-07-13,IWM,-0.015549826,0.035394434,0.05094426,train,0.023938112
2021-07-13,SPY,0.0014912897,0.018898506,0.017407216,train,-0.05276266
2021-07-13,TLT,0.011297659,-0.0020815423,0.013379201,train,0.01146663
2021-07-14,EFA,-0.009586432,0.01222749,0.021813922,train,0.014727441
2021-07-14,IWM,-0.005681508,0.02281309,0.028494596,train,0.035394434
2021-07-14,SPY,-0.0034214556,0.03447335,0.037894804,train,0.018898506
2021-07-14,TLT,0.01096998,0.014739255,0.0037692757,train,-0.0020815423
2021-07-15,EFA,-0.007378214,0.057320613,0.06469883,train,0.01222749
2021-07-15,IWM,-0.012391056,-0.018007096,0.00561604,train,0.02281309
2021-07-15,SPY,-0.007874617,0.02832213,0.036196746,train,0.03447335
2021-07-15,TLT,-0.0018875711,0.02232255,0.024210121,train,0.014739255
2021-07-16,EFA,-0.01829735,0.016011253,0.034308605,train,0.057320613
2021-07-16,IWM,-0.015093586,0.051992543,0.06708613,train,-0.018007096
2021-07-16,SPY,-0.01487797,0.05434997,0.06922794,train,0.02832213
2021-07-16,TLT,0.021691384,0.025101043,0.0034096595,train,0.02232255
2021-07-19,EFA,0.0072558853,0.02076824,0.013512354,train,0.016011253
2021-07-19,IWM,0.030558435,0.034456126,0.0038976911,train,0.051992543
2021-07-19,SPY,0.014228683,0.02730197,0.013073288,train,0.05434997
2021-07-19,TLT,-0.009686128,0.021088537,0.030774664,train,0.025101043
2021-07-20,EFA,0.015118783,0.01902296,0.0039041769,train,0.02076824
2021-07-20,IWM,0.017077342,-0.05223075,0.06930809,train,0.034456126
2021-07-20,SPY,0.008063596,0.049481522,0.041417927,train,0.02730197
2021-07-20,TLT,-0.012747678,-0.0015642131,0.011183465,train,0.021088537
2021-07-21,EFA,0.00038137322,0.0055443887,0.0051630153,train,0.01902296
2021-07-21,IWM,-0.016024353,0.051089518,0.06711387,train,-0.05223075
2021-07-21,SPY,0.0020920243,0.013502866,0.011410842,train,0.049481522
2021-07-21,TLT,0.009408602,0.028913338,0.019504737,train,-0.0015642131
2021-07-22,EFA,0.0069671506,0.002676819,0.0042903316,train,0.0055443887
2021-07-22,IWM,0.004656725,0.03156656,0.026909836,train,0.051089518
2021-07-22,SPY,0.010235371,0.006535261,0.0037001101,train,0.013502866
2021-07-22,TLT,-0.0067113675,0.013561199,0.020272568,train,0.028913338
2021-07-23,EFA,0.0013873581,0.0058038933,0.004416535,train,0.002676819
2021-07-23,IWM,0.0029107989,0.000646838,0.002263961,train,0.03156656
2021-07-23,SPY,0.002451958,0.020982988,0.01853103,train,0.006535261
2021-07-23,TLT,-0.0029675507,0.016901046,0.019868597,train,0.013561199
2021-07-26,EFA,-0.004041783,-0.01841592,0.014374137,train,0.0058038933
2021-07-26,IWM,-0.011740303,0.014766236,0.02650654,train,0.000646838
2021-07-26,SPY,-0.0045678597,-0.06391955,0.05935169,train,0.020982988
2021-07-26,TLT,0.010615065,2.0070001e-05,0.010594995,train,0.016901046
2021-07-27,EFA,0.0042939843,0.045991894,0.04169791,train,-0.01841592
2021-07-27,IWM,0.014597616,0.0061855204,0.008412096,train,0.014766236
2021-07-27,SPY,-0.0004101735,0.013926559,0.014336732,train,-0.06391955
2021-07-27,TLT,6.660433e-05,0.001699571,0.0016329667,train,2.0070001e-05
2021-07-28,EFA,0.006907429,0.03274205,0.02583462,train,0.045991894
2021-07-28,IWM,0.007669002,-0.008151314,0.015820317,train,0.0061855204
2021-07-28,SPY,0.0041387044,-0.011106654,0.015245358,train,0.013926559
2021-07-28,TLT,-0.0055615813,-0.03446604,0.028904459,train,0.001699571
2021-07-29,EFA,-0.0051445724,0.048315663,0.053460237,train,0.03274205
2021-07-29,IWM,-0.0066282423,-0.005571558,0.0010566842,train,-0.008151314
2021-07-29,SPY,-0.004868301,-0.041803185,0.036934882,train,-0.011106654
2021-07-29,TLT,0.004692696,-0.007515393,0.012208089,train,-0.03446604
2021-07-30,EFA,0.0050193476,0.021629784,0.016610436,train,0.048315663
2021-07-30,IWM,-0.0049886303,0.023699075,0.028687704,train,-0.005571558
2021-07-30,SPY,-0.0021000963,0.008622969,0.010723065,train,-0.041803185
2021-07-30,TLT,0.008879721,-0.03303846,0.04191818,train,-0.007515393
2021-08-02,EFA,0.0071095126,0.026457261,0.01934775,train,0.021629784
2021-08-02,IWM,0.0041288864,0.059344616,0.05521573,train,0.023699075
2021-08-02,SPY,0.008102414,0.026743233,0.01864082,train,0.008622969
2021-08-02,TLT,0.0005310248,-0.02720106,0.027732085,train,-0.03303846
2021-08-03,EFA,-0.0029873264,0.004921199,0.007908525,train,0.026457261
2021-08-03,IWM,-0.012529571,0.02828969,0.04081926,train,0.059344616
2021-08-03,SPY,-0.0049309847,0.005984575,0.01091556,train,0.026743233
2021-08-03,TLT,0.0020542073,0.0015518265,0.0005023808,train,-0.02720106
2021-08-04,EFA,0.004849897,0.016949935,0.012100037,train,0.004921199
2021-08-04,IWM,0.017813118,0.0009938348,0.016819283,train,0.02828969
2021-08-04,SPY,0.0063128434,0.036132522,0.029819679,train,0.005984575
2021-08-04,TLT,-0.0051100957,-0.031387035,0.026276939,train,0.0015518265
2021-08-05,EFA,-0.0037286177,0.00832278,0.012051398,train,0.016949935
2021-08-05,IWM,0.006106512,-0.021767829,0.027874341,train,0.0009938348
2021-08-05,SPY,0.0016511335,0.005280595,0.0036294614,train,0.036132522
2021-08-05,TLT,-0.016842006,-0.012185152,0.004656854,train,-0.031387035
2021-08-06,EFA,-0.00049821567,0.011569381,0.012067596,train,0.00832278
2021-08-06,IWM,-0.005521389,0.013657237,0.019178627,train,-0.021767829
2021-08-06,SPY,-0.0008139129,0.04812272,0.04893663,train,0.005280595
2021-08-06,TLT,-0.003593062,-0.030620836,0.027027775,train,-0.012185152
2021-08-09,EFA,0.0022400185,0.012314427,0.010074409,train,0.011569381
2021-08-09,IWM,0.0019786954,0.026630867,0.024652172,train,0.013657237
2021-08-09,SPY,0.0012429991,0.03725628,0.036013283,train,0.04812272
2021-08-09,TLT,-0.004628592,0.004405891,0.009034483,train,-0.030620836
2021-08-10,EFA,0.006813087,0.040316563,0.033503477,train,0.012314427
2021-08-10,IWM,0.004884783,0.01099981,0.006115027,train,0.026630867
2021-08-10,SPY,0.0024820315,0.026988018,0.024505988,train,0.03725628
2021-08-10,TLT,-0.0006150432,0.017681198,0.018296242,train,0.004405891
2021-08-11,EFA,-0.0008644459,0.03673552,0.037599966,train,0.040316563
2021-08-11,IWM,-0.0023722316,0.019275663,0.021647895,train,0.01099981
2021-08-11,SPY,0.002992351,0.032083787,0.029091436,train,0.026988018
2021-08-11,TLT,-0.001639572,0.021132013,0.022771586,train,0.017681198
2021-08-12,EFA,0.006036351,0.037197024,0.031160673,train,0.03673552
2021-08-12,IWM,-0.009138185,-0.0069266995,0.002211485,train,0.019275663
2021-08-12,SPY,0.0018182031,0.015465924,0.01364772,train,0.032083787
2021-08-12,TLT,0.015672993,-0.00970786,0.025380854,train,0.021132013
2021-08-13,EFA,-0.005171905,0.029503029,0.034674935,train,0.037197024
2021-08-13,IWM,-0.009359311,0.011644118,0.021003429,train,-0.0069266995
2021-08-13,SPY,0.0023517567,0.029713146,0.02736139,train,0.015465924
2021-08-13,TLT,0.0024200482,0.003784528,0.0013644798,train,-0.00970786
2021-08-16,EFA,-0.009426766,0.055814873,0.06524164,train,0.029503029
2021-08-16,IWM,-0.012263068,-0.005125384,0.007137684,train,0.011644118
2021-08-16,SPY,-0.006576758,0.055368144,0.061944902,train,0.029713146
2021-08-16,TLT,-0.00040244637,0.0024475022,0.0028499486,train,0.003784528
2021-08-17,EFA,-0.0038710048,0.035461176,0.03933218,train,0.055814873
2021-08-17,IWM,-0.008772233,0.026088566,0.034860797,train,-0.005125384
2021-08-17,SPY,-0.011005131,0.024431948,0.035437077,train,0.055368144
2021-08-17,TLT,0.0033530144,0.009341628,0.0059886137,train,0.0024475022
2021-08-18,EFA,-0.009932638,0.03471823,0.044650868,train,0.035461176
2021-08-18,IWM,-0.012052979,0.04429158,0.056344558,train,0.026088566
2021-08-18,SPY,0.0015470436,0.06820135,0.0666543,train,0.024431948
2021-08-18,TLT,0.007338407,0.012245245,0.0049068383,train,0.009341628
2021-08-19,EFA,0.003909238,0.0653009,0.06139166,train,0.03471823
2021-08-19,IWM,0.016750623,0.047916126,0.031165503,train,0.04429158
2021-08-19,SPY,0.0079256175,0.039595746,0.031670127,train,0.06820135
2021-08-19,TLT,0.0006646481,0.009432904,0.008768257,train,0.012245245
2021-08-20,EFA,0.009271217,0.041006226,0.03173501,train,0.0653009
2021-08-20,IWM,0.018844845,0.031003986,0.012159141,train,0.047916126
2021-08-20,SPY,0.008758285,0.022707209,0.013948924,train,0.039595746
2021-08-20,TLT,-0.0006646481,-0.002972369,0.002307721,train,0.009432904
2021-08-23,EFA,0.0021174294,0.03089936,0.028781932,train,0.041006226
2021-08-23,IWM,0.009787291,-0.0077451365,0.017532427,train,0.031003986
2021-08-23,SPY,0.0015858943,0.00041739643,0.0011684978,train,0.022707209
2021-08-23,TLT,-0.007807186,-0.0061291503,0.0016780356,train,-0.002972369
2021-08-24,EFA,0.00037343064,0.01670707,0.01633364,train,0.03089936
2021-08-24,IWM,0.003510793,-0.012142028,0.01565282,train,-0.0077451365
2021-08-24,SPY,0.0020961266,0.0006696363,0.0014264903,train,0.00041739643
2021-08-24,TLT,-0.008341263,-0.0074901218,0.0008511413,train,-0.0061291503
2021-08-25,EFA,-0.005238343,-0.0024972996,0.0027410435,train,0.01670707
2021-08-25,IWM,-0.010660487,0.024399381,0.03505987,train,-0.012142028
2021-08-25,SPY,-0.005920597,-0.008049448,0.0021288511,train,0.0006696363
2021-08-25,TLT,0.0027655861,-0.03110727,0.033872854,train,-0.0074901218
2021-08-26,EFA,0.009087022,0.020894177,0.011807155,train,-0.0024972996
2021-08-26,IWM,0.027811235,-0.024802528,0.052613765,train,0.024399381
2021-08-26,SPY,0.0089012375,0.020733926,0.011832689,train,-0.008049448
2021-08-26,TLT,0.006780963,-0.040382657,0.04716362,train,-0.03110727
2021-08-27,EFA,-0.00024776396,0.026517436,0.0267652,train,0.020894177
2021-08-27,IWM,-0.0041161124,-0.038986728,0.034870617,train,-0.024802528
2021-08-27,SPY,0.004387866,0.033110436,0.02872257,train,0.020733926
2021-08-27,TLT,0.0026064904,-0.02119296,0.023799451,train,-0.040382657
2021-08-30,EFA,-0.0004960392,0.0056154556,0.0061114947,train,0.026517436
2021-08-30,IWM,0.0019495174,0.026752084,0.024802567,train,-0.038986728
2021-08-30,SPY,-0.0014826849,-0.0319236,0.030440915,train,0.033110436
2021-08-30,TLT,-0.006830675,-0.017893419,0.011062743,train,-0.02119296
2021-08-31,EFA,0.00901197,0.077618845,0.068606876,train,0.0056154556
2021-08-31,IWM,0.0067055514,0.030024115,0.023318563,train,0.026752084
2021-08-31,SPY,0.0005314002,0.02610683,0.025575431,train,-0.0319236
2021-08-31,TLT,0.0016737184,0.011835483,0.010161765,train,-0.017893419
2021-09-01,EFA,0.0040472527,0.02986474,0.025817487,train,0.077618845
2021-09-01,IWM,0.0069228876,0.026898094,0.019975206,train,0.030024115
2021-09-01,SPY,0.003071835,0.009001802,0.0059299665,train,0.02610683
2021-09-01,TLT,0.0043560034,-0.008058739,0.012414742,train,0.011835483
2021-09-02,EFA,0.0045185746,-0.0051660305,0.0096846055,train,0.02986474
2021-09-02,IWM,-0.004639227,0.059370007,0.064009234,train,0.026898094
2021-09-02,SPY,-0.00024284208,-0.0062081795,0.0059653376,train,0.009001802
2021-09-02,TLT,-0.009135596,-0.015296823,0.006161227,train,-0.008058739
2021-09-03,EFA,0.0007307407,0.04480599,0.044075247,train,-0.0051660305
2021-09-03,IWM,-0.006910903,0.04575337,0.052664272,train,0.059370007
2021-09-03,SPY,-0.0035817374,0.030038618,0.033620354,train,-0.0062081795
2021-09-03,TLT,-0.008471887,0.014497918,0.022969805,train,-0.015296823
2021-09-07,EFA,-0.007945735,0.023188949,0.031134684,train,0.04480599
2021-09-07,IWM,-0.010970447,0.0035138,0.014484247,train,0.04575337
2021-09-07,SPY,-0.0012190983,0.04918168,0.05040078,train,0.030038618
2021-09-07,TLT,0.006782989,0.008545933,0.0017629443,train,0.014497918
2021-09-08,EFA,-0.0017198736,0.04284052,0.044560395,train,0.023188949
2021-09-08,IWM,-0.0004912839,-0.050677247,0.050185964,train,0.0035138
2021-09-08,SPY,-0.0042894734,0.048550446,0.05283992,train,0.04918168
2021-09-08,TLT,0.012028,-0.0075976606,0.01962566,train,0.008545933
2021-09-09,EFA,-0.0022152655,0.024463609,0.026678875,train,0.04284052
2021-09-09,IWM,-0.0098334355,-0.059138928,0.04930549,train,-0.050677247
2021-09-09,SPY,-0.007915704,0.04433824,0.052253947,train,0.048550446
2021-09-09,TLT,-0.008855699,-0.012100297,0.0032445984,train,-0.0075976606
2021-09-10,EFA,0.007854639,0.021841388,0.01398675,train,0.024463609
2021-09-10,IWM,0.005669552,-0.0280477,0.033717252,train,-0.059138928
2021-09-10,SPY,0.0025559862,0.013992541,0.011436555,train,0.04433824
2021-09-10,TLT,0.0060457373,-0.010795693,0.01684143,train,-0.012100297
2021-09-13,EFA,-0.0041649994,0.0076087443,0.011773744,train,0.021841388
2021-09-13,IWM,-0.012824355,0.016349386,0.029173741,train,-0.0280477
2021-09-13,SPY,-0.0054112673,0.031476617,0.036887884,train,0.013992541
2021-09-13,TLT,0.012050948,-0.009540043,0.021590991,train,-0.010795693
2021-09-14,EFA,0.0029419195,0.029804748,0.026862828,train,0.0076087443
2021-09-14,IWM,0.009003363,0.033280846,0.024277482,train,0.016349386
2021-09-14,SPY,0.008317953,0.008375337,5.738437e-05,train,0.031476617
2021-09-14,TLT,-0.0035136438,0.009039147,0.01255279,train,-0.009540043
2021-09-15,EFA,-0.0015924698,0.055046838,0.056639306,train,0.029804748
2021-09-15,IWM,0.00072028744,0.025463779,0.024743492,train,0.033280846
2021-09-15,SPY,-0.0015865038,-0.0008794307,0.00070707314,train,0.008375337
2021-09-15,TLT,-0.004593154,0.0057444694,0.010337623,train,0.009039147
2021-09-16,EFA,-0.013204448,0.03545257,0.04865702,train,0.055046838
2021-09-16,IWM,0.0013043409,-0.012715357,0.014019698,train,0.025463779
2021-09-16,SPY,-0.009788819,-0.0060495967,0.003739222,train,-0.0008794307
2021-09-16,TLT,-0.004814756,-0.016131848,0.011317092,train,0.0057444694
2021-09-17,EFA,-0.01868263,0.047365256,0.066047885,train,0.03545257
2021-09-17,IWM,-0.02406459,0.05599474,0.080059335,train,-0.012715357
2021-09-17,SPY,-0.01681472,-0.042425383,0.025610663,train,-0.0060495967
2021-09-17,TLT,0.012325576,-0.011639125,0.0239647,train,-0.016131848
2021-09-20,EFA,0.0098237395,0.03468398,0.02486024,train,0.047365256
2021-09-20,IWM,0.0015180697,-0.024169069,0.025687138,train,0.05599474
2021-09-20,SPY,-0.0009452224,0.04804348,0.0489887,train,-0.042425383
2021-09-20,TLT,-0.0008610394,0.008345639,0.009206679,train,-0.011639125
2021-09-21,EFA,0.0050008516,0.021126814,0.016125962,train,0.03468398
2021-09-21,IWM,0.015419254,0.0028360235,0.012583231,train,-0.024169069
2021-09-21,SPY,0.009707621,-0.009981624,0.019689245,train,0.04804348
2021-09-21,TLT,0.005946384,-0.02785343,0.033799812,train,0.008345639
2021-09-22,EFA,0.010790452,0.03067159,0.019881137,train,0.021126814
2021-09-22,IWM,0.017545579,-0.0035488391,0.021094419,train,0.0028360235
2021-09-22,SPY,0.012076798,-0.058278818,0.07035562,train,-0.009981624
2021-09-22,TLT,-0.02285587,0.01677348,0.03962935,train,-0.02785343
2021-09-23,EFA,-0.009419864,0.0223035,0.031723365,train,0.03067159
2021-09-23,IWM,-0.0048347283,-0.021792166,0.016957438,train,-0.0035488391
2021-09-23,SPY,0.0016459202,-0.026120793,0.027766714,train,-0.058278818
2021-09-23,TLT,-0.009821238,0.0007663956,0.010587634,train,0.01677348
2021-09-24,EFA,-0.00062283117,-0.01213139,0.011508559,train,0.0223035
2021-09-24,IWM,0.015084104,-0.0050844057,0.02016851,train,-0.021792166
2021-09-24,SPY,-0.0028649704,-0.0033828067,0.0005178363,train,-0.026120793
2021-09-24,TLT,-0.0036831105,-0.0011287499,0.0025543605,train,0.0007663956
2021-09-27,EFA,-0.022048263,-0.031447724,0.009399461,train,-0.01213139
2021-09-27,IWM,-0.023005988,0.020125542,0.04313153,train,-0.0050844057
2021-09-27,SPY,-0.020357756,-0.00016037468,0.02019738,train,-0.0033828067
2021-09-27,TLT,-0.015699122,-0.002695728,0.013003394,train,-0.0011287499
2021-09-28,EFA,-0.002295502,0.011705109,0.014000611,train,-0.031447724
2021-09-28,IWM,-0.002126036,-0.023447659,0.021321623,train,0.020125542
2021-09-28,SPY,0.0016817151,0.063480936,0.06179922,train,-0.00016037468
2021-09-28,TLT,0.0017330667,-0.0011124308,0.0028454976,train,-0.002695728
2021-09-29,EFA,-0.003966203,-0.0007992545,0.0031669484,train,0.011705109
2021-09-29,IWM,-0.009418582,0.02516219,0.03458077,train,-0.023447659
2021-09-29,SPY,-0.012297511,-0.02630509,0.01400758,train,0.063480936
2021-09-29,TLT,-0.00013801726,0.014385811,0.014523828,train,-0.0011124308
2021-09-30,EFA,0.0024326735,0.08258603,0.08015335,train,-0.0007992545
2021-09-30,IWM,0.016008416,0.005008721,0.010999695,train,0.02516219
2021-09-30,SPY,0.011814125,-0.039866086,0.05168021,train,-0.02630509
2021-09-30,TLT,0.008380353,-0.012452505,0.020832859,train,0.014385811
2021-10-01,EFA,-0.010541191,0.07072144,0.08126263,train,0.08258603
2021-10-01,IWM,-0.009129271,0.011068857,0.02019813,train,0.005008721
2021-10-01,SPY,-0.012980024,-0.002247301,0.010732723,train,-0.039866086
2021-10-01,TLT,-0.0025491195,-0.011032431,0.008483312,train,-0.012452505
2021-10-04,EFA,0.0068259784,0.038906027,0.032080047,train,0.07072144
2021-10-04,IWM,0.0034445939,-0.026860904,0.030305497,train,0.011068857
2021-10-04,SPY,0.010351192,0.10254172,0.092190534,train,-0.002247301
2021-10-04,TLT,-0.009703286,-0.012440448,0.0027371617,train,-0.011032431
2021-10-05,EFA,-0.006696578,0.022834234,0.029530812,train,0.038906027
2021-10-05,IWM,-0.0052165925,0.013702551,0.018919144,train,-0.026860904
2021-10-05,SPY,0.0041476004,0.020332396,0.016184796,train,0.10254172
2021-10-05,TLT,0.0056254873,0.012128369,0.0065028816,train,-0.012440448
2021-10-06,EFA,0.0077229217,0.0960115,0.088288575,train,0.022834234
2021-10-06,IWM,0.015300387,0.009958559,0.005341828,train,0.013702551
2021-10-06,SPY,0.008608393,0.02272657,0.014118176,train,0.020332396
2021-10-06,TLT,-0.010512886,0.03299213,0.043505013,train,0.012128369
2021-10-07,EFA,-0.00012806624,-0.027147941,0.027019875,train,0.0960115
2021-10-07,IWM,-0.0075532966,0.010481893,0.01803519,train,0.009958559
2021-10-07,SPY,-0.0018254826,0.005239119,0.0070646014,train,0.02272657
2021-10-07,TLT,-0.0070230877,-0.021326821,0.014303734,train,0.03299213
2021-10-08,EFA,-0.0032112957,0.01847307,0.021684365,train,-0.027147941
2021-10-08,IWM,-0.005748058,0.007780497,0.013528556,train,0.010481893
2021-10-08,SPY,-0.0072659454,-0.007192622,7.332349e-05,train,0.005239119
2021-10-08,TLT,-0.0025409393,-0.015982863,0.013441923,train,-0.021326821
2021-10-11,EFA,0.00051449175,-0.0041569304,0.0046714223,train,0.01847307
2021-10-11,IWM,0.005477276,0.01588691,0.010409635,train,0.007780497
2021-10-11,SPY,-0.002464597,0.047527283,0.04999188,train,-0.007192622
2021-10-11,TLT,0.016955584,0.013350111,0.0036054729,train,-0.015982863
2021-10-12,EFA,0.009852442,0.036499802,0.02664736,train,-0.0041569304
2021-10-12,IWM,0.004728824,0.027138457,0.022409633,train,0.01588691
2021-10-12,SPY,0.003591142,0.0016889358,0.0019022061,train,0.047527283
2021-10-12,TLT,0.009679502,-0.0116323,0.0213118,train,0.013350111
2021-10-13,EFA,0.009882125,0.060180094,0.050297968,train,0.036499802
2021-10-13,IWM,0.014717884,0.024259418,0.009541534,train,0.027138457
2021-10-13,SPY,0.016680686,-0.022990435,0.039671123,train,0.0016889358
2021-10-13,TLT,0.003708242,-0.019721676,0.023429917,train,-0.0116323
2021-10-14,EFA,0.008286218,0.008061531,0.00022468716,train,0.060180094
2021-10-14,IWM,-0.0031482913,0.006713041,0.009861332,train,0.024259418
2021-10-14,SPY,0.0075870063,0.011933279,0.004346273,train,-0.022990435
2021-10-14,TLT,-0.0058435323,0.008964072,0.014807604,train,-0.019721676
2021-10-15,EFA,-0.004260199,0.047222313,0.051482514,train,0.008061531
2021-10-15,IWM,-0.00057758635,0.01566938,0.016246965,train,0.006713041
2021-10-15,SPY,0.0029562514,0.04055885,0.037602596,train,0.011933279
2021-10-15,TLT,0.0046772496,0.022212759,0.01753551,train,0.008964072
2021-10-18,EFA,0.0060092923,0.020268787,0.014259495,train,0.047222313
2021-10-18,IWM,0.0037258775,-0.0050397264,0.008765604,train,0.01566938
2021-10-18,SPY,0.0076852744,0.011862482,0.0041772076,train,0.04055885
2021-10-18,TLT,-0.013890327,0.0015678434,0.01545817,train,0.022212759
2021-10-19,EFA,0.0034883786,0.011772285,0.008283907,train,0.020268787
2021-10-19,IWM,0.0066191964,0.020255882,0.013636686,train,-0.0050397264
2021-10-19,SPY,0.0039199353,-0.031969056,0.035888992,train,0.011862482
2021-10-19,TLT,-0.0067725857,0.017938044,0.02471063,train,0.0015678434
2021-10-20,EFA,-0.0047376696,0.0043519037,0.009089573,train,0.011772285
2021-10-20,IWM,0.0025474774,0.035114318,0.03256684,train,0.020255882
2021-10-20,SPY,0.0026049223,-0.0022954745,0.004900397,train,-0.031969056
2021-10-20,TLT,-0.0011921615,-0.025655322,0.02446316,train,0.017938044
2021-10-21,EFA,0.005980732,0.021006443,0.015025711,train,0.0043519037
2021-10-21,IWM,-0.0023717103,0.04199354,0.04436525,train,0.035114318
2021-10-21,SPY,-0.0010366391,-0.0023054695,0.0012688304,train,-0.0022954745
2021-10-21,TLT,0.010953011,-0.014484241,0.02543725,train,-0.025655322
2021-10-22,EFA,-0.0019895327,0.0091848755,0.011174409,train,0.021006443
2021-10-22,IWM,0.009453347,0.042314474,0.03286113,train,0.04199354
2021-10-22,SPY,0.005348182,0.05519775,0.049849566,train,-0.0023054695
2021-10-22,TLT,-0.0015281007,-0.03906683,0.03753873,train,-0.014484241
2021-10-25,EFA,0.0019895327,0.0029344084,0.00094487565,train,0.0091848755
2021-10-25,IWM,-0.0075642606,0.009591981,0.017156241,train,0.042314474
2021-10-25,SPY,0.00089968997,0.0014286907,0.00052900077,train,0.05519775
2021-10-25,TLT,0.008235489,0.0020988402,0.006136649,train,-0.03906683
2021-10-26,EFA,-0.0039830315,-0.0036048507,0.00037818076,train,0.0029344084
2021-10-26,IWM,-0.018561274,0.02015495,0.038716223,train,0.009591981
2021-10-26,SPY,-0.004440021,0.010713755,0.015153776,train,0.0014286907
2021-10-26,TLT,0.018030211,0.007282159,0.010748053,train,0.0020988402
2021-10-27,EFA,0.009680973,0.048990235,0.039309263,train,-0.0036048507
2021-10-27,IWM,0.019745488,-0.022523206,0.042268693,train,0.02015495
2021-10-27,SPY,0.009602622,0.044889025,0.035286404,train,0.010713755
2021-10-27,TLT,-0.003389691,-0.0014235089,0.0019661821,train,0.007282159
2021-10-28,EFA,-0.005822015,0.0008209897,0.0066430047,train,0.048990235
2021-10-28,IWM,-0.000262959,0.011402608,0.011665567,train,-0.022523206
2021-10-28,SPY,0.0020271465,0.008146054,0.0061189076,train,0.044889025
2021-10-28,TLT,0.0030519601,0.019209173,0.016157212,train,-0.0014235089
2021-10-29,EFA,0.009643867,0.051292896,0.04164903,train,0.0008209897
2021-10-29,IWM,0.025585286,0.0014618756,0.024123412,train,0.011402608
2021-10-29,SPY,0.001718646,0.021949269,0.020230623,train,0.008146054
2021-10-29,TLT,-0.0072263363,0.014701755,0.02192809,train,0.019209173
2021-11-01,EFA,-0.002093912,-0.0026645334,0.00057062134,train,0.051292896
2021-11-01,IWM,0.002092163,0.009889932,0.0077977693,train,0.0014618756
2021-11-01,SPY,0.0040349397,-0.00913504,0.01316998,train,0.021949269
2021-11-01,TLT,0.004428595,0.018527761,0.014099166,train,0.014701755
2021-11-02,EFA,0.00810487,0.016667906,0.008563036,train,-0.0026645334
2021-11-02,IWM,0.017713705,-0.02395337,0.041667074,train,0.009889932
2021-11-02,SPY,0.00608663,-0.014697644,0.020784274,train,-0.00913504
2021-11-02,TLT,-0.010386993,-0.0045986352,0.005788358,train,0.018527761
2021-11-03,EFA,-0.0006113832,0.024824679,0.025436062,train,0.016667906
2021-11-03,IWM,-0.00037705537,-0.018769111,0.018392056,train,-0.02395337
2021-11-03,SPY,0.004701492,0.017137334,0.012435842,train,-0.014697644
2021-11-03,TLT,0.010455197,0.016693894,0.006238697,train,-0.0045986352
2021-11-04,EFA,0.0014674872,0.024431553,0.022964066,train,0.024824679
2021-11-04,IWM,0.01357323,-0.020652875,0.034226105,train,-0.018769111
2021-11-04,SPY,0.003463715,0.021291118,0.017827403,train,0.017137334
2021-11-04,TLT,0.014845019,0.0054659387,0.0093790805,train,0.016693894
2021-11-05,EFA,-0.00012227106,0.044489574,0.044611845,train,0.024431553
2021-11-05,IWM,0.003096885,-0.0043463325,0.0074432176,train,-0.020652875
2021-11-05,SPY,0.0008533042,0.045291908,0.044438604,train,0.021291118
2021-11-05,TLT,-0.0018770575,0.010713005,0.012590063,train,0.0054659387
2021-11-08,EFA,-0.002202255,0.021144312,0.023346568,train,0.044489574
2021-11-08,IWM,-0.0058299927,0.08814393,0.09397392,train,-0.0043463325
2021-11-08,SPY,-0.0033107735,-0.030827258,0.027516484,train,0.045291908
2021-11-08,TLT,0.012934161,0.014311598,0.0013774363,train,0.010713005
2021-11-09,EFA,-0.012200574,0.09215554,0.10435611,train,0.021144312
2021-11-09,IWM,-0.015883198,0.0483697,0.0642529,train,0.08814393
2021-11-09,SPY,-0.008077483,0.030385923,0.038463406,train,-0.030827258
2021-11-09,TLT,-0.018451888,0.014965128,0.033417016,train,0.014311598
2021-11-10,EFA,0.0035892185,0.043010775,0.03942156,train,0.09215554
2021-11-10,IWM,0.008014913,-0.009252817,0.01726773,train,0.0483697
2021-11-10,SPY,0.0003234113,0.069513954,0.06919054,train,0.030385923
2021-11-10,TLT,-0.0014858891,0.030825313,0.0323112,train,0.014965128
2021-11-11,EFA,0.005421314,0.01966536,0.014244046,train,0.043010775
2021-11-11,IWM,0.0010024533,0.019838866,0.018836413,train,-0.009252817
2021-11-11,SPY,0.007518524,0.055419974,0.04790145,train,0.069513954
2021-11-11,TLT,-0.0044021416,0.010992181,0.015394323,train,0.030825313
2021-11-12,EFA,-0.0018446071,0.064397484,0.06624209,train,0.01966536
2021-11-12,IWM,-0.0039742906,-0.01555059,0.0115763,train,0.019838866
2021-11-12,SPY,0.00034242656,0.04086699,0.040524565,train,0.055419974
2021-11-12,TLT,-0.012636143,0.0152531415,0.027889285,train,0.010992181
2021-11-15,EFA,-0.0022183764,0.040606387,0.042824764,train,0.064397484
2021-11-15,IWM,0.0018427063,-0.016740292,0.018582998,train,-0.01555059
2021-11-15,SPY,0.0039499565,0.042933118,0.038983162,train,0.04086699
2021-11-15,TLT,-0.0025467107,-0.010862089,0.008315378,train,0.0152531415
2021-11-16,EFA,-0.0012346215,0.03446737,0.03570199,train,0.040606387
2021-11-16,IWM,-0.013183255,0.04310438,0.056287635,train,-0.016740292
2021-11-16,SPY,-0.002432167,0.014864597,0.017296763,train,0.042933118
2021-11-16,TLT,0.00789395,0.032935135,0.025041185,train,-0.010862089
2021-11-17,EFA,0.0009877105,0.018618722,0.017631011,train,0.03446737
2021-11-17,IWM,-0.0042488757,0.015613516,0.019862391,train,0.04310438
2021-11-17,SPY,0.0033907394,0.04266208,0.03927134,train,0.014864597
2021-11-17,TLT,0.003753329,0.0031437604,0.00060956855,train,0.032935135
2021-11-18,EFA,-0.008551926,0.05250522,0.061057147,train,0.018618722
2021-11-18,IWM,-0.0091535915,0.004896772,0.014050364,train,0.015613516
2021-11-18,SPY,-0.0017897659,0.016584635,0.0183744,train,0.04266208
2021-11-18,TLT,0.01050266,-0.0030817296,0.013584389,train,0.0031437604
2021-11-19,EFA,-0.0058671865,0.08344936,0.08931655,train,0.05250522
2021-11-19,IWM,-0.0042632604,0.054736014,0.058999274,train,0.004896772
2021-11-19,SPY,-0.0028193137,0.054594997,0.057414312,train,0.016584635
2021-11-19,TLT,-0.01179782,-0.0023085074,0.009489313,train,-0.0030817296
2021-11-22,EFA,-0.001002173,0.057627264,0.05862944,train,0.08344936
2021-11-22,IWM,-0.0017274256,0.07623596,0.07796338,train,0.054736014
2021-11-22,SPY,0.0013249762,0.07745637,0.076131396,train,0.054594997
2021-11-22,TLT,-0.014564632,-0.023930106,0.009365474,train,-0.0023085074
2021-11-23,EFA,-0.006664608,0.09893639,0.105601,train,0.057627264
2021-11-23,IWM,0.0010803126,0.056362726,0.055282414,train,0.07623596
2021-11-23,SPY,0.002666491,0.07402538,0.07135889,train,0.07745637
2021-11-23,TLT,0.015928004,-0.022902314,0.038830318,train,-0.023930106
2021-11-24,EFA,-0.027241278,0.088307835,0.11554912,train,0.09893639
2021-11-24,IWM,-0.03842666,0.080418505,0.118845165,train,0.056362726
2021-11-24,SPY,-0.022555592,0.056830335,0.07938593,train,0.07402538
2021-11-24,TLT,0.024954686,-0.0021054922,0.027060177,train,-0.022902314
2021-11-26,EFA,0.005043706,0.104223706,0.09918,train,0.088307835
2021-11-26,IWM,-0.00062838505,-0.076049976,0.075421594,train,0.080418505
2021-11-26,SPY,0.012192117,0.058501523,0.046309404,train,0.056830335
2021-11-26,TLT,-0.008070128,-0.014117143,0.006047015,train,-0.0021054922
2021-11-29,EFA,-0.008810785,0.051986236,0.06079702,train,0.104223706
2021-11-29,IWM,-0.020595964,0.064213164,0.084809124,train,-0.076049976
2021-11-29,SPY,-0.019649537,0.081667915,0.10131745,train,0.058501523
2021-11-29,TLT,0.015087352,0.030600257,0.015512905,train,-0.014117143
2021-11-30,EFA,-0.0057424316,0.15419038,0.1599328,train,0.051986236
2021-11-30,IWM,-0.022762615,0.012579729,0.035342343,train,0.064213164
2021-11-30,SPY,-0.01116949,0.10578636,0.116955854,train,0.081667915
2021-11-30,TLT,0.0061500533,-0.007962229,0.014112283,train,0.030600257
2021-12-01,EFA,0.012357787,0.07975807,0.067400284,train,0.15419038
2021-12-01,IWM,0.027518129,0.019507144,0.008010985,train,0.012579729
2021-12-01,SPY,0.015200286,0.08413664,0.068936355,train,0.10578636
2021-12-01,TLT,0.0012463256,-0.0031874822,0.004433808,train,-0.007962229
2021-12-02,EFA,-0.0041458006,0.069831066,0.07397687,train,0.07975807
2021-12-02,IWM,-0.020741811,-0.05577143,0.03502962,train,0.019507144
2021-12-02,SPY,-0.00873938,0.09580823,0.10454761,train,0.08413664
2021-12-02,TLT,0.011861415,-0.018493384,0.030354798,train,-0.0031874822
2021-12-03,EFA,0.009560985,0.02391515,0.014354165,train,0.069831066
2021-12-03,IWM,0.019874742,-0.037918802,0.057793543,train,-0.05577143
2021-12-03,SPY,0.011773727,0.08608818,0.07431445,train,0.09580823
2021-12-03,TLT,-0.013830069,0.0030816747,0.016911745,train,-0.018493384
2021-12-06,EFA,0.02086845,-0.009754038,0.03062249,train,0.02391515
2021-12-06,IWM,0.022929352,-0.08118473,0.104114085,train,-0.037918802
2021-12-06,SPY,0.020473737,-0.00933713,0.029810868,train,0.08608818
2021-12-06,TLT,-0.0081126,0.06131709,0.06942969,train,0.0030816747
2021-12-07,EFA,0.0018871757,-0.040946197,0.042833373,train,-0.009754038
2021-12-07,IWM,0.0068040756,0.028996438,0.022192363,train,-0.08118473
2021-12-07,SPY,0.0026446031,-0.034737095,0.037381697,train,-0.00933713
2021-12-07,TLT,-0.017436234,0.033581965,0.0510182,train,0.06131709
2021-12-08,EFA,-0.008330144,-0.049434513,0.04110437,train,-0.040946197
2021-12-08,IWM,-0.02290799,-0.005137454,0.017770536,train,0.028996438
2021-12-08,SPY,-0.006774612,-0.034830507,0.028055895,train,-0.034737095
2021-12-08,TLT,0.0055784676,0.01823962,0.012661152,train,0.033581965
2021-12-09,EFA,0.0021521235,0.031599715,0.029447593,train,-0.049434513
2021-12-09,IWM,-0.0027701438,-0.023151774,0.02038163,train,-0.005137454
2021-12-09,SPY,0.00936953,-0.002687226,0.012056756,train,-0.034830507
2021-12-09,TLT,-0.0024158016,0.020328678,0.02274448,train,0.01823962
2021-12-10,EFA,-0.009411357,0.025472932,0.03488429,train,0.031599715
2021-12-10,IWM,-0.0147215985,0.031492382,0.04621398,train,-0.023151774
2021-12-10,SPY,-0.008897769,0.05107937,0.05997714,train,-0.002687226
2021-12-10,TLT,0.014671287,0.0090034,0.0056678867,train,0.020328678
2021-12-13,EFA,-0.0053392868,0.03325538,0.038594667,train,0.025472932
2021-12-13,IWM,-0.008646927,0.018856678,0.027503606,train,0.031492382
2021-12-13,SPY,-0.00690388,-0.013011741,0.0061078616,train,0.05107937
2021-12-13,TLT,-0.0023864578,0.014603733,0.01699019,train,0.0090034
2021-12-14,EFA,0.013489094,0.008247434,0.0052416595,train,0.03325538
2021-12-14,IWM,0.015750032,-0.009132872,0.024882905,train,0.018856678
2021-12-14,SPY,0.015504217,-0.0040147407,0.019518957,train,-0.013011741
2021-12-14,TLT,-0.009668251,0.011475278,0.02114353,train,0.014603733
2021-12-15,EFA,0.00012857535,0.016164865,0.01603629,train,0.008247434
2021-12-15,IWM,-0.020429894,-0.033825506,0.013395611,train,-0.009132872
2021-12-15,SPY,-0.008857532,0.029846046,0.03870358,train,-0.0040147407
2021-12-15,TLT,0.0003888529,-0.0399174,0.04030625,train,0.011475278
2021-12-16,EFA,-0.012704198,0.03455883,0.047263026,train,0.016164865
2021-12-16,IWM,0.009152132,0.022343658,0.013191526,train,-0.033825506
2021-12-16,SPY,-0.010699962,-0.07763508,0.066935115,train,0.029846046
2021-12-16,TLT,0.011267902,0.015251473,0.0039835703,train,-0.0399174
2021-12-17,EFA,-0.0022201054,0.020508181,0.022728287,train,0.03455883
2021-12-17,IWM,-0.014136983,-0.012200487,0.0019364962,train,0.022343658
2021-12-17,SPY,-0.010690528,-0.00651903,0.004171498,train,-0.07763508
2021-12-17,TLT,-0.007520549,0.014575876,0.022096425,train,0.015251473
2021-12-20,EFA,0.01105257,0.015632208,0.004579638,train,0.020508181
2021-12-20,IWM,0.02816818,0.01779642,0.0103717595,train,-0.012200487
2021-12-20,SPY,0.017603261,0.029329006,0.011725744,train,-0.00651903
2021-12-20,TLT,-0.0038146435,-0.0016964944,0.002118149,train,0.014575876
2021-12-21,EFA,0.009267652,-0.0061267763,0.015394429,train,0.015632208
2021-12-21,IWM,0.0095793875,-0.0010284395,0.010607827,train,0.01779642
2021-12-21,SPY,0.00994912,-0.0010706829,0.011019803,train,0.029329006
2021-12-21,TLT,0.0046159253,0.01088293,0.0062670046,train,-0.0016964944
2021-12-22,EFA,0.0058764736,0.0015114252,0.0043650484,train,-0.0061267763
2021-12-22,IWM,0.007957874,-0.02522897,0.033186845,train,-0.0010284395
2021-12-22,SPY,0.006202722,-0.045154065,0.051356785,train,-0.0010706829
2021-12-22,TLT,-0.008714464,-0.013774776,0.0050603123,train,0.01088293
2021-12-23,EFA,0.007739515,0.020144237,0.012404722,train,0.0015114252
2021-12-23,IWM,0.00932428,0.004075342,0.0052489378,train,-0.02522897
2021-12-23,SPY,0.014053034,-0.016738404,0.030791437,train,-0.045154065
2021-12-23,TLT,0.0024213374,0.021537881,0.019116543,train,-0.013774776
2021-12-27,EFA,0.0003792394,-0.034708045,0.035087284,train,0.020144237
2021-12-27,IWM,-0.0061316593,-0.005638318,0.0004933411,train,0.004075342
2021-12-27,SPY,-0.00081760716,-0.0047298064,0.0039121993,train,-0.016738404
2021-12-27,TLT,-0.0039715073,-0.01801961,0.014048101,train,0.021537881
2021-12-28,EFA,-0.0003792394,-0.05542409,0.055044852,train,-0.034708045
2021-12-28,IWM,0.001076915,0.01021999,0.009143075,train,-0.005638318
2021-12-28,SPY,0.001278324,-0.0843397,0.08561803,train,-0.0047298064
2021-12-28,TLT,-0.010984403,0.00072261086,0.0117070135,train,-0.01801961
2021-12-29,EFA,-0.0026250922,-0.01041099,0.0077858977,train,-0.05542409
2021-12-29,IWM,-0.00026912004,-0.015106856,0.014837736,train,0.01021999
2021-12-29,SPY,-0.0027682357,0.008367752,0.011135988,train,-0.0843397
2021-12-29,TLT,0.008351736,-0.009849931,0.018201668,train,0.00072261086
2021-12-30,EFA,-0.0008893511,0.048838332,0.049727682,train,-0.01041099
2021-12-30,IWM,-0.002155427,-0.048207004,0.046051577,train,-0.015106856
2021-12-30,SPY,-0.0025234057,-0.038446497,0.03592309,train,0.008367752
2021-12-30,TLT,0.0019584438,-0.026296899,0.028255343,train,-0.009849931
2021-12-31,EFA,0.0064611463,0.049212255,0.042751107,train,0.048838332
2021-12-31,IWM,0.012819191,0.0141161075,0.001296916,train,-0.048207004
2021-12-31,SPY,0.0057733525,0.03943878,0.033665426,train,-0.038446497
2021-12-31,TLT,-0.026600927,-0.02860362,0.0020026937,train,-0.026296899
2022-01-03,EFA,0.005666319,0.011996928,0.006330609,train,0.049212255
2022-01-03,IWM,-0.001510204,-0.013935116,0.012424912,train,0.0141161075
2022-01-03,SPY,-0.00033496422,0.031017076,0.03135204,train,0.03943878
2022-01-03,TLT,-0.0041665463,0.012198286,0.016364831,train,-0.02860362
2022-01-04,EFA,-0.008828312,-0.0016882075,0.0071401047,train,0.011996928
2022-01-04,IWM,-0.0344566,0.041524958,0.07598156,train,-0.013935116
2022-01-04,SPY,-0.019388912,-0.0035134973,0.015875414,train,0.031017076
2022-01-04,TLT,-0.0054430645,-0.022653408,0.017210344,train,0.012198286
2022-01-05,EFA,-0.0050799022,-0.006323031,0.0012431289,train,-0.0016882075
2022-01-05,IWM,0.0056887725,-0.07342363,0.0791124,train,0.041524958
2022-01-05,SPY,-0.0009399744,0.02407157,0.025011545,train,-0.0035134973
2022-01-05,TLT,0.0025859463,-0.029204551,0.0317905,train,-0.022653408
2022-01-06,EFA,0.0029240085,0.031849094,0.028925085,train,-0.006323031
2022-01-06,IWM,-0.011641199,-0.011534861,0.00010633748,train,-0.07342363
2022-01-06,SPY,-0.003961307,0.025452983,0.029414289,train,0.02407157
2022-01-06,TLT,-0.007214234,0.011386169,0.018600404,train,-0.029204551
2022-01-07,EFA,-0.009310503,0.027285177,0.03659568,train,0.031849094
2022-01-07,IWM,-0.0034771233,0.0039683497,0.007445473,train,-0.011534861
2022-01-07,SPY,-0.0012451272,0.007007367,0.008252494,train,0.025452983
2022-01-07,TLT,0.00245726,-0.016883165,0.019340424,train,0.011386169
2022-01-10,EFA,0.010832927,0.060896594,0.050063666,train,0.027285177
2022-01-10,IWM,0.010579247,-0.013382976,0.023962222,train,0.0039683497
2022-01-10,SPY,0.00906702,-0.023988128,0.03305515,train,0.007007367
2022-01-10,TLT,0.006639428,0.0067678513,0.00012842333,train,-0.016883165
2022-01-11,EFA,0.009713069,0.020393576,0.010680508,train,0.060896594
2022-01-11,IWM,-0.0074721393,0.0063826386,0.013854777,train,-0.013382976
2022-01-11,SPY,0.002699933,0.022636216,0.019936282,train,-0.023988128
2022-01-11,TLT,-0.0038388758,0.024915505,0.028754381,train,0.0067678513
2022-01-12,EFA,-0.0073076477,0.016812589,0.024120238,train,0.020393576
2022-01-12,IWM,-0.009209678,-0.014362211,0.0051525338,train,0.0063826386
2022-01-12,SPY,-0.013874462,-0.027437024,0.013562562,train,0.022636216
2022-01-12,TLT,0.008841722,-0.010384095,0.019225817,train,0.024915505
2022-01-13,EFA,-0.0010122532,-0.0074632755,0.0064510223,train,0.016812589
2022-01-13,IWM,0.0014008172,0.026312113,0.024911296,train,-0.014362211
2022-01-13,SPY,0.00040884735,-0.00021068286,0.0006195302,train,-0.027437024
2022-01-13,TLT,-0.015225116,-0.009801279,0.0054238373,train,-0.010384095
2022-01-14,EFA,-0.014792445,0.018638298,0.033430744,train,-0.0074632755
2022-01-14,IWM,-0.030703064,0.042483892,0.07318696,train,0.026312113
2022-01-14,SPY,-0.017868271,-0.015062082,0.0028061895,train,-0.00021068286
2022-01-14,TLT,-0.014174381,0.0027676169,0.016941998,train,-0.009801279
2022-01-18,EFA,-0.00089953124,0.023971178,0.024870709,train,0.018638298
2022-01-18,IWM,-0.016397005,0.005911243,0.022308249,train,0.042483892
2022-01-18,SPY,-0.010437758,0.059930522,0.07036828,train,-0.015062082
2022-01-18,TLT,0.0068998868,-0.029495027,0.036394913,train,0.0027676169
2022-01-19,EFA,-0.004898087,0.032947183,0.03784527,train,0.023971178
2022-01-19,IWM,-0.018263083,0.036372676,0.05463576,train,0.005911243
2022-01-19,SPY,-0.011129672,-0.0018398864,0.009289785,train,0.059930522
2022-01-19,TLT,0.006147831,-0.026053067,0.0322009,train,-0.029495027
2022-01-20,EFA,-0.013660768,0.04209627,0.05575704,train,0.032947183
2022-01-20,IWM,-0.01890739,-0.00032974593,0.018577645,train,0.036372676
2022-01-20,SPY,-0.019825837,-0.012303854,0.0075219823,train,-0.0018398864
2022-01-20,TLT,0.011836107,-0.02935113,0.041187238,train,-0.026053067
2022-01-21,EFA,-0.010005161,0.043911356,0.053916518,train,0.04209627
2022-01-21,IWM,0.022785245,-0.07097422,0.09375947,train,-0.00032974593
2022-01-21,SPY,0.004237604,-0.016203742,0.020441346,train,-0.012303854
2022-01-21,TLT,-0.008249171,0.019506004,0.027755175,train,-0.02935113
2022-01-24,EFA,-0.006104995,0.09482277,0.10092777,train,0.043911356
2022-01-24,IWM,-0.013437655,0.028565325,0.04200298,train,-0.07097422
2022-01-24,SPY,-0.012284134,0.0703885,0.08267264,train,-0.016203742
2022-01-24,TLT,-0.0016155315,0.033294894,0.034910426,train,0.019506004
2022-01-25,EFA,-0.0038679398,0.10689417,0.11076211,train,0.09482277
2022-01-25,IWM,-0.014538902,-0.057435323,0.04289642,train,0.028565325
2022-01-25,SPY,-0.0025119176,0.0073284255,0.009840343,train,0.0703885
2022-01-25,TLT,-0.012168216,0.015554923,0.027723137,train,0.033294894
2022-01-26,EFA,-0.0046881316,0.11853691,0.12322504,train,0.10689417
2022-01-26,IWM,-0.022969233,-0.11327627,0.09030704,train,-0.057435323
2022-01-26,SPY,-0.0049501467,-0.09741854,0.092468396,train,0.0073284255
2022-01-26,TLT,0.01819672,0.0018482571,0.016348463,train,0.015554923
2022-01-27,EFA,0.0033509065,0.042727068,0.039376162,train,0.11853691
2022-01-27,IWM,0.019288333,-0.07599591,0.09528424,train,-0.11327627
2022-01-27,SPY,0.024531975,-0.12219403,0.14672601,train,-0.09741854
2022-01-27,TLT,0.0003491461,-0.02075426,0.021103404,train,0.0018482571
2022-01-28,EFA,0.014480338,0.018968508,0.004488169,train,0.042727068
2022-01-28,IWM,0.030217662,-0.09112306,0.12134072,train,-0.07599591
2022-01-28,SPY,0.017850718,-0.041752588,0.059603304,train,-0.12219403
2022-01-28,TLT,-0.00518347,-0.008420981,0.0032375106,train,-0.02075426
2022-01-31,EFA,0.009451468,0.020666987,0.011215519,train,0.018968508
2022-01-31,IWM,0.010479364,-0.08502622,0.09550558,train,-0.09112306
2022-01-31,SPY,0.0067342888,0.021933537,0.015199248,train,-0.041752588
2022-01-31,TLT,-0.00332477,-0.004019062,0.00069429213,train,-0.008420981
2022-02-01,EFA,0.007419411,0.00028915238,0.0071302587,train,0.020666987
2022-02-01,IWM,-0.009982836,0.001199712,0.0111825485,train,-0.08502622
2022-02-01,SPY,0.0096671535,9.146053e-05,0.009575693,train,0.021933537
2022-02-01,TLT,0.00338089,0.0005355631,0.002845327,train,-0.004019062
2022-02-02,EFA,-0.015947882,-0.06492345,0.04897557,train,0.00028915238
2022-02-02,IWM,-0.0191045,0.08411903,0.10322353,train,0.001199712
2022-02-02,SPY,-0.023785638,0.01583207,0.03961771,train,9.146053e-05
2022-02-02,TLT,-0.007836297,0.006066113,0.01390241,train,0.0005355631
2022-02-03,EFA,0.002369013,0.014798333,0.01242932,train,-0.06492345
2022-02-03,IWM,0.0042939507,0.11501608,0.11072213,train,0.08411903
2022-02-03,SPY,0.004691291,0.13053478,0.1258435,train,0.01583207
2022-02-03,TLT,-0.014852395,0.009764434,0.02461683,train,0.006066113
2022-02-04,EFA,0.0017075897,-0.0010803947,0.0027879844,train,0.014798333
2022-02-04,IWM,0.00492791,0.047928233,0.04300032,train,0.11501608
2022-02-04,SPY,-0.003214426,0.018440597,0.021655023,train,0.13053478
2022-02-04,TLT,0.00064734224,-0.019865684,0.020513026,train,0.009764434
2022-02-07,EFA,0.0051050056,0.015709389,0.010604383,train,-0.0010803947
2022-02-07,IWM,0.01691069,0.014661088,0.0022496032,train,0.047928233
2022-02-07,SPY,0.008194078,0.049002964,0.040808886,train,0.018440597
2022-02-07,TLT,-0.006708197,0.008116924,0.014825121,train,-0.019865684
2022-02-08,EFA,0.016060246,0.056326933,0.040266685,train,0.015709389
2022-02-08,IWM,0.018810008,-0.010734084,0.029544093,train,0.014661088
2022-02-08,SPY,0.014530101,0.0065933513,0.00793675,train,0.049002964
2022-02-08,TLT,0.0018801031,-0.023529578,0.025409682,train,0.008116924
2022-02-09,EFA,-0.012801504,-0.01020206,0.0025994433,train,0.056326933
2022-02-09,IWM,-0.01546176,-0.0006461041,0.014815656,train,-0.010734084
2022-02-09,SPY,-0.018129041,-6.612297e-05,0.01806292,train,0.0065933513
2022-02-09,TLT,-0.01601999,0.00034989044,0.016369881,train,-0.023529578
2022-02-10,EFA,-0.01521133,0.056142,0.07135333,train,-0.01020206
2022-02-10,IWM,-0.010177376,0.103413455,0.11359083,train,-0.0006461041
2022-02-10,SPY,-0.019915799,0.07127849,0.09119429,train,-6.612297e-05
2022-02-10,TLT,0.0147186145,0.0013258355,0.013392779,train,0.00034989044
2022-02-11,EFA,-0.0064958273,0.019766267,0.026262095,train,0.056142
2022-02-11,IWM,-0.0034824316,0.08891947,0.0924019,train,0.103413455
2022-02-11,SPY,-0.0032746599,0.012760033,0.016034693,train,0.07127849
2022-02-11,TLT,-0.012518958,-0.001132979,0.011385979,train,0.0013258355
2022-02-14,EFA,0.018187165,0.010138447,0.008048718,train,0.019766267
2022-02-14,IWM,0.026456034,0.012748609,0.0137074245,train,0.08891947
2022-02-14,SPY,0.015998255,-0.047146883,0.06314514,train,0.012760033
2022-02-14,TLT,-0.011418269,0.01686145,0.028279718,train,-0.001132979
2022-02-15,EFA,0.0037803217,-0.019729469,0.023509791,train,0.010138447
2022-02-15,IWM,0.002084454,-0.06578001,0.06786446,train,0.012748609
2022-02-15,SPY,0.0011202013,-0.08281042,0.08393062,train,-0.047146883
2022-02-15,TLT,0.0059092483,-0.011695824,0.017605072,train,0.01686145
2022-02-16,EFA,-0.016264929,-0.01107598,0.0051889485,train,-0.019729469
2022-02-16,IWM,-0.025952492,-0.044246018,0.018293526,train,-0.06578001
2022-02-16,SPY,-0.021592723,-0.07150109,0.04990837,train,-0.08281042
2022-02-16,TLT,0.007411104,0.018064138,0.010653034,train,-0.011695824
2022-02-17,EFA,-0.0042404276,0.00065973867,0.0049001663,train,-0.01107598
2022-02-17,IWM,-0.008635634,0.0005338425,0.009169476,train,-0.044246018
2022-02-17,SPY,-0.006496259,0.12648205,0.13297832,train,-0.07150109
2022-02-17,TLT,0.010472144,0.016341565,0.005869421,train,0.018064138
2022-02-18,EFA,-0.011755505,0.0053832317,0.017138736,train,0.00065973867
2022-02-18,IWM,-0.014187411,-0.03618806,0.022000648,train,0.0005338425
2022-02-18,SPY,-0.0107895015,0.007584472,0.018373974,train,0.12648205
2022-02-18,TLT,0.0026006713,-0.017202295,0.019802967,train,0.016341565
2022-02-22,EFA,-0.008230703,-0.0023629768,0.005867726,train,0.0053832317
2022-02-22,IWM,-0.018889885,0.041728448,0.060618334,train,-0.03618806
2022-02-22,SPY,-0.017897908,0.117302224,0.13520013,train,0.007584472
2022-02-22,TLT,-0.013877336,0.0025320044,0.016409341,train,-0.017202295
2022-02-23,EFA,-0.013503456,0.04212122,0.055624675,train,-0.0023629768
2022-02-23,IWM,0.02588259,-0.01612956,0.04201215,train,0.041728448
2022-02-23,SPY,0.014936917,0.006603335,0.008333582,train,0.117302224
2022-02-23,TLT,0.0006585678,0.034259927,0.03360136,train,0.0025320044
2022-02-24,EFA,0.0246859,0.05416728,0.029481381,train,0.04212122
2022-02-24,IWM,0.02227082,0.0010186201,0.0212522,train,-0.01612956
2022-02-24,SPY,0.021824151,-0.118245326,0.14006948,train,0.006603335
2022-02-24,TLT,0.0007310974,-0.00041822437,0.0011493218,train,0.034259927
2022-02-25,EFA,-0.019207828,0.009900027,0.029107854,train,0.05416728
2022-02-25,IWM,0.0040411176,-0.009406828,0.013447946,train,0.0010186201
2022-02-25,SPY,-0.0025618614,-0.075004525,0.072442666,train,-0.118245326
2022-02-25,TLT,0.021681631,0.033857018,0.012175387,train,-0.00041822437
2022-02-28,EFA,-0.022094082,-0.011800933,0.010293149,train,0.009900027
2022-02-28,IWM,-0.01901683,0.06895316,0.08796999,train,-0.009406828
2022-02-28,SPY,-0.01534741,0.060565006,0.075912416,train,-0.075004525
2022-02-28,TLT,0.011495257,0.0016931822,0.009802075,train,0.033857018
2022-03-01,EFA,0.012487847,0.02811658,0.015628733,train,-0.011800933
2022-03-01,IWM,0.02353163,0.029418476,0.0058868453,train,0.06895316
2022-03-01,SPY,0.018229006,0.13423789,0.11600888,train,0.060565006
2022-03-01,TLT,-0.034780655,0.004723589,0.039504245,train,0.0016931822
2022-03-02,EFA,-0.019915866,0.050788578,0.070704445,train,0.02811658
2022-03-02,IWM,-0.011919577,-0.105351366,0.093431786,train,0.029418476
2022-03-02,SPY,-0.0049909987,-0.024451386,0.019460388,train,0.13423789
2022-03-02,TLT,0.01013373,0.06648605,0.056352325,train,0.004723589
2022-03-03,EFA,-0.02940547,-0.020710241,0.008695228,train,0.050788578
2022-03-03,IWM,-0.015781322,0.0045110183,0.020292342,train,-0.105351366
2022-03-03,SPY,-0.008157674,0.0075744884,0.015732162,train,-0.024451386
2022-03-03,TLT,0.017116606,-0.016677752,0.03379436,train,0.06648605
2022-03-04,EFA,-0.032239642,0.071822844,0.10406248,train,-0.020710241
2022-03-04,IWM,-0.025181253,-0.013044494,0.012136758,train,0.0045110183
2022-03-04,SPY,-0.029922413,0.078166455,0.108088866,train,0.0075744884
2022-03-04,TLT,-0.0076587293,-0.015643615,0.007984886,train,-0.016677752
2022-03-07,EFA,0.008640217,0.06479473,0.056154512,train,0.071822844
2022-03-07,IWM,0.005508362,0.0013795476,0.004128814,train,-0.013044494
2022-03-07,SPY,-0.007610534,0.15513793,0.16274846,train,0.078166455
2022-03-07,TLT,-0.010110564,-0.014397771,0.0042872075,train,-0.015643615
2022-03-08,EFA,0.04097626,0.15946694,0.11849068,train,0.06479473
2022-03-08,IWM,0.02779422,0.018323433,0.009470787,train,0.0013795476
2022-03-08,SPY,0.02645769,0.09794632,0.071488634,train,0.15513793
2022-03-08,TLT,-0.009847274,-0.007027314,0.00281996,train,-0.014397771
2022-03-09,EFA,-0.012031122,-0.009865071,0.0021660514,train,0.15946694
2022-03-09,IWM,-0.0017990305,0.0072437236,0.009042754,train,0.018323433
2022-03-09,SPY,-0.004525943,-0.049956065,0.04543012,train,0.09794632
2022-03-09,TLT,-0.014471517,0.050132163,0.06460368,train,-0.007027314
2022-03-10,EFA,-0.010865669,0.042887125,0.053752795,train,-0.009865071
2022-03-10,IWM,-0.016085038,0.015100869,0.031185906,train,0.0072437236
2022-03-10,SPY,-0.012796523,0.06237628,0.075172804,train,-0.049956065
2022-03-10,TLT,0.003341113,-0.0044863364,0.00782745,train,0.050132163
2022-03-11,EFA,0.009135069,0.01942699,0.010291921,train,0.042887125
2022-03-11,IWM,-0.020645723,0.009570234,0.030215956,train,0.015100869
2022-03-11,SPY,-0.007335036,0.032568116,0.039903153,train,0.06237628
2022-03-11,TLT,-0.023625731,0.052399408,0.07602514,train,-0.0044863364
2022-03-14,EFA,0.009481482,0.0256057,0.016124219,train,0.01942699
2022-03-14,IWM,0.015805144,0.01977402,0.003968876,train,0.009570234
2022-03-14,SPY,0.021752082,0.05591931,0.034167226,train,0.032568116
2022-03-14,TLT,-0.0017472116,-0.007695413,0.0059482018,train,0.052399408
2022-03-15,EFA,0.035258833,0.07701463,0.0417558,train,0.0256057
2022-03-15,IWM,0.030979084,0.041966807,0.010987723,train,0.01977402
2022-03-15,SPY,0.021931965,0.11250076,0.090568796,train,0.05591931
2022-03-15,TLT,0.009759836,0.04872578,0.038965944,train,-0.007695413
2022-03-16,EFA,0.008384324,0.09795279,0.089568466,train,0.07701463
2022-03-16,IWM,0.01557572,-0.012866014,0.028441735,train,0.041966807
2022-03-16,SPY,0.012433246,0.036407296,0.02397405,train,0.11250076
2022-03-16,TLT,-0.007481531,0.0064703906,0.013951922,train,0.04872578
2022-03-17,EFA,0.009671298,-0.087299295,0.096970595,train,0.09795279
2022-03-17,IWM,0.010475927,0.01280426,0.0023283325,train,-0.012866014
2022-03-17,SPY,0.010893351,0.06397204,0.05307869,train,0.036407296
2022-03-17,TLT,0.012138804,0.015675351,0.0035365466,train,0.0064703906
2022-03-18,EFA,-0.006255373,-0.039595988,0.033340614,train,-0.087299295
2022-03-18,IWM,-0.008868285,0.02207711,0.030945394,train,0.01280426
2022-03-18,SPY,-0.0002925666,0.1380767,0.13836926,train,0.06397204
2022-03-18,TLT,-0.023428753,0.071343,0.09477175,train,0.015675351
2022-03-21,EFA,0.009368389,0.08990458,0.08053619,train,-0.039595988
2022-03-21,IWM,0.009977248,0.07776452,0.067787275,train,0.02207711
2022-03-21,SPY,0.011633477,0.055119846,0.043486368,train,0.1380767
2022-03-21,TLT,-0.0128949005,0.026817787,0.03971269,train,0.071343
2022-03-22,EFA,-0.013057951,0.005429932,0.018487882,train,0.08990458
2022-03-22,IWM,-0.0175016,-0.0361049,0.018603299,train,0.07776452
2022-03-22,SPY,-0.012962138,0.046387594,0.05934973,train,0.055119846
2022-03-22,TLT,0.021678582,-0.0092879785,0.030966561,train,0.026817787
2022-03-23,EFA,0.009266939,0.040671382,0.031404443,train,0.005429932
2022-03-23,IWM,0.011433095,-0.011676165,0.023109261,train,-0.0361049
2022-03-23,SPY,0.014961893,-0.0074205017,0.022382393,train,0.046387594
2022-03-23,TLT,-0.007863769,-0.0062805926,0.0015831767,train,-0.0092879785
2022-03-24,EFA,0.000542387,-0.016423583,0.01696597,train,0.040671382
2022-03-24,IWM,0.0013594306,-0.05526291,0.056622338,train,-0.011676165
2022-03-24,SPY,0.004871913,0.033369996,0.028498083,train,-0.0074205017
2022-03-24,TLT,-0.013970239,0.03960288,0.053573117,train,-0.0062805926
2022-03-25,EFA,-0.0032589782,-0.009094561,0.0058355834,train,-0.016423583
2022-03-25,IWM,0.00033966635,-0.008601445,0.008941111,train,-0.05526291
2022-03-25,SPY,0.007087657,0.008061926,0.00097426865,train,0.033369996
2022-03-25,TLT,0.008513459,0.0137789445,0.0052654855,train,0.03960288
2022-03-28,EFA,0.021928383,0.0389576,0.017029217,train,-0.009094561
2022-03-28,IWM,0.026419196,0.034123383,0.007704187,train,-0.008601445
2022-03-28,SPY,0.012295047,-0.020073209,0.032368258,train,0.008061926
2022-03-28,TLT,0.0075242193,0.016792573,0.009268354,train,0.0137789445
2022-03-29,EFA,-0.00413345,-0.048236948,0.044103496,train,0.0389576
2022-03-29,IWM,-0.020278916,-0.03766972,0.017390803,train,0.034123383
2022-03-29,SPY,-0.0061939387,-0.049779836,0.043585896,train,-0.020073209
2022-03-29,TLT,0.0077715027,0.0140045155,0.006233013,train,0.016792573
2022-03-30,EFA,-0.016707504,0.015439797,0.032147303,train,-0.048236948
2022-03-30,IWM,-0.010612248,0.03831448,0.04892673,train,-0.03766972
2022-03-30,SPY,-0.015511084,0.015032277,0.03054336,train,-0.049779836
2022-03-30,TLT,0.0024254902,0.0066432557,0.0042177653,train,0.0140045155
2022-03-31,EFA,0.009331413,0.1260044,0.116672985,test,0.015439797
2022-03-31,IWM,0.011142335,-0.0253985,0.036540836,test,0.03831448
2022-03-31,SPY,0.002830037,-0.032542847,0.035372883,test,0.015032277
2022-03-31,TLT,0.0037994955,0.023600098,0.019800602,test,0.0066432557
2022-04-01,EFA,0.0040300027,0.057106353,0.05307635,test,0.1260044
2022-04-01,IWM,0.0016367245,0.049449503,0.04781278,test,-0.0253985
2022-04-01,SPY,0.008530173,0.07307304,0.06454286,test,-0.032542847
2022-04-01,TLT,-0.0069738575,0.050560232,0.05753409,test,0.023600098
2022-04-04,EFA,-0.013632927,0.010891548,0.024524476,test,0.057106353
2022-04-04,IWM,-0.023948628,0.039254364,0.06320299,test,0.049449503
2022-04-04,SPY,-0.012711669,0.058088586,0.07080025,test,0.07307304
2022-04-04,TLT,-0.022851732,0.050797906,0.07364964,test,0.050560232
2022-04-05,EFA,-0.012032197,-0.019272447,0.00724025,test,0.010891548
2022-04-05,IWM,-0.014289323,-0.031260166,0.016970843,test,0.039254364
2022-04-05,SPY,-0.010049826,0.1216843,0.13173412,test,0.058088586
2022-04-05,TLT,-0.0081268735,-0.021267809,0.013140935,test,0.050797906
2022-04-06,EFA,0.0021985217,-0.017867021,0.020065542,test,-0.019272447
2022-04-06,IWM,-0.0032536369,0.015283602,0.018537238,test,-0.031260166
2022-04-06,SPY,0.005026358,0.07268318,0.06765682,test,0.1216843
2022-04-06,TLT,-0.0075608324,0.011520657,0.019081488,test,-0.021267809
2022-04-07,EFA,0.00041144123,0.02002719,0.019615749,test,-0.017867021
2022-04-07,IWM,-0.008003467,0.07159048,0.07959395,test,0.015283602
2022-04-07,SPY,-0.0026774409,0.088082634,0.090760075,test,0.07268318
2022-04-07,TLT,-0.01088999,0.017489545,0.028379535,test,0.011520657
2022-04-08,EFA,-0.010619786,0.009456576,0.02007636,test,0.02002719
2022-04-08,IWM,-0.006744222,0.09709121,0.10383543,test,0.07159048
2022-04-08,SPY,-0.017240116,0.060401425,0.07764154,test,0.088082634
2022-04-08,TLT,-0.015951203,-0.0034480812,0.012503122,test,0.017489545
2022-04-11,EFA,-0.007515709,0.048799723,0.056315433,test,0.009456576
2022-04-11,IWM,0.0031495907,0.08297854,0.07982895,test,0.09709121
2022-04-11,SPY,-0.0037120085,0.11662936,0.12034137,test,0.060401425
2022-04-11,TLT,-0.0013816573,-0.013483188,0.012101531,test,-0.0034480812
2022-04-12,EFA,0.010699714,0.031050425,0.020350711,test,0.048799723
2022-04-12,IWM,0.01884151,0.041382823,0.022541313,test,0.08297854
2022-04-12,SPY,0.011388453,0.017366476,0.0059780236,test,0.11662936
2022-04-12,TLT,0.0020309365,0.01355492,0.011523984,test,-0.013483188
2022-04-13,EFA,-0.0045716316,0.018053051,0.022624683,test,0.031050425
2022-04-13,IWM,-0.009753255,0.04438708,0.054140337,test,0.041382823
2022-04-13,SPY,-0.0125301145,-0.041735165,0.02920505,test,0.017366476
2022-04-13,TLT,-0.020249246,-0.021806821,0.0015575755,test,0.01355492
2022-04-14,EFA,-0.0058489246,0.034940008,0.040788934,test,0.018053051
2022-04-14,IWM,-0.006757802,0.024643958,0.03140176,test,0.04438708
2022-04-14,SPY,0.0004111015,0.065442376,0.065031275,test,-0.041735165
2022-04-14,TLT,-0.0049812193,-0.036400575,0.031419355,test,-0.021806821
2022-04-18,EFA,0.0047373865,0.039788596,0.03505121,test,0.034940008
2022-04-18,IWM,0.01974109,0.046848375,0.027107285,test,0.024643958
2022-04-18,SPY,0.016013773,0.012688168,0.0033256048,test,0.065442376
2022-04-18,TLT,-0.0075186263,-0.06117456,0.053655934,test,-0.036400575
2022-04-19,EFA,0.006650174,0.088640325,0.08199015,test,0.039788596
2022-04-19,IWM,0.0038130349,0.024391651,0.020578615,test,0.046848375
2022-04-19,SPY,-0.00074182346,-0.07021954,0.069477715,test,0.012688168
2022-04-19,TLT,0.019925928,0.01193313,0.0079927975,test,-0.06117456
2022-04-20,EFA,-0.010828938,0.051298156,0.062127095,test,0.088640325
2022-04-20,IWM,-0.022643737,0.023845058,0.046488795,test,0.024391651
2022-04-20,SPY,-0.015066499,0.029480975,0.044547476,test,-0.07021954
2022-04-20,TLT,-0.0074260826,0.02524715,0.032673232,test,0.01193313
2022-04-21,EFA,-0.016466385,0.031376123,0.04784251,test,0.051298156
2022-04-21,IWM,-0.02622576,-0.012575843,0.013649917,test,0.023845058
2022-04-21,SPY,-0.027822576,0.09257323,0.12039581,test,0.029480975
2022-04-21,TLT,-0.0063139265,0.014699901,0.021013828,test,0.02524715
2022-04-22,EFA,-0.004836631,0.09112666,0.09596329,test,0.031376123
2022-04-22,IWM,0.006053971,0.008321428,0.0022674566,test,-0.012575843
2022-04-22,SPY,0.0057809353,0.16607718,0.16029625,test,0.09257323
2022-04-22,TLT,0.009951081,0.012801599,0.0028505176,test,0.014699901
2022-04-25,EFA,-0.02834603,0.090998545,0.11934458,test,0.09112666
2022-04-25,IWM,-0.032026637,-0.02407676,0.0079498775,test,0.008321428
2022-04-25,SPY,-0.029388538,0.05347747,0.082866006,test,0.16607718
2022-04-25,TLT,0.010016747,0.03130812,0.021291371,test,0.012801599
2022-04-26,EFA,0.0045373435,0.11481781,0.11028047,test,0.090998545
2022-04-26,IWM,-0.0041632545,-0.019973468,0.015810214,test,-0.02407676
2022-04-26,SPY,0.0028078898,0.12005479,0.117246896,test,0.05347747
2022-04-26,TLT,-0.012908857,0.03583061,0.048739467,test,0.03130812
2022-04-27,EFA,0.014065233,0.09409884,0.08003361,test,0.11481781
2022-04-27,IWM,0.018494993,-0.0065771667,0.025072161,test,-0.019973468
2022-04-27,SPY,0.02494571,-0.055908557,0.08085427,test,0.12005479
2022-04-27,TLT,0.0014886428,0.0666356,0.06514696,test,0.03583061
2022-04-28,EFA,-0.011731515,0.042574357,0.054305874,test,0.09409884
2022-04-28,IWM,-0.029304335,-0.028084349,0.001219986,test,-0.0065771667
2022-04-28,SPY,-0.03765595,0.024218224,0.061874174,test,-0.055908557
2022-04-28,TLT,-0.013057875,0.027869187,0.040927064,test,0.0666356
2022-04-29,EFA,-0.0024799306,0.13056132,0.13304125,test,0.042574357
2022-04-29,IWM,0.010434731,-0.011300425,0.021735156,test,-0.028084349
2022-04-29,SPY,0.006001482,0.18898669,0.1829852,test,0.024218224
2022-04-29,TLT,-0.017485736,0.050721187,0.06820692,test,0.027869187
2022-05-02,EFA,0.00742098,0.057347696,0.049926717,test,0.13056132
2022-05-02,IWM,0.0085248025,-0.055548146,0.06407295,test,-0.011300425
2022-05-02,SPY,0.0045735715,0.119138554,0.114564985,test,0.18898669
2022-05-02,TLT,0.006718953,0.04013323,0.03341428,test,0.050721187
2022-05-03,EFA,0.017389197,-0.041480552,0.05886975,test,0.057347696
2022-05-03,IWM,0.026335804,-0.037769154,0.06410496,test,-0.055548146
2022-05-03,SPY,0.029998476,0.0744103,0.044411823,test,0.119138554
2022-05-03,TLT,0.005494667,0.021574873,0.016080206,test,0.04013323
2022-05-04,EFA,-0.032728124,0.015205466,0.04793359,test,-0.041480552
2022-05-04,IWM,-0.04140985,0.013368682,0.05477853,test,-0.037769154
2022-05-04,SPY,-0.036189936,0.06813171,0.10432164,test,0.0744103
2022-05-04,TLT,-0.02778055,0.01086205,0.0386426,test,0.021574873
2022-05-05,EFA,-0.009763407,0.06674167,0.07650507,test,0.015205466
2022-05-05,IWM,-0.01678258,0.01259726,0.029379841,test,0.013368682
2022-05-05,SPY,-0.0059867552,0.13476679,0.14075354,test,0.06813171
2022-05-05,TLT,-0.014844925,-0.01910755,0.0042626252,test,0.01086205
2022-05-06,EFA,-0.030641625,0.08641503,0.11705665,test,0.06674167
2022-05-06,IWM,-0.042974032,-0.009128417,0.033845615,test,0.01259726
2022-05-06,SPY,-0.032540992,0.121296965,0.15383795,test,0.13476679
2022-05-06,TLT,0.00875892,0.041200276,0.032441355,test,-0.01910755
2022-05-09,EFA,0.007482767,0.11057449,0.103091724,test,0.08641503
2022-05-09,IWM,0.00028613096,-0.017248642,0.017534772,test,-0.009128417
2022-05-09,SPY,0.00230776,0.12625305,0.123945296,test,0.121296965
2022-05-09,TLT,0.009028469,-0.0023309495,0.011359419,test,0.041200276
2022-05-10,EFA,-0.005950976,0.14702795,0.15297893,test,0.11057449
2022-05-10,IWM,-0.025178775,0.00640959,0.031588364,test,-0.017248642
2022-05-10,SPY,-0.016013809,0.077882074,0.09389588,test,0.12625305
2022-05-10,TLT,0.01908925,-0.0067656217,0.02585487,test,-0.0023309495
2022-05-11,EFA,-0.0024517945,0.05897742,0.061429217,test,0.14702795
2022-05-11,IWM,0.011655172,-0.062415916,0.07407109,test,0.00640959
2022-05-11,SPY,-0.0010444015,-0.0032036705,0.002159269,test,0.077882074
2022-05-11,TLT,-0.0018671498,-0.02571898,0.02385183,test,-0.0067656217
2022-05-12,EFA,0.027390618,0.0067588063,0.020631813,test,0.05897742
2022-05-12,IWM,0.031200036,-0.017968897,0.049168933,test,-0.062415916
2022-05-12,SPY,0.02362671,-0.045686718,0.06931343,test,-0.0032036705
2022-05-12,TLT,-0.0148910945,0.02792691,0.042818006,test,-0.02571898
2022-05-13,EFA,0.0008953502,0.034934763,0.03403941,test,0.0067588063
2022-05-13,IWM,-0.00478479,0.013643531,0.018428322,test,-0.017968897
2022-05-13,SPY,-0.0040658666,0.023464646,0.027530514,test,-0.045686718
2022-05-13,TLT,-0.0010353571,0.06827596,0.06931131,test,0.02792691
2022-05-16,EFA,0.018471172,-0.012987821,0.031458993,test,0.034934763
2022-05-16,IWM,0.030124899,-0.003192897,0.033317797,test,0.013643531
2022-05-16,SPY,0.020361766,0.0048035504,0.015558216,test,0.023464646
2022-05-16,TLT,-0.01215702,0.052593756,0.064750776,test,0.06827596
2022-05-17,EFA,-0.024154726,0.08580306,0.109957784,test,-0.012987821
2022-05-17,IWM,-0.035670172,0.09772412,0.13339429,test,-0.003192897
2022-05-17,SPY,-0.041146766,0.015580353,0.05672712,test,0.0048035504
2022-05-17,TLT,0.021093322,0.012056325,0.009036997,test,0.052593756
2022-05-18,EFA,0.0095537845,-0.031557363,0.04111115,test,0.08580306
2022-05-18,IWM,0.0016440043,-0.04145762,0.043101624,test,0.09772412
2022-05-18,SPY,-0.006143368,0.066379614,0.07252298,test,0.015580353
2022-05-18,TLT,0.0023925155,-0.010398558,0.012791074,test,0.012056325
2022-05-19,EFA,0.0068106973,0.103833444,0.09702275,test,-0.031557363
2022-05-19,IWM,-0.0025523847,0.04451113,0.047063515,test,-0.04145762
2022-05-19,SPY,0.0004364338,-0.04033595,0.040772382,test,0.066379614
2022-05-19,TLT,0.011286093,0.03634633,0.025060238,test,-0.010398558
2022-05-20,EFA,0.016826717,-0.00072739273,0.01755411,test,0.103833444
2022-05-20,IWM,0.012024162,-0.024446785,0.03647095,test,0.04451113
2022-05-20,SPY,0.018537179,-0.115493,0.13403018,test,-0.04033595
2022-05-20,TLT,-0.01659115,0.04651392,0.06310507,test,0.03634633
2022-05-23,EFA,-0.0015970909,0.006279622,0.007876713,test,-0.00072739273
2022-05-23,IWM,-0.01492475,0.00090545136,0.0158302,test,-0.024446785
2022-05-23,SPY,-0.00766296,-0.055968713,0.048305754,test,-0.115493
2022-05-23,TLT,0.019540362,0.10038833,0.08084797,test,0.04651392
2022-05-24,EFA,0.00029051868,0.03635081,0.03606029,test,0.006279622
2022-05-24,IWM,0.01783853,0.045764364,0.027925834,test,0.00090545136
2022-05-24,SPY,0.008796008,-0.053116772,0.061912782,test,-0.055968713
2022-05-24,TLT,0.003946079,-0.013743359,0.017689437,test,0.10038833
2022-05-25,EFA,0.010981039,0.038378198,0.02739716,test,0.03635081
2022-05-25,IWM,0.02207855,0.03211293,0.0100343805,test,0.045764364
2022-05-25,SPY,0.019784378,0.0061513046,0.013633073,test,-0.053116772
2022-05-25,TLT,-0.0045354627,0.0076526664,0.012188129,test,-0.013743359
2022-05-26,EFA,0.011998533,0.04933938,0.037340846,test,0.038378198
2022-05-26,IWM,0.026570363,0.008300406,0.018269956,test,0.03211293
2022-05-26,SPY,0.024252687,0.077676825,0.05342414,test,0.0061513046
2022-05-26,TLT,0.0024384202,-0.006355146,0.008793566,test,0.0076526664
2022-05-27,EFA,-0.005981117,0.009017771,0.014998889,test,0.04933938
2022-05-27,IWM,-0.01249509,0.0070698382,0.019564928,test,0.008300406
2022-05-27,SPY,-0.0056268377,0.16431016,0.169937,test,0.077676825
2022-05-27,TLT,-0.021389399,-8.229632e-05,0.021307103,test,-0.006355146
2022-05-31,EFA,-0.010626437,0.029284213,0.03991065,test,0.009017771
2022-05-31,IWM,-0.005682326,0.07458594,0.080268264,test,0.0070698382
2022-05-31,SPY,-0.008121359,0.10254074,0.110662095,test,0.16431016
2022-05-31,TLT,-0.0011437611,-0.15089278,0.14974901,test,-8.229632e-05
2022-06-01,EFA,0.020575244,0.020092351,0.00048289262,test,0.029284213
2022-06-01,IWM,0.024128621,0.046523258,0.022394637,test,0.07458594
2022-06-01,SPY,0.0188643,0.12943281,0.11056851,test,0.10254074
2022-06-01,TLT,0.00051608536,0.078030325,0.07751424,test,-0.15089278
2022-06-02,EFA,-0.014386771,-0.05253471,0.03814794,test,0.020092351
2022-06-02,IWM,-0.009047122,-0.073431276,0.064384155,test,0.046523258
2022-06-02,SPY,-0.016547637,0.10876918,0.12531681,test,0.12943281
2022-06-02,TLT,-0.0021520646,0.052417353,0.054569416,test,0.078030325
2022-06-03,EFA,0.0040093474,0.025236357,0.02122701,test,-0.05253471
2022-06-03,IWM,0.004320896,0.038082097,0.0337612,test,-0.073431276
2022-06-03,SPY,0.003040127,0.075767696,0.07272757,test,0.10876918
2022-06-03,TLT,-0.018615836,-0.023489852,0.004874015,test,0.052417353
2022-06-06,EFA,0.0029962815,-0.035504956,0.038501237,test,0.025236357
2022-06-06,IWM,0.015999446,-0.02036469,0.036364138,test,0.038082097
2022-06-06,SPY,0.009546469,0.045235,0.03568853,test,0.075767696
2022-06-06,TLT,0.010741927,-0.03691535,0.047657277,test,-0.023489852
2022-06-07,EFA,-0.014060684,0.003051783,0.017112467,test,-0.035504956
2022-06-07,IWM,-0.015573784,0.002850105,0.018423889,test,-0.02036469
2022-06-07,SPY,-0.010931664,0.10587758,0.11680924,test,0.045235
2022-06-07,TLT,-0.008900126,0.03323923,0.04213936,test,-0.03691535
2022-06-08,EFA,-0.021224042,0.016251346,0.03747539,test,0.003051783
2022-06-08,IWM,-0.020948047,0.045196634,0.06614468,test,0.002850105
2022-06-08,SPY,-0.02407015,0.043769337,0.06783949,test,0.10587758
2022-06-08,TLT,0.0033250332,0.022367485,0.019042451,test,0.03323923
2022-06-09,EFA,-0.024432482,-0.014969447,0.0094630355,test,0.016251346
2022-06-09,IWM,-0.027503429,-0.04078953,0.013286101,test,0.045196634
2022-06-09,SPY,-0.029424379,0.048854824,0.078279205,test,0.043769337
2022-06-09,TLT,-0.006221179,-0.018255167,0.012033988,test,0.022367485
2022-06-10,EFA,-0.033640493,0.0032562213,0.036896713,test,-0.014969447
2022-06-10,IWM,-0.04811837,-0.034603965,0.013514407,test,-0.04078953
2022-06-10,SPY,-0.03870774,0.04321469,0.08192243,test,0.048854824
2022-06-10,TLT,-0.03188202,-0.018963411,0.01291861,test,-0.018255167
2022-06-13,EFA,-0.0094771385,0.11192884,0.12140598,test,0.0032562213
2022-06-13,IWM,-0.004829401,0.017586727,0.022416128,test,-0.034603965
2022-06-13,SPY,-0.0030178686,0.09144262,0.09446049,test,0.04321469
2022-06-13,TLT,-0.01269349,0.033573788,0.04626728,test,-0.018963411
2022-06-14,EFA,0.018548572,0.06867373,0.05012516,test,0.11192884
2022-06-14,IWM,0.014535544,0.1824358,0.16790025,test,0.017586727
2022-06-14,SPY,0.014155685,-0.029843848,0.043999534,test,0.09144262
2022-06-14,TLT,0.018484406,0.13134027,0.11285586,test,0.033573788
2022-06-15,EFA,-0.022267554,0.20822054,0.23048809,test,0.06867373
2022-06-15,IWM,-0.047424097,0.16044979,0.20787388,test,0.1824358
2022-06-15,SPY,-0.03365607,-0.10371093,0.07005486,test,-0.029843848
2022-06-15,TLT,0.00790801,0.09651432,0.08860631,test,0.13134027
2022-06-16,EFA,-0.004058112,0.07777707,0.08183519,test,0.20822054
2022-06-16,IWM,0.0077795805,0.00021079648,0.007568784,test,0.16044979
2022-06-16,SPY,0.0021533915,-0.045166787,0.04732018,test,-0.10371093
2022-06-16,TLT,0.0032171244,0.054448586,0.051231463,test,0.09651432
2022-06-17,EFA,0.015013642,0.10356561,0.08855197,test,0.07777707
2022-06-17,IWM,0.017761143,0.06851209,0.05075095,test,0.00021079648
2022-06-17,SPY,0.024862017,-0.0745034,0.09936541,test,-0.045166787
2022-06-17,TLT,-0.017097354,0.052123595,0.069220945,test,0.054448586
2022-06-21,EFA,-0.0067525283,-0.023832832,0.017080303,test,0.10356561
2022-06-21,IWM,-0.0019049856,-0.061530124,0.059625138,test,0.06851209
2022-06-21,SPY,-0.0018146392,0.04575732,0.047571957,test,-0.0745034
2022-06-21,TLT,0.027129015,0.054390665,0.02726165,test,0.052123595
2022-06-22,EFA,-0.0011297882,-0.09248465,0.09135486,test,-0.023832832
2022-06-22,IWM,0.0119060315,-0.08896453,0.100870565,test,-0.061530124
2022-06-22,SPY,0.009754945,0.013081332,0.0033263871,test,0.04575732
2022-06-22,TLT,0.008181421,-0.040509578,0.048690997,test,0.054390665
2022-06-23,EFA,0.029439617,-0.07847001,0.10790962,test,-0.09248465
2022-06-23,IWM,0.030502222,-0.04503972,0.07554194,test,-0.08896453
2022-06-23,SPY,0.03129865,-0.049102206,0.080400854,test,0.013081332
2022-06-23,TLT,-0.013939463,0.018509869,0.03244933,test,-0.040509578
2022-06-24,EFA,-0.004242874,0.085255764,0.08949864,test,-0.07847001
2022-06-24,IWM,0.0037054953,-0.08690394,0.09060943,test,-0.04503972
2022-06-24,SPY,-0.003827005,0.03362351,0.037450515,test,-0.049102206
2022-06-24,TLT,-0.008565421,0.05435475,0.06292017,test,0.018509869
2022-06-27,EFA,-0.006794804,0.010794644,0.017589448,test,0.085255764
2022-06-27,IWM,-0.018956613,-0.061334852,0.04237824,test,-0.08690394
2022-06-27,SPY,-0.020644292,0.11912946,0.13977376,test,0.03362351
2022-06-27,TLT,0.00464878,0.034527395,0.029878614,test,0.05435475
2022-06-28,EFA,-0.0038124525,0.065137096,0.06894955,test,0.010794644
2022-06-28,IWM,-0.010200006,0.12719157,0.13739158,test,-0.061334852
2022-06-28,SPY,-0.00081496296,0.15933669,0.16015165,test,0.11912946
2022-06-28,TLT,0.015487678,0.0377516,0.022263922,test,0.034527395
2022-06-29,EFA,-0.0054261796,0.054184385,0.059610564,test,0.065137096
2022-06-29,IWM,-0.007822593,0.111450806,0.1192734,test,0.12719157
2022-06-29,SPY,-0.008157251,0.09956515,0.1077224,test,0.15933669
2022-06-29,TLT,0.008743584,0.035193287,0.026449703,test,0.0377516
2022-06-30,EFA,0.0023974774,0.053449214,0.051051736,test,0.054184385
2022-06-30,IWM,0.012031793,0.020568084,0.008536291,test,0.111450806
2022-06-30,SPY,0.010521025,0.054674137,0.044153113,test,0.09956515
2022-06-30,TLT,0.0102144005,-0.0020938637,0.012308264,test,0.035193287
