date,ticker,y_true,y_pred,abs_error,dataset_part,signal_for_trade
2016-09-28,EFA,-0.0125342095,0.02019947,0.03273368,train,
2016-09-28,IWM,-0.014704853,-0.028855259,0.014150405,train,
2016-09-28,SPY,-0.009088609,0.020318413,0.029407023,train,
2016-09-28,TLT,0.0025259105,-0.011807011,0.014332922,train,
2016-09-29,EFA,0.0078100436,-0.023953475,0.03176352,train,0.02019947
2016-09-29,IWM,0.010928146,-0.025242904,0.03617105,train,-0.028855259
2016-09-29,SPY,0.0075179986,-0.0019726339,0.009490632,train,0.020318413
2016-09-29,TLT,-0.008977047,-0.0064181336,0.0025589135,train,-0.011807011
2016-09-30,EFA,-0.0027096872,-0.032857005,0.030147318,train,-0.023953475
2016-09-30,IWM,-0.0031449986,0.002061836,0.0052068345,train,-0.025242904
2016-09-30,SPY,-0.0024070137,0.008907808,0.011314821,train,-0.0019726339
2016-09-30,TLT,-0.0033053933,0.012597933,0.015903328,train,-0.0064181336
2016-10-03,EFA,-0.00016973312,0.020226311,0.020396044,train,-0.032857005
2016-10-03,IWM,-0.0049384525,0.01775627,0.022694722,train,0.002061836
2016-10-03,SPY,-0.005110985,0.018178208,0.023289192,train,0.008907808
2016-10-03,TLT,-0.011764168,-0.010842951,0.0009212168,train,0.012597933
2016-10-04,EFA,0.004062428,-0.02115331,0.025215738,train,0.020226311
2016-10-04,IWM,0.0059880926,0.010382928,0.0043948353,train,0.01775627
2016-10-04,SPY,0.0044158115,0.00619597,0.0017801584,train,0.018178208
2016-10-04,TLT,-0.0046706665,0.018783417,0.023454083,train,-0.010842951
2016-10-05,EFA,-0.005419961,-0.0009447788,0.0044751824,train,-0.02115331
2016-10-05,IWM,-0.0010496401,0.012766624,0.0138162635,train,0.010382928
2016-10-05,SPY,0.0006951733,0.006845971,0.006150798,train,0.00619597
2016-10-05,TLT,-0.0055884398,0.009724524,0.015312964,train,0.018783417
2016-10-06,EFA,-0.005108172,-0.03477475,0.029666578,train,-0.0009447788
2016-10-06,IWM,-0.008027418,0.02405326,0.03208068,train,0.012766624
2016-10-06,SPY,-0.0034354457,0.005123274,0.008558719,train,0.006845971
2016-10-06,TLT,0.00067289063,0.014437575,0.013764684,train,0.009724524
2016-10-07,EFA,0.0028978137,-0.030459126,0.03335694,train,-0.03477475
2016-10-07,IWM,0.011896634,0.021098252,0.009201619,train,0.02405326
2016-10-07,SPY,0.005194971,0.002212457,0.002982514,train,0.005123274
2016-10-07,TLT,-0.0059170267,0.03334612,0.039263148,train,0.014437575
2016-10-10,EFA,-0.01422839,-0.022511879,0.008283489,train,-0.030459126
2016-10-10,IWM,-0.018430892,-0.0047825654,0.013648327,train,0.021098252
2016-10-10,SPY,-0.012709756,0.010901265,0.02361102,train,0.002212457
2016-10-10,TLT,-0.0022557094,0.011892678,0.014148388,train,0.03334612
2016-10-11,EFA,-0.00224721,0.022662302,0.024909513,train,-0.022511879
2016-10-11,IWM,-0.00081981916,0.0012881518,0.0021079709,train,-0.0047825654
2016-10-11,SPY,0.001311188,-0.012694964,0.014006152,train,0.010901265
2016-10-11,TLT,0.0009781361,0.038419697,0.037441563,train,0.011892678
2016-10-12,EFA,-0.0038138255,-0.0025570202,0.0012568054,train,0.022662302
2016-10-12,IWM,-0.008317969,0.009350702,0.017668672,train,0.0012881518
2016-10-12,SPY,-0.0032809079,-0.011645915,0.008365007,train,-0.012694964
2016-10-12,TLT,0.003753547,0.052888468,0.04913492,train,0.038419697
2016-10-13,EFA,0.0017352889,-0.008784464,0.010519752,train,-0.0025570202
2016-10-13,IWM,-0.0040605185,0.0011690455,0.005229564,train,0.009350702
2016-10-13,SPY,0.00051623234,0.0059088715,0.005392639,train,-0.011645915
2016-10-13,TLT,-0.01411092,0.0899379,0.104048826,train,0.052888468
2016-10-14,EFA,-0.0029519869,0.031304225,0.034256212,train,-0.008784464
2016-10-14,IWM,-0.0011632951,0.006257076,0.007420371,train,0.0011690455
2016-10-14,SPY,-0.003478398,0.0040806825,0.0075590806,train,0.0059088715
2016-10-14,TLT,0.00636294,0.018492118,0.012129177,train,0.0899379
2016-10-17,EFA,0.009864141,-0.0017889352,0.011653077,train,0.031304225
2016-10-17,IWM,0.0057197236,-0.021005394,0.026725117,train,0.006257076
2016-10-17,SPY,0.0062430734,-0.012177238,0.018420313,train,0.0040806825
2016-10-17,TLT,0.0032416126,0.03566247,0.032420855,train,0.018492118
2016-10-18,EFA,0.0027511928,0.052624032,0.049872838,train,-0.0017889352
2016-10-18,IWM,0.00420682,-0.009718278,0.013925098,train,-0.021005394
2016-10-18,SPY,0.0026633984,-0.012712443,0.015375841,train,-0.012177238
2016-10-18,TLT,0.0008279073,0.002989666,0.0021617587,train,0.03566247
2016-10-19,EFA,0.001544734,0.0035376004,0.0019928664,train,0.052624032
2016-10-19,IWM,-0.0029676233,-0.01179347,0.008825847,train,-0.009718278
2016-10-19,SPY,-0.0018683918,0.010736164,0.012604555,train,-0.012712443
2016-10-19,TLT,0.0010523382,0.0032123826,0.0021600444,train,0.002989666
2016-10-20,EFA,-0.002231693,-0.02158426,0.019352566,train,0.0035376004
2016-10-20,IWM,-0.00049550855,0.05585028,0.056345787,train,-0.01179347
2016-10-20,SPY,0.0004672389,-0.0065762014,0.0070434404,train,0.010736164
2016-10-20,TLT,0.0015011354,0.00059799803,0.0009031374,train,0.0032123826
2016-10-21,EFA,-0.0001717485,0.026908757,0.027080506,train,-0.02158426
2016-10-21,IWM,0.006339789,0.036162063,0.029822275,train,0.05585028
2016-10-21,SPY,0.004243785,-0.021860892,0.026104677,train,-0.0065762014
2016-10-21,TLT,-0.004360254,-0.037999235,0.03363898,train,0.00059799803
2016-10-24,EFA,-0.00068772276,0.014777591,0.0154653145,train,0.026908757
2016-10-24,IWM,-0.0074969316,0.005068991,0.012565922,train,0.036162063
2016-10-24,SPY,-0.0033558211,0.019024335,0.022380156,train,-0.021860892
2016-10-24,TLT,0.0026334822,-0.015290437,0.01792392,train,-0.037999235
2016-10-25,EFA,-0.004482068,0.015473248,0.019955317,train,0.014777591
2016-10-25,IWM,-0.009972528,-0.00013217377,0.009840354,train,0.005068991
2016-10-25,SPY,-0.0020099366,-0.0088388305,0.006828894,train,0.019024335
2016-10-25,TLT,-0.006785383,-0.021036034,0.014250651,train,-0.015290437
2016-10-26,EFA,-0.0012099161,0.014093187,0.015303103,train,0.015473248
2016-10-26,IWM,-0.011508357,0.0067655197,0.018273877,train,-0.00013217377
2016-10-26,SPY,-0.0026704685,-0.013718506,0.011048038,train,-0.0088388305
2016-10-26,TLT,-0.010953752,0.016633246,0.027586998,train,-0.021036034
2016-10-27,EFA,-0.0003463956,0.004588873,0.004935269,train,0.014093187
2016-10-27,IWM,-0.0027918813,-0.026619518,0.023827637,train,0.0067655197
2016-10-27,SPY,-0.002960023,-0.015058661,0.012098638,train,-0.013718506
2016-10-27,TLT,-0.0022211361,-0.02307809,0.020856954,train,0.016633246
2016-10-28,EFA,0.0005192432,0.009536037,0.009016794,train,0.004588873
2016-10-28,IWM,0.0039739893,-0.023110151,0.02708414,train,-0.026619518
2016-10-28,SPY,4.74621e-05,0.018467166,0.018419703,train,-0.015058661
2016-10-28,TLT,0.006114217,0.013690144,0.007575927,train,-0.02307809
2016-10-31,EFA,-0.0043330686,0.004892791,0.00922586,train,0.009536037
2016-10-31,IWM,-0.012311959,-0.029500121,0.017188162,train,-0.023110151
2016-10-31,SPY,-0.0072721425,-0.0051257494,0.002146393,train,0.018467166
2016-10-31,TLT,7.568845e-05,0.004840826,0.0047651376,train,0.013690144
2016-11-01,EFA,-0.0067975246,0.045666732,0.052464258,train,0.004892791
2016-11-01,IWM,-0.012810881,-0.02221139,0.009400508,train,-0.029500121
2016-11-01,SPY,-0.0060365354,-0.0068634213,0.0008268859,train,-0.0051257494
2016-11-01,TLT,0.004342179,-0.00708489,0.011427069,train,0.004840826
2016-11-02,EFA,-0.0010499475,0.043579046,0.044628993,train,0.045666732
2016-11-02,IWM,-0.004857941,-0.033314917,0.028456977,train,-0.02221139
2016-11-02,SPY,-0.004587228,0.0026080962,0.007195324,train,-0.0068634213
2016-11-02,TLT,-0.007705963,-0.0046752547,0.0030307085,train,-0.00708489
2016-11-03,EFA,-0.0096754795,0.04794776,0.05762324,train,0.043579046
2016-11-03,IWM,0.0064140735,-0.03074325,0.037157323,train,-0.033314917
2016-11-03,SPY,-0.0011024952,-0.04811132,0.047008824,train,0.0026080962
2016-11-03,TLT,0.008921005,-0.03174607,0.040667076,train,-0.0046752547
2016-11-04,EFA,0.01369391,0.034196306,0.020502396,train,0.04794776
2016-11-04,IWM,0.02415713,0.013694609,0.010462521,train,-0.03074325
2016-11-04,SPY,0.021817226,-0.050603386,0.07242061,train,-0.04811132
2016-11-04,TLT,-0.008538652,-0.0035453145,0.0049933377,train,-0.03174607
2016-11-07,EFA,0.002786211,-0.0006616735,0.0034478845,train,0.034196306
2016-11-07,IWM,0.002611017,0.023524461,0.020913444,train,0.013694609
2016-11-07,SPY,0.0044938903,-0.006989109,0.011482999,train,-0.050603386
2016-11-07,TLT,-0.0040652873,-0.0027142852,0.0013510021,train,-0.0035453145
2016-11-08,EFA,0.0008690575,-0.0116625745,0.012531632,train,-0.0006616735
2016-11-08,IWM,0.030323017,0.036366794,0.006043777,train,0.023524461
2016-11-08,SPY,0.010546101,0.025074467,0.014528366,train,-0.006989109
2016-11-08,TLT,-0.043358527,0.041743156,0.08510168,train,-0.0027142852
2016-11-09,EFA,-0.0027836994,0.0152932685,0.018076967,train,-0.0116625745
2016-11-09,IWM,0.015868358,-0.0829992,0.09886756,train,0.036366794
2016-11-09,SPY,0.0024923796,0.072041385,0.069549,train,0.025074467
2016-11-09,TLT,-0.014881376,0.0057722977,0.020653674,train,0.041743156
2016-11-10,EFA,-0.0061159353,0.014131313,0.020247249,train,0.0152932685
2016-11-10,IWM,0.022712125,-0.03918891,0.061901033,train,-0.0829992
2016-11-10,SPY,-0.00230747,0.007350493,0.009657963,train,0.072041385
2016-11-10,TLT,-0.0056374827,0.025173819,0.030811302,train,0.0057722977
2016-11-11,EFA,-0.00544901,-0.016538905,0.011089895,train,0.014131313
2016-11-11,IWM,0.013956637,-0.042440966,0.056397602,train,-0.03918891
2016-11-11,SPY,0.0007849736,0.002503755,0.0017187814,train,0.007350493
2016-11-11,TLT,-0.006000329,0.03890146,0.04490179,train,0.025173819
2016-11-14,EFA,0.004396492,0.02314142,0.018744927,train,-0.016538905
2016-11-14,IWM,0.0030925015,-0.060001623,0.063094124,train,-0.042440966
2016-11-14,SPY,0.007772416,-0.0027198023,0.010492219,train,0.002503755
2016-11-14,TLT,0.0049341433,0.051723063,0.04678892,train,0.03890146
2016-11-15,EFA,-0.010583789,-0.023601955,0.013018166,train,0.02314142
2016-11-15,IWM,-7.749941e-05,-0.025278265,0.025200766,train,-0.060001623
2016-11-15,SPY,-0.0018800976,-0.012462523,0.010582426,train,-0.0027198023
2016-11-15,TLT,0.008982872,0.019213524,0.010230652,train,0.051723063
2016-11-16,EFA,0.00759635,0.021469204,0.013872854,train,-0.023601955
2016-11-16,IWM,0.0058498355,-0.022891317,0.028741151,train,-0.025278265
2016-11-16,SPY,0.0051276633,-0.014214698,0.019342361,train,-0.012462523
2016-11-16,TLT,-0.014823783,0.06700148,0.08182526,train,0.019213524
2016-11-17,EFA,-0.010971549,-0.031059297,0.020087749,train,0.021469204
2016-11-17,IWM,0.0052818055,-0.04045946,0.045741268,train,-0.022891317
2016-11-17,SPY,-0.0022398697,-0.066272296,0.06403243,train,-0.014214698
2016-11-17,TLT,-0.002891784,0.017896583,0.020788368,train,0.06700148
2016-11-18,EFA,0.008504669,0.004212831,0.004291838,train,-0.031059297
2016-11-18,IWM,0.004646014,-0.06883652,0.07348253,train,-0.04045946
2016-11-18,SPY,0.0075228284,-0.005116627,0.0126394555,train,-0.066272296
2016-11-18,TLT,0.0024793816,0.08943073,0.086951345,train,0.017896583
2016-11-21,EFA,0.0024668798,-0.016441746,0.018908625,train,0.004212831
2016-11-21,IWM,0.009077421,-0.06854223,0.07761965,train,-0.06883652
2016-11-21,SPY,0.0019513913,0.0045807706,0.0026293793,train,-0.005116627
2016-11-21,TLT,-0.00033028904,0.04819239,0.048522677,train,0.08943073
2016-11-22,EFA,-0.003526183,-0.009733839,0.006207656,train,-0.016441746
2016-11-22,IWM,0.006230181,-0.09001536,0.09624554,train,-0.06854223
2016-11-22,SPY,0.0005439085,0.021322453,0.020778544,train,0.0045807706
2016-11-22,TLT,-0.0038884967,0.105794884,0.10968338,train,0.04819239
2016-11-23,EFA,0.0029980654,0.0037975884,0.00079952297,train,-0.009733839
2016-11-23,IWM,0.0032875335,-0.074156635,0.077444166,train,-0.09001536
2016-11-23,SPY,0.0037083444,0.024233552,0.020525208,train,0.021322453
2016-11-23,TLT,0.0014906124,0.007741935,0.0062513226,train,0.105794884
2016-11-25,EFA,-0.0052966634,-0.020988878,0.015692215,train,0.0037975884
2016-11-25,IWM,-0.01306367,-0.053431157,0.040367488,train,-0.074156635
2016-11-25,SPY,-0.0047057495,0.018695146,0.023400895,train,0.024233552
2016-11-25,TLT,0.00733999,0.02329275,0.01595276,train,0.007741935
2016-11-28,EFA,0.0063526197,0.035310525,0.028957905,train,-0.020988878
2016-11-28,IWM,-0.00052862236,-0.025251554,0.024722932,train,-0.053431157
2016-11-28,SPY,0.0019484734,0.0028114845,0.0008630111,train,0.018695146
2016-11-28,TLT,0.0041812877,-0.056125645,0.060306933,train,0.02329275
2016-11-29,EFA,-0.0010559567,-0.024513723,0.023457767,train,0.035310525
2016-11-29,IWM,-0.0049270145,0.014477376,0.01940439,train,-0.025251554
2016-11-29,SPY,-0.0024020954,0.0152635295,0.017665625,train,0.0028114845
2016-11-29,TLT,-0.016332723,0.051665526,0.067998245,train,-0.056125645
2016-11-30,EFA,-0.0038814684,-0.013067251,0.009185783,train,-0.024513723
2016-11-30,IWM,-0.004874423,-0.025331972,0.020457549,train,0.014477376
2016-11-30,SPY,-0.0036821829,0.0071407724,0.0108229555,train,0.0152635295
2016-11-30,TLT,-0.0106145805,0.051925812,0.06254039,train,0.051665526
2016-12-01,EFA,0.002471671,0.011337295,0.008865625,train,-0.013067251
2016-12-01,IWM,-0.0005350969,-0.009855067,0.00931997,train,-0.025331972
2016-12-01,SPY,0.0005008937,0.018121634,0.01762074,train,0.0071407724
2016-12-01,TLT,0.0073006493,0.05536636,0.04806571,train,0.051925812
2016-12-02,EFA,0.00982657,-0.0076893275,0.017515898,train,0.011337295
2016-12-02,IWM,0.017042646,0.039867774,0.022825127,train,-0.009855067
2016-12-02,SPY,0.0059906743,-0.010618532,0.016609207,train,0.018121634
2016-12-02,TLT,-0.0010877289,-0.007847698,0.0067599695,train,0.05536636
2016-12-05,EFA,0.006786703,-0.001993219,0.0087799225,train,-0.0076893275
2016-12-05,IWM,0.010757193,0.08263961,0.07188242,train,0.039867774
2016-12-05,SPY,0.0031623982,0.0012201024,0.0019422958,train,-0.010618532
2016-12-05,TLT,-0.00075390824,-0.019800449,0.019046541,train,-0.007847698
2016-12-06,EFA,0.014804864,-0.008827977,0.023632841,train,-0.001993219
2016-12-06,IWM,0.0096860705,0.036860637,0.027174566,train,0.08263961
2016-12-06,SPY,0.012995981,0.009896634,0.0030993465,train,0.0012201024
2016-12-06,TLT,0.008508245,-0.008684071,0.017192315,train,-0.019800449
2016-12-07,EFA,-0.00085479487,-0.025554398,0.024699602,train,-0.008827977
2016-12-07,IWM,0.0156238815,0.010317893,0.0053059887,train,0.036860637
2016-12-07,SPY,0.002445842,-0.022187486,0.024633327,train,0.009896634
2016-12-07,TLT,-0.011863937,0.018844279,0.030708216,train,-0.008684071
2016-12-08,EFA,0.0042664288,-0.0066873743,0.010953803,train,-0.025554398
2016-12-08,IWM,0.001954336,-0.051124293,0.05307863,train,0.010317893
2016-12-08,SPY,0.0060223844,-0.0011654128,0.007187797,train,-0.022187486
2016-12-08,TLT,-0.012517426,-0.017373921,0.004856495,train,0.018844279
2016-12-09,EFA,-0.004437441,-0.0004029218,0.004034519,train,-0.0066873743
2016-12-09,IWM,-0.010611807,-0.04022021,0.029608402,train,-0.051124293
2016-12-09,SPY,-0.0011487312,-0.011985468,0.010836736,train,-0.0011654128
2016-12-09,TLT,0.0018706567,0.008824149,0.0069534923,train,-0.017373921
2016-12-12,EFA,0.010718848,-0.005368252,0.0160871,train,-0.0004029218
2016-12-12,IWM,7.266953e-05,0.003583076,0.0035104065,train,-0.04022021
2016-12-12,SPY,0.0066516325,0.0049447245,0.001706908,train,-0.011985468
2016-12-12,TLT,0.003561088,0.02846924,0.024908151,train,0.008824149
2016-12-13,EFA,-0.014832718,-0.026424622,0.011591904,train,-0.005368252
2016-12-13,IWM,-0.012573404,-0.0019747778,0.010598626,train,0.003583076
2016-12-13,SPY,-0.008288354,-0.026444348,0.018155994,train,0.0049447245
2016-12-13,TLT,-0.011235722,0.028308578,0.0395443,train,0.02846924
2016-12-14,EFA,-0.0022354438,-0.001758384,0.00047705974,train,-0.026424622
2016-12-14,IWM,0.0074456725,-0.0010079821,0.008453654,train,-0.0019747778
2016-12-14,SPY,0.0041087572,0.020866444,0.016757688,train,-0.026444348
2016-12-14,TLT,0.005037844,0.039786935,0.03474909,train,0.028308578
2016-12-15,EFA,0.0006884013,0.0148459505,0.0141575495,train,-0.001758384
2016-12-15,IWM,-0.0018377281,-0.02269473,0.020857,train,-0.0010079821
2016-12-15,SPY,-0.0019575746,-0.021353407,0.019395832,train,0.020866444
2016-12-15,TLT,-0.0023025174,0.011607917,0.013910434,train,0.039786935
2016-12-16,EFA,-0.0015493527,0.0133160595,0.014865412,train,0.0148459505
2016-12-16,IWM,0.0065271654,-0.031238234,0.0377654,train,-0.02269473
2016-12-16,SPY,0.0021748554,0.00017777132,0.0019970841,train,-0.021353407
2016-12-16,TLT,0.010699373,0.041796554,0.031097181,train,0.011607917
2016-12-19,EFA,0.0034398865,0.025163619,0.021723732,train,0.0133160595
2016-12-19,IWM,0.008443451,-0.019340826,0.027784277,train,-0.031238234
2016-12-19,SPY,0.0038501413,-0.0012673861,0.005117527,train,0.00017777132
2016-12-19,TLT,-0.004995948,0.015915444,0.020911392,train,0.041796554
2016-12-20,EFA,0.0002773392,0.037597317,0.037319977,train,0.025163619
2016-12-20,IWM,-0.006544854,-0.020142432,0.013597578,train,-0.019340826
2016-12-20,SPY,-0.002786304,-0.013617909,0.010831605,train,-0.0012673861
2016-12-20,TLT,0.004403741,0.021701803,0.017298061,train,0.015915444
2016-12-21,EFA,-0.0022570416,0.019085146,0.021342188,train,0.037597317
2016-12-21,IWM,-0.008660354,0.025463557,0.034123912,train,-0.020142432
2016-12-21,SPY,-0.0017292713,0.005769989,0.0074992604,train,-0.013617909
2016-12-21,TLT,-0.0017894092,0.0218349,0.02362431,train,0.021701803
2016-12-22,EFA,0.0026041267,0.014071291,0.011467164,train,0.019085146
2016-12-22,IWM,0.005306661,0.021581242,0.01627458,train,0.025463557
2016-12-22,SPY,0.0014632619,0.0016051936,0.0001419317,train,0.005769989
2016-12-22,TLT,0.0020357606,0.032887053,0.030851291,train,0.0218349
2016-12-23,EFA,-0.001214242,0.028885484,0.030099725,train,0.014071291
2016-12-23,IWM,0.0044742487,0.020078985,0.015604736,train,0.021581242
2016-12-23,SPY,0.0024779292,0.006845971,0.0043680416,train,0.0016051936
2016-12-23,TLT,-0.003224522,0.004503203,0.0077277254,train,0.032887053
2016-12-27,EFA,-0.0038261018,0.03497571,0.03880181,train,0.028885484
2016-12-27,IWM,-0.010298318,0.0053563835,0.015654702,train,0.020078985
2016-12-27,SPY,-0.00829894,0.0031377708,0.011436711,train,0.006845971
2016-12-27,TLT,0.0072823255,0.020088235,0.012805909,train,0.004503203
2016-12-28,EFA,0.0024362172,0.03943878,0.037002563,train,0.03497571
2016-12-28,IWM,0.00088702847,0.011854537,0.010967508,train,0.0053563835
2016-12-28,SPY,-0.00022269577,0.012297643,0.012520339,train,0.0031377708
2016-12-28,TLT,0.003536997,-0.030272832,0.03380983,train,0.020088235
2016-12-29,EFA,0.0034704048,0.017461248,0.013990843,train,0.03943878
2016-12-29,IWM,-0.0038486822,-0.009979386,0.0061307037,train,0.011854537
2016-12-29,SPY,-0.00366167,-0.000502639,0.003159031,train,0.012297643
2016-12-29,TLT,0.0015119638,0.010548515,0.009036551,train,-0.030272832
2016-12-30,EFA,0.006216659,0.10223203,0.09601537,train,0.017461248
2016-12-30,IWM,0.004956031,-0.019589217,0.024545249,train,-0.009979386
2016-12-30,SPY,0.007621076,-0.012019657,0.019640733,train,-0.000502639
2016-12-30,TLT,0.004271894,0.004791235,0.00051934086,train,0.010548515
2017-01-03,EFA,0.0112976525,0.057293672,0.045996018,train,0.10223203
2017-01-03,IWM,0.016538871,0.007391038,0.009147834,train,-0.019589217
2017-01-03,SPY,0.005931455,-0.003657362,0.009588817,train,-0.012019657
2017-01-03,TLT,0.0038378402,-0.009513142,0.013350982,train,0.004791235
2017-01-04,EFA,0.00847472,0.016371293,0.007896573,train,0.057293672
2017-01-04,IWM,-0.011607408,-0.022074407,0.010466999,train,0.007391038
2017-01-04,SPY,-0.00079484086,0.0011260873,0.0019209281,train,-0.003657362
2017-01-04,TLT,0.015532267,-0.041561153,0.05709342,train,-0.009513142
2017-01-05,EFA,-0.003381308,0.01805949,0.021440798,train,0.016371293
2017-01-05,IWM,-0.0036776427,-0.015069241,0.011391598,train,-0.022074407
2017-01-05,SPY,0.003571509,0.0008414639,0.002730045,train,0.0011260873
2017-01-05,TLT,-0.00922435,-0.056073543,0.04684919,train,-0.041561153
2017-01-06,EFA,-0.0015253183,-0.0036317953,0.002106477,train,0.01805949
2017-01-06,IWM,-0.0065808357,-0.00017347978,0.006407356,train,-0.015069241
2017-01-06,SPY,-0.0033064657,0.0016391901,0.004945656,train,0.0008414639
2017-01-06,TLT,0.007993789,-0.019143084,0.027136873,train,-0.056073543
2017-01-09,EFA,0.00016968878,-0.0115784,0.0117480885,train,-0.0036317953
2017-01-09,IWM,0.009524433,-0.026575556,0.03609999,train,-0.00017347978
2017-01-09,SPY,0.0,-0.005310265,0.005310265,train,0.0016391901
2017-01-09,TLT,-0.0006570257,-0.049650732,0.048993707,train,-0.019143084
2017-01-10,EFA,0.005242922,-0.012560336,0.017803257,train,-0.0115784
2017-01-10,IWM,0.0017617072,-0.029089535,0.030851241,train,-0.026575556
2017-01-10,SPY,0.002822143,-0.026273495,0.029095639,train,-0.005310265
2017-01-10,TLT,0.0033618582,-0.013775775,0.017137634,train,-0.049650732
2017-01-11,EFA,0.0015170068,-0.00425092,0.0057679266,train,-0.012560336
2017-01-11,IWM,-0.0077316887,-0.0127632525,0.005031564,train,-0.029089535
2017-01-11,SPY,-0.0025131316,-0.0042734626,0.001760331,train,-0.026273495
2017-01-11,TLT,-0.0022124269,-0.046586152,0.044373725,train,-0.013775775
2017-01-12,EFA,0.0036989886,0.004732746,0.0010337576,train,-0.00425092
2017-01-12,IWM,0.0072182408,-0.015832007,0.023050249,train,-0.0127632525
2017-01-12,SPY,0.0022930838,-0.0034685466,0.0057616304,train,-0.0042734626
2017-01-12,TLT,-0.004769756,0.017761065,0.02253082,train,-0.046586152
2017-01-13,EFA,-0.0036989886,0.006919649,0.010618637,train,0.004732746
2017-01-13,IWM,-0.013670239,-0.019412132,0.0057418933,train,-0.015832007
2017-01-13,SPY,-0.0035298588,0.0014659702,0.004995829,train,-0.0034685466
2017-01-13,TLT,0.0104145,0.033728823,0.023314323,train,0.017761065
2017-01-17,EFA,-0.0028671203,0.0007023942,0.0035695145,train,0.006919649
2017-01-17,IWM,0.0032685294,-0.027993964,0.031262495,train,-0.019412132
2017-01-17,SPY,0.0022073106,-0.0011561676,0.0033634782,train,0.0014659702
2017-01-17,TLT,-0.012890103,-0.037421938,0.024531834,train,0.033728823
2017-01-18,EFA,-0.0025371786,0.014884075,0.017421253,train,0.0007023942
2017-01-18,IWM,-0.008190771,-0.0051047397,0.003086031,train,-0.027993964
2017-01-18,SPY,-0.003711235,0.0012402432,0.004951478,train,-0.0011561676
2017-01-18,TLT,-0.006883032,-0.0009777867,0.0059052454,train,-0.037421938
2017-01-19,EFA,0.0057413047,0.026476586,0.020735282,train,0.014884075
2017-01-19,IWM,0.0051458245,0.015097896,0.009952071,train,-0.0051047397
2017-01-19,SPY,0.0036673169,-0.001679026,0.005346343,train,0.0012402432
2017-01-19,TLT,-0.0019989884,0.018302338,0.020301327,train,-0.0009777867
2017-01-20,EFA,0.0025225044,0.028445685,0.025923181,train,0.026476586
2017-01-20,IWM,-0.004174104,-0.0059359088,0.0017618048,train,0.015097896
2017-01-20,SPY,-0.0026053463,-0.0023216964,0.0002836499,train,-0.001679026
2017-01-20,TLT,0.009954897,0.020308377,0.0103534805,train,0.018302338
2017-01-23,EFA,0.00251599,0.008265419,0.0057494286,train,0.028445685
2017-01-23,IWM,0.015195861,-0.018597798,0.033793658,train,-0.0059359088
2017-01-23,SPY,0.006391151,-0.015345413,0.021736564,train,-0.0023216964
2017-01-23,TLT,-0.006874727,-0.016642408,0.009767681,train,0.020308377
2017-01-24,EFA,0.010333575,0.008196721,0.0021368545,train,0.008265419
2017-01-24,IWM,0.0093727,-0.054539315,0.06391202,train,-0.018597798
2017-01-24,SPY,0.008618293,0.0010164473,0.007601846,train,-0.015345413
2017-01-24,TLT,-0.012630277,0.016415315,0.029045593,train,-0.016642408
2017-01-25,EFA,-0.0039874953,-0.006835991,0.0028484957,train,0.008196721
2017-01-25,IWM,-0.004016687,-0.013182016,0.009165329,train,-0.054539315
2017-01-25,SPY,-0.0010459112,0.0038383605,0.004884272,train,0.0010164473
2017-01-25,TLT,0.0033616559,-0.0057420884,0.009103744,train,0.016415315
2017-01-26,EFA,-0.0016660636,-0.000115646515,0.001550417,train,-0.006835991
2017-01-26,IWM,-0.0034453287,-0.019014677,0.015569348,train,-0.013182016
2017-01-26,SPY,-0.0015712286,-0.0033795456,0.001808317,train,0.0038383605
2017-01-26,TLT,0.003600066,0.016575739,0.012975672,train,-0.0057420884
2017-01-27,EFA,-0.007196007,0.004191469,0.011387476,train,-0.000115646515
2017-01-27,IWM,-0.014048754,-0.009989154,0.0040596006,train,-0.019014677
2017-01-27,SPY,-0.0062209503,-0.006053223,0.00016772747,train,-0.0033795456
2017-01-27,TLT,-0.0030134679,0.006547933,0.009561401,train,0.016575739
2017-01-30,EFA,0.001510387,0.016629396,0.015119009,train,0.004191469
2017-01-30,IWM,0.0069749877,-0.014397807,0.021372795,train,-0.009989154
2017-01-30,SPY,-8.7761786e-05,-0.024714613,0.024626851,train,-0.006053223
2017-01-30,TLT,0.006935121,0.0152942445,0.008359123,train,0.006547933
2017-01-31,EFA,0.0040168595,0.003007596,0.0010092636,train,0.016629396
2017-01-31,IWM,-0.0005917929,0.007264936,0.0078567285,train,-0.014397807
2017-01-31,SPY,0.00039544815,0.0028895047,0.0024940565,train,-0.024714613
2017-01-31,TLT,-0.006202419,-0.014051033,0.007848615,train,0.0152942445
2017-02-01,EFA,0.00050107896,0.003983837,0.003482758,train,0.003007596
2017-02-01,IWM,-0.0025187489,-0.0029808567,0.00046210783,train,0.007264936
2017-02-01,SPY,0.00065888773,-0.0033835587,0.0040424466,train,0.0028895047
2017-02-01,TLT,-0.00042012794,-0.033583414,0.033163287,train,-0.014051033
2017-02-02,EFA,0.0039985394,-0.013743836,0.017742377,train,0.003983837
2017-02-02,IWM,0.015165313,-0.015808664,0.030973978,train,-0.0029808567
2017-02-02,SPY,0.00686895,-0.007317823,0.014186773,train,-0.0033835587
2017-02-02,TLT,-0.00042005721,-0.0074404203,0.007020363,train,-0.033583414
2017-02-03,EFA,-0.007175592,-0.011836745,0.004661153,train,-0.013743836
2017-02-03,IWM,-0.0075538456,-0.0041300585,0.0034237872,train,-0.015808664
2017-02-03,SPY,-0.0017892475,0.0030093957,0.0047986433,train,-0.007317823
2017-02-03,TLT,0.006032456,-0.017676966,0.023709422,train,-0.0074404203
2017-02-06,EFA,-0.0010054332,-0.004161118,0.003155685,train,-0.011836745
2017-02-06,IWM,-0.004426866,-0.025520118,0.021093253,train,-0.0041300585
2017-02-06,SPY,4.3728993e-05,-0.00091010844,0.0009538374,train,0.0030093957
2017-02-06,TLT,0.007323841,-0.015292311,0.022616152,train,-0.017676966
2017-02-07,EFA,0.0016749937,-0.00405338,0.0057283733,train,-0.004161118
2017-02-07,IWM,-0.0017759186,-0.00021965755,0.0015562611,train,-0.025520118
2017-02-07,SPY,0.0013095975,-0.004582551,0.0058921482,train,-0.00091010844
2017-02-07,TLT,0.013506665,-0.008933686,0.022440352,train,-0.015292311
2017-02-08,EFA,0.004175251,0.020891158,0.016715907,train,-0.00405338
2017-02-08,IWM,0.01397557,-0.0031984807,0.01717405,train,-0.00021965755
2017-02-08,SPY,0.0059153186,0.0010153842,0.0048999344,train,-0.004582551
2017-02-08,TLT,-0.0116017945,-0.005778454,0.0058233407,train,-0.008933686
2017-02-09,EFA,0.0023307805,2.5203917e-05,0.0023055766,train,0.020891158
2017-02-09,IWM,0.007568064,0.0058174264,0.0017506378,train,-0.0031984807
2017-02-09,SPY,0.0039381017,0.006434113,0.002496011,train,0.0010153842
2017-02-09,TLT,-0.00057956047,-0.007198691,0.0066191303,train,-0.005778454
2017-02-10,EFA,0.00398278,-0.0012220782,0.0052048583,train,2.5203917e-05
2017-02-10,IWM,0.0026068857,0.012681702,0.010074817,train,0.0058174264
2017-02-10,SPY,0.005428101,0.006845971,0.0014178702,train,0.006434113
2017-02-10,TLT,-0.0031511865,0.014842536,0.017993722,train,-0.007198691
2017-02-13,EFA,-0.0014917774,0.0043324768,0.005824254,train,-0.0012220782
2017-02-13,IWM,0.0033204285,0.011446381,0.008125952,train,0.012681702
2017-02-13,SPY,0.00398729,0.0082762735,0.0042889835,train,0.006845971
2017-02-13,TLT,-0.007253634,0.016763425,0.024017058,train,0.014842536
2017-02-14,EFA,0.0038074935,-0.01906939,0.022876885,train,0.0043324768
2017-02-14,IWM,0.0059635276,-0.000402397,0.0063659246,train,0.011446381
2017-02-14,SPY,0.005206699,0.004171637,0.0010350621,train,0.0082762735
2017-02-14,TLT,-0.0046128277,0.019233411,0.023846239,train,0.016763425
2017-02-15,EFA,0.002310777,-0.002800251,0.005111028,train,-0.01906939
2017-02-15,IWM,-0.0027977328,-0.033239104,0.030441372,train,-0.000402397
2017-02-15,SPY,-0.0008516856,0.0010012896,0.0018529752,train,0.004171637
2017-02-15,TLT,0.0054490184,-0.00871532,0.014164339,train,0.019233411
2017-02-16,EFA,-0.0026411596,-0.0011799806,0.001461179,train,-0.002800251
2017-02-16,IWM,-0.00064665865,-0.011409156,0.010762498,train,-0.033239104
2017-02-16,SPY,0.0015751271,0.006845971,0.005270844,train,0.0010012896
2017-02-16,TLT,0.005918223,0.027284995,0.021366771,train,-0.00871532
2017-02-17,EFA,0.00330032,0.011868609,0.008568289,train,-0.0011799806
2017-02-17,IWM,0.0078046126,0.0033666757,0.004437937,train,-0.011409156
2017-02-17,SPY,0.005937291,0.009144063,0.0032067723,train,0.006845971
2017-02-17,TLT,-0.0017464991,-0.009597382,0.007850883,train,0.027284995
2017-02-21,EFA,0.0,0.008405292,0.008405292,train,0.011868609
2017-02-21,IWM,-0.0044315443,-0.013421729,0.008990185,train,0.0033666757
2017-02-21,SPY,-0.00088809954,-0.007165139,0.0062770396,train,0.009144063
2017-02-21,TLT,0.0016635841,0.0022122976,0.0005487135,train,-0.009597382
2017-02-22,EFA,0.0021392135,-0.0009173029,0.0030565164,train,0.008405292
2017-02-22,IWM,-0.005964324,0.0044473233,0.010411647,train,-0.013421729
2017-02-22,SPY,0.0006767153,0.011647202,0.010970486,train,-0.007165139
2017-02-22,TLT,0.002987934,-0.022647131,0.025635066,train,0.0022122976
2017-02-23,EFA,-0.0072594164,0.010966718,0.018226136,train,-0.0009173029
2017-02-23,IWM,-0.0007212984,-0.00030664587,0.00041465252,train,0.0044473233
2017-02-23,SPY,0.0012680083,0.0053207064,0.004052698,train,0.011647202
2017-02-23,TLT,0.011043624,-0.022292424,0.033336047,train,-0.022647131
2017-02-24,EFA,0.0006622716,-0.0057208226,0.006383094,train,0.010966718
2017-02-24,IWM,0.009689901,0.004549888,0.005140013,train,-0.00030664587
2017-02-24,SPY,0.001561475,0.006845971,0.005284496,train,0.0053207064
2017-02-24,TLT,-0.0059186546,-0.006041058,0.00012240326,train,-0.022292424
2017-02-27,EFA,-0.0014906249,-0.005964291,0.0044736657,train,-0.0057208226
2017-02-27,IWM,-0.015548961,-0.0032865969,0.012262365,train,0.004549888
2017-02-27,SPY,-0.0027026176,0.007666145,0.010368763,train,0.006845971
2017-02-27,TLT,0.0037032117,-0.03763918,0.04134239,train,-0.006041058
2017-02-28,EFA,0.0103868665,0.016869696,0.0064828293,train,-0.005964291
2017-02-28,IWM,0.018116867,-0.013090797,0.031207664,train,-0.0032865969
2017-02-28,SPY,0.013900517,0.012696721,0.0012037959,train,0.007666145
2017-02-28,TLT,-0.016898695,0.00054229517,0.01744099,train,-0.03763918
2017-03-01,EFA,-0.006582192,-0.022097478,0.015515286,train,0.016869696
2017-03-01,IWM,-0.011536509,-0.012452964,0.00091645494,train,-0.013090797
2017-03-01,SPY,-0.0063171354,-0.052830752,0.046513617,train,0.012696721
2017-03-01,TLT,-0.0036056424,-0.023634097,0.020028453,train,0.00054229517
2017-03-02,EFA,0.005925788,-0.006555664,0.012481452,train,-0.022097478
2017-03-02,IWM,-0.0007212984,0.0034473008,0.004168599,train,-0.012452964
2017-03-02,SPY,0.00062907685,0.04274674,0.042117663,train,-0.052830752
2017-03-02,TLT,0.0026009488,0.0125522595,0.00995131,train,-0.023634097
2017-03-03,EFA,-0.0031230978,-0.016174285,0.013051187,train,-0.006555664
2017-03-03,IWM,-0.0068750856,0.017432027,0.024307113,train,0.0034473008
2017-03-03,SPY,-0.0029823591,0.019376568,0.022358928,train,0.04274674
2017-03-03,TLT,-0.0047872406,0.0014438992,0.00623114,train,0.0125522595
2017-03-06,EFA,-0.0034635954,-0.03578401,0.032320414,train,-0.016174285
2017-03-06,IWM,-0.0065574865,0.018343793,0.02490128,train,0.017432027
2017-03-06,SPY,-0.0029914288,0.043913532,0.046904963,train,0.019376568
2017-03-06,TLT,-0.003035245,-0.009277081,0.006241836,train,0.0014438992
2017-03-07,EFA,-0.0036409453,0.004736019,0.008376964,train,-0.03578401
2017-03-07,IWM,-0.006600771,0.037162457,0.043763228,train,0.018343793
2017-03-07,SPY,-0.0018580202,0.034292027,0.036150046,train,0.043913532
2017-03-07,TLT,-0.0054194997,0.0028197463,0.008239246,train,-0.009277081
2017-03-08,EFA,0.0038063156,0.005367964,0.0015616484,train,0.004736019
2017-03-08,IWM,-0.0039814273,-0.026839389,0.02285796,train,0.037162457
2017-03-08,SPY,0.0012675886,-0.0028877356,0.0041553243,train,0.034292027
2017-03-08,TLT,-0.0080130575,-0.007808983,0.00020407466,train,0.0028197463
2017-03-09,EFA,0.008388835,-0.00071753236,0.009106368,train,0.005367964
2017-03-09,IWM,0.004423076,-0.026925275,0.03134835,train,-0.026839389
2017-03-09,SPY,0.0034979242,-0.019506166,0.02300409,train,-0.0028877356
2017-03-09,TLT,0.0035032516,-0.025602711,0.029105963,train,-0.007808983
2017-03-10,EFA,0.0052279606,-0.001221864,0.0064498247,train,-0.00071753236
2017-03-10,IWM,0.0023508733,-0.012211524,0.014562397,train,-0.026925275
2017-03-10,SPY,0.0005044024,-0.012886958,0.013391361,train,-0.019506166
2017-03-10,TLT,-0.0063313036,0.021888427,0.028219732,train,-0.025602711
2017-03-13,EFA,-0.007687915,-0.016851714,0.009163799,train,-0.001221864
2017-03-13,IWM,-0.0047811912,-0.0033019953,0.0014791959,train,-0.012211524
2017-03-13,SPY,-0.003833798,-0.011803791,0.007969993,train,-0.012886958
2017-03-13,TLT,0.0047947364,-0.021323789,0.026118524,train,0.021888427
2017-03-14,EFA,0.014184664,-0.044712715,0.05889738,train,-0.016851714
2017-03-14,IWM,0.015364795,0.02006261,0.0046978155,train,-0.0033019953
2017-03-14,SPY,0.008616146,-0.015343094,0.02395924,train,-0.011803791
2017-03-14,TLT,0.012141012,0.06295853,0.05081752,train,-0.021323789
2017-03-15,EFA,0.0048449114,-0.023005135,0.027850047,train,-0.044712715
2017-03-15,IWM,0.0013062174,0.039777044,0.038470827,train,0.02006261
2017-03-15,SPY,-0.0019686979,-0.0016734381,0.00029525976,train,-0.015343094
2017-03-15,TLT,-0.0050762272,-0.01081291,0.005736683,train,0.06295853
2017-03-16,EFA,0.00257436,-0.038203552,0.040777914,train,-0.023005135
2017-03-16,IWM,0.003979981,0.026816327,0.022836346,train,0.039777044
2017-03-16,SPY,-0.0017577049,-0.007402877,0.0056451717,train,-0.0016734381
2017-03-16,TLT,0.006257224,0.0056351675,0.0006220564,train,-0.01081291
2017-03-17,EFA,-0.0020911172,-0.025845187,0.02375407,train,-0.038203552
2017-03-17,IWM,-0.0043427926,0.07972885,0.08407164,train,0.026816327
2017-03-17,SPY,-0.0010976722,-0.014864711,0.013767039,train,-0.007402877
2017-03-17,TLT,0.004288984,0.000399807,0.003889177,train,0.0056351675
2017-03-20,EFA,-0.0045189695,-0.025090942,0.020571973,train,-0.025845187
2017-03-20,IWM,-0.028623046,0.018572377,0.047195423,train,0.07972885
2017-03-20,SPY,-0.0129224565,-0.002017886,0.010904571,train,-0.014864711
2017-03-20,TLT,0.008274983,8.7746885e-05,0.008187236,train,0.000399807
2017-03-21,EFA,0.0001616776,-0.023887072,0.02404875,train,-0.025090942
2017-03-21,IWM,0.00022412566,0.008462673,0.0082385475,train,0.018572377
2017-03-21,SPY,0.002350069,-0.029330397,0.031680465,train,-0.002017886
2017-03-21,TLT,0.0039869654,-0.03609157,0.040078536,train,8.7746885e-05
2017-03-22,EFA,0.002261632,-0.008356547,0.010618179,train,-0.023887072
2017-03-22,IWM,0.0058041206,0.0039400617,0.0018640589,train,0.008462673
2017-03-22,SPY,-0.0010674467,0.000807486,0.0018749327,train,-0.029330397
2017-03-22,TLT,-0.0014098824,0.013148036,0.0145579185,train,-0.03609157
2017-03-23,EFA,0.0027393799,-0.025696183,0.028435562,train,-0.008356547
2017-03-23,IWM,0.00072151923,0.020762742,0.020041222,train,0.0039400617
2017-03-23,SPY,-0.00072679727,0.0020988546,0.0028256518,train,0.000807486
2017-03-23,TLT,0.0035635887,-0.0013517165,0.0049153054,train,0.013148036
2017-03-24,EFA,0.0025718645,0.0076115807,0.005039716,train,-0.025696183
2017-03-24,IWM,0.0018571619,0.0042827567,0.0024255947,train,0.020762742
2017-03-24,SPY,-0.0010266223,0.00374724,0.004773862,train,0.0020988546
2017-03-24,TLT,0.0045394837,0.02546939,0.020929907,train,-0.0013517165
2017-03-27,EFA,0.0048036333,0.015221454,0.010417821,train,0.0076115807
2017-03-27,IWM,0.007762458,0.020949995,0.013187537,train,0.0042827567
2017-03-27,SPY,0.007250532,-0.005827202,0.013077734,train,0.00374724
2017-03-27,TLT,-0.00669319,0.024684912,0.0313781,train,0.02546939
2017-03-28,EFA,0.0,0.013866616,0.013866616,train,0.015221454
2017-03-28,IWM,0.0032350423,-0.0027390667,0.0059741093,train,0.020949995
2017-03-28,SPY,0.00093427766,0.024842007,0.023907728,train,-0.005827202
2017-03-28,TLT,0.0059516476,0.0034169196,0.002534728,train,0.024684912
2017-03-29,EFA,-0.0035203372,0.019275615,0.022795953,train,0.013866616
2017-03-29,IWM,0.007532067,0.0068480684,0.0006839987,train,-0.0027390667
2017-03-29,SPY,0.0031791213,0.039726976,0.036547855,train,0.024842007
2017-03-29,TLT,-0.008109515,-1.843553e-05,0.008091079,train,0.0034169196
2017-03-30,EFA,-0.0014439141,0.016349724,0.017793637,train,0.019275615
2017-03-30,IWM,0.0016018169,0.01272591,0.011124093,train,0.0068480684
2017-03-30,SPY,-0.0023304264,0.019001678,0.021332104,train,0.039726976
2017-03-30,TLT,0.0029036715,0.010765474,0.007861802,train,-1.843553e-05
2017-03-31,EFA,-0.001446002,0.03861507,0.04006107,train,0.016349724
2017-03-31,IWM,-0.010603004,-0.010899326,0.0002963217,train,0.01272591
2017-03-31,SPY,-0.0017405406,-0.03646906,0.03472852,train,0.019001678
2017-03-31,TLT,0.010036221,-0.027181806,0.037218027,train,0.010765474
2017-04-03,EFA,-0.00032161793,0.014678549,0.015000167,train,0.03861507
2017-04-03,IWM,-0.0011771027,-0.025775546,0.024598444,train,-0.010899326
2017-04-03,SPY,0.000637231,-0.034631267,0.035268497,train,-0.03646906
2017-04-03,TLT,-0.0054391692,-0.10620156,0.10076239,train,-0.027181806
2017-04-04,EFA,-0.0053212,0.010029974,0.015351174,train,0.014678549
2017-04-04,IWM,-0.0113987755,0.01532536,0.026724136,train,-0.025775546
2017-04-04,SPY,-0.0029771002,0.0140507575,0.017027859,train,-0.034631267
2017-04-04,TLT,0.0030533778,-0.01623567,0.019289048,train,-0.10620156
2017-04-05,EFA,0.00016151853,-0.021013753,0.021175273,train,0.010029974
2017-04-05,IWM,0.009262416,0.016648537,0.007386121,train,0.01532536
2017-04-05,SPY,0.0028071718,0.0022856067,0.0005215651,train,0.0140507575
2017-04-05,TLT,-0.0014841711,0.002961611,0.004445782,train,-0.01623567
2017-04-06,EFA,-0.0006466343,0.0067091123,0.007355747,train,-0.021013753
2017-04-06,IWM,-0.00044299915,-0.03877211,0.03832911,train,0.016648537
2017-04-06,SPY,-0.0010198782,0.0038364695,0.0048563476,train,0.0022856067
2017-04-06,TLT,-0.0040512234,-0.0022123815,0.0018388419,train,0.002961611
2017-04-07,EFA,-0.001133203,0.010013733,0.011146937,train,0.0067091123
2017-04-07,IWM,0.0022115917,-0.003208105,0.0054196967,train,-0.03877211
2017-04-07,SPY,0.00059500564,-0.0044794274,0.005074433,train,0.0038364695
2017-04-07,TLT,0.004628206,-0.01792921,0.022557415,train,-0.0022123815
2017-04-10,EFA,0.0046854536,0.0033012498,0.0013842038,train,0.010013733
2017-04-10,IWM,0.007920154,-0.003070856,0.010991011,train,-0.003208105
2017-04-10,SPY,-0.0011903655,0.0061221505,0.0073125158,train,-0.0044794274
2017-04-10,TLT,0.009438391,0.011406744,0.001968353,train,-0.01792921
2017-04-11,EFA,-0.0008062333,-0.004983919,0.004177686,train,0.0033012498
2017-04-11,IWM,-0.013679727,0.005101201,0.018780928,train,-0.003070856
2017-04-11,SPY,-0.0043916088,-0.012475623,0.008084014,train,0.0061221505
2017-04-11,TLT,0.005458207,-0.017579399,0.023037605,train,0.011406744
2017-04-12,EFA,-0.0064734556,0.020658983,0.027132438,train,-0.004983919
2017-04-12,IWM,-0.009822981,-0.025492417,0.015669435,train,0.005101201
2017-04-12,SPY,-0.0065160412,-0.015426619,0.008910578,train,-0.012475623
2017-04-12,TLT,0.003082332,-0.008076105,0.0111584375,train,-0.017579399
2017-04-13,EFA,0.0061507476,-0.0082662515,0.014416999,train,0.020658983
2017-04-13,IWM,0.011672713,-0.036134668,0.04780738,train,-0.025492417
2017-04-13,SPY,0.008820833,-0.01622055,0.025041383,train,-0.015426619
2017-04-13,TLT,-0.003082332,-0.0135701895,0.010487857,train,-0.008076105
2017-04-17,EFA,-0.0045284713,-6.217742e-05,0.004466294,train,-0.0082662515
2017-04-17,IWM,0.00022161698,-0.009443635,0.009665252,train,-0.036134668
2017-04-17,SPY,-0.002988517,0.051957954,0.05494647,train,-0.01622055
2017-04-17,TLT,0.012994784,-0.0060620266,0.01905681,train,-0.0135701895
2017-04-18,EFA,-0.0040608803,-0.06973741,0.06567653,train,-6.217742e-05
2017-04-18,IWM,0.0034671728,0.03574723,0.032280058,train,-0.009443635
2017-04-18,SPY,-0.0018403907,-0.008116579,0.006276188,train,0.051957954
2017-04-18,TLT,-0.005467894,-0.009349931,0.003882037,train,-0.0060620266
2017-04-19,EFA,0.007943624,0.0067575737,0.00118605,train,-0.06973741
2017-04-19,IWM,0.012659575,0.019788403,0.007128828,train,0.03574723
2017-04-19,SPY,0.00810609,0.018017018,0.009910928,train,-0.008116579
2017-04-19,TLT,-0.0038780214,-0.0064901426,0.0026121212,train,-0.009349931
2017-04-20,EFA,0.00064572785,0.0058759875,0.0052302596,train,0.0067575737
2017-04-20,IWM,-0.0022564458,-0.011035783,0.008779338,train,0.019788403
2017-04-20,SPY,-0.0031919747,0.037286937,0.04047891,train,0.018017018
2017-04-20,TLT,0.0,-0.0010171463,0.0010171463,train,-0.0064901426
2017-04-21,EFA,0.025019335,-0.0035530762,0.02857241,train,0.0058759875
2017-04-21,IWM,0.012385301,0.01302655,0.0006412491,train,-0.011035783
2017-04-21,SPY,0.01093792,0.021781158,0.010843238,train,0.037286937
2017-04-21,TLT,-0.0049494733,-0.0010197475,0.003929726,train,-0.0010171463
2017-04-24,EFA,0.007057145,-0.022333862,0.029391007,train,-0.0035530762
2017-04-24,IWM,0.009671187,-0.007018924,0.01669011,train,0.01302655
2017-04-24,SPY,0.00580162,0.015056763,0.009255143,train,0.021781158
2017-04-24,TLT,-0.012112677,0.0044400743,0.016552752,train,-0.0010197475
2017-04-25,EFA,-0.0028168687,-0.050349895,0.047533028,train,-0.022333862
2017-04-25,IWM,0.0051200883,-0.013441481,0.018561568,train,-0.007018924
2017-04-25,SPY,-0.0006288069,0.01963651,0.020265317,train,0.015056763
2017-04-25,TLT,0.0055016805,-0.024552895,0.030054575,train,0.0044400743
2017-04-26,EFA,0.00093991624,-0.061300512,0.06224043,train,-0.050349895
2017-04-26,IWM,-0.0002842198,0.00857701,0.00886123,train,-0.013441481
2017-04-26,SPY,0.0008384439,0.009955163,0.0091167195,train,0.01963651
2017-04-26,TLT,-0.00032773454,-0.02321073,0.022882996,train,-0.024552895
2017-04-27,EFA,-0.0010966549,-0.047714278,0.046617623,train,-0.061300512
2017-04-27,IWM,-0.013499588,0.009754954,0.023254542,train,0.00857701
2017-04-27,SPY,-0.0021817866,0.012193574,0.014375361,train,0.009955163
2017-04-27,TLT,0.0022095677,-0.0050856085,0.0072951764,train,-0.02321073
2017-04-28,EFA,0.0040669297,-0.07990896,0.08397589,train,-0.047714278
2017-04-28,IWM,0.0057364204,-0.023155594,0.028892014,train,0.009754954
2017-04-28,SPY,0.0025169675,0.006845971,0.0043290034,train,0.012193574
2017-04-28,TLT,-0.00834791,0.0036428762,0.011990786,train,-0.0050856085
2017-05-01,EFA,0.0051382505,-0.001967425,0.0071056755,train,-0.07990896
2017-05-01,IWM,-0.005089486,0.021451412,0.026540898,train,-0.023155594
2017-05-01,SPY,0.00037681556,0.006845971,0.0064691557,train,0.006845971
2017-05-01,TLT,0.0051069898,-0.0067202696,0.011827259,train,0.0036428762
2017-05-02,EFA,-0.0020210536,-0.017576667,0.015555613,train,-0.001967425
2017-05-02,IWM,-0.0061993473,0.0108793415,0.017078688,train,0.021451412
2017-05-02,SPY,-0.0012149784,0.006845971,0.00806095,train,0.006845971
2017-05-02,TLT,0.0006573186,-0.0053024893,0.005959808,train,-0.0067202696
2017-05-03,EFA,0.009447965,0.0022408743,0.0072070905,train,-0.017576667
2017-05-03,IWM,-0.0013749629,-0.008189864,0.0068149017,train,0.0108793415
2017-05-03,SPY,0.0011735254,0.0035372293,0.002363704,train,0.006845971
2017-05-03,TLT,-0.004939408,0.009615114,0.014554522,train,-0.0053024893
2017-05-04,EFA,0.011037919,0.012885936,0.0018480169,train,0.0022408743
2017-05-04,IWM,0.006423861,0.028170917,0.021747056,train,-0.008189864
2017-05-04,SPY,0.0039292895,0.0073786527,0.0034493632,train,0.0035372293
2017-05-04,TLT,0.0009078192,-0.010518933,0.0114267515,train,0.009615114
2017-05-05,EFA,-0.00749877,0.022706555,0.030205324,train,0.012885936
2017-05-05,IWM,-0.004181386,-0.005740061,0.001558675,train,0.028170917
2017-05-05,SPY,-0.00016708285,0.006845971,0.007013054,train,0.0073786527
2017-05-05,TLT,-0.005456328,0.010552736,0.016009064,train,-0.010518933
2017-05-08,EFA,-0.00246065,-0.0068937703,0.0044331206,train,0.022706555
2017-05-08,IWM,-0.00043387772,-0.009512361,0.009078483,train,-0.005740061
2017-05-08,SPY,-0.00091842894,0.018889327,0.019807756,train,0.006845971
2017-05-08,TLT,-8.316677e-05,-0.0068975673,0.0068144007,train,0.010552736
2017-05-09,EFA,0.0015388075,-0.0012683407,0.0028071483,train,-0.0068937703
2017-05-09,IWM,0.0061969743,0.003876015,0.0023209592,train,-0.009512361
2017-05-09,SPY,0.0017942418,-0.00081685884,0.0026111007,train,0.018889327
2017-05-09,TLT,-0.0011612584,0.013624897,0.014786156,train,-0.0068975673
2017-05-10,EFA,-0.0024633068,0.018177114,0.020640422,train,-0.0012683407
2017-05-10,IWM,-0.006992248,0.047493394,0.05448564,train,0.003876015
2017-05-10,SPY,-0.0020445623,0.012004649,0.0140492115,train,-0.00081685884
2017-05-10,TLT,0.0,0.0040827813,0.0040827813,train,0.013624897
2017-05-11,EFA,0.0055334535,0.015377868,0.009844415,train,0.018177114
2017-05-11,IWM,-0.0052947705,0.0226196,0.02791437,train,0.047493394
2017-05-11,SPY,-0.0016726342,-0.0050820117,0.0034093775,train,0.012004649
2017-05-11,TLT,0.0075247083,0.026859384,0.019334676,train,0.0040827813
2017-05-12,EFA,0.0050453967,0.012325622,0.0072802254,train,0.015377868
2017-05-12,IWM,0.007750949,-0.00678609,0.014537038,train,0.0226196
2017-05-12,SPY,0.0055082245,0.0012635696,0.004244655,train,-0.0050820117
2017-05-12,TLT,-0.0027219139,0.020519335,0.023241248,train,0.026859384
2017-05-15,EFA,0.006385166,0.0019947658,0.0043904004,train,0.012325622
2017-05-15,IWM,0.00036087536,-0.022413759,0.022774633,train,-0.00678609
2017-05-15,SPY,-0.0009158356,0.006845971,0.0077618067,train,0.0012635696
2017-05-15,TLT,0.0037100052,-0.00074313954,0.004453145,train,0.020519335
2017-05-16,EFA,-0.0114305625,-0.0022998382,0.009130724,train,0.0019947658
2017-05-16,IWM,-0.02734893,0.0061729373,0.03352187,train,-0.022413759
2017-05-16,SPY,-0.01790345,0.0067150206,0.024618471,train,0.006845971
2017-05-16,TLT,0.014461377,-0.03630511,0.050766487,train,-0.00074313954
2017-05-17,EFA,0.0016847053,0.004945339,0.003260634,train,-0.0022998382
2017-05-17,IWM,0.0036260693,0.019559162,0.015933093,train,0.0061729373
2017-05-17,SPY,0.004020354,-0.009312911,0.013333265,train,0.0067150206
2017-05-17,TLT,0.0011348985,-0.033529956,0.034664854,train,-0.03630511
2017-05-18,EFA,0.011562565,0.033324566,0.021762,train,0.004945339
2017-05-18,IWM,0.004789883,0.014883887,0.010094004,train,0.019559162
2017-05-18,SPY,0.00648313,-0.0058302567,0.012313386,train,-0.009312911
2017-05-18,TLT,0.002347273,-0.0052121836,0.007559457,train,-0.033529956
2017-05-19,EFA,0.001209383,0.03864841,0.03743903,train,0.033324566
2017-05-19,IWM,0.006740026,0.019767113,0.013027087,train,0.014883887
2017-05-19,SPY,0.0050649047,-0.00050852774,0.0055734324,train,-0.0058302567
2017-05-19,TLT,-0.002752034,0.007626643,0.010378677,train,-0.0052121836
2017-05-22,EFA,0.0001511549,-0.016441943,0.016593099,train,0.03864841
2017-05-22,IWM,0.003280807,0.017413754,0.014132947,train,0.019767113
2017-05-22,SPY,0.0022100615,0.011523657,0.009313595,train,-0.00050852774
2017-05-22,TLT,-0.0067509688,-0.023540355,0.016789386,train,0.007626643
2017-05-23,EFA,0.00060393923,-0.021176321,0.02178026,train,-0.016441943
2017-05-23,IWM,0.0006548097,0.01689337,0.01623856,train,0.017413754
2017-05-23,SPY,0.0023301328,0.010626707,0.0082965745,train,0.011523657
2017-05-23,TLT,0.0056157685,-0.004001385,0.009617154,train,-0.023540355
2017-05-24,EFA,0.0,-0.0030466993,0.0030466993,train,-0.021176321
2017-05-24,IWM,0.0006547531,0.03361937,0.032964617,train,0.01689337
2017-05-24,SPY,0.0047682454,-0.0026638382,0.0074320836,train,0.010626707
2017-05-24,TLT,0.00032423713,0.0055414806,0.0052172435,train,-0.004001385
2017-05-25,EFA,-0.0028723052,-0.00799573,0.0051234253,train,-0.0030466993
2017-05-25,IWM,-0.0002912654,-0.004439455,0.0041481894,train,0.03361937
2017-05-25,SPY,-0.000206824,-0.027529242,0.027322417,train,-0.0026638382
2017-05-25,TLT,0.0017022,0.00047888746,0.0012233126,train,0.0055414806
2017-05-26,EFA,-0.0010605914,-0.006299498,0.0052389065,train,-0.00799573
2017-05-26,IWM,-0.007883031,-0.021531528,0.013648497,train,-0.004439455
2017-05-26,SPY,-0.0008691427,0.004213228,0.0050823707,train,-0.027529242
2017-05-26,TLT,0.0049276864,0.008064739,0.003137053,train,0.00047888746
2017-05-30,EFA,0.0012116134,-0.00751425,0.008725863,train,-0.006299498
2017-05-30,IWM,-0.0010261729,-0.039762814,0.03873664,train,-0.021531528
2017-05-30,SPY,-0.00024854837,0.0015057144,0.0017542627,train,0.004213228
2017-05-30,TLT,0.002495129,-0.017081307,0.019576436,train,0.008064739
2017-05-31,EFA,0.00648845,-0.019205963,0.025694413,train,-0.00751425
2017-05-31,IWM,0.019108409,0.002943574,0.016164836,train,-0.039762814
2017-05-31,SPY,0.007920686,0.036382433,0.028461747,train,0.0015057144
2017-05-31,TLT,0.00010454051,0.0058531915,0.005748651,train,-0.017081307
2017-06-01,EFA,0.010919288,-0.0025520106,0.013471298,train,-0.019205963
2017-06-01,IWM,0.0064565926,-0.013202012,0.019658605,train,0.002943574
2017-06-01,SPY,0.0033228085,-0.004406499,0.0077293077,train,0.036382433
2017-06-01,TLT,0.011771273,0.011212433,0.0005588401,train,0.0058531915
2017-06-02,EFA,-0.0055194623,-0.0060854726,0.00056601036,train,-0.0025520106
2017-06-02,IWM,-0.0062408126,0.00875054,0.014991352,train,-0.013202012
2017-06-02,SPY,-0.00073724054,-0.0016476088,0.0009103683,train,-0.004406499
2017-06-02,TLT,-0.0062288283,0.008903865,0.015132694,train,0.011212433
2017-06-05,EFA,-0.0028463574,-0.014570342,0.011723985,train,-0.0060854726
2017-06-05,IWM,-0.00093538413,0.037278682,0.038214065,train,0.00875054
2017-06-05,SPY,-0.0032021592,0.0023637423,0.0055659013,train,-0.0016476088
2017-06-05,TLT,0.0054319883,-0.0072918036,0.012723792,train,0.008903865
2017-06-06,EFA,0.00030000624,-0.018131511,0.018431518,train,-0.014570342
2017-06-06,IWM,0.00093538413,0.019730844,0.018795459,train,0.037278682
2017-06-06,SPY,0.00184885,0.009479828,0.0076309782,train,0.0023637423
2017-06-06,TLT,-0.004791306,-0.030439919,0.025648613,train,-0.0072918036
2017-06-07,EFA,-0.001801389,-0.001296083,0.00050530606,train,-0.018131511
2017-06-07,IWM,0.01357905,0.016076708,0.0024976581,train,0.019730844
2017-06-07,SPY,0.00049207563,0.010071622,0.009579547,train,0.009479828
2017-06-07,TLT,-0.0026449973,-0.0058944873,0.00324949,train,-0.030439919
2017-06-08,EFA,-0.0037632734,-0.007015212,0.0032519386,train,-0.001296083
2017-06-08,IWM,0.0051680785,-0.03834724,0.043515317,train,0.016076708
2017-06-08,SPY,-0.0015189127,0.006845971,0.008364884,train,0.010071622
2017-06-08,TLT,-0.0015262488,-0.0037527182,0.0022264696,train,-0.0058944873
2017-06-09,EFA,-0.0037772623,0.033175487,0.03695275,train,-0.007015212
2017-06-09,IWM,-0.0016258202,-0.04047803,0.038852207,train,-0.03834724
2017-06-09,SPY,-0.0002054219,0.023465155,0.023670577,train,0.006845971
2017-06-09,TLT,-0.00032186374,-0.013857314,0.01353545,train,-0.0037527182
2017-06-12,EFA,0.0076907002,-0.005349494,0.013040194,train,0.033175487
2017-06-12,IWM,0.005080294,0.0073899203,0.0023096264,train,-0.04047803
2017-06-12,SPY,0.0048779007,-0.001630954,0.0065088547,train,0.023465155
2017-06-12,TLT,0.00016114036,-0.011425896,0.011587036,train,-0.013857314
2017-06-13,EFA,-0.00075142464,-0.007765316,0.0070138914,train,-0.005349494
2017-06-13,IWM,-0.005929152,-0.0057294243,0.00019972771,train,0.0073899203
2017-06-13,SPY,-0.0012685106,0.014494266,0.015762776,train,-0.001630954
2017-06-13,TLT,0.015318619,0.006734961,0.008583657,train,-0.011425896
2017-06-14,EFA,-0.010426828,-0.012902154,0.002475326,train,-0.007765316
2017-06-14,IWM,-0.0051100366,-0.017998176,0.012888139,train,-0.0057294243
2017-06-14,SPY,-0.0019259448,0.0034432216,0.0053691664,train,0.014494266
2017-06-14,TLT,-0.001584645,-0.022616887,0.021032242,train,0.006734961
2017-06-15,EFA,0.008470853,-0.0026185443,0.011089398,train,-0.012902154
2017-06-15,IWM,-0.0024934213,0.016572786,0.019066207,train,-0.017998176
2017-06-15,SPY,0.0002183916,-0.00013306504,0.00035145663,train,0.0034432216
2017-06-15,TLT,0.0019806453,-0.017036527,0.019017173,train,-0.022616887
2017-06-16,EFA,0.0040586176,0.016535068,0.01247645,train,-0.0026185443
2017-06-16,IWM,0.0073909797,0.010641675,0.0032506958,train,0.016572786
2017-06-16,SPY,0.008290575,0.003331197,0.004959378,train,-0.00013306504
2017-06-16,TLT,-0.0014261656,-0.006353932,0.0049277665,train,-0.017036527
2017-06-19,EFA,-0.008081774,-0.031574547,0.023492772,train,0.016535068
2017-06-19,IWM,-0.010176886,0.014095705,0.02427259,train,0.010641675
2017-06-19,SPY,-0.0067668324,0.006194634,0.012961466,train,0.003331197
2017-06-19,TLT,0.008916553,-0.0046221097,0.013538662,train,-0.006353932
2017-06-20,EFA,-0.0012300963,-0.0146502275,0.013420131,train,-0.031574547
2017-06-20,IWM,-0.0025065753,-0.0033430667,0.00083649135,train,0.014095705
2017-06-20,SPY,-0.0002468113,-0.0014111535,0.0011643422,train,0.006194634
2017-06-20,TLT,0.0020398654,-0.006875034,0.008914899,train,-0.0046221097
2017-06-21,EFA,-0.00015370788,-0.008848736,0.008695028,train,-0.0146502275
2017-06-21,IWM,0.003793427,0.002232668,0.001560759,train,-0.0033430667
2017-06-21,SPY,-0.0004529573,0.0014621359,0.0019150933,train,-0.0014111535
2017-06-21,TLT,0.0021932526,-0.00010921573,0.0023024683,train,-0.006875034
2017-06-22,EFA,0.0024591342,-0.02036714,0.022826275,train,-0.008848736
2017-06-22,IWM,0.0066218157,0.005243511,0.0013783048,train,0.002232668
2017-06-22,SPY,0.0011933522,-0.002407353,0.003600705,train,0.0014621359
2017-06-22,TLT,-0.00046980087,-0.0031185434,0.0026487426,train,-0.00010921573
2017-06-23,EFA,0.0016872241,-0.004101584,0.005788808,train,-0.02036714
2017-06-23,IWM,0.0012056335,0.007639817,0.0064341836,train,0.005243511
2017-06-23,SPY,0.0006580916,-0.0039269268,0.0045850184,train,-0.002407353
2017-06-23,TLT,0.0037501177,0.004389104,0.00063898624,train,-0.0031185434
2017-06-26,EFA,-0.00015332118,-0.0036812709,0.0035279498,train,-0.004101584
2017-06-26,IWM,-0.008828049,0.0059510334,0.014779082,train,0.007639817
2017-06-26,SPY,-0.008088997,0.0019287555,0.010017753,train,-0.0039269268
2017-06-26,TLT,-0.010738868,-0.0043459036,0.0063929646,train,0.004389104
2017-06-27,EFA,0.00869902,-0.011231421,0.019930441,train,-0.0036812709
2017-06-27,IWM,0.0151867485,0.014403138,0.00078361016,train,0.0059510334
2017-06-27,SPY,0.008910698,-0.002388718,0.011299416,train,0.0019287555
2017-06-27,TLT,-0.0033160232,-0.00649651,0.0031804868,train,-0.0043459036
2017-06-28,EFA,-0.009925834,-0.009329829,0.00059600454,train,-0.011231421
2017-06-28,IWM,-0.0059330342,-0.010974681,0.005041647,train,0.014403138
2017-06-28,SPY,-0.008827699,0.00419705,0.013024749,train,-0.002388718
2017-06-28,TLT,-0.008416718,0.0010051341,0.0094218515,train,-0.00649651
2017-06-29,EFA,0.0006135949,-0.014589917,0.015203511,train,-0.009329829
2017-06-29,IWM,-0.0015604276,-0.0037757135,0.0022152858,train,-0.010974681
2017-06-29,SPY,0.0018627187,0.0005859402,0.0012767785,train,0.00419705
2017-06-29,TLT,-0.0023147934,-0.0045738793,0.002259086,train,0.0010051341
2017-06-30,EFA,-0.001227642,-0.034827106,0.033599462,train,-0.014589917
2017-06-30,IWM,0.008338978,0.015707232,0.0073682545,train,-0.0037757135
2017-06-30,SPY,0.001694157,0.011322804,0.009628647,train,0.0005859402
2017-06-30,TLT,-0.003225245,-0.0039018816,0.0006766366,train,-0.0045738793
2017-07-03,EFA,0.0,-0.011764219,0.011764219,train,-0.034827106
2017-07-03,IWM,-0.00359559,0.002963471,0.006559061,train,0.015707232
2017-07-03,SPY,0.0023093324,-0.012996567,0.0153059,train,0.011322804
2017-07-03,TLT,0.00024139864,-0.016194595,0.016435994,train,-0.0039018816
2017-07-05,EFA,-0.0044632857,0.008169053,0.012632338,train,-0.011764219
2017-07-05,IWM,-0.0131444335,0.011602996,0.02474743,train,0.002963471
2017-07-05,SPY,-0.00918659,-0.005223435,0.003963155,train,-0.012996567
2017-07-05,TLT,-0.008308284,-0.0050873286,0.0032209554,train,-0.016194595
2017-07-06,EFA,0.00015421498,0.00036031334,0.00020609835,train,0.008169053
2017-07-06,IWM,0.009655796,-0.013002453,0.02265825,train,0.011602996
2017-07-06,SPY,0.006464176,0.00047674263,0.0059874333,train,-0.005223435
2017-07-06,TLT,-0.006011868,-0.017222188,0.0112103205,train,-0.0050873286
2017-07-07,EFA,0.0024644374,-0.014198754,0.016663192,train,0.00036031334
2017-07-07,IWM,-0.0043517253,-0.018205041,0.013853315,train,-0.013002453
2017-07-07,SPY,0.0010732397,0.03131978,0.030246539,train,0.00047674263
2017-07-07,TLT,0.0014658939,-0.014403287,0.015869182,train,-0.017222188
2017-07-10,EFA,0.0023053735,-0.022068372,0.024373746,train,-0.014198754
2017-07-10,IWM,0.002926598,0.010189472,0.0072628735,train,-0.018205041
2017-07-10,SPY,-0.0007428617,0.016874889,0.01761775,train,0.03131978
2017-07-10,TLT,0.001706749,0.016203677,0.014496928,train,-0.014403287
2017-07-11,EFA,0.007949478,0.0013193167,0.0066301613,train,-0.022068372
2017-07-11,IWM,0.0076687043,-0.0011865641,0.008855268,train,0.010189472
2017-07-11,SPY,0.007486996,-0.00025389763,0.0077408934,train,0.016874889
2017-07-11,TLT,0.006880802,0.041410014,0.034529213,train,0.016203677
2017-07-12,EFA,0.002889324,-0.0124798305,0.0153691545,train,0.0013193167
2017-07-12,IWM,0.00084899284,-0.022358574,0.023207568,train,-0.0011865641
2017-07-12,SPY,0.0016786113,0.0031579852,0.0014793739,train,-0.00025389763
2017-07-12,TLT,-0.006312217,0.013668498,0.019980716,train,0.041410014
2017-07-13,EFA,0.0069601014,-0.016828332,0.023788434,train,-0.0124798305
2017-07-13,IWM,0.001694748,0.022435956,0.020741208,train,-0.022358574
2017-07-13,SPY,0.004653231,0.020987973,0.016334742,train,0.0031579852
2017-07-13,TLT,0.0012171286,-0.01428706,0.015504189,train,0.013668498
2017-07-14,EFA,-0.0019621246,0.0023310655,0.0042931903,train,-0.016828332
2017-07-14,IWM,0.0023252252,-0.0053647594,0.0076899845,train,0.022435956
2017-07-14,SPY,-0.00012218767,0.004266899,0.0043890867,train,0.020987973
2017-07-14,TLT,0.0027529183,0.049600467,0.04684755,train,-0.01428706
2017-07-17,EFA,0.0009061599,-0.015002131,0.015908292,train,0.0023310655
2017-07-17,IWM,-0.0026072839,-0.0030913283,0.00048404443,train,-0.0053647594
2017-07-17,SPY,0.000529538,0.006575229,0.006045691,train,0.004266899
2017-07-17,TLT,0.008695112,0.04866508,0.03996997,train,0.049600467
2017-07-18,EFA,0.004367755,-0.019207975,0.02357573,train,-0.015002131
2017-07-18,IWM,0.009901522,-0.025358928,0.03526045,train,-0.0030913283
2017-07-18,SPY,0.0053993026,0.009345561,0.0039462587,train,0.006575229
2017-07-18,TLT,0.00040063748,0.033394802,0.032994166,train,0.04866508
2017-07-19,EFA,0.004049493,-0.0060198926,0.010069385,train,-0.019207975
2017-07-19,IWM,0.000698677,-0.006549888,0.0072485646,train,-0.025358928
2017-07-19,SPY,0.00044527758,0.004925843,0.0044805654,train,0.009345561
2017-07-19,TLT,0.0028805751,0.013773639,0.010893064,train,0.033394802
2017-07-20,EFA,-0.0038990933,0.00753934,0.011438433,train,-0.0060198926
2017-07-20,IWM,-0.0045492565,-0.00549842,0.00094916346,train,-0.006549888
2017-07-20,SPY,-0.00089089497,0.011031581,0.011922476,train,0.004925843
2017-07-20,TLT,0.004225576,-0.053089473,0.057315048,train,0.013773639
2017-07-21,EFA,-0.0027084423,-0.002194122,0.00051432033,train,0.00753934
2017-07-21,IWM,0.0014023704,0.00023452193,0.0011678485,train,-0.00549842
2017-07-21,SPY,-0.00024294194,0.005363487,0.005606429,train,0.011031581
2017-07-21,TLT,-0.0039063506,0.037559476,0.041465826,train,-0.053089473
2017-07-24,EFA,0.0013550642,0.0066042314,0.0052491673,train,-0.002194122
2017-07-24,IWM,0.009065483,-0.006284189,0.015349671,train,0.00023452193
2017-07-24,SPY,0.0024279675,0.019463686,0.017035719,train,0.005363487
2017-07-24,TLT,-0.013104546,0.0135607235,0.02666527,train,0.037559476
2017-07-25,EFA,0.006150079,0.0046376507,0.0015124283,train,0.0066042314
2017-07-25,IWM,-0.0055695004,-0.009148456,0.0035789558,train,-0.006284189
2017-07-25,SPY,4.0231535e-05,0.006845971,0.0068057394,train,0.019463686
2017-07-25,TLT,0.0016174187,0.03142083,0.029803412,train,0.0135607235
2017-07-26,EFA,-0.0022457892,0.029434396,0.031680185,train,0.0046376507
2017-07-26,IWM,-0.0063726096,0.008773905,0.015146514,train,-0.009148456
2017-07-26,SPY,-0.0009299032,0.018854866,0.019784769,train,0.006845971
2017-07-26,TLT,-0.004940843,0.03129361,0.036234453,train,0.03142083
2017-07-27,EFA,0.0010486773,0.011081103,0.010032426,train,0.029434396
2017-07-27,IWM,-0.0026729691,0.02960868,0.03228165,train,0.008773905
2017-07-27,SPY,-0.0011737635,-0.0021695173,0.0009957538,train,0.018854866
2017-07-27,TLT,0.005909586,0.019855462,0.013945876,train,0.03129361
2017-07-28,EFA,0.002094208,0.02296157,0.020867363,train,0.011081103
2017-07-28,IWM,-0.0031752563,0.0033053407,0.006480597,train,0.02960868
2017-07-28,SPY,-0.00056726485,0.013815388,0.014382653,train,-0.0021695173
2017-07-28,TLT,0.0012106275,0.003233518,0.0020228904,train,0.019855462
2017-07-31,EFA,0.0055127866,0.02243495,0.016922163,train,0.02296157
2017-07-31,IWM,0.0019061358,0.001139794,0.0007663418,train,0.0033053407
2017-07-31,SPY,0.002226389,-0.005018378,0.007244767,train,0.013815388
2017-07-31,TLT,0.0069961944,0.023123384,0.01612719,train,0.003233518
2017-08-01,EFA,0.0004456733,0.006251722,0.005806049,train,0.02243495
2017-08-01,IWM,-0.010992716,-0.006042414,0.004950302,train,0.001139794
2017-08-01,SPY,0.0004849841,0.013013652,0.012528667,train,-0.005018378
2017-08-01,TLT,0.00056116626,0.001200059,0.0006388927,train,0.023123384
2017-08-02,EFA,0.0005939709,0.015336294,0.014742323,train,0.006251722
2017-08-02,IWM,-0.0050041084,-0.016629614,0.011625506,train,-0.006042414
2017-08-02,SPY,-0.001941915,0.011895902,0.013837817,train,0.013013652
2017-08-02,TLT,0.01029127,0.0006635627,0.009627707,train,0.001200059
2017-08-03,EFA,0.001334964,0.0300123,0.028677337,train,0.015336294
2017-08-03,IWM,0.0048616105,-0.01605465,0.02091626,train,-0.016629614
2017-08-03,SPY,0.0018206558,-0.002009667,0.0038303228,train,0.011895902
2017-08-03,TLT,-0.008528699,0.0066180197,0.015146719,train,0.0006635627
2017-08-04,EFA,0.00044468924,0.025501309,0.02505662,train,0.0300123
2017-08-04,IWM,0.0016392836,-0.022704994,0.024344278,train,-0.01605465
2017-08-04,SPY,0.001857648,0.004261555,0.002403907,train,-0.002009667
2017-08-04,TLT,0.0011201121,-0.019432576,0.02055269,train,0.0066180197
2017-08-07,EFA,-0.0053486354,0.0147508755,0.020099511,train,0.025501309
2017-08-07,IWM,-0.003138163,-0.0040074927,0.0008693298,train,-0.022704994
2017-08-07,SPY,-0.0024640944,-0.010564953,0.008100859,train,0.004261555
2017-08-07,TLT,-0.0036042847,-0.004354671,0.0007503864,train,-0.019432576
2017-08-08,EFA,-0.0016399343,0.027275829,0.028915763,train,0.0147508755
2017-08-08,IWM,-0.008680264,0.0860215,0.09470176,train,-0.0040074927
2017-08-08,SPY,-4.0188563e-05,0.020495886,0.020536074,train,-0.010564953
2017-08-08,TLT,0.005441656,0.019083994,0.013642337,train,-0.004354671
2017-08-09,EFA,-0.01427619,0.028533699,0.04280989,train,0.027275829
2017-08-09,IWM,-0.018323824,-0.013903255,0.004420569,train,0.0860215
2017-08-09,SPY,-0.014215867,-0.0023337244,0.011882143,train,0.020495886
2017-08-09,TLT,0.008503236,-0.0060299602,0.014533196,train,0.019083994
2017-08-10,EFA,-0.0018179371,0.032893427,0.034711365,train,0.028533699
2017-08-10,IWM,0.0014667022,-0.001917426,0.0033841282,train,-0.013903255
2017-08-10,SPY,0.0014757562,0.0028035468,0.0013277907,train,-0.0023337244
2017-08-10,TLT,0.00047487326,-0.005714108,0.0061889812,train,-0.0060299602
2017-08-11,EFA,0.0072519286,0.017964888,0.01071296,train,0.032893427
2017-08-11,IWM,0.015053934,-0.029019656,0.04407359,train,-0.001917426
2017-08-11,SPY,0.00986424,0.0013655587,0.008498682,train,0.0028035468
2017-08-11,TLT,-0.005154637,-0.0026886608,0.0024659764,train,-0.005714108
2017-08-14,EFA,-0.0007529925,-0.031471428,0.030718435,train,0.017964888
2017-08-14,IWM,-0.008262449,0.037155837,0.045418285,train,-0.029019656
2017-08-14,SPY,-0.000121772784,0.015154101,0.015275874,train,0.0013655587
2017-08-14,TLT,-0.0042225732,-0.0059834435,0.0017608702,train,-0.0026886608
2017-08-15,EFA,0.005708338,0.014295565,0.008587226,train,-0.031471428
2017-08-15,IWM,0.00029092605,-0.0030220677,0.0033129938,train,0.037155837
2017-08-15,SPY,0.0017428631,0.0006172159,0.0011256472,train,0.015154101
2017-08-15,TLT,0.0036660281,0.0035119648,0.00015406334,train,-0.0059834435
2017-08-16,EFA,-0.011297967,0.014115956,0.025413923,train,0.014295565
2017-08-16,IWM,-0.018431475,0.04352212,0.061953597,train,-0.0030220677
2017-08-16,SPY,-0.01571352,0.0062960656,0.022009585,train,0.0006172159
2017-08-16,TLT,0.0074497177,0.0017380263,0.0057116915,train,0.0035119648
2017-08-17,EFA,0.0027231937,0.030402184,0.027678989,train,0.014115956
2017-08-17,IWM,-7.407646e-05,-0.008513685,0.008439609,train,0.04352212
2017-08-17,SPY,-0.0015643963,-0.017312547,0.01574815,train,0.0062960656
2017-08-17,TLT,-0.0002369195,-0.005404132,0.0051672123,train,0.0017380263
2017-08-18,EFA,-0.00030216167,0.024192007,0.02449417,train,0.030402184
2017-08-18,IWM,-0.0006669352,0.063640065,0.064307004,train,-0.008513685
2017-08-18,SPY,0.0007824681,0.03176083,0.030978363,train,-0.017312547
2017-08-18,TLT,0.0024451348,0.0049730847,0.0025279499,train,-0.005404132
2017-08-21,EFA,0.004824403,0.006241718,0.0014173146,train,0.024192007
2017-08-21,IWM,0.010770053,-0.017847352,0.028617404,train,0.063640065
2017-08-21,SPY,0.010402762,0.024537917,0.014135155,train,0.03176083
2017-08-21,TLT,-0.0038680618,0.0071320143,0.011000076,train,0.0049730847
2017-08-22,EFA,0.00015036513,0.018241845,0.01809148,train,0.006241718
2017-08-22,IWM,-0.0016153492,0.05711964,0.05873499,train,-0.017847352
2017-08-22,SPY,-0.0035920294,0.028000029,0.03159206,train,0.024537917
2017-08-22,TLT,0.006779164,-0.005176867,0.0119560305,train,0.0071320143
2017-08-23,EFA,-0.0022582244,-0.027981875,0.025723651,train,0.018241845
2017-08-23,IWM,0.0030818987,0.007649025,0.0045671263,train,0.05711964
2017-08-23,SPY,-0.0023333507,-0.0014212974,0.0009120533,train,0.028000029
2017-08-23,TLT,-0.0036989783,-0.0015613814,0.002137597,train,-0.005176867
2017-08-24,EFA,0.006010538,-0.011303496,0.017314034,train,-0.027981875
2017-08-24,IWM,0.0028532743,0.04042895,0.037575677,train,0.007649025
2017-08-24,SPY,0.0023333507,0.01568645,0.0133531,train,-0.0014212974
2017-08-24,TLT,0.003855656,-0.006663036,0.010518692,train,-0.0015613814
2017-08-25,EFA,0.0,0.0005274685,0.0005274685,train,-0.011303496
2017-08-25,IWM,0.0042279796,0.04803165,0.04380367,train,0.04042895
2017-08-25,SPY,4.098764e-05,0.036694102,0.036653113,train,0.01568645
2017-08-25,TLT,-0.00062860927,-0.0036382717,0.0030096625,train,-0.006663036
2017-08-28,EFA,-0.0040531405,-0.004171666,0.0001185257,train,0.0005274685
2017-08-28,IWM,0.00021878669,0.06937699,0.069158204,train,0.04803165
2017-08-28,SPY,0.0011441908,0.026453722,0.025309531,train,0.036694102
2017-08-28,TLT,0.0032171218,-0.00287002,0.006087142,train,-0.0036382717
2017-08-29,EFA,-0.0013545824,-0.0011919863,0.00016259612,train,-0.004171666
2017-08-29,IWM,0.0063795606,0.007826811,0.0014472501,train,0.06937699
2017-08-29,SPY,0.0047264327,-0.013263188,0.01798962,train,0.026453722
2017-08-29,TLT,-0.00031355658,-0.00891228,0.008598723,train,-0.00287002
2017-08-30,EFA,0.00765243,0.00025552884,0.007396901,train,-0.0011919863
2017-08-30,IWM,0.009780439,-0.02921378,0.03899422,train,0.007826811
2017-08-30,SPY,0.0059980336,0.004437122,0.0015609115,train,-0.013263188
2017-08-30,TLT,0.0029737279,0.0034163948,0.00044266693,train,-0.00891228
2017-08-31,EFA,0.0013442631,0.0021368316,0.00079256855,train,0.00025552884
2017-08-31,IWM,0.0056387046,-0.028103786,0.03374249,train,-0.02921378
2017-08-31,SPY,0.0014129446,0.0050244615,0.003611517,train,0.004437122
2017-08-31,TLT,-0.0076783877,-0.00010351185,0.007574876,train,0.0034163948
2017-09-01,EFA,-0.0067399754,0.0068804375,0.013620413,train,0.0021368316
2017-09-01,IWM,-0.009653906,-0.0040687234,0.005585183,train,-0.028103786
2017-09-01,SPY,-0.0072079743,0.019256596,0.02646457,train,0.0050244615
2017-09-01,TLT,0.015733464,0.026730133,0.0109966695,train,-0.00010351185
2017-09-05,EFA,0.006142561,0.028460452,0.022317892,train,0.0068804375
2017-09-05,IWM,0.002081804,0.013060618,0.010978814,train,-0.0040687234
2017-09-05,SPY,0.0034082092,-0.0066755596,0.0100837685,train,0.019256596
2017-09-05,TLT,-0.0061541945,-0.009718096,0.0035639014,train,0.026730133
2017-09-06,EFA,0.008181712,0.01567567,0.007493958,train,0.028460452
2017-09-06,IWM,-0.002513348,-0.003159068,0.00064572017,train,0.013060618
2017-09-06,SPY,-0.00012166596,0.014793454,0.01491512,train,-0.0066755596
2017-09-06,TLT,0.010184453,-0.02215274,0.032337192,train,-0.009718096
2017-09-07,EFA,0.00014796991,0.0014962968,0.0013483269,train,0.01567567
2017-09-07,IWM,0.00079074706,-0.033182926,0.033973675,train,-0.003159068
2017-09-07,SPY,-0.0011753335,0.0066679777,0.007843311,train,0.014793454
2017-09-07,TLT,-0.0021679187,-0.022349931,0.020182014,train,-0.02215274
2017-09-08,EFA,0.007820188,-0.000909396,0.0087295845,train,0.0014962968
2017-09-08,IWM,0.0104322685,-0.01858282,0.02901509,train,-0.033182926
2017-09-08,SPY,0.010609821,-0.00052175205,0.0111315735,train,0.0066679777
2017-09-08,TLT,-0.012010005,-0.02219506,0.0101850545,train,-0.022349931
2017-09-11,EFA,0.0030815739,-0.003182083,0.0062636565,train,-0.000909396
2017-09-11,IWM,0.0060947337,0.06086962,0.054774884,train,-0.01858282
2017-09-11,SPY,0.0033645716,0.005448293,0.0020837213,train,-0.00052175205
2017-09-11,TLT,-0.005270306,-0.013344061,0.008073755,train,-0.02219506
2017-09-12,EFA,-0.005435772,0.0108495485,0.01628532,train,-0.003182083
2017-09-12,IWM,0.0029630307,0.0075785783,0.0046155476,train,0.06086962
2017-09-12,SPY,0.00047996966,0.014012639,0.01353267,train,0.005448293
2017-09-12,TLT,-0.003951479,0.012135921,0.0160874,train,-0.013344061
2017-09-13,EFA,0.0017660774,0.00030158414,0.0014644932,train,0.0108495485
2017-09-13,IWM,-0.0009162292,0.015002748,0.015918978,train,0.0075785783
2017-09-13,SPY,-0.00031976795,0.006845971,0.007165739,train,0.014012639
2017-09-13,TLT,0.004108921,0.0033937385,0.0007151826,train,0.012135921
2017-09-14,EFA,0.0008819065,-0.008418595,0.009300502,train,0.00030158414
2017-09-14,IWM,0.004081018,0.026451046,0.022370027,train,0.015002748
2017-09-14,SPY,0.0013451283,0.0112988185,0.009953691,train,0.006845971
2017-09-14,TLT,0.00039437323,0.025213782,0.024819408,train,0.0033937385
2017-09-15,EFA,0.0013217274,0.0099939,0.008672172,train,-0.008418595
2017-09-15,IWM,0.0067881783,0.016276214,0.009488036,train,0.026451046
2017-09-15,SPY,0.0021246085,0.009811232,0.0076866234,train,0.0112988185
2017-09-15,TLT,-0.0057707108,0.0058304095,0.01160112,train,0.025213782
2017-09-18,EFA,0.0046845647,0.0093928315,0.004708267,train,0.0099939
2017-09-18,IWM,0.0,0.0027988744,0.0027988744,train,0.016276214
2017-09-18,SPY,0.0010005868,0.024214063,0.023213476,train,0.009811232
2017-09-18,TLT,-0.0024610548,-0.008488394,0.0060273395,train,0.0058304095
2017-09-19,EFA,-0.0021933955,-0.0045383335,0.002344938,train,0.0093928315
2017-09-19,IWM,0.0032027464,0.0268066,0.023603855,train,0.0027988744
2017-09-19,SPY,0.00036010807,0.006845971,0.006485863,train,0.024214063
2017-09-19,TLT,0.0007148663,-0.0021876725,0.002902539,train,-0.008488394
2017-09-20,EFA,-0.002051125,0.0040531973,0.006104322,train,-0.0045383335
2017-09-20,IWM,-0.0010432369,-0.0035708002,0.0025275634,train,0.0268066
2017-09-20,SPY,-0.002683038,0.006845971,0.009529009,train,0.006845971
2017-09-20,TLT,-0.00055590324,0.008506517,0.009062421,train,-0.0021876725
2017-09-21,EFA,0.0030756148,0.017296772,0.014221158,train,0.0040531973
2017-09-21,IWM,0.004236582,0.004605867,0.00036928477,train,-0.0035708002
2017-09-21,SPY,0.00020051809,0.0030712509,0.0028707327,train,0.006845971
2017-09-21,TLT,0.0028566404,0.006368576,0.0035119357,train,0.008506517
2017-09-22,EFA,-0.0057192924,0.0094718635,0.015191156,train,0.017296772
2017-09-22,IWM,0.0013850221,-0.027992284,0.029377306,train,0.004605867
2017-09-22,SPY,-0.0020468524,0.006845971,0.008892823,train,0.0030712509
2017-09-22,TLT,0.006240242,0.061559595,0.055319354,train,0.006368576
2017-09-25,EFA,-0.0022082112,0.029423961,0.031632174,train,0.0094718635
2017-09-25,IWM,0.0031792503,0.0018304209,0.0013488294,train,-0.027992284
2017-09-25,SPY,0.0006024751,-0.007621505,0.00822398,train,0.006845971
2017-09-25,TLT,-0.001812753,0.042163912,0.043976665,train,0.061559595
2017-09-26,EFA,0.00073668465,0.0062375492,0.0055008647,train,0.029423961
2017-09-26,IWM,0.01938048,-0.0021473118,0.021527791,train,0.0018304209
2017-09-26,SPY,0.0038868682,-0.0024170629,0.006303931,train,-0.007621505
2017-09-26,TLT,-0.015182714,0.011906777,0.027089491,train,0.042163912
2017-09-27,EFA,0.0026474213,0.0129100215,0.0102626,train,0.0062375492
2017-09-27,IWM,0.0026415235,-0.05173925,0.054380774,train,-0.0021473118
2017-09-27,SPY,0.0011989173,0.004356021,0.003157104,train,-0.0024170629
2017-09-27,TLT,-0.00296741,-0.0035493546,0.0005819446,train,0.011906777
2017-09-28,EFA,0.0058583207,0.011124067,0.0052657463,train,0.0129100215
2017-09-28,IWM,0.0023649943,0.015424671,0.013059677,train,-0.05173925
2017-09-28,SPY,0.0035090246,0.015914844,0.01240582,train,0.004356021
2017-09-28,TLT,0.0022466271,0.002088639,0.00015798816,train,-0.0035493546
2017-09-29,EFA,-0.0008765668,0.025980635,0.026857201,train,0.011124067
2017-09-29,IWM,0.0122077055,0.017998807,0.0057911016,train,0.015424671
2017-09-29,SPY,0.0043296083,0.011603408,0.0072737993,train,0.015914844
2017-09-29,TLT,-0.0018326854,0.024526505,0.02635919,train,0.002088639
2017-10-02,EFA,0.0033558889,-0.0016032946,0.0049591837,train,0.025980635
2017-10-02,IWM,0.0021975024,-0.0059319627,0.008129465,train,0.017998807
2017-10-02,SPY,0.0021373841,0.025659828,0.023522444,train,0.011603408
2017-10-02,TLT,0.00096465525,0.001951531,0.0009868757,train,0.024526505
2017-10-03,EFA,-0.0018954664,0.0066741616,0.008569628,train,-0.0016032946
2017-10-03,IWM,-0.0031982844,0.0035096263,0.0067079104,train,-0.0059319627
2017-10-03,SPY,0.0011857392,0.008724728,0.0075389883,train,0.025659828
2017-10-03,TLT,8.07337e-05,0.011522217,0.011441483,train,0.001951531
2017-10-04,EFA,-0.0005838557,0.010895127,0.011478983,train,0.0066741616
2017-10-04,IWM,0.0027322674,0.00616636,0.0034340925,train,0.0035096263
2017-10-04,SPY,0.005907561,0.018536966,0.012629405,train,0.008724728
2017-10-04,TLT,-0.0037849664,0.02896351,0.032748476,train,0.011522217
2017-10-05,EFA,-0.0007304429,0.0031022637,0.0038327065,train,0.010895127
2017-10-05,IWM,-0.0013983396,-0.019806761,0.018408421,train,0.00616636
2017-10-05,SPY,-0.0011391954,0.003730621,0.0048698164,train,0.018536966
2017-10-05,TLT,-0.0028284444,-0.023109663,0.020281218,train,0.02896351
2017-10-06,EFA,0.00029218377,0.034553945,0.034261763,train,0.0031022637
2017-10-06,IWM,-0.0041403463,-0.017248195,0.013107848,train,-0.019806761
2017-10-06,SPY,-0.0016526193,0.008901799,0.010554418,train,0.003730621
2017-10-06,TLT,0.003150826,-0.041551612,0.044702437,train,-0.023109663
2017-10-09,EFA,0.009451146,0.017876845,0.008425699,train,0.034553945
2017-10-09,IWM,0.0028732363,-0.015229663,0.0181029,train,-0.017248195
2017-10-09,SPY,0.0026348557,0.011594755,0.008959899,train,0.008901799
2017-10-09,TLT,0.001612061,0.0479191,0.04630704,train,-0.041551612
2017-10-10,EFA,0.002457104,-0.01418584,0.016642945,train,0.017876845
2017-10-10,IWM,-0.0007346758,-0.05874067,0.058005996,train,-0.015229663
2017-10-10,SPY,0.0015697784,0.0043527,0.0027829215,train,0.011594755
2017-10-10,TLT,0.0019306304,0.030595472,0.028664842,train,0.0479191
2017-10-11,EFA,-0.00086663663,0.0032227542,0.004089391,train,-0.01418584
2017-10-11,IWM,-0.00073431013,0.0018837531,0.0026180632,train,-0.05874067
2017-10-11,SPY,-0.0014912959,0.008252212,0.009743508,train,0.0043527
2017-10-11,TLT,0.0042508673,0.008460073,0.0042092055,train,0.030595472
2017-10-12,EFA,0.005188166,0.00376077,0.0014273962,train,0.0032227542
2017-10-12,IWM,-0.0018059245,-0.015185371,0.013379446,train,0.0018837531
2017-10-12,SPY,0.0012167846,0.009915933,0.008699149,train,0.008252212
2017-10-12,TLT,0.0071767895,-0.044259444,0.051436234,train,0.008460073
2017-10-13,EFA,-0.0007190652,0.01763526,0.018354325,train,0.00376077
2017-10-13,IWM,-0.0008705828,-0.0074918014,0.0066212188,train,-0.015185371
2017-10-13,SPY,0.0013325962,0.007777376,0.00644478,train,0.009915933
2017-10-13,TLT,-0.0007150664,0.010075305,0.010790371,train,-0.044259444
2017-10-16,EFA,-0.002592301,0.0150758345,0.017668135,train,0.01763526
2017-10-16,IWM,-0.0028857584,0.026773654,0.029659413,train,-0.0074918014
2017-10-16,SPY,0.0007048138,0.023343494,0.02263868,train,0.007777376
2017-10-16,TLT,0.0012711823,-0.0016290755,0.0029002577,train,0.010075305
2017-10-17,EFA,0.0028802576,0.011783274,0.008903016,train,0.0150758345
2017-10-17,IWM,0.0047599976,-0.0043988083,0.009158806,train,0.026773654
2017-10-17,SPY,0.000978349,0.012135105,0.011156756,train,0.023343494
2017-10-17,TLT,-0.0066131325,0.009249641,0.015862774,train,-0.0016290755
2017-10-18,EFA,-0.0015831256,0.0013909568,0.0029740823,train,0.011783274
2017-10-18,IWM,-0.0015395106,0.030165229,0.03170474,train,-0.0043988083
2017-10-18,SPY,0.00027348095,0.0051289024,0.0048554214,train,0.012135105
2017-10-18,TLT,0.0017573115,0.01429273,0.012535418,train,0.009249641
2017-10-19,EFA,-0.001297132,0.005113433,0.006410565,train,0.0013909568
2017-10-19,IWM,0.0046108747,-0.03144846,0.036059335,train,0.030165229
2017-10-19,SPY,0.005147374,0.0071037705,0.0019563967,train,0.0051289024
2017-10-19,TLT,-0.010670643,0.017402882,0.028073525,train,0.01429273
2017-10-20,EFA,-0.0021655618,0.013202408,0.01536797,train,0.005113433
2017-10-20,IWM,-0.00749578,0.041132044,0.048627824,train,-0.03144846
2017-10-20,SPY,-0.003897041,-0.0048429263,0.0009458852,train,0.0071037705
2017-10-20,TLT,0.0017730311,0.0248553,0.02308227,train,0.017402882
2017-10-23,EFA,0.0015884709,0.0022416036,0.0006531327,train,0.013202408
2017-10-23,IWM,0.002080528,-0.0016110656,0.0036915937,train,0.041132044
2017-10-23,SPY,0.0017554702,0.0031478296,0.0013923594,train,-0.0048429263
2017-10-23,TLT,-0.0062189423,0.027820924,0.034039866,train,0.0248553
2017-10-24,EFA,-0.0039035652,0.019975718,0.023879284,train,0.0022416036
2017-10-24,IWM,-0.004838414,-0.005418547,0.00058013294,train,-0.0016110656
2017-10-24,SPY,-0.0049624466,0.0023262869,0.0072887335,train,0.0031478296
2017-10-24,TLT,-0.004791662,0.022067219,0.026858881,train,0.027820924
2017-10-25,EFA,-0.00014499603,0.039334,0.039478995,train,0.019975718
2017-10-25,IWM,0.0020862678,-0.035646893,0.03773316,train,-0.005418547
2017-10-25,SPY,0.0012918022,0.008912424,0.0076206215,train,0.0023262869
2017-10-25,TLT,-0.003343069,0.047887113,0.05123018,train,0.022067219
2017-10-26,EFA,0.0023155005,0.022208866,0.019893365,train,0.039334
2017-10-26,IWM,0.006900148,-0.024387749,0.031287897,train,-0.035646893
2017-10-26,SPY,0.008142956,-0.0008199676,0.008962924,train,0.008912424
2017-10-26,TLT,0.006594367,0.031550717,0.02495635,train,0.047887113
2017-10-27,EFA,0.0023101515,0.030677753,0.028367601,train,0.022208866
2017-10-27,IWM,-0.01060436,0.0041624843,0.014766844,train,-0.024387749
2017-10-27,SPY,-0.0037319988,-0.011854017,0.008122019,train,-0.0008199676
2017-10-27,TLT,0.009528967,0.057725165,0.048196197,train,0.031550717
2017-10-30,EFA,0.004173591,0.009238434,0.005064843,train,0.030677753
2017-10-30,IWM,0.0070597306,0.036982115,0.029922385,train,0.0041624843
2017-10-30,SPY,0.0015566981,-0.0019446216,0.0035013198,train,-0.011854017
2017-10-30,TLT,0.00032160347,0.015619103,0.0152974995,train,0.057725165
2017-10-31,EFA,0.001004802,0.031619478,0.030614676,train,0.009238434
2017-10-31,IWM,-0.0066547985,0.006352321,0.013007119,train,0.036982115
2017-10-31,SPY,0.0013211356,0.00644771,0.0051265745,train,-0.0019446216
2017-10-31,TLT,0.0044425395,0.0061074267,0.0016648872,train,0.015619103
2017-11-01,EFA,0.0030085028,0.012256479,0.009247976,train,0.031619478
2017-11-01,IWM,0.0029634736,-0.01710188,0.020065354,train,0.006352321
2017-11-01,SPY,0.0003883167,0.00359376,0.0032054433,train,0.00644771
2017-11-01,TLT,0.0043992247,-0.015907755,0.02030698,train,0.0061074267
2017-11-02,EFA,-0.0015745994,0.011292597,0.012867196,train,0.012256479
2017-11-02,IWM,-0.00067263714,-0.009189518,0.008516881,train,-0.01710188
2017-11-02,SPY,0.0033333136,-0.004705548,0.008038862,train,0.00359376
2017-11-02,TLT,0.0027099883,0.0021719984,0.0005379899,train,-0.015907755
2017-11-03,EFA,0.0014312179,0.009026368,0.0075951503,train,0.011292597
2017-11-03,IWM,0.0011431685,-0.016071694,0.017214863,train,-0.009189518
2017-11-03,SPY,0.0015463993,0.006845971,0.005299572,train,-0.004705548
2017-11-03,TLT,0.003733684,0.0066408436,0.0029071595,train,0.0021719984
2017-11-06,EFA,-0.003726409,0.013133151,0.016859561,train,0.009026368
2017-11-06,IWM,-0.012036274,0.040590648,0.052626923,train,-0.016071694
2017-11-06,SPY,-0.0006956745,0.0052392012,0.005934876,train,0.006845971
2017-11-06,TLT,0.004193691,0.0059393668,0.0017456757,train,0.0066408436
2017-11-07,EFA,0.0032972656,0.0077956445,0.004498379,train,0.013133151
2017-11-07,IWM,0.0013595416,-0.0005707056,0.0019302472,train,0.040590648
2017-11-07,SPY,0.0016994828,0.005952462,0.0042529795,train,0.0052392012
2017-11-07,TLT,-0.0022132343,0.0104552675,0.012668502,train,0.0059393668
2017-11-08,EFA,-0.0057413694,0.0069764922,0.012717862,train,0.0077956445
2017-11-08,IWM,-0.0035387292,-0.031129064,0.027590334,train,-0.0005707056
2017-11-08,SPY,-0.0036343879,0.0040378263,0.007672214,train,0.005952462
2017-11-08,TLT,-0.0028529128,0.0038568578,0.0067097703,train,0.0104552675
2017-11-09,EFA,-0.0027386209,0.035821058,0.03855968,train,0.0069764922
2017-11-09,IWM,-0.0007506093,0.0033493377,0.004099947,train,-0.031129064
2017-11-09,SPY,-0.00030980865,-0.0088476855,0.008537877,train,0.0040378263
2017-11-09,TLT,-0.015194375,0.010291545,0.02548592,train,0.0038568578
2017-11-10,EFA,-0.0041947197,0.010113681,0.0143084,train,0.035821058
2017-11-10,IWM,0.00027322414,0.025048567,0.024775343,train,0.0033493377
2017-11-10,SPY,0.0009293399,-0.00013190787,0.0010612478,train,-0.0088476855
2017-11-10,TLT,0.0020928646,0.027097872,0.025005007,train,0.010291545
2017-11-13,EFA,-0.0007247563,-0.009533925,0.008809169,train,0.010113681
2017-11-13,IWM,-0.0027321302,-0.01372649,0.01099436,train,0.025048567
2017-11-13,SPY,-0.0023251397,0.0026718234,0.004996963,train,-0.00013190787
2017-11-13,TLT,0.0067319423,0.014749734,0.008017791,train,0.027097872
2017-11-14,EFA,-0.0047986293,-0.009385843,0.0045872135,train,-0.009533925
2017-11-14,IWM,-0.0039747204,0.06705037,0.07102509,train,-0.01372649
2017-11-14,SPY,-0.0050178566,0.007406305,0.012424162,train,0.0026718234
2017-11-14,TLT,0.010804057,-0.027836109,0.038640164,train,0.014749734
2017-11-15,EFA,0.007984402,-0.0078110495,0.01579545,train,-0.009385843
2017-11-15,IWM,0.014587732,0.038443454,0.023855722,train,0.06705037
2017-11-15,SPY,0.008465075,0.009985952,0.0015208768,train,0.007406305
2017-11-15,TLT,-0.008729408,-0.030897858,0.02216845,train,-0.027836109
2017-11-16,EFA,-0.0036212495,-0.0007974501,0.0028237994,train,-0.0078110495
2017-11-16,IWM,0.0045909737,0.048146967,0.043555994,train,0.038443454
2017-11-16,SPY,-0.002943007,0.0036568705,0.0065998775,train,0.009985952
2017-11-16,TLT,0.007385067,0.016702915,0.009317847,train,-0.030897858
2017-11-17,EFA,0.0021742804,-0.032255318,0.0344296,train,-0.0007974501
2017-11-17,IWM,0.007249493,-0.016191162,0.023440655,train,0.048146967
2017-11-17,SPY,0.0017050186,-0.022516178,0.024221197,train,0.0036568705
2017-11-17,TLT,-0.00039527233,-0.0118378345,0.011442563,train,0.016702915
2017-11-20,EFA,0.0075015784,-0.0025545512,0.01005613,train,-0.032255318
2017-11-20,IWM,0.01037825,0.0023921574,0.007986093,train,-0.016191162
2017-11-20,SPY,0.0065212925,0.0011414615,0.005379831,train,-0.022516178
2017-11-20,TLT,0.0031606993,-0.016555304,0.019716002,train,-0.0118378345
2017-11-21,EFA,0.002726618,0.015433019,0.012706401,train,-0.0025545512
2017-11-21,IWM,-0.0013246275,0.0013522492,0.0026768767,train,0.0023921574
2017-11-21,SPY,-0.00088473567,-0.00094722444,6.2488776e-05,train,0.0011414615
2017-11-21,TLT,0.0032294162,-0.0006921948,0.0039216112,train,-0.016555304
2017-11-22,EFA,0.008136646,-0.017349595,0.025486242,train,0.015433019
2017-11-22,IWM,0.00039762864,0.00547987,0.0050822413,train,0.0013522492
2017-11-22,SPY,0.0023067894,0.0025734836,0.00026669423,train,-0.00094722444
2017-11-22,TLT,-0.0027560426,-0.008278655,0.0055226125,train,-0.0006921948
2017-11-24,EFA,-0.0059887855,0.001764921,0.0077537065,train,-0.017349595
2017-11-24,IWM,-0.0030515965,-0.012675878,0.009624281,train,0.00547987
2017-11-24,SPY,-0.000499235,0.0048005553,0.0052997903,train,0.0025734836
2017-11-24,TLT,-0.001420109,-0.0060408763,0.004620767,train,-0.008278655
2017-11-27,EFA,0.0057045235,-0.01754912,0.023253644,train,0.001764921
2017-11-27,IWM,0.015625337,0.039266203,0.023640865,train,-0.012675878
2017-11-27,SPY,0.010093542,-0.009899015,0.019992556,train,0.0048005553
2017-11-27,TLT,0.0013413682,0.018002745,0.016661376,train,-0.0060408763
2017-11-28,EFA,-0.003989368,-0.0037005679,0.00028880034,train,-0.01754912
2017-11-28,IWM,0.0033307308,-0.013734741,0.017065473,train,0.039266203
2017-11-28,SPY,-0.000608762,0.013595983,0.014204745,train,-0.009899015
2017-11-28,TLT,-0.009908163,0.0026438548,0.012552017,train,0.018002745
2017-11-29,EFA,0.0009985024,-0.03367459,0.03467309,train,-0.0037005679
2017-11-29,IWM,0.0018241464,0.024044251,0.022220105,train,-0.013734741
2017-11-29,SPY,0.008717019,0.0062071183,0.0025099008,train,0.013595983
2017-11-29,TLT,-0.0033505375,0.035189856,0.038540393,train,0.0026438548
2017-11-30,EFA,-0.0040017636,-0.022441173,0.018439408,train,-0.03367459
2017-11-30,IWM,-0.0041086865,0.0281885,0.032297187,train,0.024044251
2017-11-30,SPY,-0.0020774666,-0.031563226,0.02948576,train,0.0062071183
2017-11-30,TLT,0.013403877,0.011545684,0.0018581925,train,0.035189856
2017-12-01,EFA,-0.003586372,0.017923608,0.02150998,train,-0.022441173
2017-12-01,IWM,-0.0037318107,0.01417941,0.017911222,train,0.0281885
2017-12-01,SPY,-0.0012109624,-0.0003328384,0.00087812403,train,-0.031563226
2017-12-01,TLT,0.00047471173,-0.06597052,0.06644523,train,0.011545684
2017-12-04,EFA,-0.0021581547,0.0056705824,0.007828737,train,0.017923608
2017-12-04,IWM,-0.010020458,0.03116773,0.041188188,train,0.01417941
2017-12-04,SPY,-0.0036030847,0.008585695,0.01218878,train,-0.0003328384
2017-12-04,TLT,0.004962835,-0.016004492,0.020967327,train,-0.06597052
2017-12-05,EFA,-0.0020185122,0.002562577,0.004581089,train,0.0056705824
2017-12-05,IWM,-0.004715762,0.027390452,0.032106213,train,0.03116773
2017-12-05,SPY,0.00019020325,0.019267531,0.019077327,train,0.008585695
2017-12-05,TLT,0.0034520132,-0.013091655,0.016543668,train,-0.016004492
2017-12-06,EFA,0.0025943816,0.007449669,0.0048552873,train,0.002562577
2017-12-06,IWM,0.0069655976,0.015900249,0.008934651,train,0.027390452
2017-12-06,SPY,0.003148047,0.008252333,0.0051042857,train,0.019267531
2017-12-06,TLT,-0.007862617,0.010966016,0.018828634,train,-0.013091655
2017-12-07,EFA,0.0053119715,-0.048142646,0.053454615,train,0.007449669
2017-12-07,IWM,0.0009253746,-0.0051794765,0.006104851,train,0.015900249
2017-12-07,SPY,0.005438209,-0.005782277,0.011220486,train,0.008252333
2017-12-07,TLT,7.8496894e-05,-0.010501975,0.010580472,train,0.010966016
2017-12-08,EFA,0.002573766,0.008037608,0.0054638423,train,-0.048142646
2017-12-08,IWM,-0.00039630837,-0.0021027592,0.0017064508,train,-0.0051794765
2017-12-08,SPY,0.0030084897,-0.0052704164,0.008278906,train,-0.005782277
2017-12-08,TLT,-0.0020542478,-0.0007986366,0.0012556112,train,-0.010501975
2017-12-11,EFA,0.0012846834,0.008594507,0.007309824,train,0.008037608
2017-12-11,IWM,-0.0031104416,0.009934511,0.013044952,train,-0.0021027592
2017-12-11,SPY,0.0017633316,-0.0056704287,0.0074337604,train,-0.0052704164
2017-12-11,TLT,-0.00039510208,0.0023251968,0.0027202987,train,-0.0007986366
2017-12-12,EFA,0.003843619,0.007203121,0.0033595022,train,0.008594507
2017-12-12,IWM,0.0059471685,0.0028783116,0.003068857,train,0.009934511
2017-12-12,SPY,-0.00011236875,-0.0015803599,0.0014679912,train,-0.0056704287
2017-12-12,TLT,0.0074886754,0.021661036,0.01417236,train,0.0023251968
2017-12-13,EFA,-0.00555671,0.0398421,0.04539881,train,0.007203121
2017-12-13,IWM,-0.011130335,-0.0028183707,0.008311965,train,0.0028783116
2017-12-13,SPY,-0.0040947855,-0.005921869,0.0018270835,train,-0.0015803599
2017-12-13,TLT,0.0042321607,-0.027808385,0.032040544,train,0.021661036
2017-12-14,EFA,-0.00028582412,0.02541644,0.025702264,train,0.0398421
2017-12-14,IWM,0.014156815,0.0102037415,0.003953073,train,-0.0028183707
2017-12-14,SPY,0.008292892,0.013614569,0.005321677,train,-0.005921869
2017-12-14,TLT,0.0037465687,0.0060208477,0.002274279,train,-0.027808385
2017-12-15,EFA,0.011792572,0.013843265,0.0020506931,train,0.02541644
2017-12-15,IWM,0.013440295,0.0022872486,0.011153046,train,0.0102037415
2017-12-15,SPY,0.0063213506,-0.028258404,0.034579754,train,0.013614569
2017-12-15,TLT,-0.0091571,0.0028026146,0.011959715,train,0.0060208477
2017-12-18,EFA,-0.003674983,0.005300823,0.008975806,train,0.013843265
2017-12-18,IWM,-0.007938151,-0.010457369,0.0025192173,train,0.0022872486
2017-12-18,SPY,-0.0038480512,-0.008135432,0.004287381,train,-0.028258404
2017-12-18,TLT,-0.0130589185,-0.0030788514,0.009980068,train,0.0028026146
2017-12-19,EFA,-0.0017209733,-0.025244733,0.02352376,train,0.005300823
2017-12-19,IWM,0.0019580612,-0.0027713492,0.0047294106,train,-0.010457369
2017-12-19,SPY,-0.00052404404,0.025826054,0.026350098,train,-0.008135432
2017-12-19,TLT,-0.011134682,0.013498034,0.024632717,train,-0.0030788514
2017-12-20,EFA,0.0035814515,-0.014880503,0.018461954,train,-0.025244733
2017-12-20,IWM,0.004368437,0.037176233,0.032807797,train,-0.0027713492
2017-12-20,SPY,0.0020575726,0.015835185,0.013777612,train,0.025826054
2017-12-20,TLT,0.0058114026,0.004035256,0.0017761467,train,0.013498034
2017-12-21,EFA,0.0025706869,0.0043977513,0.0018270644,train,-0.014880503
2017-12-21,IWM,-0.0018263289,0.00238145,0.0042077787,train,0.037176233
2017-12-21,SPY,-0.0002613923,0.00070779724,0.00096918957,train,0.015835185
2017-12-21,TLT,0.0013633716,-0.0030085542,0.0043719257,train,0.004035256
2017-12-22,EFA,-0.00028525182,0.011070872,0.011356124,train,0.0043977513
2017-12-22,IWM,0.0005874178,0.016064707,0.015477289,train,0.00238145
2017-12-22,SPY,-0.0011972676,0.0018260009,0.0030232684,train,0.00070779724
2017-12-22,TLT,0.002960942,-0.009317933,0.012278874,train,-0.0030085542
2017-12-26,EFA,0.0018531339,0.012303073,0.010449939,train,0.011070872
2017-12-26,IWM,-0.0009791846,0.0025473284,0.003526513,train,0.016064707
2017-12-26,SPY,0.00048667198,0.0020379801,0.0015513082,train,0.0018260009
2017-12-26,TLT,0.012941505,0.019518096,0.006576591,train,-0.009317933
2017-12-27,EFA,0.00056929735,0.015181094,0.014611797,train,0.012303073
2017-12-27,IWM,0.0039109993,0.0133175235,0.009406524,train,0.0025473284
2017-12-27,SPY,0.0020553425,-0.004444742,0.006500085,train,0.0020379801
2017-12-27,TLT,-0.00086824916,0.01585131,0.01671956,train,0.019518096
2017-12-28,EFA,0.00071149453,0.021715596,0.021004101,train,0.015181094
2017-12-28,IWM,-0.00829569,-0.043564547,0.035268858,train,0.0133175235
2017-12-28,SPY,-0.0037779042,-0.0014715367,0.0023063675,train,-0.004444742
2017-12-28,TLT,0.0015774218,-0.026300574,0.027877996,train,0.01585131
2017-12-29,EFA,0.0073684948,0.02431512,0.016946625,train,0.021715596
2017-12-29,IWM,0.0094009135,-0.005821222,0.015222136,train,-0.043564547
2017-12-29,SPY,0.007131849,0.00044057658,0.0066912724,train,-0.0014715367
2017-12-29,TLT,-0.0108575355,-0.03710442,0.026246885,train,-0.026300574
2018-01-02,EFA,0.0047887787,0.03173163,0.026942853,train,0.02431512
2018-01-02,IWM,0.0010388192,-0.011797525,0.012836345,train,-0.005821222
2018-01-02,SPY,0.006305247,-0.013057385,0.019362632,train,0.00044057658
2018-01-02,TLT,0.0047697546,-0.025310935,0.030080691,train,-0.03710442
2018-01-03,EFA,0.010900129,0.013856975,0.0029568467,train,0.03173163
2018-01-03,IWM,0.0026580628,0.015397513,0.012739451,train,-0.011797525
2018-01-03,SPY,0.0042064292,-0.009143036,0.013349465,train,-0.013057385
2018-01-03,TLT,-0.00015840275,0.0027883775,0.0029467803,train,-0.025310935
2018-01-04,EFA,0.0055439635,-0.00012719585,0.0056711594,train,0.013856975
2018-01-04,IWM,0.0020692328,-0.0015902021,0.0036594348,train,0.015397513
2018-01-04,SPY,0.0066416343,-0.0036415285,0.010283163,train,-0.009143036
2018-01-04,TLT,-0.0028599722,0.018760316,0.021620288,train,0.0027883775
2018-01-05,EFA,-0.00027648621,0.013238834,0.013515321,train,-0.00012719585
2018-01-05,IWM,0.0015494734,-0.012215218,0.013764691,train,-0.0015902021
2018-01-05,SPY,0.0018268264,-0.015154878,0.016981704,train,-0.0036415285
2018-01-05,TLT,-0.00063667016,0.021197582,0.021834252,train,0.018760316
2018-01-08,EFA,0.0011055536,0.014065969,0.012960415,train,0.013238834
2018-01-08,IWM,-0.00135529,0.025293663,0.026648954,train,-0.012215218
2018-01-08,SPY,0.0022610754,0.00127284,0.0009882355,train,-0.015154878
2018-01-08,TLT,-0.013462561,0.010858858,0.024321418,train,0.021197582
2018-01-09,EFA,-0.001935404,0.012320318,0.014255722,train,0.014065969
2018-01-09,IWM,0.00012885334,0.0046057156,0.0044768625,train,0.025293663
2018-01-09,SPY,-0.0015308242,-0.004519372,0.0029885476,train,0.00127284
2018-01-09,TLT,-0.0012111416,-0.008033292,0.0068221507,train,0.010858858
2018-01-10,EFA,0.0068944907,0.015560372,0.008665881,train,0.012320318
2018-01-10,IWM,0.017033227,0.054470405,0.03743718,train,0.0046057156
2018-01-10,SPY,0.0072691995,0.0024235412,0.0048456583,train,-0.004519372
2018-01-10,TLT,0.004111355,0.006495988,0.0023846328,train,-0.008033292
2018-01-11,EFA,0.009981732,0.0078030047,0.0021787272,train,0.015560372
2018-01-11,IWM,0.0041818223,-0.019904952,0.024086775,train,0.054470405
2018-01-11,SPY,0.0064980513,-0.023430161,0.029928213,train,0.0024235412
2018-01-11,TLT,0.0016883002,0.016237156,0.014548857,train,0.006495988
2018-01-12,EFA,-0.00095275074,-0.0104802195,0.009527469,train,0.0078030047
2018-01-12,IWM,-0.012854243,0.0074316175,0.02028586,train,-0.019904952
2018-01-12,SPY,-0.0034239753,-0.035447344,0.03202337,train,-0.023430161
2018-01-12,TLT,0.0041669933,0.023043517,0.018876523,train,0.016237156
2018-01-16,EFA,0.0051615178,0.0021820045,0.0029795133,train,-0.0104802195
2018-01-16,IWM,0.009433966,-0.015027238,0.024461204,train,0.0074316175
2018-01-16,SPY,0.009486216,0.0024519186,0.0070342976,train,-0.035447344
2018-01-16,TLT,-0.0013607326,0.01921583,0.020576563,train,0.023043517
2018-01-17,EFA,-0.001220087,0.0063660424,0.0075861295,train,0.0021820045
2018-01-17,IWM,-0.006875526,0.0069446764,0.013820203,train,-0.015027238
2018-01-17,SPY,-0.0016822752,-0.044474874,0.0427926,train,0.0024519186
2018-01-17,TLT,-0.009333012,-0.0276345,0.018301487,train,0.01921583
2018-01-18,EFA,0.005546391,0.0076875044,0.0021411134,train,0.0063660424
2018-01-18,IWM,0.0130736455,0.0008593048,0.01221434,train,0.0069446764
2018-01-18,SPY,0.004539191,0.0019122385,0.0026269522,train,-0.044474874
2018-01-18,TLT,-0.0052681244,0.008799943,0.014068067,train,-0.0276345
2018-01-19,EFA,0.0051130326,0.0058992594,0.0007862267,train,0.0076875044
2018-01-19,IWM,0.0053452984,-0.0039015305,0.009246829,train,0.0008593048
2018-01-19,SPY,0.008098356,-0.043984022,0.05208238,train,0.0019122385
2018-01-19,TLT,0.0009745123,-0.011914631,0.012889144,train,0.008799943
2018-01-22,EFA,0.00321577,0.011899257,0.008683487,train,0.0058992594
2018-01-22,IWM,0.0031933915,0.019536916,0.016343525,train,-0.0039015305
2018-01-22,SPY,0.0021202748,-0.014949942,0.017070217,train,-0.043984022
2018-01-22,TLT,0.0042936117,0.04054521,0.036251597,train,-0.011914631
2018-01-23,EFA,0.0017377078,0.0077957413,0.0060580336,train,0.011899257
2018-01-23,IWM,-0.006208006,-0.0053765518,0.00083145406,train,0.019536916
2018-01-23,SPY,-0.00038889455,-0.025067938,0.024679044,train,-0.014949942
2018-01-23,TLT,-0.0054305056,0.061335,0.06676551,train,0.04054521
2018-01-24,EFA,-0.0038805136,-0.00035389047,0.0035266231,train,0.0077957413
2018-01-24,IWM,0.0003769527,0.0116427485,0.011265796,train,-0.0053765518
2018-01-24,SPY,0.0004240469,-0.03283977,0.033263817,train,-0.025067938
2018-01-24,TLT,0.008175047,-0.0046364213,0.012811469,train,0.061335
2018-01-25,EFA,0.008809446,0.009870898,0.0010614516,train,-0.00035389047
2018-01-25,IWM,0.0035778414,-0.016566029,0.02014387,train,0.0116427485
2018-01-25,SPY,0.011511355,-0.01104871,0.022560064,train,-0.03283977
2018-01-25,TLT,-0.003715109,0.03847448,0.04218959,train,-0.0046364213
2018-01-26,EFA,-0.00921142,0.00061465194,0.009826072,train,0.009870898
2018-01-26,IWM,-0.0056552347,-0.006850003,0.0011947681,train,-0.016566029
2018-01-26,SPY,-0.006651977,-0.066234946,0.05958297,train,-0.01104871
2018-01-26,TLT,-0.0069831144,0.0052615474,0.012244662,train,0.03847448
2018-01-29,EFA,-0.00835064,0.014575595,0.022926234,train,0.00061465194
2018-01-29,IWM,-0.009623716,0.004455151,0.014078867,train,-0.006850003
2018-01-29,SPY,-0.010310279,0.0194111,0.02972138,train,-0.066234946
2018-01-29,TLT,-0.005883319,0.038115773,0.04399909,train,0.0052615474
2018-01-30,EFA,-0.0013531031,-0.023370365,0.022017261,train,0.014575595
2018-01-30,IWM,-0.0052305427,-0.01259285,0.0073623075,train,0.004455151
2018-01-30,SPY,0.0004965933,0.004110196,0.0036136028,train,0.0194111
2018-01-30,TLT,0.005883319,0.012341412,0.006458093,train,0.038115773
2018-01-31,EFA,0.0028399627,0.03061044,0.027770478,train,-0.023370365
2018-01-31,IWM,0.003128888,-0.005911007,0.009039896,train,-0.01259285
2018-01-31,SPY,-0.0011354417,0.016547354,0.017682796,train,0.004110196
2018-01-31,TLT,-0.014598468,0.037408434,0.0520069,train,0.012341412
2018-02-01,EFA,-0.020464601,-0.013001593,0.007463008,train,0.03061044
2018-02-01,IWM,-0.01944183,-0.010918528,0.008523302,train,-0.005911007
2018-02-01,SPY,-0.022010619,0.03414706,0.05615768,train,0.016547354
2018-02-01,TLT,-0.009322434,0.00090197846,0.010224412,train,0.037408434
2018-02-02,EFA,-0.04280526,-0.0010389253,0.041766334,train,-0.013001593
2018-02-02,IWM,-0.039176505,-0.020073237,0.019103268,train,-0.010918528
2018-02-02,SPY,-0.04272216,0.012087228,0.05480939,train,0.03414706
2018-02-02,TLT,0.009405585,0.011301966,0.0018963814,train,0.00090197846
2018-02-05,EFA,0.01951742,-0.048210375,0.0677278,train,-0.0010389253
2018-02-05,IWM,0.0118948715,-0.04450781,0.05640268,train,-0.020073237
2018-02-05,SPY,0.019510783,-0.013845859,0.033356644,train,0.012087228
2018-02-05,TLT,-0.006232847,0.03922498,0.045457825,train,0.011301966
2018-02-06,EFA,-0.0106377015,-0.020925472,0.01028777,train,-0.048210375
2018-02-06,IWM,0.0010014502,-0.01477029,0.01577174,train,-0.04450781
2018-02-06,SPY,-0.005439815,-0.014789591,0.0093497755,train,-0.013845859
2018-02-06,TLT,-0.009548493,0.005247285,0.014795778,train,0.03922498
2018-02-07,EFA,-0.026440691,-0.016567865,0.009872826,train,-0.020925472
2018-02-07,IWM,-0.029804548,-0.003951796,0.025852753,train,-0.01477029
2018-02-07,SPY,-0.038230203,-0.0033857138,0.034844488,train,-0.014789591
2018-02-07,TLT,-0.0010947628,0.016779741,0.017874504,train,0.005247285
2018-02-08,EFA,0.0042368444,-0.046632458,0.0508693,train,-0.016567865
2018-02-08,IWM,0.009102927,-0.03241221,0.041515134,train,-0.003951796
2018-02-08,SPY,0.014909496,-0.038506683,0.053416178,train,-0.0033857138
2018-02-08,TLT,-0.006338857,0.0011658403,0.0075046974,train,0.016779741
2018-02-09,EFA,0.015192361,0.01853173,0.0033393698,train,-0.046632458
2018-02-09,IWM,0.00942645,0.040960394,0.03153394,train,-0.03241221
2018-02-09,SPY,0.014578007,0.008650741,0.0059272666,train,-0.038506683
2018-02-09,TLT,0.0043992144,0.010647915,0.006248701,train,0.0011658403
2018-02-12,EFA,-0.0030199375,-0.029893192,0.026873253,train,0.01853173
2018-02-12,IWM,0.0021573782,0.0154022295,0.0132448515,train,0.040960394
2018-02-12,SPY,0.0024841265,0.03413088,0.03164675,train,0.008650741
2018-02-12,TLT,0.004463977,0.020906696,0.01644272,train,0.010647915
2018-02-13,EFA,0.01756051,0.0038666907,0.013693819,train,-0.029893192
2018-02-13,IWM,0.017822275,-0.00023895362,0.018061228,train,0.0154022295
2018-02-13,SPY,0.013405792,-0.020730581,0.034136374,train,0.03413088
2018-02-13,TLT,-0.011155329,0.025122743,0.036278073,train,0.020906696
2018-02-14,EFA,0.0062075984,0.012413142,0.006205544,train,0.0038666907
2018-02-14,IWM,0.010857532,-0.010307549,0.02116508,train,-0.00023895362
2018-02-14,SPY,0.012679467,0.014171397,0.0014919303,train,-0.020730581
2018-02-14,TLT,0.0033936957,0.035672642,0.032278948,train,0.025122743
2018-02-15,EFA,0.004490697,0.003959575,0.0005311216,train,0.012413142
2018-02-15,IWM,0.0035275365,-0.039286498,0.042814035,train,-0.010307549
2018-02-15,SPY,0.00029295214,0.058831435,0.05853848,train,0.014171397
2018-02-15,TLT,0.0054059257,0.018997174,0.013591249,train,0.035672642
2018-02-16,EFA,-0.009425473,-0.035099942,0.02567447,train,0.003959575
2018-02-16,IWM,-0.008250951,-0.02246599,0.01421504,train,-0.039286498
2018-02-16,SPY,-0.0062809275,0.08501153,0.091292456,train,0.058831435
2018-02-16,TLT,-0.0043902528,0.01154981,0.015940063,train,0.018997174
2018-02-20,EFA,-0.004817138,-0.01426371,0.0094465725,train,-0.035099942
2018-02-20,IWM,0.0010517992,0.0003809128,0.00067088637,train,-0.02246599
2018-02-20,SPY,-0.0049866783,-0.021310214,0.016323537,train,0.08501153
2018-02-20,TLT,-0.012344138,0.03263315,0.04497729,train,0.01154981
2018-02-21,EFA,0.0052413726,0.052598987,0.047357615,train,-0.01426371
2018-02-21,IWM,-0.0015780028,0.006852178,0.008430181,train,0.0003809128
2018-02-21,SPY,0.0012952157,-0.020277716,0.021572933,train,-0.021310214
2018-02-21,TLT,0.0029936568,0.04232401,0.039330352,train,0.03263315
2018-02-22,EFA,0.007880488,0.0006861347,0.0071943537,train,0.052598987
2018-02-22,IWM,0.012942408,-0.0035921452,0.016534554,train,0.006852178
2018-02-22,SPY,0.015813798,-0.0095636565,0.025377454,train,-0.020277716
2018-02-22,TLT,0.00884245,0.013945721,0.0051032715,train,0.04232401
2018-02-23,EFA,0.009347885,0.014776185,0.0054283002,train,0.0006861347
2018-02-23,IWM,0.006537928,-0.023572052,0.03010998,train,-0.0035921452
2018-02-23,SPY,0.011545413,0.04155625,0.030010838,train,-0.0095636565
2018-02-23,TLT,0.00033898614,-0.011452232,0.011791218,train,0.013945721
2018-02-26,EFA,-0.014970559,0.0086824335,0.023652993,train,0.014776185
2018-02-26,IWM,-0.014492766,-0.0029066685,0.011586098,train,-0.023572052
2018-02-26,SPY,-0.012565113,-0.020212607,0.007647495,train,0.04155625
2018-02-26,TLT,-0.0014398231,0.015245423,0.016685246,train,-0.011452232
2018-02-27,EFA,-0.009489344,0.008434916,0.01792426,train,0.0086824335
2018-02-27,IWM,-0.015902339,-0.019846862,0.0039445236,train,-0.0029066685
2018-02-27,SPY,-0.010181783,-0.018749207,0.0085674245,train,-0.020212607
2018-02-27,TLT,0.0063356454,0.010909386,0.0045737405,train,0.015245423
2018-02-28,EFA,-0.016935121,0.04546871,0.06240383,train,0.008434916
2018-02-28,IWM,-0.0026638005,0.025858061,0.028521862,train,-0.019846862
2018-02-28,SPY,-0.014647438,-0.012604855,0.0020425832,train,-0.018749207
2018-02-28,TLT,0.006803648,-0.0074099065,0.014213555,train,0.010909386
2018-03-01,EFA,0.0047651087,0.043584052,0.038818944,train,0.04546871
2018-03-01,IWM,0.015878834,0.025963994,0.01008516,train,0.025858061
2018-03-01,SPY,0.0051415698,-0.008475618,0.013617188,train,-0.012604855
2018-03-01,TLT,-0.0081627695,-0.023691023,0.015528253,train,-0.0074099065
2018-03-02,EFA,0.0053157816,-0.019506548,0.024822328,train,0.043584052
2018-03-02,IWM,0.008887096,-0.02763279,0.036519885,train,0.025963994
2018-03-02,SPY,0.011491707,-0.008026179,0.019517886,train,-0.008475618
2018-03-02,TLT,-0.002707455,-0.033095144,0.030387688,train,-0.023691023
2018-03-05,EFA,0.0058573885,-0.007450511,0.013307899,train,-0.019506548
2018-03-05,IWM,0.010741866,0.025276752,0.014534886,train,-0.02763279
2018-03-05,SPY,0.0025318083,0.0073937275,0.004861919,train,-0.008026179
2018-03-05,TLT,0.00093121163,-0.005254353,0.0061855647,train,-0.033095144
2018-03-06,EFA,-0.00028488607,0.028416054,0.02870094,train,-0.007450511
2018-03-06,IWM,0.008778747,0.027612342,0.018833594,train,0.025276752
2018-03-06,SPY,-0.00036671828,0.009591223,0.009957941,train,0.0073937275
2018-03-06,TLT,-0.0011009544,-0.0037216307,0.0026206763,train,-0.005254353
2018-03-07,EFA,0.0021349809,0.02134457,0.01920959,train,0.028416054
2018-03-07,IWM,-0.002043463,0.002859733,0.0049031964,train,0.027612342
2018-03-07,SPY,0.0048278426,-0.0029265122,0.0077543547,train,0.009591223
2018-03-07,TLT,0.0057456587,0.012977192,0.0072315335,train,-0.0037216307
2018-03-08,EFA,0.0063782786,-0.0127469655,0.019125244,train,0.02134457
2018-03-08,IWM,0.015855849,0.0038740537,0.011981795,train,0.002859733
2018-03-08,SPY,0.017252458,-0.009176346,0.026428804,train,-0.0029265122
2018-03-08,TLT,-0.006593104,-0.028218819,0.021625714,train,0.012977192
2018-03-09,EFA,0.0011292015,0.02462236,0.02349316,train,-0.0127469655
2018-03-09,IWM,0.0017605367,-0.023503708,0.025264245,train,0.0038740537
2018-03-09,SPY,-0.0012554793,-0.027857082,0.026601603,train,-0.009176346
2018-03-09,TLT,0.0057505155,0.004355529,0.0013949866,train,-0.028218819
2018-03-12,EFA,-0.0066546793,-0.0043911175,0.0022635618,train,0.02462236
2018-03-12,IWM,-0.0046592047,-0.0027628304,0.0018963744,train,-0.023503708
2018-03-12,SPY,-0.0064840694,-0.011337299,0.0048532295,train,-0.027857082
2018-03-12,TLT,0.0050465968,-0.0023980462,0.007444643,train,0.004355529
2018-03-13,EFA,0.0024121196,-0.04123253,0.043644648,train,-0.0043911175
2018-03-13,IWM,-0.0047443695,0.005895781,0.01064015,train,-0.0027628304
2018-03-13,SPY,-0.005144821,-0.016042924,0.010898102,train,-0.011337299
2018-03-13,TLT,0.008770782,-0.011853928,0.020624708,train,-0.0023980462
2018-03-14,EFA,-0.00056687626,-0.011517663,0.010950786,train,-0.04123253
2018-03-14,IWM,-0.0050218734,0.009637611,0.014659485,train,0.005895781
2018-03-14,SPY,-0.0010901245,-0.009764964,0.0086748395,train,-0.016042924
2018-03-14,TLT,0.0,-0.02989989,0.02989989,train,-0.011853928
2018-03-15,EFA,-0.0007092371,0.03025034,0.030959578,train,-0.011517663
2018-03-15,IWM,0.005592674,0.013363497,0.0077708233,train,0.009637611
2018-03-15,SPY,0.001083656,0.0011679768,8.432078e-05,train,-0.009764964
2018-03-15,TLT,-0.0035825432,-0.008636417,0.0050538736,train,-0.02989989
2018-03-16,EFA,-0.008121711,-0.0027006888,0.0054210224,train,0.03025034
2018-03-16,IWM,-0.009679299,-0.10474358,0.09506428,train,0.013363497
2018-03-16,SPY,-0.013622821,-0.021892602,0.00826978,train,0.0011679768
2018-03-16,TLT,-0.003176709,0.009727085,0.012903794,train,-0.008636417
2018-03-19,EFA,-0.00014287044,-0.013749611,0.01360674,train,-0.0027006888
2018-03-19,IWM,-0.00025610445,-0.017855095,0.01759899,train,-0.10474358
2018-03-19,SPY,0.0016994913,-0.008791985,0.010491476,train,-0.021892602
2018-03-19,TLT,-0.0040274337,0.018070567,0.022098001,train,0.009727085
2018-03-20,EFA,0.0015726747,-0.031275082,0.03284776,train,-0.013749611
2018-03-20,IWM,0.005807713,0.0035826322,0.002225081,train,-0.017855095
2018-03-20,SPY,-0.0019214436,-0.016865687,0.014944244,train,-0.008791985
2018-03-20,TLT,0.0010925798,0.008340526,0.0072479467,train,0.018070567
2018-03-21,EFA,-0.018746292,-0.044406693,0.025660401,train,-0.031275082
2018-03-21,IWM,-0.022171615,-0.012538103,0.009633511,train,0.0035826322
2018-03-21,SPY,-0.025314715,-0.009615878,0.015698837,train,-0.016865687
2018-03-21,TLT,0.009860383,0.026330141,0.016469758,train,0.008340526
2018-03-22,EFA,-0.011124019,-0.00814377,0.002980249,train,-0.044406693
2018-03-22,IWM,-0.021754354,-0.025143122,0.003388768,train,-0.012538103
2018-03-22,SPY,-0.021545015,-0.033322874,0.011777859,train,-0.009615878
2018-03-22,TLT,-0.00074870425,-0.024974024,0.024225319,train,0.026330141
2018-03-23,EFA,0.017797679,-0.040474318,0.058271997,train,-0.00814377
2018-03-23,IWM,0.021624,-0.022011483,0.043635484,train,-0.025143122
2018-03-23,SPY,0.026991379,-0.058331344,0.08532272,train,-0.033322874
2018-03-23,TLT,-0.0038352236,-0.020344524,0.0165093,train,-0.024974024
2018-03-26,EFA,-0.0074014803,-0.06932343,0.061921947,train,-0.040474318
2018-03-26,IWM,-0.019560376,-0.041930884,0.022370508,train,-0.022011483
2018-03-26,SPY,-0.017157743,0.031406086,0.04856383,train,-0.058331344
2018-03-26,TLT,0.010635942,0.024401674,0.013765732,train,-0.020344524
2018-03-27,EFA,0.0058098296,0.0011382713,0.0046715583,train,-0.06932343
2018-03-27,IWM,-0.00033256912,0.018776942,0.019109512,train,-0.041930884
2018-03-27,SPY,-0.0029593427,-0.045455668,0.042496324,train,0.031406086
2018-03-27,TLT,0.0026411477,-0.038432293,0.04107344,train,0.024401674
2018-03-28,EFA,0.009082282,-0.019884909,0.02896719,train,0.0011382713
2018-03-28,IWM,0.01006171,-0.0021761782,0.012237888,train,0.018776942
2018-03-28,SPY,0.0126965,-0.021604348,0.03430085,train,-0.045455668
2018-03-28,TLT,0.004851634,-0.023131521,0.027983155,train,-0.038432293
2018-03-29,EFA,-0.013872986,-0.015613647,0.0017406614,train,-0.019884909
2018-03-29,IWM,-0.02467096,-0.030609848,0.0059388876,train,-0.0021761782
2018-03-29,SPY,-0.02182091,-0.00031429017,0.02150662,train,-0.021604348
2018-03-29,TLT,0.0019714672,-0.017432652,0.019404119,train,-0.023131521
2018-04-02,EFA,0.006382354,-0.04723348,0.053615835,train,-0.015613647
2018-04-02,IWM,0.0142101105,0.021575244,0.0073651336,train,-0.030609848
2018-04-02,SPY,0.012735736,-0.054113824,0.06684956,train,-0.00031429017
2018-04-02,TLT,-0.0077425735,-0.0049479143,0.0027946592,train,-0.017432652
2018-04-03,EFA,0.0034642417,-0.014211105,0.017675348,train,-0.04723348
2018-04-03,IWM,0.012632233,-0.020569555,0.033201788,train,0.021575244
2018-04-03,SPY,0.01064244,0.022119202,0.011476762,train,-0.054113824
2018-04-03,TLT,-0.0020692246,-0.0037458125,0.0016765879,train,-0.0049479143
2018-04-04,EFA,0.006606288,-0.023423364,0.030029653,train,-0.014211105
2018-04-04,IWM,0.008246479,-0.018451905,0.026698384,train,-0.020569555
2018-04-04,SPY,0.007860753,0.00043172156,0.007429031,train,0.022119202
2018-04-04,TLT,-0.007485165,-0.009200724,0.001715559,train,-0.0037458125
2018-04-05,EFA,-0.006606288,-0.025495252,0.018888963,train,-0.023423364
2018-04-05,IWM,-0.020147003,-0.020967117,0.00082011335,train,-0.018451905
2018-04-05,SPY,-0.022537703,-0.039644722,0.01710702,train,0.00043172156
2018-04-05,TLT,0.010876632,0.014523901,0.0036472687,train,-0.009200724
2018-04-06,EFA,0.008179568,-0.014089564,0.022269132,train,-0.025495252
2018-04-06,IWM,0.0011965128,-0.013028258,0.014224771,train,-0.020967117
2018-04-06,SPY,0.0049160267,-0.014448144,0.01936417,train,-0.039644722
2018-04-06,TLT,0.0016502308,-0.017964428,0.01961466,train,0.014523901
2018-04-09,EFA,0.010661965,-0.05825698,0.06891894,train,-0.014089564
2018-04-09,IWM,0.018689774,0.048153594,0.02946382,train,-0.013028258
2018-04-09,SPY,0.015775187,-0.009467209,0.025242396,train,-0.014448144
2018-04-09,TLT,-0.0018154746,-0.013481187,0.011665712,train,-0.017964428
2018-04-10,EFA,-0.0038251672,-0.023951156,0.020125989,train,-0.05825698
2018-04-10,IWM,0.0021491349,-0.008557549,0.010706684,train,0.048153594
2018-04-10,SPY,-0.005255798,-0.0021834387,0.0030723591,train,-0.009467209
2018-04-10,TLT,0.003545091,-0.00052478816,0.004069879,train,-0.013481187
2018-04-11,EFA,0.0038251672,-0.006988837,0.010814004,train,-0.023951156
2018-04-11,IWM,0.006807599,0.039855987,0.033048388,train,-0.008557549
2018-04-11,SPY,0.008193279,-0.02564996,0.033843238,train,-0.0021834387
2018-04-11,TLT,-0.0073515163,-0.020614797,0.013263281,train,-0.00052478816
2018-04-12,EFA,0.0009893109,-0.011427181,0.012416491,train,-0.006988837
2018-04-12,IWM,-0.0052475575,0.02055283,0.025800388,train,0.039855987
2018-04-12,SPY,-0.002937481,0.009226175,0.012163656,train,-0.02564996
2018-04-12,TLT,0.0023184738,0.010701437,0.008382963,train,-0.020614797
2018-04-13,EFA,0.0015527643,-0.0031594955,0.00471226,train,-0.011427181
2018-04-13,IWM,0.009181708,0.009149961,3.1746924e-05,train,0.02055283
2018-04-13,SPY,0.008188381,-0.0067918696,0.014980251,train,0.009226175
2018-04-13,TLT,0.00033095226,-0.011508545,0.011839497,train,0.010701437
2018-04-16,EFA,0.0045031304,0.03413662,0.029633489,train,-0.0031594955
2018-04-16,IWM,0.010818241,-0.009427933,0.020246174,train,0.009149961
2018-04-16,SPY,0.0106413625,0.017043134,0.0064017717,train,-0.0067918696
2018-04-16,TLT,0.0027253206,0.011741662,0.0090163415,train,-0.011508545
2018-04-17,EFA,0.005181712,-0.0035463055,0.008728018,train,0.03413662
2018-04-17,IWM,0.0026705463,-0.018559096,0.021229643,train,-0.009427933
2018-04-17,SPY,0.00073986035,0.014709661,0.0139698,train,0.017043134
2018-04-17,TLT,-0.008031053,0.007645414,0.015676467,train,0.011741662
2018-04-18,EFA,-0.0037784576,0.03362025,0.037398707,train,-0.0035463055
2018-04-18,IWM,-0.006945324,0.012066364,0.019011687,train,-0.018559096
2018-04-18,SPY,-0.0055628857,0.0040951334,0.009658019,train,0.014709661
2018-04-18,TLT,-0.008179358,0.012319729,0.020499088,train,0.007645414
2018-04-19,EFA,-0.0037930622,-0.046105728,0.042312667,train,0.03362025
2018-04-19,IWM,-0.0053851856,0.021868564,0.02725375,train,0.012066364
2018-04-19,SPY,-0.008515487,0.0026132446,0.011128732,train,0.0040951334
2018-04-19,TLT,-0.0072340313,0.0039159274,0.011149959,train,0.012319729
2018-04-20,EFA,-0.0012675123,-0.04524161,0.043974098,train,-0.046105728
2018-04-20,IWM,-0.0014804461,0.014747061,0.016227506,train,0.021868564
2018-04-20,SPY,-0.0001499224,-0.0032335757,0.0030836533,train,0.0026132446
2018-04-20,TLT,0.00025357786,-0.005322438,0.005576016,train,0.0039159274
2018-04-23,EFA,-0.004095185,-0.009390539,0.0052953535,train,-0.04524161
2018-04-23,IWM,-0.005746411,0.006557543,0.012303954,train,0.014747061
2018-04-23,SPY,-0.0135589205,-0.0070174434,0.006541477,train,-0.0032335757
2018-04-23,TLT,-0.0045679677,0.01532967,0.019897638,train,-0.005322438
2018-04-24,EFA,-0.0016992871,-0.0092915725,0.0075922855,train,-0.009390539
2018-04-24,IWM,-0.0014904274,0.02120843,0.022698857,train,0.006557543
2018-04-24,SPY,0.002468711,-0.010944055,0.013412766,train,-0.0070174434
2018-04-24,TLT,-0.006720433,0.011990277,0.01871071,train,0.01532967
2018-04-25,EFA,0.0049486617,0.021519458,0.016570795,train,-0.0092915725
2018-04-25,IWM,0.0045937854,-0.019649519,0.024243305,train,0.02120843
2018-04-25,SPY,0.010114358,-0.005664131,0.01577849,train,-0.010944055
2018-04-25,TLT,0.006974784,0.0051926966,0.0017820876,train,0.011990277
2018-04-26,EFA,0.000986732,-0.006708911,0.007695643,train,0.021519458
2018-04-26,IWM,-0.0014207052,-0.0370522,0.035631493,train,-0.019649519
2018-04-26,SPY,0.00093838415,0.008747181,0.0078087966,train,-0.005664131
2018-04-26,TLT,0.0076832348,0.0637949,0.056111667,train,0.0051926966
2018-04-27,EFA,-0.0032460275,-0.0056090974,0.00236307,train,-0.006708911
2018-04-27,IWM,-0.008896216,-0.053789385,0.044893168,train,-0.0370522
2018-04-27,SPY,-0.007720102,-0.0026636585,0.0050564436,train,0.008747181
2018-04-27,TLT,0.0017649669,0.004516383,0.0027514163,train,0.0637949
2018-04-30,EFA,-0.0035404386,0.0055640205,0.009104459,train,-0.0056090974
2018-04-30,IWM,0.004879927,-0.06545784,0.07033777,train,-0.053789385
2018-04-30,SPY,0.0017747919,-0.023658419,0.02543321,train,-0.0026636585
2018-04-30,TLT,-0.0036082044,0.034970637,0.03857884,train,0.004516383
2018-05-01,EFA,-0.00042570446,-0.0029748739,0.0025491694,train,0.0055640205
2018-05-01,IWM,0.0037570593,-0.049801737,0.053558797,train,-0.06545784
2018-05-01,SPY,-0.0067399126,0.004292972,0.011032885,train,-0.023658419
2018-05-01,TLT,-0.0010984283,0.00424826,0.0053466884,train,0.034970637
2018-05-02,EFA,0.0031176326,0.025413295,0.022295663,train,-0.0029748739
2018-05-02,IWM,-0.0054463795,-0.018471107,0.013024727,train,-0.049801737
2018-05-02,SPY,-0.0022059737,-0.021922354,0.01971638,train,0.004292972
2018-05-02,TLT,0.0044708382,-0.007895382,0.01236622,train,0.00424826
2018-05-03,EFA,0.003530869,0.050033137,0.04650227,train,0.025413295
2018-05-03,IWM,0.012405778,-0.02958175,0.041987527,train,-0.018471107
2018-05-03,SPY,0.012863444,-0.012441732,0.025305176,train,-0.021922354
2018-05-03,TLT,0.0015142934,0.013445614,0.011931321,train,-0.007895382
2018-05-04,EFA,0.00014091276,0.03867984,0.038538925,train,0.050033137
2018-05-04,IWM,0.008440524,-0.012376694,0.020817218,train,-0.02958175
2018-05-04,SPY,0.0033775219,0.025576128,0.022198606,train,-0.012441732
2018-05-04,TLT,-0.001598319,0.00018480839,0.0017831274,train,0.013445614
2018-05-07,EFA,0.00014096139,0.000672827,0.00053186563,train,0.03867984
2018-05-07,IWM,0.00495413,-0.015321238,0.020275367,train,-0.012376694
2018-05-07,SPY,0.0,-0.012185888,0.012185888,train,0.025576128
2018-05-07,TLT,-0.0009265917,0.008621473,0.009548064,train,0.00018480839
2018-05-08,EFA,0.0023931037,0.020176841,0.017783737,train,0.000672827
2018-05-08,IWM,0.0053712768,-0.004108299,0.009479576,train,-0.015321238
2018-05-08,SPY,0.009618948,-0.007147091,0.01676604,train,-0.012185888
2018-05-08,TLT,-0.0059996634,0.016914194,0.022913858,train,0.008621473
2018-05-09,EFA,0.0064471005,0.0029603052,0.0034867954,train,0.020176841
2018-05-09,IWM,0.0053422637,-0.0061805616,0.011522826,train,-0.004108299
2018-05-09,SPY,0.0093076,0.003095292,0.0062123076,train,-0.007147091
2018-05-09,TLT,0.008019878,0.033359487,0.025339609,train,0.016914194
2018-05-10,EFA,0.0026508549,-0.003497886,0.0061487406,train,0.0029603052
2018-05-10,IWM,0.0019414293,0.0069977012,0.005056272,train,-0.0061805616
2018-05-10,SPY,0.0030463138,0.0022161477,0.00083016604,train,0.003095292
2018-05-10,TLT,0.0025194227,-0.00988525,0.012404673,train,0.033359487
2018-05-11,EFA,0.0018099302,0.00465572,0.00284579,train,-0.003497886
2018-05-11,IWM,-0.0038234966,0.00055256486,0.0043760613,train,0.0069977012
2018-05-11,SPY,0.00047638142,0.0013657981,0.00088941667,train,0.0022161477
2018-05-11,TLT,-0.0052980906,0.02295277,0.028250862,train,-0.00988525
2018-05-14,EFA,-0.007258506,0.00797959,0.015238097,train,0.00465572
2018-05-14,IWM,0.00018844022,0.003096404,0.0029079637,train,0.00055256486
2018-05-14,SPY,-0.0069107222,0.00028479146,0.0071955137,train,0.0013657981
2018-05-14,TLT,-0.011448163,0.03055457,0.042002734,train,0.02295277
2018-05-15,EFA,0.0013997029,-0.020011537,0.02141124,train,0.00797959
2018-05-15,IWM,0.010368927,-0.0073163924,0.01768532,train,0.003096404
2018-05-15,SPY,0.0041962247,-0.020842405,0.02503863,train,0.00028479146
2018-05-15,TLT,-0.0038452568,0.07198637,0.07583163,train,0.03055457
2018-05-16,EFA,0.0015377192,-0.012121566,0.013659284,train,-0.020011537
2018-05-16,IWM,0.0045883264,0.00275625,0.0018320763,train,-0.0073163924
2018-05-16,SPY,-0.00084491516,-0.0015680012,0.00072308606,train,-0.020842405
2018-05-16,TLT,-0.005063885,0.02611816,0.031182043,train,0.07198637
2018-05-17,EFA,-0.0036382473,-0.012605483,0.008967236,train,-0.012121566
2018-05-17,IWM,0.0012980124,0.005913331,0.004615319,train,0.00275625
2018-05-17,SPY,-0.0025031785,0.00018260581,0.0026857844,train,-0.0015680012
2018-05-17,TLT,0.008568117,0.0135775525,0.005009435,train,0.02611816
2018-05-18,EFA,0.006288665,0.02901193,0.022723265,train,-0.012605483
2018-05-18,IWM,0.006588522,0.0031184522,0.0034700697,train,0.005913331
2018-05-18,SPY,0.007490564,0.0005717133,0.006918851,train,0.00018260581
2018-05-18,TLT,0.000511614,-0.047399532,0.047911145,train,0.0135775525
2018-05-21,EFA,-0.0012544782,-0.01430086,0.013046382,train,0.02901193
2018-05-21,IWM,-0.0072683915,0.0028315694,0.0100999605,train,0.0031184522
2018-05-21,SPY,-0.0027840796,0.0066477666,0.009431846,train,0.0005717133
2018-05-21,TLT,-0.0015358716,0.039134357,0.040670227,train,-0.047399532
2018-05-22,EFA,-0.011080782,0.01336428,0.02444506,train,-0.01430086
2018-05-22,IWM,0.0012974188,-0.03709467,0.03839209,train,0.0028315694
2018-05-22,SPY,0.0027472917,0.012922365,0.0101750735,train,0.0066477666
2018-05-22,TLT,0.0072328374,0.03201249,0.024779651,train,0.039134357
2018-05-23,EFA,-0.003107806,0.029212164,0.03231997,train,0.01336428
2018-05-23,IWM,0.00037026335,-0.008014072,0.008384335,train,-0.03709467
2018-05-23,SPY,-0.002051113,0.0106414445,0.012692558,train,0.012922365
2018-05-23,TLT,0.00793886,0.025768926,0.017830066,train,0.03201249
2018-05-24,EFA,-0.006529393,0.03223045,0.038759846,train,0.029212164
2018-05-24,IWM,-0.0017911552,0.0037201303,0.0055112857,train,-0.008014072
2018-05-24,SPY,-0.0023853127,0.02045385,0.022839162,train,0.0106414445
2018-05-24,TLT,0.006205245,0.00909153,0.002886285,train,0.025768926
2018-05-25,EFA,-0.020574916,0.025635287,0.046210203,train,0.03223045
2018-05-25,IWM,-0.0013611916,0.005714914,0.0070761056,train,0.0037201303
2018-05-25,SPY,-0.011567627,0.01573424,0.027301867,train,0.02045385
2018-05-25,TLT,0.02166648,0.011721121,0.009945359,train,0.00909153
2018-05-29,EFA,0.015148522,0.03737279,0.022224268,train,0.025635287
2018-05-29,IWM,0.015724974,-0.027684009,0.043408982,train,0.005714914
2018-05-29,SPY,0.013256761,0.025577117,0.0123203555,train,0.01573424
2018-05-29,TLT,-0.0067308396,-0.05165051,0.04491967,train,0.011721121
2018-05-30,EFA,-0.006320015,0.0070957444,0.013415759,train,0.03737279
2018-05-30,IWM,-0.008015868,-0.023001896,0.014986028,train,-0.027684009
2018-05-30,SPY,-0.006144948,-0.0037302752,0.0024146726,train,0.025577117
2018-05-30,TLT,-0.0016484986,-0.0067726444,0.0051241457,train,-0.05165051
2018-05-31,EFA,0.0086083915,5.5324752e-05,0.008553067,train,0.0070957444
2018-05-31,IWM,0.0065521086,0.0033882507,0.0031638579,train,-0.023001896
2018-05-31,SPY,0.00976993,0.014126962,0.0043570325,train,-0.0037302752
2018-05-31,TLT,-0.00529738,0.030256031,0.03555341,train,-0.0067726444
2018-06-01,EFA,0.0029954526,0.0038785539,0.00088310125,train,5.5324752e-05
2018-06-01,IWM,0.0052961195,-0.02700627,0.03230239,train,0.0033882507
2018-06-01,SPY,0.004740381,0.006780558,0.0020401767,train,0.014126962
2018-06-01,TLT,-0.007258343,0.04270782,0.049966164,train,0.030256031
2018-06-04,EFA,-0.0015681058,-0.015575709,0.014007603,train,0.0038785539
2018-06-04,IWM,0.0061738594,-0.042716134,0.048889995,train,-0.02700627
2018-06-04,SPY,0.0007270005,-0.005025212,0.005752213,train,0.006780558
2018-06-04,TLT,0.002341373,0.023043131,0.020701759,train,0.04270782
2018-06-05,EFA,0.008947332,-0.0084092375,0.01735657,train,-0.015575709
2018-06-05,IWM,0.0072144414,-0.02746482,0.03467926,train,-0.042716134
2018-06-05,SPY,0.008326151,-0.0060211583,0.014347309,train,-0.005025212
2018-06-05,TLT,-0.008135781,-0.023835793,0.015700012,train,0.023043131
2018-06-06,EFA,-0.005671579,0.007395079,0.013066658,train,-0.0084092375
2018-06-06,IWM,-0.005466372,-0.020861005,0.015394634,train,-0.02746482
2018-06-06,SPY,-0.00010839179,-0.014771536,0.014663144,train,-0.0060211583
2018-06-06,TLT,0.009638144,-0.010925412,0.020563556,train,-0.023835793
2018-06-07,EFA,0.0011369059,-0.011248944,0.01238585,train,0.007395079
2018-06-07,IWM,0.0030070667,-0.03593317,0.038940236,train,-0.020861005
2018-06-07,SPY,0.0029519275,-0.010233078,0.013185006,train,-0.014771536
2018-06-07,TLT,-0.0030069079,-0.07595714,0.07295024,train,-0.010925412
2018-06-08,EFA,0.006370574,-0.00793742,0.014307994,train,-0.011248944
2018-06-08,IWM,0.0014999977,-0.026449783,0.02794978,train,-0.03593317
2018-06-08,SPY,0.0013292945,-0.014134692,0.015463986,train,-0.010233078
2018-06-08,TLT,-0.0018421704,-0.003654907,0.0018127366,train,-0.07595714
2018-06-11,EFA,-0.006370574,-0.038081776,0.031711202,train,-0.00793742
2018-06-11,IWM,0.0045471536,-0.018312145,0.022859298,train,-0.026449783
2018-06-11,SPY,0.001291537,-0.006312437,0.007603974,train,-0.014134692
2018-06-11,TLT,0.0002512713,0.006061585,0.005810314,train,-0.003654907
2018-06-12,EFA,0.0014193171,-0.008082911,0.009502228,train,-0.038081776
2018-06-12,IWM,-0.003947441,-0.019171769,0.015224328,train,-0.018312145
2018-06-12,SPY,-0.0031964853,-0.019585608,0.016389122,train,-0.006312437
2018-06-12,TLT,-0.0005029238,-0.034341957,0.033839032,train,0.006061585
2018-06-13,EFA,-0.0021297317,0.0020266105,0.0041563422,train,-0.008082911
2018-06-13,IWM,0.0053190584,-0.003196728,0.008515786,train,-0.019171769
2018-06-13,SPY,0.0025148464,-0.0009265533,0.0034413997,train,-0.019585608
2018-06-13,TLT,0.008265362,-0.055376556,0.06364192,train,-0.034341957
2018-06-14,EFA,-0.0051295916,0.03365365,0.03878324,train,0.0020266105
2018-06-14,IWM,0.00029808164,-0.01048002,0.010778102,train,-0.003196728
2018-06-14,SPY,-0.001276582,-0.009065829,0.007789247,train,-0.0009265533
2018-06-14,TLT,0.00091443333,0.008494865,0.0075804316,train,-0.055376556
2018-06-15,EFA,-0.0071683642,0.036237117,0.04340548,train,0.03365365
2018-06-15,IWM,0.0046970365,-0.011685632,0.016382668,train,-0.01048002
2018-06-15,SPY,-0.0020589442,-0.025734985,0.023676042,train,-0.009065829
2018-06-15,TLT,-0.00091443333,-0.0014756876,0.0005612543,train,0.008494865
2018-06-18,EFA,-0.0092287585,0.0063943486,0.015623108,train,0.036237117
2018-06-18,IWM,5.9026737e-05,0.003989662,0.0039306353,train,-0.011685632
2018-06-18,SPY,-0.0038400772,-0.0037810882,5.898904e-05,train,-0.025734985
2018-06-18,TLT,0.0058036325,-0.0021623843,0.007966017,train,-0.0014756876
2018-06-19,EFA,0.00074032333,-0.008905588,0.009645911,train,0.0063943486
2018-06-19,IWM,0.008033595,-0.0017895908,0.009823186,train,0.003989662
2018-06-19,SPY,0.0017046428,-0.006895064,0.008599707,train,-0.0037810882
2018-06-19,TLT,-0.008801342,-0.0008835285,0.007917814,train,-0.0021623843
2018-06-20,EFA,-0.0071291914,-0.036007356,0.028878164,train,-0.008905588
2018-06-20,IWM,-0.009398493,-0.00658056,0.002817933,train,-0.0017895908
2018-06-20,SPY,-0.0062888893,-0.0014660121,0.0048228772,train,-0.006895064
2018-06-20,TLT,0.0052406006,0.009862348,0.004621748,train,-0.0008835285
2018-06-21,EFA,0.010527075,0.005451677,0.0050753984,train,-0.036007356
2018-06-21,IWM,-0.0033313588,0.0066030244,0.009934383,train,-0.00658056
2018-06-21,SPY,0.0018219198,-0.0017860602,0.00360798,train,-0.0014660121
2018-06-21,TLT,-8.3335995e-05,-0.0065908204,0.0065074842,train,0.009862348
2018-06-22,EFA,-0.013961192,-0.0016588275,0.012302365,train,0.005451677
2018-06-22,IWM,-0.0164617,0.017963285,0.034424983,train,0.0066030244
2018-06-22,SPY,-0.013706593,-0.011772787,0.0019338056,train,-0.0017860602
2018-06-22,TLT,0.0022379013,-0.009620506,0.011858407,train,-0.0065908204
2018-06-25,EFA,0.0017933705,0.027571071,0.025777701,train,-0.0016588275
2018-06-25,IWM,0.0057982663,0.0019371747,0.0038610916,train,0.017963285
2018-06-25,SPY,0.002211733,0.018023008,0.015811276,train,-0.011772787
2018-06-25,TLT,0.001406176,-0.00023679016,0.0016429662,train,-0.009620506
2018-06-26,EFA,-0.009450491,0.02257813,0.03202862,train,0.027571071
2018-06-26,IWM,-0.016149642,-0.00506994,0.0110797025,train,0.0019371747
2018-06-26,SPY,-0.008318484,0.013593638,0.021912122,train,0.018023008
2018-06-26,TLT,0.009379827,0.0033092308,0.0060705966,train,-0.00023679016
2018-06-27,EFA,0.0037608447,0.030478492,0.026717648,train,0.02257813
2018-06-27,IWM,0.003055685,-0.016089013,0.019144697,train,-0.00506994
2018-06-27,SPY,0.0057006744,-0.010970835,0.016671509,train,0.013593638
2018-06-27,TLT,0.00024527733,0.00034395093,9.86736e-05,train,0.0033092308
2018-06-28,EFA,0.005540108,0.032089632,0.026549524,train,0.030478492
2018-06-28,IWM,-0.0006717338,-0.021574458,0.020902725,train,-0.016089013
2018-06-28,SPY,0.0014387475,0.037714753,0.036276005,train,-0.010970835
2018-06-28,TLT,-0.0034447464,0.01584021,0.019284956,train,0.00034395093
2018-06-29,EFA,-0.009150232,0.016120883,0.025271114,train,0.032089632
2018-06-29,IWM,0.0068763555,-0.0049624913,0.011838847,train,-0.021574458
2018-06-29,SPY,0.0021356768,0.031064179,0.028928502,train,0.037714753
2018-06-29,TLT,-0.0007822256,-0.005210793,0.0044285674,train,0.01584021
2018-07-02,EFA,0.003009282,0.04857014,0.04556086,train,0.016120883
2018-07-02,IWM,0.003978638,-0.0102786645,0.0142573025,train,-0.0049624913
2018-07-02,SPY,-0.0035373403,0.05516034,0.058697682,train,0.031064179
2018-07-02,TLT,0.0053419997,-0.0028438284,0.008185828,train,-0.005210793
2018-07-03,EFA,0.009867185,-0.008686846,0.018554032,train,0.04857014
2018-07-03,IWM,0.011331655,0.003605669,0.007725986,train,-0.0102786645
2018-07-03,SPY,0.008124782,0.034237593,0.026112812,train,0.05516034
2018-07-03,TLT,0.0028650656,0.0019225129,0.0009425527,train,-0.0028438284
2018-07-05,EFA,0.0053411713,-0.05480773,0.060148902,train,-0.008686846
2018-07-05,IWM,0.00841626,0.028457886,0.020041626,train,0.003605669
2018-07-05,SPY,0.008422932,0.012704948,0.0042820163,train,0.034237593
2018-07-05,TLT,0.0032632726,-0.0047642686,0.008027541,train,0.0019225129
2018-07-06,EFA,0.00957227,0.012706028,0.003133758,train,-0.05480773
2018-07-06,IWM,0.006280503,-0.010425422,0.016705925,train,0.028457886
2018-07-06,SPY,0.008963908,0.039355855,0.030391946,train,0.012704948
2018-07-06,TLT,-0.006456136,-0.00052196207,0.0059341737,train,-0.0047642686
2018-07-09,EFA,-0.00043969144,0.021357747,0.02179744,train,0.012706028
2018-07-09,IWM,-0.0045586275,-0.0046067056,4.807813e-05,train,-0.010425422
2018-07-09,SPY,0.0035916814,0.011463992,0.007872311,train,0.039355855
2018-07-09,TLT,-8.186916e-05,0.008319328,0.008401196,train,-0.00052196207
2018-07-10,EFA,-0.016856864,0.051645692,0.06850256,train,0.021357747
2018-07-10,IWM,-0.008520593,-0.024418736,0.015898142,train,-0.0046067056
2018-07-10,SPY,-0.007341191,0.0071567376,0.014497928,train,0.011463992
2018-07-10,TLT,0.0038463443,-0.003651394,0.007497738,train,0.008319328
2018-07-11,EFA,0.007724284,0.010175405,0.0024511209,train,0.051645692
2018-07-11,IWM,0.004835288,-0.018099478,0.022934765,train,-0.024418736
2018-07-11,SPY,0.00902501,-0.0063575613,0.015382571,train,0.0071567376
2018-07-11,TLT,-8.171616e-05,-0.0071591255,0.0070774094,train,-0.003651394
2018-07-12,EFA,0.0031026471,-0.021808604,0.02491125,train,0.010175405
2018-07-12,IWM,-0.0029820064,-0.0009963564,0.00198565,train,-0.018099478
2018-07-12,SPY,0.00078759645,-0.0023889286,0.003176525,train,-0.0063575613
2018-07-12,TLT,0.0025290216,-0.0061075375,0.008636559,train,-0.0071591255
2018-07-13,EFA,-0.0004428272,-0.0068138675,0.0063710404,train,-0.021808604
2018-07-13,IWM,-0.0038902822,0.0034087566,0.0072990386,train,-0.0009963564
2018-07-13,SPY,-0.0008949269,0.006895517,0.007790444,train,-0.0023889286
2018-07-13,TLT,-0.0041640517,0.0042276736,0.008391725,train,-0.0061075375
2018-07-16,EFA,0.0017695719,-0.008615661,0.010385233,train,-0.0068138675
2018-07-16,IWM,0.004427818,0.0028725094,0.0015553087,train,0.0034087566
2018-07-16,SPY,0.0040372903,0.017888501,0.0138512105,train,0.006895517
2018-07-16,TLT,-0.0018837003,0.013748957,0.015632657,train,0.0042276736
2018-07-17,EFA,0.0001472529,-0.009658733,0.009805987,train,-0.008615661
2018-07-17,IWM,0.0028017263,0.025051866,0.02225014,train,0.0028725094
2018-07-17,SPY,0.0021010258,0.014966099,0.012865073,train,0.017888501
2018-07-17,TLT,-0.0040252195,-0.006040678,0.0020154584,train,0.013748957
2018-07-18,EFA,-0.0020642197,-0.005896619,0.0038323994,train,-0.009658733
2018-07-18,IWM,0.007059037,-0.031288393,0.03834743,train,0.025051866
2018-07-18,SPY,-0.0037782344,0.004316785,0.0080950195,train,0.014966099
2018-07-18,TLT,0.006318102,0.03665875,0.030340647,train,-0.006040678
2018-07-19,EFA,0.0047121206,-0.021998433,0.026710555,train,-0.005896619
2018-07-19,IWM,-0.004087156,0.012248173,0.016335329,train,-0.031288393
2018-07-19,SPY,-0.0011435476,0.0045841723,0.00572772,train,0.004316785
2018-07-19,TLT,-0.012344977,-0.004439471,0.007905506,train,0.03665875
2018-07-20,EFA,0.0,0.0027036308,0.0027036308,train,-0.021998433
2018-07-20,IWM,0.0012458853,0.0149112195,0.013665334,train,0.012248173
2018-07-20,SPY,0.0018575478,0.009869993,0.008012445,train,0.0045841723
2018-07-20,TLT,-0.012415249,0.006289066,0.018704314,train,-0.004439471
2018-07-23,EFA,0.0058590793,-0.032742575,0.038601656,train,0.0027036308
2018-07-23,IWM,-0.0107276,0.085036114,0.09576371,train,0.0149112195
2018-07-23,SPY,0.005019634,0.0055139503,0.0004943162,train,0.009869993
2018-07-23,TLT,0.0034318592,-0.009098193,0.012530052,train,0.006289066
2018-07-24,EFA,0.007420914,0.018123379,0.010702465,train,-0.032742575
2018-07-24,IWM,0.0036484064,0.049465183,0.045816775,train,0.085036114
2018-07-24,SPY,0.008486072,-0.00024477905,0.008730851,train,0.0055139503
2018-07-24,TLT,-0.0015890333,0.014382394,0.015971428,train,-0.009098193
2018-07-25,EFA,-0.0045043016,0.016575748,0.02108005,train,0.018123379
2018-07-25,IWM,0.0053585516,0.0026907832,0.0026677684,train,0.049465183
2018-07-25,SPY,-0.002361631,-0.013297485,0.010935854,train,-0.00024477905
2018-07-25,TLT,-0.0019265418,0.007875218,0.00980176,train,0.014382394
2018-07-26,EFA,0.0018913088,0.020237744,0.018346434,train,0.016575748
2018-07-26,IWM,-0.018821962,-0.003982268,0.014839694,train,0.0026907832
2018-07-26,SPY,-0.0067990455,0.019105298,0.025904344,train,-0.013297485
2018-07-26,TLT,0.0016755984,-0.0029505403,0.0046261386,train,0.007875218
2018-07-27,EFA,-0.00014544361,0.025227716,0.025373159,train,0.020237744
2018-07-27,IWM,-0.0064350176,-0.0077860015,0.001350984,train,-0.003982268
2018-07-27,SPY,-0.0052376403,0.02004816,0.0252858,train,0.019105298
2018-07-27,TLT,-0.0034380315,0.018792165,0.022230197,train,-0.0029505403
2018-07-30,EFA,0.0013075399,-0.0011652573,0.0024727972,train,0.025227716
2018-07-30,IWM,0.010119343,-0.0011634552,0.011282798,train,-0.0077860015
2018-07-30,SPY,0.004917595,0.033720538,0.028802942,train,0.02004816
2018-07-30,TLT,0.005445003,0.027471127,0.022026123,train,0.018792165
2018-07-31,EFA,-0.0050941543,0.030450707,0.03554486,train,-0.0011652573
2018-07-31,IWM,-0.00066340243,-0.011157302,0.0104939,train,-0.0011634552
2018-07-31,SPY,-0.0016723821,0.006629395,0.008301777,train,0.033720538
2018-07-31,TLT,-0.008180417,0.05732679,0.0655072,train,0.027471127
2018-08-01,EFA,-0.0065879608,0.018289804,0.024877764,train,0.030450707
2018-08-01,IWM,0.0072732326,-0.0010283166,0.008301549,train,-0.011157302
2018-08-01,SPY,0.005432909,0.011179065,0.0057461564,train,0.006629395
2018-08-01,TLT,0.0014343526,0.036194,0.03475965,train,0.05732679
2018-08-02,EFA,0.00058715197,0.029770898,0.029183745,train,0.018289804
2018-08-02,IWM,-0.0034796898,-0.0061389212,0.0026592314,train,-0.0010283166
2018-08-02,SPY,0.00427556,-0.00070108287,0.004976643,train,0.011179065
2018-08-02,TLT,0.004960889,0.04538058,0.04041969,train,0.036194
2018-08-03,EFA,-0.0042660884,-0.0013404549,0.0029256335,train,0.029770898
2018-08-03,IWM,0.0055735195,0.004659373,0.00091414666,train,-0.0061389212
2018-08-03,SPY,0.003660442,0.0008117296,0.0028487125,train,-0.00070108287
2018-08-03,TLT,0.00058712735,0.032657936,0.032070808,train,0.04538058
2018-08-06,EFA,0.0077831727,0.0231834,0.015400227,train,-0.0013404549
2018-08-06,IWM,0.002387821,0.015322423,0.012934602,train,0.004659373
2018-08-06,SPY,0.0032969436,-0.0014638021,0.004760746,train,0.0008117296
2018-08-06,TLT,-0.0052107363,0.0131923705,0.018403107,train,0.032657936
2018-08-07,EFA,-0.00087811216,-0.037125003,0.036246892,train,0.0231834
2018-08-07,IWM,-0.0008943643,0.01729704,0.018191405,train,0.015322423
2018-08-07,SPY,-0.00042011173,-2.5826506e-05,0.00039428522,train,-0.0014638021
2018-08-07,TLT,0.0010104432,0.019620309,0.018609865,train,0.0131923705
2018-08-08,EFA,-0.0029325753,0.038612593,0.041545168,train,-0.037125003
2018-08-08,IWM,0.0025624528,-0.0057935338,0.008355986,train,0.01729704
2018-08-08,SPY,-0.0013672899,0.006845971,0.008213261,train,-2.5826506e-05
2018-08-08,TLT,0.008382939,0.029392323,0.021009384,train,0.019620309
2018-08-09,EFA,-0.020172693,0.024816459,0.044989154,train,0.038612593
2018-08-09,IWM,-0.0028014926,-0.014298102,0.011496609,train,-0.0057935338
2018-08-09,SPY,-0.0067224703,0.003729362,0.010451833,train,0.006845971
2018-08-09,TLT,0.00723675,0.008208597,0.0009718472,train,0.029392323
2018-08-10,EFA,-0.0036023948,0.018254077,0.021856472,train,0.024816459
2018-08-10,IWM,-0.005866986,0.0835709,0.08943789,train,-0.014298102
2018-08-10,SPY,-0.0037501596,0.024081958,0.027832119,train,0.003729362
2018-08-10,TLT,-0.002073978,0.004977686,0.007051664,train,0.008208597
2018-08-13,EFA,-0.00015047434,0.025774276,0.02592475,train,0.018254077
2018-08-13,IWM,0.009858369,0.020405872,0.010547503,train,0.0835709
2018-08-13,SPY,0.0063601714,0.009928677,0.0035685059,train,0.024081958
2018-08-13,TLT,-0.002245216,0.007151147,0.009396363,train,0.004977686
2018-08-14,EFA,-0.014543412,0.026167111,0.040710524,train,0.025774276
2018-08-14,IWM,-0.012623973,-0.014000541,0.0013765674,train,0.020405872
2018-08-14,SPY,-0.007495627,-0.00936562,0.0018699933,train,0.009928677
2018-08-14,TLT,0.005809699,0.0031431294,0.0026665698,train,0.007151147
2018-08-15,EFA,0.006995011,0.009195985,0.0022009742,train,0.026167111
2018-08-15,IWM,0.009229332,0.005630085,0.0035992474,train,-0.014000541
2018-08-15,SPY,0.0080589745,0.0008665859,0.0071923886,train,-0.00936562
2018-08-15,TLT,-8.283442e-05,-0.008003263,0.007920428,train,0.0031431294
2018-08-16,EFA,0.0058925487,0.0063574347,0.00046488596,train,0.009195985
2018-08-16,IWM,0.0042860564,0.007870024,0.0035839677,train,0.005630085
2018-08-16,SPY,0.0035138703,0.005394862,0.0018809917,train,0.0008665859
2018-08-16,TLT,0.0012403134,0.01311164,0.011871327,train,-0.008003263
2018-08-17,EFA,0.0054087215,0.006803879,0.0013951575,train,0.0063574347
2018-08-17,IWM,0.0027876669,-0.0016019982,0.004389665,train,0.007870024
2018-08-17,SPY,0.0021379853,0.005930997,0.0037930117,train,0.005394862
2018-08-17,TLT,0.006673223,0.018297428,0.011624206,train,0.01311164
2018-08-20,EFA,0.0061243675,-0.00873361,0.014857978,train,0.006803879
2018-08-20,IWM,0.011426219,0.0127047505,0.0012785317,train,-0.0016019982
2018-08-20,SPY,0.0023426907,0.004305847,0.0019631563,train,0.005930997
2018-08-20,TLT,-0.003372003,-0.00087222364,0.0024997795,train,0.018297428
2018-08-21,EFA,0.0038647072,0.0051373034,0.0012725962,train,-0.00873361
2018-08-21,IWM,0.0024562266,-0.0009876662,0.0034438928,train,0.0127047505
2018-08-21,SPY,-0.0005941441,-0.013380406,0.012786263,train,0.004305847
2018-08-21,TLT,0.003946667,0.012722803,0.008776136,train,-0.00087222364
2018-08-22,EFA,-0.0071461727,-0.030319871,0.0231737,train,0.0051373034
2018-08-22,IWM,-0.003041928,0.0026512747,0.005693203,train,-0.0009876662
2018-08-22,SPY,-0.0013291036,0.00069827866,0.0020273821,train,-0.013380406
2018-08-22,TLT,0.0015583163,0.00775876,0.0062004435,train,0.012722803
2018-08-23,EFA,0.00581003,0.036250886,0.030440856,train,-0.030319871
2018-08-23,IWM,0.0054343473,0.0065417388,0.0011073914,train,0.0026512747
2018-08-23,SPY,0.0060006143,0.0019016825,0.004098932,train,0.00069827866
2018-08-23,TLT,0.001963984,0.009753937,0.0077899527,train,0.00775876
2018-08-24,EFA,0.013280366,0.03893101,0.025650643,train,0.036250886
2018-08-24,IWM,0.0014560262,0.0035643964,0.0021083702,train,0.0065417388
2018-08-24,SPY,0.007864624,-0.0022297953,0.010094419,train,0.0019016825
2018-08-24,TLT,-0.005740306,0.006062398,0.011802704,train,0.009753937
2018-08-27,EFA,-0.0008798451,-0.0013100398,0.00043019466,train,0.03893101
2018-08-27,IWM,0.0009305855,-0.0043275314,0.005258117,train,0.0035643964
2018-08-27,SPY,0.00048285766,-0.013356375,0.013839232,train,-0.0022297953
2018-08-27,TLT,-0.00602179,0.01804468,0.02406647,train,0.006062398
2018-08-28,EFA,0.005413652,-0.010274503,0.015688155,train,-0.0013100398
2018-08-28,IWM,0.002903009,0.0095735695,0.0066705607,train,-0.0043275314
2018-08-28,SPY,0.0053665647,0.004299919,0.0010666456,train,-0.013356375
2018-08-28,TLT,0.0013230288,0.018304037,0.016981008,train,0.01804468
2018-08-29,EFA,-0.009530096,0.068183325,0.07771342,train,-0.010274503
2018-08-29,IWM,-0.0008121336,-0.026478173,0.02566604,train,0.0095735695
2018-08-29,SPY,-0.0040567373,-0.014411721,0.010354985,train,0.004299919
2018-08-29,TLT,0.0021458354,0.02161614,0.019470304,train,0.018304037
2018-08-30,EFA,-0.007987072,-0.027539523,0.01955245,train,0.068183325
2018-08-30,IWM,0.003822051,0.005064624,0.0012425729,train,-0.026478173
2018-08-30,SPY,3.4368295e-05,0.008285948,0.0082515795,train,-0.014411721
2018-08-30,TLT,-0.0023111866,0.014487854,0.01679904,train,0.02161614
2018-08-31,EFA,-0.008500699,0.035485018,0.043985717,train,-0.027539523
2018-08-31,IWM,-0.004460271,-0.037706356,0.033246085,train,0.005064624
2018-08-31,SPY,-0.0017234124,0.012934636,0.014658049,train,0.008285948
2018-08-31,TLT,-0.0057982267,0.045418363,0.05121659,train,0.014487854
2018-09-04,EFA,-0.009177552,0.011193318,0.02037087,train,0.035485018
2018-09-04,IWM,-0.0026741594,0.020006394,0.022680553,train,-0.037706356
2018-09-04,SPY,-0.0026952038,0.001546137,0.004241341,train,0.012934636
2018-09-04,TLT,-0.0026696506,0.0552239,0.057893552,train,0.045418363
2018-09-05,EFA,-0.0030275753,0.02511823,0.028145805,train,0.011193318
2018-09-05,IWM,-0.00677536,0.00872248,0.015497841,train,0.020006394
2018-09-05,SPY,-0.0030144127,0.014458852,0.017473266,train,0.001546137
2018-09-05,TLT,0.00366868,0.029867413,0.026198732,train,0.0552239
2018-09-06,EFA,-0.008067659,-0.0071477336,0.0009199255,train,0.02511823
2018-09-06,IWM,-0.00052770454,0.017843008,0.018370712,train,0.00872248
2018-09-06,SPY,-0.0019452433,0.037604753,0.039549995,train,0.014458852
2018-09-06,TLT,-0.008525632,0.03934253,0.047868162,train,0.029867413
2018-09-07,EFA,0.0060946927,0.005786774,0.00030791853,train,-0.0071477336
2018-09-07,IWM,0.0012305501,0.0128554795,0.0116249295,train,0.017843008
2018-09-07,SPY,0.001736763,0.03332965,0.031592887,train,0.037604753
2018-09-07,TLT,0.003686982,0.021119343,0.017432362,train,0.03934253
2018-09-10,EFA,0.0009109724,0.009846648,0.008935676,train,0.005786774
2018-09-10,IWM,0.0016387085,-0.0336815,0.035320207,train,0.0128554795
2018-09-10,SPY,0.003292049,-0.012878759,0.016170807,train,0.03332965
2018-09-10,TLT,-0.0076402244,0.06699992,0.07464015,train,0.021119343
2018-09-11,EFA,0.00424065,0.045953624,0.041712973,train,0.009846648
2018-09-11,IWM,-0.0024002616,0.008530712,0.010930973,train,-0.0336815
2018-09-11,SPY,0.00024254208,0.0029791642,0.0027366222,train,-0.012878759
2018-09-11,TLT,0.0023569642,0.009891795,0.007534831,train,0.06699992
2018-09-12,EFA,0.0073778536,0.037364822,0.029986968,train,0.045953624
2018-09-12,IWM,0.00023461269,0.022481503,0.02224689,train,0.008530712
2018-09-12,SPY,0.005896452,0.006217926,0.00032147393,train,0.0029791642
2018-09-12,TLT,0.0015122064,0.06396846,0.06245625,train,0.009891795
2018-09-13,EFA,0.0014991084,0.020795489,0.01929638,train,0.037364822
2018-09-13,IWM,0.004210021,-0.011449242,0.015659263,train,0.022481503
2018-09-13,SPY,0.0001722238,0.006845971,0.006673747,train,0.006217926
2018-09-13,TLT,-0.0047963476,0.016176684,0.02097303,train,0.06396846
2018-09-14,EFA,0.0008982164,-0.017854592,0.018752808,train,0.020795489
2018-09-14,IWM,-0.010676568,-0.030743068,0.0200665,train,-0.011449242
2018-09-14,SPY,-0.005308341,0.0050915056,0.010399846,train,0.006845971
2018-09-14,TLT,0.0,0.011264697,0.011264697,train,0.016176684
2018-09-17,EFA,0.01042142,-0.006364115,0.016785536,train,-0.017854592
2018-09-17,IWM,0.004178546,0.010457317,0.0062787714,train,-0.030743068
2018-09-17,SPY,0.0054112365,-0.019197157,0.024608392,train,0.0050915056
2018-09-17,TLT,-0.010515468,0.052225154,0.062740624,train,0.011264697
2018-09-18,EFA,0.0035480717,0.052960042,0.04941197,train,-0.006364115
2018-09-18,IWM,-0.0036480888,-0.008781547,0.005133458,train,0.010457317
2018-09-18,SPY,0.0010652267,0.0024626385,0.0013974118,train,-0.019197157
2018-09-18,TLT,-0.005984723,0.030138433,0.036123157,train,0.052225154
2018-09-19,EFA,0.012320563,0.0016140393,0.010706523,train,0.052960042
2018-09-19,IWM,0.009212159,0.023948861,0.014736703,train,-0.008781547
2018-09-19,SPY,0.008071372,0.0006041257,0.0074672466,train,0.0024626385
2018-09-19,TLT,0.0046204003,0.00010218052,0.0045182197,train,0.030138433
2018-09-20,EFA,0.00043726712,-0.0010354542,0.0014727213,train,0.0016140393
2018-09-20,IWM,-0.0048011485,0.03100288,0.035804026,train,0.023948861
2018-09-20,SPY,-0.00091450644,-0.013769044,0.012854537,train,0.0006041257
2018-09-20,TLT,-0.00042713518,0.036821052,0.037248187,train,0.00010218052
2018-09-21,EFA,-0.004527325,0.018871313,0.023398638,train,-0.0010354542
2018-09-21,IWM,-0.0037036112,0.026460903,0.030164514,train,0.03100288
2018-09-21,SPY,-0.003327172,-0.004317804,0.0009906318,train,-0.013769044
2018-09-21,TLT,-0.002564875,0.032565515,0.03513039,train,0.036821052
2018-09-24,EFA,0.004964401,-0.016479844,0.021444246,train,0.018871313
2018-09-24,IWM,0.0015299461,-0.0023776847,0.0039076307,train,0.026460903
2018-09-24,SPY,-0.0009283738,-0.003703902,0.0027755282,train,-0.004317804
2018-09-24,TLT,-0.0010281017,-0.0010385388,1.0437099e-05,train,0.032565515
2018-09-25,EFA,0.00043688505,-0.002034171,0.002471056,train,-0.016479844
2018-09-25,IWM,-0.00918202,0.006933032,0.016115053,train,-0.0023776847
2018-09-25,SPY,-0.0029968058,-0.003219319,0.00022251322,train,-0.003703902
2018-09-25,TLT,0.007003116,-0.013154129,0.020157244,train,-0.0010385388
2018-09-26,EFA,-0.0020404318,-0.03273175,0.030691318,train,-0.002034171
2018-09-26,IWM,5.9155856e-05,0.015613735,0.015554579,train,0.006933032
2018-09-26,SPY,0.002790527,-0.027149836,0.029940363,train,-0.003219319
2018-09-26,TLT,0.0006809231,-0.006713385,0.007394308,train,-0.013154129
2018-09-27,EFA,-0.008202777,-0.002628746,0.0055740313,train,-0.03273175
2018-09-27,IWM,0.0030305865,-0.06298812,0.0660187,train,0.015613735
2018-09-27,SPY,0.000103203456,-0.001443543,0.0015467465,train,-0.027149836
2018-09-27,TLT,-0.0026404306,0.010238653,0.012879084,train,-0.006713385
2018-09-28,EFA,0.0011761428,-0.043864105,0.045040246,test,-0.002628746
2018-09-28,IWM,-0.013258414,-0.025904788,0.012646373,test,-0.06298812
2018-09-28,SPY,0.0034683156,0.009499943,0.0060316273,test,-0.001443543
2018-09-28,TLT,-0.0073682563,0.04931261,0.056680866,test,0.010238653
2018-10-01,EFA,-0.0051551387,-0.01014279,0.0049876515,test,-0.043864105
2018-10-01,IWM,-0.010881079,0.008979433,0.019860514,test,-0.025904788
2018-10-01,SPY,-0.000583637,0.005367336,0.005950973,test,0.009499943
2018-10-01,TLT,0.006094694,0.06652939,0.0604347,test,0.04931261
2018-10-02,EFA,-0.0017734747,0.03170664,0.033480115,test,-0.01014279
2018-10-02,IWM,0.008714315,0.0048786914,0.0038356232,test,0.008979433
2018-10-02,SPY,0.0005491221,0.0026941588,0.0021450366,test,0.005367336
2018-10-02,TLT,-0.01752426,0.015833186,0.033357445,test,0.06652939
2018-10-03,EFA,-0.011755215,0.04563792,0.057393134,test,0.03170664
2018-10-03,IWM,-0.014138269,0.063383184,0.07752145,test,0.0048786914
2018-10-03,SPY,-0.007846643,-0.004275423,0.0035712202,test,0.0026941588
2018-10-03,TLT,-0.0070787966,0.046121236,0.053200033,test,0.015833186
2018-10-04,EFA,-0.0060050953,0.026913153,0.03291825,test,0.04563792
2018-10-04,IWM,-0.00908504,-0.002326746,0.0067582936,test,0.063383184
2018-10-04,SPY,-0.005612357,-0.015135158,0.009522801,test,-0.004275423
2018-10-04,TLT,-0.008632103,0.032950804,0.041582905,test,0.046121236
2018-10-05,EFA,-0.004830335,0.040290445,0.04512078,test,0.026913153
2018-10-05,IWM,-0.0020992684,0.00094975065,0.003049019,test,-0.002326746
2018-10-05,SPY,0.0,0.008130517,0.008130517,test,-0.015135158
2018-10-05,TLT,-0.0033675367,0.023583308,0.026950844,test,0.032950804
2018-10-08,EFA,-0.002575323,0.03456445,0.037139773,test,0.040290445
2018-10-08,IWM,-0.0039008206,0.0067752805,0.010676101,test,0.00094975065
2018-10-08,SPY,-0.0014605154,-0.0067780227,0.0053175073,test,0.008130517
2018-10-08,TLT,0.010068283,0.03041582,0.020347536,test,0.023583308
2018-10-09,EFA,-0.021467011,0.030845305,0.052312315,test,0.03456445
2018-10-09,IWM,-0.02914436,0.020542052,0.04968641,test,0.0067752805
2018-10-09,SPY,-0.032175142,-0.0071454584,0.025029683,test,-0.0067780227
2018-10-09,TLT,-0.0027276422,0.0020377166,0.0047653588,test,0.03041582
2018-10-10,EFA,-0.014047101,0.025017409,0.03906451,test,0.030845305
2018-10-10,IWM,-0.019282667,-0.026919855,0.007637188,test,0.020542052
2018-10-10,SPY,-0.022272864,-0.044883545,0.022610681,test,-0.0071454584
2018-10-10,TLT,0.01208607,0.040019143,0.027933072,test,0.0020377166
2018-10-11,EFA,0.0036085437,-0.01029342,0.013901964,test,0.025017409
2018-10-11,IWM,0.00019492724,-0.030512197,0.030707125,test,-0.026919855
2018-10-11,SPY,0.013792881,-0.019037446,0.032830328,test,-0.044883545
2018-10-11,TLT,-0.0034883765,0.009377373,0.01286575,test,0.040019143
2018-10-12,EFA,-0.002351963,0.006035255,0.008387217,test,-0.01029342
2018-10-12,IWM,0.0037040147,-0.00029283995,0.0039968546,test,-0.030512197
2018-10-12,SPY,-0.0056326278,0.064185694,0.06981832,test,-0.019037446
2018-10-12,TLT,-0.00043698607,-0.0042609447,0.0038239586,test,0.009377373
2018-10-15,EFA,0.016966745,-0.0026384764,0.019605221,test,0.006035255
2018-10-15,IWM,0.028581714,0.017773177,0.010808537,test,-0.00029283995
2018-10-15,SPY,0.021630293,-0.02643439,0.048064683,test,0.064185694
2018-10-15,TLT,0.0022699174,0.013159649,0.010889732,test,-0.0042609447
2018-10-16,EFA,-0.005727125,0.04689035,0.05261747,test,-0.0026384764
2018-10-16,IWM,-0.0042955657,0.10404531,0.108340874,test,0.017773177
2018-10-16,SPY,0.0001780678,0.048011784,0.047833715,test,-0.02643439
2018-10-16,TLT,-0.0059470045,0.042006347,0.047953352,test,0.013159649
2018-10-17,EFA,-0.016275821,0.058768097,0.07504392,test,0.04689035
2018-10-17,IWM,-0.018916633,0.051780302,0.070696935,test,0.10404531
2018-10-17,SPY,-0.014546606,-0.0036056493,0.010940956,test,0.048011784
2018-10-17,TLT,-0.00035109746,0.027872117,0.028223215,test,0.042006347
2018-10-18,EFA,0.005664012,0.058463465,0.052799452,test,0.058768097
2018-10-18,IWM,-0.010637287,0.06439394,0.07503122,test,0.051780302
2018-10-18,SPY,-0.00054256216,-0.051746726,0.051204164,test,-0.0036056493
2018-10-18,TLT,-0.0021959783,0.028680624,0.030876603,test,0.027872117
2018-10-19,EFA,-0.0044026007,0.013324821,0.017727422,test,0.058463465
2018-10-19,IWM,-0.0021539195,0.085322976,0.087476894,test,0.06439394
2018-10-19,SPY,-0.0044990564,0.032188408,0.036687464,test,-0.051746726
2018-10-19,TLT,-0.0013201372,0.0055909916,0.0069111288,test,0.028680624
2018-10-22,EFA,-0.009499599,0.07250988,0.08200948,test,0.013324821
2018-10-22,IWM,-0.008992793,0.07835104,0.087343834,test,0.085322976
2018-10-22,SPY,-0.005103653,0.02044552,0.025549173,test,0.032188408
2018-10-22,TLT,0.0031649773,0.014999136,0.0118341595,test,0.0055909916
2018-10-23,EFA,-0.028725656,-0.07619613,0.047470473,test,0.07250988
2018-10-23,IWM,-0.03837735,-0.09487347,0.056496125,test,0.07835104
2018-10-23,SPY,-0.030766997,0.08164277,0.11240977,test,0.02044552
2018-10-23,TLT,0.007521369,0.03611776,0.02859639,test,0.014999136
2018-10-24,EFA,0.012527588,-0.00013899012,0.0126665775,test,-0.07619613
2018-10-24,IWM,0.021420622,-0.06890236,0.09032298,test,-0.09487347
2018-10-24,SPY,0.017781464,-0.013205146,0.03098661,test,0.08164277
2018-10-24,TLT,-0.004191017,-0.07944985,0.07525883,test,0.03611776
2018-10-25,EFA,-0.0068137883,-0.070473015,0.06365923,test,-0.00013899012
2018-10-25,IWM,-0.010991719,0.020917816,0.031909533,test,-0.06890236
2018-10-25,SPY,-0.017743837,0.09734621,0.11509004,test,-0.013205146
2018-10-25,TLT,0.006018592,-0.03430063,0.04031922,test,-0.07944985
2018-10-26,EFA,-0.0027712656,0.04102026,0.043791525,test,-0.070473015
2018-10-26,IWM,-0.0055077276,0.03849018,0.043997906,test,0.020917816
2018-10-26,SPY,-0.005555873,0.034536045,0.040091917,test,0.09734621
2018-10-26,TLT,-0.0022637905,-0.018273631,0.016009841,test,-0.03430063
2018-10-29,EFA,0.012007435,0.0553124,0.043304965,test,0.04102026
2018-10-29,IWM,0.020648565,0.030086607,0.009438042,test,0.03849018
2018-10-29,SPY,0.014710031,0.014048263,0.000661768,test,0.034536045
2018-10-29,TLT,-0.0049807476,-0.00901572,0.0040349727,test,-0.018273631
2018-10-30,EFA,0.007391884,-0.0031453432,0.010537228,test,0.0553124
2018-10-30,IWM,0.0020014786,0.029165814,0.027164334,test,0.030086607
2018-10-30,SPY,0.010624098,0.015665283,0.0050411858,test,0.014048263
2018-10-30,TLT,-0.005093408,0.010836182,0.01592959,test,-0.00901572
2018-10-31,EFA,0.01272681,0.040674087,0.027947277,test,-0.0031453432
2018-10-31,IWM,0.02280066,0.085613094,0.06281243,test,0.029165814
2018-10-31,SPY,0.010585543,0.07340222,0.06281668,test,0.015665283
2018-10-31,TLT,0.00092613406,0.03657104,0.035644908,test,0.010836182
2018-11-01,EFA,0.0014216845,-0.03283314,0.034254827,test,0.040674087
2018-11-01,IWM,0.0033167393,-0.050005093,0.05332183,test,0.085613094
2018-11-01,SPY,-0.0059403973,0.036620297,0.042560693,test,0.07340222
2018-11-01,TLT,-0.012510665,0.022745546,0.03525621,test,0.03657104
2018-11-02,EFA,0.0,0.036488406,0.036488406,test,-0.03283314
2018-11-02,IWM,-0.0007792154,0.0449529,0.045732114,test,-0.050005093
2018-11-02,SPY,0.005501659,-0.011514315,0.017015975,test,0.036620297
2018-11-02,TLT,0.0039210897,0.0502578,0.04633671,test,0.022745546
2018-11-05,EFA,0.0040958296,-0.0013911282,0.0054869577,test,0.036488406
2018-11-05,IWM,0.004926611,0.06569608,0.060769472,test,0.0449529
2018-11-05,SPY,0.006308016,0.004663867,0.001644149,test,-0.011514315
2018-11-05,TLT,-0.0006226267,0.025174929,0.025797555,test,0.0502578
2018-11-06,EFA,0.0132742105,-0.028836304,0.042110514,test,-0.0013911282
2018-11-06,IWM,0.017753929,0.03842553,0.020671602,test,0.06569608
2018-11-06,SPY,0.021182785,0.012309823,0.008872962,test,0.004663867
2018-11-06,TLT,0.0013338804,0.045581844,0.044247963,test,0.025174929
2018-11-07,EFA,-0.009821397,-0.023115763,0.013294366,test,-0.028836304
2018-11-07,IWM,-0.002671443,0.009887686,0.012559129,test,0.03842553
2018-11-07,SPY,-0.0018165163,0.02792601,0.029742526,test,0.012309823
2018-11-07,TLT,-8.893115e-05,0.062118933,0.062207863,test,0.045581844
2018-11-08,EFA,-0.0066017997,0.01597202,0.02257382,test,-0.023115763
2018-11-08,IWM,-0.01871027,0.073688924,0.092399195,test,0.009887686
2018-11-08,SPY,-0.009816198,0.07110717,0.08092337,test,0.02792601
2018-11-08,TLT,0.007438232,0.03550889,0.028070658,test,0.062118933
2018-11-09,EFA,-0.016537217,0.02176044,0.038297657,test,0.01597202
2018-11-09,IWM,-0.019993681,-0.016796907,0.003196774,test,0.073688924
2018-11-09,SPY,-0.018862024,0.0142866615,0.033148684,test,0.07110717
2018-11-09,TLT,0.0065071555,-0.052583463,0.059090618,test,0.03550889
2018-11-12,EFA,0.004319495,-0.00024448382,0.004563979,test,0.02176044
2018-11-12,IWM,-0.0031830852,-0.0008803955,0.0023026897,test,-0.016796907
2018-11-12,SPY,-0.0018727537,0.0020745643,0.003947318,test,0.0142866615
2018-11-12,TLT,-0.00061353715,-0.0396483,0.03903476,test,-0.052583463
2018-11-13,EFA,0.00079805165,-0.04675575,0.0475538,test,-0.00024448382
2018-11-13,IWM,-0.0073332842,-0.036891405,0.02955812,test,-0.0008803955
2018-11-13,SPY,-0.0068599773,-0.02712744,0.020267462,test,0.0020745643
2018-11-13,TLT,0.00061353715,-0.04098399,0.041597527,test,-0.0396483
2018-11-14,EFA,0.0031852468,-0.010874614,0.014059861,test,-0.04675575
2018-11-14,IWM,0.014151486,-0.07072344,0.08487492,test,-0.036891405
2018-11-14,SPY,0.0103824185,-0.017108232,0.02749065,test,-0.02712744
2018-11-14,TLT,-0.00043844912,-0.02902464,0.02858619,test,-0.04098399
2018-11-15,EFA,0.001112247,-0.0058578276,0.0069700745,test,-0.010874614
2018-11-15,IWM,0.0023722195,-0.037473902,0.039846122,test,-0.07072344
2018-11-15,SPY,0.0025973811,-0.01679978,0.01939716,test,-0.017108232
2018-11-15,TLT,0.0057709944,-0.041008938,0.04677993,test,-0.02902464
2018-11-16,EFA,-0.008774076,0.024145937,0.03292001,test,-0.0058578276
2018-11-16,IWM,-0.020479592,-0.056597825,0.03611823,test,-0.037473902
2018-11-16,SPY,-0.01705947,-0.0024875705,0.0145719,test,-0.01679978
2018-11-16,TLT,0.0027859025,-0.031790566,0.03457647,test,-0.041008938
2018-11-19,EFA,-0.017456345,0.021038176,0.03849452,test,0.024145937
2018-11-19,IWM,-0.01946818,-0.021514373,0.002046192,test,-0.056597825
2018-11-19,SPY,-0.018679522,-0.0028380058,0.015841516,test,-0.0024875705
2018-11-19,TLT,0.00034775384,-0.044203382,0.044551134,test,-0.031790566
2018-11-20,EFA,0.013925291,0.005069004,0.008856287,test,0.021038176
2018-11-20,IWM,0.01387702,-0.029203253,0.043080274,test,-0.021514373
2018-11-20,SPY,0.003401756,-0.005061623,0.008463379,test,-0.0028380058
2018-11-20,TLT,-0.00034775384,-0.03860562,0.038257867,test,-0.044203382
2018-11-21,EFA,-0.0066147456,0.036178898,0.042793643,test,0.005069004
2018-11-21,IWM,-0.0009460904,0.05162954,0.05257563,test,-0.029203253
2018-11-21,SPY,-0.006700956,-0.019238016,0.01253706,test,-0.005061623
2018-11-21,TLT,0.0010426546,-0.023977628,0.025020283,test,-0.03860562
2018-11-23,EFA,0.0149412425,0.06227553,0.047334287,test,0.036178898
2018-11-23,IWM,0.01289879,0.029949725,0.017050935,test,0.05162954
2018-11-23,SPY,0.016015261,-0.036578063,0.052593324,test,-0.019238016
2018-11-23,TLT,-0.0022605015,0.012432605,0.0146931065,test,-0.023977628
2018-11-26,EFA,-0.0038344203,0.07477286,0.078607276,test,0.06227553
2018-11-26,IWM,-0.008311405,0.02433603,0.032647435,test,0.029949725
2018-11-26,SPY,0.0033587813,0.119835794,0.11647701,test,-0.036578063
2018-11-26,TLT,0.0011310932,0.023933902,0.02280281,test,0.012432605
2018-11-27,EFA,0.014146245,0.035116494,0.020970248,test,0.07477286
2018-11-27,IWM,0.024402073,0.03385396,0.009451887,test,0.02433603
2018-11-27,SPY,0.022764519,-0.003637849,0.026402367,test,0.119835794
2018-11-27,TLT,-0.0048813913,-0.015351858,0.010470467,test,0.023933902
2018-11-28,EFA,-0.005063219,-0.0042860922,0.00077712676,test,0.035116494
2018-11-28,IWM,-0.0026969272,-0.032300916,0.029603988,test,0.03385396
2018-11-28,SPY,-0.0021881107,0.06755414,0.06974225,test,-0.003637849
2018-11-28,TLT,0.003924402,0.042533923,0.03860952,test,-0.015351858
2018-11-29,EFA,-0.00429218,0.04005402,0.0443462,test,-0.0042860922
2018-11-29,IWM,0.0051896926,0.074254684,0.06906499,test,-0.032300916
2018-11-29,SPY,0.0060770065,0.018719908,0.012642901,test,0.06755414
2018-11-29,TLT,0.003735718,-0.006729771,0.010465489,test,0.042533923
2018-11-30,EFA,0.01313621,0.039088417,0.025952207,test,0.04005402
2018-11-30,IWM,0.009520966,0.0060154474,0.0035055182,test,0.074254684
2018-11-30,SPY,0.013154565,0.033616066,0.0204615,test,0.018719908
2018-11-30,TLT,0.007075284,-0.01718463,0.024259914,test,-0.006729771
2018-12-03,EFA,-0.026285905,-0.02876919,0.002483284,test,0.039088417
2018-12-03,IWM,-0.043508284,0.01149716,0.055005446,test,0.0060154474
2018-12-03,SPY,-0.032938525,0.016673256,0.04961178,test,0.033616066
2018-12-03,TLT,0.016602376,-0.01186323,0.028465606,test,-0.01718463
2018-12-04,EFA,-0.009406531,-0.051892534,0.042486005,test,-0.02876919
2018-12-04,IWM,-0.0021717525,-0.016034884,0.013863131,test,0.01149716
2018-12-04,SPY,-0.0015186075,-0.03420548,0.032686874,test,0.016673256
2018-12-04,TLT,0.0031357382,-0.033332895,0.036468633,test,-0.01186323
2018-12-06,EFA,-0.010154064,-0.00051854784,0.0096355155,test,-0.051892534
2018-12-06,IWM,-0.021839758,-0.007483481,0.014356278,test,-0.016034884
2018-12-06,SPY,-0.023510046,0.044262175,0.067772225,test,-0.03420548
2018-12-06,TLT,0.0018598251,-0.0055703926,0.0074302177,test,-0.033332895
2018-12-07,EFA,-0.0077666407,0.0034782453,0.011244886,test,-0.00051854784
2018-12-07,IWM,-0.0029205275,-0.027518926,0.0245984,test,-0.007483481
2018-12-07,SPY,0.0018952138,-0.017574405,0.019469619,test,0.044262175
2018-12-07,TLT,0.004129512,0.00041811727,0.0037113945,test,-0.0055703926
2018-12-10,EFA,0.0031468507,0.0116789825,0.008532132,test,0.0034782453
2018-12-10,IWM,-0.0010452827,-0.054045267,0.052999984,test,-0.027518926
2018-12-10,SPY,0.00022700615,0.011824081,0.011597075,test,-0.017574405
2018-12-10,TLT,-0.00016825023,-0.01522585,0.0150576,test,0.00041811727
2018-12-11,EFA,0.014610877,0.010043781,0.004567096,test,0.0116789825
2018-12-11,IWM,0.009505266,-0.04238854,0.051893808,test,-0.054045267
2018-12-11,SPY,0.005022737,-0.0014527724,0.0064755096,test,0.011824081
2018-12-11,TLT,-0.004468345,-0.00786317,0.0033948245,test,-0.01522585
2018-12-12,EFA,-0.001794259,-0.03046081,0.028666552,test,0.010043781
2018-12-12,IWM,-0.014256892,-0.051495112,0.03723822,test,-0.04238854
2018-12-12,SPY,-0.00033904726,-0.0056507015,0.0053116544,test,-0.0014527724
2018-12-12,TLT,-0.0023684213,-0.0033442709,0.0009758496,test,-0.00786317
2018-12-13,EFA,-0.012981863,0.045693353,0.058675215,test,-0.03046081
2018-12-13,IWM,-0.015244585,-0.057663213,0.04241863,test,-0.051495112
2018-12-13,SPY,-0.01863738,-0.027534613,0.008897234,test,-0.0056507015
2018-12-13,TLT,0.0034661978,-0.017865768,0.021331966,test,-0.0033442709
2018-12-14,EFA,-0.007970924,0.045368183,0.05333911,test,0.045693353
2018-12-14,IWM,-0.022522235,-0.039340176,0.01681794,test,-0.057663213
2018-12-14,SPY,-0.01981335,-0.028775783,0.008962434,test,-0.027534613
2018-12-14,TLT,0.005807116,-0.04423066,0.050037775,test,-0.017865768
2018-12-17,EFA,0.0008087442,0.08441976,0.08361101,test,0.045368183
2018-12-17,IWM,-0.0012415025,-0.06305039,0.061808888,test,-0.039340176
2018-12-17,SPY,-0.0010971572,-0.032393385,0.031296227,test,-0.028775783
2018-12-17,TLT,0.005971134,-0.035167214,0.041138347,test,-0.04423066
2018-12-18,EFA,-0.009644018,0.046906713,0.05655073,test,0.08441976
2018-12-18,IWM,-0.021045886,0.047571864,0.068617746,test,-0.06305039
2018-12-18,SPY,-0.015088973,-0.03532027,0.0202313,test,-0.032393385
2018-12-18,TLT,0.013124049,-0.024917612,0.03804166,test,-0.035167214
2018-12-19,EFA,-0.0040884814,0.0010895445,0.005178026,test,0.046906713
2018-12-19,IWM,-0.016629677,-0.1272679,0.110638216,test,0.047571864
2018-12-19,SPY,-0.016411839,-0.016624525,0.00021268614,test,-0.03532027
2018-12-19,TLT,-0.003637658,-0.04172403,0.038086373,test,-0.024917612
2018-12-20,EFA,-0.01756549,0.0036299503,0.021195441,test,0.0010895445
2018-12-20,IWM,-0.02629309,-0.09553117,0.06923808,test,-0.1272679
2018-12-20,SPY,-0.020702336,-0.013958875,0.006743461,test,-0.016624525
2018-12-20,TLT,-0.00016583512,-0.00046686642,0.00030103128,test,-0.04172403
2018-12-21,EFA,-0.01170852,-0.015887773,0.0041792523,test,0.0036299503
2018-12-21,IWM,-0.019587783,-0.09639036,0.076802574,test,-0.09553117
2018-12-21,SPY,-0.026778337,-0.014500415,0.012277922,test,-0.013958875
2018-12-21,TLT,0.0049581286,0.0068180664,0.0018599378,test,-0.00046686642
2018-12-24,EFA,0.0229375,-0.016368523,0.039306022,test,-0.015887773
2018-12-24,IWM,0.046942227,-0.070515044,0.11745727,test,-0.09639036
2018-12-24,SPY,0.049289808,-0.088222764,0.13751256,test,-0.014500415
2018-12-24,TLT,-0.010773297,-0.01342551,0.002652213,test,0.0068180664
2018-12-26,EFA,0.0029164527,-0.13405976,0.13697621,test,-0.016368523
2018-12-26,IWM,0.0041604196,0.03591447,0.03175405,test,-0.070515044
2018-12-26,SPY,0.007648248,0.255597,0.24794875,test,-0.088222764
2018-12-26,TLT,0.00016672447,-0.0045260875,0.004692812,test,-0.01342551
2018-12-27,EFA,0.0052959234,0.05976987,0.054473944,test,-0.13405976
2018-12-27,IWM,0.0028645447,0.017100235,0.01423569,test,0.03591447
2018-12-27,SPY,-0.0012909009,-0.080211006,0.0789201,test,0.255597
2018-12-27,TLT,0.008378553,-0.0109250415,0.019303594,test,-0.0045260875
2018-12-28,EFA,0.0015323755,0.03238652,0.030854143,test,0.05976987
2018-12-28,IWM,0.007797147,0.05055328,0.042756133,test,0.017100235
2018-12-28,SPY,0.008720621,-0.06405332,0.07277394,test,-0.080211006
2018-12-28,TLT,0.0037929893,-0.024780856,0.028573846,test,-0.0109250415
