date,ticker,y_true,y_pred,abs_error,dataset_part,signal_for_trade
2015-09-29,EFA,0.018843627,-0.0004232633,0.01926689,train,
2015-09-29,IWM,0.015411241,0.009362606,0.0060486346,train,
2015-09-29,SPY,0.01848666,-0.0011716955,0.019658355,train,
2015-09-29,TLT,-0.0034744851,-0.012731092,0.009256607,train,
2015-09-30,EFA,0.0031353782,0.037150815,0.034015436,train,-0.0004232633
2015-09-30,IWM,-0.0017413186,0.03706364,0.03880496,train,0.009362606
2015-09-30,SPY,0.0026056238,0.003477966,0.00087234215,train,-0.0011716955
2015-09-30,TLT,0.004257558,0.010994919,0.0067373607,train,-0.012731092
2015-10-01,EFA,0.01689978,-0.034591544,0.051491324,train,0.037150815
2015-10-01,IWM,0.014751415,0.0033932491,0.011358166,train,0.03706364
2015-10-01,SPY,0.014827709,0.01681838,0.0019906713,train,0.003477966
2015-10-01,TLT,0.0060388795,-0.011986006,0.018024886,train,0.010994919
2015-10-02,EFA,0.019641535,-0.017576752,0.037218288,train,-0.034591544
2015-10-02,IWM,0.023583297,0.02329557,0.00028772652,train,0.0033932491
2015-10-02,SPY,0.017637994,-0.12271112,0.14034912,train,0.01681838
2015-10-02,TLT,-0.013660008,0.0048112054,0.018471213,train,-0.011986006
2015-10-05,EFA,0.0011734247,-0.00021252502,0.0013859497,train,-0.017576752
2015-10-05,IWM,-0.0069100996,0.005482662,0.012392761,train,0.02329557
2015-10-05,SPY,-0.003432034,0.047194403,0.050626438,train,-0.12271112
2015-10-05,TLT,0.0043041375,-0.02592005,0.030224187,train,0.0048112054
2015-10-06,EFA,0.012482394,-0.056297246,0.06877964,train,-0.00021252502
2015-10-06,IWM,0.017535804,-0.044011306,0.061547108,train,0.005482662
2015-10-06,SPY,0.00815702,-0.055056307,0.063213326,train,0.047194403
2015-10-06,TLT,-0.0033284414,0.0272971,0.03062554,train,-0.02592005
2015-10-07,EFA,0.007907697,-0.021367915,0.029275611,train,-0.056297246
2015-10-07,IWM,0.008957205,0.0060902475,0.0028669578,train,-0.044011306
2015-10-07,SPY,0.008986296,-0.00089136744,0.009877663,train,-0.055056307
2015-10-07,TLT,-0.008409438,-0.028895795,0.020486359,train,0.0272971
2015-10-08,EFA,0.0018034037,0.0078007705,0.0059973667,train,-0.021367915
2015-10-08,IWM,0.0019891793,0.01797069,0.01598151,train,0.0060902475
2015-10-08,SPY,0.0005961349,-0.024603965,0.025200099,train,-0.00089136744
2015-10-08,TLT,0.002620304,-0.023910167,0.02653047,train,-0.028895795
2015-10-09,EFA,-0.0019676425,-0.035610974,0.03364333,train,0.0078007705
2015-10-09,IWM,-0.0014697567,-0.013714721,0.012244965,train,0.01797069
2015-10-09,SPY,0.0009431915,-0.08905013,0.08999332,train,-0.024603965
2015-10-09,TLT,0.0075761946,0.0009477539,0.0066284407,train,-0.023910167
2015-10-12,EFA,-0.012717993,0.012327855,0.02504585,train,-0.035610974
2015-10-12,IWM,-0.0137659265,-0.033212844,0.019446917,train,-0.013714721
2015-10-12,SPY,-0.0063220565,0.010699196,0.017021252,train,-0.08905013
2015-10-12,TLT,0.0017032678,0.02869516,0.026991893,train,0.0009477539
2015-10-13,EFA,0.0019928017,0.027245743,0.025252942,train,0.012327855
2015-10-13,IWM,-0.0098740505,-0.09764379,0.08776974,train,-0.033212844
2015-10-13,SPY,-0.004805624,-0.048164252,0.043358628,train,0.010699196
2015-10-13,TLT,0.008712443,-0.0037928359,0.012505278,train,0.02869516
2015-10-14,EFA,0.016942725,0.031417813,0.014475089,train,0.027245743
2015-10-14,IWM,0.023639977,0.041576985,0.017937008,train,-0.09764379
2015-10-14,SPY,0.01523792,-0.030684663,0.045922585,train,-0.048164252
2015-10-14,TLT,-0.0049113533,-0.011437507,0.006526154,train,-0.0037928359
2015-10-15,EFA,-0.0008158266,-0.020410456,0.019594628,train,0.031417813
2015-10-15,IWM,-0.0012989873,0.0052199294,0.0065189167,train,0.041576985
2015-10-15,SPY,0.004536594,-0.054386076,0.05892267,train,-0.030684663
2015-10-15,TLT,0.00032279603,0.027389718,0.027066922,train,-0.011437507
2015-10-16,EFA,-0.0034340646,0.017349904,0.020783968,train,-0.020410456
2015-10-16,IWM,0.001904212,0.062849425,0.060945213,train,0.0052199294
2015-10-16,SPY,0.0004916069,0.016624518,0.016132912,train,-0.054386076
2015-10-16,TLT,-0.002747585,0.019895041,0.022642627,train,0.027389718
2015-10-19,EFA,-0.004103498,0.01621625,0.020319749,train,0.017349904
2015-10-19,IWM,-0.0013846866,0.03530609,0.036690775,train,0.062849425
2015-10-19,SPY,-0.0012790019,-0.037370663,0.036091663,train,0.016624518
2015-10-19,TLT,-0.006167989,-0.0002385662,0.005929423,train,0.019895041
2015-10-20,EFA,-0.0004936763,0.013194725,0.013688401,train,0.01621625
2015-10-20,IWM,-0.015357924,0.011423364,0.026781287,train,0.03530609
2015-10-20,SPY,-0.0062227,0.011902614,0.018125314,train,-0.037370663
2015-10-20,TLT,0.009883093,-0.021249596,0.031132689,train,-0.0002385662
2015-10-21,EFA,0.011127795,0.006293964,0.004833831,train,0.013194725
2015-10-21,IWM,0.008755263,0.03660664,0.027851377,train,0.011423364
2015-10-21,SPY,0.016752137,0.021458091,0.0047059543,train,0.011902614
2015-10-21,TLT,0.0016911728,0.007014898,0.0053237253,train,-0.021249596
2015-10-22,EFA,0.009877803,-0.05743344,0.06731124,train,0.006293964
2015-10-22,IWM,0.009801655,-0.020647677,0.03044933,train,0.03660664
2015-10-22,SPY,0.010902218,0.037752006,0.026849788,train,0.021458091
2015-10-22,TLT,-0.008566512,-0.016535712,0.007969201,train,0.007014898
2015-10-23,EFA,-0.0037128055,0.02031617,0.024028976,train,-0.05743344
2015-10-23,IWM,-0.006842491,-0.027750451,0.02090796,train,-0.020647677
2015-10-23,SPY,-0.0024608264,0.10922522,0.11168605,train,0.037752006
2015-10-23,TLT,0.0066335676,-0.030582367,0.037215933,train,-0.016535712
2015-10-26,EFA,-0.008772079,0.0055690375,0.014341116,train,0.02031617
2015-10-26,IWM,-0.011011207,0.033649933,0.04466114,train,-0.027750451
2015-10-26,SPY,-0.0019342133,-0.00965252,0.007718306,train,0.10922522
2015-10-26,TLT,0.0024966584,-0.00059743994,0.0030940983,train,-0.030582367
2015-10-27,EFA,0.0065052146,-0.029491914,0.03599713,train,0.0055690375
2015-10-27,IWM,0.028756613,0.05223498,0.023478368,train,0.033649933
2015-10-27,SPY,0.0113105355,0.028828083,0.017517548,train,-0.00965252
2015-10-27,TLT,-0.0040297545,-0.022745414,0.01871566,train,-0.00059743994
2015-10-28,EFA,-0.007321392,-0.00090896524,0.006412427,train,-0.029491914
2015-10-28,IWM,-0.010730202,-0.085474014,0.074743815,train,0.05223498
2015-10-28,SPY,-0.0005746489,-0.031003574,0.030428926,train,0.028828083
2015-10-28,TLT,-0.016037364,-0.035756197,0.019718833,train,-0.022745414
2015-10-29,EFA,-0.0021250322,-0.040631007,0.038505975,train,-0.00090896524
2015-10-29,IWM,-0.004584354,0.007951761,0.012536114,train,-0.085474014
2015-10-29,SPY,-0.0043190313,0.019252567,0.023571597,train,-0.031003574
2015-10-29,TLT,0.007521682,-0.030117003,0.037638687,train,-0.035756197
2015-10-30,EFA,0.009446424,0.049221013,0.03977459,train,-0.040631007
2015-10-30,IWM,0.020594338,0.0531034,0.03250906,train,0.007951761
2015-10-30,SPY,0.01176168,0.08124536,0.06948368,train,0.019252567
2015-10-30,TLT,-0.004605653,-0.0008588282,0.003746825,train,-0.030117003
2015-11-02,EFA,-0.00032434182,0.02204676,0.022371102,train,0.049221013
2015-11-02,IWM,0.005167294,-0.02495601,0.030123305,train,0.0531034
2015-11-02,SPY,0.0028949627,0.0047538285,0.0018588658,train,0.08124536
2015-11-02,TLT,-0.0082338955,-0.03038767,0.022153774,train,-0.0008588282
2015-11-03,EFA,-0.0055286977,-0.0019783499,0.0035503479,train,0.02204676
2015-11-03,IWM,-0.00050677627,-0.011800405,0.011293628,train,-0.02495601
2015-11-03,SPY,-0.0030377829,0.02170032,0.024738103,train,0.0047538285
2015-11-03,TLT,0.0011567563,-0.03665219,0.037808944,train,-0.03038767
2015-11-04,EFA,-0.0017949089,0.038718864,0.040513773,train,-0.0019783499
2015-11-04,IWM,0.00076028914,-0.0059895515,0.0067498405,train,-0.011800405
2015-11-04,SPY,-0.0009987624,0.08566899,0.086667754,train,0.02170032
2015-11-04,TLT,-0.002646605,-0.01757051,0.014923906,train,-0.03665219
2015-11-05,EFA,-0.0045842086,0.00600866,0.010592869,train,0.038718864
2015-11-05,IWM,0.0070709297,-0.018305773,0.025376704,train,-0.0059895515
2015-11-05,SPY,-0.00052376906,0.03155057,0.03207434,train,0.08566899
2015-11-05,TLT,-0.014763914,-0.019306751,0.004542837,train,-0.01757051
2015-11-06,EFA,-0.010391914,-0.003672236,0.006719678,train,0.00600866
2015-11-06,IWM,-0.0118126655,-0.024116375,0.012303709,train,-0.018305773
2015-11-06,SPY,-0.009375048,0.012428584,0.021803632,train,0.03155057
2015-11-06,TLT,-0.0056465026,-0.038218524,0.032572024,train,-0.019306751
2015-11-09,EFA,-0.0006635532,0.0073699667,0.00803352,train,-0.003672236
2015-11-09,IWM,0.0029661632,-0.00041848095,0.0033846442,train,-0.024116375
2015-11-09,SPY,0.00230419,-0.02361005,0.02591424,train,0.012428584
2015-11-09,TLT,0.002953438,-0.03107795,0.034031387,train,-0.038218524
2015-11-10,EFA,0.0051304363,-0.0029395348,0.008069972,train,0.0073699667
2015-11-10,IWM,-0.008754547,0.04459838,0.053352926,train,-0.00041848095
2015-11-10,SPY,-0.0039395723,0.016602663,0.020542236,train,-0.02361005
2015-11-10,TLT,-0.0021083667,-0.01818771,0.016079342,train,-0.03107795
2015-11-11,EFA,-0.013126221,0.00096885907,0.014095079,train,-0.0029395348
2015-11-11,IWM,-0.019307394,0.02306032,0.04236771,train,0.04459838
2015-11-11,SPY,-0.0140579855,-0.045902386,0.0318444,train,0.016602663
2015-11-11,TLT,0.004801431,-0.02130407,0.0261055,train,-0.01818771
2015-11-12,EFA,-0.008397679,0.008841898,0.017239578,train,0.00096885907
2015-11-12,IWM,-0.007249816,-0.04723222,0.039982405,train,0.02306032
2015-11-12,SPY,-0.011292053,-0.014188463,0.0028964095,train,-0.045902386
2015-11-12,TLT,0.005698425,-0.012523549,0.018221974,train,-0.02130407
2015-11-13,EFA,0.012570177,-0.01988337,0.03245355,train,0.008841898
2015-11-13,IWM,0.00855445,0.0103319585,0.0017775083,train,-0.04723222
2015-11-13,SPY,0.015092564,-0.058126885,0.07321945,train,-0.014188463
2015-11-13,TLT,-0.0009205291,0.011255773,0.012176302,train,-0.012523549
2015-11-16,EFA,0.0026613737,-0.001877144,0.0045385174,train,-0.01988337
2015-11-16,IWM,-0.0038317195,-0.00616908,0.0023373603,train,0.0103319585
2015-11-16,SPY,-0.0007297364,-0.06569313,0.06496339,train,-0.058126885
2015-11-16,TLT,0.0016719239,0.031286668,0.029614745,train,0.011255773
2015-11-17,EFA,0.009094697,-0.01942069,0.028515387,train,-0.001877144
2015-11-17,IWM,0.01678515,0.023615533,0.006830383,train,-0.00616908
2015-11-17,SPY,0.015741419,-0.012747312,0.028488731,train,-0.06569313
2015-11-17,TLT,0.002085055,0.01950301,0.017417956,train,0.031286668
2015-11-18,EFA,0.0050899168,0.033794872,0.028704956,train,-0.01942069
2015-11-18,IWM,-0.004212882,-0.01817907,0.013966188,train,0.023615533
2015-11-18,SPY,-0.0008623985,-0.06858215,0.06771975,train,-0.012747312
2015-11-18,TLT,0.0066432115,-0.012658665,0.019301876,train,0.01950301
2015-11-19,EFA,-0.002295654,-0.023982681,0.021687027,train,0.033794872
2015-11-19,IWM,0.006441026,0.0020842943,0.0043567317,train,-0.01817907
2015-11-19,SPY,0.0036375066,-0.008747341,0.012384848,train,-0.06858215
2015-11-19,TLT,-0.003066625,-0.03857795,0.035511326,train,-0.012658665
2015-11-20,EFA,-0.0062568635,0.06729635,0.07355321,train,-0.023982681
2015-11-20,IWM,0.0049532633,-0.008931389,0.013884652,train,0.0020842943
2015-11-20,SPY,-0.001147563,-0.015284393,0.01413683,train,-0.008747341
2015-11-20,TLT,0.003066625,-0.03735683,0.040423457,train,-0.03857795
2015-11-23,EFA,0.00016503954,0.053976893,0.053811856,train,0.06729635
2015-11-23,IWM,0.007299291,-0.05278069,0.060079984,train,-0.008931389
2015-11-23,SPY,0.0013385081,0.0012734248,6.5083266e-05,train,-0.015284393
2015-11-23,TLT,-8.250267e-05,-0.062956505,0.062874004,train,-0.03735683
2015-11-24,EFA,0.0023093233,0.02173007,0.019420747,train,0.053976893
2015-11-24,IWM,0.0077499053,-0.043430652,0.051180556,train,-0.05278069
2015-11-24,SPY,-0.00014335681,-0.0026168418,0.002473485,train,0.0012734248
2015-11-24,TLT,0.002314936,-0.031454057,0.033768993,train,-0.062956505
2015-11-25,EFA,0.00016463171,-0.027625687,0.02779032,train,0.02173007
2015-11-25,IWM,0.003769162,-0.0031944164,0.0069635785,train,-0.043430652
2015-11-25,SPY,0.0011459338,-0.075204715,0.07635065,train,-0.0026168418
2015-11-25,TLT,-0.0009918652,-0.0468701,0.045878235,train,-0.031454057
2015-11-27,EFA,-0.0008236009,-0.030181354,0.029357754,train,-0.027625687
2015-11-27,IWM,-0.004356381,0.018957898,0.023314279,train,-0.0031944164
2015-11-27,SPY,-0.004160316,-0.02367871,0.019518394,train,-0.075204715
2015-11-27,TLT,0.0039608222,0.0207877,0.016826877,train,-0.0468701
2015-11-30,EFA,0.0104968315,-0.16107258,0.1715694,train,-0.030181354
2015-11-30,IWM,0.006610787,0.004530867,0.00207992,train,0.018957898
2015-11-30,SPY,0.009490569,0.042287733,0.032797165,train,-0.02367871
2015-11-30,TLT,0.013416561,0.038964387,0.025547825,train,0.0207877
2015-12-01,EFA,-0.010662028,-0.021457592,0.010795564,train,-0.16107258
2015-12-01,IWM,-0.010818154,0.0039356803,0.014753833,train,0.004530867
2015-12-01,SPY,-0.01025742,0.06166253,0.07191995,train,0.042287733
2015-12-01,TLT,0.00032525332,-0.027974851,0.028300105,train,0.038964387
2015-12-02,EFA,-0.0047938884,-0.034368604,0.029574716,train,-0.021457592
2015-12-02,IWM,-0.017006958,-0.007908383,0.0090985745,train,0.0039356803
2015-12-02,SPY,-0.014101855,-0.008304449,0.0057974067,train,0.06166253
2015-12-02,TLT,-0.027559305,0.047827505,0.07538681,train,-0.027974851
2015-12-03,EFA,0.00808682,-0.004598931,0.012685752,train,-0.034368604
2015-12-03,IWM,0.010068917,-0.060156837,0.07022575,train,-0.007908383
2015-12-03,SPY,0.0193153,-0.0030457475,0.022361048,train,-0.008304449
2015-12-03,TLT,0.008746199,-0.03336888,0.04211508,train,0.047827505
2015-12-04,EFA,-0.006431001,-0.0059161237,0.000514877,train,-0.004598931
2015-12-04,IWM,-0.015141688,0.02412794,0.039269626,train,-0.060156837
2015-12-04,SPY,-0.0060771056,-0.04348278,0.037405673,train,-0.0030457475
2015-12-04,TLT,0.009656007,-0.0105425315,0.020198539,train,-0.03336888
2015-12-07,EFA,-0.014832571,0.00973767,0.024570242,train,-0.0059161237
2015-12-07,IWM,-0.005532309,0.0064982357,0.012030545,train,0.02412794
2015-12-07,SPY,-0.0067423214,-0.044212606,0.037470285,train,-0.04348278
2015-12-07,TLT,0.0004926223,-0.0065963906,0.007089013,train,-0.0105425315
2015-12-08,EFA,-0.0045432053,-0.011055438,0.0065122326,train,0.00973767
2015-12-08,IWM,-0.011244075,0.016642531,0.027886607,train,0.0064982357
2015-12-08,SPY,-0.0078098825,0.052671093,0.060480975,train,-0.044212606
2015-12-08,TLT,-0.0010676414,-0.026167504,0.025099862,train,-0.0065963906
2015-12-09,EFA,0.00016825614,-0.018347738,0.018515995,train,-0.011055438
2015-12-09,IWM,0.003325224,-0.020988796,0.02431402,train,0.016642531
2015-12-09,SPY,0.0025776452,-0.022847706,0.025425352,train,0.052671093
2015-12-09,TLT,0.0013141515,-0.043809034,0.045123186,train,-0.026167504
2015-12-10,EFA,-0.019239446,-0.020928921,0.001689475,train,-0.018347738
2015-12-10,IWM,-0.022530263,-0.006164985,0.016365279,train,-0.020988796
2015-12-10,SPY,-0.01957104,-0.007465037,0.012106003,train,-0.022847706
2015-12-10,TLT,0.015635427,0.0016470328,0.013988394,train,-0.043809034
2015-12-11,EFA,0.001546233,-0.039848763,0.041394997,train,-0.020928921
2015-12-11,IWM,-0.007174606,-0.026736075,0.01956147,train,-0.006164985
2015-12-11,SPY,0.005039697,-0.03449515,0.039534844,train,-0.007465037
2015-12-11,TLT,-0.013012047,-0.002448971,0.010563076,train,0.0016470328
2015-12-14,EFA,0.0049653463,0.009696534,0.0047311876,train,-0.039848763
2015-12-14,IWM,0.014297562,0.0068667005,0.0074308612,train,-0.026736075
2015-12-14,SPY,0.0104429405,-0.023982942,0.034425884,train,-0.03449515
2015-12-14,TLT,-0.0059118373,-0.038280223,0.032368384,train,-0.002448971
2015-12-15,EFA,0.019953176,0.0039339415,0.016019234,train,0.009696534
2015-12-15,IWM,0.015145339,-0.0021821703,0.01732751,train,0.0068667005
2015-12-15,SPY,0.014525903,-0.040731374,0.055257276,train,-0.023982942
2015-12-15,TLT,-0.0021431895,-0.020740664,0.018597474,train,-0.038280223
2015-12-16,EFA,-0.012805616,0.0073246215,0.020130238,train,0.0039339415
2015-12-16,IWM,-0.010718975,-0.052145425,0.04142645,train,-0.0021821703
2015-12-16,SPY,-0.015355336,-0.11550346,0.10014813,train,-0.040731374
2015-12-16,TLT,0.011241985,-0.02516813,0.036410116,train,-0.020740664
2015-12-17,EFA,-0.010569506,-0.04624536,0.035675853,train,0.0073246215
2015-12-17,IWM,-0.015399009,-0.028885307,0.013486298,train,-0.052145425
2015-12-17,SPY,-0.017975593,-0.07824824,0.06027265,train,-0.11550346
2015-12-17,TLT,0.0055335946,0.0011896449,0.0043439497,train,-0.02516813
2015-12-18,EFA,0.004622603,0.025734467,0.021111865,train,-0.04624536
2015-12-18,IWM,0.0075063193,-0.029635347,0.037141666,train,-0.028885307
2015-12-18,SPY,0.008215062,-0.06328263,0.07149769,train,-0.07824824
2015-12-18,TLT,-0.00024372904,0.004029972,0.004273701,train,0.0011896449
2015-12-21,EFA,0.0075435396,-0.013332164,0.020875704,train,0.025734467
2015-12-21,IWM,0.009128522,-0.034761388,0.04388991,train,-0.029635347
2015-12-21,SPY,0.009033571,0.0059963926,0.0030371784,train,-0.06328263
2015-12-21,TLT,-0.0072500585,-0.0014465419,0.0058035166,train,0.004029972
2015-12-22,EFA,0.016599286,-0.015405698,0.032004982,train,-0.013332164
2015-12-22,IWM,0.0125370445,-0.010981265,0.023518309,train,-0.034761388
2015-12-22,SPY,0.012307194,-0.021580907,0.0338881,train,0.0059963926
2015-12-22,TLT,-0.007549953,-0.009496817,0.0019468642,train,-0.0014465419
2015-12-23,EFA,-0.0016815849,-0.006882824,0.005201239,train,-0.015405698
2015-12-23,IWM,0.0018881952,-0.009169394,0.011057589,train,-0.010981265
2015-12-23,SPY,-0.0016517711,-0.014449894,0.012798123,train,-0.021580907
2015-12-23,TLT,0.005712918,0.040483285,0.034770366,train,-0.009496817
2015-12-24,EFA,-0.0023580943,-0.024768038,0.022409944,train,-0.006882824
2015-12-24,IWM,-0.0046393573,0.017893719,0.022533076,train,-0.009169394
2015-12-24,SPY,-0.0022873837,-0.0070571178,0.004769734,train,-0.014449894
2015-12-24,TLT,0.002950507,0.041474205,0.038523696,train,0.040483285
2015-12-28,EFA,0.009901682,0.040778097,0.030876415,train,-0.024768038
2015-12-28,IWM,0.010734427,0.015299337,0.00456491,train,0.017893719
2015-12-28,SPY,0.010614842,-0.057135068,0.06774991,train,-0.0070571178
2015-12-28,TLT,-0.01675325,0.007961841,0.024715092,train,0.041474205
2015-12-29,EFA,-0.0060300515,0.0022083162,0.008238368,train,0.040778097
2015-12-29,IWM,-0.010120617,0.0045076474,0.014628265,train,0.015299337
2015-12-29,SPY,-0.0071127224,-0.04769144,0.040578716,train,-0.057135068
2015-12-29,TLT,-0.0009995344,-0.030209057,0.029209523,train,0.007961841
2015-12-30,EFA,-0.013532013,-0.027361281,0.0138292685,train,0.0022083162
2015-12-30,IWM,-0.012529951,0.014782084,0.027312035,train,0.0045076474
2015-12-30,SPY,-0.010053663,-0.015060663,0.0050070006,train,-0.04769144
2015-12-30,TLT,0.0044886805,-0.012332393,0.016821073,train,-0.030209057
2015-12-31,EFA,-0.015445655,0.022435807,0.037881464,train,-0.027361281
2015-12-31,IWM,-0.02344795,-0.03658841,0.013140462,train,0.014782084
2015-12-31,SPY,-0.014078111,-0.0037106597,0.010367451,train,-0.015060663
2015-12-31,TLT,0.0071890964,-0.005223807,0.012412904,train,-0.012332393
2016-01-04,EFA,-0.001557804,0.010516867,0.012074671,train,0.022435807
2016-01-04,IWM,0.0021793265,-0.015202194,0.017381521,train,-0.03658841
2016-01-04,SPY,0.0016896719,0.032783028,0.031093355,train,-0.0037106597
2016-01-04,TLT,-0.004043003,0.007986812,0.012029815,train,-0.005223807
2016-01-05,EFA,-0.01659301,-0.007977571,0.008615438,train,0.010516867
2016-01-05,IWM,-0.015355577,0.02862178,0.043977357,train,-0.015202194
2016-01-05,SPY,-0.0126941465,0.007916497,0.020610644,train,0.032783028
2016-01-05,TLT,0.013385645,-0.013726376,0.027112022,train,0.007986812
2016-01-06,EFA,-0.021000855,0.011300802,0.032301657,train,-0.007977571
2016-01-06,IWM,-0.027074337,-0.008501457,0.01857288,train,0.02862178
2016-01-06,SPY,-0.02428392,0.032982793,0.057266712,train,0.007916497
2016-01-06,TLT,0.0017932808,0.015030837,0.0132375555,train,-0.013726376
2016-01-07,EFA,-0.012123393,0.015147138,0.027270531,train,0.011300802
2016-01-07,IWM,-0.017373081,-0.013067024,0.0043060575,train,-0.008501457
2016-01-07,SPY,-0.011037676,-0.01591289,0.004875215,train,0.032982793
2016-01-07,TLT,0.0044680405,-0.00717227,0.01164031,train,0.015030837
2016-01-08,EFA,0.004178389,0.015124412,0.010946023,train,0.015147138
2016-01-08,IWM,-0.004342775,0.003282554,0.007625329,train,-0.013067024
2016-01-08,SPY,0.0009897487,-0.007407988,0.008397737,train,-0.01591289
2016-01-08,TLT,-0.011003822,0.0012424677,0.01224629,train,-0.00717227
2016-01-11,EFA,0.004702266,0.050173506,0.04547124,train,0.015124412
2016-01-11,IWM,0.0029937855,-0.0008341805,0.003827966,train,0.003282554
2016-01-11,SPY,0.008035953,0.062386233,0.05435028,train,-0.007407988
2016-01-11,TLT,0.014322666,-0.031054636,0.045377303,train,0.0012424677
2016-01-12,EFA,-0.015639594,0.05183234,0.06747194,train,0.050173506
2016-01-12,IWM,-0.03263563,-0.023622358,0.009013271,train,-0.0008341805
2016-01-12,SPY,-0.025257202,0.0725166,0.0977738,train,0.062386233
2016-01-12,TLT,0.009808403,0.020379834,0.01057143,train,-0.031054636
2016-01-13,EFA,0.012748502,-0.025381824,0.038130328,train,0.05183234
2016-01-13,IWM,0.013752055,-0.038423806,0.05217586,train,-0.023622358
2016-01-13,SPY,0.016283844,-0.019031795,0.03531564,train,0.0725166
2016-01-13,TLT,-0.00940483,0.02431139,0.03371622,train,0.020379834
2016-01-14,EFA,-0.036863763,0.047388934,0.0842527,train,-0.025381824
2016-01-14,IWM,-0.0163456,0.0035675527,0.019913152,train,-0.038423806
2016-01-14,SPY,-0.021699866,0.011429513,0.03312938,train,-0.019031795
2016-01-14,TLT,0.015466802,-0.010344433,0.025811234,train,0.02431139
2016-01-15,EFA,0.009158227,-0.05507302,0.06423125,train,0.047388934
2016-01-15,IWM,-0.013575523,-0.05261458,0.039039057,train,0.0035675527
2016-01-15,SPY,0.0013300491,-0.044396996,0.045727044,train,0.011429513
2016-01-15,TLT,-0.0031060486,0.008564489,0.011670537,train,-0.010344433
2016-01-19,EFA,-0.022959262,0.022829626,0.045788888,train,-0.05507302
2016-01-19,IWM,0.004142091,-0.031900216,0.036042307,train,-0.05261458
2016-01-19,SPY,-0.012898103,-0.018996468,0.0060983645,train,-0.044396996
2016-01-19,TLT,0.0104747135,0.009984845,0.0004898682,train,0.008564489
2016-01-20,EFA,0.007396655,-0.07046593,0.07786258,train,0.022829626
2016-01-20,IWM,-0.0023215718,-0.06251824,0.060196668,train,-0.031900216
2016-01-20,SPY,0.0055864,-0.062025275,0.06761167,train,-0.018996468
2016-01-20,TLT,-0.0068121357,0.0031420388,0.009954175,train,0.009984845
2016-01-21,EFA,0.029052213,-0.0021063,0.031158512,train,-0.07046593
2016-01-21,IWM,0.024162762,0.034319896,0.010157134,train,-0.06251824
2016-01-21,SPY,0.020308299,-0.024514249,0.044822548,train,-0.062025275
2016-01-21,TLT,-0.0038226314,0.008209838,0.012032469,train,0.0031420388
2016-01-22,EFA,-0.013489605,0.00815052,0.021640126,train,-0.0021063
2016-01-22,IWM,-0.022445787,0.032445434,0.05489122,train,0.034319896
2016-01-22,SPY,-0.015232175,-0.042304426,0.02707225,train,-0.024514249
2016-01-22,TLT,0.005410806,0.010103436,0.0046926304,train,0.008209838
2016-01-25,EFA,0.017702905,-0.026973205,0.04467611,train,0.00815052
2016-01-25,IWM,0.019778471,-0.03681377,0.05659224,train,0.032445434
2016-01-25,SPY,0.013550976,-0.08477197,0.09832294,train,-0.042304426
2016-01-25,TLT,0.00047621632,0.030057801,0.029581584,train,0.010103436
2016-01-26,EFA,-0.006418111,0.01420133,0.02061944,train,-0.026973205
2016-01-26,IWM,-0.013843824,0.04339912,0.057242945,train,-0.03681377
2016-01-26,SPY,-0.01094335,-0.040544234,0.029600885,train,-0.08477197
2016-01-26,TLT,-0.00023788016,0.009577414,0.009815294,train,0.030057801
2016-01-27,EFA,0.0029392648,0.0137672145,0.010827949,train,0.01420133
2016-01-27,IWM,-0.00020088532,-0.034388848,0.03418796,train,0.04339912
2016-01-27,SPY,0.005195797,-0.08081127,0.086007066,train,-0.040544234
2016-01-27,TLT,0.0014266721,-0.029992519,0.03141919,train,0.009577414
2016-01-28,EFA,0.01745468,0.042667717,0.025213037,train,0.0137672145
2016-01-28,IWM,0.032275207,0.013506038,0.01876917,train,-0.034388848
2016-01-28,SPY,0.02408458,-0.023242006,0.047326587,train,-0.08081127
2016-01-28,TLT,0.008440534,-0.0059525664,0.0143931005,train,-0.029992519
2016-01-29,EFA,-0.0010821124,0.044090673,0.045172784,train,0.042667717
2016-01-29,IWM,-0.0045748632,0.07150639,0.07608125,train,0.013506038
2016-01-29,SPY,-0.0003610306,-0.06074999,0.06038896,train,-0.023242006
2016-01-29,TLT,-0.003065793,0.009427454,0.012493247,train,-0.0059525664
2016-02-01,EFA,-0.023551844,0.01812414,0.041675985,train,0.044090673
2016-02-01,IWM,-0.021799266,0.041723948,0.06352322,train,0.07150639
2016-02-01,SPY,-0.018186439,-0.0136826765,0.0045037623,train,-0.06074999
2016-02-01,TLT,0.018382126,0.01630869,0.002073437,train,0.009427454
2016-02-02,EFA,0.008278959,-0.052856345,0.061135303,train,0.01812414
2016-02-02,IWM,0.001295544,-0.024876924,0.026172468,train,0.041723948
2016-02-02,SPY,0.005976914,0.012016041,0.0060391272,train,-0.0136826765
2016-02-02,TLT,-0.008327568,0.005201479,0.013529047,train,0.01630869
2016-02-03,EFA,0.0012818131,0.024970686,0.023688873,train,-0.052856345
2016-02-03,IWM,0.0038767639,0.03890835,0.035031587,train,-0.024876924
2016-02-03,SPY,0.0015670565,-0.059092376,0.060659435,train,0.012016041
2016-02-03,TLT,0.004833884,-0.0053749015,0.0102087855,train,0.005201479
2016-02-04,EFA,-0.015490128,0.016117537,0.031607665,train,0.024970686
2016-02-04,IWM,-0.027763067,0.050653026,0.078416094,train,0.03890835
2016-02-04,SPY,-0.019234123,0.035961792,0.055195913,train,-0.059092376
2016-02-04,TLT,0.0011655277,0.015158441,0.013992913,train,-0.0053749015
2016-02-05,EFA,-0.018758575,0.011331681,0.030090256,train,0.016117537
2016-02-05,IWM,-0.016558021,0.017034639,0.03359266,train,0.050653026
2016-02-05,SPY,-0.013552351,0.04515415,0.0587065,train,0.035961792
2016-02-05,TLT,0.021291792,0.008141169,0.013150623,train,0.015158441
2016-02-08,EFA,-0.011617841,0.02843081,0.04004865,train,0.011331681
2016-02-08,IWM,-0.006763712,0.022522142,0.029285854,train,0.017034639
2016-02-08,SPY,5.417845e-05,0.030106964,0.030052785,train,0.04515415
2016-02-08,TLT,0.0010640941,-0.036666494,0.03773059,train,0.008141169
2016-02-09,EFA,-0.0011502446,-0.034617987,0.033467744,train,0.02843081
2016-02-09,IWM,0.0005220871,0.04565384,0.04513175,train,0.022522142
2016-02-09,SPY,-0.00086322345,-0.0063689635,0.00550574,train,0.030106964
2016-02-09,TLT,0.00877388,-0.007834254,0.016608134,train,-0.036666494
2016-02-10,EFA,-0.014683483,-0.038792018,0.024108535,train,-0.034617987
2016-02-10,IWM,-0.010912074,0.065528594,0.07644067,train,0.04565384
2016-02-10,SPY,-0.0130935125,0.005362896,0.018456409,train,-0.0063689635
2016-02-10,TLT,0.0069791237,-0.009640373,0.016619496,train,-0.007834254
2016-02-11,EFA,0.01736461,0.014217494,0.003147116,train,-0.038792018
2016-02-11,IWM,0.018811202,-0.001220277,0.020031478,train,0.065528594
2016-02-11,SPY,0.020406932,-0.049361546,0.06976847,train,0.005362896
2016-02-11,TLT,-0.016741376,-0.07330855,0.056567173,train,-0.009640373
2016-02-12,EFA,0.020072896,0.024993448,0.0049205516,train,0.014217494
2016-02-12,IWM,0.023431927,0.07465447,0.05122254,train,-0.001220277
2016-02-12,SPY,0.016737703,0.045549378,0.028811675,train,-0.049361546
2016-02-12,TLT,-0.010626803,-0.0030883723,0.007538431,train,-0.07330855
2016-02-16,EFA,0.017100722,-0.019656021,0.036756743,train,0.024993448
2016-02-16,IWM,0.015554254,0.031493783,0.01593953,train,0.07465447
2016-02-16,SPY,0.016202703,0.04710945,0.030906748,train,0.045549378
2016-02-16,TLT,-0.00616735,0.004788645,0.010955995,train,-0.0030883723
2016-02-17,EFA,-0.005173588,-0.018589953,0.013416365,train,-0.019656021
2016-02-17,IWM,-0.0047911755,0.06441637,0.06920755,train,0.031493783
2016-02-17,SPY,-0.004104411,-0.016148852,0.012044441,train,0.04710945
2016-02-17,TLT,0.01222091,-0.011747278,0.023968188,train,0.004788645
2016-02-18,EFA,-0.0011123896,0.023945859,0.025058249,train,-0.018589953
2016-02-18,IWM,0.004989889,0.01835905,0.013369162,train,0.06441637
2016-02-18,SPY,-0.00046845415,0.055961568,0.056430023,train,-0.016148852
2016-02-18,TLT,0.00084021623,-0.007479297,0.008319513,train,-0.011747278
2016-02-19,EFA,0.0112497015,-0.043839987,0.05508969,train,0.023945859
2016-02-19,IWM,0.011088234,-0.012431959,0.023520194,train,0.01835905
2016-02-19,SPY,0.014375244,0.005541814,0.008833431,train,0.055961568
2016-02-19,TLT,-0.0005346153,0.007729516,0.008264131,train,-0.007479297
2016-02-22,EFA,-0.016455902,-0.016435627,2.0274892e-05,train,-0.043839987
2016-02-22,IWM,-0.00919828,0.06468441,0.07388269,train,-0.012431959
2016-02-22,SPY,-0.012709794,0.00856982,0.021279614,train,0.005541814
2016-02-22,TLT,0.004039388,0.040339533,0.036300145,train,0.007729516
2016-02-23,EFA,-0.003548269,-0.04943337,0.0458851,train,-0.016435627
2016-02-23,IWM,0.009592063,-0.0390385,0.048630565,train,0.06468441
2016-02-23,SPY,0.0045654597,0.005916891,0.0013514315,train,0.00856982
2016-02-23,TLT,-0.001979289,-0.009661099,0.00768181,train,0.040339533
2016-02-24,EFA,0.011902636,-0.008642178,0.020544814,train,-0.04943337
2016-02-24,IWM,0.00911087,0.084122665,0.0750118,train,-0.0390385
2016-02-24,SPY,0.012038336,-0.0040414394,0.016079776,train,0.005916891
2016-02-24,TLT,0.003575898,-0.0016446025,0.0052205008,train,-0.009661099
2016-02-25,EFA,-0.0025917687,-0.0073140226,0.004722254,train,-0.008642178
2016-02-25,IWM,0.006319049,0.016850607,0.010531559,train,0.084122665
2016-02-25,SPY,-0.00230361,-0.08919459,0.08689098,train,-0.0040414394
2016-02-25,TLT,-0.009692384,0.034521967,0.044214353,train,-0.0016446025
2016-02-26,EFA,-0.0059490055,-0.021455452,0.015506446,train,-0.0073140226
2016-02-26,IWM,-0.0044676657,0.023088759,0.027556425,train,0.016850607
2016-02-26,SPY,-0.00787338,-0.0040724133,0.0038009663,train,-0.08919459
2016-02-26,TLT,0.004361511,0.05846209,0.05410058,train,0.034521967
2016-02-29,EFA,0.025769703,-0.0067044874,0.03247419,train,-0.021455452
2016-02-29,IWM,0.021284457,0.04752992,0.026245464,train,0.023088759
2016-02-29,SPY,0.023234937,0.03324846,0.010013524,train,-0.0040724133
2016-02-29,TLT,-0.017765062,-0.016303942,0.0014611203,train,0.05846209
2016-03-01,EFA,0.0068816706,0.034727775,0.027846104,train,-0.0067044874
2016-03-01,IWM,0.010238814,0.048460815,0.038222,train,0.04752992
2016-03-01,SPY,0.0044821743,-0.054851156,0.059333332,train,0.03324846
2016-03-01,TLT,0.004118243,-0.011585375,0.015703619,train,-0.016303942
2016-03-02,EFA,0.009698395,0.022163156,0.012464762,train,0.034727775
2016-03-02,IWM,0.010415511,0.025828583,0.015413072,train,0.048460815
2016-03-02,SPY,0.0039119786,-0.009464076,0.013376054,train,-0.054851156
2016-03-02,TLT,0.0036376524,0.005765191,0.0021275384,train,-0.011585375
2016-03-03,EFA,0.007301311,0.053394817,0.046093505,train,0.022163156
2016-03-03,IWM,0.00549238,0.030811133,0.025318753,train,0.025828583
2016-03-03,SPY,0.0032484971,-0.030839456,0.034087952,train,-0.009464076
2016-03-03,TLT,-0.006433301,-0.036906354,0.030473053,train,0.005765191
2016-03-04,EFA,-0.0012428978,0.03951966,0.04076256,train,0.053394817
2016-03-04,IWM,0.010802801,0.028564116,0.017761316,train,0.030811133
2016-03-04,SPY,0.00079759856,-0.008720342,0.009517941,train,-0.030839456
2016-03-04,TLT,-0.0003110413,-0.011630734,0.011319693,train,-0.036906354
2016-03-07,EFA,-0.009818699,0.0062860646,0.016104763,train,0.03951966
2016-03-07,IWM,-0.024449114,-0.020048374,0.0044007394,train,0.028564116
2016-03-07,SPY,-0.010977381,0.009160196,0.020137578,train,-0.008720342
2016-03-07,TLT,0.010985308,0.002236432,0.008748876,train,-0.011630734
2016-03-08,EFA,0.0037602854,-0.056661263,0.06042155,train,0.0062860646
2016-03-08,IWM,0.005069076,-0.06579271,0.07086179,train,-0.020048374
2016-03-08,SPY,0.0049270494,0.010979565,0.0060525155,train,0.009160196
2016-03-08,TLT,-0.0060966006,-0.000673336,0.0054232646,train,0.002236432
2016-03-09,EFA,-0.0016100041,0.018659247,0.02026925,train,-0.056661263
2016-03-09,IWM,-0.008179392,-0.00039413152,0.00778526,train,-0.06579271
2016-03-09,SPY,0.00080251927,-0.005971799,0.0067743184,train,0.010979565
2016-03-09,TLT,-0.00411074,0.012992486,0.017103227,train,-0.000673336
2016-03-10,EFA,0.025801113,0.00460823,0.021192882,train,0.018659247
2016-03-10,IWM,0.021202493,0.032517333,0.011314839,train,-0.00039413152
2016-03-10,SPY,0.016008064,-0.0037634843,0.019771548,train,-0.005971799
2016-03-10,TLT,-0.0101558985,0.0011908994,0.011346798,train,0.012992486
2016-03-11,EFA,-0.002095544,-0.11242425,0.110328704,train,0.00460823
2016-03-11,IWM,-0.0025907978,-0.0592681,0.0566773,train,0.032517333
2016-03-11,SPY,-0.0012832592,0.028733155,0.030016415,train,-0.0037634843
2016-03-11,TLT,0.0031359943,-0.008220242,0.011356236,train,0.0011908994
2016-03-14,EFA,-0.009485445,0.021259738,0.030745182,train,-0.11242425
2016-03-14,IWM,-0.015690045,0.034530133,0.050220177,train,-0.0592681
2016-03-14,SPY,-0.0016309937,0.05467447,0.056305464,train,0.028733155
2016-03-14,TLT,0.0009385152,0.0070421086,0.0061035934,train,-0.008220242
2016-03-15,EFA,0.008785593,-0.0051615727,0.0139471665,train,0.021259738
2016-03-15,IWM,0.007035017,0.012899311,0.0058642942,train,0.034530133
2016-03-15,SPY,0.005770457,0.020821938,0.015051481,train,0.05467447
2016-03-15,TLT,0.0029671313,0.0023113177,0.0006558136,train,0.0070421086
2016-03-16,EFA,0.0076682563,0.03805191,0.030383654,train,-0.0051615727
2016-03-16,IWM,0.01521199,0.023657572,0.008445581,train,0.012899311
2016-03-16,SPY,0.0063242703,0.052154046,0.045829777,train,0.020821938
2016-03-16,TLT,0.0041241585,0.0055415467,0.0014173882,train,0.0023113177
2016-03-17,EFA,-0.0017374422,0.051477272,0.053214714,train,0.03805191
2016-03-17,IWM,0.008981118,0.013220215,0.0042390972,train,0.023657572
2016-03-17,SPY,0.003921905,0.022998022,0.019076116,train,0.052154046
2016-03-17,TLT,0.0020936776,0.010729294,0.008635617,train,0.0055415467
2016-03-18,EFA,-0.0015665699,0.006666226,0.008232796,train,0.051477272
2016-03-18,IWM,-0.0023746507,0.028502977,0.030877627,train,0.013220215
2016-03-18,SPY,0.0014180144,-0.02440985,0.025827864,train,0.022998022
2016-03-18,TLT,-0.0077003012,0.03275395,0.040454254,train,0.010729294
2016-03-21,EFA,-0.001743287,0.014406536,0.016149823,train,0.006666226
2016-03-21,IWM,-0.0011898011,0.052434973,0.053624775,train,0.028502977
2016-03-21,SPY,-0.00053791166,-4.7769863e-05,0.0004901418,train,-0.02440985
2016-03-21,TLT,-0.00023400242,-0.0026856982,0.0024516957,train,0.03275395
2016-03-22,EFA,-0.010171854,-0.022110138,0.011938284,train,0.014406536
2016-03-22,IWM,-0.018659016,0.033939067,0.05259808,train,0.052434973
2016-03-22,SPY,-0.0066211834,-0.027421923,0.02080074,train,-4.7769863e-05
2016-03-22,TLT,0.011260956,-0.028165508,0.039426465,train,-0.0026856982
2016-03-23,EFA,-0.006721007,0.029765693,0.0364867,train,-0.022110138
2016-03-23,IWM,0.002989655,-0.04117154,0.044161193,train,0.033939067
2016-03-23,SPY,-0.00044301015,0.04753322,0.047976233,train,-0.027421923
2016-03-23,TLT,0.0003859947,-0.0054704747,0.0058564693,train,-0.028165508
2016-03-24,EFA,0.006015718,0.041809388,0.03579367,train,0.029765693
2016-03-24,IWM,0.0012117266,0.037183806,0.03597208,train,-0.04117154
2016-03-24,SPY,0.00059028406,-0.024012173,0.024602456,train,0.04753322
2016-03-24,TLT,0.0013110366,-0.020037195,0.02134823,train,-0.0054704747
2016-03-28,EFA,0.010702764,-0.031639755,0.042342518,train,0.041809388
2016-03-28,IWM,0.027386514,-0.015181089,0.042567603,train,0.037183806
2016-03-28,SPY,0.009207908,-0.040369336,0.049577244,train,-0.024012173
2016-03-28,TLT,0.010430392,-0.036313094,0.046743486,train,-0.020037195
2016-03-29,EFA,0.007476242,-0.051681608,0.05915785,train,-0.031639755
2016-03-29,IWM,9.066284e-05,-0.091015056,0.09110572,train,-0.015181089
2016-03-29,SPY,0.0043782797,-0.0131971445,0.017575424,train,-0.040369336
2016-03-29,TLT,-0.010584415,0.02383847,0.034422886,train,-0.036313094
2016-03-30,EFA,-0.009922819,0.0542367,0.06415952,train,-0.051681608
2016-03-30,IWM,0.0028058526,0.06863029,0.06582444,train,-0.091015056
2016-03-30,SPY,-0.0024298653,0.053728677,0.056158543,train,-0.0131971445
2016-03-30,TLT,0.007069298,0.037775666,0.030706368,train,0.02383847
2016-03-31,EFA,-0.010728849,0.034648594,0.04537744,train,0.0542367
2016-03-31,IWM,0.0044196583,0.0087560285,0.00433637,train,0.06863029
2016-03-31,SPY,0.006788713,0.06207725,0.05528854,train,0.053728677
2016-03-31,TLT,0.0026045842,-6.789854e-05,0.0026724827,train,0.037775666
2016-04-01,EFA,-0.002124472,-0.0488582,0.046733726,train,0.034648594
2016-04-01,IWM,-0.008404455,0.00899115,0.017395604,train,0.0087560285
2016-04-01,SPY,-0.0032431672,0.011399085,0.014642252,train,0.06207725
2016-04-01,TLT,0.00061208836,-0.02403569,0.024647778,train,-6.789854e-05
2016-04-04,EFA,-0.019866308,-0.008008318,0.01185799,train,-0.0488582
2016-04-04,IWM,-0.011408973,0.022155073,0.033564046,train,0.00899115
2016-04-04,SPY,-0.010038411,0.014950501,0.024988912,train,0.011399085
2016-04-04,TLT,0.01087671,0.008783964,0.0020927452,train,-0.02403569
2016-04-05,EFA,0.016138159,-0.009188322,0.025326481,train,-0.008008318
2016-04-05,IWM,0.01122719,-0.06801784,0.07924503,train,0.022155073
2016-04-05,SPY,0.010862034,0.017154803,0.0062927697,train,0.014950501
2016-04-05,TLT,-0.007288743,-0.007406453,0.000117710326,train,0.008783964
2016-04-06,EFA,-0.014693275,0.01370642,0.028399695,train,-0.009188322
2016-04-06,IWM,-0.013616869,6.4804684e-05,0.013681674,train,-0.06801784
2016-04-06,SPY,-0.012037804,-0.025797328,0.013759524,train,0.017154803
2016-04-06,TLT,0.012269457,0.008161647,0.0041078096,train,-0.007406453
2016-04-07,EFA,0.018952716,-0.035130884,0.0540836,train,0.01370642
2016-04-07,IWM,0.003949026,0.009968603,0.006019577,train,6.4804684e-05
2016-04-07,SPY,0.0026930294,0.024293402,0.021600373,train,-0.025797328
2016-04-07,TLT,-0.00634309,-0.008891214,0.0025481237,train,0.008161647
2016-04-08,EFA,0.000531464,-0.009214149,0.009745613,train,-0.035130884
2016-04-08,IWM,-0.003120809,0.018655347,0.021776156,train,0.009968603
2016-04-08,SPY,-0.0023500558,-0.037914198,0.035564143,train,0.024293402
2016-04-08,TLT,-0.0012883232,0.029642308,0.03093063,train,-0.008891214
2016-04-11,EFA,0.01476055,-0.04413997,0.05890052,train,-0.009214149
2016-04-11,IWM,0.010698637,0.021888925,0.011190288,train,0.018655347
2016-04-11,SPY,0.009269853,0.0045882626,0.0046815905,train,-0.037914198
2016-04-11,TLT,-0.0069265175,0.01998773,0.026914248,train,0.029642308
2016-04-12,EFA,0.01574833,0.009909211,0.0058391187,train,-0.04413997
2016-04-12,IWM,0.021328477,0.0055679413,0.015760535,train,0.021888925
2016-04-12,SPY,0.010050252,-0.011733677,0.02178393,train,0.0045882626
2016-04-12,TLT,0.003507379,0.010818595,0.007311216,train,0.01998773
2016-04-13,EFA,0.0032570015,0.030436317,0.027179316,train,0.009909211
2016-04-13,IWM,-0.0012472792,0.00018847408,0.0014357533,train,0.0055679413
2016-04-13,SPY,4.8221504e-05,0.01802094,0.017972717,train,-0.011733677
2016-04-13,TLT,-0.004806872,-0.00474809,5.878182e-05,train,0.010818595
2016-04-14,EFA,-0.0022274351,0.017035589,0.019263024,train,0.030436317
2016-04-14,IWM,0.0024929277,0.022868432,0.020375505,train,0.00018847408
2016-04-14,SPY,-0.0011064076,0.006126243,0.0072326506,train,0.01802094
2016-04-14,TLT,0.008528992,-0.04385034,0.052379332,train,-0.00474809
2016-04-15,EFA,0.008539855,-0.043700602,0.052240457,train,0.017035589
2016-04-15,IWM,0.0075305235,0.042848334,0.03531781,train,0.022868432
2016-04-15,SPY,0.0070020994,-0.0022539427,0.009256043,train,0.006126243
2016-04-15,TLT,-0.00433211,0.005331746,0.009663856,train,-0.04385034
2016-04-18,EFA,0.017198138,0.035298787,0.01810065,train,-0.043700602
2016-04-18,IWM,0.000794,0.034082636,0.033288635,train,0.042848334
2016-04-18,SPY,0.0031491977,0.020057743,0.016908545,train,-0.0022539427
2016-04-18,TLT,-0.0031267228,-0.0040330905,0.0009063678,train,0.005331746
2016-04-19,EFA,0.0008354922,-0.02663475,0.027470242,train,0.035298787
2016-04-19,IWM,0.0014982717,0.038962472,0.0374642,train,0.034082636
2016-04-19,SPY,0.000952624,0.011485534,0.01053291,train,0.020057743
2016-04-19,TLT,-0.011061635,-0.008025128,0.0030365065,train,-0.0040330905
2016-04-20,EFA,-0.0060312347,0.022501342,0.028532576,train,-0.02663475
2016-04-20,IWM,-0.0050321408,0.007005203,0.012037344,train,0.038962472
2016-04-20,SPY,-0.005393099,0.0058237477,0.011216847,train,0.011485534
2016-04-20,TLT,-0.005965528,-0.035989247,0.03002372,train,-0.008025128
2016-04-21,EFA,0.00050423224,-0.07534518,0.075849414,train,0.022501342
2016-04-21,IWM,0.009863502,-0.002440941,0.012304444,train,0.007005203
2016-04-21,SPY,0.0,0.020643914,0.020643914,train,0.0058237477
2016-04-21,TLT,-0.0025670994,-0.008389089,0.00582199,train,-0.035989247
2016-04-22,EFA,-0.005051542,0.004908671,0.009960214,train,-0.07534518
2016-04-22,IWM,-0.0071236333,-0.016448446,0.009324812,train,-0.002440941
2016-04-22,SPY,-0.0017242149,0.041098163,0.042822376,train,0.020643914
2016-04-22,TLT,-0.004138355,0.0019915863,0.0061299414,train,-0.008389089
2016-04-25,EFA,0.003538601,0.030776052,0.02723745,train,0.004908671
2016-04-25,IWM,0.009749612,0.008140642,0.0016089696,train,-0.016448446
2016-04-25,SPY,0.0014849636,-0.012929121,0.014414085,train,0.041098163
2016-04-25,TLT,-0.004547371,0.0012228764,0.0057702474,train,0.0019915863
2016-04-26,EFA,0.0006726431,-0.021982677,0.02265532,train,0.030776052
2016-04-26,IWM,0.0034898578,0.014212364,0.010722507,train,0.008140642
2016-04-26,SPY,0.0020559842,0.011654342,0.009598358,train,-0.012929121
2016-04-26,TLT,0.009930698,-0.0011276458,0.011058344,train,0.0012228764
2016-04-27,EFA,-0.013709251,-0.029686296,0.015977046,train,-0.021982677
2016-04-27,IWM,-0.01147577,0.019819057,0.031294826,train,0.014212364
2016-04-27,SPY,-0.009117023,0.007103508,0.01622053,train,0.011654342
2016-04-27,TLT,0.004115872,0.02911386,0.024997989,train,-0.0011276458
2016-04-28,EFA,-0.004269499,-0.055484306,0.051214807,train,-0.029686296
2016-04-28,IWM,-0.009027203,0.026917038,0.035944242,train,0.019819057
2016-04-28,SPY,-0.005413306,-0.0049496614,0.0004636445,train,0.007103508
2016-04-28,TLT,0.0025533147,0.016286777,0.013733462,train,0.02911386
2016-04-29,EFA,0.009368777,0.025244428,0.01587565,train,-0.055484306
2016-04-29,IWM,0.008851103,0.019985097,0.011133994,train,0.026917038
2016-04-29,SPY,0.007916712,0.054342892,0.04642618,train,-0.0049496614
2016-04-29,TLT,-0.010118905,0.01879113,0.028910035,train,0.016286777
2016-05-02,EFA,-0.016583024,-0.020781105,0.004198082,train,0.025244428
2016-05-02,IWM,-0.016526408,0.049305342,0.06583175,train,0.019985097
2016-05-02,SPY,-0.008740694,0.016008476,0.024749171,train,0.054342892
2016-05-02,TLT,0.012517414,-0.004023122,0.016540537,train,0.01879113
2016-05-03,EFA,-0.011616886,0.038972188,0.050589073,train,-0.020781105
2016-05-03,IWM,-0.008276532,0.018146792,0.026423324,train,0.049305342
2016-05-03,SPY,-0.0055941227,0.09474696,0.10034108,train,0.016008476
2016-05-03,TLT,0.0054705455,-0.010617439,0.016087985,train,-0.004023122
2016-05-04,EFA,-0.0020949023,0.028463801,0.030558703,train,0.038972188
2016-05-04,IWM,-0.0039824285,-0.015452798,0.01147037,train,0.018146792
2016-05-04,SPY,-0.0001951987,-0.022486402,0.022291202,train,0.09474696
2016-05-04,TLT,0.0066627506,0.017219873,0.0105571225,train,-0.010617439
2016-05-05,EFA,0.0027923784,0.027161421,0.024369042,train,0.028463801
2016-05-05,IWM,0.005877773,-0.018710585,0.024588358,train,-0.015452798
2016-05-05,SPY,0.0036523878,-0.0034585884,0.007110976,train,-0.022486402
2016-05-05,TLT,-0.0042836317,-0.0038261418,0.00045748986,train,0.017219873
2016-05-06,EFA,-0.0020937098,0.014233699,0.01632741,train,0.027161421
2016-05-06,IWM,0.0028810238,0.021564258,0.018683234,train,-0.018710585
2016-05-06,SPY,0.0008257438,0.01266025,0.011834506,train,-0.0034585884
2016-05-06,TLT,0.0031375312,-0.029827258,0.03296479,train,-0.0038261418
2016-05-09,EFA,0.014219188,0.033643864,0.019424677,train,0.014233699
2016-05-09,IWM,0.0100189475,0.015025757,0.0050068097,train,0.021564258
2016-05-09,SPY,0.01235727,0.018763527,0.006406257,train,0.01266025
2016-05-09,TLT,7.685462e-05,0.0041515357,0.004074681,train,-0.029827258
2016-05-10,EFA,-0.008646001,0.012411427,0.021057427,train,0.033643864
2016-05-10,IWM,-0.012449425,0.058144905,0.070594326,train,0.015025757
2016-05-10,SPY,-0.0093986215,-0.00783384,0.0015647812,train,0.018763527
2016-05-10,TLT,0.005638586,0.017976118,0.012337532,train,0.0041515357
2016-05-11,EFA,-0.00034751062,0.04254632,0.04289383,train,0.012411427
2016-05-11,IWM,-0.0053312634,0.07067469,0.07600595,train,0.058144905
2016-05-11,SPY,0.00029026796,0.012917664,0.012627396,train,-0.00783384
2016-05-11,TLT,-0.0045693396,-0.036286265,0.031716924,train,0.017976118
2016-05-12,EFA,-0.010302931,0.0022770292,0.012579961,train,0.04254632
2016-05-12,IWM,-0.0066362754,0.041793514,0.04842979,train,0.07067469
2016-05-12,SPY,-0.008752248,-0.012662424,0.0039101755,train,0.012917664
2016-05-12,TLT,0.009647318,0.016096806,0.006449488,train,-0.036286265
2016-05-13,EFA,0.011865511,0.011479536,0.00038597453,train,0.0022770292
2016-05-13,IWM,0.012598291,0.02273547,0.01013718,train,0.041793514
2016-05-13,SPY,0.009816941,0.030723186,0.020906245,train,-0.012662424
2016-05-13,TLT,-0.008655296,0.024460038,0.033115335,train,0.016096806
2016-05-16,EFA,-0.0073120315,3.93237e-05,0.007351355,train,0.011479536
2016-05-16,IWM,-0.015978543,-0.0060744607,0.009904083,train,0.02273547
2016-05-16,SPY,-0.009377216,-0.0107566435,0.0013794275,train,0.030723186
2016-05-16,TLT,0.0016754931,-0.013306724,0.014982217,train,0.024460038
2016-05-17,EFA,0.00034915452,-0.0033378885,0.003687043,train,3.93237e-05
2016-05-17,IWM,0.0052028527,0.0027738116,0.002429041,train,-0.0060744607
2016-05-17,SPY,0.00029234335,-0.0072136936,0.007506037,train,-0.0107566435
2016-05-17,TLT,-0.014337458,0.019814251,0.03415171,train,-0.013306724
2016-05-18,EFA,-0.0071872175,-0.029196199,0.022008982,train,-0.0033378885
2016-05-18,IWM,-0.008044153,0.020683184,0.028727338,train,0.0027738116
2016-05-18,SPY,-0.0034705293,0.019747155,0.023217684,train,-0.0072136936
2016-05-18,TLT,0.004315321,-0.034413952,0.038729273,train,0.019814251
2016-05-19,EFA,0.008234848,-0.020566452,0.0288013,train,-0.029196199
2016-05-19,IWM,0.016655842,-0.027042769,0.04369861,train,0.020683184
2016-05-19,SPY,0.0062974924,0.013966326,0.0076688332,train,0.019747155
2016-05-19,TLT,0.0007681521,0.030070549,0.029302396,train,-0.034413952
2016-05-20,EFA,-0.0033209387,-0.029965157,0.026644219,train,-0.020566452
2016-05-20,IWM,-0.0011740965,-0.013822114,0.012648018,train,-0.027042769
2016-05-20,SPY,-0.0013635595,-0.038661104,0.037297543,train,0.013966326
2016-05-20,TLT,0.002226194,0.027818343,0.025592148,train,0.030070549
2016-05-23,EFA,0.014426421,-0.0204008,0.03482722,train,-0.029965157
2016-05-23,IWM,0.020394478,0.022539353,0.002144875,train,-0.013822114
2016-05-23,SPY,0.012878623,-0.015181063,0.028059686,train,-0.038661104
2016-05-23,TLT,-0.0044566626,0.011432745,0.015889406,train,0.027818343
2016-05-24,EFA,0.01047127,-0.008460583,0.018931855,train,-0.0204008
2016-05-24,IWM,0.0058268174,-0.013592407,0.019419225,train,0.022539353
2016-05-24,SPY,0.0067604114,-0.023555089,0.0303155,train,-0.015181063
2016-05-24,TLT,-0.003780392,0.009991683,0.013772075,train,0.011432745
2016-05-25,EFA,0.0027285689,0.00051341346,0.0022151554,train,-0.008460583
2016-05-25,IWM,-0.0011451899,0.034379624,0.035524815,train,-0.013592407
2016-05-25,SPY,0.00028675498,-0.02331963,0.023606384,train,-0.023555089
2016-05-25,TLT,0.005165523,0.02779092,0.022625398,train,0.009991683
2016-05-26,EFA,-0.0010224617,-0.024901949,0.023879487,train,0.00051341346
2016-05-26,IWM,0.009909561,-0.00055795023,0.010467511,train,0.034379624
2016-05-26,SPY,0.004290038,0.008736825,0.004446787,train,-0.02331963
2016-05-26,TLT,-0.001461968,0.029889537,0.031351507,train,0.02779092
2016-05-27,EFA,-0.0047847717,-0.032265536,0.027480764,train,-0.024901949
2016-05-27,IWM,0.0034842326,-0.012738867,0.0162231,train,-0.00055795023
2016-05-27,SPY,-0.0019045445,-0.008240191,0.006335647,train,0.008736825
2016-05-27,TLT,0.0023843495,0.03816111,0.03577676,train,0.029889537
2016-05-31,EFA,-0.0008567371,0.06504155,0.065898284,train,-0.032265536
2016-05-31,IWM,0.0067597283,-0.0016376046,0.008397333,train,-0.012738867
2016-05-31,SPY,0.0020470645,0.053171072,0.051124007,train,-0.008240191
2016-05-31,TLT,0.004049471,0.005108874,0.0010594027,train,0.03816111
2016-06-01,EFA,0.0,-0.028008342,0.028008342,train,0.06504155
2016-06-01,IWM,0.007657383,0.0009220061,0.006735377,train,-0.0016376046
2016-06-01,SPY,0.003039195,0.06043091,0.057391714,train,0.053171072
2016-06-01,TLT,0.00718121,0.03468642,0.02750521,train,0.005108874
2016-06-02,EFA,0.006493516,-0.056157183,0.062650695,train,-0.028008342
2016-06-02,IWM,-0.0060178176,-0.003842425,0.0021753926,train,0.0009220061
2016-06-02,SPY,-0.002991835,0.025861183,0.028853018,train,0.06043091
2016-06-02,TLT,0.014135253,0.057517916,0.043382663,train,0.03468642
2016-06-03,EFA,0.0056051835,-0.012072748,0.017677931,train,-0.056157183
2016-06-03,IWM,0.0107209915,-0.03023612,0.040957112,train,-0.003842425
2016-06-03,SPY,0.005075984,0.00829909,0.0032231058,train,0.025861183
2016-06-03,TLT,-0.0074587306,0.05096022,0.058418952,train,0.057517916
2016-06-06,EFA,0.0072569633,-0.010331633,0.017588597,train,-0.012072748
2016-06-06,IWM,0.0028964612,-0.018367952,0.021264413,train,-0.03023612
2016-06-06,SPY,0.0015599066,0.031968974,0.030409068,train,0.00829909
2016-06-06,TLT,0.0024173432,0.018355826,0.015938483,train,0.05096022
2016-06-07,EFA,0.0020156365,-0.011316726,0.013332362,train,-0.010331633
2016-06-07,IWM,0.0073733563,0.004176033,0.003197323,train,-0.018367952
2016-06-07,SPY,0.0032544865,-0.0056994543,0.008953941,train,0.031968974
2016-06-07,TLT,0.005341637,0.0129027385,0.0075611016,train,0.018355826
2016-06-08,EFA,-0.012326022,0.0053410972,0.017667118,train,-0.011316726
2016-06-08,IWM,-0.0064381845,-0.025713773,0.019275589,train,0.004176033
2016-06-08,SPY,-0.0013667346,-0.001983344,0.00061660947,train,-0.0056994543
2016-06-08,TLT,0.0064326157,0.025215155,0.01878254,train,0.0129027385
2016-06-09,EFA,-0.029482422,0.030700317,0.06018274,train,0.0053410972
2016-06-09,IWM,-0.013690876,-0.01473924,0.0010483637,train,-0.025713773
2016-06-09,SPY,-0.0095226,-0.0033810888,0.0061415113,train,-0.001983344
2016-06-09,TLT,0.00483404,-0.0029744268,0.007808467,train,0.025215155
2016-06-10,EFA,-0.014629761,-0.06213365,0.04750389,train,0.030700317
2016-06-10,IWM,-0.010914675,0.009783281,0.020697955,train,-0.01473924
2016-06-10,SPY,-0.00774162,-0.024073169,0.01633155,train,-0.0033810888
2016-06-10,TLT,0.0044418504,0.025402905,0.020961056,train,-0.0029744268
2016-06-13,EFA,-0.016109183,-0.012586035,0.0035231486,train,-0.06213365
2016-06-13,IWM,-0.0028780447,0.03702255,0.039900593,train,0.009783281
2016-06-13,SPY,-0.001968783,-0.04951587,0.047547087,train,-0.024073169
2016-06-13,TLT,-0.0007392343,0.011571195,0.0123104295,train,0.025402905
2016-06-14,EFA,0.006654218,0.012340168,0.0056859497,train,-0.012586035
2016-06-14,IWM,0.0006981413,0.016204642,0.0155065,train,0.03702255
2016-06-14,SPY,-0.0013949422,-0.0551735,0.05377856,train,-0.04951587
2016-06-14,TLT,0.0038367144,-0.014526447,0.018363161,train,0.011571195
2016-06-15,EFA,0.002148633,0.0331708,0.031022169,train,0.012340168
2016-06-15,IWM,-8.715597e-05,0.023538457,0.023625614,train,0.016204642
2016-06-15,SPY,0.002980078,0.00096531725,0.0020147609,train,-0.0551735
2016-06-15,TLT,0.004848146,0.024395233,0.019547086,train,-0.014526447
2016-06-16,EFA,0.0097889,-9.059394e-05,0.009879494,train,0.0331708
2016-06-16,IWM,-0.004286883,-0.0040737675,0.00021311548,train,0.023538457
2016-06-16,SPY,-0.0037311248,0.02407979,0.027810914,train,0.00096531725
2016-06-16,TLT,-0.006247833,-0.004816542,0.001431291,train,0.024395233
2016-06-17,EFA,0.024494164,0.0031656339,0.02132853,train,-9.059394e-05
2016-06-17,IWM,0.0108127305,0.052910566,0.042097837,train,-0.0040737675
2016-06-17,SPY,0.0064193136,0.035552986,0.029133672,train,0.02407979
2016-06-17,TLT,-0.010750407,0.041116428,0.051866837,train,-0.004816542
2016-06-20,EFA,0.008090176,-0.0137396585,0.021829834,train,0.0031656339
2016-06-20,IWM,-0.0019098689,0.054743204,0.056653075,train,0.052910566
2016-06-20,SPY,0.0028344404,0.01659911,0.013764669,train,0.035552986
2016-06-20,TLT,-0.004631674,-0.008956425,0.004324751,train,0.041116428
2016-06-21,EFA,-0.00061258127,-0.027645461,0.02703288,train,-0.0137396585
2016-06-21,IWM,-0.0039181127,0.04292775,0.04684586,train,0.054743204
2016-06-21,SPY,-0.0016325675,0.026605144,0.028237712,train,0.01659911
2016-06-21,TLT,0.0016456101,0.013935713,0.012290103,train,-0.008956425
2016-06-22,EFA,0.027285537,0.030515054,0.0032295175,train,-0.027645461
2016-06-22,IWM,0.018924978,0.041207355,0.022282377,train,0.04292775
2016-06-22,SPY,0.012938592,0.0135244485,0.00058585685,train,0.026605144
2016-06-22,TLT,-0.011504484,0.012725959,0.024230443,train,0.013935713
2016-06-23,EFA,-0.08977167,0.022159712,0.11193138,train,0.030515054
2016-06-23,IWM,-0.03874833,0.033785485,0.072533816,train,0.041207355
2016-06-23,SPY,-0.036569558,-0.029099843,0.0074697156,train,0.0135244485
2016-06-23,TLT,0.026493473,-0.01890033,0.045393802,train,0.012725959
2016-06-24,EFA,-0.019381808,-0.14549103,0.12610923,train,0.022159712
2016-06-24,IWM,-0.033386085,-0.059506826,0.02612074,train,0.033785485
2016-06-24,SPY,-0.018072467,0.033412684,0.05148515,train,-0.029099843
2016-06-24,TLT,0.024660254,0.021730386,0.0029298682,train,-0.01890033
2016-06-27,EFA,0.025882682,-0.06675345,0.09263613,train,-0.14549103
2016-06-27,IWM,0.015338447,-0.04971424,0.06505269,train,-0.059506826
2016-06-27,SPY,0.017875448,-0.0791223,0.096997745,train,0.033412684
2016-06-27,TLT,0.0020815788,0.0032785893,0.0011970105,train,0.021730386
2016-06-28,EFA,0.018164176,0.006948547,0.011215629,train,-0.06675345
2016-06-28,IWM,0.022486843,-0.0021548937,0.024641737,train,-0.04971424
2016-06-28,SPY,0.016884131,-0.051742416,0.068626545,train,-0.0791223
2016-06-28,TLT,-0.0077020824,0.03648687,0.044188954,train,0.0032785893
2016-06-29,EFA,0.014798969,-0.051623538,0.06642251,train,0.006948547
2016-06-29,IWM,0.01843317,-0.013225546,0.031658716,train,-0.0021548937
2016-06-29,SPY,0.013553384,-0.06826128,0.08181466,train,-0.051742416
2016-06-29,TLT,0.0036788983,0.095802665,0.09212377,train,0.03648687
2016-06-30,EFA,0.0,-0.115684055,0.115684055,train,-0.051623538
2016-06-30,IWM,0.0035591912,-0.02431375,0.02787294,train,-0.013225546
2016-06-30,SPY,0.002098637,-0.09311925,0.09521788,train,-0.06826128
2016-06-30,TLT,0.013788508,0.012835184,0.00095332414,train,0.095802665
2016-07-01,EFA,-0.019537438,0.005339123,0.024876561,train,-0.115684055
2016-07-01,IWM,-0.014842088,0.0019874098,0.016829498,train,-0.02431375
2016-07-01,SPY,-0.0072195646,-0.06602227,0.058802705,train,-0.09311925
2016-07-01,TLT,0.012442556,0.02026158,0.007819024,train,0.012835184
2016-07-05,EFA,-0.0018285331,-0.0075314404,0.005702907,train,0.005339123
2016-07-05,IWM,0.0072346455,0.046082303,0.03884766,train,0.0019874098
2016-07-05,SPY,0.0059800167,0.019112272,0.0131322555,train,-0.06602227
2016-07-05,TLT,0.0016153442,0.01404856,0.012433215,train,0.02026158
2016-07-06,EFA,-0.004034507,-0.019116813,0.015082306,train,-0.0075314404
2016-07-06,IWM,0.0021052195,-0.012860568,0.0149657875,train,0.046082303
2016-07-06,SPY,-0.0006200956,-0.020569181,0.019949086,train,0.019112272
2016-07-06,TLT,-7.055743e-05,-0.04629251,0.046221953,train,0.01404856
2016-07-07,EFA,0.015136683,-0.012990201,0.028126884,train,-0.019116813
2016-07-07,IWM,0.023039304,-0.0115990285,0.03463833,train,-0.012860568
2016-07-07,SPY,0.014780622,0.017603075,0.0028224532,train,-0.020569181
2016-07-07,TLT,0.007338666,0.018506318,0.011167653,train,-0.04629251
2016-07-08,EFA,0.014554073,-0.006346584,0.020900657,train,-0.012990201
2016-07-08,IWM,0.0114928875,0.008541219,0.0029516686,train,-0.0115990285
2016-07-08,SPY,0.0035203975,-0.034428503,0.0379489,train,0.017603075
2016-07-08,TLT,-0.008812786,0.0009930409,0.0098058265,train,0.018506318
2016-07-11,EFA,0.013465947,0.017791647,0.004325701,train,-0.006346584
2016-07-11,IWM,0.0132853715,-0.032843716,0.04612909,train,0.008541219
2016-07-11,SPY,0.0072371303,-0.07474474,0.08198187,train,-0.034428503
2016-07-11,TLT,-0.016576322,0.030461678,0.047038,train,0.0009930409
2016-07-12,EFA,-0.0010565144,-0.009555031,0.008498516,train,0.017791647
2016-07-12,IWM,-0.003933761,-0.09201087,0.08807711,train,-0.032843716
2016-07-12,SPY,-0.00013960754,-0.08054184,0.08040223,train,-0.07474474
2016-07-12,TLT,0.011716675,0.012524569,0.0008078944,train,0.030461678
2016-07-13,EFA,0.00859577,0.04078871,0.032192938,train,-0.009555031
2016-07-13,IWM,0.001006139,-0.019998508,0.021004647,train,-0.09201087
2016-07-13,SPY,0.0055681653,-0.060263857,0.06583202,train,-0.08054184
2016-07-13,TLT,-0.014649353,0.0023919195,0.017041273,train,0.012524569
2016-07-14,EFA,-0.0050782696,-0.04048275,0.035404477,train,0.04078871
2016-07-14,IWM,0.0027605765,-0.026242757,0.029003333,train,-0.019998508
2016-07-14,SPY,-0.0013426559,-0.026314309,0.024971653,train,-0.060263857
2016-07-14,TLT,-0.008634011,-0.031210316,0.022576306,train,0.0023919195
2016-07-15,EFA,0.0024546797,0.0041637975,0.0017091178,train,-0.04048275
2016-07-15,IWM,0.0016693448,-0.04156351,0.043232854,train,-0.026242757
2016-07-15,SPY,0.0026835115,-0.1042888,0.106972314,train,-0.026314309
2016-07-15,TLT,-0.0009399022,-0.0016029291,0.0006630269,train,-0.031210316
2016-07-18,EFA,-0.007911968,0.03710622,0.04501819,train,0.0041637975
2016-07-18,IWM,-0.0050165625,-0.017860664,0.0128441015,train,-0.04156351
2016-07-18,SPY,-0.0010171356,-0.04522564,0.044208504,train,-0.1042888
2016-07-18,TLT,0.0056255637,-0.0022166842,0.007842248,train,-0.0016029291
2016-07-19,EFA,0.008962283,0.06196331,0.053001024,train,0.03710622
2016-07-19,IWM,0.0065166797,-0.013871165,0.020387845,train,-0.017860664
2016-07-19,SPY,0.0041542826,-0.016596118,0.0207504,train,-0.04522564
2016-07-19,TLT,-0.005480939,0.010421433,0.015902372,train,-0.0022166842
2016-07-20,EFA,-0.004031991,0.013707193,0.017739184,train,0.06196331
2016-07-20,IWM,-0.0047581485,-0.055404335,0.050646186,train,-0.013871165
2016-07-20,SPY,-0.0037842805,-0.01016116,0.0063768793,train,-0.016596118
2016-07-20,TLT,0.0020229828,-0.0049870727,0.0070100557,train,0.010421433
2016-07-21,EFA,0.0019304336,0.08713491,0.08520448,train,0.013707193
2016-07-21,IWM,0.007419528,-0.021261202,0.02868073,train,-0.055404335
2016-07-21,SPY,0.0044754785,-0.039462354,0.043937832,train,-0.01016116
2016-07-21,TLT,0.0017307237,-0.026356911,0.028087635,train,-0.0049870727
2016-07-22,EFA,-0.0012280989,0.026232252,0.027460352,train,0.08713491
2016-07-22,IWM,-0.0014960557,-0.04761402,0.046117965,train,-0.021261202
2016-07-22,SPY,-0.0027201232,-0.0099257175,0.0072055943,train,-0.039462354
2016-07-22,TLT,-0.00072083663,8.129841e-05,0.00080213504,train,-0.026356911
2016-07-25,EFA,0.0042041214,0.011638455,0.0074343337,train,0.026232252
2016-07-25,IWM,0.0048128148,0.00541468,0.00060186535,train,-0.04761402
2016-07-25,SPY,0.0004618696,-0.037484642,0.03794651,train,-0.0099257175
2016-07-25,TLT,0.0015853987,-0.028367141,0.02995254,train,8.129841e-05
2016-07-26,EFA,0.0036638447,-0.03430661,0.037970454,train,0.011638455
2016-07-26,IWM,0.0028103406,0.0111630205,0.00835268,train,0.00541468
2016-07-26,SPY,-0.001061788,-0.0043084626,0.0032466748,train,-0.037484642
2016-07-26,TLT,0.01237581,-0.028579421,0.04095523,train,-0.028367141
2016-07-27,EFA,-0.001045381,-0.027727002,0.02668162,train,-0.03430661
2016-07-27,IWM,-0.0025619927,0.039559085,0.04212108,train,0.0111630205
2016-07-27,SPY,0.001153939,-0.010924632,0.012078571,train,-0.0043084626
2016-07-27,TLT,-0.0018502995,-0.0062375753,0.004387276,train,-0.028579421
2016-07-28,EFA,0.011785239,0.027310409,0.01552517,train,-0.027727002
2016-07-28,IWM,0.0019842812,0.06439381,0.06240953,train,0.039559085
2016-07-28,SPY,0.0016132809,0.009438707,0.007825426,train,-0.010924632
2016-07-28,TLT,0.008299308,-0.031840976,0.040140286,train,-0.0062375753
2016-07-29,EFA,-0.0065687913,0.041750807,0.0483196,train,0.027310409
2016-07-29,IWM,0.00082564686,-0.0068638176,0.0076894644,train,0.06439381
2016-07-29,SPY,-0.00082955934,-0.017772801,0.016943242,train,0.009438707
2016-07-29,TLT,-0.010901134,0.010122551,0.021023685,train,-0.031840976
2016-08-01,EFA,-0.0050424202,0.0077665555,0.012808976,train,0.041750807
2016-08-01,IWM,-0.014045582,0.046388384,0.060433965,train,-0.0068638176
2016-08-01,SPY,-0.0064276424,-0.023245467,0.016817825,train,-0.017772801
2016-08-01,TLT,-0.010356281,0.0214309,0.03178718,train,0.010122551
2016-08-02,EFA,-0.003492055,-0.018481722,0.014989667,train,0.0077665555
2016-08-02,IWM,0.008085896,-0.02586303,0.033948928,train,0.046388384
2016-08-02,SPY,0.002918221,0.0049299966,0.0020117755,train,-0.023245467
2016-08-02,TLT,0.00057824707,0.012418937,0.01184069,train,0.0214309
2016-08-03,EFA,0.0057557854,-0.0344676,0.040223386,train,-0.018481722
2016-08-03,IWM,0.0009127608,-0.02083554,0.0217483,train,-0.02586303
2016-08-03,SPY,0.0010634573,0.0076909657,0.0066275084,train,0.0049299966
2016-08-03,TLT,0.007485802,-0.041105356,0.04859116,train,0.012418937
2016-08-04,EFA,0.0045115342,-0.027470745,0.03198228,train,-0.0344676
2016-08-04,IWM,0.014329483,-0.031390775,0.045720257,train,-0.02083554
2016-08-04,SPY,0.008145626,0.019100955,0.010955329,train,0.0076909657
2016-08-04,TLT,-0.010452418,-0.0039012977,0.00655112,train,-0.041105356
2016-08-05,EFA,0.002075301,-0.0151184015,0.017193703,train,-0.027470745
2016-08-05,IWM,-0.00049085554,-0.0022131137,0.0017222582,train,-0.031390775
2016-08-05,SPY,-0.0005958735,0.002375755,0.0029716284,train,0.019100955
2016-08-05,TLT,0.0018824068,-0.012784179,0.014666586,train,-0.0039012977
2016-08-08,EFA,0.007916135,0.012098173,0.004182038,train,-0.0151184015
2016-08-08,IWM,0.0010630401,0.016810186,0.015747147,train,-0.0022131137
2016-08-08,SPY,0.0005958735,0.01744439,0.016848518,train,0.002375755
2016-08-08,TLT,0.009788447,-0.0066330866,0.016421534,train,-0.012784179
2016-08-09,EFA,0.0034224002,-0.06521817,0.068640575,train,0.012098173
2016-08-09,IWM,-0.007217272,0.034722585,0.04193986,train,0.016810186
2016-08-09,SPY,-0.0024781385,-0.006230785,0.0037526465,train,0.01744439
2016-08-09,TLT,0.0038603526,-0.004439849,0.008300202,train,-0.0066330866
2016-08-10,EFA,0.007148644,0.029186083,0.022037439,train,-0.06521817
2016-08-10,IWM,0.004762553,0.048186187,0.043423634,train,0.034722585
2016-08-10,SPY,0.0046300134,-0.010914648,0.015544661,train,-0.006230785
2016-08-10,TLT,-0.008958334,-0.0021512827,0.0068070516,train,-0.004439849
2016-08-11,EFA,-0.0025471451,0.031531192,0.034078337,train,0.029186083
2016-08-11,IWM,0.0009826955,0.016241523,0.015258827,train,0.048186187
2016-08-11,SPY,-0.0008691827,0.028333953,0.029203136,train,-0.010914648
2016-08-11,TLT,0.008386884,0.0023328192,0.0060540647,train,-0.0021512827
2016-08-12,EFA,0.0039034355,0.00067091687,0.0032325187,train,0.031531192
2016-08-12,IWM,0.009853907,0.018768342,0.008914435,train,0.016241523
2016-08-12,SPY,0.002879649,-0.012438279,0.015317928,train,0.028333953
2016-08-12,TLT,-0.009467475,0.006710825,0.0161783,train,0.0023328192
2016-08-15,EFA,-0.0015256247,0.004772981,0.006298606,train,0.00067091687
2016-08-15,IWM,-0.008136651,0.0034940522,0.011630703,train,0.018768342
2016-08-15,SPY,-0.0051710573,-0.042416804,0.037245747,train,-0.012438279
2016-08-15,TLT,-0.002669819,0.052447606,0.055117425,train,0.006710825
2016-08-16,EFA,-0.00033935352,-0.035479657,0.035140302,train,0.004772981
2016-08-16,IWM,-0.002945706,-0.038342874,0.03539717,train,0.0034940522
2016-08-16,SPY,0.0018790958,-0.013127862,0.015006958,train,-0.042416804
2016-08-16,TLT,0.005979713,-0.015499011,0.021478724,train,0.052447606
2016-08-17,EFA,0.0050779097,-0.016269028,0.021346938,train,-0.035479657
2016-08-17,IWM,0.0073476736,0.030965196,0.023617523,train,-0.038342874
2016-08-17,SPY,0.0022414385,0.03233799,0.030096551,train,-0.013127862
2016-08-17,TLT,0.0015784566,-0.0053791283,0.006957585,train,-0.015499011
2016-08-18,EFA,-0.007456443,-0.013672367,0.006215924,train,-0.016269028
2016-08-18,IWM,0.0,0.012759801,0.012759801,train,0.030965196
2016-08-18,SPY,-0.0014633754,-0.014956154,0.013492779,train,0.03233799
2016-08-18,TLT,-0.005248688,0.00065917475,0.005907863,train,-0.0053791283
2016-08-19,EFA,0.0010200519,0.021684112,0.02066406,train,-0.013672367
2016-08-19,IWM,0.002275095,0.016723,0.014447904,train,0.012759801
2016-08-19,SPY,-4.533438e-05,-0.014037628,0.013992294,train,-0.014956154
2016-08-19,TLT,0.008399353,-0.025242886,0.03364224,train,0.00065917475
2016-08-22,EFA,0.004239023,0.008958871,0.0047198473,train,0.021684112
2016-08-22,IWM,0.006955082,0.0036064223,0.0033486597,train,0.016723
2016-08-22,SPY,0.0020111618,0.00714495,0.005133788,train,-0.014037628
2016-08-22,TLT,0.0010720141,-0.008876041,0.009948054,train,-0.025242886
2016-08-23,EFA,-0.0023718544,0.010451805,0.012823659,train,0.008958871
2016-08-23,IWM,-0.008173467,-0.001290306,0.0068831607,train,0.0036064223
2016-08-23,SPY,-0.005127931,-0.0060214126,0.00089348154,train,0.00714495
2016-08-23,TLT,-0.0023596939,0.017967207,0.020326901,train,-0.008876041
2016-08-24,EFA,-0.004078827,0.0048574894,0.008936316,train,0.010451805
2016-08-24,IWM,0.0019484102,0.030819932,0.028871521,train,-0.001290306
2016-08-24,SPY,-0.00068885274,-0.003544873,0.0028560204,train,-0.0060214126
2016-08-24,TLT,-0.0038010876,-0.022957375,0.019156288,train,0.017967207
2016-08-25,EFA,-0.005978041,0.011081452,0.017059492,train,0.0048574894
2016-08-25,IWM,-0.002029656,0.016188433,0.018218089,train,0.030819932
2016-08-25,SPY,-0.0018849664,-0.0107740555,0.008889089,train,-0.003544873
2016-08-25,TLT,-0.005836947,-0.04823211,0.04239516,train,-0.022957375
2016-08-26,EFA,0.0030788302,-0.050122716,0.053201545,train,0.011081452
2016-08-26,IWM,0.005187304,0.0044166227,0.00077068154,train,0.016188433
2016-08-26,SPY,0.004912245,-0.0051686824,0.010080928,train,-0.0107740555
2016-08-26,TLT,0.013282163,-0.03823179,0.051513955,train,-0.04823211
2016-08-29,EFA,-0.001367218,-0.024074363,0.022707144,train,-0.050122716
2016-08-29,IWM,0.0018577515,0.032789912,0.03093216,train,0.0044166227
2016-08-29,SPY,-0.0016500473,0.009455875,0.011105922,train,-0.0051686824
2016-08-29,TLT,-0.0038589027,-0.0026280396,0.0012308632,train,-0.03823179
2016-08-30,EFA,-0.002054511,0.01015592,0.012210431,train,-0.024074363
2016-08-30,IWM,-0.0056643547,0.022846056,0.02851041,train,0.032789912
2016-08-30,SPY,-0.0028481642,0.014065165,0.016913328,train,0.009455875
2016-08-30,TLT,0.0014312441,-0.01589419,0.017325433,train,-0.0026280396
2016-08-31,EFA,0.0068318755,-0.0072281,0.014059976,train,0.01015592
2016-08-31,IWM,0.0007297569,0.013092414,0.012362657,train,0.022846056
2016-08-31,SPY,4.6393878e-05,-0.024292612,0.024339007,train,0.014065165
2016-08-31,TLT,0.0011023034,-0.023656594,0.024758898,train,-0.01589419
2016-09-01,EFA,0.01150792,-0.060010448,0.07151837,train,-0.0072281
2016-09-01,IWM,0.009603671,0.025921607,0.016317938,train,0.013092414
2016-09-01,SPY,0.0044974317,-0.019904627,0.024402058,train,-0.024292612
2016-09-01,TLT,-0.008189998,-0.0040558744,0.004134123,train,-0.023656594
2016-09-02,EFA,0.0067080534,-0.021625215,0.028333269,train,-0.060010448
2016-09-02,IWM,0.00096323964,0.0042387857,0.003275546,train,0.025921607
2016-09-02,SPY,0.0030178416,-0.005332215,0.008350057,train,-0.019904627
2016-09-02,TLT,0.0072594993,0.008757405,0.0014979057,train,-0.0040558744
2016-09-06,EFA,0.0005012905,-0.022015987,0.022517277,train,-0.021625215
2016-09-06,IWM,0.006239058,0.040689748,0.03445069,train,0.0042387857
2016-09-06,SPY,-9.0793386e-05,0.01862804,0.018718833,train,-0.005332215
2016-09-06,TLT,-0.00071673485,-0.00387335,0.0031566152,train,0.008757405
2016-09-07,EFA,-0.002843918,-0.054709654,0.051865738,train,-0.022015987
2016-09-07,IWM,-0.0019953602,0.0024307934,0.0044261534,train,0.040689748
2016-09-07,SPY,-0.0022861362,-0.025292566,0.02300643,train,0.01862804
2016-09-07,TLT,-0.012620588,0.0020389003,0.014659489,train,-0.00387335
2016-09-08,EFA,-0.019625165,-0.06666569,0.047040522,train,-0.054709654
2016-09-08,IWM,-0.031738702,0.046082754,0.077821456,train,0.0024307934
2016-09-08,SPY,-0.0242259,-0.0046725194,0.01955338,train,-0.025292566
2016-09-08,TLT,-0.016611058,-0.03554799,0.018936932,train,0.0020389003
2016-09-09,EFA,0.008167661,0.05864768,0.05048002,train,-0.06666569
2016-09-09,IWM,0.013842171,-0.076456614,0.09029879,train,0.046082754
2016-09-09,SPY,0.014245756,0.065448985,0.05120323,train,-0.0046725194
2016-09-09,TLT,0.0005160563,-0.040593725,0.04110978,train,-0.03554799
2016-09-12,EFA,-0.020372199,0.039521478,0.059893675,train,0.05864768
2016-09-12,IWM,-0.019383013,0.0060196775,0.025402691,train,-0.076456614
2016-09-12,SPY,-0.014479961,-0.031085106,0.016605144,train,0.065448985
2016-09-12,TLT,-0.011422316,-0.0121061485,0.0006838329,train,-0.040593725
2016-09-13,EFA,-0.0013848407,-0.022082843,0.020698002,train,0.039521478
2016-09-13,IWM,0.00016582655,-0.05274164,0.052907467,train,0.0060196775
2016-09-13,SPY,-0.0003753618,-0.019248983,0.01887362,train,-0.031085106
2016-09-13,TLT,0.0014904169,-0.03426158,0.035752,train,-0.0121061485
2016-09-14,EFA,0.008622441,0.017281363,0.008658921,train,-0.022082843
2016-09-14,IWM,0.011869513,0.037495606,0.025626093,train,-0.05274164
2016-09-14,SPY,0.009943534,0.0034982539,0.00644528,train,-0.019248983
2016-09-14,TLT,-0.0043290854,0.005525095,0.009854181,train,-0.03426158
2016-09-15,EFA,-0.012961352,-0.01400663,0.0010452773,train,0.017281363
2016-09-15,IWM,-0.0014760073,-0.0054736966,0.003997689,train,0.037495606
2016-09-15,SPY,-0.0038730723,-0.049075995,0.045202922,train,0.0034982539
2016-09-15,TLT,0.0080472035,-0.010136221,0.018183425,train,0.005525095
2016-09-16,EFA,0.0052045085,-0.049735334,0.054939844,train,-0.01400663
2016-09-16,IWM,0.006624768,-0.006025023,0.012649791,train,-0.0054736966
2016-09-16,SPY,0.00018718571,-0.021846151,0.022033338,train,-0.049075995
2016-09-16,TLT,-0.0032709835,-0.0048467787,0.0015757952,train,-0.010136221
2016-09-19,EFA,0.00603838,-0.0063351863,0.012373567,train,-0.049735334
2016-09-19,IWM,-0.0042477455,-0.02339483,0.019147085,train,-0.006025023
2016-09-19,SPY,4.6936326e-05,-0.009309508,0.009356444,train,-0.021846151
2016-09-19,TLT,0.003492974,-0.0132100545,0.016703028,train,-0.0048467787
2016-09-20,EFA,0.017391585,-0.01461361,0.032005195,train,-0.0063351863
2016-09-20,IWM,0.014386358,-0.00017802278,0.01456438,train,-0.02339483
2016-09-20,SPY,0.0111825885,-0.0051607583,0.016343348,train,-0.009309508
2016-09-20,TLT,0.008055107,0.018795367,0.010740261,train,-0.0132100545
2016-09-21,EFA,0.01009115,-0.0067203236,0.016811473,train,-0.01461361
2016-09-21,IWM,0.014261799,-0.014641879,0.028903678,train,-0.00017802278
2016-09-21,SPY,0.0062818388,-0.0069973306,0.01327917,train,-0.0051607583
2016-09-21,TLT,0.007917202,0.036897063,0.02897986,train,0.018795367
2016-09-22,EFA,-0.008402034,0.0010177284,0.009419762,train,-0.0067203236
2016-09-22,IWM,-0.0071053025,-0.0032593776,0.003845925,train,-0.014641879
2016-09-22,SPY,-0.005494273,0.009871207,0.0153654795,train,-0.0069973306
2016-09-22,TLT,-0.00094981294,-0.014018055,0.013068242,train,0.036897063
2016-09-23,EFA,-0.009324786,-0.02513201,0.015807223,train,0.0010177284
2016-09-23,IWM,-0.009980014,-0.026675517,0.016695503,train,-0.0032593776
2016-09-23,SPY,-0.008135308,0.008104293,0.0162396,train,0.009871207
2016-09-23,TLT,0.0063385097,0.037815206,0.031476695,train,-0.014018055
2016-09-26,EFA,0.0047582244,0.021482568,0.016724344,train,-0.02513201
2016-09-26,IWM,0.0040490283,-0.027573658,0.031622685,train,-0.026675517
2016-09-26,SPY,0.0061888746,0.005675457,0.00051341765,train,0.008104293
2016-09-26,TLT,0.0073090205,-0.040505514,0.047814533,train,0.037815206
2016-09-27,EFA,0.007094559,-0.026198545,0.033293106,train,0.021482568
2016-09-27,IWM,0.007648663,-0.0042297896,0.011878453,train,-0.027573658
2016-09-27,SPY,0.0049510687,-0.07261378,0.07756485,train,0.005675457
2016-09-27,TLT,-0.0021659876,-0.040238895,0.038072906,train,-0.040505514
2016-09-28,EFA,-0.0125342095,0.005592735,0.018126944,train,-0.026198545
2016-09-28,IWM,-0.014704853,-0.023720102,0.009015249,train,-0.0042297896
2016-09-28,SPY,-0.009088609,-0.034997836,0.025909226,train,-0.07261378
2016-09-28,TLT,0.0025259105,-0.054615915,0.057141826,train,-0.040238895
2016-09-29,EFA,0.0078100436,-0.068135545,0.075945586,train,0.005592735
2016-09-29,IWM,0.010928146,-0.075851,0.08677915,train,-0.023720102
2016-09-29,SPY,0.0075179986,0.017885987,0.010367988,train,-0.034997836
2016-09-29,TLT,-0.008977047,0.011106765,0.020083811,train,-0.054615915
2016-09-30,EFA,-0.0027096872,0.028247504,0.03095719,train,-0.068135545
2016-09-30,IWM,-0.0031449986,-0.03731234,0.034167342,train,-0.075851
2016-09-30,SPY,-0.0024070137,-0.04010768,0.037700664,train,0.017885987
2016-09-30,TLT,-0.0033053933,0.0627737,0.06607909,train,0.011106765
2016-10-03,EFA,-0.00016973312,-0.05046519,0.050295457,train,0.028247504
2016-10-03,IWM,-0.0049384525,-0.007290062,0.0023516095,train,-0.03731234
2016-10-03,SPY,-0.005110985,0.023141837,0.028252821,train,-0.04010768
2016-10-03,TLT,-0.011764168,0.012870988,0.024635155,train,0.0627737
2016-10-04,EFA,0.004062428,0.011750169,0.007687741,train,-0.05046519
2016-10-04,IWM,0.0059880926,-0.02997774,0.035965834,train,-0.007290062
2016-10-04,SPY,0.0044158115,0.010648249,0.006232437,train,0.023141837
2016-10-04,TLT,-0.0046706665,0.0077568213,0.012427488,train,0.012870988
2016-10-05,EFA,-0.005419961,-0.018316973,0.012897012,train,0.011750169
2016-10-05,IWM,-0.0010496401,-0.017400235,0.016350595,train,-0.02997774
2016-10-05,SPY,0.0006951733,0.0009142752,0.0002191019,train,0.010648249
2016-10-05,TLT,-0.0055884398,-0.0044043977,0.0011840421,train,0.0077568213
2016-10-06,EFA,-0.005108172,-0.04091521,0.035807036,train,-0.018316973
2016-10-06,IWM,-0.008027418,0.005792597,0.013820015,train,-0.017400235
2016-10-06,SPY,-0.0034354457,0.017729232,0.021164678,train,0.0009142752
2016-10-06,TLT,0.00067289063,-0.015297389,0.015970279,train,-0.0044043977
2016-10-07,EFA,0.0028978137,-0.033503883,0.036401697,train,-0.04091521
2016-10-07,IWM,0.011896634,0.0022674906,0.009629143,train,0.005792597
2016-10-07,SPY,0.005194971,-0.043740474,0.048935443,train,0.017729232
2016-10-07,TLT,-0.0059170267,0.009313276,0.015230303,train,-0.015297389
2016-10-10,EFA,-0.01422839,-0.018717332,0.004488942,train,-0.033503883
2016-10-10,IWM,-0.018430892,-0.017571766,0.00085912645,train,0.0022674906
2016-10-10,SPY,-0.012709756,-0.0043941834,0.0083155725,train,-0.043740474
2016-10-10,TLT,-0.0022557094,-0.032446664,0.030190954,train,0.009313276
2016-10-11,EFA,-0.00224721,-0.012381157,0.010133947,train,-0.018717332
2016-10-11,IWM,-0.00081981916,-0.006448372,0.0056285528,train,-0.017571766
2016-10-11,SPY,0.001311188,0.014192415,0.012881228,train,-0.0043941834
2016-10-11,TLT,0.0009781361,0.0073808697,0.0064027337,train,-0.032446664
2016-10-12,EFA,-0.0038138255,0.017906759,0.021720584,train,-0.012381157
2016-10-12,IWM,-0.008317969,0.01975814,0.028076109,train,-0.006448372
2016-10-12,SPY,-0.0032809079,0.0006030849,0.0038839928,train,0.014192415
2016-10-12,TLT,0.003753547,0.03336525,0.029611703,train,0.0073808697
2016-10-13,EFA,0.0017352889,-0.01707336,0.018808648,train,0.017906759
2016-10-13,IWM,-0.0040605185,-0.00036433572,0.0036961827,train,0.01975814
2016-10-13,SPY,0.00051623234,0.0029478255,0.0024315931,train,0.0006030849
2016-10-13,TLT,-0.01411092,0.042590972,0.05670189,train,0.03336525
2016-10-14,EFA,-0.0029519869,-0.01474843,0.011796443,train,-0.01707336
2016-10-14,IWM,-0.0011632951,0.029684765,0.03084806,train,-0.00036433572
2016-10-14,SPY,-0.003478398,0.00842456,0.011902958,train,0.0029478255
2016-10-14,TLT,0.00636294,-0.02601585,0.03237879,train,0.042590972
2016-10-17,EFA,0.009864141,0.007703816,0.0021603252,train,-0.01474843
2016-10-17,IWM,0.0057197236,0.04030636,0.034586634,train,0.029684765
2016-10-17,SPY,0.0062430734,0.02726729,0.021024216,train,0.00842456
2016-10-17,TLT,0.0032416126,0.021966333,0.01872472,train,-0.02601585
2016-10-18,EFA,0.0027511928,0.03822055,0.035469357,train,0.007703816
2016-10-18,IWM,0.00420682,0.024097208,0.019890388,train,0.04030636
2016-10-18,SPY,0.0026633984,-0.020039978,0.022703376,train,0.02726729
2016-10-18,TLT,0.0008279073,0.0028496883,0.002021781,train,0.021966333
2016-10-19,EFA,0.001544734,0.019778987,0.018234253,train,0.03822055
2016-10-19,IWM,-0.0029676233,0.009045569,0.012013192,train,0.024097208
2016-10-19,SPY,-0.0018683918,0.009982549,0.01185094,train,-0.020039978
2016-10-19,TLT,0.0010523382,-0.012395801,0.01344814,train,0.0028496883
2016-10-20,EFA,-0.002231693,0.035853393,0.038085088,train,0.019778987
2016-10-20,IWM,-0.00049550855,0.050537713,0.05103322,train,0.009045569
2016-10-20,SPY,0.0004672389,-0.015817482,0.016284721,train,0.009982549
2016-10-20,TLT,0.0015011354,-0.009056987,0.010558123,train,-0.012395801
2016-10-21,EFA,-0.0001717485,0.029715588,0.029887337,train,0.035853393
2016-10-21,IWM,0.006339789,0.04360847,0.037268683,train,0.050537713
2016-10-21,SPY,0.004243785,-0.020149697,0.024393482,train,-0.015817482
2016-10-21,TLT,-0.004360254,-0.021875523,0.017515268,train,-0.009056987
2016-10-24,EFA,-0.00068772276,0.02991256,0.030600281,train,0.029715588
2016-10-24,IWM,-0.0074969316,0.055847567,0.0633445,train,0.04360847
2016-10-24,SPY,-0.0033558211,0.03693397,0.04028979,train,-0.020149697
2016-10-24,TLT,0.0026334822,0.0031682788,0.0005347966,train,-0.021875523
2016-10-25,EFA,-0.004482068,-0.007042143,0.002560075,train,0.02991256
2016-10-25,IWM,-0.009972528,0.006301535,0.016274063,train,0.055847567
2016-10-25,SPY,-0.0020099366,-0.055913124,0.05390319,train,0.03693397
2016-10-25,TLT,-0.006785383,-0.011233745,0.004448362,train,0.0031682788
2016-10-26,EFA,-0.0012099161,-0.034894805,0.03368489,train,-0.007042143
2016-10-26,IWM,-0.011508357,0.023936348,0.035444707,train,0.006301535
2016-10-26,SPY,-0.0026704685,-0.048322234,0.045651767,train,-0.055913124
2016-10-26,TLT,-0.010953752,-0.034807663,0.023853911,train,-0.011233745
2016-10-27,EFA,-0.0003463956,-0.024182543,0.023836147,train,-0.034894805
2016-10-27,IWM,-0.0027918813,-0.009867992,0.0070761107,train,0.023936348
2016-10-27,SPY,-0.002960023,-0.04268298,0.039722957,train,-0.048322234
2016-10-27,TLT,-0.0022211361,0.0026244945,0.0048456304,train,-0.034807663
2016-10-28,EFA,0.0005192432,-0.052914236,0.053433478,train,-0.024182543
2016-10-28,IWM,0.0039739893,-0.0011718688,0.005145858,train,-0.009867992
2016-10-28,SPY,4.74621e-05,0.045354962,0.0453075,train,-0.04268298
2016-10-28,TLT,0.006114217,-0.03378425,0.03989847,train,0.0026244945
2016-10-31,EFA,-0.0043330686,0.0113026425,0.01563571,train,-0.052914236
2016-10-31,IWM,-0.012311959,0.032473546,0.044785503,train,-0.0011718688
2016-10-31,SPY,-0.0072721425,0.014265625,0.021537768,train,0.045354962
2016-10-31,TLT,7.568845e-05,0.0107964035,0.010720715,train,-0.03378425
2016-11-01,EFA,-0.0067975246,-0.014684243,0.007886719,train,0.0113026425
2016-11-01,IWM,-0.012810881,-0.018111166,0.0053002844,train,0.032473546
2016-11-01,SPY,-0.0060365354,0.032951713,0.038988248,train,0.014265625
2016-11-01,TLT,0.004342179,0.037308294,0.032966115,train,0.0107964035
2016-11-02,EFA,-0.0010499475,-0.026939645,0.025889698,train,-0.014684243
2016-11-02,IWM,-0.004857941,-0.035912786,0.031054845,train,-0.018111166
2016-11-02,SPY,-0.004587228,-0.0026607295,0.0019264985,train,0.032951713
2016-11-02,TLT,-0.007705963,0.007405521,0.015111484,train,0.037308294
2016-11-03,EFA,-0.0096754795,-0.0009576366,0.008717842,train,-0.026939645
2016-11-03,IWM,0.0064140735,-0.010458248,0.01687232,train,-0.035912786
2016-11-03,SPY,-0.0011024952,0.016569795,0.017672291,train,-0.0026607295
2016-11-03,TLT,0.008921005,-0.012498563,0.021419568,train,0.007405521
2016-11-04,EFA,0.01369391,-0.041990485,0.055684395,train,-0.0009576366
2016-11-04,IWM,0.02415713,-0.009175425,0.033332556,train,-0.010458248
2016-11-04,SPY,0.021817226,0.045044653,0.023227427,train,0.016569795
2016-11-04,TLT,-0.008538652,-0.011132203,0.0025935508,train,-0.012498563
2016-11-07,EFA,0.002786211,0.0032099537,0.0004237427,train,-0.041990485
2016-11-07,IWM,0.002611017,0.007715575,0.0051045576,train,-0.009175425
2016-11-07,SPY,0.0044938903,-0.07807519,0.082569085,train,0.045044653
2016-11-07,TLT,-0.0040652873,-0.053624686,0.0495594,train,-0.011132203
2016-11-08,EFA,0.0008690575,0.009571783,0.008702726,train,0.0032099537
2016-11-08,IWM,0.030323017,-0.018558465,0.048881482,train,0.007715575
2016-11-08,SPY,0.010546101,-0.01773926,0.028285362,train,-0.07807519
2016-11-08,TLT,-0.043358527,0.00944552,0.052804045,train,-0.053624686
2016-11-09,EFA,-0.0027836994,-0.021101857,0.018318158,train,0.009571783
2016-11-09,IWM,0.015868358,-0.004693868,0.020562226,train,-0.018558465
2016-11-09,SPY,0.0024923796,0.075725935,0.07323355,train,-0.01773926
2016-11-09,TLT,-0.014881376,0.014212957,0.029094333,train,0.00944552
2016-11-10,EFA,-0.0061159353,-0.0074156323,0.001299697,train,-0.021101857
2016-11-10,IWM,0.022712125,-0.0013253368,0.024037462,train,-0.004693868
2016-11-10,SPY,-0.00230747,-0.041832414,0.039524943,train,0.075725935
2016-11-10,TLT,-0.0056374827,-0.07244076,0.06680328,train,0.014212957
2016-11-11,EFA,-0.00544901,0.03498312,0.040432133,train,-0.0074156323
2016-11-11,IWM,0.013956637,-0.0034713526,0.01742799,train,-0.0013253368
2016-11-11,SPY,0.0007849736,-0.06507401,0.06585898,train,-0.041832414
2016-11-11,TLT,-0.006000329,-0.050213743,0.044213414,train,-0.07244076
2016-11-14,EFA,0.004396492,-0.026570631,0.030967124,train,0.03498312
2016-11-14,IWM,0.0030925015,0.06313374,0.060041238,train,-0.0034713526
2016-11-14,SPY,0.007772416,0.0008445843,0.0069278316,train,-0.06507401
2016-11-14,TLT,0.0049341433,-0.014035387,0.01896953,train,-0.050213743
2016-11-15,EFA,-0.010583789,0.009695729,0.02027952,train,-0.026570631
2016-11-15,IWM,-7.749941e-05,0.06532187,0.06539937,train,0.06313374
2016-11-15,SPY,-0.0018800976,-0.021175938,0.01929584,train,0.0008445843
2016-11-15,TLT,0.008982872,-0.037875224,0.046858095,train,-0.014035387
2016-11-16,EFA,0.00759635,-0.028349178,0.035945527,train,0.009695729
2016-11-16,IWM,0.0058498355,0.060056295,0.05420646,train,0.06532187
2016-11-16,SPY,0.0051276633,0.010347785,0.005220122,train,-0.021175938
2016-11-16,TLT,-0.014823783,0.025253618,0.040077403,train,-0.037875224
2016-11-17,EFA,-0.010971549,0.0050580776,0.016029626,train,-0.028349178
2016-11-17,IWM,0.0052818055,0.06879378,0.063511975,train,0.060056295
2016-11-17,SPY,-0.0022398697,0.03760882,0.03984869,train,0.010347785
2016-11-17,TLT,-0.002891784,-0.034507614,0.03161583,train,0.025253618
2016-11-18,EFA,0.008504669,-0.05126266,0.059767332,train,0.0050580776
2016-11-18,IWM,0.004646014,0.013187839,0.008541824,train,0.06879378
2016-11-18,SPY,0.0075228284,0.013763232,0.0062404037,train,0.03760882
2016-11-18,TLT,0.0024793816,-0.0012512044,0.003730586,train,-0.034507614
2016-11-21,EFA,0.0024668798,-0.009617301,0.0120841805,train,-0.05126266
2016-11-21,IWM,0.009077421,-0.05267398,0.061751403,train,0.013187839
2016-11-21,SPY,0.0019513913,0.025365723,0.023414332,train,0.013763232
2016-11-21,TLT,-0.00033028904,0.027987102,0.028317392,train,-0.0012512044
2016-11-22,EFA,-0.003526183,-0.015099436,0.011573253,train,-0.009617301
2016-11-22,IWM,0.006230181,-0.11127632,0.117506504,train,-0.05267398
2016-11-22,SPY,0.0005439085,0.00678149,0.0062375814,train,0.025365723
2016-11-22,TLT,-0.0038884967,0.025393102,0.0292816,train,0.027987102
2016-11-23,EFA,0.0029980654,-0.008689067,0.0116871325,train,-0.015099436
2016-11-23,IWM,0.0032875335,-0.05029854,0.053586077,train,-0.11127632
2016-11-23,SPY,0.0037083444,0.029555397,0.025847053,train,0.00678149
2016-11-23,TLT,0.0014906124,0.012038181,0.010547568,train,0.025393102
2016-11-25,EFA,-0.0052966634,0.021449124,0.026745789,train,-0.008689067
2016-11-25,IWM,-0.01306367,0.020610942,0.033674613,train,-0.05029854
2016-11-25,SPY,-0.0047057495,0.017975418,0.022681167,train,0.029555397
2016-11-25,TLT,0.00733999,0.043414503,0.03607451,train,0.012038181
2016-11-28,EFA,0.0063526197,0.016726367,0.010373747,train,0.021449124
2016-11-28,IWM,-0.00052862236,-0.01999403,0.019465407,train,0.020610942
2016-11-28,SPY,0.0019484734,-0.08955584,0.09150431,train,0.017975418
2016-11-28,TLT,0.0041812877,-0.0104585495,0.014639838,train,0.043414503
2016-11-29,EFA,-0.0010559567,0.009701846,0.010757803,train,0.016726367
2016-11-29,IWM,-0.0049270145,0.0040875706,0.009014585,train,-0.01999403
2016-11-29,SPY,-0.0024020954,-0.02729027,0.024888175,train,-0.08955584
2016-11-29,TLT,-0.016332723,0.025127606,0.041460328,train,-0.0104585495
2016-11-30,EFA,-0.0038814684,0.030649548,0.034531016,train,0.009701846
2016-11-30,IWM,-0.004874423,0.09531079,0.100185215,train,0.0040875706
2016-11-30,SPY,-0.0036821829,-0.07401065,0.07032847,train,-0.02729027
2016-11-30,TLT,-0.0106145805,0.12099919,0.13161376,train,0.025127606
2016-12-01,EFA,0.002471671,-0.011595521,0.014067192,train,0.030649548
2016-12-01,IWM,-0.0005350969,0.094501175,0.09503627,train,0.09531079
2016-12-01,SPY,0.0005008937,-0.009436535,0.009937428,train,-0.07401065
2016-12-01,TLT,0.0073006493,0.0005025235,0.006798126,train,0.12099919
2016-12-02,EFA,0.00982657,0.047750037,0.037923466,train,-0.011595521
2016-12-02,IWM,0.017042646,0.011618333,0.0054243132,train,0.094501175
2016-12-02,SPY,0.0059906743,-0.07189485,0.07788552,train,-0.009436535
2016-12-02,TLT,-0.0010877289,0.04391473,0.04500246,train,0.0005025235
2016-12-05,EFA,0.006786703,-0.06272143,0.069508135,train,0.047750037
2016-12-05,IWM,0.010757193,-0.058934946,0.069692135,train,0.011618333
2016-12-05,SPY,0.0031623982,-0.04446468,0.04762708,train,-0.07189485
2016-12-05,TLT,-0.00075390824,0.0159448,0.016698707,train,0.04391473
2016-12-06,EFA,0.014804864,-0.053249996,0.06805486,train,-0.06272143
2016-12-06,IWM,0.0096860705,0.009008966,0.0006771041,train,-0.058934946
2016-12-06,SPY,0.012995981,0.035046663,0.022050682,train,-0.04446468
2016-12-06,TLT,0.008508245,0.0033885278,0.0051197177,train,0.0159448
2016-12-07,EFA,-0.00085479487,-0.07001833,0.06916353,train,-0.053249996
2016-12-07,IWM,0.0156238815,0.012263851,0.0033600302,train,0.009008966
2016-12-07,SPY,0.002445842,-0.06902086,0.0714667,train,0.035046663
2016-12-07,TLT,-0.011863937,0.04852117,0.060385104,train,0.0033885278
2016-12-08,EFA,0.0042664288,-0.029822735,0.034089163,train,-0.07001833
2016-12-08,IWM,0.001954336,-0.00033486495,0.002289201,train,0.012263851
2016-12-08,SPY,0.0060223844,0.003916267,0.0021061176,train,-0.06902086
2016-12-08,TLT,-0.012517426,0.018341156,0.030858582,train,0.04852117
2016-12-09,EFA,-0.004437441,-0.055743735,0.051306292,train,-0.029822735
2016-12-09,IWM,-0.010611807,-0.0007718471,0.009839959,train,-0.00033486495
2016-12-09,SPY,-0.0011487312,-0.0030606263,0.0019118951,train,0.003916267
2016-12-09,TLT,0.0018706567,0.0013699043,0.0005007525,train,0.018341156
2016-12-12,EFA,0.010718848,-0.016497904,0.027216751,train,-0.055743735
2016-12-12,IWM,7.266953e-05,-0.036513284,0.036585953,train,-0.0007718471
2016-12-12,SPY,0.0066516325,-0.041035853,0.047687486,train,-0.0030606263
2016-12-12,TLT,0.003561088,-0.008130264,0.011691351,train,0.0013699043
2016-12-13,EFA,-0.014832718,-0.026215324,0.011382606,train,-0.016497904
2016-12-13,IWM,-0.012573404,-0.035695974,0.02312257,train,-0.036513284
2016-12-13,SPY,-0.008288354,-0.02556949,0.017281136,train,-0.041035853
2016-12-13,TLT,-0.011235722,0.03953554,0.050771262,train,-0.008130264
2016-12-14,EFA,-0.0022354438,-0.02218108,0.019945636,train,-0.026215324
2016-12-14,IWM,0.0074456725,-0.021158671,0.028604344,train,-0.035695974
2016-12-14,SPY,0.0041087572,-0.031210372,0.03531913,train,-0.02556949
2016-12-14,TLT,0.005037844,0.022888783,0.01785094,train,0.03953554
2016-12-15,EFA,0.0006884013,-0.030578984,0.031267386,train,-0.02218108
2016-12-15,IWM,-0.0018377281,-0.0041041025,0.0022663744,train,-0.021158671
2016-12-15,SPY,-0.0019575746,-0.051815167,0.049857594,train,-0.031210372
2016-12-15,TLT,-0.0023025174,0.02902762,0.03133014,train,0.022888783
2016-12-16,EFA,-0.0015493527,-0.004777456,0.0032281035,train,-0.030578984
2016-12-16,IWM,0.0065271654,0.042687725,0.03616056,train,-0.0041041025
2016-12-16,SPY,0.0021748554,-0.0687026,0.070877455,train,-0.051815167
2016-12-16,TLT,0.010699373,0.023955164,0.013255792,train,0.02902762
2016-12-19,EFA,0.0034398865,-0.023211604,0.02665149,train,-0.004777456
2016-12-19,IWM,0.008443451,0.007483631,0.00095981965,train,0.042687725
2016-12-19,SPY,0.0038501413,-0.038452063,0.042302202,train,-0.0687026
2016-12-19,TLT,-0.004995948,0.039866086,0.044862036,train,0.023955164
2016-12-20,EFA,0.0002773392,-0.0013936595,0.0016709988,train,-0.023211604
2016-12-20,IWM,-0.006544854,0.004857509,0.011402363,train,0.007483631
2016-12-20,SPY,-0.002786304,-0.040464375,0.03767807,train,-0.038452063
2016-12-20,TLT,0.004403741,-0.010087395,0.014491136,train,0.039866086
2016-12-21,EFA,-0.0022570416,-0.026887925,0.024630884,train,-0.0013936595
2016-12-21,IWM,-0.008660354,0.023025,0.031685352,train,0.004857509
2016-12-21,SPY,-0.0017292713,0.011769468,0.013498739,train,-0.040464375
2016-12-21,TLT,-0.0017894092,0.037556183,0.039345592,train,-0.010087395
2016-12-22,EFA,0.0026041267,-0.02491192,0.027516047,train,-0.026887925
2016-12-22,IWM,0.005306661,-0.009978671,0.015285332,train,0.023025
2016-12-22,SPY,0.0014632619,0.002067204,0.0006039422,train,0.011769468
2016-12-22,TLT,0.0020357606,0.032643437,0.030607676,train,0.037556183
2016-12-23,EFA,-0.001214242,-0.0015889653,0.00037472334,train,-0.02491192
2016-12-23,IWM,0.0044742487,0.029352905,0.024878656,train,-0.009978671
2016-12-23,SPY,0.0024779292,0.025437167,0.022959238,train,0.002067204
2016-12-23,TLT,-0.003224522,-0.013841914,0.010617392,train,0.032643437
2016-12-27,EFA,-0.0038261018,-0.003317366,0.0005087359,train,-0.0015889653
2016-12-27,IWM,-0.010298318,0.0024282425,0.01272656,train,0.029352905
2016-12-27,SPY,-0.00829894,0.048558313,0.056857254,train,0.025437167
2016-12-27,TLT,0.0072823255,0.044181656,0.036899332,train,-0.013841914
2016-12-28,EFA,0.0024362172,-0.042993356,0.045429572,train,-0.003317366
2016-12-28,IWM,0.00088702847,-0.0004248242,0.0013118526,train,0.0024282425
2016-12-28,SPY,-0.00022269577,0.031810302,0.032032996,train,0.048558313
2016-12-28,TLT,0.003536997,-0.0081032645,0.011640262,train,0.044181656
2016-12-29,EFA,0.0034704048,0.012496358,0.009025953,train,-0.042993356
2016-12-29,IWM,-0.0038486822,-0.046492938,0.042644255,train,-0.0004248242
2016-12-29,SPY,-0.00366167,0.010017276,0.013678946,train,0.031810302
2016-12-29,TLT,0.0015119638,0.009903187,0.008391223,train,-0.0081032645
2016-12-30,EFA,0.006216659,-0.013547661,0.019764319,train,0.012496358
2016-12-30,IWM,0.004956031,-0.064982265,0.069938295,train,-0.046492938
2016-12-30,SPY,0.007621076,0.012910176,0.0052891,train,0.010017276
2016-12-30,TLT,0.004271894,0.053680863,0.04940897,train,0.009903187
2017-01-03,EFA,0.0112976525,0.009806229,0.0014914237,train,-0.013547661
2017-01-03,IWM,0.016538871,-0.0057286923,0.022267563,train,-0.064982265
2017-01-03,SPY,0.005931455,-0.035725746,0.041657202,train,0.012910176
2017-01-03,TLT,0.0038378402,0.02835645,0.024518609,train,0.053680863
2017-01-04,EFA,0.00847472,-0.042703383,0.0511781,train,0.009806229
2017-01-04,IWM,-0.011607408,0.0010838672,0.012691274,train,-0.0057286923
2017-01-04,SPY,-0.00079484086,-0.018955013,0.018160172,train,-0.035725746
2017-01-04,TLT,0.015532267,-0.05047049,0.06600276,train,0.02835645
2017-01-05,EFA,-0.003381308,-0.02715374,0.023772432,train,-0.042703383
2017-01-05,IWM,-0.0036776427,0.015926147,0.019603789,train,0.0010838672
2017-01-05,SPY,0.003571509,0.04051994,0.03694843,train,-0.018955013
2017-01-05,TLT,-0.00922435,0.058759283,0.067983635,train,-0.05047049
2017-01-06,EFA,-0.0015253183,0.011147803,0.012673121,train,-0.02715374
2017-01-06,IWM,-0.0065808357,0.027845802,0.034426637,train,0.015926147
2017-01-06,SPY,-0.0033064657,0.030542498,0.033848964,train,0.04051994
2017-01-06,TLT,0.007993789,-0.050391328,0.05838512,train,0.058759283
2017-01-09,EFA,0.00016968878,0.0029277964,0.0027581076,train,0.011147803
2017-01-09,IWM,0.009524433,0.020044958,0.010520525,train,0.027845802
2017-01-09,SPY,0.0,0.017612232,0.017612232,train,0.030542498
2017-01-09,TLT,-0.0006570257,-0.03089668,0.030239655,train,-0.050391328
2017-01-10,EFA,0.005242922,0.021763649,0.016520727,train,0.0029277964
2017-01-10,IWM,0.0017617072,0.012832599,0.011070891,train,0.020044958
2017-01-10,SPY,0.002822143,-0.009778418,0.012600561,train,0.017612232
2017-01-10,TLT,0.0033618582,-0.06371229,0.06707415,train,-0.03089668
2017-01-11,EFA,0.0015170068,-0.019721443,0.02123845,train,0.021763649
2017-01-11,IWM,-0.0077316887,0.01190773,0.01963942,train,0.012832599
2017-01-11,SPY,-0.0025131316,-0.0289051,0.026391968,train,-0.009778418
2017-01-11,TLT,-0.0022124269,-0.003861005,0.0016485781,train,-0.06371229
2017-01-12,EFA,0.0036989886,-0.021596478,0.025295466,train,-0.019721443
2017-01-12,IWM,0.0072182408,0.005652468,0.0015657726,train,0.01190773
2017-01-12,SPY,0.0022930838,-0.020234538,0.022527622,train,-0.0289051
2017-01-12,TLT,-0.004769756,0.05842474,0.0631945,train,-0.003861005
2017-01-13,EFA,-0.0036989886,0.010780098,0.014479087,train,-0.021596478
2017-01-13,IWM,-0.013670239,0.03730039,0.05097063,train,0.005652468
2017-01-13,SPY,-0.0035298588,-0.013837647,0.010307788,train,-0.020234538
2017-01-13,TLT,0.0104145,0.02245274,0.01203824,train,0.05842474
2017-01-17,EFA,-0.0028671203,0.015988726,0.018855847,train,0.010780098
2017-01-17,IWM,0.0032685294,0.029170318,0.025901789,train,0.03730039
2017-01-17,SPY,0.0022073106,-0.011709886,0.013917197,train,-0.013837647
2017-01-17,TLT,-0.012890103,-0.0047045094,0.008185593,train,0.02245274
2017-01-18,EFA,-0.0025371786,0.024970485,0.027507663,train,0.015988726
2017-01-18,IWM,-0.008190771,0.043289028,0.051479798,train,0.029170318
2017-01-18,SPY,-0.003711235,0.0039273757,0.007638611,train,-0.011709886
2017-01-18,TLT,-0.006883032,0.020886535,0.027769567,train,-0.0047045094
2017-01-19,EFA,0.0057413047,0.020595634,0.01485433,train,0.024970485
2017-01-19,IWM,0.0051458245,0.042007048,0.036861222,train,0.043289028
2017-01-19,SPY,0.0036673169,-0.016429583,0.0200969,train,0.0039273757
2017-01-19,TLT,-0.0019989884,0.0585632,0.060562186,train,0.020886535
2017-01-20,EFA,0.0025225044,0.0029090843,0.0003865799,train,0.020595634
2017-01-20,IWM,-0.004174104,0.020580145,0.024754249,train,0.042007048
2017-01-20,SPY,-0.0026053463,0.09379048,0.09639583,train,-0.016429583
2017-01-20,TLT,0.009954897,0.031385966,0.02143107,train,0.0585632
2017-01-23,EFA,0.00251599,0.00312286,0.00060687005,train,0.0029090843
2017-01-23,IWM,0.015195861,-0.00217827,0.017374132,train,0.020580145
2017-01-23,SPY,0.006391151,0.025853831,0.01946268,train,0.09379048
2017-01-23,TLT,-0.006874727,-0.010343807,0.0034690797,train,0.031385966
2017-01-24,EFA,0.010333575,0.02653171,0.016198134,train,0.00312286
2017-01-24,IWM,0.0093727,-0.0014251363,0.010797836,train,-0.00217827
2017-01-24,SPY,0.008618293,0.018278558,0.0096602645,train,0.025853831
2017-01-24,TLT,-0.012630277,-0.038771022,0.026140746,train,-0.010343807
2017-01-25,EFA,-0.0039874953,-0.014738856,0.010751361,train,0.02653171
2017-01-25,IWM,-0.004016687,0.038622327,0.042639013,train,-0.0014251363
2017-01-25,SPY,-0.0010459112,-0.0075579644,0.0065120533,train,0.018278558
2017-01-25,TLT,0.0033616559,-0.004298045,0.0076597007,train,-0.038771022
2017-01-26,EFA,-0.0016660636,0.06575513,0.06742119,train,-0.014738856
2017-01-26,IWM,-0.0034453287,-0.027106425,0.023661096,train,0.038622327
2017-01-26,SPY,-0.0015712286,0.017038329,0.018609557,train,-0.0075579644
2017-01-26,TLT,0.003600066,-0.0010892064,0.0046892725,train,-0.004298045
2017-01-27,EFA,-0.007196007,0.06089067,0.06808668,train,0.06575513
2017-01-27,IWM,-0.014048754,-0.019210726,0.005161972,train,-0.027106425
2017-01-27,SPY,-0.0062209503,-0.0024884935,0.0037324568,train,0.017038329
2017-01-27,TLT,-0.0030134679,0.0015133596,0.0045268275,train,-0.0010892064
2017-01-30,EFA,0.001510387,0.015469583,0.013959195,train,0.06089067
2017-01-30,IWM,0.0069749877,-0.08154652,0.08852151,train,-0.019210726
2017-01-30,SPY,-8.7761786e-05,-0.009794876,0.009707114,train,-0.0024884935
2017-01-30,TLT,0.006935121,-0.02206696,0.029002082,train,0.0015133596
2017-01-31,EFA,0.0040168595,-0.02385104,0.0278679,train,0.015469583
2017-01-31,IWM,-0.0005917929,0.033228915,0.033820707,train,-0.08154652
2017-01-31,SPY,0.00039544815,0.0036948337,0.0032993855,train,-0.009794876
2017-01-31,TLT,-0.006202419,0.061673116,0.067875534,train,-0.02206696
2017-02-01,EFA,0.00050107896,-0.0074817226,0.007982802,train,-0.02385104
2017-02-01,IWM,-0.0025187489,0.038418572,0.04093732,train,0.033228915
2017-02-01,SPY,0.00065888773,-0.03277987,0.033438757,train,0.0036948337
2017-02-01,TLT,-0.00042012794,-0.025925621,0.025505494,train,0.061673116
2017-02-02,EFA,0.0039985394,-0.007052316,0.011050856,train,-0.0074817226
2017-02-02,IWM,0.015165313,-0.010754516,0.025919829,train,0.038418572
2017-02-02,SPY,0.00686895,-0.009771527,0.016640477,train,-0.03277987
2017-02-02,TLT,-0.00042005721,-0.004403154,0.0039830967,train,-0.025925621
2017-02-03,EFA,-0.007175592,-0.015477892,0.0083023,train,-0.007052316
2017-02-03,IWM,-0.0075538456,-0.02017174,0.0126178935,train,-0.010754516
2017-02-03,SPY,-0.0017892475,-0.04045066,0.038661413,train,-0.009771527
2017-02-03,TLT,0.006032456,-0.0031805676,0.009213024,train,-0.004403154
2017-02-06,EFA,-0.0010054332,0.035037704,0.036043137,train,-0.015477892
2017-02-06,IWM,-0.004426866,-0.053174835,0.048747968,train,-0.02017174
2017-02-06,SPY,4.3728993e-05,8.606818e-06,3.5122175e-05,train,-0.04045066
2017-02-06,TLT,0.007323841,-0.028081575,0.035405416,train,-0.0031805676
2017-02-07,EFA,0.0016749937,0.03476864,0.033093646,train,0.035037704
2017-02-07,IWM,-0.0017759186,-0.01892136,0.017145442,train,-0.053174835
2017-02-07,SPY,0.0013095975,0.02763152,0.026321921,train,8.606818e-06
2017-02-07,TLT,0.013506665,0.017348262,0.0038415967,train,-0.028081575
2017-02-08,EFA,0.004175251,-0.0041463845,0.008321635,train,0.03476864
2017-02-08,IWM,0.01397557,-0.0071051824,0.021080753,train,-0.01892136
2017-02-08,SPY,0.0059153186,0.0496894,0.043774083,train,0.02763152
2017-02-08,TLT,-0.0116017945,0.029220512,0.040822305,train,0.017348262
2017-02-09,EFA,0.0023307805,-0.0049998243,0.007330605,train,-0.0041463845
2017-02-09,IWM,0.007568064,0.017741458,0.010173394,train,-0.0071051824
2017-02-09,SPY,0.0039381017,0.025094373,0.021156272,train,0.0496894
2017-02-09,TLT,-0.00057956047,0.016179001,0.016758561,train,0.029220512
2017-02-10,EFA,0.00398278,-0.013825074,0.017807854,train,-0.0049998243
2017-02-10,IWM,0.0026068857,0.0038520526,0.0012451669,train,0.017741458
2017-02-10,SPY,0.005428101,0.02980951,0.02438141,train,0.025094373
2017-02-10,TLT,-0.0031511865,-0.007264,0.0041128136,train,0.016179001
2017-02-13,EFA,-0.0014917774,0.0027713603,0.0042631375,train,-0.013825074
2017-02-13,IWM,0.0033204285,0.029184183,0.025863755,train,0.0038520526
2017-02-13,SPY,0.00398729,0.024379732,0.020392442,train,0.02980951
2017-02-13,TLT,-0.007253634,-0.0016830848,0.005570549,train,-0.007264
2017-02-14,EFA,0.0038074935,0.0007530763,0.0030544172,train,0.0027713603
2017-02-14,IWM,0.0059635276,0.022941697,0.01697817,train,0.029184183
2017-02-14,SPY,0.005206699,-0.0034212028,0.008627902,train,0.024379732
2017-02-14,TLT,-0.0046128277,-0.00023790868,0.004374919,train,-0.0016830848
2017-02-15,EFA,0.002310777,-0.0046913014,0.0070020785,train,0.0007530763
2017-02-15,IWM,-0.0027977328,0.04599791,0.048795644,train,0.022941697
2017-02-15,SPY,-0.0008516856,-0.010038663,0.0091869775,train,-0.0034212028
2017-02-15,TLT,0.0054490184,-0.03040366,0.035852678,train,-0.00023790868
2017-02-16,EFA,-0.0026411596,-0.003485734,0.00084457453,train,-0.0046913014
2017-02-16,IWM,-0.00064665865,-0.007518494,0.0068718353,train,0.04599791
2017-02-16,SPY,0.0015751271,-0.007297263,0.00887239,train,-0.010038663
2017-02-16,TLT,0.005918223,0.009088313,0.0031700903,train,-0.03040366
2017-02-17,EFA,0.00330032,0.026815832,0.023515511,train,-0.003485734
2017-02-17,IWM,0.0078046126,0.0050252494,0.0027793632,train,-0.007518494
2017-02-17,SPY,0.005937291,0.028557835,0.022620544,train,-0.007297263
2017-02-17,TLT,-0.0017464991,0.026261808,0.028008308,train,0.009088313
2017-02-21,EFA,0.0,0.0019189133,0.0019189133,train,0.026815832
2017-02-21,IWM,-0.0044315443,-2.8864015e-05,0.0044026803,train,0.0050252494
2017-02-21,SPY,-0.00088809954,-0.015424255,0.014536155,train,0.028557835
2017-02-21,TLT,0.0016635841,-0.0063359514,0.007999536,train,0.026261808
2017-02-22,EFA,0.0021392135,-3.209943e-05,0.002171313,train,0.0019189133
2017-02-22,IWM,-0.005964324,0.0019885837,0.007952908,train,-2.8864015e-05
2017-02-22,SPY,0.0006767153,0.037892807,0.037216093,train,-0.015424255
2017-02-22,TLT,0.002987934,0.023095941,0.020108007,train,-0.0063359514
2017-02-23,EFA,-0.0072594164,0.0019654161,0.009224832,train,-3.209943e-05
2017-02-23,IWM,-0.0007212984,0.011274273,0.011995571,train,0.0019885837
2017-02-23,SPY,0.0012680083,-0.012608508,0.013876516,train,0.037892807
2017-02-23,TLT,0.011043624,0.019794507,0.008750883,train,0.023095941
2017-02-24,EFA,0.0006622716,-0.04261275,0.04327502,train,0.0019654161
2017-02-24,IWM,0.009689901,0.00072647305,0.008963428,train,0.011274273
2017-02-24,SPY,0.001561475,0.0003104112,0.0012510638,train,-0.012608508
2017-02-24,TLT,-0.0059186546,0.010850932,0.016769588,train,0.019794507
2017-02-27,EFA,-0.0014906249,-0.0032766615,0.0017860366,train,-0.04261275
2017-02-27,IWM,-0.015548961,-0.014922133,0.0006268285,train,0.00072647305
2017-02-27,SPY,-0.0027026176,0.03363043,0.036333047,train,0.0003104112
2017-02-27,TLT,0.0037032117,0.014254609,0.010551398,train,0.010850932
2017-02-28,EFA,0.0103868665,-0.0015346562,0.011921523,train,-0.0032766615
2017-02-28,IWM,0.018116867,0.011924064,0.0061928034,train,-0.014922133
2017-02-28,SPY,0.013900517,0.042313535,0.028413018,train,0.03363043
2017-02-28,TLT,-0.016898695,-0.017825956,0.00092726015,train,0.014254609
2017-03-01,EFA,-0.006582192,-0.036294673,0.02971248,train,-0.0015346562
2017-03-01,IWM,-0.011536509,-0.015233014,0.003696505,train,0.011924064
2017-03-01,SPY,-0.0063171354,-0.03405645,0.027739316,train,0.042313535
2017-03-01,TLT,-0.0036056424,-0.058333036,0.054727394,train,-0.017825956
2017-03-02,EFA,0.005925788,0.0008074562,0.005118332,train,-0.036294673
2017-03-02,IWM,-0.0007212984,-0.030593788,0.02987249,train,-0.015233014
2017-03-02,SPY,0.00062907685,-0.016447516,0.017076593,train,-0.03405645
2017-03-02,TLT,0.0026009488,-0.021794705,0.024395654,train,-0.058333036
2017-03-03,EFA,-0.0031230978,-0.015826872,0.012703774,train,0.0008074562
2017-03-03,IWM,-0.0068750856,-0.0075015887,0.000626503,train,-0.030593788
2017-03-03,SPY,-0.0029823591,0.0038242186,0.0068065776,train,-0.016447516
2017-03-03,TLT,-0.0047872406,0.012819186,0.017606426,train,-0.021794705
2017-03-06,EFA,-0.0034635954,0.020907508,0.024371104,train,-0.015826872
2017-03-06,IWM,-0.0065574865,-0.02209719,0.015539704,train,-0.0075015887
2017-03-06,SPY,-0.0029914288,-0.015775708,0.01278428,train,0.0038242186
2017-03-06,TLT,-0.003035245,-0.010524338,0.007489093,train,0.012819186
2017-03-07,EFA,-0.0036409453,0.014101906,0.017742852,train,0.020907508
2017-03-07,IWM,-0.006600771,-0.006009909,0.00059086224,train,-0.02209719
2017-03-07,SPY,-0.0018580202,0.00046052178,0.002318542,train,-0.015775708
2017-03-07,TLT,-0.0054194997,-0.0038932622,0.0015262375,train,-0.010524338
2017-03-08,EFA,0.0038063156,0.04503124,0.041224923,train,0.014101906
2017-03-08,IWM,-0.0039814273,0.00074095046,0.0047223778,train,-0.006009909
2017-03-08,SPY,0.0012675886,0.012950176,0.011682588,train,0.00046052178
2017-03-08,TLT,-0.0080130575,-0.0018911012,0.0061219563,train,-0.0038932622
2017-03-09,EFA,0.008388835,0.0017403937,0.0066484413,train,0.04503124
2017-03-09,IWM,0.004423076,0.023445012,0.019021936,train,0.00074095046
2017-03-09,SPY,0.0034979242,0.016844098,0.013346173,train,0.012950176
2017-03-09,TLT,0.0035032516,-0.023196043,0.026699295,train,-0.0018911012
2017-03-10,EFA,0.0052279606,-0.028253727,0.033481687,train,0.0017403937
2017-03-10,IWM,0.0023508733,0.020538853,0.018187981,train,0.023445012
2017-03-10,SPY,0.0005044024,0.00785666,0.007352257,train,0.016844098
2017-03-10,TLT,-0.0063313036,0.0150232315,0.021354536,train,-0.023196043
2017-03-13,EFA,-0.007687915,0.003499364,0.01118728,train,-0.028253727
2017-03-13,IWM,-0.0047811912,0.05660272,0.06138391,train,0.020538853
2017-03-13,SPY,-0.003833798,0.011327919,0.015161716,train,0.00785666
2017-03-13,TLT,0.0047947364,-0.02168698,0.026481718,train,0.0150232315
2017-03-14,EFA,0.014184664,0.00673438,0.007450284,train,0.003499364
2017-03-14,IWM,0.015364795,0.028897496,0.013532701,train,0.05660272
2017-03-14,SPY,0.008616146,0.039955396,0.03133925,train,0.011327919
2017-03-14,TLT,0.012141012,0.02261446,0.010473449,train,-0.02168698
2017-03-15,EFA,0.0048449114,-0.011109995,0.015954906,train,0.00673438
2017-03-15,IWM,0.0013062174,0.032201763,0.030895546,train,0.028897496
2017-03-15,SPY,-0.0019686979,0.010958826,0.012927524,train,0.039955396
2017-03-15,TLT,-0.0050762272,0.020173179,0.025249407,train,0.02261446
2017-03-16,EFA,0.00257436,-0.023067972,0.025642332,train,-0.011109995
2017-03-16,IWM,0.003979981,0.04828036,0.044300377,train,0.032201763
2017-03-16,SPY,-0.0017577049,0.026528869,0.028286574,train,0.010958826
2017-03-16,TLT,0.006257224,0.018370347,0.012113123,train,0.020173179
2017-03-17,EFA,-0.0020911172,-0.033402804,0.031311687,train,-0.023067972
2017-03-17,IWM,-0.0043427926,0.025331998,0.02967479,train,0.04828036
2017-03-17,SPY,-0.0010976722,0.014508432,0.015606103,train,0.026528869
2017-03-17,TLT,0.004288984,0.0061443686,0.0018553846,train,0.018370347
2017-03-20,EFA,-0.0045189695,-0.04434875,0.03982978,train,-0.033402804
2017-03-20,IWM,-0.028623046,0.027736617,0.056359664,train,0.025331998
2017-03-20,SPY,-0.0129224565,0.04271671,0.05563917,train,0.014508432
2017-03-20,TLT,0.008274983,0.018415729,0.010140746,train,0.0061443686
2017-03-21,EFA,0.0001616776,0.013262067,0.013100389,train,-0.04434875
2017-03-21,IWM,0.00022412566,-0.050677937,0.05090206,train,0.027736617
2017-03-21,SPY,0.002350069,-0.03074774,0.033097807,train,0.04271671
2017-03-21,TLT,0.0039869654,0.005955297,0.0019683316,train,0.018415729
2017-03-22,EFA,0.002261632,-0.051702145,0.053963777,train,0.013262067
2017-03-22,IWM,0.0058041206,0.0071376055,0.0013334849,train,-0.050677937
2017-03-22,SPY,-0.0010674467,-0.039885905,0.038818456,train,-0.03074774
2017-03-22,TLT,-0.0014098824,0.008428073,0.009837955,train,0.005955297
2017-03-23,EFA,0.0027393799,-0.018540379,0.021279758,train,-0.051702145
2017-03-23,IWM,0.00072151923,0.00071229413,9.225099e-06,train,0.0071376055
2017-03-23,SPY,-0.00072679727,-0.038030993,0.037304197,train,-0.039885905
2017-03-23,TLT,0.0035635887,0.012982186,0.009418597,train,0.008428073
2017-03-24,EFA,0.0025718645,-0.019133152,0.021705016,train,-0.018540379
2017-03-24,IWM,0.0018571619,0.0029172595,0.0010600976,train,0.00071229413
2017-03-24,SPY,-0.0010266223,-0.03814303,0.03711641,train,-0.038030993
2017-03-24,TLT,0.0045394837,-0.006528715,0.011068199,train,0.012982186
2017-03-27,EFA,0.0048036333,-0.011966404,0.016770037,train,-0.019133152
2017-03-27,IWM,0.007762458,-0.012764027,0.020526486,train,0.0029172595
2017-03-27,SPY,0.007250532,-0.005529474,0.012780006,train,-0.03814303
2017-03-27,TLT,-0.00669319,-0.0024760575,0.0042171325,train,-0.006528715
2017-03-28,EFA,0.0,-0.0041173347,0.0041173347,train,-0.011966404
2017-03-28,IWM,0.0032350423,0.027198868,0.023963826,train,-0.012764027
2017-03-28,SPY,0.00093427766,-0.0066540767,0.0075883544,train,-0.005529474
2017-03-28,TLT,0.0059516476,0.006882449,0.0009308015,train,-0.0024760575
2017-03-29,EFA,-0.0035203372,0.03622295,0.039743286,train,-0.0041173347
2017-03-29,IWM,0.007532067,-0.036099408,0.043631475,train,0.027198868
2017-03-29,SPY,0.0031791213,0.029154057,0.025974935,train,-0.0066540767
2017-03-29,TLT,-0.008109515,0.034135375,0.04224489,train,0.006882449
2017-03-30,EFA,-0.0014439141,0.018076055,0.01951997,train,0.03622295
2017-03-30,IWM,0.0016018169,0.0020856638,0.000483847,train,-0.036099408
2017-03-30,SPY,-0.0023304264,0.041084968,0.043415394,train,0.029154057
2017-03-30,TLT,0.0029036715,-0.02383961,0.026743282,train,0.034135375
2017-03-31,EFA,-0.001446002,0.005583433,0.007029435,train,0.018076055
2017-03-31,IWM,-0.010603004,-0.020801289,0.010198285,train,0.0020856638
2017-03-31,SPY,-0.0017405406,-0.007239741,0.0054992,train,0.041084968
2017-03-31,TLT,0.010036221,0.035907753,0.025871532,train,-0.02383961
2017-04-03,EFA,-0.00032161793,0.022227881,0.022549499,train,0.005583433
2017-04-03,IWM,-0.0011771027,0.01797082,0.019147923,train,-0.020801289
2017-04-03,SPY,0.000637231,0.013256226,0.012618994,train,-0.007239741
2017-04-03,TLT,-0.0054391692,-0.053241473,0.047802303,train,0.035907753
2017-04-04,EFA,-0.0053212,0.0007146164,0.0060358164,train,0.022227881
2017-04-04,IWM,-0.0113987755,-0.01644404,0.005045265,train,0.01797082
2017-04-04,SPY,-0.0029771002,-0.026170136,0.023193035,train,0.013256226
2017-04-04,TLT,0.0030533778,-0.0044240416,0.0074774195,train,-0.053241473
2017-04-05,EFA,0.00016151853,-0.019150479,0.019311998,train,0.0007146164
2017-04-05,IWM,0.009262416,0.0012838324,0.007978583,train,-0.01644404
2017-04-05,SPY,0.0028071718,-0.00084813545,0.0036553072,train,-0.026170136
2017-04-05,TLT,-0.0014841711,0.040117614,0.041601785,train,-0.0044240416
2017-04-06,EFA,-0.0006466343,0.018563667,0.019210301,train,-0.019150479
2017-04-06,IWM,-0.00044299915,-0.0056653754,0.0052223764,train,0.0012838324
2017-04-06,SPY,-0.0010198782,-0.018754663,0.017734785,train,-0.00084813545
2017-04-06,TLT,-0.0040512234,-0.01876556,0.014714336,train,0.040117614
2017-04-07,EFA,-0.001133203,0.018029613,0.019162817,train,0.018563667
2017-04-07,IWM,0.0022115917,0.049177524,0.04696593,train,-0.0056653754
2017-04-07,SPY,0.00059500564,-0.00792153,0.008516535,train,-0.018754663
2017-04-07,TLT,0.004628206,0.037778456,0.03315025,train,-0.01876556
2017-04-10,EFA,0.0046854536,0.028773533,0.02408808,train,0.018029613
2017-04-10,IWM,0.007920154,0.03442322,0.026503067,train,0.049177524
2017-04-10,SPY,-0.0011903655,0.003912889,0.0051032547,train,-0.00792153
2017-04-10,TLT,0.009438391,0.052250367,0.042811975,train,0.037778456
2017-04-11,EFA,-0.0008062333,-0.013038399,0.012232166,train,0.028773533
2017-04-11,IWM,-0.013679727,-0.01667147,0.0029917425,train,0.03442322
2017-04-11,SPY,-0.0043916088,0.029889641,0.03428125,train,0.003912889
2017-04-11,TLT,0.005458207,0.004568891,0.00088931574,train,0.052250367
2017-04-12,EFA,-0.0064734556,0.058741998,0.06521545,train,-0.013038399
2017-04-12,IWM,-0.009822981,-0.013035642,0.0032126606,train,-0.01667147
2017-04-12,SPY,-0.0065160412,-0.0010574036,0.0054586376,train,0.029889641
2017-04-12,TLT,0.003082332,-0.012917632,0.015999964,train,0.004568891
2017-04-13,EFA,0.0061507476,0.040386166,0.034235418,train,0.058741998
2017-04-13,IWM,0.011672713,-0.022558203,0.034230918,train,-0.013035642
2017-04-13,SPY,0.008820833,-0.02374378,0.032564614,train,-0.0010574036
2017-04-13,TLT,-0.003082332,-0.037024323,0.03394199,train,-0.012917632
2017-04-17,EFA,-0.0045284713,-0.008731861,0.0042033894,train,0.040386166
2017-04-17,IWM,0.00022161698,-0.0016834126,0.0019050295,train,-0.022558203
2017-04-17,SPY,-0.002988517,-0.023975043,0.020986525,train,-0.02374378
2017-04-17,TLT,0.012994784,-0.014835587,0.02783037,train,-0.037024323
2017-04-18,EFA,-0.0040608803,-0.027898764,0.023837883,train,-0.008731861
2017-04-18,IWM,0.0034671728,-0.01321725,0.016684422,train,-0.0016834126
2017-04-18,SPY,-0.0018403907,-0.029759068,0.027918678,train,-0.023975043
2017-04-18,TLT,-0.005467894,0.030655472,0.036123365,train,-0.014835587
2017-04-19,EFA,0.007943624,0.04044381,0.03250019,train,-0.027898764
2017-04-19,IWM,0.012659575,-0.02658124,0.039240815,train,-0.01321725
2017-04-19,SPY,0.00810609,-0.03024511,0.0383512,train,-0.029759068
2017-04-19,TLT,-0.0038780214,0.019470617,0.023348639,train,0.030655472
2017-04-20,EFA,0.00064572785,-0.026322901,0.026968628,train,0.04044381
2017-04-20,IWM,-0.0022564458,0.013516769,0.015773214,train,-0.02658124
2017-04-20,SPY,-0.0031919747,-0.028733427,0.025541453,train,-0.03024511
2017-04-20,TLT,0.0,0.021637388,0.021637388,train,0.019470617
2017-04-21,EFA,0.025019335,0.013640091,0.011379244,train,-0.026322901
2017-04-21,IWM,0.012385301,-0.01835923,0.030744532,train,0.013516769
2017-04-21,SPY,0.01093792,-0.030678399,0.04161632,train,-0.028733427
2017-04-21,TLT,-0.0049494733,-0.0035468587,0.0014026146,train,0.021637388
2017-04-24,EFA,0.007057145,-0.072538055,0.0795952,train,0.013640091
2017-04-24,IWM,0.009671187,0.0114866495,0.0018154625,train,-0.01835923
2017-04-24,SPY,0.00580162,-0.0017168955,0.0075185155,train,-0.030678399
2017-04-24,TLT,-0.012112677,0.014363578,0.026476255,train,-0.0035468587
2017-04-25,EFA,-0.0028168687,0.011880385,0.014697254,train,-0.072538055
2017-04-25,IWM,0.0051200883,0.021013185,0.015893098,train,0.0114866495
2017-04-25,SPY,-0.0006288069,-0.018371876,0.01774307,train,-0.0017168955
2017-04-25,TLT,0.0055016805,-0.03287503,0.03837671,train,0.014363578
2017-04-26,EFA,0.00093991624,-0.03962526,0.040565178,train,0.011880385
2017-04-26,IWM,-0.0002842198,-0.0085121915,0.008227971,train,0.021013185
2017-04-26,SPY,0.0008384439,-0.0024380074,0.0032764513,train,-0.018371876
2017-04-26,TLT,-0.00032773454,0.0147246905,0.015052425,train,-0.03287503
2017-04-27,EFA,-0.0010966549,-0.037016973,0.03592032,train,-0.03962526
2017-04-27,IWM,-0.013499588,0.047352836,0.060852423,train,-0.0085121915
2017-04-27,SPY,-0.0021817866,0.017094038,0.019275825,train,-0.0024380074
2017-04-27,TLT,0.0022095677,0.013820628,0.01161106,train,0.0147246905
2017-04-28,EFA,0.0040669297,0.016136738,0.012069808,train,-0.037016973
2017-04-28,IWM,0.0057364204,-0.02776836,0.03350478,train,0.047352836
2017-04-28,SPY,0.0025169675,-0.005959243,0.008476211,train,0.017094038
2017-04-28,TLT,-0.00834791,-0.022182427,0.013834517,train,0.013820628
2017-05-01,EFA,0.0051382505,-0.0146720335,0.019810284,train,0.016136738
2017-05-01,IWM,-0.005089486,0.020009434,0.02509892,train,-0.02776836
2017-05-01,SPY,0.00037681556,-0.0050618206,0.005438636,train,-0.005959243
2017-05-01,TLT,0.0051069898,-0.0010725795,0.0061795693,train,-0.022182427
2017-05-02,EFA,-0.0020210536,-0.03177456,0.029753508,train,-0.0146720335
2017-05-02,IWM,-0.0061993473,-0.022602253,0.016402906,train,0.020009434
2017-05-02,SPY,-0.0012149784,-0.0071161496,0.0059011714,train,-0.0050618206
2017-05-02,TLT,0.0006573186,0.03679348,0.03613616,train,-0.0010725795
2017-05-03,EFA,0.009447965,-0.022743976,0.03219194,train,-0.03177456
2017-05-03,IWM,-0.0013749629,-0.018999223,0.017624259,train,-0.022602253
2017-05-03,SPY,0.0011735254,-0.03009823,0.031271756,train,-0.0071161496
2017-05-03,TLT,-0.004939408,0.022443568,0.027382977,train,0.03679348
2017-05-04,EFA,0.011037919,-0.051660523,0.06269844,train,-0.022743976
2017-05-04,IWM,0.006423861,-0.020250494,0.026674354,train,-0.018999223
2017-05-04,SPY,0.0039292895,0.015404409,0.01147512,train,-0.03009823
2017-05-04,TLT,0.0009078192,0.005696287,0.0047884677,train,0.022443568
2017-05-05,EFA,-0.00749877,-0.054232005,0.046733234,train,-0.051660523
2017-05-05,IWM,-0.004181386,-0.024619052,0.020437665,train,-0.020250494
2017-05-05,SPY,-0.00016708285,0.008406408,0.008573491,train,0.015404409
2017-05-05,TLT,-0.005456328,0.03500023,0.04045656,train,0.005696287
2017-05-08,EFA,-0.00246065,-0.002579453,0.000118803,train,-0.054232005
2017-05-08,IWM,-0.00043387772,0.008140976,0.008574854,train,-0.024619052
2017-05-08,SPY,-0.00091842894,0.040567823,0.041486252,train,0.008406408
2017-05-08,TLT,-8.316677e-05,-0.008483665,0.008400498,train,0.03500023
2017-05-09,EFA,0.0015388075,-0.053769976,0.05530878,train,-0.002579453
2017-05-09,IWM,0.0061969743,-0.022517746,0.02871472,train,0.008140976
2017-05-09,SPY,0.0017942418,0.019716002,0.01792176,train,0.040567823
2017-05-09,TLT,-0.0011612584,0.033344183,0.03450544,train,-0.008483665
2017-05-10,EFA,-0.0024633068,-0.060918465,0.058455158,train,-0.053769976
2017-05-10,IWM,-0.006992248,0.016687725,0.023679972,train,-0.022517746
2017-05-10,SPY,-0.0020445623,0.031216173,0.033260733,train,0.019716002
2017-05-10,TLT,0.0,-0.0055469596,0.0055469596,train,0.033344183
2017-05-11,EFA,0.0055334535,-0.044060055,0.04959351,train,-0.060918465
2017-05-11,IWM,-0.0052947705,0.015061652,0.020356422,train,0.016687725
2017-05-11,SPY,-0.0016726342,0.019621557,0.021294191,train,0.031216173
2017-05-11,TLT,0.0075247083,-0.0043709115,0.011895619,train,-0.0055469596
2017-05-12,EFA,0.0050453967,-0.07589839,0.080943786,train,-0.044060055
2017-05-12,IWM,0.007750949,0.04173093,0.033979982,train,0.015061652
2017-05-12,SPY,0.0055082245,0.026374837,0.020866614,train,0.019621557
2017-05-12,TLT,-0.0027219139,0.04718138,0.049903292,train,-0.0043709115
2017-05-15,EFA,0.006385166,-0.03905862,0.045443784,train,-0.07589839
2017-05-15,IWM,0.00036087536,0.039993275,0.0396324,train,0.04173093
2017-05-15,SPY,-0.0009158356,0.04136807,0.042283908,train,0.026374837
2017-05-15,TLT,0.0037100052,0.036207918,0.032497913,train,0.04718138
2017-05-16,EFA,-0.0114305625,-0.04684131,0.035410747,train,-0.03905862
2017-05-16,IWM,-0.02734893,0.0058658845,0.033214815,train,0.039993275
2017-05-16,SPY,-0.01790345,0.06186909,0.07977254,train,0.04136807
2017-05-16,TLT,0.014461377,-0.01147286,0.025934238,train,0.036207918
2017-05-17,EFA,0.0016847053,0.055870384,0.054185677,train,-0.04684131
2017-05-17,IWM,0.0036260693,-0.029395701,0.03302177,train,0.0058658845
2017-05-17,SPY,0.004020354,0.032034364,0.02801401,train,0.06186909
2017-05-17,TLT,0.0011348985,0.008458056,0.007323157,train,-0.01147286
2017-05-18,EFA,0.011562565,-0.021728696,0.03329126,train,0.055870384
2017-05-18,IWM,0.004789883,0.002345656,0.0024442268,train,-0.029395701
2017-05-18,SPY,0.00648313,0.04968033,0.0431972,train,0.032034364
2017-05-18,TLT,0.002347273,-0.00569935,0.008046623,train,0.008458056
2017-05-19,EFA,0.001209383,-0.0785286,0.07973798,train,-0.021728696
2017-05-19,IWM,0.006740026,-0.009777313,0.01651734,train,0.002345656
2017-05-19,SPY,0.0050649047,0.06856924,0.06350434,train,0.04968033
2017-05-19,TLT,-0.002752034,-0.0072144256,0.0044623916,train,-0.00569935
2017-05-22,EFA,0.0001511549,-0.011167062,0.011318217,train,-0.0785286
2017-05-22,IWM,0.003280807,-0.0056484365,0.008929243,train,-0.009777313
2017-05-22,SPY,0.0022100615,0.034449387,0.032239325,train,0.06856924
2017-05-22,TLT,-0.0067509688,0.008145755,0.014896724,train,-0.0072144256
2017-05-23,EFA,0.00060393923,-0.047022473,0.047626413,train,-0.011167062
2017-05-23,IWM,0.0006548097,-0.0019019665,0.0025567762,train,-0.0056484365
2017-05-23,SPY,0.0023301328,0.014211675,0.011881542,train,0.034449387
2017-05-23,TLT,0.0056157685,0.009162353,0.0035465849,train,0.008145755
2017-05-24,EFA,0.0,0.0039201803,0.0039201803,train,-0.047022473
2017-05-24,IWM,0.0006547531,0.03180446,0.031149708,train,-0.0019019665
2017-05-24,SPY,0.0047682454,0.03649149,0.031723246,train,0.014211675
2017-05-24,TLT,0.00032423713,0.034531925,0.034207687,train,0.009162353
2017-05-25,EFA,-0.0028723052,0.000462526,0.0033348312,train,0.0039201803
2017-05-25,IWM,-0.0002912654,0.019318007,0.019609272,train,0.03180446
2017-05-25,SPY,-0.000206824,0.015375163,0.015581988,train,0.03649149
2017-05-25,TLT,0.0017022,0.013731785,0.012029585,train,0.034531925
2017-05-26,EFA,-0.0010605914,-0.08423976,0.08317917,train,0.000462526
2017-05-26,IWM,-0.007883031,0.020200362,0.028083393,train,0.019318007
2017-05-26,SPY,-0.0008691427,0.002612026,0.0034811688,train,0.015375163
2017-05-26,TLT,0.0049276864,0.035522703,0.030595016,train,0.013731785
2017-05-30,EFA,0.0012116134,0.03427555,0.033063937,train,-0.08423976
2017-05-30,IWM,-0.0010261729,0.020538623,0.021564795,train,0.020200362
2017-05-30,SPY,-0.00024854837,0.003185918,0.0034344664,train,0.002612026
2017-05-30,TLT,0.002495129,-0.0048523503,0.0073474795,train,0.035522703
2017-05-31,EFA,0.00648845,-0.13331643,0.13980487,train,0.03427555
2017-05-31,IWM,0.019108409,0.008204633,0.010903776,train,0.020538623
2017-05-31,SPY,0.007920686,-0.06546698,0.07338767,train,0.003185918
2017-05-31,TLT,0.00010454051,0.0119102225,0.0118056815,train,-0.0048523503
2017-06-01,EFA,0.010919288,-0.021591028,0.032510318,train,-0.13331643
2017-06-01,IWM,0.0064565926,-0.041916657,0.04837325,train,0.008204633
2017-06-01,SPY,0.0033228085,0.006104713,0.0027819043,train,-0.06546698
2017-06-01,TLT,0.011771273,0.07055265,0.058781374,train,0.0119102225
2017-06-02,EFA,-0.0055194623,-0.06407567,0.05855621,train,-0.021591028
2017-06-02,IWM,-0.0062408126,0.021269716,0.02751053,train,-0.041916657
2017-06-02,SPY,-0.00073724054,-0.0014643096,0.0007270691,train,0.006104713
2017-06-02,TLT,-0.0062288283,0.044018473,0.0502473,train,0.07055265
2017-06-05,EFA,-0.0028463574,0.014170367,0.017016724,train,-0.06407567
2017-06-05,IWM,-0.00093538413,-0.006386217,0.005450833,train,0.021269716
2017-06-05,SPY,-0.0032021592,0.032062415,0.035264574,train,-0.0014643096
2017-06-05,TLT,0.0054319883,0.03891983,0.03348784,train,0.044018473
2017-06-06,EFA,0.00030000624,0.02572318,0.025423173,train,0.014170367
2017-06-06,IWM,0.00093538413,-0.00058699306,0.0015223771,train,-0.006386217
2017-06-06,SPY,0.00184885,-0.008092135,0.009940986,train,0.032062415
2017-06-06,TLT,-0.004791306,-0.04004702,0.035255715,train,0.03891983
2017-06-07,EFA,-0.001801389,-0.015539415,0.013738026,train,0.02572318
2017-06-07,IWM,0.01357905,0.014119208,0.0005401578,train,-0.00058699306
2017-06-07,SPY,0.00049207563,0.02985379,0.029361714,train,-0.008092135
2017-06-07,TLT,-0.0026449973,0.021464158,0.024109155,train,-0.04004702
2017-06-08,EFA,-0.0037632734,-0.014797993,0.01103472,train,-0.015539415
2017-06-08,IWM,0.0051680785,-0.061092928,0.06626101,train,0.014119208
2017-06-08,SPY,-0.0015189127,-0.009608479,0.008089567,train,0.02985379
2017-06-08,TLT,-0.0015262488,0.02401663,0.02554288,train,0.021464158
2017-06-09,EFA,-0.0037772623,-0.02135787,0.017580608,train,-0.014797993
2017-06-09,IWM,-0.0016258202,-0.022223206,0.020597385,train,-0.061092928
2017-06-09,SPY,-0.0002054219,-0.007772802,0.00756738,train,-0.009608479
2017-06-09,TLT,-0.00032186374,0.01399821,0.014320075,train,0.02401663
2017-06-12,EFA,0.0076907002,0.034311797,0.026621098,train,-0.02135787
2017-06-12,IWM,0.005080294,0.037092965,0.03201267,train,-0.022223206
2017-06-12,SPY,0.0048779007,-0.006156771,0.011034671,train,-0.007772802
2017-06-12,TLT,0.00016114036,0.034386378,0.034225237,train,0.01399821
2017-06-13,EFA,-0.00075142464,-0.044200335,0.04344891,train,0.034311797
2017-06-13,IWM,-0.005929152,0.051173408,0.05710256,train,0.037092965
2017-06-13,SPY,-0.0012685106,0.033914726,0.035183236,train,-0.006156771
2017-06-13,TLT,0.015318619,0.01858227,0.0032636505,train,0.034386378
2017-06-14,EFA,-0.010426828,-0.019814389,0.009387561,train,-0.044200335
2017-06-14,IWM,-0.0051100366,-0.033344407,0.02823437,train,0.051173408
2017-06-14,SPY,-0.0019259448,-0.013059873,0.011133928,train,0.033914726
2017-06-14,TLT,-0.001584645,-0.18072647,0.17914182,train,0.01858227
2017-06-15,EFA,0.008470853,0.02114155,0.012670697,train,-0.019814389
2017-06-15,IWM,-0.0024934213,0.041041847,0.04353527,train,-0.033344407
2017-06-15,SPY,0.0002183916,0.086326025,0.086107634,train,-0.013059873
2017-06-15,TLT,0.0019806453,0.018500825,0.01652018,train,-0.18072647
2017-06-16,EFA,0.0040586176,-0.040333543,0.04439216,train,0.02114155
2017-06-16,IWM,0.0073909797,-0.007719599,0.015110578,train,0.041041847
2017-06-16,SPY,0.008290575,0.08187511,0.073584534,train,0.086326025
2017-06-16,TLT,-0.0014261656,0.04941945,0.050845616,train,0.018500825
2017-06-19,EFA,-0.008081774,-0.026314653,0.018232878,train,-0.040333543
2017-06-19,IWM,-0.010176886,0.0016616727,0.011838559,train,-0.007719599
2017-06-19,SPY,-0.0067668324,0.06759407,0.07436091,train,0.08187511
2017-06-19,TLT,0.008916553,0.06886218,0.059945624,train,0.04941945
2017-06-20,EFA,-0.0012300963,0.0012436802,0.0024737767,train,-0.026314653
2017-06-20,IWM,-0.0025065753,0.011887038,0.014393614,train,0.0016616727
2017-06-20,SPY,-0.0002468113,0.07373924,0.073986046,train,0.06759407
2017-06-20,TLT,0.0020398654,0.025984727,0.023944862,train,0.06886218
2017-06-21,EFA,-0.00015370788,0.03409245,0.034246158,train,0.0012436802
2017-06-21,IWM,0.003793427,0.009770354,0.0059769275,train,0.011887038
2017-06-21,SPY,-0.0004529573,0.025280692,0.02573365,train,0.07373924
2017-06-21,TLT,0.0021932526,0.020841999,0.018648747,train,0.025984727
2017-06-22,EFA,0.0024591342,0.013484681,0.011025547,train,0.03409245
2017-06-22,IWM,0.0066218157,0.033166178,0.026544362,train,0.009770354
2017-06-22,SPY,0.0011933522,0.037574746,0.036381394,train,0.025280692
2017-06-22,TLT,-0.00046980087,0.035848998,0.036318798,train,0.020841999
2017-06-23,EFA,0.0016872241,-0.022567432,0.024254657,train,0.013484681
2017-06-23,IWM,0.0012056335,0.021708362,0.020502727,train,0.033166178
2017-06-23,SPY,0.0006580916,0.013775656,0.013117565,train,0.037574746
2017-06-23,TLT,0.0037501177,0.011881718,0.008131601,train,0.035848998
2017-06-26,EFA,-0.00015332118,-0.029121397,0.028968075,train,-0.022567432
2017-06-26,IWM,-0.008828049,0.015978372,0.024806421,train,0.021708362
2017-06-26,SPY,-0.008088997,0.023868768,0.031957764,train,0.013775656
2017-06-26,TLT,-0.010738868,0.009622745,0.020361613,train,0.011881718
2017-06-27,EFA,0.00869902,0.042308867,0.033609845,train,-0.029121397
2017-06-27,IWM,0.0151867485,0.04901523,0.033828482,train,0.015978372
2017-06-27,SPY,0.008910698,0.030248893,0.021338195,train,0.023868768
2017-06-27,TLT,-0.0033160232,0.014281658,0.01759768,train,0.009622745
2017-06-28,EFA,-0.009925834,-0.038107563,0.028181728,train,0.042308867
2017-06-28,IWM,-0.0059330342,0.03189459,0.037827626,train,0.04901523
2017-06-28,SPY,-0.008827699,0.025347212,0.03417491,train,0.030248893
2017-06-28,TLT,-0.008416718,0.032809902,0.041226618,train,0.014281658
2017-06-29,EFA,0.0006135949,0.002165859,0.0015522642,train,-0.038107563
2017-06-29,IWM,-0.0015604276,-0.032779567,0.03121914,train,0.03189459
2017-06-29,SPY,0.0018627187,0.051001456,0.049138736,train,0.025347212
2017-06-29,TLT,-0.0023147934,-0.016282083,0.0139672905,train,0.032809902
2017-06-30,EFA,-0.001227642,-0.022223907,0.020996265,train,0.002165859
2017-06-30,IWM,0.008338978,0.006509095,0.0018298826,train,-0.032779567
2017-06-30,SPY,0.001694157,0.022067297,0.02037314,train,0.051001456
2017-06-30,TLT,-0.003225245,-0.034472182,0.031246938,train,-0.016282083
2017-07-03,EFA,0.0,0.028368214,0.028368214,train,-0.022223907
2017-07-03,IWM,-0.00359559,0.018079491,0.021675082,train,0.006509095
2017-07-03,SPY,0.0023093324,0.057419237,0.055109903,train,0.022067297
2017-07-03,TLT,0.00024139864,-0.029062137,0.029303536,train,-0.034472182
2017-07-05,EFA,-0.0044632857,-0.043251667,0.038788382,train,0.028368214
2017-07-05,IWM,-0.0131444335,-0.033572763,0.02042833,train,0.018079491
2017-07-05,SPY,-0.00918659,-0.00077581266,0.008410778,train,0.057419237
2017-07-05,TLT,-0.008308284,0.037021946,0.04533023,train,-0.029062137
2017-07-06,EFA,0.00015421498,-0.03142202,0.031576235,train,-0.043251667
2017-07-06,IWM,0.009655796,0.025340714,0.015684918,train,-0.033572763
2017-07-06,SPY,0.006464176,0.009296691,0.0028325152,train,-0.00077581266
2017-07-06,TLT,-0.006011868,0.030536873,0.03654874,train,0.037021946
2017-07-07,EFA,0.0024644374,0.0012247446,0.0012396928,train,-0.03142202
2017-07-07,IWM,-0.0043517253,0.009723643,0.014075369,train,0.025340714
2017-07-07,SPY,0.0010732397,0.020545142,0.019471902,train,0.009296691
2017-07-07,TLT,0.0014658939,0.066809274,0.06534338,train,0.030536873
2017-07-10,EFA,0.0023053735,0.021455161,0.019149788,train,0.0012247446
2017-07-10,IWM,0.002926598,0.025090447,0.02216385,train,0.009723643
2017-07-10,SPY,-0.0007428617,0.03279232,0.03353518,train,0.020545142
2017-07-10,TLT,0.001706749,0.08020442,0.07849767,train,0.066809274
2017-07-11,EFA,0.007949478,-0.03971946,0.047668938,train,0.021455161
2017-07-11,IWM,0.0076687043,0.014367094,0.00669839,train,0.025090447
2017-07-11,SPY,0.007486996,0.0052384133,0.0022485824,train,0.03279232
2017-07-11,TLT,0.006880802,0.032162324,0.025281522,train,0.08020442
2017-07-12,EFA,0.002889324,-0.04704149,0.049930815,train,-0.03971946
2017-07-12,IWM,0.00084899284,-0.007986298,0.008835291,train,0.014367094
2017-07-12,SPY,0.0016786113,-0.013666475,0.015345086,train,0.0052384133
2017-07-12,TLT,-0.006312217,0.035716053,0.04202827,train,0.032162324
2017-07-13,EFA,0.0069601014,-0.008303434,0.015263535,train,-0.04704149
2017-07-13,IWM,0.001694748,0.05139656,0.049701814,train,-0.007986298
2017-07-13,SPY,0.004653231,0.027347824,0.022694593,train,-0.013666475
2017-07-13,TLT,0.0012171286,0.007958336,0.006741207,train,0.035716053
2017-07-14,EFA,-0.0019621246,0.012241561,0.014203685,train,-0.008303434
2017-07-14,IWM,0.0023252252,0.033790205,0.03146498,train,0.05139656
2017-07-14,SPY,-0.00012218767,-0.023502832,0.023380645,train,0.027347824
2017-07-14,TLT,0.0027529183,0.03770721,0.03495429,train,0.007958336
2017-07-17,EFA,0.0009061599,0.006118096,0.005211936,train,0.012241561
2017-07-17,IWM,-0.0026072839,0.047195673,0.049802955,train,0.033790205
2017-07-17,SPY,0.000529538,0.0042362823,0.0037067444,train,-0.023502832
2017-07-17,TLT,0.008695112,0.044984423,0.036289312,train,0.03770721
2017-07-18,EFA,0.004367755,-0.030262074,0.03462983,train,0.006118096
2017-07-18,IWM,0.009901522,0.04568202,0.035780497,train,0.047195673
2017-07-18,SPY,0.0053993026,-0.028260106,0.03365941,train,0.0042362823
2017-07-18,TLT,0.00040063748,-0.00086969836,0.0012703359,train,0.044984423
2017-07-19,EFA,0.004049493,-0.02289137,0.026940864,train,-0.030262074
2017-07-19,IWM,0.000698677,0.028767848,0.028069172,train,0.04568202
2017-07-19,SPY,0.00044527758,0.013324896,0.012879618,train,-0.028260106
2017-07-19,TLT,0.0028805751,0.03213672,0.029256145,train,-0.00086969836
2017-07-20,EFA,-0.0038990933,0.02047652,0.024375614,train,-0.02289137
2017-07-20,IWM,-0.0045492565,0.0078068743,0.01235613,train,0.028767848
2017-07-20,SPY,-0.00089089497,-0.0010527098,0.0001618148,train,0.013324896
2017-07-20,TLT,0.004225576,-0.08960932,0.09383489,train,0.03213672
2017-07-21,EFA,-0.0027084423,-0.014467413,0.01175897,train,0.02047652
2017-07-21,IWM,0.0014023704,0.01764246,0.01624009,train,0.0078068743
2017-07-21,SPY,-0.00024294194,0.017129278,0.017372219,train,-0.0010527098
2017-07-21,TLT,-0.0039063506,0.030582791,0.03448914,train,-0.08960932
2017-07-24,EFA,0.0013550642,-0.016176945,0.01753201,train,-0.014467413
2017-07-24,IWM,0.009065483,0.026744643,0.01767916,train,0.01764246
2017-07-24,SPY,0.0024279675,0.024511298,0.02208333,train,0.017129278
2017-07-24,TLT,-0.013104546,-0.012697689,0.00040685665,train,0.030582791
2017-07-25,EFA,0.006150079,-0.007122845,0.013272924,train,-0.016176945
2017-07-25,IWM,-0.0055695004,0.020854848,0.026424348,train,0.026744643
2017-07-25,SPY,4.0231535e-05,0.00838853,0.008348299,train,0.024511298
2017-07-25,TLT,0.0016174187,-0.018958548,0.020575967,train,-0.012697689
2017-07-26,EFA,-0.0022457892,0.027844375,0.030090164,train,-0.007122845
2017-07-26,IWM,-0.0063726096,0.04206849,0.048441097,train,0.020854848
2017-07-26,SPY,-0.0009299032,0.030813826,0.031743728,train,0.00838853
2017-07-26,TLT,-0.004940843,-0.015525525,0.010584682,train,-0.018958548
2017-07-27,EFA,0.0010486773,0.005868779,0.004820102,train,0.027844375
2017-07-27,IWM,-0.0026729691,-0.009404423,0.0067314534,train,0.04206849
2017-07-27,SPY,-0.0011737635,-0.007794282,0.0066205184,train,0.030813826
2017-07-27,TLT,0.005909586,-0.029209934,0.03511952,train,-0.015525525
2017-07-28,EFA,0.002094208,0.0517028,0.049608592,train,0.005868779
2017-07-28,IWM,-0.0031752563,0.051863972,0.055039227,train,-0.009404423
2017-07-28,SPY,-0.00056726485,0.06655521,0.067122474,train,-0.007794282
2017-07-28,TLT,0.0012106275,0.0005922201,0.0006184074,train,-0.029209934
2017-07-31,EFA,0.0055127866,0.06846988,0.06295709,train,0.0517028
2017-07-31,IWM,0.0019061358,0.048744243,0.04683811,train,0.051863972
2017-07-31,SPY,0.002226389,0.013981398,0.011755009,train,0.06655521
2017-07-31,TLT,0.0069961944,0.010397172,0.0034009772,train,0.0005922201
2017-08-01,EFA,0.0004456733,0.055289406,0.05484373,train,0.06846988
2017-08-01,IWM,-0.010992716,0.0042007747,0.01519349,train,0.048744243
2017-08-01,SPY,0.0004849841,0.0599585,0.059473515,train,0.013981398
2017-08-01,TLT,0.00056116626,-0.01441741,0.014978576,train,0.010397172
2017-08-02,EFA,0.0005939709,0.04375046,0.04315649,train,0.055289406
2017-08-02,IWM,-0.0050041084,0.051319,0.056323107,train,0.0042007747
2017-08-02,SPY,-0.001941915,0.05240189,0.054343805,train,0.0599585
2017-08-02,TLT,0.01029127,0.03829688,0.028005607,train,-0.01441741
2017-08-03,EFA,0.001334964,0.033645544,0.03231058,train,0.04375046
2017-08-03,IWM,0.0048616105,0.054456096,0.049594484,train,0.051319
2017-08-03,SPY,0.0018206558,0.086946644,0.08512599,train,0.05240189
2017-08-03,TLT,-0.008528699,0.034947086,0.043475784,train,0.03829688
2017-08-04,EFA,0.00044468924,0.047806256,0.047361568,train,0.033645544
2017-08-04,IWM,0.0016392836,0.051652405,0.05001312,train,0.054456096
2017-08-04,SPY,0.001857648,0.069230445,0.0673728,train,0.086946644
2017-08-04,TLT,0.0011201121,0.032759655,0.031639542,train,0.034947086
2017-08-07,EFA,-0.0053486354,0.0537092,0.059057835,train,0.047806256
2017-08-07,IWM,-0.003138163,0.060643088,0.063781254,train,0.051652405
2017-08-07,SPY,-0.0024640944,0.08719955,0.08966364,train,0.069230445
2017-08-07,TLT,-0.0036042847,0.010577092,0.014181376,train,0.032759655
2017-08-08,EFA,-0.0016399343,0.0047494336,0.006389368,train,0.0537092
2017-08-08,IWM,-0.008680264,-0.09202864,0.08334838,train,0.060643088
2017-08-08,SPY,-4.0188563e-05,0.06301675,0.06305694,train,0.08719955
2017-08-08,TLT,0.005441656,0.0007679383,0.0046737175,train,0.010577092
2017-08-09,EFA,-0.01427619,0.012937427,0.027213616,train,0.0047494336
2017-08-09,IWM,-0.018323824,0.048713032,0.06703685,train,-0.09202864
2017-08-09,SPY,-0.014215867,0.051639643,0.06585551,train,0.06301675
2017-08-09,TLT,0.008503236,-0.00040046778,0.008903704,train,0.0007679383
2017-08-10,EFA,-0.0018179371,-0.0316506,0.029832661,train,0.012937427
2017-08-10,IWM,0.0014667022,-0.0062445984,0.0077113006,train,0.048713032
2017-08-10,SPY,0.0014757562,-0.015542004,0.017017761,train,0.051639643
2017-08-10,TLT,0.00047487326,0.058319323,0.05784445,train,-0.00040046778
2017-08-11,EFA,0.0072519286,0.013234323,0.0059823943,train,-0.0316506
2017-08-11,IWM,0.015053934,0.053204916,0.03815098,train,-0.0062445984
2017-08-11,SPY,0.00986424,0.011630133,0.0017658928,train,-0.015542004
2017-08-11,TLT,-0.005154637,-0.01397788,0.008823242,train,0.058319323
2017-08-14,EFA,-0.0007529925,0.0039116363,0.0046646288,train,0.013234323
2017-08-14,IWM,-0.008262449,0.010388492,0.018650942,train,0.053204916
2017-08-14,SPY,-0.000121772784,0.014631834,0.014753607,train,0.011630133
2017-08-14,TLT,-0.0042225732,0.027264278,0.03148685,train,-0.01397788
2017-08-15,EFA,0.005708338,0.012692064,0.006983726,train,0.0039116363
2017-08-15,IWM,0.00029092605,0.010840066,0.01054914,train,0.010388492
2017-08-15,SPY,0.0017428631,0.025703115,0.023960251,train,0.014631834
2017-08-15,TLT,0.0036660281,0.012658944,0.008992916,train,0.027264278
2017-08-16,EFA,-0.011297967,-0.014926467,0.0036284998,train,0.012692064
2017-08-16,IWM,-0.018431475,-0.006403359,0.012028117,train,0.010840066
2017-08-16,SPY,-0.01571352,0.002723373,0.018436894,train,0.025703115
2017-08-16,TLT,0.0074497177,0.031718265,0.024268547,train,0.012658944
2017-08-17,EFA,0.0027231937,0.007453862,0.0047306684,train,-0.014926467
2017-08-17,IWM,-7.407646e-05,-0.03143859,0.03136451,train,-0.006403359
2017-08-17,SPY,-0.0015643963,0.06906231,0.070626706,train,0.002723373
2017-08-17,TLT,-0.0002369195,-0.023492714,0.023255795,train,0.031718265
2017-08-18,EFA,-0.00030216167,0.041924547,0.04222671,train,0.007453862
2017-08-18,IWM,-0.0006669352,-0.014629165,0.01396223,train,-0.03143859
2017-08-18,SPY,0.0007824681,0.027953139,0.027170671,train,0.06906231
2017-08-18,TLT,0.0024451348,0.021723613,0.019278478,train,-0.023492714
2017-08-21,EFA,0.004824403,0.0687831,0.0639587,train,0.041924547
2017-08-21,IWM,0.010770053,0.016708681,0.0059386287,train,-0.014629165
2017-08-21,SPY,0.010402762,0.03730614,0.02690338,train,0.027953139
2017-08-21,TLT,-0.0038680618,0.026253209,0.03012127,train,0.021723613
2017-08-22,EFA,0.00015036513,0.036125045,0.03597468,train,0.0687831
2017-08-22,IWM,-0.0016153492,0.005211448,0.006826797,train,0.016708681
2017-08-22,SPY,-0.0035920294,-7.617986e-05,0.0035158496,train,0.03730614
2017-08-22,TLT,0.006779164,0.011766046,0.004986882,train,0.026253209
2017-08-23,EFA,-0.0022582244,0.018610697,0.020868922,train,0.036125045
2017-08-23,IWM,0.0030818987,0.0020417948,0.0010401038,train,0.005211448
2017-08-23,SPY,-0.0023333507,-0.0035219295,0.0011885788,train,-7.617986e-05
2017-08-23,TLT,-0.0036989783,0.042911008,0.046609987,train,0.011766046
2017-08-24,EFA,0.006010538,0.016710084,0.010699546,train,0.018610697
2017-08-24,IWM,0.0028532743,0.005150275,0.0022970005,train,0.0020417948
2017-08-24,SPY,0.0023333507,0.005438466,0.0031051154,train,-0.0035219295
2017-08-24,TLT,0.003855656,0.024638891,0.020783234,train,0.042911008
2017-08-25,EFA,0.0,-0.019134184,0.019134184,train,0.016710084
2017-08-25,IWM,0.0042279796,-0.012919059,0.017147038,train,0.005150275
2017-08-25,SPY,4.098764e-05,-0.009044161,0.009085149,train,0.005438466
2017-08-25,TLT,-0.00062860927,0.050004367,0.050632976,train,0.024638891
2017-08-28,EFA,-0.0040531405,0.025535569,0.029588709,train,-0.019134184
2017-08-28,IWM,0.00021878669,0.015021628,0.0148028415,train,-0.012919059
2017-08-28,SPY,0.0011441908,0.08009627,0.078952074,train,-0.009044161
2017-08-28,TLT,0.0032171218,-0.0077664317,0.010983554,train,0.050004367
2017-08-29,EFA,-0.0013545824,0.008147359,0.0095019415,train,0.025535569
2017-08-29,IWM,0.0063795606,-0.01748976,0.02386932,train,0.015021628
2017-08-29,SPY,0.0047264327,0.018672407,0.013945974,train,0.08009627
2017-08-29,TLT,-0.00031355658,0.028364955,0.02867851,train,-0.0077664317
2017-08-30,EFA,0.00765243,0.039179463,0.031527035,train,0.008147359
2017-08-30,IWM,0.009780439,-0.0047538453,0.014534283,train,-0.01748976
2017-08-30,SPY,0.0059980336,0.037916925,0.03191889,train,0.018672407
2017-08-30,TLT,0.0029737279,-0.011463443,0.014437171,train,0.028364955
2017-08-31,EFA,0.0013442631,-0.021300955,0.022645218,train,0.039179463
2017-08-31,IWM,0.0056387046,-0.1475614,0.1532001,train,-0.0047538453
2017-08-31,SPY,0.0014129446,-0.0075111077,0.008924052,train,0.037916925
2017-08-31,TLT,-0.0076783877,0.041903187,0.049581572,train,-0.011463443
2017-09-01,EFA,-0.0067399754,-0.00353515,0.0032048253,train,-0.021300955
2017-09-01,IWM,-0.009653906,-0.085748166,0.07609426,train,-0.1475614
2017-09-01,SPY,-0.0072079743,0.0016906937,0.008898668,train,-0.0075111077
2017-09-01,TLT,0.015733464,-0.013237432,0.028970895,train,0.041903187
2017-09-05,EFA,0.006142561,-0.034278214,0.040420774,train,-0.00353515
2017-09-05,IWM,0.002081804,-0.05350068,0.055582482,train,-0.085748166
2017-09-05,SPY,0.0034082092,-0.008353613,0.011761823,train,0.0016906937
2017-09-05,TLT,-0.0061541945,0.052757367,0.058911562,train,-0.013237432
2017-09-06,EFA,0.008181712,-0.0014852234,0.009666935,train,-0.034278214
2017-09-06,IWM,-0.002513348,-0.089538164,0.087024815,train,-0.05350068
2017-09-06,SPY,-0.00012166596,-0.007423866,0.0073022,train,-0.008353613
2017-09-06,TLT,0.010184453,0.026500747,0.016316295,train,0.052757367
2017-09-07,EFA,0.00014796991,-0.02200145,0.022149421,train,-0.0014852234
2017-09-07,IWM,0.00079074706,-0.034298938,0.035089687,train,-0.089538164
2017-09-07,SPY,-0.0011753335,-0.05777719,0.056601856,train,-0.007423866
2017-09-07,TLT,-0.0021679187,0.012032436,0.014200355,train,0.026500747
2017-09-08,EFA,0.007820188,0.01177167,0.0039514815,train,-0.02200145
2017-09-08,IWM,0.0104322685,0.028019844,0.017587576,train,-0.034298938
2017-09-08,SPY,0.010609821,-0.024690025,0.035299845,train,-0.05777719
2017-09-08,TLT,-0.012010005,0.04697485,0.058984853,train,0.012032436
2017-09-11,EFA,0.0030815739,0.024615787,0.021534214,train,0.01177167
2017-09-11,IWM,0.0060947337,0.028960535,0.022865802,train,0.028019844
2017-09-11,SPY,0.0033645716,0.0021352,0.0012293716,train,-0.024690025
2017-09-11,TLT,-0.005270306,0.027279658,0.032549962,train,0.04697485
2017-09-12,EFA,-0.005435772,0.01646869,0.021904463,train,0.024615787
2017-09-12,IWM,0.0029630307,-0.033647817,0.03661085,train,0.028960535
2017-09-12,SPY,0.00047996966,0.0016703992,0.0011904296,train,0.0021352
2017-09-12,TLT,-0.003951479,0.008564498,0.012515977,train,0.027279658
2017-09-13,EFA,0.0017660774,0.0037755757,0.0020094984,train,0.01646869
2017-09-13,IWM,-0.0009162292,0.011645628,0.012561858,train,-0.033647817
2017-09-13,SPY,-0.00031976795,-0.03402902,0.033709254,train,0.0016703992
2017-09-13,TLT,0.004108921,-0.023100475,0.027209396,train,0.008564498
2017-09-14,EFA,0.0008819065,-0.0026539997,0.0035359063,train,0.0037755757
2017-09-14,IWM,0.004081018,0.030435761,0.026354743,train,0.011645628
2017-09-14,SPY,0.0013451283,0.015512371,0.014167244,train,-0.03402902
2017-09-14,TLT,0.00039437323,0.006308572,0.0059141987,train,-0.023100475
2017-09-15,EFA,0.0013217274,0.0132417325,0.011920005,train,-0.0026539997
2017-09-15,IWM,0.0067881783,0.05401129,0.04722311,train,0.030435761
2017-09-15,SPY,0.0021246085,0.030147893,0.028023284,train,0.015512371
2017-09-15,TLT,-0.0057707108,-0.007834885,0.0020641745,train,0.006308572
2017-09-18,EFA,0.0046845647,-0.004475458,0.009160023,train,0.0132417325
2017-09-18,IWM,0.0,0.03925134,0.03925134,train,0.05401129
2017-09-18,SPY,0.0010005868,0.059003007,0.05800242,train,0.030147893
2017-09-18,TLT,-0.0024610548,0.031058447,0.033519503,train,-0.007834885
2017-09-19,EFA,-0.0021933955,-0.005569751,0.0033763554,train,-0.004475458
2017-09-19,IWM,0.0032027464,0.021140376,0.01793763,train,0.03925134
2017-09-19,SPY,0.00036010807,0.0012425086,0.00088240055,train,0.059003007
2017-09-19,TLT,0.0007148663,0.048390467,0.047675602,train,0.031058447
2017-09-20,EFA,-0.002051125,0.009715529,0.011766654,train,-0.005569751
2017-09-20,IWM,-0.0010432369,0.051315565,0.052358802,train,0.021140376
2017-09-20,SPY,-0.002683038,0.002902403,0.005585441,train,0.0012425086
2017-09-20,TLT,-0.00055590324,0.016830986,0.01738689,train,0.048390467
2017-09-21,EFA,0.0030756148,0.02133234,0.018256726,train,0.009715529
2017-09-21,IWM,0.004236582,0.047757912,0.04352133,train,0.051315565
2017-09-21,SPY,0.00020051809,0.016031764,0.015831247,train,0.002902403
2017-09-21,TLT,0.0028566404,0.06186213,0.059005488,train,0.016830986
2017-09-22,EFA,-0.0057192924,0.025076097,0.03079539,train,0.02133234
2017-09-22,IWM,0.0013850221,0.0431809,0.04179588,train,0.047757912
2017-09-22,SPY,-0.0020468524,0.022662306,0.024709158,train,0.016031764
2017-09-22,TLT,0.006240242,0.05969708,0.05345684,train,0.06186213
2017-09-25,EFA,-0.0022082112,0.004921732,0.007129943,train,0.025076097
2017-09-25,IWM,0.0031792503,0.082850374,0.07967112,train,0.0431809
2017-09-25,SPY,0.0006024751,-0.00015930133,0.0007617764,train,0.022662306
2017-09-25,TLT,-0.001812753,0.025449846,0.027262598,train,0.05969708
2017-09-26,EFA,0.00073668465,-0.017986132,0.018722817,train,0.004921732
2017-09-26,IWM,0.01938048,0.095037155,0.075656675,train,0.082850374
2017-09-26,SPY,0.0038868682,0.023484314,0.019597445,train,-0.00015930133
2017-09-26,TLT,-0.015182714,0.034938134,0.05012085,train,0.025449846
2017-09-27,EFA,0.0026474213,-0.0016834014,0.0043308227,train,-0.017986132
2017-09-27,IWM,0.0026415235,-0.034389142,0.037030667,train,0.095037155
2017-09-27,SPY,0.0011989173,0.046965666,0.04576675,train,0.023484314
2017-09-27,TLT,-0.00296741,-0.03304435,0.03007694,train,0.034938134
2017-09-28,EFA,0.0058583207,0.006161125,0.00030280417,test,-0.0016834014
2017-09-28,IWM,0.0023649943,-0.047490984,0.049855977,test,-0.034389142
2017-09-28,SPY,0.0035090246,0.07794106,0.07443204,test,0.046965666
2017-09-28,TLT,0.0022466271,0.0039823824,0.0017357552,test,-0.03304435
2017-09-29,EFA,-0.0008765668,-0.039147772,0.038271204,test,0.006161125
2017-09-29,IWM,0.0122077055,-0.025185818,0.037393525,test,-0.047490984
2017-09-29,SPY,0.0043296083,0.06881883,0.06448922,test,0.07794106
2017-09-29,TLT,-0.0018326854,0.013092263,0.014924948,test,0.0039823824
2017-10-02,EFA,0.0033558889,0.031154891,0.027799003,test,-0.039147772
2017-10-02,IWM,0.0021975024,-0.038734455,0.04093196,test,-0.025185818
2017-10-02,SPY,0.0021373841,0.08470791,0.08257052,test,0.06881883
2017-10-02,TLT,0.00096465525,-0.0023949337,0.003359589,test,0.013092263
2017-10-03,EFA,-0.0018954664,0.04476426,0.046659727,test,0.031154891
2017-10-03,IWM,-0.0031982844,-0.032636195,0.02943791,test,-0.038734455
2017-10-03,SPY,0.0011857392,0.08181877,0.08063303,test,0.08470791
2017-10-03,TLT,8.07337e-05,-0.013571151,0.013651884,test,-0.0023949337
2017-10-04,EFA,-0.0005838557,0.04835256,0.048936415,test,0.04476426
2017-10-04,IWM,0.0027322674,0.040683355,0.03795109,test,-0.032636195
2017-10-04,SPY,0.005907561,0.08438037,0.078472815,test,0.08181877
2017-10-04,TLT,-0.0037849664,0.008819545,0.012604511,test,-0.013571151
2017-10-05,EFA,-0.0007304429,0.040223945,0.04095439,test,0.04835256
2017-10-05,IWM,-0.0013983396,0.0056463047,0.007044644,test,0.040683355
2017-10-05,SPY,-0.0011391954,0.052559275,0.05369847,test,0.08438037
2017-10-05,TLT,-0.0028284444,0.001212345,0.0040407893,test,0.008819545
2017-10-06,EFA,0.00029218377,0.031826273,0.03153409,test,0.040223945
2017-10-06,IWM,-0.0041403463,0.00064182794,0.0047821742,test,0.0056463047
2017-10-06,SPY,-0.0016526193,0.062390734,0.06404335,test,0.052559275
2017-10-06,TLT,0.003150826,0.015631517,0.012480691,test,0.001212345
2017-10-09,EFA,0.009451146,0.026415937,0.01696479,test,0.031826273
2017-10-09,IWM,0.0028732363,0.044028223,0.041154988,test,0.00064182794
2017-10-09,SPY,0.0026348557,0.066340774,0.06370592,test,0.062390734
2017-10-09,TLT,0.001612061,0.07431973,0.07270767,test,0.015631517
2017-10-10,EFA,0.002457104,-0.14418948,0.14664657,test,0.026415937
2017-10-10,IWM,-0.0007346758,0.006081996,0.0068166717,test,0.044028223
2017-10-10,SPY,0.0015697784,0.021344222,0.019774444,test,0.066340774
2017-10-10,TLT,0.0019306304,-0.02123407,0.0231647,test,0.07431973
2017-10-11,EFA,-0.00086663663,0.037646443,0.03851308,test,-0.14418948
2017-10-11,IWM,-0.00073431013,0.10251777,0.103252076,test,0.006081996
2017-10-11,SPY,-0.0014912959,0.034296263,0.03578756,test,0.021344222
2017-10-11,TLT,0.0042508673,0.03387976,0.029628893,test,-0.02123407
2017-10-12,EFA,0.005188166,0.033327136,0.02813897,test,0.037646443
2017-10-12,IWM,-0.0018059245,0.09072553,0.09253146,test,0.10251777
2017-10-12,SPY,0.0012167846,0.017402872,0.016186088,test,0.034296263
2017-10-12,TLT,0.0071767895,-0.021841114,0.029017903,test,0.03387976
2017-10-13,EFA,-0.0007190652,0.065746486,0.06646555,test,0.033327136
2017-10-13,IWM,-0.0008705828,0.11579664,0.116667226,test,0.09072553
2017-10-13,SPY,0.0013325962,0.036055174,0.034722578,test,0.017402872
2017-10-13,TLT,-0.0007150664,-0.0024901428,0.0017750764,test,-0.021841114
2017-10-16,EFA,-0.002592301,0.045222092,0.04781439,test,0.065746486
2017-10-16,IWM,-0.0028857584,0.10467815,0.107563905,test,0.11579664
2017-10-16,SPY,0.0007048138,0.045847386,0.045142572,test,0.036055174
2017-10-16,TLT,0.0012711823,-0.015426906,0.016698088,test,-0.0024901428
2017-10-17,EFA,0.0028802576,0.053005617,0.05012536,test,0.045222092
2017-10-17,IWM,0.0047599976,0.12395314,0.119193144,test,0.10467815
2017-10-17,SPY,0.000978349,0.03388268,0.03290433,test,0.045847386
2017-10-17,TLT,-0.0066131325,-0.0020434805,0.004569652,test,-0.015426906
2017-10-18,EFA,-0.0015831256,0.067495674,0.0690788,test,0.053005617
2017-10-18,IWM,-0.0015395106,0.06316907,0.06470858,test,0.12395314
2017-10-18,SPY,0.00027348095,0.040608108,0.040334627,test,0.03388268
2017-10-18,TLT,0.0017573115,0.025568958,0.023811648,test,-0.0020434805
2017-10-19,EFA,-0.001297132,0.037398037,0.038695168,test,0.067495674
2017-10-19,IWM,0.0046108747,0.112052046,0.10744117,test,0.06316907
2017-10-19,SPY,0.005147374,0.04770645,0.042559076,test,0.040608108
2017-10-19,TLT,-0.010670643,0.0036831866,0.01435383,test,0.025568958
2017-10-20,EFA,-0.0021655618,0.03433691,0.036502473,test,0.037398037
2017-10-20,IWM,-0.00749578,0.02299862,0.0304944,test,0.112052046
2017-10-20,SPY,-0.003897041,0.09979191,0.10368895,test,0.04770645
2017-10-20,TLT,0.0017730311,-0.044691723,0.046464752,test,0.0036831866
2017-10-23,EFA,0.0015884709,0.023159524,0.021571053,test,0.03433691
2017-10-23,IWM,0.002080528,0.059977133,0.057896607,test,0.02299862
2017-10-23,SPY,0.0017554702,0.0920266,0.09027113,test,0.09979191
2017-10-23,TLT,-0.0062189423,0.0027779466,0.008996889,test,-0.044691723
2017-10-24,EFA,-0.0039035652,0.04841716,0.052320722,test,0.023159524
2017-10-24,IWM,-0.004838414,0.029213263,0.034051675,test,0.059977133
2017-10-24,SPY,-0.0049624466,0.075147934,0.08011038,test,0.0920266
2017-10-24,TLT,-0.004791662,-0.039047208,0.034255546,test,0.0027779466
2017-10-25,EFA,-0.00014499603,0.024522921,0.024667917,test,0.04841716
2017-10-25,IWM,0.0020862678,-0.0341039,0.036190167,test,0.029213263
2017-10-25,SPY,0.0012918022,0.07724065,0.07594885,test,0.075147934
2017-10-25,TLT,-0.003343069,-0.017101396,0.013758327,test,-0.039047208
2017-10-26,EFA,0.0023155005,0.046117097,0.0438016,test,0.024522921
2017-10-26,IWM,0.006900148,0.057108916,0.05020877,test,-0.0341039
2017-10-26,SPY,0.008142956,0.058982436,0.05083948,test,0.07724065
2017-10-26,TLT,0.006594367,-0.011301402,0.01789577,test,-0.017101396
2017-10-27,EFA,0.0023101515,0.052392855,0.050082702,test,0.046117097
2017-10-27,IWM,-0.01060436,-0.020061238,0.009456878,test,0.057108916
2017-10-27,SPY,-0.0037319988,0.03885941,0.042591408,test,0.058982436
2017-10-27,TLT,0.009528967,0.032020558,0.022491591,test,-0.011301402
2017-10-30,EFA,0.004173591,0.06768941,0.06351582,test,0.052392855
2017-10-30,IWM,0.0070597306,0.04012747,0.03306774,test,-0.020061238
2017-10-30,SPY,0.0015566981,0.081950895,0.0803942,test,0.03885941
2017-10-30,TLT,0.00032160347,0.040937763,0.04061616,test,0.032020558
2017-10-31,EFA,0.001004802,0.06645105,0.06544625,test,0.06768941
2017-10-31,IWM,-0.0066547985,0.050680537,0.057335336,test,0.04012747
2017-10-31,SPY,0.0013211356,0.0211227,0.019801565,test,0.081950895
2017-10-31,TLT,0.0044425395,0.036894437,0.032451898,test,0.040937763
2017-11-01,EFA,0.0030085028,0.08486327,0.08185477,test,0.06645105
2017-11-01,IWM,0.0029634736,-0.03457839,0.037541863,test,0.050680537
2017-11-01,SPY,0.0003883167,0.026690865,0.026302548,test,0.0211227
2017-11-01,TLT,0.0043992247,0.0030226926,0.001376532,test,0.036894437
2017-11-02,EFA,-0.0015745994,0.0669841,0.0685587,test,0.08486327
2017-11-02,IWM,-0.00067263714,0.052317027,0.052989665,test,-0.03457839
2017-11-02,SPY,0.0033333136,0.010988934,0.0076556206,test,0.026690865
2017-11-02,TLT,0.0027099883,-0.027432056,0.030142045,test,0.0030226926
2017-11-03,EFA,0.0014312179,0.045421626,0.043990407,test,0.0669841
2017-11-03,IWM,0.0011431685,0.029117635,0.027974466,test,0.052317027
2017-11-03,SPY,0.0015463993,0.042262193,0.040715795,test,0.010988934
2017-11-03,TLT,0.003733684,-0.00017274404,0.003906428,test,-0.027432056
2017-11-06,EFA,-0.003726409,0.03102581,0.03475222,test,0.045421626
2017-11-06,IWM,-0.012036274,0.051749226,0.0637855,test,0.029117635
2017-11-06,SPY,-0.0006956745,0.033809636,0.03450531,test,0.042262193
2017-11-06,TLT,0.004193691,-0.03971603,0.04390972,test,-0.00017274404
2017-11-07,EFA,0.0032972656,0.025455076,0.02215781,test,0.03102581
2017-11-07,IWM,0.0013595416,0.002402389,0.0010428474,test,0.051749226
2017-11-07,SPY,0.0016994828,0.00784176,0.0061422773,test,0.033809636
2017-11-07,TLT,-0.0022132343,-0.02979684,0.027583607,test,-0.03971603
2017-11-08,EFA,-0.0057413694,0.028306482,0.034047853,test,0.025455076
2017-11-08,IWM,-0.0035387292,0.06453652,0.06807525,test,0.002402389
2017-11-08,SPY,-0.0036343879,0.017380854,0.021015242,test,0.00784176
2017-11-08,TLT,-0.0028529128,-0.05988058,0.057027668,test,-0.02979684
2017-11-09,EFA,-0.0027386209,-0.011803726,0.009065105,test,0.028306482
2017-11-09,IWM,-0.0007506093,0.03634725,0.03709786,test,0.06453652
2017-11-09,SPY,-0.00030980865,0.039431244,0.039741054,test,0.017380854
2017-11-09,TLT,-0.015194375,-0.0023794142,0.012814961,test,-0.05988058
2017-11-10,EFA,-0.0041947197,0.00955216,0.01374688,test,-0.011803726
2017-11-10,IWM,0.00027322414,0.07300768,0.07273445,test,0.03634725
2017-11-10,SPY,0.0009293399,0.054748897,0.053819556,test,0.039431244
2017-11-10,TLT,0.0020928646,-0.014575725,0.01666859,test,-0.0023794142
2017-11-13,EFA,-0.0007247563,-0.005122919,0.004398163,test,0.00955216
2017-11-13,IWM,-0.0027321302,0.04270828,0.045440413,test,0.07300768
2017-11-13,SPY,-0.0023251397,0.02338714,0.02571228,test,0.054748897
2017-11-13,TLT,0.0067319423,0.007010003,0.0002780608,test,-0.014575725
2017-11-14,EFA,-0.0047986293,0.018363416,0.023162045,test,-0.005122919
2017-11-14,IWM,-0.0039747204,0.069673,0.07364772,test,0.04270828
2017-11-14,SPY,-0.0050178566,-0.0016866284,0.0033312282,test,0.02338714
2017-11-14,TLT,0.010804057,0.040906884,0.030102827,test,0.007010003
2017-11-15,EFA,0.007984402,-0.0093010515,0.017285453,test,0.018363416
2017-11-15,IWM,0.014587732,0.06590509,0.051317357,test,0.069673
2017-11-15,SPY,0.008465075,0.013844509,0.0053794337,test,-0.0016866284
2017-11-15,TLT,-0.008729408,0.016511157,0.025240565,test,0.040906884
2017-11-16,EFA,-0.0036212495,0.010040402,0.013661652,test,-0.0093010515
2017-11-16,IWM,0.0045909737,0.03539815,0.030807178,test,0.06590509
2017-11-16,SPY,-0.002943007,0.012640551,0.015583558,test,0.013844509
2017-11-16,TLT,0.007385067,-0.009501042,0.01688611,test,0.016511157
2017-11-17,EFA,0.0021742804,-0.0006325678,0.0028068481,test,0.010040402
2017-11-17,IWM,0.007249493,0.0507828,0.043533307,test,0.03539815
2017-11-17,SPY,0.0017050186,0.022303103,0.020598084,test,0.012640551
2017-11-17,TLT,-0.00039527233,0.000110392924,0.00050566526,test,-0.009501042
2017-11-20,EFA,0.0075015784,0.032291707,0.024790129,test,-0.0006325678
2017-11-20,IWM,0.01037825,0.06358823,0.053209983,test,0.0507828
2017-11-20,SPY,0.0065212925,0.048523758,0.042002466,test,0.022303103
2017-11-20,TLT,0.0031606993,-0.033213325,0.036374025,test,0.000110392924
2017-11-21,EFA,0.002726618,0.014004527,0.011277908,test,0.032291707
2017-11-21,IWM,-0.0013246275,0.019402271,0.020726899,test,0.06358823
2017-11-21,SPY,-0.00088473567,0.01849321,0.019377947,test,0.048523758
2017-11-21,TLT,0.0032294162,-0.0005601016,0.0037895178,test,-0.033213325
2017-11-22,EFA,0.008136646,0.035662297,0.027525652,test,0.014004527
2017-11-22,IWM,0.00039762864,0.047946822,0.04754919,test,0.019402271
2017-11-22,SPY,0.0023067894,0.057116736,0.054809947,test,0.01849321
2017-11-22,TLT,-0.0027560426,0.0038060336,0.0065620765,test,-0.0005601016
2017-11-24,EFA,-0.0059887855,0.007401475,0.013390261,test,0.035662297
2017-11-24,IWM,-0.0030515965,0.06885269,0.07190429,test,0.047946822
2017-11-24,SPY,-0.000499235,0.028494759,0.028993994,test,0.057116736
2017-11-24,TLT,-0.001420109,-0.00869008,0.0072699706,test,0.0038060336
2017-11-27,EFA,0.0057045235,-0.0001056646,0.005810188,test,0.007401475
2017-11-27,IWM,0.015625337,-0.009993138,0.025618475,test,0.06885269
2017-11-27,SPY,0.010093542,0.014227085,0.004133543,test,0.028494759
2017-11-27,TLT,0.0013413682,0.027138714,0.025797345,test,-0.00869008
2017-11-28,EFA,-0.003989368,-0.01300288,0.009013511,test,-0.0001056646
2017-11-28,IWM,0.0033307308,-0.05376516,0.05709589,test,-0.009993138
2017-11-28,SPY,-0.000608762,-0.0060835616,0.0054747993,test,0.014227085
2017-11-28,TLT,-0.009908163,-0.0075116125,0.0023965505,test,0.027138714
2017-11-29,EFA,0.0009985024,-0.022801412,0.023799915,test,-0.01300288
2017-11-29,IWM,0.0018241464,-0.049357057,0.051181205,test,-0.05376516
2017-11-29,SPY,0.008717019,0.0071761985,0.0015408206,test,-0.0060835616
2017-11-29,TLT,-0.0033505375,-0.009973981,0.006623444,test,-0.0075116125
2017-11-30,EFA,-0.0040017636,-0.03443419,0.030432425,test,-0.022801412
2017-11-30,IWM,-0.0041086865,-0.010834301,0.0067256144,test,-0.049357057
2017-11-30,SPY,-0.0020774666,-0.018141584,0.016064119,test,0.0071761985
2017-11-30,TLT,0.013403877,0.024007335,0.010603459,test,-0.009973981
2017-12-01,EFA,-0.003586372,-0.02306465,0.019478278,test,-0.03443419
2017-12-01,IWM,-0.0037318107,-0.083461754,0.079729944,test,-0.010834301
2017-12-01,SPY,-0.0012109624,-0.004600438,0.0033894754,test,-0.018141584
2017-12-01,TLT,0.00047471173,-0.01578776,0.016262472,test,0.024007335
2017-12-04,EFA,-0.0021581547,-0.005550085,0.0033919304,test,-0.02306465
2017-12-04,IWM,-0.010020458,0.004097992,0.01411845,test,-0.083461754
2017-12-04,SPY,-0.0036030847,-0.012771996,0.009168911,test,-0.004600438
2017-12-04,TLT,0.004962835,0.01221885,0.0072560147,test,-0.01578776
2017-12-05,EFA,-0.0020185122,0.010598691,0.012617203,test,-0.005550085
2017-12-05,IWM,-0.004715762,-0.02012696,0.015411197,test,0.004097992
2017-12-05,SPY,0.00019020325,0.0061841565,0.0059939534,test,-0.012771996
2017-12-05,TLT,0.0034520132,0.030433131,0.026981119,test,0.01221885
2017-12-06,EFA,0.0025943816,0.040824402,0.03823002,test,0.010598691
2017-12-06,IWM,0.0069655976,0.035811123,0.028845524,test,-0.02012696
2017-12-06,SPY,0.003148047,0.004753155,0.0016051081,test,0.0061841565
2017-12-06,TLT,-0.007862617,0.002400735,0.010263352,test,0.030433131
2017-12-07,EFA,0.0053119715,0.025074678,0.019762706,test,0.040824402
2017-12-07,IWM,0.0009253746,-0.05152854,0.052453913,test,0.035811123
2017-12-07,SPY,0.005438209,-0.031441864,0.036880072,test,0.004753155
2017-12-07,TLT,7.8496894e-05,0.0150504615,0.014971965,test,0.002400735
2017-12-08,EFA,0.002573766,0.07484346,0.07226969,test,0.025074678
2017-12-08,IWM,-0.00039630837,0.023749752,0.02414606,test,-0.05152854
2017-12-08,SPY,0.0030084897,-0.021194438,0.024202928,test,-0.031441864
2017-12-08,TLT,-0.0020542478,0.047903914,0.049958162,test,0.0150504615
2017-12-11,EFA,0.0012846834,0.07245272,0.071168035,test,0.07484346
2017-12-11,IWM,-0.0031104416,0.021203391,0.024313834,test,0.023749752
2017-12-11,SPY,0.0017633316,-0.020176316,0.021939646,test,-0.021194438
2017-12-11,TLT,-0.00039510208,0.0043492704,0.0047443723,test,0.047903914
2017-12-12,EFA,0.003843619,0.0708318,0.06698818,test,0.07245272
2017-12-12,IWM,0.0059471685,0.09369507,0.0877479,test,0.021203391
2017-12-12,SPY,-0.00011236875,0.032845296,0.032957666,test,-0.020176316
2017-12-12,TLT,0.0074886754,-0.02914473,0.036633406,test,0.0043492704
2017-12-13,EFA,-0.00555671,0.06309342,0.06865013,test,0.0708318
2017-12-13,IWM,-0.011130335,0.082437456,0.09356779,test,0.09369507
2017-12-13,SPY,-0.0040947855,0.01546252,0.019557305,test,0.032845296
2017-12-13,TLT,0.0042321607,0.034479614,0.030247454,test,-0.02914473
2017-12-14,EFA,-0.00028582412,0.015399409,0.015685234,test,0.06309342
2017-12-14,IWM,0.014156815,0.089367636,0.075210825,test,0.082437456
2017-12-14,SPY,0.008292892,0.06467283,0.056379937,test,0.01546252
2017-12-14,TLT,0.0037465687,0.04487696,0.04113039,test,0.034479614
2017-12-15,EFA,0.011792572,0.029104615,0.017312042,test,0.015399409
2017-12-15,IWM,0.013440295,0.030037856,0.016597562,test,0.089367636
2017-12-15,SPY,0.0063213506,-0.013343403,0.019664753,test,0.06467283
2017-12-15,TLT,-0.0091571,0.038178477,0.047335576,test,0.04487696
2017-12-18,EFA,-0.003674983,-0.014739661,0.0110646775,test,0.029104615
2017-12-18,IWM,-0.007938151,0.04310703,0.05104518,test,0.030037856
2017-12-18,SPY,-0.0038480512,0.014373241,0.018221293,test,-0.013343403
2017-12-18,TLT,-0.0130589185,0.00897773,0.02203665,test,0.038178477
2017-12-19,EFA,-0.0017209733,-0.017771369,0.016050395,test,-0.014739661
2017-12-19,IWM,0.0019580612,-0.017998204,0.019956265,test,0.04310703
2017-12-19,SPY,-0.00052404404,-0.024150187,0.023626143,test,0.014373241
2017-12-19,TLT,-0.011134682,-0.022274721,0.011140039,test,0.00897773
2017-12-20,EFA,0.0035814515,-0.02105589,0.024637341,test,-0.017771369
2017-12-20,IWM,0.004368437,0.028438551,0.024070114,test,-0.017998204
2017-12-20,SPY,0.0020575726,-0.023136599,0.025194172,test,-0.024150187
2017-12-20,TLT,0.0058114026,-0.038706627,0.04451803,test,-0.022274721
2017-12-21,EFA,0.0025706869,0.005134759,0.0025640721,test,-0.02105589
2017-12-21,IWM,-0.0018263289,0.05854841,0.060374737,test,0.028438551
2017-12-21,SPY,-0.0002613923,-0.0011775983,0.0009162059,test,-0.023136599
2017-12-21,TLT,0.0013633716,0.012251092,0.010887721,test,-0.038706627
2017-12-22,EFA,-0.00028525182,0.011167204,0.011452456,test,0.005134759
2017-12-22,IWM,0.0005874178,0.018264616,0.017677197,test,0.05854841
2017-12-22,SPY,-0.0011972676,0.011896342,0.013093609,test,-0.0011775983
2017-12-22,TLT,0.002960942,0.01248879,0.009527848,test,0.012251092
2017-12-26,EFA,0.0018531339,0.036398873,0.03454574,test,0.011167204
2017-12-26,IWM,-0.0009791846,-0.0063188365,0.005339652,test,0.018264616
2017-12-26,SPY,0.00048667198,-0.004442333,0.0049290047,test,0.011896342
2017-12-26,TLT,0.012941505,0.008596197,0.004345308,test,0.01248879
2017-12-27,EFA,0.00056929735,0.07291829,0.07234899,test,0.036398873
2017-12-27,IWM,0.0039109993,-0.002658174,0.006569173,test,-0.0063188365
2017-12-27,SPY,0.0020553425,0.015091136,0.013035794,test,-0.004442333
2017-12-27,TLT,-0.00086824916,0.004368504,0.0052367533,test,0.008596197
