date,ticker,y_true,y_pred,abs_error,dataset_part,signal_for_trade
2021-07-01,EFA,0.0034089717,0.06468938,0.06128041,train,
2021-07-01,IWM,-0.009553304,-0.036973946,0.027420642,train,
2021-07-01,SPY,0.0076144603,0.013282498,0.005668038,train,
2021-07-01,TLT,0.006016901,0.017037736,0.0110208355,train,
2021-07-02,EFA,-0.006575595,0.069172375,0.07574797,train,0.06468938
2021-07-02,IWM,-0.014635811,-0.01769982,0.0030640103,train,-0.036973946
2021-07-02,SPY,-0.00182303,0.0010160524,0.0028390824,train,0.013282498
2021-07-02,TLT,0.011653037,0.011655411,2.3739412e-06,train,0.017037736
2021-07-06,EFA,0.005440488,-0.014398156,0.019838644,train,0.069172375
2021-07-06,IWM,-0.009341477,-0.00017928891,0.0091621885,train,-0.01769982
2021-07-06,SPY,0.0035276962,-0.0026178975,0.0061455937,train,0.0010160524
2021-07-06,TLT,0.008820001,0.020560684,0.011740683,train,0.011655411
2021-07-07,EFA,-0.012953988,0.045748733,0.058702722,train,-0.014398156
2021-07-07,IWM,-0.009248942,0.0033252444,0.012574187,train,-0.00017928891
2021-07-07,SPY,-0.008181263,0.0052546915,0.013435954,train,-0.0026178975
2021-07-07,TLT,0.003909924,0.006020611,0.002110687,train,0.020560684
2021-07-08,EFA,0.016858144,0.023754636,0.006896492,train,0.045748733
2021-07-08,IWM,0.020890037,0.012076814,0.008813223,train,0.0033252444
2021-07-08,SPY,0.010618173,-0.01331724,0.023935413,train,0.0052546915
2021-07-08,TLT,-0.014162616,0.00017893128,0.014341547,train,0.006020611
2021-07-09,EFA,0.0042644734,-0.001724666,0.0059891394,train,0.023754636
2021-07-09,IWM,0.0008387889,-0.024205672,0.02504446,train,0.012076814
2021-07-09,SPY,0.0035756421,-0.029889187,0.03346483,train,-0.01331724
2021-07-09,TLT,-0.0012973628,0.00010263361,0.0013999965,train,0.00017893128
2021-07-12,EFA,-0.0052702217,0.03363906,0.03890928,train,-0.001724666
2021-07-12,IWM,-0.019026099,-0.00074071996,0.018285379,train,-0.024205672
2021-07-12,SPY,-0.0034150179,-0.005063938,0.0016489201,train,-0.029889187
2021-07-12,TLT,-0.0076825693,0.025701487,0.033384055,train,0.00010263361
2021-07-13,EFA,0.0022620368,0.024107758,0.02184572,train,0.03363906
2021-07-13,IWM,-0.015549826,0.016159782,0.031709608,train,-0.00074071996
2021-07-13,SPY,0.0014912897,0.013536317,0.012045028,train,-0.005063938
2021-07-13,TLT,0.011297659,0.08134053,0.07004287,train,0.025701487
2021-07-14,EFA,-0.009586432,0.013468024,0.023054456,train,0.024107758
2021-07-14,IWM,-0.005681508,0.009018384,0.014699892,train,0.016159782
2021-07-14,SPY,-0.0034214556,0.021796484,0.02521794,train,0.013536317
2021-07-14,TLT,0.01096998,0.014048805,0.0030788258,train,0.08134053
2021-07-15,EFA,-0.007378214,0.059666105,0.06704432,train,0.013468024
2021-07-15,IWM,-0.012391056,0.016159978,0.028551035,train,0.009018384
2021-07-15,SPY,-0.007874617,0.0130715165,0.020946134,train,0.021796484
2021-07-15,TLT,-0.0018875711,0.0021144804,0.0040020514,train,0.014048805
2021-07-16,EFA,-0.01829735,0.0489828,0.06728015,train,0.059666105
2021-07-16,IWM,-0.015093586,-0.036540218,0.02144663,train,0.016159978
2021-07-16,SPY,-0.01487797,0.013754953,0.028632924,train,0.0130715165
2021-07-16,TLT,0.021691384,-0.001886202,0.023577586,train,0.0021144804
2021-07-19,EFA,0.0072558853,-0.0110790115,0.018334897,train,0.0489828
2021-07-19,IWM,0.030558435,-0.025541486,0.05609992,train,-0.036540218
2021-07-19,SPY,0.014228683,-0.08637001,0.10059869,train,0.013754953
2021-07-19,TLT,-0.009686128,-0.012307791,0.0026216628,train,-0.001886202
2021-07-20,EFA,0.015118783,0.004929345,0.010189438,train,-0.0110790115
2021-07-20,IWM,0.017077342,0.003959827,0.013117515,train,-0.025541486
2021-07-20,SPY,0.008063596,-0.06791941,0.075983,train,-0.08637001
2021-07-20,TLT,-0.012747678,0.030722601,0.04347028,train,-0.012307791
2021-07-21,EFA,0.00038137322,-0.042382725,0.042764097,train,0.004929345
2021-07-21,IWM,-0.016024353,0.0032267012,0.019251054,train,0.003959827
2021-07-21,SPY,0.0020920243,-0.025648108,0.027740132,train,-0.06791941
2021-07-21,TLT,0.009408602,-0.039471,0.0488796,train,0.030722601
2021-07-22,EFA,0.0069671506,0.037671424,0.030704275,train,-0.042382725
2021-07-22,IWM,0.004656725,0.011607193,0.0069504683,train,0.0032267012
2021-07-22,SPY,0.010235371,-0.0057656746,0.016001046,train,-0.025648108
2021-07-22,TLT,-0.0067113675,-0.0038088616,0.002902506,train,-0.039471
2021-07-23,EFA,0.0013873581,0.017280407,0.01589305,train,0.037671424
2021-07-23,IWM,0.0029107989,0.009372095,0.0064612958,train,0.011607193
2021-07-23,SPY,0.002451958,-0.019913869,0.022365827,train,-0.0057656746
2021-07-23,TLT,-0.0029675507,-0.03287112,0.029903568,train,-0.0038088616
2021-07-26,EFA,-0.004041783,0.019651823,0.023693606,train,0.017280407
2021-07-26,IWM,-0.011740303,-0.014135271,0.0023949686,train,0.009372095
2021-07-26,SPY,-0.0045678597,-0.017886924,0.013319064,train,-0.019913869
2021-07-26,TLT,0.010615065,-0.01647581,0.027090874,train,-0.03287112
2021-07-27,EFA,0.0042939843,0.020100746,0.015806763,train,0.019651823
2021-07-27,IWM,0.014597616,0.021728575,0.007130959,train,-0.014135271
2021-07-27,SPY,-0.0004101735,0.03255172,0.032961894,train,-0.017886924
2021-07-27,TLT,6.660433e-05,-0.0064287838,0.006495388,train,-0.01647581
2021-07-28,EFA,0.006907429,0.026429616,0.019522186,train,0.020100746
2021-07-28,IWM,0.007669002,0.0039972486,0.0036717532,train,0.021728575
2021-07-28,SPY,0.0041387044,0.0008045193,0.003334185,train,0.03255172
2021-07-28,TLT,-0.0055615813,0.003795879,0.00935746,train,-0.0064287838
2021-07-29,EFA,-0.0051445724,0.023505544,0.028650116,train,0.026429616
2021-07-29,IWM,-0.0066282423,-0.012251919,0.005623677,train,0.0039972486
2021-07-29,SPY,-0.004868301,0.01835055,0.023218852,train,0.0008045193
2021-07-29,TLT,0.004692696,-0.01890113,0.023593826,train,0.003795879
2021-07-30,EFA,0.0050193476,-0.020460742,0.02548009,train,0.023505544
2021-07-30,IWM,-0.0049886303,0.04590755,0.05089618,train,-0.012251919
2021-07-30,SPY,-0.0021000963,0.021659223,0.02375932,train,0.01835055
2021-07-30,TLT,0.008879721,-0.00061545335,0.0094951745,train,-0.01890113
2021-08-02,EFA,0.0071095126,0.008467831,0.0013583181,train,-0.020460742
2021-08-02,IWM,0.0041288864,-0.004810227,0.0089391135,train,0.04590755
2021-08-02,SPY,0.008102414,0.03594695,0.027844537,train,0.021659223
2021-08-02,TLT,0.0005310248,0.012402585,0.01187156,train,-0.00061545335
2021-08-03,EFA,-0.0029873264,-0.027024517,0.02403719,train,0.008467831
2021-08-03,IWM,-0.012529571,0.010433065,0.022962635,train,-0.004810227
2021-08-03,SPY,-0.0049309847,0.027160274,0.03209126,train,0.03594695
2021-08-03,TLT,0.0020542073,0.0066309962,0.004576789,train,0.012402585
2021-08-04,EFA,0.004849897,-0.01588515,0.020735048,train,-0.027024517
2021-08-04,IWM,0.017813118,0.016657695,0.001155423,train,0.010433065
2021-08-04,SPY,0.0063128434,0.056616873,0.05030403,train,0.027160274
2021-08-04,TLT,-0.0051100957,0.0056784768,0.010788573,train,0.0066309962
2021-08-05,EFA,-0.0037286177,0.011129704,0.014858322,train,-0.01588515
2021-08-05,IWM,0.006106512,0.0026154239,0.0034910883,train,0.016657695
2021-08-05,SPY,0.0016511335,0.04322704,0.041575905,train,0.056616873
2021-08-05,TLT,-0.016842006,0.036385894,0.0532279,train,0.0056784768
2021-08-06,EFA,-0.00049821567,-0.020951753,0.020453539,train,0.011129704
2021-08-06,IWM,-0.005521389,0.051425137,0.056946527,train,0.0026154239
2021-08-06,SPY,-0.0008139129,0.01369207,0.014505982,train,0.04322704
2021-08-06,TLT,-0.003593062,0.014099373,0.017692436,train,0.036385894
2021-08-09,EFA,0.0022400185,0.002279034,3.901543e-05,train,-0.020951753
2021-08-09,IWM,0.0019786954,0.0060678422,0.004089147,train,0.051425137
2021-08-09,SPY,0.0012429991,0.026639057,0.025396058,train,0.01369207
2021-08-09,TLT,-0.004628592,0.036651872,0.041280463,train,0.014099373
2021-08-10,EFA,0.006813087,0.022361644,0.015548557,train,0.002279034
2021-08-10,IWM,0.004884783,0.050096758,0.045211975,train,0.0060678422
2021-08-10,SPY,0.0024820315,0.03122538,0.028743349,train,0.026639057
2021-08-10,TLT,-0.0006150432,-0.0013335701,0.0007185269,train,0.036651872
2021-08-11,EFA,-0.0008644459,0.01805045,0.018914897,train,0.022361644
2021-08-11,IWM,-0.0023722316,0.012788672,0.015160903,train,0.050096758
2021-08-11,SPY,0.002992351,0.024966385,0.021974035,train,0.03122538
2021-08-11,TLT,-0.001639572,-0.013886299,0.012246727,train,-0.0013335701
2021-08-12,EFA,0.006036351,0.0056410786,0.0003952724,train,0.01805045
2021-08-12,IWM,-0.009138185,-0.017661443,0.008523258,train,0.012788672
2021-08-12,SPY,0.0018182031,0.052450404,0.0506322,train,0.024966385
2021-08-12,TLT,0.015672993,0.0017417576,0.013931235,train,-0.013886299
2021-08-13,EFA,-0.005171905,0.006998809,0.012170713,train,0.0056410786
2021-08-13,IWM,-0.009359311,-0.014469085,0.005109774,train,-0.017661443
2021-08-13,SPY,0.0023517567,0.059417553,0.057065796,train,0.052450404
2021-08-13,TLT,0.0024200482,0.013848295,0.011428247,train,0.0017417576
2021-08-16,EFA,-0.009426766,-0.021443425,0.012016659,train,0.006998809
2021-08-16,IWM,-0.012263068,-0.021185556,0.008922488,train,-0.014469085
2021-08-16,SPY,-0.006576758,0.029388415,0.035965174,train,0.059417553
2021-08-16,TLT,-0.00040244637,0.024682721,0.025085168,train,0.013848295
2021-08-17,EFA,-0.0038710048,-0.009504879,0.005633874,train,-0.021443425
2021-08-17,IWM,-0.008772233,-0.032802477,0.024030246,train,-0.021185556
2021-08-17,SPY,-0.011005131,0.02083298,0.03183811,train,0.029388415
2021-08-17,TLT,0.0033530144,0.010708494,0.0073554795,train,0.024682721
2021-08-18,EFA,-0.009932638,0.013181245,0.023113884,train,-0.009504879
2021-08-18,IWM,-0.012052979,0.049476087,0.061529066,train,-0.032802477
2021-08-18,SPY,0.0015470436,0.019466592,0.017919548,train,0.02083298
2021-08-18,TLT,0.007338407,0.03005206,0.022713654,train,0.010708494
2021-08-19,EFA,0.003909238,-0.011032561,0.0149417985,train,0.013181245
2021-08-19,IWM,0.016750623,-0.061800472,0.0785511,train,0.049476087
2021-08-19,SPY,0.0079256175,-0.008694651,0.016620267,train,0.019466592
2021-08-19,TLT,0.0006646481,0.0210844,0.020419752,train,0.03005206
2021-08-20,EFA,0.009271217,0.036738746,0.02746753,train,-0.011032561
2021-08-20,IWM,0.018844845,0.022851828,0.0040069837,train,-0.061800472
2021-08-20,SPY,0.008758285,-0.023693966,0.03245225,train,-0.008694651
2021-08-20,TLT,-0.0006646481,0.022721535,0.023386182,train,0.0210844
2021-08-23,EFA,0.0021174294,0.020681152,0.018563723,train,0.036738746
2021-08-23,IWM,0.009787291,-0.026590845,0.036378138,train,0.022851828
2021-08-23,SPY,0.0015858943,-0.009707769,0.011293664,train,-0.023693966
2021-08-23,TLT,-0.007807186,0.020198533,0.02800572,train,0.022721535
2021-08-24,EFA,0.00037343064,0.030832205,0.030458774,train,0.020681152
2021-08-24,IWM,0.003510793,-0.04288985,0.04640064,train,-0.026590845
2021-08-24,SPY,0.0020961266,-0.0047603007,0.0068564275,train,-0.009707769
2021-08-24,TLT,-0.008341263,-0.027835744,0.019494481,train,0.020198533
2021-08-25,EFA,-0.005238343,0.06113638,0.06637472,train,0.030832205
2021-08-25,IWM,-0.010660487,0.03492611,0.045586597,train,-0.04288985
2021-08-25,SPY,-0.005920597,0.0067187194,0.012639316,train,-0.0047603007
2021-08-25,TLT,0.0027655861,-0.0485368,0.051302385,train,-0.027835744
2021-08-26,EFA,0.009087022,0.048775174,0.03968815,train,0.06113638
2021-08-26,IWM,0.027811235,0.04707804,0.019266805,train,0.03492611
2021-08-26,SPY,0.0089012375,0.050140545,0.041239306,train,0.0067187194
2021-08-26,TLT,0.006780963,-0.0041456055,0.010926569,train,-0.0485368
2021-08-27,EFA,-0.00024776396,0.027018234,0.027265998,train,0.048775174
2021-08-27,IWM,-0.0041161124,-0.01846083,0.014344718,train,0.04707804
2021-08-27,SPY,0.004387866,-0.0033463389,0.0077342046,train,0.050140545
2021-08-27,TLT,0.0026064904,0.012828456,0.010221966,train,-0.0041456055
2021-08-30,EFA,-0.0004960392,0.07307371,0.073569745,train,0.027018234
2021-08-30,IWM,0.0019495174,-0.0040290486,0.005978566,train,-0.01846083
2021-08-30,SPY,-0.0014826849,0.008481303,0.009963988,train,-0.0033463389
2021-08-30,TLT,-0.006830675,0.017577874,0.02440855,train,0.012828456
2021-08-31,EFA,0.00901197,0.02902729,0.020015322,train,0.07307371
2021-08-31,IWM,0.0067055514,0.022360848,0.015655298,train,-0.0040290486
2021-08-31,SPY,0.0005314002,0.025314488,0.024783088,train,0.008481303
2021-08-31,TLT,0.0016737184,-0.03988996,0.04156368,train,0.017577874
2021-09-01,EFA,0.0040472527,0.014297788,0.010250535,train,0.02902729
2021-09-01,IWM,0.0069228876,0.008011827,0.0010889396,train,0.022360848
2021-09-01,SPY,0.003071835,0.02147041,0.018398575,train,0.025314488
2021-09-01,TLT,0.0043560034,0.022494568,0.018138565,train,-0.03988996
2021-09-02,EFA,0.0045185746,-0.017723227,0.022241801,train,0.014297788
2021-09-02,IWM,-0.004639227,-0.035624944,0.030985717,train,0.008011827
2021-09-02,SPY,-0.00024284208,0.014507478,0.01475032,train,0.02147041
2021-09-02,TLT,-0.009135596,0.021192273,0.03032787,train,0.022494568
2021-09-03,EFA,0.0007307407,-0.011681585,0.0124123255,train,-0.017723227
2021-09-03,IWM,-0.006910903,-0.024546018,0.017635114,train,-0.035624944
2021-09-03,SPY,-0.0035817374,0.039490823,0.04307256,train,0.014507478
2021-09-03,TLT,-0.008471887,-0.038412705,0.029940818,train,0.021192273
2021-09-07,EFA,-0.007945735,-0.021287194,0.0133414585,train,-0.011681585
2021-09-07,IWM,-0.010970447,0.016568651,0.027539099,train,-0.024546018
2021-09-07,SPY,-0.0012190983,0.047942296,0.049161393,train,0.039490823
2021-09-07,TLT,0.006782989,-0.046886146,0.053669136,train,-0.038412705
2021-09-08,EFA,-0.0017198736,-0.004767431,0.0030475573,train,-0.021287194
2021-09-08,IWM,-0.0004912839,0.008151129,0.008642413,train,0.016568651
2021-09-08,SPY,-0.0042894734,0.008355716,0.01264519,train,0.047942296
2021-09-08,TLT,0.012028,0.017045839,0.0050178384,train,-0.046886146
2021-09-09,EFA,-0.0022152655,-0.019707942,0.017492676,train,-0.004767431
2021-09-09,IWM,-0.0098334355,-0.0096566435,0.00017679203,train,0.008151129
2021-09-09,SPY,-0.007915704,0.014416439,0.022332143,train,0.008355716
2021-09-09,TLT,-0.008855699,0.003780568,0.012636267,train,0.017045839
2021-09-10,EFA,0.007854639,-0.024391806,0.032246444,train,-0.019707942
2021-09-10,IWM,0.005669552,0.0023928583,0.0032766936,train,-0.0096566435
2021-09-10,SPY,0.0025559862,-0.046369657,0.048925642,train,0.014416439
2021-09-10,TLT,0.0060457373,-0.0121918,0.018237539,train,0.003780568
2021-09-13,EFA,-0.0041649994,0.005843265,0.010008264,train,-0.024391806
2021-09-13,IWM,-0.012824355,-0.01966445,0.006840095,train,0.0023928583
2021-09-13,SPY,-0.0054112673,0.012505988,0.017917255,train,-0.046369657
2021-09-13,TLT,0.012050948,0.030596113,0.018545166,train,-0.0121918
2021-09-14,EFA,0.0029419195,-0.009199409,0.012141328,train,0.005843265
2021-09-14,IWM,0.009003363,0.0044177026,0.00458566,train,-0.01966445
2021-09-14,SPY,0.008317953,-0.0050911587,0.013409112,train,0.012505988
2021-09-14,TLT,-0.0035136438,0.0141521,0.017665744,train,0.030596113
2021-09-15,EFA,-0.0015924698,0.0151869515,0.01677942,train,-0.009199409
2021-09-15,IWM,0.00072028744,-0.008523157,0.009243445,train,0.0044177026
2021-09-15,SPY,-0.0015865038,-0.012176676,0.010590171,train,-0.0050911587
2021-09-15,TLT,-0.004593154,0.025134766,0.02972792,train,0.0141521
2021-09-16,EFA,-0.013204448,0.00086583383,0.014070282,train,0.0151869515
2021-09-16,IWM,0.0013043409,-0.038422182,0.03972652,train,-0.008523157
2021-09-16,SPY,-0.009788819,0.0024816599,0.0122704785,train,-0.012176676
2021-09-16,TLT,-0.004814756,-0.013494795,0.008680039,train,0.025134766
2021-09-17,EFA,-0.01868263,0.01142546,0.03010809,train,0.00086583383
2021-09-17,IWM,-0.02406459,-0.04757099,0.0235064,train,-0.038422182
2021-09-17,SPY,-0.01681472,-0.03859514,0.02178042,train,0.0024816599
2021-09-17,TLT,0.012325576,-0.0032196287,0.015545204,train,-0.013494795
2021-09-20,EFA,0.0098237395,0.0069078375,0.002915902,train,0.01142546
2021-09-20,IWM,0.0015180697,0.05310098,0.05158291,train,-0.04757099
2021-09-20,SPY,-0.0009452224,0.018777994,0.019723216,train,-0.03859514
2021-09-20,TLT,-0.0008610394,-0.00549688,0.0046358407,train,-0.0032196287
2021-09-21,EFA,0.0050008516,0.0025303122,0.0024705394,train,0.0069078375
2021-09-21,IWM,0.015419254,0.01410622,0.0013130344,train,0.05310098
2021-09-21,SPY,0.009707621,-0.032079913,0.041787535,train,0.018777994
2021-09-21,TLT,0.005946384,0.039467447,0.033521064,train,-0.00549688
2021-09-22,EFA,0.010790452,0.008918181,0.0018722713,train,0.0025303122
2021-09-22,IWM,0.017545579,-0.021497311,0.03904289,train,0.01410622
2021-09-22,SPY,0.012076798,-0.011464527,0.023541324,train,-0.032079913
2021-09-22,TLT,-0.02285587,0.040809765,0.063665636,train,0.039467447
2021-09-23,EFA,-0.009419864,0.027280975,0.036700837,train,0.008918181
2021-09-23,IWM,-0.0048347283,-0.016797056,0.011962328,train,-0.021497311
2021-09-23,SPY,0.0016459202,-0.008245282,0.009891202,train,-0.011464527
2021-09-23,TLT,-0.009821238,0.017452873,0.027274111,train,0.040809765
2021-09-24,EFA,-0.00062283117,0.013328416,0.013951248,train,0.027280975
2021-09-24,IWM,0.015084104,0.01376209,0.0013220133,train,-0.016797056
2021-09-24,SPY,-0.0028649704,-0.0001215525,0.0027434179,train,-0.008245282
2021-09-24,TLT,-0.0036831105,-0.0031673964,0.00051571405,train,0.017452873
2021-09-27,EFA,-0.022048263,0.08600191,0.108050175,train,0.013328416
2021-09-27,IWM,-0.023005988,-0.07428449,0.051278498,train,0.01376209
2021-09-27,SPY,-0.020357756,0.018776724,0.03913448,train,-0.0001215525
2021-09-27,TLT,-0.015699122,-0.016753087,0.0010539647,train,-0.0031673964
2021-09-28,EFA,-0.002295502,0.072300404,0.074595906,train,0.08600191
2021-09-28,IWM,-0.002126036,0.0117764175,0.013902454,train,-0.07428449
2021-09-28,SPY,0.0016817151,-0.007882217,0.009563932,train,0.018776724
2021-09-28,TLT,0.0017330667,-0.01748787,0.019220937,train,-0.016753087
2021-09-29,EFA,-0.003966203,0.006761264,0.010727467,train,0.072300404
2021-09-29,IWM,-0.009418582,-0.024627956,0.015209374,train,0.0117764175
2021-09-29,SPY,-0.012297511,0.002654599,0.01495211,train,-0.007882217
2021-09-29,TLT,-0.00013801726,0.009976831,0.010114849,train,-0.01748787
2021-09-30,EFA,0.0024326735,0.007533593,0.00510092,train,0.006761264
2021-09-30,IWM,0.016008416,-0.0019210521,0.017929468,train,-0.024627956
2021-09-30,SPY,0.011814125,0.02306431,0.011250185,train,0.002654599
2021-09-30,TLT,0.008380353,-0.015508784,0.023889137,train,0.009976831
2021-10-01,EFA,-0.010541191,-0.011897678,0.0013564862,train,0.007533593
2021-10-01,IWM,-0.009129271,-0.015260933,0.006131662,train,-0.0019210521
2021-10-01,SPY,-0.012980024,0.033155765,0.04613579,train,0.02306431
2021-10-01,TLT,-0.0025491195,0.0076603517,0.010209471,train,-0.015508784
2021-10-04,EFA,0.0068259784,0.029755248,0.02292927,train,-0.011897678
2021-10-04,IWM,0.0034445939,-0.055035114,0.058479708,train,-0.015260933
2021-10-04,SPY,0.010351192,-0.012649588,0.02300078,train,0.033155765
2021-10-04,TLT,-0.009703286,-0.0023963396,0.0073069464,train,0.0076603517
2021-10-05,EFA,-0.006696578,-0.02036293,0.013666352,train,0.029755248
2021-10-05,IWM,-0.0052165925,-0.021096641,0.015880048,train,-0.055035114
2021-10-05,SPY,0.0041476004,0.016038144,0.011890544,train,-0.012649588
2021-10-05,TLT,0.0056254873,0.00045616738,0.00516932,train,-0.0023963396
2021-10-06,EFA,0.0077229217,-0.012606388,0.02032931,train,-0.02036293
2021-10-06,IWM,0.015300387,0.0513705,0.036070116,train,-0.021096641
2021-10-06,SPY,0.008608393,0.025212398,0.016604004,train,0.016038144
2021-10-06,TLT,-0.010512886,0.0220562,0.032569084,train,0.00045616738
2021-10-07,EFA,-0.00012806624,0.013312938,0.013441004,train,-0.012606388
2021-10-07,IWM,-0.0075532966,-0.030233836,0.02268054,train,0.0513705
2021-10-07,SPY,-0.0018254826,-0.02600721,0.024181727,train,0.025212398
2021-10-07,TLT,-0.0070230877,-0.012206342,0.0051832544,train,0.0220562
2021-10-08,EFA,-0.0032112957,-0.01238714,0.0091758445,train,0.013312938
2021-10-08,IWM,-0.005748058,0.0004125107,0.006160569,train,-0.030233836
2021-10-08,SPY,-0.0072659454,-0.024830284,0.017564338,train,-0.02600721
2021-10-08,TLT,-0.0025409393,-0.052159935,0.049618997,train,-0.012206342
2021-10-11,EFA,0.00051449175,0.018172381,0.017657889,train,-0.01238714
2021-10-11,IWM,0.005477276,-0.005243765,0.010721041,train,0.0004125107
2021-10-11,SPY,-0.002464597,-0.0306698,0.028205201,train,-0.024830284
2021-10-11,TLT,0.016955584,-0.019540315,0.0364959,train,-0.052159935
2021-10-12,EFA,0.009852442,0.014385516,0.004533074,train,0.018172381
2021-10-12,IWM,0.004728824,0.009547725,0.0048189014,train,-0.005243765
2021-10-12,SPY,0.003591142,-0.05039578,0.053986922,train,-0.0306698
2021-10-12,TLT,0.009679502,0.08102667,0.07134717,train,-0.019540315
2021-10-13,EFA,0.009882125,-0.06820358,0.078085706,train,0.014385516
2021-10-13,IWM,0.014717884,-0.0038231593,0.018541044,train,0.009547725
2021-10-13,SPY,0.016680686,-0.05007367,0.066754356,train,-0.05039578
2021-10-13,TLT,0.003708242,-0.012359412,0.016067654,train,0.08102667
2021-10-14,EFA,0.008286218,-0.05539886,0.063685074,train,-0.06820358
2021-10-14,IWM,-0.0031482913,-0.010703558,0.007555267,train,-0.0038231593
2021-10-14,SPY,0.0075870063,0.0012745038,0.0063125025,train,-0.05007367
2021-10-14,TLT,-0.0058435323,0.02992601,0.03576954,train,-0.012359412
2021-10-15,EFA,-0.004260199,-0.023987597,0.019727398,train,-0.05539886
2021-10-15,IWM,-0.00057758635,0.0568069,0.057384487,train,-0.010703558
2021-10-15,SPY,0.0029562514,-0.06392511,0.06688136,train,0.0012745038
2021-10-15,TLT,0.0046772496,0.049271084,0.044593833,train,0.02992601
2021-10-18,EFA,0.0060092923,-0.038977988,0.04498728,train,-0.023987597
2021-10-18,IWM,0.0037258775,-0.030474918,0.034200795,train,0.0568069
2021-10-18,SPY,0.0076852744,-0.07407296,0.08175823,train,-0.06392511
2021-10-18,TLT,-0.013890327,0.024471102,0.03836143,train,0.049271084
2021-10-19,EFA,0.0034883786,-0.03244505,0.035933428,train,-0.038977988
2021-10-19,IWM,0.0066191964,-0.029084725,0.03570392,train,-0.030474918
2021-10-19,SPY,0.0039199353,-0.08011738,0.08403732,train,-0.07407296
2021-10-19,TLT,-0.0067725857,0.041997902,0.048770487,train,0.024471102
2021-10-20,EFA,-0.0047376696,-0.024443483,0.019705813,train,-0.03244505
2021-10-20,IWM,0.0025474774,-0.0067992285,0.009346706,train,-0.029084725
2021-10-20,SPY,0.0026049223,-0.012592606,0.0151975285,train,-0.08011738
2021-10-20,TLT,-0.0011921615,0.008835701,0.010027863,train,0.041997902
2021-10-21,EFA,0.005980732,0.0011439789,0.004836753,train,-0.024443483
2021-10-21,IWM,-0.0023717103,-0.04428398,0.04191227,train,-0.0067992285
2021-10-21,SPY,-0.0010366391,-0.034161344,0.033124704,train,-0.012592606
2021-10-21,TLT,0.010953011,-0.012917481,0.023870492,train,0.008835701
2021-10-22,EFA,-0.0019895327,-0.0004998874,0.0014896453,train,0.0011439789
2021-10-22,IWM,0.009453347,-0.027895613,0.03734896,train,-0.04428398
2021-10-22,SPY,0.005348182,0.065024324,0.05967614,train,-0.034161344
2021-10-22,TLT,-0.0015281007,0.009875061,0.011403162,train,-0.012917481
2021-10-25,EFA,0.0019895327,-0.07936283,0.08135237,train,-0.0004998874
2021-10-25,IWM,-0.0075642606,-0.04012142,0.03255716,train,-0.027895613
2021-10-25,SPY,0.00089968997,-0.06469356,0.06559325,train,0.065024324
2021-10-25,TLT,0.008235489,0.05406619,0.0458307,train,0.009875061
2021-10-26,EFA,-0.0039830315,-0.053934492,0.04995146,train,-0.07936283
2021-10-26,IWM,-0.018561274,0.036850564,0.055411838,train,-0.04012142
2021-10-26,SPY,-0.004440021,-0.017808748,0.013368728,train,-0.06469356
2021-10-26,TLT,0.018030211,0.0002484303,0.017781781,train,0.05406619
2021-10-27,EFA,0.009680973,-0.010538125,0.020219099,train,-0.053934492
2021-10-27,IWM,0.019745488,-0.029098189,0.048843674,train,0.036850564
2021-10-27,SPY,0.009602622,-0.00046533532,0.010067957,train,-0.017808748
2021-10-27,TLT,-0.003389691,0.016285481,0.019675173,train,0.0002484303
2021-10-28,EFA,-0.005822015,-0.028996928,0.023174912,train,-0.010538125
2021-10-28,IWM,-0.000262959,0.021302551,0.02156551,train,-0.029098189
2021-10-28,SPY,0.0020271465,-0.024387741,0.026414888,train,-0.00046533532
2021-10-28,TLT,0.0030519601,0.036911666,0.033859707,train,0.016285481
2021-10-29,EFA,0.009643867,-0.047167167,0.056811035,train,-0.028996928
2021-10-29,IWM,0.025585286,-0.004712345,0.030297631,train,0.021302551
2021-10-29,SPY,0.001718646,-0.0034166966,0.0051353425,train,-0.024387741
2021-10-29,TLT,-0.0072263363,0.010910885,0.018137222,train,0.036911666
2021-11-01,EFA,-0.002093912,-0.028753137,0.026659224,train,-0.047167167
2021-11-01,IWM,0.002092163,0.031043448,0.028951284,train,-0.004712345
2021-11-01,SPY,0.0040349397,-0.0023637451,0.006398685,train,-0.0034166966
2021-11-01,TLT,0.004428595,0.035056427,0.030627832,train,0.010910885
2021-11-02,EFA,0.00810487,-0.035431176,0.043536045,train,-0.028753137
2021-11-02,IWM,0.017713705,0.019120712,0.0014070068,train,0.031043448
2021-11-02,SPY,0.00608663,-0.011778871,0.017865501,train,-0.0023637451
2021-11-02,TLT,-0.010386993,0.04369981,0.0540868,train,0.035056427
2021-11-03,EFA,-0.0006113832,0.02851636,0.029127743,train,-0.035431176
2021-11-03,IWM,-0.00037705537,0.021300161,0.021677217,train,0.019120712
2021-11-03,SPY,0.004701492,-0.036123782,0.040825274,train,-0.011778871
2021-11-03,TLT,0.010455197,0.024303785,0.013848588,train,0.04369981
2021-11-04,EFA,0.0014674872,0.011600984,0.010133497,train,0.02851636
2021-11-04,IWM,0.01357323,-0.02527148,0.038844712,train,0.021300161
2021-11-04,SPY,0.003463715,-0.02905806,0.032521773,train,-0.036123782
2021-11-04,TLT,0.014845019,0.0323854,0.017540382,train,0.024303785
2021-11-05,EFA,-0.00012227106,0.016882477,0.017004749,train,0.011600984
2021-11-05,IWM,0.003096885,-0.010025015,0.0131219,train,-0.02527148
2021-11-05,SPY,0.0008533042,-0.014258752,0.015112055,train,-0.02905806
2021-11-05,TLT,-0.0018770575,0.013007307,0.014884365,train,0.0323854
2021-11-08,EFA,-0.002202255,-0.003084248,0.000881993,train,0.016882477
2021-11-08,IWM,-0.0058299927,0.016455093,0.022285085,train,-0.010025015
2021-11-08,SPY,-0.0033107735,-0.014437186,0.011126412,train,-0.014258752
2021-11-08,TLT,0.012934161,0.026706493,0.013772331,train,0.013007307
2021-11-09,EFA,-0.012200574,0.025134286,0.03733486,train,-0.003084248
2021-11-09,IWM,-0.015883198,0.0055758227,0.02145902,train,0.016455093
2021-11-09,SPY,-0.008077483,-0.005038062,0.0030394206,train,-0.014437186
2021-11-09,TLT,-0.018451888,0.04389333,0.062345218,train,0.026706493
2021-11-10,EFA,0.0035892185,-0.04708068,0.0506699,train,0.025134286
2021-11-10,IWM,0.008014913,-0.017519282,0.025534194,train,0.0055758227
2021-11-10,SPY,0.0003234113,0.0009640604,0.0006406491,train,-0.005038062
2021-11-10,TLT,-0.0014858891,0.014976909,0.0164628,train,0.04389333
2021-11-11,EFA,0.005421314,0.031670738,0.026249424,train,-0.04708068
2021-11-11,IWM,0.0010024533,0.012104932,0.011102479,train,-0.017519282
2021-11-11,SPY,0.007518524,0.01786057,0.010342047,train,0.0009640604
2021-11-11,TLT,-0.0044021416,0.036113672,0.040515814,train,0.014976909
2021-11-12,EFA,-0.0018446071,0.056334957,0.058179565,train,0.031670738
2021-11-12,IWM,-0.0039742906,0.055923246,0.059897535,train,0.012104932
2021-11-12,SPY,0.00034242656,0.012193974,0.011851547,train,0.01786057
2021-11-12,TLT,-0.012636143,0.02738708,0.040023223,train,0.036113672
2021-11-15,EFA,-0.0022183764,0.027141256,0.029359633,train,0.056334957
2021-11-15,IWM,0.0018427063,0.06377493,0.06193222,train,0.055923246
2021-11-15,SPY,0.0039499565,0.0039534215,3.4649856e-06,train,0.012193974
2021-11-15,TLT,-0.0025467107,-0.036659643,0.034112934,train,0.02738708
2021-11-16,EFA,-0.0012346215,0.01341009,0.014644711,train,0.027141256
2021-11-16,IWM,-0.013183255,0.015775336,0.02895859,train,0.06377493
2021-11-16,SPY,-0.002432167,-0.010582576,0.008150408,train,0.0039534215
2021-11-16,TLT,0.00789395,0.0025117379,0.005382212,train,-0.036659643
2021-11-17,EFA,0.0009877105,0.023869583,0.022881873,train,0.01341009
2021-11-17,IWM,-0.0042488757,0.042639196,0.046888072,train,0.015775336
2021-11-17,SPY,0.0033907394,0.0030421522,0.0003485873,train,-0.010582576
2021-11-17,TLT,0.003753329,0.005388258,0.0016349291,train,0.0025117379
2021-11-18,EFA,-0.008551926,0.005909361,0.014461287,train,0.023869583
2021-11-18,IWM,-0.0091535915,0.03399337,0.04314696,train,0.042639196
2021-11-18,SPY,-0.0017897659,-0.0051678624,0.0033780965,train,0.0030421522
2021-11-18,TLT,0.01050266,-0.004838949,0.015341609,train,0.005388258
2021-11-19,EFA,-0.0058671865,-0.021005904,0.015138717,train,0.005909361
2021-11-19,IWM,-0.0042632604,0.039438717,0.043701977,train,0.03399337
2021-11-19,SPY,-0.0028193137,0.010863207,0.013682521,train,-0.0051678624
2021-11-19,TLT,-0.01179782,0.009559274,0.021357093,train,-0.004838949
2021-11-22,EFA,-0.001002173,-0.008262044,0.007259871,train,-0.021005904
2021-11-22,IWM,-0.0017274256,0.027576433,0.02930386,train,0.039438717
2021-11-22,SPY,0.0013249762,0.0016950145,0.00037003832,train,0.010863207
2021-11-22,TLT,-0.014564632,0.020663265,0.0352279,train,0.009559274
2021-11-23,EFA,-0.006664608,-0.015855415,0.009190807,train,-0.008262044
2021-11-23,IWM,0.0010803126,0.0061027464,0.0050224336,train,0.027576433
2021-11-23,SPY,0.002666491,-0.008194791,0.010861282,train,0.0016950145
2021-11-23,TLT,0.015928004,0.0073145274,0.0086134765,train,0.020663265
2021-11-24,EFA,-0.027241278,0.002029257,0.029270535,train,-0.015855415
2021-11-24,IWM,-0.03842666,-0.0033942591,0.0350324,train,0.0061027464
2021-11-24,SPY,-0.022555592,0.013095187,0.03565078,train,-0.008194791
2021-11-24,TLT,0.024954686,-0.01222015,0.037174836,train,0.0073145274
2021-11-26,EFA,0.005043706,-0.033807807,0.038851514,train,0.002029257
2021-11-26,IWM,-0.00062838505,-0.041071124,0.04044274,train,-0.0033942591
2021-11-26,SPY,0.012192117,0.005087588,0.007104529,train,0.013095187
2021-11-26,TLT,-0.008070128,0.04299417,0.051064298,train,-0.01222015
2021-11-29,EFA,-0.008810785,-0.010366837,0.0015560519,train,-0.033807807
2021-11-29,IWM,-0.020595964,0.016898619,0.037494585,train,-0.041071124
2021-11-29,SPY,-0.019649537,-0.07210788,0.052458346,train,0.005087588
2021-11-29,TLT,0.015087352,0.04853969,0.03345234,train,0.04299417
2021-11-30,EFA,-0.0057424316,-0.015752388,0.010009957,train,-0.010366837
2021-11-30,IWM,-0.022762615,0.015705783,0.0384684,train,0.016898619
2021-11-30,SPY,-0.01116949,0.024520893,0.035690382,train,-0.07210788
2021-11-30,TLT,0.0061500533,0.0061303955,1.9657891e-05,train,0.04853969
2021-12-01,EFA,0.012357787,-0.014081813,0.0264396,train,-0.015752388
2021-12-01,IWM,0.027518129,0.01736239,0.010155739,train,0.015705783
2021-12-01,SPY,0.015200286,-0.01169616,0.026896447,train,0.024520893
2021-12-01,TLT,0.0012463256,-0.028935792,0.030182118,train,0.0061303955
2021-12-02,EFA,-0.0041458006,-0.010704709,0.0065589086,train,-0.014081813
2021-12-02,IWM,-0.020741811,-0.008080339,0.012661472,train,0.01736239
2021-12-02,SPY,-0.00873938,-0.035462566,0.026723186,train,-0.01169616
2021-12-02,TLT,0.011861415,-0.012109062,0.023970477,train,-0.028935792
2021-12-03,EFA,0.009560985,-0.015431428,0.024992414,train,-0.010704709
2021-12-03,IWM,0.019874742,-0.007708501,0.027583243,train,-0.008080339
2021-12-03,SPY,0.011773727,-0.03819584,0.04996957,train,-0.035462566
2021-12-03,TLT,-0.013830069,0.014577502,0.028407572,train,-0.012109062
2021-12-06,EFA,0.02086845,-0.01882804,0.039696492,train,-0.015431428
2021-12-06,IWM,0.022929352,-0.042742543,0.06567189,train,-0.007708501
2021-12-06,SPY,0.020473737,-0.050915524,0.07138926,train,-0.03819584
2021-12-06,TLT,-0.0081126,0.0079005975,0.016013198,train,0.014577502
2021-12-07,EFA,0.0018871757,-0.11649913,0.118386306,train,-0.01882804
2021-12-07,IWM,0.0068040756,0.024246508,0.017442433,train,-0.042742543
2021-12-07,SPY,0.0026446031,-0.085675634,0.08832024,train,-0.050915524
2021-12-07,TLT,-0.017436234,-0.0072152484,0.010220986,train,0.0079005975
2021-12-08,EFA,-0.008330144,0.055794276,0.06412442,train,-0.11649913
2021-12-08,IWM,-0.02290799,-0.07713274,0.054224752,train,0.024246508
2021-12-08,SPY,-0.006774612,-0.07358459,0.066809975,train,-0.085675634
2021-12-08,TLT,0.0055784676,0.036355086,0.030776618,train,-0.0072152484
2021-12-09,EFA,0.0021521235,0.083731055,0.08157893,train,0.055794276
2021-12-09,IWM,-0.0027701438,-0.040427566,0.03765742,train,-0.07713274
2021-12-09,SPY,0.00936953,-0.07925839,0.08862792,train,-0.07358459
2021-12-09,TLT,-0.0024158016,-0.014962846,0.012547045,train,0.036355086
2021-12-10,EFA,-0.009411357,0.022292119,0.031703476,train,0.083731055
2021-12-10,IWM,-0.0147215985,-0.028911786,0.014190188,train,-0.040427566
2021-12-10,SPY,-0.008897769,-0.06012837,0.0512306,train,-0.07925839
2021-12-10,TLT,0.014671287,-0.0012626983,0.015933985,train,-0.014962846
2021-12-13,EFA,-0.0053392868,0.07235503,0.07769432,train,0.022292119
2021-12-13,IWM,-0.008646927,-0.025500124,0.016853198,train,-0.028911786
2021-12-13,SPY,-0.00690388,-0.042078815,0.035174936,train,-0.06012837
2021-12-13,TLT,-0.0023864578,0.011641923,0.014028382,train,-0.0012626983
2021-12-14,EFA,0.013489094,0.027566573,0.014077479,train,0.07235503
2021-12-14,IWM,0.015750032,-0.010432789,0.026182821,train,-0.025500124
2021-12-14,SPY,0.015504217,0.055060536,0.039556317,train,-0.042078815
2021-12-14,TLT,-0.009668251,-0.048359714,0.038691465,train,0.011641923
2021-12-15,EFA,0.00012857535,-0.0104285125,0.010557088,train,0.027566573
2021-12-15,IWM,-0.020429894,0.020560285,0.04099018,train,-0.010432789
2021-12-15,SPY,-0.008857532,0.059514463,0.068372,train,0.055060536
2021-12-15,TLT,0.0003888529,-0.04586894,0.046257794,train,-0.048359714
2021-12-16,EFA,-0.012704198,0.012278659,0.024982858,train,-0.0104285125
2021-12-16,IWM,0.009152132,-0.007208882,0.016361013,train,0.020560285
2021-12-16,SPY,-0.010699962,0.003364195,0.014064157,train,0.059514463
2021-12-16,TLT,0.011267902,0.015656916,0.004389014,train,-0.04586894
2021-12-17,EFA,-0.0022201054,-0.018535798,0.016315693,train,0.012278659
2021-12-17,IWM,-0.014136983,0.00062599964,0.014762983,train,-0.007208882
2021-12-17,SPY,-0.010690528,0.028482608,0.039173137,train,0.003364195
2021-12-17,TLT,-0.007520549,0.02931404,0.03683459,train,0.015656916
2021-12-20,EFA,0.01105257,0.032436907,0.021384336,train,-0.018535798
2021-12-20,IWM,0.02816818,0.0103280675,0.017840112,train,0.00062599964
2021-12-20,SPY,0.017603261,0.024575401,0.0069721397,train,0.028482608
2021-12-20,TLT,-0.0038146435,0.030750843,0.034565486,train,0.02931404
2021-12-21,EFA,0.009267652,-0.013321806,0.022589458,train,0.032436907
2021-12-21,IWM,0.0095793875,0.010147566,0.0005681785,train,0.0103280675
2021-12-21,SPY,0.00994912,0.014505096,0.004555976,train,0.024575401
2021-12-21,TLT,0.0046159253,0.025679756,0.02106383,train,0.030750843
2021-12-22,EFA,0.0058764736,0.02930437,0.023427896,train,-0.013321806
2021-12-22,IWM,0.007957874,0.011859855,0.0039019808,train,0.010147566
2021-12-22,SPY,0.006202722,0.06824086,0.06203814,train,0.014505096
2021-12-22,TLT,-0.008714464,0.0023513641,0.011065828,train,0.025679756
2021-12-23,EFA,0.007739515,0.05224762,0.044508107,train,0.02930437
2021-12-23,IWM,0.00932428,0.001414882,0.007909398,train,0.011859855
2021-12-23,SPY,0.014053034,0.050311096,0.036258064,train,0.06824086
2021-12-23,TLT,0.0024213374,0.029429525,0.027008187,train,0.0023513641
2021-12-27,EFA,0.0003792394,0.00416336,0.0037841208,train,0.05224762
2021-12-27,IWM,-0.0061316593,0.029284129,0.035415787,train,0.001414882
2021-12-27,SPY,-0.00081760716,0.0027132155,0.0035308227,train,0.050311096
2021-12-27,TLT,-0.0039715073,0.047219805,0.05119131,train,0.029429525
2021-12-28,EFA,-0.0003792394,-0.024533933,0.024154693,train,0.00416336
2021-12-28,IWM,0.001076915,0.04144893,0.040372014,train,0.029284129
2021-12-28,SPY,0.001278324,-0.041784152,0.04306248,train,0.0027132155
2021-12-28,TLT,-0.010984403,-0.009137262,0.0018471414,train,0.047219805
2021-12-29,EFA,-0.0026250922,-0.024124408,0.021499315,train,-0.024533933
2021-12-29,IWM,-0.00026912004,0.10457646,0.10484558,train,0.04144893
2021-12-29,SPY,-0.0027682357,0.015845047,0.018613283,train,-0.041784152
2021-12-29,TLT,0.008351736,-0.024220807,0.032572545,train,-0.009137262
2021-12-30,EFA,-0.0008893511,0.0035195146,0.0044088657,train,-0.024124408
2021-12-30,IWM,-0.002155427,0.11160683,0.11376226,train,0.10457646
2021-12-30,SPY,-0.0025234057,0.03253392,0.03505733,train,0.015845047
2021-12-30,TLT,0.0019584438,0.0010660682,0.0008923756,train,-0.024220807
2021-12-31,EFA,0.0064611463,-0.0020736605,0.008534807,train,0.0035195146
2021-12-31,IWM,0.012819191,0.0565774,0.043758206,train,0.11160683
2021-12-31,SPY,0.0057733525,0.03999365,0.0342203,train,0.03253392
2021-12-31,TLT,-0.026600927,-0.006692115,0.019908812,train,0.0010660682
2022-01-03,EFA,0.005666319,-0.0018037017,0.0074700206,train,-0.0020736605
2022-01-03,IWM,-0.001510204,0.0037466828,0.0052568866,train,0.0565774
2022-01-03,SPY,-0.00033496422,0.031936523,0.032271486,train,0.03999365
2022-01-03,TLT,-0.0041665463,-0.00041343085,0.0037531154,train,-0.006692115
2022-01-04,EFA,-0.008828312,-0.002223082,0.0066052303,train,-0.0018037017
2022-01-04,IWM,-0.0344566,-0.015915604,0.018540995,train,0.0037466828
2022-01-04,SPY,-0.019388912,0.045590866,0.06497978,train,0.031936523
2022-01-04,TLT,-0.0054430645,0.0026386343,0.008081699,train,-0.00041343085
2022-01-05,EFA,-0.0050799022,-0.05882994,0.05375004,train,-0.002223082
2022-01-05,IWM,0.0056887725,-0.033081397,0.03877017,train,-0.015915604
2022-01-05,SPY,-0.0009399744,-0.0549481,0.054008126,train,0.045590866
2022-01-05,TLT,0.0025859463,0.0004315544,0.002154392,train,0.0026386343
2022-01-06,EFA,0.0029240085,0.0037392508,0.0008152423,train,-0.05882994
2022-01-06,IWM,-0.011641199,0.013969299,0.0256105,train,-0.033081397
2022-01-06,SPY,-0.003961307,0.011264218,0.015225525,train,-0.0549481
2022-01-06,TLT,-0.007214234,0.00564624,0.012860474,train,0.0004315544
2022-01-07,EFA,-0.009310503,0.019996608,0.02930711,train,0.0037392508
2022-01-07,IWM,-0.0034771233,0.037664227,0.04114135,train,0.013969299
2022-01-07,SPY,-0.0012451272,-0.012316287,0.0110711595,train,0.011264218
2022-01-07,TLT,0.00245726,-0.036327593,0.038784854,train,0.00564624
2022-01-10,EFA,0.010832927,-0.024475051,0.035307977,train,0.019996608
2022-01-10,IWM,0.010579247,0.03206929,0.021490041,train,0.037664227
2022-01-10,SPY,0.00906702,0.02129756,0.012230539,train,-0.012316287
2022-01-10,TLT,0.006639428,-0.011258686,0.017898114,train,-0.036327593
2022-01-11,EFA,0.009713069,0.012419676,0.0027066078,train,-0.024475051
2022-01-11,IWM,-0.0074721393,0.02649715,0.03396929,train,0.03206929
2022-01-11,SPY,0.002699933,0.016925631,0.014225698,train,0.02129756
2022-01-11,TLT,-0.0038388758,-0.022732472,0.018893596,train,-0.011258686
2022-01-12,EFA,-0.0073076477,0.01582309,0.023130737,train,0.012419676
2022-01-12,IWM,-0.009209678,0.011483148,0.020692825,train,0.02649715
2022-01-12,SPY,-0.013874462,0.017752184,0.031626645,train,0.016925631
2022-01-12,TLT,0.008841722,0.023526043,0.01468432,train,-0.022732472
2022-01-13,EFA,-0.0010122532,-0.0126600545,0.011647801,train,0.01582309
2022-01-13,IWM,0.0014008172,-0.011423083,0.0128239,train,0.011483148
2022-01-13,SPY,0.00040884735,0.03018552,0.029776674,train,0.017752184
2022-01-13,TLT,-0.015225116,0.028128728,0.043353844,train,0.023526043
2022-01-14,EFA,-0.014792445,0.04731357,0.062106017,train,-0.0126600545
2022-01-14,IWM,-0.030703064,-0.024511432,0.006191632,train,-0.011423083
2022-01-14,SPY,-0.017868271,0.0010347664,0.018903038,train,0.03018552
2022-01-14,TLT,-0.014174381,-0.0012677554,0.012906626,train,0.028128728
2022-01-18,EFA,-0.00089953124,0.0656092,0.06650873,train,0.04731357
2022-01-18,IWM,-0.016397005,0.009114351,0.025511356,train,-0.024511432
2022-01-18,SPY,-0.010437758,0.044336308,0.054774065,train,0.0010347664
2022-01-18,TLT,0.0068998868,-0.022628939,0.029528826,train,-0.0012677554
2022-01-19,EFA,-0.004898087,-0.001937246,0.0029608412,train,0.0656092
2022-01-19,IWM,-0.018263083,-0.02353741,0.0052743275,train,0.009114351
2022-01-19,SPY,-0.011129672,-0.014785545,0.0036558732,train,0.044336308
2022-01-19,TLT,0.006147831,-0.004233403,0.010381235,train,-0.022628939
2022-01-20,EFA,-0.013660768,-0.005441051,0.008219717,train,-0.001937246
2022-01-20,IWM,-0.01890739,-0.02268332,0.00377593,train,-0.02353741
2022-01-20,SPY,-0.019825837,-0.04022158,0.020395743,train,-0.014785545
2022-01-20,TLT,0.011836107,0.012547818,0.0007117111,train,-0.004233403
2022-01-21,EFA,-0.010005161,-0.018342676,0.0083375145,train,-0.005441051
2022-01-21,IWM,0.022785245,0.01388775,0.0088974945,train,-0.02268332
2022-01-21,SPY,0.004237604,0.02359425,0.019356648,train,-0.04022158
2022-01-21,TLT,-0.008249171,0.06683297,0.07508214,train,0.012547818
2022-01-24,EFA,-0.006104995,-0.019782098,0.013677103,train,-0.018342676
2022-01-24,IWM,-0.013437655,0.023148814,0.03658647,train,0.01388775
2022-01-24,SPY,-0.012284134,0.0052467342,0.017530868,train,0.02359425
2022-01-24,TLT,-0.0016155315,0.02789843,0.029513963,train,0.06683297
2022-01-25,EFA,-0.0038679398,0.025321202,0.029189141,train,-0.019782098
2022-01-25,IWM,-0.014538902,0.013343291,0.027882192,train,0.023148814
2022-01-25,SPY,-0.0025119176,-0.03238403,0.029872112,train,0.0052467342
2022-01-25,TLT,-0.012168216,0.025770418,0.037938632,train,0.02789843
2022-01-26,EFA,-0.0046881316,0.0074594114,0.012147543,train,0.025321202
2022-01-26,IWM,-0.022969233,0.03695499,0.059924223,train,0.013343291
2022-01-26,SPY,-0.0049501467,0.0142923705,0.019242518,train,-0.03238403
2022-01-26,TLT,0.01819672,0.017980592,0.0002161283,train,0.025770418
2022-01-27,EFA,0.0033509065,0.026960978,0.023610072,train,0.0074594114
2022-01-27,IWM,0.019288333,0.019687023,0.00039868988,train,0.03695499
2022-01-27,SPY,0.024531975,0.0015328955,0.02299908,train,0.0142923705
2022-01-27,TLT,0.0003491461,-0.009872826,0.010221972,train,0.017980592
2022-01-28,EFA,0.014480338,0.006994335,0.0074860035,train,0.026960978
2022-01-28,IWM,0.030217662,0.01484964,0.015368022,train,0.019687023
2022-01-28,SPY,0.017850718,0.01524549,0.0026052278,train,0.0015328955
2022-01-28,TLT,-0.00518347,0.031580728,0.036764197,train,-0.009872826
2022-01-31,EFA,0.009451468,-0.033732906,0.043184374,train,0.006994335
2022-01-31,IWM,0.010479364,-0.006247213,0.016726576,train,0.01484964
2022-01-31,SPY,0.0067342888,-0.0066038724,0.013338162,train,0.01524549
2022-01-31,TLT,-0.00332477,0.039988715,0.043313485,train,0.031580728
2022-02-01,EFA,0.007419411,-0.03989742,0.04731683,train,-0.033732906
2022-02-01,IWM,-0.009982836,-0.0319893,0.022006463,train,-0.006247213
2022-02-01,SPY,0.0096671535,-0.020283813,0.029950965,train,-0.0066038724
2022-02-01,TLT,0.00338089,0.024486816,0.021105926,train,0.039988715
2022-02-02,EFA,-0.015947882,-0.004766142,0.01118174,train,-0.03989742
2022-02-02,IWM,-0.0191045,-0.044787936,0.025683437,train,-0.0319893
2022-02-02,SPY,-0.023785638,-0.00946266,0.0143229775,train,-0.020283813
2022-02-02,TLT,-0.007836297,0.007111991,0.014948288,train,0.024486816
2022-02-03,EFA,0.002369013,0.08175685,0.079387836,train,-0.004766142
2022-02-03,IWM,0.0042939507,-0.032827005,0.037120957,train,-0.044787936
2022-02-03,SPY,0.004691291,-0.006103432,0.010794723,train,-0.00946266
2022-02-03,TLT,-0.014852395,-0.024620308,0.009767912,train,0.007111991
2022-02-04,EFA,0.0017075897,0.02553836,0.023830771,train,0.08175685
2022-02-04,IWM,0.00492791,-0.054100648,0.05902856,train,-0.032827005
2022-02-04,SPY,-0.003214426,-0.058357567,0.05514314,train,-0.006103432
2022-02-04,TLT,0.00064734224,-0.008542825,0.009190166,train,-0.024620308
2022-02-07,EFA,0.0051050056,0.0015501622,0.0035548434,train,0.02553836
2022-02-07,IWM,0.01691069,0.003265486,0.013645205,train,-0.054100648
2022-02-07,SPY,0.008194078,-0.0636517,0.071845785,train,-0.058357567
2022-02-07,TLT,-0.006708197,0.00085200556,0.0075602024,train,-0.008542825
2022-02-08,EFA,0.016060246,0.005033192,0.011027054,train,0.0015501622
2022-02-08,IWM,0.018810008,-0.031525448,0.050335456,train,0.003265486
2022-02-08,SPY,0.014530101,0.026703024,0.012172923,train,-0.0636517
2022-02-08,TLT,0.0018801031,-0.019363595,0.021243699,train,0.00085200556
2022-02-09,EFA,-0.012801504,-0.073672995,0.06087149,train,0.005033192
2022-02-09,IWM,-0.01546176,-0.03029803,0.01483627,train,-0.031525448
2022-02-09,SPY,-0.018129041,0.0110822115,0.029211253,train,0.026703024
2022-02-09,TLT,-0.01601999,0.018124029,0.03414402,train,-0.019363595
2022-02-10,EFA,-0.01521133,-0.0122742485,0.0029370813,train,-0.073672995
2022-02-10,IWM,-0.010177376,-0.027685964,0.017508589,train,-0.03029803
2022-02-10,SPY,-0.019915799,-0.034600034,0.014684236,train,0.0110822115
2022-02-10,TLT,0.0147186145,-0.014083924,0.028802538,train,0.018124029
2022-02-11,EFA,-0.0064958273,0.012573577,0.019069405,train,-0.0122742485
2022-02-11,IWM,-0.0034824316,-0.04923477,0.04575234,train,-0.027685964
2022-02-11,SPY,-0.0032746599,0.00015551038,0.0034301702,train,-0.034600034
2022-02-11,TLT,-0.012518958,0.005838424,0.018357381,train,-0.014083924
2022-02-14,EFA,0.018187165,-0.0080192555,0.02620642,train,0.012573577
2022-02-14,IWM,0.026456034,-0.0597914,0.08624744,train,-0.04923477
2022-02-14,SPY,0.015998255,0.042091206,0.02609295,train,0.00015551038
2022-02-14,TLT,-0.011418269,-0.0063424334,0.0050758356,train,0.005838424
2022-02-15,EFA,0.0037803217,-0.029810095,0.033590417,train,-0.0080192555
2022-02-15,IWM,0.002084454,-0.069278665,0.07136312,train,-0.0597914
2022-02-15,SPY,0.0011202013,0.074071854,0.07295165,train,0.042091206
2022-02-15,TLT,0.0059092483,-0.0019845292,0.007893777,train,-0.0063424334
2022-02-16,EFA,-0.016264929,-0.022128316,0.005863387,train,-0.029810095
2022-02-16,IWM,-0.025952492,0.004639133,0.030591626,train,-0.069278665
2022-02-16,SPY,-0.021592723,0.037428364,0.059021086,train,0.074071854
2022-02-16,TLT,0.007411104,-0.03281904,0.040230144,train,-0.0019845292
2022-02-17,EFA,-0.0042404276,-0.025408672,0.021168245,train,-0.022128316
2022-02-17,IWM,-0.008635634,-0.02237825,0.0137426155,train,0.004639133
2022-02-17,SPY,-0.006496259,-0.0068561677,0.00035990868,train,0.037428364
2022-02-17,TLT,0.010472144,0.03485127,0.024379127,train,-0.03281904
2022-02-18,EFA,-0.011755505,0.02274527,0.034500774,train,-0.025408672
2022-02-18,IWM,-0.014187411,0.01873956,0.032926973,train,-0.02237825
2022-02-18,SPY,-0.0107895015,0.021233464,0.032022964,train,-0.0068561677
2022-02-18,TLT,0.0026006713,-0.0147418585,0.01734253,train,0.03485127
2022-02-22,EFA,-0.008230703,0.02116124,0.029391943,train,0.02274527
2022-02-22,IWM,-0.018889885,-0.03865204,0.019762155,train,0.01873956
2022-02-22,SPY,-0.017897908,0.020733712,0.038631618,train,0.021233464
2022-02-22,TLT,-0.013877336,0.013313277,0.027190613,train,-0.0147418585
2022-02-23,EFA,-0.013503456,0.00044236146,0.013945817,train,0.02116124
2022-02-23,IWM,0.02588259,-0.021305514,0.047188103,train,-0.03865204
2022-02-23,SPY,0.014936917,-0.006876277,0.021813195,train,0.020733712
2022-02-23,TLT,0.0006585678,0.037162036,0.036503468,train,0.013313277
2022-02-24,EFA,0.0246859,-0.0130394995,0.0377254,train,0.00044236146
2022-02-24,IWM,0.02227082,0.044095792,0.021824973,train,-0.021305514
2022-02-24,SPY,0.021824151,0.06275088,0.040926732,train,-0.006876277
2022-02-24,TLT,0.0007310974,0.038240284,0.037509188,train,0.037162036
2022-02-25,EFA,-0.019207828,0.015090536,0.034298364,train,-0.0130394995
2022-02-25,IWM,0.0040411176,0.08998155,0.08594043,train,0.044095792
2022-02-25,SPY,-0.0025618614,0.06716216,0.06972402,train,0.06275088
2022-02-25,TLT,0.021681631,-0.03533894,0.057020567,train,0.038240284
2022-02-28,EFA,-0.022094082,0.013522012,0.035616092,train,0.015090536
2022-02-28,IWM,-0.01901683,0.050068356,0.06908519,train,0.08998155
2022-02-28,SPY,-0.01534741,0.009507289,0.0248547,train,0.06716216
2022-02-28,TLT,0.011495257,0.011785483,0.0002902262,train,-0.03533894
2022-03-01,EFA,0.012487847,-0.006281689,0.018769536,train,0.013522012
2022-03-01,IWM,0.02353163,-0.047305785,0.070837416,train,0.050068356
2022-03-01,SPY,0.018229006,-0.011548834,0.02977784,train,0.009507289
2022-03-01,TLT,-0.034780655,-0.007990612,0.026790043,train,0.011785483
2022-03-02,EFA,-0.019915866,0.025415577,0.04533144,train,-0.006281689
2022-03-02,IWM,-0.011919577,-0.034103565,0.022183988,train,-0.047305785
2022-03-02,SPY,-0.0049909987,0.022237772,0.02722877,train,-0.011548834
2022-03-02,TLT,0.01013373,0.035780266,0.025646536,train,-0.007990612
2022-03-03,EFA,-0.02940547,-0.00012950972,0.02927596,train,0.025415577
2022-03-03,IWM,-0.015781322,-0.03073774,0.014956418,train,-0.034103565
2022-03-03,SPY,-0.008157674,0.016395122,0.024552796,train,0.022237772
2022-03-03,TLT,0.017116606,-0.008425418,0.025542025,train,0.035780266
2022-03-04,EFA,-0.032239642,-0.025780106,0.006459536,train,-0.00012950972
2022-03-04,IWM,-0.025181253,-0.0023994911,0.022781761,train,-0.03073774
2022-03-04,SPY,-0.029922413,-0.014686726,0.015235687,train,0.016395122
2022-03-04,TLT,-0.0076587293,-0.010081029,0.0024222992,train,-0.008425418
2022-03-07,EFA,0.008640217,-0.019850286,0.028490502,train,-0.025780106
2022-03-07,IWM,0.005508362,-0.04470013,0.050208494,train,-0.0023994911
2022-03-07,SPY,-0.007610534,-0.023946853,0.01633632,train,-0.014686726
2022-03-07,TLT,-0.010110564,0.027401881,0.037512444,train,-0.010081029
2022-03-08,EFA,0.04097626,0.021297527,0.019678732,train,-0.019850286
2022-03-08,IWM,0.02779422,0.011324668,0.016469551,train,-0.04470013
2022-03-08,SPY,0.02645769,-0.026927011,0.0533847,train,-0.023946853
2022-03-08,TLT,-0.009847274,0.032698043,0.04254532,train,0.027401881
2022-03-09,EFA,-0.012031122,0.032021552,0.044052675,train,0.021297527
2022-03-09,IWM,-0.0017990305,-0.074121445,0.07232241,train,0.011324668
2022-03-09,SPY,-0.004525943,0.005861014,0.010386957,train,-0.026927011
2022-03-09,TLT,-0.014471517,0.018581945,0.03305346,train,0.032698043
2022-03-10,EFA,-0.010865669,-0.05419424,0.043328572,train,0.032021552
2022-03-10,IWM,-0.016085038,-0.029398618,0.01331358,train,-0.074121445
2022-03-10,SPY,-0.012796523,-0.024154956,0.0113584325,train,0.005861014
2022-03-10,TLT,0.003341113,-0.013971409,0.017312521,train,0.018581945
2022-03-11,EFA,0.009135069,-0.03807479,0.04720986,train,-0.05419424
2022-03-11,IWM,-0.020645723,-0.027876297,0.0072305743,train,-0.029398618
2022-03-11,SPY,-0.007335036,-0.017793579,0.010458543,train,-0.024154956
2022-03-11,TLT,-0.023625731,-0.05185256,0.02822683,train,-0.013971409
2022-03-14,EFA,0.009481482,-0.024628745,0.034110226,train,-0.03807479
2022-03-14,IWM,0.015805144,-0.03377942,0.049584564,train,-0.027876297
2022-03-14,SPY,0.021752082,-0.0024428163,0.024194898,train,-0.017793579
2022-03-14,TLT,-0.0017472116,-0.008439595,0.0066923834,train,-0.05185256
2022-03-15,EFA,0.035258833,-0.0058739837,0.041132815,train,-0.024628745
2022-03-15,IWM,0.030979084,0.004105377,0.026873708,train,-0.03377942
2022-03-15,SPY,0.021931965,-0.045843117,0.067775086,train,-0.0024428163
2022-03-15,TLT,0.009759836,-0.022517646,0.03227748,train,-0.008439595
2022-03-16,EFA,0.008384324,0.08047237,0.07208805,train,-0.0058739837
2022-03-16,IWM,0.01557572,-0.006620107,0.022195827,train,0.004105377
2022-03-16,SPY,0.012433246,-0.014949573,0.027382819,train,-0.045843117
2022-03-16,TLT,-0.007481531,0.014204306,0.021685837,train,-0.022517646
2022-03-17,EFA,0.009671298,-0.012974707,0.022646006,train,0.08047237
2022-03-17,IWM,0.010475927,0.005623499,0.004852428,train,-0.006620107
2022-03-17,SPY,0.010893351,0.08391997,0.07302662,train,-0.014949573
2022-03-17,TLT,0.012138804,-0.004841659,0.016980464,train,0.014204306
2022-03-18,EFA,-0.006255373,-0.0052813943,0.00097397855,train,-0.012974707
2022-03-18,IWM,-0.008868285,4.152395e-05,0.008909809,train,0.005623499
2022-03-18,SPY,-0.0002925666,0.08727607,0.08756864,train,0.08391997
2022-03-18,TLT,-0.023428753,0.05734042,0.080769174,train,-0.004841659
2022-03-21,EFA,0.009368389,-0.000118015334,0.009486404,train,-0.0052813943
2022-03-21,IWM,0.009977248,-2.6440248e-05,0.010003688,train,4.152395e-05
2022-03-21,SPY,0.011633477,0.06294215,0.05130867,train,0.08727607
2022-03-21,TLT,-0.0128949005,0.0153924525,0.028287353,train,0.05734042
2022-03-22,EFA,-0.013057951,-0.0232466,0.0101886485,train,-0.000118015334
2022-03-22,IWM,-0.0175016,-0.01804549,0.0005438905,train,-2.6440248e-05
2022-03-22,SPY,-0.012962138,0.029574828,0.042536967,train,0.06294215
2022-03-22,TLT,0.021678582,-0.0016362127,0.023314795,train,0.0153924525
2022-03-23,EFA,0.009266939,0.03661277,0.027345832,train,-0.0232466
2022-03-23,IWM,0.011433095,0.013835202,0.0024021072,train,-0.01804549
2022-03-23,SPY,0.014961893,0.038656037,0.023694145,train,0.029574828
2022-03-23,TLT,-0.007863769,0.025356025,0.033219792,train,-0.0016362127
2022-03-24,EFA,0.000542387,-0.028270578,0.028812965,train,0.03661277
2022-03-24,IWM,0.0013594306,-0.0059856046,0.007345035,train,0.013835202
2022-03-24,SPY,0.004871913,0.021390917,0.016519003,train,0.038656037
2022-03-24,TLT,-0.013970239,-0.00029490516,0.013675334,train,0.025356025
2022-03-25,EFA,-0.0032589782,-0.03267376,0.029414782,train,-0.028270578
2022-03-25,IWM,0.00033966635,-0.017545847,0.017885514,train,-0.0059856046
2022-03-25,SPY,0.007087657,0.06969964,0.06261198,train,0.021390917
2022-03-25,TLT,0.008513459,-0.0053439047,0.013857364,train,-0.00029490516
2022-03-28,EFA,0.021928383,0.11378653,0.09185815,train,-0.03267376
2022-03-28,IWM,0.026419196,-0.022840781,0.049259976,train,-0.017545847
2022-03-28,SPY,0.012295047,0.007935623,0.004359424,train,0.06969964
2022-03-28,TLT,0.0075242193,-3.713183e-05,0.007561351,train,-0.0053439047
2022-03-29,EFA,-0.00413345,-0.061908275,0.057774827,train,0.11378653
2022-03-29,IWM,-0.020278916,-0.03543827,0.015159354,train,-0.022840781
2022-03-29,SPY,-0.0061939387,0.032553717,0.038747657,train,0.007935623
2022-03-29,TLT,0.0077715027,0.023187954,0.015416451,train,-3.713183e-05
2022-03-30,EFA,-0.016707504,0.05036115,0.06706865,train,-0.061908275
2022-03-30,IWM,-0.010612248,0.014153533,0.024765782,train,-0.03543827
2022-03-30,SPY,-0.015511084,0.076958336,0.092469424,train,0.032553717
2022-03-30,TLT,0.0024254902,0.01485648,0.01243099,train,0.023187954
2022-03-31,EFA,0.009331413,0.048570238,0.039238825,train,0.05036115
2022-03-31,IWM,0.011142335,0.031661917,0.02051958,train,0.014153533
2022-03-31,SPY,0.002830037,0.114402436,0.1115724,train,0.076958336
2022-03-31,TLT,0.0037994955,0.024034621,0.020235125,train,0.01485648
2022-04-01,EFA,0.0040300027,-0.0025145654,0.006544568,train,0.048570238
2022-04-01,IWM,0.0016367245,0.026173688,0.024536964,train,0.031661917
2022-04-01,SPY,0.008530173,0.07511814,0.06658797,train,0.114402436
2022-04-01,TLT,-0.0069738575,-0.031108877,0.02413502,train,0.024034621
2022-04-04,EFA,-0.013632927,0.008768968,0.022401895,train,-0.0025145654
2022-04-04,IWM,-0.023948628,0.04177344,0.06572206,train,0.026173688
2022-04-04,SPY,-0.012711669,-0.01248054,0.00023112912,train,0.07511814
2022-04-04,TLT,-0.022851732,-0.028090836,0.005239105,train,-0.031108877
2022-04-05,EFA,-0.012032197,0.006264331,0.018296529,train,0.008768968
2022-04-05,IWM,-0.014289323,0.0042795595,0.018568883,train,0.04177344
2022-04-05,SPY,-0.010049826,0.04248126,0.052531086,train,-0.01248054
2022-04-05,TLT,-0.0081268735,-0.009687105,0.0015602317,train,-0.028090836
2022-04-06,EFA,0.0021985217,0.050596587,0.048398066,train,0.006264331
2022-04-06,IWM,-0.0032536369,-0.014717583,0.011463946,train,0.0042795595
2022-04-06,SPY,0.005026358,0.07134267,0.066316314,train,0.04248126
2022-04-06,TLT,-0.0075608324,0.005815628,0.01337646,train,-0.009687105
2022-04-07,EFA,0.00041144123,0.009399299,0.008987857,train,0.050596587
2022-04-07,IWM,-0.008003467,0.0045509245,0.012554391,train,-0.014717583
2022-04-07,SPY,-0.0026774409,-0.0087393075,0.006061867,train,0.07134267
2022-04-07,TLT,-0.01088999,-0.014799351,0.0039093606,train,0.005815628
2022-04-08,EFA,-0.010619786,-0.027896045,0.01727626,train,0.009399299
2022-04-08,IWM,-0.006744222,-0.039861277,0.033117056,train,0.0045509245
2022-04-08,SPY,-0.017240116,0.0120356865,0.029275803,train,-0.0087393075
2022-04-08,TLT,-0.015951203,-0.0061012153,0.009849988,train,-0.014799351
2022-04-11,EFA,-0.007515709,0.008801231,0.01631694,train,-0.027896045
2022-04-11,IWM,0.0031495907,-0.085557245,0.088706836,train,-0.039861277
2022-04-11,SPY,-0.0037120085,0.008083522,0.011795531,train,0.0120356865
2022-04-11,TLT,-0.0013816573,0.012492983,0.01387464,train,-0.0061012153
2022-04-12,EFA,0.010699714,0.01972319,0.009023476,train,0.008801231
2022-04-12,IWM,0.01884151,-0.05655106,0.075392574,train,-0.085557245
2022-04-12,SPY,0.011388453,0.009849394,0.001539059,train,0.008083522
2022-04-12,TLT,0.0020309365,-0.04619477,0.048225705,train,0.012492983
2022-04-13,EFA,-0.0045716316,0.019086849,0.02365848,train,0.01972319
2022-04-13,IWM,-0.009753255,-0.020268233,0.010514978,train,-0.05655106
2022-04-13,SPY,-0.0125301145,-0.008510746,0.0040193684,train,0.009849394
2022-04-13,TLT,-0.020249246,-0.036888644,0.016639398,train,-0.04619477
2022-04-14,EFA,-0.0058489246,0.03131003,0.037158955,train,0.019086849
2022-04-14,IWM,-0.006757802,0.01104609,0.017803892,train,-0.020268233
2022-04-14,SPY,0.0004111015,0.027898543,0.027487442,train,-0.008510746
2022-04-14,TLT,-0.0049812193,0.011499304,0.016480524,train,-0.036888644
2022-04-18,EFA,0.0047373865,0.02935633,0.024618944,train,0.03131003
2022-04-18,IWM,0.01974109,-0.010840077,0.030581167,train,0.01104609
2022-04-18,SPY,0.016013773,-0.0008234363,0.01683721,train,0.027898543
2022-04-18,TLT,-0.0075186263,-0.03133347,0.023814842,train,0.011499304
2022-04-19,EFA,0.006650174,0.010265687,0.0036155125,train,0.02935633
2022-04-19,IWM,0.0038130349,0.11959806,0.115785025,train,-0.010840077
2022-04-19,SPY,-0.00074182346,-0.009470344,0.00872852,train,-0.0008234363
2022-04-19,TLT,0.019925928,-0.052701123,0.07262705,train,-0.03133347
2022-04-20,EFA,-0.010828938,0.014003576,0.024832513,train,0.010265687
2022-04-20,IWM,-0.022643737,0.008266451,0.030910188,train,0.11959806
2022-04-20,SPY,-0.015066499,-0.024819983,0.009753484,train,-0.009470344
2022-04-20,TLT,-0.0074260826,-0.0037088543,0.0037172283,train,-0.052701123
2022-04-21,EFA,-0.016466385,0.023194363,0.039660748,train,0.014003576
2022-04-21,IWM,-0.02622576,0.01874605,0.04497181,train,0.008266451
2022-04-21,SPY,-0.027822576,0.01928387,0.047106445,train,-0.024819983
2022-04-21,TLT,-0.0063139265,-0.0503022,0.043988273,train,-0.0037088543
2022-04-22,EFA,-0.004836631,0.029576275,0.034412906,train,0.023194363
2022-04-22,IWM,0.006053971,0.02042249,0.014368519,train,0.01874605
2022-04-22,SPY,0.0057809353,0.051854625,0.04607369,train,0.01928387
2022-04-22,TLT,0.009951081,-0.06484703,0.07479811,train,-0.0503022
2022-04-25,EFA,-0.02834603,0.014743303,0.043089334,train,0.029576275
2022-04-25,IWM,-0.032026637,0.0057431227,0.03776976,train,0.02042249
2022-04-25,SPY,-0.029388538,-0.027446674,0.0019418634,train,0.051854625
2022-04-25,TLT,0.010016747,0.047602408,0.03758566,train,-0.06484703
2022-04-26,EFA,0.0045373435,0.0032841936,0.0012531499,train,0.014743303
2022-04-26,IWM,-0.0041632545,0.01432493,0.018488184,train,0.0057431227
2022-04-26,SPY,0.0028078898,0.026288763,0.023480874,train,-0.027446674
2022-04-26,TLT,-0.012908857,0.022570664,0.035479523,train,0.047602408
2022-04-27,EFA,0.014065233,0.007537216,0.006528017,train,0.0032841936
2022-04-27,IWM,0.018494993,0.015907226,0.0025877673,train,0.01432493
2022-04-27,SPY,0.02494571,0.018267523,0.0066781864,train,0.026288763
2022-04-27,TLT,0.0014886428,-0.028147427,0.02963607,train,0.022570664
2022-04-28,EFA,-0.011731515,0.010049199,0.021780714,train,0.007537216
2022-04-28,IWM,-0.029304335,-0.018199755,0.01110458,train,0.015907226
2022-04-28,SPY,-0.03765595,0.023634726,0.061290674,train,0.018267523
2022-04-28,TLT,-0.013057875,0.013609018,0.026666895,train,-0.028147427
2022-04-29,EFA,-0.0024799306,0.03879996,0.04127989,train,0.010049199
2022-04-29,IWM,0.010434731,0.027858404,0.017423674,train,-0.018199755
2022-04-29,SPY,0.006001482,0.037969366,0.031967886,train,0.023634726
2022-04-29,TLT,-0.017485736,0.010460949,0.027946685,train,0.013609018
2022-05-02,EFA,0.00742098,0.005298502,0.002122478,train,0.03879996
2022-05-02,IWM,0.0085248025,-0.022200393,0.030725196,train,0.027858404
2022-05-02,SPY,0.0045735715,0.052050777,0.047477204,train,0.037969366
2022-05-02,TLT,0.006718953,-0.005970137,0.01268909,train,0.010460949
2022-05-03,EFA,0.017389197,-0.011066342,0.028455539,train,0.005298502
2022-05-03,IWM,0.026335804,-0.029914172,0.056249976,train,-0.022200393
2022-05-03,SPY,0.029998476,-0.001032576,0.031031052,train,0.052050777
2022-05-03,TLT,0.005494667,-0.03775969,0.04325436,train,-0.005970137
2022-05-04,EFA,-0.032728124,-0.013445785,0.01928234,train,-0.011066342
2022-05-04,IWM,-0.04140985,-0.005001817,0.036408033,train,-0.029914172
2022-05-04,SPY,-0.036189936,0.08821911,0.12440905,train,-0.001032576
2022-05-04,TLT,-0.02778055,-0.004811501,0.022969048,train,-0.03775969
2022-05-05,EFA,-0.009763407,0.013082951,0.022846358,train,-0.013445785
2022-05-05,IWM,-0.01678258,-0.08655901,0.06977643,train,-0.005001817
2022-05-05,SPY,-0.0059867552,-0.0027083736,0.0032783817,train,0.08821911
2022-05-05,TLT,-0.014844925,0.0033687893,0.018213715,train,-0.004811501
2022-05-06,EFA,-0.030641625,0.018243147,0.04888477,train,0.013082951
2022-05-06,IWM,-0.042974032,-0.049279757,0.0063057244,train,-0.08655901
2022-05-06,SPY,-0.032540992,0.018824412,0.051365405,train,-0.0027083736
2022-05-06,TLT,0.00875892,0.012404836,0.0036459155,train,0.0033687893
2022-05-09,EFA,0.007482767,-0.009824732,0.0173075,train,0.018243147
2022-05-09,IWM,0.00028613096,-0.045046568,0.0453327,train,-0.049279757
2022-05-09,SPY,0.00230776,0.011231067,0.008923307,train,0.018824412
2022-05-09,TLT,0.009028469,-0.0076985564,0.016727027,train,0.012404836
2022-05-10,EFA,-0.005950976,0.037574336,0.043525312,train,-0.009824732
2022-05-10,IWM,-0.025178775,0.089707956,0.11488673,train,-0.045046568
2022-05-10,SPY,-0.016013809,0.039809324,0.055823132,train,0.011231067
2022-05-10,TLT,0.01908925,0.007363433,0.011725817,train,-0.0076985564
2022-05-11,EFA,-0.0024517945,0.0028557032,0.0053074975,train,0.037574336
2022-05-11,IWM,0.011655172,0.019943358,0.008288186,train,0.089707956
2022-05-11,SPY,-0.0010444015,0.024087196,0.025131598,train,0.039809324
2022-05-11,TLT,-0.0018671498,0.011264185,0.013131335,train,0.007363433
2022-05-12,EFA,0.027390618,-0.00946716,0.036857776,train,0.0028557032
2022-05-12,IWM,0.031200036,0.046398055,0.015198018,train,0.019943358
2022-05-12,SPY,0.02362671,0.035833806,0.012207096,train,0.024087196
2022-05-12,TLT,-0.0148910945,0.017562171,0.032453265,train,0.011264185
2022-05-13,EFA,0.0008953502,0.0042439364,0.0033485861,train,-0.00946716
2022-05-13,IWM,-0.00478479,0.042384915,0.047169704,train,0.046398055
2022-05-13,SPY,-0.0040658666,0.05774203,0.061807897,train,0.035833806
2022-05-13,TLT,-0.0010353571,0.02304708,0.024082437,train,0.017562171
2022-05-16,EFA,0.018471172,-0.034076817,0.05254799,train,0.0042439364
2022-05-16,IWM,0.030124899,-0.01318912,0.043314017,train,0.042384915
2022-05-16,SPY,0.020361766,0.015717465,0.004644301,train,0.05774203
2022-05-16,TLT,-0.01215702,-0.0070552174,0.0051018028,train,0.02304708
2022-05-17,EFA,-0.024154726,-0.010278124,0.013876602,train,-0.034076817
2022-05-17,IWM,-0.035670172,-0.080488436,0.044818264,train,-0.01318912
2022-05-17,SPY,-0.041146766,0.03205122,0.07319799,train,0.015717465
2022-05-17,TLT,0.021093322,0.015451169,0.0056421533,train,-0.0070552174
2022-05-18,EFA,0.0095537845,-0.057783075,0.06733686,train,-0.010278124
2022-05-18,IWM,0.0016440043,-0.09610375,0.09774776,train,-0.080488436
2022-05-18,SPY,-0.006143368,-0.034761637,0.028618269,train,0.03205122
2022-05-18,TLT,0.0023925155,-0.0005587395,0.002951255,train,0.015451169
2022-05-19,EFA,0.0068106973,0.012889385,0.006078688,train,-0.057783075
2022-05-19,IWM,-0.0025523847,-0.02666192,0.024109535,train,-0.09610375
2022-05-19,SPY,0.0004364338,-0.0012466703,0.0016831041,train,-0.034761637
2022-05-19,TLT,0.011286093,0.019398553,0.00811246,train,-0.0005587395
2022-05-20,EFA,0.016826717,0.004228089,0.012598628,train,0.012889385
2022-05-20,IWM,0.012024162,-0.028515438,0.0405396,train,-0.02666192
2022-05-20,SPY,0.018537179,0.004331248,0.014205931,train,-0.0012466703
2022-05-20,TLT,-0.01659115,-0.008735394,0.007855756,train,0.019398553
2022-05-23,EFA,-0.0015970909,-0.03880746,0.037210368,train,0.004228089
2022-05-23,IWM,-0.01492475,-0.07561068,0.060685933,train,-0.028515438
2022-05-23,SPY,-0.00766296,0.043774407,0.051437367,train,0.004331248
2022-05-23,TLT,0.019540362,0.013187828,0.0063525345,train,-0.008735394
2022-05-24,EFA,0.00029051868,-0.011693129,0.011983648,train,-0.03880746
2022-05-24,IWM,0.01783853,-0.026960423,0.044798955,train,-0.07561068
2022-05-24,SPY,0.008796008,-0.0037439,0.012539908,train,0.043774407
2022-05-24,TLT,0.003946079,0.05657383,0.05262775,train,0.013187828
2022-05-25,EFA,0.010981039,-0.005665375,0.016646415,train,-0.011693129
2022-05-25,IWM,0.02207855,-0.042494416,0.06457297,train,-0.026960423
2022-05-25,SPY,0.019784378,0.01603342,0.0037509575,train,-0.0037439
2022-05-25,TLT,-0.0045354627,-0.04431171,0.039776247,train,0.05657383
2022-05-26,EFA,0.011998533,-0.042487904,0.05448644,train,-0.005665375
2022-05-26,IWM,0.026570363,-0.03656975,0.06314012,train,-0.042494416
2022-05-26,SPY,0.024252687,-0.02104116,0.045293845,train,0.01603342
2022-05-26,TLT,0.0024384202,0.066024564,0.063586146,train,-0.04431171
2022-05-27,EFA,-0.005981117,-0.018637756,0.012656638,train,-0.042487904
2022-05-27,IWM,-0.01249509,-0.011381408,0.001113682,train,-0.03656975
2022-05-27,SPY,-0.0056268377,-0.0066692363,0.0010423986,train,-0.02104116
2022-05-27,TLT,-0.021389399,-0.031567916,0.010178518,train,0.066024564
2022-05-31,EFA,-0.010626437,0.07598639,0.08661283,train,-0.018637756
2022-05-31,IWM,-0.005682326,-0.037406906,0.03172458,train,-0.011381408
2022-05-31,SPY,-0.008121359,-0.039666176,0.031544816,train,-0.0066692363
2022-05-31,TLT,-0.0011437611,0.12301395,0.12415771,train,-0.031567916
2022-06-01,EFA,0.020575244,0.10748561,0.08691037,train,0.07598639
2022-06-01,IWM,0.024128621,1.0611489e-05,0.02411801,train,-0.037406906
2022-06-01,SPY,0.0188643,-0.021169854,0.040034153,train,-0.039666176
2022-06-01,TLT,0.00051608536,-0.042983085,0.04349917,train,0.12301395
2022-06-02,EFA,-0.014386771,-0.0019376539,0.012449117,train,0.10748561
2022-06-02,IWM,-0.009047122,0.014276797,0.02332392,train,1.0611489e-05
2022-06-02,SPY,-0.016547637,-0.0052920785,0.011255559,train,-0.021169854
2022-06-02,TLT,-0.0021520646,-0.043169007,0.041016944,train,-0.042983085
2022-06-03,EFA,0.0040093474,0.02881965,0.024810303,train,-0.0019376539
2022-06-03,IWM,0.004320896,0.040934213,0.036613315,train,0.014276797
2022-06-03,SPY,0.003040127,-0.10900662,0.11204675,train,-0.0052920785
2022-06-03,TLT,-0.018615836,0.00048769265,0.019103529,train,-0.043169007
2022-06-06,EFA,0.0029962815,0.016614148,0.013617867,train,0.02881965
2022-06-06,IWM,0.015999446,0.011505747,0.0044936985,train,0.040934213
2022-06-06,SPY,0.009546469,0.03810294,0.02855647,train,-0.10900662
2022-06-06,TLT,0.010741927,0.029201208,0.018459281,train,0.00048769265
2022-06-07,EFA,-0.014060684,-0.009836601,0.0042240825,train,0.016614148
2022-06-07,IWM,-0.015573784,-0.012071935,0.0035018483,train,0.011505747
2022-06-07,SPY,-0.010931664,-0.005865773,0.005065891,train,0.03810294
2022-06-07,TLT,-0.008900126,-0.03457495,0.025674822,train,0.029201208
2022-06-08,EFA,-0.021224042,0.03259874,0.053822786,train,-0.009836601
2022-06-08,IWM,-0.020948047,0.0017193276,0.022667374,train,-0.012071935
2022-06-08,SPY,-0.02407015,0.009902911,0.03397306,train,-0.005865773
2022-06-08,TLT,0.0033250332,0.009976309,0.006651276,train,-0.03457495
2022-06-09,EFA,-0.024432482,0.03232026,0.05675274,train,0.03259874
2022-06-09,IWM,-0.027503429,0.014850812,0.04235424,train,0.0017193276
2022-06-09,SPY,-0.029424379,-0.025494987,0.0039293915,train,0.009902911
2022-06-09,TLT,-0.006221179,0.0009807125,0.0072018914,train,0.009976309
2022-06-10,EFA,-0.033640493,0.029965933,0.063606426,train,0.03232026
2022-06-10,IWM,-0.04811837,0.04761295,0.09573132,train,0.014850812
2022-06-10,SPY,-0.03870774,-0.040259466,0.001551725,train,-0.025494987
2022-06-10,TLT,-0.03188202,-0.00952765,0.022354372,train,0.0009807125
2022-06-13,EFA,-0.0094771385,0.001976354,0.011453493,train,0.029965933
2022-06-13,IWM,-0.004829401,0.03385997,0.038689367,train,0.04761295
2022-06-13,SPY,-0.0030178686,0.050565958,0.053583827,train,-0.040259466
2022-06-13,TLT,-0.01269349,0.025378564,0.038072053,train,-0.00952765
2022-06-14,EFA,0.018548572,-0.04532803,0.0638766,train,0.001976354
2022-06-14,IWM,0.014535544,-0.018025959,0.032561503,train,0.03385997
2022-06-14,SPY,0.014155685,0.02449638,0.010340695,train,0.050565958
2022-06-14,TLT,0.018484406,-0.023600986,0.042085394,train,0.025378564
2022-06-15,EFA,-0.022267554,0.002115963,0.024383517,train,-0.04532803
2022-06-15,IWM,-0.047424097,0.0546344,0.1020585,train,-0.018025959
2022-06-15,SPY,-0.03365607,0.004631495,0.038287565,train,0.02449638
2022-06-15,TLT,0.00790801,0.02730215,0.01939414,train,-0.023600986
2022-06-16,EFA,-0.004058112,0.025795927,0.029854039,train,0.002115963
2022-06-16,IWM,0.0077795805,0.04255539,0.034775812,train,0.0546344
2022-06-16,SPY,0.0021533915,0.062415816,0.060262423,train,0.004631495
2022-06-16,TLT,0.0032171244,0.010361491,0.0071443664,train,0.02730215
2022-06-17,EFA,0.015013642,0.043214686,0.028201044,train,0.025795927
2022-06-17,IWM,0.017761143,0.09735315,0.07959201,train,0.04255539
2022-06-17,SPY,0.024862017,0.025418805,0.0005567875,train,0.062415816
2022-06-17,TLT,-0.017097354,0.0054341787,0.022531532,train,0.010361491
2022-06-21,EFA,-0.0067525283,0.0007660305,0.0075185588,train,0.043214686
2022-06-21,IWM,-0.0019049856,0.06609446,0.067999445,train,0.09735315
2022-06-21,SPY,-0.0018146392,0.10061557,0.10243021,train,0.025418805
2022-06-21,TLT,0.027129015,-0.007887667,0.035016682,train,0.0054341787
2022-06-22,EFA,-0.0011297882,0.017036274,0.018166061,train,0.0007660305
2022-06-22,IWM,0.0119060315,0.014476053,0.002570022,train,0.06609446
2022-06-22,SPY,0.009754945,0.06650494,0.056749996,train,0.10061557
2022-06-22,TLT,0.008181421,-0.012985157,0.021166578,train,-0.007887667
2022-06-23,EFA,0.029439617,0.00019558705,0.02924403,train,0.017036274
2022-06-23,IWM,0.030502222,0.07344963,0.042947404,train,0.014476053
2022-06-23,SPY,0.03129865,0.040405713,0.009107064,train,0.06650494
2022-06-23,TLT,-0.013939463,-0.0021023098,0.011837153,train,-0.012985157
2022-06-24,EFA,-0.004242874,-0.024943357,0.020700483,train,0.00019558705
2022-06-24,IWM,0.0037054953,-0.015322337,0.019027833,train,0.07344963
2022-06-24,SPY,-0.003827005,-0.043083377,0.03925637,train,0.040405713
2022-06-24,TLT,-0.008565421,0.005367142,0.013932563,train,-0.0021023098
2022-06-27,EFA,-0.006794804,-0.05301939,0.046224587,train,-0.024943357
2022-06-27,IWM,-0.018956613,-0.08254113,0.06358452,train,-0.015322337
2022-06-27,SPY,-0.020644292,-0.080777176,0.060132883,train,-0.043083377
2022-06-27,TLT,0.00464878,-0.010277305,0.014926085,train,0.005367142
2022-06-28,EFA,-0.0038124525,0.0097054,0.013517853,train,-0.05301939
2022-06-28,IWM,-0.010200006,-0.05570405,0.045504045,train,-0.08254113
2022-06-28,SPY,-0.00081496296,-0.04758013,0.046765167,train,-0.080777176
2022-06-28,TLT,0.015487678,0.039961383,0.024473704,train,-0.010277305
2022-06-29,EFA,-0.0054261796,0.0048761833,0.010302363,train,0.0097054
2022-06-29,IWM,-0.007822593,-0.040987656,0.033165064,train,-0.05570405
2022-06-29,SPY,-0.008157251,-0.046004295,0.037847042,train,-0.04758013
2022-06-29,TLT,0.008743584,-0.0050461944,0.013789779,train,0.039961383
2022-06-30,EFA,0.0023974774,0.03507054,0.03267306,train,0.0048761833
2022-06-30,IWM,0.012031793,-0.050952442,0.062984236,train,-0.040987656
2022-06-30,SPY,0.010521025,-0.019873476,0.030394502,train,-0.046004295
2022-06-30,TLT,0.0102144005,-0.05913321,0.06934761,train,-0.0050461944
2022-07-01,EFA,-0.021624038,-0.011885442,0.009738596,train,0.03507054
2022-07-01,IWM,0.008249997,-0.04736734,0.05561734,train,-0.050952442
2022-07-01,SPY,0.001886703,0.034804493,0.03291779,train,-0.019873476
2022-07-01,TLT,0.007826341,-0.044911988,0.05273833,train,-0.05913321
2022-07-05,EFA,0.0008152032,-0.0046419036,0.005457107,train,-0.011885442
2022-07-05,IWM,-0.0074335765,-0.050192118,0.04275854,train,-0.04736734
2022-07-05,SPY,0.003371696,0.053403683,0.050031986,train,0.034804493
2022-07-05,TLT,-0.016933944,-0.092893854,0.075959906,train,-0.044911988
2022-07-06,EFA,0.015045217,-0.033384226,0.048429444,train,-0.0046419036
2022-07-06,IWM,0.023390906,-0.01577059,0.039161496,train,-0.050192118
2022-07-06,SPY,0.014865867,-0.021983387,0.036849253,train,0.053403683
2022-07-06,TLT,-0.008839024,0.0287313,0.037570324,train,-0.092893854
2022-07-07,EFA,0.0011231937,0.06463736,0.06351417,train,-0.033384226
2022-07-07,IWM,-0.000114077244,-0.064803064,0.06468899,train,-0.01577059
2022-07-07,SPY,-0.0008226955,0.02308228,0.023904976,train,-0.021983387
2022-07-07,TLT,-0.011137494,0.010128627,0.021266121,train,0.0287313
2022-07-08,EFA,-0.016331453,0.021357758,0.03768921,train,0.06463736
2022-07-08,IWM,-0.020308442,0.00024544634,0.020553889,train,-0.064803064
2022-07-08,SPY,-0.011489354,-0.017675003,0.006185649,train,0.02308228
2022-07-08,TLT,0.017097412,0.017230924,0.00013351254,train,0.010128627
2022-07-11,EFA,-0.00016293152,0.015909113,0.016072044,train,0.021357758
2022-07-11,IWM,-0.0034348296,0.008884552,0.012319381,train,0.00024544634
2022-07-11,SPY,-0.008888328,-0.10979853,0.1009102,train,-0.017675003
2022-07-11,TLT,0.005924378,-0.0008393526,0.0067637307,train,0.017230924
2022-07-12,EFA,-0.00048922916,-0.00027663074,0.00021259842,train,0.015909113
2022-07-12,IWM,-0.0008750764,-0.019180408,0.018305331,train,0.008884552
2022-07-12,SPY,-0.005265612,-0.06391561,0.05865,train,-0.10979853
2022-07-12,TLT,0.011401256,-0.028367793,0.03976905,train,-0.0008393526
2022-07-13,EFA,-0.014128882,0.030369598,0.04449848,train,-0.00027663074
2022-07-13,IWM,-0.010326475,-0.024497943,0.014171468,train,-0.019180408
2022-07-13,SPY,-0.0024315373,-0.043459028,0.04102749,train,-0.06391561
2022-07-13,TLT,-0.008192498,-0.025506848,0.01731435,train,-0.028367793
2022-07-14,EFA,0.015758831,0.04500009,0.02924126,train,0.030369598
2022-07-14,IWM,0.0206049,0.07598877,0.05538387,train,-0.024497943
2022-07-14,SPY,0.018925099,-0.039711304,0.058636405,train,-0.043459028
2022-07-14,TLT,0.005612252,-0.0010104217,0.0066226735,train,-0.025506848
2022-07-15,EFA,0.00406332,0.019459508,0.015396189,train,0.04500009
2022-07-15,IWM,-0.002834814,-0.11664099,0.11380618,train,0.07598877
2022-07-15,SPY,-0.008291293,-0.009968087,0.0016767941,train,-0.039711304
2022-07-15,TLT,-0.010473028,-0.013707703,0.0032346752,train,-0.0010104217
2022-07-18,EFA,0.026885878,0.021004152,0.0058817267,train,0.019459508
2022-07-18,IWM,0.034675706,0.015732365,0.018943341,train,-0.11664099
2022-07-18,SPY,0.026660474,-0.050856777,0.07751725,train,-0.009968087
2022-07-18,TLT,-0.0054089543,0.023265813,0.028674766,train,-0.013707703
2022-07-19,EFA,-0.006653973,-0.037698828,0.031044856,train,0.021004152
2022-07-19,IWM,0.015548064,0.00062881596,0.014919248,train,0.015732365
2022-07-19,SPY,0.006353165,0.0044953646,0.0018578004,train,-0.050856777
2022-07-19,TLT,0.0026208106,-0.010877056,0.013497867,train,0.023265813
2022-07-20,EFA,0.010279234,-0.01924484,0.029524073,train,-0.037698828
2022-07-20,IWM,0.0051109795,-0.003578296,0.008689275,train,0.00062881596
2022-07-20,SPY,0.010131526,-0.10033086,0.11046238,train,0.0044953646
2022-07-20,TLT,0.01712841,-0.0063686445,0.023497054,train,-0.010877056
2022-07-21,EFA,-0.0025205459,-0.05647046,0.053949915,train,-0.01924484
2022-07-21,IWM,-0.016080597,-0.0207194,0.0046388023,train,-0.003578296
2022-07-21,SPY,-0.009321375,-0.1154527,0.10613132,train,-0.10033086
2022-07-21,TLT,0.01667179,-0.010401681,0.02707347,train,-0.0063686445
2022-07-22,EFA,0.0076990197,-0.019848442,0.027547462,train,-0.05647046
2022-07-22,IWM,0.0051673856,-0.010125292,0.015292678,train,-0.0207194
2022-07-22,SPY,0.0012142798,0.0023309775,0.0011166977,train,-0.1154527
2022-07-22,TLT,-0.009833379,-0.009332625,0.0005007535,train,-0.010401681
2022-07-25,EFA,-0.014028119,-0.06284152,0.048813403,train,-0.019848442
2022-07-25,IWM,-0.006170527,0.009744013,0.01591454,train,-0.010125292
2022-07-25,SPY,-0.011901738,-0.07504129,0.06313955,train,0.0023309775
2022-07-25,TLT,0.0007663695,-0.045297302,0.046063673,train,-0.009332625
2022-07-26,EFA,0.023375385,0.006382471,0.016992914,train,-0.06284152
2022-07-26,IWM,0.02249618,0.0021694545,0.020326726,train,0.009744013
2022-07-26,SPY,0.025635155,-0.094521314,0.12015647,train,-0.07504129
2022-07-26,TLT,-0.0056338045,-0.011081891,0.0054480867,train,-0.045297302
2022-07-27,EFA,0.005104052,0.009336956,0.004232904,train,0.006382471
2022-07-27,IWM,0.01364615,-0.025004698,0.038650848,train,0.0021694545
2022-07-27,SPY,0.0124642085,-0.03476627,0.047230482,train,-0.094521314
2022-07-27,TLT,0.007929396,0.025010886,0.01708149,train,-0.011081891
2022-07-28,EFA,0.01378918,-0.032092765,0.045881946,train,0.009336956
2022-07-28,IWM,0.007074351,-0.029511487,0.036585838,train,-0.025004698
2022-07-28,SPY,0.014473612,-0.06332431,0.07779792,train,-0.03476627
2022-07-28,TLT,-0.00272113,0.020471191,0.02319232,train,0.025010886
2022-07-29,EFA,0.0013683124,-0.030908467,0.03227678,train,-0.032092765
2022-07-29,IWM,-0.0003738155,-0.0046355855,0.00426177,train,-0.029511487
2022-07-29,SPY,-0.0029656834,-0.03405848,0.031092798,train,-0.06332431
2022-07-29,TLT,0.023797762,0.009468095,0.014329666,train,0.020471191
2022-08-01,EFA,-0.016083537,-0.02766457,0.0115810335,train,-0.030908467
2022-08-01,IWM,-0.00096218765,-0.01530697,0.014344783,train,-0.0046355855
2022-08-01,SPY,-0.006619085,-0.03553644,0.028917354,train,-0.03405848
2022-08-01,TLT,-0.021386754,0.031698488,0.05308524,train,0.009468095
2022-08-02,EFA,0.005850645,0.0276005,0.021749856,train,-0.02766457
2022-08-02,IWM,0.014598858,-0.016115146,0.030714003,train,-0.01530697
2022-08-02,SPY,0.015538019,0.028665455,0.013127436,train,-0.03553644
2022-08-02,TLT,0.015622106,0.0027457457,0.012876361,train,0.031698488
2022-08-03,EFA,0.005053249,0.012927349,0.0078741,train,0.0276005
2022-08-03,IWM,-0.0021101735,-0.004013749,0.0019035754,train,-0.016115146
2022-08-03,SPY,-0.00067579024,-0.061367832,0.060692042,train,0.028665455
2022-08-03,TLT,-0.00033510488,0.049016997,0.049352102,train,0.0027457457
2022-08-04,EFA,-0.007050859,0.007367079,0.014417938,train,0.012927349
2022-08-04,IWM,0.00762859,0.004973348,0.0026552416,train,-0.004013749
2022-08-04,SPY,-0.0016917475,-0.028397916,0.026706168,train,-0.061367832
2022-08-04,TLT,-0.024091503,0.038038224,0.06212973,train,0.049016997
2022-08-05,EFA,0.0023046504,0.029866826,0.027562175,train,0.007367079
2022-08-05,IWM,0.010531498,0.02678459,0.016253091,train,0.004973348
2022-08-05,SPY,-0.0011615256,-0.019936135,0.01877461,train,-0.028397916
2022-08-05,TLT,0.016012598,0.059924766,0.04391217,train,0.038038224
2022-08-08,EFA,-0.005385955,0.026187481,0.031573437,train,0.029866826
2022-08-08,IWM,-0.01373351,0.022508835,0.036242343,train,0.02678459
2022-08-08,SPY,-0.003978834,-0.044324607,0.040345773,train,-0.019936135
2022-08-08,TLT,-0.0038941875,-0.0065567177,0.0026625302,train,0.059924766
2022-08-09,EFA,0.022277316,0.026538055,0.0042607393,train,0.026187481
2022-08-09,IWM,0.028150208,-0.023942681,0.052092887,train,0.022508835
2022-08-09,SPY,0.02078648,0.01025513,0.010531349,train,-0.044324607
2022-08-09,TLT,-0.0065526357,0.021231996,0.02778463,train,-0.0065567177
2022-08-10,EFA,-0.00030170588,0.0040758587,0.0043775644,train,0.026538055
2022-08-10,IWM,0.0037248537,0.0060625765,0.0023377228,train,-0.023942681
2022-08-10,SPY,0.0,-0.051524445,0.051524445,train,0.01025513
2022-08-10,TLT,-0.023585694,-0.0067180637,0.01686763,train,0.021231996
2022-08-11,EFA,0.007668714,0.020497702,0.012828988,train,0.0040758587
2022-08-11,IWM,0.020216929,0.014579272,0.005637657,train,0.0060625765
2022-08-11,SPY,0.016787477,-0.018361898,0.035149373,train,-0.051524445
2022-08-11,TLT,0.010089707,-0.019075586,0.029165292,train,-0.0067180637
2022-08-12,EFA,-0.0060097896,0.015089961,0.02109975,train,0.020497702
2022-08-12,IWM,0.0035372714,0.008316828,0.0047795568,train,0.014579272
2022-08-12,SPY,0.004112151,-0.04381004,0.04792219,train,-0.018361898
2022-08-12,TLT,-0.0008658076,0.008654044,0.009519852,train,-0.019075586
2022-08-15,EFA,-0.00030142377,0.029532177,0.029833602,train,0.015089961
2022-08-15,IWM,-0.00039779063,0.03730396,0.037701752,train,0.008316828
2022-08-15,SPY,0.0019567467,0.0052768476,0.003320101,train,-0.04381004
2022-08-15,TLT,0.0041491473,0.024702905,0.020553757,train,0.008654044
2022-08-16,EFA,-0.008021305,0.013067077,0.021088382,train,0.029532177
2022-08-16,IWM,-0.016959973,0.017402226,0.034362197,train,0.03730396
2022-08-16,SPY,-0.0071232268,0.01897466,0.026097886,train,0.0052768476
2022-08-16,TLT,-0.010492713,-0.024543216,0.014050503,train,0.024702905
2022-08-17,EFA,-0.003348468,0.027594939,0.030943407,train,0.013067077
2022-08-17,IWM,0.0066074915,0.012621914,0.0060144225,train,0.017402226
2022-08-17,SPY,0.0029020847,0.04204599,0.039143905,train,0.01897466
2022-08-17,TLT,0.0014811114,-0.019889252,0.021370364,train,-0.024543216
2022-08-18,EFA,-0.013816571,0.039479975,0.053296544,train,0.027594939
2022-08-18,IWM,-0.0216997,0.04365319,0.06535289,train,0.012621914
2022-08-18,SPY,-0.013528965,0.030784518,0.044313483,train,0.04204599
2022-08-18,TLT,-0.016233422,0.07655479,0.09278821,train,-0.019889252
2022-08-19,EFA,-0.017150473,0.027104964,0.044255435,train,0.039479975
2022-08-19,IWM,-0.020816201,-0.04471097,0.02389477,train,0.04365319
2022-08-19,SPY,-0.021042485,0.040942125,0.06198461,train,0.030784518
2022-08-19,TLT,-0.0033673467,0.008040004,0.011407351,train,0.07655479
2022-08-22,EFA,0.00047168165,0.048642986,0.048171304,train,0.027104964
2022-08-22,IWM,0.0016247778,-0.023969432,0.02559421,train,-0.04471097
2022-08-22,SPY,-0.0024221505,0.024755746,0.027177896,train,0.040942125
2022-08-22,TLT,-0.0055185887,0.001988722,0.0075073107,train,0.008040004
2022-08-23,EFA,0.001256709,0.035750385,0.034493677,train,0.048642986
2022-08-23,IWM,0.0076167174,-0.05734487,0.06496158,train,-0.023969432
2022-08-23,SPY,0.0031959764,0.022342483,0.019146506,train,0.024755746
2022-08-23,TLT,-0.0073455353,-0.019678337,0.012332803,train,0.001988722
2022-08-24,EFA,0.010929174,0.05929499,0.048365816,train,0.035750385
2022-08-24,IWM,0.015420283,-0.039530873,0.054951157,train,-0.05734487
2022-08-24,SPY,0.014018909,-0.027169524,0.041188434,train,0.022342483
2022-08-24,TLT,0.013839959,-0.028476031,0.04231599,train,-0.019678337
2022-08-25,EFA,-0.026592828,0.022732519,0.049325347,train,0.05929499
2022-08-25,IWM,-0.03340749,-0.003462622,0.029944869,train,-0.039530873
2022-08-25,SPY,-0.034435146,-0.02114688,0.013288265,train,-0.027169524
2022-08-25,TLT,0.0075095296,-0.01684544,0.02435497,train,-0.028476031
2022-08-26,EFA,-0.0022349348,0.048132017,0.050366953,train,0.022732519
2022-08-26,IWM,-0.009249955,-0.06531646,0.056066506,train,-0.003462622
2022-08-26,SPY,-0.006634181,0.0028314497,0.009465631,train,-0.02114688
2022-08-26,TLT,-0.008307636,0.0017513912,0.010059027,train,-0.01684544
2022-08-29,EFA,-0.007218112,-0.0010363944,0.0061817174,train,0.048132017
2022-08-29,IWM,-0.014091617,0.0015296582,0.015621276,train,-0.06531646
2022-08-29,SPY,-0.011038756,-0.0539214,0.042882644,train,0.0028314497
2022-08-29,TLT,0.0024816326,-0.0022775717,0.0047592046,train,0.0017513912
2022-08-30,EFA,-0.006783887,0.016102456,0.022886343,train,-0.0010363944
2022-08-30,IWM,-0.0060848054,-0.015548138,0.009463333,train,0.0015296582
2022-08-30,SPY,-0.007637884,-0.0041640904,0.0034737936,train,-0.0539214
2022-08-30,TLT,-0.00960684,0.015268669,0.02487551,train,-0.0022775717
2022-08-31,EFA,-0.013543505,-0.0064305793,0.007112926,train,0.016102456
2022-08-31,IWM,-0.0109590795,-0.017704053,0.0067449734,train,-0.015548138
2022-08-31,SPY,0.0031327487,-0.033353314,0.036486063,train,-0.0041640904
2022-08-31,TLT,-0.018477725,0.007469287,0.025947012,train,0.015268669
2022-09-01,EFA,-0.0065931007,-0.032065563,0.025472462,train,-0.0064305793
2022-09-01,IWM,-0.007798735,-0.06559847,0.057799738,train,-0.017704053
2022-09-01,SPY,-0.0106003815,-0.030390566,0.019790184,train,-0.033353314
2022-09-01,TLT,0.005640877,0.016870143,0.0112292655,train,0.007469287
2022-09-02,EFA,-0.0024835493,-0.010195918,0.007712369,train,-0.032065563
2022-09-02,IWM,-0.009933186,-0.032425694,0.02249251,train,-0.06559847
2022-09-02,SPY,-0.0037801564,-0.024679268,0.020899111,train,-0.030390566
2022-09-02,TLT,-0.025080584,0.045935825,0.07101641,train,0.016870143
2022-09-06,EFA,0.008748036,0.00915592,0.0004078839,train,-0.010195918
2022-09-06,IWM,0.021526182,-0.042368315,0.063894495,train,-0.032425694
2022-09-06,SPY,0.01780545,-0.045451194,0.06325664,train,-0.024679268
2022-09-06,TLT,0.015691722,0.017987382,0.0022956599,train,0.045935825
2022-09-07,EFA,0.0006571206,0.0019654743,0.0013083537,train,0.00915592
2022-09-07,IWM,0.0083085755,-0.0067768265,0.015085402,train,-0.042368315
2022-09-07,SPY,0.0065151774,0.010806246,0.0042910683,train,-0.045451194
2022-09-07,TLT,-0.010310331,0.00062430836,0.01093464,train,0.017987382
2022-09-08,EFA,0.025137117,0.014933232,0.010203885,train,0.0019654743
2022-09-08,IWM,0.019886818,-0.021260584,0.041147403,train,-0.0067768265
2022-09-08,SPY,0.015415585,-0.018121881,0.033537466,train,0.010806246
2022-09-08,TLT,0.0022179836,0.023438837,0.021220854,train,0.00062430836
2022-09-09,EFA,0.013837132,0.025422849,0.011585717,train,0.014933232
2022-09-09,IWM,0.012040412,0.019425236,0.0073848236,train,-0.021260584
2022-09-09,SPY,0.010690337,-0.006332895,0.017023232,train,-0.018121881
2022-09-09,TLT,-0.008251009,-0.039135903,0.030884895,train,0.023438837
2022-09-12,EFA,-0.035367783,-0.030390555,0.004977228,train,0.025422849
2022-09-12,IWM,-0.03990627,-0.0441003,0.0041940287,train,0.019425236
2022-09-12,SPY,-0.04445624,-0.025384163,0.019072076,train,-0.006332895
2022-09-12,TLT,0.0023247972,-0.0035743061,0.0058991034,train,-0.039135903
2022-09-13,EFA,0.0032675625,-0.029478902,0.032746464,train,-0.030390555
2022-09-13,IWM,0.003888171,0.025663188,0.021775017,train,-0.0441003
2022-09-13,SPY,0.0038085019,-0.0056420155,0.009450518,train,-0.025384163
2022-09-13,TLT,0.0034305532,-0.010813935,0.0142444875,train,-0.0035743061
2022-09-14,EFA,-0.008846825,-0.0051296577,0.0037171673,train,-0.029478902
2022-09-14,IWM,-0.00729606,-0.01731362,0.01001756,train,0.025663188
2022-09-14,SPY,-0.011418156,0.0021773726,0.013595529,train,-0.0056420155
2022-09-14,TLT,-0.0006480735,-0.009044101,0.008396028,train,-0.010813935
2022-09-15,EFA,-0.006107083,0.009807747,0.01591483,train,-0.0051296577
2022-09-15,IWM,-0.014641685,0.038129345,0.05277103,train,-0.01731362
2022-09-15,SPY,-0.007658079,-0.002894109,0.0047639697,train,0.0021773726
2022-09-15,TLT,-0.008370529,-0.010892812,0.0025222832,train,-0.009044101
2022-09-16,EFA,0.003470803,0.020673,0.017202197,train,0.009807747
2022-09-16,IWM,0.008511887,0.015742728,0.0072308416,train,0.038129345
2022-09-16,SPY,0.007724896,0.015949473,0.008224577,train,-0.002894109
2022-09-16,TLT,0.0023318992,-0.015852584,0.018184483,train,-0.010892812
2022-09-19,EFA,-0.017139876,0.030085163,0.04722504,train,0.020673
2022-09-19,IWM,-0.013721422,0.025808793,0.039530214,train,0.015742728
2022-09-19,SPY,-0.01154486,0.022368042,0.0339129,train,0.015949473
2022-09-19,TLT,-0.010020031,-0.0053900126,0.004630018,train,-0.015852584
2022-09-20,EFA,-0.01317824,-0.015239371,0.0020611314,train,0.030085163
2022-09-20,IWM,-0.015393509,0.01927869,0.0346722,train,0.025808793
2022-09-20,SPY,-0.017597605,0.025828646,0.043426253,train,0.022368042
2022-09-20,TLT,0.016614132,-0.026441758,0.043055892,train,-0.0053900126
2022-09-21,EFA,-0.0028953028,-0.018120257,0.015224954,train,-0.015239371
2022-09-21,IWM,-0.02278515,0.016862167,0.03964732,train,0.01927869
2022-09-21,SPY,-0.008435565,0.04432588,0.052761447,train,0.025828646
2022-09-21,TLT,-0.025880566,0.008763613,0.03464418,train,-0.026441758
2022-09-22,EFA,-0.03241471,0.013157562,0.04557227,train,-0.018120257
2022-09-22,IWM,-0.02409333,0.022173785,0.046267115,train,0.016862167
2022-09-22,SPY,-0.016896686,0.032972783,0.04986947,train,0.04432588
2022-09-22,TLT,0.0040765125,0.0007391125,0.0033374,train,0.008763613
2022-09-23,EFA,-0.014909581,-0.0039709006,0.010938681,train,0.013157562
2022-09-23,IWM,-0.013786619,0.033472065,0.047258683,train,0.022173785
2022-09-23,SPY,-0.009941964,0.061764576,0.07170654,train,0.032972783
2022-09-23,TLT,-0.019295702,-0.004306389,0.014989313,train,0.0007391125
2022-09-26,EFA,-0.0068187364,0.031810768,0.038629506,train,-0.0039709006
2022-09-26,IWM,0.0034051866,0.013342945,0.009937759,train,0.033472065
2022-09-26,SPY,-0.002555778,0.029326253,0.03188203,train,0.061764576
2022-09-26,TLT,-0.026683928,0.0066538565,0.033337787,train,-0.004306389
2022-09-27,EFA,0.023840418,0.03583379,0.011993373,train,0.031810768
2022-09-27,IWM,0.031137858,0.027108777,0.0040290803,train,0.013342945
2022-09-27,SPY,0.019485073,-0.01506534,0.034550413,train,0.029326253
2022-09-27,TLT,0.032933734,-0.008792425,0.041726157,train,0.0066538565
2022-09-28,EFA,-0.011849202,0.0050806785,0.01692988,train,0.03583379
2022-09-28,IWM,-0.022674607,-0.03475766,0.012083052,train,0.027108777
2022-09-28,SPY,-0.021110184,0.03273668,0.053846866,train,-0.01506534
2022-09-28,TLT,-0.0051893755,0.03554924,0.040738612,train,-0.008792425
2022-09-29,EFA,-0.003564486,0.020948844,0.02451333,train,0.0050806785
2022-09-29,IWM,-0.0073103625,0.0093755,0.016685862,train,-0.03475766
2022-09-29,SPY,-0.015584368,0.01342446,0.029008828,train,0.03273668
2022-09-29,TLT,-0.012994582,0.010256712,0.023251295,train,0.03554924
2022-09-30,EFA,0.019624108,0.02448238,0.004858272,train,0.020948844
2022-09-30,IWM,0.026152778,0.045720845,0.019568067,train,0.0093755
2022-09-30,SPY,0.02605881,0.011790426,0.014268383,train,0.01342446
2022-09-30,TLT,0.015764682,-0.008790417,0.024555098,train,0.010256712
2022-10-03,EFA,0.039308317,0.014753739,0.024554577,train,0.02448238
2022-10-03,IWM,0.038870763,0.017553084,0.02131768,train,0.045720845
2022-10-03,SPY,0.030516291,0.066509165,0.035992876,train,0.011790426
2022-10-03,TLT,-0.0027971845,0.04691893,0.049716115,train,-0.008790417
2022-10-04,EFA,-0.010660938,-0.045097604,0.034436665,train,0.014753739
2022-10-04,IWM,-0.007413829,0.010604227,0.018018056,train,0.017553084
2022-10-04,SPY,-0.0023310946,0.06256757,0.06489866,train,0.066509165
2022-10-04,TLT,-0.009607444,-0.014109595,0.004502151,train,0.04691893
2022-10-05,EFA,-0.017678384,0.0028693425,0.020547725,train,-0.045097604
2022-10-05,IWM,-0.0056254147,0.015178682,0.020804096,train,0.010604227
2022-10-05,SPY,-0.010369245,0.0014721286,0.0118413735,train,0.06256757
2022-10-05,TLT,-0.005573956,0.010811638,0.016385594,train,-0.014109595
2022-10-06,EFA,-0.01605886,-0.012948541,0.0031103194,train,0.0028693425
2022-10-06,IWM,-0.029856486,-0.008393986,0.0214625,train,0.015178682
2022-10-06,SPY,-0.028290395,-0.0028893556,0.025401039,train,0.0014721286
2022-10-06,TLT,-0.009755302,-0.013898684,0.0041433815,train,0.010811638
2022-10-07,EFA,-0.005646814,-0.01788204,0.012235226,train,-0.012948541
2022-10-07,IWM,-0.0055906884,0.013503211,0.019093899,train,-0.008393986
2022-10-07,SPY,-0.007664685,-0.039551206,0.03188652,train,-0.0028893556
2022-10-07,TLT,-0.01566829,-0.011472629,0.0041956604,train,-0.013898684
2022-10-10,EFA,-0.0110319955,-0.0072102435,0.003821752,train,-0.01788204
2022-10-10,IWM,0.00029833402,-0.061343677,0.06164201,train,0.013503211
2022-10-10,SPY,-0.006352866,-0.05217179,0.045818925,train,-0.039551206
2022-10-10,TLT,0.004416197,-0.041360497,0.045776695,train,-0.011472629
2022-10-11,EFA,-0.0032260255,0.024045533,0.027271558,train,-0.0072102435
2022-10-11,IWM,-0.0027464563,-0.010224387,0.0074779307,train,-0.061343677
2022-10-11,SPY,-0.003303881,-0.06290625,0.05960237,train,-0.05217179
2022-10-11,TLT,0.004894621,-0.01435815,0.019252772,train,-0.041360497
2022-10-12,EFA,0.020432608,0.021388564,0.00095595606,train,0.024045533
2022-10-12,IWM,0.024450526,-0.005661618,0.030112144,train,-0.010224387
2022-10-12,SPY,0.026048629,-0.06307001,0.08911864,train,-0.06290625
2022-10-12,TLT,-0.009612287,-0.019062633,0.009450345,train,-0.01435815
2022-10-13,EFA,-0.015062018,-0.0171959,0.0021338826,train,0.021388564
2022-10-13,IWM,-0.027144616,-0.045747004,0.018602388,train,-0.005661618
2022-10-13,SPY,-0.023052456,0.013076449,0.036128905,train,-0.06307001
2022-10-13,TLT,-0.008284826,0.007602703,0.015887529,train,-0.019062633
2022-10-14,EFA,0.024339994,-0.012629634,0.03696963,train,-0.0171959
2022-10-14,IWM,0.03139479,-0.08505586,0.11645065,train,-0.045747004
2022-10-14,SPY,0.025372397,-0.03083769,0.056210086,train,0.013076449
2022-10-14,TLT,-0.0048813876,-0.0018972456,0.002984142,train,0.007602703
2022-10-17,EFA,0.007118623,0.02454729,0.017428666,train,-0.012629634
2022-10-17,IWM,0.0117816655,-0.0028347205,0.014616386,train,-0.08505586
2022-10-17,SPY,0.011681311,-0.038329765,0.050011076,train,-0.03083769
2022-10-17,TLT,0.0023420788,-0.0038527641,0.006194843,train,-0.0018972456
2022-10-18,EFA,-0.012359732,0.0091798995,0.021539632,train,0.02454729
2022-10-18,IWM,-0.017140746,0.019963529,0.037104275,train,-0.0028347205
2022-10-18,SPY,-0.0071120365,-0.04874646,0.04163442,train,-0.038329765
2022-10-18,TLT,-0.018373594,-0.03373535,0.015361756,train,-0.0038527641
2022-10-19,EFA,-0.0022796788,-0.011726968,0.00944729,train,0.0091798995
2022-10-19,IWM,-0.012814935,-0.012086036,0.0007288996,train,0.019963529
2022-10-19,SPY,-0.008420508,-0.011323841,0.002903333,train,-0.04874646
2022-10-19,TLT,-0.017241001,-0.022212138,0.0049711373,train,-0.03373535
2022-10-20,EFA,0.017921312,-0.01874525,0.03666656,train,-0.011726968
2022-10-20,IWM,0.021479871,0.071635276,0.050155405,train,-0.012086036
2022-10-20,SPY,0.024010861,-0.0503726,0.07438346,train,-0.011323841
2022-10-20,TLT,-0.018187303,-0.004660478,0.013526825,train,-0.022212138
2022-10-21,EFA,0.00017231493,0.0069417898,0.0067694746,train,-0.01874525
2022-10-21,IWM,0.004275611,-0.013542654,0.017818265,train,0.071635276
2022-10-21,SPY,0.012162172,-0.032976493,0.045138665,train,-0.0503726
2022-10-21,TLT,-0.008298555,-0.027808884,0.019510329,train,-0.004660478
2022-10-24,EFA,0.021828962,-0.009081682,0.030910645,train,0.0069417898
2022-10-24,IWM,0.026906367,0.032193128,0.0052867606,train,-0.013542654
2022-10-24,SPY,0.015842605,-0.06277481,0.07861741,train,-0.032976493
2022-10-24,TLT,0.028696727,-0.04121893,0.06991565,train,-0.027808884
2022-10-25,EFA,0.009402314,-0.05066797,0.060070284,train,-0.009081682
2022-10-25,IWM,0.004927248,-0.009007586,0.013934834,train,0.032193128
2022-10-25,SPY,-0.007562739,-0.041991703,0.034428965,train,-0.06277481
2022-10-25,TLT,0.014304678,-0.048298456,0.06260313,train,-0.04121893
2022-10-26,EFA,-0.009402314,-0.036679782,0.027277468,train,-0.05066797
2022-10-26,IWM,0.00022302642,0.0036736522,0.0034506258,train,-0.009007586
2022-10-26,SPY,-0.005354284,-0.06729024,0.061935954,train,-0.041991703
2022-10-26,TLT,0.010416272,-0.016248798,0.02666507,train,-0.048298456
2022-10-27,EFA,0.009903618,-0.030378366,0.040281985,train,-0.036679782
2022-10-27,IWM,0.022471942,0.016865993,0.005605949,train,0.0036736522
2022-10-27,SPY,0.023512049,0.022456808,0.0010552406,train,-0.06729024
2022-10-27,TLT,-0.0068978034,0.005121121,0.012018925,train,-0.016248798
2022-10-28,EFA,-0.00939758,-0.042896487,0.033498906,train,-0.030378366
2022-10-28,IWM,0.00092763454,-0.038254067,0.0391817,train,0.016865993
2022-10-28,SPY,-0.0072494205,-0.052556626,0.045307204,train,0.022456808
2022-10-28,TLT,-0.0071534715,0.039828464,0.046981934,train,0.005121121
2022-10-31,EFA,0.007893126,0.06481677,0.056923646,train,-0.042896487
2022-10-31,IWM,0.0013627448,0.0066840444,0.0053212997,train,-0.038254067
2022-10-31,SPY,-0.004385497,0.080684654,0.08507015,train,-0.052556626
2022-10-31,TLT,0.009301952,0.0182543,0.0089523485,train,0.039828464
2022-11-01,EFA,-0.014660372,0.009752534,0.024412908,train,0.06481677
2022-11-01,IWM,-0.033736397,-0.01795206,0.015784336,train,0.0066840444
2022-11-01,SPY,-0.025416551,0.07576625,0.1011828,train,0.080684654
2022-11-01,TLT,-0.004349285,-0.014283324,0.009934039,train,0.0182543
2022-11-02,EFA,-0.008523664,-0.01095078,0.002427115,train,0.009752534
2022-11-02,IWM,-0.0067270123,0.060229875,0.066956885,train,-0.01795206
2022-11-02,SPY,-0.010350251,0.023166584,0.033516835,train,0.07576625
2022-11-02,TLT,-0.005411826,0.0033254083,0.008737234,train,-0.014283324
2022-11-03,EFA,0.039279986,-0.03580255,0.07508254,train,-0.01095078
2022-11-03,IWM,0.01340943,0.012503756,0.00090567395,train,0.060229875
2022-11-03,SPY,0.014290678,0.06929779,0.05500711,train,0.023166584
2022-11-03,TLT,-0.016943127,-0.04767026,0.030727133,train,0.0033254083
2022-11-04,EFA,0.003122712,0.021541681,0.01841897,train,-0.03580255
2022-11-04,IWM,0.0045229136,-0.012222556,0.01674547,train,0.012503756
2022-11-04,SPY,0.009520006,-0.036674544,0.04619455,train,0.06929779
2022-11-04,TLT,-0.010026707,-0.028680978,0.018654272,train,-0.04767026
2022-11-07,EFA,0.011258932,-0.02247279,0.03373172,train,0.021541681
2022-11-07,IWM,0.00038994983,-0.010087062,0.010477011,train,-0.012222556
2022-11-07,SPY,0.0053809215,0.04599826,0.04061734,train,-0.036674544
2022-11-07,TLT,0.010875465,-0.043309905,0.054185368,train,-0.028680978
2022-11-08,EFA,-0.014052558,0.013966598,0.028019156,train,-0.02247279
2022-11-08,IWM,-0.027839923,0.051899962,0.07973988,train,-0.010087062
2022-11-08,SPY,-0.02081728,0.06095261,0.08176989,train,0.04599826
2022-11-08,TLT,0.003281793,0.007364765,0.0040829717,train,-0.043309905
2022-11-09,EFA,0.05459552,0.011137096,0.043458425,train,0.013966598
2022-11-09,IWM,0.05973817,0.030976491,0.02876168,train,0.051899962
2022-11-09,SPY,0.053497326,0.020033525,0.0334638,train,0.06095261
2022-11-09,TLT,0.037752163,-0.014678134,0.052430294,train,0.007364765
2022-11-10,EFA,0.01974756,-0.027669722,0.047417283,train,0.011137096
2022-11-10,IWM,0.008165807,0.03386333,0.025697522,train,0.030976491
2022-11-10,SPY,0.00963201,-0.015047593,0.024679603,train,0.020033525
2022-11-10,TLT,-0.0036710757,0.059702583,0.063373655,train,-0.014678134
2022-11-11,EFA,-0.01059681,-0.056241833,0.04564502,train,-0.027669722
2022-11-11,IWM,-0.01124528,0.0747537,0.08599898,train,0.03386333
2022-11-11,SPY,-0.008543346,-0.03887257,0.030329224,train,-0.015047593
2022-11-11,TLT,-0.0024545959,-0.025882619,0.023428023,train,0.059702583
2022-11-14,EFA,0.006616922,0.032999307,0.026382385,train,-0.056241833
2022-11-14,IWM,0.014717363,0.07431415,0.059596784,train,0.0747537
2022-11-14,SPY,0.008493005,0.028709425,0.02021642,train,-0.03887257
2022-11-14,TLT,0.01605092,0.035356417,0.019305497,train,-0.025882619
2022-11-15,EFA,-0.0023031053,-0.018527003,0.016223898,train,0.032999307
2022-11-15,IWM,-0.017752092,0.027062325,0.044814415,train,0.07431415
2022-11-15,SPY,-0.007658009,-0.05307533,0.04541732,train,0.028709425
2022-11-15,TLT,0.021632623,0.042313352,0.02068073,train,0.035356417
2022-11-16,EFA,-0.00046137505,-0.02433089,0.023869514,train,-0.018527003
2022-11-16,IWM,-0.009324288,0.067426324,0.076750614,train,0.027062325
2022-11-16,SPY,-0.0030643942,-0.060783997,0.057719603,train,-0.05307533
2022-11-16,TLT,-0.01060848,-0.04389718,0.033288702,train,0.042313352
2022-11-17,EFA,0.0019974974,-0.054171324,0.05616882,train,-0.02433089
2022-11-17,IWM,0.0064437385,-0.07042495,0.07686869,train,0.067426324
2022-11-17,SPY,0.004530103,-0.0066385325,0.011168635,train,-0.060783997
2022-11-17,TLT,-0.0069009117,0.03958316,0.04648407,train,-0.04389718
2022-11-18,EFA,-0.007549557,-0.040365107,0.03281555,train,-0.054171324
2022-11-18,IWM,-0.0052389135,-0.038957626,0.033718713,train,-0.07042495
2022-11-18,SPY,-0.0036428878,-0.008857591,0.0052147033,train,-0.0066385325
2022-11-18,TLT,0.0042064125,-0.020990217,0.02519663,train,0.03958316
2022-11-21,EFA,0.013822872,-0.040713407,0.05453628,train,-0.040365107
2022-11-21,IWM,0.010613152,0.016442604,0.0058294525,train,-0.038957626
2022-11-21,SPY,0.013367443,0.08627861,0.072911166,train,-0.008857591
2022-11-21,TLT,0.014091491,-0.01830872,0.03240021,train,-0.020990217
2022-11-22,EFA,0.010922404,-0.051540308,0.06246271,train,-0.040713407
2022-11-22,IWM,0.0025951045,-0.00907735,0.011672454,train,0.016442604
2022-11-22,SPY,0.0062818034,0.026696036,0.020414233,train,0.08627861
2022-11-22,TLT,0.017291822,0.027000742,0.0097089205,train,-0.01830872
2022-11-23,EFA,0.005116758,-0.04422655,0.049343307,train,-0.051540308
2022-11-23,IWM,0.0021036337,-0.00976692,0.011870554,train,-0.00907735
2022-11-23,SPY,-0.00022383613,-0.0053127613,0.0050889254,train,0.026696036
2022-11-23,TLT,-0.0033958917,0.04574295,0.049138844,train,0.027000742
2022-11-25,EFA,-0.012993118,-0.01832548,0.005332362,train,-0.04422655
2022-11-25,IWM,-0.020358566,-0.051895328,0.03153676,train,-0.00976692
2022-11-25,SPY,-0.01608569,-0.010438306,0.0056473836,train,-0.0053127613
2022-11-25,TLT,0.0028143914,-0.046833597,0.049647987,train,0.04574295
2022-11-28,EFA,0.0028850196,-0.061257742,0.06414276,train,-0.01832548
2022-11-28,IWM,0.0029102,0.016941743,0.014031542,train,-0.051895328
2022-11-28,SPY,-0.0017190197,0.07024136,0.07196038,train,-0.010438306
2022-11-28,TLT,-0.011795292,0.0667724,0.07856769,train,-0.046833597
2022-11-29,EFA,0.017585317,-0.026557932,0.04414325,train,-0.061257742
2022-11-29,IWM,0.02704759,-0.01776511,0.0448127,train,0.016941743
2022-11-29,SPY,0.031014698,0.0532497,0.022235004,train,0.07024136
2022-11-29,TLT,0.0073275436,0.003988078,0.0033394657,train,0.0667724
2022-11-30,EFA,0.009637456,-0.05072885,0.060366306,train,-0.026557932
2022-11-30,IWM,-0.0021904453,-0.0141526945,0.011962249,train,-0.01776511
2022-11-30,SPY,-0.0007361869,0.12071942,0.1214556,train,0.0532497
2022-11-30,TLT,0.031445753,0.046303608,0.014857855,train,0.003988078
2022-12-01,EFA,-0.0007379488,-0.011887593,0.011149645,train,-0.05072885
2022-12-01,IWM,0.0058133197,-0.032917343,0.038730662,train,-0.0141526945
2022-12-01,SPY,-0.0011543223,0.025854394,0.027008716,train,0.12071942
2022-12-01,TLT,0.012497828,-0.00030269288,0.012800521,train,0.046303608
2022-12-02,EFA,-0.01322953,-0.09200145,0.07877192,train,-0.011887593
2022-12-02,IWM,-0.0279326,-0.03475421,0.00682161,train,-0.032917343
2022-12-02,SPY,-0.018153021,0.02328612,0.04143914,train,0.025854394
2022-12-02,TLT,-0.014106145,0.012886772,0.026992917,train,-0.00030269288
2022-12-05,EFA,-0.004499051,-0.0007170588,0.003781992,train,-0.09200145
2022-12-05,IWM,-0.015429805,0.025550127,0.040979933,train,-0.03475421
2022-12-05,SPY,-0.014519562,0.009846132,0.024365693,train,0.02328612
2022-12-05,TLT,0.012797762,0.026295522,0.0134977605,train,0.012886772
2022-12-06,EFA,0.0,-0.010441048,0.010441048,train,-0.0007170588
2022-12-06,IWM,-0.0029478695,0.07154438,0.074492246,train,0.025550127
2022-12-06,SPY,-0.0017027154,-0.014931435,0.013228719,train,0.009846132
2022-12-06,TLT,0.02328911,-0.005094299,0.02838341,train,0.026295522
2022-12-07,EFA,0.0050973897,0.016329179,0.011231789,train,-0.010441048
2022-12-07,IWM,0.007214865,0.008447142,0.0012322771,train,0.07154438
2022-12-07,SPY,0.007803139,0.04051169,0.03270855,train,-0.014931435
2022-12-07,TLT,-0.002744217,-0.015603455,0.012859238,train,-0.005094299
2022-12-08,EFA,0.0005981069,-0.005784938,0.006383045,train,0.016329179
2022-12-08,IWM,-0.012352109,-0.041742988,0.029390879,train,0.008447142
2022-12-08,SPY,-0.007498175,-0.027459288,0.019961113,train,0.04051169
2022-12-08,TLT,-0.026359094,-0.02029985,0.0060592443,train,-0.015603455
2022-12-09,EFA,0.0029846146,-0.012055146,0.015039761,train,-0.005784938
2022-12-09,IWM,0.011688391,-0.032669418,0.044357806,train,-0.041742988
2022-12-09,SPY,0.014314392,-0.011446321,0.025760714,train,-0.027459288
2022-12-09,TLT,0.0031926127,0.016300132,0.01310752,train,-0.02029985
2022-12-12,EFA,0.014082976,0.050009616,0.03592664,train,-0.012055146
2022-12-12,IWM,0.0082485685,0.0094080195,0.001159451,train,-0.032669418
2022-12-12,SPY,0.0075412537,-0.026294002,0.033835255,train,-0.011446321
2022-12-12,TLT,0.00960944,-0.03865949,0.04826893,train,0.016300132
2022-12-13,EFA,-0.00088545296,0.038769197,0.03965465,train,0.050009616
2022-12-13,IWM,-0.006582271,0.049077593,0.055659864,train,0.0094080195
2022-12-13,SPY,-0.0064139,0.016973108,0.023387007,train,-0.026294002
2022-12-13,TLT,0.0042624124,0.022227345,0.017964933,train,-0.03865949
2022-12-14,EFA,-0.025874488,0.015191408,0.041065894,train,0.038769197
2022-12-14,IWM,-0.0253477,0.010348616,0.035696317,train,0.049077593
2022-12-14,SPY,-0.024765765,-0.043619975,0.01885421,train,0.016973108
2022-12-14,TLT,0.0038941354,-0.0078809615,0.011775097,train,0.022227345
2022-12-15,EFA,-0.008826724,0.010271274,0.019097999,train,0.015191408
2022-12-15,IWM,-0.007484553,-0.0033238586,0.0041606943,train,0.010348616
2022-12-15,SPY,-0.011876573,0.008604431,0.020481003,train,-0.043619975
2022-12-15,TLT,-0.011233254,0.014793398,0.026026651,train,-0.0078809615
2022-12-16,EFA,-0.0024485968,-0.034412146,0.03196355,train,0.010271274
2022-12-16,IWM,-0.013627107,-0.046935394,0.033308286,train,-0.0033238586
2022-12-16,SPY,-0.008515826,-0.030863663,0.022347838,train,0.008604431
2022-12-16,TLT,-0.016948039,-0.04022324,0.023275202,train,0.014793398
2022-12-19,EFA,0.0039759707,-0.012710424,0.016686395,train,-0.034412146
2022-12-19,IWM,0.0052766213,-0.012322459,0.01759908,train,-0.046935394
2022-12-19,SPY,0.0013675519,-0.04485189,0.046219442,train,-0.030863663
2022-12-19,TLT,-0.017917126,-0.03623552,0.018318392,train,-0.04022324
2022-12-20,EFA,0.010325048,-0.04277253,0.05309758,train,-0.012710424
2022-12-20,IWM,0.017086359,0.007967653,0.009118706,train,-0.012322459
2022-12-20,SPY,0.014841844,-0.019684283,0.03452613,train,-0.04485189
2022-12-20,TLT,0.0025105814,-0.038031146,0.040541727,train,-0.03623552
2022-12-21,EFA,-0.008190509,0.024014976,0.032205485,train,-0.04277253
2022-12-21,IWM,-0.01316171,0.028019365,0.041181076,train,0.007967653
2022-12-21,SPY,-0.014369009,-0.0036851447,0.010683864,train,-0.019684283
2022-12-21,TLT,-0.00019269917,-0.029804638,0.029611938,train,-0.038031146
2022-12-22,EFA,0.0034968008,-0.008188808,0.011685609,train,0.024014976
2022-12-22,IWM,0.0045403237,-0.0114798825,0.016020207,train,0.028019365
2022-12-22,SPY,0.0057359235,-0.022208704,0.027944628,train,-0.0036851447
2022-12-22,TLT,-0.01476917,-0.027892465,0.013123294,train,-0.029804638
2022-12-23,EFA,0.0015164235,-0.008105053,0.009621476,train,-0.008188808
2022-12-23,IWM,-0.0067317504,0.0047918,0.01152355,train,-0.0114798825
2022-12-23,SPY,-0.003951522,-0.06911992,0.0651684,train,-0.022208704
2022-12-23,TLT,-0.019970814,-0.03025853,0.010287717,train,-0.027892465
2022-12-27,EFA,-0.010664282,0.0075715836,0.018235866,train,-0.008105053
2022-12-27,IWM,-0.015651256,-0.0041007604,0.011550495,train,0.0047918
2022-12-27,SPY,-0.012505599,-0.041178174,0.028672576,train,-0.06911992
2022-12-27,TLT,-0.0059092273,-0.025887614,0.019978387,train,-0.03025853
2022-12-28,EFA,0.015652627,-0.016877884,0.03253051,train,0.0075715836
2022-12-28,IWM,0.025017472,-0.006994562,0.032012034,train,-0.0041007604
2022-12-28,SPY,0.017840108,-0.0053927545,0.023232862,train,-0.041178174
2022-12-28,TLT,0.011287069,-0.023466254,0.034753323,train,-0.025887614
2022-12-29,EFA,-0.010306269,0.011353273,0.021659542,train,-0.016877884
2022-12-29,IWM,-0.0028064714,-0.008584512,0.0057780407,train,-0.006994562
2022-12-29,SPY,-0.0026374646,-0.030589981,0.027952516,train,-0.0053927545
2022-12-29,TLT,-0.011186674,-0.022128342,0.0109416675,train,-0.023466254
2022-12-30,EFA,0.00879727,-0.012402045,0.021199316,train,0.011353273
2022-12-30,IWM,-0.005521178,0.020592473,0.026113652,train,-0.008584512
2022-12-30,SPY,-0.0042186426,-0.032189175,0.027970534,train,-0.030589981
2022-12-30,TLT,0.018904323,0.010960665,0.007943658,train,-0.022128342
2023-01-03,EFA,0.013201514,0.020034216,0.006832702,train,-0.012402045
2023-01-03,IWM,0.012380011,0.019466843,0.007086832,train,0.020592473
2023-01-03,SPY,0.00769026,-0.03455855,0.042248808,train,-0.032189175
2023-01-03,TLT,0.0136066945,-0.0060419664,0.01964866,train,0.010960665
2023-01-04,EFA,-0.010035248,0.046360027,0.056395274,train,0.020034216
2023-01-04,IWM,-0.010766615,0.015421582,0.026188198,train,0.019466843
2023-01-04,SPY,-0.01147906,-0.020191403,0.008712343,train,-0.03455855
2023-01-04,TLT,0.0041721473,0.036860898,0.03268875,train,-0.0060419664
2023-01-05,EFA,0.025268912,-0.014087511,0.039356425,train,0.046360027
2023-01-05,IWM,0.022206798,0.017645905,0.0045608934,train,0.015421582
2023-01-05,SPY,0.02267308,-0.048308767,0.070981845,train,-0.020191403
2023-01-05,TLT,0.018229585,-0.014662819,0.032892406,train,0.036860898
2023-01-06,EFA,0.004247475,0.071484715,0.06723724,train,-0.014087511
2023-01-06,IWM,0.0016881338,0.03013409,0.028445955,train,0.017645905
2023-01-06,SPY,-0.0005668314,0.03498186,0.035548694,train,-0.048308767
2023-01-06,TLT,0.005309787,-0.009787081,0.015096867,train,-0.014662819
2023-01-09,EFA,0.0029188972,0.069096476,0.06617758,train,0.071484715
2023-01-09,IWM,0.01467693,0.044773497,0.030096566,train,0.03013409
2023-01-09,SPY,0.0069883172,-0.029824479,0.036812797,train,0.03498186
2023-01-09,TLT,-0.016688345,-0.06345297,0.04676462,train,-0.009787081
2023-01-10,EFA,0.0075493646,0.04266064,0.035111275,train,0.069096476
2023-01-10,IWM,0.012387563,0.015079627,0.0026920643,train,0.044773497
2023-01-10,SPY,0.012568639,0.027001282,0.014432644,train,-0.029824479
2023-01-10,TLT,0.016121132,-0.008701714,0.024822846,train,-0.06345297
2023-01-11,EFA,0.014645038,0.06827169,0.05362665,train,0.04266064
2023-01-11,IWM,0.016658567,0.024551367,0.0078928005,train,0.015079627
2023-01-11,SPY,0.00363415,0.022582838,0.01894869,train,0.027001282
2023-01-11,TLT,0.019490642,0.009070257,0.010420386,train,-0.008701714
2023-01-12,EFA,0.005259653,0.038978904,0.033719253,train,0.06827169
2023-01-12,IWM,0.006543582,0.018658878,0.012115296,train,0.024551367
2023-01-12,SPY,0.0038720528,0.03261797,0.02874592,train,0.022582838
2023-01-12,TLT,-0.009416993,0.011401949,0.020818941,train,0.009070257
2023-01-13,EFA,0.0031144156,0.03048781,0.027373394,train,0.038978904
2023-01-13,IWM,-0.001230285,-0.009035839,0.0078055537,train,0.018658878
2023-01-13,SPY,-0.0018337822,0.03495928,0.03679306,train,0.03261797
2023-01-13,TLT,-0.0064843222,-0.020879744,0.014395421,train,0.011401949
2023-01-17,EFA,-0.0035396065,0.031558387,0.035097994,train,0.03048781
2023-01-17,IWM,-0.016297454,-0.0021218564,0.014175598,train,-0.009035839
2023-01-17,SPY,-0.015913809,0.0064268988,0.022340707,train,0.03495928
2023-01-17,TLT,0.0239423,-0.038212992,0.06215529,train,-0.020879744
2023-01-18,EFA,-0.0015616961,0.033562444,0.03512414,train,0.031558387
2023-01-18,IWM,-0.009621735,-0.010625189,0.0010034544,train,-0.0021218564
2023-01-18,SPY,-0.007306473,-0.003959978,0.0033464949,train,0.0064268988
2023-01-18,TLT,-0.0062793917,0.072945446,0.07922484,train,-0.038212992
2023-01-19,EFA,0.008769492,0.07559621,0.06682672,train,0.033562444
2023-01-19,IWM,0.016345503,-0.03395105,0.050296552,train,-0.010625189
2023-01-19,SPY,0.018457597,0.029832128,0.011374531,train,-0.003959978
2023-01-19,TLT,-0.01634413,-0.009463755,0.0068803746,train,0.072945446
2023-01-20,EFA,0.004075735,0.0701156,0.06603987,train,0.07559621
2023-01-20,IWM,0.0122997165,-0.013918484,0.0262182,train,-0.03395105
2023-01-20,SPY,0.011927251,0.03405715,0.0221299,train,0.029832128
2023-01-20,TLT,-0.0047191344,0.029658502,0.034377635,train,-0.009463755
2023-01-23,EFA,-0.0012632692,0.052508757,0.053772025,train,0.0701156
2023-01-23,IWM,-0.0021374414,0.0013468331,0.0034842745,train,-0.013918484
2023-01-23,SPY,-0.0010739288,0.0133102685,0.014384197,train,0.03405715
2023-01-23,TLT,0.014277889,-0.0045593437,0.018837232,train,0.029658502
2023-01-24,EFA,0.0065785586,0.065650955,0.059072398,train,0.052508757
2023-01-24,IWM,0.0027780205,-0.0053093266,0.008087347,train,0.0013468331
2023-01-24,SPY,0.0003748366,0.009978129,0.009603292,train,0.0133102685
2023-01-24,TLT,0.0024221784,0.037039608,0.034617428,train,-0.0045593437
2023-01-25,EFA,0.00083679677,0.06405803,0.06322123,train,0.065650955
2023-01-25,IWM,0.005904053,0.02163132,0.015727267,train,-0.0053093266
2023-01-25,SPY,0.010930312,0.03573466,0.02480435,train,0.009978129
2023-01-25,TLT,-0.004662801,-0.008820074,0.0041572726,train,0.037039608
2023-01-26,EFA,-0.0019533422,0.05300504,0.05495838,train,0.06405803
2023-01-26,IWM,0.005394711,0.04667454,0.041279826,train,0.02163132
2023-01-26,SPY,0.002295014,0.010720821,0.008425808,train,0.03573466
2023-01-26,TLT,-0.0025273338,-0.008275442,0.005748108,train,-0.008820074
2023-01-27,EFA,-0.0064453585,0.00043536164,0.00688072,train,0.05300504
2023-01-27,IWM,-0.014023386,-0.002755791,0.011267595,train,0.04667454
2023-01-27,SPY,-0.012626006,0.012834918,0.025460925,train,0.010720821
2023-01-27,TLT,-0.0036614279,0.041741647,0.045403074,train,-0.008275442
2023-01-30,EFA,0.0057466934,-0.0072443206,0.012991014,train,0.00043536164
2023-01-30,IWM,0.023995634,-0.013406476,0.03740211,train,-0.002755791
2023-01-30,SPY,0.014596218,0.01989967,0.005303452,train,0.012834918
2023-01-30,TLT,0.007962944,0.021758914,0.01379597,train,0.041741647
2023-01-31,EFA,0.008905122,0.018052418,0.009147296,train,-0.0072443206
2023-01-31,IWM,0.015597469,0.031566795,0.015969325,train,-0.013406476
2023-01-31,SPY,0.0105715515,0.03674613,0.026174579,train,0.01989967
2023-01-31,TLT,0.011949507,0.030071411,0.018121906,train,0.021758914
2023-02-01,EFA,-0.0013863872,0.053232662,0.054619048,train,0.018052418
2023-02-01,IWM,0.019501312,0.027911363,0.008410051,train,0.031566795
2023-02-01,SPY,0.014452144,0.026932284,0.012480141,train,0.03674613
2023-02-01,TLT,0.001293537,0.040157467,0.03886393,train,0.030071411
2023-02-02,EFA,-0.009337365,0.030286921,0.039624285,train,0.053232662
2023-02-02,IWM,-0.006729109,0.020592084,0.027321193,train,0.027911363
2023-02-02,SPY,-0.0106860455,0.03545674,0.046142787,train,0.026932284
2023-02-02,TLT,-0.015068871,0.038332373,0.053401243,train,0.040157467
2023-02-03,EFA,-0.010273766,0.04049342,0.050767187,train,0.030286921
2023-02-03,IWM,-0.014573269,-0.0023119394,0.012261329,train,0.020592084
2023-02-03,SPY,-0.006130077,0.022273527,0.028403604,train,0.03545674
2023-02-03,TLT,-0.007431362,0.0457389,0.05317026,train,0.038332373
2023-02-06,EFA,0.008451823,-0.0014550816,0.009906905,train,0.04049342
2023-02-06,IWM,0.007389944,0.0055840844,0.0018058596,train,-0.0023119394
2023-02-06,SPY,0.012993865,0.012575502,0.00041836314,train,0.022273527
2023-02-06,TLT,-0.008057903,0.045054734,0.053112637,train,0.0457389
2023-02-07,EFA,-0.0061909226,0.03247691,0.03866783,train,-0.0014550816
2023-02-07,IWM,-0.014731227,0.04803648,0.06276771,train,0.0055840844
2023-02-07,SPY,-0.010994954,0.054929562,0.06592452,train,0.012575502
2023-02-07,TLT,0.0047475863,0.023387484,0.018639898,train,0.045054734
2023-02-08,EFA,0.0018330103,0.05159878,0.04976577,train,0.03247691
2023-02-08,IWM,-0.014582855,0.0054865703,0.020069424,train,0.04803648
2023-02-08,SPY,-0.00870686,0.009286206,0.017993066,train,0.054929562
2023-02-08,TLT,-0.009518479,0.020218015,0.029736493,train,0.023387484
2023-02-09,EFA,-0.004376868,0.072934546,0.07731141,train,0.05159878
2023-02-09,IWM,0.0019987347,0.005176572,0.0031778375,train,0.0054865703
2023-02-09,SPY,0.0023307768,0.042481996,0.04015122,train,0.009286206
2023-02-09,TLT,-0.01125288,-0.02312897,0.0118760895,train,0.020218015
2023-02-10,EFA,0.009996515,-0.0011980888,0.0111946035,train,0.072934546
2023-02-10,IWM,0.011961227,-0.010754244,0.022715472,train,0.005176572
2023-02-10,SPY,0.011670756,0.041286044,0.029615287,train,0.042481996
2023-02-10,TLT,0.008379694,-0.0001451131,0.008524807,train,-0.02312897
2023-02-13,EFA,0.0018197652,0.040970687,0.039150923,train,-0.0011980888
2023-02-13,IWM,-0.0004675475,-0.011966744,0.011499197,train,-0.010754244
2023-02-13,SPY,-0.0004604391,-0.010319399,0.009858959,train,0.041286044
2023-02-13,TLT,-0.0023042748,0.0024262015,0.004730476,train,-0.0001451131
2023-02-14,EFA,-0.0044850484,0.030508777,0.034993827,train,0.040970687
2023-02-14,IWM,0.01007856,0.026848607,0.016770046,train,-0.011966744
2023-02-14,SPY,0.003242174,0.04441192,0.041169748,train,-0.010319399
2023-02-14,TLT,-0.009369227,-0.00012535043,0.009243877,train,0.0024262015
2023-02-15,EFA,-0.004928761,0.023784213,0.028712973,train,0.030508777
2023-02-15,IWM,-0.009611012,0.025769515,0.035380527,train,0.026848607
2023-02-15,SPY,-0.013864385,0.0019165147,0.0157809,train,0.04441192
2023-02-15,TLT,-0.0142692,-0.005128937,0.009140263,train,-0.00012535043
2023-02-16,EFA,0.0025378794,0.04535895,0.04282107,train,0.023784213
2023-02-16,IWM,0.002748035,0.021055944,0.01830791,train,0.025769515
2023-02-16,SPY,-0.002501511,0.04991121,0.05241272,train,0.0019165147
2023-02-16,TLT,0.0077465735,-0.0016193893,0.009365963,train,-0.005128937
2023-02-17,EFA,-0.011043501,0.017183108,0.02822661,train,0.04535895
2023-02-17,IWM,-0.029958123,0.0042193998,0.034177523,train,0.021055944
2023-02-17,SPY,-0.020264948,0.030729828,0.050994776,train,0.04991121
2023-02-17,TLT,-0.019628987,-0.010096479,0.0095325075,train,-0.0016193893
2023-02-21,EFA,-0.0055680047,0.0051619895,0.010729995,train,0.017183108
2023-02-21,IWM,0.00271734,-0.017153716,0.019871056,train,0.0042193998
2023-02-21,SPY,-0.0013788224,0.0345473,0.035926122,train,0.030729828
2023-02-21,TLT,0.009122781,0.0020311214,0.00709166,train,-0.010096479
2023-02-22,EFA,0.0051408187,0.056956664,0.051815845,train,0.0051619895
2023-02-22,IWM,0.0071044876,-0.0018949416,0.00899943,train,-0.017153716
2023-02-22,SPY,0.0053050527,0.009526189,0.0042211367,train,0.0345473
2023-02-22,TLT,0.009724211,0.0035707392,0.006153472,train,0.0020311214
2023-02-23,EFA,-0.016804768,0.005732836,0.022537604,train,0.056956664
2023-02-23,IWM,-0.009395014,0.004854819,0.014249832,train,-0.0018949416
2023-02-23,SPY,-0.010739872,-0.018442115,0.0077022426,train,0.009526189
2023-02-23,TLT,-0.013086439,-0.0123924725,0.00069396663,train,0.0035707392
2023-02-24,EFA,0.011807218,0.011004176,0.0008030422,train,0.005732836
2023-02-24,IWM,0.0035135678,0.013575225,0.010061657,train,0.004854819
2023-02-24,SPY,0.003400092,0.0051625594,0.0017624674,train,-0.018442115
2023-02-24,TLT,0.002769339,-0.001578318,0.004347657,train,-0.0123924725
2023-02-27,EFA,-0.007327125,-0.022307953,0.014980828,train,0.011004176
2023-02-27,IWM,5.3215044e-05,0.009744743,0.009691528,train,0.013575225
2023-02-27,SPY,-0.0037026496,-0.0044580977,0.0007554481,train,0.0051625594
2023-02-27,TLT,0.00453322,0.010470625,0.005937405,train,-0.001578318
2023-02-28,EFA,0.005321043,0.0047604935,0.00056054955,train,-0.022307953
2023-02-28,IWM,0.0012745463,-0.011936991,0.013211537,train,0.009744743
2023-02-28,SPY,-0.003843314,-0.016182369,0.012339055,train,-0.0044580977
2023-02-28,TLT,-0.010801343,0.025293073,0.036094416,train,0.010470625
2023-03-01,EFA,0.0020060819,-0.009338982,0.011345064,train,0.0047604935
2023-03-01,IWM,0.0023852685,0.00097202696,0.0014132415,train,-0.011936991
2023-03-01,SPY,0.0077472525,-0.017991649,0.025738902,train,-0.016182369
2023-03-01,TLT,-0.00890678,-0.004583059,0.004323721,train,0.025293073
2023-03-02,EFA,0.014494952,-0.010440502,0.024935454,train,-0.009338982
2023-03-02,IWM,0.013828952,0.0015717205,0.012257231,train,0.00097202696
2023-03-02,SPY,0.015910404,-0.026336798,0.042247202,train,-0.017991649
2023-03-02,TLT,0.023937238,-0.008544715,0.032481954,train,-0.004583059
2023-03-03,EFA,-0.0025427798,0.006496828,0.009039608,train,-0.010440502
2023-03-03,IWM,-0.014729426,-0.011712952,0.0030164747,train,0.0015717205
2023-03-03,SPY,0.00069253135,-0.046908848,0.04760138,train,-0.026336798
2023-03-03,TLT,-0.007783827,0.028142964,0.035926793,train,-0.008544715
2023-03-06,EFA,-0.016830912,-0.013856905,0.0029740073,train,0.006496828
2023-03-06,IWM,-0.011673505,-0.018625414,0.0069519086,train,-0.011712952
2023-03-06,SPY,-0.0154473055,0.004106112,0.019553417,train,-0.046908848
2023-03-06,TLT,0.0061139134,0.018010583,0.01189667,train,0.028142964
2023-03-07,EFA,0.005451133,0.0032178229,0.0022333101,train,-0.013856905
2023-03-07,IWM,0.00048241494,-0.0021573287,0.0026397435,train,-0.018625414
2023-03-07,SPY,0.0016305544,0.013533095,0.011902541,train,0.004106112
2023-03-07,TLT,0.0009827492,0.033726487,0.032743737,train,0.018010583
2023-03-08,EFA,-0.007322856,0.016130086,0.023452941,train,0.0032178229
2023-03-08,IWM,-0.028207636,-0.0056149736,0.022592662,train,-0.0021573287
2023-03-08,SPY,-0.018621996,0.012255476,0.030877471,train,0.013533095
2023-03-08,TLT,0.0024522343,0.00843594,0.005983706,train,0.033726487
2023-03-09,EFA,-0.010721753,-0.010662163,5.9590675e-05,train,0.016130086
2023-03-09,IWM,-0.029253425,-0.0005798936,0.028673531,train,-0.0056149736
2023-03-09,SPY,-0.014534669,0.008104453,0.022639122,train,0.012255476
2023-03-09,TLT,0.033904783,0.02525985,0.008644933,train,0.00843594
2023-03-10,EFA,-0.006869731,0.013875313,0.020745045,train,-0.010662163
2023-03-10,IWM,-0.016424384,0.015776794,0.03220118,train,-0.0005798936
2023-03-10,SPY,-0.0014263588,0.011119973,0.012546332,train,0.008104453
2023-03-10,TLT,0.0022704941,0.035000145,0.03272965,train,0.02525985
2023-03-13,EFA,0.0132587245,0.058954924,0.0456962,train,0.013875313
2023-03-13,IWM,0.018352322,0.021494785,0.003142463,train,0.015776794
2023-03-13,SPY,0.01639503,0.0012294073,0.015165623,train,0.011119973
2023-03-13,TLT,-0.016578343,0.016725363,0.033303708,train,0.035000145
2023-03-14,EFA,-0.03146402,-0.030171866,0.001292156,train,0.058954924
2023-03-14,IWM,-0.016622541,-0.0076767337,0.008945808,train,0.021494785
2023-03-14,SPY,-0.006274036,0.0031211684,0.0093952045,train,0.0012294073
2023-03-14,TLT,0.019125974,0.032286406,0.013160432,train,0.016725363
2023-03-15,EFA,0.015414684,-0.01252568,0.027940363,train,-0.030171866
2023-03-15,IWM,0.013558904,0.021677908,0.008119004,train,-0.0076767337
2023-03-15,SPY,0.017393121,0.016627483,0.0007656384,train,0.0031211684
2023-03-15,TLT,-0.007853411,0.041573822,0.049427234,train,0.032286406
2023-03-16,EFA,-0.011985081,0.016788738,0.028773818,train,-0.01252568
2023-03-16,IWM,-0.027362753,-0.026337104,0.0010256488,train,0.021677908
2023-03-16,SPY,-0.011761401,-0.0085418075,0.0032195933,train,0.016627483
2023-03-16,TLT,0.014897794,0.09167906,0.076781265,train,0.041573822
2023-03-17,EFA,0.015508696,-0.0017573591,0.017266056,train,0.016788738
2023-03-17,IWM,0.012881648,-0.011799332,0.02468098,train,-0.026337104
2023-03-17,SPY,0.009569526,0.040822625,0.0312531,train,-0.0085418075
2023-03-17,TLT,-0.008836328,0.008786773,0.0176231,train,0.09167906
2023-03-20,EFA,0.014983188,0.027238403,0.012255214,train,-0.0017573591
2023-03-20,IWM,0.018280867,-0.07725807,0.095538944,train,-0.011799332
2023-03-20,SPY,0.013045034,-0.012122193,0.025167227,train,0.040822625
2023-03-20,TLT,-0.008629621,-0.00822,0.0004096208,train,0.008786773
2023-03-21,EFA,-0.003471244,0.03828545,0.041756693,train,0.027238403
2023-03-21,IWM,-0.028770978,-0.010980951,0.017790027,train,-0.07725807
2023-03-21,SPY,-0.017193342,0.06380615,0.080999486,train,-0.012122193
2023-03-21,TLT,0.01324526,0.026687095,0.013441835,train,-0.00822
2023-03-22,EFA,0.00014493178,-0.007369371,0.007514303,train,0.03828545
2023-03-22,IWM,-0.0044482662,0.033304438,0.037752703,train,-0.010980951
2023-03-22,SPY,0.0026996678,-0.014518574,0.017218241,train,0.06380615
2023-03-22,TLT,0.0,0.026086288,0.026086288,train,0.026687095
2023-03-23,EFA,-0.0030468274,0.07268072,0.075727545,train,-0.007369371
2023-03-23,IWM,0.009004848,0.004985597,0.004019251,train,0.033304438
2023-03-23,SPY,0.0065406174,0.039115094,0.032574475,train,-0.014518574
2023-03-23,TLT,0.0042206887,-0.008146932,0.012367621,train,0.026086288
2023-03-24,EFA,0.009400579,0.023552814,0.014152235,train,0.07268072
2023-03-24,IWM,0.011056858,0.043003164,0.031946305,train,0.004985597
2023-03-24,SPY,0.0018681987,0.033606827,0.031738628,train,0.039115094
2023-03-24,TLT,-0.02377129,-0.0143377185,0.009433571,train,-0.008146932
2023-03-27,EFA,0.0004318565,0.017774317,0.017342461,train,0.023552814
2023-03-27,IWM,-0.0014402508,0.009228686,0.010668937,train,0.043003164
2023-03-27,SPY,-0.0022471503,-0.0095612705,0.0073141204,train,0.033606827
2023-03-27,TLT,0.0018190483,0.03458237,0.03276332,train,-0.0143377185
2023-03-28,EFA,0.012013832,0.0892149,0.07720107,train,0.017774317
2023-03-28,IWM,0.011293641,0.0006838981,0.010609743,train,0.009228686
2023-03-28,SPY,0.014430026,-0.009783756,0.024213782,train,-0.0095612705
2023-03-28,TLT,-0.0020108414,-0.0252344,0.023223558,train,0.03458237
2023-03-29,EFA,0.011590261,0.02524874,0.013658479,train,0.0892149
2023-03-29,IWM,-0.001369165,0.042178348,0.04354751,train,0.0006838981
2023-03-29,SPY,0.0058383555,0.031748787,0.025910432,train,-0.009783756
2023-03-29,TLT,0.0045905276,-0.016322194,0.020912722,train,-0.0252344
2023-03-30,EFA,0.005046242,0.016980756,0.011934514,train,0.02524874
2023-03-30,IWM,0.018214239,0.01311505,0.0050991885,train,0.042178348
2023-03-30,SPY,0.013995996,0.049237497,0.0352415,train,0.031748787
2023-03-30,TLT,0.01487022,0.02093153,0.006061311,train,-0.016322194
2023-03-31,EFA,0.007938098,-0.0005159937,0.008454092,train,0.016980756
2023-03-31,IWM,0.00044844567,0.020114584,0.019666139,train,0.01311505
2023-03-31,SPY,0.0038035696,0.04506859,0.041265022,train,0.049237497
2023-03-31,TLT,0.0046920027,-0.00042065233,0.005112655,train,0.02093153
2023-04-03,EFA,0.00013870193,0.023189556,0.023050854,train,-0.0005159937
2023-04-03,IWM,-0.017692441,0.09088012,0.10857256,train,0.020114584
2023-04-03,SPY,-0.0055636275,-0.0067942347,0.0012306073,train,0.04506859
2023-04-03,TLT,0.0049591255,0.042198114,0.03723899,train,-0.00042065233
2023-04-04,EFA,-0.006958772,-0.005764054,0.0011947178,train,0.023189556
2023-04-04,IWM,-0.009857705,-0.012525585,0.0026678797,train,0.09088012
2023-04-04,SPY,-0.0026218158,-0.009460133,0.006838317,train,-0.0067942347
2023-04-04,TLT,0.0104005905,-0.015586203,0.025986794,train,0.042198114
2023-04-05,EFA,0.004737346,0.053353235,0.048615888,train,-0.005764054
2023-04-05,IWM,0.0014964988,-0.006091574,0.007588073,train,-0.012525585
2023-04-05,SPY,0.0038933607,0.053639255,0.049745895,train,-0.009460133
2023-04-05,TLT,0.0025831356,0.0076280218,0.005044886,train,-0.015586203
2023-04-06,EFA,-0.00069512846,0.030177915,0.030873043,train,0.053353235
2023-04-06,IWM,0.010639719,0.01129498,0.00065526087,train,-0.006091574
2023-04-06,SPY,0.00102574,0.01628136,0.015255621,train,0.053639255
2023-04-06,TLT,-0.01625603,0.03029509,0.046551123,train,0.0076280218
2023-04-10,EFA,0.0033325448,0.023896823,0.020564279,train,0.030177915
2023-04-10,IWM,0.007877746,-0.009763794,0.01764154,train,0.01129498
2023-04-10,SPY,0.00026858272,0.041891143,0.04162256,train,0.01628136
2023-04-10,TLT,0.0020580022,0.0063944645,0.0043364624,train,0.03029509
2023-04-11,EFA,0.006357176,0.011429716,0.0050725397,train,0.023896823
2023-04-11,IWM,-0.0073659793,0.0038281735,0.011194153,train,-0.009763794
2023-04-11,SPY,-0.00408431,0.025685525,0.029769834,train,0.041891143
2023-04-11,TLT,-0.0010283914,0.024208488,0.025236879,train,0.0063944645
2023-04-12,EFA,0.012730518,0.0069657825,0.005764736,train,0.011429716
2023-04-12,IWM,0.013163613,-0.022681205,0.035844818,train,0.0038281735
2023-04-12,SPY,0.013195264,0.07910077,0.06590551,train,0.025685525
2023-04-12,TLT,-0.007889433,0.020321598,0.028211031,train,0.024208488
2023-04-13,EFA,-0.004089097,-0.039869428,0.03578033,train,0.0069657825
2023-04-13,IWM,-0.009360654,-0.045744248,0.03638359,train,-0.022681205
2023-04-13,SPY,-0.0024456412,-0.015200125,0.012754484,train,0.07910077
2023-04-13,TLT,-0.0091886455,0.006595999,0.015784644,train,0.020321598
2023-04-14,EFA,-0.0017769986,0.015005441,0.01678244,train,-0.039869428
2023-04-14,IWM,0.01277849,0.0025609564,0.010217533,train,-0.045744248
2023-04-14,SPY,0.0035817234,0.003969718,0.00038799434,train,-0.015200125
2023-04-14,TLT,-0.0119668925,0.0089131985,0.020880092,train,0.006595999
2023-04-17,EFA,0.005457743,0.0013450794,0.0041126637,train,0.015005441
2023-04-17,IWM,-0.0042599123,-0.0139935035,0.009733591,train,0.0025609564
2023-04-17,SPY,0.00065204676,0.021422127,0.02077008,train,0.003969718
2023-04-17,TLT,0.00355693,0.012284534,0.0087276045,train,0.0089131985
2023-04-18,EFA,-0.0031344958,0.0014543142,0.00458881,train,0.0013450794
2023-04-18,IWM,0.0012912783,-0.011418939,0.012710217,train,-0.0139935035
2023-04-18,SPY,-0.00016898572,0.025852852,0.026021838,train,0.021422127
2023-04-18,TLT,-0.000960335,0.05002906,0.050989397,train,0.012284534
2023-04-19,EFA,0.0,0.0088695455,0.0088695455,train,0.0014543142
2023-04-19,IWM,-0.005174703,-0.020506864,0.015332161,train,-0.011418939
2023-04-19,SPY,-0.005472048,0.0018146448,0.007286693,train,0.025852852
2023-04-19,TLT,0.008513311,0.004541655,0.003971656,train,0.05002906
2023-04-20,EFA,0.0050376505,0.011245118,0.006207468,train,0.0088695455
2023-04-20,IWM,0.0012962105,-0.03159234,0.03288855,train,-0.020506864
2023-04-20,SPY,0.00077677204,0.006092645,0.0053158733,train,0.0018146448
2023-04-20,TLT,-0.0056353975,-0.0013773367,0.004258061,train,0.004541655
2023-04-21,EFA,0.0025773006,-0.0063266996,0.008904001,train,0.011245118
2023-04-21,IWM,-0.0006761863,-0.046532206,0.04585602,train,-0.03159234
2023-04-21,SPY,0.0010425508,0.019774245,0.018731695,train,0.006092645
2023-04-21,TLT,0.009627801,-0.012050461,0.021678261,train,-0.0013773367
2023-04-24,EFA,-0.014051172,-0.0085356925,0.0055154795,train,-0.0063266996
2023-04-24,IWM,-0.024994245,0.007552931,0.032547176,train,-0.046532206
2023-04-24,SPY,-0.016001187,0.01979686,0.035798047,train,0.019774245
2023-04-24,TLT,0.014597111,0.025576012,0.010978901,train,-0.012050461
2023-04-25,EFA,-0.0006872395,-0.01788071,0.01719347,train,-0.0085356925
2023-04-25,IWM,-0.009696595,0.041282095,0.05097869,train,0.007552931
2023-04-25,SPY,-0.004244567,-4.4012442e-05,0.0042005545,train,0.01979686
2023-04-25,TLT,-0.010715291,0.013464211,0.024179501,train,0.025576012
2023-04-26,EFA,0.012432809,0.03759728,0.02516447,train,-0.01788071
2023-04-26,IWM,0.0132728005,0.04099682,0.02772402,train,0.041282095
2023-04-26,SPY,0.01971246,0.022625865,0.0029134061,train,-4.4012442e-05
2023-04-26,TLT,-0.00997183,0.06709164,0.07706346,train,0.013464211
2023-04-27,EFA,-0.00040740333,0.029855385,0.030262789,train,0.03759728
2023-04-27,IWM,0.008713549,-0.04815606,0.05686961,train,0.04099682
2023-04-27,SPY,0.008498845,-0.018909449,0.027408294,train,0.022625865
2023-04-27,TLT,0.016001757,0.015500672,0.0005010851,train,0.06709164
2023-04-28,EFA,-0.0014952339,0.045885295,0.04738053,train,0.029855385
2023-04-28,IWM,0.0005708282,-0.05117292,0.05174375,train,-0.04815606
2023-04-28,SPY,-0.0010102224,-0.0109667145,0.009956492,train,-0.018909449
2023-04-28,TLT,-0.029258372,0.021553978,0.05081235,train,0.015500672
2023-05-01,EFA,-0.01011784,0.03799756,0.0481154,train,0.045885295
2023-05-01,IWM,-0.020750007,-0.03119251,0.010442503,train,-0.05117292
2023-05-01,SPY,-0.011302719,0.0005979333,0.011900652,train,-0.0109667145
2023-05-01,TLT,0.02461452,0.006517457,0.018097064,train,0.021553978
2023-05-02,EFA,0.002607835,0.0420786,0.039470766,train,0.03799756
2023-05-02,IWM,0.0036622847,0.034763396,0.031101111,train,-0.03119251
2023-05-02,SPY,-0.0068877703,-0.03600329,0.02911552,train,0.0005979333
2023-05-02,TLT,0.0055665607,0.018022032,0.012455472,train,0.006517457
2023-05-03,EFA,-0.0020582092,0.050760895,0.052819103,train,0.0420786
2023-05-03,IWM,-0.0112625295,-0.03428126,0.023018733,train,0.034763396
2023-05-03,SPY,-0.007108128,-0.015858969,0.008750841,train,-0.03600329
2023-05-03,TLT,-0.009927853,0.04041455,0.050342403,train,0.018022032
2023-05-04,EFA,0.014588775,0.03149682,0.016908044,train,0.050760895
2023-05-04,IWM,0.02348956,0.031340625,0.007851066,train,-0.03428126
2023-05-04,SPY,0.01834329,0.0077627627,0.010580528,train,-0.015858969
2023-05-04,TLT,-0.003331336,0.06217611,0.06550744,train,0.04041455
2023-05-05,EFA,0.00027077863,0.029517611,0.029246833,train,0.03149682
2023-05-05,IWM,-0.0022955113,-0.062318325,0.060022812,train,0.031340625
2023-05-05,SPY,0.00026654056,-0.017363919,0.01763046,train,0.0077627627
2023-05-05,TLT,-0.014113714,0.01271276,0.026826475,train,0.06217611
2023-05-08,EFA,-0.0040678,0.07321195,0.077279754,train,0.029517611
2023-05-08,IWM,-0.0029923008,-0.018588675,0.015596375,train,-0.062318325
2023-05-08,SPY,-0.0043949466,0.0039303266,0.008325273,train,-0.017363919
2023-05-08,TLT,-0.003584069,0.008688267,0.0122723365,train,0.01271276
2023-05-09,EFA,-0.0020401792,0.025641207,0.027681386,train,0.07321195
2023-05-09,IWM,0.0050585703,0.0078071877,0.0027486174,train,-0.018588675
2023-05-09,SPY,0.00466134,0.0069443407,0.0022830009,train,0.0039303266
2023-05-09,TLT,0.00965707,0.0064256964,0.0032313736,train,0.008688267
2023-05-10,EFA,-0.0024535845,0.05223777,0.054691356,train,0.025641207
2023-05-10,IWM,-0.007712817,0.019069595,0.026782412,train,0.0078071877
2023-05-10,SPY,-0.0017453708,-0.011241423,0.009496052,train,0.0069443407
2023-05-10,TLT,0.010516567,0.014776246,0.0042596785,train,0.0064256964
2023-05-11,EFA,-0.0017756697,0.045530923,0.047306594,train,0.05223777
2023-05-11,IWM,-0.0020243367,0.012698958,0.014723294,train,0.019069595
2023-05-11,SPY,-0.0013112607,-0.002545653,0.0012343922,train,-0.011241423
2023-05-11,TLT,-0.008404355,0.0073347837,0.01573914,train,0.014776246
2023-05-12,EFA,0.0076272823,0.04358694,0.035959657,train,0.045530923
2023-05-12,IWM,0.0121423425,0.032430463,0.020288121,train,0.012698958
2023-05-12,SPY,0.003444257,-0.0168614,0.020305656,train,-0.002545653
2023-05-12,TLT,-0.010411765,-0.025362955,0.01495119,train,0.0073347837
2023-05-15,EFA,-0.009543314,0.035179082,0.044722397,train,0.04358694
2023-05-15,IWM,-0.014692948,-0.02548212,0.010789172,train,0.032430463
2023-05-15,SPY,-0.0067052045,-0.02058488,0.013879675,train,-0.0168614
2023-05-15,TLT,-0.0030085258,0.02794966,0.030958185,train,-0.025362955
2023-05-16,EFA,0.004646474,0.007095948,0.0024494738,train,0.035179082
2023-05-16,IWM,0.022044318,-0.0028432142,0.024887532,train,-0.02548212
2023-05-16,SPY,0.012065899,-0.006012829,0.018078728,train,-0.02058488
2023-05-16,TLT,-0.0029204753,0.0037276745,0.00664815,train,0.02794966
2023-05-17,EFA,-0.0015007174,0.013868178,0.015368896,train,0.007095948
2023-05-17,IWM,0.0060570776,-0.030126302,0.03618338,train,-0.0028432142
2023-05-17,SPY,0.009587199,0.026729167,0.017141968,train,-0.006012829
2023-05-17,TLT,-0.0074364836,0.02284459,0.030281074,train,0.0037276745
2023-05-18,EFA,0.0058546844,0.07842752,0.07257284,train,0.013868178
2023-05-18,IWM,-0.0061137276,-0.014445631,0.008331903,train,-0.030126302
2023-05-18,SPY,-0.0014562164,0.008160824,0.00961704,train,0.026729167
2023-05-18,TLT,-0.007096243,-0.0020105932,0.00508565,train,0.02284459
2023-05-19,EFA,0.0002713591,-2.0312145e-05,0.00029167125,train,0.07842752
2023-05-19,IWM,0.012134249,0.009564215,0.002570034,train,-0.014445631
2023-05-19,SPY,0.00040607248,0.021542469,0.021136396,train,0.008160824
2023-05-19,TLT,-0.0035672225,-0.00041974522,0.0031474773,train,-0.0020105932
2023-05-22,EFA,-0.014766393,0.04403931,0.058805704,train,-2.0312145e-05
2023-05-22,IWM,-0.004723287,-0.020143582,0.015420294,train,0.009564215
2023-05-22,SPY,-0.011286404,0.023833895,0.0351203,train,0.021542469
2023-05-22,TLT,0.00287462,0.0148444865,0.011969866,train,-0.00041974522
2023-05-23,EFA,-0.014708351,0.049568288,0.064276636,train,0.04403931
2023-05-23,IWM,-0.010652887,0.0386535,0.049306385,train,-0.020143582
2023-05-23,SPY,-0.0072711064,0.039136175,0.046407282,train,0.023833895
2023-05-23,TLT,-0.004961562,-0.015386848,0.010425286,train,0.0148444865
2023-05-24,EFA,-0.0013986399,0.01592758,0.017326219,train,0.049568288
2023-05-24,IWM,-0.007835173,-0.008209938,0.00037476514,train,0.0386535
2023-05-24,SPY,0.008622661,0.041805938,0.033183277,train,0.039136175
2023-05-24,TLT,-0.0024897442,-0.0076908115,0.0052010673,train,-0.015386848
2023-05-25,EFA,0.009750695,0.014435055,0.0046843598,train,0.01592758
2023-05-25,IWM,0.011304127,0.00058049895,0.010723628,train,-0.008209938
2023-05-25,SPY,0.012867478,0.0070279557,0.005839522,train,0.041805938
2023-05-25,TLT,0.008044596,-0.030833585,0.03887818,train,-0.0076908115
2023-05-26,EFA,-0.0101705855,0.01642607,0.026596654,train,0.014435055
2023-05-26,IWM,-0.003696772,-0.02164588,0.017949108,train,0.00058049895
2023-05-26,SPY,0.00038078395,0.005620273,0.005239489,train,0.0070279557
2023-05-26,TLT,0.009941901,0.013776658,0.003834757,train,-0.030833585
2023-05-30,EFA,-0.010416936,0.008995207,0.019412143,train,0.01642607
2023-05-30,IWM,-0.0099063795,0.01954839,0.02945477,train,-0.02164588
2023-05-30,SPY,-0.005560511,0.008593753,0.014154264,train,0.005620273
2023-05-30,TLT,0.008679205,0.013451032,0.0047718277,train,0.013776658
2023-05-31,EFA,0.014748545,0.04233331,0.027584763,train,0.008995207
2023-05-31,IWM,0.010760632,-0.0014988333,0.012259466,train,0.01954839
2023-05-31,SPY,0.009456221,0.020964911,0.01150869,train,0.008593753
2023-05-31,TLT,0.003915519,-0.005645724,0.009561243,train,0.013451032
2023-06-01,EFA,0.012883722,-0.014219204,0.027102925,train,0.04233331
2023-06-01,IWM,0.035623193,0.029910628,0.005712565,train,-0.0014988333
2023-06-01,SPY,0.014357457,-0.017721223,0.03207868,train,0.020964911
2023-06-01,TLT,-0.01101866,-0.016689768,0.005671108,train,-0.005645724
2023-06-02,EFA,-0.0057979845,0.0284927,0.034290686,train,-0.014219204
2023-06-02,IWM,-0.013495726,0.01419894,0.027694665,train,0.029910628
2023-06-02,SPY,-0.00191797,-0.03393741,0.03201944,train,-0.017721223
2023-06-02,TLT,-0.0018645732,0.02960378,0.031468354,train,-0.016689768
2023-06-05,EFA,0.008272598,0.022477664,0.0142050665,train,0.0284927
2023-06-05,IWM,0.025998304,0.012402432,0.013595872,train,0.01419894
2023-06-05,SPY,0.0021751358,-0.0038436446,0.00601878,train,-0.03393741
2023-06-05,TLT,0.0058765607,0.01866524,0.0127886785,train,0.02960378
2023-06-06,EFA,-0.008833739,0.04784987,0.05668361,train,0.022477664
2023-06-06,IWM,0.018537674,0.011961268,0.006576406,train,0.012402432
2023-06-06,SPY,-0.0034638369,-0.0009383913,0.0025254455,train,-0.0038436446
2023-06-06,TLT,-0.014954871,0.014299633,0.029254504,train,0.01866524
2023-06-07,EFA,0.01052424,0.05250512,0.04198088,train,0.04784987
2023-06-07,IWM,-0.0037456825,-0.031239195,0.027493512,train,0.011961268
2023-06-07,SPY,0.0060303905,0.010713786,0.0046833954,train,-0.0009383913
2023-06-07,TLT,0.011629158,-0.008276759,0.019905917,train,0.014299633
2023-06-08,EFA,-0.0016766562,0.016449634,0.01812629,train,0.05250512
2023-06-08,IWM,-0.008127499,-0.0076303836,0.0004971158,train,-0.031239195
2023-06-08,SPY,0.0017926026,0.021702023,0.019909421,train,0.010713786
2023-06-08,TLT,-0.001372519,0.03597915,0.03735167,train,-0.008276759
2023-06-09,EFA,0.0043251663,-0.007932408,0.012257574,train,0.016449634
2023-06-09,IWM,0.0041527995,-0.014273025,0.018425824,train,-0.0076303836
2023-06-09,SPY,0.009031199,0.02715333,0.018122131,train,0.021702023
2023-06-09,TLT,0.0029390117,0.012108231,0.009169219,train,0.03597915
2023-06-12,EFA,0.009422303,0.03442175,0.024999447,train,-0.007932408
2023-06-12,IWM,0.01139856,-0.050974876,0.062373437,train,-0.014273025
2023-06-12,SPY,0.0065711,0.012846431,0.0062753307,train,0.02715333
2023-06-12,TLT,-0.009930035,0.01615131,0.026081346,train,0.012108231
2023-06-13,EFA,0.0037167196,0.054566085,0.050849367,train,0.03442175
2023-06-13,IWM,-0.010806563,0.012712466,0.023519028,train,-0.050974876
2023-06-13,SPY,0.001190232,0.0052435994,0.0040533673,train,0.012846431
2023-06-13,TLT,0.007971599,0.0087414645,0.0007698657,train,0.01615131
2023-06-14,EFA,0.010524332,0.025015723,0.014491391,train,0.054566085
2023-06-14,IWM,0.008195769,0.04759357,0.039397802,train,0.012712466
2023-06-14,SPY,0.012321363,-0.0013421103,0.013663474,train,0.0052435994
2023-06-14,TLT,0.009559968,0.018541608,0.00898164,train,0.0087414645
2023-06-15,EFA,-0.0021778084,-0.004163174,0.0019853655,train,0.025015723
2023-06-15,IWM,-0.008034638,-0.018453768,0.010419129,train,0.04759357
2023-06-15,SPY,-0.0034121405,-0.012003172,0.008591032,train,-0.0013421103
2023-06-15,TLT,-0.003890802,0.011384096,0.015274898,train,0.018541608
2023-06-16,EFA,-0.013305264,0.02148087,0.034786135,train,-0.004163174
2023-06-16,IWM,-0.004365634,0.1027431,0.10710873,train,-0.018453768
2023-06-16,SPY,-0.0052015465,-0.008663513,0.0034619663,train,-0.012003172
2023-06-16,TLT,0.006895973,0.041875575,0.0349796,train,0.011384096
2023-06-20,EFA,0.0015177274,-0.044481575,0.045999303,train,0.02148087
2023-06-20,IWM,-0.0023256254,0.03880422,0.041129842,train,0.1027431
2023-06-20,SPY,-0.005136951,0.038139023,0.043275975,train,-0.008663513
2023-06-20,TLT,0.0024170065,-0.010925429,0.0133424355,train,0.041875575
2023-06-21,EFA,-0.0062236367,0.01232213,0.018545765,train,-0.044481575
2023-06-21,IWM,-0.0074449456,0.066880465,0.07432541,train,0.03880422
2023-06-21,SPY,0.0036031823,0.047341384,0.0437382,train,0.038139023
2023-06-21,TLT,-0.012143878,-0.04165083,0.029506953,train,-0.010925429
2023-06-22,EFA,-0.015660392,-0.00038020872,0.015280183,train,0.01232213
2023-06-22,IWM,-0.015169243,0.044748023,0.059917267,train,0.066880465
2023-06-22,SPY,-0.007588675,0.035201676,0.04279035,train,0.047341384
2023-06-22,TLT,0.009920457,-0.0012730472,0.011193505,train,-0.04165083
2023-06-23,EFA,0.0012677915,0.0016901512,0.00042235968,train,-0.00038020872
2023-06-23,IWM,0.0009963567,-0.03735301,0.038349364,train,0.044748023
2023-06-23,SPY,-0.0040941155,0.06273375,0.06682786,train,0.035201676
2023-06-23,TLT,0.0010640925,0.0004647579,0.0005993346,train,-0.0012730472
2023-06-26,EFA,0.008688211,0.09193982,0.08325161,train,0.0016901512
2023-06-26,IWM,0.0143364575,0.008705519,0.0056309383,train,-0.03735301
2023-06-26,SPY,0.010903609,0.017790308,0.0068866992,train,0.06273375
2023-06-26,TLT,-0.0026137445,0.02996817,0.032581914,train,0.0004647579
2023-06-27,EFA,0.0006976011,0.063413925,0.06271633,train,0.09193982
2023-06-27,IWM,0.0048964196,0.00957079,0.004674371,train,0.008705519
2023-06-27,SPY,0.00050426257,-0.0008507017,0.0013549642,train,0.017790308
2023-06-27,TLT,0.0042559225,-0.0066563003,0.010912223,train,0.02996817
2023-06-28,EFA,-0.0013953436,0.06610102,0.06749637,train,0.063413925
2023-06-28,IWM,0.011439732,0.009274678,0.002165054,train,0.00957079
2023-06-28,SPY,0.0039336365,0.00016500428,0.0037686322,train,-0.0008507017
2023-06-28,TLT,-0.018213585,-0.022869883,0.004656298,train,-0.0066563003
2023-06-29,EFA,0.012212123,0.061677776,0.049465653,train,0.06610102
2023-06-29,IWM,0.004763808,0.03273347,0.027969662,train,0.009274678
2023-06-29,SPY,0.011731659,0.003862979,0.00786868,train,0.00016500428
2023-06-29,TLT,0.011726076,-0.0006394591,0.012365535,train,-0.022869883
2023-06-30,EFA,-0.0011040819,0.07821007,0.07931415,train,0.061677776
2023-06-30,IWM,0.002027083,-0.000984015,0.003011098,train,0.03273347
2023-06-30,SPY,0.0011497416,0.0059462795,0.004796538,train,0.003862979
2023-06-30,TLT,-0.0056853327,0.0003285613,0.006013894,train,-0.0006394591
2023-07-03,EFA,-0.011247694,0.048048586,0.05929628,train,0.07821007
2023-07-03,IWM,-0.010015233,-0.023142895,0.013127661,train,-0.000984015
2023-07-03,SPY,-0.0014882237,-0.036682777,0.035194553,train,0.0059462795
2023-07-03,TLT,-0.0095480345,0.0059414636,0.015489498,train,0.0003285613
2023-07-05,EFA,-0.01746767,0.036072865,0.053540535,test,0.048048586
2023-07-05,IWM,-0.016279954,0.059244893,0.07552485,test,-0.023142895
2023-07-05,SPY,-0.0078613125,0.06958733,0.07744864,test,-0.036682777
2023-07-05,TLT,-0.014243761,-0.0009415224,0.013302239,test,0.0059414636
2023-07-06,EFA,0.007503402,0.02666778,0.019164378,test,0.036072865
2023-07-06,IWM,0.010503642,0.030854,0.020350358,test,0.059244893
2023-07-06,SPY,-0.002527984,0.03163019,0.034158174,test,0.06958733
2023-07-06,TLT,-0.0060373726,-0.0053373314,0.0007000412,test,-0.0009415224
2023-07-07,EFA,0.002816675,0.001298165,0.00151851,test,0.02666778
2023-07-07,IWM,0.016963275,-0.025790835,0.04275411,test,0.030854
2023-07-07,SPY,0.002527984,0.03615468,0.033626694,test,0.03163019
2023-07-07,TLT,0.0013108866,-0.024437452,0.025748339,test,-0.0053373314
2023-07-10,EFA,0.008961218,0.036572643,0.027611423,test,0.001298165
2023-07-10,IWM,0.010220681,-0.0059626326,0.016183313,test,-0.025790835
2023-07-10,SPY,0.006348153,0.024091782,0.017743628,test,0.03615468
2023-07-10,TLT,0.0051277415,0.0021509696,0.002976772,test,-0.024437452
2023-07-11,EFA,0.018916886,0.04130233,0.022385444,test,0.036572643
2023-07-11,IWM,0.010847118,-0.0010557286,0.011902846,test,-0.0059626326
2023-07-11,SPY,0.008013686,0.0010665338,0.0069471523,test,0.024091782
2023-07-11,TLT,0.011069551,-0.0021075346,0.013177086,test,0.0021509696
2023-07-12,EFA,0.015876438,-0.0026980955,0.018574534,test,0.04130233
2023-07-12,IWM,0.008045976,0.045281716,0.03723574,test,-0.0010557286
2023-07-12,SPY,0.007905611,0.003328791,0.00457682,test,0.0010665338
2023-07-12,TLT,0.010457834,0.0009731371,0.009484697,test,-0.0021075346
2023-07-13,EFA,-0.0056703687,-0.054466374,0.048796006,test,-0.0026980955
2023-07-13,IWM,-0.009819471,-0.041263796,0.031444326,test,0.045281716
2023-07-13,SPY,-0.0006230116,-0.030489141,0.02986613,test,0.003328791
2023-07-13,TLT,-0.0059058666,-0.0057973247,0.00010854192,test,0.0009731371
2023-07-14,EFA,-0.0012193054,-0.022841277,0.02162197,test,-0.054466374
2023-07-14,IWM,0.010646389,0.038009584,0.027363196,test,-0.041263796
2023-07-14,SPY,0.003466222,-0.015308043,0.018774265,test,-0.030489141
2023-07-14,TLT,0.00049325894,0.06956119,0.06906793,test,-0.0057973247
2023-07-17,EFA,0.006485776,0.018832587,0.012346811,test,-0.022841277
2023-07-17,IWM,0.012270756,-0.0432558,0.055526555,test,0.038009584
2023-07-17,SPY,0.0074031744,-0.017170532,0.024573706,test,-0.015308043
2023-07-17,TLT,0.0045290277,0.02698365,0.022454623,test,0.06956119
2023-07-18,EFA,-0.00053893315,-0.013221784,0.0126828505,test,0.018832587
2023-07-18,IWM,0.004226325,-0.008803261,0.0130295865,test,-0.0432558
2023-07-18,SPY,0.0022212164,0.0045324517,0.0023112353,test,-0.017170532
2023-07-18,TLT,0.011233345,0.0038034152,0.0074299295,test,0.02698365
2023-07-19,EFA,-0.0051337327,0.014960632,0.020094365,test,-0.013221784
2023-07-19,IWM,-0.008778163,0.0016808864,0.01045905,test,-0.008803261
2023-07-19,SPY,-0.006656625,-0.0057804827,0.0008761422,test,0.0045324517
2023-07-19,TLT,-0.012216063,-0.027671894,0.015455831,test,0.0038034152
2023-07-20,EFA,0.0020297756,0.05042834,0.04839856,test,0.014960632
2023-07-20,IWM,-0.0031834564,0.05074498,0.05392844,test,0.0016808864
2023-07-20,SPY,0.0,0.037658654,0.037658654,test,-0.0057804827
2023-07-20,TLT,0.00029495885,-0.06822948,0.06852444,test,-0.027671894
2023-07-21,EFA,-0.0024361361,0.029254958,0.031691093,test,0.05042834
2023-07-21,IWM,0.0024655461,0.06214595,0.059680402,test,0.05074498
2023-07-21,SPY,0.0044574,0.030874869,0.026417468,test,0.037658654
2023-07-21,TLT,-0.0036436126,0.07538628,0.07902989,test,-0.06822948
2023-07-24,EFA,0.0010833358,0.018767305,0.017683968,test,0.029254958
2023-07-24,IWM,-0.00010256607,0.041775115,0.04187768,test,0.06214595
2023-07-24,SPY,0.0027263446,0.029241042,0.026514698,test,0.030874869
2023-07-24,TLT,-0.0018764025,0.01950785,0.021384252,test,0.07538628
2023-07-25,EFA,0.0027035503,0.023798618,0.021095067,test,0.018767305
2023-07-25,IWM,0.0078695305,0.05329538,0.04542585,test,0.041775115
2023-07-25,SPY,0.00015357859,0.026429133,0.026275555,test,0.029241042
2023-07-25,TLT,0.0009879484,-0.0022103246,0.003198273,test,0.01950785
2023-07-26,EFA,-0.002297518,0.018593566,0.020891085,test,0.023798618
2023-07-26,IWM,-0.013013079,0.04526742,0.0582805,test,0.05329538
2023-07-26,SPY,-0.006651871,0.014311196,0.020963067,test,0.026429133
2023-07-26,TLT,-0.019644741,-0.045846708,0.026201967,test,-0.0022103246
2023-07-27,EFA,0.0071451883,-0.004087748,0.011232937,test,0.018593566
2023-07-27,IWM,0.012860336,0.0845556,0.07169527,test,0.04526742
2023-07-27,SPY,0.009742636,0.021326987,0.011584351,test,0.014311196
2023-07-27,TLT,0.0051226784,-0.0073061846,0.012428863,test,-0.045846708
2023-07-28,EFA,0.00026867032,0.0059420653,0.005673395,test,-0.004087748
2023-07-28,IWM,0.0115404045,0.03390941,0.022369005,test,0.0845556
2023-07-28,SPY,0.0019021962,-0.033299603,0.0352018,test,0.021326987
2023-07-28,TLT,0.0024019072,-0.054987498,0.057389405,test,-0.0073061846
2023-07-31,EFA,-0.012568595,0.011531217,0.024099812,test,0.0059420653
2023-07-31,IWM,-0.004590005,0.06372565,0.068315655,test,0.03390941
2023-07-31,SPY,-0.002865628,-0.020395467,0.01752984,test,-0.033299603
2023-07-31,TLT,-0.016522693,-0.044885144,0.028362451,test,-0.054987498
2023-08-01,EFA,-0.018807473,0.022134425,0.040941898,test,0.011531217
2023-08-01,IWM,-0.013692992,0.069496766,0.083189756,test,0.06372565
2023-08-01,SPY,-0.014008513,0.0066112336,0.020619746,test,-0.020395467
2023-08-01,TLT,-0.010756668,-0.003583083,0.007173585,test,-0.044885144
2023-08-02,EFA,-0.0027756996,0.028615246,0.031390946,test,0.022134425
2023-08-02,IWM,-0.0028229947,0.07998609,0.08280908,test,0.069496766
2023-08-02,SPY,-0.0028699553,0.0026852153,0.0055551706,test,0.0066112336
2023-08-02,TLT,-0.023341578,-0.014563138,0.00877844,test,-0.003583083
2023-08-03,EFA,0.0027756996,0.028343746,0.025568048,test,0.028615246
2023-08-03,IWM,-0.0020065012,0.061171368,0.06317787,test,0.07998609
2023-08-03,SPY,-0.0045329644,-0.006951386,0.0024184217,test,0.0026852153
2023-08-03,TLT,0.017557282,-0.03082717,0.04838445,test,-0.014563138
2023-08-04,EFA,0.0084178215,0.053546354,0.04512853,test,0.028343746
2023-08-04,IWM,0.00066938915,0.0749134,0.07424401,test,0.061171368
2023-08-04,SPY,0.008690598,0.0009073224,0.007783276,test,-0.006951386
2023-08-04,TLT,-0.009890653,-0.011823062,0.0019324087,test,-0.03082717
2023-08-07,EFA,-0.0060648783,0.043943785,0.050008662,test,0.053546354
2023-08-07,IWM,-0.0062987185,0.047558323,0.05385704,test,0.0749134
2023-08-07,SPY,-0.0043582222,0.002129674,0.006487896,test,0.0009073224
2023-08-07,TLT,0.011546852,-0.021821352,0.033368204,test,-0.011823062
2023-08-08,EFA,-0.00027658333,0.027478432,0.027755016,test,0.043943785
2023-08-08,IWM,-0.007851367,0.039475426,0.047326792,test,0.047558323
2023-08-08,SPY,-0.0067076674,-0.020015476,0.013307809,test,0.002129674
2023-08-08,TLT,0.0051575955,0.00120507,0.0039525256,test,-0.021821352
2023-08-09,EFA,0.004278014,0.07417996,0.06990195,test,0.027478432
2023-08-09,IWM,-0.004446947,0.011760323,0.01620727,test,0.039475426
2023-08-09,SPY,0.0003589642,-0.022628216,0.02298718,test,-0.020015476
2023-08-09,TLT,-0.016599726,0.024220148,0.040819876,test,0.00120507
2023-08-10,EFA,-0.006770369,-0.009624807,0.002854438,test,0.07417996
2023-08-10,IWM,0.0014146186,-0.002591949,0.0040065674,test,0.011760323
2023-08-10,SPY,-0.00058321434,-0.046507172,0.04592396,test,-0.022628216
2023-08-10,TLT,-0.002304025,0.007815268,0.010119293,test,0.024220148
2023-08-11,EFA,-0.004446288,0.043573666,0.048019953,test,-0.009624807
2023-08-11,IWM,-0.0017290759,0.018451106,0.020180183,test,-0.002591949
2023-08-11,SPY,0.0055046664,-0.0037999246,0.0093045905,test,-0.046507172
2023-08-11,TLT,-0.002204418,-0.03618852,0.033984102,test,0.007815268
2023-08-14,EFA,-0.012471204,0.032273173,0.044744376,test,0.043573666
2023-08-14,IWM,-0.013305503,-0.0069255345,0.0063799685,test,0.018451106
2023-08-14,SPY,-0.011717232,0.031002384,0.042719617,test,-0.0037999246
2023-08-14,TLT,-0.006113785,-0.038188122,0.032074336,test,-0.03618852
2023-08-15,EFA,-0.008211948,0.009018386,0.017230334,test,0.032273173
2023-08-15,IWM,-0.012300393,-0.02912095,0.016820557,test,-0.0069255345
2023-08-15,SPY,-0.0073650554,-0.0034146141,0.0039504413,test,0.031002384
2023-08-15,TLT,-0.007855118,-0.029675698,0.021820579,test,-0.038188122
2023-08-16,EFA,-0.007133549,0.015785592,0.02291914,test,0.009018386
2023-08-16,IWM,-0.01185438,-0.027251126,0.015396746,test,-0.02912095
2023-08-16,SPY,-0.0076490515,-0.05234342,0.044694368,test,-0.0034146141
2023-08-16,TLT,-0.0042711934,-0.007811006,0.0035398128,test,-0.029675698
2023-08-17,EFA,0.0,0.022681963,0.022681963,test,0.015785592
2023-08-17,IWM,0.0054303203,-0.036196753,0.04162707,test,-0.027251126
2023-08-17,SPY,0.00048109653,-0.07064543,0.07112653,test,-0.05234342
2023-08-17,TLT,0.0035252222,-0.038098462,0.041623686,test,-0.007811006
2023-08-18,EFA,0.0037158758,0.048122242,0.044406366,test,0.022681963
2023-08-18,IWM,-0.0014631402,-0.0383092,0.03684606,test,-0.036196753
2023-08-18,SPY,0.0064851963,-0.05986318,0.066348374,test,-0.07064543
2023-08-18,TLT,-0.013419912,-0.047327608,0.033907697,test,-0.038098462
2023-08-21,EFA,-0.0018563299,0.037023917,0.038880248,test,0.048122242
2023-08-21,IWM,-0.0029875247,-0.027840184,0.02485266,test,-0.0383092
2023-08-21,SPY,-0.0027122598,-0.028254984,0.025542725,test,-0.05986318
2023-08-21,TLT,0.00764478,-0.0043216385,0.0119664185,test,-0.047327608
2023-08-22,EFA,0.010803294,0.009958988,0.0008443063,test,0.037023917
2023-08-22,IWM,0.010605816,-0.03428197,0.044887785,test,-0.027840184
2023-08-22,SPY,0.011076264,-0.07007899,0.081155255,test,-0.028254984
2023-08-22,TLT,0.024475439,-0.008928198,0.033403635,test,-0.0043216385
2023-08-23,EFA,-0.013809116,-0.028218536,0.01440942,test,0.009958988
2023-08-23,IWM,-0.013929517,-0.012421625,0.0015078923,test,-0.03428197
2023-08-23,SPY,-0.013956215,-0.0317304,0.017774183,test,-0.07007899
2023-08-23,TLT,-0.0066159638,0.02417788,0.030793842,test,-0.008928198
2023-08-24,EFA,0.006714924,0.018669456,0.011954533,test,-0.028218536
2023-08-24,IWM,0.004248241,-0.041765876,0.046014115,test,-0.012421625
2023-08-24,SPY,0.007025086,-0.044710755,0.05173584,test,-0.0317304
2023-08-24,TLT,0.0032606698,0.02339266,0.02013199,test,0.02417788
2023-08-25,EFA,0.010481592,0.022385063,0.01190347,test,0.018669456
2023-08-25,IWM,0.008873353,-0.035894707,0.044768058,test,-0.041765876
2023-08-25,SPY,0.00632135,-0.045886494,0.052207842,test,-0.044710755
2023-08-25,TLT,0.001049973,0.020396963,0.01934699,test,0.02339266
2023-08-28,EFA,0.012323401,-0.05554033,0.06786373,test,0.022385063
2023-08-28,IWM,0.013855232,-0.030176302,0.044031534,test,-0.035894707
2023-08-28,SPY,0.014351449,0.0039404184,0.010411031,test,-0.045886494
2023-08-28,TLT,0.010332259,-0.016120551,0.02645281,test,0.020396963
2023-08-29,EFA,-0.00055694015,-0.04777781,0.04722087,test,-0.05554033
2023-08-29,IWM,0.0037651088,-0.0027217027,0.0064868117,test,-0.030176302
2023-08-29,SPY,0.0041103153,-0.009862037,0.013972353,test,0.0039404184
2023-08-29,TLT,-0.0010385569,-0.005498709,0.0044601522,test,-0.016120551
2023-08-30,EFA,-0.003906829,0.052215256,0.056122083,test,-0.04777781
2023-08-30,IWM,-0.0017481865,-0.003547674,0.0017994875,test,-0.0027217027
2023-08-30,SPY,-0.0014645217,-0.070520476,0.06905595,test,-0.009862037
2023-08-30,TLT,0.0044590845,0.013728546,0.009269461,test,-0.005498709
2023-08-31,EFA,-0.000559317,0.010276377,0.010835694,test,0.052215256
2023-08-31,IWM,0.011806525,-0.025484158,0.037290685,test,-0.003547674
2023-08-31,SPY,0.0018634378,-0.11849476,0.12035819,test,-0.070520476
2023-08-31,TLT,-0.015700951,-0.015700122,8.288771e-07,test,0.013728546
2023-09-01,EFA,-0.008710299,0.011822994,0.020533293,test,0.010276377
2023-09-01,IWM,-0.02128877,-0.034882545,0.013593776,test,-0.025484158
2023-09-01,SPY,-0.004331341,-0.09040965,0.08607831,test,-0.11849476
2023-09-01,TLT,-0.014121466,0.067226626,0.08134809,test,-0.015700122
2023-09-05,EFA,-0.0021188266,0.027216395,0.029335221,test,0.011822994
2023-09-05,IWM,-0.0037537492,-0.04651978,0.04276603,test,-0.034882545
2023-09-05,SPY,-0.0067450954,-0.07405377,0.06730868,test,-0.09040965
2023-09-05,TLT,0.0024566657,0.03236209,0.029905424,test,0.067226626
2023-09-06,EFA,-0.0032575028,0.03056171,0.033819214,test,0.027216395
2023-09-06,IWM,-0.009717653,-0.033647418,0.023929765,test,-0.04651978
2023-09-06,SPY,-0.003074824,-0.11837915,0.11530433,test,-0.07405377
2023-09-06,TLT,0.0027693512,-0.023953395,0.026722746,test,0.03236209
2023-09-07,EFA,-0.0014197087,0.0052040536,0.006623762,test,0.03056171
2023-09-07,IWM,-0.0022266763,-0.04850188,0.046275202,test,-0.033647418
2023-09-07,SPY,0.0015048939,-0.05920627,0.060711164,test,-0.11837915
2023-09-07,TLT,0.0038221313,-0.014850916,0.018673047,test,-0.023953395
2023-09-08,EFA,0.010317393,0.00829589,0.0020215027,test,0.0052040536
2023-09-08,IWM,0.0023892738,-0.004561281,0.0069505544,test,-0.04850188
2023-09-08,SPY,0.006555146,-0.025424572,0.031979717,test,-0.05920627
2023-09-08,TLT,-0.007231849,0.0027179187,0.009949768,test,-0.014850916
2023-09-11,EFA,-0.0040858816,0.0058539286,0.00993981,test,0.00829589
2023-09-11,IWM,-0.0009769229,0.043184884,0.044161808,test,-0.004561281
2023-09-11,SPY,-0.005500763,-0.010451732,0.004950969,test,-0.025424572
2023-09-11,TLT,0.00574724,-0.029767154,0.035514392,test,0.0027179187
2023-09-12,EFA,-0.0031109015,0.018112266,0.021223169,test,0.0058539286
2023-09-12,IWM,-0.0065912404,0.0054309377,0.012022179,test,0.043184884
2023-09-12,SPY,0.0011653416,-0.03242667,0.03359201,test,-0.010451732
2023-09-12,TLT,-0.00021202317,-0.024480952,0.024268929,test,-0.029767154
2023-09-13,EFA,0.013084853,0.009792214,0.0032926388,test,0.018112266
2023-09-13,IWM,0.014002295,-0.026234413,0.040236708,test,0.0054309377
2023-09-13,SPY,0.008585384,-0.026781933,0.035367317,test,-0.03242667
2023-09-13,TLT,-0.007244807,-0.0164466,0.009201793,test,-0.024480952
2023-09-14,EFA,-0.0022389498,0.016254455,0.018493405,test,0.009792214
2023-09-14,IWM,-0.010510456,-0.0019266363,0.0085838195,test,-0.026234413
2023-09-14,SPY,-0.012121394,-0.013711879,0.0015904848,test,-0.026781933
2023-09-14,TLT,-0.0061127655,-0.028429998,0.022317233,test,-0.0164466
2023-09-15,EFA,-0.0035086214,0.029621284,0.033129904,test,0.016254455
2023-09-15,IWM,-0.0066669215,-0.005090611,0.0015763105,test,-0.0019266363
2023-09-15,SPY,0.0005862052,0.02394145,0.023355244,test,-0.013711879
2023-09-15,TLT,0.0056853183,-0.061954446,0.06763977,test,-0.028429998
2023-09-18,EFA,0.000843276,0.026245873,0.025402598,test,0.029621284
2023-09-18,IWM,-0.0039001533,-0.033236958,0.029336805,test,-0.005090611
2023-09-18,SPY,-0.0020760607,0.017198158,0.01927422,test,0.02394145
2023-09-18,TLT,-0.007407799,-0.039661318,0.03225352,test,-0.061954446
2023-09-19,EFA,-0.0023907826,0.030917795,0.033308577,test,0.026245873
2023-09-19,IWM,-0.01006819,-0.03723567,0.02716748,test,-0.033236958
2023-09-19,SPY,-0.009235697,0.0066249445,0.015860641,test,0.017198158
2023-09-19,TLT,0.0031199732,-0.08015009,0.083270065,test,-0.039661318
2023-09-20,EFA,-0.016754603,0.022184392,0.038938995,test,0.030917795
2023-09-20,IWM,-0.01563335,-0.042262338,0.026628988,test,-0.03723567
2023-09-20,SPY,-0.01666658,-0.024874019,0.0082074385,test,0.0066249445
2023-09-20,TLT,-0.026009308,-0.07202371,0.046014406,test,-0.08015009
2023-09-21,EFA,0.0008587271,0.009064795,0.008206069,test,0.022184392
2023-09-21,IWM,-0.0022618487,-0.04151079,0.039248943,test,-0.042262338
2023-09-21,SPY,-0.0022510842,-0.015109686,0.012858602,test,-0.024874019
2023-09-21,TLT,0.008016581,-0.040897243,0.04891382,test,-0.07202371
2023-09-22,EFA,-0.0044448534,0.02987727,0.034322124,test,0.009064795
2023-09-22,IWM,0.0044618193,0.011605902,0.0071440823,test,-0.04151079
2023-09-22,SPY,0.0041964124,-0.0105140675,0.01471048,test,-0.015109686
2023-09-22,TLT,-0.02491723,-0.043133833,0.018216603,test,-0.040897243
2023-09-25,EFA,-0.013017209,0.007005669,0.020022878,test,0.02987727
2023-09-25,IWM,-0.012940811,-0.01371306,0.00077224895,test,0.011605902
2023-09-25,SPY,-0.014800233,0.0008248463,0.015625078,test,-0.0105140675
2023-09-25,TLT,-0.0034819404,-0.017809013,0.014327073,test,-0.043133833
2023-09-26,EFA,-0.0018944107,-0.0026777182,0.0007833075,test,0.007005669
2023-09-26,IWM,0.009305125,-0.05851475,0.06781988,test,-0.01371306
2023-09-26,SPY,0.00039907757,-0.051853396,0.052252475,test,0.0008248463
2023-09-26,TLT,-0.005189258,-0.022364056,0.017174797,test,-0.017809013
2023-09-27,EFA,0.00813491,0.01938227,0.01124736,test,-0.0026777182
2023-09-27,IWM,0.008994006,-0.031801134,0.04079514,test,-0.05851475
2023-09-27,SPY,0.005780669,-0.055056266,0.060836934,test,-0.051853396
2023-09-27,TLT,0.0030487296,-0.023534393,0.026583122,test,-0.022364056
2023-09-28,EFA,-0.0028977767,-0.019724028,0.016826252,test,0.01938227
2023-09-28,IWM,-0.0047415243,-0.040186115,0.03544459,test,-0.031801134
2023-09-28,SPY,-0.00242996,-0.05557639,0.053146433,test,-0.055056266
2023-09-28,TLT,0.000112628026,-0.018753288,0.018865917,test,-0.023534393
2023-09-29,EFA,-0.014763031,-0.006745454,0.008017577,test,-0.019724028
2023-09-29,IWM,-0.015222242,-0.0060633793,0.009158863,test,-0.040186115
2023-09-29,SPY,-0.00039781583,-0.051755063,0.051357247,test,-0.05557639
2023-09-29,TLT,-0.016881572,-0.04567203,0.028790457,test,-0.018753288
2023-10-02,EFA,-0.012595545,0.007829936,0.02042548,test,-0.006745454
2023-10-02,IWM,-0.016975604,-0.044152692,0.027177088,test,-0.0060633793
2023-10-02,SPY,-0.01347635,-0.06654812,0.053071767,test,-0.051755063
2023-10-02,TLT,-0.021746445,-0.060315855,0.03856941,test,-0.04567203
