date,ticker,y_true,y_pred,abs_error,dataset_part,signal_for_trade
2021-12-30,EFA,-0.0008893511,0.00031024637,0.0011995975,train,
2021-12-30,IWM,-0.002155427,-0.019998943,0.017843517,train,
2021-12-30,SPY,-0.0025234057,-0.0078755515,0.005352146,train,
2021-12-30,TLT,0.0019584438,0.06446432,0.06250588,train,
2021-12-31,EFA,0.0064611463,-0.019948047,0.026409194,train,0.00031024637
2021-12-31,IWM,0.012819191,-0.017168079,0.02998727,train,-0.019998943
2021-12-31,SPY,0.0057733525,-0.012357535,0.018130887,train,-0.0078755515
2021-12-31,TLT,-0.026600927,-0.026707733,0.000106805936,train,0.06446432
2022-01-03,EFA,0.005666319,-0.0356142,0.04128052,train,-0.019948047
2022-01-03,IWM,-0.001510204,-0.019918464,0.01840826,train,-0.017168079
2022-01-03,SPY,-0.00033496422,-0.039229676,0.038894713,train,-0.012357535
2022-01-03,TLT,-0.0041665463,0.0061936905,0.010360237,train,-0.026707733
2022-01-04,EFA,-0.008828312,-0.035551906,0.026723593,train,-0.0356142
2022-01-04,IWM,-0.0344566,-0.012328351,0.022128249,train,-0.019918464
2022-01-04,SPY,-0.019388912,-0.0015326305,0.017856281,train,-0.039229676
2022-01-04,TLT,-0.0054430645,-0.016264547,0.010821482,train,0.0061936905
2022-01-05,EFA,-0.0050799022,-0.036543906,0.031464003,train,-0.035551906
2022-01-05,IWM,0.0056887725,0.0026674443,0.0030213282,train,-0.012328351
2022-01-05,SPY,-0.0009399744,0.03578216,0.03672213,train,-0.0015326305
2022-01-05,TLT,0.0025859463,-0.01633484,0.018920785,train,-0.016264547
2022-01-06,EFA,0.0029240085,-0.0302319,0.03315591,train,-0.036543906
2022-01-06,IWM,-0.011641199,-0.015774377,0.004133178,train,0.0026674443
2022-01-06,SPY,-0.003961307,0.008636618,0.012597925,train,0.03578216
2022-01-06,TLT,-0.007214234,-0.012634512,0.005420278,train,-0.01633484
2022-01-07,EFA,-0.009310503,-0.04740422,0.038093716,train,-0.0302319
2022-01-07,IWM,-0.0034771233,-0.0065265032,0.00304938,train,-0.015774377
2022-01-07,SPY,-0.0012451272,-0.005642923,0.004397796,train,0.008636618
2022-01-07,TLT,0.00245726,-0.021986209,0.024443468,train,-0.012634512
2022-01-10,EFA,0.010832927,0.0025616554,0.008271271,train,-0.04740422
2022-01-10,IWM,0.010579247,-0.02592311,0.036502358,train,-0.0065265032
2022-01-10,SPY,0.00906702,-0.013449337,0.022516359,train,-0.005642923
2022-01-10,TLT,0.006639428,-0.004524469,0.011163897,train,-0.021986209
2022-01-11,EFA,0.009713069,-0.034207188,0.043920256,train,0.0025616554
2022-01-11,IWM,-0.0074721393,-0.01579808,0.008325942,train,-0.02592311
2022-01-11,SPY,0.002699933,-0.03417306,0.036872994,train,-0.013449337
2022-01-11,TLT,-0.0038388758,-0.022792112,0.018953236,train,-0.004524469
2022-01-12,EFA,-0.0073076477,-0.03948198,0.03217433,train,-0.034207188
2022-01-12,IWM,-0.009209678,0.005300566,0.014510244,train,-0.01579808
2022-01-12,SPY,-0.013874462,-0.0054371,0.008437362,train,-0.03417306
2022-01-12,TLT,0.008841722,-0.016764838,0.025606561,train,-0.022792112
2022-01-13,EFA,-0.0010122532,-0.03227607,0.031263817,train,-0.03948198
2022-01-13,IWM,0.0014008172,-0.011663957,0.013064774,train,0.005300566
2022-01-13,SPY,0.00040884735,0.003718872,0.0033100247,train,-0.0054371
2022-01-13,TLT,-0.015225116,-0.029299736,0.01407462,train,-0.016764838
2022-01-14,EFA,-0.014792445,-0.032103498,0.017311051,train,-0.03227607
2022-01-14,IWM,-0.030703064,-0.0053500454,0.025353018,train,-0.011663957
2022-01-14,SPY,-0.017868271,0.009018088,0.026886359,train,0.003718872
2022-01-14,TLT,-0.014174381,-0.011869587,0.0023047943,train,-0.029299736
2022-01-18,EFA,-0.00089953124,-0.020259561,0.01936003,train,-0.032103498
2022-01-18,IWM,-0.016397005,0.004876616,0.02127362,train,-0.0053500454
2022-01-18,SPY,-0.010437758,-0.0007128264,0.009724932,train,0.009018088
2022-01-18,TLT,0.0068998868,-0.014799535,0.021699421,train,-0.011869587
2022-01-19,EFA,-0.004898087,0.0035429024,0.00844099,train,-0.020259561
2022-01-19,IWM,-0.018263083,-0.007891193,0.01037189,train,0.004876616
2022-01-19,SPY,-0.011129672,-0.02883316,0.017703488,train,-0.0007128264
2022-01-19,TLT,0.006147831,-0.0349583,0.04110613,train,-0.014799535
2022-01-20,EFA,-0.013660768,0.004175738,0.017836506,train,0.0035429024
2022-01-20,IWM,-0.01890739,-0.015858082,0.0030493084,train,-0.007891193
2022-01-20,SPY,-0.019825837,0.045361415,0.06518725,train,-0.02883316
2022-01-20,TLT,0.011836107,-0.018924862,0.03076097,train,-0.0349583
2022-01-21,EFA,-0.010005161,-0.0015406343,0.008464526,train,0.004175738
2022-01-21,IWM,0.022785245,-0.010531012,0.033316255,train,-0.015858082
2022-01-21,SPY,0.004237604,0.06855552,0.06431791,train,0.045361415
2022-01-21,TLT,-0.008249171,-0.008729231,0.00048005953,train,-0.018924862
2022-01-24,EFA,-0.006104995,0.0035293424,0.009634337,train,-0.0015406343
2022-01-24,IWM,-0.013437655,-0.020347748,0.006910093,train,-0.010531012
2022-01-24,SPY,-0.012284134,-0.020527689,0.008243555,train,0.06855552
2022-01-24,TLT,-0.0016155315,-0.014620639,0.013005108,train,-0.008729231
2022-01-25,EFA,-0.0038679398,0.030542169,0.034410108,train,0.0035293424
2022-01-25,IWM,-0.014538902,-0.015453132,0.00091423,train,-0.020347748
2022-01-25,SPY,-0.0025119176,-0.04618552,0.0436736,train,-0.020527689
2022-01-25,TLT,-0.012168216,-0.018309375,0.0061411597,train,-0.014620639
2022-01-26,EFA,-0.0046881316,-0.009021597,0.0043334654,train,0.030542169
2022-01-26,IWM,-0.022969233,-0.00866206,0.014307173,train,-0.015453132
2022-01-26,SPY,-0.0049501467,-0.018466078,0.013515931,train,-0.04618552
2022-01-26,TLT,0.01819672,-0.014351007,0.032547727,train,-0.018309375
2022-01-27,EFA,0.0033509065,-0.00444244,0.0077933464,train,-0.009021597
2022-01-27,IWM,0.019288333,-0.005836881,0.025125215,train,-0.00866206
2022-01-27,SPY,0.024531975,-0.005183495,0.029715471,train,-0.018466078
2022-01-27,TLT,0.0003491461,-0.02393357,0.024282716,train,-0.014351007
2022-01-28,EFA,0.014480338,0.0010401593,0.013440179,train,-0.00444244
2022-01-28,IWM,0.030217662,0.003008232,0.027209431,train,-0.005836881
2022-01-28,SPY,0.017850718,0.0026085307,0.015242187,train,-0.005183495
2022-01-28,TLT,-0.00518347,-0.014478873,0.009295404,train,-0.02393357
2022-01-31,EFA,0.009451468,-0.005969512,0.015420979,train,0.0010401593
2022-01-31,IWM,0.010479364,0.0013477844,0.009131579,train,0.003008232
2022-01-31,SPY,0.0067342888,0.018403696,0.011669407,train,0.0026085307
2022-01-31,TLT,-0.00332477,-0.014998224,0.011673454,train,-0.014478873
2022-02-01,EFA,0.007419411,-0.04186263,0.04928204,train,-0.005969512
2022-02-01,IWM,-0.009982836,-0.0020154263,0.007967411,train,0.0013477844
2022-02-01,SPY,0.0096671535,0.025027998,0.015360844,train,0.018403696
2022-02-01,TLT,0.00338089,-0.008283228,0.011664118,train,-0.014998224
2022-02-02,EFA,-0.015947882,-0.02698318,0.011035297,train,-0.04186263
2022-02-02,IWM,-0.0191045,-0.0021647434,0.016939756,train,-0.0020154263
2022-02-02,SPY,-0.023785638,0.023507927,0.047293566,train,0.025027998
2022-02-02,TLT,-0.007836297,-0.018591333,0.010755036,train,-0.008283228
2022-02-03,EFA,0.002369013,-0.013850924,0.016219936,train,-0.02698318
2022-02-03,IWM,0.0042939507,-0.0035165134,0.007810464,train,-0.0021647434
2022-02-03,SPY,0.004691291,0.015220331,0.010529039,train,0.023507927
2022-02-03,TLT,-0.014852395,-0.014710071,0.00014232472,train,-0.018591333
2022-02-04,EFA,0.0017075897,-0.022267379,0.023974968,train,-0.013850924
2022-02-04,IWM,0.00492791,-0.0106964875,0.015624397,train,-0.0035165134
2022-02-04,SPY,-0.003214426,0.007985316,0.011199743,train,0.015220331
2022-02-04,TLT,0.00064734224,-0.017016256,0.017663598,train,-0.014710071
2022-02-07,EFA,0.0051050056,-0.017379168,0.022484174,train,-0.022267379
2022-02-07,IWM,0.01691069,-0.008692522,0.025603212,train,-0.0106964875
2022-02-07,SPY,0.008194078,-0.0056189722,0.01381305,train,0.007985316
2022-02-07,TLT,-0.006708197,-0.0063135843,0.00039461255,train,-0.017016256
2022-02-08,EFA,0.016060246,0.036557693,0.020497447,train,-0.017379168
2022-02-08,IWM,0.018810008,-0.0045610634,0.02337107,train,-0.008692522
2022-02-08,SPY,0.014530101,0.0016110414,0.012919059,train,-0.0056189722
2022-02-08,TLT,0.0018801031,-0.019465458,0.021345561,train,-0.0063135843
2022-02-09,EFA,-0.012801504,-0.01719187,0.0043903664,train,0.036557693
2022-02-09,IWM,-0.01546176,0.007307595,0.022769354,train,-0.0045610634
2022-02-09,SPY,-0.018129041,0.008502852,0.026631894,train,0.0016110414
2022-02-09,TLT,-0.01601999,-0.019405972,0.0033859815,train,-0.019465458
2022-02-10,EFA,-0.01521133,0.00073921913,0.01595055,train,-0.01719187
2022-02-10,IWM,-0.010177376,0.028913163,0.039090537,train,0.007307595
2022-02-10,SPY,-0.019915799,-0.032156404,0.012240605,train,0.008502852
2022-02-10,TLT,0.0147186145,-0.0012997477,0.016018363,train,-0.019405972
2022-02-11,EFA,-0.0064958273,0.005366458,0.011862285,train,0.00073921913
2022-02-11,IWM,-0.0034824316,-0.0012271754,0.0022552563,train,0.028913163
2022-02-11,SPY,-0.0032746599,-0.043710522,0.04043586,train,-0.032156404
2022-02-11,TLT,-0.012518958,-0.024321597,0.011802639,train,-0.0012997477
2022-02-14,EFA,0.018187165,-0.010834819,0.029021984,train,0.005366458
2022-02-14,IWM,0.026456034,-0.0017473116,0.028203346,train,-0.0012271754
2022-02-14,SPY,0.015998255,-0.0060518417,0.022050098,train,-0.043710522
2022-02-14,TLT,-0.011418269,0.0056493157,0.017067585,train,-0.024321597
2022-02-15,EFA,0.0037803217,-0.021509707,0.02529003,train,-0.010834819
2022-02-15,IWM,0.002084454,-0.021984743,0.024069197,train,-0.0017473116
2022-02-15,SPY,0.0011202013,0.006916044,0.0057958425,train,-0.0060518417
2022-02-15,TLT,0.0059092483,-0.015341729,0.021250978,train,0.0056493157
2022-02-16,EFA,-0.016264929,0.0160146,0.03227953,train,-0.021509707
2022-02-16,IWM,-0.025952492,0.010623634,0.036576126,train,-0.021984743
2022-02-16,SPY,-0.021592723,0.009964647,0.03155737,train,0.006916044
2022-02-16,TLT,0.007411104,-0.029115882,0.036526985,train,-0.015341729
2022-02-17,EFA,-0.0042404276,0.026467536,0.030707963,train,0.0160146
2022-02-17,IWM,-0.008635634,0.003584648,0.012220282,train,0.010623634
2022-02-17,SPY,-0.006496259,0.0025715814,0.009067841,train,0.009964647
2022-02-17,TLT,0.010472144,-0.015563296,0.02603544,train,-0.029115882
2022-02-18,EFA,-0.011755505,-0.013072816,0.0013173111,train,0.026467536
2022-02-18,IWM,-0.014187411,0.0010469784,0.01523439,train,0.003584648
2022-02-18,SPY,-0.0107895015,0.012722805,0.023512308,train,0.0025715814
2022-02-18,TLT,0.0026006713,-0.04591612,0.04851679,train,-0.015563296
2022-02-22,EFA,-0.008230703,-0.016819976,0.008589273,train,-0.013072816
2022-02-22,IWM,-0.018889885,-0.01524473,0.0036451556,train,0.0010469784
2022-02-22,SPY,-0.017897908,0.0042761792,0.022174086,train,0.012722805
2022-02-22,TLT,-0.013877336,-0.023195747,0.009318411,train,-0.04591612
2022-02-23,EFA,-0.013503456,0.011876997,0.025380451,train,-0.016819976
2022-02-23,IWM,0.02588259,-0.0075775567,0.033460148,train,-0.01524473
2022-02-23,SPY,0.014936917,-0.0033088545,0.018245772,train,0.0042761792
2022-02-23,TLT,0.0006585678,-0.0046940097,0.0053525777,train,-0.023195747
2022-02-24,EFA,0.0246859,0.0039248043,0.020761097,train,0.011876997
2022-02-24,IWM,0.02227082,-4.696613e-05,0.022317786,train,-0.0075775567
2022-02-24,SPY,0.021824151,0.013912819,0.007911332,train,-0.0033088545
2022-02-24,TLT,0.0007310974,-0.0019839103,0.0027150079,train,-0.0046940097
2022-02-25,EFA,-0.019207828,-0.002682529,0.016525298,train,0.0039248043
2022-02-25,IWM,0.0040411176,-0.016416967,0.020458084,train,-4.696613e-05
2022-02-25,SPY,-0.0025618614,0.026071452,0.028633313,train,0.013912819
2022-02-25,TLT,0.021681631,-0.008936651,0.030618282,train,-0.0019839103
2022-02-28,EFA,-0.022094082,-0.007317782,0.014776301,train,-0.002682529
2022-02-28,IWM,-0.01901683,-0.0031254957,0.015891334,train,-0.016416967
2022-02-28,SPY,-0.01534741,0.004719203,0.020066613,train,0.026071452
2022-02-28,TLT,0.011495257,-0.013454426,0.024949683,train,-0.008936651
2022-03-01,EFA,0.012487847,-0.0021549105,0.014642758,train,-0.007317782
2022-03-01,IWM,0.02353163,0.0055160043,0.018015627,train,-0.0031254957
2022-03-01,SPY,0.018229006,-0.0072434875,0.025472494,train,0.004719203
2022-03-01,TLT,-0.034780655,-0.0053375294,0.029443126,train,-0.013454426
2022-03-02,EFA,-0.019915866,0.001957648,0.021873513,train,-0.0021549105
2022-03-02,IWM,-0.011919577,-0.021856546,0.00993697,train,0.0055160043
2022-03-02,SPY,-0.0049909987,0.039383702,0.0443747,train,-0.0072434875
2022-03-02,TLT,0.01013373,0.032287363,0.022153633,train,-0.0053375294
2022-03-03,EFA,-0.02940547,0.00025197165,0.02965744,train,0.001957648
2022-03-03,IWM,-0.015781322,-0.00095178885,0.014829533,train,-0.021856546
2022-03-03,SPY,-0.008157674,0.02067304,0.028830715,train,0.039383702
2022-03-03,TLT,0.017116606,-0.0036826632,0.02079927,train,0.032287363
2022-03-04,EFA,-0.032239642,-0.0028750892,0.029364552,train,0.00025197165
2022-03-04,IWM,-0.025181253,-0.012006553,0.0131747,train,-0.00095178885
2022-03-04,SPY,-0.029922413,-0.0037161815,0.02620623,train,0.02067304
2022-03-04,TLT,-0.0076587293,-0.0059590223,0.001699707,train,-0.0036826632
2022-03-07,EFA,0.008640217,0.0012218938,0.007418323,train,-0.0028750892
2022-03-07,IWM,0.005508362,-0.020096133,0.025604494,train,-0.012006553
2022-03-07,SPY,-0.007610534,-0.024423566,0.016813032,train,-0.0037161815
2022-03-07,TLT,-0.010110564,0.025526892,0.035637457,train,-0.0059590223
2022-03-08,EFA,0.04097626,0.016869852,0.024106408,train,0.0012218938
2022-03-08,IWM,0.02779422,-0.0031810473,0.030975267,train,-0.020096133
2022-03-08,SPY,0.02645769,-0.006205329,0.032663018,train,-0.024423566
2022-03-08,TLT,-0.009847274,0.09078666,0.100633934,train,0.025526892
2022-03-09,EFA,-0.012031122,0.0008664285,0.012897551,train,0.016869852
2022-03-09,IWM,-0.0017990305,-0.0048197913,0.0030207608,train,-0.0031810473
2022-03-09,SPY,-0.004525943,-0.0036339792,0.00089196395,train,-0.006205329
2022-03-09,TLT,-0.014471517,-0.005858013,0.0086135045,train,0.09078666
2022-03-10,EFA,-0.010865669,0.023034705,0.033900373,train,0.0008664285
2022-03-10,IWM,-0.016085038,0.003511543,0.01959658,train,-0.0048197913
2022-03-10,SPY,-0.012796523,-0.0125496015,0.00024692155,train,-0.0036339792
2022-03-10,TLT,0.003341113,-0.008274574,0.011615687,train,-0.005858013
2022-03-11,EFA,0.009135069,0.016992178,0.0078571085,train,0.023034705
2022-03-11,IWM,-0.020645723,-0.004697641,0.015948081,train,0.003511543
2022-03-11,SPY,-0.007335036,-0.0055345087,0.0018005273,train,-0.0125496015
2022-03-11,TLT,-0.023625731,0.029506821,0.053132553,train,-0.008274574
2022-03-14,EFA,0.009481482,0.0037685079,0.0057129744,train,0.016992178
2022-03-14,IWM,0.015805144,-0.00017332239,0.015978467,train,-0.004697641
2022-03-14,SPY,0.021752082,-0.0005700174,0.0223221,train,-0.0055345087
2022-03-14,TLT,-0.0017472116,-0.05427184,0.052524626,train,0.029506821
2022-03-15,EFA,0.035258833,0.0054342155,0.029824618,train,0.0037685079
2022-03-15,IWM,0.030979084,-0.009439524,0.04041861,train,-0.00017332239
2022-03-15,SPY,0.021931965,0.016678922,0.005253043,train,-0.0005700174
2022-03-15,TLT,0.009759836,-5.6481455e-05,0.009816317,train,-0.05427184
2022-03-16,EFA,0.008384324,0.0005178158,0.007866507,train,0.0054342155
2022-03-16,IWM,0.01557572,-0.016229995,0.031805716,train,-0.009439524
2022-03-16,SPY,0.012433246,0.013719274,0.001286028,train,0.016678922
2022-03-16,TLT,-0.007481531,0.002415788,0.009897319,train,-5.6481455e-05
2022-03-17,EFA,0.009671298,0.01976389,0.010092593,train,0.0005178158
2022-03-17,IWM,0.010475927,-0.005636997,0.016112924,train,-0.016229995
2022-03-17,SPY,0.010893351,0.03229597,0.021402616,train,0.013719274
2022-03-17,TLT,0.012138804,0.0019949912,0.010143813,train,0.002415788
2022-03-18,EFA,-0.006255373,0.0068102335,0.013065606,train,0.01976389
2022-03-18,IWM,-0.008868285,-0.0008578035,0.008010482,train,-0.005636997
2022-03-18,SPY,-0.0002925666,0.023643766,0.023936331,train,0.03229597
2022-03-18,TLT,-0.023428753,0.03992101,0.06334977,train,0.0019949912
2022-03-21,EFA,0.009368389,0.046899945,0.037531555,train,0.0068102335
2022-03-21,IWM,0.009977248,0.005345125,0.0046321223,train,-0.0008578035
2022-03-21,SPY,0.011633477,0.0147926975,0.0031592203,train,0.023643766
2022-03-21,TLT,-0.0128949005,0.0017541037,0.014649004,train,0.03992101
2022-03-22,EFA,-0.013057951,0.040801506,0.053859457,train,0.046899945
2022-03-22,IWM,-0.0175016,0.0048337732,0.022335373,train,0.005345125
2022-03-22,SPY,-0.012962138,0.020003619,0.032965757,train,0.0147926975
2022-03-22,TLT,0.021678582,0.009414531,0.012264051,train,0.0017541037
2022-03-23,EFA,0.009266939,0.020797633,0.011530694,train,0.040801506
2022-03-23,IWM,0.011433095,0.0033851904,0.008047905,train,0.0048337732
2022-03-23,SPY,0.014961893,-0.016471056,0.03143295,train,0.020003619
2022-03-23,TLT,-0.007863769,-0.0064089852,0.0014547841,train,0.009414531
2022-03-24,EFA,0.000542387,0.025235716,0.024693329,train,0.020797633
2022-03-24,IWM,0.0013594306,0.006297831,0.0049384004,train,0.0033851904
2022-03-24,SPY,0.004871913,0.045214582,0.04034267,train,-0.016471056
2022-03-24,TLT,-0.013970239,-0.0025481205,0.011422118,train,-0.0064089852
2022-03-25,EFA,-0.0032589782,0.010190524,0.013449502,train,0.025235716
2022-03-25,IWM,0.00033966635,0.03028404,0.029944373,train,0.006297831
2022-03-25,SPY,0.007087657,0.0013456536,0.0057420037,train,0.045214582
2022-03-25,TLT,0.008513459,-0.0091686975,0.017682157,train,-0.0025481205
2022-03-28,EFA,0.021928383,0.0058092666,0.016119117,train,0.010190524
2022-03-28,IWM,0.026419196,0.022865962,0.003553234,train,0.03028404
2022-03-28,SPY,0.012295047,0.050622623,0.038327575,train,0.0013456536
2022-03-28,TLT,0.0075242193,-0.0143101625,0.02183438,train,-0.0091686975
2022-03-29,EFA,-0.00413345,0.029120661,0.03325411,train,0.0058092666
2022-03-29,IWM,-0.020278916,0.007673808,0.027952723,train,0.022865962
2022-03-29,SPY,-0.0061939387,0.05418626,0.060380198,train,0.050622623
2022-03-29,TLT,0.0077715027,-0.006048189,0.013819692,train,-0.0143101625
2022-03-30,EFA,-0.016707504,0.010623742,0.027331246,train,0.029120661
2022-03-30,IWM,-0.010612248,0.010463551,0.0210758,train,0.007673808
2022-03-30,SPY,-0.015511084,0.051219285,0.066730365,train,0.05418626
2022-03-30,TLT,0.0024254902,-0.0022334373,0.004658927,train,-0.006048189
2022-03-31,EFA,0.009331413,-0.04704304,0.056374453,train,0.010623742
2022-03-31,IWM,0.011142335,0.012164824,0.0010224888,train,0.010463551
2022-03-31,SPY,0.002830037,-0.0070827524,0.009912789,train,0.051219285
2022-03-31,TLT,0.0037994955,-0.0017244495,0.005523945,train,-0.0022334373
2022-04-01,EFA,0.0040300027,0.0108490735,0.006819071,train,-0.04704304
2022-04-01,IWM,0.0016367245,-0.005143927,0.0067806514,train,0.012164824
2022-04-01,SPY,0.008530173,-0.022231638,0.030761812,train,-0.0070827524
2022-04-01,TLT,-0.0069738575,-0.010140702,0.0031668446,train,-0.0017244495
2022-04-04,EFA,-0.013632927,0.008653402,0.02228633,train,0.0108490735
2022-04-04,IWM,-0.023948628,0.009197187,0.033145815,train,-0.005143927
2022-04-04,SPY,-0.012711669,0.02796023,0.0406719,train,-0.022231638
2022-04-04,TLT,-0.022851732,-0.006329427,0.016522305,train,-0.010140702
2022-04-05,EFA,-0.012032197,-0.014187928,0.0021557314,train,0.008653402
2022-04-05,IWM,-0.014289323,0.0047042505,0.018993573,train,0.009197187
2022-04-05,SPY,-0.010049826,0.0048102443,0.014860071,train,0.02796023
2022-04-05,TLT,-0.0081268735,-0.0024815346,0.005645339,train,-0.006329427
2022-04-06,EFA,0.0021985217,0.0058438447,0.003645323,train,-0.014187928
2022-04-06,IWM,-0.0032536369,-0.007992392,0.0047387555,train,0.0047042505
2022-04-06,SPY,0.005026358,-0.0024,0.0074263583,train,0.0048102443
2022-04-06,TLT,-0.0075608324,-0.0067828456,0.00077798683,train,-0.0024815346
2022-04-07,EFA,0.00041144123,-0.019330544,0.019741986,train,0.0058438447
2022-04-07,IWM,-0.008003467,-0.0032846988,0.004718768,train,-0.007992392
2022-04-07,SPY,-0.0026774409,0.015865456,0.018542897,train,-0.0024
2022-04-07,TLT,-0.01088999,-0.00893169,0.0019583004,train,-0.0067828456
2022-04-08,EFA,-0.010619786,-0.020544361,0.009924576,train,-0.019330544
2022-04-08,IWM,-0.006744222,-0.010712579,0.003968357,train,-0.0032846988
2022-04-08,SPY,-0.017240116,0.014723314,0.03196343,train,0.015865456
2022-04-08,TLT,-0.015951203,-0.018873254,0.0029220507,train,-0.00893169
2022-04-11,EFA,-0.007515709,-0.033748914,0.026233204,train,-0.020544361
2022-04-11,IWM,0.0031495907,-0.0332748,0.03642439,train,-0.010712579
2022-04-11,SPY,-0.0037120085,0.04862063,0.05233264,train,0.014723314
2022-04-11,TLT,-0.0013816573,-0.025073174,0.023691516,train,-0.018873254
2022-04-12,EFA,0.010699714,-0.030742876,0.041442588,train,-0.033748914
2022-04-12,IWM,0.01884151,-0.026769497,0.04561101,train,-0.0332748
2022-04-12,SPY,0.011388453,-0.006532933,0.017921386,train,0.04862063
2022-04-12,TLT,0.0020309365,-0.0131815635,0.0152125005,train,-0.025073174
2022-04-13,EFA,-0.0045716316,-0.031153709,0.026582077,train,-0.030742876
2022-04-13,IWM,-0.009753255,-0.0077018063,0.002051449,train,-0.026769497
2022-04-13,SPY,-0.0125301145,-0.025653614,0.013123499,train,-0.006532933
2022-04-13,TLT,-0.020249246,-0.016916912,0.0033323336,train,-0.0131815635
2022-04-14,EFA,-0.0058489246,-0.02149425,0.015645325,train,-0.031153709
2022-04-14,IWM,-0.006757802,-0.0115950685,0.0048372666,train,-0.0077018063
2022-04-14,SPY,0.0004111015,0.023201924,0.022790823,train,-0.025653614
2022-04-14,TLT,-0.0049812193,-0.009584175,0.004602956,train,-0.016916912
2022-04-18,EFA,0.0047373865,-0.029094199,0.033831585,train,-0.02149425
2022-04-18,IWM,0.01974109,-0.0028144657,0.022555556,train,-0.0115950685
2022-04-18,SPY,0.016013773,-0.023717672,0.039731443,train,0.023201924
2022-04-18,TLT,-0.0075186263,-0.015766243,0.008247616,train,-0.009584175
2022-04-19,EFA,0.006650174,-0.010804871,0.017455045,train,-0.029094199
2022-04-19,IWM,0.0038130349,-0.022954796,0.026767831,train,-0.0028144657
2022-04-19,SPY,-0.00074182346,-0.0087911915,0.008049368,train,-0.023717672
2022-04-19,TLT,0.019925928,-0.020200875,0.0401268,train,-0.015766243
2022-04-20,EFA,-0.010828938,-0.028625237,0.017796298,train,-0.010804871
2022-04-20,IWM,-0.022643737,-0.019411042,0.0032326952,train,-0.022954796
2022-04-20,SPY,-0.015066499,0.00028215768,0.015348656,train,-0.0087911915
2022-04-20,TLT,-0.0074260826,-0.012426769,0.0050006867,train,-0.020200875
2022-04-21,EFA,-0.016466385,-0.019704074,0.003237689,train,-0.028625237
2022-04-21,IWM,-0.02622576,0.009870131,0.03609589,train,-0.019411042
2022-04-21,SPY,-0.027822576,-0.004446536,0.02337604,train,0.00028215768
2022-04-21,TLT,-0.0063139265,-0.009028919,0.0027149925,train,-0.012426769
2022-04-22,EFA,-0.004836631,0.0070716185,0.01190825,train,-0.019704074
2022-04-22,IWM,0.006053971,-0.008602211,0.014656182,train,0.009870131
2022-04-22,SPY,0.0057809353,-0.0050287875,0.010809723,train,-0.004446536
2022-04-22,TLT,0.009951081,-0.004684649,0.014635731,train,-0.009028919
2022-04-25,EFA,-0.02834603,-0.0002587284,0.028087301,train,0.0070716185
2022-04-25,IWM,-0.032026637,-0.012843531,0.019183107,train,-0.008602211
2022-04-25,SPY,-0.029388538,-0.03144818,0.002059644,train,-0.0050287875
2022-04-25,TLT,0.010016747,-0.0034177355,0.013434483,train,-0.004684649
2022-04-26,EFA,0.0045373435,-0.01361485,0.018152194,train,-0.0002587284
2022-04-26,IWM,-0.0041632545,-0.0041347626,2.8491952e-05,train,-0.012843531
2022-04-26,SPY,0.0028078898,-0.027869217,0.030677106,train,-0.03144818
2022-04-26,TLT,-0.012908857,-0.008065691,0.004843166,train,-0.0034177355
2022-04-27,EFA,0.014065233,-0.009010285,0.023075517,train,-0.01361485
2022-04-27,IWM,0.018494993,-0.022501158,0.04099615,train,-0.0041347626
2022-04-27,SPY,0.02494571,-0.046027776,0.070973486,train,-0.027869217
2022-04-27,TLT,0.0014886428,-0.00932931,0.010817952,train,-0.008065691
2022-04-28,EFA,-0.011731515,-0.026067797,0.014336282,train,-0.009010285
2022-04-28,IWM,-0.029304335,-0.01911496,0.010189375,train,-0.022501158
2022-04-28,SPY,-0.03765595,-0.022805093,0.014850857,train,-0.046027776
2022-04-28,TLT,-0.013057875,-0.0036038174,0.0094540585,train,-0.00932931
2022-04-29,EFA,-0.0024799306,-0.011603491,0.009123561,train,-0.026067797
2022-04-29,IWM,0.010434731,-0.009442858,0.01987759,train,-0.01911496
2022-04-29,SPY,0.006001482,-0.044191677,0.05019316,train,-0.022805093
2022-04-29,TLT,-0.017485736,-0.012360698,0.0051250383,train,-0.0036038174
2022-05-02,EFA,0.00742098,0.006473551,0.00094742887,train,-0.011603491
2022-05-02,IWM,0.0085248025,-0.013591433,0.022116236,train,-0.009442858
2022-05-02,SPY,0.0045735715,-0.031762287,0.03633586,train,-0.044191677
2022-05-02,TLT,0.006718953,0.0032168147,0.0035021384,train,-0.012360698
2022-05-03,EFA,0.017389197,-0.019279119,0.036668316,train,0.006473551
2022-05-03,IWM,0.026335804,0.0041421806,0.022193624,train,-0.013591433
2022-05-03,SPY,0.029998476,-0.018129226,0.048127703,train,-0.031762287
2022-05-03,TLT,0.005494667,0.013346804,0.007852137,train,0.0032168147
2022-05-04,EFA,-0.032728124,-0.0122226775,0.020505447,train,-0.019279119
2022-05-04,IWM,-0.04140985,-0.008795973,0.032613877,train,0.0041421806
2022-05-04,SPY,-0.036189936,0.01497585,0.051165786,train,-0.018129226
2022-05-04,TLT,-0.02778055,-0.00943394,0.01834661,train,0.013346804
2022-05-05,EFA,-0.009763407,0.04419655,0.05395996,train,-0.0122226775
2022-05-05,IWM,-0.01678258,0.007132445,0.023915024,train,-0.008795973
2022-05-05,SPY,-0.0059867552,0.0008513299,0.006838085,train,0.01497585
2022-05-05,TLT,-0.014844925,-0.02777146,0.012926535,train,-0.00943394
2022-05-06,EFA,-0.030641625,0.00062791305,0.03126954,train,0.04419655
2022-05-06,IWM,-0.042974032,0.0021890257,0.045163058,train,0.007132445
2022-05-06,SPY,-0.032540992,-0.034418263,0.0018772706,train,0.0008513299
2022-05-06,TLT,0.00875892,-0.012764566,0.021523487,train,-0.02777146
2022-05-09,EFA,0.007482767,0.03427727,0.026794504,train,0.00062791305
2022-05-09,IWM,0.00028613096,0.0020321985,0.0017460675,train,0.0021890257
2022-05-09,SPY,0.00230776,-0.04875646,0.051064223,train,-0.034418263
2022-05-09,TLT,0.009028469,-0.0009031142,0.009931583,train,-0.012764566
2022-05-10,EFA,-0.005950976,-0.011179745,0.005228769,train,0.03427727
2022-05-10,IWM,-0.025178775,-0.017317697,0.007861078,train,0.0020321985
2022-05-10,SPY,-0.016013809,-0.014939085,0.0010747239,train,-0.04875646
2022-05-10,TLT,0.01908925,0.0025403337,0.016548917,train,-0.0009031142
2022-05-11,EFA,-0.0024517945,-0.012681216,0.010229422,train,-0.011179745
2022-05-11,IWM,0.011655172,-0.03134787,0.043003045,train,-0.017317697
2022-05-11,SPY,-0.0010444015,-0.04313242,0.04208802,train,-0.014939085
2022-05-11,TLT,-0.0018671498,-0.012320206,0.010453056,train,0.0025403337
2022-05-12,EFA,0.027390618,3.4372788e-05,0.027356245,train,-0.012681216
2022-05-12,IWM,0.031200036,-0.016093206,0.047293242,train,-0.03134787
2022-05-12,SPY,0.02362671,-0.023811832,0.04743854,train,-0.04313242
2022-05-12,TLT,-0.0148910945,-0.00013550417,0.01475559,train,-0.012320206
2022-05-13,EFA,0.0008953502,-0.011864675,0.012760025,train,3.4372788e-05
2022-05-13,IWM,-0.00478479,-0.003465272,0.0013195178,train,-0.016093206
2022-05-13,SPY,-0.0040658666,-0.014794465,0.010728599,train,-0.023811832
2022-05-13,TLT,-0.0010353571,0.001903188,0.002938545,train,-0.00013550417
2022-05-16,EFA,0.018471172,-0.0012613363,0.019732509,train,-0.011864675
2022-05-16,IWM,0.030124899,-0.0030740607,0.03319896,train,-0.003465272
2022-05-16,SPY,0.020361766,-0.0039390395,0.024300806,train,-0.014794465
2022-05-16,TLT,-0.01215702,-0.006734288,0.0054227323,train,0.001903188
2022-05-17,EFA,-0.024154726,0.002881412,0.027036138,train,-0.0012613363
2022-05-17,IWM,-0.035670172,-0.00572304,0.029947132,train,-0.0030740607
2022-05-17,SPY,-0.041146766,0.02009966,0.061246425,train,-0.0039390395
2022-05-17,TLT,0.021093322,-0.007907735,0.029001057,train,-0.006734288
2022-05-18,EFA,0.0095537845,0.04316971,0.033615924,train,0.002881412
2022-05-18,IWM,0.0016440043,-0.0056808996,0.0073249037,train,-0.00572304
2022-05-18,SPY,-0.006143368,0.022493046,0.028636415,train,0.02009966
2022-05-18,TLT,0.0023925155,0.0034548831,0.0010623676,train,-0.007907735
2022-05-19,EFA,0.0068106973,-0.005387332,0.012198029,train,0.04316971
2022-05-19,IWM,-0.0025523847,-0.0076397094,0.0050873244,train,-0.0056808996
2022-05-19,SPY,0.0004364338,0.016817214,0.01638078,train,0.022493046
2022-05-19,TLT,0.011286093,0.0028520697,0.008434024,train,0.0034548831
2022-05-20,EFA,0.016826717,0.0068717715,0.009954946,train,-0.005387332
2022-05-20,IWM,0.012024162,0.0008417261,0.011182437,train,-0.0076397094
2022-05-20,SPY,0.018537179,-0.004025975,0.022563154,train,0.016817214
2022-05-20,TLT,-0.01659115,0.00793368,0.02452483,train,0.0028520697
2022-05-23,EFA,-0.0015970909,0.016183887,0.017780978,train,0.0068717715
2022-05-23,IWM,-0.01492475,0.004833136,0.019757885,train,0.0008417261
2022-05-23,SPY,-0.00766296,-0.0025155242,0.0051474357,train,-0.004025975
2022-05-23,TLT,0.019540362,-0.011619765,0.031160127,train,0.00793368
2022-05-24,EFA,0.00029051868,0.035835404,0.035544883,train,0.016183887
2022-05-24,IWM,0.01783853,-0.01244545,0.03028398,train,0.004833136
2022-05-24,SPY,0.008796008,-0.023491003,0.03228701,train,-0.0025155242
2022-05-24,TLT,0.003946079,-0.017297795,0.021243874,train,-0.011619765
2022-05-25,EFA,0.010981039,0.0141460635,0.0031650243,train,0.035835404
2022-05-25,IWM,0.02207855,0.0043355995,0.01774295,train,-0.01244545
2022-05-25,SPY,0.019784378,0.005333455,0.014450923,train,-0.023491003
2022-05-25,TLT,-0.0045354627,-0.0042517604,0.00028370228,train,-0.017297795
2022-05-26,EFA,0.011998533,0.012555443,0.0005569095,train,0.0141460635
2022-05-26,IWM,0.026570363,-0.0061421576,0.03271252,train,0.0043355995
2022-05-26,SPY,0.024252687,0.017902192,0.006350495,train,0.005333455
2022-05-26,TLT,0.0024384202,0.00012400979,0.0023144104,train,-0.0042517604
2022-05-27,EFA,-0.005981117,0.0022272826,0.0082084,train,0.012555443
2022-05-27,IWM,-0.01249509,-0.021051772,0.008556682,train,-0.0061421576
2022-05-27,SPY,-0.0056268377,0.01788178,0.02350862,train,0.017902192
2022-05-27,TLT,-0.021389399,0.0047916253,0.026181024,train,0.00012400979
2022-05-31,EFA,-0.010626437,0.00845797,0.019084407,train,0.0022272826
2022-05-31,IWM,-0.005682326,0.0010305722,0.006712898,train,-0.021051772
2022-05-31,SPY,-0.008121359,0.017485768,0.025607128,train,0.01788178
2022-05-31,TLT,-0.0011437611,0.020577488,0.02172125,train,0.0047916253
2022-06-01,EFA,0.020575244,0.010798439,0.009776805,train,0.00845797
2022-06-01,IWM,0.024128621,-0.016399492,0.04052811,train,0.0010305722
2022-06-01,SPY,0.0188643,0.02984288,0.0109785795,train,0.017485768
2022-06-01,TLT,0.00051608536,0.006058633,0.0055425474,train,0.020577488
2022-06-02,EFA,-0.014386771,-0.008168466,0.006218305,train,0.010798439
2022-06-02,IWM,-0.009047122,-0.017028008,0.007980886,train,-0.016399492
2022-06-02,SPY,-0.016547637,0.0119715445,0.028519182,train,0.02984288
2022-06-02,TLT,-0.0021520646,-0.006885105,0.00473304,train,0.006058633
2022-06-03,EFA,0.0040093474,0.008854957,0.00484561,train,-0.008168466
2022-06-03,IWM,0.004320896,9.1609545e-06,0.0043117353,train,-0.017028008
2022-06-03,SPY,0.003040127,0.01604458,0.013004452,train,0.0119715445
2022-06-03,TLT,-0.018615836,0.04250896,0.061124794,train,-0.006885105
2022-06-06,EFA,0.0029962815,0.011844713,0.0088484315,train,0.008854957
2022-06-06,IWM,0.015999446,0.034974366,0.01897492,train,9.1609545e-06
2022-06-06,SPY,0.009546469,0.024522807,0.0149763385,train,0.01604458
2022-06-06,TLT,0.010741927,0.019038059,0.008296132,train,0.04250896
2022-06-07,EFA,-0.014060684,0.014753094,0.028813777,train,0.011844713
2022-06-07,IWM,-0.015573784,0.0037778323,0.019351617,train,0.034974366
2022-06-07,SPY,-0.010931664,0.0132999215,0.024231587,train,0.024522807
2022-06-07,TLT,-0.008900126,-0.00966594,0.0007658135,train,0.019038059
2022-06-08,EFA,-0.021224042,0.001823707,0.023047749,train,0.014753094
2022-06-08,IWM,-0.020948047,0.023039276,0.043987323,train,0.0037778323
2022-06-08,SPY,-0.02407015,-0.0051060873,0.018964062,train,0.0132999215
2022-06-08,TLT,0.0033250332,-0.017430037,0.020755071,train,-0.00966594
2022-06-09,EFA,-0.024432482,0.009568399,0.03400088,train,0.001823707
2022-06-09,IWM,-0.027503429,0.031262934,0.058766365,train,0.023039276
2022-06-09,SPY,-0.029424379,0.0018550814,0.03127946,train,-0.0051060873
2022-06-09,TLT,-0.006221179,-0.019742737,0.013521558,train,-0.017430037
2022-06-10,EFA,-0.033640493,-0.022871092,0.010769401,train,0.009568399
2022-06-10,IWM,-0.04811837,-0.0016533206,0.04646505,train,0.031262934
2022-06-10,SPY,-0.03870774,-0.02505213,0.01365561,train,0.0018550814
2022-06-10,TLT,-0.03188202,-0.015999753,0.015882269,train,-0.019742737
2022-06-13,EFA,-0.0094771385,-0.0015246901,0.007952448,train,-0.022871092
2022-06-13,IWM,-0.004829401,-0.0044089737,0.00042042742,train,-0.0016533206
2022-06-13,SPY,-0.0030178686,-0.044056125,0.041038256,train,-0.02505213
2022-06-13,TLT,-0.01269349,-0.008842567,0.003850923,train,-0.015999753
2022-06-14,EFA,0.018548572,-0.004416497,0.02296507,train,-0.0015246901
2022-06-14,IWM,0.014535544,-0.025395693,0.039931238,train,-0.0044089737
2022-06-14,SPY,0.014155685,-0.02577385,0.039929535,train,-0.044056125
2022-06-14,TLT,0.018484406,-0.009485785,0.027970191,train,-0.008842567
2022-06-15,EFA,-0.022267554,-0.0036397274,0.018627826,train,-0.004416497
2022-06-15,IWM,-0.047424097,-0.014970627,0.03245347,train,-0.025395693
2022-06-15,SPY,-0.03365607,-0.041086935,0.0074308664,train,-0.02577385
2022-06-15,TLT,0.00790801,-0.0053238473,0.013231857,train,-0.009485785
2022-06-16,EFA,-0.004058112,0.0054064696,0.0094645815,train,-0.0036397274
2022-06-16,IWM,0.0077795805,-0.009745594,0.017525174,train,-0.014970627
2022-06-16,SPY,0.0021533915,-0.02227563,0.024429021,train,-0.041086935
2022-06-16,TLT,0.0032171244,-0.009928258,0.0131453825,train,-0.0053238473
2022-06-17,EFA,0.015013642,0.009328324,0.0056853173,train,0.0054064696
2022-06-17,IWM,0.017761143,-0.015773937,0.03353508,train,-0.009745594
2022-06-17,SPY,0.024862017,-0.030867737,0.055729754,train,-0.02227563
2022-06-17,TLT,-0.017097354,-0.012818687,0.0042786673,train,-0.009928258
2022-06-21,EFA,-0.0067525283,0.0070434776,0.013796005,train,0.009328324
2022-06-21,IWM,-0.0019049856,0.044027735,0.04593272,train,-0.015773937
2022-06-21,SPY,-0.0018146392,-0.010323852,0.008509213,train,-0.030867737
2022-06-21,TLT,0.027129015,-0.001438647,0.028567662,train,-0.012818687
2022-06-22,EFA,-0.0011297882,0.01926655,0.020396337,train,0.0070434776
2022-06-22,IWM,0.0119060315,0.03668854,0.024782509,train,0.044027735
2022-06-22,SPY,0.009754945,-0.0025300006,0.012284946,train,-0.010323852
2022-06-22,TLT,0.008181421,-0.012956519,0.02113794,train,-0.001438647
2022-06-23,EFA,0.029439617,0.013995308,0.0154443085,train,0.01926655
2022-06-23,IWM,0.030502222,0.032114703,0.0016124807,train,0.03668854
2022-06-23,SPY,0.03129865,-0.0030460241,0.034344673,train,-0.0025300006
2022-06-23,TLT,-0.013939463,-0.013637874,0.00030158833,train,-0.012956519
2022-06-24,EFA,-0.004242874,-0.0134637635,0.009220889,train,0.013995308
2022-06-24,IWM,0.0037054953,-0.0014398242,0.0051453197,train,0.032114703
2022-06-24,SPY,-0.003827005,0.023702709,0.027529715,train,-0.0030460241
2022-06-24,TLT,-0.008565421,0.0037166593,0.012282081,train,-0.013637874
2022-06-27,EFA,-0.006794804,-0.0011950578,0.005599746,train,-0.0134637635
2022-06-27,IWM,-0.018956613,-0.0005307789,0.018425833,train,-0.0014398242
2022-06-27,SPY,-0.020644292,0.014328042,0.034972332,train,0.023702709
2022-06-27,TLT,0.00464878,-0.0067291646,0.011377945,train,0.0037166593
2022-06-28,EFA,-0.0038124525,0.0009740419,0.004786494,train,-0.0011950578
2022-06-28,IWM,-0.010200006,-0.009328887,0.0008711191,train,-0.0005307789
2022-06-28,SPY,-0.00081496296,-0.013653833,0.01283887,train,0.014328042
2022-06-28,TLT,0.015487678,0.002512081,0.012975598,train,-0.0067291646
2022-06-29,EFA,-0.0054261796,0.00540276,0.01082894,train,0.0009740419
2022-06-29,IWM,-0.007822593,-0.010477267,0.0026546745,train,-0.009328887
2022-06-29,SPY,-0.008157251,-0.0073200273,0.00083722407,train,-0.013653833
2022-06-29,TLT,0.008743584,0.010090563,0.0013469793,train,0.002512081
2022-06-30,EFA,0.0023974774,-0.0018824465,0.0042799236,train,0.00540276
2022-06-30,IWM,0.012031793,0.0016234261,0.010408366,train,-0.010477267
2022-06-30,SPY,0.010521025,-0.010354532,0.020875558,train,-0.0073200273
2022-06-30,TLT,0.0102144005,0.0114699565,0.001255556,train,0.010090563
2022-07-01,EFA,-0.021624038,-0.006327635,0.015296403,train,-0.0018824465
2022-07-01,IWM,0.008249997,0.012429295,0.004179298,train,0.0016234261
2022-07-01,SPY,0.001886703,-0.0051599597,0.0070466627,train,-0.010354532
2022-07-01,TLT,0.007826341,-0.00037595117,0.008202292,train,0.0114699565
2022-07-05,EFA,0.0008152032,-0.0044768676,0.005292071,train,-0.006327635
2022-07-05,IWM,-0.0074335765,0.019429822,0.026863398,train,0.012429295
2022-07-05,SPY,0.003371696,0.0036260118,0.0002543158,train,-0.0051599597
2022-07-05,TLT,-0.016933944,0.0048421496,0.021776093,train,-0.00037595117
2022-07-06,EFA,0.015045217,-0.013530379,0.028575595,train,-0.0044768676
2022-07-06,IWM,0.023390906,0.008374302,0.015016604,train,0.019429822
2022-07-06,SPY,0.014865867,0.007882554,0.006983313,train,0.0036260118
2022-07-06,TLT,-0.008839024,0.0065162606,0.015355285,train,0.0048421496
2022-07-07,EFA,0.0011231937,-0.0014326763,0.00255587,train,-0.013530379
2022-07-07,IWM,-0.000114077244,-0.013890594,0.013776517,train,0.008374302
2022-07-07,SPY,-0.0008226955,0.014330933,0.015153629,train,0.007882554
2022-07-07,TLT,-0.011137494,-0.012285439,0.0011479454,train,0.0065162606
2022-07-08,EFA,-0.016331453,0.013886131,0.030217584,train,-0.0014326763
2022-07-08,IWM,-0.020308442,-0.00795413,0.012354312,train,-0.013890594
2022-07-08,SPY,-0.011489354,0.013409646,0.024899,train,0.014330933
2022-07-08,TLT,0.017097412,-0.027755562,0.044852972,train,-0.012285439
2022-07-11,EFA,-0.00016293152,-0.0158505,0.015687568,train,0.013886131
2022-07-11,IWM,-0.0034348296,0.0033041486,0.0067389784,train,-0.00795413
2022-07-11,SPY,-0.008888328,0.015780639,0.024668967,train,0.013409646
2022-07-11,TLT,0.005924378,-0.00015432993,0.006078708,train,-0.027755562
2022-07-12,EFA,-0.00048922916,-0.0003656256,0.00012360356,train,-0.0158505
2022-07-12,IWM,-0.0008750764,0.0034977733,0.0043728496,train,0.0033041486
2022-07-12,SPY,-0.005265612,0.0067512426,0.012016855,train,0.015780639
2022-07-12,TLT,0.011401256,0.025454752,0.0140534965,train,-0.00015432993
2022-07-13,EFA,-0.014128882,-0.005472949,0.008655934,train,-0.0003656256
2022-07-13,IWM,-0.010326475,0.014127746,0.024454221,train,0.0034977733
2022-07-13,SPY,-0.0024315373,-0.009879734,0.0074481973,train,0.0067512426
2022-07-13,TLT,-0.008192498,0.008567348,0.016759846,train,0.025454752
2022-07-14,EFA,0.015758831,-0.0036424007,0.019401232,train,-0.005472949
2022-07-14,IWM,0.0206049,-0.0094890185,0.030093918,train,0.014127746
2022-07-14,SPY,0.018925099,-0.012366829,0.03129193,train,-0.009879734
2022-07-14,TLT,0.005612252,-0.011093283,0.016705535,train,0.008567348
2022-07-15,EFA,0.00406332,-0.012159422,0.016222741,train,-0.0036424007
2022-07-15,IWM,-0.002834814,0.011950644,0.014785457,train,-0.0094890185
2022-07-15,SPY,-0.008291293,0.020067964,0.028359257,train,-0.012366829
2022-07-15,TLT,-0.010473028,-0.004511483,0.005961545,train,-0.011093283
2022-07-18,EFA,0.026885878,-0.006354839,0.033240717,train,-0.012159422
2022-07-18,IWM,0.034675706,0.0029045795,0.031771127,train,0.011950644
2022-07-18,SPY,0.026660474,-0.02072777,0.047388244,train,0.020067964
2022-07-18,TLT,-0.0054089543,0.010751976,0.01616093,train,-0.004511483
2022-07-19,EFA,-0.006653973,-0.023068618,0.016414646,train,-0.006354839
2022-07-19,IWM,0.015548064,-0.012594342,0.028142408,train,0.0029045795
2022-07-19,SPY,0.006353165,0.01176703,0.0054138647,train,-0.02072777
2022-07-19,TLT,0.0026208106,-0.0105699245,0.013190735,train,0.010751976
2022-07-20,EFA,0.010279234,0.008749943,0.0015292903,train,-0.023068618
2022-07-20,IWM,0.0051109795,-0.008487035,0.013598014,train,-0.012594342
2022-07-20,SPY,0.010131526,0.004461054,0.0056704716,train,0.01176703
2022-07-20,TLT,0.01712841,-0.013350012,0.030478422,train,-0.0105699245
2022-07-21,EFA,-0.0025205459,-0.012465816,0.00994527,train,0.008749943
2022-07-21,IWM,-0.016080597,0.0005585891,0.016639186,train,-0.008487035
2022-07-21,SPY,-0.009321375,-0.0025143581,0.0068070167,train,0.004461054
2022-07-21,TLT,0.01667179,0.018201357,0.001529567,train,-0.013350012
2022-07-22,EFA,0.0076990197,0.003050066,0.0046489537,train,-0.012465816
2022-07-22,IWM,0.0051673856,-0.01163156,0.016798945,train,0.0005585891
2022-07-22,SPY,0.0012142798,0.00018824684,0.001026033,train,-0.0025143581
2022-07-22,TLT,-0.009833379,-0.0039949934,0.0058383853,train,0.018201357
2022-07-25,EFA,-0.014028119,0.0068684467,0.020896565,train,0.003050066
2022-07-25,IWM,-0.006170527,-0.026443575,0.020273048,train,-0.01163156
2022-07-25,SPY,-0.011901738,-0.003163382,0.008738356,train,0.00018824684
2022-07-25,TLT,0.0007663695,0.0002609496,0.0005054199,train,-0.0039949934
2022-07-26,EFA,0.023375385,-0.011361219,0.034736603,train,0.0068684467
2022-07-26,IWM,0.02249618,0.012482656,0.010013524,train,-0.026443575
2022-07-26,SPY,0.025635155,0.0053040204,0.020331135,train,-0.003163382
2022-07-26,TLT,-0.0056338045,-0.01956028,0.013926474,train,0.0002609496
2022-07-27,EFA,0.005104052,-0.0014925706,0.0065966225,train,-0.011361219
2022-07-27,IWM,0.01364615,0.004118305,0.009527845,train,0.012482656
2022-07-27,SPY,0.0124642085,0.0062681497,0.006196059,train,0.0053040204
2022-07-27,TLT,0.007929396,-0.0031479024,0.011077298,train,-0.01956028
2022-07-28,EFA,0.01378918,0.010516368,0.0032728119,train,-0.0014925706
2022-07-28,IWM,0.007074351,0.018849958,0.011775607,train,0.004118305
2022-07-28,SPY,0.014473612,0.009192407,0.0052812053,train,0.0062681497
2022-07-28,TLT,-0.00272113,-0.0008118651,0.0019092648,train,-0.0031479024
2022-07-29,EFA,0.0013683124,0.015891057,0.014522744,train,0.010516368
2022-07-29,IWM,-0.0003738155,0.00089473696,0.0012685525,train,0.018849958
2022-07-29,SPY,-0.0029656834,0.01474824,0.017713923,train,0.009192407
2022-07-29,TLT,0.023797762,-0.0086931735,0.032490935,train,-0.0008118651
2022-08-01,EFA,-0.016083537,0.029614192,0.045697726,train,0.015891057
2022-08-01,IWM,-0.00096218765,0.012441175,0.013403363,train,0.00089473696
2022-08-01,SPY,-0.006619085,-0.0068217847,0.00020269956,train,0.01474824
2022-08-01,TLT,-0.021386754,-0.025731562,0.004344808,train,-0.0086931735
2022-08-02,EFA,0.005850645,0.0017324002,0.0041182446,train,0.029614192
2022-08-02,IWM,0.014598858,-0.007084358,0.021683216,train,0.012441175
2022-08-02,SPY,0.015538019,-0.012333505,0.027871523,train,-0.0068217847
2022-08-02,TLT,0.015622106,-0.012918036,0.028540142,train,-0.025731562
2022-08-03,EFA,0.005053249,0.012720697,0.0076674474,train,0.0017324002
2022-08-03,IWM,-0.0021101735,-0.018974101,0.016863927,train,-0.007084358
2022-08-03,SPY,-0.00067579024,0.019537503,0.020213293,train,-0.012333505
2022-08-03,TLT,-0.00033510488,-0.012937555,0.01260245,train,-0.012918036
2022-08-04,EFA,-0.007050859,-0.001066226,0.0059846328,train,0.012720697
2022-08-04,IWM,0.00762859,-0.01088129,0.01850988,train,-0.018974101
2022-08-04,SPY,-0.0016917475,-0.082734846,0.081043094,train,0.019537503
2022-08-04,TLT,-0.024091503,-0.032158665,0.008067163,train,-0.012937555
2022-08-05,EFA,0.0023046504,0.017505193,0.015200542,train,-0.001066226
2022-08-05,IWM,0.010531498,-0.03747989,0.048011385,train,-0.01088129
2022-08-05,SPY,-0.0011615256,0.015428301,0.016589826,train,-0.082734846
2022-08-05,TLT,0.016012598,0.0014825636,0.014530035,train,-0.032158665
2022-08-08,EFA,-0.005385955,0.022010919,0.027396873,train,0.017505193
2022-08-08,IWM,-0.01373351,-0.029394303,0.015660793,train,-0.03747989
2022-08-08,SPY,-0.003978834,-0.042382646,0.038403813,train,0.015428301
2022-08-08,TLT,-0.0038941875,0.023854796,0.027748983,train,0.0014825636
2022-08-09,EFA,0.022277316,0.008478634,0.013798682,train,0.022010919
2022-08-09,IWM,0.028150208,0.026715536,0.0014346726,train,-0.029394303
2022-08-09,SPY,0.02078648,0.01094405,0.009842429,train,-0.042382646
2022-08-09,TLT,-0.0065526357,-0.015726632,0.009173996,train,0.023854796
2022-08-10,EFA,-0.00030170588,-0.012141369,0.011839664,train,0.008478634
2022-08-10,IWM,0.0037248537,-0.029052619,0.032777473,train,0.026715536
2022-08-10,SPY,0.0,-0.035179228,0.035179228,train,0.01094405
2022-08-10,TLT,-0.023585694,-0.044720855,0.02113516,train,-0.015726632
2022-08-11,EFA,0.007668714,-0.004698808,0.012367522,train,-0.012141369
2022-08-11,IWM,0.020216929,-0.0054910923,0.025708022,train,-0.029052619
2022-08-11,SPY,0.016787477,0.017900713,0.001113236,train,-0.035179228
2022-08-11,TLT,0.010089707,-0.028620262,0.03870997,train,-0.044720855
2022-08-12,EFA,-0.0060097896,0.0012114919,0.0072212815,train,-0.004698808
2022-08-12,IWM,0.0035372714,-0.017591465,0.021128736,train,-0.0054910923
2022-08-12,SPY,0.004112151,-0.020861171,0.024973322,train,0.017900713
2022-08-12,TLT,-0.0008658076,-0.02155707,0.020691263,train,-0.028620262
2022-08-15,EFA,-0.00030142377,0.0085065495,0.008807973,train,0.0012114919
2022-08-15,IWM,-0.00039779063,-0.010083698,0.0096859075,train,-0.017591465
2022-08-15,SPY,0.0019567467,-0.018104196,0.020060942,train,-0.020861171
2022-08-15,TLT,0.0041491473,-0.014827119,0.018976267,train,-0.02155707
2022-08-16,EFA,-0.008021305,0.0016934327,0.009714738,train,0.0085065495
2022-08-16,IWM,-0.016959973,-0.02026911,0.0033091381,train,-0.010083698
2022-08-16,SPY,-0.0071232268,-0.033379354,0.026256127,train,-0.018104196
2022-08-16,TLT,-0.010492713,-0.012715958,0.0022232449,train,-0.014827119
2022-08-17,EFA,-0.003348468,-0.00017900532,0.0031694628,train,0.0016934327
2022-08-17,IWM,0.0066074915,-0.010345049,0.01695254,train,-0.02026911
2022-08-17,SPY,0.0029020847,0.048422262,0.04552018,train,-0.033379354
2022-08-17,TLT,0.0014811114,-0.00049807644,0.0019791878,train,-0.012715958
2022-08-18,EFA,-0.013816571,-0.022009807,0.008193236,train,-0.00017900532
2022-08-18,IWM,-0.0216997,0.0024757502,0.02417545,train,-0.010345049
2022-08-18,SPY,-0.013528965,0.038141843,0.05167081,train,0.048422262
2022-08-18,TLT,-0.016233422,-0.011470836,0.004762586,train,-0.00049807644
2022-08-19,EFA,-0.017150473,-0.018017422,0.00086694956,train,-0.022009807
2022-08-19,IWM,-0.020816201,-0.056713622,0.03589742,train,0.0024757502
2022-08-19,SPY,-0.021042485,0.061133895,0.08217638,train,0.038141843
2022-08-19,TLT,-0.0033673467,-0.0045840642,0.0012167175,train,-0.011470836
2022-08-22,EFA,0.00047168165,-0.019832145,0.020303827,train,-0.018017422
2022-08-22,IWM,0.0016247778,0.08367984,0.08205506,train,-0.056713622
2022-08-22,SPY,-0.0024221505,0.03194509,0.03436724,train,0.061133895
2022-08-22,TLT,-0.0055185887,-0.007613163,0.0020945743,train,-0.0045840642
2022-08-23,EFA,0.001256709,-0.026287634,0.027544342,train,-0.019832145
2022-08-23,IWM,0.0076167174,0.06764316,0.06002644,train,0.08367984
2022-08-23,SPY,0.0031959764,0.04184762,0.038651645,train,0.03194509
2022-08-23,TLT,-0.0073455353,-0.020900145,0.01355461,train,-0.007613163
2022-08-24,EFA,0.010929174,-0.030586082,0.041515257,train,-0.026287634
2022-08-24,IWM,0.015420283,0.008839324,0.006580959,train,0.06764316
2022-08-24,SPY,0.014018909,0.03157678,0.01755787,train,0.04184762
2022-08-24,TLT,0.013839959,-0.017464833,0.03130479,train,-0.020900145
2022-08-25,EFA,-0.026592828,-0.04196025,0.015367422,train,-0.030586082
2022-08-25,IWM,-0.03340749,0.028664794,0.062072285,train,0.008839324
2022-08-25,SPY,-0.034435146,0.062966876,0.09740202,train,0.03157678
2022-08-25,TLT,0.0075095296,-0.010488147,0.017997677,train,-0.017464833
2022-08-26,EFA,-0.0022349348,-0.016161298,0.013926364,train,-0.04196025
2022-08-26,IWM,-0.009249955,-0.0051012128,0.0041487426,train,0.028664794
2022-08-26,SPY,-0.006634181,0.054292195,0.060926374,train,0.062966876
2022-08-26,TLT,-0.008307636,-0.023760527,0.015452892,train,-0.010488147
2022-08-29,EFA,-0.007218112,-0.014605571,0.007387459,train,-0.016161298
2022-08-29,IWM,-0.014091617,-0.0017114389,0.012380179,train,-0.0051012128
2022-08-29,SPY,-0.011038756,-0.032526497,0.02148774,train,0.054292195
2022-08-29,TLT,0.0024816326,-0.002252366,0.0047339983,train,-0.023760527
2022-08-30,EFA,-0.006783887,-0.006665615,0.00011827191,train,-0.014605571
2022-08-30,IWM,-0.0060848054,-0.0022717505,0.0038130549,train,-0.0017114389
2022-08-30,SPY,-0.007637884,-0.014551815,0.0069139306,train,-0.032526497
2022-08-30,TLT,-0.00960684,-0.019490644,0.009883804,train,-0.002252366
2022-08-31,EFA,-0.013543505,-0.018084342,0.0045408364,train,-0.006665615
2022-08-31,IWM,-0.0109590795,-0.010198224,0.00076085515,train,-0.0022717505
2022-08-31,SPY,0.0031327487,-0.03534917,0.03848192,train,-0.014551815
2022-08-31,TLT,-0.018477725,-0.022714732,0.0042370073,train,-0.019490644
2022-09-01,EFA,-0.0065931007,-0.0045376173,0.0020554834,train,-0.018084342
2022-09-01,IWM,-0.007798735,-0.014203258,0.006404523,train,-0.010198224
2022-09-01,SPY,-0.0106003815,-0.021744546,0.011144164,train,-0.03534917
2022-09-01,TLT,0.005640877,0.002415501,0.003225376,train,-0.022714732
2022-09-02,EFA,-0.0024835493,0.004697949,0.007181498,train,-0.0045376173
2022-09-02,IWM,-0.009933186,-0.02319691,0.013263724,train,-0.014203258
2022-09-02,SPY,-0.0037801564,0.0037886617,0.007568818,train,-0.021744546
2022-09-02,TLT,-0.025080584,-0.015725663,0.009354921,train,0.002415501
2022-09-06,EFA,0.008748036,-0.0061310376,0.014879074,train,0.004697949
2022-09-06,IWM,0.021526182,-0.010010865,0.03153705,train,-0.02319691
2022-09-06,SPY,0.01780545,0.030088034,0.012282584,train,0.0037886617
2022-09-06,TLT,0.015691722,-0.004645057,0.020336779,train,-0.015725663
2022-09-07,EFA,0.0006571206,-0.011471644,0.012128765,train,-0.0061310376
2022-09-07,IWM,0.0083085755,-0.0032521035,0.0115606785,train,-0.010010865
2022-09-07,SPY,0.0065151774,-0.00891282,0.015427997,train,0.030088034
2022-09-07,TLT,-0.010310331,-0.023110311,0.01279998,train,-0.004645057
2022-09-08,EFA,0.025137117,0.0124518555,0.012685262,train,-0.011471644
2022-09-08,IWM,0.019886818,0.008211702,0.011675116,train,-0.0032521035
2022-09-08,SPY,0.015415585,0.029094983,0.013679398,train,-0.00891282
2022-09-08,TLT,0.0022179836,-0.015088426,0.01730641,train,-0.023110311
2022-09-09,EFA,0.013837132,-0.0275283,0.041365433,train,0.0124518555
2022-09-09,IWM,0.012040412,-0.016256593,0.028297005,train,0.008211702
2022-09-09,SPY,0.010690337,-0.031167693,0.041858032,train,0.029094983
2022-09-09,TLT,-0.008251009,-0.015663987,0.0074129784,train,-0.015088426
2022-09-12,EFA,-0.035367783,-0.03782137,0.002453588,train,-0.0275283
2022-09-12,IWM,-0.03990627,0.009536248,0.04944252,train,-0.016256593
2022-09-12,SPY,-0.04445624,-0.03722268,0.00723356,train,-0.031167693
2022-09-12,TLT,0.0023247972,-0.008685568,0.011010366,train,-0.015663987
2022-09-13,EFA,0.0032675625,0.009395016,0.006127454,train,-0.03782137
2022-09-13,IWM,0.003888171,0.025686469,0.021798298,train,0.009536248
2022-09-13,SPY,0.0038085019,0.015790079,0.011981577,train,-0.03722268
2022-09-13,TLT,0.0034305532,-0.018698074,0.022128627,train,-0.008685568
2022-09-14,EFA,-0.008846825,-0.008695673,0.00015115179,train,0.009395016
2022-09-14,IWM,-0.00729606,0.026300672,0.03359673,train,0.025686469
2022-09-14,SPY,-0.011418156,-0.009279434,0.0021387227,train,0.015790079
2022-09-14,TLT,-0.0006480735,-0.011281569,0.010633495,train,-0.018698074
2022-09-15,EFA,-0.006107083,0.019486826,0.025593909,train,-0.008695673
2022-09-15,IWM,-0.014641685,0.014569612,0.029211298,train,0.026300672
2022-09-15,SPY,-0.007658079,0.0108675305,0.01852561,train,-0.009279434
2022-09-15,TLT,-0.008370529,-0.014496371,0.006125842,train,-0.011281569
2022-09-16,EFA,0.003470803,0.007905547,0.004434744,train,0.019486826
2022-09-16,IWM,0.008511887,-0.0027234326,0.011235319,train,0.014569612
2022-09-16,SPY,0.007724896,0.0083385855,0.0006136894,train,0.0108675305
2022-09-16,TLT,0.0023318992,-0.0025452538,0.004877153,train,-0.014496371
2022-09-19,EFA,-0.017139876,-0.004650893,0.012488984,train,0.007905547
2022-09-19,IWM,-0.013721422,0.05752418,0.0712456,train,-0.0027234326
2022-09-19,SPY,-0.01154486,-0.0012320946,0.010312766,train,0.0083385855
2022-09-19,TLT,-0.010020031,-0.031396475,0.021376444,train,-0.0025452538
2022-09-20,EFA,-0.01317824,-0.032734886,0.019556645,train,-0.004650893
2022-09-20,IWM,-0.015393509,0.021521267,0.036914773,train,0.05752418
2022-09-20,SPY,-0.017597605,-0.015570357,0.002027247,train,-0.0012320946
2022-09-20,TLT,0.016614132,-0.0041868514,0.020800984,train,-0.031396475
2022-09-21,EFA,-0.0028953028,-0.013605054,0.0107097505,train,-0.032734886
2022-09-21,IWM,-0.02278515,0.022323515,0.045108665,train,0.021521267
2022-09-21,SPY,-0.008435565,-0.012309536,0.0038739713,train,-0.015570357
2022-09-21,TLT,-0.025880566,-0.040723663,0.014843097,train,-0.0041868514
2022-09-22,EFA,-0.03241471,0.005583108,0.037997816,train,-0.013605054
2022-09-22,IWM,-0.02409333,0.022218216,0.046311546,train,0.022323515
2022-09-22,SPY,-0.016896686,0.004171152,0.021067837,train,-0.012309536
2022-09-22,TLT,0.0040765125,-0.02080717,0.024883682,train,-0.040723663
2022-09-23,EFA,-0.014909581,-0.0015178113,0.01339177,train,0.005583108
2022-09-23,IWM,-0.013786619,0.028420806,0.042207424,train,0.022218216
2022-09-23,SPY,-0.009941964,0.015443813,0.025385778,train,0.004171152
2022-09-23,TLT,-0.019295702,-0.011594083,0.0077016186,train,-0.02080717
2022-09-26,EFA,-0.0068187364,0.0054826983,0.012301435,train,-0.0015178113
2022-09-26,IWM,0.0034051866,0.0029399567,0.00046522985,train,0.028420806
2022-09-26,SPY,-0.002555778,0.023470763,0.026026541,train,0.015443813
2022-09-26,TLT,-0.026683928,-0.019430302,0.0072536264,train,-0.011594083
2022-09-27,EFA,0.023840418,-0.002945594,0.026786013,train,0.0054826983
2022-09-27,IWM,0.031137858,0.011089949,0.020047909,train,0.0029399567
2022-09-27,SPY,0.019485073,0.0022680038,0.01721707,train,0.023470763
2022-09-27,TLT,0.032933734,-0.015203904,0.04813764,train,-0.019430302
2022-09-28,EFA,-0.011849202,0.0012698607,0.013119062,train,-0.002945594
2022-09-28,IWM,-0.022674607,-0.0072031054,0.015471501,train,0.011089949
2022-09-28,SPY,-0.021110184,-0.0034865062,0.017623678,train,0.0022680038
2022-09-28,TLT,-0.0051893755,-0.0005105394,0.004678836,train,-0.015203904
2022-09-29,EFA,-0.003564486,0.0034340997,0.0069985855,train,0.0012698607
2022-09-29,IWM,-0.0073103625,0.0057334215,0.013043784,train,-0.0072031054
2022-09-29,SPY,-0.015584368,-0.017057866,0.0014734976,train,-0.0034865062
2022-09-29,TLT,-0.012994582,0.004239783,0.017234365,train,-0.0005105394
2022-09-30,EFA,0.019624108,0.008446112,0.011177996,train,0.0034340997
2022-09-30,IWM,0.026152778,0.006392226,0.019760553,train,0.0057334215
2022-09-30,SPY,0.02605881,-0.01272089,0.0387797,train,-0.017057866
2022-09-30,TLT,0.015764682,0.009607641,0.0061570406,train,0.004239783
2022-10-03,EFA,0.039308317,-0.0074300836,0.0467384,train,0.008446112
2022-10-03,IWM,0.038870763,-0.019641463,0.058512226,train,0.006392226
2022-10-03,SPY,0.030516291,0.008776432,0.02173986,train,-0.01272089
2022-10-03,TLT,-0.0027971845,-0.007334105,0.0045369207,train,0.009607641
2022-10-04,EFA,-0.010660938,-0.029105406,0.018444467,train,-0.0074300836
2022-10-04,IWM,-0.007413829,-0.017716598,0.010302769,train,-0.019641463
2022-10-04,SPY,-0.0023310946,0.030557327,0.03288842,train,0.008776432
2022-10-04,TLT,-0.009607444,-0.0007793787,0.008828064,train,-0.007334105
2022-10-05,EFA,-0.017678384,0.015885115,0.0335635,train,-0.029105406
2022-10-05,IWM,-0.0056254147,0.013177924,0.01880334,train,-0.017716598
2022-10-05,SPY,-0.010369245,0.01291801,0.023287255,train,0.030557327
2022-10-05,TLT,-0.005573956,-0.010286551,0.004712595,train,-0.0007793787
2022-10-06,EFA,-0.01605886,0.011420578,0.027479438,train,0.015885115
2022-10-06,IWM,-0.029856486,-0.00069688214,0.029159604,train,0.013177924
2022-10-06,SPY,-0.028290395,0.015814682,0.044105075,train,0.01291801
2022-10-06,TLT,-0.009755302,-0.00016887626,0.0095864255,train,-0.010286551
2022-10-07,EFA,-0.005646814,0.014605338,0.020252151,train,0.011420578
2022-10-07,IWM,-0.0055906884,0.010820854,0.016411543,train,-0.00069688214
2022-10-07,SPY,-0.007664685,-0.0013936791,0.006271006,train,0.015814682
2022-10-07,TLT,-0.01566829,0.0006207726,0.016289063,train,-0.00016887626
2022-10-10,EFA,-0.0110319955,0.02365742,0.034689415,train,0.014605338
2022-10-10,IWM,0.00029833402,0.011074506,0.010776171,train,0.010820854
2022-10-10,SPY,-0.006352866,-0.007747441,0.001394575,train,-0.0013936791
2022-10-10,TLT,0.004416197,-0.0042932048,0.008709402,train,0.0006207726
2022-10-11,EFA,-0.0032260255,-0.015172018,0.011945993,train,0.02365742
2022-10-11,IWM,-0.0027464563,0.014795123,0.01754158,train,0.011074506
2022-10-11,SPY,-0.003303881,-0.013918849,0.010614968,train,-0.007747441
2022-10-11,TLT,0.004894621,-0.027304359,0.03219898,train,-0.0042932048
2022-10-12,EFA,0.020432608,-0.0069858744,0.027418483,train,-0.015172018
2022-10-12,IWM,0.024450526,-0.010100884,0.034551412,train,0.014795123
2022-10-12,SPY,0.026048629,-0.018201096,0.044249725,train,-0.013918849
2022-10-12,TLT,-0.009612287,-0.004938372,0.0046739154,train,-0.027304359
2022-10-13,EFA,-0.015062018,0.0022920384,0.017354056,train,-0.0069858744
2022-10-13,IWM,-0.027144616,0.0011785314,0.028323147,train,-0.010100884
2022-10-13,SPY,-0.023052456,-0.0072876844,0.015764771,train,-0.018201096
2022-10-13,TLT,-0.008284826,-0.009893283,0.0016084574,train,-0.004938372
2022-10-14,EFA,0.024339994,0.001341714,0.02299828,train,0.0022920384
2022-10-14,IWM,0.03139479,0.005511437,0.025883354,train,0.0011785314
2022-10-14,SPY,0.025372397,-0.04157913,0.06695153,train,-0.0072876844
2022-10-14,TLT,-0.0048813876,0.00063744606,0.0055188336,train,-0.009893283
2022-10-17,EFA,0.007118623,-0.0040239743,0.011142597,train,0.001341714
2022-10-17,IWM,0.0117816655,-0.012989525,0.024771191,train,0.005511437
2022-10-17,SPY,0.011681311,0.014636919,0.002955608,train,-0.04157913
2022-10-17,TLT,0.0023420788,-0.00496213,0.007304209,train,0.00063744606
2022-10-18,EFA,-0.012359732,-0.02033938,0.007979647,train,-0.0040239743
2022-10-18,IWM,-0.017140746,-0.01637989,0.000760857,train,-0.012989525
2022-10-18,SPY,-0.0071120365,0.026718568,0.033830605,train,0.014636919
2022-10-18,TLT,-0.018373594,-0.0048757005,0.013497893,train,-0.00496213
2022-10-19,EFA,-0.0022796788,-0.019079108,0.01679943,train,-0.02033938
2022-10-19,IWM,-0.012814935,-0.010450378,0.0023645572,train,-0.01637989
2022-10-19,SPY,-0.008420508,0.022746451,0.03116696,train,0.026718568
2022-10-19,TLT,-0.017241001,-0.009596044,0.007644957,train,-0.0048757005
2022-10-20,EFA,0.017921312,0.015878282,0.0020430293,train,-0.019079108
2022-10-20,IWM,0.021479871,0.0063732048,0.015106667,train,-0.010450378
2022-10-20,SPY,0.024010861,0.0034990371,0.020511825,train,0.022746451
2022-10-20,TLT,-0.018187303,-0.008268939,0.009918364,train,-0.009596044
2022-10-21,EFA,0.00017231493,-0.013997246,0.014169561,train,0.015878282
2022-10-21,IWM,0.004275611,-0.015998017,0.020273628,train,0.0063732048
2022-10-21,SPY,0.012162172,0.008938462,0.0032237107,train,0.0034990371
2022-10-21,TLT,-0.008298555,-0.006545303,0.0017532525,train,-0.008268939
2022-10-24,EFA,0.021828962,0.010872571,0.010956392,train,-0.013997246
2022-10-24,IWM,0.026906367,0.0019773026,0.024929065,train,-0.015998017
2022-10-24,SPY,0.015842605,0.012932939,0.002909666,train,0.008938462
2022-10-24,TLT,0.028696727,-0.0007128152,0.029409543,train,-0.006545303
2022-10-25,EFA,0.009402314,0.025782652,0.016380338,train,0.010872571
2022-10-25,IWM,0.004927248,0.005473007,0.00054575875,train,0.0019773026
2022-10-25,SPY,-0.007562739,0.02033782,0.027900558,train,0.012932939
2022-10-25,TLT,0.014304678,-0.011829276,0.026133955,train,-0.0007128152
2022-10-26,EFA,-0.009402314,0.03222346,0.041625775,train,0.025782652
2022-10-26,IWM,0.00022302642,0.010789365,0.010566338,train,0.005473007
2022-10-26,SPY,-0.005354284,-0.011713494,0.00635921,train,0.02033782
2022-10-26,TLT,0.010416272,-0.020023352,0.030439623,train,-0.011829276
2022-10-27,EFA,0.009903618,0.023123538,0.01321992,train,0.03222346
2022-10-27,IWM,0.022471942,0.00015872391,0.022313219,train,0.010789365
2022-10-27,SPY,0.023512049,0.009556375,0.013955673,train,-0.011713494
2022-10-27,TLT,-0.0068978034,-0.012111349,0.0052135456,train,-0.020023352
2022-10-28,EFA,-0.00939758,0.039124977,0.048522558,train,0.023123538
2022-10-28,IWM,0.00092763454,0.007856797,0.006929163,train,0.00015872391
2022-10-28,SPY,-0.0072494205,0.009219648,0.016469069,train,0.009556375
2022-10-28,TLT,-0.0071534715,-0.0023270077,0.0048264638,train,-0.012111349
2022-10-31,EFA,0.007893126,0.022441115,0.014547989,train,0.039124977
2022-10-31,IWM,0.0013627448,-0.008106273,0.009469017,train,0.007856797
2022-10-31,SPY,-0.004385497,-0.043162,0.038776502,train,0.009219648
2022-10-31,TLT,0.009301952,-0.00893235,0.018234301,train,-0.0023270077
2022-11-01,EFA,-0.014660372,0.012114026,0.026774399,train,0.022441115
2022-11-01,IWM,-0.033736397,0.008872725,0.04260912,train,-0.008106273
2022-11-01,SPY,-0.025416551,0.008035835,0.033452384,train,-0.043162
2022-11-01,TLT,-0.004349285,-0.0036107744,0.0007385104,train,-0.00893235
2022-11-02,EFA,-0.008523664,-0.016167643,0.007643978,train,0.012114026
2022-11-02,IWM,-0.0067270123,0.034602992,0.041330006,train,0.008872725
2022-11-02,SPY,-0.010350251,0.0052101878,0.015560439,train,0.008035835
2022-11-02,TLT,-0.005411826,0.00022466434,0.0056364904,train,-0.0036107744
2022-11-03,EFA,0.039279986,0.00026583904,0.039014146,train,-0.016167643
2022-11-03,IWM,0.01340943,0.010201834,0.003207596,train,0.034602992
2022-11-03,SPY,0.014290678,-0.033559043,0.047849722,train,0.0052101878
2022-11-03,TLT,-0.016943127,-0.0026475214,0.014295606,train,0.00022466434
2022-11-04,EFA,0.003122712,-0.014505878,0.01762859,train,0.00026583904
2022-11-04,IWM,0.0045229136,0.016322596,0.011799682,train,0.010201834
2022-11-04,SPY,0.009520006,0.030450065,0.02093006,train,-0.033559043
2022-11-04,TLT,-0.010026707,-0.0027595265,0.007267181,train,-0.0026475214
2022-11-07,EFA,0.011258932,0.03282462,0.021565689,train,-0.014505878
2022-11-07,IWM,0.00038994983,0.026520621,0.02613067,train,0.016322596
2022-11-07,SPY,0.0053809215,0.012386594,0.0070056724,train,0.030450065
2022-11-07,TLT,0.010875465,0.0019590412,0.008916425,train,-0.0027595265
2022-11-08,EFA,-0.014052558,0.028013874,0.042066433,train,0.03282462
2022-11-08,IWM,-0.027839923,0.0163682,0.044208124,train,0.026520621
2022-11-08,SPY,-0.02081728,0.024253665,0.045070946,train,0.012386594
2022-11-08,TLT,0.003281793,-0.005221621,0.008503415,train,0.0019590412
2022-11-09,EFA,0.05459552,0.00881191,0.04578361,train,0.028013874
2022-11-09,IWM,0.05973817,0.008965103,0.05077307,train,0.0163682
2022-11-09,SPY,0.053497326,0.012533581,0.040963747,train,0.024253665
2022-11-09,TLT,0.037752163,-0.0023248908,0.040077053,train,-0.005221621
2022-11-10,EFA,0.01974756,-0.014961917,0.034709476,train,0.00881191
2022-11-10,IWM,0.008165807,-0.018766347,0.026932154,train,0.008965103
2022-11-10,SPY,0.00963201,-0.0071916725,0.016823683,train,0.012533581
2022-11-10,TLT,-0.0036710757,-0.02580089,0.022129813,train,-0.0023248908
2022-11-11,EFA,-0.01059681,0.027491104,0.038087912,train,-0.014961917
2022-11-11,IWM,-0.01124528,0.007249844,0.018495124,train,-0.018766347
2022-11-11,SPY,-0.008543346,0.012049228,0.020592574,train,-0.0071916725
2022-11-11,TLT,-0.0024545959,-0.006729582,0.0042749858,train,-0.02580089
2022-11-14,EFA,0.006616922,0.05019918,0.04358226,train,0.027491104
2022-11-14,IWM,0.014717363,0.018648688,0.003931325,train,0.007249844
2022-11-14,SPY,0.008493005,-0.008085169,0.016578175,train,0.012049228
2022-11-14,TLT,0.01605092,-0.004681505,0.020732425,train,-0.006729582
2022-11-15,EFA,-0.0023031053,0.049289897,0.051593002,train,0.05019918
2022-11-15,IWM,-0.017752092,0.008827891,0.026579984,train,0.018648688
2022-11-15,SPY,-0.007658009,0.02286585,0.030523859,train,-0.008085169
2022-11-15,TLT,0.021632623,-0.018739326,0.040371947,train,-0.004681505
2022-11-16,EFA,-0.00046137505,0.04356471,0.044026084,train,0.049289897
2022-11-16,IWM,-0.009324288,0.015634563,0.02495885,train,0.008827891
2022-11-16,SPY,-0.0030643942,0.020953156,0.02401755,train,0.02286585
2022-11-16,TLT,-0.01060848,-0.014944861,0.0043363804,train,-0.018739326
2022-11-17,EFA,0.0019974974,0.008361418,0.0063639204,train,0.04356471
2022-11-17,IWM,0.0064437385,0.011871563,0.005427825,train,0.015634563
2022-11-17,SPY,0.004530103,2.3551751e-05,0.004506551,train,0.020953156
2022-11-17,TLT,-0.0069009117,0.0052750264,0.012175938,train,-0.014944861
2022-11-18,EFA,-0.007549557,-0.00845043,0.000900873,train,0.008361418
2022-11-18,IWM,-0.0052389135,-0.056593116,0.051354203,train,0.011871563
2022-11-18,SPY,-0.0036428878,-0.028514137,0.024871249,train,2.3551751e-05
2022-11-18,TLT,0.0042064125,0.014192622,0.00998621,train,0.0052750264
2022-11-21,EFA,0.013822872,-0.060675975,0.07449885,train,-0.00845043
2022-11-21,IWM,0.010613152,0.0043649604,0.0062481915,train,-0.056593116
2022-11-21,SPY,0.013367443,0.003718521,0.009648923,train,-0.028514137
2022-11-21,TLT,0.014091491,0.035549928,0.021458436,train,0.014192622
2022-11-22,EFA,0.010922404,0.012318362,0.0013959575,train,-0.060675975
2022-11-22,IWM,0.0025951045,-0.013548836,0.01614394,train,0.0043649604
2022-11-22,SPY,0.0062818034,-0.04234979,0.048631594,train,0.003718521
2022-11-22,TLT,0.017291822,0.0388213,0.021529477,train,0.035549928
2022-11-23,EFA,0.005116758,0.01545186,0.010335102,train,0.012318362
2022-11-23,IWM,0.0021036337,0.013848264,0.01174463,train,-0.013548836
2022-11-23,SPY,-0.00022383613,0.012727091,0.012950927,train,-0.04234979
2022-11-23,TLT,-0.0033958917,0.040773954,0.044169847,train,0.0388213
2022-11-25,EFA,-0.012993118,0.008366965,0.021360083,train,0.01545186
2022-11-25,IWM,-0.020358566,0.00049851695,0.020857083,train,0.013848264
2022-11-25,SPY,-0.01608569,0.07426529,0.09035098,train,0.012727091
2022-11-25,TLT,0.0028143914,-0.00044605462,0.003260446,train,0.040773954
2022-11-28,EFA,0.0028850196,0.03887603,0.03599101,train,0.008366965
2022-11-28,IWM,0.0029102,0.011362623,0.008452423,train,0.00049851695
2022-11-28,SPY,-0.0017190197,0.041121166,0.042840187,train,0.07426529
2022-11-28,TLT,-0.011795292,0.008732585,0.020527877,train,-0.00044605462
2022-11-29,EFA,0.017585317,0.031730063,0.014144747,train,0.03887603
2022-11-29,IWM,0.02704759,-0.0062585617,0.03330615,train,0.011362623
2022-11-29,SPY,0.031014698,0.06687123,0.035856538,train,0.041121166
2022-11-29,TLT,0.0073275436,0.0071337637,0.00019377982,train,0.008732585
2022-11-30,EFA,0.009637456,-0.0373392,0.046976656,train,0.031730063
2022-11-30,IWM,-0.0021904453,-0.0043230983,0.002132653,train,-0.0062585617
2022-11-30,SPY,-0.0007361869,-0.03650083,0.035764642,train,0.06687123
2022-11-30,TLT,0.031445753,0.003286675,0.028159078,train,0.0071337637
2022-12-01,EFA,-0.0007379488,-0.008340649,0.0076027005,train,-0.0373392
2022-12-01,IWM,0.0058133197,-0.0068712267,0.012684546,train,-0.0043230983
2022-12-01,SPY,-0.0011543223,0.012829982,0.013984304,train,-0.03650083
2022-12-01,TLT,0.012497828,-0.019513648,0.032011475,train,0.003286675
2022-12-02,EFA,-0.01322953,-0.007552033,0.0056774975,train,-0.008340649
2022-12-02,IWM,-0.0279326,0.009402169,0.03733477,train,-0.0068712267
2022-12-02,SPY,-0.018153021,0.031435642,0.049588665,train,0.012829982
2022-12-02,TLT,-0.014106145,0.0062124175,0.020318562,train,-0.019513648
2022-12-05,EFA,-0.004499051,-0.015316011,0.010816961,train,-0.007552033
2022-12-05,IWM,-0.015429805,-0.0025750003,0.012854805,train,0.009402169
2022-12-05,SPY,-0.014519562,0.025492467,0.040012028,train,0.031435642
2022-12-05,TLT,0.012797762,0.0029064608,0.009891301,train,0.0062124175
2022-12-06,EFA,0.0,0.002309157,0.002309157,train,-0.015316011
2022-12-06,IWM,-0.0029478695,-0.0119243935,0.008976524,train,-0.0025750003
2022-12-06,SPY,-0.0017027154,0.010437969,0.012140685,train,0.025492467
2022-12-06,TLT,0.02328911,0.012905199,0.010383911,train,0.0029064608
2022-12-07,EFA,0.0050973897,-0.009576606,0.014673995,train,0.002309157
2022-12-07,IWM,0.007214865,-0.0027832468,0.009998112,train,-0.0119243935
2022-12-07,SPY,0.007803139,0.024611492,0.016808353,train,0.010437969
2022-12-07,TLT,-0.002744217,0.0011159987,0.0038602157,train,0.012905199
2022-12-08,EFA,0.0005981069,-0.0015868559,0.0021849629,train,-0.009576606
2022-12-08,IWM,-0.012352109,0.014018271,0.02637038,train,-0.0027832468
2022-12-08,SPY,-0.007498175,0.05868097,0.06617914,train,0.024611492
2022-12-08,TLT,-0.026359094,-0.009351937,0.017007157,train,0.0011159987
2022-12-09,EFA,0.0029846146,-0.037056454,0.040041067,train,-0.0015868559
2022-12-09,IWM,0.011688391,-0.06488302,0.07657141,train,0.014018271
2022-12-09,SPY,0.014314392,-0.00970963,0.02402402,train,0.05868097
2022-12-09,TLT,0.0031926127,0.10508302,0.10189041,train,-0.009351937
2022-12-12,EFA,0.014082976,-0.0061970907,0.020280067,train,-0.037056454
2022-12-12,IWM,0.0082485685,-0.007691654,0.015940223,train,-0.06488302
2022-12-12,SPY,0.0075412537,-0.0041781696,0.011719423,train,-0.00970963
2022-12-12,TLT,0.00960944,-0.0023139599,0.011923401,train,0.10508302
2022-12-13,EFA,-0.00088545296,-0.04788729,0.04700184,train,-0.0061970907
2022-12-13,IWM,-0.006582271,0.0027947077,0.0093769785,train,-0.007691654
2022-12-13,SPY,-0.0064139,-0.05097528,0.044561382,train,-0.0041781696
2022-12-13,TLT,0.0042624124,0.050885778,0.046623364,train,-0.0023139599
2022-12-14,EFA,-0.025874488,-0.04264398,0.016769491,train,-0.04788729
2022-12-14,IWM,-0.0253477,-0.0072417683,0.018105932,train,0.0027947077
2022-12-14,SPY,-0.024765765,-0.027434586,0.0026688203,train,-0.05097528
2022-12-14,TLT,0.0038941354,0.032181356,0.02828722,train,0.050885778
2022-12-15,EFA,-0.008826724,0.0088270195,0.017653745,train,-0.04264398
2022-12-15,IWM,-0.007484553,0.016109848,0.023594402,train,-0.0072417683
2022-12-15,SPY,-0.011876573,-0.014173826,0.0022972533,train,-0.027434586
2022-12-15,TLT,-0.011233254,0.030303925,0.04153718,train,0.032181356
2022-12-16,EFA,-0.0024485968,0.008083474,0.010532071,train,0.0088270195
2022-12-16,IWM,-0.013627107,-0.008233301,0.005393806,train,0.016109848
2022-12-16,SPY,-0.008515826,-0.017122488,0.008606662,train,-0.014173826
2022-12-16,TLT,-0.016948039,-0.02531385,0.008365812,train,0.030303925
2022-12-19,EFA,0.0039759707,0.03202408,0.028048111,train,0.008083474
2022-12-19,IWM,0.0052766213,0.0084846355,0.0032080142,train,-0.008233301
2022-12-19,SPY,0.0013675519,-0.012475282,0.013842834,train,-0.017122488
2022-12-19,TLT,-0.017917126,0.0015845024,0.019501628,train,-0.02531385
2022-12-20,EFA,0.010325048,0.029486984,0.019161936,train,0.03202408
2022-12-20,IWM,0.017086359,-0.0030203438,0.020106703,train,0.0084846355
2022-12-20,SPY,0.014841844,0.020523373,0.0056815287,train,-0.012475282
2022-12-20,TLT,0.0025105814,0.024983875,0.022473294,train,0.0015845024
2022-12-21,EFA,-0.008190509,0.042588085,0.050778594,train,0.029486984
2022-12-21,IWM,-0.01316171,0.011250883,0.024412595,train,-0.0030203438
2022-12-21,SPY,-0.014369009,0.03186414,0.046233147,train,0.020523373
2022-12-21,TLT,-0.00019269917,0.017970521,0.018163221,train,0.024983875
2022-12-22,EFA,0.0034968008,-0.018513113,0.022009915,train,0.042588085
2022-12-22,IWM,0.0045403237,0.005555472,0.0010151481,train,0.011250883
2022-12-22,SPY,0.0057359235,0.022235567,0.016499642,train,0.03186414
2022-12-22,TLT,-0.01476917,-0.0077538746,0.007015296,train,0.017970521
2022-12-23,EFA,0.0015164235,-0.0034367847,0.0049532084,train,-0.018513113
2022-12-23,IWM,-0.0067317504,-0.018327497,0.0115957465,train,0.005555472
2022-12-23,SPY,-0.003951522,0.0056205005,0.009572023,train,0.022235567
2022-12-23,TLT,-0.019970814,-0.014677959,0.005292855,train,-0.0077538746
2022-12-27,EFA,-0.010664282,-0.040414084,0.029749801,train,-0.0034367847
2022-12-27,IWM,-0.015651256,-0.003156328,0.012494927,train,-0.018327497
2022-12-27,SPY,-0.012505599,0.039605092,0.05211069,train,0.0056205005
2022-12-27,TLT,-0.0059092273,-0.014940681,0.009031454,train,-0.014677959
2022-12-28,EFA,0.015652627,-0.017859872,0.0335125,train,-0.040414084
2022-12-28,IWM,0.025017472,-0.0035454067,0.02856288,train,-0.003156328
2022-12-28,SPY,0.017840108,0.038954694,0.021114586,train,0.039605092
2022-12-28,TLT,0.011287069,-0.036452837,0.047739908,train,-0.014940681
2022-12-29,EFA,-0.010306269,-0.022429224,0.012122955,train,-0.017859872
2022-12-29,IWM,-0.0028064714,-0.0068596858,0.0040532146,train,-0.0035454067
2022-12-29,SPY,-0.0026374646,0.0061615226,0.008798987,train,0.038954694
2022-12-29,TLT,-0.011186674,-0.0101109445,0.0010757297,train,-0.036452837
2022-12-30,EFA,0.00879727,-0.035810888,0.044608157,train,-0.022429224
2022-12-30,IWM,-0.005521178,-0.009131271,0.0036100936,train,-0.0068596858
2022-12-30,SPY,-0.0042186426,0.0022656568,0.0064842994,train,0.0061615226
2022-12-30,TLT,0.018904323,0.0073678796,0.011536444,train,-0.0101109445
2023-01-03,EFA,0.013201514,-0.025768965,0.038970478,train,-0.035810888
2023-01-03,IWM,0.012380011,-0.004471361,0.016851373,train,-0.009131271
2023-01-03,SPY,0.00769026,0.0023681321,0.005322128,train,0.0022656568
2023-01-03,TLT,0.0136066945,0.00903886,0.0045678345,train,0.0073678796
2023-01-04,EFA,-0.010035248,-0.028729286,0.01869404,train,-0.025768965
2023-01-04,IWM,-0.010766615,-0.0149443485,0.0041777333,train,-0.004471361
2023-01-04,SPY,-0.01147906,0.011587121,0.023066182,train,0.0023681321
2023-01-04,TLT,0.0041721473,0.010919865,0.006747718,train,0.00903886
2023-01-05,EFA,0.025268912,0.0038899672,0.021378946,train,-0.028729286
2023-01-05,IWM,0.022206798,-0.016649358,0.038856156,train,-0.0149443485
2023-01-05,SPY,0.02267308,0.017754782,0.0049182978,train,0.011587121
2023-01-05,TLT,0.018229585,-0.028002009,0.046231594,train,0.010919865
2023-01-06,EFA,0.004247475,-0.02893434,0.033181816,train,0.0038899672
2023-01-06,IWM,0.0016881338,-0.008407302,0.010095436,train,-0.016649358
2023-01-06,SPY,-0.0005668314,-0.020826103,0.020259272,train,0.017754782
2023-01-06,TLT,0.005309787,-0.028827652,0.03413744,train,-0.028002009
2023-01-09,EFA,0.0029188972,-0.037680216,0.040599115,train,-0.02893434
2023-01-09,IWM,0.01467693,-0.008755393,0.023432324,train,-0.008407302
2023-01-09,SPY,0.0069883172,-0.022836287,0.029824603,train,-0.020826103
2023-01-09,TLT,-0.016688345,-0.04701357,0.030325225,train,-0.028827652
2023-01-10,EFA,0.0075493646,-0.04093999,0.048489355,train,-0.037680216
2023-01-10,IWM,0.012387563,-0.024471547,0.03685911,train,-0.008755393
2023-01-10,SPY,0.012568639,-0.028325357,0.040893994,train,-0.022836287
2023-01-10,TLT,0.016121132,-0.0368524,0.05297353,train,-0.04701357
2023-01-11,EFA,0.014645038,-0.03298052,0.047625557,train,-0.04093999
2023-01-11,IWM,0.016658567,-0.020205434,0.036864,train,-0.024471547
2023-01-11,SPY,0.00363415,-0.024564326,0.028198475,train,-0.028325357
2023-01-11,TLT,0.019490642,-0.023156276,0.04264692,train,-0.0368524
2023-01-12,EFA,0.005259653,-0.02374585,0.029005503,train,-0.03298052
2023-01-12,IWM,0.006543582,-0.022525541,0.029069124,train,-0.020205434
2023-01-12,SPY,0.0038720528,-0.047803935,0.051675986,train,-0.024564326
2023-01-12,TLT,-0.009416993,-0.034589488,0.025172494,train,-0.023156276
2023-01-13,EFA,0.0031144156,-0.035502862,0.03861728,train,-0.02374585
2023-01-13,IWM,-0.001230285,-0.019471066,0.018240782,train,-0.022525541
2023-01-13,SPY,-0.0018337822,-0.020319689,0.018485907,train,-0.047803935
2023-01-13,TLT,-0.0064843222,-0.010887083,0.0044027604,train,-0.034589488
2023-01-17,EFA,-0.0035396065,-0.033134192,0.029594585,train,-0.035502862
2023-01-17,IWM,-0.016297454,-0.014671933,0.0016255211,train,-0.019471066
2023-01-17,SPY,-0.015913809,-0.020676471,0.0047626626,train,-0.020319689
2023-01-17,TLT,0.0239423,-0.010737617,0.034679916,train,-0.010887083
2023-01-18,EFA,-0.0015616961,-0.045332946,0.04377125,train,-0.033134192
2023-01-18,IWM,-0.009621735,-0.012059651,0.0024379166,train,-0.014671933
2023-01-18,SPY,-0.007306473,-0.024179824,0.01687335,train,-0.020676471
2023-01-18,TLT,-0.0062793917,-0.05254171,0.04626232,train,-0.010737617
2023-01-19,EFA,0.008769492,0.00074436376,0.008025128,train,-0.045332946
2023-01-19,IWM,0.016345503,0.009713557,0.006631946,train,-0.012059651
2023-01-19,SPY,0.018457597,0.024081795,0.0056241974,train,-0.024179824
2023-01-19,TLT,-0.01634413,-0.028535103,0.012190973,train,-0.05254171
2023-01-20,EFA,0.004075735,-0.036645457,0.040721193,train,0.00074436376
2023-01-20,IWM,0.0122997165,-0.0019999328,0.01429965,train,0.009713557
2023-01-20,SPY,0.011927251,0.09708265,0.0851554,train,0.024081795
2023-01-20,TLT,-0.0047191344,0.019015972,0.023735106,train,-0.028535103
2023-01-23,EFA,-0.0012632692,-0.0518339,0.050570633,train,-0.036645457
2023-01-23,IWM,-0.0021374414,0.010045081,0.012182523,train,-0.0019999328
2023-01-23,SPY,-0.0010739288,0.038288157,0.039362088,train,0.09708265
2023-01-23,TLT,0.014277889,0.010355998,0.0039218916,train,0.019015972
2023-01-24,EFA,0.0065785586,0.0043936917,0.002184867,train,-0.0518339
2023-01-24,IWM,0.0027780205,0.016172562,0.013394541,train,0.010045081
2023-01-24,SPY,0.0003748366,-0.011580471,0.011955308,train,0.038288157
2023-01-24,TLT,0.0024221784,-0.026423138,0.028845316,train,0.010355998
2023-01-25,EFA,0.00083679677,-0.04126713,0.042103928,train,0.0043936917
2023-01-25,IWM,0.005904053,-0.0023714933,0.008275546,train,0.016172562
2023-01-25,SPY,0.010930312,-0.016061243,0.026991554,train,-0.011580471
2023-01-25,TLT,-0.004662801,0.023829408,0.028492209,train,-0.026423138
2023-01-26,EFA,-0.0019533422,-0.024420489,0.022467146,train,-0.04126713
2023-01-26,IWM,0.005394711,0.0071875383,0.0017928272,train,-0.0023714933
2023-01-26,SPY,0.002295014,-0.014225863,0.016520876,train,-0.016061243
2023-01-26,TLT,-0.0025273338,-0.032019135,0.0294918,train,0.023829408
2023-01-27,EFA,-0.0064453585,0.015994478,0.022439837,train,-0.024420489
2023-01-27,IWM,-0.014023386,0.002543897,0.016567282,train,0.0071875383
2023-01-27,SPY,-0.012626006,-0.018580535,0.005954529,train,-0.014225863
2023-01-27,TLT,-0.0036614279,-0.0063217203,0.0026602924,train,-0.032019135
2023-01-30,EFA,0.0057466934,0.01409981,0.008353117,train,0.015994478
2023-01-30,IWM,0.023995634,0.028360467,0.0043648332,train,0.002543897
2023-01-30,SPY,0.014596218,-0.005360723,0.01995694,train,-0.018580535
2023-01-30,TLT,0.007962944,-0.042194482,0.050157428,train,-0.0063217203
2023-01-31,EFA,0.008905122,0.005757239,0.0031478829,train,0.01409981
2023-01-31,IWM,0.015597469,-0.035542775,0.051140245,train,0.028360467
2023-01-31,SPY,0.0105715515,-0.0044985996,0.015070152,train,-0.005360723
2023-01-31,TLT,0.011949507,-0.014815874,0.02676538,train,-0.042194482
2023-02-01,EFA,-0.0013863872,-0.039174598,0.037788212,train,0.005757239
2023-02-01,IWM,0.019501312,-0.013302246,0.032803558,train,-0.035542775
2023-02-01,SPY,0.014452144,0.025581662,0.011129518,train,-0.0044985996
2023-02-01,TLT,0.001293537,0.008795913,0.007502376,train,-0.014815874
2023-02-02,EFA,-0.009337365,-0.008504797,0.0008325679,train,-0.039174598
2023-02-02,IWM,-0.006729109,-0.010354336,0.0036252271,train,-0.013302246
2023-02-02,SPY,-0.0106860455,0.046150003,0.056836046,train,0.025581662
2023-02-02,TLT,-0.015068871,-0.03475453,0.01968566,train,0.008795913
2023-02-03,EFA,-0.010273766,-0.0022070627,0.008066703,train,-0.008504797
2023-02-03,IWM,-0.014573269,0.002465366,0.017038634,train,-0.010354336
2023-02-03,SPY,-0.006130077,-0.019200716,0.013070639,train,0.046150003
2023-02-03,TLT,-0.007431362,-0.011658594,0.004227232,train,-0.03475453
2023-02-06,EFA,0.008451823,-0.011069328,0.01952115,train,-0.0022070627
2023-02-06,IWM,0.007389944,-0.021451872,0.028841816,train,0.002465366
2023-02-06,SPY,0.012993865,-0.017098961,0.030092826,train,-0.019200716
2023-02-06,TLT,-0.008057903,-0.009248864,0.0011909613,train,-0.011658594
2023-02-07,EFA,-0.0061909226,-0.035492565,0.029301643,train,-0.011069328
2023-02-07,IWM,-0.014731227,-0.016939558,0.0022083307,train,-0.021451872
2023-02-07,SPY,-0.010994954,-0.0045768567,0.0064180973,train,-0.017098961
2023-02-07,TLT,0.0047475863,-0.031297285,0.036044873,train,-0.009248864
2023-02-08,EFA,0.0018330103,-0.0018034722,0.0036364826,train,-0.035492565
2023-02-08,IWM,-0.014582855,0.039212175,0.05379503,train,-0.016939558
2023-02-08,SPY,-0.00870686,-0.025495285,0.016788425,train,-0.0045768567
2023-02-08,TLT,-0.009518479,0.0048508947,0.014369374,train,-0.031297285
2023-02-09,EFA,-0.004376868,0.0006620628,0.0050389306,train,-0.0018034722
2023-02-09,IWM,0.0019987347,0.016432501,0.014433767,train,0.039212175
2023-02-09,SPY,0.0023307768,-0.045360144,0.04769092,train,-0.025495285
2023-02-09,TLT,-0.01125288,-0.032804906,0.021552026,train,0.0048508947
2023-02-10,EFA,0.009996515,-0.02334918,0.033345696,train,0.0006620628
2023-02-10,IWM,0.011961227,-0.0058045904,0.017765818,train,0.016432501
2023-02-10,SPY,0.011670756,-0.06181052,0.07348128,train,-0.045360144
2023-02-10,TLT,0.008379694,0.0118272975,0.0034476034,train,-0.032804906
2023-02-13,EFA,0.0018197652,-0.0045270803,0.0063468455,train,-0.02334918
2023-02-13,IWM,-0.0004675475,0.015275948,0.015743496,train,-0.0058045904
2023-02-13,SPY,-0.0004604391,-0.00705558,0.0065951413,train,-0.06181052
2023-02-13,TLT,-0.0023042748,0.055925112,0.058229387,train,0.0118272975
2023-02-14,EFA,-0.0044850484,-0.024834637,0.020349588,train,-0.0045270803
2023-02-14,IWM,0.01007856,-0.01102232,0.021100879,train,0.015275948
2023-02-14,SPY,0.003242174,-0.034061,0.037303172,train,-0.00705558
2023-02-14,TLT,-0.009369227,-0.020082839,0.010713612,train,0.055925112
2023-02-15,EFA,-0.004928761,-0.009150922,0.004222161,train,-0.024834637
2023-02-15,IWM,-0.009611012,-0.0072798296,0.0023311828,train,-0.01102232
2023-02-15,SPY,-0.013864385,-0.023348946,0.009484561,train,-0.034061
2023-02-15,TLT,-0.0142692,0.0030670767,0.017336277,train,-0.020082839
2023-02-16,EFA,0.0025378794,0.00068705576,0.0018508236,train,-0.009150922
2023-02-16,IWM,0.002748035,-0.020051617,0.022799652,train,-0.0072798296
2023-02-16,SPY,-0.002501511,0.030084532,0.03258604,train,-0.023348946
2023-02-16,TLT,0.0077465735,0.009114936,0.0013683625,train,0.0030670767
2023-02-17,EFA,-0.011043501,-0.015955035,0.0049115336,train,0.00068705576
2023-02-17,IWM,-0.029958123,-0.003669429,0.026288694,train,-0.020051617
2023-02-17,SPY,-0.020264948,-0.0072985548,0.012966393,train,0.030084532
2023-02-17,TLT,-0.019628987,0.0057192077,0.025348194,train,0.009114936
2023-02-21,EFA,-0.0055680047,0.003113058,0.008681063,train,-0.015955035
2023-02-21,IWM,0.00271734,-0.010362027,0.013079368,train,-0.003669429
2023-02-21,SPY,-0.0013788224,-0.0049461233,0.003567301,train,-0.0072985548
2023-02-21,TLT,0.009122781,-0.006008659,0.01513144,train,0.0057192077
2023-02-22,EFA,0.0051408187,0.0069056344,0.0017648158,train,0.003113058
2023-02-22,IWM,0.0071044876,0.00899522,0.0018907324,train,-0.010362027
2023-02-22,SPY,0.0053050527,-0.020299274,0.025604326,train,-0.0049461233
2023-02-22,TLT,0.009724211,-0.016625777,0.026349988,train,-0.006008659
2023-02-23,EFA,-0.016804768,-0.016418397,0.00038637035,train,0.0069056344
2023-02-23,IWM,-0.009395014,-0.0015798314,0.007815182,train,0.00899522
2023-02-23,SPY,-0.010739872,0.030622032,0.041361906,train,-0.020299274
2023-02-23,TLT,-0.013086439,-0.016019871,0.0029334323,train,-0.016625777
2023-02-24,EFA,0.011807218,-0.0077762376,0.019583456,train,-0.016418397
2023-02-24,IWM,0.0035135678,-0.012494098,0.016007666,train,-0.0015798314
2023-02-24,SPY,0.003400092,0.0237484,0.020348307,train,0.030622032
2023-02-24,TLT,0.002769339,-0.0052985926,0.008067932,train,-0.016019871
2023-02-27,EFA,-0.007327125,0.055108983,0.062436108,train,-0.0077762376
2023-02-27,IWM,5.3215044e-05,0.0012145522,0.0011613371,train,-0.012494098
2023-02-27,SPY,-0.0037026496,-0.01685801,0.01315536,train,0.0237484
2023-02-27,TLT,0.00453322,-0.010361027,0.014894247,train,-0.0052985926
2023-02-28,EFA,0.005321043,-0.019995421,0.025316464,train,0.055108983
2023-02-28,IWM,0.0012745463,0.0052278084,0.003953262,train,0.0012145522
2023-02-28,SPY,-0.003843314,0.01886008,0.022703394,train,-0.01685801
2023-02-28,TLT,-0.010801343,-0.025666693,0.01486535,train,-0.010361027
2023-03-01,EFA,0.0020060819,0.0016170726,0.00038900925,train,-0.019995421
2023-03-01,IWM,0.0023852685,0.0028001242,0.00041485578,train,0.0052278084
2023-03-01,SPY,0.0077472525,-0.00019833585,0.007945588,train,0.01886008
2023-03-01,TLT,-0.00890678,-0.015778484,0.006871704,train,-0.025666693
2023-03-02,EFA,0.014494952,-0.0067366357,0.021231588,train,0.0016170726
2023-03-02,IWM,0.013828952,-0.008361187,0.022190139,train,0.0028001242
2023-03-02,SPY,0.015910404,0.022021957,0.006111553,train,-0.00019833585
2023-03-02,TLT,0.023937238,-0.012486782,0.03642402,train,-0.015778484
2023-03-03,EFA,-0.0025427798,-0.042546574,0.040003795,train,-0.0067366357
2023-03-03,IWM,-0.014729426,-0.011287849,0.0034415768,train,-0.008361187
2023-03-03,SPY,0.00069253135,-0.043686274,0.044378806,train,0.022021957
2023-03-03,TLT,-0.007783827,-0.019535247,0.011751421,train,-0.012486782
2023-03-06,EFA,-0.016830912,-0.022336861,0.0055059493,train,-0.042546574
2023-03-06,IWM,-0.011673505,0.0064232224,0.018096728,train,-0.011287849
2023-03-06,SPY,-0.0154473055,0.0015555066,0.017002812,train,-0.043686274
2023-03-06,TLT,0.0061139134,-0.013639342,0.019753255,train,-0.019535247
2023-03-07,EFA,0.005451133,-0.01165081,0.017101943,train,-0.022336861
2023-03-07,IWM,0.00048241494,0.028327622,0.027845206,train,0.0064232224
2023-03-07,SPY,0.0016305544,-0.0029312908,0.004561845,train,0.0015555066
2023-03-07,TLT,0.0009827492,-0.00821808,0.009200829,train,-0.013639342
2023-03-08,EFA,-0.007322856,-0.009395763,0.002072907,train,-0.01165081
2023-03-08,IWM,-0.028207636,-0.003678001,0.024529634,train,0.028327622
2023-03-08,SPY,-0.018621996,-0.0054173428,0.013204653,train,-0.0029312908
2023-03-08,TLT,0.0024522343,-0.006351341,0.008803575,train,-0.00821808
2023-03-09,EFA,-0.010721753,-0.017778423,0.0070566693,train,-0.009395763
2023-03-09,IWM,-0.029253425,0.02596645,0.055219874,train,-0.003678001
2023-03-09,SPY,-0.014534669,-0.004662705,0.009871963,train,-0.0054173428
2023-03-09,TLT,0.033904783,-0.022975946,0.056880727,train,-0.006351341
2023-03-10,EFA,-0.006869731,0.00094519975,0.007814931,train,-0.017778423
2023-03-10,IWM,-0.016424384,0.06358837,0.08001275,train,0.02596645
2023-03-10,SPY,-0.0014263588,0.018713703,0.020140063,train,-0.004662705
2023-03-10,TLT,0.0022704941,-0.030553993,0.032824486,train,-0.022975946
2023-03-13,EFA,0.0132587245,0.012145832,0.0011128923,train,0.00094519975
2023-03-13,IWM,0.018352322,0.0062067215,0.012145601,train,0.06358837
2023-03-13,SPY,0.01639503,-0.052572507,0.068967536,train,0.018713703
2023-03-13,TLT,-0.016578343,0.0017044791,0.018282821,train,-0.030553993
2023-03-14,EFA,-0.03146402,0.038678456,0.07014248,train,0.012145832
2023-03-14,IWM,-0.016622541,-0.0017856467,0.014836894,train,0.0062067215
2023-03-14,SPY,-0.006274036,-0.036948346,0.030674309,train,-0.052572507
2023-03-14,TLT,0.019125974,0.004904738,0.014221236,train,0.0017044791
2023-03-15,EFA,0.015414684,0.010800291,0.004614393,train,0.038678456
2023-03-15,IWM,0.013558904,0.020207815,0.006648911,train,-0.0017856467
2023-03-15,SPY,0.017393121,-0.043534894,0.060928017,train,-0.036948346
2023-03-15,TLT,-0.007853411,-0.004757376,0.0030960352,train,0.004904738
2023-03-16,EFA,-0.011985081,0.00402234,0.016007422,train,0.010800291
2023-03-16,IWM,-0.027362753,0.01644973,0.043812484,train,0.020207815
2023-03-16,SPY,-0.011761401,-0.025545906,0.013784505,train,-0.043534894
2023-03-16,TLT,0.014897794,0.012721717,0.002176077,train,-0.004757376
2023-03-17,EFA,0.015508696,0.006218745,0.009289952,train,0.00402234
2023-03-17,IWM,0.012881648,0.041131888,0.02825024,train,0.01644973
2023-03-17,SPY,0.009569526,0.0006315061,0.00893802,train,-0.025545906
2023-03-17,TLT,-0.008836328,0.007110353,0.01594668,train,0.012721717
2023-03-20,EFA,0.014983188,0.024162602,0.009179413,train,0.006218745
2023-03-20,IWM,0.018280867,0.014056444,0.0042244233,train,0.041131888
2023-03-20,SPY,0.013045034,0.0071654306,0.005879604,train,0.0006315061
2023-03-20,TLT,-0.008629621,0.0043996186,0.01302924,train,0.007110353
2023-03-21,EFA,-0.003471244,0.05003782,0.053509064,train,0.024162602
2023-03-21,IWM,-0.028770978,0.0013671522,0.03013813,train,0.014056444
2023-03-21,SPY,-0.017193342,-0.0034427769,0.013750564,train,0.0071654306
2023-03-21,TLT,0.01324526,-0.013019353,0.026264613,train,0.0043996186
2023-03-22,EFA,0.00014493178,-0.0011739074,0.0013188391,train,0.05003782
2023-03-22,IWM,-0.0044482662,0.0037471582,0.008195424,train,0.0013671522
2023-03-22,SPY,0.0026996678,0.005600844,0.0029011762,train,-0.0034427769
2023-03-22,TLT,0.0,-0.027391434,0.027391434,train,-0.013019353
2023-03-23,EFA,-0.0030468274,-0.013788171,0.010741344,train,-0.0011739074
2023-03-23,IWM,0.009004848,0.00383056,0.005174288,train,0.0037471582
2023-03-23,SPY,0.0065406174,0.005309575,0.0012310427,train,0.005600844
2023-03-23,TLT,0.0042206887,0.0049764733,0.00075578457,train,-0.027391434
2023-03-24,EFA,0.009400579,-0.0053248475,0.014725426,train,-0.013788171
2023-03-24,IWM,0.011056858,0.00049450295,0.010562355,train,0.00383056
2023-03-24,SPY,0.0018681987,0.0037847268,0.0019165281,train,0.005309575
2023-03-24,TLT,-0.02377129,-0.007660284,0.016111005,train,0.0049764733
2023-03-27,EFA,0.0004318565,0.0020767231,0.0016448667,train,-0.0053248475
2023-03-27,IWM,-0.0014402508,-0.004618987,0.0031787362,train,0.00049450295
2023-03-27,SPY,-0.0022471503,-0.003389202,0.0011420518,train,0.0037847268
2023-03-27,TLT,0.0018190483,-0.0012625777,0.003081626,train,-0.007660284
2023-03-28,EFA,0.012013832,0.0028812238,0.009132609,train,0.0020767231
2023-03-28,IWM,0.011293641,-0.005389606,0.016683247,train,-0.004618987
2023-03-28,SPY,0.014430026,0.01044783,0.0039821956,train,-0.003389202
2023-03-28,TLT,-0.0020108414,-0.01795708,0.01594624,train,-0.0012625777
2023-03-29,EFA,0.011590261,-0.024997694,0.036587954,train,0.0028812238
2023-03-29,IWM,-0.001369165,0.0052353633,0.006604528,train,-0.005389606
2023-03-29,SPY,0.0058383555,-0.039729472,0.04556783,train,0.01044783
2023-03-29,TLT,0.0045905276,-0.008635741,0.013226269,train,-0.01795708
2023-03-30,EFA,0.005046242,-0.0066121346,0.011658376,train,-0.024997694
2023-03-30,IWM,0.018214239,0.004986257,0.013227982,train,0.0052353633
2023-03-30,SPY,0.013995996,-0.017506812,0.031502806,train,-0.039729472
2023-03-30,TLT,0.01487022,-0.010481456,0.025351677,train,-0.008635741
2023-03-31,EFA,0.007938098,-0.02980381,0.037741907,train,-0.0066121346
2023-03-31,IWM,0.00044844567,-0.035945274,0.03639372,train,0.004986257
2023-03-31,SPY,0.0038035696,-0.029516503,0.033320073,train,-0.017506812
2023-03-31,TLT,0.0046920027,-0.016192714,0.020884717,train,-0.010481456
2023-04-03,EFA,0.00013870193,-0.019109517,0.01924822,train,-0.02980381
2023-04-03,IWM,-0.017692441,-0.013212128,0.0044803135,train,-0.035945274
2023-04-03,SPY,-0.0055636275,0.0031281882,0.008691816,train,-0.029516503
2023-04-03,TLT,0.0049591255,-0.027197726,0.03215685,train,-0.016192714
2023-04-04,EFA,-0.006958772,-0.011635996,0.0046772244,train,-0.019109517
2023-04-04,IWM,-0.009857705,-0.005146976,0.004710729,train,-0.013212128
2023-04-04,SPY,-0.0026218158,0.02077974,0.023401557,train,0.0031281882
2023-04-04,TLT,0.0104005905,-0.016240504,0.026641093,train,-0.027197726
2023-04-05,EFA,0.004737346,0.0040552975,0.0006820485,train,-0.011635996
2023-04-05,IWM,0.0014964988,-0.0061592907,0.0076557896,train,-0.005146976
2023-04-05,SPY,0.0038933607,0.048749216,0.044855855,train,0.02077974
2023-04-05,TLT,0.0025831356,0.008520788,0.0059376517,train,-0.016240504
2023-04-06,EFA,-0.00069512846,-0.0055427696,0.004847641,train,0.0040552975
2023-04-06,IWM,0.010639719,-0.0011022338,0.011741953,train,-0.0061592907
2023-04-06,SPY,0.00102574,-0.006014666,0.007040406,train,0.048749216
2023-04-06,TLT,-0.01625603,-0.016507102,0.00025107153,train,0.008520788
2023-04-10,EFA,0.0033325448,0.008848941,0.005516396,train,-0.0055427696
2023-04-10,IWM,0.007877746,0.0043018726,0.003575873,train,-0.0011022338
2023-04-10,SPY,0.00026858272,-0.0111450795,0.011413662,train,-0.006014666
2023-04-10,TLT,0.0020580022,-0.018622095,0.020680096,train,-0.016507102
2023-04-11,EFA,0.006357176,-0.0018354408,0.008192617,train,0.008848941
2023-04-11,IWM,-0.0073659793,0.0054786154,0.012844594,train,0.0043018726
2023-04-11,SPY,-0.00408431,-0.008956,0.00487169,train,-0.0111450795
2023-04-11,TLT,-0.0010283914,-0.0008958415,0.0001325499,train,-0.018622095
2023-04-12,EFA,0.012730518,0.0049405103,0.007790008,train,-0.0018354408
2023-04-12,IWM,0.013163613,-0.0003266749,0.013490288,train,0.0054786154
2023-04-12,SPY,0.013195264,0.0066428785,0.0065523856,train,-0.008956
2023-04-12,TLT,-0.007889433,0.00047139684,0.008360829,train,-0.0008958415
2023-04-13,EFA,-0.004089097,-0.005754476,0.0016653789,train,0.0049405103
2023-04-13,IWM,-0.009360654,0.0037670848,0.013127739,train,-0.0003266749
2023-04-13,SPY,-0.0024456412,-0.0059423666,0.0034967253,train,0.0066428785
2023-04-13,TLT,-0.0091886455,-0.0049207606,0.004267885,train,0.00047139684
2023-04-14,EFA,-0.0017769986,0.021621369,0.023398368,train,-0.005754476
2023-04-14,IWM,0.01277849,0.0055870325,0.0071914573,train,0.0037670848
2023-04-14,SPY,0.0035817234,-0.0069192415,0.010500965,train,-0.0059423666
2023-04-14,TLT,-0.0119668925,-0.022191992,0.0102250995,train,-0.0049207606
2023-04-17,EFA,0.005457743,0.0104640275,0.0050062845,train,0.021621369
2023-04-17,IWM,-0.0042599123,-0.0063760164,0.0021161041,train,0.0055870325
2023-04-17,SPY,0.00065204676,-0.017522428,0.018174475,train,-0.0069192415
2023-04-17,TLT,0.00355693,0.00072095776,0.0028359722,train,-0.022191992
2023-04-18,EFA,-0.0031344958,-0.010614127,0.0074796313,train,0.0104640275
2023-04-18,IWM,0.0012912783,-0.0004050457,0.001696324,train,-0.0063760164
2023-04-18,SPY,-0.00016898572,-0.00648752,0.0063185343,train,-0.017522428
2023-04-18,TLT,-0.000960335,0.0106615685,0.011621904,train,0.00072095776
2023-04-19,EFA,0.0,-0.01795872,0.01795872,train,-0.010614127
2023-04-19,IWM,-0.005174703,-0.0061316653,0.00095696235,train,-0.0004050457
2023-04-19,SPY,-0.005472048,0.0071969875,0.012669036,train,-0.00648752
2023-04-19,TLT,0.008513311,-0.0013036611,0.009816973,train,0.0106615685
2023-04-20,EFA,0.0050376505,0.0060448465,0.001007196,train,-0.01795872
2023-04-20,IWM,0.0012962105,-0.011011248,0.012307459,train,-0.0061316653
2023-04-20,SPY,0.00077677204,-0.021135991,0.021912763,train,0.0071969875
2023-04-20,TLT,-0.0056353975,0.002834436,0.008469833,train,-0.0013036611
2023-04-21,EFA,0.0025773006,-0.01333865,0.01591595,train,0.0060448465
2023-04-21,IWM,-0.0006761863,-0.017908623,0.017232437,train,-0.011011248
2023-04-21,SPY,0.0010425508,-0.027043328,0.028085878,train,-0.021135991
2023-04-21,TLT,0.009627801,-0.0020567658,0.011684567,train,0.002834436
2023-04-24,EFA,-0.014051172,-0.024572188,0.010521016,train,-0.01333865
2023-04-24,IWM,-0.024994245,-0.01133436,0.013659885,train,-0.017908623
2023-04-24,SPY,-0.016001187,-0.012723839,0.0032773484,train,-0.027043328
2023-04-24,TLT,0.014597111,-0.02527662,0.03987373,train,-0.0020567658
2023-04-25,EFA,-0.0006872395,-0.02907499,0.02838775,train,-0.024572188
2023-04-25,IWM,-0.009696595,0.008393014,0.01808961,train,-0.01133436
2023-04-25,SPY,-0.004244567,0.016039755,0.020284321,train,-0.012723839
2023-04-25,TLT,-0.010715291,0.022999894,0.033715185,train,-0.02527662
2023-04-26,EFA,0.012432809,0.0031449967,0.009287812,train,-0.02907499
2023-04-26,IWM,0.0132728005,-0.021661658,0.034934457,train,0.008393014
2023-04-26,SPY,0.01971246,0.0034127724,0.016299687,train,0.016039755
2023-04-26,TLT,-0.00997183,-0.028892837,0.018921006,train,0.022999894
2023-04-27,EFA,-0.00040740333,-0.018276095,0.017868692,train,0.0031449967
2023-04-27,IWM,0.008713549,-0.011057651,0.0197712,train,-0.021661658
2023-04-27,SPY,0.008498845,0.027790837,0.019291993,train,0.0034127724
2023-04-27,TLT,0.016001757,-0.01735569,0.03335745,train,-0.028892837
2023-04-28,EFA,-0.0014952339,0.0014423025,0.0029375362,train,-0.018276095
2023-04-28,IWM,0.0005708282,-0.003613199,0.004184027,train,-0.011057651
2023-04-28,SPY,-0.0010102224,0.016709806,0.017720029,train,0.027790837
2023-04-28,TLT,-0.029258372,-0.0014038994,0.027854472,train,-0.01735569
2023-05-01,EFA,-0.01011784,-0.0006360649,0.009481775,train,0.0014423025
2023-05-01,IWM,-0.020750007,-0.01022248,0.010527527,train,-0.003613199
2023-05-01,SPY,-0.011302719,-0.01278546,0.001482741,train,0.016709806
2023-05-01,TLT,0.02461452,0.004201649,0.020412872,train,-0.0014038994
2023-05-02,EFA,0.002607835,-0.013569586,0.016177421,train,-0.0006360649
2023-05-02,IWM,0.0036622847,-0.0019393661,0.005601651,train,-0.01022248
2023-05-02,SPY,-0.0068877703,0.0010940568,0.0079818275,train,-0.01278546
2023-05-02,TLT,0.0055665607,0.019055363,0.013488802,train,0.004201649
2023-05-03,EFA,-0.0020582092,-0.020888729,0.01883052,train,-0.013569586
2023-05-03,IWM,-0.0112625295,-0.0062633897,0.00499914,train,-0.0019393661
2023-05-03,SPY,-0.007108128,-0.018424623,0.011316495,train,0.0010940568
2023-05-03,TLT,-0.009927853,-0.0032363976,0.0066914554,train,0.019055363
2023-05-04,EFA,0.014588775,-0.011826251,0.026415026,train,-0.020888729
2023-05-04,IWM,0.02348956,-0.009943048,0.033432607,train,-0.0062633897
2023-05-04,SPY,0.01834329,0.058372285,0.040028997,train,-0.018424623
2023-05-04,TLT,-0.003331336,0.017297298,0.020628633,train,-0.0032363976
2023-05-05,EFA,0.00027077863,0.010400169,0.01012939,train,-0.011826251
2023-05-05,IWM,-0.0022955113,-0.021419581,0.01912407,train,-0.009943048
2023-05-05,SPY,0.00026654056,-0.042595584,0.042862125,train,0.058372285
2023-05-05,TLT,-0.014113714,-0.091972314,0.0778586,train,0.017297298
2023-05-08,EFA,-0.0040678,-0.0017863228,0.0022814772,train,0.010400169
2023-05-08,IWM,-0.0029923008,-0.008884203,0.005891902,train,-0.021419581
2023-05-08,SPY,-0.0043949466,-0.020348722,0.015953775,train,-0.042595584
2023-05-08,TLT,-0.003584069,-0.0066586803,0.0030746113,train,-0.091972314
2023-05-09,EFA,-0.0020401792,-0.027904995,0.025864815,train,-0.0017863228
2023-05-09,IWM,0.0050585703,-0.00654282,0.01160139,train,-0.008884203
2023-05-09,SPY,0.00466134,0.03155486,0.026893519,train,-0.020348722
2023-05-09,TLT,0.00965707,0.010381136,0.00072406605,train,-0.0066586803
2023-05-10,EFA,-0.0024535845,-0.024022218,0.021568634,train,-0.027904995
2023-05-10,IWM,-0.007712817,0.005930754,0.01364357,train,-0.00654282
2023-05-10,SPY,-0.0017453708,-0.0059347046,0.004189334,train,0.03155486
2023-05-10,TLT,0.010516567,-0.045128487,0.055645056,train,0.010381136
2023-05-11,EFA,-0.0017756697,-0.030999277,0.029223608,train,-0.024022218
2023-05-11,IWM,-0.0020243367,-0.0066089607,0.004584624,train,0.005930754
2023-05-11,SPY,-0.0013112607,-0.0064952276,0.005183967,train,-0.0059347046
2023-05-11,TLT,-0.008404355,-0.01695432,0.008549965,train,-0.045128487
2023-05-12,EFA,0.0076272823,0.0104552135,0.0028279312,train,-0.030999277
2023-05-12,IWM,0.0121423425,0.0022526109,0.009889731,train,-0.0066089607
2023-05-12,SPY,0.003444257,0.053624693,0.050180435,train,-0.0064952276
2023-05-12,TLT,-0.010411765,-0.009185631,0.0012261346,train,-0.01695432
2023-05-15,EFA,-0.009543314,-0.014395971,0.004852657,train,0.0104552135
2023-05-15,IWM,-0.014692948,-0.030060245,0.0153672965,train,0.0022526109
2023-05-15,SPY,-0.0067052045,0.013464311,0.020169515,train,0.053624693
2023-05-15,TLT,-0.0030085258,-0.016232481,0.013223955,train,-0.009185631
2023-05-16,EFA,0.004646474,-0.011566807,0.016213281,train,-0.014395971
2023-05-16,IWM,0.022044318,-0.008158881,0.030203199,train,-0.030060245
2023-05-16,SPY,0.012065899,0.0032933406,0.008772558,train,0.013464311
2023-05-16,TLT,-0.0029204753,-0.0064135934,0.003493118,train,-0.016232481
2023-05-17,EFA,-0.0015007174,-0.039268594,0.037767876,train,-0.011566807
2023-05-17,IWM,0.0060570776,-0.017989475,0.024046553,train,-0.008158881
2023-05-17,SPY,0.009587199,-0.0026628277,0.012250027,train,0.0032933406
2023-05-17,TLT,-0.0074364836,0.0111904405,0.018626925,train,-0.0064135934
2023-05-18,EFA,0.0058546844,-0.0030696834,0.008924368,train,-0.039268594
2023-05-18,IWM,-0.0061137276,0.006795718,0.012909446,train,-0.017989475
2023-05-18,SPY,-0.0014562164,-0.046564877,0.04510866,train,-0.0026628277
2023-05-18,TLT,-0.007096243,-0.006018709,0.0010775342,train,0.0111904405
2023-05-19,EFA,0.0002713591,-0.03573991,0.036011267,train,-0.0030696834
2023-05-19,IWM,0.012134249,0.0019081165,0.010226132,train,0.006795718
2023-05-19,SPY,0.00040607248,0.004366942,0.0039608697,train,-0.046564877
2023-05-19,TLT,-0.0035672225,-0.0047582868,0.0011910642,train,-0.006018709
2023-05-22,EFA,-0.014766393,-0.012534279,0.0022321139,train,-0.03573991
2023-05-22,IWM,-0.004723287,-0.008702401,0.003979114,train,0.0019081165
2023-05-22,SPY,-0.011286404,0.017181445,0.028467849,train,0.004366942
2023-05-22,TLT,0.00287462,0.01882836,0.01595374,train,-0.0047582868
2023-05-23,EFA,-0.014708351,-0.016976971,0.0022686198,train,-0.012534279
2023-05-23,IWM,-0.010652887,0.009402389,0.020055275,train,-0.008702401
2023-05-23,SPY,-0.0072711064,-0.014618894,0.0073477877,train,0.017181445
2023-05-23,TLT,-0.004961562,-0.013427153,0.008465592,train,0.01882836
2023-05-24,EFA,-0.0013986399,-0.0020549814,0.00065634155,train,-0.016976971
2023-05-24,IWM,-0.007835173,0.0056919497,0.013527123,train,0.009402389
2023-05-24,SPY,0.008622661,-0.010173522,0.018796183,train,-0.014618894
2023-05-24,TLT,-0.0024897442,-0.006583124,0.0040933797,train,-0.013427153
2023-05-25,EFA,0.009750695,0.0076861535,0.0020645414,train,-0.0020549814
2023-05-25,IWM,0.011304127,-0.0019329679,0.0132370945,train,0.0056919497
2023-05-25,SPY,0.012867478,-0.0047770026,0.01764448,train,-0.010173522
2023-05-25,TLT,0.008044596,-0.030379929,0.038424525,train,-0.006583124
2023-05-26,EFA,-0.0101705855,0.06744756,0.077618144,train,0.0076861535
2023-05-26,IWM,-0.003696772,0.0038217758,0.0075185476,train,-0.0019329679
2023-05-26,SPY,0.00038078395,-0.012621321,0.013002105,train,-0.0047770026
2023-05-26,TLT,0.009941901,0.013757419,0.0038155178,train,-0.030379929
2023-05-30,EFA,-0.010416936,-0.008831847,0.0015850887,train,0.06744756
2023-05-30,IWM,-0.0099063795,-0.009593338,0.00031304173,train,0.0038217758
2023-05-30,SPY,-0.005560511,-0.00525555,0.00030496065,train,-0.012621321
2023-05-30,TLT,0.008679205,-0.002220023,0.010899227,train,0.013757419
2023-05-31,EFA,0.014748545,0.049294684,0.034546137,train,-0.008831847
2023-05-31,IWM,0.010760632,0.011101916,0.0003412841,train,-0.009593338
2023-05-31,SPY,0.009456221,-0.0042302,0.01368642,train,-0.00525555
2023-05-31,TLT,0.003915519,-0.03518055,0.03909607,train,-0.002220023
2023-06-01,EFA,0.012883722,0.0043365513,0.00854717,train,0.049294684
2023-06-01,IWM,0.035623193,0.0017967788,0.033826414,train,0.011101916
2023-06-01,SPY,0.014357457,-0.019124268,0.033481725,train,-0.0042302
2023-06-01,TLT,-0.01101866,-0.04001396,0.028995302,train,-0.03518055
2023-06-02,EFA,-0.0057979845,-0.03022291,0.024424925,train,0.0043365513
2023-06-02,IWM,-0.013495726,-0.035835266,0.022339541,train,0.0017967788
2023-06-02,SPY,-0.00191797,-0.0014990601,0.00041890994,train,-0.019124268
2023-06-02,TLT,-0.0018645732,-0.018448694,0.01658412,train,-0.04001396
2023-06-05,EFA,0.008272598,-0.015079267,0.023351865,train,-0.03022291
2023-06-05,IWM,0.025998304,-0.002109026,0.02810733,train,-0.035835266
2023-06-05,SPY,0.0021751358,-0.015677508,0.017852644,train,-0.0014990601
2023-06-05,TLT,0.0058765607,-0.011277059,0.01715362,train,-0.018448694
2023-06-06,EFA,-0.008833739,-0.025641102,0.016807362,train,-0.015079267
2023-06-06,IWM,0.018537674,-0.025228266,0.04376594,train,-0.002109026
2023-06-06,SPY,-0.0034638369,-0.07692265,0.07345881,train,-0.015677508
2023-06-06,TLT,-0.014954871,-0.031177461,0.01622259,train,-0.011277059
2023-06-07,EFA,0.01052424,-0.027835801,0.03836004,train,-0.025641102
2023-06-07,IWM,-0.0037456825,-0.015231244,0.011485562,train,-0.025228266
2023-06-07,SPY,0.0060303905,-0.024425942,0.030456332,train,-0.07692265
2023-06-07,TLT,0.011629158,-0.0067813615,0.018410519,train,-0.031177461
2023-06-08,EFA,-0.0016766562,-0.020138692,0.018462036,train,-0.027835801
2023-06-08,IWM,-0.008127499,0.009710733,0.017838232,train,-0.015231244
2023-06-08,SPY,0.0017926026,-0.01009758,0.011890182,train,-0.024425942
2023-06-08,TLT,-0.001372519,-0.0013024914,7.002754e-05,train,-0.0067813615
2023-06-09,EFA,0.0043251663,-0.01185927,0.016184436,train,-0.020138692
2023-06-09,IWM,0.0041527995,-0.012124438,0.016277237,train,0.009710733
2023-06-09,SPY,0.009031199,-0.015731238,0.024762437,train,-0.01009758
2023-06-09,TLT,0.0029390117,0.0051888456,0.002249834,train,-0.0013024914
2023-06-12,EFA,0.009422303,-0.016020684,0.025442988,train,-0.01185927
2023-06-12,IWM,0.01139856,0.0092782285,0.0021203319,train,-0.012124438
2023-06-12,SPY,0.0065711,-0.040108617,0.046679717,train,-0.015731238
2023-06-12,TLT,-0.009930035,-0.0010938547,0.00883618,train,0.0051888456
2023-06-13,EFA,0.0037167196,-0.02705124,0.03076796,train,-0.016020684
2023-06-13,IWM,-0.010806563,-0.06899121,0.058184642,train,0.0092782285
2023-06-13,SPY,0.001190232,-0.014115175,0.015305407,train,-0.040108617
2023-06-13,TLT,0.007971599,2.2479799e-05,0.007949119,train,-0.0010938547
2023-06-14,EFA,0.010524332,-0.018650895,0.029175226,train,-0.02705124
2023-06-14,IWM,0.008195769,0.01818956,0.009993792,train,-0.06899121
2023-06-14,SPY,0.012321363,-0.019538391,0.031859756,train,-0.014115175
2023-06-14,TLT,0.009559968,-0.014743675,0.024303641,train,2.2479799e-05
2023-06-15,EFA,-0.0021778084,-0.028553616,0.026375808,train,-0.018650895
2023-06-15,IWM,-0.008034638,-0.048018605,0.039983965,train,0.01818956
2023-06-15,SPY,-0.0034121405,0.0013656248,0.0047777654,train,-0.019538391
2023-06-15,TLT,-0.003890802,-0.022343207,0.018452406,train,-0.014743675
2023-06-16,EFA,-0.013305264,-0.011978351,0.001326913,train,-0.028553616
2023-06-16,IWM,-0.004365634,-0.019454319,0.015088685,train,-0.048018605
2023-06-16,SPY,-0.0052015465,0.016935393,0.02213694,train,0.0013656248
2023-06-16,TLT,0.006895973,-0.019161789,0.026057761,train,-0.022343207
2023-06-20,EFA,0.0015177274,0.03336056,0.03184283,train,-0.011978351
2023-06-20,IWM,-0.0023256254,0.04721584,0.049541466,train,-0.019454319
2023-06-20,SPY,-0.005136951,-0.0060345284,0.0008975775,train,0.016935393
2023-06-20,TLT,0.0024170065,-0.023238132,0.02565514,train,-0.019161789
2023-06-21,EFA,-0.0062236367,0.019291792,0.02551543,train,0.03336056
2023-06-21,IWM,-0.0074449456,-0.0017522373,0.0056927083,train,0.04721584
2023-06-21,SPY,0.0036031823,0.013234433,0.00963125,train,-0.0060345284
2023-06-21,TLT,-0.012143878,-0.01778643,0.005642552,train,-0.023238132
2023-06-22,EFA,-0.015660392,-0.0006793286,0.014981063,train,0.019291792
2023-06-22,IWM,-0.015169243,-0.008018758,0.007150485,train,-0.0017522373
2023-06-22,SPY,-0.007588675,-0.012531232,0.0049425573,train,0.013234433
2023-06-22,TLT,0.009920457,-0.01926763,0.029188087,train,-0.01778643
2023-06-23,EFA,0.0012677915,0.0067620785,0.0054942872,train,-0.0006793286
2023-06-23,IWM,0.0009963567,0.00027879653,0.0007175602,train,-0.008018758
2023-06-23,SPY,-0.0040941155,-0.0513035,0.047209382,train,-0.012531232
2023-06-23,TLT,0.0010640925,-0.027056249,0.02812034,train,-0.01926763
2023-06-26,EFA,0.008688211,0.0030434025,0.005644809,train,0.0067620785
2023-06-26,IWM,0.0143364575,0.012358252,0.0019782055,train,0.00027879653
2023-06-26,SPY,0.010903609,-0.033332646,0.044236254,train,-0.0513035
2023-06-26,TLT,-0.0026137445,-0.03214064,0.029526895,train,-0.027056249
2023-06-27,EFA,0.0006976011,0.01044371,0.009746108,train,0.0030434025
2023-06-27,IWM,0.0048964196,0.03475699,0.02986057,train,0.012358252
2023-06-27,SPY,0.00050426257,-0.047134865,0.047639128,train,-0.033332646
2023-06-27,TLT,0.0042559225,0.006833539,0.0025776164,train,-0.03214064
2023-06-28,EFA,-0.0013953436,0.040980652,0.042375997,train,0.01044371
2023-06-28,IWM,0.011439732,0.0124371685,0.0009974362,train,0.03475699
2023-06-28,SPY,0.0039336365,-0.0009926069,0.0049262433,train,-0.047134865
2023-06-28,TLT,-0.018213585,-0.013806853,0.0044067316,train,0.006833539
2023-06-29,EFA,0.012212123,0.024867669,0.012655546,train,0.040980652
2023-06-29,IWM,0.004763808,-0.0036291531,0.008392962,train,0.0124371685
2023-06-29,SPY,0.011731659,-0.0011181864,0.012849845,train,-0.0009926069
2023-06-29,TLT,0.011726076,-0.009412805,0.02113888,train,-0.013806853
2023-06-30,EFA,-0.0011040819,0.08451057,0.08561465,train,0.024867669
2023-06-30,IWM,0.002027083,0.0016771466,0.0003499363,train,-0.0036291531
2023-06-30,SPY,0.0011497416,-0.032846212,0.033995952,train,-0.0011181864
2023-06-30,TLT,-0.0056853327,-0.004527992,0.0011573406,train,-0.009412805
2023-07-03,EFA,-0.011247694,0.027760912,0.039008606,train,0.08451057
2023-07-03,IWM,-0.010015233,0.0061867465,0.01620198,train,0.0016771466
2023-07-03,SPY,-0.0014882237,-0.01931715,0.017828926,train,-0.032846212
2023-07-03,TLT,-0.0095480345,-0.019200414,0.00965238,train,-0.004527992
2023-07-05,EFA,-0.01746767,-0.015265914,0.0022017565,train,0.027760912
2023-07-05,IWM,-0.016279954,0.005793706,0.02207366,train,0.0061867465
2023-07-05,SPY,-0.0078613125,-0.07143436,0.06357305,train,-0.01931715
2023-07-05,TLT,-0.014243761,-0.0041661877,0.010077573,train,-0.019200414
2023-07-06,EFA,0.007503402,-0.008376496,0.015879897,train,-0.015265914
2023-07-06,IWM,0.010503642,0.00075642904,0.009747213,train,0.005793706
2023-07-06,SPY,-0.002527984,-0.0042041275,0.0016761434,train,-0.07143436
2023-07-06,TLT,-0.0060373726,-0.010904908,0.0048675356,train,-0.0041661877
2023-07-07,EFA,0.002816675,-0.01623771,0.019054385,train,-0.008376496
2023-07-07,IWM,0.016963275,0.052275576,0.035312302,train,0.00075642904
2023-07-07,SPY,0.002527984,-0.01982574,0.022353724,train,-0.0042041275
2023-07-07,TLT,0.0013108866,-0.012135627,0.013446514,train,-0.010904908
2023-07-10,EFA,0.008961218,0.0050153867,0.0039458317,train,-0.01623771
2023-07-10,IWM,0.010220681,0.0027381587,0.0074825226,train,0.052275576
2023-07-10,SPY,0.006348153,-0.018404637,0.02475279,train,-0.01982574
2023-07-10,TLT,0.0051277415,0.0073617375,0.002233996,train,-0.012135627
2023-07-11,EFA,0.018916886,-0.011659272,0.030576158,train,0.0050153867
2023-07-11,IWM,0.010847118,0.024321722,0.013474604,train,0.0027381587
2023-07-11,SPY,0.008013686,-0.0026486958,0.0106623825,train,-0.018404637
2023-07-11,TLT,0.011069551,-0.0023068725,0.013376424,train,0.0073617375
2023-07-12,EFA,0.015876438,0.016760312,0.00088387355,train,-0.011659272
2023-07-12,IWM,0.008045976,-0.032066308,0.040112283,train,0.024321722
2023-07-12,SPY,0.007905611,-0.011494208,0.019399818,train,-0.0026486958
2023-07-12,TLT,0.010457834,0.0046756673,0.005782167,train,-0.0023068725
2023-07-13,EFA,-0.0056703687,-0.017110923,0.011440555,train,0.016760312
2023-07-13,IWM,-0.009819471,-0.023235962,0.0134164905,train,-0.032066308
2023-07-13,SPY,-0.0006230116,-0.03982755,0.03920454,train,-0.011494208
2023-07-13,TLT,-0.0059058666,-0.029671103,0.023765236,train,0.0046756673
2023-07-14,EFA,-0.0012193054,0.016100027,0.017319333,train,-0.017110923
2023-07-14,IWM,0.010646389,-0.012721622,0.023368012,train,-0.023235962
2023-07-14,SPY,0.003466222,-0.031395126,0.03486135,train,-0.03982755
2023-07-14,TLT,0.00049325894,-0.012469662,0.0129629215,train,-0.029671103
2023-07-17,EFA,0.006485776,0.009310123,0.0028243465,train,0.016100027
2023-07-17,IWM,0.012270756,-0.017707538,0.029978294,train,-0.012721622
2023-07-17,SPY,0.0074031744,-0.043408368,0.050811544,train,-0.031395126
2023-07-17,TLT,0.0045290277,-0.030868175,0.0353972,train,-0.012469662
2023-07-18,EFA,-0.00053893315,0.0098697,0.010408633,train,0.009310123
2023-07-18,IWM,0.004226325,-0.027854213,0.03208054,train,-0.017707538
2023-07-18,SPY,0.0022212164,-0.03184679,0.034068007,train,-0.043408368
2023-07-18,TLT,0.011233345,-0.027389321,0.038622666,train,-0.030868175
2023-07-19,EFA,-0.0051337327,0.036365975,0.041499708,train,0.0098697
2023-07-19,IWM,-0.008778163,0.0072990614,0.016077224,train,-0.027854213
2023-07-19,SPY,-0.006656625,-0.032476887,0.025820263,train,-0.03184679
2023-07-19,TLT,-0.012216063,-0.025978526,0.013762463,train,-0.027389321
2023-07-20,EFA,0.0020297756,0.009054668,0.0070248926,train,0.036365975
2023-07-20,IWM,-0.0031834564,0.017297864,0.02048132,train,0.0072990614
2023-07-20,SPY,0.0,0.014351081,0.014351081,train,-0.032476887
2023-07-20,TLT,0.00029495885,-0.025537988,0.025832947,train,-0.025978526
2023-07-21,EFA,-0.0024361361,-0.010887882,0.008451746,train,0.009054668
2023-07-21,IWM,0.0024655461,0.009725863,0.007260317,train,0.017297864
2023-07-21,SPY,0.0044574,-0.008643977,0.0131013775,train,0.014351081
2023-07-21,TLT,-0.0036436126,-0.0060356925,0.00239208,train,-0.025537988
2023-07-24,EFA,0.0010833358,0.0030355253,0.0019521895,train,-0.010887882
2023-07-24,IWM,-0.00010256607,0.034647185,0.03474975,train,0.009725863
2023-07-24,SPY,0.0027263446,-0.021197569,0.023923913,train,-0.008643977
2023-07-24,TLT,-0.0018764025,-0.0148094185,0.012933016,train,-0.0060356925
2023-07-25,EFA,0.0027035503,-0.0072021424,0.009905692,train,0.0030355253
2023-07-25,IWM,0.0078695305,0.02575377,0.01788424,train,0.034647185
2023-07-25,SPY,0.00015357859,-0.0016364264,0.001790005,train,-0.021197569
2023-07-25,TLT,0.0009879484,-0.016056165,0.017044114,train,-0.0148094185
2023-07-26,EFA,-0.002297518,0.0030277097,0.005325228,train,-0.0072021424
2023-07-26,IWM,-0.013013079,0.01232864,0.02534172,train,0.02575377
2023-07-26,SPY,-0.006651871,0.0012554121,0.007907283,train,-0.0016364264
2023-07-26,TLT,-0.019644741,-0.029277943,0.009633202,train,-0.016056165
2023-07-27,EFA,0.0071451883,-0.023057042,0.03020223,train,0.0030277097
2023-07-27,IWM,0.012860336,0.0136177465,0.0007574102,train,0.01232864
2023-07-27,SPY,0.009742636,-0.027946092,0.03768873,train,0.0012554121
2023-07-27,TLT,0.0051226784,-0.004386649,0.009509327,train,-0.029277943
2023-07-28,EFA,0.00026867032,-0.035608783,0.035877455,train,-0.023057042
2023-07-28,IWM,0.0115404045,0.0057694395,0.005770965,train,0.0136177465
2023-07-28,SPY,0.0019021962,-0.034398254,0.03630045,train,-0.027946092
2023-07-28,TLT,0.0024019072,-0.004354251,0.0067561585,train,-0.004386649
2023-07-31,EFA,-0.012568595,-0.043751467,0.031182872,train,-0.035608783
2023-07-31,IWM,-0.004590005,-0.014188174,0.0095981695,train,0.0057694395
2023-07-31,SPY,-0.002865628,-0.02963829,0.026772663,train,-0.034398254
2023-07-31,TLT,-0.016522693,-0.014237652,0.002285041,train,-0.004354251
2023-08-01,EFA,-0.018807473,-0.030438604,0.011631131,train,-0.043751467
2023-08-01,IWM,-0.013692992,-0.015662752,0.0019697603,train,-0.014188174
2023-08-01,SPY,-0.014008513,-0.027792234,0.013783721,train,-0.02963829
2023-08-01,TLT,-0.010756668,0.0017792624,0.01253593,train,-0.014237652
2023-08-02,EFA,-0.0027756996,-0.020308087,0.017532388,train,-0.030438604
2023-08-02,IWM,-0.0028229947,0.011200786,0.014023781,train,-0.015662752
2023-08-02,SPY,-0.0028699553,-0.010025952,0.0071559967,train,-0.027792234
2023-08-02,TLT,-0.023341578,-0.016449679,0.006891899,train,0.0017792624
2023-08-03,EFA,0.0027756996,-0.0060615386,0.008837238,train,-0.020308087
2023-08-03,IWM,-0.0020065012,0.0024018106,0.004408312,train,0.011200786
2023-08-03,SPY,-0.0045329644,-0.036754053,0.03222109,train,-0.010025952
2023-08-03,TLT,0.017557282,-0.0013283971,0.01888568,train,-0.016449679
2023-08-04,EFA,0.0084178215,0.009616561,0.0011987397,train,-0.0060615386
2023-08-04,IWM,0.00066938915,0.0022922554,0.0016228663,train,0.0024018106
2023-08-04,SPY,0.008690598,0.034046892,0.025356293,train,-0.036754053
2023-08-04,TLT,-0.009890653,-0.007345475,0.0025451784,train,-0.0013283971
2023-08-07,EFA,-0.0060648783,0.01895653,0.02502141,train,0.009616561
2023-08-07,IWM,-0.0062987185,0.008220762,0.014519481,train,0.0022922554
2023-08-07,SPY,-0.0043582222,-0.074750856,0.07039263,train,0.034046892
2023-08-07,TLT,0.011546852,0.007217635,0.004329217,train,-0.007345475
2023-08-08,EFA,-0.00027658333,-0.02159628,0.021319697,train,0.01895653
2023-08-08,IWM,-0.007851367,0.02092973,0.028781097,train,0.008220762
2023-08-08,SPY,-0.0067076674,-0.020410296,0.013702628,train,-0.074750856
2023-08-08,TLT,0.0051575955,-0.016405301,0.021562897,train,0.007217635
2023-08-09,EFA,0.004278014,0.008230463,0.0039524487,train,-0.02159628
2023-08-09,IWM,-0.004446947,-0.0111394,0.0066924533,train,0.02092973
2023-08-09,SPY,0.0003589642,-0.05143067,0.051789634,train,-0.020410296
2023-08-09,TLT,-0.016599726,0.0042008893,0.020800615,train,-0.016405301
2023-08-10,EFA,-0.006770369,-0.03551416,0.028743792,train,0.008230463
2023-08-10,IWM,0.0014146186,0.01356058,0.012145962,train,-0.0111394
2023-08-10,SPY,-0.00058321434,-0.019556213,0.018972998,train,-0.05143067
2023-08-10,TLT,-0.002304025,-0.016462993,0.014158968,train,0.0042008893
2023-08-11,EFA,-0.004446288,0.0016374257,0.006083714,train,-0.03551416
2023-08-11,IWM,-0.0017290759,-0.0055206004,0.0037915246,train,0.01356058
2023-08-11,SPY,0.0055046664,-0.04547631,0.050980978,train,-0.019556213
2023-08-11,TLT,-0.002204418,-0.01612844,0.013924021,train,-0.016462993
2023-08-14,EFA,-0.012471204,0.035857644,0.048328847,train,0.0016374257
2023-08-14,IWM,-0.013305503,-0.016570222,0.0032647187,train,-0.0055206004
2023-08-14,SPY,-0.011717232,-0.035656422,0.02393919,train,-0.04547631
2023-08-14,TLT,-0.006113785,-0.02260954,0.016495755,train,-0.01612844
2023-08-15,EFA,-0.008211948,-0.0074790264,0.00073292153,train,0.035857644
2023-08-15,IWM,-0.012300393,-0.008800663,0.0034997296,train,-0.016570222
2023-08-15,SPY,-0.0073650554,-0.01464102,0.007275965,train,-0.035656422
2023-08-15,TLT,-0.007855118,0.007164788,0.015019907,train,-0.02260954
2023-08-16,EFA,-0.007133549,0.009661172,0.01679472,train,-0.0074790264
2023-08-16,IWM,-0.01185438,-0.008010618,0.003843762,train,-0.008800663
2023-08-16,SPY,-0.0076490515,-0.028727338,0.021078287,train,-0.01464102
2023-08-16,TLT,-0.0042711934,0.0068072234,0.011078417,train,0.007164788
2023-08-17,EFA,0.0,-0.010858852,0.010858852,train,0.009661172
2023-08-17,IWM,0.0054303203,-0.020963412,0.026393732,train,-0.008010618
2023-08-17,SPY,0.00048109653,-0.025522348,0.026003445,train,-0.028727338
2023-08-17,TLT,0.0035252222,0.009292215,0.005766993,train,0.0068072234
2023-08-18,EFA,0.0037158758,0.023408433,0.019692557,train,-0.010858852
2023-08-18,IWM,-0.0014631402,-0.0065454687,0.0050823283,train,-0.020963412
2023-08-18,SPY,0.0064851963,-0.02619791,0.032683108,train,-0.025522348
2023-08-18,TLT,-0.013419912,-0.030183155,0.016763244,train,0.009292215
2023-08-21,EFA,-0.0018563299,0.014199384,0.016055714,train,0.023408433
2023-08-21,IWM,-0.0029875247,-0.018232848,0.015245324,train,-0.0065454687
2023-08-21,SPY,-0.0027122598,-0.05684098,0.054128718,train,-0.02619791
2023-08-21,TLT,0.00764478,0.0012305886,0.0064141913,train,-0.030183155
2023-08-22,EFA,0.010803294,0.024445727,0.013642433,train,0.014199384
2023-08-22,IWM,0.010605816,-0.0140086375,0.024614453,train,-0.018232848
2023-08-22,SPY,0.011076264,-0.008615654,0.019691918,train,-0.05684098
2023-08-22,TLT,0.024475439,-0.02592569,0.05040113,train,0.0012305886
2023-08-23,EFA,-0.013809116,-0.03239729,0.018588174,train,0.024445727
2023-08-23,IWM,-0.013929517,-0.006858758,0.007070759,train,-0.0140086375
2023-08-23,SPY,-0.013956215,-0.017513972,0.0035577565,train,-0.008615654
2023-08-23,TLT,-0.0066159638,-0.018849919,0.012233955,train,-0.02592569
2023-08-24,EFA,0.006714924,-0.0155822635,0.022297187,train,-0.03239729
2023-08-24,IWM,0.004248241,0.016043577,0.011795336,train,-0.006858758
2023-08-24,SPY,0.007025086,0.00929443,0.002269344,train,-0.017513972
2023-08-24,TLT,0.0032606698,0.0004950268,0.002765643,train,-0.018849919
2023-08-25,EFA,0.010481592,-0.007541388,0.01802298,train,-0.0155822635
2023-08-25,IWM,0.008873353,0.010243788,0.0013704356,train,0.016043577
2023-08-25,SPY,0.00632135,-0.0163396,0.02266095,train,0.00929443
2023-08-25,TLT,0.001049973,-0.01137609,0.012426063,train,0.0004950268
2023-08-28,EFA,0.012323401,-0.05304751,0.06537091,train,-0.007541388
2023-08-28,IWM,0.013855232,0.012682468,0.0011727642,train,0.010243788
2023-08-28,SPY,0.014351449,-0.012959382,0.02731083,train,-0.0163396
2023-08-28,TLT,0.010332259,-0.009082565,0.019414824,train,-0.01137609
2023-08-29,EFA,-0.00055694015,-0.0319029,0.031345963,train,-0.05304751
2023-08-29,IWM,0.0037651088,-0.017082997,0.020848105,train,0.012682468
2023-08-29,SPY,0.0041103153,-0.035109002,0.039219316,train,-0.012959382
2023-08-29,TLT,-0.0010385569,-0.0149257,0.013887143,train,-0.009082565
2023-08-30,EFA,-0.003906829,-0.009588825,0.005681996,train,-0.0319029
2023-08-30,IWM,-0.0017481865,-0.0011166777,0.0006315089,train,-0.017082997
2023-08-30,SPY,-0.0014645217,-0.023297012,0.02183249,train,-0.035109002
2023-08-30,TLT,0.0044590845,-0.0029417896,0.007400874,train,-0.0149257
2023-08-31,EFA,-0.000559317,-0.014207849,0.013648532,train,-0.009588825
2023-08-31,IWM,0.011806525,-0.004991505,0.01679803,train,-0.0011166777
2023-08-31,SPY,0.0018634378,0.017724106,0.015860667,train,-0.023297012
2023-08-31,TLT,-0.015700951,-0.074299395,0.058598444,train,-0.0029417896
2023-09-01,EFA,-0.008710299,-0.027608614,0.018898316,train,-0.014207849
2023-09-01,IWM,-0.02128877,-0.029190041,0.007901272,train,-0.004991505
2023-09-01,SPY,-0.004331341,0.03138314,0.035714477,train,0.017724106
2023-09-01,TLT,-0.014121466,-0.010370458,0.0037510088,train,-0.074299395
2023-09-05,EFA,-0.0021188266,0.0057011885,0.007820015,train,-0.027608614
2023-09-05,IWM,-0.0037537492,-0.011357405,0.007603656,train,-0.029190041
2023-09-05,SPY,-0.0067450954,0.06033737,0.067082465,train,0.03138314
2023-09-05,TLT,0.0024566657,-0.012044965,0.014501631,train,-0.010370458
2023-09-06,EFA,-0.0032575028,0.0032767323,0.006534235,train,0.0057011885
2023-09-06,IWM,-0.009717653,-0.003321915,0.0063957376,train,-0.011357405
2023-09-06,SPY,-0.003074824,0.052949,0.056023825,train,0.06033737
2023-09-06,TLT,0.0027693512,-0.006997659,0.00976701,train,-0.012044965
2023-09-07,EFA,-0.0014197087,-0.021931158,0.02051145,train,0.0032767323
2023-09-07,IWM,-0.0022266763,0.003591293,0.0058179693,train,-0.003321915
2023-09-07,SPY,0.0015048939,0.039374564,0.03786967,train,0.052949
2023-09-07,TLT,0.0038221313,-0.01520681,0.019028941,train,-0.006997659
2023-09-08,EFA,0.010317393,-0.015749281,0.026066674,train,-0.021931158
2023-09-08,IWM,0.0023892738,-0.006241054,0.008630328,train,0.003591293
2023-09-08,SPY,0.006555146,0.053384744,0.046829596,train,0.039374564
2023-09-08,TLT,-0.007231849,-0.034495242,0.027263394,train,-0.01520681
2023-09-11,EFA,-0.0040858816,-0.069011115,0.06492523,train,-0.015749281
2023-09-11,IWM,-0.0009769229,-0.011342684,0.010365761,train,-0.006241054
2023-09-11,SPY,-0.005500763,0.0494192,0.05491996,train,0.053384744
2023-09-11,TLT,0.00574724,-0.019010516,0.024757756,train,-0.034495242
2023-09-12,EFA,-0.0031109015,-0.023825051,0.020714149,train,-0.069011115
2023-09-12,IWM,-0.0065912404,0.0062571815,0.012848422,train,-0.011342684
2023-09-12,SPY,0.0011653416,0.05283736,0.05167202,train,0.0494192
2023-09-12,TLT,-0.00021202317,-0.053440996,0.05322897,train,-0.019010516
2023-09-13,EFA,0.013084853,-0.045226235,0.05831109,train,-0.023825051
2023-09-13,IWM,0.014002295,0.0011417572,0.012860538,train,0.0062571815
2023-09-13,SPY,0.008585384,0.009899076,0.001313692,train,0.05283736
2023-09-13,TLT,-0.007244807,-0.009611856,0.002367049,train,-0.053440996
2023-09-14,EFA,-0.0022389498,-0.028736297,0.026497347,train,-0.045226235
2023-09-14,IWM,-0.010510456,0.074645765,0.08515622,train,0.0011417572
2023-09-14,SPY,-0.012121394,-0.034090858,0.021969464,train,0.009899076
2023-09-14,TLT,-0.0061127655,-0.009142054,0.0030292887,train,-0.009611856
2023-09-15,EFA,-0.0035086214,-0.009431671,0.00592305,train,-0.028736297
2023-09-15,IWM,-0.0066669215,-0.0020130696,0.004653852,train,0.074645765
2023-09-15,SPY,0.0005862052,0.0046216096,0.0040354044,train,-0.034090858
2023-09-15,TLT,0.0056853183,0.009682456,0.003997138,train,-0.009142054
2023-09-18,EFA,0.000843276,-0.009195795,0.010039072,train,-0.009431671
2023-09-18,IWM,-0.0039001533,0.0022851028,0.006185256,train,-0.0020130696
2023-09-18,SPY,-0.0020760607,-0.025824264,0.023748202,train,0.0046216096
2023-09-18,TLT,-0.007407799,0.0007619723,0.008169771,train,0.009682456
2023-09-19,EFA,-0.0023907826,-0.028945003,0.02655422,train,-0.009195795
2023-09-19,IWM,-0.01006819,0.003474195,0.013542386,train,0.0022851028
2023-09-19,SPY,-0.009235697,-0.006422601,0.0028130957,train,-0.025824264
2023-09-19,TLT,0.0031199732,-0.02474964,0.027869614,train,0.0007619723
2023-09-20,EFA,-0.016754603,-0.020963011,0.0042084083,train,-0.028945003
2023-09-20,IWM,-0.01563335,0.0022930414,0.017926391,train,0.003474195
2023-09-20,SPY,-0.01666658,0.001047567,0.017714147,train,-0.006422601
2023-09-20,TLT,-0.026009308,-0.030826584,0.0048172753,train,-0.02474964
2023-09-21,EFA,0.0008587271,-0.012536654,0.013395381,train,-0.020963011
2023-09-21,IWM,-0.0022618487,-0.006437871,0.0041760225,train,0.0022930414
2023-09-21,SPY,-0.0022510842,0.021974653,0.024225738,train,0.001047567
2023-09-21,TLT,0.008016581,-0.019141018,0.0271576,train,-0.030826584
2023-09-22,EFA,-0.0044448534,0.0050411006,0.009485954,train,-0.012536654
2023-09-22,IWM,0.0044618193,-0.0054079774,0.009869797,train,-0.006437871
2023-09-22,SPY,0.0041964124,0.005684445,0.0014880328,train,0.021974653
2023-09-22,TLT,-0.02491723,-0.008314008,0.016603222,train,-0.019141018
2023-09-25,EFA,-0.013017209,-0.010081412,0.002935797,train,0.0050411006
2023-09-25,IWM,-0.012940811,-0.009930486,0.0030103251,train,-0.0054079774
2023-09-25,SPY,-0.014800233,-0.01527407,0.00047383737,train,0.005684445
2023-09-25,TLT,-0.0034819404,-0.016029885,0.012547945,train,-0.008314008
2023-09-26,EFA,-0.0018944107,0.0023724255,0.004266836,train,-0.010081412
2023-09-26,IWM,0.009305125,-0.0054268627,0.014731988,train,-0.009930486
2023-09-26,SPY,0.00039907757,-0.021752588,0.022151666,train,-0.01527407
2023-09-26,TLT,-0.005189258,0.0023151492,0.0075044073,train,-0.016029885
2023-09-27,EFA,0.00813491,0.008018106,0.00011680368,train,0.0023724255
2023-09-27,IWM,0.008994006,-0.009889046,0.018883051,train,-0.0054268627
2023-09-27,SPY,0.005780669,-0.035344485,0.041125156,train,-0.021752588
2023-09-27,TLT,0.0030487296,0.0081439,0.0050951703,train,0.0023151492
2023-09-28,EFA,-0.0028977767,-0.022473067,0.01957529,train,0.008018106
2023-09-28,IWM,-0.0047415243,-0.0135712605,0.008829736,train,-0.009889046
2023-09-28,SPY,-0.00242996,-0.025199946,0.022769986,train,-0.035344485
2023-09-28,TLT,0.000112628026,0.00310854,0.002995912,train,0.0081439
2023-09-29,EFA,-0.014763031,0.0019006659,0.016663697,train,-0.022473067
2023-09-29,IWM,-0.015222242,0.00019240798,0.01541465,train,-0.0135712605
2023-09-29,SPY,-0.00039781583,0.008015182,0.008412998,train,-0.025199946
2023-09-29,TLT,-0.016881572,0.0034078225,0.020289395,train,0.00310854
2023-10-02,EFA,-0.012595545,-0.013425581,0.0008300366,train,0.0019006659
2023-10-02,IWM,-0.016975604,-0.004060443,0.0129151605,train,0.00019240798
2023-10-02,SPY,-0.01347635,-0.0067379284,0.006738422,train,0.008015182
2023-10-02,TLT,-0.021746445,0.010724768,0.032471213,train,0.0034078225
2023-10-03,EFA,0.0017877596,0.0106213745,0.008833615,train,-0.013425581
2023-10-03,IWM,0.00046738307,-0.009345766,0.009813149,train,-0.004060443
2023-10-03,SPY,0.007255538,0.03916087,0.03190533,train,-0.0067379284
2023-10-03,TLT,0.01400918,-0.0007827855,0.0147919655,train,0.010724768
2023-10-04,EFA,0.008743907,0.011208627,0.00246472,train,0.0106213745
2023-10-04,IWM,0.0007589176,-0.025588684,0.026347602,train,-0.009345766
2023-10-04,SPY,-0.00037686247,-0.031886794,0.031509932,train,0.03916087
2023-10-04,TLT,-0.0049973233,0.007819757,0.01281708,train,-0.0007827855
2023-10-05,EFA,0.011006222,0.012929324,0.001923102,train,0.011208627
2023-10-05,IWM,0.009583389,-0.02562405,0.03520744,train,-0.025588684
2023-10-05,SPY,0.011802957,0.0026976732,0.009105284,train,-0.031886794
2023-10-05,TLT,-0.012190938,-0.003464445,0.0087264925,train,0.007819757
2023-10-06,EFA,-0.0014605563,-0.045913015,0.04445246,train,0.012929324
2023-10-06,IWM,0.005763731,-0.012518661,0.018282391,train,-0.02562405
2023-10-06,SPY,0.0063816467,0.015188267,0.008806621,train,0.0026976732
2023-10-06,TLT,0.023198478,-0.0055072247,0.028705703,train,-0.003464445
2023-10-09,EFA,0.013645244,-0.034428768,0.04807401,train,-0.045913015
2023-10-09,IWM,0.011258242,-0.023972116,0.035230357,train,-0.012518661
2023-10-09,SPY,0.005191356,0.0038340506,0.0013573053,train,0.015188267
2023-10-09,TLT,-0.0013834406,-0.010028321,0.008644881,train,-0.0055072247
2023-10-10,EFA,0.004172415,-0.0036982219,0.007870637,train,-0.034428768
2023-10-10,IWM,-0.0017062986,-0.0054701115,0.003763813,train,-0.023972116
2023-10-10,SPY,0.0040880577,0.040888514,0.036800455,train,0.0038340506
2023-10-10,TLT,0.020670617,-0.005963204,0.026633821,train,-0.010028321
2023-10-11,EFA,-0.008362252,-0.0065835104,0.0017787418,train,-0.0036982219
2023-10-11,IWM,-0.022858443,-0.0028724377,0.019986005,train,-0.0054701115
2023-10-11,SPY,-0.0061150566,0.067208335,0.07332339,train,0.040888514
2023-10-11,TLT,-0.02750226,-0.009562209,0.01794005,train,-0.005963204
2023-10-12,EFA,-0.009309183,-0.030799925,0.021490742,train,-0.0065835104
2023-10-12,IWM,-0.008363338,-0.010127397,0.0017640591,train,-0.0028724377
2023-10-12,SPY,-0.004993419,0.08379612,0.08878954,train,0.067208335
2023-10-12,TLT,0.017734133,0.019510148,0.0017760154,train,-0.009562209
2023-10-13,EFA,0.0072800624,-0.03600155,0.04328161,train,-0.030799925
2023-10-13,IWM,0.016021762,-0.014039326,0.030061089,train,-0.010127397
2023-10-13,SPY,0.010466506,0.14202502,0.13155852,train,0.08379612
2023-10-13,TLT,-0.016224818,0.009819388,0.026044207,train,0.019510148
2023-10-16,EFA,0.00058032287,-0.04880188,0.049382202,train,-0.03600155
2023-10-16,IWM,0.011093109,-0.013501493,0.024594601,train,-0.014039326
2023-10-16,SPY,-4.5870773e-05,0.08127966,0.08132553,train,0.14202502
2023-10-16,TLT,-0.011082112,0.022663642,0.033745755,train,0.009819388
2023-10-17,EFA,-0.017552275,-0.04062377,0.023071494,train,-0.04880188
2023-10-17,IWM,-0.020792155,-0.0029275133,0.01786464,train,-0.013501493
2023-10-17,SPY,-0.013414729,0.094964616,0.10837935,train,0.08127966
2023-10-17,TLT,-0.008836853,0.002458828,0.011295682,train,0.022663642
2023-10-18,EFA,-0.008892791,-0.01465293,0.005760139,train,-0.04062377
2023-10-18,IWM,-0.016060604,-0.018330041,0.0022694375,train,-0.0029275133
2023-10-18,SPY,-0.008825177,0.088131584,0.09695676,train,0.094964616
2023-10-18,TLT,-0.020685751,-0.004047914,0.016637838,train,0.002458828
2023-10-19,EFA,-0.008972769,-0.014538802,0.0055660335,train,-0.01465293
2023-10-19,IWM,-0.013012594,-0.02273449,0.009721896,train,-0.018330041
2023-10-19,SPY,-0.012364235,0.06728076,0.07964499,train,0.088131584
2023-10-19,TLT,0.0056623067,-0.06222692,0.06788923,train,-0.004047914
2023-10-20,EFA,0.0007510251,-0.0059447153,0.0066957404,train,-0.014538802
2023-10-20,IWM,-0.008507722,-0.012947818,0.004440096,train,-0.02273449
2023-10-20,SPY,-0.001734666,0.06673589,0.06847056,train,0.06728076
2023-10-20,TLT,0.011941664,-0.014772484,0.026714148,train,-0.06222692
2023-10-23,EFA,0.005687819,0.003389318,0.0022985009,train,-0.0059447153
2023-10-23,IWM,0.008687802,-0.009113848,0.01780165,train,-0.012947818
2023-10-23,SPY,0.00751121,0.0641365,0.056625288,train,0.06673589
2023-10-23,TLT,0.013090957,-0.012281117,0.025372073,train,-0.014772484
2023-10-24,EFA,-0.007190123,-0.053315137,0.046125013,train,0.003389318
2023-10-24,IWM,-0.016657347,-0.016057596,0.00059975125,train,-0.009113848
2023-10-24,SPY,-0.014456209,0.012368254,0.026824463,train,0.0641365
2023-10-24,TLT,-0.022513105,0.026613023,0.049126126,train,-0.012281117
2023-10-25,EFA,-0.007242071,-0.0033290642,0.0039130067,train,-0.053315137
2023-10-25,IWM,0.0025619483,-0.006479725,0.009041673,train,-0.016057596
2023-10-25,SPY,-0.012047056,0.023871595,0.035918653,train,0.012368254
2023-10-25,TLT,0.01522247,0.004827444,0.010395026,train,0.026613023
2023-10-26,EFA,-0.003033067,-0.021722138,0.01868907,train,-0.0033290642
2023-10-26,IWM,-0.011827733,0.019737149,0.031564884,train,-0.006479725
2023-10-26,SPY,-0.00454298,0.030778255,0.035321236,train,0.023871595
2023-10-26,TLT,-0.0042579444,0.022993796,0.027251739,train,0.004827444
2023-10-27,EFA,0.012677533,-0.029945621,0.042623155,train,-0.021722138
2023-10-27,IWM,0.00553286,-0.007973192,0.013506052,train,0.019737149
2023-10-27,SPY,0.011884843,-0.0036073285,0.015492171,train,0.030778255
2023-10-27,TLT,-0.0045143254,0.010176662,0.014690988,train,0.022993796
2023-10-30,EFA,0.0035928974,0.004252749,0.0006598516,train,-0.029945621
2023-10-30,IWM,0.008607153,-0.009392161,0.017999314,train,-0.007973192
2023-10-30,SPY,0.0062607247,-0.024359673,0.030620398,train,-0.0036073285
2023-10-30,TLT,-0.004893334,-0.00051120156,0.0043821326,train,0.010176662
2023-10-31,EFA,0.009370195,-0.0043113553,0.01368155,train,0.004252749
2023-10-31,IWM,0.0056974706,-0.011219552,0.016917022,train,-0.009392161
2023-10-31,SPY,0.010608311,-0.030710002,0.041318312,train,-0.024359673
2023-10-31,TLT,0.021450436,-0.0060231886,0.027473625,train,-0.00051120156
2023-11-01,EFA,0.020223305,-0.03451384,0.054737143,train,-0.0043113553
2023-11-01,IWM,0.026303973,0.013947051,0.012356922,train,-0.011219552
2023-11-01,SPY,0.018983038,-0.010986058,0.029969096,train,-0.030710002
2023-11-01,TLT,0.02254067,-0.004180726,0.026721396,train,-0.0060231886
2023-11-02,EFA,0.010534955,-0.0070091314,0.017544087,train,-0.03451384
2023-11-02,IWM,0.0268339,-0.009172155,0.036006056,train,0.013947051
2023-11-02,SPY,0.0090818945,0.0073956368,0.0016862578,train,-0.010986058
2023-11-02,TLT,0.006755566,-0.007728905,0.014484471,train,-0.004180726
2023-11-03,EFA,-0.0050373436,-0.0026204023,0.0024169413,train,-0.0070091314
2023-11-03,IWM,-0.012572075,-0.012447266,0.00012480933,train,-0.009172155
2023-11-03,SPY,0.0022979665,0.027409192,0.025111226,train,0.0073956368
2023-11-03,TLT,-0.009747202,0.010512721,0.020259922,train,-0.007728905
2023-11-06,EFA,-0.0060780323,0.011396982,0.017475015,train,-0.0026204023
2023-11-06,IWM,-0.00354641,0.020437915,0.023984324,train,-0.012447266
2023-11-06,SPY,0.0028418049,0.06372923,0.060887422,train,0.027409192
2023-11-06,TLT,0.014642225,0.007484893,0.007157332,train,0.010512721
2023-11-07,EFA,-0.0013071486,0.04109529,0.04240244,train,0.011396982
2023-11-07,IWM,-0.010715415,0.0028790948,0.01359451,train,0.020437915
2023-11-07,SPY,0.0007322244,0.005523861,0.0047916365,train,0.06372923
2023-11-07,TLT,0.016890213,0.0061337645,0.010756448,train,0.007484893
2023-11-08,EFA,-0.00014543756,0.025362171,0.025507608,train,0.04109529
2023-11-08,IWM,-0.015603641,0.01402216,0.029625801,train,0.0028790948
2023-11-08,SPY,-0.007829174,-0.035171088,0.027341913,train,0.005523861
2023-11-08,TLT,-0.023269624,0.00464136,0.027910983,train,0.0061337645
2023-11-09,EFA,0.0044963695,0.035839844,0.031343475,train,0.025362171
2023-11-09,IWM,0.011119684,-0.0076567787,0.018776463,train,0.01402216
2023-11-09,SPY,0.015484229,-0.05715804,0.07264227,train,-0.035171088
2023-11-09,TLT,0.005584398,-0.014949445,0.020533843,train,0.00464136
2023-11-10,EFA,0.0026015013,-0.024202997,0.026804497,train,0.035839844
2023-11-10,IWM,0.0003547188,0.027436145,0.027081426,train,-0.0076567787
2023-11-10,SPY,-0.0009536565,-0.06687867,0.06592501,train,-0.05715804
2023-11-10,TLT,-0.002275612,0.002356282,0.0046318937,train,-0.014949445
2023-11-13,EFA,0.025227688,-0.018721381,0.043949068,train,-0.024202997
2023-11-13,IWM,0.053460434,0.011373052,0.042087384,train,0.027436145
2023-11-13,SPY,0.01921492,0.035150222,0.015935302,train,-0.06687867
2023-11-13,TLT,0.022414286,0.005223621,0.017190665,train,0.002356282
2023-11-14,EFA,-0.0015495991,-0.0053264904,0.0037768912,train,-0.018721381
2023-11-14,IWM,0.0017354795,-0.025778633,0.027514111,train,0.011373052
2023-11-14,SPY,0.0021147826,-0.010333689,0.012448471,train,0.035150222
2023-11-14,TLT,-0.014133474,0.00955487,0.023688344,train,0.005223621
2023-11-15,EFA,-0.00070492504,0.026972849,0.027677774,train,-0.0053264904
2023-11-15,IWM,-0.016298123,0.028492138,0.04479026,train,-0.025778633
2023-11-15,SPY,0.0012223729,-0.04680592,0.04802829,train,-0.010333689
2023-11-15,TLT,0.012350019,0.019204278,0.0068542585,train,0.00955487
2023-11-16,EFA,0.013451182,0.03386886,0.02041768,train,0.026972849
2023-11-16,IWM,0.013609537,0.005440869,0.008168668,train,0.028492138
2023-11-16,SPY,0.0012431697,0.028252084,0.027008913,train,-0.04680592
2023-11-16,TLT,0.00467527,0.0024171737,0.0022580964,train,0.019204278
2023-11-17,EFA,0.003750797,0.0044909264,0.0007401295,train,0.03386886
2023-11-17,IWM,0.005816027,-0.005221728,0.011037755,train,0.005440869
2023-11-17,SPY,0.007667928,0.103372075,0.095704146,train,0.028252084
2023-11-17,TLT,0.006090108,0.0030001826,0.0030899253,train,0.0024171737
2023-11-20,EFA,-0.0038901176,0.01856603,0.022456147,train,0.0044909264
2023-11-20,IWM,-0.012964653,0.012439448,0.025404101,train,-0.005221728
2023-11-20,SPY,-0.0021816867,0.030101668,0.032283355,train,0.103372075
2023-11-20,TLT,-0.00044167353,0.008255506,0.008697179,train,0.0030001826
2023-11-21,EFA,0.0023638702,0.055082176,0.052718304,train,0.01856603
2023-11-21,IWM,0.006250734,-0.03559443,0.041845165,train,0.012439448
2023-11-21,SPY,0.0038533567,0.04068212,0.03682876,train,0.030101668
2023-11-21,TLT,0.0035277533,-0.0033388222,0.006866575,train,0.008255506
2023-11-22,EFA,0.007608618,0.04320545,0.035596833,train,0.055082176
2023-11-22,IWM,0.006713919,0.019902712,0.013188792,train,-0.03559443
2023-11-22,SPY,0.0006151311,0.04237111,0.041755978,train,0.04068212
2023-11-22,TLT,-0.011844919,-0.015416946,0.0035720272,train,-0.0033388222
2023-11-24,EFA,-0.0034514642,0.025284853,0.028736318,train,0.04320545
2023-11-24,IWM,-0.0033513247,0.0051563126,0.008507637,train,0.019902712
2023-11-24,SPY,-0.0018026583,0.038926482,0.04072914,train,0.04237111
2023-11-24,TLT,0.016565818,0.005969072,0.010596747,train,-0.015416946
2023-11-27,EFA,0.00027658333,0.0579014,0.057624817,train,0.025284853
2023-11-27,IWM,-0.0038679906,-0.09126871,0.08740072,train,0.0051563126
2023-11-27,SPY,0.0009897384,-0.0117169805,0.012706719,train,0.038926482
2023-11-27,TLT,0.0019694683,-0.0037514442,0.0057209125,train,0.005969072
2023-11-28,EFA,0.0020718263,0.050884753,0.048812926,train,0.0579014
2023-11-28,IWM,0.0052657775,0.006025043,0.0007592654,train,-0.09126871
2023-11-28,SPY,-0.00070368877,0.004631721,0.0053354097,train,-0.0117169805
2023-11-28,TLT,0.012492637,-0.0065160017,0.019008638,train,-0.0037514442
2023-11-29,EFA,-0.0008282611,0.0043527395,0.0051810006,train,0.050884753
2023-11-29,IWM,0.0037922475,0.0020313174,0.00176093,train,0.006025043
2023-11-29,SPY,0.0039297403,-0.017676089,0.021605829,train,0.004631721
2023-11-29,TLT,-0.011618551,-0.016625013,0.0050064623,train,-0.0065160017
2023-11-30,EFA,0.010439715,0.022678744,0.012239029,train,0.0043527395
2023-11-30,IWM,0.028802916,0.005403451,0.023399465,train,0.0020313174
2023-11-30,SPY,0.005898395,-0.0138239935,0.019722389,train,-0.017676089
2023-11-30,TLT,0.01865884,-0.031303484,0.049962323,train,-0.016625013
2023-12-01,EFA,-0.007819466,-0.0199923,0.012172833,train,0.022678744
2023-12-01,IWM,0.010650987,-0.027794955,0.038445942,train,0.005403451
2023-12-01,SPY,-0.005263191,-0.016402278,0.011139087,train,-0.0138239935
2023-12-01,TLT,-0.003986773,0.0031196144,0.0071063875,train,-0.031303484
2023-12-04,EFA,-0.003587422,-0.008037385,0.0044499626,train,-0.0199923
2023-12-04,IWM,-0.013467106,-0.005587028,0.007880079,train,-0.027794955
2023-12-04,SPY,-0.00019699668,-0.013594799,0.013397802,train,-0.016402278
2023-12-04,TLT,0.021258077,-0.009178512,0.030436588,train,0.0031196144
2023-12-05,EFA,0.0030363128,-0.013079409,0.016115721,train,-0.008037385
2023-12-05,IWM,-0.0017913305,0.0138230845,0.015614415,train,-0.005587028
2023-12-05,SPY,-0.004037997,-0.027122732,0.023084735,train,-0.013594799
2023-12-05,TLT,0.013229662,-0.017838739,0.0310684,train,-0.009178512
2023-12-06,EFA,0.0048113717,-0.029578915,0.034390286,train,-0.013079409
2023-12-06,IWM,0.0071999896,0.011482652,0.0042826626,train,0.0138230845
2023-12-06,SPY,0.0076015857,-0.03503464,0.042636227,train,-0.027122732
2023-12-06,TLT,-0.00575302,-0.0053782715,0.00037474837,train,-0.017838739
2023-12-07,EFA,0.003012501,-0.021808011,0.024820512,train,-0.029578915
2023-12-07,IWM,0.007576913,0.008364992,0.0007880791,train,0.011482652
2023-12-07,SPY,0.004289781,-0.011815812,0.016105594,train,-0.03503464
2023-12-07,TLT,-0.008216475,-0.009280061,0.0010635862,train,-0.0053782715
2023-12-08,EFA,0.0024579798,-0.021298975,0.023756955,train,-0.021808011
2023-12-08,IWM,0.0020855602,0.018541949,0.016456388,train,0.008364992
2023-12-08,SPY,0.0038820985,0.0001052157,0.0037768828,train,-0.011815812
2023-12-08,TLT,-0.0021181114,6.673718e-05,0.0021848485,train,-0.009280061
2023-12-11,EFA,0.0017713641,-0.033980407,0.03575177,train,-0.021298975
2023-12-11,IWM,-0.0010156321,0.054338127,0.05535376,train,0.018541949
2023-12-11,SPY,0.004556731,-0.02265409,0.02721082,train,0.0001052157
2023-12-11,TLT,0.0029635523,-0.011707503,0.014671056,train,6.673718e-05
2023-12-12,EFA,0.014462781,-0.033014275,0.047477055,train,-0.033980407
2023-12-12,IWM,0.03329006,0.014101442,0.019188616,train,0.054338127
2023-12-12,SPY,0.013695949,-0.015428346,0.029124293,train,-0.02265409
2023-12-12,TLT,0.023191545,0.0016134991,0.021578046,train,-0.011707503
2023-12-13,EFA,0.0073533934,-0.031459033,0.03881243,train,-0.033014275
2023-12-13,IWM,0.027447976,-0.033057094,0.06050507,train,0.014101442
2023-12-13,SPY,0.0032042782,-0.028556975,0.03176125,train,-0.015428346
2023-12-13,TLT,0.025680192,-0.011864074,0.037544265,train,0.0016134991
2023-12-14,EFA,-0.009771966,-0.023393482,0.013621516,train,-0.031459033
2023-12-14,IWM,-0.008439807,-0.016089454,0.007649647,train,-0.033057094
2023-12-14,SPY,-0.0016479628,0.014842533,0.016490495,train,-0.028556975
2023-12-14,TLT,0.0011099894,0.013638474,0.012528485,train,-0.011864074
2023-12-15,EFA,0.0024185728,-0.017332692,0.019751264,train,-0.023393482
2023-12-15,IWM,0.00035516452,-0.0022483463,0.0026035109,train,-0.016089454
2023-12-15,SPY,0.005609309,0.039380044,0.033770736,train,0.014842533
2023-12-15,TLT,-0.007999784,-0.03333196,0.025332175,train,0.013638474
2023-12-18,EFA,0.008418522,-0.030691512,0.039110035,train,-0.017332692
2023-12-18,IWM,0.019194618,-0.020815495,0.040010113,train,-0.0022483463
2023-12-18,SPY,0.0060625887,-0.032083597,0.038146187,train,0.039380044
2023-12-18,TLT,0.005373923,-0.01679604,0.022169963,train,-0.03333196
2023-12-19,EFA,-0.010143131,-0.009451091,0.0006920397,train,-0.030691512
2023-12-19,IWM,-0.019754732,-0.026179451,0.0064247195,train,-0.020815495
2023-12-19,SPY,-0.0139542185,0.017695528,0.031649746,train,-0.032083597
2023-12-19,TLT,0.006752708,-0.02125464,0.028007347,train,-0.01679604
2023-12-20,EFA,0.016067434,-0.00763832,0.023705754,train,-0.009451091
2023-12-20,IWM,0.016873479,-0.07732379,0.094197266,train,-0.026179451
2023-12-20,SPY,0.009437173,-0.013503719,0.022940893,train,0.017695528
2023-12-20,TLT,-0.006348313,-0.016156878,0.0098085655,train,-0.02125464
2023-12-21,EFA,0.0009369975,-0.003945473,0.0048824707,train,-0.00763832
2023-12-21,IWM,0.009274493,0.12903748,0.119762994,train,-0.07732379
2023-12-21,SPY,0.0020077405,-0.062208693,0.064216435,train,-0.013503719
2023-12-21,TLT,-0.0045588384,0.019494293,0.024053132,train,-0.016156878
2023-12-22,EFA,0.004539537,-0.005870729,0.010410266,train,-0.003945473
2023-12-22,IWM,0.012920049,0.014108848,0.0011887988,train,0.12903748
2023-12-22,SPY,0.0042137057,-0.028916512,0.033130217,train,-0.062208693
2023-12-22,TLT,0.002839007,0.10034942,0.09751041,train,0.019494293
2023-12-26,EFA,0.005314216,-0.0043881196,0.009702336,train,-0.005870729
2023-12-26,IWM,0.0035215765,0.032181744,0.028660167,train,0.014108848
2023-12-26,SPY,0.0018063122,-0.029520627,0.03132694,train,-0.028916512
2023-12-26,TLT,0.017564567,0.034960818,0.01739625,train,0.10034942
2023-12-27,EFA,-0.002653686,-0.0014456767,0.0012080094,train,-0.0043881196
2023-12-27,IWM,-0.0038157292,-0.017813627,0.0139978975,train,0.032181744
2023-12-27,SPY,0.00037774432,0.007990625,0.0076128803,train,-0.029520627
2023-12-27,TLT,-0.0072891666,-0.053584877,0.04629571,train,0.034960818
2023-12-28,EFA,0.0010623413,0.00013976218,0.0009225791,train,-0.0014456767
2023-12-28,IWM,-0.016454833,0.005269891,0.021724723,train,-0.017813627
2023-12-28,SPY,-0.0028992323,-0.009306323,0.0064070905,train,0.007990625
2023-12-28,TLT,-0.009060686,0.07668523,0.085745916,train,-0.053584877
2023-12-29,EFA,-0.011210562,0.0003889692,0.011599531,train,0.00013976218
2023-12-29,IWM,-0.0059466837,0.017089803,0.023036487,train,0.005269891
2023-12-29,SPY,-0.0056121256,-0.008529961,0.0029178355,train,-0.009306323
2023-12-29,TLT,-0.0057814163,-0.012724919,0.006943503,train,0.07668523
2024-01-02,EFA,-0.00754429,0.0038152342,0.011359524,train,0.0003889692
2024-01-02,IWM,-0.027025951,-0.008139875,0.018886076,train,0.017089803
2024-01-02,SPY,-0.008200112,-0.012828181,0.004628069,train,-0.008529961
2024-01-02,TLT,0.004161612,-0.017838243,0.021999855,train,-0.012724919
