date,ticker,y_true,y_pred,abs_error,dataset_part,signal_for_trade
2017-03-30,EFA,-0.0014439141,0.0315555,0.032999415,train,
2017-03-30,IWM,0.0016018169,-0.024439493,0.02604131,train,
2017-03-30,SPY,-0.0023304264,-0.0030162488,0.00068582245,train,
2017-03-30,TLT,0.0029036715,-0.036849864,0.039753534,train,
2017-03-31,EFA,-0.001446002,-0.013285356,0.0118393535,train,0.0315555
2017-03-31,IWM,-0.010603004,-0.0169133,0.0063102962,train,-0.024439493
2017-03-31,SPY,-0.0017405406,-0.01993501,0.018194469,train,-0.0030162488
2017-03-31,TLT,0.010036221,0.009698981,0.00033723935,train,-0.036849864
2017-04-03,EFA,-0.00032161793,-0.0015625427,0.0012409248,train,-0.013285356
2017-04-03,IWM,-0.0011771027,0.018124348,0.01930145,train,-0.0169133
2017-04-03,SPY,0.000637231,-0.017774029,0.01841126,train,-0.01993501
2017-04-03,TLT,-0.0054391692,-0.039519023,0.034079853,train,0.009698981
2017-04-04,EFA,-0.0053212,-0.0062296554,0.00090845535,train,-0.0015625427
2017-04-04,IWM,-0.0113987755,-0.004656955,0.0067418204,train,0.018124348
2017-04-04,SPY,-0.0029771002,0.010711576,0.013688676,train,-0.017774029
2017-04-04,TLT,0.0030533778,-0.0048127114,0.007866089,train,-0.039519023
2017-04-05,EFA,0.00016151853,-0.045364838,0.045526356,train,-0.0062296554
2017-04-05,IWM,0.009262416,0.016295822,0.0070334068,train,-0.004656955
2017-04-05,SPY,0.0028071718,-0.0037832162,0.006590388,train,0.010711576
2017-04-05,TLT,-0.0014841711,-0.035748634,0.034264464,train,-0.0048127114
2017-04-06,EFA,-0.0006466343,-0.019642172,0.018995538,train,-0.045364838
2017-04-06,IWM,-0.00044299915,0.029955657,0.030398656,train,0.016295822
2017-04-06,SPY,-0.0010198782,-0.0054575964,0.004437718,train,-0.0037832162
2017-04-06,TLT,-0.0040512234,-0.03775246,0.033701237,train,-0.035748634
2017-04-07,EFA,-0.001133203,-0.0110696815,0.009936478,train,-0.019642172
2017-04-07,IWM,0.0022115917,0.083220445,0.08100885,train,0.029955657
2017-04-07,SPY,0.00059500564,-0.019404484,0.01999949,train,-0.0054575964
2017-04-07,TLT,0.004628206,-0.038743988,0.043372195,train,-0.03775246
2017-04-10,EFA,0.0046854536,0.0006699734,0.00401548,train,-0.0110696815
2017-04-10,IWM,0.007920154,0.043532938,0.035612784,train,0.083220445
2017-04-10,SPY,-0.0011903655,-0.031231506,0.03004114,train,-0.019404484
2017-04-10,TLT,0.009438391,-0.023524726,0.032963116,train,-0.038743988
2017-04-11,EFA,-0.0008062333,-0.008899213,0.00809298,train,0.0006699734
2017-04-11,IWM,-0.013679727,-0.006128358,0.007551369,train,0.043532938
2017-04-11,SPY,-0.0043916088,-0.036464926,0.03207332,train,-0.031231506
2017-04-11,TLT,0.005458207,0.016536623,0.011078416,train,-0.023524726
2017-04-12,EFA,-0.0064734556,-0.032005206,0.02553175,train,-0.008899213
2017-04-12,IWM,-0.009822981,-0.064386524,0.054563545,train,-0.006128358
2017-04-12,SPY,-0.0065160412,-0.036137346,0.029621305,train,-0.036464926
2017-04-12,TLT,0.003082332,-0.012810271,0.015892603,train,0.016536623
2017-04-13,EFA,0.0061507476,0.04056753,0.03441678,train,-0.032005206
2017-04-13,IWM,0.011672713,-0.038274433,0.049947146,train,-0.064386524
2017-04-13,SPY,0.008820833,-0.024315633,0.033136465,train,-0.036137346
2017-04-13,TLT,-0.003082332,-0.010072714,0.0069903815,train,-0.012810271
2017-04-17,EFA,-0.0045284713,0.0065685553,0.011097027,train,0.04056753
2017-04-17,IWM,0.00022161698,-0.005219525,0.0054411422,train,-0.038274433
2017-04-17,SPY,-0.002988517,-0.004028032,0.001039515,train,-0.024315633
2017-04-17,TLT,0.012994784,-0.009724939,0.022719722,train,-0.010072714
2017-04-18,EFA,-0.0040608803,0.012317373,0.016378254,train,0.0065685553
2017-04-18,IWM,0.0034671728,0.022348573,0.018881401,train,-0.005219525
2017-04-18,SPY,-0.0018403907,-0.002770618,0.00093022734,train,-0.004028032
2017-04-18,TLT,-0.005467894,0.01928266,0.024750553,train,-0.009724939
2017-04-19,EFA,0.007943624,0.017408391,0.009464768,train,0.012317373
2017-04-19,IWM,0.012659575,-0.003648587,0.016308162,train,0.022348573
2017-04-19,SPY,0.00810609,0.0035307142,0.004575376,train,-0.002770618
2017-04-19,TLT,-0.0038780214,-0.011550529,0.0076725073,train,0.01928266
2017-04-20,EFA,0.00064572785,0.0038300161,0.0031842883,train,0.017408391
2017-04-20,IWM,-0.0022564458,-0.017764485,0.015508039,train,-0.003648587
2017-04-20,SPY,-0.0031919747,-0.003291272,9.929738e-05,train,0.0035307142
2017-04-20,TLT,0.0,-0.03103344,0.03103344,train,-0.011550529
2017-04-21,EFA,0.025019335,0.02816444,0.0031451061,train,0.0038300161
2017-04-21,IWM,0.012385301,-0.0016985773,0.014083879,train,-0.017764485
2017-04-21,SPY,0.01093792,0.0040391306,0.006898789,train,-0.003291272
2017-04-21,TLT,-0.0049494733,-0.016728265,0.011778792,train,-0.03103344
2017-04-24,EFA,0.007057145,0.011304406,0.0042472617,train,0.02816444
2017-04-24,IWM,0.009671187,-0.013781993,0.02345318,train,-0.0016985773
2017-04-24,SPY,0.00580162,-0.023267202,0.029068822,train,0.0040391306
2017-04-24,TLT,-0.012112677,-0.0008492233,0.011263453,train,-0.016728265
2017-04-25,EFA,-0.0028168687,0.027389111,0.03020598,train,0.011304406
2017-04-25,IWM,0.0051200883,-0.039894875,0.045014963,train,-0.013781993
2017-04-25,SPY,-0.0006288069,0.030419705,0.031048512,train,-0.023267202
2017-04-25,TLT,0.0055016805,0.0027747792,0.0027269013,train,-0.0008492233
2017-04-26,EFA,0.00093991624,-0.012724558,0.013664474,train,0.027389111
2017-04-26,IWM,-0.0002842198,-0.021709697,0.021425478,train,-0.039894875
2017-04-26,SPY,0.0008384439,-0.0020975596,0.0029360035,train,0.030419705
2017-04-26,TLT,-0.00032773454,-0.014217936,0.013890202,train,0.0027747792
2017-04-27,EFA,-0.0010966549,-0.014365749,0.013269095,train,-0.012724558
2017-04-27,IWM,-0.013499588,-0.071106836,0.05760725,train,-0.021709697
2017-04-27,SPY,-0.0021817866,0.015489528,0.017671315,train,-0.0020975596
2017-04-27,TLT,0.0022095677,-0.007473179,0.009682747,train,-0.014217936
2017-04-28,EFA,0.0040669297,0.012299655,0.008232726,train,-0.014365749
2017-04-28,IWM,0.0057364204,0.019636769,0.013900349,train,-0.071106836
2017-04-28,SPY,0.0025169675,0.0122571625,0.009740195,train,0.015489528
2017-04-28,TLT,-0.00834791,-0.008236208,0.0001117019,train,-0.007473179
2017-05-01,EFA,0.0051382505,-0.017461203,0.022599453,train,0.012299655
2017-05-01,IWM,-0.005089486,-0.0244542,0.019364715,train,0.019636769
2017-05-01,SPY,0.00037681556,-0.004500305,0.0048771203,train,0.0122571625
2017-05-01,TLT,0.0051069898,0.0050279642,7.9025514e-05,train,-0.008236208
2017-05-02,EFA,-0.0020210536,-0.0061288937,0.0041078404,train,-0.017461203
2017-05-02,IWM,-0.0061993473,0.0068732635,0.013072611,train,-0.0244542
2017-05-02,SPY,-0.0012149784,-0.003203045,0.0019880668,train,-0.004500305
2017-05-02,TLT,0.0006573186,0.014803042,0.014145723,train,0.0050279642
2017-05-03,EFA,0.009447965,-0.009685829,0.019133795,train,-0.0061288937
2017-05-03,IWM,-0.0013749629,-0.0021957248,0.0008207619,train,0.0068732635
2017-05-03,SPY,0.0011735254,-0.009401556,0.010575081,train,-0.003203045
2017-05-03,TLT,-0.004939408,0.0053576627,0.010297071,train,0.014803042
2017-05-04,EFA,0.011037919,0.026042376,0.015004457,train,-0.009685829
2017-05-04,IWM,0.006423861,-0.0016572517,0.008081112,train,-0.0021957248
2017-05-04,SPY,0.0039292895,-0.016057348,0.019986637,train,-0.009401556
2017-05-04,TLT,0.0009078192,-0.01070296,0.011610779,train,0.0053576627
2017-05-05,EFA,-0.00749877,0.038710676,0.046209447,train,0.026042376
2017-05-05,IWM,-0.004181386,-0.0125501435,0.008368758,train,-0.0016572517
2017-05-05,SPY,-0.00016708285,-0.02592678,0.025759697,train,-0.016057348
2017-05-05,TLT,-0.005456328,0.005540636,0.010996964,train,-0.01070296
2017-05-08,EFA,-0.00246065,0.0153137,0.01777435,train,0.038710676
2017-05-08,IWM,-0.00043387772,-0.013934821,0.013500943,train,-0.0125501435
2017-05-08,SPY,-0.00091842894,-0.013846384,0.012927955,train,-0.02592678
2017-05-08,TLT,-8.316677e-05,0.02386718,0.023950348,train,0.005540636
2017-05-09,EFA,0.0015388075,-0.008511191,0.010049999,train,0.0153137
2017-05-09,IWM,0.0061969743,-0.0007271008,0.006924075,train,-0.013934821
2017-05-09,SPY,0.0017942418,-0.013825953,0.015620194,train,-0.013846384
2017-05-09,TLT,-0.0011612584,-0.048212986,0.047051728,train,0.02386718
2017-05-10,EFA,-0.0024633068,0.018773338,0.021236645,train,-0.008511191
2017-05-10,IWM,-0.006992248,-0.010746481,0.003754233,train,-0.0007271008
2017-05-10,SPY,-0.0020445623,-0.015665093,0.013620531,train,-0.013825953
2017-05-10,TLT,0.0,-0.04324059,0.04324059,train,-0.048212986
2017-05-11,EFA,0.0055334535,0.009054627,0.0035211737,train,0.018773338
2017-05-11,IWM,-0.0052947705,0.041060843,0.046355613,train,-0.010746481
2017-05-11,SPY,-0.0016726342,0.002702149,0.0043747835,train,-0.015665093
2017-05-11,TLT,0.0075247083,-0.026273025,0.033797733,train,-0.04324059
2017-05-12,EFA,0.0050453967,0.025829548,0.02078415,train,0.009054627
2017-05-12,IWM,0.007750949,0.010111295,0.0023603458,train,0.041060843
2017-05-12,SPY,0.0055082245,-0.011318907,0.016827133,train,0.002702149
2017-05-12,TLT,-0.0027219139,-0.0389942,0.036272287,train,-0.026273025
2017-05-15,EFA,0.006385166,0.023428345,0.017043179,train,0.025829548
2017-05-15,IWM,0.00036087536,-0.009379829,0.009740705,train,0.010111295
2017-05-15,SPY,-0.0009158356,-0.014053863,0.013138027,train,-0.011318907
2017-05-15,TLT,0.0037100052,0.0037631604,5.3155236e-05,train,-0.0389942
2017-05-16,EFA,-0.0114305625,0.02148881,0.032919373,train,0.023428345
2017-05-16,IWM,-0.02734893,-0.021250406,0.0060985237,train,-0.009379829
2017-05-16,SPY,-0.01790345,0.014825355,0.032728806,train,-0.014053863
2017-05-16,TLT,0.014461377,-0.024119047,0.038580425,train,0.0037631604
2017-05-17,EFA,0.0016847053,-0.007127197,0.008811902,train,0.02148881
2017-05-17,IWM,0.0036260693,-0.021428851,0.02505492,train,-0.021250406
2017-05-17,SPY,0.004020354,0.008942211,0.0049218573,train,0.014825355
2017-05-17,TLT,0.0011348985,-0.026159452,0.02729435,train,-0.024119047
2017-05-18,EFA,0.011562565,0.04147199,0.029909426,train,-0.007127197
2017-05-18,IWM,0.004789883,-0.018246615,0.023036499,train,-0.021428851
2017-05-18,SPY,0.00648313,-0.010322062,0.016805192,train,0.008942211
2017-05-18,TLT,0.002347273,-0.0017670351,0.0041143084,train,-0.026159452
2017-05-19,EFA,0.001209383,0.03613212,0.034922738,train,0.04147199
2017-05-19,IWM,0.006740026,-0.0023245155,0.009064542,train,-0.018246615
2017-05-19,SPY,0.0050649047,0.0004951595,0.004569745,train,-0.010322062
2017-05-19,TLT,-0.002752034,0.0018964228,0.004648457,train,-0.0017670351
2017-05-22,EFA,0.0001511549,0.029179698,0.029028542,train,0.03613212
2017-05-22,IWM,0.003280807,-0.003308413,0.00658922,train,-0.0023245155
2017-05-22,SPY,0.0022100615,-0.00906665,0.011276711,train,0.0004951595
2017-05-22,TLT,-0.0067509688,-0.02744493,0.020693962,train,0.0018964228
2017-05-23,EFA,0.00060393923,0.040664848,0.040060908,train,0.029179698
2017-05-23,IWM,0.0006548097,-0.043163627,0.043818437,train,-0.003308413
2017-05-23,SPY,0.0023301328,-0.008891779,0.011221912,train,-0.00906665
2017-05-23,TLT,0.0056157685,0.005687881,7.211231e-05,train,-0.02744493
2017-05-24,EFA,0.0,0.049882725,0.049882725,train,0.040664848
2017-05-24,IWM,0.0006547531,-0.0071385154,0.0077932687,train,-0.043163627
2017-05-24,SPY,0.0047682454,0.004404533,0.0003637122,train,-0.008891779
2017-05-24,TLT,0.00032423713,0.0023803809,0.0020561437,train,0.005687881
2017-05-25,EFA,-0.0028723052,0.045340262,0.04821257,train,0.049882725
2017-05-25,IWM,-0.0002912654,-0.015788853,0.015497588,train,-0.0071385154
2017-05-25,SPY,-0.000206824,-0.00070515793,0.00049833395,train,0.004404533
2017-05-25,TLT,0.0017022,0.011328429,0.009626229,train,0.0023803809
2017-05-26,EFA,-0.0010605914,-0.0027065133,0.0016459218,train,0.045340262
2017-05-26,IWM,-0.007883031,-0.013386224,0.0055031935,train,-0.015788853
2017-05-26,SPY,-0.0008691427,0.014446513,0.015315656,train,-0.00070515793
2017-05-26,TLT,0.0049276864,0.004002568,0.00092511857,train,0.011328429
2017-05-30,EFA,0.0012116134,0.020791428,0.019579815,train,-0.0027065133
2017-05-30,IWM,-0.0010261729,-0.0017568017,0.00073062885,train,-0.013386224
2017-05-30,SPY,-0.00024854837,0.010116409,0.010364957,train,0.014446513
2017-05-30,TLT,0.002495129,-0.026170215,0.028665343,train,0.004002568
2017-05-31,EFA,0.00648845,-0.028270071,0.034758523,train,0.020791428
2017-05-31,IWM,0.019108409,-0.033179294,0.052287705,train,-0.0017568017
2017-05-31,SPY,0.007920686,0.014914649,0.0069939625,train,0.010116409
2017-05-31,TLT,0.00010454051,0.0070313835,0.006926843,train,-0.026170215
2017-06-01,EFA,0.010919288,0.008110795,0.0028084926,train,-0.028270071
2017-06-01,IWM,0.0064565926,-0.015541609,0.021998202,train,-0.033179294
2017-06-01,SPY,0.0033228085,-0.015149264,0.018472072,train,0.014914649
2017-06-01,TLT,0.011771273,-0.0059557795,0.017727053,train,0.0070313835
2017-06-02,EFA,-0.0055194623,0.0058412724,0.011360735,train,0.008110795
2017-06-02,IWM,-0.0062408126,-0.006826255,0.0005854424,train,-0.015541609
2017-06-02,SPY,-0.00073724054,-0.0010311506,0.00029391004,train,-0.015149264
2017-06-02,TLT,-0.0062288283,-0.025047334,0.018818505,train,-0.0059557795
2017-06-05,EFA,-0.0028463574,-0.014143715,0.011297357,train,0.0058412724
2017-06-05,IWM,-0.00093538413,-0.02697686,0.026041474,train,-0.006826255
2017-06-05,SPY,-0.0032021592,0.025244879,0.028447038,train,-0.0010311506
2017-06-05,TLT,0.0054319883,0.0015195315,0.003912457,train,-0.025047334
2017-06-06,EFA,0.00030000624,0.0068400535,0.006540047,train,-0.014143715
2017-06-06,IWM,0.00093538413,0.026109075,0.02517369,train,-0.02697686
2017-06-06,SPY,0.00184885,0.01812935,0.0162805,train,0.025244879
2017-06-06,TLT,-0.004791306,0.016553754,0.02134506,train,0.0015195315
2017-06-07,EFA,-0.001801389,0.0021087849,0.0039101737,train,0.0068400535
2017-06-07,IWM,0.01357905,0.0070139416,0.0065651084,train,0.026109075
2017-06-07,SPY,0.00049207563,-0.034061126,0.034553204,train,0.01812935
2017-06-07,TLT,-0.0026449973,0.008025482,0.010670479,train,0.016553754
2017-06-08,EFA,-0.0037632734,0.009734701,0.013497975,train,0.0021087849
2017-06-08,IWM,0.0051680785,-0.013443569,0.018611647,train,0.0070139416
2017-06-08,SPY,-0.0015189127,-0.001668842,0.00014992931,train,-0.034061126
2017-06-08,TLT,-0.0015262488,0.024096671,0.025622921,train,0.008025482
2017-06-09,EFA,-0.0037772623,-0.017549971,0.013772709,train,0.009734701
2017-06-09,IWM,-0.0016258202,-0.013679853,0.012054033,train,-0.013443569
2017-06-09,SPY,-0.0002054219,-0.0091519,0.008946478,train,-0.001668842
2017-06-09,TLT,-0.00032186374,0.0029533026,0.0032751663,train,0.024096671
2017-06-12,EFA,0.0076907002,-0.009320881,0.017011581,train,-0.017549971
2017-06-12,IWM,0.005080294,-0.046255253,0.051335547,train,-0.013679853
2017-06-12,SPY,0.0048779007,-0.02611706,0.030994961,train,-0.0091519
2017-06-12,TLT,0.00016114036,0.015254497,0.015093356,train,0.0029533026
2017-06-13,EFA,-0.00075142464,0.01494729,0.015698714,train,-0.009320881
2017-06-13,IWM,-0.005929152,-0.06406555,0.0581364,train,-0.046255253
2017-06-13,SPY,-0.0012685106,-0.010759648,0.009491137,train,-0.02611706
2017-06-13,TLT,0.015318619,0.0087801535,0.0065384656,train,0.015254497
2017-06-14,EFA,-0.010426828,0.022467246,0.032894075,train,0.01494729
2017-06-14,IWM,-0.0051100366,-0.015328505,0.0102184685,train,-0.06406555
2017-06-14,SPY,-0.0019259448,-0.0032514534,0.0013255086,train,-0.010759648
2017-06-14,TLT,-0.001584645,0.0812074,0.08279204,train,0.0087801535
2017-06-15,EFA,0.008470853,0.05106195,0.0425911,train,0.022467246
2017-06-15,IWM,-0.0024934213,0.018533198,0.021026619,train,-0.015328505
2017-06-15,SPY,0.0002183916,0.016176457,0.015958065,train,-0.0032514534
2017-06-15,TLT,0.0019806453,0.0045691025,0.0025884572,train,0.0812074
2017-06-16,EFA,0.0040586176,0.0027144556,0.001344162,train,0.05106195
2017-06-16,IWM,0.0073909797,0.005699123,0.0016918569,train,0.018533198
2017-06-16,SPY,0.008290575,0.0033957628,0.004894812,train,0.016176457
2017-06-16,TLT,-0.0014261656,0.02164332,0.023069486,train,0.0045691025
2017-06-19,EFA,-0.008081774,0.01504226,0.023124035,train,0.0027144556
2017-06-19,IWM,-0.010176886,0.006906847,0.017083732,train,0.005699123
2017-06-19,SPY,-0.0067668324,-0.009928187,0.003161355,train,0.0033957628
2017-06-19,TLT,0.008916553,0.022849822,0.013933269,train,0.02164332
2017-06-20,EFA,-0.0012300963,0.020120347,0.021350443,train,0.01504226
2017-06-20,IWM,-0.0025065753,-0.0009978847,0.0015086906,train,0.006906847
2017-06-20,SPY,-0.0002468113,-0.011946976,0.0117001645,train,-0.009928187
2017-06-20,TLT,0.0020398654,0.0067471773,0.004707312,train,0.022849822
2017-06-21,EFA,-0.00015370788,0.034284793,0.034438502,train,0.020120347
2017-06-21,IWM,0.003793427,0.01966196,0.015868532,train,-0.0009978847
2017-06-21,SPY,-0.0004529573,0.023633005,0.024085963,train,-0.011946976
2017-06-21,TLT,0.0021932526,0.0019504749,0.00024277763,train,0.0067471773
2017-06-22,EFA,0.0024591342,0.019372648,0.016913513,train,0.034284793
2017-06-22,IWM,0.0066218157,0.014533197,0.00791138,train,0.01966196
2017-06-22,SPY,0.0011933522,0.019799884,0.018606532,train,0.023633005
2017-06-22,TLT,-0.00046980087,0.011089684,0.011559485,train,0.0019504749
2017-06-23,EFA,0.0016872241,0.016363872,0.014676648,train,0.019372648
2017-06-23,IWM,0.0012056335,-0.0022892696,0.003494903,train,0.014533197
2017-06-23,SPY,0.0006580916,0.025949277,0.025291186,train,0.019799884
2017-06-23,TLT,0.0037501177,0.0024932162,0.0012569015,train,0.011089684
2017-06-26,EFA,-0.00015332118,0.0074008326,0.007554154,train,0.016363872
2017-06-26,IWM,-0.008828049,0.0004574039,0.009285453,train,-0.0022892696
2017-06-26,SPY,-0.008088997,0.015226103,0.0233151,train,0.025949277
2017-06-26,TLT,-0.010738868,-0.003287708,0.0074511603,train,0.0024932162
2017-06-27,EFA,0.00869902,-0.0023917402,0.011090761,train,0.0074008326
2017-06-27,IWM,0.0151867485,0.029908095,0.014721346,train,0.0004574039
2017-06-27,SPY,0.008910698,0.005436338,0.0034743599,train,0.015226103
2017-06-27,TLT,-0.0033160232,-0.0062047425,0.0028887193,train,-0.003287708
2017-06-28,EFA,-0.009925834,0.003338602,0.013264436,train,-0.0023917402
2017-06-28,IWM,-0.0059330342,0.015326364,0.021259397,train,0.029908095
2017-06-28,SPY,-0.008827699,0.010582575,0.019410275,train,0.005436338
2017-06-28,TLT,-0.008416718,0.0075405394,0.015957257,train,-0.0062047425
2017-06-29,EFA,0.0006135949,-0.0054208837,0.0060344785,train,0.003338602
2017-06-29,IWM,-0.0015604276,0.021425039,0.022985466,train,0.015326364
2017-06-29,SPY,0.0018627187,0.022905314,0.021042597,train,0.010582575
2017-06-29,TLT,-0.0023147934,0.0044615106,0.006776304,train,0.0075405394
2017-06-30,EFA,-0.001227642,-0.014913464,0.0136858225,train,-0.0054208837
2017-06-30,IWM,0.008338978,-0.0025952137,0.010934191,train,0.021425039
2017-06-30,SPY,0.001694157,0.0021415972,0.0004474402,train,0.022905314
2017-06-30,TLT,-0.003225245,-0.025131674,0.02190643,train,0.0044615106
2017-07-03,EFA,0.0,0.042013187,0.042013187,train,-0.014913464
2017-07-03,IWM,-0.00359559,0.0038432986,0.007438889,train,-0.0025952137
2017-07-03,SPY,0.0023093324,0.015393625,0.013084292,train,0.0021415972
2017-07-03,TLT,0.00024139864,-0.036909416,0.037150815,train,-0.025131674
2017-07-05,EFA,-0.0044632857,-0.028268242,0.023804957,train,0.042013187
2017-07-05,IWM,-0.0131444335,0.03068099,0.043825425,train,0.0038432986
2017-07-05,SPY,-0.00918659,-0.0017105516,0.0074760383,train,0.015393625
2017-07-05,TLT,-0.008308284,-0.012368416,0.0040601324,train,-0.036909416
2017-07-06,EFA,0.00015421498,0.022815794,0.022661578,train,-0.028268242
2017-07-06,IWM,0.009655796,0.0006618653,0.008993931,train,0.03068099
2017-07-06,SPY,0.006464176,-0.0072471607,0.013711337,train,-0.0017105516
2017-07-06,TLT,-0.006011868,-0.027264101,0.021252234,train,-0.012368416
2017-07-07,EFA,0.0024644374,-0.0029960647,0.005460502,train,0.022815794
2017-07-07,IWM,-0.0043517253,-0.0019001956,0.0024515297,train,0.0006618653
2017-07-07,SPY,0.0010732397,0.0017235084,0.00065026863,train,-0.0072471607
2017-07-07,TLT,0.0014658939,0.012917014,0.01145112,train,-0.027264101
2017-07-10,EFA,0.0023053735,0.014837077,0.012531703,train,-0.0029960647
2017-07-10,IWM,0.002926598,-0.007331777,0.010258375,train,-0.0019001956
2017-07-10,SPY,-0.0007428617,0.020576902,0.021319764,train,0.0017235084
2017-07-10,TLT,0.001706749,0.018758213,0.017051464,train,0.012917014
2017-07-11,EFA,0.007949478,0.009838079,0.0018886011,train,0.014837077
2017-07-11,IWM,0.0076687043,-0.018285269,0.025953973,train,-0.007331777
2017-07-11,SPY,0.007486996,-0.0065209307,0.014007926,train,0.020576902
2017-07-11,TLT,0.006880802,0.053772658,0.046891857,train,0.018758213
2017-07-12,EFA,0.002889324,-0.0045596263,0.0074489503,train,0.009838079
2017-07-12,IWM,0.00084899284,-0.0021005874,0.00294958,train,-0.018285269
2017-07-12,SPY,0.0016786113,0.0051371716,0.0034585604,train,-0.0065209307
2017-07-12,TLT,-0.006312217,-0.001206785,0.005105432,train,0.053772658
2017-07-13,EFA,0.0069601014,0.006189372,0.0007707295,train,-0.0045596263
2017-07-13,IWM,0.001694748,0.0108818095,0.009187061,train,-0.0021005874
2017-07-13,SPY,0.004653231,0.014415023,0.009761792,train,0.0051371716
2017-07-13,TLT,0.0012171286,0.016685203,0.015468074,train,-0.001206785
2017-07-14,EFA,-0.0019621246,0.0037776013,0.005739726,train,0.006189372
2017-07-14,IWM,0.0023252252,0.003080862,0.00075563695,train,0.0108818095
2017-07-14,SPY,-0.00012218767,-0.022120455,0.021998268,train,0.014415023
2017-07-14,TLT,0.0027529183,0.01754945,0.014796531,train,0.016685203
2017-07-17,EFA,0.0009061599,0.0010705092,0.00016434927,train,0.0037776013
2017-07-17,IWM,-0.0026072839,-0.00355838,0.0009510962,train,0.003080862
2017-07-17,SPY,0.000529538,0.015318748,0.01478921,train,-0.022120455
2017-07-17,TLT,0.008695112,-0.009798144,0.018493256,train,0.01754945
2017-07-18,EFA,0.004367755,0.0014040205,0.0029637343,train,0.0010705092
2017-07-18,IWM,0.009901522,0.0067232023,0.0031783194,train,-0.00355838
2017-07-18,SPY,0.0053993026,-0.019839132,0.025238436,train,0.015318748
2017-07-18,TLT,0.00040063748,-0.008279122,0.00867976,train,-0.009798144
2017-07-19,EFA,0.004049493,-0.00044585165,0.0044953446,train,0.0014040205
2017-07-19,IWM,0.000698677,-0.010293626,0.0109923035,train,0.0067232023
2017-07-19,SPY,0.00044527758,-0.016812626,0.017257905,train,-0.019839132
2017-07-19,TLT,0.0028805751,0.017786637,0.014906062,train,-0.008279122
2017-07-20,EFA,-0.0038990933,-0.014875028,0.010975935,train,-0.00044585165
2017-07-20,IWM,-0.0045492565,-0.006714755,0.0021654987,train,-0.010293626
2017-07-20,SPY,-0.00089089497,-0.01736516,0.016474264,train,-0.016812626
2017-07-20,TLT,0.004225576,0.033907868,0.029682292,train,0.017786637
2017-07-21,EFA,-0.0027084423,-0.028718038,0.026009595,train,-0.014875028
2017-07-21,IWM,0.0014023704,0.009726599,0.008324228,train,-0.006714755
2017-07-21,SPY,-0.00024294194,-0.018957594,0.018714653,train,-0.01736516
2017-07-21,TLT,-0.0039063506,-0.008216532,0.0043101814,train,0.033907868
2017-07-24,EFA,0.0013550642,-0.008065581,0.009420645,train,-0.028718038
2017-07-24,IWM,0.009065483,-0.010692639,0.019758122,train,0.009726599
2017-07-24,SPY,0.0024279675,-0.0011630575,0.003591025,train,-0.018957594
2017-07-24,TLT,-0.013104546,0.0007319976,0.013836543,train,-0.008216532
2017-07-25,EFA,0.006150079,-0.0044183577,0.010568436,train,-0.008065581
2017-07-25,IWM,-0.0055695004,0.01833654,0.023906041,train,-0.010692639
2017-07-25,SPY,4.0231535e-05,-0.019005189,0.01904542,train,-0.0011630575
2017-07-25,TLT,0.0016174187,-0.027249867,0.028867286,train,0.0007319976
2017-07-26,EFA,-0.0022457892,-0.021577464,0.019331675,train,-0.0044183577
2017-07-26,IWM,-0.0063726096,0.0064244424,0.012797052,train,0.01833654
2017-07-26,SPY,-0.0009299032,-0.010959925,0.010030022,train,-0.019005189
2017-07-26,TLT,-0.004940843,-0.0054499297,0.00050908653,train,-0.027249867
2017-07-27,EFA,0.0010486773,-0.021079907,0.022128584,train,-0.021577464
2017-07-27,IWM,-0.0026729691,-0.03940199,0.03672902,train,0.0064244424
2017-07-27,SPY,-0.0011737635,-0.0021743788,0.0010006153,train,-0.010959925
2017-07-27,TLT,0.005909586,0.0034854873,0.0024240986,train,-0.0054499297
2017-07-28,EFA,0.002094208,-0.001867847,0.003962055,train,-0.021079907
2017-07-28,IWM,-0.0031752563,0.008067366,0.0112426225,train,-0.03940199
2017-07-28,SPY,-0.00056726485,0.0030944408,0.0036617056,train,-0.0021743788
2017-07-28,TLT,0.0012106275,-0.0012229229,0.0024335505,train,0.0034854873
2017-07-31,EFA,0.0055127866,-0.020911539,0.026424326,train,-0.001867847
2017-07-31,IWM,0.0019061358,0.018380797,0.01647466,train,0.008067366
2017-07-31,SPY,0.002226389,0.00722676,0.005000371,train,0.0030944408
2017-07-31,TLT,0.0069961944,-0.014501867,0.021498062,train,-0.0012229229
2017-08-01,EFA,0.0004456733,-0.022759387,0.02320506,train,-0.020911539
2017-08-01,IWM,-0.010992716,-0.03706408,0.026071362,train,0.018380797
2017-08-01,SPY,0.0004849841,0.0067730215,0.0062880376,train,0.00722676
2017-08-01,TLT,0.00056116626,-8.254836e-06,0.0005694211,train,-0.014501867
2017-08-02,EFA,0.0005939709,-0.0068450444,0.0074390154,train,-0.022759387
2017-08-02,IWM,-0.0050041084,0.009812875,0.014816983,train,-0.03706408
2017-08-02,SPY,-0.001941915,0.009122517,0.011064432,train,0.0067730215
2017-08-02,TLT,0.01029127,0.01441929,0.0041280203,train,-8.254836e-06
2017-08-03,EFA,0.001334964,-0.0047182865,0.0060532503,train,-0.0068450444
2017-08-03,IWM,0.0048616105,0.026829408,0.021967798,train,0.009812875
2017-08-03,SPY,0.0018206558,0.008662168,0.0068415124,train,0.009122517
2017-08-03,TLT,-0.008528699,0.0070401714,0.015568871,train,0.01441929
2017-08-04,EFA,0.00044468924,-0.008383628,0.008828317,train,-0.0047182865
2017-08-04,IWM,0.0016392836,-0.010230092,0.011869376,train,0.026829408
2017-08-04,SPY,0.001857648,-0.020119606,0.021977253,train,0.008662168
2017-08-04,TLT,0.0011201121,-0.028957,0.030077113,train,0.0070401714
2017-08-07,EFA,-0.0053486354,0.0051463754,0.010495011,train,-0.008383628
2017-08-07,IWM,-0.003138163,0.02682251,0.029960671,train,-0.010230092
2017-08-07,SPY,-0.0024640944,0.020586677,0.023050772,train,-0.020119606
2017-08-07,TLT,-0.0036042847,0.0047888183,0.008393103,train,-0.028957
2017-08-08,EFA,-0.0016399343,-0.0039281375,0.0022882032,train,0.0051463754
2017-08-08,IWM,-0.008680264,-0.015395893,0.0067156283,train,0.02682251
2017-08-08,SPY,-4.0188563e-05,-0.025592728,0.02555254,train,0.020586677
2017-08-08,TLT,0.005441656,0.015106278,0.009664621,train,0.0047888183
2017-08-09,EFA,-0.01427619,-0.029757189,0.015480999,train,-0.0039281375
2017-08-09,IWM,-0.018323824,0.01326474,0.03158856,train,-0.015395893
2017-08-09,SPY,-0.014215867,-0.017542731,0.003326864,train,-0.025592728
2017-08-09,TLT,0.008503236,0.0032928572,0.0052103787,train,0.015106278
2017-08-10,EFA,-0.0018179371,-0.009051019,0.0072330823,train,-0.029757189
2017-08-10,IWM,0.0014667022,-0.004955187,0.006421889,train,0.01326474
2017-08-10,SPY,0.0014757562,0.019175215,0.017699458,train,-0.017542731
2017-08-10,TLT,0.00047487326,-0.039574713,0.040049586,train,0.0032928572
2017-08-11,EFA,0.0072519286,0.0068719746,0.000379954,train,-0.009051019
2017-08-11,IWM,0.015053934,-0.004789436,0.01984337,train,-0.004955187
2017-08-11,SPY,0.00986424,0.004998873,0.004865367,train,0.019175215
2017-08-11,TLT,-0.005154637,0.0018185959,0.006973233,train,-0.039574713
2017-08-14,EFA,-0.0007529925,-0.0017883792,0.0010353867,train,0.0068719746
2017-08-14,IWM,-0.008262449,-0.02147466,0.0132122105,train,-0.004789436
2017-08-14,SPY,-0.000121772784,0.007297265,0.0074190376,train,0.004998873
2017-08-14,TLT,-0.0042225732,-0.006759563,0.0025369897,train,0.0018185959
2017-08-15,EFA,0.005708338,0.016953122,0.011244783,train,-0.0017883792
2017-08-15,IWM,0.00029092605,-0.0012811045,0.0015720306,train,-0.02147466
2017-08-15,SPY,0.0017428631,0.022467418,0.020724554,train,0.007297265
2017-08-15,TLT,0.0036660281,0.009769507,0.0061034784,train,-0.006759563
2017-08-16,EFA,-0.011297967,-0.008463375,0.002834592,train,0.016953122
2017-08-16,IWM,-0.018431475,-0.013805583,0.0046258923,train,-0.0012811045
2017-08-16,SPY,-0.01571352,0.019957546,0.035671066,train,0.022467418
2017-08-16,TLT,0.0074497177,-0.0072046746,0.014654392,train,0.009769507
2017-08-17,EFA,0.0027231937,0.030658895,0.027935702,train,-0.008463375
2017-08-17,IWM,-7.407646e-05,0.03979999,0.039874066,train,-0.013805583
2017-08-17,SPY,-0.0015643963,-0.0016596126,9.5216325e-05,train,0.019957546
2017-08-17,TLT,-0.0002369195,0.004574642,0.0048115617,train,-0.0072046746
2017-08-18,EFA,-0.00030216167,0.01798032,0.018282482,train,0.030658895
2017-08-18,IWM,-0.0006669352,0.008025086,0.008692021,train,0.03979999
2017-08-18,SPY,0.0007824681,0.0377762,0.03699373,train,-0.0016596126
2017-08-18,TLT,0.0024451348,0.0031486158,0.000703481,train,0.004574642
2017-08-21,EFA,0.004824403,0.013989935,0.009165531,train,0.01798032
2017-08-21,IWM,0.010770053,-0.015156766,0.02592682,train,0.008025086
2017-08-21,SPY,0.010402762,-0.036096774,0.046499535,train,0.0377762
2017-08-21,TLT,-0.0038680618,-0.009557125,0.005689063,train,0.0031486158
2017-08-22,EFA,0.00015036513,0.015757998,0.015607634,train,0.013989935
2017-08-22,IWM,-0.0016153492,-0.06286318,0.06124783,train,-0.015156766
2017-08-22,SPY,-0.0035920294,-0.00382258,0.00023055053,train,-0.036096774
2017-08-22,TLT,0.006779164,0.014060308,0.007281144,train,-0.009557125
2017-08-23,EFA,-0.0022582244,0.008609183,0.010867408,train,0.015757998
2017-08-23,IWM,0.0030818987,-0.011170976,0.014252875,train,-0.06286318
2017-08-23,SPY,-0.0023333507,-0.02538062,0.02304727,train,-0.00382258
2017-08-23,TLT,-0.0036989783,-0.007640585,0.0039416067,train,0.014060308
2017-08-24,EFA,0.006010538,0.0026704683,0.0033400697,train,0.008609183
2017-08-24,IWM,0.0028532743,0.00023676868,0.0026165056,train,-0.011170976
2017-08-24,SPY,0.0023333507,-0.012494518,0.014827869,train,-0.02538062
2017-08-24,TLT,0.003855656,0.0041635563,0.00030790037,train,-0.007640585
2017-08-25,EFA,0.0,-0.016815053,0.016815053,train,0.0026704683
2017-08-25,IWM,0.0042279796,0.011495953,0.007267974,train,0.00023676868
2017-08-25,SPY,4.098764e-05,-0.0015885914,0.001629579,train,-0.012494518
2017-08-25,TLT,-0.00062860927,-0.013817353,0.013188744,train,0.0041635563
2017-08-28,EFA,-0.0040531405,-0.015672669,0.011619529,train,-0.016815053
2017-08-28,IWM,0.00021878669,0.008860325,0.008641539,train,0.011495953
2017-08-28,SPY,0.0011441908,-0.0151892565,0.016333448,train,-0.0015885914
2017-08-28,TLT,0.0032171218,-0.000105578045,0.0033226998,train,-0.013817353
2017-08-29,EFA,-0.0013545824,-0.00336868,0.0020140975,train,-0.015672669
2017-08-29,IWM,0.0063795606,-0.003675844,0.010055404,train,0.008860325
2017-08-29,SPY,0.0047264327,-0.0030148919,0.0077413246,train,-0.0151892565
2017-08-29,TLT,-0.00031355658,0.014781794,0.01509535,train,-0.000105578045
2017-08-30,EFA,0.00765243,-0.01193664,0.01958907,train,-0.00336868
2017-08-30,IWM,0.009780439,-0.036726613,0.046507053,train,-0.003675844
2017-08-30,SPY,0.0059980336,-0.023735618,0.029733652,train,-0.0030148919
2017-08-30,TLT,0.0029737279,0.012631442,0.0096577145,train,0.014781794
2017-08-31,EFA,0.0013442631,-0.041767173,0.043111436,train,-0.01193664
2017-08-31,IWM,0.0056387046,-0.046536118,0.05217482,train,-0.036726613
2017-08-31,SPY,0.0014129446,-0.031423695,0.03283664,train,-0.023735618
2017-08-31,TLT,-0.0076783877,0.0059315194,0.013609907,train,0.012631442
2017-09-01,EFA,-0.0067399754,0.0027455217,0.009485497,train,-0.041767173
2017-09-01,IWM,-0.009653906,-0.040597573,0.030943666,train,-0.046536118
2017-09-01,SPY,-0.0072079743,-0.010245997,0.0030380231,train,-0.031423695
2017-09-01,TLT,0.015733464,0.00216418,0.013569284,train,0.0059315194
2017-09-05,EFA,0.006142561,-0.036222167,0.042364728,train,0.0027455217
2017-09-05,IWM,0.002081804,0.026107125,0.024025321,train,-0.040597573
2017-09-05,SPY,0.0034082092,-0.00254406,0.005952269,train,-0.010245997
2017-09-05,TLT,-0.0061541945,-0.043651935,0.03749774,train,0.00216418
2017-09-06,EFA,0.008181712,-0.007894585,0.016076297,train,-0.036222167
2017-09-06,IWM,-0.002513348,-0.022770846,0.0202575,train,0.026107125
2017-09-06,SPY,-0.00012166596,-0.004419956,0.00429829,train,-0.00254406
2017-09-06,TLT,0.010184453,-0.014508622,0.024693076,train,-0.043651935
2017-09-07,EFA,0.00014796991,-0.002470532,0.002618502,train,-0.007894585
2017-09-07,IWM,0.00079074706,-0.031399563,0.03219031,train,-0.022770846
2017-09-07,SPY,-0.0011753335,-0.0038224082,0.0026470746,train,-0.004419956
2017-09-07,TLT,-0.0021679187,0.0013888539,0.0035567726,train,-0.014508622
2017-09-08,EFA,0.007820188,-0.00474988,0.012570068,train,-0.002470532
2017-09-08,IWM,0.0104322685,-0.0073932926,0.01782556,train,-0.031399563
2017-09-08,SPY,0.010609821,-0.008731399,0.01934122,train,-0.0038224082
2017-09-08,TLT,-0.012010005,-0.0010453775,0.010964628,train,0.0013888539
2017-09-11,EFA,0.0030815739,-0.0044024414,0.007484015,train,-0.00474988
2017-09-11,IWM,0.0060947337,0.030966533,0.0248718,train,-0.0073932926
2017-09-11,SPY,0.0033645716,-0.033831228,0.037195798,train,-0.008731399
2017-09-11,TLT,-0.005270306,0.03298933,0.038259637,train,-0.0010453775
2017-09-12,EFA,-0.005435772,-0.022168139,0.016732367,train,-0.0044024414
2017-09-12,IWM,0.0029630307,-0.040579546,0.04354258,train,0.030966533
2017-09-12,SPY,0.00047996966,-0.010520039,0.011000009,train,-0.033831228
2017-09-12,TLT,-0.003951479,0.014252629,0.018204108,train,0.03298933
2017-09-13,EFA,0.0017660774,0.0004612081,0.0013048693,train,-0.022168139
2017-09-13,IWM,-0.0009162292,-0.021312943,0.020396713,train,-0.040579546
2017-09-13,SPY,-0.00031976795,-0.009570489,0.009250721,train,-0.010520039
2017-09-13,TLT,0.004108921,-0.013898588,0.01800751,train,0.014252629
2017-09-14,EFA,0.0008819065,0.0024864874,0.0016045809,train,0.0004612081
2017-09-14,IWM,0.004081018,-0.043857247,0.047938265,train,-0.021312943
2017-09-14,SPY,0.0013451283,0.0038884603,0.002543332,train,-0.009570489
2017-09-14,TLT,0.00039437323,0.008662747,0.008268374,train,-0.013898588
2017-09-15,EFA,0.0013217274,0.012508861,0.011187133,train,0.0024864874
2017-09-15,IWM,0.0067881783,0.016425854,0.009637675,train,-0.043857247
2017-09-15,SPY,0.0021246085,-0.041278567,0.043403175,train,0.0038884603
2017-09-15,TLT,-0.0057707108,0.02498629,0.030757,train,0.008662747
2017-09-18,EFA,0.0046845647,0.0037912303,0.0008933344,train,0.012508861
2017-09-18,IWM,0.0,0.00073037524,0.00073037524,train,0.016425854
2017-09-18,SPY,0.0010005868,-0.022511493,0.02351208,train,-0.041278567
2017-09-18,TLT,-0.0024610548,0.0012919684,0.0037530232,train,0.02498629
2017-09-19,EFA,-0.0021933955,-0.0013715341,0.00082186144,train,0.0037912303
2017-09-19,IWM,0.0032027464,-0.009082409,0.012285155,train,0.00073037524
2017-09-19,SPY,0.00036010807,-0.01697374,0.017333848,train,-0.022511493
2017-09-19,TLT,0.0007148663,0.029653022,0.028938156,train,0.0012919684
2017-09-20,EFA,-0.002051125,-0.008548399,0.006497274,train,-0.0013715341
2017-09-20,IWM,-0.0010432369,0.033578437,0.034621675,train,-0.009082409
2017-09-20,SPY,-0.002683038,-0.015373455,0.0126904175,train,-0.01697374
2017-09-20,TLT,-0.00055590324,0.032572515,0.033128418,train,0.029653022
2017-09-21,EFA,0.0030756148,0.0016567777,0.0014188371,train,-0.008548399
2017-09-21,IWM,0.004236582,-0.00020675507,0.004443337,train,0.033578437
2017-09-21,SPY,0.00020051809,0.009818053,0.0096175345,train,-0.015373455
2017-09-21,TLT,0.0028566404,0.03583053,0.03297389,train,0.032572515
2017-09-22,EFA,-0.0057192924,0.01740203,0.023121323,train,0.0016567777
2017-09-22,IWM,0.0013850221,0.030521559,0.029136537,train,-0.00020675507
2017-09-22,SPY,-0.0020468524,0.005430928,0.0074777803,train,0.009818053
2017-09-22,TLT,0.006240242,0.023708152,0.017467909,train,0.03583053
2017-09-25,EFA,-0.0022082112,-0.014125971,0.01191776,train,0.01740203
2017-09-25,IWM,0.0031792503,-0.009504126,0.012683377,train,0.030521559
2017-09-25,SPY,0.0006024751,0.0059519955,0.0053495206,train,0.005430928
2017-09-25,TLT,-0.001812753,-0.031663544,0.029850792,train,0.023708152
2017-09-26,EFA,0.00073668465,-0.021397335,0.02213402,train,-0.014125971
2017-09-26,IWM,0.01938048,-0.018412048,0.037792526,train,-0.009504126
2017-09-26,SPY,0.0038868682,0.003930518,4.3649692e-05,train,0.0059519955
2017-09-26,TLT,-0.015182714,-0.023590239,0.008407525,train,-0.031663544
2017-09-27,EFA,0.0026474213,0.0037776162,0.0011301949,train,-0.021397335
2017-09-27,IWM,0.0026415235,-0.008737648,0.011379171,train,-0.018412048
2017-09-27,SPY,0.0011989173,-0.009985784,0.011184702,train,0.003930518
2017-09-27,TLT,-0.00296741,0.036121406,0.039088815,train,-0.023590239
2017-09-28,EFA,0.0058583207,0.02342652,0.017568199,train,0.0037776162
2017-09-28,IWM,0.0023649943,-0.033111043,0.035476036,train,-0.008737648
2017-09-28,SPY,0.0035090246,0.00021957135,0.0032894532,train,-0.009985784
2017-09-28,TLT,0.0022466271,-0.008287588,0.010534216,train,0.036121406
2017-09-29,EFA,-0.0008765668,-0.0012904196,0.0004138528,train,0.02342652
2017-09-29,IWM,0.0122077055,0.007042906,0.0051647997,train,-0.033111043
2017-09-29,SPY,0.0043296083,-0.032707274,0.03703688,train,0.00021957135
2017-09-29,TLT,-0.0018326854,-0.036012962,0.034180276,train,-0.008287588
2017-10-02,EFA,0.0033558889,0.011970646,0.008614757,train,-0.0012904196
2017-10-02,IWM,0.0021975024,0.04604228,0.043844774,train,0.007042906
2017-10-02,SPY,0.0021373841,-0.026939806,0.029077189,train,-0.032707274
2017-10-02,TLT,0.00096465525,-0.026827035,0.02779169,train,-0.036012962
2017-10-03,EFA,-0.0018954664,0.01730349,0.019198956,train,0.011970646
2017-10-03,IWM,-0.0031982844,0.03795083,0.041149113,train,0.04604228
2017-10-03,SPY,0.0011857392,-0.01398542,0.015171159,train,-0.026939806
2017-10-03,TLT,8.07337e-05,-0.04528588,0.045366615,train,-0.026827035
2017-10-04,EFA,-0.0005838557,0.03212714,0.032710996,train,0.01730349
2017-10-04,IWM,0.0027322674,0.03320927,0.030477004,train,0.03795083
2017-10-04,SPY,0.005907561,-0.0123018455,0.018209407,train,-0.01398542
2017-10-04,TLT,-0.0037849664,-0.010410134,0.006625167,train,-0.04528588
2017-10-05,EFA,-0.0007304429,0.011455022,0.012185465,train,0.03212714
2017-10-05,IWM,-0.0013983396,0.040626556,0.042024896,train,0.03320927
2017-10-05,SPY,-0.0011391954,-0.020810703,0.019671507,train,-0.0123018455
2017-10-05,TLT,-0.0028284444,-0.009152959,0.0063245147,train,-0.010410134
2017-10-06,EFA,0.00029218377,-0.044283077,0.04457526,train,0.011455022
2017-10-06,IWM,-0.0041403463,0.0419574,0.046097748,train,0.040626556
2017-10-06,SPY,-0.0016526193,0.0102023315,0.01185495,train,-0.020810703
2017-10-06,TLT,0.003150826,-0.025535699,0.028686525,train,-0.009152959
2017-10-09,EFA,0.009451146,-0.012877369,0.022328515,train,-0.044283077
2017-10-09,IWM,0.0028732363,-0.01841276,0.021285996,train,0.0419574
2017-10-09,SPY,0.0026348557,0.011489289,0.008854433,train,0.0102023315
2017-10-09,TLT,0.001612061,0.0012083892,0.00040367187,train,-0.025535699
2017-10-10,EFA,0.002457104,0.009710843,0.007253739,train,-0.012877369
2017-10-10,IWM,-0.0007346758,-0.026695477,0.025960801,train,-0.01841276
2017-10-10,SPY,0.0015697784,0.012808433,0.011238654,train,0.011489289
2017-10-10,TLT,0.0019306304,0.007655837,0.005725207,train,0.0012083892
2017-10-11,EFA,-0.00086663663,0.0005977996,0.0014644363,train,0.009710843
2017-10-11,IWM,-0.00073431013,0.000999684,0.0017339941,train,-0.026695477
2017-10-11,SPY,-0.0014912959,-0.003291288,0.001799992,train,0.012808433
2017-10-11,TLT,0.0042508673,-0.03236866,0.03661953,train,0.007655837
2017-10-12,EFA,0.005188166,0.0034667547,0.0017214115,train,0.0005977996
2017-10-12,IWM,-0.0018059245,-0.015581993,0.013776069,train,0.000999684
2017-10-12,SPY,0.0012167846,0.0018012249,0.0005844403,train,-0.003291288
2017-10-12,TLT,0.0071767895,-0.021666111,0.0288429,train,-0.03236866
2017-10-13,EFA,-0.0007190652,-0.004485966,0.0037669009,train,0.0034667547
2017-10-13,IWM,-0.0008705828,0.012831939,0.013702522,train,-0.015581993
2017-10-13,SPY,0.0013325962,0.016190203,0.014857607,train,0.0018012249
2017-10-13,TLT,-0.0007150664,-0.039849687,0.03913462,train,-0.021666111
2017-10-16,EFA,-0.002592301,-0.005848928,0.003256627,train,-0.004485966
2017-10-16,IWM,-0.0028857584,0.0047142752,0.0076000337,train,0.012831939
2017-10-16,SPY,0.0007048138,-0.006603192,0.007308006,train,0.016190203
2017-10-16,TLT,0.0012711823,-0.029593205,0.030864388,train,-0.039849687
2017-10-17,EFA,0.0028802576,-0.01193025,0.014810507,train,-0.005848928
2017-10-17,IWM,0.0047599976,-0.03776725,0.042527247,train,0.0047142752
2017-10-17,SPY,0.000978349,0.008268295,0.007289946,train,-0.006603192
2017-10-17,TLT,-0.0066131325,-0.017671172,0.011058039,train,-0.029593205
2017-10-18,EFA,-0.0015831256,-0.010160869,0.008577744,train,-0.01193025
2017-10-18,IWM,-0.0015395106,0.00021013472,0.0017496452,train,-0.03776725
2017-10-18,SPY,0.00027348095,0.021162326,0.020888845,train,0.008268295
2017-10-18,TLT,0.0017573115,-0.041204356,0.04296167,train,-0.017671172
2017-10-19,EFA,-0.001297132,0.011433242,0.012730374,train,-0.010160869
2017-10-19,IWM,0.0046108747,-0.02919201,0.033802886,train,0.00021013472
2017-10-19,SPY,0.005147374,0.007309767,0.0021623932,train,0.021162326
2017-10-19,TLT,-0.010670643,-0.0029177847,0.0077528586,train,-0.041204356
2017-10-20,EFA,-0.0021655618,-0.0060215197,0.0038559579,train,0.011433242
2017-10-20,IWM,-0.00749578,-0.0047280206,0.0027677594,train,-0.02919201
2017-10-20,SPY,-0.003897041,-0.0023975573,0.0014994838,train,0.007309767
2017-10-20,TLT,0.0017730311,-0.025415646,0.027188677,train,-0.0029177847
2017-10-23,EFA,0.0015884709,-0.0020397115,0.0036281822,train,-0.0060215197
2017-10-23,IWM,0.002080528,0.021038037,0.018957509,train,-0.0047280206
2017-10-23,SPY,0.0017554702,-0.0042188303,0.0059743,train,-0.0023975573
2017-10-23,TLT,-0.0062189423,0.0035623373,0.00978128,train,-0.025415646
2017-10-24,EFA,-0.0039035652,-0.015466927,0.011563362,train,-0.0020397115
2017-10-24,IWM,-0.004838414,-0.014240057,0.009401644,train,0.021038037
2017-10-24,SPY,-0.0049624466,0.01771751,0.022679957,train,-0.0042188303
2017-10-24,TLT,-0.004791662,-0.016239712,0.01144805,train,0.0035623373
2017-10-25,EFA,-0.00014499603,-0.05301123,0.052866235,train,-0.015466927
2017-10-25,IWM,0.0020862678,-0.0379759,0.040062167,train,-0.014240057
2017-10-25,SPY,0.0012918022,0.018871654,0.017579852,train,0.01771751
2017-10-25,TLT,-0.003343069,0.015589438,0.018932506,train,-0.016239712
2017-10-26,EFA,0.0023155005,-0.048261426,0.050576925,train,-0.05301123
2017-10-26,IWM,0.006900148,-0.012643517,0.019543665,train,-0.0379759
2017-10-26,SPY,0.008142956,0.017727794,0.0095848385,train,0.018871654
2017-10-26,TLT,0.006594367,-0.028264333,0.0348587,train,0.015589438
2017-10-27,EFA,0.0023101515,-0.033325914,0.035636067,train,-0.048261426
2017-10-27,IWM,-0.01060436,0.0040922896,0.01469665,train,-0.012643517
2017-10-27,SPY,-0.0037319988,-0.0006207261,0.0031112728,train,0.017727794
2017-10-27,TLT,0.009528967,0.029505592,0.019976625,train,-0.028264333
2017-10-30,EFA,0.004173591,-0.012778612,0.016952202,train,-0.033325914
2017-10-30,IWM,0.0070597306,-0.04175048,0.04881021,train,0.0040922896
2017-10-30,SPY,0.0015566981,-0.009333171,0.010889869,train,-0.0006207261
2017-10-30,TLT,0.00032160347,-0.038280353,0.038601957,train,0.029505592
2017-10-31,EFA,0.001004802,-0.022864765,0.023869567,train,-0.012778612
2017-10-31,IWM,-0.0066547985,0.031280793,0.037935592,train,-0.04175048
2017-10-31,SPY,0.0013211356,0.011368357,0.010047222,train,-0.009333171
2017-10-31,TLT,0.0044425395,-0.009474749,0.013917288,train,-0.038280353
2017-11-01,EFA,0.0030085028,-0.030233901,0.033242404,train,-0.022864765
2017-11-01,IWM,0.0029634736,-0.028643189,0.031606663,train,0.031280793
2017-11-01,SPY,0.0003883167,0.008544286,0.008155969,train,0.011368357
2017-11-01,TLT,0.0043992247,0.03675451,0.032355286,train,-0.009474749
2017-11-02,EFA,-0.0015745994,-0.04973908,0.048164483,train,-0.030233901
2017-11-02,IWM,-0.00067263714,0.0049910373,0.0056636743,train,-0.028643189
2017-11-02,SPY,0.0033333136,0.0080389045,0.004705591,train,0.008544286
2017-11-02,TLT,0.0027099883,0.0010954761,0.0016145122,train,0.03675451
2017-11-03,EFA,0.0014312179,0.024334593,0.022903375,train,-0.04973908
2017-11-03,IWM,0.0011431685,-0.054309115,0.055452283,train,0.0049910373
2017-11-03,SPY,0.0015463993,0.006905782,0.005359383,train,0.0080389045
2017-11-03,TLT,0.003733684,0.024418605,0.020684922,train,0.0010954761
2017-11-06,EFA,-0.003726409,0.018193815,0.021920225,train,0.024334593
2017-11-06,IWM,-0.012036274,-0.028490502,0.016454227,train,-0.054309115
2017-11-06,SPY,-0.0006956745,0.011435577,0.012131251,train,0.006905782
2017-11-06,TLT,0.004193691,0.0035912772,0.0006024139,train,0.024418605
2017-11-07,EFA,0.0032972656,-0.00727535,0.010572616,train,0.018193815
2017-11-07,IWM,0.0013595416,-0.008368639,0.009728181,train,-0.028490502
2017-11-07,SPY,0.0016994828,0.0077613234,0.006061841,train,0.011435577
2017-11-07,TLT,-0.0022132343,-0.021341385,0.019128151,train,0.0035912772
2017-11-08,EFA,-0.0057413694,-0.0124897435,0.006748374,train,-0.00727535
2017-11-08,IWM,-0.0035387292,0.009082998,0.012621727,train,-0.008368639
2017-11-08,SPY,-0.0036343879,0.009645151,0.013279539,train,0.0077613234
2017-11-08,TLT,-0.0028529128,-0.017324349,0.014471436,train,-0.021341385
2017-11-09,EFA,-0.0027386209,-0.05984834,0.057109717,train,-0.0124897435
2017-11-09,IWM,-0.0007506093,-0.015378946,0.014628337,train,0.009082998
2017-11-09,SPY,-0.00030980865,0.015614564,0.015924372,train,0.009645151
2017-11-09,TLT,-0.015194375,0.027249033,0.04244341,train,-0.017324349
2017-11-10,EFA,-0.0041947197,0.043215908,0.04741063,train,-0.05984834
2017-11-10,IWM,0.00027322414,0.040605303,0.04033208,train,-0.015378946
2017-11-10,SPY,0.0009293399,0.005323133,0.004393793,train,0.015614564
2017-11-10,TLT,0.0020928646,-0.0033181175,0.0054109823,train,0.027249033
2017-11-13,EFA,-0.0007247563,-0.030869732,0.030144975,train,0.043215908
2017-11-13,IWM,-0.0027321302,0.033004828,0.03573696,train,0.040605303
2017-11-13,SPY,-0.0023251397,0.0060610645,0.008386204,train,0.005323133
2017-11-13,TLT,0.0067319423,-0.012768119,0.019500062,train,-0.0033181175
2017-11-14,EFA,-0.0047986293,-0.011301162,0.0065025324,train,-0.030869732
2017-11-14,IWM,-0.0039747204,-0.02510134,0.021126619,train,0.033004828
2017-11-14,SPY,-0.0050178566,-0.006986757,0.0019689002,train,0.0060610645
2017-11-14,TLT,0.010804057,-0.047834583,0.05863864,train,-0.012768119
2017-11-15,EFA,0.007984402,-0.06160709,0.06959149,train,-0.011301162
2017-11-15,IWM,0.014587732,0.007307908,0.007279824,train,-0.02510134
2017-11-15,SPY,0.008465075,-0.007109595,0.015574669,train,-0.006986757
2017-11-15,TLT,-0.008729408,-0.055564873,0.046835467,train,-0.047834583
2017-11-16,EFA,-0.0036212495,-0.014611006,0.010989756,train,-0.06160709
2017-11-16,IWM,0.0045909737,-0.009869227,0.0144602,train,0.007307908
2017-11-16,SPY,-0.002943007,0.008058304,0.011001311,train,-0.007109595
2017-11-16,TLT,0.007385067,-0.0030834614,0.010468529,train,-0.055564873
2017-11-17,EFA,0.0021742804,-0.01596657,0.01814085,train,-0.014611006
2017-11-17,IWM,0.007249493,0.027933756,0.020684263,train,-0.009869227
2017-11-17,SPY,0.0017050186,0.0050238804,0.0033188618,train,0.008058304
2017-11-17,TLT,-0.00039527233,-0.007396333,0.0070010605,train,-0.0030834614
2017-11-20,EFA,0.0075015784,0.028076801,0.020575223,train,-0.01596657
2017-11-20,IWM,0.01037825,-0.0050559393,0.015434189,train,0.027933756
2017-11-20,SPY,0.0065212925,0.022749623,0.016228331,train,0.0050238804
2017-11-20,TLT,0.0031606993,-0.0055330857,0.0086937845,train,-0.007396333
2017-11-21,EFA,0.002726618,0.0046501807,0.0019235627,train,0.028076801
2017-11-21,IWM,-0.0013246275,0.02478066,0.026105288,train,-0.0050559393
2017-11-21,SPY,-0.00088473567,0.014463783,0.015348519,train,0.022749623
2017-11-21,TLT,0.0032294162,-0.037348542,0.04057796,train,-0.0055330857
2017-11-22,EFA,0.008136646,0.020720625,0.012583979,train,0.0046501807
2017-11-22,IWM,0.00039762864,-0.053866383,0.054264013,train,0.02478066
2017-11-22,SPY,0.0023067894,0.029750137,0.027443347,train,0.014463783
2017-11-22,TLT,-0.0027560426,-0.0021032193,0.00065282336,train,-0.037348542
2017-11-24,EFA,-0.0059887855,-0.00186005,0.0041287355,train,0.020720625
2017-11-24,IWM,-0.0030515965,-0.0588034,0.0557518,train,-0.053866383
2017-11-24,SPY,-0.000499235,0.03839101,0.038890243,train,0.029750137
2017-11-24,TLT,-0.001420109,-0.02199553,0.02057542,train,-0.0021032193
2017-11-27,EFA,0.0057045235,0.01143705,0.0057325265,train,-0.00186005
2017-11-27,IWM,0.015625337,0.037778,0.022152664,train,-0.0588034
2017-11-27,SPY,0.010093542,0.006994668,0.003098874,train,0.03839101
2017-11-27,TLT,0.0013413682,-0.0046943403,0.0060357084,train,-0.02199553
2017-11-28,EFA,-0.003989368,0.01577099,0.01976036,train,0.01143705
2017-11-28,IWM,0.0033307308,0.0259259,0.02259517,train,0.037778
2017-11-28,SPY,-0.000608762,0.010914626,0.011523387,train,0.006994668
2017-11-28,TLT,-0.009908163,-0.022582911,0.012674748,train,-0.0046943403
2017-11-29,EFA,0.0009985024,0.032785892,0.03178739,train,0.01577099
2017-11-29,IWM,0.0018241464,-0.016492331,0.018316478,train,0.0259259
2017-11-29,SPY,0.008717019,0.02471586,0.01599884,train,0.010914626
2017-11-29,TLT,-0.0033505375,0.0012733997,0.0046239374,train,-0.022582911
2017-11-30,EFA,-0.0040017636,0.006839096,0.010840859,train,0.032785892
2017-11-30,IWM,-0.0041086865,-0.028208805,0.02410012,train,-0.016492331
2017-11-30,SPY,-0.0020774666,0.00908651,0.011163977,train,0.02471586
2017-11-30,TLT,0.013403877,-0.021550344,0.03495422,train,0.0012733997
2017-12-01,EFA,-0.003586372,-0.024784384,0.021198012,train,0.006839096
2017-12-01,IWM,-0.0037318107,-0.03165256,0.027920747,train,-0.028208805
2017-12-01,SPY,-0.0012109624,0.010202635,0.0114135975,train,0.00908651
2017-12-01,TLT,0.00047471173,-0.047736917,0.048211627,train,-0.021550344
2017-12-04,EFA,-0.0021581547,0.031592604,0.033750758,train,-0.024784384
2017-12-04,IWM,-0.010020458,-0.018003782,0.007983324,train,-0.03165256
2017-12-04,SPY,-0.0036030847,0.01631539,0.019918473,train,0.010202635
2017-12-04,TLT,0.004962835,0.006292498,0.0013296632,train,-0.047736917
2017-12-05,EFA,-0.0020185122,-0.017954038,0.015935525,train,0.031592604
2017-12-05,IWM,-0.004715762,-0.01983821,0.015122448,train,-0.018003782
2017-12-05,SPY,0.00019020325,-0.022667503,0.022857707,train,0.01631539
2017-12-05,TLT,0.0034520132,-0.03671539,0.040167402,train,0.006292498
2017-12-06,EFA,0.0025943816,-0.029365337,0.03195972,train,-0.017954038
2017-12-06,IWM,0.0069655976,-0.007756172,0.01472177,train,-0.01983821
2017-12-06,SPY,0.003148047,-0.041655827,0.044803873,train,-0.022667503
2017-12-06,TLT,-0.007862617,0.018164357,0.026026975,train,-0.03671539
2017-12-07,EFA,0.0053119715,-0.01912014,0.024432112,train,-0.029365337
2017-12-07,IWM,0.0009253746,0.0074011856,0.006475811,train,-0.007756172
2017-12-07,SPY,0.005438209,-0.001481175,0.006919384,train,-0.041655827
2017-12-07,TLT,7.8496894e-05,-0.02081524,0.020893738,train,0.018164357
2017-12-08,EFA,0.002573766,0.014556667,0.011982901,train,-0.01912014
2017-12-08,IWM,-0.00039630837,0.022676947,0.023073254,train,0.0074011856
2017-12-08,SPY,0.0030084897,-0.0019287574,0.0049372474,train,-0.001481175
2017-12-08,TLT,-0.0020542478,0.018639637,0.020693885,train,-0.02081524
2017-12-11,EFA,0.0012846834,0.0050515034,0.00376682,train,0.014556667
2017-12-11,IWM,-0.0031104416,0.040167913,0.043278355,train,0.022676947
2017-12-11,SPY,0.0017633316,0.0052855783,0.0035222466,train,-0.0019287574
2017-12-11,TLT,-0.00039510208,0.014409951,0.014805053,train,0.018639637
2017-12-12,EFA,0.003843619,0.013460452,0.009616833,train,0.0050515034
2017-12-12,IWM,0.0059471685,0.0032983008,0.0026488677,train,0.040167913
2017-12-12,SPY,-0.00011236875,-0.0029166802,0.0028043115,train,0.0052855783
2017-12-12,TLT,0.0074886754,0.016307116,0.00881844,train,0.014409951
2017-12-13,EFA,-0.00555671,-0.030825837,0.025269127,train,0.013460452
2017-12-13,IWM,-0.011130335,0.0054221232,0.016552458,train,0.0032983008
2017-12-13,SPY,-0.0040947855,0.008114742,0.012209527,train,-0.0029166802
2017-12-13,TLT,0.0042321607,-0.05585503,0.06008719,train,0.016307116
2017-12-14,EFA,-0.00028582412,0.047331434,0.047617257,train,-0.030825837
2017-12-14,IWM,0.014156815,0.031032475,0.01687566,train,0.0054221232
2017-12-14,SPY,0.008292892,-0.017640932,0.025933824,train,0.008114742
2017-12-14,TLT,0.0037465687,0.004951053,0.0012044841,train,-0.05585503
2017-12-15,EFA,0.011792572,-0.03171501,0.043507583,train,0.047331434
2017-12-15,IWM,0.013440295,-0.0094393715,0.022879668,train,0.031032475
2017-12-15,SPY,0.0063213506,-0.051267166,0.057588518,train,-0.017640932
2017-12-15,TLT,-0.0091571,-0.013250243,0.004093143,train,0.004951053
2017-12-18,EFA,-0.003674983,-0.004382295,0.000707312,train,-0.03171501
2017-12-18,IWM,-0.007938151,0.02067616,0.028614312,train,-0.0094393715
2017-12-18,SPY,-0.0038480512,0.01605702,0.019905072,train,-0.051267166
2017-12-18,TLT,-0.0130589185,-0.018687258,0.005628339,train,-0.013250243
2017-12-19,EFA,-0.0017209733,0.0014075008,0.003128474,train,-0.004382295
2017-12-19,IWM,0.0019580612,0.0047477637,0.0027897025,train,0.02067616
2017-12-19,SPY,-0.00052404404,-0.0079488605,0.0074248165,train,0.01605702
2017-12-19,TLT,-0.011134682,0.019167146,0.030301828,train,-0.018687258
2017-12-20,EFA,0.0035814515,0.016787842,0.013206391,train,0.0014075008
2017-12-20,IWM,0.004368437,-0.0031398362,0.0075082732,train,0.0047477637
2017-12-20,SPY,0.0020575726,0.01463785,0.012580277,train,-0.0079488605
2017-12-20,TLT,0.0058114026,0.01741902,0.011607617,train,0.019167146
2017-12-21,EFA,0.0025706869,0.011338165,0.008767478,train,0.016787842
2017-12-21,IWM,-0.0018263289,0.015482141,0.01730847,train,-0.0031398362
2017-12-21,SPY,-0.0002613923,0.02848355,0.028744942,train,0.01463785
2017-12-21,TLT,0.0013633716,-0.044291485,0.045654856,train,0.01741902
2017-12-22,EFA,-0.00028525182,0.011206605,0.011491857,train,0.011338165
2017-12-22,IWM,0.0005874178,0.013923792,0.013336374,train,0.015482141
2017-12-22,SPY,-0.0011972676,0.021253059,0.022450326,train,0.02848355
2017-12-22,TLT,0.002960942,-0.041228034,0.044188976,train,-0.044291485
2017-12-26,EFA,0.0018531339,0.008822374,0.00696924,train,0.011206605
2017-12-26,IWM,-0.0009791846,0.018924663,0.019903848,train,0.013923792
2017-12-26,SPY,0.00048667198,0.0054398677,0.004953196,train,0.021253059
2017-12-26,TLT,0.012941505,-0.00369049,0.016631994,train,-0.041228034
2017-12-27,EFA,0.00056929735,-0.01737678,0.017946078,train,0.008822374
2017-12-27,IWM,0.0039109993,-0.0030826414,0.0069936407,train,0.018924663
2017-12-27,SPY,0.0020553425,0.023988338,0.021932995,train,0.0054398677
2017-12-27,TLT,-0.00086824916,0.04939764,0.05026589,train,-0.00369049
2017-12-28,EFA,0.00071149453,-0.0074032643,0.008114759,train,-0.01737678
2017-12-28,IWM,-0.00829569,-0.029375078,0.021079388,train,-0.0030826414
2017-12-28,SPY,-0.0037779042,0.014025532,0.017803436,train,0.023988338
2017-12-28,TLT,0.0015774218,0.03745665,0.03587923,train,0.04939764
2017-12-29,EFA,0.0073684948,-0.004627209,0.011995704,train,-0.0074032643
2017-12-29,IWM,0.0094009135,-0.0040162248,0.013417138,train,-0.029375078
2017-12-29,SPY,0.007131849,0.032324452,0.025192603,train,0.014025532
2017-12-29,TLT,-0.0108575355,0.004978049,0.015835585,train,0.03745665
2018-01-02,EFA,0.0047887787,-0.0069742403,0.0117630195,train,-0.004627209
2018-01-02,IWM,0.0010388192,-0.012589527,0.013628347,train,-0.0040162248
2018-01-02,SPY,0.006305247,-0.00026542,0.006570667,train,0.032324452
2018-01-02,TLT,0.0047697546,0.008600092,0.003830337,train,0.004978049
2018-01-03,EFA,0.010900129,-0.027861929,0.038762055,train,-0.0069742403
2018-01-03,IWM,0.0026580628,-0.006876065,0.009534128,train,-0.012589527
2018-01-03,SPY,0.0042064292,-0.0017213603,0.0059277895,train,-0.00026542
2018-01-03,TLT,-0.00015840275,0.04140536,0.041563764,train,0.008600092
2018-01-04,EFA,0.0055439635,-0.011365818,0.016909782,train,-0.027861929
2018-01-04,IWM,0.0020692328,0.027776707,0.025707474,train,-0.006876065
2018-01-04,SPY,0.0066416343,0.02242619,0.015784556,train,-0.0017213603
2018-01-04,TLT,-0.0028599722,-0.012821678,0.009961706,train,0.04140536
2018-01-05,EFA,-0.00027648621,-0.0155904535,0.015313967,train,-0.011365818
2018-01-05,IWM,0.0015494734,-0.0067336275,0.008283101,train,0.027776707
2018-01-05,SPY,0.0018268264,0.022930177,0.02110335,train,0.02242619
2018-01-05,TLT,-0.00063667016,-0.005687283,0.0050506126,train,-0.012821678
2018-01-08,EFA,0.0011055536,-0.0022772825,0.003382836,train,-0.0155904535
2018-01-08,IWM,-0.00135529,0.010973796,0.012329087,train,-0.0067336275
2018-01-08,SPY,0.0022610754,0.040105563,0.037844487,train,0.022930177
2018-01-08,TLT,-0.013462561,-0.011930817,0.0015317444,train,-0.005687283
2018-01-09,EFA,-0.001935404,-0.010058345,0.0081229415,train,-0.0022772825
2018-01-09,IWM,0.00012885334,-0.012284091,0.012412944,train,0.010973796
2018-01-09,SPY,-0.0015308242,0.026603641,0.028134465,train,0.040105563
2018-01-09,TLT,-0.0012111416,0.008781346,0.009992487,train,-0.011930817
2018-01-10,EFA,0.0068944907,-0.009037951,0.01593244,train,-0.010058345
2018-01-10,IWM,0.017033227,0.0010619727,0.015971255,train,-0.012284091
2018-01-10,SPY,0.0072691995,0.009951608,0.0026824088,train,0.026603641
2018-01-10,TLT,0.004111355,-0.008697048,0.012808403,train,0.008781346
2018-01-11,EFA,0.009981732,-0.01768932,0.02767105,train,-0.009037951
2018-01-11,IWM,0.0041818223,0.008197362,0.0040155393,train,0.0010619727
2018-01-11,SPY,0.0064980513,0.019513546,0.013015494,train,0.009951608
2018-01-11,TLT,0.0016883002,-0.041176677,0.04286498,train,-0.008697048
2018-01-12,EFA,-0.00095275074,-0.0037371493,0.0027843986,train,-0.01768932
2018-01-12,IWM,-0.012854243,0.027901037,0.04075528,train,0.008197362
2018-01-12,SPY,-0.0034239753,0.020402623,0.0238266,train,0.019513546
2018-01-12,TLT,0.0041669933,-0.02949545,0.033662442,train,-0.041176677
2018-01-16,EFA,0.0051615178,0.013864623,0.008703105,train,-0.0037371493
2018-01-16,IWM,0.009433966,-0.004632007,0.014065973,train,0.027901037
2018-01-16,SPY,0.009486216,0.0074206875,0.0020655286,train,0.020402623
2018-01-16,TLT,-0.0013607326,-0.018491419,0.017130686,train,-0.02949545
2018-01-17,EFA,-0.001220087,-0.006845293,0.005625206,train,0.013864623
2018-01-17,IWM,-0.006875526,0.022619018,0.029494544,train,-0.004632007
2018-01-17,SPY,-0.0016822752,0.007964635,0.00964691,train,0.0074206875
2018-01-17,TLT,-0.009333012,0.0063898726,0.015722884,train,-0.018491419
2018-01-18,EFA,0.005546391,-0.0015764642,0.007122855,train,-0.006845293
2018-01-18,IWM,0.0130736455,-0.041812383,0.05488603,train,0.022619018
2018-01-18,SPY,0.004539191,-0.004324557,0.008863747,train,0.007964635
2018-01-18,TLT,-0.0052681244,0.002058769,0.0073268935,train,0.0063898726
2018-01-19,EFA,0.0051130326,-0.014565913,0.019678947,train,-0.0015764642
2018-01-19,IWM,0.0053452984,-0.020702314,0.026047612,train,-0.041812383
2018-01-19,SPY,0.008098356,0.024152482,0.016054126,train,-0.004324557
2018-01-19,TLT,0.0009745123,0.0038840123,0.0029095002,train,0.002058769
2018-01-22,EFA,0.00321577,-0.015429689,0.018645458,train,-0.014565913
2018-01-22,IWM,0.0031933915,0.00084099773,0.0023523937,train,-0.020702314
2018-01-22,SPY,0.0021202748,0.027570708,0.025450433,train,0.024152482
2018-01-22,TLT,0.0042936117,-0.0034915223,0.007785134,train,0.0038840123
2018-01-23,EFA,0.0017377078,0.0010528774,0.00068483036,train,-0.015429689
2018-01-23,IWM,-0.006208006,0.047329064,0.05353707,train,0.00084099773
2018-01-23,SPY,-0.00038889455,0.03980732,0.040196214,train,0.027570708
2018-01-23,TLT,-0.0054305056,-0.026930219,0.021499712,train,-0.0034915223
2018-01-24,EFA,-0.0038805136,0.0048027695,0.008683283,train,0.0010528774
2018-01-24,IWM,0.0003769527,-0.0038297172,0.00420667,train,0.047329064
2018-01-24,SPY,0.0004240469,0.027850328,0.027426282,train,0.03980732
2018-01-24,TLT,0.008175047,-0.017835993,0.02601104,train,-0.026930219
2018-01-25,EFA,0.008809446,0.017206935,0.008397489,train,0.0048027695
2018-01-25,IWM,0.0035778414,0.015258184,0.011680342,train,-0.0038297172
2018-01-25,SPY,0.011511355,0.03699192,0.025480565,train,0.027850328
2018-01-25,TLT,-0.003715109,-0.05276104,0.04904593,train,-0.017835993
2018-01-26,EFA,-0.00921142,0.013560144,0.022771563,train,0.017206935
2018-01-26,IWM,-0.0056552347,0.034435082,0.040090315,train,0.015258184
2018-01-26,SPY,-0.006651977,0.042636238,0.049288213,train,0.03699192
2018-01-26,TLT,-0.0069831144,0.03282426,0.03980737,train,-0.05276104
2018-01-29,EFA,-0.00835064,-0.006137242,0.0022133975,train,0.013560144
2018-01-29,IWM,-0.009623716,0.019529192,0.029152907,train,0.034435082
2018-01-29,SPY,-0.010310279,-0.008636678,0.0016736016,train,0.042636238
2018-01-29,TLT,-0.005883319,0.005794304,0.011677623,train,0.03282426
2018-01-30,EFA,-0.0013531031,0.14725772,0.14861082,train,-0.006137242
2018-01-30,IWM,-0.0052305427,0.0028874748,0.008118018,train,0.019529192
2018-01-30,SPY,0.0004965933,-0.00485398,0.0053505735,train,-0.008636678
2018-01-30,TLT,0.005883319,-0.009250334,0.015133653,train,0.005794304
2018-01-31,EFA,0.0028399627,-0.012597315,0.015437278,train,0.14725772
2018-01-31,IWM,0.003128888,0.0075078267,0.0043789386,train,0.0028874748
2018-01-31,SPY,-0.0011354417,-0.02406391,0.022928467,train,-0.00485398
2018-01-31,TLT,-0.014598468,-0.027335323,0.012736855,train,-0.009250334
2018-02-01,EFA,-0.020464601,0.030983094,0.051447697,train,-0.012597315
2018-02-01,IWM,-0.01944183,-0.002460455,0.016981374,train,0.0075078267
2018-02-01,SPY,-0.022010619,-0.0014880863,0.020522533,train,-0.02406391
2018-02-01,TLT,-0.009322434,0.02071288,0.030035313,train,-0.027335323
2018-02-02,EFA,-0.04280526,0.019323828,0.062129088,train,0.030983094
2018-02-02,IWM,-0.039176505,-0.002618033,0.03655847,train,-0.002460455
2018-02-02,SPY,-0.04272216,0.07901003,0.12173219,train,-0.0014880863
2018-02-02,TLT,0.009405585,0.010251297,0.0008457117,train,0.02071288
2018-02-05,EFA,0.01951742,-0.0902426,0.10976002,train,0.019323828
2018-02-05,IWM,0.0118948715,0.0018744604,0.010020411,train,-0.002618033
2018-02-05,SPY,0.019510783,0.003761536,0.015749248,train,0.07901003
2018-02-05,TLT,-0.006232847,-0.041106828,0.03487398,train,0.010251297
2018-02-06,EFA,-0.0106377015,0.05400359,0.06464129,train,-0.0902426
2018-02-06,IWM,0.0010014502,-0.028400997,0.029402446,train,0.0018744604
2018-02-06,SPY,-0.005439815,-0.037492037,0.032052223,train,0.003761536
2018-02-06,TLT,-0.009548493,0.040650032,0.050198525,train,-0.041106828
2018-02-07,EFA,-0.026440691,0.050727688,0.077168375,train,0.05400359
2018-02-07,IWM,-0.029804548,0.005828148,0.035632696,train,-0.028400997
2018-02-07,SPY,-0.038230203,-0.06929804,0.031067833,train,-0.037492037
2018-02-07,TLT,-0.0010947628,0.040857263,0.041952025,train,0.040650032
2018-02-08,EFA,0.0042368444,0.104749106,0.10051226,train,0.050727688
2018-02-08,IWM,0.009102927,0.093082406,0.08397948,train,0.005828148
2018-02-08,SPY,0.014909496,-0.051564597,0.066474095,train,-0.06929804
2018-02-08,TLT,-0.006338857,0.0058412855,0.012180142,train,0.040857263
2018-02-09,EFA,0.015192361,0.037670292,0.022477932,train,0.104749106
2018-02-09,IWM,0.00942645,-0.037934013,0.047360465,train,0.093082406
2018-02-09,SPY,0.014578007,-0.029290548,0.043868557,train,-0.051564597
2018-02-09,TLT,0.0043992144,-0.011106778,0.015505992,train,0.0058412855
2018-02-12,EFA,-0.0030199375,0.05049528,0.05351522,train,0.037670292
2018-02-12,IWM,0.0021573782,0.025892036,0.023734657,train,-0.037934013
2018-02-12,SPY,0.0024841265,0.10079498,0.09831085,train,-0.029290548
2018-02-12,TLT,0.004463977,-0.05029791,0.054761887,train,-0.011106778
2018-02-13,EFA,0.01756051,0.015510837,0.0020496733,train,0.05049528
2018-02-13,IWM,0.017822275,0.011217441,0.0066048335,train,0.025892036
2018-02-13,SPY,0.013405792,0.07407122,0.06066543,train,0.10079498
2018-02-13,TLT,-0.011155329,-0.04382374,0.03266841,train,-0.05029791
2018-02-14,EFA,0.0062075984,0.009818492,0.003610894,train,0.015510837
2018-02-14,IWM,0.010857532,0.028314235,0.017456703,train,0.011217441
2018-02-14,SPY,0.012679467,0.104885325,0.09220586,train,0.07407122
2018-02-14,TLT,0.0033936957,-0.0006558742,0.00404957,train,-0.04382374
2018-02-15,EFA,0.004490697,-0.033398233,0.03788893,train,0.009818492
2018-02-15,IWM,0.0035275365,-0.015163062,0.0186906,train,0.028314235
2018-02-15,SPY,0.00029295214,0.0395364,0.03924345,train,0.104885325
2018-02-15,TLT,0.0054059257,-0.040476173,0.0458821,train,-0.0006558742
2018-02-16,EFA,-0.009425473,0.05930592,0.0687314,train,-0.033398233
2018-02-16,IWM,-0.008250951,-0.01743257,0.00918162,train,-0.015163062
2018-02-16,SPY,-0.0062809275,0.0011490579,0.0074299853,train,0.0395364
2018-02-16,TLT,-0.0043902528,-0.043344703,0.03895445,train,-0.040476173
2018-02-20,EFA,-0.004817138,0.08246047,0.087277606,train,0.05930592
2018-02-20,IWM,0.0010517992,0.0342533,0.0332015,train,-0.01743257
2018-02-20,SPY,-0.0049866783,0.0107655395,0.015752219,train,0.0011490579
2018-02-20,TLT,-0.012344138,-0.034065373,0.021721236,train,-0.043344703
2018-02-21,EFA,0.0052413726,0.071705244,0.06646387,train,0.08246047
2018-02-21,IWM,-0.0015780028,0.025667574,0.027245577,train,0.0342533
2018-02-21,SPY,0.0012952157,-0.0054749413,0.0067701573,train,0.0107655395
2018-02-21,TLT,0.0029936568,-0.01372226,0.016715916,train,-0.034065373
2018-02-22,EFA,0.007880488,0.0058287806,0.0020517078,train,0.071705244
2018-02-22,IWM,0.012942408,-0.0014675478,0.014409956,train,0.025667574
2018-02-22,SPY,0.015813798,-0.031765666,0.047579464,train,-0.0054749413
2018-02-22,TLT,0.00884245,-0.034651317,0.043493766,train,-0.01372226
2018-02-23,EFA,0.009347885,0.01795607,0.008608186,train,0.0058287806
2018-02-23,IWM,0.006537928,-0.009554299,0.016092226,train,-0.0014675478
2018-02-23,SPY,0.011545413,-0.05496884,0.06651425,train,-0.031765666
2018-02-23,TLT,0.00033898614,-0.012495095,0.012834081,train,-0.034651317
2018-02-26,EFA,-0.014970559,0.011122547,0.026093107,train,0.01795607
2018-02-26,IWM,-0.014492766,0.0050874376,0.019580204,train,-0.009554299
2018-02-26,SPY,-0.012565113,-0.04047331,0.027908195,train,-0.05496884
2018-02-26,TLT,-0.0014398231,-0.0070572584,0.005617435,train,-0.012495095
2018-02-27,EFA,-0.009489344,0.041832775,0.051322117,train,0.011122547
2018-02-27,IWM,-0.015902339,-0.02211265,0.0062103122,train,0.0050874376
2018-02-27,SPY,-0.010181783,0.012451192,0.022632975,train,-0.04047331
2018-02-27,TLT,0.0063356454,-0.0030458882,0.009381534,train,-0.0070572584
2018-02-28,EFA,-0.016935121,0.018461296,0.03539642,train,0.041832775
2018-02-28,IWM,-0.0026638005,0.016822977,0.019486777,train,-0.02211265
2018-02-28,SPY,-0.014647438,0.0038547409,0.01850218,train,0.012451192
2018-02-28,TLT,0.006803648,-0.021007625,0.027811274,train,-0.0030458882
2018-03-01,EFA,0.0047651087,-0.038128614,0.042893723,train,0.018461296
2018-03-01,IWM,0.015878834,0.084098846,0.06822001,train,0.016822977
2018-03-01,SPY,0.0051415698,-0.029188005,0.034329575,train,0.0038547409
2018-03-01,TLT,-0.0081627695,0.006762209,0.014924979,train,-0.021007625
2018-03-02,EFA,0.0053157816,0.017675838,0.012360056,train,-0.038128614
2018-03-02,IWM,0.008887096,0.08744031,0.078553215,train,0.084098846
2018-03-02,SPY,0.011491707,0.008127412,0.0033642948,train,-0.029188005
2018-03-02,TLT,-0.002707455,-0.031833243,0.029125787,train,0.006762209
2018-03-05,EFA,0.0058573885,0.013614411,0.007757022,train,0.017675838
2018-03-05,IWM,0.010741866,0.09961117,0.0888693,train,0.08744031
2018-03-05,SPY,0.0025318083,0.033153042,0.030621234,train,0.008127412
2018-03-05,TLT,0.00093121163,-0.0045345644,0.005465776,train,-0.031833243
2018-03-06,EFA,-0.00028488607,0.030721813,0.0310067,train,0.013614411
2018-03-06,IWM,0.008778747,-0.018430166,0.027208913,train,0.09961117
2018-03-06,SPY,-0.00036671828,-0.023399908,0.02303319,train,0.033153042
2018-03-06,TLT,-0.0011009544,-0.023728652,0.022627698,train,-0.0045345644
2018-03-07,EFA,0.0021349809,0.02534926,0.023214279,train,0.030721813
2018-03-07,IWM,-0.002043463,-0.0008780151,0.001165448,train,-0.018430166
2018-03-07,SPY,0.0048278426,-0.02176516,0.026593002,train,-0.023399908
2018-03-07,TLT,0.0057456587,-0.02071443,0.026460089,train,-0.023728652
2018-03-08,EFA,0.0063782786,0.0124421045,0.006063826,train,0.02534926
2018-03-08,IWM,0.015855849,0.013983449,0.0018723998,train,-0.0008780151
2018-03-08,SPY,0.017252458,-0.047749422,0.06500188,train,-0.02176516
2018-03-08,TLT,-0.006593104,-0.024590036,0.017996931,train,-0.02071443
2018-03-09,EFA,0.0011292015,0.030496275,0.029367074,train,0.0124421045
2018-03-09,IWM,0.0017605367,0.011980673,0.0102201365,train,0.013983449
2018-03-09,SPY,-0.0012554793,-0.013546379,0.0122909,train,-0.047749422
2018-03-09,TLT,0.0057505155,-0.05007583,0.055826344,train,-0.024590036
2018-03-12,EFA,-0.0066546793,0.00063798804,0.0072926674,train,0.030496275
2018-03-12,IWM,-0.0046592047,-0.04349947,0.038840264,train,0.011980673
2018-03-12,SPY,-0.0064840694,0.0024814927,0.008965562,train,-0.013546379
2018-03-12,TLT,0.0050465968,0.028354354,0.023307757,train,-0.05007583
2018-03-13,EFA,0.0024121196,0.022271706,0.019859586,train,0.00063798804
2018-03-13,IWM,-0.0047443695,0.07615407,0.080898434,train,-0.04349947
2018-03-13,SPY,-0.005144821,0.00047454837,0.0056193694,train,0.0024814927
2018-03-13,TLT,0.008770782,0.017989013,0.009218232,train,0.028354354
2018-03-14,EFA,-0.00056687626,-0.008232055,0.0076651787,train,0.022271706
2018-03-14,IWM,-0.0050218734,0.025778195,0.030800069,train,0.07615407
2018-03-14,SPY,-0.0010901245,-0.0010080426,8.208188e-05,train,0.00047454837
2018-03-14,TLT,0.0,0.026392018,0.026392018,train,0.017989013
2018-03-15,EFA,-0.0007092371,0.0016783387,0.0023875758,train,-0.008232055
2018-03-15,IWM,0.005592674,-0.0042370795,0.009829754,train,0.025778195
2018-03-15,SPY,0.001083656,-0.035508245,0.036591902,train,-0.0010080426
2018-03-15,TLT,-0.0035825432,0.03465642,0.038238965,train,0.026392018
2018-03-16,EFA,-0.008121711,0.032009732,0.040131442,train,0.0016783387
2018-03-16,IWM,-0.009679299,0.0313837,0.041063,train,-0.0042370795
2018-03-16,SPY,-0.013622821,-0.049569167,0.035946347,train,-0.035508245
2018-03-16,TLT,-0.003176709,-0.052094325,0.048917618,train,0.03465642
2018-03-19,EFA,-0.00014287044,-0.009815939,0.009673068,train,0.032009732
2018-03-19,IWM,-0.00025610445,0.026124949,0.026381053,train,0.0313837
2018-03-19,SPY,0.0016994913,-0.015935266,0.017634757,train,-0.049569167
2018-03-19,TLT,-0.0040274337,0.00768289,0.011710323,train,-0.052094325
2018-03-20,EFA,0.0015726747,0.020177493,0.018604819,train,-0.009815939
2018-03-20,IWM,0.005807713,0.012118652,0.0063109393,train,0.026124949
2018-03-20,SPY,-0.0019214436,-0.005683998,0.0037625544,train,-0.015935266
2018-03-20,TLT,0.0010925798,0.019437226,0.018344646,train,0.00768289
2018-03-21,EFA,-0.018746292,0.0008743279,0.01962062,train,0.020177493
2018-03-21,IWM,-0.022171615,-0.0014523189,0.020719295,train,0.012118652
2018-03-21,SPY,-0.025314715,-0.03918552,0.0138708055,train,-0.005683998
2018-03-21,TLT,0.009860383,-0.0504226,0.060282983,train,0.019437226
2018-03-22,EFA,-0.011124019,-0.020805763,0.0096817445,train,0.0008743279
2018-03-22,IWM,-0.021754354,-0.053914107,0.032159753,train,-0.0014523189
2018-03-22,SPY,-0.021545015,-0.04421495,0.022669934,train,-0.03918552
2018-03-22,TLT,-0.00074870425,0.004582631,0.005331335,train,-0.0504226
2018-03-23,EFA,0.017797679,0.059586912,0.041789234,train,-0.020805763
2018-03-23,IWM,0.021624,-0.0058319545,0.027455956,train,-0.053914107
2018-03-23,SPY,0.026991379,-0.05224969,0.07924107,train,-0.04421495
2018-03-23,TLT,-0.0038352236,0.01199252,0.015827743,train,0.004582631
2018-03-26,EFA,-0.0074014803,-0.025009496,0.017608017,train,0.059586912
2018-03-26,IWM,-0.019560376,0.036936358,0.056496732,train,-0.0058319545
2018-03-26,SPY,-0.017157743,0.003215714,0.020373456,train,-0.05224969
2018-03-26,TLT,0.010635942,0.0074001146,0.0032358277,train,0.01199252
2018-03-27,EFA,0.0058098296,0.040497474,0.034687646,train,-0.025009496
2018-03-27,IWM,-0.00033256912,0.002337771,0.0026703402,train,0.036936358
2018-03-27,SPY,-0.0029593427,0.0036183805,0.006577723,train,0.003215714
2018-03-27,TLT,0.0026411477,-0.021938048,0.024579195,train,0.0074001146
2018-03-28,EFA,0.009082282,0.05372308,0.044640794,train,0.040497474
2018-03-28,IWM,0.01006171,0.030238597,0.020176888,train,0.002337771
2018-03-28,SPY,0.0126965,-0.04575886,0.05845536,train,0.0036183805
2018-03-28,TLT,0.004851634,0.011989787,0.007138153,train,-0.021938048
2018-03-29,EFA,-0.013872986,0.042159192,0.056032177,train,0.05372308
2018-03-29,IWM,-0.02467096,0.055318225,0.07998919,train,0.030238597
2018-03-29,SPY,-0.02182091,0.03649039,0.0583113,train,-0.04575886
2018-03-29,TLT,0.0019714672,0.009660095,0.0076886276,train,0.011989787
2018-04-02,EFA,0.006382354,0.02016668,0.013784327,train,0.042159192
2018-04-02,IWM,0.0142101105,-0.025282774,0.039492883,train,0.055318225
2018-04-02,SPY,0.012735736,-0.020255508,0.032991245,train,0.03649039
2018-04-02,TLT,-0.0077425735,0.01777307,0.025515642,train,0.009660095
2018-04-03,EFA,0.0034642417,0.010106983,0.006642741,train,0.02016668
2018-04-03,IWM,0.012632233,0.09248146,0.07984922,train,-0.025282774
2018-04-03,SPY,0.01064244,-0.023820544,0.034462985,train,-0.020255508
2018-04-03,TLT,-0.0020692246,-0.026269332,0.024200108,train,0.01777307
2018-04-04,EFA,0.006606288,0.025377389,0.0187711,train,0.010106983
2018-04-04,IWM,0.008246479,0.04636497,0.038118493,train,0.09248146
2018-04-04,SPY,0.007860753,0.00042590167,0.007434851,train,-0.023820544
2018-04-04,TLT,-0.007485165,-0.02031405,0.0128288865,train,-0.026269332
2018-04-05,EFA,-0.006606288,0.027413612,0.0340199,train,0.025377389
2018-04-05,IWM,-0.020147003,-0.0012079454,0.018939057,train,0.04636497
2018-04-05,SPY,-0.022537703,0.024021016,0.04655872,train,0.00042590167
2018-04-05,TLT,0.010876632,-0.010765491,0.021642122,train,-0.02031405
2018-04-06,EFA,0.008179568,0.0014728834,0.0067066844,train,0.027413612
2018-04-06,IWM,0.0011965128,-0.0072492487,0.008445761,train,-0.0012079454
2018-04-06,SPY,0.0049160267,-0.0284205,0.033336528,train,0.024021016
2018-04-06,TLT,0.0016502308,-0.04140766,0.04305789,train,-0.010765491
2018-04-09,EFA,0.010661965,-0.023776451,0.034438416,train,0.0014728834
2018-04-09,IWM,0.018689774,0.010856783,0.007832991,train,-0.0072492487
2018-04-09,SPY,0.015775187,-0.034544528,0.050319716,train,-0.0284205
2018-04-09,TLT,-0.0018154746,-0.032686368,0.030870892,train,-0.04140766
2018-04-10,EFA,-0.0038251672,0.001622681,0.0054478482,train,-0.023776451
2018-04-10,IWM,0.0021491349,0.028825529,0.026676394,train,0.010856783
2018-04-10,SPY,-0.005255798,-0.037837714,0.032581918,train,-0.034544528
2018-04-10,TLT,0.003545091,-0.03850802,0.04205311,train,-0.032686368
2018-04-11,EFA,0.0038251672,0.018573022,0.014747854,train,0.001622681
2018-04-11,IWM,0.006807599,-0.012351738,0.019159338,train,0.028825529
2018-04-11,SPY,0.008193279,0.017739477,0.009546198,train,-0.037837714
2018-04-11,TLT,-0.0073515163,-0.017466627,0.010115111,train,-0.03850802
2018-04-12,EFA,0.0009893109,0.019469377,0.018480066,train,0.018573022
2018-04-12,IWM,-0.0052475575,-0.03778031,0.03253275,train,-0.012351738
2018-04-12,SPY,-0.002937481,0.031503383,0.034440864,train,0.017739477
2018-04-12,TLT,0.0023184738,0.016646244,0.01432777,train,-0.017466627
2018-04-13,EFA,0.0015527643,0.019957313,0.018404549,train,0.019469377
2018-04-13,IWM,0.009181708,0.008092988,0.0010887198,train,-0.03778031
2018-04-13,SPY,0.008188381,-0.020640377,0.028828759,train,0.031503383
2018-04-13,TLT,0.00033095226,-0.017891416,0.01822237,train,0.016646244
2018-04-16,EFA,0.0045031304,0.032481343,0.027978212,train,0.019957313
2018-04-16,IWM,0.010818241,-0.06405706,0.0748753,train,0.008092988
2018-04-16,SPY,0.0106413625,-0.01688883,0.027530193,train,-0.020640377
2018-04-16,TLT,0.0027253206,0.002295474,0.00042984658,train,-0.017891416
2018-04-17,EFA,0.005181712,0.028972695,0.023790982,train,0.032481343
2018-04-17,IWM,0.0026705463,-0.08904361,0.09171416,train,-0.06405706
2018-04-17,SPY,0.00073986035,-0.048022084,0.048761945,train,-0.01688883
2018-04-17,TLT,-0.008031053,-0.009129325,0.0010982724,train,0.002295474
2018-04-18,EFA,-0.0037784576,-0.0027825455,0.0009959121,train,0.028972695
2018-04-18,IWM,-0.006945324,-0.079114996,0.07216967,train,-0.08904361
2018-04-18,SPY,-0.0055628857,-0.014603063,0.009040178,train,-0.048022084
2018-04-18,TLT,-0.008179358,-0.0033043767,0.0048749815,train,-0.009129325
2018-04-19,EFA,-0.0037930622,0.04121431,0.04500737,train,-0.0027825455
2018-04-19,IWM,-0.0053851856,0.042466566,0.047851752,train,-0.079114996
2018-04-19,SPY,-0.008515487,-0.020964181,0.012448694,train,-0.014603063
2018-04-19,TLT,-0.0072340313,-0.012693721,0.0054596895,train,-0.0033043767
2018-04-20,EFA,-0.0012675123,0.012173908,0.01344142,train,0.04121431
2018-04-20,IWM,-0.0014804461,-0.0075188666,0.0060384204,train,0.042466566
2018-04-20,SPY,-0.0001499224,-0.026441442,0.02629152,train,-0.020964181
2018-04-20,TLT,0.00025357786,-0.018249845,0.018503424,train,-0.012693721
2018-04-23,EFA,-0.004095185,0.0005699158,0.004665101,train,0.012173908
2018-04-23,IWM,-0.005746411,0.0081521105,0.013898522,train,-0.0075188666
2018-04-23,SPY,-0.0135589205,0.01680041,0.03035933,train,-0.026441442
2018-04-23,TLT,-0.0045679677,0.030527731,0.0350957,train,-0.018249845
2018-04-24,EFA,-0.0016992871,0.012494111,0.014193399,train,0.0005699158
2018-04-24,IWM,-0.0014904274,-0.019951398,0.01846097,train,0.0081521105
2018-04-24,SPY,0.002468711,-0.04724661,0.04971532,train,0.01680041
2018-04-24,TLT,-0.006720433,-0.0034969165,0.0032235165,train,0.030527731
2018-04-25,EFA,0.0049486617,-0.04258575,0.04753441,train,0.012494111
2018-04-25,IWM,0.0045937854,0.003203167,0.0013906183,train,-0.019951398
2018-04-25,SPY,0.010114358,-0.006813386,0.016927743,train,-0.04724661
2018-04-25,TLT,0.006974784,-0.053940576,0.06091536,train,-0.0034969165
2018-04-26,EFA,0.000986732,-0.025672702,0.026659435,train,-0.04258575
2018-04-26,IWM,-0.0014207052,-0.04638557,0.044964865,train,0.003203167
2018-04-26,SPY,0.00093838415,0.033749722,0.032811336,train,-0.006813386
2018-04-26,TLT,0.0076832348,0.0049192705,0.0027639642,train,-0.053940576
2018-04-27,EFA,-0.0032460275,-0.001311393,0.0019346345,train,-0.025672702
2018-04-27,IWM,-0.008896216,-0.009649219,0.0007530032,train,-0.04638557
2018-04-27,SPY,-0.007720102,-0.040069785,0.032349683,train,0.033749722
2018-04-27,TLT,0.0017649669,-0.004373915,0.0061388817,train,0.0049192705
2018-04-30,EFA,-0.0035404386,0.04167959,0.04522003,train,-0.001311393
2018-04-30,IWM,0.004879927,-0.026443433,0.03132336,train,-0.009649219
2018-04-30,SPY,0.0017747919,-0.046347223,0.048122015,train,-0.040069785
2018-04-30,TLT,-0.0036082044,0.00079808146,0.004406286,train,-0.004373915
2018-05-01,EFA,-0.00042570446,-0.0025406717,0.0021149672,train,0.04167959
2018-05-01,IWM,0.0037570593,-0.01619227,0.01994933,train,-0.026443433
2018-05-01,SPY,-0.0067399126,-0.027436968,0.020697055,train,-0.046347223
2018-05-01,TLT,-0.0010984283,0.02782335,0.028921777,train,0.00079808146
2018-05-02,EFA,0.0031176326,-0.04349692,0.046614554,train,-0.0025406717
2018-05-02,IWM,-0.0054463795,0.0005148918,0.0059612715,train,-0.01619227
2018-05-02,SPY,-0.0022059737,0.0009189336,0.0031249074,train,-0.027436968
2018-05-02,TLT,0.0044708382,0.02218383,0.017712992,train,0.02782335
2018-05-03,EFA,0.003530869,-0.020689407,0.024220277,train,-0.04349692
2018-05-03,IWM,0.012405778,-0.0017241114,0.01412989,train,0.0005148918
2018-05-03,SPY,0.012863444,-0.057201467,0.07006491,train,0.0009189336
2018-05-03,TLT,0.0015142934,-0.0050925757,0.006606869,train,0.02218383
2018-05-04,EFA,0.00014091276,-0.04050745,0.040648364,train,-0.020689407
2018-05-04,IWM,0.008440524,-0.026562804,0.035003327,train,-0.0017241114
2018-05-04,SPY,0.0033775219,-0.006365539,0.009743061,train,-0.057201467
2018-05-04,TLT,-0.001598319,-0.042405624,0.040807307,train,-0.0050925757
2018-05-07,EFA,0.00014096139,-0.01630515,0.016446112,train,-0.04050745
2018-05-07,IWM,0.00495413,0.035339225,0.030385096,train,-0.026562804
2018-05-07,SPY,0.0,0.0007277908,0.0007277908,train,-0.006365539
2018-05-07,TLT,-0.0009265917,-0.027769117,0.026842525,train,-0.042405624
2018-05-08,EFA,0.0023931037,-0.019481195,0.0218743,train,-0.01630515
2018-05-08,IWM,0.0053712768,0.019742245,0.014370969,train,0.035339225
2018-05-08,SPY,0.009618948,-0.027403034,0.037021983,train,0.0007277908
2018-05-08,TLT,-0.0059996634,0.021623416,0.02762308,train,-0.027769117
2018-05-09,EFA,0.0064471005,-0.02358609,0.030033192,train,-0.019481195
2018-05-09,IWM,0.0053422637,-0.010703145,0.016045408,train,0.019742245
2018-05-09,SPY,0.0093076,-0.045274995,0.054582596,train,-0.027403034
2018-05-09,TLT,0.008019878,0.001050238,0.0069696396,train,0.021623416
2018-05-10,EFA,0.0026508549,-0.036852416,0.03950327,train,-0.02358609
2018-05-10,IWM,0.0019414293,-0.021781104,0.023722533,train,-0.010703145
2018-05-10,SPY,0.0030463138,-0.043570276,0.04661659,train,-0.045274995
2018-05-10,TLT,0.0025194227,-0.014788127,0.01730755,train,0.001050238
2018-05-11,EFA,0.0018099302,-0.018504258,0.020314189,train,-0.036852416
2018-05-11,IWM,-0.0038234966,-0.04139916,0.037575662,train,-0.021781104
2018-05-11,SPY,0.00047638142,-0.06676728,0.067243665,train,-0.043570276
2018-05-11,TLT,-0.0052980906,-0.0018375902,0.0034605004,train,-0.014788127
2018-05-14,EFA,-0.007258506,-0.00489967,0.0023588361,train,-0.018504258
2018-05-14,IWM,0.00018844022,-0.010422921,0.010611361,train,-0.04139916
2018-05-14,SPY,-0.0069107222,-0.055609755,0.048699033,train,-0.06676728
2018-05-14,TLT,-0.011448163,-0.024144057,0.012695895,train,-0.0018375902
2018-05-15,EFA,0.0013997029,-0.0137190055,0.015118709,train,-0.00489967
2018-05-15,IWM,0.010368927,-0.028087175,0.0384561,train,-0.010422921
2018-05-15,SPY,0.0041962247,-0.0038506514,0.008046877,train,-0.055609755
2018-05-15,TLT,-0.0038452568,0.010879546,0.014724803,train,-0.024144057
2018-05-16,EFA,0.0015377192,0.0010001273,0.00053759187,train,-0.0137190055
2018-05-16,IWM,0.0045883264,-0.03574012,0.040328443,train,-0.028087175
2018-05-16,SPY,-0.00084491516,-0.04725532,0.046410404,train,-0.0038506514
2018-05-16,TLT,-0.005063885,0.019085394,0.02414928,train,0.010879546
2018-05-17,EFA,-0.0036382473,-0.006341211,0.0027029638,train,0.0010001273
2018-05-17,IWM,0.0012980124,-0.031000676,0.032298688,train,-0.03574012
2018-05-17,SPY,-0.0025031785,-0.053431608,0.05092843,train,-0.04725532
2018-05-17,TLT,0.008568117,-0.017174758,0.025742875,train,0.019085394
2018-05-18,EFA,0.006288665,0.019265452,0.012976788,train,-0.006341211
2018-05-18,IWM,0.006588522,-0.023704203,0.030292725,train,-0.031000676
2018-05-18,SPY,0.007490564,-0.039546546,0.04703711,train,-0.053431608
2018-05-18,TLT,0.000511614,-0.029415188,0.029926803,train,-0.017174758
2018-05-21,EFA,-0.0012544782,-0.009664776,0.008410297,train,0.019265452
2018-05-21,IWM,-0.0072683915,-0.021834979,0.014566587,train,-0.023704203
2018-05-21,SPY,-0.0027840796,-0.012944216,0.010160136,train,-0.039546546
2018-05-21,TLT,-0.0015358716,-0.017394675,0.015858803,train,-0.029415188
2018-05-22,EFA,-0.011080782,0.015459396,0.026540179,train,-0.009664776
2018-05-22,IWM,0.0012974188,0.06653855,0.06524113,train,-0.021834979
2018-05-22,SPY,0.0027472917,-0.011149125,0.013896417,train,-0.012944216
2018-05-22,TLT,0.0072328374,0.0067418,0.0004910375,train,-0.017394675
2018-05-23,EFA,-0.003107806,0.0062532113,0.0093610175,train,0.015459396
2018-05-23,IWM,0.00037026335,0.009330666,0.008960403,train,0.06653855
2018-05-23,SPY,-0.002051113,-0.057620592,0.05556948,train,-0.011149125
2018-05-23,TLT,0.00793886,0.027779616,0.019840756,train,0.0067418
2018-05-24,EFA,-0.006529393,0.048387256,0.05491665,train,0.0062532113
2018-05-24,IWM,-0.0017911552,0.008932019,0.010723174,train,0.009330666
2018-05-24,SPY,-0.0023853127,-0.050253447,0.047868133,train,-0.057620592
2018-05-24,TLT,0.006205245,0.006507035,0.00030178996,train,0.027779616
2018-05-25,EFA,-0.020574916,0.05985401,0.08042893,train,0.048387256
2018-05-25,IWM,-0.0013611916,0.02487724,0.026238432,train,0.008932019
2018-05-25,SPY,-0.011567627,-0.020720942,0.009153315,train,-0.050253447
2018-05-25,TLT,0.02166648,-0.011230968,0.03289745,train,0.006507035
2018-05-29,EFA,0.015148522,-0.009477539,0.024626061,train,0.05985401
2018-05-29,IWM,0.015724974,0.01337442,0.0023505539,train,0.02487724
2018-05-29,SPY,0.013256761,-0.051710617,0.06496738,train,-0.020720942
2018-05-29,TLT,-0.0067308396,0.059334934,0.06606577,train,-0.011230968
2018-05-30,EFA,-0.006320015,-0.011573043,0.0052530277,train,-0.009477539
2018-05-30,IWM,-0.008015868,0.009564435,0.017580304,train,0.01337442
2018-05-30,SPY,-0.006144948,0.013307905,0.019452853,train,-0.051710617
2018-05-30,TLT,-0.0016484986,-0.058991767,0.05734327,train,0.059334934
2018-05-31,EFA,0.0086083915,0.008514566,9.382516e-05,train,-0.011573043
2018-05-31,IWM,0.0065521086,0.06309661,0.056544505,train,0.009564435
2018-05-31,SPY,0.00976993,-0.03202501,0.04179494,train,0.013307905
2018-05-31,TLT,-0.00529738,0.016571643,0.021869022,train,-0.058991767
2018-06-01,EFA,0.0029954526,0.011787498,0.0087920455,train,0.008514566
2018-06-01,IWM,0.0052961195,0.03280314,0.027507022,train,0.06309661
2018-06-01,SPY,0.004740381,0.013941022,0.00920064,train,-0.03202501
2018-06-01,TLT,-0.007258343,-0.023314064,0.016055722,train,0.016571643
2018-06-04,EFA,-0.0015681058,0.015921304,0.01748941,train,0.011787498
2018-06-04,IWM,0.0061738594,0.031065656,0.024891797,train,0.03280314
2018-06-04,SPY,0.0007270005,-0.011593269,0.01232027,train,0.013941022
2018-06-04,TLT,0.002341373,-0.0013229451,0.003664318,train,-0.023314064
2018-06-05,EFA,0.008947332,0.0077873454,0.001159987,train,0.015921304
2018-06-05,IWM,0.0072144414,0.024759745,0.017545303,train,0.031065656
2018-06-05,SPY,0.008326151,0.017677836,0.009351685,train,-0.011593269
2018-06-05,TLT,-0.008135781,0.029556548,0.03769233,train,-0.0013229451
2018-06-06,EFA,-0.005671579,0.014350445,0.020022023,train,0.0077873454
2018-06-06,IWM,-0.005466372,0.03200187,0.037468243,train,0.024759745
2018-06-06,SPY,-0.00010839179,-0.014748067,0.014639675,train,0.017677836
2018-06-06,TLT,0.009638144,0.0067819846,0.0028561591,train,0.029556548
2018-06-07,EFA,0.0011369059,0.04928656,0.048149653,train,0.014350445
2018-06-07,IWM,0.0030070667,0.089229025,0.086221956,train,0.03200187
2018-06-07,SPY,0.0029519275,-0.01239386,0.015345788,train,-0.014748067
2018-06-07,TLT,-0.0030069079,-0.055794515,0.052787606,train,0.0067819846
2018-06-08,EFA,0.006370574,0.0067184763,0.00034790253,train,0.04928656
2018-06-08,IWM,0.0014999977,0.024411483,0.022911485,train,0.089229025
2018-06-08,SPY,0.0013292945,-0.023061363,0.024390658,train,-0.01239386
2018-06-08,TLT,-0.0018421704,0.009888492,0.011730662,train,-0.055794515
2018-06-11,EFA,-0.006370574,-0.014364963,0.007994389,train,0.0067184763
2018-06-11,IWM,0.0045471536,0.0022064582,0.0023406954,train,0.024411483
2018-06-11,SPY,0.001291537,-0.009301776,0.010593313,train,-0.023061363
2018-06-11,TLT,0.0002512713,-0.020052554,0.020303825,train,0.009888492
2018-06-12,EFA,0.0014193171,0.012004279,0.010584962,train,-0.014364963
2018-06-12,IWM,-0.003947441,0.0007620663,0.0047095073,train,0.0022064582
2018-06-12,SPY,-0.0031964853,0.008790726,0.011987211,train,-0.009301776
2018-06-12,TLT,-0.0005029238,0.0007512853,0.0012542091,train,-0.020052554
2018-06-13,EFA,-0.0021297317,0.009393135,0.011522867,train,0.012004279
2018-06-13,IWM,0.0053190584,0.008752229,0.0034331703,train,0.0007620663
2018-06-13,SPY,0.0025148464,-0.008097516,0.010612363,train,0.008790726
2018-06-13,TLT,0.008265362,-0.021832226,0.030097589,train,0.0007512853
2018-06-14,EFA,-0.0051295916,-0.00026185677,0.004867735,train,0.009393135
2018-06-14,IWM,0.00029808164,-0.03680285,0.037100933,train,0.008752229
2018-06-14,SPY,-0.001276582,-0.0004126854,0.0008638966,train,-0.008097516
2018-06-14,TLT,0.00091443333,-0.052245248,0.05315968,train,-0.021832226
2018-06-15,EFA,-0.0071683642,-0.031042261,0.023873897,train,-0.00026185677
2018-06-15,IWM,0.0046970365,-0.025807636,0.030504672,train,-0.03680285
2018-06-15,SPY,-0.0020589442,-0.039661884,0.03760294,train,-0.0004126854
2018-06-15,TLT,-0.00091443333,-0.016547458,0.015633024,train,-0.052245248
2018-06-18,EFA,-0.0092287585,-0.020203682,0.010974923,train,-0.031042261
2018-06-18,IWM,5.9026737e-05,0.0020127469,0.00195372,train,-0.025807636
2018-06-18,SPY,-0.0038400772,0.010134423,0.013974501,train,-0.039661884
2018-06-18,TLT,0.0058036325,-0.002232037,0.008035669,train,-0.016547458
2018-06-19,EFA,0.00074032333,-0.002914132,0.0036544553,train,-0.020203682
2018-06-19,IWM,0.008033595,0.01907896,0.011045366,train,0.0020127469
2018-06-19,SPY,0.0017046428,-0.039885566,0.04159021,train,0.010134423
2018-06-19,TLT,-0.008801342,-0.006122492,0.0026788502,train,-0.002232037
2018-06-20,EFA,-0.0071291914,-0.021245785,0.014116594,train,-0.002914132
2018-06-20,IWM,-0.009398493,0.020430522,0.029829014,train,0.01907896
2018-06-20,SPY,-0.0062888893,-0.05991592,0.05362703,train,-0.039885566
2018-06-20,TLT,0.0052406006,-0.0065891794,0.01182978,train,-0.006122492
2018-06-21,EFA,0.010527075,-0.022926552,0.03345363,train,-0.021245785
2018-06-21,IWM,-0.0033313588,0.016318033,0.019649392,train,0.020430522
2018-06-21,SPY,0.0018219198,-0.026598303,0.028420223,train,-0.05991592
2018-06-21,TLT,-8.3335995e-05,-0.041477267,0.041393932,train,-0.0065891794
2018-06-22,EFA,-0.013961192,-0.030953722,0.01699253,train,-0.022926552
2018-06-22,IWM,-0.0164617,-0.010489685,0.0059720147,train,0.016318033
2018-06-22,SPY,-0.013706593,-0.044342577,0.030635985,train,-0.026598303
2018-06-22,TLT,0.0022379013,-0.0040063723,0.006244274,train,-0.041477267
2018-06-25,EFA,0.0017933705,-0.07610777,0.07790114,train,-0.030953722
2018-06-25,IWM,0.0057982663,0.019991534,0.014193268,train,-0.010489685
2018-06-25,SPY,0.002211733,-0.023548668,0.025760401,train,-0.044342577
2018-06-25,TLT,0.001406176,0.014528133,0.013121957,train,-0.0040063723
2018-06-26,EFA,-0.009450491,0.030849604,0.040300094,train,-0.07610777
2018-06-26,IWM,-0.016149642,0.022641512,0.038791154,train,0.019991534
2018-06-26,SPY,-0.008318484,-0.0071183946,0.0012000892,train,-0.023548668
2018-06-26,TLT,0.009379827,0.017956281,0.008576454,train,0.014528133
2018-06-27,EFA,0.0037608447,0.005300483,0.0015396385,train,0.030849604
2018-06-27,IWM,0.003055685,-0.02245844,0.025514124,train,0.022641512
2018-06-27,SPY,0.0057006744,-0.014595319,0.020295992,train,-0.0071183946
2018-06-27,TLT,0.00024527733,-0.013791366,0.014036643,train,0.017956281
2018-06-28,EFA,0.005540108,0.03330823,0.027768122,train,0.005300483
2018-06-28,IWM,-0.0006717338,-0.018992327,0.018320594,train,-0.02245844
2018-06-28,SPY,0.0014387475,-0.012562597,0.014001344,train,-0.014595319
2018-06-28,TLT,-0.0034447464,-0.0015578954,0.0018868509,train,-0.013791366
2018-06-29,EFA,-0.009150232,-0.021867435,0.012717203,train,0.03330823
2018-06-29,IWM,0.0068763555,-0.0029307562,0.009807112,train,-0.018992327
2018-06-29,SPY,0.0021356768,-0.0035935743,0.005729251,train,-0.012562597
2018-06-29,TLT,-0.0007822256,-0.005274232,0.0044920063,train,-0.0015578954
2018-07-02,EFA,0.003009282,0.008031324,0.0050220415,train,-0.021867435
2018-07-02,IWM,0.003978638,0.0022032023,0.0017754356,train,-0.0029307562
2018-07-02,SPY,-0.0035373403,0.015193827,0.018731168,train,-0.0035935743
2018-07-02,TLT,0.0053419997,-0.0040762494,0.009418249,train,-0.005274232
2018-07-03,EFA,0.009867185,-0.031587467,0.04145465,train,0.008031324
2018-07-03,IWM,0.011331655,-0.031870406,0.04320206,train,0.0022032023
2018-07-03,SPY,0.008124782,-0.021101387,0.029226169,train,0.015193827
2018-07-03,TLT,0.0028650656,0.008667873,0.0058028074,train,-0.0040762494
2018-07-05,EFA,0.0053411713,-0.057138942,0.062480114,train,-0.031587467
2018-07-05,IWM,0.00841626,0.041716006,0.033299744,train,-0.031870406
2018-07-05,SPY,0.008422932,-0.0038670371,0.012289969,train,-0.021101387
2018-07-05,TLT,0.0032632726,-0.014044661,0.017307933,train,0.008667873
2018-07-06,EFA,0.00957227,-0.016445085,0.026017357,train,-0.057138942
2018-07-06,IWM,0.006280503,0.032551773,0.02627127,train,0.041716006
2018-07-06,SPY,0.008963908,-0.0032852306,0.012249138,train,-0.0038670371
2018-07-06,TLT,-0.006456136,-0.0019179261,0.0045382096,train,-0.014044661
2018-07-09,EFA,-0.00043969144,-0.0040519773,0.003612286,train,-0.016445085
2018-07-09,IWM,-0.0045586275,0.0129754525,0.01753408,train,0.032551773
2018-07-09,SPY,0.0035916814,0.020403123,0.016811442,train,-0.0032852306
2018-07-09,TLT,-8.186916e-05,-0.020223718,0.02014185,train,-0.0019179261
2018-07-10,EFA,-0.016856864,-0.0061212885,0.010735575,train,-0.0040519773
2018-07-10,IWM,-0.008520593,0.0060855844,0.014606178,train,0.0129754525
2018-07-10,SPY,-0.007341191,0.011586254,0.018927446,train,0.020403123
2018-07-10,TLT,0.0038463443,0.010131083,0.006284739,train,-0.020223718
2018-07-11,EFA,0.007724284,-0.040246055,0.04797034,train,-0.0061212885
2018-07-11,IWM,0.004835288,0.025596833,0.020761546,train,0.0060855844
2018-07-11,SPY,0.00902501,-0.005337778,0.014362788,train,0.011586254
2018-07-11,TLT,-8.171616e-05,-0.017645177,0.01756346,train,0.010131083
2018-07-12,EFA,0.0031026471,-0.063397795,0.06650044,train,-0.040246055
2018-07-12,IWM,-0.0029820064,0.024859643,0.02784165,train,0.025596833
2018-07-12,SPY,0.00078759645,-0.00306124,0.0038488365,train,-0.005337778
2018-07-12,TLT,0.0025290216,0.00556838,0.0030393584,train,-0.017645177
2018-07-13,EFA,-0.0004428272,-0.036175575,0.035732746,train,-0.063397795
2018-07-13,IWM,-0.0038902822,-0.017346488,0.013456206,train,0.024859643
2018-07-13,SPY,-0.0008949269,0.018470174,0.0193651,train,-0.00306124
2018-07-13,TLT,-0.0041640517,0.0006087948,0.0047728466,train,0.00556838
2018-07-16,EFA,0.0017695719,-0.026683683,0.028453255,train,-0.036175575
2018-07-16,IWM,0.004427818,0.011549809,0.007121991,train,-0.017346488
2018-07-16,SPY,0.0040372903,0.013799889,0.009762598,train,0.018470174
2018-07-16,TLT,-0.0018837003,-0.0012329011,0.00065079913,train,0.0006087948
2018-07-17,EFA,0.0001472529,-0.013415188,0.013562441,train,-0.026683683
2018-07-17,IWM,0.0028017263,0.005970338,0.0031686116,train,0.011549809
2018-07-17,SPY,0.0021010258,0.010475477,0.008374452,train,0.013799889
2018-07-17,TLT,-0.0040252195,-0.0009958888,0.0030293306,train,-0.0012329011
2018-07-18,EFA,-0.0020642197,0.005352518,0.0074167377,train,-0.013415188
2018-07-18,IWM,0.007059037,-0.003025658,0.010084695,train,0.005970338
2018-07-18,SPY,-0.0037782344,-0.016540537,0.0127623025,train,0.010475477
2018-07-18,TLT,0.006318102,0.0095101725,0.0031920704,train,-0.0009958888
2018-07-19,EFA,0.0047121206,0.02662197,0.021909848,train,0.005352518
2018-07-19,IWM,-0.004087156,-0.024884745,0.02079759,train,-0.003025658
2018-07-19,SPY,-0.0011435476,-0.01098842,0.009844872,train,-0.016540537
2018-07-19,TLT,-0.012344977,-0.022018855,0.009673879,train,0.0095101725
2018-07-20,EFA,0.0,-0.012762699,0.012762699,train,0.02662197
2018-07-20,IWM,0.0012458853,-0.0055122613,0.0067581465,train,-0.024884745
2018-07-20,SPY,0.0018575478,-0.0101028215,0.01196037,train,-0.01098842
2018-07-20,TLT,-0.012415249,0.04322476,0.05564001,train,-0.022018855
2018-07-23,EFA,0.0058590793,0.0023281774,0.0035309019,train,-0.012762699
2018-07-23,IWM,-0.0107276,-0.0027599013,0.007967699,train,-0.0055122613
2018-07-23,SPY,0.005019634,7.694628e-05,0.0049426877,train,-0.0101028215
2018-07-23,TLT,0.0034318592,0.015335785,0.011903926,train,0.04322476
2018-07-24,EFA,0.007420914,-0.06281718,0.07023809,train,0.0023281774
2018-07-24,IWM,0.0036484064,0.025075283,0.021426877,train,-0.0027599013
2018-07-24,SPY,0.008486072,-0.012535838,0.02102191,train,7.694628e-05
2018-07-24,TLT,-0.0015890333,-0.039700534,0.0381115,train,0.015335785
2018-07-25,EFA,-0.0045043016,0.00076758343,0.005271885,train,-0.06281718
2018-07-25,IWM,0.0053585516,0.01585508,0.010496528,train,0.025075283
2018-07-25,SPY,-0.002361631,-0.014131779,0.011770148,train,-0.012535838
2018-07-25,TLT,-0.0019265418,-0.05134061,0.04941407,train,-0.039700534
2018-07-26,EFA,0.0018913088,-0.062269703,0.06416101,train,0.00076758343
2018-07-26,IWM,-0.018821962,0.021930471,0.040752433,train,0.01585508
2018-07-26,SPY,-0.0067990455,0.0338889,0.040687945,train,-0.014131779
2018-07-26,TLT,0.0016755984,-0.054915525,0.056591123,train,-0.05134061
2018-07-27,EFA,-0.00014544361,-0.0031359768,0.0029905331,train,-0.062269703
2018-07-27,IWM,-0.0064350176,0.01535379,0.021788808,train,0.021930471
2018-07-27,SPY,-0.0052376403,0.021388115,0.026625756,train,0.0338889
2018-07-27,TLT,-0.0034380315,-0.019973202,0.01653517,train,-0.054915525
2018-07-30,EFA,0.0013075399,-0.05296557,0.05427311,train,-0.0031359768
2018-07-30,IWM,0.010119343,0.007847769,0.002271574,train,0.01535379
2018-07-30,SPY,0.004917595,0.019732734,0.014815139,train,0.021388115
2018-07-30,TLT,0.005445003,0.010680002,0.005234999,train,-0.019973202
2018-07-31,EFA,-0.0050941543,0.019227562,0.024321716,train,-0.05296557
2018-07-31,IWM,-0.00066340243,0.02782497,0.028488372,train,0.007847769
2018-07-31,SPY,-0.0016723821,0.013726777,0.01539916,train,0.019732734
2018-07-31,TLT,-0.008180417,-0.040282972,0.032102555,train,0.010680002
2018-08-01,EFA,-0.0065879608,0.015022783,0.021610744,train,0.019227562
2018-08-01,IWM,0.0072732326,-0.007672613,0.014945846,train,0.02782497
2018-08-01,SPY,0.005432909,7.0471724e-05,0.005362437,train,0.013726777
2018-08-01,TLT,0.0014343526,0.0034053666,0.0019710138,train,-0.040282972
2018-08-02,EFA,0.00058715197,-0.035057433,0.035644583,train,0.015022783
2018-08-02,IWM,-0.0034796898,-0.016507575,0.013027886,train,-0.007672613
2018-08-02,SPY,0.00427556,0.012020772,0.0077452124,train,7.0471724e-05
2018-08-02,TLT,0.004960889,-0.002454923,0.007415812,train,0.0034053666
2018-08-03,EFA,-0.0042660884,-0.01986728,0.015601192,train,-0.035057433
2018-08-03,IWM,0.0055735195,-0.025699249,0.03127277,train,-0.016507575
2018-08-03,SPY,0.003660442,0.021260018,0.017599575,train,0.012020772
2018-08-03,TLT,0.00058712735,-0.012676488,0.013263615,train,-0.002454923
2018-08-06,EFA,0.0077831727,-0.054837815,0.06262099,train,-0.01986728
2018-08-06,IWM,0.002387821,0.030762866,0.028375044,train,-0.025699249
2018-08-06,SPY,0.0032969436,0.020290202,0.016993258,train,0.021260018
2018-08-06,TLT,-0.0052107363,-0.0053084022,9.7665936e-05,train,-0.012676488
2018-08-07,EFA,-0.00087811216,0.015322725,0.016200837,train,-0.054837815
2018-08-07,IWM,-0.0008943643,-0.013396228,0.012501864,train,0.030762866
2018-08-07,SPY,-0.00042011173,0.014028241,0.014448353,train,0.020290202
2018-08-07,TLT,0.0010104432,-0.0020716419,0.003082085,train,-0.0053084022
2018-08-08,EFA,-0.0029325753,0.05705515,0.059987724,train,0.015322725
2018-08-08,IWM,0.0025624528,-0.01065107,0.013213523,train,-0.013396228
2018-08-08,SPY,-0.0013672899,0.0218462,0.023213489,train,0.014028241
2018-08-08,TLT,0.008382939,-0.013025939,0.021408878,train,-0.0020716419
2018-08-09,EFA,-0.020172693,-0.042791404,0.022618711,train,0.05705515
2018-08-09,IWM,-0.0028014926,-0.017974013,0.015172521,train,-0.01065107
2018-08-09,SPY,-0.0067224703,0.002227643,0.008950113,train,0.0218462
2018-08-09,TLT,0.00723675,-0.057772327,0.06500908,train,-0.013025939
2018-08-10,EFA,-0.0036023948,-0.035760444,0.032158047,train,-0.042791404
2018-08-10,IWM,-0.005866986,0.020354664,0.02622165,train,-0.017974013
2018-08-10,SPY,-0.0037501596,0.022093432,0.025843592,train,0.002227643
2018-08-10,TLT,-0.002073978,-0.04231753,0.04024355,train,-0.057772327
2018-08-13,EFA,-0.00015047434,0.01963749,0.019787963,train,-0.035760444
2018-08-13,IWM,0.009858369,0.006711629,0.0031467397,train,0.020354664
2018-08-13,SPY,0.0063601714,0.01640196,0.010041788,train,0.022093432
2018-08-13,TLT,-0.002245216,-0.0068590506,0.0046138344,train,-0.04231753
2018-08-14,EFA,-0.014543412,-0.023774398,0.009230986,train,0.01963749
2018-08-14,IWM,-0.012623973,-0.020427635,0.0078036617,train,0.006711629
2018-08-14,SPY,-0.007495627,0.02708231,0.034577936,train,0.01640196
2018-08-14,TLT,0.005809699,-0.006584523,0.0123942215,train,-0.0068590506
2018-08-15,EFA,0.006995011,-0.031607702,0.038602713,train,-0.023774398
2018-08-15,IWM,0.009229332,0.012200987,0.0029716548,train,-0.020427635
2018-08-15,SPY,0.0080589745,0.029860737,0.021801762,train,0.02708231
2018-08-15,TLT,-8.283442e-05,-0.0134686995,0.013385865,train,-0.006584523
2018-08-16,EFA,0.0058925487,-0.057399146,0.0632917,train,-0.031607702
2018-08-16,IWM,0.0042860564,0.007044218,0.0027581616,train,0.012200987
2018-08-16,SPY,0.0035138703,0.024822392,0.02130852,train,0.029860737
2018-08-16,TLT,0.0012403134,-0.016909713,0.018150026,train,-0.0134686995
2018-08-17,EFA,0.0054087215,-0.03943842,0.044847142,train,-0.057399146
2018-08-17,IWM,0.0027876669,0.002844459,5.679205e-05,train,0.007044218
2018-08-17,SPY,0.0021379853,0.004888755,0.0027507695,train,0.024822392
2018-08-17,TLT,0.006673223,0.014416644,0.0077434215,train,-0.016909713
2018-08-20,EFA,0.0061243675,-0.022392321,0.02851669,train,-0.03943842
2018-08-20,IWM,0.011426219,0.009995788,0.0014304304,train,0.002844459
2018-08-20,SPY,0.0023426907,0.039890878,0.037548188,train,0.004888755
2018-08-20,TLT,-0.003372003,-0.011080416,0.0077084126,train,0.014416644
2018-08-21,EFA,0.0038647072,-0.009364101,0.0132288085,train,-0.022392321
2018-08-21,IWM,0.0024562266,0.03291656,0.030460333,train,0.009995788
2018-08-21,SPY,-0.0005941441,0.013360147,0.013954291,train,0.039890878
2018-08-21,TLT,0.003946667,-0.0041370816,0.008083749,train,-0.011080416
2018-08-22,EFA,-0.0071461727,-0.0005115695,0.0066346033,train,-0.009364101
2018-08-22,IWM,-0.003041928,-0.03078268,0.02774075,train,0.03291656
2018-08-22,SPY,-0.0013291036,0.009676743,0.011005847,train,0.013360147
2018-08-22,TLT,0.0015583163,-0.012142178,0.013700494,train,-0.0041370816
2018-08-23,EFA,0.00581003,-0.0016593062,0.007469336,train,-0.0005115695
2018-08-23,IWM,0.0054343473,-0.012601571,0.018035918,train,-0.03078268
2018-08-23,SPY,0.0060006143,-0.00563553,0.0116361445,train,0.009676743
2018-08-23,TLT,0.001963984,-0.01875093,0.020714914,train,-0.012142178
2018-08-24,EFA,0.013280366,-0.036644988,0.049925353,train,-0.0016593062
2018-08-24,IWM,0.0014560262,-0.020233022,0.021689048,train,-0.012601571
2018-08-24,SPY,0.007864624,0.0032267966,0.0046378276,train,-0.00563553
2018-08-24,TLT,-0.005740306,-0.015054563,0.009314258,train,-0.01875093
2018-08-27,EFA,-0.0008798451,-0.012706468,0.011826623,train,-0.036644988
2018-08-27,IWM,0.0009305855,0.01909413,0.018163545,train,-0.020233022
2018-08-27,SPY,0.00048285766,0.018306928,0.01782407,train,0.0032267966
2018-08-27,TLT,-0.00602179,-0.009078974,0.0030571837,train,-0.015054563
2018-08-28,EFA,0.005413652,0.011049185,0.005635533,train,-0.012706468
2018-08-28,IWM,0.002903009,-0.01583728,0.018740289,train,0.01909413
2018-08-28,SPY,0.0053665647,0.034319453,0.02895289,train,0.018306928
2018-08-28,TLT,0.0013230288,0.014241463,0.012918434,train,-0.009078974
2018-08-29,EFA,-0.009530096,0.032243196,0.041773293,train,0.011049185
2018-08-29,IWM,-0.0008121336,-0.013729947,0.012917813,train,-0.01583728
2018-08-29,SPY,-0.0040567373,0.015770974,0.01982771,train,0.034319453
2018-08-29,TLT,0.0021458354,0.0011474458,0.0009983897,train,0.014241463
2018-08-30,EFA,-0.007987072,-0.029319003,0.021331932,train,0.032243196
2018-08-30,IWM,0.003822051,0.005134432,0.0013123811,train,-0.013729947
2018-08-30,SPY,3.4368295e-05,0.012226753,0.012192384,train,0.015770974
2018-08-30,TLT,-0.0023111866,-0.008157926,0.005846739,train,0.0011474458
2018-08-31,EFA,-0.008500699,-0.047123972,0.038623273,train,-0.029319003
2018-08-31,IWM,-0.004460271,0.0022700415,0.0067303125,train,0.005134432
2018-08-31,SPY,-0.0017234124,-0.013965892,0.012242479,train,0.012226753
2018-08-31,TLT,-0.0057982267,0.01490555,0.020703776,train,-0.008157926
2018-09-04,EFA,-0.009177552,-0.020417864,0.011240312,train,-0.047123972
2018-09-04,IWM,-0.0026741594,-0.004190126,0.0015159666,train,0.0022700415
2018-09-04,SPY,-0.0026952038,-0.021221697,0.018526495,train,-0.013965892
2018-09-04,TLT,-0.0026696506,0.025164252,0.027833903,train,0.01490555
2018-09-05,EFA,-0.0030275753,-0.029686721,0.026659146,train,-0.020417864
2018-09-05,IWM,-0.00677536,-0.031434953,0.024659593,train,-0.004190126
2018-09-05,SPY,-0.0030144127,-0.0073097474,0.0042953347,train,-0.021221697
2018-09-05,TLT,0.00366868,0.034466974,0.030798294,train,0.025164252
2018-09-06,EFA,-0.008067659,-0.06734567,0.05927801,train,-0.029686721
2018-09-06,IWM,-0.00052770454,-0.0066247876,0.006097083,train,-0.031434953
2018-09-06,SPY,-0.0019452433,0.0026871818,0.004632425,train,-0.0073097474
2018-09-06,TLT,-0.008525632,0.010061763,0.018587396,train,0.034466974
2018-09-07,EFA,0.0060946927,-0.084457114,0.09055181,train,-0.06734567
2018-09-07,IWM,0.0012305501,-0.017733352,0.018963903,train,-0.0066247876
2018-09-07,SPY,0.001736763,0.008567557,0.006830794,train,0.0026871818
2018-09-07,TLT,0.003686982,0.01348823,0.009801248,train,0.010061763
2018-09-10,EFA,0.0009109724,-0.051703542,0.052614514,train,-0.084457114
2018-09-10,IWM,0.0016387085,-0.014645444,0.016284153,train,-0.017733352
2018-09-10,SPY,0.003292049,-0.016737428,0.020029476,train,0.008567557
2018-09-10,TLT,-0.0076402244,-0.019926988,0.012286764,train,0.01348823
2018-09-11,EFA,0.00424065,-0.023576183,0.027816834,train,-0.051703542
2018-09-11,IWM,-0.0024002616,-0.01245944,0.010059179,train,-0.014645444
2018-09-11,SPY,0.00024254208,-0.006886318,0.00712886,train,-0.016737428
2018-09-11,TLT,0.0023569642,0.0032004975,0.0008435333,train,-0.019926988
2018-09-12,EFA,0.0073778536,-0.0039090463,0.011286899,train,-0.023576183
2018-09-12,IWM,0.00023461269,-0.035789914,0.036024526,train,-0.01245944
2018-09-12,SPY,0.005896452,-0.013618223,0.019514676,train,-0.006886318
2018-09-12,TLT,0.0015122064,-0.017240772,0.01875298,train,0.0032004975
2018-09-13,EFA,0.0014991084,0.02120093,0.019701822,train,-0.0039090463
2018-09-13,IWM,0.004210021,-0.0017648223,0.005974843,train,-0.035789914
2018-09-13,SPY,0.0001722238,0.01592557,0.015753346,train,-0.013618223
2018-09-13,TLT,-0.0047963476,-0.01211446,0.007318112,train,-0.017240772
2018-09-14,EFA,0.0008982164,-0.05692987,0.057828087,train,0.02120093
2018-09-14,IWM,-0.010676568,0.011242732,0.0219193,train,-0.0017648223
2018-09-14,SPY,-0.005308341,-0.008835828,0.0035274872,train,0.01592557
2018-09-14,TLT,0.0,0.012481637,0.012481637,train,-0.01211446
2018-09-17,EFA,0.01042142,-0.0747572,0.08517862,train,-0.05692987
2018-09-17,IWM,0.004178546,0.039831374,0.035652827,train,0.011242732
2018-09-17,SPY,0.0054112365,0.012724735,0.0073134983,train,-0.008835828
2018-09-17,TLT,-0.010515468,-0.014508612,0.0039931443,train,0.012481637
2018-09-18,EFA,0.0035480717,-0.005726272,0.009274343,train,-0.0747572
2018-09-18,IWM,-0.0036480888,0.030664083,0.03431217,train,0.039831374
2018-09-18,SPY,0.0010652267,0.013251604,0.012186376,train,0.012724735
2018-09-18,TLT,-0.005984723,-0.006905302,0.00092057884,train,-0.014508612
2018-09-19,EFA,0.012320563,0.041549608,0.029229045,train,-0.005726272
2018-09-19,IWM,0.009212159,-0.01701018,0.026222339,train,0.030664083
2018-09-19,SPY,0.008071372,0.0367839,0.028712528,train,0.013251604
2018-09-19,TLT,0.0046204003,-0.026871564,0.031491965,train,-0.006905302
2018-09-20,EFA,0.00043726712,0.002245667,0.0018083998,train,0.041549608
2018-09-20,IWM,-0.0048011485,-0.009581573,0.0047804248,train,-0.01701018
2018-09-20,SPY,-0.00091450644,0.0012825788,0.0021970852,train,0.0367839
2018-09-20,TLT,-0.00042713518,-0.048624065,0.04819693,train,-0.026871564
2018-09-21,EFA,-0.004527325,0.0259061,0.030433426,train,0.002245667
2018-09-21,IWM,-0.0037036112,0.015934499,0.01963811,train,-0.009581573
2018-09-21,SPY,-0.003327172,0.019128801,0.022455974,train,0.0012825788
2018-09-21,TLT,-0.002564875,-0.04282573,0.040260855,train,-0.048624065
2018-09-24,EFA,0.004964401,0.042969488,0.038005088,train,0.0259061
2018-09-24,IWM,0.0015299461,0.0053470586,0.0038171127,train,0.015934499
2018-09-24,SPY,-0.0009283738,0.027530225,0.028458599,train,0.019128801
2018-09-24,TLT,-0.0010281017,-0.0528375,0.051809397,train,-0.04282573
2018-09-25,EFA,0.00043688505,-0.019852668,0.020289553,train,0.042969488
2018-09-25,IWM,-0.00918202,0.014696323,0.023878343,train,0.0053470586
2018-09-25,SPY,-0.0029968058,0.016910415,0.019907221,train,0.027530225
2018-09-25,TLT,0.007003116,-0.053651296,0.060654413,train,-0.0528375
2018-09-26,EFA,-0.0020404318,-0.02590308,0.023862649,train,-0.019852668
2018-09-26,IWM,5.9155856e-05,0.0010688328,0.001009677,train,0.014696323
2018-09-26,SPY,0.002790527,0.023797765,0.021007238,train,0.016910415
2018-09-26,TLT,0.0006809231,-0.011642266,0.0123231895,train,-0.053651296
2018-09-27,EFA,-0.008202777,-0.0070034093,0.0011993679,train,-0.02590308
2018-09-27,IWM,0.0030305865,-0.018357512,0.021388099,train,0.0010688328
2018-09-27,SPY,0.000103203456,-0.018053515,0.018156718,train,0.023797765
2018-09-27,TLT,-0.0026404306,-0.0018614116,0.00077901897,train,-0.011642266
2018-09-28,EFA,0.0011761428,-0.045151085,0.046327226,train,-0.0070034093
2018-09-28,IWM,-0.013258414,-0.016093167,0.0028347522,train,-0.018357512
2018-09-28,SPY,0.0034683156,0.004152766,0.0006844504,train,-0.018053515
2018-09-28,TLT,-0.0073682563,-0.014577577,0.0072093206,train,-0.0018614116
2018-10-01,EFA,-0.0051551387,-0.039973218,0.03481808,train,-0.045151085
2018-10-01,IWM,-0.010881079,0.0016532098,0.012534289,train,-0.016093167
2018-10-01,SPY,-0.000583637,-0.003666773,0.003083136,train,0.004152766
2018-10-01,TLT,0.006094694,0.012368678,0.006273984,train,-0.014577577
2018-10-02,EFA,-0.0017734747,0.002017856,0.0037913308,train,-0.039973218
2018-10-02,IWM,0.008714315,-0.01279206,0.021506375,train,0.0016532098
2018-10-02,SPY,0.0005491221,0.0005827294,3.36073e-05,train,-0.003666773
2018-10-02,TLT,-0.01752426,-0.04077378,0.02324952,train,0.012368678
2018-10-03,EFA,-0.011755215,0.018979743,0.030734958,train,0.002017856
2018-10-03,IWM,-0.014138269,-0.0785303,0.06439203,train,-0.01279206
2018-10-03,SPY,-0.007846643,-0.0010262006,0.0068204426,train,0.0005827294
2018-10-03,TLT,-0.0070787966,-8.148473e-05,0.006997312,train,-0.04077378
2018-10-04,EFA,-0.0060050953,-0.0033776215,0.0026274738,train,0.018979743
2018-10-04,IWM,-0.00908504,0.013518292,0.022603333,train,-0.0785303
2018-10-04,SPY,-0.005612357,-0.007921673,0.0023093163,train,-0.0010262006
2018-10-04,TLT,-0.008632103,-0.03312082,0.024488715,train,-8.148473e-05
2018-10-05,EFA,-0.004830335,0.028807681,0.033638015,train,-0.0033776215
2018-10-05,IWM,-0.0020992684,-0.009161964,0.007062696,train,0.013518292
2018-10-05,SPY,0.0,0.0013329866,0.0013329866,train,-0.007921673
2018-10-05,TLT,-0.0033675367,-0.006110647,0.0027431105,train,-0.03312082
2018-10-08,EFA,-0.002575323,-0.028841747,0.026266424,train,0.028807681
2018-10-08,IWM,-0.0039008206,0.015542556,0.019443376,train,-0.009161964
2018-10-08,SPY,-0.0014605154,-0.008391543,0.006931028,train,0.0013329866
2018-10-08,TLT,0.010068283,-0.03367749,0.04374577,train,-0.006110647
2018-10-09,EFA,-0.021467011,-0.019892039,0.0015749726,train,-0.028841747
2018-10-09,IWM,-0.02914436,0.017916711,0.04706107,train,0.015542556
2018-10-09,SPY,-0.032175142,-0.014793548,0.017381594,train,-0.008391543
2018-10-09,TLT,-0.0027276422,-0.027930288,0.025202645,train,-0.03367749
2018-10-10,EFA,-0.014047101,0.020968588,0.035015687,train,-0.019892039
2018-10-10,IWM,-0.019282667,-0.022980327,0.0036976598,train,0.017916711
2018-10-10,SPY,-0.022272864,-0.055950716,0.033677854,train,-0.014793548
2018-10-10,TLT,0.01208607,-0.0073809377,0.019467007,train,-0.027930288
2018-10-11,EFA,0.0036085437,-0.0053021736,0.008910717,train,0.020968588
2018-10-11,IWM,0.00019492724,-0.009913562,0.01010849,train,-0.022980327
2018-10-11,SPY,0.013792881,0.004238947,0.0095539335,train,-0.055950716
2018-10-11,TLT,-0.0034883765,-0.02321283,0.019724453,train,-0.0073809377
2018-10-12,EFA,-0.002351963,-0.008554524,0.006202561,train,-0.0053021736
2018-10-12,IWM,0.0037040147,-0.025485503,0.029189518,train,-0.009913562
2018-10-12,SPY,-0.0056326278,-0.017040873,0.011408245,train,0.004238947
2018-10-12,TLT,-0.00043698607,-0.0029162657,0.0024792796,train,-0.02321283
2018-10-15,EFA,0.016966745,-0.04164882,0.058615565,train,-0.008554524
2018-10-15,IWM,0.028581714,-0.008638864,0.03722058,train,-0.025485503
2018-10-15,SPY,0.021630293,0.043632112,0.02200182,train,-0.017040873
2018-10-15,TLT,0.0022699174,0.006729674,0.0044597564,train,-0.0029162657
2018-10-16,EFA,-0.005727125,0.0258904,0.031617526,train,-0.04164882
2018-10-16,IWM,-0.0042955657,-0.08710281,0.08280724,train,-0.008638864
2018-10-16,SPY,0.0001780678,0.014009031,0.013830963,train,0.043632112
2018-10-16,TLT,-0.0059470045,-0.02931935,0.023372345,train,0.006729674
2018-10-17,EFA,-0.016275821,-0.014714351,0.0015614703,train,0.0258904
2018-10-17,IWM,-0.018916633,0.01987551,0.03879214,train,-0.08710281
2018-10-17,SPY,-0.014546606,0.03652531,0.051071916,train,0.014009031
2018-10-17,TLT,-0.00035109746,0.00578435,0.0061354474,train,-0.02931935
2018-10-18,EFA,0.005664012,-0.0032989993,0.008963011,train,-0.014714351
2018-10-18,IWM,-0.010637287,-0.022107536,0.011470249,train,0.01987551
2018-10-18,SPY,-0.00054256216,-0.033023287,0.032480724,train,0.03652531
2018-10-18,TLT,-0.0021959783,-0.014181314,0.0119853355,train,0.00578435
2018-10-19,EFA,-0.0044026007,-0.02909128,0.02468868,train,-0.0032989993
2018-10-19,IWM,-0.0021539195,0.02258235,0.02473627,train,-0.022107536
2018-10-19,SPY,-0.0044990564,0.038053323,0.042552378,train,-0.033023287
2018-10-19,TLT,-0.0013201372,-0.0011462397,0.00017389748,train,-0.014181314
2018-10-22,EFA,-0.009499599,0.0115466025,0.021046203,train,-0.02909128
2018-10-22,IWM,-0.008992793,0.09204165,0.10103444,train,0.02258235
2018-10-22,SPY,-0.005103653,0.046118107,0.051221758,train,0.038053323
2018-10-22,TLT,0.0031649773,0.04312748,0.039962504,train,-0.0011462397
2018-10-23,EFA,-0.028725656,-0.011974471,0.016751185,train,0.0115466025
2018-10-23,IWM,-0.03837735,-0.01090681,0.027470538,train,0.09204165
2018-10-23,SPY,-0.030766997,0.016099488,0.046866484,train,0.046118107
2018-10-23,TLT,0.007521369,0.01167256,0.004151191,train,0.04312748
2018-10-24,EFA,0.012527588,-0.020279577,0.032807164,train,-0.011974471
2018-10-24,IWM,0.021420622,0.034828186,0.013407564,train,-0.01090681
2018-10-24,SPY,0.017781464,-0.010037141,0.027818605,train,0.016099488
2018-10-24,TLT,-0.004191017,-0.00027305778,0.003917959,train,0.01167256
2018-10-25,EFA,-0.0068137883,-0.05846408,0.051650293,train,-0.020279577
2018-10-25,IWM,-0.010991719,-0.06929188,0.058300164,train,0.034828186
2018-10-25,SPY,-0.017743837,-0.052809995,0.035066158,train,-0.010037141
2018-10-25,TLT,0.006018592,-0.0092664305,0.015285023,train,-0.00027305778
2018-10-26,EFA,-0.0027712656,-0.016344918,0.013573652,train,-0.05846408
2018-10-26,IWM,-0.0055077276,0.013368284,0.018876012,train,-0.06929188
2018-10-26,SPY,-0.005555873,0.020636339,0.02619221,train,-0.052809995
2018-10-26,TLT,-0.0022637905,0.029641377,0.031905167,train,-0.0092664305
2018-10-29,EFA,0.012007435,-0.017985538,0.029992972,train,-0.016344918
2018-10-29,IWM,0.020648565,0.033356946,0.012708381,train,0.013368284
2018-10-29,SPY,0.014710031,0.045711488,0.031001456,train,0.020636339
2018-10-29,TLT,-0.0049807476,0.00015608076,0.0051368284,train,0.029641377
2018-10-30,EFA,0.007391884,0.012835043,0.0054431586,train,-0.017985538
2018-10-30,IWM,0.0020014786,-0.021775661,0.02377714,train,0.033356946
2018-10-30,SPY,0.010624098,0.018390125,0.007766027,train,0.045711488
2018-10-30,TLT,-0.005093408,0.020091241,0.02518465,train,0.00015608076
2018-10-31,EFA,0.01272681,-0.0002656221,0.012992432,train,0.012835043
2018-10-31,IWM,0.02280066,0.013721904,0.009078756,train,-0.021775661
2018-10-31,SPY,0.010585543,-0.037651747,0.04823729,train,0.018390125
2018-10-31,TLT,0.00092613406,-0.03222513,0.03315126,train,0.020091241
2018-11-01,EFA,0.0014216845,0.0021683523,0.00074666773,train,-0.0002656221
2018-11-01,IWM,0.0033167393,0.036840364,0.033523627,train,0.013721904
2018-11-01,SPY,-0.0059403973,-0.011515647,0.00557525,train,-0.037651747
2018-11-01,TLT,-0.012510665,-0.00394918,0.0085614845,train,-0.03222513
2018-11-02,EFA,0.0,-0.013360284,0.013360284,train,0.0021683523
2018-11-02,IWM,-0.0007792154,0.0095221605,0.010301376,train,0.036840364
2018-11-02,SPY,0.005501659,-0.09141085,0.09691251,train,-0.011515647
2018-11-02,TLT,0.0039210897,-0.034293283,0.03821437,train,-0.00394918
2018-11-05,EFA,0.0040958296,0.0021152091,0.0019806204,train,-0.013360284
2018-11-05,IWM,0.004926611,0.010793367,0.005866756,train,0.0095221605
2018-11-05,SPY,0.006308016,-0.016750535,0.02305855,train,-0.09141085
2018-11-05,TLT,-0.0006226267,-0.0020693108,0.0014466841,train,-0.034293283
2018-11-06,EFA,0.0132742105,0.01730711,0.0040328996,train,0.0021152091
2018-11-06,IWM,0.017753929,0.00012662861,0.0176273,train,0.010793367
2018-11-06,SPY,0.021182785,-0.013510665,0.03469345,train,-0.016750535
2018-11-06,TLT,0.0013338804,-0.01581897,0.017152851,train,-0.0020693108
2018-11-07,EFA,-0.009821397,-0.017192869,0.0073714713,train,0.01730711
2018-11-07,IWM,-0.002671443,-0.095041476,0.09237003,train,0.00012662861
2018-11-07,SPY,-0.0018165163,-0.09783729,0.09602077,train,-0.013510665
2018-11-07,TLT,-8.893115e-05,0.017362988,0.01745192,train,-0.01581897
2018-11-08,EFA,-0.0066017997,0.07136721,0.077969015,train,-0.017192869
2018-11-08,IWM,-0.01871027,0.028729042,0.047439314,train,-0.095041476
2018-11-08,SPY,-0.009816198,0.020359347,0.030175544,train,-0.09783729
2018-11-08,TLT,0.007438232,-0.018992838,0.026431069,train,0.017362988
2018-11-09,EFA,-0.016537217,0.038377184,0.0549144,train,0.07136721
2018-11-09,IWM,-0.019993681,0.0526013,0.072594985,train,0.028729042
2018-11-09,SPY,-0.018862024,0.036907643,0.055769667,train,0.020359347
2018-11-09,TLT,0.0065071555,0.07032844,0.06382128,train,-0.018992838
2018-11-12,EFA,0.004319495,-0.021241466,0.02556096,train,0.038377184
2018-11-12,IWM,-0.0031830852,0.11724911,0.12043219,train,0.0526013
2018-11-12,SPY,-0.0018727537,0.031845875,0.03371863,train,0.036907643
2018-11-12,TLT,-0.00061353715,0.04190613,0.042519666,train,0.07032844
2018-11-13,EFA,0.00079805165,0.022530679,0.021732626,train,-0.021241466
2018-11-13,IWM,-0.0073332842,0.15293288,0.16026616,train,0.11724911
2018-11-13,SPY,-0.0068599773,0.010735616,0.017595593,train,0.031845875
2018-11-13,TLT,0.00061353715,-0.022509417,0.023122953,train,0.04190613
2018-11-14,EFA,0.0031852468,0.018685257,0.01550001,train,0.022530679
2018-11-14,IWM,0.014151486,0.044622812,0.030471327,train,0.15293288
2018-11-14,SPY,0.0103824185,-0.01972106,0.030103479,train,0.010735616
2018-11-14,TLT,-0.00043844912,-0.004331102,0.003892653,train,-0.022509417
2018-11-15,EFA,0.001112247,0.012928973,0.011816726,train,0.018685257
2018-11-15,IWM,0.0023722195,0.1379593,0.13558708,train,0.044622812
2018-11-15,SPY,0.0025973811,-0.01360108,0.01619846,train,-0.01972106
2018-11-15,TLT,0.0057709944,-0.044968333,0.050739326,train,-0.004331102
2018-11-16,EFA,-0.008774076,-0.046487026,0.03771295,train,0.012928973
2018-11-16,IWM,-0.020479592,0.070241414,0.090721,train,0.1379593
2018-11-16,SPY,-0.01705947,-0.037422456,0.020362986,train,-0.01360108
2018-11-16,TLT,0.0027859025,-0.031504206,0.03429011,train,-0.044968333
2018-11-19,EFA,-0.017456345,-0.100453876,0.08299753,train,-0.046487026
2018-11-19,IWM,-0.01946818,-0.069146425,0.049678244,train,0.070241414
2018-11-19,SPY,-0.018679522,-0.005948936,0.012730585,train,-0.037422456
2018-11-19,TLT,0.00034775384,-0.046428405,0.046776157,train,-0.031504206
2018-11-20,EFA,0.013925291,-0.06740842,0.08133371,train,-0.100453876
2018-11-20,IWM,0.01387702,-0.060998242,0.074875265,train,-0.069146425
2018-11-20,SPY,0.003401756,-0.0010967511,0.004498507,train,-0.005948936
2018-11-20,TLT,-0.00034775384,-0.020963663,0.02061591,train,-0.046428405
2018-11-21,EFA,-0.0066147456,0.037462085,0.04407683,train,-0.06740842
2018-11-21,IWM,-0.0009460904,0.061210223,0.062156312,train,-0.060998242
2018-11-21,SPY,-0.006700956,0.13345252,0.14015348,train,-0.0010967511
2018-11-21,TLT,0.0010426546,-0.026402025,0.02744468,train,-0.020963663
2018-11-23,EFA,0.0149412425,-0.05761165,0.0725529,train,0.037462085
2018-11-23,IWM,0.01289879,0.0602256,0.04732681,train,0.061210223
2018-11-23,SPY,0.016015261,0.096351765,0.0803365,train,0.13345252
2018-11-23,TLT,-0.0022605015,-0.010073738,0.007813237,train,-0.026402025
2018-11-26,EFA,-0.0038344203,-0.018850489,0.015016068,train,-0.05761165
2018-11-26,IWM,-0.008311405,0.097263955,0.10557536,train,0.0602256
2018-11-26,SPY,0.0033587813,0.0078068194,0.004448038,train,0.096351765
2018-11-26,TLT,0.0011310932,0.10381309,0.102681994,train,-0.010073738
2018-11-27,EFA,0.014146245,-0.0010183691,0.015164614,train,-0.018850489
2018-11-27,IWM,0.024402073,0.011356147,0.013045926,train,0.097263955
2018-11-27,SPY,0.022764519,-0.011986372,0.03475089,train,0.0078068194
2018-11-27,TLT,-0.0048813913,-0.0072067394,0.002325348,train,0.10381309
2018-11-28,EFA,-0.005063219,0.028614087,0.033677306,train,-0.0010183691
2018-11-28,IWM,-0.0026969272,-0.03183709,0.029140163,train,0.011356147
2018-11-28,SPY,-0.0021881107,0.013917693,0.016105805,train,-0.011986372
2018-11-28,TLT,0.003924402,0.019425841,0.01550144,train,-0.0072067394
2018-11-29,EFA,-0.00429218,0.059860855,0.06415304,train,0.028614087
2018-11-29,IWM,0.0051896926,-0.008915098,0.014104791,train,-0.03183709
2018-11-29,SPY,0.0060770065,-0.00071248744,0.006789494,train,0.013917693
2018-11-29,TLT,0.003735718,0.015241971,0.011506253,train,0.019425841
2018-11-30,EFA,0.01313621,0.031217782,0.018081572,train,0.059860855
2018-11-30,IWM,0.009520966,-0.049965926,0.059486892,train,-0.008915098
2018-11-30,SPY,0.013154565,0.00058098923,0.0125735765,train,-0.00071248744
2018-11-30,TLT,0.007075284,0.017183498,0.010108214,train,0.015241971
2018-12-03,EFA,-0.026285905,0.0101041095,0.036390014,train,0.031217782
2018-12-03,IWM,-0.043508284,-0.039356425,0.0041518584,train,-0.049965926
2018-12-03,SPY,-0.032938525,-0.013869425,0.0190691,train,0.00058098923
2018-12-03,TLT,0.016602376,0.01987415,0.0032717735,train,0.017183498
2018-12-04,EFA,-0.009406531,-0.04467328,0.03526675,train,0.0101041095
2018-12-04,IWM,-0.0021717525,-0.0383351,0.03616335,train,-0.039356425
2018-12-04,SPY,-0.0015186075,-0.0449706,0.043451995,train,-0.013869425
2018-12-04,TLT,0.0031357382,0.025880026,0.022744287,train,0.01987415
2018-12-06,EFA,-0.010154064,-0.010376921,0.00022285711,train,-0.04467328
2018-12-06,IWM,-0.021839758,0.0867941,0.10863386,train,-0.0383351
2018-12-06,SPY,-0.023510046,-0.015949043,0.007561004,train,-0.0449706
2018-12-06,TLT,0.0018598251,-0.016246477,0.018106302,train,0.025880026
2018-12-07,EFA,-0.0077666407,0.036169164,0.043935806,train,-0.010376921
2018-12-07,IWM,-0.0029205275,0.16511472,0.16803524,train,0.0867941
2018-12-07,SPY,0.0018952138,0.042242162,0.040346947,train,-0.015949043
2018-12-07,TLT,0.004129512,-0.024075339,0.02820485,train,-0.016246477
2018-12-10,EFA,0.0031468507,-0.012929646,0.016076498,train,0.036169164
2018-12-10,IWM,-0.0010452827,0.16271202,0.16375731,train,0.16511472
2018-12-10,SPY,0.00022700615,0.11398146,0.11375446,train,0.042242162
2018-12-10,TLT,-0.00016825023,0.0025577457,0.0027259958,train,-0.024075339
2018-12-11,EFA,0.014610877,0.014283793,0.0003270842,train,-0.012929646
2018-12-11,IWM,0.009505266,0.15344062,0.14393535,train,0.16271202
2018-12-11,SPY,0.005022737,0.14315619,0.13813345,train,0.11398146
2018-12-11,TLT,-0.004468345,-0.011171775,0.00670343,train,0.0025577457
2018-12-12,EFA,-0.001794259,0.029473843,0.0312681,train,0.014283793
2018-12-12,IWM,-0.014256892,0.014115503,0.028372396,train,0.15344062
2018-12-12,SPY,-0.00033904726,-0.04196971,0.041630663,train,0.14315619
2018-12-12,TLT,-0.0023684213,-0.04250037,0.04013195,train,-0.011171775
2018-12-13,EFA,-0.012981863,-0.091926925,0.07894506,train,0.029473843
2018-12-13,IWM,-0.015244585,-0.036713876,0.021469291,train,0.014115503
2018-12-13,SPY,-0.01863738,-0.027816033,0.009178653,train,-0.04196971
2018-12-13,TLT,0.0034661978,-0.048801746,0.052267943,train,-0.04250037
2018-12-14,EFA,-0.007970924,-0.08909825,0.08112733,train,-0.091926925
2018-12-14,IWM,-0.022522235,-0.10046696,0.077944726,train,-0.036713876
2018-12-14,SPY,-0.01981335,-0.014752664,0.005060686,train,-0.027816033
2018-12-14,TLT,0.005807116,-0.027947785,0.0337549,train,-0.048801746
2018-12-17,EFA,0.0008087442,-0.12714498,0.12795372,train,-0.08909825
2018-12-17,IWM,-0.0012415025,-0.1146073,0.11336579,train,-0.10046696
2018-12-17,SPY,-0.0010971572,-0.02528107,0.024183912,train,-0.014752664
2018-12-17,TLT,0.005971134,-0.03999627,0.045967404,train,-0.027947785
2018-12-18,EFA,-0.009644018,-0.16788675,0.15824273,train,-0.12714498
2018-12-18,IWM,-0.021045886,-0.09438083,0.07333495,train,-0.1146073
2018-12-18,SPY,-0.015088973,-0.0017171041,0.013371868,train,-0.02528107
2018-12-18,TLT,0.013124049,-0.026725532,0.03984958,train,-0.03999627
2018-12-19,EFA,-0.0040884814,-0.1151535,0.111065015,train,-0.16788675
2018-12-19,IWM,-0.016629677,-0.14989498,0.1332653,train,-0.09438083
2018-12-19,SPY,-0.016411839,-0.035019077,0.018607238,train,-0.0017171041
2018-12-19,TLT,-0.003637658,-0.011927726,0.008290067,train,-0.026725532
2018-12-20,EFA,-0.01756549,-0.07737602,0.059810534,train,-0.1151535
2018-12-20,IWM,-0.02629309,-0.18471318,0.1584201,train,-0.14989498
2018-12-20,SPY,-0.020702336,-0.057112955,0.03641062,train,-0.035019077
2018-12-20,TLT,-0.00016583512,-0.005585776,0.005419941,train,-0.011927726
2018-12-21,EFA,-0.01170852,-0.09834479,0.08663627,train,-0.07737602
2018-12-21,IWM,-0.019587783,-0.15766641,0.13807863,train,-0.18471318
2018-12-21,SPY,-0.026778337,-0.060044818,0.03326648,train,-0.057112955
2018-12-21,TLT,0.0049581286,-0.0058630086,0.010821138,train,-0.005585776
2018-12-24,EFA,0.0229375,-0.18177183,0.20470934,train,-0.09834479
2018-12-24,IWM,0.046942227,-0.17826447,0.2252067,train,-0.15766641
2018-12-24,SPY,0.049289808,0.024533613,0.024756195,train,-0.060044818
2018-12-24,TLT,-0.010773297,-0.004956597,0.0058167004,train,-0.0058630086
2018-12-26,EFA,0.0029164527,0.025418958,0.022502504,train,-0.18177183
2018-12-26,IWM,0.0041604196,0.058821075,0.054660656,train,-0.17826447
2018-12-26,SPY,0.007648248,0.2072144,0.19956616,train,0.024533613
2018-12-26,TLT,0.00016672447,-0.016473157,0.016639883,train,-0.004956597
2018-12-27,EFA,0.0052959234,-0.037603453,0.042899378,train,0.025418958
2018-12-27,IWM,0.0028645447,0.15847315,0.15560861,train,0.058821075
2018-12-27,SPY,-0.0012909009,0.03292716,0.03421806,train,0.2072144
2018-12-27,TLT,0.008378553,-0.027895799,0.03627435,train,-0.016473157
2018-12-28,EFA,0.0015323755,-0.039019115,0.04055149,train,-0.037603453
2018-12-28,IWM,0.007797147,0.15013354,0.14233638,train,0.15847315
2018-12-28,SPY,0.008720621,0.069207326,0.060486704,train,0.03292716
2018-12-28,TLT,0.0037929893,-0.03594238,0.03973537,train,-0.027895799
2018-12-31,EFA,-0.0020436628,-0.037317935,0.03527427,train,-0.039019115
2018-12-31,IWM,0.005659603,0.03727215,0.03161255,train,0.15013354
2018-12-31,SPY,0.0010397194,0.068804555,0.06776483,train,0.069207326
2018-12-31,TLT,0.005253151,-0.0171012,0.022354351,train,-0.03594238
2019-01-02,EFA,-0.009076062,-0.1580426,0.14896654,train,-0.037317935
2019-01-02,IWM,-0.0180589,-0.008207871,0.009851029,train,0.03727215
2019-01-02,SPY,-0.024151992,0.023083327,0.047235318,train,0.068804555
2019-01-02,TLT,0.011315562,0.0105267335,0.00078882836,train,-0.0171012
2019-01-03,EFA,0.030161465,-0.03765505,0.06781652,train,-0.1580426
2019-01-03,IWM,0.036672678,-0.00043814402,0.03711082,train,-0.008207871
2019-01-03,SPY,0.03294714,0.0008095749,0.032137565,train,0.023083327
2019-01-03,TLT,-0.011643047,0.034350783,0.04599383,train,0.0105267335
2019-01-04,EFA,0.003831818,0.06081699,0.05698517,train,-0.03765505
2019-01-04,IWM,0.017342571,0.12399327,0.106650695,train,-0.00043814402
2019-01-04,SPY,0.007853361,-0.05704821,0.06490157,train,0.0008095749
2019-01-04,TLT,-0.0029527473,0.01836141,0.021314157,train,0.034350783
2019-01-07,EFA,0.006463729,-0.061691202,0.06815493,train,0.06081699
2019-01-07,IWM,0.015214346,-0.09885111,0.11406545,train,0.12399327
2019-01-07,SPY,0.009351757,-0.0004409743,0.009792732,train,-0.05704821
2019-01-07,TLT,-0.002631756,0.049359813,0.05199157,train,0.01836141
2019-01-08,EFA,0.011171564,-0.047688153,0.058859717,train,-0.061691202
2019-01-08,IWM,0.008221515,-0.13394566,0.14216718,train,-0.09885111
2019-01-08,SPY,0.0046624583,-0.013627231,0.018289689,train,-0.0004409743
2019-01-08,TLT,-0.0015660017,0.04745247,0.04901847,train,0.049359813
2019-01-09,EFA,0.0039132326,0.06111784,0.057204608,train,-0.047688153
2019-01-09,IWM,0.005164946,-0.14608581,0.15125076,train,-0.13394566
2019-01-09,SPY,0.0035214494,-0.04611802,0.04963947,train,-0.013627231
2019-01-09,TLT,-0.0064539867,0.021819655,0.028273642,train,0.04745247
2019-01-10,EFA,-0.0068582394,0.06892272,0.07578096,train,0.06111784
2019-01-10,IWM,0.00027817048,-0.11691161,0.11718978,train,-0.14608581
2019-01-10,SPY,0.00038595093,0.0015974031,0.0012114522,train,-0.04611802
2019-01-10,TLT,0.003894045,-0.009077823,0.012971868,train,0.021819655
2019-01-11,EFA,-0.004598327,0.049872436,0.054470763,train,0.06892272
2019-01-11,IWM,-0.010002121,-0.12938716,0.119385034,train,-0.11691161
2019-01-11,SPY,-0.006119465,-0.025931424,0.019811958,train,0.0015974031
2019-01-11,TLT,-0.0037281618,0.04154449,0.045272652,train,-0.009077823
2019-01-14,EFA,0.0052535743,0.05967506,0.054421484,train,0.049872436
2019-01-14,IWM,0.008400421,-0.05897648,0.0673769,train,-0.12938716
2019-01-14,SPY,0.011395763,-0.012771962,0.024167724,train,-0.025931424
2019-01-14,TLT,-0.0036585988,0.01608893,0.01974753,train,0.04154449
2019-01-15,EFA,0.0027797518,-0.0007671542,0.003546906,train,0.05967506
2019-01-15,IWM,0.0074315937,-0.026458228,0.033889823,train,-0.05897648
2019-01-15,SPY,0.0024169348,-0.07678277,0.0791997,train,-0.012771962
2019-01-15,TLT,0.000999142,0.014835263,0.013836121,train,0.01608893
2019-01-16,EFA,0.0035859342,-0.0005730666,0.0041590007,train,-0.0007671542
2019-01-16,IWM,0.009023458,-0.096493416,0.10551687,train,-0.026458228
2019-01-16,SPY,0.00755772,-0.062426865,0.069984585,train,-0.07678277
2019-01-16,TLT,0.00024947428,0.0032619515,0.0030124772,train,0.014835263
2019-01-17,EFA,0.010037272,0.06394034,0.053903066,train,-0.0005730666
2019-01-17,IWM,0.010233123,-0.1459506,0.15618372,train,-0.096493416
2019-01-17,SPY,0.013222367,-0.041100554,0.05432292,train,-0.062426865
2019-01-17,TLT,-0.0052554314,-0.027596708,0.022341277,train,0.0032619515
2019-01-18,EFA,-0.015584618,0.014705172,0.03028979,train,0.06394034
2019-01-18,IWM,-0.015940903,-0.025231862,0.00929096,train,-0.1459506
2019-01-18,SPY,-0.013602282,-0.02280132,0.009199037,train,-0.041100554
2019-01-18,TLT,0.006751592,-0.0067530796,0.013504671,train,-0.027596708
2019-01-22,EFA,0.004570785,-0.107974954,0.112545736,train,0.014705172
2019-01-22,IWM,-0.0027624548,-0.055326983,0.052564528,train,-0.025231862
2019-01-22,SPY,0.0020900338,-0.091932885,0.09402292,train,-0.02280132
2019-01-22,TLT,-0.00041502222,0.014513023,0.014928046,train,-0.0067530796
2019-01-23,EFA,0.0011393051,-0.06135672,0.062496025,train,-0.107974954
2019-01-23,IWM,0.005998271,-0.10867182,0.11467009,train,-0.055326983
2019-01-23,SPY,0.00053145114,0.005210823,0.0046793716,train,-0.091932885
2019-01-23,TLT,0.00654448,0.015848486,0.009304006,train,0.014513023
2019-01-24,EFA,0.01132321,-0.19711511,0.20843832,train,-0.06135672
2019-01-24,IWM,0.012773121,-0.18762623,0.20039935,train,-0.10867182
2019-01-24,SPY,0.008425643,-0.20215556,0.2105812,train,0.005210823
2019-01-24,TLT,-0.0048003905,0.02368313,0.028483521,train,0.015848486
2019-01-25,EFA,-0.0054837437,-0.05644287,0.05095913,train,-0.19711511
2019-01-25,IWM,-0.005376056,0.019659868,0.025035923,train,-0.18762623
2019-01-25,SPY,-0.007629027,-0.061590552,0.053961527,train,-0.20215556
2019-01-25,TLT,-0.0009961507,0.02816275,0.0291589,train,0.02368313
2019-01-28,EFA,0.002261646,-0.09868718,0.100948825,train,-0.05644287
2019-01-28,IWM,-0.002391239,-0.07570174,0.0733105,train,0.019659868
2019-01-28,SPY,-0.0013280665,-0.030708948,0.029380882,train,-0.061590552
2019-01-28,TLT,0.0050529265,0.017977243,0.012924317,train,0.02816275
2019-01-29,EFA,0.010913306,-0.0050385217,0.015951827,train,-0.09868718
2019-01-29,IWM,0.010884662,-0.10981368,0.12069835,train,-0.07570174
2019-01-29,SPY,0.015706673,-0.052082945,0.067789614,train,-0.030708948
2019-01-29,TLT,-0.0007438594,-0.0023167604,0.0015729009,train,0.017977243
2019-01-30,EFA,0.00047873266,0.016924135,0.016445402,train,-0.0050385217
2019-01-30,IWM,0.008488918,0.048667222,0.040178306,train,-0.10981368
2019-01-30,SPY,0.00874433,-0.026530026,0.035274357,train,-0.052082945
2019-01-30,TLT,0.008563438,0.02879665,0.020233212,train,-0.0023167604
2019-01-31,EFA,-0.0003190795,-0.01161938,0.0113003,train,0.016924135
2019-01-31,IWM,0.00080429146,-0.07002016,0.07082445,train,0.048667222
2019-01-31,SPY,0.0004812368,-0.04157916,0.042060398,train,-0.026530026
2019-01-31,TLT,-0.0060583903,-0.053343497,0.047285106,train,0.02879665
2019-02-01,EFA,0.0036638812,-0.0973511,0.10101498,train,-0.01161938
2019-02-01,IWM,0.011861552,-0.1753229,0.18718445,train,-0.07002016
2019-02-01,SPY,0.0070111156,-0.043142103,0.05015322,train,-0.04157916
2019-02-01,TLT,-0.0044740336,-0.04044933,0.035975296,train,-0.053343497
2019-02-04,EFA,0.0077611785,-0.046732713,0.05449389,train,-0.0973511
2019-02-04,IWM,0.0010591983,0.0024549202,0.0013957219,train,-0.1753229
2019-02-04,SPY,0.0041830214,-0.025110854,0.029293876,train,-0.043142103
2019-02-04,TLT,0.0045569497,-0.028084127,0.032641076,train,-0.04044933
2019-02-05,EFA,-0.0050616134,0.07334549,0.0784071,train,-0.046732713
2019-02-05,IWM,-0.0012581991,-0.05405716,0.05279896,train,0.0024549202
2019-02-05,SPY,-0.0013190091,-0.039957725,0.038638715,train,-0.025110854
2019-02-05,TLT,0.00049573777,0.0050068772,0.0045111394,train,-0.028084127
2019-02-06,EFA,-0.01341029,-0.02629661,0.01288632,train,0.07334549
2019-02-06,IWM,-0.008249811,-0.068199255,0.059949443,train,-0.05405716
2019-02-06,SPY,-0.009578633,-0.08438621,0.07480758,train,-0.039957725
2019-02-06,TLT,0.006588295,-0.0011618738,0.007750169,train,0.0050068772
2019-02-07,EFA,-0.0032194278,-0.025732089,0.022512661,train,-0.02629661
2019-02-07,IWM,0.0010687369,-0.02603489,0.027103627,train,-0.068199255
2019-02-07,SPY,0.0012206684,-0.022017287,0.023237955,train,-0.08438621
2019-02-07,TLT,0.0042591104,-0.0051518246,0.0094109345,train,-0.0011618738
2019-02-08,EFA,-0.0009680431,0.058474146,0.05944219,train,-0.025732089
2019-02-08,IWM,0.008307266,-0.13499592,0.14330319,train,-0.02603489
2019-02-08,SPY,0.00055444834,-0.018044515,0.018598963,train,-0.022017287
2019-02-08,TLT,-0.0039308476,-0.008109914,0.0041790665,train,-0.0051518246
2019-02-11,EFA,0.011553394,0.056026276,0.04447288,train,0.058474146
2019-02-11,IWM,0.012430496,-0.060424384,0.07285488,train,-0.13499592
2019-02-11,SPY,0.012777517,0.008612649,0.004164868,train,-0.018044515
2019-02-11,TLT,-0.0025468406,-0.009509137,0.0069622966,train,-0.008109914
2019-02-12,EFA,0.00015950158,0.0013907352,0.0012312336,train,0.056026276
2019-02-12,IWM,0.0028066426,-0.07212344,0.07493008,train,-0.060424384
2019-02-12,SPY,0.003241762,0.013143282,0.00990152,train,0.008612649
2019-02-12,TLT,-0.003791936,0.025928482,0.029720418,train,-0.009509137
2019-02-13,EFA,0.00031900202,0.034229122,0.03391012,train,0.0013907352
2019-02-13,IWM,0.0022784006,-0.09219902,0.09447742,train,-0.07212344
2019-02-13,SPY,-0.0022206253,-0.03543523,0.033214603,train,0.013143282
2019-02-13,TLT,0.005682296,0.00035785738,0.0053244387,train,0.025928482
2019-02-14,EFA,0.014407055,0.0049572694,0.009449786,train,0.034229122
2019-02-14,IWM,0.015807543,-0.048121758,0.063929304,train,-0.09219902
2019-02-14,SPY,0.010838234,-0.02304891,0.033887144,train,-0.03543523
2019-02-14,TLT,0.0015587052,-0.007809025,0.0093677305,train,0.00035785738
2019-02-15,EFA,0.0037652734,0.043431245,0.03966597,train,0.0049572694
2019-02-15,IWM,0.0027490119,0.0067047984,0.0039557866,train,-0.048121758
2019-02-15,SPY,0.0017293135,-0.037448462,0.039177775,train,-0.02304891
2019-02-15,TLT,0.0025379304,-0.0007097009,0.0032476312,train,-0.007809025
2019-02-19,EFA,0.002814754,0.016986346,0.014171592,train,0.043431245
2019-02-19,IWM,0.0047127632,0.009619011,0.0049062474,train,0.0067047984
2019-02-19,SPY,0.0020130998,-0.0077616586,0.0097747585,train,-0.037448462
2019-02-19,TLT,-0.0028661261,-0.025473895,0.022607768,train,-0.0007097009
2019-02-20,EFA,-0.0020320786,0.04802096,0.050053038,train,0.016986346
2019-02-20,IWM,-0.0038197676,0.052645836,0.056465603,train,0.009619011
2019-02-20,SPY,-0.0035622225,-0.018981589,0.015419367,train,-0.0077616586
2019-02-20,TLT,-0.0089788465,0.008920873,0.017899718,train,-0.025473895
2019-02-21,EFA,0.0032805335,0.0018440452,0.0014364882,train,0.04802096
2019-02-21,IWM,0.0086367745,0.05188562,0.043248847,train,0.052645836
2019-02-21,SPY,0.0061808666,0.0049102814,0.0012705852,train,-0.018981589
2019-02-21,TLT,0.005940254,0.01858482,0.012644566,train,0.008920873
2019-02-22,EFA,0.0029586928,0.055701245,0.052742552,train,0.0018440452
2019-02-22,IWM,0.00025275743,-0.022900352,0.02315311,train,0.05188562
2019-02-22,SPY,0.0013601116,-0.03932192,0.040682033,train,0.0049102814
2019-02-22,TLT,-0.0029660235,0.0012556303,0.0042216536,train,0.01858482
2019-02-25,EFA,0.00480898,0.057302844,0.052493863,train,0.055701245
2019-02-25,IWM,-0.0069139637,-0.09657379,0.089659825,train,-0.022900352
2019-02-25,SPY,-0.0007154801,-0.063494354,0.062778875,train,-0.03932192
2019-02-25,TLT,0.0049382667,0.013388455,0.008450188,train,0.0012556303
2019-02-26,EFA,-0.0040317792,0.04025287,0.04428465,train,0.057302844
2019-02-26,IWM,0.0013991324,-0.04947316,0.050872292,train,-0.09657379
2019-02-26,SPY,-0.0004294853,-0.05534349,0.054914005,train,-0.063494354
2019-02-26,TLT,-0.011393947,0.004385806,0.015779752,train,0.013388455
2019-02-27,EFA,-0.0013994992,0.029650446,0.031049944,train,0.04025287
2019-02-27,IWM,-0.0034386343,-0.090803705,0.08736507,train,-0.04947316
2019-02-27,SPY,-0.0018645567,-0.046710216,0.04484566,train,-0.05534349
2019-02-27,TLT,-0.0034104276,-0.03677676,0.03336633,train,0.004385806
2019-02-28,EFA,0.005431278,0.019596668,0.01416539,train,0.029650446
2019-02-28,IWM,0.009269718,-0.04741121,0.05668093,train,-0.090803705
2019-02-28,SPY,0.006224527,-0.017463023,0.023687549,train,-0.046710216
2019-02-28,TLT,-0.009285951,-0.019461626,0.010175675,train,-0.03677676
2019-03-01,EFA,-0.0037211264,0.0008853734,0.0046065,train,0.019596668
2019-03-01,IWM,-0.009078142,-0.069861665,0.060783524,train,-0.04741121
2019-03-01,SPY,-0.0036444864,-0.00883057,0.0051860833,train,-0.017463023
2019-03-01,TLT,0.0078067617,-0.013260821,0.021067582,train,-0.019461626
2019-03-04,EFA,0.0009315988,-0.033747457,0.034679055,train,0.0008853734
2019-03-04,IWM,-0.004666119,0.004838607,0.009504726,train,-0.069861665
2019-03-04,SPY,-0.0013608787,-0.017595688,0.01623481,train,-0.00883057
2019-03-04,TLT,0.002088353,-0.0048246267,0.0069129798,train,-0.013260821
2019-03-05,EFA,-0.0024861214,-0.025909284,0.023423163,train,-0.033747457
2019-03-05,IWM,-0.019800013,-0.029869776,0.010069763,train,0.004838607
2019-03-05,SPY,-0.0060753035,0.04151497,0.047590274,train,-0.017595688
2019-03-05,TLT,0.0036650565,-0.011988039,0.015653096,train,-0.0048246267
2019-03-06,EFA,-0.012838711,-0.027959293,0.015120582,train,-0.025909284
2019-03-06,IWM,-0.008795659,0.026082596,0.034878254,train,-0.029869776
2019-03-06,SPY,-0.008400681,-0.016811443,0.008410762,train,0.04151497
2019-03-06,TLT,0.006463788,-0.009578589,0.016042378,train,-0.011988039
2019-03-07,EFA,0.0001576898,-0.0014631539,0.0016208437,train,-0.027959293
2019-03-07,IWM,-0.000263717,0.018501256,0.018764973,train,0.026082596
2019-03-07,SPY,-0.002001664,-0.012459887,0.0104582235,train,-0.016811443
2019-03-07,TLT,0.00420428,-0.0120382,0.01624248,train,-0.009578589
2019-03-08,EFA,0.008628167,0.034392796,0.02576463,train,-0.0014631539
2019-03-08,IWM,0.017324539,-0.06775377,0.08507831,train,0.018501256
2019-03-08,SPY,0.014396565,-0.020853547,0.035250112,train,-0.012459887
2019-03-08,TLT,-0.0029658957,0.003527963,0.006493859,train,-0.0120382
2019-03-11,EFA,-0.0006250445,0.028127348,0.028752392,train,0.034392796
2019-03-11,IWM,0.0005186333,0.003286919,0.0027682858,train,-0.06775377
2019-03-11,SPY,0.0037641814,0.028254544,0.024490364,train,-0.020853547
2019-03-11,TLT,0.0069879796,-0.0037400941,0.010728074,train,0.003527963
2019-03-12,EFA,0.008559683,0.05464162,0.046081938,train,0.028127348
2019-03-12,IWM,0.003943243,-0.02040624,0.024349485,train,0.003286919
2019-03-12,SPY,0.006597349,-0.060137805,0.066735156,train,0.028254544
2019-03-12,TLT,-0.0018856286,-0.0128281675,0.010942539,train,-0.0037400941
2019-03-13,EFA,-0.00015502627,0.040330924,0.040485952,train,0.05464162
2019-03-13,IWM,-0.004072903,-0.019164942,0.0150920395,train,-0.02040624
2019-03-13,SPY,-0.00063970004,-0.02246088,0.02182118,train,-0.060137805
2019-03-13,TLT,-0.0072495933,-0.017899567,0.0106499735,train,-0.0128281675
2019-03-14,EFA,0.01079096,0.019779561,0.008988601,train,0.040330924
2019-03-14,IWM,0.002652307,-0.055722237,0.058374543,train,-0.019164942
2019-03-14,SPY,0.0049282094,0.023733318,0.018805109,train,-0.02246088
2019-03-14,TLT,0.006592755,0.035959285,0.02936653,train,-0.017899567
2019-03-15,EFA,0.0035203204,0.034671646,0.031151325,train,0.019779561
2019-03-15,IWM,0.006377011,-0.08667912,0.093056135,train,-0.055722237
2019-03-15,SPY,0.0036192571,0.033473413,0.029854156,train,0.023733318
2019-03-15,TLT,-0.00057516363,0.0099685285,0.010543692,train,0.035959285
2019-03-18,EFA,0.0019843124,0.020757286,0.018772973,train,0.034671646
2019-03-18,IWM,-0.005085134,0.0034639095,0.008549044,train,-0.08667912
2019-03-18,SPY,0.0002480925,-0.0049021835,0.0051502762,train,0.033473413
2019-03-18,TLT,-0.0022215268,0.012025909,0.014247435,train,0.0099685285
2019-03-19,EFA,0.00045749228,0.026206799,0.025749307,train,0.020757286
2019-03-19,IWM,-0.008369065,-0.08988764,0.081518576,train,0.0034639095
2019-03-19,SPY,-0.003014358,0.008402016,0.011416374,train,-0.0049021835
2019-03-19,TLT,0.010405915,-0.0034777704,0.013883686,train,0.012025909
2019-03-20,EFA,-0.00061003625,0.007214461,0.007824497,train,0.026206799
2019-03-20,IWM,0.013029941,-0.0791391,0.09216904,train,-0.08988764
2019-03-20,SPY,0.011231087,-0.015605094,0.026836181,train,0.008402016
2019-03-20,TLT,0.0021985548,-0.045001946,0.0472005,train,-0.0034777704
2019-03-21,EFA,-0.019403137,0.024369117,0.043772254,train,0.007214461
2019-03-21,IWM,-0.037066653,0.033545695,0.07061235,train,-0.0791391
2019-03-21,SPY,-0.01943399,0.0012880326,0.020722022,train,-0.015605094
2019-03-21,TLT,0.015415527,-0.005641052,0.02105658,train,-0.045001946
2019-03-22,EFA,0.0013985559,-0.0738559,0.075254455,train,0.024369117
2019-03-22,IWM,0.0044009066,-0.22279708,0.22719799,train,0.033545695
2019-03-22,SPY,-0.000751713,0.014438277,0.01518999,train,0.0012880326
2019-03-22,TLT,0.0016002153,0.002206924,0.0006067086,train,-0.005641052
2019-03-25,EFA,0.0049566277,0.001622776,0.0033338517,train,-0.0738559
2019-03-25,IWM,0.010458868,-0.007867901,0.018326769,train,-0.22279708
2019-03-25,SPY,0.007425966,0.021933494,0.014507528,train,0.014438277
2019-03-25,TLT,-0.0007198804,0.007935697,0.008655578,train,0.002206924
2019-03-26,EFA,0.00046342443,0.028706577,0.028243152,train,0.001622776
2019-03-26,IWM,-0.003892072,0.06439205,0.068284124,train,-0.007867901
2019-03-26,SPY,-0.0052429503,0.040693607,0.04593656,train,0.021933494
2019-03-26,TLT,0.009160221,0.011518436,0.002358215,train,0.007935697
2019-03-27,EFA,-0.002474131,-0.009143133,0.0066690017,train,0.028706577
2019-03-27,IWM,0.008884223,0.0231017,0.014217477,train,0.06439205
2019-03-27,SPY,0.0037836337,0.040419035,0.036635403,train,0.040693607
2019-03-27,TLT,0.0034823616,0.014077237,0.010594876,train,0.011518436
2019-03-28,EFA,0.004171398,-0.01996039,0.024131788,train,-0.009143133
2019-03-28,IWM,0.0030749303,0.064583704,0.061508775,train,0.0231017
2019-03-28,SPY,0.006285818,0.009677544,0.0033917264,train,0.040419035
2019-03-28,TLT,-0.00094805856,-0.0032322048,0.0022841464,train,0.014077237
2019-03-29,EFA,0.012715754,0.0023351447,0.010380609,train,-0.01996039
2019-03-29,IWM,0.010849426,0.016459754,0.005610328,train,0.064583704
2019-03-29,SPY,0.01178921,0.0040501193,0.007739091,train,0.009677544
2019-03-29,TLT,-0.014306318,-0.021376217,0.007069899,train,-0.0032322048
2019-04-01,EFA,0.00030429222,0.036095884,0.03579159,train,0.0023351447
2019-04-01,IWM,-0.002588022,0.050650932,0.053238954,train,0.016459754
2019-04-01,SPY,0.0004898135,0.07865476,0.07816494,train,0.0040501193
2019-04-01,TLT,0.0018478602,-0.05079414,0.052642,train,-0.021376217
