date,ticker,y_true,y_pred,abs_error,dataset_part,signal_for_trade
2019-04-02,EFA,0.0077316402,-0.00035024574,0.008081886,train,
2019-04-02,IWM,0.005169685,-0.020865493,0.026035178,train,
2019-04-02,SPY,0.0015723985,0.008615356,0.0070429575,train,
2019-04-02,TLT,-0.0087056365,-0.015837008,0.0071313716,train,
2019-04-03,EFA,-0.002116625,0.007298293,0.009414918,train,-0.00035024574
2019-04-03,IWM,0.0048860195,0.021998702,0.017112682,train,-0.020865493
2019-04-03,SPY,0.0026495345,-0.0025018319,0.0051513663,train,0.008615356
2019-04-03,TLT,0.0028297126,-0.024248535,0.027078247,train,-0.015837008
2019-04-04,EFA,0.0025694831,-0.0022465936,0.0048160767,train,0.007298293
2019-04-04,IWM,0.009320252,0.021872217,0.012551965,train,0.021998702
2019-04-04,SPY,0.0048287464,0.0031449297,0.0016838168,train,-0.0025018319
2019-04-04,TLT,0.0012909379,0.010327818,0.00903688,train,-0.024248535
2019-04-05,EFA,0.00060349214,0.013908805,0.013305313,train,-0.0022465936
2019-04-05,IWM,-0.00165359,-0.016678886,0.015025296,train,0.021872217
2019-04-05,SPY,0.00076211075,-0.013890838,0.014652949,train,0.0031449297
2019-04-05,TLT,-0.003554022,0.011648206,0.015202228,train,0.010327818
2019-04-08,EFA,-0.0063559073,0.01159572,0.017951628,train,0.013908805
2019-04-08,IWM,-0.012295095,-0.011310311,0.0009847842,train,-0.016678886
2019-04-08,SPY,-0.005138034,-0.0022520884,0.0028859456,train,-0.013890838
2019-04-08,TLT,0.0031505958,0.023892613,0.020742018,train,0.011648206
2019-04-09,EFA,0.0037881902,0.016005177,0.012216987,train,0.01159572
2019-04-09,IWM,0.013503822,-0.036793914,0.050297737,train,-0.011310311
2019-04-09,SPY,0.0034051233,0.028247787,0.024842663,train,-0.0022520884
2019-04-09,TLT,0.0024171488,0.017873533,0.015456384,train,0.023892613
2019-04-10,EFA,-0.002119687,0.0075483713,0.009668058,train,0.016005177
2019-04-10,IWM,-0.0012724624,0.019469837,0.020742299,train,-0.036793914
2019-04-10,SPY,-0.00027777904,-0.00430577,0.004027991,train,0.028247787
2019-04-10,TLT,-0.0058913967,0.0060524116,0.011943808,train,0.017873533
2019-04-11,EFA,0.006947616,0.029443193,0.022495577,train,0.0075483713
2019-04-11,IWM,0.0036216143,-0.0063951253,0.010016739,train,0.019469837
2019-04-11,SPY,0.0067431866,0.016513286,0.009770099,train,-0.00430577
2019-04-11,TLT,-0.0071483334,0.0065455944,0.013693928,train,0.0060524116
2019-04-12,EFA,0.00045157186,0.021016842,0.02056527,train,0.029443193
2019-04-12,IWM,-0.0032394729,0.013399448,0.016638922,train,-0.0063951253
2019-04-12,SPY,-0.0006549275,0.0034723333,0.0041272608,train,0.016513286
2019-04-12,TLT,0.0025246686,0.006971206,0.0044465372,train,0.0065455944
2019-04-15,EFA,0.0007518126,0.023763185,0.023011373,train,0.021016842
2019-04-15,IWM,0.0023513476,-0.010048186,0.012399534,train,0.013399448
2019-04-15,SPY,0.0006549275,0.018782003,0.018127074,train,0.0034723333
2019-04-15,TLT,-0.0062818164,-0.013726914,0.007445098,train,0.006971206
2019-04-16,EFA,0.0028522387,0.015251229,0.01239899,train,0.023763185
2019-04-16,IWM,-0.009182539,0.017158901,0.02634144,train,-0.010048186
2019-04-16,SPY,-0.002449643,0.016015893,0.018465536,train,0.018782003
2019-04-16,TLT,0.00040964715,-0.01044766,0.010857307,train,-0.013726914
2019-04-17,EFA,-0.00059976213,0.02800336,0.028603122,train,0.015251229
2019-04-17,IWM,-0.002951313,0.0026294836,0.005580797,train,0.017158901
2019-04-17,SPY,0.0019674867,0.015705368,0.013737881,train,0.016015893
2019-04-17,TLT,0.005220945,-0.016076678,0.021297622,train,-0.01044766
2019-04-18,EFA,-0.0016513624,0.017462285,0.019113647,train,0.02800336
2019-04-18,IWM,-0.0026376632,0.015481232,0.018118896,train,0.0026294836
2019-04-18,SPY,0.00086119643,0.025688447,0.024827251,train,0.015705368
2019-04-18,TLT,-0.004812224,-0.013913931,0.0091017075,train,-0.016076678
2019-04-22,EFA,0.0019511117,0.024674036,0.022722924,train,0.017462285
2019-04-22,IWM,0.0149619775,0.019969944,0.0050079664,train,0.015481232
2019-04-22,SPY,0.008951579,0.001660394,0.007291185,train,0.025688447
2019-04-22,TLT,0.0021233428,-0.003570002,0.005693345,train,-0.013913931
2019-04-23,EFA,-0.0069211973,0.029019894,0.03594109,train,0.024674036
2019-04-23,IWM,0.003104982,0.0069168103,0.0038118283,train,0.019969944
2019-04-23,SPY,-0.002221752,-0.003304664,0.0010829121,train,0.001660394
2019-04-23,TLT,0.008125796,-0.017209971,0.025335766,train,-0.003570002
2019-04-24,EFA,-0.0007556043,0.015300557,0.016056161,train,0.029019894
2019-04-24,IWM,-0.0083227325,0.007986315,0.016309047,train,0.0069168103
2019-04-24,SPY,-0.00061616016,0.00082686404,0.0014430243,train,-0.003304664
2019-04-24,TLT,-0.0014579082,-0.016123481,0.014665573,train,-0.017209971
2019-04-25,EFA,0.0040717376,0.016648153,0.012576415,train,0.015300557
2019-04-25,IWM,0.009650193,-0.00070687616,0.010357069,train,0.007986315
2019-04-25,SPY,0.0046457117,-0.012297852,0.016943563,train,0.00082686404
2019-04-25,TLT,0.003398011,0.0036491433,0.0002511323,train,-0.016123481
2019-04-26,EFA,0.004054943,0.015437318,0.011382375,train,0.016648153
2019-04-26,IWM,0.0047905543,-0.007320208,0.012110762,train,-0.00070687616
2019-04-26,SPY,0.0015668183,-0.0093372855,0.0109041035,train,-0.012297852
2019-04-26,TLT,-0.006401472,-0.004583574,0.0018178979,train,0.0036491433
2019-04-29,EFA,0.00059945404,0.017571291,0.016971838,train,0.015437318
2019-04-29,IWM,-0.0046643363,-0.0032466254,0.0014177109,train,-0.007320208
2019-04-29,SPY,0.0005100839,-0.011678288,0.012188371,train,-0.0093372855
2019-04-29,TLT,0.005108463,0.014323283,0.00921482,train,-0.004583574
2019-04-30,EFA,-0.0057083447,0.021846801,0.027555145,train,0.017571291
2019-04-30,IWM,-0.0095212255,-0.0021980624,0.007323163,train,-0.0032466254
2019-04-30,SPY,-0.007544636,0.034451183,0.04199582,train,-0.011678288
2019-04-30,TLT,0.00411655,-0.008805729,0.01292228,train,0.014323283
2019-05-01,EFA,-0.0015077923,0.0116716325,0.013179425,train,0.021846801
2019-05-01,IWM,0.004645284,0.010598898,0.005953614,train,-0.0021980624
2019-05-01,SPY,-0.0021617971,-0.016883953,0.014722155,train,0.034451183
2019-05-01,TLT,-0.0047734,-0.0009545274,0.0038188724,train,-0.008805729
2019-05-02,EFA,0.01065532,0.015815424,0.0051601036,train,0.0116716325
2019-05-02,IWM,0.01892833,0.0035352246,0.015393106,train,0.010598898
2019-05-02,SPY,0.009740675,-0.019478604,0.029219279,train,-0.016883953
2019-05-02,TLT,0.0028345822,0.018534116,0.015699534,train,-0.0009545274
2019-05-03,EFA,-0.011409714,0.009815011,0.021224726,train,0.015815424
2019-05-03,IWM,0.0011208612,0.0065237866,0.0054029254,train,0.0035352246
2019-05-03,SPY,-0.0041237166,0.013642905,0.017766621,train,-0.019478604
2019-05-03,TLT,0.0027453077,0.010964114,0.008218806,train,0.018534116
2019-05-06,EFA,-0.0176701,0.0075750556,0.025245156,train,0.009815011
2019-05-06,IWM,-0.019985834,0.01508018,0.035066016,train,0.0065237866
2019-05-06,SPY,-0.01684093,0.012026811,0.02886774,train,0.013642905
2019-05-06,TLT,0.0076323138,0.0038174796,0.0038148342,train,0.010964114
2019-05-07,EFA,0.0012289224,-0.0020180838,0.0032470063,train,0.0075750556
2019-05-07,IWM,-0.00489984,0.0043251016,0.009224942,train,0.01508018
2019-05-07,SPY,-0.0013899964,0.04630934,0.047699336,train,0.012026811
2019-05-07,TLT,-0.004330651,0.013539143,0.017869793,train,0.0038174796
2019-05-08,EFA,-0.004615504,-0.008195521,0.0035800175,train,-0.0020180838
2019-05-08,IWM,-0.0036430133,0.018339496,0.02198251,train,0.0043251016
2019-05-08,SPY,-0.003030089,0.015438775,0.018468864,train,0.04630934
2019-05-08,TLT,0.0040906044,0.025725357,0.021634754,train,0.013539143
2019-05-09,EFA,0.007374384,-0.0037042913,0.011078675,train,-0.008195521
2019-05-09,IWM,0.0027494612,0.004750521,0.0020010597,train,0.018339496
2019-05-09,SPY,0.005010349,0.013418702,0.008408353,train,0.015438775
2019-05-09,TLT,-0.0013617505,0.012512244,0.013873994,train,0.025725357
2019-05-10,EFA,-0.02354143,-0.012756828,0.010784602,train,-0.0037042913
2019-05-10,IWM,-0.032379247,0.006121036,0.038500283,train,0.004750521
2019-05-10,SPY,-0.025451198,0.017542025,0.042993225,train,0.013418702
2019-05-10,TLT,0.007825083,0.029650167,0.021825083,train,0.012512244
2019-05-13,EFA,0.009979861,0.01485963,0.004879769,train,-0.012756828
2019-05-13,IWM,0.012517975,0.040606175,0.0280882,train,0.006121036
2019-05-13,SPY,0.009003312,0.035455856,0.026452545,train,0.017542025
2019-05-13,TLT,-0.0029472758,0.009567462,0.012514737,train,0.029650167
2019-05-14,EFA,0.0035623035,-0.0050481814,0.008610485,train,0.01485963
2019-05-14,IWM,0.0032509274,-0.011693006,0.014943934,train,0.040606175
2019-05-14,SPY,0.005840103,-0.0029608146,0.008800918,train,0.035455856
2019-05-14,TLT,0.0061235446,0.013139242,0.0070156977,train,0.009567462
2019-05-15,EFA,0.008007279,-0.0035037366,0.011511015,train,-0.0050481814
2019-05-15,IWM,0.00621279,-0.010053523,0.016266312,train,-0.011693006
2019-05-15,SPY,0.00921849,0.0016180021,0.0076004877,train,-0.0029608146
2019-05-15,TLT,-0.003335767,0.0035412996,0.0068770666,train,0.013139242
2019-05-16,EFA,-0.0066169365,0.0053605647,0.011977501,train,-0.0035037366
2019-05-16,IWM,-0.014033237,-0.007823454,0.0062097823,train,-0.010053523
2019-05-16,SPY,-0.0064860024,0.00641018,0.012896182,train,0.0016180021
2019-05-16,TLT,0.0022250805,0.011311462,0.009086382,train,0.0035412996
2019-05-17,EFA,-0.0040221317,-0.0023115184,0.0017106133,train,0.0053605647
2019-05-17,IWM,-0.0069595333,0.008887492,0.015847025,train,-0.007823454
2019-05-17,SPY,-0.006633757,0.014718058,0.021351814,train,0.00641018
2019-05-17,TLT,-0.0020655824,0.02147847,0.023544053,train,0.011311462
2019-05-20,EFA,0.0066434434,0.0019857953,0.004657648,train,-0.0023115184
2019-05-20,IWM,0.013350834,-0.01065558,0.024006415,train,0.008887492
2019-05-20,SPY,0.00897493,0.013108976,0.004134046,train,0.014718058
2019-05-20,TLT,-0.0015919994,0.011624904,0.013216903,train,0.02147847
2019-05-21,EFA,-0.0040116543,0.005616873,0.009628527,train,0.0019857953
2019-05-21,IWM,-0.008421819,-0.008383423,3.8395636e-05,train,-0.01065558
2019-05-21,SPY,-0.003076022,0.0080611035,0.011137126,train,0.013108976
2019-05-21,TLT,0.005719346,0.023397226,0.01767788,train,0.011624904
2019-05-22,EFA,-0.009163793,-0.002895746,0.0062680473,train,0.005616873
2019-05-22,IWM,-0.020800974,-0.007532489,0.013268486,train,-0.008383423
2019-05-22,SPY,-0.01229355,0.0036143279,0.015907878,train,0.0080611035
2019-05-22,TLT,0.011184653,0.018041627,0.006856974,train,0.023397226
2019-05-23,EFA,0.010708491,-0.006593806,0.017302297,train,-0.002895746
2019-05-23,IWM,0.00932774,-0.004508482,0.013836222,train,-0.007532489
2019-05-23,SPY,0.0022653332,0.01227482,0.010009487,train,0.0036143279
2019-05-23,TLT,0.00086111453,0.012028361,0.011167246,train,0.018041627
2019-05-24,EFA,-0.009772752,0.004066504,0.013839256,train,-0.006593806
2019-05-24,IWM,-0.0079897875,-0.010999475,0.0030096872,train,-0.004508482
2019-05-24,SPY,-0.009344178,-0.014135953,0.004791775,train,0.01227482
2019-05-24,TLT,0.0071742255,0.018871645,0.011697419,train,0.012028361
2019-05-28,EFA,-0.006411686,0.00043926528,0.0068509514,train,0.004066504
2019-05-28,IWM,-0.008391388,-0.021381052,0.012989664,train,-0.010999475
2019-05-28,SPY,-0.0067331344,-0.002365292,0.0043678423,train,-0.014135953
2019-05-28,TLT,0.003025599,0.0023891847,0.0006364144,train,0.018871645
2019-05-29,EFA,0.0037581979,-0.0023012417,0.00605944,train,0.00043926528
2019-05-29,IWM,-0.0027677582,-0.021950142,0.019182384,train,-0.021381052
2019-05-29,SPY,0.0027275137,0.006513461,0.0037859473,train,-0.002365292
2019-05-29,TLT,0.008561824,0.007803649,0.0007581753,train,0.0023891847
2019-05-30,EFA,-0.009106656,-0.0061665354,0.0029401202,train,-0.0023012417
2019-05-30,IWM,-0.014091605,-0.02634844,0.012256835,train,-0.021950142
2019-05-30,SPY,-0.013566942,-0.009049574,0.004517368,train,0.006513461
2019-05-30,TLT,0.012441656,0.008886926,0.0035547297,train,0.007803649
2019-05-31,EFA,0.005818858,-0.0015333095,0.0073521673,train,-0.0061665354
2019-05-31,IWM,0.003490337,-0.02670127,0.030191606,train,-0.02634844
2019-05-31,SPY,-0.0025462678,0.007074542,0.00962081,train,-0.009049574
2019-05-31,TLT,0.006666732,0.009067873,0.0024011405,train,0.008886926
2019-06-03,EFA,0.011382477,-0.013186488,0.024568966,train,-0.0015333095
2019-06-03,IWM,0.025563521,-0.034026522,0.05959004,train,-0.02670127
2019-06-03,SPY,0.021474365,0.00049058115,0.020983784,train,0.007074542
2019-06-03,TLT,-0.011467075,0.012198143,0.023665218,train,0.009067873
2019-06-04,EFA,-0.0003101477,7.5296964e-05,0.00038544467,train,-0.013186488
2019-06-04,IWM,0.00019982173,-0.0031851237,0.0033849454,train,-0.034026522
2019-06-04,SPY,0.0086249355,0.010346675,0.0017217398,train,0.00049058115
2019-06-04,TLT,-0.0056678527,-0.039868418,0.034200564,train,0.012198143
2019-06-05,EFA,0.0040242183,0.015380155,0.0113559365,train,7.5296964e-05
2019-06-05,IWM,-0.002600358,0.015644623,0.018244982,train,-0.0031851237
2019-06-05,SPY,0.0064818747,0.021154566,0.014672691,train,0.010346675
2019-06-05,TLT,0.0032209395,-0.02577071,0.02899165,train,-0.039868418
2019-06-06,EFA,0.01258639,0.0045992928,0.007987097,train,0.015380155
2019-06-06,IWM,0.007051422,0.016337052,0.009285631,train,0.015644623
2019-06-06,SPY,0.009956737,0.024939213,0.014982476,train,0.021154566
2019-06-06,TLT,0.008614221,-0.0010047308,0.009618951,train,-0.02577071
2019-06-07,EFA,0.0027420814,0.009077134,0.006335052,train,0.0045992928
2019-06-07,IWM,0.0058821766,0.0042704563,0.0016117203,train,0.016337052
2019-06-07,SPY,0.0045785424,0.004301485,0.0002770573,train,0.024939213
2019-06-07,TLT,-0.009456641,0.027648767,0.037105408,train,-0.0010047308
2019-06-10,EFA,0.005007109,-0.006426808,0.011433917,train,0.009077134
2019-06-10,IWM,-0.0029695255,0.01409968,0.017069206,train,0.0042704563
2019-06-10,SPY,-0.00024192502,0.023921603,0.02416353,train,0.004301485
2019-06-10,TLT,0.0006123991,-0.02099455,0.021606948,train,0.027648767
2019-06-11,EFA,-0.007444079,-0.0017359653,0.005708114,train,-0.006426808
2019-06-11,IWM,0.0011227598,-0.014991712,0.016114471,train,0.01409968
2019-06-11,SPY,-0.0017675117,0.027185338,0.02895285,train,0.023921603
2019-06-11,TLT,0.0007654488,0.009959055,0.009193607,train,-0.02099455
2019-06-12,EFA,0.0009144881,0.009339957,0.008425469,train,-0.0017359653
2019-06-12,IWM,0.010507643,-0.0161338,0.026641443,train,-0.014991712
2019-06-12,SPY,0.0041183336,0.028595552,0.024477217,train,0.027185338
2019-06-12,TLT,0.0034378509,0.0074876645,0.0040498134,train,0.009959055
2019-06-13,EFA,-0.0073394286,0.003805202,0.011144631,train,0.009339957
2019-06-13,IWM,-0.008792755,-0.03821009,0.029417336,train,-0.0161338
2019-06-13,SPY,-0.0011055738,0.011400722,0.012506296,train,0.028595552
2019-06-13,TLT,0.0025133006,0.02292246,0.02040916,train,0.0074876645
2019-06-14,EFA,0.0007210891,0.0017975471,0.001076458,train,0.003805202
2019-06-14,IWM,0.0068748295,-0.015814744,0.022689573,train,-0.03821009
2019-06-14,SPY,0.00038010228,-0.0013952828,0.0017753851,train,0.011400722
2019-06-14,TLT,0.0017482106,0.029178945,0.027430736,train,0.02292246
2019-06-17,EFA,0.013228622,0.0050579663,0.008170656,train,0.0017975471
2019-06-17,IWM,0.011559427,-0.027355196,0.03891462,train,-0.015814744
2019-06-17,SPY,0.010416756,-0.024269598,0.034686353,train,-0.0013952828
2019-06-17,TLT,0.0049993536,0.015447019,0.010447665,train,0.029178945
2019-06-18,EFA,0.0061650705,-0.0036792927,0.009844363,train,0.0050579663
2019-06-18,IWM,0.0035646388,0.0192531,0.01568846,train,-0.027355196
2019-06-18,SPY,0.00225424,-0.03935415,0.04160839,train,-0.024269598
2019-06-18,TLT,0.0014342691,0.021525852,0.020091584,train,0.015447019
2019-06-19,EFA,0.0087204315,0.022493666,0.013773235,train,-0.0036792927
2019-06-19,IWM,0.004711859,-0.007131347,0.011843206,train,0.0192531
2019-06-19,SPY,0.009509499,0.017975893,0.008466394,train,-0.03935415
2019-06-19,TLT,0.0026374697,0.024103342,0.021465871,train,0.021525852
2019-06-20,EFA,-0.0042741527,0.030119032,0.034393184,train,0.022493666
2019-06-20,IWM,-0.008666404,0.0034633153,0.012129718,train,-0.007131347
2019-06-20,SPY,-0.0014548308,0.020068143,0.021522973,train,0.017975893
2019-06-20,TLT,-0.011047486,0.022815065,0.033862554,train,0.024103342
2019-06-21,EFA,0.0021392542,-0.0053626406,0.0075018946,train,0.030119032
2019-06-21,IWM,-0.012221416,-0.018085403,0.005863987,train,0.0034633153
2019-06-21,SPY,-0.0012252941,0.037008416,0.03823371,train,0.020068143
2019-06-21,TLT,0.00742861,0.021862494,0.014433883,train,0.022815065
2019-06-24,EFA,-0.0059709838,0.0003345725,0.0063055563,train,-0.0053626406
2019-06-24,IWM,-0.006134115,-0.021722397,0.015588282,train,-0.018085403
2019-06-24,SPY,-0.009856432,-0.0050931587,0.004763273,train,0.037008416
2019-06-24,TLT,0.003092077,-0.011749957,0.014842033,train,0.021862494
2019-06-25,EFA,0.0012276128,0.00985737,0.008629757,train,0.0003345725
2019-06-25,IWM,-0.0023175995,0.001589457,0.0039070565,train,-0.021722397
2019-06-25,SPY,-0.0009977093,0.019358052,0.020355761,train,-0.0050931587
2019-06-25,TLT,-0.006420574,0.015399672,0.021820247,train,-0.011749957
2019-06-26,EFA,0.002450996,0.019471856,0.017020859,train,0.00985737
2019-06-26,IWM,0.018592393,0.024763295,0.0061709024,train,0.001589457
2019-06-26,SPY,0.0035394246,0.013255691,0.009716267,train,0.019358052
2019-06-26,TLT,0.007022488,0.0009017014,0.0061207865,train,0.015399672
2019-06-27,EFA,0.0056451214,0.016792156,0.011147034,train,0.019471856
2019-06-27,IWM,0.012098638,0.010271268,0.0018273704,train,0.024763295
2019-06-27,SPY,0.0051329825,0.018891273,0.013758291,train,0.013255691
2019-06-27,TLT,-0.0006773524,-0.008833572,0.0081562195,train,0.0009017014
2019-06-28,EFA,0.0047052824,0.013917433,0.009212151,train,0.016792156
2019-06-28,IWM,0.0038509618,0.0116711985,0.0078202365,train,0.010271268
2019-06-28,SPY,0.009037224,0.015870793,0.006833569,train,0.018891273
2019-06-28,TLT,-0.002341631,0.015795799,0.01813743,train,-0.008833572
2019-07-01,EFA,0.002872834,0.00915676,0.006283926,train,0.013917433
2019-07-01,IWM,-0.0061039743,-0.004357047,0.0017469274,train,0.0116711985
2019-07-01,SPY,0.0026009334,-0.005958438,0.008559371,train,0.015870793
2019-07-01,TLT,0.0076837447,0.012637498,0.004953753,train,0.015795799
2019-07-02,EFA,0.006771521,0.01886244,0.012090918,train,0.00915676
2019-07-02,IWM,0.007128582,0.022831516,0.015702935,train,-0.004357047
2019-07-02,SPY,0.007963551,0.0062221247,0.0017414265,train,-0.005958438
2019-07-02,TLT,0.007103733,0.0026623458,0.004441387,train,0.012637498
2019-07-03,EFA,-0.007677888,0.014057089,0.021734977,train,0.01886244
2019-07-03,IWM,0.0026842132,0.010606095,0.007921882,train,0.022831516
2019-07-03,SPY,-0.0011386831,-0.01618673,0.015048046,train,0.0062221247
2019-07-03,TLT,-0.013351692,0.0010465109,0.014398202,train,0.0026623458
2019-07-05,EFA,-0.0057592476,0.011164021,0.016923267,train,0.014057089
2019-07-05,IWM,-0.009555457,0.010402586,0.019958043,train,0.010606095
2019-07-05,SPY,-0.005510056,-0.0018991078,0.003610948,train,-0.01618673
2019-07-05,TLT,0.0013585308,-0.011406016,0.012764546,train,0.0010465109
2019-07-08,EFA,-0.004265249,0.016065702,0.02033095,train,0.011164021
2019-07-08,IWM,0.0013523676,0.0076383953,0.006286028,train,0.010402586
2019-07-08,SPY,0.0012461145,0.0027332273,0.0014871128,train,-0.0018991078
2019-07-08,TLT,-0.0003770378,0.014352901,0.0147299385,train,-0.011406016
2019-07-09,EFA,0.003504865,0.016782163,0.013277298,train,0.016065702
2019-07-09,IWM,0.0017359687,0.010861969,0.009126,train,0.0076383953
2019-07-09,SPY,0.0047662295,0.01902504,0.014258811,train,0.0027332273
2019-07-09,TLT,-0.0055224425,0.012962995,0.018485438,train,0.014352901
2019-07-10,EFA,-0.00030418907,0.011241587,0.011545776,train,0.016782163
2019-07-10,IWM,-0.004894093,-0.0011848989,0.0037091943,train,0.010861969
2019-07-10,SPY,0.002341992,-0.0028203442,0.005162336,train,0.01902504
2019-07-10,TLT,-0.013440188,0.010574462,0.02401465,train,0.012962995
2019-07-11,EFA,0.0012165521,0.0026221536,0.0014056015,train,0.011241587
2019-07-11,IWM,0.0077162096,0.0005498766,0.007166333,train,-0.0011848989
2019-07-11,SPY,0.004466881,-0.0067034024,0.011170283,train,-0.0028203442
2019-07-11,TLT,0.0011521785,0.0028177784,0.0016655999,train,0.010574462
2019-07-12,EFA,0.0009112511,0.009776782,0.0088655315,train,0.0026221536
2019-07-12,IWM,-0.0052662757,0.0068428484,0.012109124,train,0.0005498766
2019-07-12,SPY,0.0003322987,-0.002689214,0.0030215126,train,-0.0067034024
2019-07-12,TLT,0.005743456,-0.010274967,0.016018424,train,0.0028177784
2019-07-15,EFA,-0.0041080294,0.009934867,0.014042896,train,0.009776782
2019-07-15,IWM,-0.00032198327,0.041692685,0.04201467,train,0.0068428484
2019-07-15,SPY,-0.0032303885,0.015682101,0.01891249,train,-0.002689214
2019-07-15,TLT,-0.002982785,-0.016206186,0.013223401,train,-0.010274967
2019-07-16,EFA,-0.0013730315,0.014075952,0.015448983,train,0.009934867
2019-07-16,IWM,-0.007175804,0.041455884,0.048631687,train,0.041692685
2019-07-16,SPY,-0.0068283635,0.010528272,0.017356636,train,0.015682101
2019-07-16,TLT,0.010740537,-0.012121076,0.022861613,train,-0.016206186
2019-07-17,EFA,0.0030488358,0.012925914,0.009877078,train,0.014075952
2019-07-17,IWM,0.003756028,0.02094024,0.017184213,train,0.041455884
2019-07-17,SPY,0.0036543384,0.0136735365,0.010019198,train,0.010528272
2019-07-17,TLT,7.561894e-05,-0.017031481,0.017107101,train,-0.012121076
2019-07-18,EFA,-0.002896254,0.009480288,0.012376542,train,0.012925914
2019-07-18,IWM,-0.005769351,0.0064730872,0.012242438,train,0.02094024
2019-07-18,SPY,-0.005570416,0.022199081,0.027769497,train,0.0136735365
2019-07-18,TLT,-0.0023511893,-0.0145182125,0.0121670235,train,-0.017031481
2019-07-19,EFA,0.0010679134,0.0033555776,0.0022876642,train,0.009480288
2019-07-19,IWM,-0.000910674,0.0009570285,0.0018677025,train,0.0064730872
2019-07-19,SPY,0.002453326,0.00707706,0.0046237344,train,0.022199081
2019-07-19,TLT,0.0018966914,-0.008024288,0.00992098,train,-0.0145182125
2019-07-22,EFA,0.006232542,-0.0060385983,0.01227114,train,0.0033555776
2019-07-22,IWM,0.0066153095,-0.0122271795,0.018842489,train,0.0009570285
2019-07-22,SPY,0.007124624,0.01635008,0.009225455,train,0.00707706
2019-07-22,TLT,-0.0054719755,-0.006518567,0.0010465914,train,-0.008024288
2019-07-23,EFA,0.00075757405,-0.0034790752,0.0042366493,train,-0.0060385983
2019-07-23,IWM,0.01641266,-0.013659073,0.030071734,train,-0.0122271795
2019-07-23,SPY,0.0046885423,0.012314584,0.007626042,train,0.01635008
2019-07-23,TLT,0.0043344065,-0.003934456,0.008268863,train,-0.006518567
2019-07-24,EFA,-0.010197284,-0.021286853,0.011089569,train,-0.0034790752
2019-07-24,IWM,-0.012155412,0.008161036,0.020316448,train,-0.013659073
2019-07-24,SPY,-0.00478828,-0.0045922035,0.00019607646,train,0.012314584
2019-07-24,TLT,-0.004791677,-0.015701612,0.010909935,train,-0.003934456
2019-07-25,EFA,0.0019866724,-0.010976154,0.0129628265,train,-0.021286853
2019-07-25,IWM,0.011773776,0.020040521,0.008266745,train,0.008161036
2019-07-25,SPY,0.006677464,-0.020541172,0.027218636,train,-0.0045922035
2019-07-25,TLT,0.0023604683,0.0035745264,0.0012140581,train,-0.015701612
2019-07-26,EFA,0.0021351536,0.0002561321,0.0018790215,train,-0.010976154
2019-07-26,IWM,-0.0067018806,-0.005566445,0.0011354354,train,0.020040521
2019-07-26,SPY,-0.0018227113,-0.014828557,0.013005846,train,-0.020541172
2019-07-26,TLT,0.0003041982,-0.01031822,0.010622418,train,0.0035745264
2019-07-29,EFA,-0.011645889,0.007552726,0.019198615,train,0.0002561321
2019-07-29,IWM,0.01076482,0.027934318,0.017169498,train,-0.005566445
2019-07-29,SPY,-0.0024579705,-0.042659692,0.040201724,train,-0.014828557
2019-07-29,TLT,0.0024302602,-0.003853561,0.006283821,train,-0.01031822
2019-07-30,EFA,-0.0066496925,-0.00024108915,0.0064086034,train,0.007552726
2019-07-30,IWM,-0.008142134,-0.015920965,0.007778831,train,0.027934318
2019-07-30,SPY,-0.011000481,0.0015433384,0.01254382,train,-0.042659692
2019-07-30,TLT,0.008008796,0.00046663499,0.007542161,train,-0.003853561
2019-07-31,EFA,-0.002796912,-0.003367757,0.00057084486,train,-0.00024108915
2019-07-31,IWM,-0.014605767,0.42731062,0.44191638,train,-0.015920965
2019-07-31,SPY,-0.008746099,0.018987281,0.02773338,train,0.0015433384
2019-07-31,TLT,0.019665176,0.022078218,0.002413042,train,0.00046663499
2019-08-01,EFA,-0.008908152,-0.00050072325,0.008407429,train,-0.003367757
2019-08-01,IWM,-0.011144771,0.0069688796,0.01811365,train,0.42731062
2019-08-01,SPY,-0.007558025,0.011612989,0.019171014,train,0.018987281
2019-08-01,TLT,0.009199341,0.03991854,0.030719198,train,0.022078218
2019-08-02,EFA,-0.02527749,-0.005372777,0.019904712,train,-0.00050072325
2019-08-02,IWM,-0.030476913,0.012492215,0.04296913,train,0.0069688796
2019-08-02,SPY,-0.030534655,0.019856,0.050390653,train,0.011612989
2019-08-02,TLT,0.017140573,0.024995135,0.007854562,train,0.03991854
2019-08-05,EFA,0.006739307,-0.0040273755,0.010766683,train,-0.005372777
2019-08-05,IWM,0.0091474345,0.03804736,0.028899923,train,0.012492215
2019-08-05,SPY,0.013925482,0.030810392,0.01688491,train,0.019856
2019-08-05,TLT,0.007960937,0.033357356,0.025396418,train,0.024995135
2019-08-06,EFA,0.003830833,-0.007748652,0.011579485,train,-0.0040273755
2019-08-06,IWM,-0.00026793944,-0.011327658,0.011059718,train,0.03804736
2019-08-06,SPY,0.00059035805,-0.015309552,0.01589991,train,0.030810392
2019-08-06,TLT,0.00035779155,0.043370996,0.043013204,train,0.033357356
2019-08-07,EFA,0.0096711125,-0.013118066,0.022789178,train,-0.007748652
2019-08-07,IWM,0.02133535,-0.01362508,0.03496043,train,-0.011327658
2019-08-07,SPY,0.01943026,0.011779204,0.007651055,train,-0.015309552
2019-08-07,TLT,0.00213987,0.026937919,0.024798049,train,0.043370996
2019-08-08,EFA,-0.0069665397,-0.006916811,4.9728435e-05,train,-0.013118066
2019-08-08,IWM,-0.01266705,-0.020944057,0.008277007,train,-0.01362508
2019-08-08,SPY,-0.006834684,-0.0030848938,0.0037497901,train,0.011779204
2019-08-08,TLT,-0.0019976695,-0.012413243,0.010415574,train,0.026937919
2019-08-09,EFA,-0.007975751,0.0008007684,0.008776519,train,-0.006916811
2019-08-09,IWM,-0.013030903,0.018620882,0.031651787,train,-0.020944057
2019-08-09,SPY,-0.012248181,0.020461503,0.032709684,train,-0.0030848938
2019-08-09,TLT,0.0206351,-0.032203835,0.052838936,train,-0.012413243
2019-08-12,EFA,0.009404661,-0.0036846367,0.013089297,train,0.0008007684
2019-08-12,IWM,0.010704478,0.006329282,0.004375196,train,0.018620882
2019-08-12,SPY,0.015432174,0.01689016,0.0014579864,train,0.020461503
2019-08-12,TLT,-0.0034331074,0.02022572,0.023658827,train,-0.032203835
2019-08-13,EFA,-0.027830852,0.0012337458,0.029064598,train,-0.0036846367
2019-08-13,IWM,-0.0283474,-0.011622002,0.016725397,train,0.006329282
2019-08-13,SPY,-0.030013397,-0.02080969,0.009203708,train,0.01689016
2019-08-13,TLT,0.02227952,-0.038203295,0.060482815,train,0.02022572
2019-08-14,EFA,0.003419818,0.022459807,0.019039989,train,0.0012337458
2019-08-14,IWM,-0.003978638,0.015042497,0.019021135,train,-0.011622002
2019-08-14,SPY,0.0026382501,0.04542153,0.04278328,train,-0.02080969
2019-08-14,TLT,0.011058249,-0.0056213974,0.016679646,train,-0.038203295
2019-08-15,EFA,0.0119586745,-0.007592266,0.01955094,train,0.022459807
2019-08-15,IWM,0.0213526,-0.029062564,0.050415166,train,0.015042497
2019-08-15,SPY,0.014646914,0.003730128,0.010916786,train,0.04542153
2019-08-15,TLT,-0.00804289,-0.020966096,0.012923206,train,-0.0056213974
2019-08-16,EFA,0.0060859895,-0.0012880019,0.0073739914,train,-0.007592266
2019-08-16,IWM,0.0100413505,-0.012210691,0.022252042,train,-0.029062564
2019-08-16,SPY,0.011975998,0.0063519427,0.0056240554,train,0.003730128
2019-08-16,TLT,-0.014405097,-0.052096944,0.037691846,train,-0.020966096
2019-08-19,EFA,-0.003358855,0.002252827,0.005611682,train,-0.0012880019
2019-08-19,IWM,-0.006549054,0.0003593238,0.0069083776,train,-0.012210691
2019-08-19,SPY,-0.007692009,0.029392894,0.037084904,train,0.0063519427
2019-08-19,TLT,0.010290657,-0.062960446,0.073251106,train,-0.052096944
2019-08-20,EFA,0.00702452,0.0065866453,0.0004378748,train,0.002252827
2019-08-20,IWM,0.008212982,0.009998007,0.001785025,train,0.0003593238
2019-08-20,SPY,0.008102515,0.013050731,0.0049482165,train,0.029392894
2019-08-20,TLT,-0.006687285,-0.00658361,0.00010367483,train,-0.062960446
2019-08-21,EFA,-0.0019108765,-0.004160241,0.0022493647,train,0.0065866453
2019-08-21,IWM,-0.0023302527,0.009365957,0.01169621,train,0.009998007
2019-08-21,SPY,-0.00030815077,0.012820715,0.0131288655,train,0.013050731
2019-08-21,TLT,-0.006663062,-0.011152433,0.004489371,train,-0.00658361
2019-08-22,EFA,-0.01251013,-0.010579431,0.0019306988,train,-0.004160241
2019-08-22,IWM,-0.031140482,-0.0078054606,0.023335021,train,0.009365957
2019-08-22,SPY,-0.02602297,-0.0067398935,0.019283077,train,0.012820715
2019-08-22,TLT,0.016300771,0.03157393,0.0152731575,train,-0.011152433
2019-08-23,EFA,0.008197445,0.0027158211,0.005481624,train,-0.010579431
2019-08-23,IWM,0.010942001,0.043871995,0.032929994,train,-0.0078054606
2019-08-23,SPY,0.010998002,0.06832404,0.057326034,train,-0.0067398935
2019-08-23,TLT,-0.0040492583,0.036938813,0.040988073,train,0.03157393
2019-08-26,EFA,-0.0008009588,-0.003565907,0.0027649482,train,0.0027158211
2019-08-26,IWM,-0.01493807,-0.01216946,0.0027686106,train,0.043871995
2019-08-26,SPY,-0.003931592,-0.034476914,0.03054532,train,0.06832404
2019-08-26,TLT,0.015290764,0.0035070428,0.011783721,train,0.036938813
2019-08-27,EFA,0.0,0.00021587731,0.00021587731,train,-0.003565907
2019-08-27,IWM,0.011599749,-0.0042553614,0.015855111,train,-0.01216946
2019-08-27,SPY,0.007016826,0.02349167,0.016474843,train,-0.034476914
2019-08-27,TLT,0.0012858787,0.017233742,0.015947863,train,0.0035070428
2019-08-28,EFA,0.008614157,0.0034532864,0.005160871,train,0.00021587731
2019-08-28,IWM,0.01738609,-0.017361237,0.034747325,train,-0.0042553614
2019-08-28,SPY,0.012692352,-0.0019453722,0.014637724,train,0.02349167
2019-08-28,TLT,-0.0037956373,-0.0013580597,0.0024375776,train,0.017233742
2019-08-29,EFA,0.00396278,-0.0156080965,0.019570876,train,0.0034532864
2019-08-29,IWM,-0.0018125221,-0.021881837,0.020069316,train,-0.017361237
2019-08-29,SPY,-0.00044446668,0.021888599,0.022333065,train,-0.0019453722
2019-08-29,TLT,0.00027133204,-0.013867544,0.014138876,train,-0.0013580597
2019-08-30,EFA,-0.0019002858,-0.0031955005,0.0012952146,train,-0.0156080965
2019-08-30,IWM,-0.01475484,0.0065671937,0.021322034,train,-0.021881837
2019-08-30,SPY,-0.0058646887,0.0052201524,0.011084842,train,0.021888599
2019-08-30,TLT,0.0012918146,0.022080453,0.020788638,train,-0.013867544
2019-09-03,EFA,0.014008329,0.0053468486,0.008661481,train,-0.0031955005
2019-09-03,IWM,0.008013406,0.0233828,0.015369394,train,0.0065671937
2019-09-03,SPY,0.011286836,0.0362264,0.024939563,train,0.0052201524
2019-09-03,TLT,0.001493261,0.015844405,0.0143511435,train,0.022080453
2019-09-04,EFA,0.005300175,0.023923447,0.018623272,train,0.0053468486
2019-09-04,IWM,0.018430294,0.019826831,0.0013965368,train,0.0233828
2019-09-04,SPY,0.012773231,0.033855427,0.021082196,train,0.0362264
2019-09-04,TLT,-0.018276155,0.032352895,0.05062905,train,0.015844405
2019-09-05,EFA,0.0032595096,0.0073807207,0.0041212114,train,0.023923447
2019-09-05,IWM,-0.0045924135,0.06214555,0.066737965,train,0.019826831
2019-09-05,SPY,0.0007722151,0.023960805,0.02318859,train,0.033855427
2019-09-05,TLT,0.007089324,-0.0026283134,0.009717638,train,0.032352895
2019-09-06,EFA,0.0029401025,0.0038727843,0.00093268184,train,0.0073807207
2019-09-06,IWM,0.013319964,0.02031039,0.006990427,train,0.06214555
2019-09-06,SPY,0.00050309155,0.02169956,0.02119647,train,0.023960805
2019-09-06,TLT,-0.017924843,-0.018596377,0.00067153387,train,-0.0026283134
2019-09-09,EFA,0.0016982408,-0.020498382,0.022196623,train,0.0038727843
2019-09-09,IWM,0.012689988,-0.0005843346,0.013274323,train,0.02031039
2019-09-09,SPY,-0.00023499267,0.0010839966,0.0013189893,train,0.02169956
2019-09-09,TLT,-0.0176827,-0.008855149,0.00882755,train,-0.018596377
2019-09-10,EFA,0.00553762,-0.0013742312,0.006911851,train,-0.020498382
2019-09-10,IWM,0.020267528,0.03469167,0.0144241415,train,-0.0005843346
2019-09-10,SPY,0.0070856665,0.012687631,0.0056019644,train,0.0010839966
2019-09-10,TLT,-0.0017786202,-0.014922017,0.013143397,train,-0.008855149
2019-09-11,EFA,0.0058121015,-0.00490019,0.010712292,train,-0.0013742312
2019-09-11,IWM,0.00025462316,0.039059877,0.038805254,train,0.03469167
2019-09-11,SPY,0.0034580347,-0.024770351,0.028228385,train,0.012687631
2019-09-11,TLT,-0.0065723886,0.007420941,0.013993329,train,-0.014922017
2019-09-12,EFA,0.005627022,0.02482053,0.019193508,train,-0.00490019
2019-09-12,IWM,0.0017179609,0.021273525,0.019555565,train,0.039059877
2019-09-12,SPY,-0.000664186,-0.019118972,0.018454786,train,-0.024770351
2019-09-12,TLT,-0.021590112,-0.0012466959,0.020343415,train,0.007420941
2019-09-13,EFA,-0.008987893,0.021647876,0.03063577,train,0.02482053
2019-09-13,IWM,0.003743648,-0.0104949605,0.014238609,train,0.021273525
2019-09-13,SPY,-0.003093433,0.016169224,0.019262657,train,-0.019118972
2019-09-13,TLT,0.012663067,-0.016815027,0.029478095,train,-0.0012466959
2019-09-16,EFA,0.0033608715,-0.004785746,0.008146618,train,0.021647876
2019-09-16,IWM,-0.0026001888,-0.017712584,0.0151123945,train,-0.0104949605
2019-09-16,SPY,0.002528919,-0.0048597916,0.0073887105,train,0.016169224
2019-09-16,TLT,0.00540858,0.01715495,0.011746371,train,-0.016815027
2019-09-17,EFA,-0.0012207517,0.017180031,0.018400783,train,-0.004785746
2019-09-17,IWM,-0.0061779656,-0.05296735,0.046789385,train,-0.017712584
2019-09-17,SPY,0.0005977897,-0.004323726,0.004921516,train,-0.0048597916
2019-09-17,TLT,0.0042344187,-0.012285458,0.016519876,train,0.01715495
2019-09-18,EFA,0.003353488,0.01675661,0.013403121,train,0.017180031
2019-09-18,IWM,-0.0048674503,-0.009142155,0.0042747045,train,-0.05296735
2019-09-18,SPY,-6.644066e-05,0.007468958,0.0075353985,train,-0.004323726
2019-09-18,TLT,0.0030040063,-0.015949454,0.018953461,train,-0.012285458
2019-09-19,EFA,-0.002285319,0.017120313,0.019405631,train,0.01675661
2019-09-19,IWM,-0.0021208387,-0.0031270976,0.0010062589,train,-0.009142155
2019-09-19,SPY,-0.004736011,0.01147788,0.01621389,train,0.007468958
2019-09-19,TLT,0.013124263,-0.010075659,0.023199921,train,-0.015949454
2019-09-20,EFA,-0.0025964894,0.012550207,0.015146696,train,0.017120313
2019-09-20,IWM,-0.0007726217,0.01167048,0.012443101,train,-0.0031270976
2019-09-20,SPY,-0.00023463523,-0.0027028318,0.0024681964,train,0.01147788
2019-09-20,TLT,-0.00021169144,0.0024092277,0.0026209191,train,-0.010075659
2019-09-23,EFA,-0.0038303433,0.026492845,0.030323189,train,0.012550207
2019-09-23,IWM,-0.015208787,0.035276257,0.050485045,train,0.01167048
2019-09-23,SPY,-0.007877503,0.0016246256,0.009502128,train,-0.0027028318
2019-09-23,TLT,0.011982282,-0.021033099,0.03301538,train,0.0024092277
2019-09-24,EFA,-0.002921118,0.02466453,0.027585648,train,0.026492845
2019-09-24,IWM,0.010896358,0.023302399,0.012406041,train,0.035276257
2019-09-24,SPY,0.005897239,-0.0147092845,0.020606523,train,0.0016246256
2019-09-24,TLT,-0.014735435,-0.0014915611,0.013243875,train,-0.021033099
2019-09-25,EFA,0.003688432,0.020536052,0.01684762,train,0.02466453
2019-09-25,IWM,-0.011224101,0.022947108,0.03417121,train,0.023302399
2019-09-25,SPY,-0.0020856024,0.012731267,0.014816869,train,-0.0147092845
2019-09-25,TLT,0.0064125108,-0.04279432,0.04920683,train,-0.0014915611
2019-09-26,EFA,-0.0033804951,0.0019327876,0.005313283,train,0.020536052
2019-09-26,IWM,-0.00803887,0.03887563,0.0469145,train,0.022947108
2019-09-26,SPY,-0.0054014544,0.02788649,0.033287942,train,0.012731267
2019-09-26,TLT,0.0024547547,-0.014518917,0.01697367,train,-0.04279432
2019-09-27,EFA,0.0036870863,0.012631442,0.008944356,train,0.0019327876
2019-09-27,IWM,0.0011899357,0.028716335,0.0275264,train,0.03887563
2019-09-27,SPY,0.0046266885,0.0060619456,0.001435257,train,0.02788649
2019-09-27,TLT,0.0024494494,-0.012646673,0.015096122,train,-0.014518917
2019-09-30,EFA,-0.009862912,0.013394641,0.023257554,train,0.012631442
2019-09-30,IWM,-0.019819673,0.0039061033,0.023725776,train,0.028716335
2019-09-30,SPY,-0.011965687,0.010722881,0.022688568,train,0.0060619456
2019-09-30,TLT,0.0030063265,-0.0077135465,0.010719873,train,-0.012646673
2019-10-01,EFA,-0.020654937,-0.0036162715,0.017038666,train,0.013394641
2019-10-01,IWM,-0.007577251,-0.0018672175,0.0057100337,train,0.0039061033
2019-10-01,SPY,-0.017823065,-0.005107016,0.012716049,train,0.010722881
2019-10-01,TLT,0.002439904,0.008531362,0.006091458,train,-0.0077135465
2019-10-02,EFA,0.006618533,-0.010282371,0.016900904,train,-0.0036162715
2019-10-02,IWM,0.0033224847,-0.015302157,0.018624641,train,-0.0018672175
2019-10-02,SPY,0.008159943,0.01633705,0.008177107,train,-0.005107016
2019-10-02,TLT,0.009080255,0.018259494,0.009179238,train,0.008531362
2019-10-03,EFA,0.007822273,-0.011994921,0.019817194,train,-0.010282371
2019-10-03,IWM,0.009431027,-0.024245583,0.03367661,train,-0.015302157
2019-10-03,SPY,0.013441003,-0.010222686,0.023663688,train,0.01633705
2019-10-03,TLT,0.0073560323,0.05297618,0.045620147,train,0.018259494
2019-10-04,EFA,-0.0012474016,-0.0052840714,0.0040366696,train,-0.011994921
2019-10-04,IWM,-0.001744671,-0.016171163,0.014426492,train,-0.024245583
2019-10-04,SPY,-0.004324244,-0.0020737615,0.0022504823,train,-0.010222686
2019-10-04,TLT,-0.008322409,0.037715107,0.046037517,train,0.05297618
2019-10-07,EFA,-0.009405878,-0.00434724,0.0050586383,train,-0.0052840714
2019-10-07,IWM,-0.016388057,-0.024976963,0.008588906,train,-0.016171163
2019-10-07,SPY,-0.015646292,-0.0022337148,0.013412577,train,-0.0020737615
2019-10-07,TLT,0.002689767,-0.017964588,0.020654356,train,0.037715107
2019-10-08,EFA,0.007218958,-0.006296851,0.01351581,train,-0.00434724
2019-10-08,IWM,0.004564043,-0.027843112,0.032407157,train,-0.024976963
2019-10-08,SPY,0.009451889,0.006129027,0.0033228626,train,-0.0022337148
2019-10-08,TLT,-0.005664104,0.0071688504,0.0128329545,train,-0.017964588
2019-10-09,EFA,0.0070122452,0.010038272,0.0030260263,train,-0.006296851
2019-10-09,IWM,0.0040019187,-0.011028996,0.015030915,train,-0.027843112
2019-10-09,SPY,0.0067407633,-0.015548609,0.022289373,train,0.006129027
2019-10-09,TLT,-0.015006689,-0.0021331883,0.012873501,train,0.0071688504
2019-10-10,EFA,0.017699653,0.01046096,0.0072386935,train,0.010038272
2019-10-10,IWM,0.016782511,-0.017187893,0.033970404,train,-0.011028996
2019-10-10,SPY,0.010313488,-0.0039275554,0.0142410435,train,-0.015548609
2019-10-10,TLT,-0.012453992,-0.005192529,0.007261463,train,-0.0021331883
2019-10-11,EFA,-0.0041275676,0.0016453606,0.0057729282,train,0.01046096
2019-10-11,IWM,-0.0036685169,-0.0030432306,0.00062528625,train,-0.017187893
2019-10-11,SPY,-0.0011144815,-0.008420149,0.0073056673,train,-0.0039275554
2019-10-11,TLT,0.007236733,0.017558252,0.010321519,train,-0.005192529
2019-10-14,EFA,0.01157501,0.015711168,0.004136158,train,0.0016453606
2019-10-14,IWM,0.011426944,-0.0019354955,0.013362439,train,-0.0030432306
2019-10-14,SPY,0.00985154,0.009654671,0.00019686949,train,-0.008420149
2019-10-14,TLT,-0.012162296,0.0015377295,0.013700025,train,0.017558252
2019-10-15,EFA,0.0015129402,0.01995564,0.0184427,train,0.015711168
2019-10-15,IWM,0.0010562567,-0.022838553,0.02389481,train,-0.0019354955
2019-10-15,SPY,-0.0016069913,-0.02262887,0.021021878,train,0.009654671
2019-10-15,TLT,0.0012154399,-0.003490386,0.004705826,train,0.0015377295
2019-10-16,EFA,0.0024162733,-0.0057085305,0.008124804,train,0.01995564
2019-10-16,IWM,0.01174185,-0.05300789,0.06474974,train,-0.022838553
2019-10-16,SPY,0.0029445163,0.01286,0.009915484,train,-0.02262887
2019-10-16,TLT,-0.002432359,-0.008991849,0.0065594898,train,-0.003490386
2019-10-17,EFA,-0.0004528461,-0.009208372,0.008755526,train,-0.0057085305
2019-10-17,IWM,-0.004771944,-0.025028257,0.020256313,train,-0.05300789
2019-10-17,SPY,-0.0043868423,-0.003268056,0.0011187862,train,0.01286
2019-10-17,TLT,0.0,-0.008284178,0.008284178,train,-0.008991849
2019-10-18,EFA,0.005417826,-0.005843337,0.011261163,train,-0.009208372
2019-10-18,IWM,0.009326514,0.0022828705,0.0070436434,train,-0.025028257
2019-10-18,SPY,0.0067564882,0.0039993976,0.0027570906,train,-0.003268056
2019-10-18,TLT,-0.007550766,-0.003324613,0.0042261533,train,-0.008284178
2019-10-21,EFA,-0.0024040837,-0.010874232,0.008470149,train,-0.005843337
2019-10-21,IWM,0.0011031147,-0.0058904043,0.006993519,train,0.0022828705
2019-10-21,SPY,-0.0032721362,-0.030649653,0.027377516,train,0.0039993976
2019-10-21,TLT,0.0058298004,-0.011804393,0.017634192,train,-0.003324613
2019-10-22,EFA,0.0054011527,0.03664037,0.031239215,train,-0.010874232
2019-10-22,IWM,0.0012311399,0.024071967,0.022840828,train,-0.0058904043
2019-10-22,SPY,0.0029052622,-0.031960726,0.034865987,train,-0.030649653
2019-10-22,TLT,0.0010044153,-0.0030650273,0.004069443,train,-0.011804393
2019-10-23,EFA,0.0017938289,0.0059517985,0.0041579697,train,0.03664037
2019-10-23,IWM,-0.0014258889,0.036392897,0.037818786,train,0.024071967
2019-10-23,SPY,0.001632493,-0.016511114,0.018143607,train,-0.031960726
2019-10-23,TLT,-0.0020098404,-0.0057015656,0.0036917252,train,-0.0030650273
2019-10-24,EFA,0.001045094,0.02186811,0.020823015,train,0.0059517985
2019-10-24,IWM,0.00530453,0.021096775,0.015792245,train,0.036392897
2019-10-24,SPY,0.0040866993,-0.04124068,0.04532738,train,-0.016511114
2019-10-24,TLT,-0.004897225,-0.01473018,0.009832954,train,-0.0057015656
2019-10-25,EFA,0.0044663306,0.018495115,0.014028784,train,0.02186811
2019-10-25,IWM,0.008608144,0.032731198,0.024123054,train,0.021096775
2019-10-25,SPY,0.0056207976,-0.027800614,0.033421412,train,-0.04124068
2019-10-25,TLT,-0.009137523,-0.0050459052,0.004091618,train,-0.01473018
2019-10-28,EFA,-0.00029711728,0.029320626,0.029617744,train,0.018495115
2019-10-28,IWM,0.0032567254,0.040877435,0.03762071,train,0.032731198
2019-10-28,SPY,-0.00029675302,-0.016948858,0.016652105,train,-0.027800614
2019-10-28,TLT,0.00065566617,-0.010893717,0.011549383,train,-0.0050459052
2019-10-29,EFA,0.0041519715,0.02671205,0.022560079,train,0.029320626
2019-10-29,IWM,-0.0033207529,0.008993978,0.01231473,train,0.040877435
2019-10-29,SPY,0.003062503,0.0151488725,0.012086369,train,-0.016948858
2019-10-29,TLT,0.0145277,0.020406228,0.0058785276,train,-0.010893717
2019-10-30,EFA,-0.0023704537,0.017910682,0.020281136,train,0.02671205
2019-10-30,IWM,-0.0056449226,0.010001628,0.01564655,train,0.008993978
2019-10-30,SPY,-0.0026671092,-0.0009370749,0.0017300344,train,0.0151488725
2019-10-30,TLT,0.01340059,0.0057206475,0.0076799425,train,0.020406228
2019-10-31,EFA,0.00886002,0.028102292,0.019242272,train,0.017910682
2019-10-31,IWM,0.016903691,0.018263528,0.0013598371,train,0.010001628
2019-10-31,SPY,0.0092215035,0.031201754,0.02198025,train,-0.0009370749
2019-10-31,TLT,-0.0030828477,0.0042425185,0.007325366,train,0.0057206475
2019-11-01,EFA,0.005132357,0.011421001,0.0062886435,train,0.028102292
2019-11-01,IWM,0.0053617656,0.031328317,0.025966551,train,0.018263528
2019-11-01,SPY,0.004009611,-0.0129773505,0.016986962,train,0.031201754
2019-11-01,TLT,-0.013249019,0.004487937,0.017736956,train,0.0042425185
2019-11-04,EFA,-0.001903333,0.025403788,0.027307121,train,0.011421001
2019-11-04,IWM,0.0012571379,0.016048461,0.014791323,train,0.031328317
2019-11-04,SPY,-0.0011068401,0.0019183499,0.00302519,train,-0.0129773505
2019-11-04,TLT,-0.011309846,-0.004718836,0.0065910104,train,0.004487937
2019-11-05,EFA,-0.00043949584,0.018368708,0.018808205,train,0.025403788
2019-11-05,IWM,-0.0057973224,0.02072888,0.026526203,train,0.016048461
2019-11-05,SPY,0.00022822262,0.01756037,0.017332148,train,0.0019183499
2019-11-05,TLT,0.006032315,0.007887881,0.0018555662,train,-0.004718836
2019-11-06,EFA,0.003073906,0.023742145,0.020668238,train,0.018368708
2019-11-06,IWM,0.0026509366,0.020063935,0.017412998,train,0.02072888
2019-11-06,SPY,0.0035104994,0.01886108,0.01535058,train,0.01756037
2019-11-06,TLT,-0.018284075,0.015063154,0.033347227,train,0.007887881
2019-11-07,EFA,-0.0005846976,0.032157183,0.032741882,train,0.023742145
2019-11-07,IWM,0.002706749,0.013795599,0.01108885,train,0.020063935
2019-11-07,SPY,0.0024631452,0.0018667565,0.0005963887,train,0.01886108
2019-11-07,TLT,-0.0042158416,0.009991961,0.014207803,train,0.015063154
2019-11-08,EFA,-0.0013170404,0.032287575,0.033604614,train,0.032157183
2019-11-08,IWM,-0.0018874943,0.021059731,0.022947226,train,0.013795599
2019-11-08,SPY,-0.0019117458,0.0029243869,0.0048361327,train,0.0018667565
2019-11-08,TLT,0.00066646386,0.0038336278,0.003167164,train,0.009991961
2019-11-11,EFA,0.00043904863,0.031085543,0.030646496,train,0.032287575
2019-11-11,IWM,0.00031474323,0.032098133,0.03178339,train,0.021059731
2019-11-11,SPY,0.0021058496,0.014629608,0.012523758,train,0.0029243869
2019-11-11,TLT,0.0045818114,0.0025946298,0.0019871816,train,0.0038336278
2019-11-12,EFA,-0.003518883,0.030833466,0.034352347,train,0.031085543
2019-11-12,IWM,-0.0042904187,0.033943743,0.03823416,train,0.032098133
2019-11-12,SPY,0.00032356696,0.017237553,0.016913986,train,0.014629608
2019-11-12,TLT,0.006468104,0.00804377,0.0015756655,train,0.0025946298
2019-11-13,EFA,-0.0027948625,0.03552631,0.03832117,train,0.030833466
2019-11-13,IWM,-0.00031609673,0.030839553,0.03115565,train,0.033943743
2019-11-13,SPY,0.0014548652,0.016999362,0.0155444965,train,0.017237553
2019-11-13,TLT,0.010276514,0.004391584,0.00588493,train,0.00804377
2019-11-14,EFA,0.0063137454,0.028073227,0.021759482,train,0.03552631
2019-11-14,IWM,0.0051730326,0.037013125,0.031840093,train,0.030839553
2019-11-14,SPY,0.0072103296,0.024032565,0.016822236,train,0.016999362
2019-11-14,TLT,-0.0010878739,0.010496218,0.011584092,train,0.004391584
2019-11-15,EFA,0.0011704171,0.014703706,0.013533289,train,0.028073227
2019-11-15,IWM,-0.0025198157,0.03182084,0.034340657,train,0.037013125
2019-11-15,SPY,0.0007372417,0.007486925,0.006749683,train,0.024032565
2019-11-15,TLT,0.001812842,0.0009013069,0.00091153505,train,0.010496218
2019-11-18,EFA,-0.0013166551,0.028061578,0.029378233,train,0.014703706
2019-11-18,IWM,0.0037148006,0.015487315,0.011772514,train,0.03182084
2019-11-18,SPY,-0.0002883512,0.009932494,0.010220845,train,0.007486925
2019-11-18,TLT,0.008298227,0.01710359,0.008805363,train,0.0009013069
2019-11-19,EFA,-0.0063146716,0.02338089,0.029695563,train,0.028061578
2019-11-19,IWM,-0.0037782604,0.018796343,0.022574604,train,0.015487315
2019-11-19,SPY,-0.003725675,0.02487277,0.028598446,train,0.009932494
2019-11-19,TLT,0.010294739,0.0023039174,0.007990822,train,0.01710359
2019-11-20,EFA,-0.0013268841,0.010952996,0.01227988,train,0.02338089
2019-11-20,IWM,-0.0049330937,0.0020258375,0.006958931,train,0.018796343
2019-11-20,SPY,-0.0016101759,0.020158196,0.021768373,train,0.02487277
2019-11-20,TLT,-0.0062785684,-0.009912595,0.0036340267,train,0.0023039174
2019-11-21,EFA,0.0027989116,0.011702156,0.0089032445,train,0.010952996
2019-11-21,IWM,0.0031020723,0.0029735295,0.00012854277,train,0.0020258375
2019-11-21,SPY,0.0022212346,-0.0041399463,0.006361181,train,0.020158196
2019-11-21,TLT,0.0012869686,-0.0069439686,0.008230938,train,-0.009912595
2019-11-22,EFA,0.007912057,0.004156135,0.0037559224,train,0.011702156
2019-11-22,IWM,0.021013783,-0.007970812,0.028984595,train,0.0029735295
2019-11-22,SPY,0.00772053,0.007173626,0.0005469038,train,-0.0041399463
2019-11-22,TLT,0.002926597,-0.022150679,0.025077276,train,-0.0069439686
2019-11-25,EFA,-0.0005837766,0.013219044,0.01380282,train,0.004156135
2019-11-25,IWM,0.0006805977,-0.01145928,0.012139877,train,-0.007970812
2019-11-25,SPY,0.0022629001,0.011895949,0.009633049,train,0.007173626
2019-11-25,TLT,0.0058274292,-0.011057658,0.016885087,train,-0.022150679
2019-11-26,EFA,0.00262492,0.021275224,0.018650305,train,0.013219044
2019-11-26,IWM,0.0070257345,0.00063514384,0.0063905907,train,-0.01145928
2019-11-26,SPY,0.0044474853,0.012211444,0.0077639585,train,0.011895949
2019-11-26,TLT,-0.0029096974,-0.015093472,0.012183774,train,-0.011057658
2019-11-27,EFA,-0.007015495,0.015354952,0.022370446,train,0.021275224
2019-11-27,IWM,-0.00653111,0.0043968284,0.010927938,train,0.00063514384
2019-11-27,SPY,-0.0037155105,0.0049790503,0.008694561,train,0.012211444
2019-11-27,TLT,-0.0021340023,-0.013963772,0.011829769,train,-0.015093472
2019-11-29,EFA,-0.0051465603,0.008901387,0.014047948,train,0.015354952
2019-11-29,IWM,-0.009815116,0.007368582,0.017183699,train,0.0043968284
2019-11-29,SPY,-0.00853088,-0.014968049,0.0064371685,train,0.0049790503
2019-11-29,TLT,-0.01342259,0.02586375,0.039286338,train,-0.013963772
2019-12-02,EFA,-0.0036925746,0.004473252,0.008165827,train,0.008901387
2019-12-02,IWM,-0.00318861,0.0020069224,0.0051955325,train,0.007368582
2019-12-02,SPY,-0.006729129,-0.024431003,0.017701875,train,-0.014968049
2019-12-02,TLT,0.020751033,-0.026758121,0.047509156,train,0.02586375
2019-12-03,EFA,0.009132553,-0.003963331,0.013095884,train,0.004473252
2019-12-03,IWM,0.006864859,0.011101097,0.004236238,train,0.0020069224
2019-12-03,SPY,0.006151317,0.0151597485,0.009008432,train,-0.024431003
2019-12-03,TLT,-0.010035475,-0.019739257,0.009703782,train,-0.026758121
2019-12-04,EFA,-0.0019080137,0.008214136,0.010122149,train,-0.003963331
2019-12-04,IWM,0.000994702,0.0136214215,0.01262672,train,0.011101097
2019-12-04,SPY,0.001796254,0.016872324,0.01507607,train,0.0151597485
2019-12-04,TLT,-0.0048760083,-0.039935213,0.035059206,train,-0.019739257
2019-12-05,EFA,0.00906711,0.009492235,0.00042512547,train,0.008214136
2019-12-05,IWM,0.011614002,0.019471137,0.007857135,train,0.0136214215
2019-12-05,SPY,0.009092206,0.016428532,0.007336326,train,0.016872324
2019-12-05,TLT,-0.0055501345,-0.011192128,0.0056419936,train,-0.039935213
2019-12-06,EFA,-0.0052547157,-0.0006339068,0.004620809,train,0.009492235
2019-12-06,IWM,-0.0019063007,-0.0062681846,0.0043618837,train,0.019471137
2019-12-06,SPY,-0.0031486098,-0.00025846204,0.0028901477,train,0.016428532
2019-12-06,TLT,0.0021657404,-0.016648771,0.018814512,train,-0.011192128
2019-12-09,EFA,0.00043885913,0.012975609,0.01253675,train,-0.0006339068
2019-12-09,IWM,0.00061545405,0.025916714,0.02530126,train,-0.0062681846
2019-12-09,SPY,-0.0011159998,-0.016087415,0.014971415,train,-0.00025846204
2019-12-09,TLT,7.220066e-05,-0.002191288,0.0022634885,train,-0.016648771
2019-12-10,EFA,0.0052523487,0.010592628,0.0053402795,train,0.012975609
2019-12-10,IWM,-0.00030742565,0.030891413,0.031198839,train,0.025916714
2019-12-10,SPY,0.002834981,-0.030039141,0.032874122,train,-0.016087415
2019-12-10,TLT,0.007830287,-0.005062077,0.0128923645,train,-0.002191288
2019-12-11,EFA,0.0066715814,0.0086177755,0.0019461941,train,0.010592628
2019-12-11,IWM,0.008575416,0.032397285,0.023821868,train,0.030891413
2019-12-11,SPY,0.008581887,-0.028069705,0.036651593,train,-0.030039141
2019-12-11,TLT,-0.016595064,-0.012580896,0.004014168,train,-0.005062077
2019-12-12,EFA,0.006914501,0.014460426,0.0075459247,train,0.0086177755
2019-12-12,IWM,-0.0038497283,0.020026224,0.023875952,train,0.032397285
2019-12-12,SPY,0.0005990186,-0.0020651012,0.0026641197,train,-0.028069705
2019-12-12,TLT,0.011501131,0.0038540154,0.0076471153,train,-0.012580896
2019-12-13,EFA,0.010627933,0.023355952,0.012728019,train,0.014460426
2019-12-13,IWM,0.0070235226,0.023941727,0.016918205,train,0.020026224
2019-12-13,SPY,0.0068463916,-0.003966263,0.010812655,train,-0.0020651012
2019-12-13,TLT,-0.009030831,-0.0021099201,0.006920911,train,0.0038540154
2019-12-16,EFA,-0.005762108,0.025538744,0.031300854,train,0.023355952
2019-12-16,IWM,0.0049909246,-0.0015220917,0.0065130163,train,0.023941727
2019-12-16,SPY,0.00021931612,0.029323911,0.029104596,train,-0.003966263
2019-12-16,TLT,-0.0013788559,0.0070611387,0.008439994,train,-0.0021099201
2019-12-17,EFA,-0.001301132,-0.0002283915,0.0010727405,train,0.025538744
2019-12-17,IWM,0.0019413275,0.008747641,0.0068063135,train,-0.0015220917
2019-12-17,SPY,6.241356e-05,0.011076763,0.01101435,train,0.029323911
2019-12-17,TLT,-0.008246435,5.2019954e-05,0.008298455,train,0.0070611387
2019-12-18,EFA,0.0,0.0085414015,0.0085414015,train,-0.0002283915
2019-12-18,IWM,0.0042934106,0.016121777,0.011828367,train,0.008747641
2019-12-18,SPY,0.0040905783,0.006185267,0.0020946888,train,0.011076763
2019-12-18,TLT,0.0015987124,0.0043350705,0.002736358,train,5.2019954e-05
2019-12-19,EFA,0.000723302,0.018200798,0.017477496,train,0.0085414015
2019-12-19,IWM,0.0014469813,0.024691839,0.023244858,train,0.016121777
2019-12-19,SPY,0.0043745604,0.02319741,0.01882285,train,0.006185267
2019-12-19,TLT,0.0013179089,-0.0028924677,0.0042103766,train,0.0043350705
2019-12-20,EFA,0.0015886086,0.028015748,0.026427139,train,0.018200798
2019-12-20,IWM,0.001986261,0.02009334,0.018107079,train,0.024691839
2019-12-20,SPY,0.001526555,0.014468659,0.012942104,train,0.02319741
2019-12-20,TLT,-0.001464599,-0.0028791982,0.0014145991,train,-0.0028924677
2019-12-23,EFA,-0.0010107786,0.0119165,0.012927278,train,0.028015748
2019-12-23,IWM,0.002282429,0.014010971,0.011728542,train,0.02009334
2019-12-23,SPY,3.1309773e-05,0.016862366,0.016831057,train,0.014468659
2019-12-23,TLT,0.0028538175,0.014006365,0.011152548,train,-0.0028791982
2019-12-24,EFA,0.004324527,0.02307937,0.018754842,train,0.0119165
2019-12-24,IWM,0.0,0.018361226,0.018361226,train,0.014010971
2019-12-24,SPY,0.0053092884,-0.00662142,0.011930708,train,0.016862366
2019-12-24,TLT,0.0024087306,0.004142327,0.0017335962,train,0.014006365
2019-12-26,EFA,0.0017246796,0.024884911,0.023160232,train,0.02307937
2019-12-26,IWM,-0.0049319854,0.017587254,0.022519238,train,0.018361226
2019-12-26,SPY,-0.00024773492,-0.007366367,0.007118632,train,-0.00662142
2019-12-26,TLT,0.0010933187,0.0021706377,0.001077319,train,0.004142327
2019-12-27,EFA,-0.007494771,0.027468702,0.034963474,train,0.024884911
2019-12-27,IWM,-0.0025350277,0.011120183,0.013655211,train,0.017587254
2019-12-27,SPY,-0.0055285026,0.010490634,0.016019136,train,-0.007366367
2019-12-27,TLT,-0.003648076,-0.011969157,0.00832108,train,0.0021706377
2019-12-30,EFA,0.004618694,0.021840418,0.017221723,train,0.027468702
2019-12-30,IWM,0.0013892193,0.015277902,0.013888682,train,0.011120183
2019-12-30,SPY,0.0024261095,0.019699322,0.017273212,train,0.010490634
2019-12-30,TLT,-0.009842056,-0.00018692575,0.00965513,train,-0.011969157
2019-12-31,EFA,0.010030384,0.009091262,0.0009391224,train,0.021840418
2019-12-31,IWM,0.00066336076,0.02402761,0.02336425,train,0.015277902
2019-12-31,SPY,0.009308695,0.014557181,0.005248486,train,0.019699322
2019-12-31,TLT,0.01122975,0.0010567144,0.010173036,train,-0.00018692575
2020-01-02,EFA,-0.012481547,0.025557935,0.038039483,train,0.009091262
2020-01-02,IWM,-0.003928377,0.028008474,0.03193685,train,0.02402761
2020-01-02,SPY,-0.0076013426,-0.016057475,0.008456131,train,0.014557181
2020-01-02,TLT,0.015283156,-0.004089183,0.01937234,train,0.0010567144
2020-01-03,EFA,0.003890465,-0.0018845755,0.0057750405,train,0.025557935
2020-01-03,IWM,0.001331512,0.026072858,0.024741346,train,0.028008474
2020-01-03,SPY,0.0038078937,0.02285507,0.019047176,train,-0.016057475
2020-01-03,TLT,-0.005695235,0.0016153464,0.0073105814,train,-0.004089183
2020-01-06,EFA,-0.0027362437,0.013723483,0.016459728,train,-0.0018845755
2020-01-06,IWM,-0.0033318605,0.019797534,0.023129394,train,0.026072858
2020-01-06,SPY,-0.0028158368,0.0114272535,0.0142430905,train,0.02285507
2020-01-06,TLT,-0.0049274834,0.0012902827,0.006217766,train,0.0016153464
2020-01-07,EFA,0.0028799353,0.0053560077,0.0024760724,train,0.013723483
2020-01-07,IWM,0.0030897725,0.00378098,0.00069120736,train,0.019797534
2020-01-07,SPY,0.0053153685,0.010393314,0.0050779455,train,0.0114272535
2020-01-07,TLT,-0.0066332524,0.005344569,0.011977822,train,0.0012902827
2020-01-08,EFA,0.0022977688,0.0011651716,0.0011325972,train,0.0053560077
2020-01-08,IWM,0.0012090587,0.0027624248,0.0015533661,train,0.00378098
2020-01-08,SPY,0.006758201,0.0153435245,0.008585324,train,0.010393314
2020-01-08,TLT,0.0035046062,0.010026129,0.006521523,train,0.005344569
2020-01-09,EFA,-0.0037366669,0.005849742,0.009586409,train,0.0011651716
2020-01-09,IWM,-0.00375303,0.0014759363,0.0052289665,train,0.0027624248
2020-01-09,SPY,-0.002881973,7.2023366e-05,0.0029539964,train,0.0153435245
2020-01-09,TLT,0.008851472,0.027589796,0.018738324,train,0.010026129
2020-01-10,EFA,0.0051699406,0.015887434,0.010717493,train,0.005849742
2020-01-10,IWM,0.006468079,-0.0067384415,0.013206521,train,0.0014759363
2020-01-10,SPY,0.0068537043,-0.017464716,0.02431842,train,7.2023366e-05
2020-01-10,TLT,-0.0030383451,0.004516818,0.0075551635,train,0.027589796
2020-01-13,EFA,0.0010024364,0.009373033,0.008370597,train,0.015887434
2020-01-13,IWM,0.0036691052,-0.012332834,0.01600194,train,-0.0067384415
2020-01-13,SPY,-0.0015258165,0.0057711727,0.007296989,train,-0.017464716
2020-01-13,TLT,0.005130994,0.008273263,0.0031422693,train,0.004516818
2020-01-14,EFA,0.0,0.018042909,0.018042909,train,0.009373033
2020-01-14,IWM,0.004791354,-0.008502621,0.013293975,train,-0.012332834
2020-01-14,SPY,0.0022573094,-0.007854769,0.010112079,train,0.0057711727
2020-01-14,TLT,0.006609331,0.030545117,0.023935787,train,0.008273263
2020-01-15,EFA,0.0041415635,0.01790264,0.013761077,train,0.018042909
2020-01-15,IWM,0.01282259,-0.0069915806,0.01981417,train,-0.008502621
2020-01-15,SPY,0.008283764,0.022386033,0.014102269,train,-0.007854769
2020-01-15,TLT,-0.003155435,-0.0014298968,0.0017255382,train,0.030545117
2020-01-16,EFA,0.0029880004,0.011919867,0.008931867,train,0.01790264
2020-01-16,IWM,-0.0027166887,0.004201664,0.006918353,train,-0.0069915806
2020-01-16,SPY,0.00310788,0.004973405,0.001865525,train,0.022386033
2020-01-16,TLT,-0.0085848905,0.0057156184,0.014300508,train,-0.0014298968
2020-01-17,EFA,-0.007988407,0.020032646,0.028021052,train,0.011919867
2020-01-17,IWM,-0.008315353,0.003917402,0.012232754,train,0.004201664
2020-01-17,SPY,-0.0019599646,0.027487596,0.029447561,train,0.004973405
2020-01-17,TLT,0.010450876,0.011637419,0.0011865431,train,0.0057156184
2020-01-21,EFA,0.0020029945,-0.0010062619,0.0030092564,train,0.020032646
2020-01-21,IWM,-0.00065607723,0.0037864451,0.0044425223,train,0.003917402
2020-01-21,SPY,0.00012051853,0.025654184,0.025533665,train,0.027487596
2020-01-21,TLT,0.0035073431,-0.021413393,0.024920736,train,0.011637419
2020-01-22,EFA,-0.00243266,0.012972321,0.015404982,train,-0.0010062619
2020-01-22,IWM,-0.0006566062,0.008293511,0.008950118,train,0.0037864451
2020-01-22,SPY,0.0011463606,0.019157242,0.01801088,train,0.025654184
2020-01-22,TLT,0.0069776727,0.0024425634,0.0045351093,train,-0.021413393
2020-01-23,EFA,-0.0043082186,0.0044695647,0.008777783,train,0.012972321
2020-01-23,IWM,-0.012378613,0.010522302,0.022900917,train,0.008293511
2020-01-23,SPY,-0.008932839,0.02096373,0.029896569,train,0.019157242
2020-01-23,TLT,0.00805539,-0.0039871647,0.012042554,train,0.0024425634
2020-01-24,EFA,-0.020939952,0.012206627,0.03314658,train,0.0044695647
2020-01-24,IWM,-0.011432242,0.008580379,0.02001262,train,0.010522302
2020-01-24,SPY,-0.016159058,0.028874213,0.04503327,train,0.02096373
2020-01-24,TLT,0.015435239,-0.0036160988,0.019051338,train,-0.0039871647
2020-01-27,EFA,0.009361122,0.005180619,0.0041805026,train,0.012206627
2020-01-27,IWM,0.008283176,-0.002373668,0.010656845,train,0.008580379
2020-01-27,SPY,0.010424312,0.021198818,0.010774506,train,0.028874213
2020-01-27,TLT,-0.0078628445,0.022566622,0.030429468,train,-0.0036160988
2020-01-28,EFA,0.00014513754,-0.011956321,0.012101458,train,0.005180619
2020-01-28,IWM,-0.005717662,-0.01643651,0.010718848,train,-0.002373668
2020-01-28,SPY,-0.0008263687,0.00988074,0.010707109,train,0.021198818
2020-01-28,TLT,0.009732148,-0.031228768,0.040960915,train,0.022566622
2020-01-29,EFA,-0.0008735346,-0.017329695,0.01645616,train,-0.011956321
2020-01-29,IWM,0.0,-0.0079851,0.0079851,train,-0.01643651
2020-01-29,SPY,0.0032402044,0.012068957,0.008828753,train,0.00988074
2020-01-29,TLT,0.00013871351,-0.019914767,0.02005348,train,-0.031228768
2020-01-30,EFA,-0.0170442,-0.007254286,0.009789914,train,-0.017329695
2020-01-30,IWM,-0.020958774,-0.015098408,0.005860366,train,-0.0079851
2020-01-30,SPY,-0.018324835,0.008149187,0.026474021,train,0.012068957
2020-01-30,TLT,0.009088182,-0.047514297,0.056602478,train,-0.019914767
2020-01-31,EFA,0.0023681712,-0.0039617713,0.0063299425,train,-0.007254286
2020-01-31,IWM,0.011088993,0.012745479,0.0016564857,train,-0.015098408
2020-01-31,SPY,0.0074010836,0.016832901,0.009431818,train,0.008149187
2020-01-31,TLT,-0.00081045885,-0.0070625,0.006252041,train,-0.047514297
2020-02-03,EFA,0.01656812,-0.0029808911,0.019549012,train,-0.0039617713
2020-02-03,IWM,0.014980849,-0.019385949,0.034366798,train,0.012745479
2020-02-03,SPY,0.015126152,-0.0032837954,0.018409947,train,0.016832901
2020-02-03,TLT,-0.013558352,-0.011818355,0.0017399974,train,-0.0070625
2020-02-04,EFA,0.009551402,0.00037507294,0.009176329,train,-0.0029808911
2020-02-04,IWM,0.015297635,-0.014631255,0.02992889,train,-0.019385949
2020-02-04,SPY,0.011481867,0.010143179,0.0013386877,train,-0.0032837954
2020-02-04,TLT,-0.010995385,-0.04516817,0.034172785,train,-0.011818355
2020-02-05,EFA,0.0027329638,0.00761269,0.004879726,train,0.00037507294
2020-02-05,IWM,-0.0022739237,0.0011676694,0.0034415931,train,-0.014631255
2020-02-05,SPY,0.0033589622,0.0008960259,0.0024629363,train,0.010143179
2020-02-05,TLT,0.0044964887,-0.040112678,0.044609167,train,-0.04516817
2020-02-06,EFA,-0.009525342,0.012925189,0.02245053,train,0.00761269
2020-02-06,IWM,-0.01235623,-0.0050373147,0.0073189153,train,0.0011676694
2020-02-06,SPY,-0.0053437385,-0.013504855,0.008161116,train,0.0008960259
2020-02-06,TLT,0.012400945,0.018767972,0.006367027,train,-0.040112678
2020-02-07,EFA,0.0020280147,0.0046607913,0.0026327765,train,0.012925189
2020-02-07,IWM,0.005624367,-0.03228215,0.03790652,train,-0.0050373147
2020-02-07,SPY,0.007437561,-0.045853857,0.053291418,train,-0.013504855
2020-02-07,TLT,0.0027657526,0.025386425,0.022620672,train,0.018767972
2020-02-10,EFA,0.006778664,0.0093244,0.0025457358,train,0.0046607913
2020-02-10,IWM,0.00691187,0.0051454594,0.0017664107,train,-0.03228215
2020-02-10,SPY,0.0017318081,0.008495297,0.006763489,train,-0.045853857
2020-02-10,TLT,-0.005053322,0.0064142398,0.011467561,train,0.025386425
2020-02-11,EFA,0.0034437212,0.002254472,0.0011892491,train,0.0093244
2020-02-11,IWM,0.006864228,0.010403695,0.0035394668,train,0.0051454594
2020-02-11,SPY,0.0064221756,0.001265733,0.0051564425,train,0.008495297
2020-02-11,TLT,-0.005079051,-0.008864855,0.0037858044,train,0.0064142398
2020-02-12,EFA,-0.007043424,-0.003648661,0.003394763,train,0.002254472
2020-02-12,IWM,0.0026138474,0.015729938,0.013116091,train,0.010403695
2020-02-12,SPY,-0.0010678977,0.0031922706,0.0042601684,train,0.001265733
2020-02-12,TLT,0.0038297498,0.018068532,0.014238782,train,-0.008864855
2020-02-13,EFA,-0.0017325818,0.0021759844,0.003908566,train,-0.003648661
2020-02-13,IWM,-0.0038639852,0.020596193,0.024460178,train,0.015729938
2020-02-13,SPY,0.001600926,0.016069913,0.0144689875,train,0.0031922706
2020-02-13,TLT,0.0043677273,0.016293416,0.011925688,train,0.018068532
2020-02-14,EFA,-0.006378872,-0.0031183981,0.0032604737,train,0.0021759844
2020-02-14,IWM,-0.0021462732,-0.033311546,0.031165272,train,0.020596193
2020-02-14,SPY,-0.002580159,0.04286712,0.04544728,train,0.016069913
2020-02-14,TLT,0.0068254466,0.016936103,0.010110656,train,0.016293416
2020-02-18,EFA,0.0033395127,0.0008885381,0.0024509747,train,-0.0031183981
2020-02-18,IWM,0.005119864,-0.027226066,0.03234593,train,-0.033311546
2020-02-18,SPY,0.004769677,0.034177985,0.029408308,train,0.04286712
2020-02-18,TLT,-6.8751324e-05,0.03170604,0.03177479,train,0.016936103
2020-02-19,EFA,-0.0059607155,0.0056454125,0.011606128,train,0.0008885381
2020-02-19,IWM,0.00243174,0.02627146,0.02383972,train,-0.027226066
2020-02-19,SPY,-0.004116452,0.011451365,0.015567817,train,0.034177985
2020-02-19,TLT,0.007802832,0.014692882,0.00689005,train,0.03170604
2020-02-20,EFA,-0.004676815,-0.002206551,0.0024702642,train,0.0056454125
2020-02-20,IWM,-0.010181525,0.023614848,0.033796374,train,0.02627146
2020-02-20,SPY,-0.010352049,0.0377157,0.04806775,train,0.011451365
2020-02-20,TLT,0.009297413,-0.002317971,0.011615384,train,0.014692882
2020-02-21,EFA,-0.040816057,0.009150758,0.049966816,train,-0.002206551
2020-02-21,IWM,-0.030563947,-0.0020044683,0.028559478,train,0.023614848
2020-02-21,SPY,-0.03372765,0.014763273,0.048490923,train,0.0377157
2020-02-21,TLT,0.014818245,0.015269207,0.00045096222,train,-0.002317971
2020-02-24,EFA,-0.016618341,0.052516364,0.069134705,train,0.009150758
2020-02-24,IWM,-0.03618708,0.018958958,0.05514604,train,-0.0020044683
2020-02-24,SPY,-0.030770939,0.032429863,0.0632008,train,0.014763273
2020-02-24,TLT,0.005310171,0.04136905,0.03605888,train,0.015269207
2020-02-25,EFA,0.0012404174,-0.025962532,0.027202949,train,0.052516364
2020-02-25,IWM,-0.011647023,0.049169548,0.06081657,train,0.018958958
2020-02-25,SPY,-0.003684749,0.022931287,0.026616037,train,0.032429863
2020-02-25,TLT,-0.005310171,0.017506348,0.022816518,train,0.04136905
2020-02-26,EFA,-0.030045345,-0.01675773,0.013287615,train,-0.025962532
2020-02-26,IWM,-0.035845257,-0.006134273,0.029710984,train,0.049169548
2020-02-26,SPY,-0.04595136,-0.002276407,0.043674953,train,0.022931287
2020-02-26,TLT,0.010789949,-0.017273037,0.028062986,train,0.017506348
2020-02-27,EFA,-0.006086911,-0.018776456,0.012689545,train,-0.01675773
2020-02-27,IWM,-0.018484587,0.027077334,0.04556192,train,-0.006134273
2020-02-27,SPY,-0.0042103627,0.031017886,0.03522825,train,-0.002276407
2020-02-27,TLT,0.022332542,0.05128974,0.0289572,train,-0.017273037
2020-02-28,EFA,0.012771563,-0.036187988,0.04895955,train,-0.018776456
2020-02-28,IWM,0.031614065,0.014090786,0.01752328,train,0.027077334
2020-02-28,SPY,0.042394664,0.020116398,0.022278266,train,0.031017886
2020-02-28,TLT,-0.0073849265,0.044673566,0.05205849,train,0.05128974
2020-03-02,EFA,-0.008123019,-0.02576244,0.01763942,train,-0.036187988
2020-03-02,IWM,-0.020604247,-0.019692726,0.0009115208,train,0.014090786
2020-03-02,SPY,-0.029050298,-0.059000086,0.029949788,train,0.020116398
2020-03-02,TLT,0.015406921,-0.02669747,0.04210439,train,0.044673566
2020-03-03,EFA,0.029467244,-0.036973454,0.0664407,train,-0.02576244
2020-03-03,IWM,0.028058559,-0.009080177,0.037138738,train,-0.019692726
2020-03-03,SPY,0.041173685,-0.012780694,0.053954378,train,-0.059000086
2020-03-03,TLT,-0.010675756,0.034182634,0.04485839,train,-0.02669747
2020-03-04,EFA,-0.026911769,-0.002770917,0.024140852,train,-0.036973454
2020-03-04,IWM,-0.03232555,-0.02591386,0.0064116903,train,-0.009080177
2020-03-04,SPY,-0.033806782,-0.031667527,0.0021392554,train,-0.012780694
2020-03-04,TLT,0.024586873,-0.03206254,0.056649417,train,0.034182634
2020-03-05,EFA,-0.015108014,0.01574497,0.030852985,train,-0.002770917
2020-03-05,IWM,-0.020020349,0.011713188,0.031733535,train,-0.02591386
2020-03-05,SPY,-0.016669055,0.021423941,0.038092997,train,-0.031667527
2020-03-05,TLT,0.050735157,-0.024043854,0.07477901,train,-0.03206254
2020-03-06,EFA,-0.08074458,-0.0041291,0.07661548,train,0.01574497
2020-03-06,IWM,-0.10228685,-0.006605146,0.095681705,train,0.011713188
2020-03-06,SPY,-0.08131266,0.0028201402,0.0841328,train,0.021423941
2020-03-06,TLT,0.026742246,-0.01001027,0.036752515,train,-0.024043854
2020-03-09,EFA,0.03620458,0.096565396,0.060360815,train,-0.0041291
2020-03-09,IWM,0.030743502,0.09106573,0.060322225,train,-0.006605146
2020-03-09,SPY,0.050450724,0.060274694,0.0098239705,train,0.0028201402
2020-03-09,TLT,-0.052618593,0.0044979327,0.057116527,train,-0.01001027
2020-03-10,EFA,-0.05230971,-0.07206352,0.01975381,train,0.096565396
2020-03-10,IWM,-0.06571429,-0.041676205,0.024038088,train,0.09106573
2020-03-10,SPY,-0.049976606,-0.092824735,0.04284813,train,0.060274694
2020-03-10,TLT,-0.037491858,-0.15565659,0.11816473,train,0.0044979327
2020-03-11,EFA,-0.11642377,0.02122003,0.1376438,train,-0.07206352
2020-03-11,IWM,-0.11709826,0.022449242,0.1395475,train,-0.041676205
2020-03-11,SPY,-0.10056908,0.025695505,0.12626459,train,-0.092824735
2020-03-11,TLT,0.0061773495,-0.079330325,0.085507676,train,-0.15565659
2020-03-12,EFA,0.058771897,0.07691157,0.018139672,train,0.02122003
2020-03-12,IWM,0.06483433,0.018237518,0.04659681,train,0.022449242
2020-03-12,SPY,0.082027994,0.01756862,0.064459376,train,0.025695505
2020-03-12,TLT,-0.02286234,0.061339732,0.08420207,train,-0.079330325
2020-03-13,EFA,-0.108915746,-0.01913738,0.08977836,train,0.07691157
2020-03-13,IWM,-0.14233504,-0.06735991,0.07497513,train,0.018237518
2020-03-13,SPY,-0.11588642,-0.08494371,0.030942708,train,0.01756862
2020-03-13,TLT,0.06275464,0.03921322,0.023541417,train,0.061339732
2020-03-16,EFA,0.047534887,0.05722714,0.009692252,train,-0.01913738
2020-03-16,IWM,0.044820957,0.0070800954,0.03774086,train,-0.06735991
2020-03-16,SPY,0.05258496,0.068547875,0.015962914,train,-0.08494371
2020-03-16,TLT,-0.06901028,0.068490416,0.1375007,train,0.03921322
2020-03-17,EFA,-0.058980305,-0.026339514,0.032640792,train,0.05722714
2020-03-17,IWM,-0.08068099,-0.10170308,0.021022089,train,0.0070800954
2020-03-17,SPY,-0.05195985,-0.12179377,0.06983392,train,0.068547875
2020-03-17,TLT,-0.05806616,-0.0149098765,0.04315628,train,0.068490416
2020-03-18,EFA,0.015441546,-0.024830593,0.04027214,train,-0.026339514
2020-03-18,IWM,0.03826999,-0.022714673,0.060984664,train,-0.10170308
2020-03-18,SPY,0.0021226108,0.07840261,0.07628,train,-0.12179377
2020-03-18,TLT,0.026861575,-0.014648093,0.041509666,train,-0.0149098765
2020-03-19,EFA,-0.012461878,-0.012228845,0.00023303367,train,-0.024830593
2020-03-19,IWM,-0.024067117,-0.08099716,0.056930043,train,-0.022714673
2020-03-19,SPY,-0.04405011,0.02638288,0.07043299,train,0.07840261
2020-03-19,TLT,0.072502375,0.061466537,0.011035837,train,-0.014648093
2020-03-20,EFA,-0.011758563,0.012862386,0.02462095,train,-0.012228845
2020-03-20,IWM,-0.014903342,-0.052029584,0.037126243,train,-0.08099716
2020-03-20,SPY,-0.025900844,0.07504976,0.1009506,train,0.02638288
2020-03-20,TLT,0.040382754,0.057267662,0.016884908,train,0.061466537
2020-03-23,EFA,0.08133229,-0.01299162,0.09432391,train,0.012862386
2020-03-23,IWM,0.08754516,-0.030973492,0.11851865,train,-0.052029584
2020-03-23,SPY,0.086730994,0.08881993,0.0020889342,train,0.07504976
2020-03-23,TLT,-0.018789338,0.048299886,0.06708922,train,0.057267662
2020-03-24,EFA,0.03199647,-0.050860155,0.082856625,train,-0.01299162
2020-03-24,IWM,0.012352028,0.008668264,0.0036837636,train,-0.030973492
2020-03-24,SPY,0.014859245,0.027283328,0.0124240825,train,0.08881993
2020-03-24,TLT,-0.002273901,-0.06799388,0.06571998,train,0.048299886
2020-03-25,EFA,0.04376701,0.04179917,0.00196784,train,-0.050860155
2020-03-25,IWM,0.06034094,0.060229037,0.000111903995,train,0.008668264
2020-03-25,SPY,0.056748733,0.036332484,0.020416249,train,0.027283328
2020-03-25,TLT,0.004909599,-0.022799684,0.027709283,train,-0.06799388
2020-03-26,EFA,-0.02890101,0.08692287,0.11582388,train,0.04179917
2020-03-26,IWM,-0.037062276,0.09462467,0.13168694,train,0.060229037
2020-03-26,SPY,-0.030238222,0.08669989,0.116938114,train,0.036332484
2020-03-26,TLT,0.026342802,0.034671906,0.008329105,train,-0.022799684
2020-03-27,EFA,0.020039724,-0.10443127,0.124470994,train,0.08692287
2020-03-27,IWM,0.02179352,-0.0541466,0.07594012,train,0.09462467
2020-03-27,SPY,0.03195927,0.041997127,0.010037858,train,0.08669989
2020-03-27,TLT,-0.0082635125,0.031111682,0.039375193,train,0.034671906
2020-03-30,EFA,-0.008753055,0.012021037,0.020774093,train,-0.10443127
2020-03-30,IWM,-0.005054582,-0.010381563,0.0053269807,train,-0.0541466
2020-03-30,SPY,-0.015017425,0.05599654,0.071013965,train,0.041997127
2020-03-30,TLT,-0.008149397,0.014082624,0.02223202,train,0.031111682
2020-03-31,EFA,-0.04534497,-0.006881667,0.038463306,train,0.012021037
2020-03-31,IWM,-0.070579074,-0.021440497,0.049138576,train,-0.010381563
2020-03-31,SPY,-0.046049017,0.040143255,0.08619227,train,0.05599654
2020-03-31,TLT,0.013913541,0.010620678,0.0032928633,train,0.014082624
2020-04-01,EFA,0.01938425,0.022888454,0.0035042036,train,-0.006881667
2020-04-01,IWM,0.009424735,-0.044727687,0.05415242,train,-0.021440497
2020-04-01,SPY,0.022813214,0.10381149,0.08099827,train,0.040143255
2020-04-01,TLT,0.0063256393,0.054407526,0.048081886,train,0.010620678
2020-04-02,EFA,-0.023109931,0.11585569,0.13896562,train,0.022888454
2020-04-02,IWM,-0.028736176,0.075591624,0.1043278,train,-0.044727687
2020-04-02,SPY,-0.014559682,-0.053771783,0.0392121,train,0.10381149
2020-04-02,TLT,0.0023762078,0.038100976,0.03572477,train,0.054407526
2020-04-03,EFA,0.051685978,0.032104414,0.019581564,train,0.11585569
2020-04-03,IWM,0.07377323,-0.04035272,0.11412595,train,0.075591624
2020-04-03,SPY,0.06500691,0.0064430707,0.05856384,train,-0.053771783
2020-04-03,TLT,-0.002614496,0.0022751563,0.004889652,train,0.038100976
2020-04-06,EFA,0.00558143,0.11160456,0.106023125,train,0.032104414
2020-04-06,IWM,0.0025713653,0.07353616,0.07096479,train,-0.04035272
2020-04-06,SPY,0.001018691,0.06864385,0.067625165,train,0.0064430707
2020-04-06,TLT,-0.010527644,-0.012256991,0.0017293468,train,0.0022751563
2020-04-07,EFA,0.0081302,-0.041116323,0.049246524,train,0.11160456
2020-04-07,IWM,0.044598345,-0.101416975,0.14601532,train,0.07353616
2020-04-07,SPY,0.033017464,-0.029369606,0.06238707,train,0.06864385
2020-04-07,TLT,-0.0073024156,-0.008423319,0.0011209035,train,-0.012256991
2020-04-08,EFA,0.02238283,-0.026315758,0.04869859,train,-0.041116323
2020-04-08,IWM,0.046743143,-0.010936631,0.057679772,train,-0.101416975
2020-04-08,SPY,0.0151026845,0.08206271,0.06696002,train,-0.029369606
2020-04-08,TLT,0.0018154603,-0.05526972,0.05708518,train,-0.008423319
2020-04-09,EFA,-0.009583141,-0.088444814,0.078861676,train,-0.026315758
2020-04-09,IWM,-0.027450565,0.0015289881,0.028979553,train,-0.010936631
2020-04-09,SPY,-0.0091720475,-0.09197922,0.082807176,train,0.08206271
2020-04-09,TLT,-0.009172147,-0.07490994,0.06573779,train,-0.05526972
2020-04-13,EFA,0.017648451,0.015211957,0.0024364945,train,-0.088444814
2020-04-13,IWM,0.020067938,-0.08315987,0.10322781,train,0.0015289881
2020-04-13,SPY,0.029066158,-0.016866906,0.045933064,train,-0.09197922
2020-04-13,TLT,-0.00024398179,-0.08182583,0.081581846,train,-0.07490994
2020-04-14,EFA,-0.031737186,-0.014500199,0.017236987,train,0.015211957
2020-04-14,IWM,-0.041650064,-0.08672753,0.045077465,train,-0.08315987
2020-04-14,SPY,-0.02147687,0.029099802,0.050576672,train,-0.016866906
2020-04-14,TLT,0.026144559,-0.055271007,0.081415564,train,-0.08182583
2020-04-15,EFA,0.0005525904,0.003081745,0.0025291545,train,-0.014500199
2020-04-15,IWM,-0.007583638,0.029817859,0.037401497,train,-0.08672753
2020-04-15,SPY,0.0048127896,-0.001164896,0.0059776856,train,0.029099802
2020-04-15,TLT,0.011292648,0.016115682,0.0048230346,train,-0.055271007
2020-04-16,EFA,0.026173823,-0.0008398029,0.027013626,train,0.003081745
2020-04-16,IWM,0.043108173,-0.07529112,0.11839929,train,0.029817859
2020-04-16,SPY,0.026656706,0.0150344465,0.011622259,train,-0.001164896
2020-04-16,TLT,-0.013494956,-0.019283151,0.005788195,train,0.016115682
2020-04-17,EFA,-0.015002406,-0.005476751,0.009525655,train,-0.0008398029
2020-04-17,IWM,-0.0118675595,0.0059620426,0.017829603,train,-0.07529112
2020-04-17,SPY,-0.017775074,0.037288208,0.05506328,train,0.0150344465
2020-04-17,TLT,0.008012322,-0.0070263795,0.015038701,train,-0.019283151
2020-04-20,EFA,-0.019678943,-0.007629139,0.0120498035,train,-0.005476751
2020-04-20,IWM,-0.02416646,-0.10474682,0.08058036,train,0.0059620426
2020-04-20,SPY,-0.03083376,0.05148486,0.08231862,train,0.037288208
2020-04-20,TLT,0.01251296,-0.006832247,0.019345207,train,-0.0070263795
2020-04-21,EFA,0.016760616,-0.025407394,0.04216801,train,-0.007629139
2020-04-21,IWM,0.012072592,0.0045358785,0.0075367135,train,-0.10474682
2020-04-21,SPY,0.02195213,0.081059925,0.059107795,train,0.05148486
2020-04-21,TLT,-0.010269091,0.0033665919,0.013635684,train,-0.006832247
2020-04-22,EFA,-0.0031097757,-0.03667292,0.033563145,train,-0.025407394
2020-04-22,IWM,0.009769748,-0.054412432,0.06418218,train,0.0045358785
2020-04-22,SPY,-7.188931e-05,-0.020194886,0.020122997,train,0.081059925
2020-04-22,TLT,0.0052947393,-0.012778593,0.018073332,train,0.0033665919
2020-04-23,EFA,0.01147649,-0.030760964,0.042237453,train,-0.03667292
2020-04-23,IWM,0.017055117,-0.06574499,0.082800105,train,-0.054412432
2020-04-23,SPY,0.013842473,0.0325245,0.018682027,train,-0.020194886
2020-04-23,TLT,0.0023437291,0.03324238,0.03089865,train,-0.012778593
2020-04-24,EFA,0.013135727,-0.00063210865,0.013767835,train,-0.030760964
2020-04-24,IWM,0.038856145,-0.028709708,0.06756585,train,-0.06574499
2020-04-24,SPY,0.014315394,0.059797976,0.045482583,train,0.0325245
2020-04-24,TLT,-0.01878905,0.008959034,0.027748084,train,0.03324238
2020-04-27,EFA,0.007479912,0.008728264,0.0012483518,train,-0.00063210865
2020-04-27,IWM,0.014432507,-0.039223272,0.05365578,train,-0.028709708
2020-04-27,SPY,-0.004608733,-0.009507006,0.004898273,train,0.059797976
2020-04-27,TLT,0.011445778,-0.031027274,0.04247305,train,0.008959034
2020-04-28,EFA,0.024710074,0.029692264,0.00498219,train,0.008728264
2020-04-28,IWM,0.048011575,0.025270784,0.02274079,train,-0.039223272
2020-04-28,SPY,0.025841571,-0.034117427,0.059958998,train,-0.009507006
2020-04-28,TLT,-0.0052025337,0.069460034,0.074662566,train,-0.031027274
2020-04-29,EFA,-0.020990875,0.031911954,0.05290283,train,0.029692264
2020-04-29,IWM,-0.03876016,-0.07981211,0.04105195,train,0.025270784
2020-04-29,SPY,-0.009354253,-0.0948281,0.08547384,train,-0.034117427
2020-04-29,TLT,-0.011745891,-0.0067291795,0.005016711,train,0.069460034
2020-04-30,EFA,-0.0219827,-0.025691198,0.0037084986,train,0.031911954
2020-04-30,IWM,-0.04048318,-0.09439084,0.05390766,train,-0.07981211
2020-04-30,SPY,-0.026830325,-0.0190289,0.0078014247,train,-0.0948281
2020-04-30,TLT,0.008527122,-0.036510363,0.045037486,train,-0.0067291795
2020-05-01,EFA,-0.0003614633,-0.005798874,0.0054374104,train,-0.025691198
2020-05-01,IWM,0.004305903,0.029786931,0.025481028,train,-0.09439084
2020-05-01,SPY,0.0027543057,0.03931913,0.036564827,train,-0.0190289
2020-05-01,TLT,-0.0047152094,0.028836275,0.033551484,train,-0.036510363
2020-05-04,EFA,0.001805682,-0.0006833202,0.0024890022,train,-0.005798874
2020-05-04,IWM,0.0076883263,-0.0074027567,0.015091083,train,0.029786931
2020-05-04,SPY,0.009197107,0.037180904,0.027983798,train,0.03931913
2020-05-04,TLT,-0.006421072,-0.03141338,0.024992308,train,0.028836275
2020-05-05,EFA,-0.006516882,0.050812002,0.057328884,train,-0.0006833202
2020-05-05,IWM,-0.0073701623,-0.0003951355,0.006975027,train,-0.0074027567
2020-05-05,SPY,-0.006801712,0.10020373,0.10700544,train,0.037180904
2020-05-05,TLT,-0.01626759,-0.032449294,0.016181704,train,-0.03141338
2020-05-06,EFA,0.014962005,-0.030312622,0.045274626,train,0.050812002
2020-05-06,IWM,0.013588668,0.07864759,0.065058924,train,-0.0003951355
2020-05-06,SPY,0.011994202,0.06474161,0.05274741,train,0.10020373
2020-05-06,TLT,0.016568093,-0.061769444,0.078337535,train,-0.032449294
2020-05-07,EFA,0.016854916,0.09849167,0.08163676,train,-0.030312622
2020-05-07,IWM,0.037879746,0.08951722,0.051637474,train,0.07864759
2020-05-07,SPY,0.016410783,0.059206266,0.042795483,train,0.06474161
2020-05-07,TLT,-0.013086205,0.027224591,0.040310796,train,-0.061769444
2020-05-08,EFA,-0.0008799185,0.019742245,0.020622164,train,0.09849167
2020-05-08,IWM,-0.004998924,-0.008780969,0.003782045,train,0.08951722
2020-05-08,SPY,0.00020500916,0.044354532,0.04414952,train,0.059206266
2020-05-08,TLT,-0.007836709,-0.05078032,0.04294361,train,0.027224591
2020-05-11,EFA,-0.012759436,0.017997062,0.030756498,train,0.019742245
2020-05-11,IWM,-0.036575712,0.01678786,0.053363573,train,-0.008780969
2020-05-11,SPY,-0.020132354,0.10577934,0.1259117,train,0.044354532
2020-05-11,TLT,0.010211924,-0.043603655,0.05381558,train,-0.05078032
2020-05-12,EFA,-0.0076986575,-0.058134053,0.050435394,train,0.017997062
2020-05-12,IWM,-0.034045435,-0.034636255,0.00059081987,train,0.01678786
2020-05-12,SPY,-0.017844204,0.023480067,0.041324273,train,0.10577934
2020-05-12,TLT,0.0069724736,0.00794249,0.0009700167,train,-0.043603655
2020-05-13,EFA,-0.009571109,0.00040693814,0.009978047,train,-0.058134053
2020-05-13,IWM,0.0032539985,-0.05351199,0.05676599,train,-0.034636255
2020-05-13,SPY,0.0118960105,-0.010219334,0.022115344,train,0.023480067
2020-05-13,TLT,0.009739868,-0.015384622,0.02512449,train,0.00794249
2020-05-14,EFA,0.0009068958,-0.038327176,0.039234072,train,0.00040693814
2020-05-14,IWM,0.015794,-0.114193834,0.12998784,train,-0.05351199
2020-05-14,SPY,0.004586535,0.02584006,0.021253526,train,-0.010219334
2020-05-14,TLT,-0.0025769062,0.009636855,0.012213761,train,-0.015384622
2020-05-15,EFA,0.03963192,-0.036410943,0.07604286,train,-0.038327176
2020-05-15,IWM,0.058986645,0.04473455,0.014252096,train,-0.114193834
2020-05-15,SPY,0.030004939,-0.026734961,0.0567399,train,0.02584006
2020-05-15,TLT,-0.022197993,-0.040381808,0.018183814,train,0.009636855
2020-05-18,EFA,-0.013860964,0.11017856,0.12403952,train,-0.036410943
2020-05-18,IWM,-0.019944342,0.1199037,0.13984804,train,0.04473455
2020-05-18,SPY,-0.010324298,-0.016658286,0.006333987,train,-0.026734961
2020-05-18,TLT,0.003733998,-0.041835137,0.045569133,train,-0.040381808
2020-05-19,EFA,0.02063347,0.03754763,0.016914159,train,0.11017856
2020-05-19,IWM,0.029844211,0.071046494,0.041202284,train,0.1199037
2020-05-19,SPY,0.016845625,-0.008542633,0.025388258,train,-0.016658286
2020-05-19,TLT,0.0029897846,0.0057586483,0.0027688637,train,-0.041835137
2020-05-20,EFA,-0.011663447,0.0367578,0.04842125,train,0.03754763
2020-05-20,IWM,0.0017891994,-0.06316626,0.06495546,train,0.071046494
2020-05-20,SPY,-0.0069281356,-0.011846082,0.0049179466,train,-0.008542633
2020-05-20,TLT,0.0024944101,0.008794018,0.006299608,train,0.0057586483
2020-05-21,EFA,-0.0028055103,0.003202533,0.006008043,train,0.0367578
2020-05-21,IWM,0.0048308,-0.12584156,0.13067237,train,-0.06316626
2020-05-21,SPY,0.0018974761,0.021309286,0.01941181,train,-0.011846082
2020-05-21,TLT,0.0059974645,0.005567407,0.00043005776,train,0.008794018
2020-05-22,EFA,0.028219758,0.022006586,0.0062131714,train,0.003202533
2020-05-22,IWM,0.028429981,-0.120356396,0.14878638,train,-0.12584156
2020-05-22,SPY,0.0122449435,0.014744153,0.0024992097,train,0.021309286
2020-05-22,TLT,-0.013499883,0.016380813,0.029880695,train,0.005567407
2020-05-26,EFA,0.012047369,0.022381185,0.010333816,train,0.022006586
2020-05-26,IWM,0.030583762,-0.041301478,0.07188524,train,-0.120356396
2020-05-26,SPY,0.0147697255,-0.009667983,0.024437709,train,0.014744153
2020-05-26,TLT,-0.0018386644,-0.013709914,0.011871249,train,0.016380813
2020-05-27,EFA,0.009400665,0.029637469,0.020236805,train,0.022381185
2020-05-27,IWM,-0.023976445,0.013211204,0.03718765,train,-0.041301478
2020-05-27,SPY,-0.0018470744,0.018947693,0.020794768,train,-0.009667983
2020-05-27,TLT,-0.0036868323,-0.011881705,0.008194873,train,-0.013709914
2020-05-28,EFA,-0.0035150158,0.07325154,0.07676655,train,0.029637469
2020-05-28,IWM,-0.005743217,0.11688401,0.12262723,train,0.013211204
2020-05-28,SPY,0.0044464953,0.056874327,0.052427832,train,0.018947693
2020-05-28,TLT,0.007115308,-0.005314101,0.012429409,train,-0.011881705
2020-05-29,EFA,0.02205561,0.018779645,0.0032759644,train,0.07325154
2020-05-29,IWM,0.009529898,0.11422509,0.10469519,train,0.11688401
2020-05-29,SPY,0.0040335557,0.030311393,0.026277836,train,0.056874327
2020-05-29,TLT,-0.0067549176,-0.004257267,0.0024976507,train,-0.005314101
2020-06-01,EFA,0.009305284,0.0012907428,0.008014541,train,0.018779645
2020-06-01,IWM,0.008237804,0.07873028,0.070492476,train,0.11422509
2020-06-01,SPY,0.008245839,0.05797644,0.0497306,train,0.030311393
2020-06-01,TLT,-0.0036415712,-0.029526183,0.025884612,train,-0.004257267
2020-06-02,EFA,0.023606202,0.02882371,0.0052175075,train,0.0012907428
2020-06-02,IWM,0.023831598,0.02988009,0.006048491,train,0.07873028
2020-06-02,SPY,0.013220535,0.0335818,0.020361267,train,0.05797644
2020-06-02,TLT,-0.013386678,0.020051556,0.033438236,train,-0.029526183
2020-06-03,EFA,-0.0042942273,0.0520431,0.056337327,train,0.02882371
2020-06-03,IWM,-0.0014510396,0.049100716,0.050551753,train,0.02988009
2020-06-03,SPY,-0.0026300123,-0.017157575,0.014527563,train,0.0335818
2020-06-03,TLT,-0.0145851355,0.0078051803,0.022390315,train,0.020051556
2020-06-04,EFA,0.01706729,-0.013901433,0.030968724,train,0.0520431
2020-06-04,IWM,0.037932295,-0.0046315542,0.04256385,train,0.049100716
2020-06-04,SPY,0.025306392,0.020992348,0.0043140445,train,-0.017157575
2020-06-04,TLT,-0.0071492745,-0.0025958228,0.0045534517,train,0.0078051803
2020-06-05,EFA,0.012921512,0.02527775,0.012356238,train,-0.013901433
2020-06-05,IWM,0.019191,0.0621874,0.0429964,train,-0.0046315542
2020-06-05,SPY,0.01201493,0.03223098,0.020216051,train,0.020992348
2020-06-05,TLT,0.003836555,-0.009855326,0.013691882,train,-0.0025958228
2020-06-08,EFA,-0.013078177,0.06451735,0.077595524,train,0.02527775
2020-06-08,IWM,-0.018658647,0.030178847,0.048837494,train,0.0621874
2020-06-08,SPY,-0.0074845664,-0.052839067,0.0453545,train,0.03223098
2020-06-08,TLT,0.011294514,-0.004612248,0.015906762,train,-0.009855326
2020-06-09,EFA,-0.0021965415,-0.0026782504,0.0004817089,train,0.06451735
2020-06-09,IWM,-0.027528131,-0.053222675,0.025694543,train,0.030178847
2020-06-09,SPY,-0.005595383,-0.018362531,0.012767149,train,-0.052839067
2020-06-09,TLT,0.014718872,0.0076419315,0.00707694,train,-0.004612248
2020-06-10,EFA,-0.05504488,-0.0016775965,0.053367283,train,-0.0026782504
2020-06-10,IWM,-0.07934172,-0.042547714,0.036794003,train,-0.053222675
2020-06-10,SPY,-0.059377465,-0.030484872,0.028892593,train,-0.018362531
2020-06-10,TLT,0.018723788,0.05700929,0.0382855,train,0.0076419315
2020-06-11,EFA,0.017111484,-0.008125758,0.025237242,train,-0.0016775965
2020-06-11,IWM,0.023711422,-0.061762724,0.08547415,train,-0.042547714
2020-06-11,SPY,0.01190426,-0.054333273,0.06623753,train,-0.030484872
2020-06-11,TLT,-0.009687657,0.03435087,0.044038527,train,0.05700929
2020-06-12,EFA,0.0040944633,-0.05091251,0.055006973,train,-0.008125758
2020-06-12,IWM,0.022856643,0.026563661,0.0037070177,train,-0.061762724
2020-06-12,SPY,0.009292429,0.098197594,0.08890516,train,-0.054333273
2020-06-12,TLT,0.0005542711,-0.068526395,0.069080666,train,0.03435087
2020-06-15,EFA,0.01228225,-0.059578422,0.07186067,train,-0.05091251
2020-06-15,IWM,0.023759395,0.030294674,0.0065352786,train,0.026563661
2020-06-15,SPY,0.019064847,0.07224014,0.05317529,train,0.098197594
2020-06-15,TLT,-0.015452522,-0.027269306,0.011816784,train,-0.068526395
2020-06-16,EFA,0.0037363828,0.001603628,0.0021327548,train,-0.059578422
2020-06-16,IWM,-0.01824271,0.074890964,0.09313367,train,0.030294674
2020-06-16,SPY,-0.00416252,0.072515346,0.07667787,train,0.07224014
2020-06-16,TLT,0.004119068,0.010159729,0.006040661,train,-0.027269306
2020-06-17,EFA,-0.005365214,0.016456656,0.02182187,train,0.001603628
2020-06-17,IWM,-0.00035249168,-0.022827243,0.02247475,train,0.074890964
2020-06-17,SPY,0.00038501652,0.06651825,0.06613323,train,0.072515346
2020-06-17,TLT,0.010532903,0.016166601,0.005633699,train,0.010159729
2020-06-18,EFA,-0.004902841,-0.022694198,0.017791357,train,0.016456656
2020-06-18,IWM,-0.0051641944,-0.07077829,0.0656141,train,-0.022827243
2020-06-18,SPY,-0.005731274,-0.0761138,0.07038252,train,0.06651825
2020-06-18,TLT,0.00080055126,-0.017031291,0.017831843,train,0.016166601
2020-06-19,EFA,0.011888396,0.00886756,0.003020836,train,-0.022694198
2020-06-19,IWM,0.009950933,-0.038174435,0.048125368,train,-0.07077829
2020-06-19,SPY,0.0063945353,-0.010987179,0.017381715,train,-0.0761138
2020-06-19,TLT,0.00012321636,-0.007735058,0.0078582745,train,-0.017031291
2020-06-22,EFA,0.0054892986,-0.009784767,0.0152740665,train,0.00886756
2020-06-22,IWM,0.004204575,-0.046507105,0.05071168,train,-0.038174435
2020-06-22,SPY,0.0045933705,0.012886671,0.008293301,train,-0.010987179
2020-06-22,TLT,-0.0068583745,0.0060602636,0.012918638,train,-0.007735058
2020-06-23,EFA,-0.025933191,0.00449395,0.030427141,train,-0.009784767
2020-06-23,IWM,-0.032985732,-0.04649263,0.013506897,train,-0.046507105
2020-06-23,SPY,-0.025839873,0.040034708,0.06587458,train,0.012886671
2020-06-23,TLT,0.010668794,-0.0041897777,0.014858572,train,0.0060602636
2020-06-24,EFA,0.014110188,0.0064988066,0.0076113814,train,0.00449395
2020-06-24,IWM,0.014992608,-0.028417498,0.043410107,train,-0.04649263
2020-06-24,SPY,0.010663428,0.009263115,0.0014003133,train,0.040034708
2020-06-24,TLT,0.0028787474,0.01602283,0.013144081,train,-0.0041897777
2020-06-25,EFA,-0.014606096,-0.017238768,0.002632672,train,0.0064988066
2020-06-25,IWM,-0.02728221,0.030043816,0.057326026,train,-0.028417498
2020-06-25,SPY,-0.024037901,-0.018267019,0.0057708826,train,0.009263115
2020-06-25,TLT,0.010646207,0.02112599,0.010479784,train,0.01602283
2020-06-26,EFA,0.008067945,0.008641642,0.00057369657,train,-0.017238768
2020-06-26,IWM,0.032182977,-0.024720384,0.056903362,train,0.030043816
2020-06-26,SPY,0.014590626,-0.00013676612,0.014727391,train,-0.018267019
2020-06-26,TLT,-0.0031516918,0.023608135,0.026759828,train,0.02112599
2020-06-29,EFA,-0.0018053523,-0.017925562,0.01612021,train,0.008641642
2020-06-29,IWM,0.014349992,0.027429925,0.013079933,train,-0.024720384
2020-06-29,SPY,0.012728232,0.028796187,0.016067956,train,-0.00013676612
2020-06-29,TLT,-0.0048682448,-0.016248921,0.011380676,train,0.023608135
2020-06-30,EFA,0.003771231,-0.007945579,0.011716809,train,-0.017925562
2020-06-30,IWM,-0.009543515,0.024118228,0.03366174,train,0.027429925
2020-06-30,SPY,0.0069803083,0.059078254,0.052097946,train,0.028796187
2020-06-30,TLT,-0.0019441246,-0.008375481,0.006431356,train,-0.016248921
2020-07-01,EFA,0.010905976,0.011595914,0.00068993773,train,-0.007945579
2020-07-01,IWM,0.0040813037,-0.08500899,0.08909029,train,0.024118228
2020-07-01,SPY,0.0054915654,-0.0117023215,0.017193887,train,0.059078254
2020-07-01,TLT,0.0010393197,-0.005631468,0.0066707875,train,-0.008375481
2020-07-02,EFA,0.016218731,0.0054385564,0.010780174,train,0.011595914
2020-07-02,IWM,0.0072071943,-0.049780853,0.056988046,train,-0.08500899
2020-07-02,SPY,0.015319317,-0.0023240424,0.017643359,train,-0.0117023215
2020-07-02,TLT,-0.0041033775,-0.005839735,0.0017363573,train,-0.005631468
2020-07-06,EFA,-0.014762826,0.04561141,0.060374238,train,0.0054385564
2020-07-06,IWM,-0.017867716,-0.025424644,0.0075569283,train,-0.049780853
2020-07-06,SPY,-0.010367116,0.016069768,0.026436884,train,-0.0023240424
2020-07-06,TLT,0.013957843,-0.009501761,0.023459604,train,-0.005839735
2020-07-07,EFA,0.008371087,-0.013427783,0.02179887,train,0.04561141
2020-07-07,IWM,0.007424947,-0.080536164,0.08796111,train,-0.025424644
2020-07-07,SPY,0.00761941,-0.08986087,0.09748028,train,0.016069768
2020-07-07,TLT,-0.0040024887,-0.01686942,0.012866931,train,-0.009501761
2020-07-08,EFA,-0.011447334,0.03223482,0.043682154,train,-0.013427783
2020-07-08,IWM,-0.020427274,-0.051893815,0.031466544,train,-0.080536164
2020-07-08,SPY,-0.0057089766,-0.0070518493,0.0013428726,train,-0.08986087
2020-07-08,TLT,0.015796686,-0.028344486,0.044141173,train,-0.01686942
2020-07-09,EFA,0.0106454855,-0.0052570715,0.015902556,train,0.03223482
2020-07-09,IWM,0.015978854,-0.03730495,0.053283803,train,-0.051893815
2020-07-09,SPY,0.010158548,-0.0007530949,0.0109116435,train,-0.0070518493
2020-07-09,TLT,-0.005037337,-0.0031951577,0.0018421793,train,-0.028344486
2020-07-10,EFA,-0.0064381785,0.015413813,0.021851992,train,-0.0052570715
2020-07-10,IWM,-0.01274793,0.008967234,0.021715164,train,-0.03730495
2020-07-10,SPY,-0.008696626,-0.04982851,0.041131884,train,-0.0007530949
2020-07-10,TLT,0.00330107,-0.01717004,0.020471111,train,-0.0031951577
2020-07-13,EFA,0.014586826,-0.006722949,0.021309774,train,0.015413813
2020-07-13,IWM,0.016420895,0.001430403,0.014990492,train,0.008967234
2020-07-13,SPY,0.012875666,0.019612195,0.006736529,train,-0.04982851
2020-07-13,TLT,0.0014369428,-0.00822599,0.009662934,train,-0.01717004
2020-07-14,EFA,0.011235463,0.021367243,0.010131779,train,-0.006722949
2020-07-14,IWM,0.03600754,0.007791659,0.02821588,train,0.001430403
2020-07-14,SPY,0.0091453055,0.0049253725,0.004219933,train,0.019612195
2020-07-14,TLT,-0.0046780957,-0.019178191,0.0145000955,train,-0.00822599
2020-07-15,EFA,-0.006472511,0.033709735,0.040182248,train,0.021367243
2020-07-15,IWM,-0.005934779,0.071679614,0.0776144,train,0.007791659
2020-07-15,SPY,-0.0032986803,-0.0026914976,0.00060718274,train,0.0049253725
2020-07-15,TLT,0.004738271,-0.018053656,0.022791928,train,-0.019178191
2020-07-16,EFA,0.005842926,0.017738516,0.0118955895,train,0.033709735
2020-07-16,IWM,0.0029375749,-0.04930614,0.052243713,train,0.071679614
2020-07-16,SPY,0.0028948677,-0.039106265,0.042001132,train,-0.0026914976
2020-07-16,TLT,-0.00209668,-0.018818097,0.016721416,train,-0.018053656
2020-07-17,EFA,0.004869057,0.03061694,0.025747884,train,0.017738516
2020-07-17,IWM,-0.0043068947,-0.028608708,0.024301812,train,-0.04930614
2020-07-17,SPY,0.008049294,-0.044769175,0.05281847,train,-0.039106265
2020-07-17,TLT,0.0024549495,-0.00596459,0.00841954,train,-0.018818097
2020-07-20,EFA,0.0020349596,0.013410406,0.011375447,train,0.03061694
2020-07-20,IWM,0.01408217,-0.044843514,0.058925685,train,-0.028608708
2020-07-20,SPY,0.0021249182,-0.048388634,0.05051355,train,-0.044769175
2020-07-20,TLT,0.0005979843,-0.009117868,0.009715852,train,-0.00596459
2020-07-21,EFA,0.0026549543,0.005227553,0.0025725989,train,0.013410406
2020-07-21,IWM,0.0005405795,0.055443946,0.054903366,train,-0.044843514
2020-07-21,SPY,0.0056759706,-0.038981307,0.04465728,train,-0.048388634
2020-07-21,TLT,0.002984246,-0.009833898,0.012818145,train,-0.009117868
2020-07-22,EFA,-0.00798575,0.0056107366,0.013596486,train,0.005227553
2020-07-22,IWM,0.0010121797,-3.758492e-05,0.0010497646,train,0.055443946
2020-07-22,SPY,-0.01200369,-0.035626773,0.023623083,train,-0.038981307
2020-07-22,TLT,0.01161379,-0.008077133,0.019690923,train,-0.009833898
2020-07-23,EFA,-0.0055174567,0.013649764,0.01916722,train,0.0056107366
2020-07-23,IWM,-0.014812956,0.004967513,0.019780468,train,-3.758492e-05
2020-07-23,SPY,-0.006461184,-0.0020070667,0.0044541173,train,-0.035626773
2020-07-23,TLT,-5.850036e-05,-0.0005264799,0.00046797955,train,-0.008077133
2020-07-24,EFA,0.013035007,0.016846772,0.0038117655,train,0.013649764
2020-07-24,IWM,0.01035146,0.003000556,0.0073509044,train,0.004967513
2020-07-24,SPY,0.0072662616,0.032394245,0.025127985,train,-0.0020070667
2020-07-24,TLT,-0.0037187506,-0.006983438,0.0032646875,train,-0.0005264799
2020-07-27,EFA,-0.0064178016,0.013156574,0.019574376,train,0.016846772
2020-07-27,IWM,-0.010009264,0.016710965,0.02672023,train,0.003000556
2020-07-27,SPY,-0.0063626682,-0.01870772,0.012345052,train,0.032394245
2020-07-27,TLT,0.0068952963,0.015608897,0.008713601,train,-0.006983438
2020-07-28,EFA,0.010466355,0.02191938,0.011453026,train,0.013156574
2020-07-28,IWM,0.02179565,-0.032132465,0.053928114,train,0.016710965
2020-07-28,SPY,0.012223698,0.018909728,0.00668603,train,-0.01870772
2020-07-28,TLT,-0.0017051668,0.0025901855,0.0042953524,train,0.015608897
2020-07-29,EFA,-0.014873051,0.0072332136,0.022106264,train,0.02191938
2020-07-29,IWM,-0.0039580073,-0.0037663463,0.00019166106,train,-0.032132465
2020-07-29,SPY,-0.0035742142,-0.0050827092,0.0015084951,train,0.018909728
2020-07-29,TLT,0.006567378,0.007826127,0.001258749,train,0.0025901855
2020-07-30,EFA,-0.021523153,-0.0003057546,0.021217398,train,0.0072332136
2020-07-30,IWM,-0.009455828,-0.019543378,0.01008755,train,-0.0037663463
2020-07-30,SPY,0.007870907,-0.006020312,0.013891219,train,-0.0050827092
2020-07-30,TLT,-0.0006431226,-0.0038626841,0.0032195617,train,0.007826127
2020-07-31,EFA,0.019312644,0.011875378,0.0074372664,train,-0.0003057546
2020-07-31,IWM,0.016155336,-0.04903653,0.065191865,train,-0.019543378
2020-07-31,SPY,0.0069284774,-0.026133671,0.03306215,train,-0.006020312
2020-07-31,TLT,-0.005047548,-0.0031034104,0.0019441377,train,-0.0038626841
2020-08-03,EFA,0.0055174567,-0.00686017,0.012377627,train,0.011875378
2020-08-03,IWM,0.006854099,0.017976314,0.011122215,train,-0.04903653
2020-08-03,SPY,0.0038550226,-0.020081865,0.023936886,train,-0.026133671
2020-08-03,TLT,0.009486934,-0.0038193068,0.0133062415,train,-0.0031034104
2020-08-04,EFA,0.0032958358,0.028077563,0.024781728,train,-0.00686017
2020-08-04,IWM,0.019700063,0.015390793,0.0043092705,train,0.017976314
2020-08-04,SPY,0.0061919214,-0.046459828,0.052651748,train,-0.020081865
2020-08-04,TLT,-0.008781489,0.018328194,0.027109683,train,-0.0038193068
2020-08-05,EFA,0.0010963433,0.027854485,0.026758142,train,0.028077563
2020-08-05,IWM,-0.00039040463,0.016098311,0.016488716,train,0.015390793
2020-08-05,SPY,0.006662005,-0.038395498,0.0450575,train,-0.046459828
2020-08-05,TLT,0.0055705705,-0.0055891625,0.011159733,train,0.018328194
2020-08-06,EFA,-0.004077761,0.024167132,0.028244892,train,0.027854485
2020-08-06,IWM,0.01574754,-0.02407605,0.03982359,train,0.016098311
2020-08-06,SPY,0.0007176108,-0.044658422,0.045376033,train,-0.038395498
2020-08-06,TLT,-0.006688482,0.025052035,0.031740516,train,-0.0055891625
2020-08-07,EFA,0.003294872,0.0066951388,0.0034002669,train,0.024167132
2020-08-07,IWM,0.010319906,0.025232783,0.014912876,train,-0.02407605
2020-08-07,SPY,0.0029846618,-0.024130646,0.027115308,train,-0.044658422
2020-08-07,TLT,-0.00448333,0.0063156676,0.010798998,train,0.025052035
2020-08-10,EFA,0.0035962397,0.042463478,0.03886724,train,0.0066951388
2020-08-10,IWM,-0.005783772,0.0045615607,0.010345332,train,0.025232783
2020-08-10,SPY,-0.00828915,-0.03829655,0.0300074,train,-0.024130646
2020-08-10,TLT,-0.011956255,0.016530959,0.028487213,train,0.0063156676
2020-08-11,EFA,0.021921348,0.054966226,0.03304488,train,0.042463478
2020-08-11,IWM,0.004071184,0.01796777,0.013896586,train,0.0045615607
2020-08-11,SPY,0.013846193,-0.0055880123,0.019434206,train,-0.03829655
2020-08-11,TLT,-0.009137914,0.014076389,0.023214303,train,0.016530959
2020-08-12,EFA,-0.004438168,0.0558931,0.06033127,train,0.054966226
2020-08-12,IWM,-0.0020971312,-0.008585125,0.006487994,train,0.01796777
2020-08-12,SPY,-0.0018094139,-0.038597744,0.03678833,train,-0.0055880123
2020-08-12,TLT,-0.010746215,0.005467337,0.016213551,train,0.014076389
2020-08-13,EFA,-0.006153699,0.013870349,0.020024048,train,0.0558931
2020-08-13,IWM,-0.00063643605,-0.0020216866,0.0013852506,train,-0.008585125
2020-08-13,SPY,2.9652036e-05,-0.023419686,0.023449337,train,-0.038597744
2020-08-13,TLT,-0.0039142086,0.0116315,0.015545709,train,0.005467337
2020-08-14,EFA,0.007533204,0.022195872,0.014662668,train,0.013870349
2020-08-14,IWM,0.005142891,0.012448207,0.0073053157,train,-0.0020216866
2020-08-14,SPY,0.003171698,-0.01633362,0.019505316,train,-0.023419686
2020-08-14,TLT,0.0025086869,0.009845255,0.007336568,train,0.0116315
2020-08-17,EFA,-0.0006128707,0.028790059,0.029402928,train,0.022195872
2020-08-17,IWM,-0.009608799,-0.01453067,0.0049218712,train,0.012448207
2020-08-17,SPY,0.0021580157,-0.029432397,0.031590413,train,-0.01633362
2020-08-17,TLT,0.0071271444,-0.0021988745,0.009326018,train,0.009845255
2020-08-18,EFA,-0.0044543906,0.028654987,0.033109378,train,0.028790059
2020-08-18,IWM,6.351845e-05,-3.5708304e-05,9.922675e-05,train,-0.01453067
2020-08-18,SPY,-0.004172308,-0.026289696,0.022117388,train,-0.029432397
2020-08-18,TLT,-0.0062707937,-0.0018017716,0.004469022,train,-0.0021988745
2020-08-19,EFA,-0.0032379024,0.005278415,0.008516317,train,0.028654987
2020-08-19,IWM,-0.004100295,-0.0071433387,0.003043044,train,-3.5708304e-05
2020-08-19,SPY,0.0031086935,-0.006911771,0.010020465,train,-0.026289696
2020-08-19,TLT,0.008997828,-0.017007949,0.026005777,train,-0.0018017716
2020-08-20,EFA,-0.0051094894,0.006228694,0.011338184,train,0.005278415
2020-08-20,IWM,-0.0074104634,0.019231139,0.026641602,train,-0.0071433387
2020-08-20,SPY,0.0035409578,-0.010774309,0.014315266,train,-0.006911771
2020-08-20,TLT,0.005975012,0.00830009,0.002325078,train,-0.017007949
2020-08-21,EFA,0.013108092,0.009506663,0.003601429,train,0.006228694
2020-08-21,IWM,0.010423598,0.043733872,0.033310276,train,0.019231139
2020-08-21,SPY,0.010082258,-0.0055112797,0.015593538,train,-0.010774309
2020-08-21,TLT,-0.0016262094,0.004336425,0.0059626345,train,0.00830009
2020-08-24,EFA,0.0006128897,-0.0017371373,0.002350027,train,0.009506663
2020-08-24,IWM,0.0010871605,-0.0075986194,0.00868578,train,0.043733872
2020-08-24,SPY,0.0034931293,-0.02483398,0.028327107,train,-0.0055112797
2020-08-24,TLT,-0.0076828795,-0.006206608,0.0014762715,train,0.004336425
2020-08-25,EFA,0.005801602,0.017730355,0.011928754,train,-0.0017371373
2020-08-25,IWM,-0.006285273,0.027025266,0.03331054,train,-0.0075986194
2020-08-25,SPY,0.009975628,-0.022207666,0.032183293,train,-0.02483398
2020-08-25,TLT,-0.0038331773,-0.0055574905,0.0017243132,train,-0.006206608
2020-08-26,EFA,-0.010251891,0.017315164,0.027567055,train,0.017730355
2020-08-26,IWM,0.0024421527,0.026946435,0.024504282,train,0.027025266
2020-08-26,SPY,0.002184504,-0.03657982,0.038764324,train,-0.022207666
2020-08-26,TLT,-0.01715572,0.006792016,0.023947736,train,-0.0055574905
2020-08-27,EFA,0.007049891,-0.0055524795,0.01260237,train,0.017315164
2020-08-27,IWM,0.008436347,0.035919387,0.027483039,train,0.026946435
2020-08-27,SPY,0.0064381496,-0.0112858545,0.017724004,train,-0.03657982
2020-08-27,TLT,-0.0007446523,-0.0071852147,0.006440562,train,0.006792016
2020-08-28,EFA,-0.0076651694,0.026908439,0.034573607,train,-0.0055524795
2020-08-28,IWM,-0.010814375,0.028041696,0.03885607,train,0.035919387
2020-08-28,SPY,-0.00362869,-0.02489742,0.021268731,train,-0.0112858545
2020-08-28,TLT,0.006618943,0.0036273082,0.002991635,train,-0.0071852147
2020-08-31,EFA,0.0010766437,0.0069016055,0.0058249617,train,0.026908439
2020-08-31,IWM,0.011387191,0.017349519,0.005962328,train,0.028041696
2020-08-31,SPY,0.009374082,-0.0025938204,0.011967903,train,-0.02489742
2020-08-31,TLT,0.011373067,0.01400671,0.0026336424,train,0.0036273082
2020-09-01,EFA,0.013285662,0.005022743,0.008262919,train,0.0069016055
2020-09-01,IWM,0.007919582,0.008587301,0.00066771917,train,0.017349519
2020-09-01,SPY,0.014360647,-0.019299267,0.033659913,train,-0.0025938204
2020-09-01,TLT,0.009475404,0.013438221,0.0039628167,train,0.01400671
2020-09-02,EFA,-0.022862686,0.006791961,0.029654646,train,0.005022743
2020-09-02,IWM,-0.02997925,0.018860184,0.048839435,train,0.008587301
2020-09-02,SPY,-0.03502043,-0.0013400665,0.033680364,train,-0.019299267
2020-09-02,TLT,0.0028370272,0.0034166244,0.0005795972,train,0.013438221
2020-09-03,EFA,0.0013958403,0.012929887,0.011534046,train,0.006791961
2020-09-03,IWM,-0.0063931267,-0.037883945,0.031490818,train,0.018860184
2020-09-03,SPY,-0.008198196,-0.06731454,0.05911635,train,-0.0013400665
2020-09-03,TLT,-0.019171173,-0.007018618,0.0121525545,train,0.0034166244
2020-09-04,EFA,-0.012319692,0.004207295,0.016526988,train,0.012929887
2020-09-04,IWM,-0.019428331,-0.025807334,0.0063790027,train,-0.037883945
2020-09-04,SPY,-0.027703172,0.0062131756,0.033916347,train,-0.06731454
2020-09-04,TLT,0.006125945,-0.0034811082,0.009607053,train,-0.007018618
2020-09-08,EFA,0.018500293,-0.008600144,0.027100436,train,0.004207295
2020-09-08,IWM,0.015034172,-0.02689378,0.041927952,train,-0.025807334
2020-09-08,SPY,0.019554889,-0.022088638,0.041643526,train,0.0062131756
2020-09-08,TLT,-0.0026907495,0.004008996,0.0066997455,train,-0.0034811082
2020-09-09,EFA,-0.01177576,0.010256041,0.0220318,train,-0.008600144
2020-09-09,IWM,-0.013100707,-0.0067390758,0.006361631,train,-0.02689378
2020-09-09,SPY,-0.017515926,-0.06395888,0.046442956,train,-0.022088638
2020-09-09,TLT,0.005069964,0.0063049416,0.0012349775,train,0.004008996
2020-09-10,EFA,0.009925733,0.000264687,0.009661047,train,0.010256041
2020-09-10,IWM,-0.006682814,-0.015769899,0.009087085,train,-0.0067390758
2020-09-10,SPY,0.00050869735,-0.01018245,0.010691147,train,-0.06395888
2020-09-10,TLT,0.0021304511,-0.0019841294,0.0041145803,train,0.0063049416
2020-09-11,EFA,0.0053866836,0.005831062,0.00044437824,train,0.000264687
2020-09-11,IWM,0.026008662,-0.0219844,0.047993064,train,-0.015769899
2020-09-11,SPY,0.0130855655,-0.035512168,0.048597734,train,-0.01018245
2020-09-11,TLT,-6.0898008e-05,-0.0066052205,0.0065443227,train,-0.0019841294
2020-09-14,EFA,0.0064257868,0.011826789,0.0054010022,train,0.005831062
2020-09-14,IWM,0.0018924072,0.0016266368,0.00026577036,train,-0.0219844
2020-09-14,SPY,0.0050393743,-0.038270935,0.04331031,train,-0.035512168
2020-09-14,TLT,-0.0024350064,-0.010749582,0.008314576,train,-0.0066052205
2020-09-15,EFA,0.0,0.020579938,0.020579938,train,0.011826789
2020-09-15,IWM,0.009409849,-0.031238722,0.040648572,train,0.0016266368
2020-09-15,SPY,-0.0039763255,-0.081119776,0.07714345,train,-0.038270935
2020-09-15,TLT,-0.002991218,0.007400566,0.010391784,train,-0.010749582
2020-09-16,EFA,0.001371863,0.014592942,0.013221079,train,0.020579938
2020-09-16,IWM,-0.0073252805,-0.013913816,0.0065885354,train,-0.031238722
2020-09-16,SPY,-0.008834341,-0.024945596,0.016111255,train,-0.081119776
2020-09-16,TLT,0.0030518244,0.0059148767,0.0028630523,train,0.007400566
2020-09-17,EFA,-0.008104869,0.0007971474,0.008902017,train,0.014592942
2020-09-17,IWM,-0.002606177,-0.022539854,0.019933676,train,-0.013913816
2020-09-17,SPY,-0.011579357,-0.030028379,0.018449022,train,-0.024945596
2020-09-17,TLT,-0.0031125057,0.01657638,0.019688886,train,0.0059148767
2020-09-18,EFA,-0.025660252,0.00347109,0.029131342,train,0.0007971474
2020-09-18,IWM,-0.035659935,-0.019973343,0.015686592,train,-0.022539854
2020-09-18,SPY,-0.011192028,-0.008437723,0.0027543055,train,-0.030028379
2020-09-18,TLT,0.005061394,0.013724707,0.008663313,train,0.01657638
2020-09-21,EFA,-0.00031530304,0.028713318,0.02902862,train,0.00347109
2020-09-21,IWM,0.0076771327,0.036232848,0.028555715,train,-0.019973343
2020-09-21,SPY,0.010132888,0.016546499,0.0064136107,train,-0.008437723
2020-09-21,TLT,-0.0007912504,0.012318993,0.013110244,train,0.013724707
2020-09-22,EFA,-0.008386672,0.0024986942,0.010885365,train,0.028713318
2020-09-22,IWM,-0.030245015,-0.013776977,0.016468039,train,0.036232848
2020-09-22,SPY,-0.02346431,0.0031672877,0.0266316,train,0.016546499
2020-09-22,TLT,0.0013380058,0.019261975,0.01792397,train,0.012318993
2020-09-23,EFA,-0.0009539087,-0.009383583,0.008429674,train,0.0024986942
2020-09-23,IWM,0.0,-0.006927311,0.006927311,train,-0.013776977
2020-09-23,SPY,0.0026622524,0.023842268,0.021180015,train,0.0031672877
2020-09-23,TLT,0.0038228752,-0.0036354074,0.0074582826,train,0.019261975
2020-09-24,EFA,0.0033348498,-0.0016425992,0.004977449,train,-0.009383583
2020-09-24,IWM,0.016111545,-0.014519753,0.030631298,train,-0.006927311
2020-09-24,SPY,0.016037727,0.004015152,0.012022575,train,0.023842268
2020-09-24,TLT,0.0,-0.004995753,0.004995753,train,-0.0036354074
2020-09-25,EFA,0.014947866,-0.009022301,0.023970168,train,-0.0016425992
2020-09-25,IWM,0.024357807,-0.0117804725,0.03613828,train,-0.014519753
2020-09-25,SPY,0.016472608,0.0069365557,0.009536052,train,0.004015152
2020-09-25,TLT,-0.0028497276,0.015545439,0.018395167,train,-0.004995753
2020-09-28,EFA,-0.0010939449,0.020217976,0.02131192,train,-0.009022301
2020-09-28,IWM,-0.0045433096,0.025979077,0.030522387,train,-0.0117804725
2020-09-28,SPY,-0.0054608737,0.016266791,0.021727664,train,0.0069365557
2020-09-28,TLT,0.0011523177,0.027681435,0.026529117,train,0.015545439
2020-09-29,EFA,-0.0048585148,0.0042933575,0.009151872,train,0.020217976
2020-09-29,IWM,0.0030090709,0.024584843,0.021575771,train,0.025979077
2020-09-29,SPY,0.0075533176,0.021632971,0.014079654,train,0.016266791
2020-09-29,TLT,-0.009631049,0.024727214,0.034358263,train,0.027681435
2020-09-30,EFA,0.005796245,-0.0034840996,0.0092803445,train,0.0042933575
2020-09-30,IWM,0.015829451,-0.021521429,0.037350878,train,0.024584843
2020-09-30,SPY,0.006399266,-0.028436825,0.03483609,train,0.021632971
2020-09-30,TLT,0.0016480498,0.01434716,0.01269911,train,0.024727214
2020-10-01,EFA,-0.0020326618,-0.0014258521,0.00060680974,train,-0.0034840996
2020-10-01,IWM,0.004393329,0.021823706,0.017430376,train,-0.021521429
2020-10-01,SPY,-0.009539526,0.011514228,0.021053754,train,-0.028436825
2020-10-01,TLT,-0.0037410443,-0.0002726242,0.0034684201,train,0.01434716
2020-10-02,EFA,0.015068134,0.005534018,0.009534117,train,-0.0014258521
2020-10-02,IWM,0.027234204,0.022809686,0.004424518,train,0.021823706
2020-10-02,SPY,0.017577723,0.032223888,0.014646165,train,0.011514228
2020-10-02,TLT,-0.019732798,-0.001443835,0.018288963,train,-0.0002726242
2020-10-05,EFA,-0.010695303,-0.008304693,0.00239061,train,0.005534018
2020-10-05,IWM,-0.0028691967,0.090029284,0.09289848,train,0.022809686
2020-10-05,SPY,-0.014317766,0.02660163,0.040919393,train,0.032223888
2020-10-05,TLT,0.0053749946,0.011856873,0.006481878,train,-0.001443835
2020-10-06,EFA,0.008534675,0.0048332494,0.003701426,train,-0.008304693
2020-10-06,IWM,0.021601297,0.0027014338,0.018899864,train,0.090029284
2020-10-06,SPY,0.017256666,0.055223547,0.03796688,train,0.02660163
2020-10-06,TLT,-0.0073192692,-0.007999672,0.0006804024,train,0.011856873
2020-10-07,EFA,0.006928858,-0.0057441234,0.012672981,train,0.0048332494
2020-10-07,IWM,0.011307869,0.047374807,0.03606694,train,0.0027014338
2020-10-07,SPY,0.00882368,-0.0051103286,0.013934009,train,0.055223547
2020-10-07,TLT,0.0053847516,-0.009191997,0.014576749,train,-0.007999672
2020-10-08,EFA,0.0077952663,-0.0058004144,0.013595681,train,-0.0057441234
2020-10-08,IWM,0.0051764073,0.028123364,0.022946957,train,0.047374807
2020-10-08,SPY,0.008890486,0.0016558864,0.0072346,train,-0.0051103286
2020-10-08,TLT,-0.00018714862,-0.012981135,0.012793987,train,-0.009191997
2020-10-09,EFA,0.0057688775,0.024349613,0.018580735,train,-0.0058004144
2020-10-09,IWM,0.0066770264,0.0036492185,0.003027808,train,0.028123364
2020-10-09,SPY,0.015959289,0.0048694783,0.011089811,train,0.0016558864
2020-10-09,TLT,0.0031808142,-0.011568846,0.01474966,train,-0.012981135
2020-10-12,EFA,-0.011265152,0.0015305956,0.012795748,train,0.024349613
2020-10-12,IWM,-0.0066770264,-0.0029093116,0.0037677148,train,0.0036492185
2020-10-12,SPY,-0.006547214,0.011819901,0.018367115,train,0.0048694783
2020-10-12,TLT,0.007135491,0.00523777,0.0018977211,train,-0.011568846
2020-10-13,EFA,-0.0016854377,-0.006021598,0.00433616,train,0.0015305956
2020-10-13,IWM,-0.009944571,-0.044483367,0.034538798,train,-0.0029093116
2020-10-13,SPY,-0.006303552,0.02381046,0.030114012,train,0.011819901
2020-10-13,TLT,0.0022845312,0.0007872586,0.0014972726,train,0.00523777
2020-10-14,EFA,-0.01187814,-0.008924734,0.0029534064,train,-0.006021598
2020-10-14,IWM,0.010252351,-0.03254603,0.042798378,train,-0.044483367
2020-10-14,SPY,-0.0012363546,0.017901592,0.019137947,train,0.02381046
2020-10-14,TLT,-0.001728393,-0.0057783634,0.0040499703,train,0.0007872586
2020-10-15,EFA,0.004644547,0.0013781986,0.0032663485,train,-0.008924734
2020-10-15,IWM,-0.0024609847,0.009027714,0.011488698,train,-0.03254603
2020-10-15,SPY,-0.0006046649,0.018121107,0.018725771,train,0.017901592
2020-10-15,TLT,-0.0027844592,0.006216606,0.009001065,train,-0.0057783634
2020-10-16,EFA,-0.0037139382,0.002548499,0.0062624374,train,0.0013781986
2020-10-16,IWM,-0.012021598,-0.014907191,0.0028855922,train,0.009027714
2020-10-16,SPY,-0.015320102,0.029141253,0.044461355,train,0.018121107
2020-10-16,TLT,-0.0037867958,0.00038288208,0.004169678,train,0.006216606
2020-10-19,EFA,0.0049490207,0.01088809,0.0059390697,train,0.002548499
2020-10-19,IWM,0.0021795216,0.027922643,0.025743121,train,-0.014907191
2020-10-19,SPY,0.0039978344,0.059371922,0.055374086,train,0.029141253
2020-10-19,TLT,-0.00956196,-0.0047924775,0.004769482,train,0.00038288208
2020-10-20,EFA,-0.0047939685,0.012633735,0.017427703,train,0.01088809
2020-10-20,IWM,-0.008621214,-0.018319093,0.009697879,train,0.027922643
2020-10-20,SPY,-0.0018950364,0.005018285,0.0069133216,train,0.059371922
2020-10-20,TLT,-0.0034591903,-0.0022851354,0.0011740548,train,-0.0047924775
2020-10-21,EFA,0.00077462173,0.011119038,0.010344416,train,0.012633735
2020-10-21,IWM,0.0171071,0.045722786,0.028615687,train,-0.018319093
2020-10-21,SPY,0.0054705082,0.015253143,0.009782635,train,0.005018285
2020-10-21,TLT,-0.0104516735,-0.007005584,0.0034460896,train,-0.0022851354
2020-10-22,EFA,0.006484737,0.007858545,0.0013738074,train,0.011119038
2020-10-22,IWM,0.0057810554,-0.0028899326,0.008670988,train,0.045722786
2020-10-22,SPY,0.0033894647,0.010471446,0.0070819817,train,0.015253143
2020-10-22,TLT,0.0060939896,-0.0150926225,0.021186613,train,-0.007005584
2020-10-23,EFA,-0.0181698,0.00713698,0.02530678,train,0.007858545
2020-10-23,IWM,-0.021822127,0.013574019,0.035396144,train,-0.0028899326
2020-10-23,SPY,-0.018652976,0.016914945,0.03556792,train,0.010471446
2020-10-23,TLT,0.009260379,-0.0158407,0.025101079,train,-0.0150926225
2020-10-26,EFA,-0.00786657,0.012117222,0.01998379,train,0.00713698
2020-10-26,IWM,-0.008623801,0.01067646,0.019300262,train,0.013574019
2020-10-26,SPY,-0.003453295,-0.01630591,0.012852616,train,0.016914945
2020-10-26,TLT,0.0066868556,-0.017784758,0.024471613,train,-0.0158407
2020-10-27,EFA,-0.030307777,-0.018082932,0.012224846,train,0.012117222
2020-10-27,IWM,-0.031271685,0.008226322,0.03949801,train,0.01067646
2020-10-27,SPY,-0.034776684,0.021122342,0.055899024,train,-0.01630591
2020-10-27,TLT,0.0009337236,0.0005448912,0.00038883236,train,-0.017784758
2020-10-28,EFA,0.004710374,0.0027504438,0.0019599302,train,-0.018082932
2020-10-28,IWM,0.0118659735,0.0050080703,0.006857903,train,0.008226322
2020-10-28,SPY,0.0101124095,0.0016398826,0.008472526,train,0.021122342
2020-10-28,TLT,-0.009755123,0.018233191,0.027988315,train,0.0005448912
2020-10-29,EFA,-0.0051990137,0.006282615,0.011481629,train,0.0027504438
2020-10-29,IWM,-0.013302298,0.008520026,0.021822324,train,0.0050080703
2020-10-29,SPY,-0.01047963,-0.010482451,2.820976e-06,train,0.0016398826
2020-10-29,TLT,-0.00991438,0.026474608,0.036388986,train,0.018233191
2020-10-30,EFA,0.012947419,-0.0055019795,0.018449398,train,0.006282615
2020-10-30,IWM,0.01767602,0.01673987,0.00093615055,train,0.008520026
2020-10-30,SPY,0.011146032,-0.0031528897,0.014298921,train,-0.010482451
2020-10-30,TLT,0.007463127,0.0038383366,0.0036247903,train,0.026474608
2020-11-02,EFA,0.025872225,0.003906267,0.021965958,train,-0.0055019795
2020-11-02,IWM,0.027971452,-0.0061592064,0.03413066,train,0.01673987
2020-11-02,SPY,0.017501714,-0.012955451,0.030457165,train,-0.0031528897
2020-11-02,TLT,-0.0058183772,-0.008201707,0.00238333,train,0.0038383366
2020-11-03,EFA,0.010908602,-0.0094190035,0.020327605,train,0.003906267
2020-11-03,IWM,0.0011222034,-0.0060981284,0.0072203316,train,-0.0061592064
2020-11-03,SPY,0.02210321,-0.030722817,0.05282603,train,-0.012955451
2020-11-03,TLT,0.02145986,0.00097614946,0.020483712,train,-0.008201707
2020-11-04,EFA,0.023739778,0.043167036,0.019427259,train,-0.0094190035
2020-11-04,IWM,0.02760449,-0.010547068,0.03815156,train,-0.0060981284
2020-11-04,SPY,0.019314917,-0.055189345,0.07450426,train,-0.030722817
2020-11-04,TLT,0.001736689,-0.01808216,0.01981885,train,0.00097614946
2020-11-05,EFA,0.0021165262,0.050779354,0.048662826,train,0.043167036
2020-11-05,IWM,-0.007853077,0.046281487,0.054134563,train,-0.010547068
2020-11-05,SPY,-0.00022847229,-0.010378214,0.010149742,train,-0.055189345
2020-11-05,TLT,-0.012158052,0.002609313,0.0147673655,train,-0.01808216
2020-11-06,EFA,0.028733,0.07104512,0.042312123,train,0.050779354
2020-11-06,IWM,0.0356013,0.023479221,0.012122078,train,0.046281487
2020-11-06,SPY,0.01248743,-0.018610677,0.031098107,train,-0.010378214
2020-11-06,TLT,-0.021238932,0.0075642676,0.0288032,train,0.002609313
2020-11-09,EFA,0.008912144,0.061949678,0.05303753,train,0.07104512
2020-11-09,IWM,0.01840784,0.105406,0.086998165,train,0.023479221
2020-11-09,SPY,-0.0014673749,-0.007841958,0.0063745826,train,-0.018610677
2020-11-09,TLT,-0.0057841134,0.01857393,0.024358043,train,0.0075642676
2020-11-10,EFA,0.008401183,0.04193849,0.033537306,train,0.061949678
2020-11-10,IWM,-0.0004054452,0.07105616,0.0714616,train,0.105406
2020-11-10,SPY,0.0074011395,0.026530227,0.019129086,train,-0.007841958
2020-11-10,TLT,0.003602654,-0.0030835154,0.0066861697,train,0.01857393
2020-11-11,EFA,-0.014675219,0.0071695694,0.021844788,train,0.04193849
2020-11-11,IWM,-0.015469586,0.043242443,0.058712028,train,0.07105616
2020-11-11,SPY,-0.009748501,0.0014498928,0.011198394,train,0.026530227
2020-11-11,TLT,0.016874766,-0.0058622765,0.022737043,train,-0.0030835154
2020-11-12,EFA,0.015251904,-0.01570878,0.030960683,train,0.0071695694
2020-11-12,IWM,0.020497026,-0.036095943,0.05659297,train,0.043242443
2020-11-12,SPY,0.013749298,0.028649403,0.014900105,train,0.0014498928
2020-11-12,TLT,-0.0013270353,-0.014427075,0.01310004,train,-0.0058622765
2020-11-13,EFA,0.010325715,-0.01916297,0.029488685,train,-0.01570878
2020-11-13,IWM,0.023524985,0.0031201062,0.020404879,train,-0.036095943
2020-11-13,SPY,0.012405495,-0.014562262,0.026967756,train,0.028649403
2020-11-13,TLT,-0.002405483,0.00082295015,0.0032284332,train,-0.014427075
2020-11-16,EFA,-0.0009995719,-0.013173824,0.012174252,train,-0.01916297
2020-11-16,IWM,0.004661653,0.013615938,0.008954285,train,0.0031201062
2020-11-16,SPY,-0.0053927214,0.011386478,0.0167792,train,-0.014562262
2020-11-16,TLT,0.0065064067,-0.0007241536,0.0072305603,train,0.00082295015
2020-11-17,EFA,-0.0052979263,-0.016654925,0.011356999,train,-0.013173824
2020-11-17,IWM,-0.014107737,-0.01993701,0.0058292737,train,0.013615938
2020-11-17,SPY,-0.012107916,-0.0010308619,0.011077054,train,0.011386478
2020-11-17,TLT,0.0028933175,-0.011868713,0.014762031,train,-0.0007241536
2020-11-18,EFA,0.0070106653,-0.022797145,0.02980781,train,-0.016654925
2020-11-18,IWM,0.0076428675,-0.052730467,0.060373336,train,-0.01993701
2020-11-18,SPY,0.0042014737,-0.026898747,0.031100221,train,-0.0010308619
2020-11-18,TLT,0.0051343455,0.0040382217,0.0010961238,train,-0.011868713
2020-11-19,EFA,0.002989517,0.0036692084,0.0006796913,train,-0.022797145
2020-11-19,IWM,0.0010710773,-0.040318727,0.041389804,train,-0.052730467
2020-11-19,SPY,-0.006871348,-0.038920905,0.03204956,train,-0.026898747
2020-11-19,TLT,0.008831618,0.01223205,0.003400432,train,0.0040382217
2020-11-20,EFA,-0.0012802829,0.0017301836,0.0030104665,train,0.0036692084
2020-11-20,IWM,0.018531427,-0.010880211,0.029411638,train,-0.040318727
2020-11-20,SPY,0.0059763286,-0.005571281,0.01154761,train,-0.038920905
2020-11-20,TLT,-0.004592273,-0.019897293,0.01530502,train,0.01223205
2020-11-23,EFA,0.014833944,-0.006352467,0.021186411,train,0.0017301836
2020-11-23,IWM,0.018628433,-0.047809172,0.0664376,train,-0.010880211
2020-11-23,SPY,0.015985435,0.016279982,0.00029454753,train,-0.005571281
2020-11-23,TLT,-0.010002237,-0.0074186097,0.0025836271,train,-0.019897293
2020-11-24,EFA,-0.001262847,-0.012210466,0.010947619,train,-0.006352467
2020-11-24,IWM,-0.0034255453,-0.07460539,0.071179844,train,-0.047809172
2020-11-24,SPY,-0.0015430765,-0.011657206,0.01011413,train,0.016279982
2020-11-24,TLT,-0.0030832943,0.00020718807,0.0032904823,train,-0.0074186097
2020-11-25,EFA,0.0068567107,0.013910158,0.007053447,train,-0.012210466
2020-11-25,IWM,0.004239492,-0.03579208,0.04003157,train,-0.07460539
2020-11-25,SPY,0.002781206,-0.020634105,0.023415312,train,-0.011657206
2020-11-25,TLT,0.009658289,0.004009171,0.005649118,train,0.00020718807
2020-11-27,EFA,-0.021994585,0.0054308125,0.027425397,train,0.013910158
2020-11-27,IWM,-0.018336693,-0.05207229,0.033735596,train,-0.03579208
2020-11-27,SPY,-0.004436929,-0.033710856,0.029273927,train,-0.020634105
2020-11-27,TLT,-0.0012486763,-0.0050327866,0.0037841103,train,0.004009171
2020-11-30,EFA,0.023248684,0.029112412,0.005863728,train,0.0054308125
2020-11-30,IWM,0.009237859,-0.005567824,0.014805684,train,-0.05207229
2020-11-30,SPY,0.010877859,-0.0137668885,0.024644747,train,-0.033710856
2020-11-30,TLT,-0.014854539,-0.030035501,0.015180962,train,-0.0050327866
2020-12-01,EFA,0.00013916362,0.02146637,0.021327207,train,0.029112412
2020-12-01,IWM,0.0010393166,-0.066412255,0.067451574,train,-0.005567824
2020-12-01,SPY,0.0021017778,-0.02550904,0.027610818,train,-0.0137668885
2020-12-01,TLT,-0.007968311,-0.044107374,0.036139064,train,-0.030035501
2020-12-02,EFA,0.0016698308,0.0074245324,0.005754702,train,0.02146637
2020-12-02,IWM,0.00561604,-0.06558606,0.0712021,train,-0.066412255
2020-12-02,SPY,-0.00027259823,-0.025034625,0.024762027,train,-0.02550904
2020-12-02,TLT,0.008031592,-0.0026658033,0.010697395,train,-0.044107374
2020-12-03,EFA,0.008444478,0.008860443,0.00041596498,train,0.0074245324
2020-12-03,IWM,0.02300424,-0.054858513,0.077862754,train,-0.06558606
2020-12-03,SPY,0.0085806865,0.00097246515,0.0076082214,train,-0.025034625
2020-12-03,TLT,-0.014774272,-0.003813318,0.010960954,train,-0.0026658033
2020-12-04,EFA,-0.008166422,0.01780611,0.025972534,train,0.008860443
2020-12-04,IWM,0.00095608126,-0.08800186,0.08895794,train,-0.054858513
2020-12-04,SPY,-0.0020569724,-0.027577939,0.025520965,train,0.00097246515
2020-12-04,TLT,0.008980597,0.011687271,0.002706674,train,-0.003813318
2020-12-07,EFA,0.0034684953,-0.01200117,0.015469665,train,0.01780611
2020-12-07,IWM,0.0127643375,-0.058446735,0.07121107,train,-0.08800186
2020-12-07,SPY,0.0029214888,-0.024536315,0.027457803,train,-0.027577939
2020-12-07,TLT,0.0047137095,0.0033468683,0.0013668411,train,0.011687271
2020-12-08,EFA,0.0013841859,0.014497286,0.0131131,train,-0.01200117
2020-12-08,IWM,-0.0073117795,-0.062433597,0.055121817,train,-0.058446735
2020-12-08,SPY,-0.009008992,-0.008993909,1.50837e-05,train,-0.024536315
2020-12-08,TLT,-0.0033096636,-0.0034617856,0.000152122,train,0.0033468683
2020-12-09,EFA,0.0013820862,0.01156974,0.010187654,train,0.014497286
2020-12-09,IWM,0.009615419,-0.027010104,0.036625523,train,-0.062433597
2020-12-09,SPY,-0.00032707327,-0.018128123,0.01780105,train,-0.008993909
2020-12-09,TLT,0.008824666,0.0069350866,0.0018895795,train,-0.0034617856
2020-12-10,EFA,-0.003043115,0.017065804,0.02010892,train,0.01156974
2020-12-10,IWM,-0.0049276496,-0.06378856,0.058860913,train,-0.027010104
2020-12-10,SPY,-0.0011734744,-0.0008170032,0.00035647117,train,-0.018128123
2020-12-10,TLT,0.0035331284,-0.006795592,0.01032872,train,0.0069350866
2020-12-11,EFA,0.0006150331,0.01013183,0.009516797,train,0.017065804
2020-12-11,IWM,0.0011697344,-0.028485931,0.029655665,train,-0.06378856
2020-12-11,SPY,-0.0044874693,0.009640167,0.014127636,train,-0.0008170032
2020-12-11,TLT,-0.0027755054,0.00043647713,0.0032119825,train,-0.006795592
2020-12-14,EFA,0.010153936,0.025018439,0.0148645025,train,0.01013183
2020-12-14,IWM,0.024701476,-0.011487901,0.036189377,train,-0.028485931
2020-12-14,SPY,0.0134291835,0.0007299525,0.0126992315,train,0.009640167
2020-12-14,TLT,-0.0033530062,0.007748471,0.011101477,train,0.00043647713
2020-12-15,EFA,0.0038672262,0.013265951,0.009398725,train,0.025018439
2020-12-15,IWM,-0.00360209,-0.055302937,0.051700845,train,-0.011487901
2020-12-15,SPY,0.0015678258,-0.047508363,0.04907619,train,0.0007299525
2020-12-15,TLT,-0.0026654652,0.014688082,0.017353548,train,0.007748471
2020-12-16,EFA,0.0070060752,0.028814562,0.021808486,train,0.013265951
2020-12-16,IWM,0.011838234,-0.027228998,0.03906723,train,-0.055302937
2020-12-16,SPY,0.0055765617,-0.028475126,0.034051687,train,-0.047508363
2020-12-16,TLT,-0.002649321,0.013166308,0.015815629,train,0.014688082
2020-12-17,EFA,-0.0052156723,0.035100307,0.04031598,train,0.028814562
2020-12-17,IWM,-0.0048514693,-0.06494029,0.06008882,train,-0.027228998
2020-12-17,SPY,-0.0040008295,-0.021411385,0.017410556,train,-0.028475126
2020-12-17,TLT,-0.0030018764,-0.001515979,0.0014858975,train,0.013166308
2020-12-18,EFA,-0.01287994,0.0001632222,0.0130431615,train,0.035100307
2020-12-18,IWM,-0.0005122322,-0.03226337,0.031751137,train,-0.06494029
2020-12-18,SPY,-0.0035817781,-0.03554083,0.031959053,train,-0.021411385
2020-12-18,TLT,0.0039581354,-0.0010421332,0.0050002686,train,-0.001515979
2020-12-21,EFA,-0.0025121616,0.0011274912,0.0036396529,train,0.0001632222
2020-12-21,IWM,0.011306813,-0.042600714,0.05390753,train,-0.03226337
2020-12-21,SPY,-0.0016868763,-0.045783702,0.044096828,train,-0.03554083
2020-12-21,TLT,0.005147396,-0.00363451,0.008781906,train,-0.0010421332
2020-12-22,EFA,0.010702698,-0.0016707922,0.01237349,train,0.0011274912
2020-12-22,IWM,0.008471654,-0.074421056,0.08289271,train,-0.042600714
2020-12-22,SPY,0.00089800544,0.028793415,0.02789541,train,-0.045783702
2020-12-22,TLT,-0.006933031,0.020940777,0.027873809,train,-0.00363451
2020-12-23,EFA,0.0004147019,-0.0023156959,0.0027303977,train,-0.0016707922
2020-12-23,IWM,-0.00065295584,-0.06447871,0.06382576,train,-0.074421056
2020-12-23,SPY,0.003882951,0.027202968,0.023320016,train,0.028793415
2020-12-23,TLT,0.003949563,0.016683074,0.012733511,train,0.020940777
2020-12-24,EFA,0.008120641,-0.0071400763,0.015260717,train,-0.0023156959
2020-12-24,IWM,-0.0037253713,-0.068004526,0.064279154,train,-0.06447871
2020-12-24,SPY,0.008554056,0.00021230662,0.00834175,train,0.027202968
2020-12-24,TLT,0.0004448331,0.033316027,0.032871194,train,0.016683074
2020-12-28,EFA,0.0064220414,0.0065987036,0.00017666211,train,-0.0071400763
2020-12-28,IWM,-0.019557541,-0.031962242,0.012404701,train,-0.068004526
2020-12-28,SPY,-0.0019094127,-0.012307605,0.010398192,train,0.00021230662
2020-12-28,TLT,-0.0012720815,0.036591314,0.037863396,train,0.033316027
2020-12-29,EFA,0.0013610316,0.026629288,0.025268257,train,0.0065987036
2020-12-29,IWM,0.010132133,-0.022182526,0.03231466,train,-0.031962242
2020-12-29,SPY,0.0014256341,-0.005023692,0.006449326,train,-0.012307605
2020-12-29,TLT,0.0021613827,0.019430682,0.017269298,train,0.036591314
2020-12-30,EFA,-0.0076461374,0.0055941925,0.01324033,train,0.026629288
2020-12-30,IWM,-0.001783725,-0.004578424,0.0027946993,train,-0.022182526
2020-12-30,SPY,0.0050681275,-0.017314712,0.022382839,train,-0.005023692
2020-12-30,TLT,0.0014589546,0.017646471,0.016187517,train,0.019430682
2020-12-31,EFA,0.005194751,-0.0034383568,0.008633108,train,0.0055941925
2020-12-31,IWM,-0.01314292,-0.008429902,0.0047130184,train,-0.004578424
2020-12-31,SPY,-0.013707716,-0.011869088,0.0018386282,train,-0.017314712
2020-12-31,TLT,-0.0012047531,0.0019286366,0.0031333896,train,0.017646471
2021-01-04,EFA,0.01030948,0.011394395,0.0010849144,train,-0.0034383568
2021-01-04,IWM,0.015333845,0.03794183,0.022607982,train,-0.008429902
2021-01-04,SPY,0.0068638753,-0.011094632,0.017958507,train,-0.011869088
2021-01-04,TLT,-0.0074541806,0.0058471696,0.01330135,train,0.0019286366
2021-01-05,EFA,0.011405866,0.03444342,0.023037553,train,0.011394395
2021-01-05,IWM,0.040103175,0.011598697,0.028504478,train,0.03794183
2021-01-05,SPY,0.005960648,0.0032882253,0.0026724227,train,-0.011094632
2021-01-05,TLT,-0.020742074,0.0046341363,0.02537621,train,0.0058471696
2021-01-06,EFA,0.0010665889,0.0419695,0.040902913,train,0.03444342
2021-01-06,IWM,0.017640302,0.009659132,0.00798117,train,0.011598697
2021-01-06,SPY,0.014748051,-0.018030524,0.032778576,train,0.0032882253
2021-01-06,TLT,-0.008853691,0.014880454,0.023734145,train,0.0046341363
2021-01-07,EFA,0.0092862975,0.017730528,0.008444231,train,0.0419695
2021-01-07,IWM,-0.0021638693,-0.007055936,0.0048920666,train,0.009659132
2021-01-07,SPY,0.0056816717,-0.038685255,0.044366926,train,-0.018030524
2021-01-07,TLT,-0.0032325264,-0.005151517,0.0019189909,train,0.014880454
2021-01-08,EFA,-0.013158897,0.024232615,0.037391514,train,0.017730528
2021-01-08,IWM,-0.0008670637,-0.050678935,0.04981187,train,-0.007055936
2021-01-08,SPY,-0.0067636673,-0.020586492,0.013822826,train,-0.038685255
2021-01-08,TLT,-0.0016535593,-0.0032926085,0.0016390493,train,-0.005151517
2021-01-11,EFA,0.004538833,-0.011438927,0.015977759,train,0.024232615
2021-01-11,IWM,0.017765475,-0.049606096,0.06737157,train,-0.050678935
2021-01-11,SPY,0.0002113141,-0.060388114,0.060599428,train,-0.020586492
2021-01-11,TLT,-0.00079452834,-0.011386864,0.010592336,train,-0.0032926085
2021-01-12,EFA,-0.0013329117,0.02454554,0.025878452,train,-0.011438927
2021-01-12,IWM,-0.007173101,-0.021290315,0.014117215,train,-0.049606096
2021-01-12,SPY,0.0026893148,-0.04032919,0.043018505,train,-0.060388114
2021-01-12,TLT,0.011198582,-0.015338644,0.026537227,train,-0.011386864
2021-01-13,EFA,0.007970477,0.024734845,0.016764369,train,0.02454554
2021-01-13,IWM,0.019779092,-0.017560402,0.037339494,train,-0.021290315
2021-01-13,SPY,-0.003508233,-0.027944533,0.0244363,train,-0.04032919
2021-01-13,TLT,-0.009411899,0.0023533893,0.011765288,train,-0.015338644
2021-01-14,EFA,-0.015735807,0.028334653,0.04407046,train,0.024734845
2021-01-14,IWM,-0.015023083,-0.009965079,0.0050580045,train,-0.017560402
2021-01-14,SPY,-0.007319235,-0.0038387529,0.003480482,train,-0.027944533
2021-01-14,TLT,0.003959751,-0.009810515,0.0137702655,train,0.0023533893
2021-01-15,EFA,0.0072318814,0.014758121,0.00752624,train,0.028334653
2021-01-15,IWM,0.012730268,-0.0073570064,0.020087274,train,-0.009965079
2021-01-15,SPY,0.007821252,0.038442444,0.030621193,train,-0.0038387529
2021-01-15,TLT,0.003222371,0.0021070954,0.0011152755,train,-0.009810515
2021-01-19,EFA,0.006782223,0.0248045,0.018022278,train,0.014758121
2021-01-19,IWM,0.0043940665,0.022932952,0.018538885,train,-0.0073570064
2021-01-19,SPY,0.013743594,-0.017232267,0.030975861,train,0.038442444
2021-01-19,TLT,0.000984671,0.008489396,0.0075047254,train,0.0021070954
2021-01-20,EFA,0.0007950734,0.030360015,0.029564941,train,0.0248045
2021-01-20,IWM,-0.008713614,0.0003327015,0.009046316,train,0.022932952
2021-01-20,SPY,0.0009114018,-0.025117738,0.02602914,train,-0.017232267
2021-01-20,TLT,-0.007043366,0.010963831,0.018007196,train,0.008489396
2021-01-21,EFA,-0.004779001,0.02425751,0.029036513,train,0.030360015
2021-01-21,IWM,0.011554722,-0.045945633,0.057500355,train,0.0003327015
2021-01-21,SPY,-0.0035456577,-0.021866575,0.018320918,train,-0.025117738
2021-01-21,TLT,0.003231509,0.011250915,0.008019406,train,0.010963831
2021-01-22,EFA,-0.0011983275,0.033153374,0.034351703,train,0.02425751
2021-01-22,IWM,-0.0009771369,-0.073511854,0.07253472,train,-0.045945633
2021-01-22,SPY,0.003936114,-0.009479405,0.013415519,train,-0.021866575
2021-01-22,TLT,0.011716967,0.009720035,0.0019969326,train,0.011250915
2021-01-25,EFA,0.0014645198,0.0071130567,0.005648537,train,0.033153374
2021-01-25,IWM,-0.0069610723,-0.05206303,0.045101956,train,-0.073511854
2021-01-25,SPY,-0.0015623136,-0.03923376,0.037671447,train,-0.009479405
2021-01-25,TLT,-0.0018886949,-0.019670332,0.017781638,train,0.009720035
2021-01-26,EFA,-0.023147333,0.04081012,0.06395745,train,0.0071130567
2021-01-26,IWM,-0.018501084,-0.05277658,0.034275495,train,-0.05206303
2021-01-26,SPY,-0.024743913,-0.010962529,0.013781384,train,-0.03923376
2021-01-26,TLT,0.0025390903,0.010447549,0.007908458,train,-0.019670332
2021-01-27,EFA,0.006378343,0.0041715777,0.002206765,train,0.04081012
2021-01-27,IWM,-0.0032048593,0.037816375,0.041021235,train,-0.05277658
2021-01-27,SPY,0.0085631795,0.02514467,0.01658149,train,-0.010962529
2021-01-27,TLT,-0.0055425386,0.013316378,0.018858917,train,0.010447549
2021-01-28,EFA,-0.02091535,0.0052042715,0.026119621,train,0.0041715777
2021-01-28,IWM,-0.015255667,0.02761679,0.04287246,train,0.037816375
2021-01-28,SPY,-0.02022258,0.046406873,0.066629454,train,0.02514467
2021-01-28,TLT,-0.0060346858,0.034975868,0.041010555,train,0.013316378
2021-01-29,EFA,0.011810184,-0.00021408731,0.012024272,train,0.0052042715
2021-01-29,IWM,0.024270177,0.06991696,0.045646787,train,0.02761679
2021-01-29,SPY,0.01650848,0.013877956,0.0026305243,train,0.046406873
2021-01-29,TLT,0.001158529,0.021362456,0.020203926,train,0.034975868
2021-02-01,EFA,0.010051596,0.0010162839,0.009035312,train,-0.00021408731
2021-02-01,IWM,0.014143728,-0.00040687388,0.014550602,train,0.06991696
2021-02-01,SPY,0.014041077,-0.008174723,0.0222158,train,0.013877956
2021-02-01,TLT,-0.0064684586,0.04602133,0.05248979,train,0.021362456
2021-02-02,EFA,0.0024298774,0.009763554,0.0073336763,train,0.0010162839
2021-02-02,IWM,0.0029916607,0.01956691,0.016575249,train,-0.00040687388
2021-02-02,SPY,0.0007861765,-0.012875164,0.013661341,train,-0.008174723
2021-02-02,TLT,-0.008912544,0.026871884,0.035784427,train,0.04602133
2021-02-03,EFA,0.0010779799,0.017781908,0.016703928,train,0.009763554
2021-02-03,IWM,0.020191327,0.020018702,0.00017262436,train,0.01956691
2021-02-03,SPY,0.011301566,-0.050984725,0.06228629,train,-0.012875164
2021-02-03,TLT,-0.0026759424,-0.005978498,0.0033025558,train,0.026871884
2021-02-04,EFA,0.006176307,0.010341596,0.004165289,train,0.017781908
2021-02-04,IWM,0.013764622,0.013339682,0.00042494014,train,0.020018702
2021-02-04,SPY,0.003928162,-0.029646674,0.033574834,train,-0.050984725
2021-02-04,TLT,-0.008408554,-0.0042589447,0.0041496092,train,-0.005978498
2021-02-05,EFA,0.0069361906,0.0035004565,0.0034357342,train,0.010341596
2021-02-05,IWM,0.025215162,0.026539775,0.0013246126,train,0.013339682
2021-02-05,SPY,0.007196122,-0.07738045,0.08457657,train,-0.029646674
2021-02-05,TLT,0.004381075,-0.0043830345,0.00876411,train,-0.0042589447
2021-02-08,EFA,0.0054351133,0.01495474,0.009519627,train,0.0035004565
2021-02-08,IWM,0.0046962406,0.041149702,0.036453463,train,0.026539775
2021-02-08,SPY,-0.00066610816,-0.034345772,0.033679664,train,-0.07738045
2021-02-08,TLT,0.0007393662,-0.005407467,0.0061468333,train,-0.0043830345
2021-02-09,EFA,-0.0034434018,0.023738984,0.027182385,train,0.01495474
2021-02-09,IWM,-0.0065898267,-0.01512043,0.008530604,train,0.041149702
2021-02-09,SPY,-0.00043563044,-0.022063207,0.021627577,train,-0.034345772
2021-02-09,TLT,0.006631668,-0.004649902,0.01128157,train,-0.005407467
2021-02-10,EFA,0.0067431214,0.019214077,0.012470955,train,0.023738984
2021-02-10,IWM,-0.0011464527,0.00021407986,0.0013605326,train,-0.01512043
2021-02-10,SPY,0.0016136218,-0.0038029547,0.0054165768,train,-0.022063207
2021-02-10,TLT,-0.0054896586,-0.011528334,0.006038675,train,-0.004649902
2021-02-11,EFA,0.00551913,0.019149028,0.013629898,train,0.019214077
2021-02-11,IWM,0.0028199404,-0.015068347,0.017888287,train,0.00021407986
2021-02-11,SPY,0.0049275537,0.0038432893,0.0010842644,train,-0.0038029547
2021-02-11,TLT,-0.012496886,3.9904844e-05,0.01253679,train,-0.011528334
2021-02-12,EFA,0.00718161,-0.039455738,0.04663735,train,0.019149028
2021-02-12,IWM,-0.0063122557,0.023320539,0.029632796,train,-0.015068347
2021-02-12,SPY,-0.000866394,0.0074119424,0.008278336,train,0.0038432893
2021-02-12,TLT,-0.015343987,-0.008640904,0.0067030834,train,3.9904844e-05
2021-02-16,EFA,-0.005872031,-0.020098558,0.014226526,train,-0.039455738
2021-02-16,IWM,-0.007868515,-0.027152048,0.019283533,train,0.023320539
2021-02-16,SPY,0.00022947881,-0.0012263893,0.0014558681,train,0.0074119424
2021-02-16,TLT,0.0063305898,-0.017310835,0.023641426,train,-0.008640904
2021-02-17,EFA,-0.004985573,-0.011447422,0.0064618494,train,-0.020098558
2021-02-17,IWM,-0.015608086,-0.045441236,0.02983315,train,-0.027152048
2021-02-17,SPY,-0.0042650346,0.0008396744,0.005104709,train,-0.0012263893
2021-02-17,TLT,-0.004055471,-0.0033855713,0.00066989986,train,-0.017310835
2021-02-18,EFA,0.0028892593,-0.005247289,0.008136548,train,-0.011447422
2021-02-18,IWM,0.020638708,-0.014435431,0.035074137,train,-0.045441236
2021-02-18,SPY,-0.0017674625,0.005994528,0.0077619907,train,0.0008396744
2021-02-18,TLT,-0.013380873,-0.012229608,0.0011512646,train,-0.0033855713
2021-02-19,EFA,-0.0024949105,0.017406449,0.01990136,train,-0.005247289
2021-02-19,IWM,-0.006504627,-0.03859709,0.03209246,train,-0.014435431
2021-02-19,SPY,-0.007721495,0.009787649,0.017509144,train,0.005994528
2021-02-19,TLT,-0.0076370547,-0.020864345,0.0132272905,train,-0.012229608
2021-02-22,EFA,0.0009198157,0.025800126,0.02488031,train,0.017406449
2021-02-22,IWM,-0.008844147,-0.010255994,0.0014118468,train,-0.03859709
2021-02-22,SPY,0.001213603,0.01522062,0.014007017,train,0.009787649
2021-02-22,TLT,-0.0028878236,-0.016223514,0.013335691,train,-0.020864345
2021-02-23,EFA,0.0031477127,-0.00873415,0.011881863,train,0.025800126
2021-02-23,IWM,0.023354247,0.031200213,0.007845966,train,-0.010255994
2021-02-23,SPY,0.0109591335,0.011565842,0.0006067082,train,0.01522062
2021-02-23,TLT,-0.0065817405,-0.013983062,0.007401321,train,-0.016223514
2021-02-24,EFA,-0.017168956,-0.0016378779,0.015531078,train,-0.00873415
2021-02-24,IWM,-0.037660655,0.0036816322,0.04134229,train,0.031200213
2021-02-24,SPY,-0.024390979,0.013023935,0.037414916,train,0.011565842
2021-02-24,TLT,-0.016465858,-0.025492577,0.009026719,train,-0.013983062
2021-02-25,EFA,-0.014220758,0.02078782,0.03500858,train,-0.0016378779
2021-02-25,IWM,-0.0013733426,-0.036104433,0.03473109,train,0.0036816322
2021-02-25,SPY,-0.0051657953,0.018428465,0.02359426,train,0.013023935
2021-02-25,TLT,0.032525137,-0.022838859,0.055363998,train,-0.025492577
2021-02-26,EFA,0.01860696,0.015602784,0.0030041765,train,0.02078782
2021-02-26,IWM,0.034928817,0.049251065,0.014322247,train,-0.036104433
2021-02-26,SPY,0.023951082,-0.00066004833,0.02461113,train,0.018428465
2021-02-26,TLT,-0.013295969,-0.018161388,0.004865419,train,-0.022838859
2021-03-01,EFA,-0.0010615889,0.003136952,0.004198541,train,0.015602784
2021-03-01,IWM,-0.019429445,-0.0006944514,0.018734993,train,0.049251065
2021-03-01,SPY,-0.007833966,-0.04023404,0.032400075,train,-0.00066004833
2021-03-01,TLT,7.092322e-05,-0.0025267154,0.0025976386,train,-0.018161388
2021-03-02,EFA,-0.006125776,0.004205425,0.0103312,train,0.003136952
2021-03-02,IWM,-0.0108833285,-0.0490466,0.03816327,train,-0.0006944514
2021-03-02,SPY,-0.013334368,-0.030645119,0.01731075,train,-0.04023404
2021-03-02,TLT,-0.010905027,0.0031747953,0.014079822,train,-0.0025267154
2021-03-03,EFA,-0.009529686,-0.004882733,0.0046469527,train,0.004205425
2021-03-03,IWM,-0.028348386,-0.002573853,0.025774533,train,-0.0490466
2021-03-03,SPY,-0.012451837,0.0015283437,0.01398018,train,-0.030645119
2021-03-03,TLT,-0.006470655,-0.010044519,0.0035738638,train,0.0031747953
2021-03-04,EFA,0.0064522503,-0.0064374367,0.012889687,train,-0.004882733
2021-03-04,IWM,0.020980434,-0.021635907,0.04261634,train,-0.002573853
2021-03-04,SPY,0.018229356,0.0069367313,0.011292625,train,0.0015283437
2021-03-04,TLT,0.0019457515,-0.0046365294,0.0065822806,train,-0.010044519
2021-03-05,EFA,-0.0034896652,0.0026407829,0.006130448,train,-0.0064374367
2021-03-05,IWM,0.0047196825,-0.013380537,0.018100219,train,-0.021635907
2021-03-05,SPY,-0.004990817,-0.03748101,0.032490194,train,0.0069367313
2021-03-05,TLT,-0.00780524,-0.005547752,0.0022574877,train,-0.0046365294
2021-03-08,EFA,0.013356664,-0.0041235066,0.01748017,train,0.0026407829
2021-03-08,IWM,0.020811675,-0.012206698,0.033018373,train,-0.013380537
2021-03-08,SPY,0.014176223,-0.0010193228,0.015195547,train,-0.03748101
2021-03-08,TLT,0.0137626985,-0.013299527,0.027062226,train,-0.005547752
2021-03-09,EFA,0.004236685,0.008501204,0.0042645186,train,-0.0041235066
2021-03-09,IWM,0.017223354,0.05571745,0.038494095,train,-0.012206698
2021-03-09,SPY,0.006205409,-0.0085786,0.014784009,train,-0.0010193228
2021-03-09,TLT,0.002001584,0.0044302703,0.0024286862,train,-0.013299527
2021-03-10,EFA,0.0052707684,0.009273244,0.0040024756,train,0.008501204
2021-03-10,IWM,0.021766571,0.0545924,0.032825828,train,0.05571745
2021-03-10,SPY,0.010087968,-0.036015365,0.046103332,train,-0.0085786
2021-03-10,TLT,-0.0072393892,0.007529872,0.014769262,train,0.0044302703
2021-03-11,EFA,0.002493811,0.016138688,0.013644877,train,0.009273244
2021-03-11,IWM,0.0058820387,0.06923982,0.06335778,train,0.0545924
2021-03-11,SPY,0.0013459843,-0.056926645,0.05827263,train,-0.036015365
2021-03-11,TLT,-0.021449603,0.0033807182,0.02483032,train,0.007529872
2021-03-12,EFA,0.0007864256,0.012090808,0.011304382,train,0.016138688
2021-03-12,IWM,0.0035468538,0.04170188,0.038155027,train,0.06923982
2021-03-12,SPY,0.005945669,0.026422294,0.020476624,train,-0.056926645
2021-03-12,TLT,0.0058621904,0.01180334,0.00594115,train,0.0033807182
2021-03-15,EFA,0.0017015315,0.0026089358,0.00090740435,train,0.012090808
2021-03-15,IWM,-0.016863286,0.04645242,0.063315704,train,0.04170188
2021-03-15,SPY,-0.0012621103,-0.019581348,0.018319238,train,0.026422294
2021-03-15,TLT,-0.0040265615,0.019851195,0.023877757,train,0.01180334
2021-03-16,EFA,0.0058672056,0.01429113,0.008423924,train,0.0026089358
2021-03-16,IWM,0.007821631,-0.023602633,0.03142426,train,0.04645242
2021-03-16,SPY,0.0034042299,0.029457435,0.026053205,train,-0.019581348
2021-03-16,TLT,-0.007511637,-0.0009010355,0.0066106017,train,0.019851195
2021-03-17,EFA,-0.009141857,-0.0016290157,0.0075128414,train,0.01429113
2021-03-17,IWM,-0.030905966,0.012116389,0.043022357,train,-0.023602633
2021-03-17,SPY,-0.014656589,0.012700947,0.027357537,train,0.029457435
2021-03-17,TLT,-0.010177155,0.0026646224,0.012841778,train,-0.0009010355
2021-03-18,EFA,0.0027510163,-0.007393086,0.010144102,train,-0.0016290157
2021-03-18,IWM,0.007519267,-0.016347377,0.023866644,train,0.012116389
2021-03-18,SPY,-0.0018520395,-0.018416112,0.016564073,train,0.012700947
2021-03-18,TLT,0.0061781527,-0.017105931,0.023284085,train,0.0026646224
2021-03-19,EFA,0.00091559807,-0.018959442,0.01987504,train,-0.007393086
2021-03-19,IWM,-0.0075637163,0.028475406,0.03603912,train,-0.016347377
2021-03-19,SPY,0.007953483,0.006613594,0.0013398887,train,-0.018416112
2021-03-19,TLT,0.011143323,0.0071906396,0.0039526834,train,-0.017105931
2021-03-22,EFA,-0.013952953,-0.01733715,0.003384198,train,-0.018959442
2021-03-22,IWM,-0.036948424,0.007900264,0.044848688,train,0.028475406
2021-03-22,SPY,-0.007902115,-0.029801266,0.021899153,train,0.006613594
2021-03-22,TLT,0.008986795,0.01215581,0.003169015,train,0.0071906396
2021-03-23,EFA,-0.005049839,0.012035197,0.017085036,train,-0.01733715
2021-03-23,IWM,-0.023399005,0.0035049808,0.026903985,train,0.007900264
2021-03-23,SPY,-0.005096329,0.011312265,0.016408594,train,-0.029801266
2021-03-23,TLT,0.0053676777,0.003112041,0.0022556367,train,0.01215581
2021-03-24,EFA,0.0074330093,0.0078529585,0.00041994918,train,0.012035197
2021-03-24,IWM,0.023433316,0.0024636225,0.020969694,train,0.0035049808
2021-03-24,SPY,0.00560962,-0.012802143,0.018411763,train,0.011312265
2021-03-24,TLT,-0.007916933,0.0028734454,0.010790378,train,0.003112041
2021-03-25,EFA,0.012876112,0.007725152,0.00515096,train,0.0078529585
2021-03-25,IWM,0.01806721,0.02627944,0.008212229,train,0.0024636225
2021-03-25,SPY,0.015986431,-0.016607793,0.032594226,train,-0.012802143
2021-03-25,TLT,-0.003506384,0.04445587,0.047962256,train,0.0028734454
2021-03-26,EFA,-0.0039241165,0.005909531,0.009833647,train,0.007725152
2021-03-26,IWM,-0.028553024,0.037103232,0.06565626,train,0.02627944
2021-03-26,SPY,-0.0005052311,-0.039257333,0.0387521,train,-0.016607793
2021-03-26,TLT,-0.008524113,0.003752912,0.012277026,train,0.04445587
2021-03-29,EFA,-0.0013113513,0.013418537,0.014729888,train,0.005909531
2021-03-29,IWM,0.016697457,0.0050120824,0.011685375,train,0.037103232
2021-03-29,SPY,-0.0026564526,0.002975142,0.005631595,train,-0.039257333
2021-03-29,TLT,0.0052266247,0.041965224,0.0367386,train,0.003752912
2021-03-30,EFA,-0.0043401704,0.008044824,0.012384994,train,0.013418537
2021-03-30,IWM,0.013350165,-0.021048978,0.034399144,train,0.0050120824
2021-03-30,SPY,0.0040452653,-0.0017262422,0.0057715075,train,0.002975142
2021-03-30,TLT,-0.0055959392,0.032873932,0.038469873,train,0.041965224
2021-03-31,EFA,0.012964406,0.00025840383,0.012706002,train,0.008044824
2021-03-31,IWM,0.012593555,-0.0036059483,0.016199503,train,-0.021048978
2021-03-31,SPY,0.010741426,-0.013199948,0.023941373,train,-0.0017262422
2021-03-31,TLT,0.01646104,0.021836767,0.005375726,train,0.032873932
2021-04-01,EFA,0.014466806,0.00924517,0.005221636,test,0.00025840383
2021-04-01,IWM,0.0054823672,0.031075215,0.025592849,test,-0.0036059483
2021-04-01,SPY,0.014250763,-0.026031962,0.040282726,test,-0.013199948
2021-04-01,TLT,-0.00437257,-0.035742637,0.031370066,test,0.021836767
2021-04-05,EFA,-0.010700938,0.012662152,0.023363091,test,0.00924517
2021-04-05,IWM,-0.0029379835,0.007244284,0.010182267,test,0.031075215
2021-04-05,SPY,-0.0005906875,-0.035897966,0.03530728,test,-0.026031962
2021-04-05,TLT,0.0067696674,0.009120172,0.0023505045,test,-0.035742637
2021-04-06,EFA,0.002071884,0.0011311839,0.00094070006,test,0.012662152
2021-04-06,IWM,-0.016270015,-0.020886207,0.0046161916,test,0.007244284
2021-04-06,SPY,0.0011564224,-0.0246583,0.025814723,test,-0.035897966
2021-04-06,TLT,-0.0069890115,-0.017913958,0.0109249465,test,0.009120172
2021-04-07,EFA,0.0056751585,0.0009055347,0.0047696237,test,0.0011311839
2021-04-07,IWM,0.008437709,-0.03430279,0.042740498,test,-0.020886207
2021-04-07,SPY,0.0047356877,0.0027477,0.0019879877,test,-0.0246583
2021-04-07,TLT,0.008221509,0.021879634,0.013658125,test,-0.017913958
2021-04-08,EFA,0.0030818845,0.01513738,0.012055496,test,0.0009055347
2021-04-08,IWM,0.00013476046,0.003676958,0.0035421974,test,-0.03430279
2021-04-08,SPY,0.0072439765,0.007176165,6.781146e-05,test,0.0027477
2021-04-08,TLT,-0.003629595,0.015032785,0.01866238,test,0.021879634
2021-04-09,EFA,-0.0055288323,0.009459725,0.0149885565,test,0.01513738
2021-04-09,IWM,-0.0039161025,-0.03502204,0.031105936,test,0.003676958
2021-04-09,SPY,0.0003645218,0.0024762102,0.0021116885,test,0.007176165
2021-04-09,TLT,-0.00043616968,0.018824104,0.019260274,test,0.015032785
2021-04-12,EFA,0.0057852184,0.011718541,0.005933323,test,0.009459725
2021-04-12,IWM,-0.0026194032,-0.028060557,0.025441155,test,-0.03502204
2021-04-12,SPY,0.0029592314,-0.021598259,0.02455749,test,0.0024762102
2021-04-12,TLT,0.0074656177,0.0045286138,0.002937004,test,0.018824104
2021-04-13,EFA,0.0007691062,0.008676114,0.007907007,test,0.011718541
2021-04-13,IWM,0.00980972,-0.07889034,0.088700056,test,-0.028060557
2021-04-13,SPY,-0.0034210025,-0.023907335,0.020486332,test,-0.021598259
2021-04-13,TLT,-0.003182305,-0.010600414,0.007418109,test,0.0045286138
2021-04-14,EFA,0.008291175,0.008770002,0.0004788274,test,0.008676114
2021-04-14,IWM,0.0043341587,-0.033072364,0.037406523,test,-0.07889034
2021-04-14,SPY,0.010685327,0.004674303,0.0060110246,test,-0.023907335
2021-04-14,TLT,0.016595662,-0.0085528605,0.025148522,test,-0.010600414
2021-04-15,EFA,0.0072147576,-0.0004504359,0.0076651936,test,0.008770002
2021-04-15,IWM,0.0016037625,-0.004551876,0.0061556385,test,-0.033072364
2021-04-15,SPY,0.0033367553,-0.039370358,0.04270711,test,0.004674303
2021-04-15,TLT,-0.007796539,-0.023698991,0.015902452,test,-0.0085528605
2021-04-16,EFA,-0.0017669508,0.011811668,0.013578619,test,-0.0004504359
2021-04-16,IWM,-0.013083244,0.0005191481,0.013602392,test,-0.004551876
2021-04-16,SPY,-0.0049251835,-0.02753307,0.022607885,test,-0.039370358
2021-04-16,TLT,-0.0028762845,-0.046857785,0.0439815,test,-0.023698991
2021-04-19,EFA,-0.018103601,0.0037508928,0.021854494,test,0.011811668
2021-04-19,IWM,-0.02068784,0.034442935,0.055130776,test,0.0005191481
2021-04-19,SPY,-0.007348567,-0.0032484918,0.004100075,test,-0.02753307
2021-04-19,TLT,0.0045976304,-0.04412466,0.04872229,test,-0.046857785
2021-04-20,EFA,0.010239261,0.007681114,0.002558147,test,0.0037508928
2021-04-20,IWM,0.024154685,0.012349704,0.011804981,test,0.034442935
2021-04-20,SPY,0.009417747,0.006232493,0.003185254,test,-0.0032484918
2021-04-20,TLT,0.002005556,-0.0077844462,0.009790002,test,-0.04412466
2021-04-21,EFA,-0.0033163563,0.011764169,0.015080525,test,0.007681114
2021-04-21,IWM,-0.0041435165,0.037740435,0.041883953,test,0.012349704
2021-04-21,SPY,-0.009175066,-0.019104822,0.009929756,test,0.006232493
2021-04-21,TLT,0.0043545365,-0.014415368,0.018769905,test,-0.0077844462
2021-04-22,EFA,0.010169092,0.014263896,0.0040948046,test,0.011764169
2021-04-22,IWM,0.018688696,0.013658468,0.005030228,test,0.037740435
2021-04-22,SPY,0.010784062,0.027725782,0.01694172,test,-0.019104822
2021-04-22,TLT,-0.0023531227,0.002688997,0.00504212,test,-0.014415368
2021-04-23,EFA,0.000758687,0.0072292713,0.0064705843,test,0.014263896
2021-04-23,IWM,0.010355491,0.039404288,0.029048797,test,0.013658468
2021-04-23,SPY,0.0020853118,0.0027658143,0.0006805025,test,0.027725782
2021-04-23,TLT,-0.0014290536,-0.012652481,0.011223427,test,0.002688997
2021-04-26,EFA,-0.0032911685,0.013880864,0.017172033,test,0.0072292713
2021-04-26,IWM,0.0014895187,0.019122615,0.017633097,test,0.039404288
2021-04-26,SPY,-0.00021553921,-0.015631637,0.015416098,test,0.0027658143
2021-04-26,TLT,-0.008761595,-0.006922402,0.001839193,test,-0.012652481
2021-04-27,EFA,0.0025324817,0.0027236068,0.00019112509,test,0.013880864
2021-04-27,IWM,0.0017056611,-0.025635434,0.027341096,test,0.019122615
2021-04-27,SPY,-0.00028717166,-0.014754975,0.014467804,test,-0.015631637
2021-04-27,TLT,0.0006486992,-0.023970973,0.024619672,test,-0.006922402
2021-04-28,EFA,0.00037964078,0.017729925,0.017350284,test,0.0027236068
2021-04-28,IWM,-0.0037212803,-0.006522765,0.0028014847,test,-0.025635434
2021-04-28,SPY,0.006352254,-0.00097283954,0.0073250937,test,-0.014754975
2021-04-28,TLT,-0.002959261,0.0032226318,0.006181893,test,-0.023970973
2021-04-29,EFA,-0.012595065,0.011059975,0.02365504,test,0.017729925
2021-04-29,IWM,-0.013690327,0.022045894,0.03573622,test,-0.006522765
2021-04-29,SPY,-0.0065921084,-0.01047424,0.003882132,test,-0.00097283954
2021-04-29,TLT,0.0023105617,0.0088011995,0.0064906375,test,0.0032226318
2021-04-30,EFA,0.010950041,0.008407816,0.0025422247,test,0.011059975
2021-04-30,IWM,0.004879245,-0.013795359,0.018674605,test,0.022045894
2021-04-30,SPY,0.0021543603,-0.01059149,0.012745851,test,-0.01047424
2021-04-30,TLT,0.0005997822,0.02417504,0.023575258,test,0.0088011995
2021-05-03,EFA,-0.014926551,0.011822341,0.026748892,test,0.008407816
2021-05-03,IWM,-0.012019475,0.020922445,0.03294192,test,-0.013795359
2021-05-03,SPY,-0.0061882567,-0.018255161,0.012066904,test,-0.01059149
2021-05-03,TLT,0.0067628934,0.014655575,0.007892681,test,0.02417504
2021-05-04,EFA,0.013532778,0.009901352,0.003631426,test,0.011822341
2021-05-04,IWM,-0.0039936607,-0.0037076501,0.00028601056,test,0.020922445
2021-05-04,SPY,0.00031277727,-0.020037668,0.020350445,test,-0.018255161
2021-05-04,TLT,0.0016475084,0.033480022,0.031832512,test,0.014655575
2021-05-05,EFA,0.008208568,-0.0011538295,0.009362398,test,0.009901352
2021-05-05,IWM,0.0008539111,0.017466048,0.016612137,test,-0.0037076501
2021-05-05,SPY,0.00795383,-0.028572185,0.036526017,test,-0.020037668
2021-05-05,TLT,0.0016453736,0.020214641,0.018569268,test,0.033480022
2021-05-06,EFA,0.011255904,-1.6366364e-05,0.01127227,test,-0.0011538295
2021-05-06,IWM,0.01250064,0.004845021,0.007655619,test,0.017466048
2021-05-06,SPY,0.00725163,-0.08287304,0.09012467,test,-0.028572185
2021-05-06,TLT,-0.0049436227,0.045078,0.050021622,test,0.020214641
2021-05-07,EFA,-0.0053619896,0.029896645,0.035258636,test,-1.6366364e-05
2021-05-07,IWM,-0.02575111,-0.008020073,0.017731037,test,0.004845021
2021-05-07,SPY,-0.00995181,-0.01721775,0.0072659394,test,-0.08287304
2021-05-07,TLT,-0.010178443,0.038346034,0.048524477,test,0.045078
2021-05-10,EFA,-0.013215312,-0.0018819864,0.011333326,test,0.029896645
2021-05-10,IWM,-0.0031917917,0.014488412,0.017680204,test,-0.008020073
2021-05-10,SPY,-0.00896483,-0.040833358,0.03186853,test,-0.01721775
2021-05-10,TLT,-0.005675556,0.010036223,0.015711779,test,0.038346034
2021-05-11,EFA,-0.01609237,0.01598546,0.032077827,test,-0.0018819864
2021-05-11,IWM,-0.033010714,-0.0038651018,0.029145611,test,0.014488412
2021-05-11,SPY,-0.021474164,-0.023405438,0.0019312743,test,-0.040833358
2021-05-11,TLT,-0.010563559,-0.00026521692,0.0102983415,test,0.010036223
2021-05-12,EFA,0.007439728,0.010052625,0.0026128972,test,0.01598546
2021-05-12,IWM,0.018241951,-0.0017765141,0.020018466,test,-0.0038651018
2021-05-12,SPY,0.011941017,-0.0067191287,0.018660145,test,-0.023405438
2021-05-12,TLT,0.0015473274,0.0085318,0.0069844723,test,-0.00026521692
2021-05-13,EFA,0.016602632,-0.00197224,0.018574871,test,0.010052625
2021-05-13,IWM,0.024132833,-0.015014624,0.03914746,test,-0.0017765141
2021-05-13,SPY,0.015238782,-0.030652015,0.045890797,test,-0.0067191287
2021-05-13,TLT,0.009307779,0.022032594,0.012724815,test,0.0085318
2021-05-14,EFA,-0.0018870824,-0.015315859,0.0134287765,test,-0.00197224
2021-05-14,IWM,0.001356312,-0.0045542005,0.0059105125,test,-0.015014624
2021-05-14,SPY,-0.002547957,-0.048721787,0.04617383,test,-0.030652015
2021-05-14,TLT,-0.0021179721,-0.0003040298,0.0018139423,test,0.022032594
2021-05-17,EFA,0.0021385215,0.003318428,0.0011799065,test,-0.015315859
2021-05-17,IWM,-0.007619799,0.020391282,0.02801108,test,-0.0045542005
2021-05-17,SPY,-0.008652863,-0.029063819,0.020410955,test,-0.048721787
2021-05-17,TLT,-0.002561615,-0.0015989784,0.00096263667,test,-0.0003040298
2021-05-18,EFA,-0.00883527,0.0036133588,0.012448629,test,0.003318428
2021-05-18,IWM,-0.0077241543,0.028092822,0.035816975,test,0.020391282
2021-05-18,SPY,-0.0026253895,-0.024360195,0.021734806,test,-0.029063819
2021-05-18,TLT,-0.0024215227,0.004530716,0.006952239,test,-0.0015989784
2021-05-19,EFA,0.0130985305,-0.0014487212,0.014547251,test,0.0036133588
2021-05-19,IWM,0.0066309934,-0.0033198274,0.00995082,test,0.028092822
2021-05-19,SPY,0.010700355,-0.040105153,0.05080551,test,-0.024360195
2021-05-19,TLT,0.008194799,0.0074136183,0.00078118034,test,0.004530716
2021-05-20,EFA,0.0013754112,0.021692095,0.020316685,test,-0.0014487212
2021-05-20,IWM,0.0025947227,0.0035759655,0.0009812429,test,-0.0033198274
2021-05-20,SPY,-0.0008189004,-0.018275285,0.017456384,test,-0.040105153
2021-05-20,TLT,0.0032011846,0.008178411,0.0049772263,test,0.0074136183
2021-05-21,EFA,0.0061042346,0.008922745,0.00281851,test,0.021692095
2021-05-21,IWM,0.0064797415,-0.032840732,0.039320473,test,0.0035759655
2021-05-21,SPY,0.0101425825,0.021284116,0.011141534,test,-0.018275285
2021-05-21,TLT,0.0036977218,0.0053452523,0.0016475306,test,0.008178411
2021-05-24,EFA,0.00024833108,0.020422399,0.020174067,test,0.008922745
2021-05-24,IWM,-0.009712971,-0.022147493,0.012434523,test,-0.032840732
2021-05-24,SPY,-0.0022211233,0.025863055,0.028084178,test,0.021284116
2021-05-24,TLT,0.009220596,-0.009765305,0.018985901,test,0.0053452523
2021-05-25,EFA,-0.0006211648,0.018932948,0.019554112,test,0.020422399
2021-05-25,IWM,0.018482009,-0.024172748,0.042654756,test,-0.022147493
2021-05-25,SPY,0.0019826707,-0.0152143,0.01719697,test,0.025863055
2021-05-25,TLT,-0.001722655,-0.008097507,0.006374852,test,-0.009765305
2021-05-26,EFA,0.0018618959,0.0031861826,0.0013242867,test,0.018932948
2021-05-26,IWM,0.010244962,-0.027160859,0.03740582,test,-0.024172748
2021-05-26,SPY,0.00052472274,0.010466663,0.00994194,test,-0.0152143
2021-05-26,TLT,-0.0040302468,0.0038727648,0.0079030115,test,-0.008097507
2021-05-27,EFA,0.0023534873,0.0036529577,0.0012994704,test,0.0031861826
2021-05-27,IWM,-0.00066498475,-0.0038666283,0.0032016435,test,-0.027160859
2021-05-27,SPY,0.0017871207,0.0142011475,0.012414027,test,0.010466663
2021-05-27,TLT,-0.001587819,0.0033144536,0.0049022725,test,0.0038727648
2021-05-28,EFA,0.0035812363,0.026853587,0.02327235,test,0.0036529577
2021-05-28,IWM,0.01128857,0.00079346495,0.010495106,test,-0.0038666283
2021-05-28,SPY,-0.00088120357,0.03423141,0.035112612,test,0.0142011475
2021-05-28,TLT,-0.00022448141,0.016332902,0.016557384,test,0.0033144536
2021-06-01,EFA,0.00332278,0.0034404006,0.000117620686,test,0.026853587
2021-06-01,IWM,0.0011831162,0.03280742,0.031624306,test,0.00079346495
2021-06-01,SPY,0.0015714054,0.03658215,0.035010744,test,0.03423141
2021-06-01,TLT,0.0023125967,0.029971235,0.027658638,test,0.016332902
2021-06-02,EFA,-0.0049266974,0.018710878,0.023637574,test,0.0034404006
2021-06-02,IWM,-0.0084001245,0.026551886,0.03495201,test,0.03280742
2021-06-02,SPY,-0.003718289,0.010921203,0.014639491,test,0.03658215
2021-06-02,TLT,-0.003760795,0.052726135,0.05648693,test,0.029971235
2021-06-03,EFA,0.008483447,0.015301349,0.0068179015,test,0.018710878
2021-06-03,IWM,0.0043189605,-0.008813856,0.013132816,test,0.026551886
2021-06-03,SPY,0.009104469,0.028454538,0.01935007,test,0.010921203
2021-06-03,TLT,0.01360222,0.034726284,0.021124065,test,0.052726135
2021-06-04,EFA,0.0033002542,0.0021525498,0.0011477044,test,0.015301349
2021-06-04,IWM,0.013323309,-0.016295733,0.029619042,test,-0.008813856
2021-06-04,SPY,-0.0009707157,0.01413526,0.015105976,test,0.028454538
2021-06-04,TLT,-0.0030787827,0.0043327613,0.007411544,test,0.034726284
2021-06-07,EFA,-0.00048817534,0.008918872,0.009407047,test,0.0021525498
2021-06-07,IWM,0.010532255,-0.019279314,0.029811569,test,-0.016295733
2021-06-07,SPY,0.00021300092,0.024867373,0.024654372,test,0.01413526
2021-06-07,TLT,0.007002122,0.030479155,0.023477033,test,0.0043327613
2021-06-08,EFA,-0.0026894507,0.0125121735,0.0152016245,test,0.008918872
2021-06-08,IWM,-0.006677692,-0.012261428,0.005583736,test,-0.019279314
2021-06-08,SPY,-0.0014928875,0.027777305,0.029270193,test,0.024867373
2021-06-08,TLT,0.008789842,0.010319062,0.0015292196,test,0.030479155
2021-06-09,EFA,0.002750921,0.0229365,0.020185579,test,0.0125121735
2021-06-09,IWM,-0.007443573,-0.044969738,0.037526164,test,-0.012261428
2021-06-09,SPY,0.004637547,0.018086264,0.013448717,test,0.027777305
2021-06-09,TLT,0.0059814393,-0.0134990215,0.019480461,test,0.010319062
2021-06-10,EFA,0.0023482647,0.021540383,0.019192118,test,0.0229365
2021-06-10,IWM,0.010499574,-0.0059756613,0.016475236,test,-0.044969738
2021-06-10,SPY,0.0016509586,-2.8401148e-05,0.0016793597,test,0.018086264
2021-06-10,TLT,-0.0016151029,-0.004112843,0.00249774,test,-0.0134990215
2021-06-11,EFA,0.0017268698,0.01858609,0.01685922,test,0.021540383
2021-06-11,IWM,-0.002939165,0.010061806,0.013000971,test,-0.0059756613
2021-06-11,SPY,0.002236663,0.010125378,0.007888716,test,-2.8401148e-05
2021-06-11,TLT,-0.007688996,-0.012764331,0.005075335,test,-0.004112843
2021-06-14,EFA,0.0012318408,0.021429617,0.020197775,test,0.01858609
2021-06-14,IWM,-0.0028609878,0.007958243,0.01081923,test,0.010061806
2021-06-14,SPY,-0.0018359403,0.0147670675,0.016603008,test,0.010125378
2021-06-14,TLT,-0.0012038826,-0.0035355254,0.002331643,test,-0.012764331
2021-06-15,EFA,-0.006173672,0.02338834,0.029562011,test,0.021429617
2021-06-15,IWM,-0.002129475,0.036930233,0.03905971,test,0.007958243
2021-06-15,SPY,-0.0055989195,0.020941537,0.026540456,test,0.0147670675
2021-06-15,TLT,-0.00085182796,-0.005175767,0.004323939,test,-0.0035355254
2021-06-16,EFA,-0.0069599827,0.016524976,0.023484958,test,0.02338834
2021-06-16,IWM,-0.01128716,0.038916454,0.050203614,test,0.036930233
2021-06-16,SPY,-0.00033177098,-0.0014979527,0.0011661818,test,0.020941537
2021-06-16,TLT,0.014861332,-0.013974609,0.028835941,test,-0.005175767
2021-06-17,EFA,-0.02092076,0.023360908,0.04428167,test,0.016524976
2021-06-17,IWM,-0.022963718,0.02829941,0.051263127,test,0.038916454
2021-06-17,SPY,-0.013582245,-0.0014067334,0.012175512,test,-0.0014979527
2021-06-17,TLT,0.018631304,0.009842552,0.008788751,test,-0.013974609
2021-06-18,EFA,0.01303245,0.01420409,0.0011716401,test,0.023360908
2021-06-18,IWM,0.02115819,0.017186023,0.003972167,test,0.02829941
2021-06-18,SPY,0.0142145,0.039206207,0.024991706,test,-0.0014067334
2021-06-18,TLT,-0.016885502,-0.0049155126,0.011969989,test,0.009842552
2021-06-21,EFA,0.0001256494,0.00893251,0.008806861,test,0.01420409
2021-06-21,IWM,0.0045296466,0.006782443,0.0022527962,test,0.017186023
2021-06-21,SPY,0.0053319056,0.015089538,0.009757632,test,0.039206207
2021-06-21,TLT,0.0024397823,-0.04763855,0.050078332,test,-0.0049155126
2021-06-22,EFA,-0.0064310036,-0.010287402,0.0038563986,test,0.00893251
2021-06-22,IWM,0.0032854867,0.0102442,0.0069587133,test,0.006782443
2021-06-22,SPY,-0.0012059141,0.016271913,0.017477827,test,0.015089538
2021-06-22,TLT,-0.0025795884,-0.023220172,0.020640584,test,-0.04763855
2021-06-23,EFA,0.009568441,-0.007699588,0.017268028,test,-0.010287402
2021-06-23,IWM,0.014026859,0.010396484,0.0036303746,test,0.0102442
2021-06-23,SPY,0.0058981893,-0.0033126473,0.009210836,test,0.016271913
2021-06-23,TLT,0.0016049123,-0.017681116,0.019286029,test,-0.023220172
2021-06-24,EFA,0.0021277207,-0.0014601359,0.0035878567,test,-0.007699588
2021-06-24,IWM,0.0016805067,0.011111435,0.009430928,test,0.010396484
2021-06-24,SPY,0.0035459646,0.035782367,0.0322364,test,-0.0033126473
2021-06-24,TLT,-0.0104376925,-0.012512125,0.0020744326,test,-0.017681116
2021-06-25,EFA,-0.0063970136,0.005005391,0.011402404,test,-0.0014601359
2021-06-25,IWM,-0.007953046,0.0034251013,0.011378147,test,0.011111435
2021-06-25,SPY,0.0020136875,-0.031241393,0.03325508,test,0.035782367
2021-06-25,TLT,0.010228531,-0.003188686,0.013417218,test,-0.012512125
2021-06-28,EFA,0.00025175716,-0.00023150304,0.0004832602,test,0.005005391
2021-06-28,IWM,-0.0047849356,0.003279489,0.008064425,test,0.0034251013
2021-06-28,SPY,0.0005380256,-0.005038298,0.0055763237,test,-0.031241393
2021-06-28,TLT,0.0016716265,-0.0113570895,0.013028716,test,-0.003188686
2021-06-29,EFA,-0.0077035734,0.005009731,0.012713304,test,-0.00023150304
2021-06-29,IWM,0.00013086264,0.0029480834,0.0028172208,test,0.003279489
2021-06-29,SPY,0.00084120984,0.0047331294,0.0038919195,test,-0.005038298
2021-06-29,TLT,0.004443006,-0.005652251,0.010095257,test,-0.0113570895
2021-06-30,EFA,0.002405652,0.00050327554,0.0019023765,test,0.005009731
2021-06-30,IWM,0.008768083,0.0074714944,0.0012965882,test,0.0029480834
2021-06-30,SPY,0.005521389,0.0056697656,0.00014837645,test,0.0047331294
2021-06-30,TLT,5.5221924e-05,-0.008846851,0.008902073,test,-0.005652251
