date,ticker,y_true,y_pred,abs_error,dataset_part,signal_for_trade
2020-09-30,EFA,0.005796245,-0.07147977,0.077276014,train,
2020-09-30,IWM,0.015829451,-0.04433876,0.06016821,train,
2020-09-30,SPY,0.006399266,0.099114485,0.09271522,train,
2020-09-30,TLT,0.0016480498,0.03971859,0.03807054,train,
2020-10-01,EFA,-0.0020326618,-0.013780634,0.011747972,train,-0.07147977
2020-10-01,IWM,0.004393329,0.0032675758,0.0011257532,train,-0.04433876
2020-10-01,SPY,-0.009539526,-0.066211805,0.05667228,train,0.099114485
2020-10-01,TLT,-0.0037410443,-0.02624615,0.022505105,train,0.03971859
2020-10-02,EFA,0.015068134,0.030417357,0.015349222,train,-0.013780634
2020-10-02,IWM,0.027234204,0.04651961,0.019285407,train,0.0032675758
2020-10-02,SPY,0.017577723,-0.012563011,0.030140733,train,-0.066211805
2020-10-02,TLT,-0.019732798,-0.02565414,0.0059213433,train,-0.02624615
2020-10-05,EFA,-0.010695303,-0.05134223,0.040646926,train,0.030417357
2020-10-05,IWM,-0.0028691967,-0.07688142,0.07401223,train,0.04651961
2020-10-05,SPY,-0.014317766,-0.07973019,0.065412425,train,-0.012563011
2020-10-05,TLT,0.0053749946,0.016728977,0.011353983,train,-0.02565414
2020-10-06,EFA,0.008534675,-0.037056312,0.04559099,train,-0.05134223
2020-10-06,IWM,0.021601297,0.06525203,0.04365073,train,-0.07688142
2020-10-06,SPY,0.017256666,0.08241158,0.06515491,train,-0.07973019
2020-10-06,TLT,-0.0073192692,0.0067285905,0.014047859,train,0.016728977
2020-10-07,EFA,0.006928858,0.008288579,0.0013597212,train,-0.037056312
2020-10-07,IWM,0.011307869,-0.031836513,0.043144383,train,0.06525203
2020-10-07,SPY,0.00882368,-0.08106911,0.08989279,train,0.08241158
2020-10-07,TLT,0.0053847516,0.05188323,0.04649848,train,0.0067285905
2020-10-08,EFA,0.0077952663,0.0063151987,0.0014800676,train,0.008288579
2020-10-08,IWM,0.0051764073,0.05015744,0.044981033,train,-0.031836513
2020-10-08,SPY,0.008890486,0.004163374,0.004727112,train,-0.08106911
2020-10-08,TLT,-0.00018714862,0.042505614,0.042692762,train,0.05188323
2020-10-09,EFA,0.0057688775,-0.005535989,0.0113048665,train,0.0063151987
2020-10-09,IWM,0.0066770264,0.029627007,0.02294998,train,0.05015744
2020-10-09,SPY,0.015959289,0.007980672,0.007978617,train,0.004163374
2020-10-09,TLT,0.0031808142,0.04056908,0.037388265,train,0.042505614
2020-10-12,EFA,-0.011265152,0.02456687,0.03583202,train,-0.005535989
2020-10-12,IWM,-0.0066770264,0.0073725255,0.014049552,train,0.029627007
2020-10-12,SPY,-0.006547214,0.022656467,0.029203681,train,0.007980672
2020-10-12,TLT,0.007135491,0.06658518,0.05944969,train,0.04056908
2020-10-13,EFA,-0.0016854377,-0.03669987,0.035014432,train,0.02456687
2020-10-13,IWM,-0.009944571,0.032260176,0.042204745,train,0.0073725255
2020-10-13,SPY,-0.006303552,-0.020360578,0.014057025,train,0.022656467
2020-10-13,TLT,0.0022845312,0.059159927,0.056875397,train,0.06658518
2020-10-14,EFA,-0.01187814,-0.0033877718,0.008490369,train,-0.03669987
2020-10-14,IWM,0.010252351,0.11569844,0.10544609,train,0.032260176
2020-10-14,SPY,-0.0012363546,0.03441402,0.035650373,train,-0.020360578
2020-10-14,TLT,-0.001728393,0.023333356,0.025061749,train,0.059159927
2020-10-15,EFA,0.004644547,-0.03251567,0.037160218,train,-0.0033877718
2020-10-15,IWM,-0.0024609847,0.050756153,0.05321714,train,0.11569844
2020-10-15,SPY,-0.0006046649,-0.002914551,0.002309886,train,0.03441402
2020-10-15,TLT,-0.0027844592,0.062200394,0.06498485,train,0.023333356
2020-10-16,EFA,-0.0037139382,0.06078365,0.06449759,train,-0.03251567
2020-10-16,IWM,-0.012021598,0.06957657,0.08159817,train,0.050756153
2020-10-16,SPY,-0.015320102,0.002686939,0.01800704,train,-0.002914551
2020-10-16,TLT,-0.0037867958,0.05342441,0.057211205,train,0.062200394
2020-10-19,EFA,0.0049490207,-0.009808633,0.014757654,train,0.06078365
2020-10-19,IWM,0.0021795216,-0.006328712,0.008508233,train,0.06957657
2020-10-19,SPY,0.0039978344,-0.05658305,0.060580887,train,0.002686939
2020-10-19,TLT,-0.00956196,-0.0021290139,0.007432946,train,0.05342441
2020-10-20,EFA,-0.0047939685,-0.010824702,0.006030733,train,-0.009808633
2020-10-20,IWM,-0.008621214,0.021212677,0.02983389,train,-0.006328712
2020-10-20,SPY,-0.0018950364,-0.06392375,0.06202871,train,-0.05658305
2020-10-20,TLT,-0.0034591903,0.0661162,0.06957539,train,-0.0021290139
2020-10-21,EFA,0.00077462173,0.00077668275,2.0610169e-06,train,-0.010824702
2020-10-21,IWM,0.0171071,-0.062871575,0.079978675,train,0.021212677
2020-10-21,SPY,0.0054705082,0.015399742,0.009929234,train,-0.06392375
2020-10-21,TLT,-0.0104516735,0.019987885,0.03043956,train,0.0661162
2020-10-22,EFA,0.006484737,-0.006838831,0.013323568,train,0.00077668275
2020-10-22,IWM,0.0057810554,0.06991306,0.064132005,train,-0.062871575
2020-10-22,SPY,0.0033894647,0.034026567,0.030637102,train,0.015399742
2020-10-22,TLT,0.0060939896,0.04069396,0.03459997,train,0.019987885
2020-10-23,EFA,-0.0181698,-0.021616958,0.0034471583,train,-0.006838831
2020-10-23,IWM,-0.021822127,-0.028631657,0.006809531,train,0.06991306
2020-10-23,SPY,-0.018652976,0.018751122,0.037404098,train,0.034026567
2020-10-23,TLT,0.009260379,0.024607785,0.015347406,train,0.04069396
2020-10-26,EFA,-0.00786657,-0.0062293233,0.0016372465,train,-0.021616958
2020-10-26,IWM,-0.008623801,-0.04922465,0.040600847,train,-0.028631657
2020-10-26,SPY,-0.003453295,0.014943198,0.018396493,train,0.018751122
2020-10-26,TLT,0.0066868556,0.05208872,0.045401864,train,0.024607785
2020-10-27,EFA,-0.030307777,0.012189995,0.042497773,train,-0.0062293233
2020-10-27,IWM,-0.031271685,-0.03946973,0.008198045,train,-0.04922465
2020-10-27,SPY,-0.034776684,0.030333506,0.06511019,train,0.014943198
2020-10-27,TLT,0.0009337236,0.055651996,0.05471827,train,0.05208872
2020-10-28,EFA,0.004710374,0.017865552,0.013155177,train,0.012189995
2020-10-28,IWM,0.0118659735,-0.005059405,0.01692538,train,-0.03946973
2020-10-28,SPY,0.0101124095,0.03484654,0.024734132,train,0.030333506
2020-10-28,TLT,-0.009755123,0.015243937,0.02499906,train,0.055651996
2020-10-29,EFA,-0.0051990137,-0.02000399,0.014804976,train,0.017865552
2020-10-29,IWM,-0.013302298,-0.034243558,0.02094126,train,-0.005059405
2020-10-29,SPY,-0.01047963,0.05334692,0.06382655,train,0.03484654
2020-10-29,TLT,-0.00991438,0.106382,0.11629638,train,0.015243937
2020-10-30,EFA,0.012947419,0.0016350194,0.011312399,train,-0.02000399
2020-10-30,IWM,0.01767602,0.0030009483,0.014675071,train,-0.034243558
2020-10-30,SPY,0.011146032,0.019375173,0.008229141,train,0.05334692
2020-10-30,TLT,0.007463127,0.07382838,0.06636525,train,0.106382
2020-11-02,EFA,0.025872225,-0.04433417,0.0702064,train,0.0016350194
2020-11-02,IWM,0.027971452,0.0035340942,0.024437359,train,0.0030009483
2020-11-02,SPY,0.017501714,0.027517138,0.010015424,train,0.019375173
2020-11-02,TLT,-0.0058183772,0.011324777,0.017143155,train,0.07382838
2020-11-03,EFA,0.010908602,0.09791331,0.087004706,train,-0.04433417
2020-11-03,IWM,0.0011222034,-0.059784796,0.060907,train,0.0035340942
2020-11-03,SPY,0.02210321,0.022204133,0.00010092184,train,0.027517138
2020-11-03,TLT,0.02145986,0.017754568,0.003705293,train,0.011324777
2020-11-04,EFA,0.023739778,-0.0009840291,0.024723807,train,0.09791331
2020-11-04,IWM,0.02760449,0.016683314,0.0109211765,train,-0.059784796
2020-11-04,SPY,0.019314917,-0.001672569,0.020987486,train,0.022204133
2020-11-04,TLT,0.001736689,0.07223659,0.070499904,train,0.017754568
2020-11-05,EFA,0.0021165262,-0.0020077156,0.004124242,train,-0.0009840291
2020-11-05,IWM,-0.007853077,0.009358388,0.017211465,train,0.016683314
2020-11-05,SPY,-0.00022847229,0.008542013,0.008770485,train,-0.001672569
2020-11-05,TLT,-0.012158052,-0.018126104,0.005968052,train,0.07223659
2020-11-06,EFA,0.028733,-0.012813645,0.041546647,train,-0.0020077156
2020-11-06,IWM,0.0356013,0.0785389,0.042937603,train,0.009358388
2020-11-06,SPY,0.01248743,0.1161007,0.10361327,train,0.008542013
2020-11-06,TLT,-0.021238932,0.07688696,0.09812589,train,-0.018126104
2020-11-09,EFA,0.008912144,0.10817724,0.09926509,train,-0.012813645
2020-11-09,IWM,0.01840784,-0.07029095,0.08869879,train,0.0785389
2020-11-09,SPY,-0.0014673749,-0.02366453,0.022197155,train,0.1161007
2020-11-09,TLT,-0.0057841134,0.0007350489,0.006519162,train,0.07688696
2020-11-10,EFA,0.008401183,0.08037641,0.07197522,train,0.10817724
2020-11-10,IWM,-0.0004054452,0.011300613,0.011706058,train,-0.07029095
2020-11-10,SPY,0.0074011395,-0.023615021,0.03101616,train,-0.02366453
2020-11-10,TLT,0.003602654,0.010852073,0.0072494196,train,0.0007350489
2020-11-11,EFA,-0.014675219,0.0499894,0.06466462,train,0.08037641
2020-11-11,IWM,-0.015469586,0.049797412,0.065267,train,0.011300613
2020-11-11,SPY,-0.009748501,-0.060198966,0.050450467,train,-0.023615021
2020-11-11,TLT,0.016874766,-0.07204824,0.08892301,train,0.010852073
2020-11-12,EFA,0.015251904,0.01605628,0.0008043768,train,0.0499894
2020-11-12,IWM,0.020497026,0.07523634,0.05473932,train,0.049797412
2020-11-12,SPY,0.013749298,0.037484523,0.023735225,train,-0.060198966
2020-11-12,TLT,-0.0013270353,-0.019522266,0.01819523,train,-0.07204824
2020-11-13,EFA,0.010325715,0.04445718,0.034131464,train,0.01605628
2020-11-13,IWM,0.023524985,-0.039769474,0.063294455,train,0.07523634
2020-11-13,SPY,0.012405495,0.03854562,0.026140124,train,0.037484523
2020-11-13,TLT,-0.002405483,0.026354406,0.02875989,train,-0.019522266
2020-11-16,EFA,-0.0009995719,0.040329058,0.04132863,train,0.04445718
2020-11-16,IWM,0.004661653,0.021296348,0.016634695,train,-0.039769474
2020-11-16,SPY,-0.0053927214,0.07213583,0.07752855,train,0.03854562
2020-11-16,TLT,0.0065064067,0.028224483,0.021718077,train,0.026354406
2020-11-17,EFA,-0.0052979263,0.018364262,0.023662187,train,0.040329058
2020-11-17,IWM,-0.014107737,-0.07518314,0.0610754,train,0.021296348
2020-11-17,SPY,-0.012107916,0.033410218,0.045518134,train,0.07213583
2020-11-17,TLT,0.0028933175,-0.007385469,0.0102787865,train,0.028224483
2020-11-18,EFA,0.0070106653,0.111970924,0.104960255,train,0.018364262
2020-11-18,IWM,0.0076428675,0.054276343,0.046633475,train,-0.07518314
2020-11-18,SPY,0.0042014737,0.06849602,0.06429455,train,0.033410218
2020-11-18,TLT,0.0051343455,-0.0030599192,0.008194265,train,-0.007385469
2020-11-19,EFA,0.002989517,0.0018304184,0.0011590987,train,0.111970924
2020-11-19,IWM,0.0010710773,-0.1292365,0.13030759,train,0.054276343
2020-11-19,SPY,-0.006871348,-0.010935533,0.004064185,train,0.06849602
2020-11-19,TLT,0.008831618,0.029671682,0.020840064,train,-0.0030599192
2020-11-20,EFA,-0.0012802829,0.016958233,0.018238517,train,0.0018304184
2020-11-20,IWM,0.018531427,-0.06660657,0.08513799,train,-0.1292365
2020-11-20,SPY,0.0059763286,0.0801453,0.07416897,train,-0.010935533
2020-11-20,TLT,-0.004592273,-0.0016987093,0.0028935636,train,0.029671682
2020-11-23,EFA,0.014833944,0.047388192,0.032554246,train,0.016958233
2020-11-23,IWM,0.018628433,-0.045179006,0.06380744,train,-0.06660657
2020-11-23,SPY,0.015985435,0.0034781217,0.012507313,train,0.0801453
2020-11-23,TLT,-0.010002237,-0.0042133657,0.005788871,train,-0.0016987093
2020-11-24,EFA,-0.001262847,0.13357109,0.13483393,train,0.047388192
2020-11-24,IWM,-0.0034255453,0.022251498,0.025677044,train,-0.045179006
2020-11-24,SPY,-0.0015430765,-0.044143353,0.042600278,train,0.0034781217
2020-11-24,TLT,-0.0030832943,0.06268442,0.06576771,train,-0.0042133657
2020-11-25,EFA,0.0068567107,0.044782173,0.037925463,train,0.13357109
2020-11-25,IWM,0.004239492,-0.029779155,0.034018647,train,0.022251498
2020-11-25,SPY,0.002781206,-0.028044265,0.030825472,train,-0.044143353
2020-11-25,TLT,0.009658289,0.053917393,0.044259105,train,0.06268442
2020-11-27,EFA,-0.021994585,0.0007028177,0.022697402,train,0.044782173
2020-11-27,IWM,-0.018336693,0.024552103,0.042888798,train,-0.029779155
2020-11-27,SPY,-0.004436929,0.020508727,0.024945656,train,-0.028044265
2020-11-27,TLT,-0.0012486763,0.011457329,0.012706005,train,0.053917393
2020-11-30,EFA,0.023248684,0.10710578,0.08385709,train,0.0007028177
2020-11-30,IWM,0.009237859,0.032804456,0.023566596,train,0.024552103
2020-11-30,SPY,0.010877859,-0.018001202,0.028879061,train,0.020508727
2020-11-30,TLT,-0.014854539,-0.04437658,0.029522039,train,0.011457329
2020-12-01,EFA,0.00013916362,-0.0139536215,0.014092785,train,0.10710578
2020-12-01,IWM,0.0010393166,0.0449502,0.043910883,train,0.032804456
2020-12-01,SPY,0.0021017778,-0.045428555,0.047530334,train,-0.018001202
2020-12-01,TLT,-0.007968311,-0.013563647,0.0055953357,train,-0.04437658
2020-12-02,EFA,0.0016698308,-0.06262875,0.064298585,train,-0.0139536215
2020-12-02,IWM,0.00561604,-0.07148056,0.0770966,train,0.0449502
2020-12-02,SPY,-0.00027259823,0.00018538977,0.000457988,train,-0.045428555
2020-12-02,TLT,0.008031592,0.033801883,0.025770292,train,-0.013563647
2020-12-03,EFA,0.008444478,0.0003476001,0.0080968775,train,-0.06262875
2020-12-03,IWM,0.02300424,-0.018101286,0.041105524,train,-0.07148056
2020-12-03,SPY,0.0085806865,-0.017731411,0.026312098,train,0.00018538977
2020-12-03,TLT,-0.014774272,0.03629347,0.05106774,train,0.033801883
2020-12-04,EFA,-0.008166422,0.012686697,0.020853119,train,0.0003476001
2020-12-04,IWM,0.00095608126,-0.012452456,0.013408537,train,-0.018101286
2020-12-04,SPY,-0.0020569724,0.0016406148,0.0036975872,train,-0.017731411
2020-12-04,TLT,0.008980597,0.008237804,0.0007427931,train,0.03629347
2020-12-07,EFA,0.0034684953,-0.04272761,0.046196103,train,0.012686697
2020-12-07,IWM,0.0127643375,0.029562052,0.016797714,train,-0.012452456
2020-12-07,SPY,0.0029214888,-0.021274552,0.02419604,train,0.0016406148
2020-12-07,TLT,0.0047137095,0.0016808368,0.0030328727,train,0.008237804
2020-12-08,EFA,0.0013841859,0.02273717,0.021352984,train,-0.04272761
2020-12-08,IWM,-0.0073117795,0.077702895,0.08501467,train,0.029562052
2020-12-08,SPY,-0.009008992,0.012247064,0.021256056,train,-0.021274552
2020-12-08,TLT,-0.0033096636,0.043452784,0.046762448,train,0.0016808368
2020-12-09,EFA,0.0013820862,-0.009373265,0.010755352,train,0.02273717
2020-12-09,IWM,0.009615419,-0.05114818,0.060763597,train,0.077702895
2020-12-09,SPY,-0.00032707327,-0.045648582,0.04532151,train,0.012247064
2020-12-09,TLT,0.008824666,0.04326131,0.034436643,train,0.043452784
2020-12-10,EFA,-0.003043115,-0.01877728,0.015734164,train,-0.009373265
2020-12-10,IWM,-0.0049276496,0.0040457444,0.008973394,train,-0.05114818
2020-12-10,SPY,-0.0011734744,0.075845316,0.07701879,train,-0.045648582
2020-12-10,TLT,0.0035331284,0.022004394,0.018471265,train,0.04326131
2020-12-11,EFA,0.0006150331,0.0028111048,0.0021960717,train,-0.01877728
2020-12-11,IWM,0.0011697344,-0.014057952,0.015227687,train,0.0040457444
2020-12-11,SPY,-0.0044874693,0.035269056,0.039756525,train,0.075845316
2020-12-11,TLT,-0.0027755054,0.019254189,0.022029694,train,0.022004394
2020-12-14,EFA,0.010153936,-0.022173084,0.03232702,train,0.0028111048
2020-12-14,IWM,0.024701476,0.0083414065,0.01636007,train,-0.014057952
2020-12-14,SPY,0.0134291835,0.018718142,0.0052889585,train,0.035269056
2020-12-14,TLT,-0.0033530062,0.080769606,0.08412261,train,0.019254189
2020-12-15,EFA,0.0038672262,0.042634603,0.038767375,train,-0.022173084
2020-12-15,IWM,-0.00360209,-0.07837655,0.07477446,train,0.0083414065
2020-12-15,SPY,0.0015678258,0.0064710574,0.0049032317,train,0.018718142
2020-12-15,TLT,-0.0026654652,0.06207741,0.06474288,train,0.080769606
2020-12-16,EFA,0.0070060752,0.060627338,0.053621262,train,0.042634603
2020-12-16,IWM,0.011838234,0.01757149,0.005733256,train,-0.07837655
2020-12-16,SPY,0.0055765617,0.016040146,0.010463584,train,0.0064710574
2020-12-16,TLT,-0.002649321,0.037672315,0.040321637,train,0.06207741
2020-12-17,EFA,-0.0052156723,-0.015899455,0.010683782,train,0.060627338
2020-12-17,IWM,-0.0048514693,-0.05032034,0.04546887,train,0.01757149
2020-12-17,SPY,-0.0040008295,-0.03143046,0.027429631,train,0.016040146
2020-12-17,TLT,-0.0030018764,0.057829913,0.06083179,train,0.037672315
2020-12-18,EFA,-0.01287994,0.06871805,0.08159799,train,-0.015899455
2020-12-18,IWM,-0.0005122322,-0.05003911,0.049526878,train,-0.05032034
2020-12-18,SPY,-0.0035817781,-0.0074741105,0.0038923323,train,-0.03143046
2020-12-18,TLT,0.0039581354,0.06563128,0.061673142,train,0.057829913
2020-12-21,EFA,-0.0025121616,0.07796903,0.080481194,train,0.06871805
2020-12-21,IWM,0.011306813,-0.004062879,0.015369692,train,-0.05003911
2020-12-21,SPY,-0.0016868763,-0.0068591638,0.0051722876,train,-0.0074741105
2020-12-21,TLT,0.005147396,-0.0071144057,0.012261802,train,0.06563128
2020-12-22,EFA,0.010702698,-0.026771072,0.037473768,train,0.07796903
2020-12-22,IWM,0.008471654,-0.018629413,0.027101066,train,-0.004062879
2020-12-22,SPY,0.00089800544,0.025025709,0.024127703,train,-0.0068591638
2020-12-22,TLT,-0.006933031,-0.00060377945,0.0063292515,train,-0.0071144057
2020-12-23,EFA,0.0004147019,-0.02812771,0.02854241,train,-0.026771072
2020-12-23,IWM,-0.00065295584,-0.013107999,0.012455043,train,-0.018629413
2020-12-23,SPY,0.003882951,0.026717208,0.022834256,train,0.025025709
2020-12-23,TLT,0.003949563,0.09051556,0.086566,train,-0.00060377945
2020-12-24,EFA,0.008120641,-0.029601421,0.037722062,train,-0.02812771
2020-12-24,IWM,-0.0037253713,0.0450292,0.048754573,train,-0.013107999
2020-12-24,SPY,0.008554056,0.01210506,0.0035510035,train,0.026717208
2020-12-24,TLT,0.0004448331,0.0020603284,0.0016154953,train,0.09051556
2020-12-28,EFA,0.0064220414,0.0041339444,0.002288097,train,-0.029601421
2020-12-28,IWM,-0.019557541,0.033851493,0.053409033,train,0.0450292
2020-12-28,SPY,-0.0019094127,0.07984184,0.08175125,train,0.01210506
2020-12-28,TLT,-0.0012720815,-0.04457174,0.043299656,train,0.0020603284
2020-12-29,EFA,0.0013610316,-0.0042945696,0.005655601,train,0.0041339444
2020-12-29,IWM,0.010132133,0.0493485,0.039216366,train,0.033851493
2020-12-29,SPY,0.0014256341,0.023198541,0.021772906,train,0.07984184
2020-12-29,TLT,0.0021613827,0.066189796,0.06402841,train,-0.04457174
2020-12-30,EFA,-0.0076461374,0.042550597,0.050196733,train,-0.0042945696
2020-12-30,IWM,-0.001783725,-0.08257228,0.08078855,train,0.0493485
2020-12-30,SPY,0.0050681275,0.0005381729,0.004529955,train,0.023198541
2020-12-30,TLT,0.0014589546,-0.016446635,0.01790559,train,0.066189796
2020-12-31,EFA,0.005194751,-0.064053975,0.06924873,train,0.042550597
2020-12-31,IWM,-0.01314292,0.046311084,0.059454005,train,-0.08257228
2020-12-31,SPY,-0.013707716,-0.020308362,0.0066006463,train,0.0005381729
2020-12-31,TLT,-0.0012047531,0.017653733,0.018858487,train,-0.016446635
2021-01-04,EFA,0.01030948,0.05016158,0.0398521,train,-0.064053975
2021-01-04,IWM,0.015333845,0.09233843,0.07700458,train,0.046311084
2021-01-04,SPY,0.0068638753,-0.003042918,0.009906793,train,-0.020308362
2021-01-04,TLT,-0.0074541806,-0.06289473,0.055440553,train,0.017653733
2021-01-05,EFA,0.011405866,0.043613467,0.0322076,train,0.05016158
2021-01-05,IWM,0.040103175,-0.05067676,0.09077993,train,0.09233843
2021-01-05,SPY,0.005960648,0.0039089406,0.0020517074,train,-0.003042918
2021-01-05,TLT,-0.020742074,-0.02945878,0.008716706,train,-0.06289473
2021-01-06,EFA,0.0010665889,-0.052934222,0.05400081,train,0.043613467
2021-01-06,IWM,0.017640302,0.030916955,0.013276653,train,-0.05067676
2021-01-06,SPY,0.014748051,0.002776385,0.011971666,train,0.0039089406
2021-01-06,TLT,-0.008853691,-0.04030896,0.03145527,train,-0.02945878
2021-01-07,EFA,0.0092862975,0.03143575,0.022149453,train,-0.052934222
2021-01-07,IWM,-0.0021638693,-0.036443863,0.034279995,train,0.030916955
2021-01-07,SPY,0.0056816717,-0.041420165,0.047101837,train,0.002776385
2021-01-07,TLT,-0.0032325264,0.015474406,0.018706933,train,-0.04030896
2021-01-08,EFA,-0.013158897,-0.020608388,0.007449491,train,0.03143575
2021-01-08,IWM,-0.0008670637,-0.012450139,0.011583075,train,-0.036443863
2021-01-08,SPY,-0.0067636673,-0.02084982,0.014086153,train,-0.041420165
2021-01-08,TLT,-0.0016535593,-0.0023299756,0.0006764163,train,0.015474406
2021-01-11,EFA,0.004538833,0.076579526,0.07204069,train,-0.020608388
2021-01-11,IWM,0.017765475,-0.008141103,0.025906578,train,-0.012450139
2021-01-11,SPY,0.0002113141,0.008620665,0.008409351,train,-0.02084982
2021-01-11,TLT,-0.00079452834,0.014828141,0.015622669,train,-0.0023299756
2021-01-12,EFA,-0.0013329117,-0.017638642,0.01630573,train,0.076579526
2021-01-12,IWM,-0.007173101,0.039418485,0.046591587,train,-0.008141103
2021-01-12,SPY,0.0026893148,-0.01411464,0.016803954,train,0.008620665
2021-01-12,TLT,0.011198582,-0.038016893,0.049215473,train,0.014828141
2021-01-13,EFA,0.007970477,0.009918579,0.0019481014,train,-0.017638642
2021-01-13,IWM,0.019779092,0.055289317,0.035510227,train,0.039418485
2021-01-13,SPY,-0.003508233,0.010004365,0.013512598,train,-0.01411464
2021-01-13,TLT,-0.009411899,0.047371805,0.056783706,train,-0.038016893
2021-01-14,EFA,-0.015735807,0.0013545945,0.0170904,train,0.009918579
2021-01-14,IWM,-0.015023083,-0.01251855,0.0025045332,train,0.055289317
2021-01-14,SPY,-0.007319235,0.011326849,0.018646084,train,0.010004365
2021-01-14,TLT,0.003959751,-0.007905733,0.011865484,train,0.047371805
2021-01-15,EFA,0.0072318814,0.05816103,0.05092915,train,0.0013545945
2021-01-15,IWM,0.012730268,0.007068527,0.005661741,train,-0.01251855
2021-01-15,SPY,0.007821252,0.029035121,0.02121387,train,0.011326849
2021-01-15,TLT,0.003222371,0.027212355,0.023989985,train,-0.007905733
2021-01-19,EFA,0.006782223,-0.058987975,0.0657702,train,0.05816103
2021-01-19,IWM,0.0043940665,0.0078724,0.0034783334,train,0.007068527
2021-01-19,SPY,0.013743594,0.06337745,0.049633853,train,0.029035121
2021-01-19,TLT,0.000984671,0.025588233,0.024603562,train,0.027212355
2021-01-20,EFA,0.0007950734,-0.04662719,0.047422264,train,-0.058987975
2021-01-20,IWM,-0.008713614,-0.03149,0.022776388,train,0.0078724
2021-01-20,SPY,0.0009114018,0.021966692,0.02105529,train,0.06337745
2021-01-20,TLT,-0.007043366,0.038715642,0.045759007,train,0.025588233
2021-01-21,EFA,-0.004779001,-0.003765601,0.0010134003,train,-0.04662719
2021-01-21,IWM,0.011554722,0.010460419,0.0010943031,train,-0.03149
2021-01-21,SPY,-0.0035456577,0.039486468,0.043032125,train,0.021966692
2021-01-21,TLT,0.003231509,0.0017165847,0.0015149242,train,0.038715642
2021-01-22,EFA,-0.0011983275,-0.018023793,0.016825465,train,-0.003765601
2021-01-22,IWM,-0.0009771369,-0.004571978,0.003594841,train,0.010460419
2021-01-22,SPY,0.003936114,-0.00190081,0.0058369236,train,0.039486468
2021-01-22,TLT,0.011716967,0.011163247,0.00055372063,train,0.0017165847
2021-01-25,EFA,0.0014645198,0.07916825,0.07770373,train,-0.018023793
2021-01-25,IWM,-0.0069610723,-0.02641553,0.019454459,train,-0.004571978
2021-01-25,SPY,-0.0015623136,0.0002586923,0.001821006,train,-0.00190081
2021-01-25,TLT,-0.0018886949,0.0029720112,0.004860706,train,0.011163247
2021-01-26,EFA,-0.023147333,0.039119136,0.06226647,train,0.07916825
2021-01-26,IWM,-0.018501084,0.034424044,0.05292513,train,-0.02641553
2021-01-26,SPY,-0.024743913,0.091584876,0.11632879,train,0.0002586923
2021-01-26,TLT,0.0025390903,0.04246773,0.039928637,train,0.0029720112
2021-01-27,EFA,0.006378343,-0.08617315,0.09255149,train,0.039119136
2021-01-27,IWM,-0.0032048593,0.17298688,0.17619173,train,0.034424044
2021-01-27,SPY,0.0085631795,0.085402764,0.07683958,train,0.091584876
2021-01-27,TLT,-0.0055425386,-0.043582864,0.038040325,train,0.04246773
2021-01-28,EFA,-0.02091535,-0.011773008,0.009142342,train,-0.08617315
2021-01-28,IWM,-0.015255667,0.051809173,0.06706484,train,0.17298688
2021-01-28,SPY,-0.02022258,-0.024713455,0.0044908747,train,0.085402764
2021-01-28,TLT,-0.0060346858,0.03306266,0.039097346,train,-0.043582864
2021-01-29,EFA,0.011810184,-0.040753644,0.052563827,train,-0.011773008
2021-01-29,IWM,0.024270177,0.12598935,0.10171917,train,0.051809173
2021-01-29,SPY,0.01650848,0.0031769841,0.013331496,train,-0.024713455
2021-01-29,TLT,0.001158529,0.03127192,0.030113392,train,0.03306266
2021-02-01,EFA,0.010051596,-0.050968252,0.06101985,train,-0.040753644
2021-02-01,IWM,0.014143728,-0.08273723,0.09688096,train,0.12598935
2021-02-01,SPY,0.014041077,0.03280149,0.018760413,train,0.0031769841
2021-02-01,TLT,-0.0064684586,-0.020957425,0.014488967,train,0.03127192
2021-02-02,EFA,0.0024298774,-0.00026467745,0.0026945549,train,-0.050968252
2021-02-02,IWM,0.0029916607,0.0010359704,0.0019556903,train,-0.08273723
2021-02-02,SPY,0.0007861765,0.07271611,0.07192993,train,0.03280149
2021-02-02,TLT,-0.008912544,0.060847726,0.06976027,train,-0.020957425
2021-02-03,EFA,0.0010779799,-0.011015783,0.012093763,train,-0.00026467745
2021-02-03,IWM,0.020191327,-0.04272456,0.06291589,train,0.0010359704
2021-02-03,SPY,0.011301566,0.076464996,0.06516343,train,0.07271611
2021-02-03,TLT,-0.0026759424,0.04289822,0.045574162,train,0.060847726
2021-02-04,EFA,0.006176307,-0.034910418,0.041086726,train,-0.011015783
2021-02-04,IWM,0.013764622,-0.024553457,0.03831808,train,-0.04272456
2021-02-04,SPY,0.003928162,0.09105973,0.08713157,train,0.076464996
2021-02-04,TLT,-0.008408554,0.029943878,0.03835243,train,0.04289822
2021-02-05,EFA,0.0069361906,-0.037199605,0.044135794,train,-0.034910418
2021-02-05,IWM,0.025215162,0.05965725,0.03444209,train,-0.024553457
2021-02-05,SPY,0.007196122,0.04128028,0.03408416,train,0.09105973
2021-02-05,TLT,0.004381075,0.033031575,0.0286505,train,0.029943878
2021-02-08,EFA,0.0054351133,-0.013801589,0.019236702,train,-0.037199605
2021-02-08,IWM,0.0046962406,0.07802081,0.07332457,train,0.05965725
2021-02-08,SPY,-0.00066610816,-0.031692058,0.03102595,train,0.04128028
2021-02-08,TLT,0.0007393662,-0.0010766697,0.001816036,train,0.033031575
2021-02-09,EFA,-0.0034434018,-0.013151917,0.009708514,train,-0.013801589
2021-02-09,IWM,-0.0065898267,0.0584837,0.06507353,train,0.07802081
2021-02-09,SPY,-0.00043563044,-0.03576649,0.035330858,train,-0.031692058
2021-02-09,TLT,0.006631668,0.020715736,0.014084067,train,-0.0010766697
2021-02-10,EFA,0.0067431214,-0.013290147,0.020033268,train,-0.013151917
2021-02-10,IWM,-0.0011464527,0.011759919,0.012906372,train,0.0584837
2021-02-10,SPY,0.0016136218,0.005896193,0.0042825714,train,-0.03576649
2021-02-10,TLT,-0.0054896586,0.052729446,0.058219105,train,0.020715736
2021-02-11,EFA,0.00551913,-0.03027502,0.03579415,train,-0.013290147
2021-02-11,IWM,0.0028199404,0.047139432,0.04431949,train,0.011759919
2021-02-11,SPY,0.0049275537,-0.03030165,0.035229202,train,0.005896193
2021-02-11,TLT,-0.012496886,0.064531654,0.07702854,train,0.052729446
2021-02-12,EFA,0.00718161,-0.06726176,0.07444337,train,-0.03027502
2021-02-12,IWM,-0.0063122557,0.08675252,0.09306478,train,0.047139432
2021-02-12,SPY,-0.000866394,0.008945455,0.009811848,train,-0.03030165
2021-02-12,TLT,-0.015343987,0.03318664,0.048530627,train,0.064531654
2021-02-16,EFA,-0.005872031,-0.028554473,0.022682441,train,-0.06726176
2021-02-16,IWM,-0.007868515,-0.0018888034,0.005979712,train,0.08675252
2021-02-16,SPY,0.00022947881,0.0040789405,0.0038494617,train,0.008945455
2021-02-16,TLT,0.0063305898,-0.00209618,0.00842677,train,0.03318664
2021-02-17,EFA,-0.004985573,0.023843225,0.028828798,train,-0.028554473
2021-02-17,IWM,-0.015608086,0.032635868,0.048243955,train,-0.0018888034
2021-02-17,SPY,-0.0042650346,0.0065921815,0.010857216,train,0.0040789405
2021-02-17,TLT,-0.004055471,0.038013276,0.042068746,train,-0.00209618
2021-02-18,EFA,0.0028892593,0.026373103,0.023483844,train,0.023843225
2021-02-18,IWM,0.020638708,0.00021396647,0.020424742,train,0.032635868
2021-02-18,SPY,-0.0017674625,0.018418975,0.020186437,train,0.0065921815
2021-02-18,TLT,-0.013380873,0.02574079,0.03912166,train,0.038013276
2021-02-19,EFA,-0.0024949105,-0.019469026,0.016974116,train,0.026373103
2021-02-19,IWM,-0.006504627,0.021429408,0.027934035,train,0.00021396647
2021-02-19,SPY,-0.007721495,-0.007223456,0.0004980387,train,0.018418975
2021-02-19,TLT,-0.0076370547,0.018648421,0.026285477,train,0.02574079
2021-02-22,EFA,0.0009198157,0.010755424,0.009835608,train,-0.019469026
2021-02-22,IWM,-0.008844147,0.01140873,0.020252878,train,0.021429408
2021-02-22,SPY,0.001213603,0.023024712,0.021811109,train,-0.007223456
2021-02-22,TLT,-0.0028878236,0.0026492977,0.0055371216,train,0.018648421
2021-02-23,EFA,0.0031477127,0.016624343,0.01347663,train,0.010755424
2021-02-23,IWM,0.023354247,0.065271504,0.041917257,train,0.01140873
2021-02-23,SPY,0.0109591335,0.003385601,0.0075735324,train,0.023024712
2021-02-23,TLT,-0.0065817405,-0.016738303,0.010156563,train,0.0026492977
2021-02-24,EFA,-0.017168956,0.029055754,0.04622471,train,0.016624343
2021-02-24,IWM,-0.037660655,-0.0638352,0.026174549,train,0.065271504
2021-02-24,SPY,-0.024390979,-0.02795595,0.0035649706,train,0.003385601
2021-02-24,TLT,-0.016465858,0.005801065,0.022266923,train,-0.016738303
2021-02-25,EFA,-0.014220758,0.008155533,0.022376291,train,0.029055754
2021-02-25,IWM,-0.0013733426,0.021663528,0.023036871,train,-0.0638352
2021-02-25,SPY,-0.0051657953,-0.042013593,0.036847796,train,-0.02795595
2021-02-25,TLT,0.032525137,0.03756421,0.0050390735,train,0.005801065
2021-02-26,EFA,0.01860696,0.028095417,0.009488456,train,0.008155533
2021-02-26,IWM,0.034928817,0.03409804,0.000830777,train,0.021663528
2021-02-26,SPY,0.023951082,0.06422469,0.040273607,train,-0.042013593
2021-02-26,TLT,-0.013295969,-0.119397715,0.106101744,train,0.03756421
2021-03-01,EFA,-0.0010615889,-0.026251037,0.025189448,train,0.028095417
2021-03-01,IWM,-0.019429445,0.07960072,0.09903017,train,0.03409804
2021-03-01,SPY,-0.007833966,0.07320512,0.081039086,train,0.06422469
2021-03-01,TLT,7.092322e-05,0.06274516,0.06267424,train,-0.119397715
2021-03-02,EFA,-0.006125776,0.07677869,0.082904465,train,-0.026251037
2021-03-02,IWM,-0.0108833285,-0.026766403,0.015883073,train,0.07960072
2021-03-02,SPY,-0.013334368,0.03894495,0.052279316,train,0.07320512
2021-03-02,TLT,-0.010905027,0.03997143,0.050876457,train,0.06274516
2021-03-03,EFA,-0.009529686,0.04606768,0.055597365,train,0.07677869
2021-03-03,IWM,-0.028348386,-0.0443546,0.016006213,train,-0.026766403
2021-03-03,SPY,-0.012451837,0.0058656046,0.018317442,train,0.03894495
2021-03-03,TLT,-0.006470655,-0.029930923,0.023460269,train,0.03997143
2021-03-04,EFA,0.0064522503,-0.018825298,0.025277548,train,0.04606768
2021-03-04,IWM,0.020980434,-0.08591804,0.10689847,train,-0.0443546
2021-03-04,SPY,0.018229356,-0.022601988,0.040831342,train,0.0058656046
2021-03-04,TLT,0.0019457515,-0.011760495,0.013706246,train,-0.029930923
2021-03-05,EFA,-0.0034896652,-0.04411221,0.040622544,train,-0.018825298
2021-03-05,IWM,0.0047196825,-0.010310047,0.01502973,train,-0.08591804
2021-03-05,SPY,-0.004990817,0.043629702,0.04862052,train,-0.022601988
2021-03-05,TLT,-0.00780524,0.040786613,0.048591852,train,-0.011760495
2021-03-08,EFA,0.013356664,0.002289647,0.011067017,train,-0.04411221
2021-03-08,IWM,0.020811675,-0.04320339,0.06401507,train,-0.010310047
2021-03-08,SPY,0.014176223,-0.032156758,0.04633298,train,0.043629702
2021-03-08,TLT,0.0137626985,0.047562573,0.033799876,train,0.040786613
2021-03-09,EFA,0.004236685,-0.027284142,0.03152083,train,0.002289647
2021-03-09,IWM,0.017223354,0.039381392,0.022158038,train,-0.04320339
2021-03-09,SPY,0.006205409,0.02565593,0.019450523,train,-0.032156758
2021-03-09,TLT,0.002001584,-0.0041347947,0.0061363787,train,0.047562573
2021-03-10,EFA,0.0052707684,0.02102577,0.015755001,train,-0.027284142
2021-03-10,IWM,0.021766571,0.048541978,0.026775407,train,0.039381392
2021-03-10,SPY,0.010087968,-0.027954588,0.038042556,train,0.02565593
2021-03-10,TLT,-0.0072393892,0.022313885,0.029553276,train,-0.0041347947
2021-03-11,EFA,0.002493811,-0.005072224,0.007566035,train,0.02102577
2021-03-11,IWM,0.0058820387,0.0559574,0.05007536,train,0.048541978
2021-03-11,SPY,0.0013459843,-0.039013866,0.04035985,train,-0.027954588
2021-03-11,TLT,-0.021449603,0.039371934,0.060821537,train,0.022313885
2021-03-12,EFA,0.0007864256,-0.03733049,0.038116917,train,-0.005072224
2021-03-12,IWM,0.0035468538,0.08101248,0.07746562,train,0.0559574
2021-03-12,SPY,0.005945669,-0.006271879,0.012217548,train,-0.039013866
2021-03-12,TLT,0.0058621904,0.044784453,0.03892226,train,0.039371934
2021-03-15,EFA,0.0017015315,-0.045161296,0.046862826,train,-0.03733049
2021-03-15,IWM,-0.016863286,-0.018794745,0.0019314587,train,0.08101248
2021-03-15,SPY,-0.0012621103,-0.007778245,0.006516135,train,-0.006271879
2021-03-15,TLT,-0.0040265615,-0.0094427755,0.005416214,train,0.044784453
2021-03-16,EFA,0.0058672056,-0.028002862,0.033870067,train,-0.045161296
2021-03-16,IWM,0.007821631,0.027413037,0.019591406,train,-0.018794745
2021-03-16,SPY,0.0034042299,-0.012616611,0.016020842,train,-0.007778245
2021-03-16,TLT,-0.007511637,0.035568662,0.0430803,train,-0.0094427755
2021-03-17,EFA,-0.009141857,-0.07578878,0.066646926,train,-0.028002862
2021-03-17,IWM,-0.030905966,-0.052845623,0.021939658,train,0.027413037
2021-03-17,SPY,-0.014656589,-0.070920326,0.056263737,train,-0.012616611
2021-03-17,TLT,-0.010177155,0.061487008,0.07166416,train,0.035568662
2021-03-18,EFA,0.0027510163,-0.01915684,0.021907857,train,-0.07578878
2021-03-18,IWM,0.007519267,0.025434641,0.017915374,train,-0.052845623
2021-03-18,SPY,-0.0018520395,0.10126723,0.10311928,train,-0.070920326
2021-03-18,TLT,0.0061781527,0.026181567,0.020003416,train,0.061487008
2021-03-19,EFA,0.00091559807,-0.033595342,0.03451094,train,-0.01915684
2021-03-19,IWM,-0.0075637163,0.041569836,0.049133554,train,0.025434641
2021-03-19,SPY,0.007953483,0.0073533813,0.0006001014,train,0.10126723
2021-03-19,TLT,0.011143323,0.007585739,0.0035575842,train,0.026181567
2021-03-22,EFA,-0.013952953,0.014762172,0.028715124,train,-0.033595342
2021-03-22,IWM,-0.036948424,0.025578063,0.06252649,train,0.041569836
2021-03-22,SPY,-0.007902115,-0.06900078,0.061098665,train,0.0073533813
2021-03-22,TLT,0.008986795,0.027315242,0.018328447,train,0.007585739
2021-03-23,EFA,-0.005049839,0.022841275,0.027891114,train,0.014762172
2021-03-23,IWM,-0.023399005,0.011521399,0.034920402,train,0.025578063
2021-03-23,SPY,-0.005096329,0.04753339,0.052629717,train,-0.06900078
2021-03-23,TLT,0.0053676777,-0.0073417304,0.012709408,train,0.027315242
2021-03-24,EFA,0.0074330093,0.023836039,0.01640303,train,0.022841275
2021-03-24,IWM,0.023433316,0.0544723,0.031038985,train,0.011521399
2021-03-24,SPY,0.00560962,0.017307911,0.011698291,train,0.04753339
2021-03-24,TLT,-0.007916933,-0.016419742,0.008502809,train,-0.0073417304
2021-03-25,EFA,0.012876112,0.019281436,0.0064053237,train,0.023836039
2021-03-25,IWM,0.01806721,-0.018065281,0.036132492,train,0.0544723
2021-03-25,SPY,0.015986431,-0.026705958,0.04269239,train,0.017307911
2021-03-25,TLT,-0.003506384,-0.025439005,0.02193262,train,-0.016419742
2021-03-26,EFA,-0.0039241165,0.08477467,0.08869879,train,0.019281436
2021-03-26,IWM,-0.028553024,0.04160653,0.070159554,train,-0.018065281
2021-03-26,SPY,-0.0005052311,-0.057384584,0.056879353,train,-0.026705958
2021-03-26,TLT,-0.008524113,0.040225875,0.048749987,train,-0.025439005
2021-03-29,EFA,-0.0013113513,0.060162928,0.06147428,train,0.08477467
2021-03-29,IWM,0.016697457,-0.047392372,0.06408983,train,0.04160653
2021-03-29,SPY,-0.0026564526,0.022545993,0.025202446,train,-0.057384584
2021-03-29,TLT,0.0052266247,0.022677725,0.0174511,train,0.040225875
2021-03-30,EFA,-0.0043401704,0.04382244,0.048162613,train,0.060162928
2021-03-30,IWM,0.013350165,-0.06623876,0.07958893,train,-0.047392372
2021-03-30,SPY,0.0040452653,0.06414585,0.06010058,train,0.022545993
2021-03-30,TLT,-0.0055959392,0.08628951,0.09188545,train,0.022677725
2021-03-31,EFA,0.012964406,-0.029510435,0.04247484,train,0.04382244
2021-03-31,IWM,0.012593555,-0.07519626,0.08778981,train,-0.06623876
2021-03-31,SPY,0.010741426,0.016415406,0.0056739803,train,0.06414585
2021-03-31,TLT,0.01646104,0.033184905,0.016723864,train,0.08628951
2021-04-01,EFA,0.014466806,0.039582383,0.025115576,train,-0.029510435
2021-04-01,IWM,0.0054823672,-0.047135893,0.05261826,train,-0.07519626
2021-04-01,SPY,0.014250763,0.021841105,0.0075903423,train,0.016415406
2021-04-01,TLT,-0.00437257,-0.09284563,0.08847307,train,0.033184905
2021-04-05,EFA,-0.010700938,0.06196343,0.07266437,train,0.039582383
2021-04-05,IWM,-0.0029379835,-0.022372931,0.019434948,train,-0.047135893
2021-04-05,SPY,-0.0005906875,0.036431935,0.03702262,train,0.021841105
2021-04-05,TLT,0.0067696674,0.02307036,0.016300693,train,-0.09284563
2021-04-06,EFA,0.002071884,0.030260682,0.028188799,train,0.06196343
2021-04-06,IWM,-0.016270015,0.030049715,0.04631973,train,-0.022372931
2021-04-06,SPY,0.0011564224,0.0053566964,0.004200274,train,0.036431935
2021-04-06,TLT,-0.0069890115,0.019213986,0.026202997,train,0.02307036
2021-04-07,EFA,0.0056751585,0.015012437,0.009337278,train,0.030260682
2021-04-07,IWM,0.008437709,0.024828043,0.016390335,train,0.030049715
2021-04-07,SPY,0.0047356877,-0.0012055442,0.0059412317,train,0.0053566964
2021-04-07,TLT,0.008221509,0.071080975,0.06285947,train,0.019213986
2021-04-08,EFA,0.0030818845,-0.0018806618,0.0049625463,train,0.015012437
2021-04-08,IWM,0.00013476046,0.0045808824,0.004446122,train,0.024828043
2021-04-08,SPY,0.0072439765,0.0062671797,0.0009767967,train,-0.0012055442
2021-04-08,TLT,-0.003629595,0.0026226758,0.006252271,train,0.071080975
2021-04-09,EFA,-0.0055288323,0.02590841,0.031437244,train,-0.0018806618
2021-04-09,IWM,-0.0039161025,0.014798407,0.01871451,train,0.0045808824
2021-04-09,SPY,0.0003645218,-0.0042048125,0.0045693344,train,0.0062671797
2021-04-09,TLT,-0.00043616968,0.06866188,0.069098055,train,0.0026226758
2021-04-12,EFA,0.0057852184,0.017347243,0.011562024,train,0.02590841
2021-04-12,IWM,-0.0026194032,-0.007171265,0.0045518614,train,0.014798407
2021-04-12,SPY,0.0029592314,-0.0337806,0.036739834,train,-0.0042048125
2021-04-12,TLT,0.0074656177,0.08525748,0.07779186,train,0.06866188
2021-04-13,EFA,0.0007691062,-0.0052386736,0.00600778,train,0.017347243
2021-04-13,IWM,0.00980972,0.008293931,0.001515789,train,-0.007171265
2021-04-13,SPY,-0.0034210025,-0.04230834,0.03888734,train,-0.0337806
2021-04-13,TLT,-0.003182305,-0.04236447,0.039182164,train,0.08525748
2021-04-14,EFA,0.008291175,-0.023882113,0.032173287,train,-0.0052386736
2021-04-14,IWM,0.0043341587,-0.052654646,0.056988806,train,0.008293931
2021-04-14,SPY,0.010685327,0.012028811,0.0013434831,train,-0.04230834
2021-04-14,TLT,0.016595662,0.10226404,0.08566838,train,-0.04236447
2021-04-15,EFA,0.0072147576,-0.010555557,0.017770315,train,-0.023882113
2021-04-15,IWM,0.0016037625,0.009275948,0.007672185,train,-0.052654646
2021-04-15,SPY,0.0033367553,-0.028284308,0.03162106,train,0.012028811
2021-04-15,TLT,-0.007796539,0.014512611,0.02230915,train,0.10226404
2021-04-16,EFA,-0.0017669508,0.0055382764,0.007305227,train,-0.010555557
2021-04-16,IWM,-0.013083244,0.005838872,0.018922117,train,0.009275948
2021-04-16,SPY,-0.0049251835,-0.019449078,0.014523894,train,-0.028284308
2021-04-16,TLT,-0.0028762845,0.07870151,0.08157779,train,0.014512611
2021-04-19,EFA,-0.018103601,0.009252583,0.027356185,train,0.0055382764
2021-04-19,IWM,-0.02068784,0.062020537,0.08270837,train,0.005838872
2021-04-19,SPY,-0.007348567,-0.006494197,0.0008543697,train,-0.019449078
2021-04-19,TLT,0.0045976304,0.045703854,0.041106224,train,0.07870151
2021-04-20,EFA,0.010239261,-0.014020705,0.024259966,train,0.009252583
2021-04-20,IWM,0.024154685,0.013125814,0.011028872,train,0.062020537
2021-04-20,SPY,0.009417747,0.015147627,0.00572988,train,-0.006494197
2021-04-20,TLT,0.002005556,0.0806451,0.078639545,train,0.045703854
2021-04-21,EFA,-0.0033163563,0.0454418,0.048758157,train,-0.014020705
2021-04-21,IWM,-0.0041435165,-0.017953508,0.013809991,train,0.013125814
2021-04-21,SPY,-0.009175066,0.00091308425,0.01008815,train,0.015147627
2021-04-21,TLT,0.0043545365,0.014321675,0.009967138,train,0.0806451
2021-04-22,EFA,0.010169092,0.0037222772,0.006446814,train,0.0454418
2021-04-22,IWM,0.018688696,-0.015229558,0.033918254,train,-0.017953508
2021-04-22,SPY,0.010784062,-0.059795547,0.07057961,train,0.00091308425
2021-04-22,TLT,-0.0023531227,-0.0010339164,0.0013192063,train,0.014321675
2021-04-23,EFA,0.000758687,0.017558709,0.016800022,train,0.0037222772
2021-04-23,IWM,0.010355491,-0.034126278,0.04448177,train,-0.015229558
2021-04-23,SPY,0.0020853118,0.008447629,0.0063623176,train,-0.059795547
2021-04-23,TLT,-0.0014290536,0.06462927,0.06605832,train,-0.0010339164
2021-04-26,EFA,-0.0032911685,0.06309809,0.066389255,train,0.017558709
2021-04-26,IWM,0.0014895187,0.009499968,0.008010449,train,-0.034126278
2021-04-26,SPY,-0.00021553921,-0.015690964,0.015475425,train,0.008447629
2021-04-26,TLT,-0.008761595,0.072794825,0.08155642,train,0.06462927
2021-04-27,EFA,0.0025324817,0.03014927,0.027616788,train,0.06309809
2021-04-27,IWM,0.0017056611,0.03534225,0.03363659,train,0.009499968
2021-04-27,SPY,-0.00028717166,-0.052094873,0.0518077,train,-0.015690964
2021-04-27,TLT,0.0006486992,-0.037414767,0.038063467,train,0.072794825
2021-04-28,EFA,0.00037964078,0.02152476,0.02114512,train,0.03014927
2021-04-28,IWM,-0.0037212803,0.028438829,0.03216011,train,0.03534225
2021-04-28,SPY,0.006352254,-0.02463168,0.030983936,train,-0.052094873
2021-04-28,TLT,-0.002959261,0.009466314,0.0124255745,train,-0.037414767
2021-04-29,EFA,-0.012595065,-0.002638153,0.009956912,train,0.02152476
2021-04-29,IWM,-0.013690327,-0.0058157817,0.007874546,train,0.028438829
2021-04-29,SPY,-0.0065921084,0.031765085,0.038357195,train,-0.02463168
2021-04-29,TLT,0.0023105617,0.06403918,0.061728615,train,0.009466314
2021-04-30,EFA,0.010950041,-0.025827166,0.036777206,train,-0.002638153
2021-04-30,IWM,0.004879245,0.010658917,0.005779672,train,-0.0058157817
2021-04-30,SPY,0.0021543603,-0.06335982,0.06551418,train,0.031765085
2021-04-30,TLT,0.0005997822,0.029311175,0.028711392,train,0.06403918
2021-05-03,EFA,-0.014926551,0.019278456,0.034205005,train,-0.025827166
2021-05-03,IWM,-0.012019475,0.028706878,0.040726352,train,0.010658917
2021-05-03,SPY,-0.0061882567,0.008344066,0.014532323,train,-0.06335982
2021-05-03,TLT,0.0067628934,-0.010088055,0.016850948,train,0.029311175
2021-05-04,EFA,0.013532778,0.027752165,0.0142193865,train,0.019278456
2021-05-04,IWM,-0.0039936607,0.01609829,0.02009195,train,0.028706878
2021-05-04,SPY,0.00031277727,-0.07587447,0.076187246,train,0.008344066
2021-05-04,TLT,0.0016475084,-0.019927584,0.021575091,train,-0.010088055
2021-05-05,EFA,0.008208568,-0.03305985,0.04126842,train,0.027752165
2021-05-05,IWM,0.0008539111,0.00085397554,6.443588e-08,train,0.01609829
2021-05-05,SPY,0.00795383,-0.0028826997,0.01083653,train,-0.07587447
2021-05-05,TLT,0.0016453736,0.001960567,0.00031519332,train,-0.019927584
2021-05-06,EFA,0.011255904,0.03237572,0.021119814,train,-0.03305985
2021-05-06,IWM,0.01250064,-0.02294692,0.03544756,train,0.00085397554
2021-05-06,SPY,0.00725163,0.022576435,0.015324805,train,-0.0028826997
2021-05-06,TLT,-0.0049436227,0.017791804,0.022735426,train,0.001960567
2021-05-07,EFA,-0.0053619896,0.053826556,0.059188545,train,0.03237572
2021-05-07,IWM,-0.02575111,0.022921095,0.048672207,train,-0.02294692
2021-05-07,SPY,-0.00995181,-0.033700902,0.02374909,train,0.022576435
2021-05-07,TLT,-0.010178443,0.06552486,0.07570331,train,0.017791804
2021-05-10,EFA,-0.013215312,0.046344604,0.059559915,train,0.053826556
2021-05-10,IWM,-0.0031917917,0.059841294,0.06303309,train,0.022921095
2021-05-10,SPY,-0.00896483,-0.08239201,0.07342718,train,-0.033700902
2021-05-10,TLT,-0.005675556,0.044667963,0.05034352,train,0.06552486
2021-05-11,EFA,-0.01609237,0.0058836984,0.021976069,train,0.046344604
2021-05-11,IWM,-0.033010714,0.035845358,0.068856075,train,0.059841294
2021-05-11,SPY,-0.021474164,-0.04453293,0.023058765,train,-0.08239201
2021-05-11,TLT,-0.010563559,-0.008296016,0.0022675432,train,0.044667963
2021-05-12,EFA,0.007439728,-0.0011882905,0.008628018,train,0.0058836984
2021-05-12,IWM,0.018241951,0.01540755,0.002834401,train,0.035845358
2021-05-12,SPY,0.011941017,0.024234397,0.012293381,train,-0.04453293
2021-05-12,TLT,0.0015473274,-0.026020117,0.027567444,train,-0.008296016
2021-05-13,EFA,0.016602632,0.03449639,0.017893758,train,-0.0011882905
2021-05-13,IWM,0.024132833,0.032789815,0.008656982,train,0.01540755
2021-05-13,SPY,0.015238782,0.064969905,0.04973112,train,0.024234397
2021-05-13,TLT,0.009307779,-0.07585462,0.0851624,train,-0.026020117
2021-05-14,EFA,-0.0018870824,0.0790512,0.08093828,train,0.03449639
2021-05-14,IWM,0.001356312,0.014946886,0.013590574,train,0.032789815
2021-05-14,SPY,-0.002547957,0.09015818,0.09270614,train,0.064969905
2021-05-14,TLT,-0.0021179721,-0.009609274,0.0074913017,train,-0.07585462
2021-05-17,EFA,0.0021385215,0.06610299,0.06396447,train,0.0790512
2021-05-17,IWM,-0.007619799,-0.012311532,0.004691733,train,0.014946886
2021-05-17,SPY,-0.008652863,0.034186076,0.04283894,train,0.09015818
2021-05-17,TLT,-0.002561615,-0.00810553,0.0055439156,train,-0.009609274
2021-05-18,EFA,-0.00883527,0.035378207,0.044213478,train,0.06610299
2021-05-18,IWM,-0.0077241543,-0.030061875,0.02233772,train,-0.012311532
2021-05-18,SPY,-0.0026253895,0.024417885,0.027043274,train,0.034186076
2021-05-18,TLT,-0.0024215227,0.012066849,0.014488371,train,-0.00810553
2021-05-19,EFA,0.0130985305,-0.018082883,0.031181414,train,0.035378207
2021-05-19,IWM,0.0066309934,0.04600826,0.039377265,train,-0.030061875
2021-05-19,SPY,0.010700355,0.036535744,0.025835387,train,0.024417885
2021-05-19,TLT,0.008194799,0.06523381,0.057039015,train,0.012066849
2021-05-20,EFA,0.0013754112,0.009519528,0.008144116,train,-0.018082883
2021-05-20,IWM,0.0025947227,0.0070084156,0.004413693,train,0.04600826
2021-05-20,SPY,-0.0008189004,0.02039104,0.02120994,train,0.036535744
2021-05-20,TLT,0.0032011846,0.0426107,0.03940952,train,0.06523381
2021-05-21,EFA,0.0061042346,0.013530719,0.0074264845,train,0.009519528
2021-05-21,IWM,0.0064797415,-0.045141604,0.051621344,train,0.0070084156
2021-05-21,SPY,0.0101425825,0.00079233083,0.009350251,train,0.02039104
2021-05-21,TLT,0.0036977218,0.011914381,0.008216659,train,0.0426107
2021-05-24,EFA,0.00024833108,0.030439679,0.030191347,train,0.013530719
2021-05-24,IWM,-0.009712971,0.011771035,0.021484006,train,-0.045141604
2021-05-24,SPY,-0.0022211233,-0.0074811196,0.0052599963,train,0.00079233083
2021-05-24,TLT,0.009220596,0.022349816,0.013129219,train,0.011914381
2021-05-25,EFA,-0.0006211648,0.018343993,0.018965157,train,0.030439679
2021-05-25,IWM,0.018482009,0.041604016,0.023122007,train,0.011771035
2021-05-25,SPY,0.0019826707,0.02981637,0.0278337,train,-0.0074811196
2021-05-25,TLT,-0.001722655,-0.025494078,0.023771424,train,0.022349816
2021-05-26,EFA,0.0018618959,-0.004606533,0.0064684288,train,0.018343993
2021-05-26,IWM,0.010244962,-0.11186023,0.122105196,train,0.041604016
2021-05-26,SPY,0.00052472274,0.066532455,0.06600773,train,0.02981637
2021-05-26,TLT,-0.0040302468,-0.003112796,0.00091745076,train,-0.025494078
2021-05-27,EFA,0.0023534873,-0.039294716,0.0416482,train,-0.004606533
2021-05-27,IWM,-0.00066498475,-0.057600994,0.05693601,train,-0.11186023
2021-05-27,SPY,0.0017871207,0.10890535,0.107118234,train,0.066532455
2021-05-27,TLT,-0.001587819,-0.013216938,0.011629119,train,-0.003112796
2021-05-28,EFA,0.0035812363,-0.010548237,0.014129473,train,-0.039294716
2021-05-28,IWM,0.01128857,0.031175405,0.019886835,train,-0.057600994
2021-05-28,SPY,-0.00088120357,0.08086468,0.081745885,train,0.10890535
2021-05-28,TLT,-0.00022448141,0.003412631,0.0036371124,train,-0.013216938
2021-06-01,EFA,0.00332278,-0.024119705,0.027442485,train,-0.010548237
2021-06-01,IWM,0.0011831162,-0.02562946,0.026812578,train,0.031175405
2021-06-01,SPY,0.0015714054,0.058218285,0.05664688,train,0.08086468
2021-06-01,TLT,0.0023125967,-0.033085015,0.03539761,train,0.003412631
2021-06-02,EFA,-0.0049266974,0.008967814,0.013894511,train,-0.024119705
2021-06-02,IWM,-0.0084001245,0.027685191,0.036085315,train,-0.02562946
2021-06-02,SPY,-0.003718289,0.011196361,0.0149146505,train,0.058218285
2021-06-02,TLT,-0.003760795,-0.06484558,0.06108478,train,-0.033085015
2021-06-03,EFA,0.008483447,-0.021767374,0.030250821,train,0.008967814
2021-06-03,IWM,0.0043189605,0.016713992,0.012395032,train,0.027685191
2021-06-03,SPY,0.009104469,0.050528858,0.04142439,train,0.011196361
2021-06-03,TLT,0.01360222,-0.035295334,0.048897553,train,-0.06484558
2021-06-04,EFA,0.0033002542,0.01651121,0.013210955,train,-0.021767374
2021-06-04,IWM,0.013323309,0.06513854,0.051815234,train,0.016713992
2021-06-04,SPY,-0.0009707157,0.030525107,0.031495824,train,0.050528858
2021-06-04,TLT,-0.0030787827,-0.059924606,0.056845825,train,-0.035295334
2021-06-07,EFA,-0.00048817534,-0.04564281,0.045154635,train,0.01651121
2021-06-07,IWM,0.010532255,-0.03825931,0.048791565,train,0.06513854
2021-06-07,SPY,0.00021300092,0.068449944,0.06823695,train,0.030525107
2021-06-07,TLT,0.007002122,0.005660844,0.0013412777,train,-0.059924606
2021-06-08,EFA,-0.0026894507,0.0036653734,0.006354824,train,-0.04564281
2021-06-08,IWM,-0.006677692,-0.013775016,0.0070973244,train,-0.03825931
2021-06-08,SPY,-0.0014928875,0.08534826,0.08684115,train,0.068449944
2021-06-08,TLT,0.008789842,-0.03222232,0.04101216,train,0.005660844
2021-06-09,EFA,0.002750921,0.027601123,0.0248502,train,0.0036653734
2021-06-09,IWM,-0.007443573,0.0072294073,0.01467298,train,-0.013775016
2021-06-09,SPY,0.004637547,0.05444898,0.049811434,train,0.08534826
2021-06-09,TLT,0.0059814393,-0.05167107,0.057652507,train,-0.03222232
2021-06-10,EFA,0.0023482647,0.025322571,0.022974307,train,0.027601123
2021-06-10,IWM,0.010499574,0.025290925,0.014791351,train,0.0072294073
2021-06-10,SPY,0.0016509586,0.050116673,0.048465714,train,0.05444898
2021-06-10,TLT,-0.0016151029,0.019913178,0.021528281,train,-0.05167107
2021-06-11,EFA,0.0017268698,0.0049629034,0.0032360335,train,0.025322571
2021-06-11,IWM,-0.002939165,0.029904552,0.032843716,train,0.025290925
2021-06-11,SPY,0.002236663,0.022413258,0.020176595,train,0.050116673
2021-06-11,TLT,-0.007688996,-0.018211838,0.010522842,train,0.019913178
2021-06-14,EFA,0.0012318408,-0.033426475,0.034658317,train,0.0049629034
2021-06-14,IWM,-0.0028609878,0.02824767,0.031108657,train,0.029904552
2021-06-14,SPY,-0.0018359403,0.03874101,0.04057695,train,0.022413258
2021-06-14,TLT,-0.0012038826,0.01736485,0.018568734,train,-0.018211838
2021-06-15,EFA,-0.006173672,-0.018258799,0.012085127,train,-0.033426475
2021-06-15,IWM,-0.002129475,0.012398841,0.0145283155,train,0.02824767
2021-06-15,SPY,-0.0055989195,0.040747896,0.046346813,train,0.03874101
2021-06-15,TLT,-0.00085182796,-0.016885277,0.016033448,train,0.01736485
2021-06-16,EFA,-0.0069599827,0.022535563,0.029495545,train,-0.018258799
2021-06-16,IWM,-0.01128716,-0.0035106253,0.007776535,train,0.012398841
2021-06-16,SPY,-0.00033177098,0.04759171,0.04792348,train,0.040747896
2021-06-16,TLT,0.014861332,-0.01594276,0.030804092,train,-0.016885277
2021-06-17,EFA,-0.02092076,-0.031056419,0.010135658,train,0.022535563
2021-06-17,IWM,-0.022963718,-0.029088143,0.0061244257,train,-0.0035106253
2021-06-17,SPY,-0.013582245,0.012910724,0.026492968,train,0.04759171
2021-06-17,TLT,0.018631304,-0.023325797,0.041957103,train,-0.01594276
2021-06-18,EFA,0.01303245,0.041862253,0.028829802,train,-0.031056419
2021-06-18,IWM,0.02115819,0.0487254,0.02756721,train,-0.029088143
2021-06-18,SPY,0.0142145,0.006103427,0.008111073,train,0.012910724
2021-06-18,TLT,-0.016885502,-0.032285806,0.0154003035,train,-0.023325797
2021-06-21,EFA,0.0001256494,-0.10468007,0.104805715,train,0.041862253
2021-06-21,IWM,0.0045296466,-0.087431945,0.09196159,train,0.0487254
2021-06-21,SPY,0.0053319056,-0.080778606,0.08611051,train,0.006103427
2021-06-21,TLT,0.0024397823,0.050774064,0.048334282,train,-0.032285806
2021-06-22,EFA,-0.0064310036,0.031223344,0.037654348,train,-0.10468007
2021-06-22,IWM,0.0032854867,0.02123138,0.017945893,train,-0.087431945
2021-06-22,SPY,-0.0012059141,-0.015839925,0.014634011,train,-0.080778606
2021-06-22,TLT,-0.0025795884,-0.010813656,0.008234068,train,0.050774064
2021-06-23,EFA,0.009568441,0.022278868,0.012710427,train,0.031223344
2021-06-23,IWM,0.014026859,0.014431611,0.00040475186,train,0.02123138
2021-06-23,SPY,0.0058981893,0.041513037,0.035614848,train,-0.015839925
2021-06-23,TLT,0.0016049123,-0.012162679,0.013767591,train,-0.010813656
2021-06-24,EFA,0.0021277207,0.018007688,0.015879968,train,0.022278868
2021-06-24,IWM,0.0016805067,-0.04556855,0.047249056,train,0.014431611
2021-06-24,SPY,0.0035459646,0.02692964,0.023383675,train,0.041513037
2021-06-24,TLT,-0.0104376925,-0.04144442,0.031006727,train,-0.012162679
2021-06-25,EFA,-0.0063970136,0.039093755,0.045490768,train,0.018007688
2021-06-25,IWM,-0.007953046,0.041255414,0.049208462,train,-0.04556855
2021-06-25,SPY,0.0020136875,0.064435236,0.06242155,train,0.02692964
2021-06-25,TLT,0.010228531,0.07724856,0.06702003,train,-0.04144442
2021-06-28,EFA,0.00025175716,-0.049654905,0.049906664,train,0.039093755
2021-06-28,IWM,-0.0047849356,0.0771395,0.08192443,train,0.041255414
2021-06-28,SPY,0.0005380256,0.053566575,0.05302855,train,0.064435236
2021-06-28,TLT,0.0016716265,-0.02874272,0.030414347,train,0.07724856
2021-06-29,EFA,-0.0077035734,-0.0208695,0.013165926,train,-0.049654905
2021-06-29,IWM,0.00013086264,0.085512,0.085381135,train,0.0771395
2021-06-29,SPY,0.00084120984,0.027708814,0.026867604,train,0.053566575
2021-06-29,TLT,0.004443006,-0.036207374,0.04065038,train,-0.02874272
2021-06-30,EFA,0.002405652,-0.029398125,0.031803776,train,-0.0208695
2021-06-30,IWM,0.008768083,0.046938773,0.03817069,train,0.085512
2021-06-30,SPY,0.005521389,0.034020387,0.028498998,train,0.027708814
2021-06-30,TLT,5.5221924e-05,-0.035529945,0.03558517,train,-0.036207374
2021-07-01,EFA,0.0034089717,-0.012556433,0.015965404,train,-0.029398125
2021-07-01,IWM,-0.009553304,0.03451126,0.044064566,train,0.046938773
2021-07-01,SPY,0.0076144603,0.06486963,0.057255168,train,0.034020387
2021-07-01,TLT,0.006016901,-0.04154827,0.047565173,train,-0.035529945
2021-07-02,EFA,-0.006575595,-0.02809034,0.021514744,train,-0.012556433
2021-07-02,IWM,-0.014635811,0.02723692,0.041872732,train,0.03451126
2021-07-02,SPY,-0.00182303,0.06134072,0.06316375,train,0.06486963
2021-07-02,TLT,0.011653037,-0.0019335349,0.013586571,train,-0.04154827
2021-07-06,EFA,0.005440488,-0.035371933,0.04081242,train,-0.02809034
2021-07-06,IWM,-0.009341477,0.07200213,0.081343606,train,0.02723692
2021-07-06,SPY,0.0035276962,0.021390215,0.017862517,train,0.06134072
2021-07-06,TLT,0.008820001,0.031248264,0.022428263,train,-0.0019335349
2021-07-07,EFA,-0.012953988,-0.08089152,0.06793753,train,-0.035371933
2021-07-07,IWM,-0.009248942,0.056565695,0.06581464,train,0.07200213
2021-07-07,SPY,-0.008181263,0.0072995806,0.015480843,train,0.021390215
2021-07-07,TLT,0.003909924,-0.006871621,0.010781545,train,0.031248264
2021-07-08,EFA,0.016858144,0.018858526,0.0020003822,train,-0.08089152
2021-07-08,IWM,0.020890037,0.03531915,0.014429113,train,0.056565695
2021-07-08,SPY,0.010618173,0.017355602,0.0067374296,train,0.0072995806
2021-07-08,TLT,-0.014162616,0.0036955818,0.017858198,train,-0.006871621
2021-07-09,EFA,0.0042644734,0.040098157,0.035833683,train,0.018858526
2021-07-09,IWM,0.0008387889,0.024968859,0.02413007,train,0.03531915
2021-07-09,SPY,0.0035756421,-0.031722825,0.035298467,train,0.017355602
2021-07-09,TLT,-0.0012973628,0.010685264,0.011982627,train,0.0036955818
2021-07-12,EFA,-0.0052702217,-0.020948514,0.015678292,train,0.040098157
2021-07-12,IWM,-0.019026099,0.039103087,0.058129184,train,0.024968859
2021-07-12,SPY,-0.0034150179,0.047198646,0.050613664,train,-0.031722825
2021-07-12,TLT,-0.0076825693,-0.035527695,0.027845126,train,0.010685264
2021-07-13,EFA,0.0022620368,-0.0059427097,0.008204747,train,-0.020948514
2021-07-13,IWM,-0.015549826,-0.017179942,0.0016301153,train,0.039103087
2021-07-13,SPY,0.0014912897,0.00056127715,0.00093001255,train,0.047198646
2021-07-13,TLT,0.011297659,-0.04484548,0.05614314,train,-0.035527695
2021-07-14,EFA,-0.009586432,0.040949967,0.050536398,train,-0.0059427097
2021-07-14,IWM,-0.005681508,0.021762922,0.02744443,train,-0.017179942
2021-07-14,SPY,-0.0034214556,0.01985429,0.023275746,train,0.00056127715
2021-07-14,TLT,0.01096998,-0.008387226,0.019357204,train,-0.04484548
2021-07-15,EFA,-0.007378214,-0.024111586,0.01673337,train,0.040949967
2021-07-15,IWM,-0.012391056,0.0048189024,0.017209958,train,0.021762922
2021-07-15,SPY,-0.007874617,-0.00077240844,0.007102209,train,0.01985429
2021-07-15,TLT,-0.0018875711,-0.016720057,0.0148324855,train,-0.008387226
2021-07-16,EFA,-0.01829735,0.024838017,0.043135367,train,-0.024111586
2021-07-16,IWM,-0.015093586,0.02667091,0.041764498,train,0.0048189024
2021-07-16,SPY,-0.01487797,-0.020194974,0.0053170035,train,-0.00077240844
2021-07-16,TLT,0.021691384,-0.024961088,0.046652474,train,-0.016720057
2021-07-19,EFA,0.0072558853,-0.011912703,0.019168587,train,0.024838017
2021-07-19,IWM,0.030558435,0.05736515,0.026806714,train,0.02667091
2021-07-19,SPY,0.014228683,0.043341834,0.029113151,train,-0.020194974
2021-07-19,TLT,-0.009686128,0.11733923,0.12702537,train,-0.024961088
2021-07-20,EFA,0.015118783,-0.0014635308,0.016582314,train,-0.011912703
2021-07-20,IWM,0.017077342,0.021486735,0.0044093933,train,0.05736515
2021-07-20,SPY,0.008063596,0.029707558,0.021643963,train,0.043341834
2021-07-20,TLT,-0.012747678,-0.008726808,0.0040208697,train,0.11733923
2021-07-21,EFA,0.00038137322,-0.001302724,0.0016840972,train,-0.0014635308
2021-07-21,IWM,-0.016024353,0.025968704,0.04199306,train,0.021486735
2021-07-21,SPY,0.0020920243,-0.008141092,0.010233116,train,0.029707558
2021-07-21,TLT,0.009408602,-0.04798592,0.05739452,train,-0.008726808
2021-07-22,EFA,0.0069671506,0.06977773,0.06281058,train,-0.001302724
2021-07-22,IWM,0.004656725,-0.03376419,0.038420916,train,0.025968704
2021-07-22,SPY,0.010235371,-0.018894073,0.029129444,train,-0.008141092
2021-07-22,TLT,-0.0067113675,0.020433431,0.027144799,train,-0.04798592
2021-07-23,EFA,0.0013873581,0.03521119,0.033823833,train,0.06977773
2021-07-23,IWM,0.0029107989,0.05879618,0.05588538,train,-0.03376419
2021-07-23,SPY,0.002451958,0.11766838,0.11521643,train,-0.018894073
2021-07-23,TLT,-0.0029675507,-0.0024294613,0.0005380893,train,0.020433431
2021-07-26,EFA,-0.004041783,-0.030281264,0.02623948,train,0.03521119
2021-07-26,IWM,-0.011740303,0.021023016,0.032763317,train,0.05879618
2021-07-26,SPY,-0.0045678597,0.003021565,0.007589425,train,0.11766838
2021-07-26,TLT,0.010615065,-0.016766071,0.027381137,train,-0.0024294613
2021-07-27,EFA,0.0042939843,-0.046386767,0.050680753,train,-0.030281264
2021-07-27,IWM,0.014597616,0.029360022,0.014762406,train,0.021023016
2021-07-27,SPY,-0.0004101735,0.08448498,0.08489516,train,0.003021565
2021-07-27,TLT,6.660433e-05,-0.024229042,0.024295647,train,-0.016766071
2021-07-28,EFA,0.006907429,-0.0037118357,0.010619265,train,-0.046386767
2021-07-28,IWM,0.007669002,0.01607237,0.008403368,train,0.029360022
2021-07-28,SPY,0.0041387044,0.030151166,0.026012462,train,0.08448498
2021-07-28,TLT,-0.0055615813,-0.03727834,0.031716757,train,-0.024229042
2021-07-29,EFA,-0.0051445724,-0.00045503606,0.004689536,train,-0.0037118357
2021-07-29,IWM,-0.0066282423,-0.002126421,0.0045018215,train,0.01607237
2021-07-29,SPY,-0.004868301,0.03486495,0.039733253,train,0.030151166
2021-07-29,TLT,0.004692696,-0.022758555,0.02745125,train,-0.03727834
2021-07-30,EFA,0.0050193476,-0.03831752,0.04333687,train,-0.00045503606
2021-07-30,IWM,-0.0049886303,0.060227934,0.06521656,train,-0.002126421
2021-07-30,SPY,-0.0021000963,0.057021294,0.05912139,train,0.03486495
2021-07-30,TLT,0.008879721,-0.03055704,0.03943676,train,-0.022758555
2021-08-02,EFA,0.0071095126,-0.0059294375,0.01303895,train,-0.03831752
2021-08-02,IWM,0.0041288864,-0.034821313,0.038950197,train,0.060227934
2021-08-02,SPY,0.008102414,0.0081880735,8.5659325e-05,train,0.057021294
2021-08-02,TLT,0.0005310248,0.04791713,0.047386106,train,-0.03055704
2021-08-03,EFA,-0.0029873264,0.0037343435,0.00672167,train,-0.0059294375
2021-08-03,IWM,-0.012529571,0.01525686,0.02778643,train,-0.034821313
2021-08-03,SPY,-0.0049309847,0.06459353,0.06952452,train,0.0081880735
2021-08-03,TLT,0.0020542073,-0.027500667,0.029554874,train,0.04791713
2021-08-04,EFA,0.004849897,-0.020897537,0.025747435,train,0.0037343435
2021-08-04,IWM,0.017813118,0.057915207,0.040102087,train,0.01525686
2021-08-04,SPY,0.0063128434,0.032850157,0.026537314,train,0.06459353
2021-08-04,TLT,-0.0051100957,-0.041308742,0.036198646,train,-0.027500667
2021-08-05,EFA,-0.0037286177,0.02122961,0.024958227,train,-0.020897537
2021-08-05,IWM,0.006106512,0.042489048,0.036382537,train,0.057915207
2021-08-05,SPY,0.0016511335,0.040970813,0.03931968,train,0.032850157
2021-08-05,TLT,-0.016842006,0.03698468,0.053826682,train,-0.041308742
2021-08-06,EFA,-0.00049821567,-0.0029254996,0.002427284,train,0.02122961
2021-08-06,IWM,-0.005521389,-0.03164685,0.026125463,train,0.042489048
2021-08-06,SPY,-0.0008139129,0.03299168,0.033805594,train,0.040970813
2021-08-06,TLT,-0.003593062,0.04232555,0.04591861,train,0.03698468
2021-08-09,EFA,0.0022400185,0.024022182,0.021782164,train,-0.0029254996
2021-08-09,IWM,0.0019786954,0.03599534,0.034016646,train,-0.03164685
2021-08-09,SPY,0.0012429991,0.049832672,0.048589673,train,0.03299168
2021-08-09,TLT,-0.004628592,-0.02714509,0.022516496,train,0.04232555
2021-08-10,EFA,0.006813087,-0.0172408,0.024053887,train,0.024022182
2021-08-10,IWM,0.004884783,0.026345022,0.021460239,train,0.03599534
2021-08-10,SPY,0.0024820315,0.04801258,0.04553055,train,0.049832672
2021-08-10,TLT,-0.0006150432,0.0008035095,0.0014185527,train,-0.02714509
2021-08-11,EFA,-0.0008644459,-0.019885221,0.019020775,train,-0.0172408
2021-08-11,IWM,-0.0023722316,-0.008305329,0.0059330976,train,0.026345022
2021-08-11,SPY,0.002992351,0.04955295,0.0465606,train,0.04801258
2021-08-11,TLT,-0.001639572,0.023620633,0.025260206,train,0.0008035095
2021-08-12,EFA,0.006036351,0.0019319027,0.0041044485,train,-0.019885221
2021-08-12,IWM,-0.009138185,0.1110021,0.120140284,train,-0.008305329
2021-08-12,SPY,0.0018182031,0.042485442,0.04066724,train,0.04955295
2021-08-12,TLT,0.015672993,0.009578726,0.0060942667,train,0.023620633
2021-08-13,EFA,-0.005171905,-0.0073817326,0.0022098278,train,0.0019319027
2021-08-13,IWM,-0.009359311,0.10499932,0.114358634,train,0.1110021
2021-08-13,SPY,0.0023517567,0.041928995,0.03957724,train,0.042485442
2021-08-13,TLT,0.0024200482,-0.0809045,0.083324544,train,0.009578726
2021-08-16,EFA,-0.009426766,-0.016564969,0.007138203,train,-0.0073817326
2021-08-16,IWM,-0.012263068,0.07165024,0.083913304,train,0.10499932
2021-08-16,SPY,-0.006576758,0.061248206,0.06782496,train,0.041928995
2021-08-16,TLT,-0.00040244637,0.0005438186,0.00094626495,train,-0.0809045
2021-08-17,EFA,-0.0038710048,0.026751716,0.03062272,train,-0.016564969
2021-08-17,IWM,-0.008772233,0.009889884,0.018662117,train,0.07165024
2021-08-17,SPY,-0.011005131,0.0003426883,0.011347819,train,0.061248206
2021-08-17,TLT,0.0033530144,0.04036488,0.037011866,train,0.0005438186
2021-08-18,EFA,-0.009932638,-0.022690963,0.012758325,train,0.026751716
2021-08-18,IWM,-0.012052979,0.018657532,0.03071051,train,0.009889884
2021-08-18,SPY,0.0015470436,-0.02047737,0.022024414,train,0.0003426883
2021-08-18,TLT,0.007338407,0.014953819,0.007615412,train,0.04036488
2021-08-19,EFA,0.003909238,-0.014438522,0.01834776,train,-0.022690963
2021-08-19,IWM,0.016750623,0.03698129,0.020230666,train,0.018657532
2021-08-19,SPY,0.0079256175,-0.01422649,0.022152107,train,-0.02047737
2021-08-19,TLT,0.0006646481,-0.07020104,0.07086569,train,0.014953819
2021-08-20,EFA,0.009271217,-0.056985807,0.06625702,train,-0.014438522
2021-08-20,IWM,0.018844845,0.03859284,0.019747997,train,0.03698129
2021-08-20,SPY,0.008758285,-0.027832221,0.036590505,train,-0.01422649
2021-08-20,TLT,-0.0006646481,-0.00621068,0.005546032,train,-0.07020104
2021-08-23,EFA,0.0021174294,0.006354955,0.0042375256,train,-0.056985807
2021-08-23,IWM,0.009787291,0.05313817,0.04335088,train,0.03859284
2021-08-23,SPY,0.0015858943,-0.016228955,0.017814849,train,-0.027832221
2021-08-23,TLT,-0.007807186,-0.011763721,0.003956535,train,-0.00621068
2021-08-24,EFA,0.00037343064,0.009145019,0.008771588,train,0.006354955
2021-08-24,IWM,0.003510793,-0.022606347,0.02611714,train,0.05313817
2021-08-24,SPY,0.0020961266,0.014744763,0.0126486365,train,-0.016228955
2021-08-24,TLT,-0.008341263,-0.00027521444,0.008066049,train,-0.011763721
2021-08-25,EFA,-0.005238343,-0.019414451,0.014176108,train,0.009145019
2021-08-25,IWM,-0.010660487,-0.016395394,0.0057349065,train,-0.022606347
2021-08-25,SPY,-0.005920597,0.058245353,0.06416595,train,0.014744763
2021-08-25,TLT,0.0027655861,0.019313,0.016547414,train,-0.00027521444
2021-08-26,EFA,0.009087022,0.033758346,0.024671324,train,-0.019414451
2021-08-26,IWM,0.027811235,0.0011023048,0.02670893,train,-0.016395394
2021-08-26,SPY,0.0089012375,0.020055842,0.011154604,train,0.058245353
2021-08-26,TLT,0.006780963,-0.018775498,0.025556462,train,0.019313
2021-08-27,EFA,-0.00024776396,0.02105861,0.021306373,train,0.033758346
2021-08-27,IWM,-0.0041161124,-0.018129047,0.014012935,train,0.0011023048
2021-08-27,SPY,0.004387866,0.079311565,0.0749237,train,0.020055842
2021-08-27,TLT,0.0026064904,-0.031380784,0.033987273,train,-0.018775498
2021-08-30,EFA,-0.0004960392,-0.025143582,0.024647543,train,0.02105861
2021-08-30,IWM,0.0019495174,-0.044665076,0.046614595,train,-0.018129047
2021-08-30,SPY,-0.0014826849,0.018513625,0.01999631,train,0.079311565
2021-08-30,TLT,-0.006830675,-0.02452631,0.017695634,train,-0.031380784
2021-08-31,EFA,0.00901197,0.010629668,0.001617698,train,-0.025143582
2021-08-31,IWM,0.0067055514,0.053455915,0.046750363,train,-0.044665076
2021-08-31,SPY,0.0005314002,0.061626706,0.061095305,train,0.018513625
2021-08-31,TLT,0.0016737184,0.019513933,0.017840214,train,-0.02452631
2021-09-01,EFA,0.0040472527,-0.02251105,0.026558302,train,0.010629668
2021-09-01,IWM,0.0069228876,0.016205331,0.009282444,train,0.053455915
2021-09-01,SPY,0.003071835,0.014455237,0.011383402,train,0.061626706
2021-09-01,TLT,0.0043560034,0.027151234,0.02279523,train,0.019513933
2021-09-02,EFA,0.0045185746,-0.023692809,0.028211383,train,-0.02251105
2021-09-02,IWM,-0.004639227,-0.05127834,0.046639115,train,0.016205331
2021-09-02,SPY,-0.00024284208,0.04044659,0.04068943,train,0.014455237
2021-09-02,TLT,-0.009135596,-0.008155274,0.0009803222,train,0.027151234
2021-09-03,EFA,0.0007307407,-0.027468197,0.028198937,train,-0.023692809
2021-09-03,IWM,-0.006910903,-0.002410467,0.0045004357,train,-0.05127834
2021-09-03,SPY,-0.0035817374,0.05959625,0.06317799,train,0.04044659
2021-09-03,TLT,-0.008471887,0.01656954,0.025041427,train,-0.008155274
2021-09-07,EFA,-0.007945735,-0.022383278,0.014437543,train,-0.027468197
2021-09-07,IWM,-0.010970447,-0.013656906,0.0026864586,train,-0.002410467
2021-09-07,SPY,-0.0012190983,0.01723511,0.018454207,train,0.05959625
2021-09-07,TLT,0.006782989,0.010863009,0.00408002,train,0.01656954
2021-09-08,EFA,-0.0017198736,-0.06278897,0.061069097,train,-0.022383278
2021-09-08,IWM,-0.0004912839,-0.05897289,0.058481608,train,-0.013656906
2021-09-08,SPY,-0.0042894734,0.02388385,0.028173324,train,0.01723511
2021-09-08,TLT,0.012028,-0.018716585,0.030744586,train,0.010863009
2021-09-09,EFA,-0.0022152655,0.03529738,0.037512645,train,-0.06278897
2021-09-09,IWM,-0.0098334355,-0.0017748971,0.008058539,train,-0.05897289
2021-09-09,SPY,-0.007915704,0.0061714556,0.014087159,train,0.02388385
2021-09-09,TLT,-0.008855699,-0.07751331,0.06865761,train,-0.018716585
2021-09-10,EFA,0.007854639,-0.020166066,0.028020704,train,0.03529738
2021-09-10,IWM,0.005669552,-0.06917938,0.07484893,train,-0.0017748971
2021-09-10,SPY,0.0025559862,0.04181412,0.039258134,train,0.0061714556
2021-09-10,TLT,0.0060457373,0.002923318,0.0031224194,train,-0.07751331
2021-09-13,EFA,-0.0041649994,0.043464992,0.04762999,train,-0.020166066
2021-09-13,IWM,-0.012824355,0.04487959,0.057703942,train,-0.06917938
2021-09-13,SPY,-0.0054112673,-0.052810874,0.047399607,train,0.04181412
2021-09-13,TLT,0.012050948,-0.030702595,0.042753544,train,0.002923318
2021-09-14,EFA,0.0029419195,0.060628828,0.05768691,train,0.043464992
2021-09-14,IWM,0.009003363,0.0073661814,0.0016371813,train,0.04487959
2021-09-14,SPY,0.008317953,-0.020303812,0.028621765,train,-0.052810874
2021-09-14,TLT,-0.0035136438,-0.029148322,0.025634678,train,-0.030702595
2021-09-15,EFA,-0.0015924698,0.022082072,0.023674542,train,0.060628828
2021-09-15,IWM,0.00072028744,0.0533197,0.05259941,train,0.0073661814
2021-09-15,SPY,-0.0015865038,0.028039228,0.029625732,train,-0.020303812
2021-09-15,TLT,-0.004593154,0.0132707255,0.017863879,train,-0.029148322
2021-09-16,EFA,-0.013204448,0.053685322,0.06688977,train,0.022082072
2021-09-16,IWM,0.0013043409,0.04189406,0.04058972,train,0.0533197
2021-09-16,SPY,-0.009788819,-0.0013923973,0.008396422,train,0.028039228
2021-09-16,TLT,-0.004814756,-0.0012387892,0.003575967,train,0.0132707255
2021-09-17,EFA,-0.01868263,0.015280397,0.03396303,train,0.053685322
2021-09-17,IWM,-0.02406459,-0.011953573,0.012111017,train,0.04189406
2021-09-17,SPY,-0.01681472,0.013277751,0.03009247,train,-0.0013923973
2021-09-17,TLT,0.012325576,0.020918865,0.008593289,train,-0.0012387892
2021-09-20,EFA,0.0098237395,0.044182055,0.034358315,train,0.015280397
2021-09-20,IWM,0.0015180697,0.011263858,0.009745788,train,-0.011953573
2021-09-20,SPY,-0.0009452224,-0.03569104,0.03474582,train,0.013277751
2021-09-20,TLT,-0.0008610394,-0.084851585,0.083990544,train,0.020918865
2021-09-21,EFA,0.0050008516,-0.013667836,0.018668687,train,0.044182055
2021-09-21,IWM,0.015419254,0.05386984,0.038450584,train,0.011263858
2021-09-21,SPY,0.009707621,0.009085153,0.00062246807,train,-0.03569104
2021-09-21,TLT,0.005946384,-0.03928979,0.045236174,train,-0.084851585
2021-09-22,EFA,0.010790452,0.022377092,0.01158664,train,-0.013667836
2021-09-22,IWM,0.017545579,0.04604831,0.02850273,train,0.05386984
2021-09-22,SPY,0.012076798,0.11545174,0.10337494,train,0.009085153
2021-09-22,TLT,-0.02285587,0.047900274,0.070756145,train,-0.03928979
2021-09-23,EFA,-0.009419864,0.058011,0.06743086,train,0.022377092
2021-09-23,IWM,-0.0048347283,-0.03710494,0.032270208,train,0.04604831
2021-09-23,SPY,0.0016459202,0.015356057,0.013710137,train,0.11545174
2021-09-23,TLT,-0.009821238,-0.0057276683,0.0040935697,train,0.047900274
2021-09-24,EFA,-0.00062283117,0.006060404,0.006683235,train,0.058011
2021-09-24,IWM,0.015084104,-0.0383736,0.053457703,train,-0.03710494
2021-09-24,SPY,-0.0028649704,-0.022287369,0.019422399,train,0.015356057
2021-09-24,TLT,-0.0036831105,-0.01428721,0.010604099,train,-0.0057276683
2021-09-27,EFA,-0.022048263,-0.005339887,0.016708376,train,0.006060404
2021-09-27,IWM,-0.023005988,0.0015269823,0.02453297,train,-0.0383736
2021-09-27,SPY,-0.020357756,-0.0661287,0.045770943,train,-0.022287369
2021-09-27,TLT,-0.015699122,-0.026287254,0.010588132,train,-0.01428721
2021-09-28,EFA,-0.002295502,-0.046195243,0.04389974,train,-0.005339887
2021-09-28,IWM,-0.002126036,-0.047946874,0.04582084,train,0.0015269823
2021-09-28,SPY,0.0016817151,-0.0758622,0.077543914,train,-0.0661287
2021-09-28,TLT,0.0017330667,-0.0013419988,0.0030750656,train,-0.026287254
2021-09-29,EFA,-0.003966203,0.020737745,0.024703948,train,-0.046195243
2021-09-29,IWM,-0.009418582,0.040188465,0.049607046,train,-0.047946874
2021-09-29,SPY,-0.012297511,0.01722903,0.029526541,train,-0.0758622
2021-09-29,TLT,-0.00013801726,-0.022562014,0.022423998,train,-0.0013419988
2021-09-30,EFA,0.0024326735,0.0075833835,0.00515071,train,0.020737745
2021-09-30,IWM,0.016008416,-0.005975105,0.021983521,train,0.040188465
2021-09-30,SPY,0.011814125,0.055308823,0.043494698,train,0.01722903
2021-09-30,TLT,0.008380353,-5.1510753e-05,0.008431864,train,-0.022562014
2021-10-01,EFA,-0.010541191,0.0056158807,0.016157072,train,0.0075833835
2021-10-01,IWM,-0.009129271,0.04782207,0.05695134,train,-0.005975105
2021-10-01,SPY,-0.012980024,0.060010303,0.07299033,train,0.055308823
2021-10-01,TLT,-0.0025491195,-0.006708103,0.004158984,train,-5.1510753e-05
2021-10-04,EFA,0.0068259784,0.014315137,0.0074891583,train,0.0056158807
2021-10-04,IWM,0.0034445939,-0.034377445,0.037822038,train,0.04782207
2021-10-04,SPY,0.010351192,0.054204475,0.043853283,train,0.060010303
2021-10-04,TLT,-0.009703286,-0.014878607,0.0051753214,train,-0.006708103
2021-10-05,EFA,-0.006696578,0.034981947,0.041678526,train,0.014315137
2021-10-05,IWM,-0.0052165925,0.003162027,0.008378619,train,-0.034377445
2021-10-05,SPY,0.0041476004,-0.009637891,0.013785492,train,0.054204475
2021-10-05,TLT,0.0056254873,0.018505028,0.01287954,train,-0.014878607
2021-10-06,EFA,0.0077229217,0.0054527754,0.0022701463,train,0.034981947
2021-10-06,IWM,0.015300387,0.033718776,0.01841839,train,0.003162027
2021-10-06,SPY,0.008608393,0.0642532,0.05564481,train,-0.009637891
2021-10-06,TLT,-0.010512886,0.012443579,0.022956464,train,0.018505028
2021-10-07,EFA,-0.00012806624,0.051124133,0.0512522,train,0.0054527754
2021-10-07,IWM,-0.0075532966,0.0265367,0.034089997,train,0.033718776
2021-10-07,SPY,-0.0018254826,-0.07064767,0.06882219,train,0.0642532
2021-10-07,TLT,-0.0070230877,0.03970156,0.046724647,train,0.012443579
2021-10-08,EFA,-0.0032112957,-0.029864784,0.02665349,train,0.051124133
2021-10-08,IWM,-0.005748058,0.013128431,0.01887649,train,0.0265367
2021-10-08,SPY,-0.0072659454,0.024223113,0.03148906,train,-0.07064767
2021-10-08,TLT,-0.0025409393,-0.015612421,0.013071481,train,0.03970156
2021-10-11,EFA,0.00051449175,0.027819533,0.02730504,train,-0.029864784
2021-10-11,IWM,0.005477276,0.008970201,0.0034929249,train,0.013128431
2021-10-11,SPY,-0.002464597,0.019511439,0.021976035,train,0.024223113
2021-10-11,TLT,0.016955584,0.03135494,0.014399357,train,-0.015612421
2021-10-12,EFA,0.009852442,-0.043636594,0.053489037,train,0.027819533
2021-10-12,IWM,0.004728824,0.0073009627,0.0025721388,train,0.008970201
2021-10-12,SPY,0.003591142,0.015714321,0.01212318,train,0.019511439
2021-10-12,TLT,0.009679502,0.048424494,0.038744994,train,0.03135494
2021-10-13,EFA,0.009882125,-0.0118545955,0.02173672,train,-0.043636594
2021-10-13,IWM,0.014717884,0.0008201001,0.013897784,train,0.0073009627
2021-10-13,SPY,0.016680686,0.00014171074,0.016538976,train,0.015714321
2021-10-13,TLT,0.003708242,0.053008083,0.04929984,train,0.048424494
2021-10-14,EFA,0.008286218,-0.026005939,0.034292158,train,-0.0118545955
2021-10-14,IWM,-0.0031482913,-0.039711423,0.036563132,train,0.0008201001
2021-10-14,SPY,0.0075870063,-0.001942321,0.009529327,train,0.00014171074
2021-10-14,TLT,-0.0058435323,0.024134066,0.029977597,train,0.053008083
2021-10-15,EFA,-0.004260199,0.0011273443,0.0053875437,train,-0.026005939
2021-10-15,IWM,-0.00057758635,-0.021051297,0.020473711,train,-0.039711423
2021-10-15,SPY,0.0029562514,-0.010030045,0.012986297,train,-0.001942321
2021-10-15,TLT,0.0046772496,0.063098714,0.058421463,train,0.024134066
2021-10-18,EFA,0.0060092923,-0.00944052,0.015449813,train,0.0011273443
2021-10-18,IWM,0.0037258775,0.053405683,0.049679805,train,-0.021051297
2021-10-18,SPY,0.0076852744,-0.038712848,0.046398122,train,-0.010030045
2021-10-18,TLT,-0.013890327,-0.054382842,0.040492516,train,0.063098714
2021-10-19,EFA,0.0034883786,-0.03817113,0.04165951,train,-0.00944052
2021-10-19,IWM,0.0066191964,0.07147969,0.06486049,train,0.053405683
2021-10-19,SPY,0.0039199353,-0.0659986,0.069918536,train,-0.038712848
2021-10-19,TLT,-0.0067725857,0.04097345,0.047746036,train,-0.054382842
2021-10-20,EFA,-0.0047376696,-0.04312154,0.03838387,train,-0.03817113
2021-10-20,IWM,0.0025474774,-0.004559896,0.0071073733,train,0.07147969
2021-10-20,SPY,0.0026049223,-0.07531196,0.07791688,train,-0.0659986
2021-10-20,TLT,-0.0011921615,0.004234923,0.0054270844,train,0.04097345
2021-10-21,EFA,0.005980732,-0.022467531,0.028448263,train,-0.04312154
2021-10-21,IWM,-0.0023717103,0.02529208,0.02766379,train,-0.004559896
2021-10-21,SPY,-0.0010366391,-0.03445353,0.03341689,train,-0.07531196
2021-10-21,TLT,0.010953011,-0.007882869,0.01883588,train,0.004234923
2021-10-22,EFA,-0.0019895327,-0.039716017,0.037726484,train,-0.022467531
2021-10-22,IWM,0.009453347,0.045823667,0.036370322,train,0.02529208
2021-10-22,SPY,0.005348182,0.030706909,0.025358727,train,-0.03445353
2021-10-22,TLT,-0.0015281007,-0.00053524994,0.0009928507,train,-0.007882869
2021-10-25,EFA,0.0019895327,-0.010400757,0.012390289,train,-0.039716017
2021-10-25,IWM,-0.0075642606,-0.10622159,0.098657325,train,0.045823667
2021-10-25,SPY,0.00089968997,-0.0028719485,0.0037716385,train,0.030706909
2021-10-25,TLT,0.008235489,0.0002815954,0.007953893,train,-0.00053524994
2021-10-26,EFA,-0.0039830315,-0.003017559,0.00096547254,train,-0.010400757
2021-10-26,IWM,-0.018561274,0.014965137,0.03352641,train,-0.10622159
2021-10-26,SPY,-0.004440021,0.034837294,0.039277315,train,-0.0028719485
2021-10-26,TLT,0.018030211,0.013201878,0.004828333,train,0.0002815954
2021-10-27,EFA,0.009680973,-0.058579903,0.06826088,train,-0.003017559
2021-10-27,IWM,0.019745488,0.016110715,0.0036347732,train,0.014965137
2021-10-27,SPY,0.009602622,0.0065638656,0.0030387565,train,0.034837294
2021-10-27,TLT,-0.003389691,-0.023360012,0.01997032,train,0.013201878
2021-10-28,EFA,-0.005822015,0.0564834,0.062305413,train,-0.058579903
2021-10-28,IWM,-0.000262959,-0.0071601747,0.0068972157,train,0.016110715
2021-10-28,SPY,0.0020271465,0.07802946,0.076002315,train,0.0065638656
2021-10-28,TLT,0.0030519601,0.046588726,0.043536767,train,-0.023360012
2021-10-29,EFA,0.009643867,-0.050704885,0.060348753,train,0.0564834
2021-10-29,IWM,0.025585286,-0.017181223,0.04276651,train,-0.0071601747
2021-10-29,SPY,0.001718646,-0.006798501,0.008517147,train,0.07802946
2021-10-29,TLT,-0.0072263363,-0.014330524,0.0071041877,train,0.046588726
2021-11-01,EFA,-0.002093912,0.08385256,0.08594647,train,-0.050704885
2021-11-01,IWM,0.002092163,-0.054284256,0.05637642,train,-0.017181223
2021-11-01,SPY,0.0040349397,0.060436938,0.056401998,train,-0.006798501
2021-11-01,TLT,0.004428595,0.07997628,0.07554769,train,-0.014330524
2021-11-02,EFA,0.00810487,0.03597731,0.027872441,train,0.08385256
2021-11-02,IWM,0.017713705,-0.020299323,0.038013026,train,-0.054284256
2021-11-02,SPY,0.00608663,0.042536978,0.03645035,train,0.060436938
2021-11-02,TLT,-0.010386993,-0.0073354794,0.0030515138,train,0.07997628
2021-11-03,EFA,-0.0006113832,0.052716326,0.05332771,train,0.03597731
2021-11-03,IWM,-0.00037705537,0.071249895,0.071626954,train,-0.020299323
2021-11-03,SPY,0.004701492,0.025570225,0.020868734,train,0.042536978
2021-11-03,TLT,0.010455197,0.025485277,0.01503008,train,-0.0073354794
2021-11-04,EFA,0.0014674872,-0.016188692,0.01765618,train,0.052716326
2021-11-04,IWM,0.01357323,-0.055026624,0.06859986,train,0.071249895
2021-11-04,SPY,0.003463715,-0.008892025,0.01235574,train,0.025570225
2021-11-04,TLT,0.014845019,0.017952174,0.0031071547,train,0.025485277
2021-11-05,EFA,-0.00012227106,0.026753396,0.026875667,train,-0.016188692
2021-11-05,IWM,0.003096885,0.06832601,0.065229125,train,-0.055026624
2021-11-05,SPY,0.0008533042,-0.038887653,0.039740957,train,-0.008892025
2021-11-05,TLT,-0.0018770575,-0.015864976,0.013987918,train,0.017952174
2021-11-08,EFA,-0.002202255,-0.001541625,0.00066062994,train,0.026753396
2021-11-08,IWM,-0.0058299927,-0.024187837,0.018357843,train,0.06832601
2021-11-08,SPY,-0.0033107735,-0.021978684,0.01866791,train,-0.038887653
2021-11-08,TLT,0.012934161,0.0056136223,0.007320539,train,-0.015864976
2021-11-09,EFA,-0.012200574,-0.060017083,0.047816508,train,-0.001541625
2021-11-09,IWM,-0.015883198,-0.038958434,0.023075236,train,-0.024187837
2021-11-09,SPY,-0.008077483,0.0021409958,0.010218479,train,-0.021978684
2021-11-09,TLT,-0.018451888,-0.008861385,0.009590503,train,0.0056136223
2021-11-10,EFA,0.0035892185,-0.025640149,0.029229367,train,-0.060017083
2021-11-10,IWM,0.008014913,-0.025640626,0.03365554,train,-0.038958434
2021-11-10,SPY,0.0003234113,-0.015824605,0.016148016,train,0.0021409958
2021-11-10,TLT,-0.0014858891,-0.0066644894,0.0051786005,train,-0.008861385
2021-11-11,EFA,0.005421314,-0.019958619,0.025379933,train,-0.025640149
2021-11-11,IWM,0.0010024533,0.07229336,0.07129091,train,-0.025640626
2021-11-11,SPY,0.007518524,-0.054191444,0.061709967,train,-0.015824605
2021-11-11,TLT,-0.0044021416,-0.0814324,0.077030264,train,-0.0066644894
2021-11-12,EFA,-0.0018446071,0.018297125,0.020141732,train,-0.019958619
2021-11-12,IWM,-0.0039742906,0.10476294,0.10873723,train,0.07229336
2021-11-12,SPY,0.00034242656,0.05985704,0.059514616,train,-0.054191444
2021-11-12,TLT,-0.012636143,-0.023082238,0.010446095,train,-0.0814324
2021-11-15,EFA,-0.0022183764,0.032222193,0.03444057,train,0.018297125
2021-11-15,IWM,0.0018427063,0.023842225,0.02199952,train,0.10476294
2021-11-15,SPY,0.0039499565,-0.013461004,0.01741096,train,0.05985704
2021-11-15,TLT,-0.0025467107,-0.039483417,0.036936708,train,-0.023082238
2021-11-16,EFA,-0.0012346215,0.0491581,0.05039272,train,0.032222193
2021-11-16,IWM,-0.013183255,0.042635616,0.05581887,train,0.023842225
2021-11-16,SPY,-0.002432167,-0.026672056,0.024239888,train,-0.013461004
2021-11-16,TLT,0.00789395,-0.0009824422,0.008876392,train,-0.039483417
2021-11-17,EFA,0.0009877105,-0.032131806,0.03311952,train,0.0491581
2021-11-17,IWM,-0.0042488757,-0.06612374,0.061874863,train,0.042635616
2021-11-17,SPY,0.0033907394,-0.03788125,0.041271992,train,-0.026672056
2021-11-17,TLT,0.003753329,-0.0028990575,0.0066523864,train,-0.0009824422
2021-11-18,EFA,-0.008551926,-0.023544326,0.0149924,train,-0.032131806
2021-11-18,IWM,-0.0091535915,-0.019099599,0.009946007,train,-0.06612374
2021-11-18,SPY,-0.0017897659,-0.050815914,0.049026147,train,-0.03788125
2021-11-18,TLT,0.01050266,-0.018698301,0.02920096,train,-0.0028990575
2021-11-19,EFA,-0.0058671865,0.016128432,0.021995619,train,-0.023544326
2021-11-19,IWM,-0.0042632604,0.043113094,0.047376353,train,-0.019099599
2021-11-19,SPY,-0.0028193137,-0.019335207,0.016515892,train,-0.050815914
2021-11-19,TLT,-0.01179782,0.016146852,0.027944673,train,-0.018698301
2021-11-22,EFA,-0.001002173,-0.008665255,0.0076630823,train,0.016128432
2021-11-22,IWM,-0.0017274256,0.039804175,0.0415316,train,0.043113094
2021-11-22,SPY,0.0013249762,-0.04960749,0.050932467,train,-0.019335207
2021-11-22,TLT,-0.014564632,0.036825635,0.051390268,train,0.016146852
2021-11-23,EFA,-0.006664608,0.015301437,0.021966046,train,-0.008665255
2021-11-23,IWM,0.0010803126,0.0993476,0.09826729,train,0.039804175
2021-11-23,SPY,0.002666491,-0.045766108,0.0484326,train,-0.04960749
2021-11-23,TLT,0.015928004,-0.0061380016,0.022066005,train,0.036825635
2021-11-24,EFA,-0.027241278,-0.07663125,0.04938997,train,0.015301437
2021-11-24,IWM,-0.03842666,0.0046887966,0.043115456,train,0.0993476
2021-11-24,SPY,-0.022555592,-0.059520323,0.03696473,train,-0.045766108
2021-11-24,TLT,0.024954686,0.031249724,0.0062950384,train,-0.0061380016
2021-11-26,EFA,0.005043706,-0.009794065,0.014837771,train,-0.07663125
2021-11-26,IWM,-0.00062838505,-0.05758186,0.056953475,train,0.0046887966
2021-11-26,SPY,0.012192117,-0.07585338,0.08804549,train,-0.059520323
2021-11-26,TLT,-0.008070128,-0.034427214,0.026357086,train,0.031249724
2021-11-29,EFA,-0.008810785,0.025173737,0.03398452,train,-0.009794065
2021-11-29,IWM,-0.020595964,0.030587686,0.05118365,train,-0.05758186
2021-11-29,SPY,-0.019649537,0.029269982,0.04891952,train,-0.07585338
2021-11-29,TLT,0.015087352,0.0074656988,0.0076216534,train,-0.034427214
2021-11-30,EFA,-0.0057424316,-0.018779552,0.01303712,train,0.025173737
2021-11-30,IWM,-0.022762615,0.0267952,0.049557813,train,0.030587686
2021-11-30,SPY,-0.01116949,-0.05378178,0.042612292,train,0.029269982
2021-11-30,TLT,0.0061500533,-0.0567982,0.06294826,train,0.0074656988
2021-12-01,EFA,0.012357787,-0.01265405,0.025011837,train,-0.018779552
2021-12-01,IWM,0.027518129,0.058619782,0.031101653,train,0.0267952
2021-12-01,SPY,0.015200286,0.09195688,0.0767566,train,-0.05378178
2021-12-01,TLT,0.0012463256,0.021771487,0.020525161,train,-0.0567982
2021-12-02,EFA,-0.0041458006,-0.010703278,0.006557477,train,-0.01265405
2021-12-02,IWM,-0.020741811,0.06669152,0.08743333,train,0.058619782
2021-12-02,SPY,-0.00873938,0.10426612,0.113005504,train,0.09195688
2021-12-02,TLT,0.011861415,0.06947149,0.05761008,train,0.021771487
2021-12-03,EFA,0.009560985,-0.0069552613,0.016516246,train,-0.010703278
2021-12-03,IWM,0.019874742,0.03404912,0.014174378,train,0.06669152
2021-12-03,SPY,0.011773727,0.052757304,0.040983576,train,0.10426612
2021-12-03,TLT,-0.013830069,-0.023957953,0.010127883,train,0.06947149
2021-12-06,EFA,0.02086845,0.025301367,0.0044329166,train,-0.0069552613
2021-12-06,IWM,0.022929352,0.047522876,0.024593525,train,0.03404912
2021-12-06,SPY,0.020473737,0.06755838,0.04708464,train,0.052757304
2021-12-06,TLT,-0.0081126,-0.061894882,0.053782284,train,-0.023957953
2021-12-07,EFA,0.0018871757,0.038960766,0.03707359,train,0.025301367
2021-12-07,IWM,0.0068040756,-0.05082668,0.057630755,train,0.047522876
2021-12-07,SPY,0.0026446031,0.06122041,0.05857581,train,0.06755838
2021-12-07,TLT,-0.017436234,-0.017539363,0.000103129074,train,-0.061894882
2021-12-08,EFA,-0.008330144,-0.039692275,0.03136213,train,0.038960766
2021-12-08,IWM,-0.02290799,-0.04587554,0.022967549,train,-0.05082668
2021-12-08,SPY,-0.006774612,0.01205534,0.018829953,train,0.06122041
2021-12-08,TLT,0.0055784676,0.0013586998,0.0042197676,train,-0.017539363
2021-12-09,EFA,0.0021521235,0.016824432,0.014672308,train,-0.039692275
2021-12-09,IWM,-0.0027701438,-0.08786659,0.08509645,train,-0.04587554
2021-12-09,SPY,0.00936953,0.039994176,0.030624647,train,0.01205534
2021-12-09,TLT,-0.0024158016,-0.026467469,0.024051666,train,0.0013586998
2021-12-10,EFA,-0.009411357,-0.011629951,0.0022185938,train,0.016824432
2021-12-10,IWM,-0.0147215985,-0.009686994,0.005034604,train,-0.08786659
2021-12-10,SPY,-0.008897769,0.0850576,0.09395537,train,0.039994176
2021-12-10,TLT,0.014671287,-0.0037826572,0.018453944,train,-0.026467469
2021-12-13,EFA,-0.0053392868,0.014584319,0.019923605,train,-0.011629951
2021-12-13,IWM,-0.008646927,-0.06819422,0.05954729,train,-0.009686994
2021-12-13,SPY,-0.00690388,0.029227924,0.036131803,train,0.0850576
2021-12-13,TLT,-0.0023864578,-0.017870558,0.0154841,train,-0.0037826572
2021-12-14,EFA,0.013489094,-0.016900105,0.030389199,train,0.014584319
2021-12-14,IWM,0.015750032,0.031371824,0.0156217925,train,-0.06819422
2021-12-14,SPY,0.015504217,0.01855966,0.003055444,train,0.029227924
2021-12-14,TLT,-0.009668251,-0.02750947,0.01784122,train,-0.017870558
2021-12-15,EFA,0.00012857535,0.062379885,0.06225131,train,-0.016900105
2021-12-15,IWM,-0.020429894,-0.014781729,0.005648165,train,0.031371824
2021-12-15,SPY,-0.008857532,-0.006057027,0.0028005056,train,0.01855966
2021-12-15,TLT,0.0003888529,-0.026668,0.027056852,train,-0.02750947
2021-12-16,EFA,-0.012704198,0.028530395,0.041234594,train,0.062379885
2021-12-16,IWM,0.009152132,0.015269863,0.0061177313,train,-0.014781729
2021-12-16,SPY,-0.010699962,0.017413026,0.028112989,train,-0.006057027
2021-12-16,TLT,0.011267902,-0.0005564664,0.0118243685,train,-0.026668
2021-12-17,EFA,-0.0022201054,0.048649754,0.05086986,train,0.028530395
2021-12-17,IWM,-0.014136983,0.017893882,0.032030866,train,0.015269863
2021-12-17,SPY,-0.010690528,0.004908708,0.015599236,train,0.017413026
2021-12-17,TLT,-0.007520549,0.019026317,0.026546866,train,-0.0005564664
2021-12-20,EFA,0.01105257,-0.042646974,0.053699546,train,0.048649754
2021-12-20,IWM,0.02816818,-0.018189378,0.046357557,train,0.017893882
2021-12-20,SPY,0.017603261,0.0045510205,0.013052241,train,0.004908708
2021-12-20,TLT,-0.0038146435,0.0027854738,0.0066001173,train,0.019026317
2021-12-21,EFA,0.009267652,-0.018387046,0.027654698,train,-0.042646974
2021-12-21,IWM,0.0095793875,0.045210052,0.035630666,train,-0.018189378
2021-12-21,SPY,0.00994912,0.009149761,0.0007993588,train,0.0045510205
2021-12-21,TLT,0.0046159253,0.008327786,0.0037118606,train,0.0027854738
2021-12-22,EFA,0.0058764736,0.047038022,0.04116155,train,-0.018387046
2021-12-22,IWM,0.007957874,0.047359876,0.039402,train,0.045210052
2021-12-22,SPY,0.006202722,0.030972231,0.02476951,train,0.009149761
2021-12-22,TLT,-0.008714464,0.03201967,0.040734135,train,0.008327786
2021-12-23,EFA,0.007739515,0.06084813,0.053108618,train,0.047038022
2021-12-23,IWM,0.00932428,0.078961045,0.06963676,train,0.047359876
2021-12-23,SPY,0.014053034,0.0052803652,0.008772668,train,0.030972231
2021-12-23,TLT,0.0024213374,-0.008911728,0.011333065,train,0.03201967
2021-12-27,EFA,0.0003792394,0.016262107,0.015882866,train,0.06084813
2021-12-27,IWM,-0.0061316593,0.032459643,0.038591303,train,0.078961045
2021-12-27,SPY,-0.00081760716,-0.019750182,0.018932573,train,0.0052803652
2021-12-27,TLT,-0.0039715073,-0.024419015,0.020447508,train,-0.008911728
2021-12-28,EFA,-0.0003792394,0.034847323,0.03522656,train,0.016262107
2021-12-28,IWM,0.001076915,0.11054903,0.10947212,train,0.032459643
2021-12-28,SPY,0.001278324,0.0015127852,0.00023446116,train,-0.019750182
2021-12-28,TLT,-0.010984403,-0.006615364,0.004369039,train,-0.024419015
2021-12-29,EFA,-0.0026250922,0.034610767,0.03723586,train,0.034847323
2021-12-29,IWM,-0.00026912004,0.07407853,0.07434765,train,0.11054903
2021-12-29,SPY,-0.0027682357,-0.011120695,0.0083524585,train,0.0015127852
2021-12-29,TLT,0.008351736,0.005311569,0.0030401666,train,-0.006615364
2021-12-30,EFA,-0.0008893511,-0.00024189358,0.00064745755,train,0.034610767
2021-12-30,IWM,-0.002155427,0.08665036,0.08880578,train,0.07407853
2021-12-30,SPY,-0.0025234057,-0.021783706,0.0192603,train,-0.011120695
2021-12-30,TLT,0.0019584438,-0.00959449,0.011552934,train,0.005311569
2021-12-31,EFA,0.0064611463,0.0036544397,0.0028067066,train,-0.00024189358
2021-12-31,IWM,0.012819191,0.07908516,0.06626596,train,0.08665036
2021-12-31,SPY,0.0057733525,-0.044730905,0.05050426,train,-0.021783706
2021-12-31,TLT,-0.026600927,-0.044391643,0.017790716,train,-0.00959449
2022-01-03,EFA,0.005666319,0.015191515,0.009525197,train,0.0036544397
2022-01-03,IWM,-0.001510204,-0.05216716,0.050656956,train,0.07908516
2022-01-03,SPY,-0.00033496422,-0.043340582,0.04300562,train,-0.044730905
2022-01-03,TLT,-0.0041665463,-0.012146289,0.007979743,train,-0.044391643
2022-01-04,EFA,-0.008828312,-0.038536165,0.029707853,train,0.015191515
2022-01-04,IWM,-0.0344566,0.0973386,0.1317952,train,-0.05216716
2022-01-04,SPY,-0.019388912,-0.029892553,0.01050364,train,-0.043340582
2022-01-04,TLT,-0.0054430645,0.022537183,0.027980248,train,-0.012146289
2022-01-05,EFA,-0.0050799022,0.012297408,0.01737731,train,-0.038536165
2022-01-05,IWM,0.0056887725,0.021481726,0.015792955,train,0.0973386
2022-01-05,SPY,-0.0009399744,0.046896197,0.04783617,train,-0.029892553
2022-01-05,TLT,0.0025859463,-0.015899938,0.018485883,train,0.022537183
2022-01-06,EFA,0.0029240085,-0.014496497,0.017420506,train,0.012297408
2022-01-06,IWM,-0.011641199,0.0068101147,0.018451314,train,0.021481726
2022-01-06,SPY,-0.003961307,-0.008381187,0.00441988,train,0.046896197
2022-01-06,TLT,-0.007214234,-0.009118066,0.001903832,train,-0.015899938
2022-01-07,EFA,-0.009310503,0.04578645,0.055096954,train,-0.014496497
2022-01-07,IWM,-0.0034771233,0.04768944,0.051166564,train,0.0068101147
2022-01-07,SPY,-0.0012451272,-0.0050432123,0.0037980853,train,-0.008381187
2022-01-07,TLT,0.00245726,-0.04563418,0.04809144,train,-0.009118066
2022-01-10,EFA,0.010832927,-0.01088241,0.021715337,train,0.04578645
2022-01-10,IWM,0.010579247,0.022650875,0.012071628,train,0.04768944
2022-01-10,SPY,0.00906702,0.0022335357,0.0068334844,train,-0.0050432123
2022-01-10,TLT,0.006639428,0.0016865439,0.0049528843,train,-0.04563418
2022-01-11,EFA,0.009713069,0.06392258,0.054209508,train,-0.01088241
2022-01-11,IWM,-0.0074721393,-0.002301005,0.005171134,train,0.022650875
2022-01-11,SPY,0.002699933,0.00032480224,0.0023751308,train,0.0022335357
2022-01-11,TLT,-0.0038388758,0.029340155,0.03317903,train,0.0016865439
2022-01-12,EFA,-0.0073076477,0.07244272,0.07975037,train,0.06392258
2022-01-12,IWM,-0.009209678,0.026320785,0.035530463,train,-0.002301005
2022-01-12,SPY,-0.013874462,-0.0055042524,0.0083702095,train,0.00032480224
2022-01-12,TLT,0.008841722,0.01770049,0.008858767,train,0.029340155
2022-01-13,EFA,-0.0010122532,0.014531442,0.015543696,train,0.07244272
2022-01-13,IWM,0.0014008172,0.021534825,0.020134008,train,0.026320785
2022-01-13,SPY,0.00040884735,-0.029346343,0.02975519,train,-0.0055042524
2022-01-13,TLT,-0.015225116,-0.023242198,0.008017082,train,0.01770049
2022-01-14,EFA,-0.014792445,-0.013745594,0.0010468513,train,0.014531442
2022-01-14,IWM,-0.030703064,-0.0033406105,0.027362453,train,0.021534825
2022-01-14,SPY,-0.017868271,0.016603656,0.03447193,train,-0.029346343
2022-01-14,TLT,-0.014174381,-0.0009999736,0.013174407,train,-0.023242198
2022-01-18,EFA,-0.00089953124,0.017139856,0.018039387,train,-0.013745594
2022-01-18,IWM,-0.016397005,0.015394943,0.031791948,train,-0.0033406105
2022-01-18,SPY,-0.010437758,-0.027162727,0.01672497,train,0.016603656
2022-01-18,TLT,0.0068998868,-0.011482011,0.018381897,train,-0.0009999736
2022-01-19,EFA,-0.004898087,0.030847665,0.03574575,train,0.017139856
2022-01-19,IWM,-0.018263083,0.023488805,0.041751888,train,0.015394943
2022-01-19,SPY,-0.011129672,0.045398284,0.056527957,train,-0.027162727
2022-01-19,TLT,0.006147831,0.01088767,0.004739839,train,-0.011482011
2022-01-20,EFA,-0.013660768,0.02281469,0.036475457,train,0.030847665
2022-01-20,IWM,-0.01890739,0.031731606,0.050638996,train,0.023488805
2022-01-20,SPY,-0.019825837,0.09101552,0.110841356,train,0.045398284
2022-01-20,TLT,0.011836107,-0.017140687,0.028976794,train,0.01088767
2022-01-21,EFA,-0.010005161,0.023117794,0.033122957,train,0.02281469
2022-01-21,IWM,0.022785245,0.07331683,0.05053158,train,0.031731606
2022-01-21,SPY,0.004237604,0.061891068,0.057653464,train,0.09101552
2022-01-21,TLT,-0.008249171,0.026376158,0.03462533,train,-0.017140687
2022-01-24,EFA,-0.006104995,0.025608802,0.0317138,train,0.023117794
2022-01-24,IWM,-0.013437655,0.04822728,0.061664935,train,0.07331683
2022-01-24,SPY,-0.012284134,0.11565855,0.12794268,train,0.061891068
2022-01-24,TLT,-0.0016155315,0.027417526,0.029033057,train,0.026376158
2022-01-25,EFA,-0.0038679398,-0.0056951316,0.0018271918,train,0.025608802
2022-01-25,IWM,-0.014538902,0.021430988,0.03596989,train,0.04822728
2022-01-25,SPY,-0.0025119176,0.119338945,0.12185086,train,0.11565855
2022-01-25,TLT,-0.012168216,0.032561276,0.044729494,train,0.027417526
2022-01-26,EFA,-0.0046881316,-0.0065982034,0.0019100718,train,-0.0056951316
2022-01-26,IWM,-0.022969233,0.039474424,0.06244366,train,0.021430988
2022-01-26,SPY,-0.0049501467,0.052700218,0.057650365,train,0.119338945
2022-01-26,TLT,0.01819672,-0.025449809,0.04364653,train,0.032561276
2022-01-27,EFA,0.0033509065,0.00997948,0.0066285734,train,-0.0065982034
2022-01-27,IWM,0.019288333,0.042513456,0.023225123,train,0.039474424
2022-01-27,SPY,0.024531975,0.04926667,0.024734695,train,0.052700218
2022-01-27,TLT,0.0003491461,-0.001545503,0.0018946491,train,-0.025449809
2022-01-28,EFA,0.014480338,0.0154416645,0.00096132606,train,0.00997948
2022-01-28,IWM,0.030217662,-0.0015500144,0.031767678,train,0.042513456
2022-01-28,SPY,0.017850718,0.019133713,0.0012829956,train,0.04926667
2022-01-28,TLT,-0.00518347,-0.028666347,0.023482878,train,-0.001545503
2022-01-31,EFA,0.009451468,0.014877741,0.0054262737,train,0.0154416645
2022-01-31,IWM,0.010479364,-0.0051945383,0.015673902,train,-0.0015500144
2022-01-31,SPY,0.0067342888,-0.042221427,0.048955716,train,0.019133713
2022-01-31,TLT,-0.00332477,0.008986609,0.0123113785,train,-0.028666347
2022-02-01,EFA,0.007419411,0.10484114,0.097421736,train,0.014877741
2022-02-01,IWM,-0.009982836,-0.024198696,0.01421586,train,-0.0051945383
2022-02-01,SPY,0.0096671535,-0.039614845,0.049282,train,-0.042221427
2022-02-01,TLT,0.00338089,0.019921979,0.01654109,train,0.008986609
2022-02-02,EFA,-0.015947882,0.01228777,0.028235652,train,0.10484114
2022-02-02,IWM,-0.0191045,0.008440194,0.027544692,train,-0.024198696
2022-02-02,SPY,-0.023785638,0.017438915,0.041224554,train,-0.039614845
2022-02-02,TLT,-0.007836297,0.036444955,0.04428125,train,0.019921979
2022-02-03,EFA,0.002369013,-0.014905808,0.017274821,train,0.01228777
2022-02-03,IWM,0.0042939507,0.05706856,0.052774608,train,0.008440194
2022-02-03,SPY,0.004691291,-0.13291319,0.13760448,train,0.017438915
2022-02-03,TLT,-0.014852395,0.06139391,0.07624631,train,0.036444955
2022-02-04,EFA,0.0017075897,-0.023559218,0.025266808,train,-0.014905808
2022-02-04,IWM,0.00492791,0.03713892,0.03221101,train,0.05706856
2022-02-04,SPY,-0.003214426,0.040921837,0.044136263,train,-0.13291319
2022-02-04,TLT,0.00064734224,0.004932507,0.0042851646,train,0.06139391
2022-02-07,EFA,0.0051050056,-0.01316674,0.018271744,train,-0.023559218
2022-02-07,IWM,0.01691069,0.0511608,0.03425011,train,0.03713892
2022-02-07,SPY,0.008194078,-0.0005373724,0.00873145,train,0.040921837
2022-02-07,TLT,-0.006708197,0.013726247,0.020434443,train,0.004932507
2022-02-08,EFA,0.016060246,0.03741624,0.021355992,train,-0.01316674
2022-02-08,IWM,0.018810008,0.06939496,0.050584953,train,0.0511608
2022-02-08,SPY,0.014530101,-0.015459969,0.02999007,train,-0.0005373724
2022-02-08,TLT,0.0018801031,-0.009978384,0.011858487,train,0.013726247
2022-02-09,EFA,-0.012801504,0.016664542,0.029466046,train,0.03741624
2022-02-09,IWM,-0.01546176,0.03502586,0.050487623,train,0.06939496
2022-02-09,SPY,-0.018129041,-0.008873909,0.009255133,train,-0.015459969
2022-02-09,TLT,-0.01601999,-0.0051028254,0.010917165,train,-0.009978384
2022-02-10,EFA,-0.01521133,-0.053540733,0.038329404,train,0.016664542
2022-02-10,IWM,-0.010177376,-0.049454045,0.039276667,train,0.03502586
2022-02-10,SPY,-0.019915799,0.015028059,0.034943856,train,-0.008873909
2022-02-10,TLT,0.0147186145,0.02339751,0.008678896,train,-0.0051028254
2022-02-11,EFA,-0.0064958273,0.06018659,0.06668242,train,-0.053540733
2022-02-11,IWM,-0.0034824316,0.09066449,0.09414692,train,-0.049454045
2022-02-11,SPY,-0.0032746599,0.055266257,0.058540918,train,0.015028059
2022-02-11,TLT,-0.012518958,0.009862595,0.022381553,train,0.02339751
2022-02-14,EFA,0.018187165,0.0031586324,0.015028533,train,0.06018659
2022-02-14,IWM,0.026456034,0.118530005,0.09207397,train,0.09066449
2022-02-14,SPY,0.015998255,-0.051105943,0.0671042,train,0.055266257
2022-02-14,TLT,-0.011418269,0.029740922,0.04115919,train,0.009862595
2022-02-15,EFA,0.0037803217,-0.00760186,0.011382181,train,0.0031586324
2022-02-15,IWM,0.002084454,0.041079033,0.03899458,train,0.118530005
2022-02-15,SPY,0.0011202013,0.07190987,0.070789665,train,-0.051105943
2022-02-15,TLT,0.0059092483,0.021154637,0.015245388,train,0.029740922
2022-02-16,EFA,-0.016264929,-0.007931459,0.00833347,train,-0.00760186
2022-02-16,IWM,-0.025952492,0.12483515,0.15078764,train,0.041079033
2022-02-16,SPY,-0.021592723,-0.05962794,0.038035214,train,0.07190987
2022-02-16,TLT,0.007411104,-0.004592563,0.012003668,train,0.021154637
2022-02-17,EFA,-0.0042404276,0.047064714,0.05130514,train,-0.007931459
2022-02-17,IWM,-0.008635634,0.0043628803,0.012998514,train,0.12483515
2022-02-17,SPY,-0.006496259,0.06330466,0.06980092,train,-0.05962794
2022-02-17,TLT,0.010472144,0.017401619,0.006929475,train,-0.004592563
2022-02-18,EFA,-0.011755505,0.06502903,0.076784536,train,0.047064714
2022-02-18,IWM,-0.014187411,-0.01240244,0.001784971,train,0.0043628803
2022-02-18,SPY,-0.0107895015,0.075606264,0.08639576,train,0.06330466
2022-02-18,TLT,0.0026006713,0.02444788,0.021847209,train,0.017401619
2022-02-22,EFA,-0.008230703,0.03635912,0.044589825,train,0.06502903
2022-02-22,IWM,-0.018889885,0.016195962,0.03508585,train,-0.01240244
2022-02-22,SPY,-0.017897908,-0.0063754963,0.011522411,train,0.075606264
2022-02-22,TLT,-0.013877336,0.012822394,0.02669973,train,0.02444788
2022-02-23,EFA,-0.013503456,0.038914137,0.05241759,train,0.03635912
2022-02-23,IWM,0.02588259,0.027811961,0.0019293707,train,0.016195962
2022-02-23,SPY,0.014936917,0.04774405,0.032807134,train,-0.0063754963
2022-02-23,TLT,0.0006585678,0.025660237,0.02500167,train,0.012822394
2022-02-24,EFA,0.0246859,0.024816237,0.00013033673,train,0.038914137
2022-02-24,IWM,0.02227082,-0.017899258,0.040170077,train,0.027811961
2022-02-24,SPY,0.021824151,-0.081939906,0.10376406,train,0.04774405
2022-02-24,TLT,0.0007310974,0.07290915,0.07217805,train,0.025660237
2022-02-25,EFA,-0.019207828,-0.081679955,0.062472127,train,0.024816237
2022-02-25,IWM,0.0040411176,0.031651046,0.02760993,train,-0.017899258
2022-02-25,SPY,-0.0025618614,0.08541371,0.08797557,train,-0.081939906
2022-02-25,TLT,0.021681631,0.025233317,0.0035516862,train,0.07290915
2022-02-28,EFA,-0.022094082,0.053258006,0.07535209,train,-0.081679955
2022-02-28,IWM,-0.01901683,0.017040316,0.036057144,train,0.031651046
2022-02-28,SPY,-0.01534741,0.09174099,0.1070884,train,0.08541371
2022-02-28,TLT,0.011495257,0.0750557,0.06356045,train,0.025233317
2022-03-01,EFA,0.012487847,0.011338198,0.0011496497,train,0.053258006
2022-03-01,IWM,0.02353163,0.06763795,0.04410632,train,0.017040316
2022-03-01,SPY,0.018229006,0.02342072,0.0051917136,train,0.09174099
2022-03-01,TLT,-0.034780655,-0.0023421415,0.032438513,train,0.0750557
2022-03-02,EFA,-0.019915866,0.024996635,0.044912502,train,0.011338198
2022-03-02,IWM,-0.011919577,0.036976743,0.04889632,train,0.06763795
2022-03-02,SPY,-0.0049909987,0.029897673,0.03488867,train,0.02342072
2022-03-02,TLT,0.01013373,0.09997474,0.08984101,train,-0.0023421415
2022-03-03,EFA,-0.02940547,0.002274989,0.031680457,train,0.024996635
2022-03-03,IWM,-0.015781322,0.10168895,0.11747027,train,0.036976743
2022-03-03,SPY,-0.008157674,-0.002563325,0.0055943495,train,0.029897673
2022-03-03,TLT,0.017116606,0.031227646,0.01411104,train,0.09997474
2022-03-04,EFA,-0.032239642,0.06300771,0.09524736,train,0.002274989
2022-03-04,IWM,-0.025181253,0.012232249,0.0374135,train,0.10168895
2022-03-04,SPY,-0.029922413,0.033479173,0.06340159,train,-0.002563325
2022-03-04,TLT,-0.0076587293,-0.030611541,0.022952812,train,0.031227646
2022-03-07,EFA,0.008640217,0.054338943,0.045698725,train,0.06300771
2022-03-07,IWM,0.005508362,-0.0075879274,0.01309629,train,0.012232249
2022-03-07,SPY,-0.007610534,0.09977084,0.10738137,train,0.033479173
2022-03-07,TLT,-0.010110564,0.029689485,0.039800048,train,-0.030611541
2022-03-08,EFA,0.04097626,-0.0014491037,0.042425364,train,0.054338943
2022-03-08,IWM,0.02779422,-0.004551227,0.032345448,train,-0.0075879274
2022-03-08,SPY,0.02645769,0.046635058,0.020177368,train,0.09977084
2022-03-08,TLT,-0.009847274,0.016706206,0.02655348,train,0.029689485
2022-03-09,EFA,-0.012031122,-0.08534699,0.07331587,train,-0.0014491037
2022-03-09,IWM,-0.0017990305,-0.01297168,0.011172649,train,-0.004551227
2022-03-09,SPY,-0.004525943,0.12760179,0.13212773,train,0.046635058
2022-03-09,TLT,-0.014471517,0.030081645,0.04455316,train,0.016706206
2022-03-10,EFA,-0.010865669,0.0237231,0.03458877,train,-0.08534699
2022-03-10,IWM,-0.016085038,0.030164305,0.046249345,train,-0.01297168
2022-03-10,SPY,-0.012796523,0.021611547,0.03440807,train,0.12760179
2022-03-10,TLT,0.003341113,0.027957119,0.024616007,train,0.030081645
2022-03-11,EFA,0.009135069,0.017439242,0.008304173,train,0.0237231
2022-03-11,IWM,-0.020645723,0.00206329,0.022709012,train,0.030164305
2022-03-11,SPY,-0.007335036,-0.054291748,0.04695671,train,0.021611547
2022-03-11,TLT,-0.023625731,0.10138052,0.12500626,train,0.027957119
2022-03-14,EFA,0.009481482,0.013695699,0.004214217,train,0.017439242
2022-03-14,IWM,0.015805144,0.03609318,0.020288035,train,0.00206329
2022-03-14,SPY,0.021752082,-0.09213814,0.11389022,train,-0.054291748
2022-03-14,TLT,-0.0017472116,0.04622544,0.047972653,train,0.10138052
2022-03-15,EFA,0.035258833,-0.01367092,0.048929755,train,0.013695699
2022-03-15,IWM,0.030979084,0.031081779,0.00010269508,train,0.03609318
2022-03-15,SPY,0.021931965,0.011632103,0.010299862,train,-0.09213814
2022-03-15,TLT,0.009759836,-0.000250838,0.010010674,train,0.04622544
2022-03-16,EFA,0.008384324,-6.803428e-05,0.008452358,train,-0.01367092
2022-03-16,IWM,0.01557572,0.038259286,0.022683566,train,0.031081779
2022-03-16,SPY,0.012433246,-0.00665583,0.019089077,train,0.011632103
2022-03-16,TLT,-0.007481531,-0.01605177,0.008570239,train,-0.000250838
2022-03-17,EFA,0.009671298,0.024051076,0.014379778,train,-6.803428e-05
2022-03-17,IWM,0.010475927,0.008316402,0.0021595247,train,0.038259286
2022-03-17,SPY,0.010893351,0.006825012,0.0040683392,train,-0.00665583
2022-03-17,TLT,0.012138804,0.062809,0.05067019,train,-0.01605177
2022-03-18,EFA,-0.006255373,0.027623553,0.033878926,train,0.024051076
2022-03-18,IWM,-0.008868285,0.04965214,0.058520425,train,0.008316402
2022-03-18,SPY,-0.0002925666,-0.04719988,0.046907313,train,0.006825012
2022-03-18,TLT,-0.023428753,-0.036209416,0.012780663,train,0.062809
2022-03-21,EFA,0.009368389,0.05679675,0.04742836,train,0.027623553
2022-03-21,IWM,0.009977248,0.022284787,0.01230754,train,0.04965214
2022-03-21,SPY,0.011633477,0.01649357,0.004860093,train,-0.04719988
2022-03-21,TLT,-0.0128949005,0.07049961,0.083394505,train,-0.036209416
2022-03-22,EFA,-0.013057951,-0.0067568077,0.006301143,train,0.05679675
2022-03-22,IWM,-0.0175016,0.0028090521,0.020310652,train,0.022284787
2022-03-22,SPY,-0.012962138,-0.0035836727,0.009378466,train,0.01649357
2022-03-22,TLT,0.021678582,0.034448583,0.012770001,train,0.07049961
2022-03-23,EFA,0.009266939,0.045203883,0.035936944,train,-0.0067568077
2022-03-23,IWM,0.011433095,0.005310294,0.0061228005,train,0.0028090521
2022-03-23,SPY,0.014961893,0.13701507,0.12205318,train,-0.0035836727
2022-03-23,TLT,-0.007863769,-0.042563077,0.034699306,train,0.034448583
2022-03-24,EFA,0.000542387,-0.013040856,0.013583244,train,0.045203883
2022-03-24,IWM,0.0013594306,0.038064126,0.036704697,train,0.005310294
2022-03-24,SPY,0.004871913,-0.08102939,0.085901305,train,0.13701507
2022-03-24,TLT,-0.013970239,0.0446711,0.058641337,train,-0.042563077
2022-03-25,EFA,-0.0032589782,-0.04714137,0.043882392,train,-0.013040856
2022-03-25,IWM,0.00033966635,0.06346424,0.063124575,train,0.038064126
2022-03-25,SPY,0.007087657,0.038972776,0.031885117,train,-0.08102939
2022-03-25,TLT,0.008513459,0.043866698,0.03535324,train,0.0446711
2022-03-28,EFA,0.021928383,-0.037188668,0.05911705,train,-0.04714137
2022-03-28,IWM,0.026419196,0.046377208,0.019958012,train,0.06346424
2022-03-28,SPY,0.012295047,0.030418914,0.018123867,train,0.038972776
2022-03-28,TLT,0.0075242193,0.039536327,0.03201211,train,0.043866698
2022-03-29,EFA,-0.00413345,0.017734937,0.021868387,train,-0.037188668
2022-03-29,IWM,-0.020278916,-0.05985556,0.039576646,train,0.046377208
2022-03-29,SPY,-0.0061939387,-0.03992637,0.03373243,train,0.030418914
2022-03-29,TLT,0.0077715027,-0.007170665,0.014942167,train,0.039536327
2022-03-30,EFA,-0.016707504,0.009980661,0.026688166,train,0.017734937
2022-03-30,IWM,-0.010612248,0.021465022,0.03207727,train,-0.05985556
2022-03-30,SPY,-0.015511084,0.048372816,0.0638839,train,-0.03992637
2022-03-30,TLT,0.0024254902,-0.007467455,0.009892945,train,-0.007170665
2022-03-31,EFA,0.009331413,-0.08451285,0.093844265,train,0.009980661
2022-03-31,IWM,0.011142335,0.04212356,0.030981224,train,0.021465022
2022-03-31,SPY,0.002830037,0.05944481,0.056614775,train,0.048372816
2022-03-31,TLT,0.0037994955,0.02122173,0.017422235,train,-0.007467455
2022-04-01,EFA,0.0040300027,0.122210756,0.11818075,train,-0.08451285
2022-04-01,IWM,0.0016367245,0.04511516,0.043478437,train,0.04212356
2022-04-01,SPY,0.008530173,0.047706816,0.039176643,train,0.05944481
2022-04-01,TLT,-0.0069738575,-0.06456751,0.057593647,train,0.02122173
2022-04-04,EFA,-0.013632927,0.06989886,0.08353178,train,0.122210756
2022-04-04,IWM,-0.023948628,-0.0070263846,0.016922243,train,0.04511516
2022-04-04,SPY,-0.012711669,-0.007727581,0.0049840882,train,0.047706816
2022-04-04,TLT,-0.022851732,-0.049424727,0.026572995,train,-0.06456751
2022-04-05,EFA,-0.012032197,-0.011619809,0.00041238777,train,0.06989886
2022-04-05,IWM,-0.014289323,-0.064764686,0.050475363,train,-0.0070263846
2022-04-05,SPY,-0.010049826,0.1072631,0.11731293,train,-0.007727581
2022-04-05,TLT,-0.0081268735,0.08674638,0.09487325,train,-0.049424727
2022-04-06,EFA,0.0021985217,0.018863622,0.016665101,train,-0.011619809
2022-04-06,IWM,-0.0032536369,-0.0036629543,0.00040931744,train,-0.064764686
2022-04-06,SPY,0.005026358,0.030123767,0.025097407,train,0.1072631
2022-04-06,TLT,-0.0075608324,0.038644563,0.046205394,train,0.08674638
2022-04-07,EFA,0.00041144123,0.033751693,0.033340253,train,0.018863622
2022-04-07,IWM,-0.008003467,0.0050154226,0.013018889,train,-0.0036629543
2022-04-07,SPY,-0.0026774409,0.044309743,0.046987183,train,0.030123767
2022-04-07,TLT,-0.01088999,0.021422755,0.032312743,train,0.038644563
2022-04-08,EFA,-0.010619786,0.09113398,0.10175377,train,0.033751693
2022-04-08,IWM,-0.006744222,0.012264562,0.019008784,train,0.0050154226
2022-04-08,SPY,-0.017240116,0.080475755,0.09771587,train,0.044309743
2022-04-08,TLT,-0.015951203,0.034317344,0.050268546,train,0.021422755
2022-04-11,EFA,-0.007515709,0.06368624,0.07120194,train,0.09113398
2022-04-11,IWM,0.0031495907,-0.03652565,0.039675243,train,0.012264562
2022-04-11,SPY,-0.0037120085,0.043081116,0.046793126,train,0.080475755
2022-04-11,TLT,-0.0013816573,0.036230527,0.037612185,train,0.034317344
2022-04-12,EFA,0.010699714,-0.04154819,0.052247904,train,0.06368624
2022-04-12,IWM,0.01884151,0.043785032,0.024943521,train,-0.03652565
2022-04-12,SPY,0.011388453,0.06994022,0.058551766,train,0.043081116
2022-04-12,TLT,0.0020309365,0.015188363,0.013157427,train,0.036230527
2022-04-13,EFA,-0.0045716316,0.0077069635,0.012278595,train,-0.04154819
2022-04-13,IWM,-0.009753255,0.053770825,0.06352408,train,0.043785032
2022-04-13,SPY,-0.0125301145,0.057735946,0.07026606,train,0.06994022
2022-04-13,TLT,-0.020249246,0.027739424,0.047988668,train,0.015188363
2022-04-14,EFA,-0.0058489246,-0.015519683,0.009670759,train,0.0077069635
2022-04-14,IWM,-0.006757802,-0.008320152,0.00156235,train,0.053770825
2022-04-14,SPY,0.0004111015,0.02743686,0.02702576,train,0.057735946
2022-04-14,TLT,-0.0049812193,0.048827197,0.053808417,train,0.027739424
2022-04-18,EFA,0.0047373865,8.074916e-05,0.004656637,train,-0.015519683
2022-04-18,IWM,0.01974109,0.03917772,0.01943663,train,-0.008320152
2022-04-18,SPY,0.016013773,0.07141016,0.055396385,train,0.02743686
2022-04-18,TLT,-0.0075186263,0.025301773,0.0328204,train,0.048827197
2022-04-19,EFA,0.006650174,-0.015452619,0.022102792,train,8.074916e-05
2022-04-19,IWM,0.0038130349,0.040166225,0.03635319,train,0.03917772
2022-04-19,SPY,-0.00074182346,0.0020233456,0.002765169,train,0.07141016
2022-04-19,TLT,0.019925928,0.021338481,0.0014125537,train,0.025301773
2022-04-20,EFA,-0.010828938,-0.046971418,0.03614248,train,-0.015452619
2022-04-20,IWM,-0.022643737,0.026927572,0.04957131,train,0.040166225
2022-04-20,SPY,-0.015066499,0.019829996,0.034896493,train,0.0020233456
2022-04-20,TLT,-0.0074260826,-0.04540754,0.037981458,train,0.021338481
2022-04-21,EFA,-0.016466385,-0.029694717,0.013228333,train,-0.046971418
2022-04-21,IWM,-0.02622576,-0.021926356,0.004299404,train,0.026927572
2022-04-21,SPY,-0.027822576,-0.0027889295,0.025033647,train,0.019829996
2022-04-21,TLT,-0.0063139265,-0.0073731085,0.001059182,train,-0.04540754
2022-04-22,EFA,-0.004836631,0.019512113,0.024348743,train,-0.029694717
2022-04-22,IWM,0.006053971,-0.01785829,0.02391226,train,-0.021926356
2022-04-22,SPY,0.0057809353,0.043205682,0.037424747,train,-0.0027889295
2022-04-22,TLT,0.009951081,-0.009924644,0.019875724,train,-0.0073731085
2022-04-25,EFA,-0.02834603,-0.009759336,0.018586695,train,0.019512113
2022-04-25,IWM,-0.032026637,0.002130401,0.034157038,train,-0.01785829
2022-04-25,SPY,-0.029388538,0.036123045,0.065511584,train,0.043205682
2022-04-25,TLT,0.010016747,0.0407081,0.030691352,train,-0.009924644
2022-04-26,EFA,0.0045373435,-0.037991244,0.04252859,train,-0.009759336
2022-04-26,IWM,-0.0041632545,0.04185738,0.046020634,train,0.002130401
2022-04-26,SPY,0.0028078898,0.06495995,0.06215206,train,0.036123045
2022-04-26,TLT,-0.012908857,0.040312663,0.05322152,train,0.0407081
2022-04-27,EFA,0.014065233,0.0054751905,0.008590043,train,-0.037991244
2022-04-27,IWM,0.018494993,0.002938693,0.0155563,train,0.04185738
2022-04-27,SPY,0.02494571,0.03339251,0.008446801,train,0.06495995
2022-04-27,TLT,0.0014886428,0.04405815,0.04256951,train,0.040312663
2022-04-28,EFA,-0.011731515,0.064073786,0.0758053,train,0.0054751905
2022-04-28,IWM,-0.029304335,0.023532573,0.05283691,train,0.002938693
2022-04-28,SPY,-0.03765595,0.04544829,0.08310424,train,0.03339251
2022-04-28,TLT,-0.013057875,0.0358314,0.048889276,train,0.04405815
2022-04-29,EFA,-0.0024799306,-0.006543002,0.0040630717,train,0.064073786
2022-04-29,IWM,0.010434731,-0.017280363,0.027715094,train,0.023532573
2022-04-29,SPY,0.006001482,0.09770294,0.09170146,train,0.04544829
2022-04-29,TLT,-0.017485736,0.019907841,0.037393577,train,0.0358314
2022-05-02,EFA,0.00742098,0.0071922513,0.00022872863,train,-0.006543002
2022-05-02,IWM,0.0085248025,-0.0041984934,0.012723296,train,-0.017280363
2022-05-02,SPY,0.0045735715,0.049687654,0.04511408,train,0.09770294
2022-05-02,TLT,0.006718953,0.0047718287,0.0019471245,train,0.019907841
2022-05-03,EFA,0.017389197,-0.022358997,0.03974819,train,0.0071922513
2022-05-03,IWM,0.026335804,-0.06378335,0.09011915,train,-0.0041984934
2022-05-03,SPY,0.029998476,-0.039152797,0.069151275,train,0.049687654
2022-05-03,TLT,0.005494667,0.028960899,0.023466231,train,0.0047718287
2022-05-04,EFA,-0.032728124,0.060664117,0.09339224,train,-0.022358997
2022-05-04,IWM,-0.04140985,-0.020827906,0.020581944,train,-0.06378335
2022-05-04,SPY,-0.036189936,0.020917706,0.057107642,train,-0.039152797
2022-05-04,TLT,-0.02778055,0.010359262,0.038139813,train,0.028960899
2022-05-05,EFA,-0.009763407,-0.065997995,0.05623459,train,0.060664117
2022-05-05,IWM,-0.01678258,-0.019955575,0.0031729955,train,-0.020827906
2022-05-05,SPY,-0.0059867552,0.06521447,0.07120123,train,0.020917706
2022-05-05,TLT,-0.014844925,0.03487956,0.049724486,train,0.010359262
2022-05-06,EFA,-0.030641625,-0.0015028634,0.02913876,train,-0.065997995
2022-05-06,IWM,-0.042974032,-0.039617147,0.0033568852,train,-0.019955575
2022-05-06,SPY,-0.032540992,-0.065579206,0.033038214,train,0.06521447
2022-05-06,TLT,0.00875892,0.033537447,0.024778526,train,0.03487956
2022-05-09,EFA,0.007482767,-0.05982895,0.06731172,train,-0.0015028634
2022-05-09,IWM,0.00028613096,-0.023455381,0.023741512,train,-0.039617147
2022-05-09,SPY,0.00230776,0.03406444,0.031756677,train,-0.065579206
2022-05-09,TLT,0.009028469,-0.02064456,0.029673029,train,0.033537447
2022-05-10,EFA,-0.005950976,0.027911004,0.03386198,train,-0.05982895
2022-05-10,IWM,-0.025178775,0.023907194,0.049085967,train,-0.023455381
2022-05-10,SPY,-0.016013809,0.0520729,0.06808671,train,0.03406444
2022-05-10,TLT,0.01908925,-0.004872217,0.023961466,train,-0.02064456
2022-05-11,EFA,-0.0024517945,-0.008584634,0.00613284,train,0.027911004
2022-05-11,IWM,0.011655172,0.06635688,0.05470171,train,0.023907194
2022-05-11,SPY,-0.0010444015,0.08223896,0.08328336,train,0.0520729
2022-05-11,TLT,-0.0018671498,-0.055783436,0.053916287,train,-0.004872217
2022-05-12,EFA,0.027390618,0.007107815,0.020282803,train,-0.008584634
2022-05-12,IWM,0.031200036,0.07895351,0.047753476,train,0.06635688
2022-05-12,SPY,0.02362671,-0.04337276,0.06699947,train,0.08223896
2022-05-12,TLT,-0.0148910945,0.0018666878,0.016757783,train,-0.055783436
2022-05-13,EFA,0.0008953502,-0.003386143,0.004281493,train,0.007107815
2022-05-13,IWM,-0.00478479,0.018177744,0.022962533,train,0.07895351
2022-05-13,SPY,-0.0040658666,0.0013164997,0.0053823665,train,-0.04337276
2022-05-13,TLT,-0.0010353571,0.038360465,0.039395824,train,0.0018666878
2022-05-16,EFA,0.018471172,-0.06663939,0.08511057,train,-0.003386143
2022-05-16,IWM,0.030124899,-0.13297592,0.16310082,train,0.018177744
2022-05-16,SPY,0.020361766,-0.09743871,0.117800474,train,0.0013164997
2022-05-16,TLT,-0.01215702,0.060994584,0.0731516,train,0.038360465
2022-05-17,EFA,-0.024154726,0.04335501,0.06750974,train,-0.06663939
2022-05-17,IWM,-0.035670172,-0.012794699,0.022875473,train,-0.13297592
2022-05-17,SPY,-0.041146766,-0.0019919586,0.03915481,train,-0.09743871
2022-05-17,TLT,0.021093322,0.025265062,0.0041717403,train,0.060994584
2022-05-18,EFA,0.0095537845,-0.009460586,0.01901437,train,0.04335501
2022-05-18,IWM,0.0016440043,-0.10110028,0.10274429,train,-0.012794699
2022-05-18,SPY,-0.006143368,0.021510188,0.027653556,train,-0.0019919586
2022-05-18,TLT,0.0023925155,0.019170284,0.016777769,train,0.025265062
2022-05-19,EFA,0.0068106973,-0.025085524,0.031896222,train,-0.009460586
2022-05-19,IWM,-0.0025523847,-0.103946686,0.1013943,train,-0.10110028
2022-05-19,SPY,0.0004364338,-0.15555134,0.15598778,train,0.021510188
2022-05-19,TLT,0.011286093,0.018211652,0.0069255587,train,0.019170284
2022-05-20,EFA,0.016826717,0.010404519,0.0064221984,train,-0.025085524
2022-05-20,IWM,0.012024162,0.0049829977,0.0070411647,train,-0.103946686
2022-05-20,SPY,0.018537179,-0.003597773,0.022134952,train,-0.15555134
2022-05-20,TLT,-0.01659115,-0.006062853,0.010528297,train,0.018211652
2022-05-23,EFA,-0.0015970909,-0.03762192,0.036024828,train,0.010404519
2022-05-23,IWM,-0.01492475,0.04874173,0.06366648,train,0.0049829977
2022-05-23,SPY,-0.00766296,0.14805791,0.15572087,train,-0.003597773
2022-05-23,TLT,0.019540362,0.10174692,0.082206555,train,-0.006062853
2022-05-24,EFA,0.00029051868,-0.02808271,0.028373228,train,-0.03762192
2022-05-24,IWM,0.01783853,0.06533973,0.0475012,train,0.04874173
2022-05-24,SPY,0.008796008,0.111944914,0.10314891,train,0.14805791
2022-05-24,TLT,0.003946079,0.13823752,0.13429144,train,0.10174692
2022-05-25,EFA,0.010981039,-0.003207016,0.014188055,train,-0.02808271
2022-05-25,IWM,0.02207855,0.007757214,0.014321336,train,0.06533973
2022-05-25,SPY,0.019784378,0.040826127,0.021041749,train,0.111944914
2022-05-25,TLT,-0.0045354627,0.13026012,0.13479559,train,0.13823752
2022-05-26,EFA,0.011998533,-0.022734363,0.034732897,train,-0.003207016
2022-05-26,IWM,0.026570363,0.025645267,0.00092509575,train,0.007757214
2022-05-26,SPY,0.024252687,0.02000184,0.004250847,train,0.040826127
2022-05-26,TLT,0.0024384202,0.040135793,0.037697375,train,0.13026012
2022-05-27,EFA,-0.005981117,-0.046013832,0.040032715,train,-0.022734363
2022-05-27,IWM,-0.01249509,0.00076924707,0.013264338,train,0.025645267
2022-05-27,SPY,-0.0056268377,-0.00643422,0.00080738217,train,0.02000184
2022-05-27,TLT,-0.021389399,0.048766047,0.07015544,train,0.040135793
2022-05-31,EFA,-0.010626437,-0.006828028,0.0037984094,train,-0.046013832
2022-05-31,IWM,-0.005682326,0.29285526,0.29853758,train,0.00076924707
2022-05-31,SPY,-0.008121359,0.28868082,0.2968022,train,-0.00643422
2022-05-31,TLT,-0.0011437611,-0.030493874,0.029350113,train,0.048766047
2022-06-01,EFA,0.020575244,0.07563214,0.055056896,train,-0.006828028
2022-06-01,IWM,0.024128621,0.29431123,0.2701826,train,0.29285526
2022-06-01,SPY,0.0188643,0.30560455,0.28674024,train,0.28868082
2022-06-01,TLT,0.00051608536,0.0947907,0.09427461,train,-0.030493874
2022-06-02,EFA,-0.014386771,-0.121418394,0.10703162,train,0.07563214
2022-06-02,IWM,-0.009047122,-0.0068232296,0.0022238921,train,0.29431123
2022-06-02,SPY,-0.016547637,-0.030579913,0.014032276,train,0.30560455
2022-06-02,TLT,-0.0021520646,0.11352188,0.115673944,train,0.0947907
2022-06-03,EFA,0.0040093474,-0.0020621077,0.006071455,train,-0.121418394
2022-06-03,IWM,0.004320896,0.19775473,0.19343384,train,-0.0068232296
2022-06-03,SPY,0.003040127,0.27409568,0.27105555,train,-0.030579913
2022-06-03,TLT,-0.018615836,-0.066471346,0.04785551,train,0.11352188
2022-06-06,EFA,0.0029962815,0.17007461,0.16707833,train,-0.0020621077
2022-06-06,IWM,0.015999446,0.06435999,0.04836055,train,0.19775473
2022-06-06,SPY,0.009546469,0.16211967,0.1525732,train,0.27409568
2022-06-06,TLT,0.010741927,-0.011677782,0.02241971,train,-0.066471346
2022-06-07,EFA,-0.014060684,0.022571767,0.03663245,train,0.17007461
2022-06-07,IWM,-0.015573784,0.0005877211,0.016161505,train,0.06435999
2022-06-07,SPY,-0.010931664,0.05472549,0.065657154,train,0.16211967
2022-06-07,TLT,-0.008900126,0.07025045,0.07915058,train,-0.011677782
2022-06-08,EFA,-0.021224042,-0.024110701,0.0028866585,train,0.022571767
2022-06-08,IWM,-0.020948047,0.0683589,0.08930694,train,0.0005877211
2022-06-08,SPY,-0.02407015,0.23415451,0.25822467,train,0.05472549
2022-06-08,TLT,0.0033250332,0.07161069,0.06828566,train,0.07025045
2022-06-09,EFA,-0.024432482,-0.013884674,0.010547808,train,-0.024110701
2022-06-09,IWM,-0.027503429,0.037461575,0.064965,train,0.0683589
2022-06-09,SPY,-0.029424379,0.07125144,0.100675814,train,0.23415451
2022-06-09,TLT,-0.006221179,-0.0016072814,0.0046138978,train,0.07161069
2022-06-10,EFA,-0.033640493,0.011120797,0.04476129,train,-0.013884674
2022-06-10,IWM,-0.04811837,0.01928607,0.06740444,train,0.037461575
2022-06-10,SPY,-0.03870774,0.10038693,0.13909468,train,0.07125144
2022-06-10,TLT,-0.03188202,-0.004877909,0.027004112,train,-0.0016072814
2022-06-13,EFA,-0.0094771385,0.067154944,0.07663208,train,0.011120797
2022-06-13,IWM,-0.004829401,0.11685492,0.12168432,train,0.01928607
2022-06-13,SPY,-0.0030178686,0.1311179,0.13413577,train,0.10038693
2022-06-13,TLT,-0.01269349,0.008461435,0.021154925,train,-0.004877909
2022-06-14,EFA,0.018548572,0.01876792,0.00021934696,train,0.067154944
2022-06-14,IWM,0.014535544,0.115572535,0.10103699,train,0.11685492
2022-06-14,SPY,0.014155685,0.07495575,0.06080006,train,0.1311179
2022-06-14,TLT,0.018484406,0.046459723,0.027975317,train,0.008461435
2022-06-15,EFA,-0.022267554,-0.14781833,0.12555078,train,0.01876792
2022-06-15,IWM,-0.047424097,0.0842516,0.13167569,train,0.115572535
2022-06-15,SPY,-0.03365607,0.04831036,0.08196643,train,0.07495575
2022-06-15,TLT,0.00790801,-0.06531079,0.0732188,train,0.046459723
2022-06-16,EFA,-0.004058112,0.002917446,0.0069755577,train,-0.14781833
2022-06-16,IWM,0.0077795805,0.049375292,0.041595712,train,0.0842516
2022-06-16,SPY,0.0021533915,0.08857106,0.08641767,train,0.04831036
2022-06-16,TLT,0.0032171244,-0.021151304,0.024368428,train,-0.06531079
2022-06-17,EFA,0.015013642,0.012936831,0.0020768102,train,0.002917446
2022-06-17,IWM,0.017761143,0.060918305,0.04315716,train,0.049375292
2022-06-17,SPY,0.024862017,-0.033266198,0.058128215,train,0.08857106
2022-06-17,TLT,-0.017097354,-0.0074866777,0.009610676,train,-0.021151304
2022-06-21,EFA,-0.0067525283,-0.056060154,0.049307626,train,0.012936831
2022-06-21,IWM,-0.0019049856,-0.035194673,0.033289686,train,0.060918305
2022-06-21,SPY,-0.0018146392,-0.12167322,0.11985858,train,-0.033266198
2022-06-21,TLT,0.027129015,0.039206617,0.012077602,train,-0.0074866777
2022-06-22,EFA,-0.0011297882,-0.04166054,0.040530752,train,-0.056060154
2022-06-22,IWM,0.0119060315,-0.047878023,0.059784055,train,-0.035194673
2022-06-22,SPY,0.009754945,-0.12011463,0.12986958,train,-0.12167322
2022-06-22,TLT,0.008181421,0.05079577,0.04261435,train,0.039206617
2022-06-23,EFA,0.029439617,0.027451258,0.0019883588,train,-0.04166054
2022-06-23,IWM,0.030502222,-0.041153904,0.07165612,train,-0.047878023
2022-06-23,SPY,0.03129865,-0.100508034,0.13180669,train,-0.12011463
2022-06-23,TLT,-0.013939463,0.057091516,0.071030974,train,0.05079577
2022-06-24,EFA,-0.004242874,0.007671085,0.011913959,train,0.027451258
2022-06-24,IWM,0.0037054953,0.047316972,0.043611478,train,-0.041153904
2022-06-24,SPY,-0.003827005,-0.06369955,0.059872545,train,-0.100508034
2022-06-24,TLT,-0.008565421,0.0384826,0.04704802,train,0.057091516
2022-06-27,EFA,-0.006794804,-0.029775184,0.02298038,train,0.007671085
2022-06-27,IWM,-0.018956613,-0.024152625,0.0051960126,train,0.047316972
2022-06-27,SPY,-0.020644292,0.08897041,0.1096147,train,-0.06369955
2022-06-27,TLT,0.00464878,0.06251593,0.05786715,train,0.0384826
2022-06-28,EFA,-0.0038124525,0.022505946,0.0263184,train,-0.029775184
2022-06-28,IWM,-0.010200006,0.088330045,0.098530054,train,-0.024152625
2022-06-28,SPY,-0.00081496296,0.12717263,0.1279876,train,0.08897041
2022-06-28,TLT,0.015487678,0.09601928,0.080531605,train,0.06251593
2022-06-29,EFA,-0.0054261796,-0.024161367,0.018735187,train,0.022505946
2022-06-29,IWM,-0.007822593,0.020708647,0.028531238,train,0.088330045
2022-06-29,SPY,-0.008157251,0.04798403,0.05614128,train,0.12717263
2022-06-29,TLT,0.008743584,-0.027186863,0.035930447,train,0.09601928
2022-06-30,EFA,0.0023974774,0.020534206,0.018136729,train,-0.024161367
2022-06-30,IWM,0.012031793,0.006181103,0.0058506895,train,0.020708647
2022-06-30,SPY,0.010521025,0.044631567,0.034110542,train,0.04798403
2022-06-30,TLT,0.0102144005,0.10854634,0.098331936,train,-0.027186863
2022-07-01,EFA,-0.021624038,-0.09117471,0.06955067,train,0.020534206
2022-07-01,IWM,0.008249997,0.041694105,0.033444107,train,0.006181103
2022-07-01,SPY,0.001886703,0.0086247595,0.0067380564,train,0.044631567
2022-07-01,TLT,0.007826341,0.021534834,0.013708493,train,0.10854634
2022-07-05,EFA,0.0008152032,0.0063335206,0.005518317,train,-0.09117471
2022-07-05,IWM,-0.0074335765,0.11689645,0.12433003,train,0.041694105
2022-07-05,SPY,0.003371696,-0.04857858,0.051950276,train,0.0086247595
2022-07-05,TLT,-0.016933944,-0.08287659,0.065942645,train,0.021534834
2022-07-06,EFA,0.015045217,0.026932329,0.011887112,train,0.0063335206
2022-07-06,IWM,0.023390906,0.13808179,0.114690885,train,0.11689645
2022-07-06,SPY,0.014865867,0.03634019,0.02147432,train,-0.04857858
2022-07-06,TLT,-0.008839024,-0.06551869,0.056679666,train,-0.08287659
2022-07-07,EFA,0.0011231937,0.08066338,0.07954019,train,0.026932329
2022-07-07,IWM,-0.000114077244,0.15017034,0.15028442,train,0.13808179
2022-07-07,SPY,-0.0008226955,0.08009386,0.080916554,train,0.03634019
2022-07-07,TLT,-0.011137494,0.08294375,0.094081245,train,-0.06551869
2022-07-08,EFA,-0.016331453,0.041259427,0.05759088,train,0.08066338
2022-07-08,IWM,-0.020308442,0.20799524,0.22830367,train,0.15017034
2022-07-08,SPY,-0.011489354,0.13525997,0.14674932,train,0.08009386
2022-07-08,TLT,0.017097412,0.02465718,0.007559769,train,0.08294375
2022-07-11,EFA,-0.00016293152,-0.052967582,0.05280465,train,0.041259427
2022-07-11,IWM,-0.0034348296,0.1394145,0.14284934,train,0.20799524
2022-07-11,SPY,-0.008888328,0.11393708,0.12282541,train,0.13525997
2022-07-11,TLT,0.005924378,-0.031180784,0.03710516,train,0.02465718
2022-07-12,EFA,-0.00048922916,-0.04487191,0.044382684,train,-0.052967582
2022-07-12,IWM,-0.0008750764,0.14386013,0.1447352,train,0.1394145
2022-07-12,SPY,-0.005265612,-0.0054333685,0.00016775634,train,0.11393708
2022-07-12,TLT,0.011401256,-0.060437564,0.07183882,train,-0.031180784
2022-07-13,EFA,-0.014128882,-0.033171847,0.019042965,train,-0.04487191
2022-07-13,IWM,-0.010326475,0.10667308,0.11699955,train,0.14386013
2022-07-13,SPY,-0.0024315373,-0.08286062,0.080429085,train,-0.0054333685
2022-07-13,TLT,-0.008192498,-0.024688693,0.016496195,train,-0.060437564
2022-07-14,EFA,0.015758831,0.01550201,0.0002568215,train,-0.033171847
2022-07-14,IWM,0.0206049,0.018925559,0.0016793404,train,0.10667308
2022-07-14,SPY,0.018925099,-0.048655346,0.06758045,train,-0.08286062
2022-07-14,TLT,0.005612252,0.07905695,0.073444694,train,-0.024688693
2022-07-15,EFA,0.00406332,-0.065184966,0.06924829,train,0.01550201
2022-07-15,IWM,-0.002834814,0.06120613,0.064040944,train,0.018925559
2022-07-15,SPY,-0.008291293,-0.059388794,0.0510975,train,-0.048655346
2022-07-15,TLT,-0.010473028,-0.004384636,0.006088392,train,0.07905695
2022-07-18,EFA,0.026885878,0.019921463,0.0069644153,train,-0.065184966
2022-07-18,IWM,0.034675706,-0.10319517,0.13787088,train,0.06120613
2022-07-18,SPY,0.026660474,0.06295921,0.036298737,train,-0.059388794
2022-07-18,TLT,-0.0054089543,0.09405896,0.09946792,train,-0.004384636
2022-07-19,EFA,-0.006653973,-0.09969002,0.09303605,train,0.019921463
2022-07-19,IWM,0.015548064,-0.044561695,0.06010976,train,-0.10319517
2022-07-19,SPY,0.006353165,-0.09908962,0.105442785,train,0.06295921
2022-07-19,TLT,0.0026208106,0.074779406,0.0721586,train,0.09405896
2022-07-20,EFA,0.010279234,-0.15207921,0.16235845,train,-0.09969002
2022-07-20,IWM,0.0051109795,0.014053513,0.008942533,train,-0.044561695
2022-07-20,SPY,0.010131526,0.0024896383,0.0076418873,train,-0.09908962
2022-07-20,TLT,0.01712841,0.095915586,0.07878718,train,0.074779406
2022-07-21,EFA,-0.0025205459,-0.05208984,0.049569294,train,-0.15207921
2022-07-21,IWM,-0.016080597,0.0507353,0.0668159,train,0.014053513
2022-07-21,SPY,-0.009321375,-0.014439511,0.0051181363,train,0.0024896383
2022-07-21,TLT,0.01667179,0.019705346,0.003033556,train,0.095915586
2022-07-22,EFA,0.0076990197,-0.09819127,0.10589029,train,-0.05208984
2022-07-22,IWM,0.0051673856,0.058198683,0.053031296,train,0.0507353
2022-07-22,SPY,0.0012142798,0.11210645,0.11089217,train,-0.014439511
2022-07-22,TLT,-0.009833379,-0.11592991,0.10609653,train,0.019705346
2022-07-25,EFA,-0.014028119,-0.113432124,0.09940401,train,-0.09819127
2022-07-25,IWM,-0.006170527,0.090668134,0.09683866,train,0.058198683
2022-07-25,SPY,-0.011901738,0.13933817,0.1512399,train,0.11210645
2022-07-25,TLT,0.0007663695,-0.07017631,0.07094268,train,-0.11592991
2022-07-26,EFA,0.023375385,-0.06815782,0.09153321,train,-0.113432124
2022-07-26,IWM,0.02249618,0.07123454,0.04873836,train,0.090668134
2022-07-26,SPY,0.025635155,0.20394139,0.17830624,train,0.13933817
2022-07-26,TLT,-0.0056338045,0.08138184,0.08701564,train,-0.07017631
2022-07-27,EFA,0.005104052,-0.0032586923,0.008362744,train,-0.06815782
2022-07-27,IWM,0.01364615,-0.043527205,0.057173356,train,0.07123454
2022-07-27,SPY,0.0124642085,0.02420656,0.011742352,train,0.20394139
2022-07-27,TLT,0.007929396,0.038697332,0.030767936,train,0.08138184
2022-07-28,EFA,0.01378918,-0.12549752,0.1392867,train,-0.0032586923
2022-07-28,IWM,0.007074351,0.00681783,0.00025652116,train,-0.043527205
2022-07-28,SPY,0.014473612,0.022716615,0.008243003,train,0.02420656
2022-07-28,TLT,-0.00272113,0.0054270113,0.008148141,train,0.038697332
2022-07-29,EFA,0.0013683124,-0.062291194,0.063659504,train,-0.12549752
2022-07-29,IWM,-0.0003738155,0.077507116,0.077880934,train,0.00681783
2022-07-29,SPY,-0.0029656834,0.009484795,0.012450478,train,0.022716615
2022-07-29,TLT,0.023797762,0.030766085,0.006968323,train,0.0054270113
2022-08-01,EFA,-0.016083537,-0.13054396,0.11446042,train,-0.062291194
2022-08-01,IWM,-0.00096218765,0.023884859,0.024847047,train,0.077507116
2022-08-01,SPY,-0.006619085,-0.079886116,0.07326703,train,0.009484795
2022-08-01,TLT,-0.021386754,-0.11125345,0.0898667,train,0.030766085
2022-08-02,EFA,0.005850645,-0.052079026,0.057929672,train,-0.13054396
2022-08-02,IWM,0.014598858,0.04661833,0.032019474,train,0.023884859
2022-08-02,SPY,0.015538019,-0.056156162,0.07169418,train,-0.079886116
2022-08-02,TLT,0.015622106,-0.0086906245,0.02431273,train,-0.11125345
2022-08-03,EFA,0.005053249,0.046695482,0.041642234,train,-0.052079026
2022-08-03,IWM,-0.0021101735,0.10733425,0.109444425,train,0.04661833
2022-08-03,SPY,-0.00067579024,-0.0053326814,0.0046568913,train,-0.056156162
2022-08-03,TLT,-0.00033510488,-0.051903684,0.05156858,train,-0.0086906245
2022-08-04,EFA,-0.007050859,0.07320843,0.080259286,train,0.046695482
2022-08-04,IWM,0.00762859,0.042137664,0.034509074,train,0.10733425
2022-08-04,SPY,-0.0016917475,-0.079363674,0.07767193,train,-0.0053326814
2022-08-04,TLT,-0.024091503,0.03133098,0.055422485,train,-0.051903684
2022-08-05,EFA,0.0023046504,0.038849812,0.03654516,train,0.07320843
2022-08-05,IWM,0.010531498,0.06997545,0.05944395,train,0.042137664
2022-08-05,SPY,-0.0011615256,0.013381404,0.01454293,train,-0.079363674
2022-08-05,TLT,0.016012598,0.088694975,0.07268238,train,0.03133098
2022-08-08,EFA,-0.005385955,0.10247453,0.10786049,train,0.038849812
2022-08-08,IWM,-0.01373351,0.11416128,0.12789479,train,0.06997545
2022-08-08,SPY,-0.003978834,-0.08431572,0.08033688,train,0.013381404
2022-08-08,TLT,-0.0038941875,0.017432336,0.021326523,train,0.088694975
2022-08-09,EFA,0.022277316,0.073357716,0.0510804,train,0.10247453
2022-08-09,IWM,0.028150208,-0.025735687,0.053885896,train,0.11416128
2022-08-09,SPY,0.02078648,-0.09376739,0.11455387,train,-0.08431572
2022-08-09,TLT,-0.0065526357,0.006597166,0.013149802,train,0.017432336
2022-08-10,EFA,-0.00030170588,-0.019790389,0.019488683,train,0.073357716
2022-08-10,IWM,0.0037248537,0.07518484,0.071459986,train,-0.025735687
2022-08-10,SPY,0.0,0.08526023,0.08526023,train,-0.09376739
2022-08-10,TLT,-0.023585694,0.0023626469,0.02594834,train,0.006597166
2022-08-11,EFA,0.007668714,0.026088946,0.01842023,train,-0.019790389
2022-08-11,IWM,0.020216929,0.03319713,0.012980202,train,0.07518484
2022-08-11,SPY,0.016787477,-0.121933244,0.13872072,train,0.08526023
2022-08-11,TLT,0.010089707,0.014819848,0.0047301417,train,0.0023626469
2022-08-12,EFA,-0.0060097896,0.050400905,0.056410696,train,0.026088946
2022-08-12,IWM,0.0035372714,0.0013585507,0.0021787207,train,0.03319713
2022-08-12,SPY,0.004112151,-0.078682646,0.0827948,train,-0.121933244
2022-08-12,TLT,-0.0008658076,0.014172201,0.015038009,train,0.014819848
2022-08-15,EFA,-0.00030142377,-0.005946818,0.005645394,train,0.050400905
2022-08-15,IWM,-0.00039779063,0.036959168,0.037356958,train,0.0013585507
2022-08-15,SPY,0.0019567467,-0.16087359,0.16283034,train,-0.078682646
2022-08-15,TLT,0.0041491473,0.0024648502,0.0016842971,train,0.014172201
2022-08-16,EFA,-0.008021305,0.010467579,0.018488884,train,-0.005946818
2022-08-16,IWM,-0.016959973,-0.00045350497,0.016506467,train,0.036959168
2022-08-16,SPY,-0.0071232268,-0.19097224,0.183849,train,-0.16087359
2022-08-16,TLT,-0.010492713,-0.02130467,0.0108119575,train,0.0024648502
2022-08-17,EFA,-0.003348468,0.011931929,0.015280397,train,0.010467579
2022-08-17,IWM,0.0066074915,-0.17527212,0.18187961,train,-0.00045350497
2022-08-17,SPY,0.0029020847,-0.13387012,0.13677222,train,-0.19097224
2022-08-17,TLT,0.0014811114,-0.0020913605,0.003572472,train,-0.02130467
2022-08-18,EFA,-0.013816571,0.004437891,0.018254463,train,0.011931929
2022-08-18,IWM,-0.0216997,-0.012925944,0.008773756,train,-0.17527212
2022-08-18,SPY,-0.013528965,-0.08751345,0.07398448,train,-0.13387012
2022-08-18,TLT,-0.016233422,0.0061131986,0.02234662,train,-0.0020913605
2022-08-19,EFA,-0.017150473,-0.035990734,0.01884026,train,0.004437891
2022-08-19,IWM,-0.020816201,-0.112809286,0.091993086,train,-0.012925944
2022-08-19,SPY,-0.021042485,-0.06830748,0.047264997,train,-0.08751345
2022-08-19,TLT,-0.0033673467,0.018529506,0.021896854,train,0.0061131986
2022-08-22,EFA,0.00047168165,-0.03946578,0.039937463,train,-0.035990734
2022-08-22,IWM,0.0016247778,-0.05187789,0.053502668,train,-0.112809286
2022-08-22,SPY,-0.0024221505,-0.0140586225,0.011636472,train,-0.06830748
2022-08-22,TLT,-0.0055185887,0.047389958,0.052908547,train,0.018529506
2022-08-23,EFA,0.001256709,0.057908144,0.056651436,train,-0.03946578
2022-08-23,IWM,0.0076167174,-0.045406785,0.053023502,train,-0.05187789
2022-08-23,SPY,0.0031959764,0.046693373,0.0434974,train,-0.0140586225
2022-08-23,TLT,-0.0073455353,0.020535834,0.027881369,train,0.047389958
2022-08-24,EFA,0.010929174,0.0015994764,0.009329697,train,0.057908144
2022-08-24,IWM,0.015420283,-0.009308676,0.02472896,train,-0.045406785
2022-08-24,SPY,0.014018909,0.01900205,0.004983141,train,0.046693373
2022-08-24,TLT,0.013839959,0.0071445564,0.006695403,train,0.020535834
2022-08-25,EFA,-0.026592828,0.007141602,0.03373443,train,0.0015994764
2022-08-25,IWM,-0.03340749,-0.037849933,0.004442442,train,-0.009308676
2022-08-25,SPY,-0.034435146,0.05600029,0.09043543,train,0.01900205
2022-08-25,TLT,0.0075095296,-0.036599077,0.044108607,train,0.0071445564
2022-08-26,EFA,-0.0022349348,-0.055592116,0.05335718,train,0.007141602
2022-08-26,IWM,-0.009249955,-0.042827155,0.0335772,train,-0.037849933
2022-08-26,SPY,-0.006634181,-0.015957275,0.009323094,train,0.05600029
2022-08-26,TLT,-0.008307636,0.003225465,0.011533101,train,-0.036599077
2022-08-29,EFA,-0.007218112,-0.003318406,0.0038997058,train,-0.055592116
2022-08-29,IWM,-0.014091617,0.045944337,0.060035955,train,-0.042827155
2022-08-29,SPY,-0.011038756,0.12867257,0.13971132,train,-0.015957275
2022-08-29,TLT,0.0024816326,0.042629074,0.040147442,train,0.003225465
2022-08-30,EFA,-0.006783887,-0.026354283,0.019570395,train,-0.003318406
2022-08-30,IWM,-0.0060848054,-0.013291745,0.00720694,train,0.045944337
2022-08-30,SPY,-0.007637884,0.062959366,0.07059725,train,0.12867257
2022-08-30,TLT,-0.00960684,-0.011725686,0.0021188455,train,0.042629074
2022-08-31,EFA,-0.013543505,-0.029697865,0.01615436,train,-0.026354283
2022-08-31,IWM,-0.0109590795,0.020185122,0.031144202,train,-0.013291745
2022-08-31,SPY,0.0031327487,0.09600036,0.09286761,train,0.062959366
2022-08-31,TLT,-0.018477725,0.061082352,0.07956008,train,-0.011725686
2022-09-01,EFA,-0.0065931007,-0.011771162,0.0051780613,train,-0.029697865
2022-09-01,IWM,-0.007798735,0.017822657,0.025621392,train,0.020185122
2022-09-01,SPY,-0.0106003815,0.06903576,0.07963614,train,0.09600036
2022-09-01,TLT,0.005640877,0.051424816,0.04578394,train,0.061082352
2022-09-02,EFA,-0.0024835493,0.0077527417,0.010236291,train,-0.011771162
2022-09-02,IWM,-0.009933186,-0.03801822,0.028085034,train,0.017822657
2022-09-02,SPY,-0.0037801564,0.012352326,0.016132481,train,0.06903576
2022-09-02,TLT,-0.025080584,0.042519018,0.0675996,train,0.051424816
2022-09-06,EFA,0.008748036,-0.013128948,0.021876983,train,0.0077527417
2022-09-06,IWM,0.021526182,-0.06738651,0.08891269,train,-0.03801822
2022-09-06,SPY,0.01780545,-0.009915135,0.027720585,train,0.012352326
2022-09-06,TLT,0.015691722,0.0011658438,0.014525878,train,0.042519018
2022-09-07,EFA,0.0006571206,0.010211036,0.009553915,train,-0.013128948
2022-09-07,IWM,0.0083085755,0.013318093,0.005009517,train,-0.06738651
2022-09-07,SPY,0.0065151774,-0.092418805,0.09893398,train,-0.009915135
2022-09-07,TLT,-0.010310331,0.067011625,0.077321954,train,0.0011658438
2022-09-08,EFA,0.025137117,0.07242848,0.04729136,train,0.010211036
2022-09-08,IWM,0.019886818,-0.01580453,0.035691347,train,0.013318093
2022-09-08,SPY,0.015415585,-0.21922715,0.23464273,train,-0.092418805
2022-09-08,TLT,0.0022179836,-0.013529292,0.015747275,train,0.067011625
2022-09-09,EFA,0.013837132,-0.010930474,0.024767606,train,0.07242848
2022-09-09,IWM,0.012040412,-0.005961883,0.018002294,train,-0.01580453
2022-09-09,SPY,0.010690337,-0.23846512,0.24915545,train,-0.21922715
2022-09-09,TLT,-0.008251009,0.006520803,0.014771812,train,-0.013529292
2022-09-12,EFA,-0.035367783,-0.05514892,0.019781135,train,-0.010930474
2022-09-12,IWM,-0.03990627,-0.054062456,0.014156185,train,-0.005961883
2022-09-12,SPY,-0.04445624,-0.104591966,0.060135726,train,-0.23846512
2022-09-12,TLT,0.0023247972,-0.022461908,0.024786705,train,0.006520803
2022-09-13,EFA,0.0032675625,0.012736653,0.00946909,train,-0.05514892
2022-09-13,IWM,0.003888171,-0.0019825355,0.0058707064,train,-0.054062456
2022-09-13,SPY,0.0038085019,0.026333448,0.022524945,train,-0.104591966
2022-09-13,TLT,0.0034305532,-0.008464265,0.011894818,train,-0.022461908
2022-09-14,EFA,-0.008846825,0.21308903,0.22193585,train,0.012736653
2022-09-14,IWM,-0.00729606,0.022013877,0.029309936,train,-0.0019825355
2022-09-14,SPY,-0.011418156,-0.19736286,0.1859447,train,0.026333448
2022-09-14,TLT,-0.0006480735,0.04772717,0.048375245,train,-0.008464265
2022-09-15,EFA,-0.006107083,0.110247925,0.11635501,train,0.21308903
2022-09-15,IWM,-0.014641685,-0.046976134,0.032334447,train,0.022013877
2022-09-15,SPY,-0.007658079,-0.13806841,0.13041033,train,-0.19736286
2022-09-15,TLT,-0.008370529,-0.004727152,0.0036433768,train,0.04772717
2022-09-16,EFA,0.003470803,0.08688341,0.08341261,train,0.110247925
2022-09-16,IWM,0.008511887,-0.023334464,0.031846352,train,-0.046976134
2022-09-16,SPY,0.007724896,-0.12518182,0.13290672,train,-0.13806841
2022-09-16,TLT,0.0023318992,0.037261475,0.034929577,train,-0.004727152
2022-09-19,EFA,-0.017139876,-0.022412788,0.005272912,train,0.08688341
2022-09-19,IWM,-0.013721422,0.114676386,0.12839781,train,-0.023334464
2022-09-19,SPY,-0.01154486,-0.023723789,0.012178929,train,-0.12518182
2022-09-19,TLT,-0.010020031,0.0068754377,0.01689547,train,0.037261475
2022-09-20,EFA,-0.01317824,0.0082300175,0.021408256,train,-0.022412788
2022-09-20,IWM,-0.015393509,-0.030195665,0.014802156,train,0.114676386
2022-09-20,SPY,-0.017597605,0.0068180943,0.024415698,train,-0.023723789
2022-09-20,TLT,0.016614132,0.035111804,0.018497672,train,0.0068754377
2022-09-21,EFA,-0.0028953028,-0.008637565,0.005742262,train,0.0082300175
2022-09-21,IWM,-0.02278515,-0.0037700406,0.01901511,train,-0.030195665
2022-09-21,SPY,-0.008435565,0.054985236,0.0634208,train,0.0068180943
2022-09-21,TLT,-0.025880566,0.005332689,0.031213254,train,0.035111804
2022-09-22,EFA,-0.03241471,0.016274404,0.048689112,train,-0.008637565
2022-09-22,IWM,-0.02409333,-0.010061183,0.014032147,train,-0.0037700406
2022-09-22,SPY,-0.016896686,-0.08096879,0.0640721,train,0.054985236
2022-09-22,TLT,0.0040765125,0.0052902987,0.0012137862,train,0.005332689
2022-09-23,EFA,-0.014909581,0.021679223,0.036588803,train,0.016274404
2022-09-23,IWM,-0.013786619,-0.04009001,0.026303392,train,-0.010061183
2022-09-23,SPY,-0.009941964,-0.053838264,0.0438963,train,-0.08096879
2022-09-23,TLT,-0.019295702,0.02396,0.0432557,train,0.0052902987
2022-09-26,EFA,-0.0068187364,0.027713476,0.03453221,train,0.021679223
2022-09-26,IWM,0.0034051866,-0.01906729,0.022472477,train,-0.04009001
2022-09-26,SPY,-0.002555778,-0.071830906,0.069275126,train,-0.053838264
2022-09-26,TLT,-0.026683928,-0.027813002,0.001129074,train,0.02396
2022-09-27,EFA,0.023840418,0.03696721,0.013126792,train,0.027713476
2022-09-27,IWM,0.031137858,-0.027038516,0.058176376,train,-0.01906729
2022-09-27,SPY,0.019485073,-0.09464921,0.11413428,train,-0.071830906
2022-09-27,TLT,0.032933734,-0.02155269,0.054486424,train,-0.027813002
2022-09-28,EFA,-0.011849202,-0.008907567,0.0029416354,train,0.03696721
2022-09-28,IWM,-0.022674607,0.038235947,0.060910553,train,-0.027038516
2022-09-28,SPY,-0.021110184,-0.05126524,0.030155055,train,-0.09464921
2022-09-28,TLT,-0.0051893755,-0.07415259,0.068963215,train,-0.02155269
2022-09-29,EFA,-0.003564486,0.01693749,0.020501977,train,-0.008907567
2022-09-29,IWM,-0.0073103625,-0.016667929,0.009357566,train,0.038235947
2022-09-29,SPY,-0.015584368,0.021699227,0.037283596,train,-0.05126524
2022-09-29,TLT,-0.012994582,0.017424766,0.030419348,train,-0.07415259
