date,ticker,y_true,y_pred,abs_error,dataset_part,signal_for_trade
2020-07-01,EFA,0.010905976,-0.041342963,0.05224894,train,
2020-07-01,IWM,0.0040813037,-0.06658828,0.070669584,train,
2020-07-01,SPY,0.0054915654,-0.12716706,0.13265863,train,
2020-07-01,TLT,0.0010393197,0.011409132,0.010369812,train,
2020-07-02,EFA,0.016218731,0.002644977,0.013573755,train,-0.041342963
2020-07-02,IWM,0.0072071943,-0.048987743,0.05619494,train,-0.06658828
2020-07-02,SPY,0.015319317,-0.087866165,0.10318548,train,-0.12716706
2020-07-02,TLT,-0.0041033775,0.014581412,0.01868479,train,0.011409132
2020-07-06,EFA,-0.014762826,-0.0036210981,0.011141729,train,0.002644977
2020-07-06,IWM,-0.017867716,-0.12604024,0.10817252,train,-0.048987743
2020-07-06,SPY,-0.010367116,-0.019771954,0.009404838,train,-0.087866165
2020-07-06,TLT,0.013957843,0.0034253406,0.010532502,train,0.014581412
2020-07-07,EFA,0.008371087,-0.017749967,0.026121054,train,-0.0036210981
2020-07-07,IWM,0.007424947,-0.028223632,0.035648577,train,-0.12604024
2020-07-07,SPY,0.00761941,-0.08990625,0.09752566,train,-0.019771954
2020-07-07,TLT,-0.0040024887,0.0030589723,0.007061461,train,0.0034253406
2020-07-08,EFA,-0.011447334,-0.024457535,0.013010201,train,-0.017749967
2020-07-08,IWM,-0.020427274,-0.027064418,0.006637145,train,-0.028223632
2020-07-08,SPY,-0.0057089766,-0.06567995,0.059970975,train,-0.08990625
2020-07-08,TLT,0.015796686,0.012171924,0.0036247615,train,0.0030589723
2020-07-09,EFA,0.0106454855,0.01523906,0.0045935744,train,-0.024457535
2020-07-09,IWM,0.015978854,-0.015353611,0.031332463,train,-0.027064418
2020-07-09,SPY,0.010158548,-0.043905184,0.05406373,train,-0.06567995
2020-07-09,TLT,-0.005037337,0.024143845,0.029181182,train,0.012171924
2020-07-10,EFA,-0.0064381785,-0.015047139,0.00860896,train,0.01523906
2020-07-10,IWM,-0.01274793,0.041749954,0.054497883,train,-0.015353611
2020-07-10,SPY,-0.008696626,-0.054048676,0.04535205,train,-0.043905184
2020-07-10,TLT,0.00330107,-0.004615397,0.007916467,train,0.024143845
2020-07-13,EFA,0.014586826,0.020435698,0.0058488725,train,-0.015047139
2020-07-13,IWM,0.016420895,0.05764557,0.041224673,train,0.041749954
2020-07-13,SPY,0.012875666,0.074190475,0.06131481,train,-0.054048676
2020-07-13,TLT,0.0014369428,-0.00819058,0.009627523,train,-0.004615397
2020-07-14,EFA,0.011235463,0.010878982,0.0003564814,train,0.020435698
2020-07-14,IWM,0.03600754,-0.03341146,0.069419,train,0.05764557
2020-07-14,SPY,0.0091453055,-0.045193378,0.054338682,train,0.074190475
2020-07-14,TLT,-0.0046780957,0.0014952305,0.006173326,train,-0.00819058
2020-07-15,EFA,-0.006472511,-0.018989448,0.012516936,train,0.010878982
2020-07-15,IWM,-0.005934779,-0.038162913,0.032228135,train,-0.03341146
2020-07-15,SPY,-0.0032986803,-0.039666887,0.036368206,train,-0.045193378
2020-07-15,TLT,0.004738271,0.0063349246,0.0015966538,train,0.0014952305
2020-07-16,EFA,0.005842926,-4.0712766e-06,0.0058469973,train,-0.018989448
2020-07-16,IWM,0.0029375749,-0.018610315,0.021547891,train,-0.038162913
2020-07-16,SPY,0.0028948677,-0.022919733,0.0258146,train,-0.039666887
2020-07-16,TLT,-0.00209668,0.013904663,0.016001344,train,0.0063349246
2020-07-17,EFA,0.004869057,-0.02407917,0.028948227,train,-4.0712766e-06
2020-07-17,IWM,-0.0043068947,-0.082550205,0.07824331,train,-0.018610315
2020-07-17,SPY,0.008049294,-0.021821266,0.02987056,train,-0.022919733
2020-07-17,TLT,0.0024549495,-0.005681687,0.008136637,train,0.013904663
2020-07-20,EFA,0.0020349596,-0.041400265,0.043435223,train,-0.02407917
2020-07-20,IWM,0.01408217,-0.032907557,0.046989728,train,-0.082550205
2020-07-20,SPY,0.0021249182,-0.02992062,0.03204554,train,-0.021821266
2020-07-20,TLT,0.0005979843,0.0064496,0.005851616,train,-0.005681687
2020-07-21,EFA,0.0026549543,0.007864313,0.005209359,train,-0.041400265
2020-07-21,IWM,0.0005405795,-0.08251811,0.083058685,train,-0.032907557
2020-07-21,SPY,0.0056759706,-0.019822631,0.025498603,train,-0.02992062
2020-07-21,TLT,0.002984246,-9.1623515e-05,0.0030758695,train,0.0064496
2020-07-22,EFA,-0.00798575,0.002450271,0.010436021,train,0.007864313
2020-07-22,IWM,0.0010121797,-0.020253953,0.021266133,train,-0.08251811
2020-07-22,SPY,-0.01200369,-0.014815038,0.002811348,train,-0.019822631
2020-07-22,TLT,0.01161379,0.012261713,0.000647923,train,-9.1623515e-05
2020-07-23,EFA,-0.0055174567,0.010355199,0.015872655,train,0.002450271
2020-07-23,IWM,-0.014812956,-0.031129835,0.01631688,train,-0.020253953
2020-07-23,SPY,-0.006461184,0.03660169,0.043062873,train,-0.014815038
2020-07-23,TLT,-5.850036e-05,0.002983105,0.0030416052,train,0.012261713
2020-07-24,EFA,0.013035007,0.0071115238,0.005923483,train,0.010355199
2020-07-24,IWM,0.01035146,0.012490727,0.0021392666,train,-0.031129835
2020-07-24,SPY,0.0072662616,0.039147746,0.031881485,train,0.03660169
2020-07-24,TLT,-0.0037187506,0.0007092389,0.0044279895,train,0.002983105
2020-07-27,EFA,-0.0064178016,0.0006369259,0.0070547275,train,0.0071115238
2020-07-27,IWM,-0.010009264,-0.018634561,0.008625298,train,0.012490727
2020-07-27,SPY,-0.0063626682,-0.030667586,0.024304919,train,0.039147746
2020-07-27,TLT,0.0068952963,0.0032281526,0.0036671436,train,0.0007092389
2020-07-28,EFA,0.010466355,0.012924274,0.0024579195,train,0.0006369259
2020-07-28,IWM,0.02179565,0.008013172,0.013782477,train,-0.018634561
2020-07-28,SPY,0.012223698,-0.009000625,0.021224324,train,-0.030667586
2020-07-28,TLT,-0.0017051668,-0.0031821993,0.0014770326,train,0.0032281526
2020-07-29,EFA,-0.014873051,0.00955447,0.024427522,train,0.012924274
2020-07-29,IWM,-0.0039580073,0.009629464,0.013587471,train,0.008013172
2020-07-29,SPY,-0.0035742142,-0.024030363,0.020456148,train,-0.009000625
2020-07-29,TLT,0.006567378,0.017918592,0.011351215,train,-0.0031821993
2020-07-30,EFA,-0.021523153,0.018267646,0.0397908,train,0.00955447
2020-07-30,IWM,-0.009455828,0.019337691,0.02879352,train,0.009629464
2020-07-30,SPY,0.007870907,0.02319765,0.015326744,train,-0.024030363
2020-07-30,TLT,-0.0006431226,0.007134857,0.0077779796,train,0.017918592
2020-07-31,EFA,0.019312644,0.025917964,0.0066053197,train,0.018267646
2020-07-31,IWM,0.016155336,0.033349376,0.01719404,train,0.019337691
2020-07-31,SPY,0.0069284774,0.026405895,0.019477418,train,0.02319765
2020-07-31,TLT,-0.005047548,5.022157e-06,0.0050525703,train,0.007134857
2020-08-03,EFA,0.0055174567,-0.01440485,0.019922307,train,0.025917964
2020-08-03,IWM,0.006854099,-0.046679683,0.05353378,train,0.033349376
2020-08-03,SPY,0.0038550226,-0.028898012,0.032753035,train,0.026405895
2020-08-03,TLT,0.009486934,0.009947324,0.00046039,train,5.022157e-06
2020-08-04,EFA,0.0032958358,0.021842748,0.018546913,train,-0.01440485
2020-08-04,IWM,0.019700063,-0.04351486,0.06321492,train,-0.046679683
2020-08-04,SPY,0.0061919214,-0.017932586,0.024124507,train,-0.028898012
2020-08-04,TLT,-0.008781489,-0.009042483,0.00026099384,train,0.009947324
2020-08-05,EFA,0.0010963433,0.028857967,0.027761623,train,0.021842748
2020-08-05,IWM,-0.00039040463,-0.05480238,0.054411978,train,-0.04351486
2020-08-05,SPY,0.006662005,0.017320685,0.0106586795,train,-0.017932586
2020-08-05,TLT,0.0055705705,0.008484913,0.0029143426,train,-0.009042483
2020-08-06,EFA,-0.004077761,0.01931417,0.02339193,train,0.028857967
2020-08-06,IWM,0.01574754,-0.026051562,0.041799102,train,-0.05480238
2020-08-06,SPY,0.0007176108,-0.016775725,0.017493336,train,0.017320685
2020-08-06,TLT,-0.006688482,-0.012814224,0.0061257416,train,0.008484913
2020-08-07,EFA,0.003294872,0.0037148325,0.0004199606,train,0.01931417
2020-08-07,IWM,0.010319906,-0.05218741,0.06250732,train,-0.026051562
2020-08-07,SPY,0.0029846618,-0.0152417775,0.01822644,train,-0.016775725
2020-08-07,TLT,-0.00448333,-0.013695894,0.009212564,train,-0.012814224
2020-08-10,EFA,0.0035962397,0.0016501383,0.0019461014,train,0.0037148325
2020-08-10,IWM,-0.005783772,-0.030863067,0.025079295,train,-0.05218741
2020-08-10,SPY,-0.00828915,-0.049149364,0.040860213,train,-0.0152417775
2020-08-10,TLT,-0.011956255,-0.01577616,0.0038199043,train,-0.013695894
2020-08-11,EFA,0.021921348,-0.01370093,0.035622276,train,0.0016501383
2020-08-11,IWM,0.004071184,0.014904298,0.010833114,train,-0.030863067
2020-08-11,SPY,0.013846193,0.047377348,0.033531155,train,-0.049149364
2020-08-11,TLT,-0.009137914,-0.043442063,0.03430415,train,-0.01577616
2020-08-12,EFA,-0.004438168,-0.0073179263,0.0028797584,train,-0.01370093
2020-08-12,IWM,-0.0020971312,-0.022528436,0.020431304,train,0.014904298
2020-08-12,SPY,-0.0018094139,-0.04762756,0.045818146,train,0.047377348
2020-08-12,TLT,-0.010746215,-0.008729032,0.0020171823,train,-0.043442063
2020-08-13,EFA,-0.006153699,-0.0160725,0.0099188015,train,-0.0073179263
2020-08-13,IWM,-0.00063643605,0.00660338,0.0072398162,train,-0.022528436
2020-08-13,SPY,2.9652036e-05,-0.034680396,0.03471005,train,-0.04762756
2020-08-13,TLT,-0.0039142086,-0.033377774,0.029463565,train,-0.008729032
2020-08-14,EFA,0.007533204,-0.010994485,0.018527688,train,-0.0160725
2020-08-14,IWM,0.005142891,0.013163542,0.0080206515,train,0.00660338
2020-08-14,SPY,0.003171698,-0.017652884,0.020824581,train,-0.034680396
2020-08-14,TLT,0.0025086869,-0.025913065,0.028421752,train,-0.033377774
2020-08-17,EFA,-0.0006128707,-0.00917986,0.00856699,train,-0.010994485
2020-08-17,IWM,-0.009608799,0.015905928,0.025514726,train,0.013163542
2020-08-17,SPY,0.0021580157,-0.015152879,0.017310895,train,-0.017652884
2020-08-17,TLT,0.0071271444,-0.017307002,0.024434146,train,-0.025913065
2020-08-18,EFA,-0.0044543906,-0.0227236,0.01826921,train,-0.00917986
2020-08-18,IWM,6.351845e-05,0.010081539,0.010018021,train,0.015905928
2020-08-18,SPY,-0.004172308,-0.0039851377,0.00018717023,train,-0.015152879
2020-08-18,TLT,-0.0062707937,-0.0028147814,0.0034560123,train,-0.017307002
2020-08-19,EFA,-0.0032379024,0.008777164,0.012015066,train,-0.0227236
2020-08-19,IWM,-0.004100295,-0.003326994,0.0007733009,train,0.010081539
2020-08-19,SPY,0.0031086935,0.013568902,0.010460209,train,-0.0039851377
2020-08-19,TLT,0.008997828,-0.02127537,0.030273197,train,-0.0028147814
2020-08-20,EFA,-0.0051094894,0.0189215,0.024030989,train,0.008777164
2020-08-20,IWM,-0.0074104634,0.0011559441,0.0085664075,train,-0.003326994
2020-08-20,SPY,0.0035409578,0.007894563,0.0043536047,train,0.013568902
2020-08-20,TLT,0.005975012,0.04707584,0.04110083,train,-0.02127537
2020-08-21,EFA,0.013108092,0.010854475,0.0022536172,train,0.0189215
2020-08-21,IWM,0.010423598,0.0024488578,0.00797474,train,0.0011559441
2020-08-21,SPY,0.010082258,-0.021576645,0.031658903,train,0.007894563
2020-08-21,TLT,-0.0016262094,0.041237537,0.042863745,train,0.04707584
2020-08-24,EFA,0.0006128897,-0.039296243,0.03990913,train,0.010854475
2020-08-24,IWM,0.0010871605,0.014285885,0.013198724,train,0.0024488578
2020-08-24,SPY,0.0034931293,-0.0069291345,0.010422263,train,-0.021576645
2020-08-24,TLT,-0.0076828795,0.038462307,0.046145186,train,0.041237537
2020-08-25,EFA,0.005801602,0.008769805,0.0029682028,train,-0.039296243
2020-08-25,IWM,-0.006285273,0.0075679612,0.013853234,train,0.014285885
2020-08-25,SPY,0.009975628,-0.03059189,0.040567517,train,-0.0069291345
2020-08-25,TLT,-0.0038331773,-0.01889733,0.015064153,train,0.038462307
2020-08-26,EFA,-0.010251891,-0.019813627,0.009561736,train,0.008769805
2020-08-26,IWM,0.0024421527,0.006410279,0.003968126,train,0.0075679612
2020-08-26,SPY,0.002184504,-0.032265995,0.034450497,train,-0.03059189
2020-08-26,TLT,-0.01715572,0.03968845,0.056844167,train,-0.01889733
2020-08-27,EFA,0.007049891,-0.0072711227,0.014321014,train,-0.019813627
2020-08-27,IWM,0.008436347,-0.008113101,0.01654945,train,0.006410279
2020-08-27,SPY,0.0064381496,-0.045324367,0.051762518,train,-0.032265995
2020-08-27,TLT,-0.0007446523,-0.018923702,0.01817905,train,0.03968845
2020-08-28,EFA,-0.0076651694,-0.04586896,0.03820379,train,-0.0072711227
2020-08-28,IWM,-0.010814375,-0.01704559,0.006231214,train,-0.008113101
2020-08-28,SPY,-0.00362869,-0.039451893,0.035823204,train,-0.045324367
2020-08-28,TLT,0.006618943,0.04817651,0.041557565,train,-0.018923702
2020-08-31,EFA,0.0010766437,-0.013277601,0.014354245,train,-0.04586896
2020-08-31,IWM,0.011387191,0.0026747254,0.008712465,train,-0.01704559
2020-08-31,SPY,0.009374082,-0.027023114,0.036397196,train,-0.039451893
2020-08-31,TLT,0.011373067,0.023885375,0.012512308,train,0.04817651
2020-09-01,EFA,0.013285662,-0.0026029358,0.015888598,train,-0.013277601
2020-09-01,IWM,0.007919582,0.008459175,0.0005395934,train,0.0026747254
2020-09-01,SPY,0.014360647,-0.016435543,0.030796189,train,-0.027023114
2020-09-01,TLT,0.009475404,-0.01388715,0.023362555,train,0.023885375
2020-09-02,EFA,-0.022862686,-0.037394248,0.014531562,train,-0.0026029358
2020-09-02,IWM,-0.02997925,0.00645641,0.03643566,train,0.008459175
2020-09-02,SPY,-0.03502043,-0.06095275,0.02593232,train,-0.016435543
2020-09-02,TLT,0.0028370272,-0.0076340637,0.010471091,train,-0.01388715
2020-09-03,EFA,0.0013958403,0.01327101,0.011875169,train,-0.037394248
2020-09-03,IWM,-0.0063931267,-0.0076147127,0.001221586,train,0.00645641
2020-09-03,SPY,-0.008198196,-0.024309205,0.016111009,train,-0.06095275
2020-09-03,TLT,-0.019171173,0.022211203,0.041382376,train,-0.0076340637
2020-09-04,EFA,-0.012319692,-0.03563799,0.023318298,train,0.01327101
2020-09-04,IWM,-0.019428331,0.012673296,0.032101627,train,-0.0076147127
2020-09-04,SPY,-0.027703172,0.025145518,0.05284869,train,-0.024309205
2020-09-04,TLT,0.006125945,-0.018184774,0.02431072,train,0.022211203
2020-09-08,EFA,0.018500293,0.007334512,0.011165781,train,-0.03563799
2020-09-08,IWM,0.015034172,0.02937678,0.014342609,train,0.012673296
2020-09-08,SPY,0.019554889,0.07525166,0.05569677,train,0.025145518
2020-09-08,TLT,-0.0026907495,0.031182406,0.033873156,train,-0.018184774
2020-09-09,EFA,-0.01177576,-0.0208821,0.00910634,train,0.007334512
2020-09-09,IWM,-0.013100707,-0.05040066,0.037299953,train,0.02937678
2020-09-09,SPY,-0.017515926,-0.073544115,0.056028187,train,0.07525166
2020-09-09,TLT,0.005069964,0.0074617905,0.0023918264,train,0.031182406
2020-09-10,EFA,0.009925733,0.04579793,0.035872195,train,-0.0208821
2020-09-10,IWM,-0.006682814,0.01540293,0.022085745,train,-0.05040066
2020-09-10,SPY,0.00050869735,0.05858485,0.058076154,train,-0.073544115
2020-09-10,TLT,0.0021304511,0.026395256,0.024264805,train,0.0074617905
2020-09-11,EFA,0.0053866836,0.007164067,0.0017773835,train,0.04579793
2020-09-11,IWM,0.026008662,-0.008624328,0.03463299,train,0.01540293
2020-09-11,SPY,0.0130855655,0.033629175,0.020543609,train,0.05858485
2020-09-11,TLT,-6.0898008e-05,0.013462922,0.01352382,train,0.026395256
2020-09-14,EFA,0.0064257868,-0.008525291,0.014951078,train,0.007164067
2020-09-14,IWM,0.0018924072,-0.01654263,0.018435037,train,-0.008624328
2020-09-14,SPY,0.0050393743,0.0049411547,9.821961e-05,train,0.033629175
2020-09-14,TLT,-0.0024350064,0.008227395,0.010662401,train,0.013462922
2020-09-15,EFA,0.0,-0.016063673,0.016063673,train,-0.008525291
2020-09-15,IWM,0.009409849,0.07415231,0.06474246,train,-0.01654263
2020-09-15,SPY,-0.0039763255,0.041380543,0.04535687,train,0.0049411547
2020-09-15,TLT,-0.002991218,0.015333621,0.018324839,train,0.008227395
2020-09-16,EFA,0.001371863,-0.0044101,0.005781963,train,-0.016063673
2020-09-16,IWM,-0.0073252805,-0.027505906,0.020180626,train,0.07415231
2020-09-16,SPY,-0.008834341,0.06536501,0.07419935,train,0.041380543
2020-09-16,TLT,0.0030518244,0.011591839,0.008540014,train,0.015333621
2020-09-17,EFA,-0.008104869,-0.006386285,0.001718584,train,-0.0044101
2020-09-17,IWM,-0.002606177,0.0043734265,0.0069796033,train,-0.027505906
2020-09-17,SPY,-0.011579357,0.01723935,0.028818708,train,0.06536501
2020-09-17,TLT,-0.0031125057,0.014098827,0.017211333,train,0.011591839
2020-09-18,EFA,-0.025660252,-0.0151907895,0.010469463,train,-0.006386285
2020-09-18,IWM,-0.035659935,-0.026733205,0.008926731,train,0.0043734265
2020-09-18,SPY,-0.011192028,0.001352442,0.01254447,train,0.01723935
2020-09-18,TLT,0.005061394,0.005409624,0.0003482299,train,0.014098827
2020-09-21,EFA,-0.00031530304,0.014732467,0.01504777,train,-0.0151907895
2020-09-21,IWM,0.0076771327,0.011637179,0.0039600465,train,-0.026733205
2020-09-21,SPY,0.010132888,-0.0009977682,0.011130657,train,0.001352442
2020-09-21,TLT,-0.0007912504,0.00096066156,0.001751912,train,0.005409624
2020-09-22,EFA,-0.008386672,0.024787469,0.033174142,train,0.014732467
2020-09-22,IWM,-0.030245015,0.010036346,0.040281363,train,0.011637179
2020-09-22,SPY,-0.02346431,-0.012053149,0.011411162,train,-0.0009977682
2020-09-22,TLT,0.0013380058,0.0019017262,0.0005637205,train,0.00096066156
2020-09-23,EFA,-0.0009539087,0.025773494,0.026727403,train,0.024787469
2020-09-23,IWM,0.0,0.014810456,0.014810456,train,0.010036346
2020-09-23,SPY,0.0026622524,-0.01977676,0.022439012,train,-0.012053149
2020-09-23,TLT,0.0038228752,0.01894793,0.015125054,train,0.0019017262
2020-09-24,EFA,0.0033348498,0.014860421,0.011525571,train,0.025773494
2020-09-24,IWM,0.016111545,0.0070525524,0.009058993,train,0.014810456
2020-09-24,SPY,0.016037727,-0.020719152,0.03675688,train,-0.01977676
2020-09-24,TLT,0.0,-0.0009545209,0.0009545209,train,0.01894793
2020-09-25,EFA,0.014947866,-0.0061426866,0.021090552,train,0.014860421
2020-09-25,IWM,0.024357807,-0.012952257,0.037310064,train,0.0070525524
2020-09-25,SPY,0.016472608,-0.02222221,0.038694818,train,-0.020719152
2020-09-25,TLT,-0.0028497276,-0.00899584,0.0061461125,train,-0.0009545209
2020-09-28,EFA,-0.0010939449,0.029283816,0.03037776,train,-0.0061426866
2020-09-28,IWM,-0.0045433096,-0.026154546,0.021611236,train,-0.012952257
2020-09-28,SPY,-0.0054608737,-0.04377191,0.03831104,train,-0.02222221
2020-09-28,TLT,0.0011523177,-0.001067983,0.0022203007,train,-0.00899584
2020-09-29,EFA,-0.0048585148,0.01117455,0.016033065,train,0.029283816
2020-09-29,IWM,0.0030090709,0.0687395,0.06573043,train,-0.026154546
2020-09-29,SPY,0.0075533176,-0.020496024,0.028049342,train,-0.04377191
2020-09-29,TLT,-0.009631049,-0.015019922,0.0053888727,train,-0.001067983
2020-09-30,EFA,0.005796245,0.011632109,0.005835864,train,0.01117455
2020-09-30,IWM,0.015829451,0.011506176,0.0043232758,train,0.0687395
2020-09-30,SPY,0.006399266,0.019928241,0.013528975,train,-0.020496024
2020-09-30,TLT,0.0016480498,-0.012036698,0.013684748,train,-0.015019922
2020-10-01,EFA,-0.0020326618,0.017350081,0.019382743,train,0.011632109
2020-10-01,IWM,0.004393329,-0.05358025,0.05797358,train,0.011506176
2020-10-01,SPY,-0.009539526,-0.09395285,0.08441332,train,0.019928241
2020-10-01,TLT,-0.0037410443,-0.009788461,0.0060474165,train,-0.012036698
2020-10-02,EFA,0.015068134,-0.011206096,0.02627423,train,0.017350081
2020-10-02,IWM,0.027234204,0.017579792,0.009654412,train,-0.05358025
2020-10-02,SPY,0.017577723,-0.13217077,0.14974849,train,-0.09395285
2020-10-02,TLT,-0.019732798,-0.022924999,0.0031922013,train,-0.009788461
2020-10-05,EFA,-0.010695303,-0.0068011596,0.0038941433,train,-0.011206096
2020-10-05,IWM,-0.0028691967,-0.04304028,0.040171083,train,0.017579792
2020-10-05,SPY,-0.014317766,-0.005728965,0.0085888,train,-0.13217077
2020-10-05,TLT,0.0053749946,-0.042968392,0.048343387,train,-0.022924999
2020-10-06,EFA,0.008534675,0.003200735,0.0053339405,train,-0.0068011596
2020-10-06,IWM,0.021601297,-0.04158468,0.063185975,train,-0.04304028
2020-10-06,SPY,0.017256666,-0.023348073,0.04060474,train,-0.005728965
2020-10-06,TLT,-0.0073192692,0.011691308,0.019010577,train,-0.042968392
2020-10-07,EFA,0.006928858,0.006416148,0.00051270984,train,0.003200735
2020-10-07,IWM,0.011307869,-0.02540358,0.036711447,train,-0.04158468
2020-10-07,SPY,0.00882368,0.040589485,0.031765804,train,-0.023348073
2020-10-07,TLT,0.0053847516,-0.019747276,0.025132027,train,0.011691308
2020-10-08,EFA,0.0077952663,-0.0049833353,0.012778602,train,0.006416148
2020-10-08,IWM,0.0051764073,0.018947558,0.013771151,train,-0.02540358
2020-10-08,SPY,0.008890486,-0.011213435,0.02010392,train,0.040589485
2020-10-08,TLT,-0.00018714862,-0.008434784,0.008247635,train,-0.019747276
2020-10-09,EFA,0.0057688775,0.021698136,0.01592926,train,-0.0049833353
2020-10-09,IWM,0.0066770264,-0.076036826,0.08271385,train,0.018947558
2020-10-09,SPY,0.015959289,0.0061081597,0.00985113,train,-0.011213435
2020-10-09,TLT,0.0031808142,-0.014809262,0.017990077,train,-0.008434784
2020-10-12,EFA,-0.011265152,-0.03898693,0.027721778,train,0.021698136
2020-10-12,IWM,-0.0066770264,-0.0736371,0.066960074,train,-0.076036826
2020-10-12,SPY,-0.006547214,0.029881427,0.03642864,train,0.0061081597
2020-10-12,TLT,0.007135491,-0.0063068955,0.013442386,train,-0.014809262
2020-10-13,EFA,-0.0016854377,-0.016969776,0.015284338,train,-0.03898693
2020-10-13,IWM,-0.009944571,-0.009477405,0.0004671663,train,-0.0736371
2020-10-13,SPY,-0.006303552,-0.036284078,0.029980525,train,0.029881427
2020-10-13,TLT,0.0022845312,0.01867278,0.016388249,train,-0.0063068955
2020-10-14,EFA,-0.01187814,0.012148395,0.024026535,train,-0.016969776
2020-10-14,IWM,0.010252351,0.028505372,0.018253021,train,-0.009477405
2020-10-14,SPY,-0.0012363546,-0.0032239757,0.0019876212,train,-0.036284078
2020-10-14,TLT,-0.001728393,0.001012756,0.0027411492,train,0.01867278
2020-10-15,EFA,0.004644547,-0.0034563704,0.008100918,train,0.012148395
2020-10-15,IWM,-0.0024609847,-0.0056520454,0.0031910606,train,0.028505372
2020-10-15,SPY,-0.0006046649,0.018334536,0.0189392,train,-0.0032239757
2020-10-15,TLT,-0.0027844592,-0.0058990647,0.0031146056,train,0.001012756
2020-10-16,EFA,-0.0037139382,0.015325865,0.019039802,train,-0.0034563704
2020-10-16,IWM,-0.012021598,0.0116811115,0.02370271,train,-0.0056520454
2020-10-16,SPY,-0.015320102,0.0012702295,0.01659033,train,0.018334536
2020-10-16,TLT,-0.0037867958,-0.010967562,0.007180766,train,-0.0058990647
2020-10-19,EFA,0.0049490207,0.006063674,0.0011146534,train,0.015325865
2020-10-19,IWM,0.0021795216,0.023782406,0.021602884,train,0.0116811115
2020-10-19,SPY,0.0039978344,0.020792017,0.016794182,train,0.0012702295
2020-10-19,TLT,-0.00956196,-0.0010493998,0.00851256,train,-0.010967562
2020-10-20,EFA,-0.0047939685,0.00096498756,0.005758956,train,0.006063674
2020-10-20,IWM,-0.008621214,0.060928505,0.06954972,train,0.023782406
2020-10-20,SPY,-0.0018950364,0.040783856,0.042678893,train,0.020792017
2020-10-20,TLT,-0.0034591903,-0.0035112565,5.2066287e-05,train,-0.0010493998
2020-10-21,EFA,0.00077462173,-0.0040115463,0.004786168,train,0.00096498756
2020-10-21,IWM,0.0171071,0.023337627,0.0062305275,train,0.060928505
2020-10-21,SPY,0.0054705082,0.016046561,0.010576053,train,0.040783856
2020-10-21,TLT,-0.0104516735,0.014558615,0.025010288,train,-0.0035112565
2020-10-22,EFA,0.006484737,0.0014665215,0.0050182156,train,-0.0040115463
2020-10-22,IWM,0.0057810554,-0.010661591,0.016442645,train,0.023337627
2020-10-22,SPY,0.0033894647,-0.004637744,0.008027209,train,0.016046561
2020-10-22,TLT,0.0060939896,0.0007026731,0.0053913165,train,0.014558615
2020-10-23,EFA,-0.0181698,-0.013075307,0.005094493,train,0.0014665215
2020-10-23,IWM,-0.021822127,0.016141804,0.03796393,train,-0.010661591
2020-10-23,SPY,-0.018652976,-0.005801708,0.012851268,train,-0.004637744
2020-10-23,TLT,0.009260379,-0.014000231,0.02326061,train,0.0007026731
2020-10-26,EFA,-0.00786657,-0.012246104,0.004379534,train,-0.013075307
2020-10-26,IWM,-0.008623801,-0.020853983,0.012230182,train,0.016141804
2020-10-26,SPY,-0.003453295,-0.03165077,0.028197475,train,-0.005801708
2020-10-26,TLT,0.0066868556,0.0030385307,0.0036483249,train,-0.014000231
2020-10-27,EFA,-0.030307777,-0.0141918715,0.016115906,train,-0.012246104
2020-10-27,IWM,-0.031271685,0.024039092,0.05531078,train,-0.020853983
2020-10-27,SPY,-0.034776684,-0.031181512,0.0035951715,train,-0.03165077
2020-10-27,TLT,0.0009337236,0.0136955995,0.012761876,train,0.0030385307
2020-10-28,EFA,0.004710374,0.0004874603,0.0042229136,train,-0.0141918715
2020-10-28,IWM,0.0118659735,-0.013939435,0.025805408,train,0.024039092
2020-10-28,SPY,0.0101124095,-0.04430761,0.054420017,train,-0.031181512
2020-10-28,TLT,-0.009755123,0.0019108183,0.011665942,train,0.0136955995
2020-10-29,EFA,-0.0051990137,-0.035482135,0.030283121,train,0.0004874603
2020-10-29,IWM,-0.013302298,0.009052513,0.022354811,train,-0.013939435
2020-10-29,SPY,-0.01047963,-0.043681465,0.033201836,train,-0.04430761
2020-10-29,TLT,-0.00991438,-0.013622614,0.003708234,train,0.0019108183
2020-10-30,EFA,0.012947419,0.043762036,0.030814618,train,-0.035482135
2020-10-30,IWM,0.01767602,0.012137497,0.005538523,train,0.009052513
2020-10-30,SPY,0.011146032,-0.08078334,0.09192937,train,-0.043681465
2020-10-30,TLT,0.007463127,-0.02242836,0.029891487,train,-0.013622614
2020-11-02,EFA,0.025872225,-0.016947834,0.04282006,train,0.043762036
2020-11-02,IWM,0.027971452,-0.042621464,0.07059292,train,0.012137497
2020-11-02,SPY,0.017501714,-0.024480974,0.041982688,train,-0.08078334
2020-11-02,TLT,-0.0058183772,-0.0046540024,0.0011643749,train,-0.02242836
2020-11-03,EFA,0.010908602,-0.020220371,0.031128973,train,-0.016947834
2020-11-03,IWM,0.0011222034,-0.00478672,0.005908923,train,-0.042621464
2020-11-03,SPY,0.02210321,-0.0068580112,0.028961223,train,-0.024480974
2020-11-03,TLT,0.02145986,0.005180282,0.016279578,train,-0.0046540024
2020-11-04,EFA,0.023739778,-0.086800024,0.1105398,train,-0.020220371
2020-11-04,IWM,0.02760449,-0.03475575,0.062360242,train,-0.00478672
2020-11-04,SPY,0.019314917,-0.0057875044,0.025102422,train,-0.0068580112
2020-11-04,TLT,0.001736689,-0.0054745423,0.007211231,train,0.005180282
2020-11-05,EFA,0.0021165262,-0.039886367,0.042002894,train,-0.086800024
2020-11-05,IWM,-0.007853077,-0.044523176,0.0366701,train,-0.03475575
2020-11-05,SPY,-0.00022847229,0.004754337,0.0049828095,train,-0.0057875044
2020-11-05,TLT,-0.012158052,0.052270006,0.06442806,train,-0.0054745423
2020-11-06,EFA,0.028733,-0.12724529,0.15597829,train,-0.039886367
2020-11-06,IWM,0.0356013,0.01626012,0.01934118,train,-0.044523176
2020-11-06,SPY,0.01248743,-0.07647216,0.08895959,train,0.004754337
2020-11-06,TLT,-0.021238932,0.013277562,0.034516495,train,0.052270006
2020-11-09,EFA,0.008912144,-0.03172173,0.040633872,train,-0.12724529
2020-11-09,IWM,0.01840784,-0.06876313,0.08717097,train,0.01626012
2020-11-09,SPY,-0.0014673749,0.050103363,0.051570736,train,-0.07647216
2020-11-09,TLT,-0.0057841134,-0.02852407,0.022739956,train,0.013277562
2020-11-10,EFA,0.008401183,0.014941158,0.0065399744,train,-0.03172173
2020-11-10,IWM,-0.0004054452,-0.021732232,0.021326786,train,-0.06876313
2020-11-10,SPY,0.0074011395,-0.07269836,0.0800995,train,0.050103363
2020-11-10,TLT,0.003602654,0.026414802,0.022812149,train,-0.02852407
2020-11-11,EFA,-0.014675219,-0.034330253,0.019655034,train,0.014941158
2020-11-11,IWM,-0.015469586,-0.051676217,0.036206633,train,-0.021732232
2020-11-11,SPY,-0.009748501,-0.045665342,0.035916843,train,-0.07269836
2020-11-11,TLT,0.016874766,0.026620625,0.009745859,train,0.026414802
2020-11-12,EFA,0.015251904,0.032555528,0.017303623,train,-0.034330253
2020-11-12,IWM,0.020497026,-0.03785572,0.058352746,train,-0.051676217
2020-11-12,SPY,0.013749298,-0.00187814,0.015627438,train,-0.045665342
2020-11-12,TLT,-0.0013270353,0.029010909,0.030337945,train,0.026620625
2020-11-13,EFA,0.010325715,0.07702427,0.06669856,train,0.032555528
2020-11-13,IWM,0.023524985,0.03391214,0.010387156,train,-0.03785572
2020-11-13,SPY,0.012405495,-0.02400968,0.036415175,train,-0.00187814
2020-11-13,TLT,-0.002405483,0.029376796,0.031782277,train,0.029010909
2020-11-16,EFA,-0.0009995719,0.058276325,0.0592759,train,0.07702427
2020-11-16,IWM,0.004661653,-0.011867678,0.016529331,train,0.03391214
2020-11-16,SPY,-0.0053927214,0.01657697,0.02196969,train,-0.02400968
2020-11-16,TLT,0.0065064067,-0.025976265,0.032482672,train,0.029376796
2020-11-17,EFA,-0.0052979263,0.046535313,0.05183324,train,0.058276325
2020-11-17,IWM,-0.014107737,-0.07886536,0.06475762,train,-0.011867678
2020-11-17,SPY,-0.012107916,0.031206885,0.0433148,train,0.01657697
2020-11-17,TLT,0.0028933175,0.007501353,0.0046080356,train,-0.025976265
2020-11-18,EFA,0.0070106653,0.039736982,0.032726318,train,0.046535313
2020-11-18,IWM,0.0076428675,-4.124595e-05,0.0076841135,train,-0.07886536
2020-11-18,SPY,0.0042014737,0.0052832463,0.0010817726,train,0.031206885
2020-11-18,TLT,0.0051343455,0.013648702,0.008514356,train,0.007501353
2020-11-19,EFA,0.002989517,0.016457153,0.013467636,train,0.039736982
2020-11-19,IWM,0.0010710773,-0.0879961,0.08906718,train,-4.124595e-05
2020-11-19,SPY,-0.006871348,-0.021577677,0.0147063285,train,0.0052832463
2020-11-19,TLT,0.008831618,-0.005247166,0.014078785,train,0.013648702
2020-11-20,EFA,-0.0012802829,0.008284057,0.009564339,train,0.016457153
2020-11-20,IWM,0.018531427,-0.017142573,0.035674,train,-0.0879961
2020-11-20,SPY,0.0059763286,-0.025706679,0.031683005,train,-0.021577677
2020-11-20,TLT,-0.004592273,-0.0054628416,0.0008705687,train,-0.005247166
2020-11-23,EFA,0.014833944,0.033614676,0.018780733,train,0.008284057
2020-11-23,IWM,0.018628433,-0.026867425,0.04549586,train,-0.017142573
2020-11-23,SPY,0.015985435,0.00803812,0.0079473145,train,-0.025706679
2020-11-23,TLT,-0.010002237,-0.00094206445,0.009060172,train,-0.0054628416
2020-11-24,EFA,-0.001262847,-0.092721,0.09145816,train,0.033614676
2020-11-24,IWM,-0.0034255453,-0.017205002,0.013779457,train,-0.026867425
2020-11-24,SPY,-0.0015430765,-0.016204963,0.014661886,train,0.00803812
2020-11-24,TLT,-0.0030832943,0.0011131694,0.0041964636,train,-0.00094206445
2020-11-25,EFA,0.0068567107,-0.008299602,0.015156313,train,-0.092721
2020-11-25,IWM,0.004239492,-0.07042511,0.0746646,train,-0.017205002
2020-11-25,SPY,0.002781206,0.030480748,0.027699541,train,-0.016204963
2020-11-25,TLT,0.009658289,-0.0002621906,0.00992048,train,0.0011131694
2020-11-27,EFA,-0.021994585,-0.033248436,0.011253851,train,-0.008299602
2020-11-27,IWM,-0.018336693,-0.07454413,0.05620744,train,-0.07042511
2020-11-27,SPY,-0.004436929,0.0458827,0.050319627,train,0.030480748
2020-11-27,TLT,-0.0012486763,0.018842623,0.020091299,train,-0.0002621906
2020-11-30,EFA,0.023248684,0.04391677,0.020668086,train,-0.033248436
2020-11-30,IWM,0.009237859,0.008150669,0.0010871906,train,-0.07454413
2020-11-30,SPY,0.010877859,-0.0029412848,0.013819143,train,0.0458827
2020-11-30,TLT,-0.014854539,0.031345222,0.04619976,train,0.018842623
2020-12-01,EFA,0.00013916362,-0.06398795,0.06412711,train,0.04391677
2020-12-01,IWM,0.0010393166,0.014422515,0.0133831985,train,0.008150669
2020-12-01,SPY,0.0021017778,-0.029554477,0.031656254,train,-0.0029412848
2020-12-01,TLT,-0.007968311,0.005571268,0.013539579,train,0.031345222
2020-12-02,EFA,0.0016698308,-0.006013443,0.007683274,train,-0.06398795
2020-12-02,IWM,0.00561604,0.035899006,0.030282967,train,0.014422515
2020-12-02,SPY,-0.00027259823,0.013312599,0.013585197,train,-0.029554477
2020-12-02,TLT,0.008031592,3.542425e-05,0.007996168,train,0.005571268
2020-12-03,EFA,0.008444478,-0.003980567,0.012425045,train,-0.006013443
2020-12-03,IWM,0.02300424,0.015867418,0.0071368217,train,0.035899006
2020-12-03,SPY,0.0085806865,0.008603014,2.2327527e-05,train,0.013312599
2020-12-03,TLT,-0.014774272,0.0085357,0.023309972,train,3.542425e-05
2020-12-04,EFA,-0.008166422,-0.0099637285,0.0017973064,train,-0.003980567
2020-12-04,IWM,0.00095608126,-0.0039505367,0.004906618,train,0.015867418
2020-12-04,SPY,-0.0020569724,0.017106643,0.019163616,train,0.008603014
2020-12-04,TLT,0.008980597,-0.018059207,0.027039804,train,0.0085357
2020-12-07,EFA,0.0034684953,0.020973155,0.01750466,train,-0.0099637285
2020-12-07,IWM,0.0127643375,-0.093266614,0.10603095,train,-0.0039505367
2020-12-07,SPY,0.0029214888,-0.017152395,0.020073883,train,0.017106643
2020-12-07,TLT,0.0047137095,-0.009210702,0.0139244115,train,-0.018059207
2020-12-08,EFA,0.0013841859,0.061833676,0.06044949,train,0.020973155
2020-12-08,IWM,-0.0073117795,-0.011795986,0.004484207,train,-0.093266614
2020-12-08,SPY,-0.009008992,0.015847271,0.024856264,train,-0.017152395
2020-12-08,TLT,-0.0033096636,-0.0007848996,0.002524764,train,-0.009210702
2020-12-09,EFA,0.0013820862,0.019085422,0.017703336,train,0.061833676
2020-12-09,IWM,0.009615419,0.037025727,0.027410308,train,-0.011795986
2020-12-09,SPY,-0.00032707327,0.0048516323,0.005178706,train,0.015847271
2020-12-09,TLT,0.008824666,-0.016704597,0.025529262,train,-0.0007848996
2020-12-10,EFA,-0.003043115,0.037464317,0.040507432,train,0.019085422
2020-12-10,IWM,-0.0049276496,-0.04490522,0.03997757,train,0.037025727
2020-12-10,SPY,-0.0011734744,-0.0033861203,0.002212646,train,0.0048516323
2020-12-10,TLT,0.0035331284,0.012953384,0.009420255,train,-0.016704597
2020-12-11,EFA,0.0006150331,0.031430967,0.030815935,train,0.037464317
2020-12-11,IWM,0.0011697344,0.024425937,0.023256203,train,-0.04490522
2020-12-11,SPY,-0.0044874693,-0.0018423137,0.0026451556,train,-0.0033861203
2020-12-11,TLT,-0.0027755054,0.0073279464,0.010103452,train,0.012953384
2020-12-14,EFA,0.010153936,-0.015876587,0.026030524,train,0.031430967
2020-12-14,IWM,0.024701476,-0.035765745,0.06046722,train,0.024425937
2020-12-14,SPY,0.0134291835,-0.0044431104,0.017872294,train,-0.0018423137
2020-12-14,TLT,-0.0033530062,-0.008534804,0.005181798,train,0.0073279464
2020-12-15,EFA,0.0038672262,0.00528973,0.001422504,train,-0.015876587
2020-12-15,IWM,-0.00360209,-0.06518957,0.06158748,train,-0.035765745
2020-12-15,SPY,0.0015678258,-0.019568969,0.021136794,train,-0.0044431104
2020-12-15,TLT,-0.0026654652,-0.011024809,0.008359345,train,-0.008534804
2020-12-16,EFA,0.0070060752,-0.010580303,0.017586378,train,0.00528973
2020-12-16,IWM,0.011838234,-0.02440766,0.036245894,train,-0.06518957
2020-12-16,SPY,0.0055765617,-0.0023995903,0.007976152,train,-0.019568969
2020-12-16,TLT,-0.002649321,0.00028458703,0.002933908,train,-0.011024809
2020-12-17,EFA,-0.0052156723,-0.026441392,0.021225719,train,-0.010580303
2020-12-17,IWM,-0.0048514693,-0.06488351,0.06003204,train,-0.02440766
2020-12-17,SPY,-0.0040008295,-0.019377498,0.015376668,train,-0.0023995903
2020-12-17,TLT,-0.0030018764,0.009906154,0.01290803,train,0.00028458703
2020-12-18,EFA,-0.01287994,0.004287033,0.017166972,train,-0.026441392
2020-12-18,IWM,-0.0005122322,0.026982589,0.027494822,train,-0.06488351
2020-12-18,SPY,-0.0035817781,0.016800499,0.020382278,train,-0.019377498
2020-12-18,TLT,0.0039581354,0.007732429,0.0037742937,train,0.009906154
2020-12-21,EFA,-0.0025121616,0.009017525,0.011529687,train,0.004287033
2020-12-21,IWM,0.011306813,-0.018216817,0.02952363,train,0.026982589
2020-12-21,SPY,-0.0016868763,0.010750005,0.012436882,train,0.016800499
2020-12-21,TLT,0.005147396,0.031269602,0.026122207,train,0.007732429
2020-12-22,EFA,0.010702698,0.007782685,0.0029200125,train,0.009017525
2020-12-22,IWM,0.008471654,-0.011948254,0.020419907,train,-0.018216817
2020-12-22,SPY,0.00089800544,-0.023760507,0.024658512,train,0.010750005
2020-12-22,TLT,-0.006933031,0.010566622,0.017499654,train,0.031269602
2020-12-23,EFA,0.0004147019,0.0118711535,0.011456451,train,0.007782685
2020-12-23,IWM,-0.00065295584,-0.038488228,0.03783527,train,-0.011948254
2020-12-23,SPY,0.003882951,-0.023041466,0.026924416,train,-0.023760507
2020-12-23,TLT,0.003949563,-0.0010120147,0.0049615777,train,0.010566622
2020-12-24,EFA,0.008120641,0.015626037,0.0075053964,train,0.0118711535
2020-12-24,IWM,-0.0037253713,-0.028612481,0.024887111,train,-0.038488228
2020-12-24,SPY,0.008554056,-0.039319865,0.04787392,train,-0.023041466
2020-12-24,TLT,0.0004448331,-0.0032836776,0.0037285108,train,-0.0010120147
2020-12-28,EFA,0.0064220414,-0.004394729,0.010816771,train,0.015626037
2020-12-28,IWM,-0.019557541,-0.03768702,0.018129477,train,-0.028612481
2020-12-28,SPY,-0.0019094127,0.010429887,0.0123393,train,-0.039319865
2020-12-28,TLT,-0.0012720815,-0.0062620076,0.0049899262,train,-0.0032836776
2020-12-29,EFA,0.0013610316,-0.0010858248,0.0024468563,train,-0.004394729
2020-12-29,IWM,0.010132133,-0.010552887,0.02068502,train,-0.03768702
2020-12-29,SPY,0.0014256341,-0.0047416813,0.0061673154,train,0.010429887
2020-12-29,TLT,0.0021613827,-0.004568688,0.006730071,train,-0.0062620076
2020-12-30,EFA,-0.0076461374,-0.0032855817,0.0043605557,train,-0.0010858248
2020-12-30,IWM,-0.001783725,-0.005093215,0.0033094902,train,-0.010552887
2020-12-30,SPY,0.0050681275,-0.0027073245,0.007775452,train,-0.0047416813
2020-12-30,TLT,0.0014589546,-0.010224391,0.011683346,train,-0.004568688
2020-12-31,EFA,0.005194751,-0.0069074943,0.012102245,train,-0.0032855817
2020-12-31,IWM,-0.01314292,-0.008680079,0.004462841,train,-0.005093215
2020-12-31,SPY,-0.013707716,-0.0015299967,0.012177719,train,-0.0027073245
2020-12-31,TLT,-0.0012047531,-0.009357211,0.008152458,train,-0.010224391
2021-01-04,EFA,0.01030948,0.029166622,0.018857142,train,-0.0069074943
2021-01-04,IWM,0.015333845,0.015065424,0.00026842114,train,-0.008680079
2021-01-04,SPY,0.0068638753,0.036967445,0.03010357,train,-0.0015299967
2021-01-04,TLT,-0.0074541806,-0.003938086,0.0035160948,train,-0.009357211
2021-01-05,EFA,0.011405866,0.0056572943,0.0057485714,train,0.029166622
2021-01-05,IWM,0.040103175,-0.017853256,0.05795643,train,0.015065424
2021-01-05,SPY,0.005960648,0.012145357,0.0061847093,train,0.036967445
2021-01-05,TLT,-0.020742074,-0.01502954,0.0057125334,train,-0.003938086
2021-01-06,EFA,0.0010665889,-0.0018563517,0.0029229405,train,0.0056572943
2021-01-06,IWM,0.017640302,0.08699162,0.06935132,train,-0.017853256
2021-01-06,SPY,0.014748051,0.031371552,0.0166235,train,0.012145357
2021-01-06,TLT,-0.008853691,-0.038942095,0.030088404,train,-0.01502954
2021-01-07,EFA,0.0092862975,-0.004681821,0.0139681185,train,-0.0018563517
2021-01-07,IWM,-0.0021638693,-0.042665515,0.040501647,train,0.08699162
2021-01-07,SPY,0.0056816717,0.020001056,0.0143193845,train,0.031371552
2021-01-07,TLT,-0.0032325264,-0.020229198,0.016996672,train,-0.038942095
2021-01-08,EFA,-0.013158897,-0.03146312,0.018304223,train,-0.004681821
2021-01-08,IWM,-0.0008670637,0.012944771,0.013811835,train,-0.042665515
2021-01-08,SPY,-0.0067636673,0.03824233,0.045005996,train,0.020001056
2021-01-08,TLT,-0.0016535593,-0.011786928,0.010133369,train,-0.020229198
2021-01-11,EFA,0.004538833,0.011059159,0.0065203262,train,-0.03146312
2021-01-11,IWM,0.017765475,-0.0881536,0.10591908,train,0.012944771
2021-01-11,SPY,0.0002113141,0.020295706,0.020084392,train,0.03824233
2021-01-11,TLT,-0.00079452834,-0.015448201,0.014653673,train,-0.011786928
2021-01-12,EFA,-0.0013329117,0.020501947,0.021834858,train,0.011059159
2021-01-12,IWM,-0.007173101,-0.0070068142,0.00016628671,train,-0.0881536
2021-01-12,SPY,0.0026893148,0.042342585,0.03965327,train,0.020295706
2021-01-12,TLT,0.011198582,0.0060633593,0.005135223,train,-0.015448201
2021-01-13,EFA,0.007970477,0.004549352,0.0034211255,train,0.020501947
2021-01-13,IWM,0.019779092,-0.031133477,0.050912566,train,-0.0070068142
2021-01-13,SPY,-0.003508233,0.035214774,0.038723007,train,0.042342585
2021-01-13,TLT,-0.009411899,0.025375143,0.034787044,train,0.0060633593
2021-01-14,EFA,-0.015735807,0.040108446,0.055844255,train,0.004549352
2021-01-14,IWM,-0.015023083,-0.046639837,0.031616755,train,-0.031133477
2021-01-14,SPY,-0.007319235,0.008167669,0.0154869035,train,0.035214774
2021-01-14,TLT,0.003959751,-0.011015525,0.014975276,train,0.025375143
2021-01-15,EFA,0.0072318814,-0.043902908,0.051134787,train,0.040108446
2021-01-15,IWM,0.012730268,-0.012304541,0.025034808,train,-0.046639837
2021-01-15,SPY,0.007821252,0.009212485,0.001391233,train,0.008167669
2021-01-15,TLT,0.003222371,0.019829499,0.016607128,train,-0.011015525
2021-01-19,EFA,0.006782223,0.016669502,0.00988728,train,-0.043902908
2021-01-19,IWM,0.0043940665,-0.11157548,0.115969546,train,-0.012304541
2021-01-19,SPY,0.013743594,-0.005792669,0.019536264,train,0.009212485
2021-01-19,TLT,0.000984671,0.019872526,0.018887855,train,0.019829499
2021-01-20,EFA,0.0007950734,0.021982715,0.02118764,train,0.016669502
2021-01-20,IWM,-0.008713614,0.006947124,0.015660739,train,-0.11157548
2021-01-20,SPY,0.0009114018,0.00670822,0.005796818,train,-0.005792669
2021-01-20,TLT,-0.007043366,0.0068164566,0.013859822,train,0.019872526
2021-01-21,EFA,-0.004779001,0.010955116,0.015734117,train,0.021982715
2021-01-21,IWM,0.011554722,0.02806128,0.016506558,train,0.006947124
2021-01-21,SPY,-0.0035456577,-0.009726306,0.0061806487,train,0.00670822
2021-01-21,TLT,0.003231509,-0.020227924,0.023459433,train,0.0068164566
2021-01-22,EFA,-0.0011983275,-0.026090795,0.024892468,train,0.010955116
2021-01-22,IWM,-0.0009771369,-0.0077485587,0.006771422,train,0.02806128
2021-01-22,SPY,0.003936114,0.0055095428,0.001573429,train,-0.009726306
2021-01-22,TLT,0.011716967,-0.00080888486,0.012525853,train,-0.020227924
2021-01-25,EFA,0.0014645198,0.031013662,0.029549142,train,-0.026090795
2021-01-25,IWM,-0.0069610723,0.026615938,0.03357701,train,-0.0077485587
2021-01-25,SPY,-0.0015623136,0.0109316055,0.01249392,train,0.0055095428
2021-01-25,TLT,-0.0018886949,0.032554507,0.034443203,train,-0.00080888486
2021-01-26,EFA,-0.023147333,0.057759717,0.08090705,train,0.031013662
2021-01-26,IWM,-0.018501084,0.013170203,0.031671286,train,0.026615938
2021-01-26,SPY,-0.024743913,-0.052671354,0.027927442,train,0.0109316055
2021-01-26,TLT,0.0025390903,-0.013309086,0.015848177,train,0.032554507
2021-01-27,EFA,0.006378343,0.008014597,0.0016362541,train,0.057759717
2021-01-27,IWM,-0.0032048593,-0.055942133,0.052737273,train,0.013170203
2021-01-27,SPY,0.0085631795,0.022831751,0.0142685715,train,-0.052671354
2021-01-27,TLT,-0.0055425386,-0.0073309415,0.0017884029,train,-0.013309086
2021-01-28,EFA,-0.02091535,-0.055598766,0.034683414,train,0.008014597
2021-01-28,IWM,-0.015255667,-0.072217055,0.056961387,train,-0.055942133
2021-01-28,SPY,-0.02022258,-0.04480542,0.024582839,train,0.022831751
2021-01-28,TLT,-0.0060346858,0.0019623423,0.0079970285,train,-0.0073309415
2021-01-29,EFA,0.011810184,-0.021141103,0.032951288,train,-0.055598766
2021-01-29,IWM,0.024270177,0.003017506,0.021252671,train,-0.072217055
2021-01-29,SPY,0.01650848,0.070062496,0.053554013,train,-0.04480542
2021-01-29,TLT,0.001158529,0.010064537,0.008906008,train,0.0019623423
2021-02-01,EFA,0.010051596,-0.022101479,0.032153074,train,-0.021141103
2021-02-01,IWM,0.014143728,0.0562417,0.04209797,train,0.003017506
2021-02-01,SPY,0.014041077,-0.05707224,0.07111332,train,0.070062496
2021-02-01,TLT,-0.0064684586,-0.034638423,0.028169965,train,0.010064537
2021-02-02,EFA,0.0024298774,-0.020701377,0.023131255,train,-0.022101479
2021-02-02,IWM,0.0029916607,0.049905203,0.04691354,train,0.0562417
2021-02-02,SPY,0.0007861765,0.007998096,0.0072119194,train,-0.05707224
2021-02-02,TLT,-0.008912544,-0.00049532903,0.008417215,train,-0.034638423
2021-02-03,EFA,0.0010779799,-0.016229194,0.017307173,train,-0.020701377
2021-02-03,IWM,0.020191327,0.0264601,0.006268773,train,0.049905203
2021-02-03,SPY,0.011301566,0.024007203,0.012705637,train,0.007998096
2021-02-03,TLT,-0.0026759424,0.009829441,0.012505383,train,-0.00049532903
2021-02-04,EFA,0.006176307,0.011607515,0.005431208,train,-0.016229194
2021-02-04,IWM,0.013764622,-0.05255718,0.066321805,train,0.0264601
2021-02-04,SPY,0.003928162,0.027144434,0.023216272,train,0.024007203
2021-02-04,TLT,-0.008408554,0.0089420285,0.017350582,train,0.009829441
2021-02-05,EFA,0.0069361906,0.0010954766,0.005840714,train,0.011607515
2021-02-05,IWM,0.025215162,-0.043319825,0.068534985,train,-0.05255718
2021-02-05,SPY,0.007196122,0.04960673,0.04241061,train,0.027144434
2021-02-05,TLT,0.004381075,-0.012580555,0.01696163,train,0.0089420285
2021-02-08,EFA,0.0054351133,-0.020774342,0.026209455,train,0.0010954766
2021-02-08,IWM,0.0046962406,-0.06798538,0.07268162,train,-0.043319825
2021-02-08,SPY,-0.00066610816,0.060988244,0.06165435,train,0.04960673
2021-02-08,TLT,0.0007393662,-0.002528275,0.0032676412,train,-0.012580555
2021-02-09,EFA,-0.0034434018,-0.00771769,0.004274288,train,-0.020774342
2021-02-09,IWM,-0.0065898267,-0.0812695,0.07467967,train,-0.06798538
2021-02-09,SPY,-0.00043563044,0.039540898,0.03997653,train,0.060988244
2021-02-09,TLT,0.006631668,-0.028122284,0.034753952,train,-0.002528275
2021-02-10,EFA,0.0067431214,-0.013046339,0.019789461,train,-0.00771769
2021-02-10,IWM,-0.0011464527,0.013507217,0.01465367,train,-0.0812695
2021-02-10,SPY,0.0016136218,0.027884403,0.02627078,train,0.039540898
2021-02-10,TLT,-0.0054896586,0.0099502895,0.015439948,train,-0.028122284
2021-02-11,EFA,0.00551913,-0.019651407,0.025170537,train,-0.013046339
2021-02-11,IWM,0.0028199404,-0.081947505,0.084767446,train,0.013507217
2021-02-11,SPY,0.0049275537,0.026034039,0.021106485,train,0.027884403
2021-02-11,TLT,-0.012496886,-0.01899732,0.006500435,train,0.0099502895
2021-02-12,EFA,0.00718161,0.0027408516,0.0044407584,train,-0.019651407
2021-02-12,IWM,-0.0063122557,-0.059698347,0.053386092,train,-0.081947505
2021-02-12,SPY,-0.000866394,0.017863005,0.0187294,train,0.026034039
2021-02-12,TLT,-0.015343987,-0.018657899,0.0033139111,train,-0.01899732
2021-02-16,EFA,-0.005872031,-0.009335611,0.0034635798,train,0.0027408516
2021-02-16,IWM,-0.007868515,-0.006255182,0.0016133334,train,-0.059698347
2021-02-16,SPY,0.00022947881,0.018257478,0.018027999,train,0.017863005
2021-02-16,TLT,0.0063305898,-0.0264419,0.03277249,train,-0.018657899
2021-02-17,EFA,-0.004985573,0.0045556673,0.00954124,train,-0.009335611
2021-02-17,IWM,-0.015608086,-0.030715303,0.015107217,train,-0.006255182
2021-02-17,SPY,-0.0042650346,-0.0046146777,0.00034964317,train,0.018257478
2021-02-17,TLT,-0.004055471,-0.008272153,0.004216682,train,-0.0264419
2021-02-18,EFA,0.0028892593,-0.0015864861,0.0044757454,train,0.0045556673
2021-02-18,IWM,0.020638708,-0.019835649,0.040474355,train,-0.030715303
2021-02-18,SPY,-0.0017674625,0.020173358,0.02194082,train,-0.0046146777
2021-02-18,TLT,-0.013380873,-0.031018326,0.017637454,train,-0.008272153
2021-02-19,EFA,-0.0024949105,0.01031092,0.012805831,train,-0.0015864861
2021-02-19,IWM,-0.006504627,-0.02250013,0.015995502,train,-0.019835649
2021-02-19,SPY,-0.007721495,-0.013536325,0.00581483,train,0.020173358
2021-02-19,TLT,-0.0076370547,-0.029404156,0.021767102,train,-0.031018326
2021-02-22,EFA,0.0009198157,0.014356861,0.013437045,train,0.01031092
2021-02-22,IWM,-0.008844147,0.033922922,0.04276707,train,-0.02250013
2021-02-22,SPY,0.001213603,0.027584223,0.02637062,train,-0.013536325
2021-02-22,TLT,-0.0028878236,-0.008862078,0.0059742546,train,-0.029404156
2021-02-23,EFA,0.0031477127,0.025174968,0.022027256,train,0.014356861
2021-02-23,IWM,0.023354247,-0.004112368,0.027466616,train,0.033922922
2021-02-23,SPY,0.0109591335,-0.058010228,0.06896936,train,0.027584223
2021-02-23,TLT,-0.0065817405,0.0060612676,0.012643008,train,-0.008862078
2021-02-24,EFA,-0.017168956,0.030126074,0.04729503,train,0.025174968
2021-02-24,IWM,-0.037660655,0.015182028,0.052842684,train,-0.004112368
2021-02-24,SPY,-0.024390979,-0.03552505,0.011134071,train,-0.058010228
2021-02-24,TLT,-0.016465858,0.016870404,0.03333626,train,0.0060612676
2021-02-25,EFA,-0.014220758,-0.017101202,0.0028804438,train,0.030126074
2021-02-25,IWM,-0.0013733426,-0.009422706,0.008049364,train,0.015182028
2021-02-25,SPY,-0.0051657953,0.012729568,0.017895363,train,-0.03552505
2021-02-25,TLT,0.032525137,0.038114887,0.0055897497,train,0.016870404
2021-02-26,EFA,0.01860696,0.010949038,0.007657923,train,-0.017101202
2021-02-26,IWM,0.034928817,-0.0007138974,0.035642713,train,-0.009422706
2021-02-26,SPY,0.023951082,-0.033051077,0.057002157,train,0.012729568
2021-02-26,TLT,-0.013295969,0.00069311494,0.0139890835,train,0.038114887
2021-03-01,EFA,-0.0010615889,0.01716407,0.018225659,train,0.010949038
2021-03-01,IWM,-0.019429445,-0.018708976,0.0007204693,train,-0.0007138974
2021-03-01,SPY,-0.007833966,0.070808135,0.0786421,train,-0.033051077
2021-03-01,TLT,7.092322e-05,0.07643812,0.0763672,train,0.00069311494
2021-03-02,EFA,-0.006125776,0.0107346345,0.01686041,train,0.01716407
2021-03-02,IWM,-0.0108833285,-0.046610955,0.035727628,train,-0.018708976
2021-03-02,SPY,-0.013334368,0.01496855,0.02830292,train,0.070808135
2021-03-02,TLT,-0.010905027,0.025052948,0.035957977,train,0.07643812
2021-03-03,EFA,-0.009529686,-0.013427608,0.003897922,train,0.0107346345
2021-03-03,IWM,-0.028348386,-0.028993605,0.0006452184,train,-0.046610955
2021-03-03,SPY,-0.012451837,0.007260675,0.019712511,train,0.01496855
2021-03-03,TLT,-0.006470655,0.08173912,0.08820978,train,0.025052948
2021-03-04,EFA,0.0064522503,0.009156235,0.0027039843,train,-0.013427608
2021-03-04,IWM,0.020980434,0.012906022,0.008074412,train,-0.028993605
2021-03-04,SPY,0.018229356,-0.03401142,0.052240774,train,0.007260675
2021-03-04,TLT,0.0019457515,0.07538819,0.073442444,train,0.08173912
2021-03-05,EFA,-0.0034896652,0.018402705,0.02189237,train,0.009156235
2021-03-05,IWM,0.0047196825,0.029486151,0.02476647,train,0.012906022
2021-03-05,SPY,-0.004990817,0.015621347,0.020612165,train,-0.03401142
2021-03-05,TLT,-0.00780524,0.021576826,0.029382065,train,0.07538819
2021-03-08,EFA,0.013356664,0.009321416,0.0040352484,train,0.018402705
2021-03-08,IWM,0.020811675,0.03895228,0.018140605,train,0.029486151
2021-03-08,SPY,0.014176223,0.012712253,0.0014639702,train,0.015621347
2021-03-08,TLT,0.0137626985,-0.029083757,0.042846456,train,0.021576826
2021-03-09,EFA,0.004236685,0.0036815903,0.0005550948,train,0.009321416
2021-03-09,IWM,0.017223354,-0.0046226657,0.02184602,train,0.03895228
2021-03-09,SPY,0.006205409,0.0034908992,0.0027145096,train,0.012712253
2021-03-09,TLT,0.002001584,0.025573349,0.023571765,train,-0.029083757
2021-03-10,EFA,0.0052707684,0.0007151873,0.004555581,train,0.0036815903
2021-03-10,IWM,0.021766571,-0.0016869414,0.023453513,train,-0.0046226657
2021-03-10,SPY,0.010087968,0.010854742,0.0007667737,train,0.0034908992
2021-03-10,TLT,-0.0072393892,-0.019255934,0.012016545,train,0.025573349
2021-03-11,EFA,0.002493811,0.004208281,0.0017144701,train,0.0007151873
2021-03-11,IWM,0.0058820387,-0.029687611,0.03556965,train,-0.0016869414
2021-03-11,SPY,0.0013459843,0.0027207085,0.0013747242,train,0.010854742
2021-03-11,TLT,-0.021449603,-0.035982095,0.014532492,train,-0.019255934
2021-03-12,EFA,0.0007864256,0.00036457088,0.00042185473,train,0.004208281
2021-03-12,IWM,0.0035468538,0.025167013,0.021620158,train,-0.029687611
2021-03-12,SPY,0.005945669,0.02250387,0.0165582,train,0.0027207085
2021-03-12,TLT,0.0058621904,0.02969153,0.023829341,train,-0.035982095
2021-03-15,EFA,0.0017015315,-0.001916805,0.0036183365,train,0.00036457088
2021-03-15,IWM,-0.016863286,-0.034462664,0.017599378,train,0.025167013
2021-03-15,SPY,-0.0012621103,0.028617209,0.029879319,train,0.02250387
2021-03-15,TLT,-0.0040265615,0.01945504,0.023481602,train,0.02969153
2021-03-16,EFA,0.0058672056,0.014642367,0.008775162,train,-0.001916805
2021-03-16,IWM,0.007821631,-0.016229732,0.024051363,train,-0.034462664
2021-03-16,SPY,0.0034042299,0.053325903,0.049921673,train,0.028617209
2021-03-16,TLT,-0.007511637,0.03610189,0.043613527,train,0.01945504
2021-03-17,EFA,-0.009141857,0.009984896,0.019126752,train,0.014642367
2021-03-17,IWM,-0.030905966,-0.055234365,0.0243284,train,-0.016229732
2021-03-17,SPY,-0.014656589,0.014180856,0.028837446,train,0.053325903
2021-03-17,TLT,-0.010177155,0.052687567,0.06286472,train,0.03610189
2021-03-18,EFA,0.0027510163,-0.0164782,0.019229217,train,0.009984896
2021-03-18,IWM,0.007519267,0.0001932499,0.007326017,train,-0.055234365
2021-03-18,SPY,-0.0018520395,-0.035884183,0.034032144,train,0.014180856
2021-03-18,TLT,0.0061781527,0.020950949,0.014772796,train,0.052687567
2021-03-19,EFA,0.00091559807,0.0060074762,0.005091878,train,-0.0164782
2021-03-19,IWM,-0.0075637163,-0.08164416,0.074080445,train,0.0001932499
2021-03-19,SPY,0.007953483,-0.07782283,0.08577631,train,-0.035884183
2021-03-19,TLT,0.011143323,0.018758902,0.0076155793,train,0.020950949
2021-03-22,EFA,-0.013952953,0.008411031,0.022363983,train,0.0060074762
2021-03-22,IWM,-0.036948424,0.013379201,0.050327625,train,-0.08164416
2021-03-22,SPY,-0.007902115,-0.0009564697,0.006945645,train,-0.07782283
2021-03-22,TLT,0.008986795,0.026732797,0.017746001,train,0.018758902
2021-03-23,EFA,-0.005049839,0.00093655614,0.0059863953,train,0.008411031
2021-03-23,IWM,-0.023399005,0.019832918,0.043231923,train,0.013379201
2021-03-23,SPY,-0.005096329,-0.01984636,0.01475003,train,-0.0009564697
2021-03-23,TLT,0.0053676777,0.0054420033,7.4325595e-05,train,0.026732797
2021-03-24,EFA,0.0074330093,0.019658847,0.012225837,train,0.00093655614
2021-03-24,IWM,0.023433316,0.08246897,0.059035655,train,0.019832918
2021-03-24,SPY,0.00560962,-0.013452133,0.019061754,train,-0.01984636
2021-03-24,TLT,-0.007916933,-0.05136854,0.043451607,train,0.0054420033
2021-03-25,EFA,0.012876112,0.007633018,0.005243094,train,0.019658847
2021-03-25,IWM,0.01806721,-0.007227482,0.025294693,train,0.08246897
2021-03-25,SPY,0.015986431,0.002516421,0.013470011,train,-0.013452133
2021-03-25,TLT,-0.003506384,0.025072573,0.028578958,train,-0.05136854
2021-03-26,EFA,-0.0039241165,-0.014450308,0.010526191,train,0.007633018
2021-03-26,IWM,-0.028553024,0.008462729,0.03701575,train,-0.007227482
2021-03-26,SPY,-0.0005052311,-0.00068373745,0.00017850637,train,0.002516421
2021-03-26,TLT,-0.008524113,-0.037065495,0.028541382,train,0.025072573
2021-03-29,EFA,-0.0013113513,-0.008237405,0.006926053,train,-0.014450308
2021-03-29,IWM,0.016697457,-0.0670644,0.083761856,train,0.008462729
2021-03-29,SPY,-0.0026564526,-0.017129077,0.014472624,train,-0.00068373745
2021-03-29,TLT,0.0052266247,0.030774346,0.02554772,train,-0.037065495
2021-03-30,EFA,-0.0043401704,-0.015018079,0.0106779095,train,-0.008237405
2021-03-30,IWM,0.013350165,-0.00022682315,0.013576988,train,-0.0670644
2021-03-30,SPY,0.0040452653,0.020702807,0.016657542,train,-0.017129077
2021-03-30,TLT,-0.0055959392,0.005075079,0.010671018,train,0.030774346
2021-03-31,EFA,0.012964406,0.002834422,0.0101299845,train,-0.015018079
2021-03-31,IWM,0.012593555,-0.015142625,0.02773618,train,-0.00022682315
2021-03-31,SPY,0.010741426,0.07449346,0.06375203,train,0.020702807
2021-03-31,TLT,0.01646104,0.04106352,0.02460248,train,0.005075079
2021-04-01,EFA,0.014466806,-0.015800307,0.030267112,train,0.002834422
2021-04-01,IWM,0.0054823672,0.012050703,0.006568336,train,-0.015142625
2021-04-01,SPY,0.014250763,-0.008437542,0.022688305,train,0.07449346
2021-04-01,TLT,-0.00437257,0.011167696,0.015540266,train,0.04106352
2021-04-05,EFA,-0.010700938,-0.036672805,0.025971867,train,-0.015800307
2021-04-05,IWM,-0.0029379835,0.033642508,0.03658049,train,0.012050703
2021-04-05,SPY,-0.0005906875,-0.009917555,0.009326868,train,-0.008437542
2021-04-05,TLT,0.0067696674,-0.013476219,0.020245887,train,0.011167696
2021-04-06,EFA,0.002071884,-0.010047281,0.012119165,train,-0.036672805
2021-04-06,IWM,-0.016270015,0.006936791,0.023206806,train,0.033642508
2021-04-06,SPY,0.0011564224,0.014728198,0.0135717755,train,-0.009917555
2021-04-06,TLT,-0.0069890115,-0.0054126387,0.0015763729,train,-0.013476219
2021-04-07,EFA,0.0056751585,-0.00575308,0.011428239,train,-0.010047281
2021-04-07,IWM,0.008437709,0.022912879,0.01447517,train,0.006936791
2021-04-07,SPY,0.0047356877,0.043017257,0.038281567,train,0.014728198
2021-04-07,TLT,0.008221509,-0.0014142485,0.009635758,train,-0.0054126387
2021-04-08,EFA,0.0030818845,-0.018314369,0.021396253,train,-0.00575308
2021-04-08,IWM,0.00013476046,0.06644157,0.066306815,train,0.022912879
2021-04-08,SPY,0.0072439765,0.024898658,0.017654682,train,0.043017257
2021-04-08,TLT,-0.003629595,-0.043357152,0.039727557,train,-0.0014142485
2021-04-09,EFA,-0.0055288323,-0.0035693343,0.001959498,train,-0.018314369
2021-04-09,IWM,-0.0039161025,0.033706807,0.03762291,train,0.06644157
2021-04-09,SPY,0.0003645218,0.023931595,0.023567073,train,0.024898658
2021-04-09,TLT,-0.00043616968,0.0060860584,0.006522228,train,-0.043357152
2021-04-12,EFA,0.0057852184,-0.0154964365,0.021281656,train,-0.0035693343
2021-04-12,IWM,-0.0026194032,-0.008755157,0.0061357534,train,0.033706807
2021-04-12,SPY,0.0029592314,0.053289022,0.05032979,train,0.023931595
2021-04-12,TLT,0.0074656177,-0.0029345788,0.010400197,train,0.0060860584
2021-04-13,EFA,0.0007691062,0.014457697,0.01368859,train,-0.0154964365
2021-04-13,IWM,0.00980972,-0.023119608,0.032929327,train,-0.008755157
2021-04-13,SPY,-0.0034210025,0.046765804,0.050186805,train,0.053289022
2021-04-13,TLT,-0.003182305,0.014242593,0.017424898,train,-0.0029345788
2021-04-14,EFA,0.008291175,0.003719618,0.0045715566,train,0.014457697
2021-04-14,IWM,0.0043341587,-0.030408045,0.034742203,train,-0.023119608
2021-04-14,SPY,0.010685327,0.06083638,0.05015105,train,0.046765804
2021-04-14,TLT,0.016595662,-0.0009198417,0.017515503,train,0.014242593
2021-04-15,EFA,0.0072147576,0.0068788636,0.00033589406,train,0.003719618
2021-04-15,IWM,0.0016037625,-0.032591544,0.034195308,train,-0.030408045
2021-04-15,SPY,0.0033367553,0.009735407,0.0063986517,train,0.06083638
2021-04-15,TLT,-0.007796539,0.060663465,0.06846,train,-0.0009198417
2021-04-16,EFA,-0.0017669508,-0.015453611,0.01368666,train,0.0068788636
2021-04-16,IWM,-0.013083244,-0.02027449,0.0071912464,train,-0.032591544
2021-04-16,SPY,-0.0049251835,0.031919092,0.036844276,train,0.009735407
2021-04-16,TLT,-0.0028762845,-0.003173309,0.00029702438,train,0.060663465
2021-04-19,EFA,-0.018103601,-0.011148632,0.00695497,train,-0.015453611
2021-04-19,IWM,-0.02068784,-0.01611946,0.0045683812,train,-0.02027449
2021-04-19,SPY,-0.007348567,0.014010107,0.021358674,train,0.031919092
2021-04-19,TLT,0.0045976304,0.00806525,0.0034676194,train,-0.003173309
2021-04-20,EFA,0.010239261,-0.025595944,0.035835207,train,-0.011148632
2021-04-20,IWM,0.024154685,-0.055745054,0.07989974,train,-0.01611946
2021-04-20,SPY,0.009417747,0.022134472,0.012716725,train,0.014010107
2021-04-20,TLT,0.002005556,-0.010178849,0.012184405,train,0.00806525
2021-04-21,EFA,-0.0033163563,-0.017564896,0.014248541,train,-0.025595944
2021-04-21,IWM,-0.0041435165,-0.018876588,0.014733071,train,-0.055745054
2021-04-21,SPY,-0.009175066,0.022784995,0.031960063,train,0.022134472
2021-04-21,TLT,0.0043545365,0.004577017,0.00022248039,train,-0.010178849
2021-04-22,EFA,0.010169092,0.0012548272,0.008914264,train,-0.017564896
2021-04-22,IWM,0.018688696,0.00298913,0.015699565,train,-0.018876588
2021-04-22,SPY,0.010784062,-0.025484554,0.036268614,train,0.022784995
2021-04-22,TLT,-0.0023531227,0.0024861167,0.0048392396,train,0.004577017
2021-04-23,EFA,0.000758687,6.497372e-06,0.0007521896,train,0.0012548272
2021-04-23,IWM,0.010355491,-0.013138326,0.023493817,train,0.00298913
2021-04-23,SPY,0.0020853118,-0.035637133,0.037722446,train,-0.025484554
2021-04-23,TLT,-0.0014290536,0.008849077,0.010278131,train,0.0024861167
2021-04-26,EFA,-0.0032911685,0.00068594003,0.0039771087,train,6.497372e-06
2021-04-26,IWM,0.0014895187,-0.04414993,0.04563945,train,-0.013138326
2021-04-26,SPY,-0.00021553921,-0.003439939,0.0032243999,train,-0.035637133
2021-04-26,TLT,-0.008761595,0.008266177,0.017027773,train,0.008849077
2021-04-27,EFA,0.0025324817,-0.0063146926,0.008847174,train,0.00068594003
2021-04-27,IWM,0.0017056611,0.0030386397,0.0013329786,train,-0.04414993
2021-04-27,SPY,-0.00028717166,0.002280368,0.0025675397,train,-0.003439939
2021-04-27,TLT,0.0006486992,0.0013767295,0.0007280303,train,0.008266177
2021-04-28,EFA,0.00037964078,0.0073821344,0.007002494,train,-0.0063146926
2021-04-28,IWM,-0.0037212803,-0.007821968,0.004100688,train,0.0030386397
2021-04-28,SPY,0.006352254,-0.023789017,0.030141272,train,0.002280368
2021-04-28,TLT,-0.002959261,-0.009076249,0.006116988,train,0.0013767295
2021-04-29,EFA,-0.012595065,0.009320432,0.021915497,train,0.0073821344
2021-04-29,IWM,-0.013690327,-0.054175567,0.04048524,train,-0.007821968
2021-04-29,SPY,-0.0065921084,-0.013330972,0.0067388634,train,-0.023789017
2021-04-29,TLT,0.0023105617,-0.006359244,0.008669806,train,-0.009076249
2021-04-30,EFA,0.010950041,-0.002814814,0.0137648545,train,0.009320432
2021-04-30,IWM,0.004879245,-0.006857062,0.011736307,train,-0.054175567
2021-04-30,SPY,0.0021543603,-0.011209925,0.013364285,train,-0.013330972
2021-04-30,TLT,0.0005997822,-0.0072590634,0.007858845,train,-0.006359244
2021-05-03,EFA,-0.014926551,0.00509458,0.020021131,train,-0.002814814
2021-05-03,IWM,-0.012019475,0.016297106,0.02831658,train,-0.006857062
2021-05-03,SPY,-0.0061882567,0.005616819,0.011805076,train,-0.011209925
2021-05-03,TLT,0.0067628934,-0.013981814,0.020744707,train,-0.0072590634
2021-05-04,EFA,0.013532778,-0.015614951,0.02914773,train,0.00509458
2021-05-04,IWM,-0.0039936607,-0.04010048,0.03610682,train,0.016297106
2021-05-04,SPY,0.00031277727,-0.00055246847,0.0008652457,train,0.005616819
2021-05-04,TLT,0.0016475084,-0.0036958435,0.005343352,train,-0.013981814
2021-05-05,EFA,0.008208568,0.012156915,0.0039483467,train,-0.015614951
2021-05-05,IWM,0.0008539111,-0.0071086558,0.007962567,train,-0.04010048
2021-05-05,SPY,0.00795383,-0.026988583,0.03494241,train,-0.00055246847
2021-05-05,TLT,0.0016453736,0.008732703,0.007087329,train,-0.0036958435
2021-05-06,EFA,0.011255904,-0.011412354,0.022668257,train,0.012156915
2021-05-06,IWM,0.01250064,-0.010063492,0.022564132,train,-0.0071086558
2021-05-06,SPY,0.00725163,-0.01801046,0.02526209,train,-0.026988583
2021-05-06,TLT,-0.0049436227,-0.005330572,0.00038694916,train,0.008732703
2021-05-07,EFA,-0.0053619896,-0.057603538,0.05224155,train,-0.011412354
2021-05-07,IWM,-0.02575111,0.0019231387,0.027674248,train,-0.010063492
2021-05-07,SPY,-0.00995181,0.010129107,0.020080917,train,-0.01801046
2021-05-07,TLT,-0.010178443,-0.00726273,0.002915713,train,-0.005330572
2021-05-10,EFA,-0.013215312,-0.0017136426,0.011501669,train,-0.057603538
2021-05-10,IWM,-0.0031917917,-0.038621694,0.035429902,train,0.0019231387
2021-05-10,SPY,-0.00896483,0.011613192,0.020578023,train,0.010129107
2021-05-10,TLT,-0.005675556,-0.014224395,0.008548839,train,-0.00726273
2021-05-11,EFA,-0.01609237,-0.014436666,0.0016557034,train,-0.0017136426
2021-05-11,IWM,-0.033010714,-0.03443019,0.0014194772,train,-0.038621694
2021-05-11,SPY,-0.021474164,-0.0063690995,0.015105065,train,0.011613192
2021-05-11,TLT,-0.010563559,-0.03224186,0.021678299,train,-0.014224395
2021-05-12,EFA,0.007439728,-0.027383259,0.034822986,train,-0.014436666
2021-05-12,IWM,0.018241951,-0.035995584,0.054237537,train,-0.03443019
2021-05-12,SPY,0.011941017,0.0069053057,0.005035711,train,-0.0063690995
2021-05-12,TLT,0.0015473274,-0.03893111,0.04047844,train,-0.03224186
2021-05-13,EFA,0.016602632,0.0038381093,0.012764523,train,-0.027383259
2021-05-13,IWM,0.024132833,-0.026998494,0.051131327,train,-0.035995584
2021-05-13,SPY,0.015238782,-0.026516136,0.041754916,train,0.0069053057
2021-05-13,TLT,0.009307779,-0.011590891,0.02089867,train,-0.03893111
2021-05-14,EFA,-0.0018870824,-0.0050478554,0.003160773,train,0.0038381093
2021-05-14,IWM,0.001356312,-0.029002517,0.030358829,train,-0.026998494
2021-05-14,SPY,-0.002547957,-0.0032906262,0.0007426692,train,-0.026516136
2021-05-14,TLT,-0.0021179721,0.0047654235,0.006883396,train,-0.011590891
2021-05-17,EFA,0.0021385215,-0.010936661,0.013075182,train,-0.0050478554
2021-05-17,IWM,-0.007619799,0.042415373,0.05003517,train,-0.029002517
2021-05-17,SPY,-0.008652863,0.036977157,0.04563002,train,-0.0032906262
2021-05-17,TLT,-0.002561615,-0.020376975,0.017815359,train,0.0047654235
2021-05-18,EFA,-0.00883527,-0.012679452,0.003844182,train,-0.010936661
2021-05-18,IWM,-0.0077241543,0.018842978,0.026567133,train,0.042415373
2021-05-18,SPY,-0.0026253895,0.038504887,0.04113028,train,0.036977157
2021-05-18,TLT,-0.0024215227,-0.013185985,0.010764463,train,-0.020376975
2021-05-19,EFA,0.0130985305,-0.0039387085,0.017037239,train,-0.012679452
2021-05-19,IWM,0.0066309934,0.019345673,0.012714679,train,0.018842978
2021-05-19,SPY,0.010700355,0.06256075,0.051860396,train,0.038504887
2021-05-19,TLT,0.008194799,-0.0050267098,0.013221508,train,-0.013185985
2021-05-20,EFA,0.0013754112,-0.027170414,0.028545825,train,-0.0039387085
2021-05-20,IWM,0.0025947227,0.028307566,0.025712844,train,0.019345673
2021-05-20,SPY,-0.0008189004,0.005262161,0.0060810614,train,0.06256075
2021-05-20,TLT,0.0032011846,-0.0027687429,0.0059699276,train,-0.0050267098
2021-05-21,EFA,0.0061042346,0.027747137,0.021642903,train,-0.027170414
2021-05-21,IWM,0.0064797415,-0.07642121,0.08290095,train,0.028307566
2021-05-21,SPY,0.0101425825,0.025871962,0.015729379,train,0.005262161
2021-05-21,TLT,0.0036977218,-0.0042212694,0.007918991,train,-0.0027687429
2021-05-24,EFA,0.00024833108,-0.018293738,0.01854207,train,0.027747137
2021-05-24,IWM,-0.009712971,0.026814578,0.036527548,train,-0.07642121
2021-05-24,SPY,-0.0022211233,-0.009056427,0.0068353033,train,0.025871962
2021-05-24,TLT,0.009220596,0.0026657665,0.00655483,train,-0.0042212694
2021-05-25,EFA,-0.0006211648,-0.0015807858,0.00095962104,train,-0.018293738
2021-05-25,IWM,0.018482009,-0.043291833,0.061773844,train,0.026814578
2021-05-25,SPY,0.0019826707,0.077031404,0.07504873,train,-0.009056427
2021-05-25,TLT,-0.001722655,0.013247961,0.014970616,train,0.0026657665
2021-05-26,EFA,0.0018618959,-0.006701818,0.008563714,train,-0.0015807858
2021-05-26,IWM,0.010244962,0.032927442,0.02268248,train,-0.043291833
2021-05-26,SPY,0.00052472274,0.01477446,0.014249737,train,0.077031404
2021-05-26,TLT,-0.0040302468,0.012464294,0.01649454,train,0.013247961
2021-05-27,EFA,0.0023534873,-0.009966334,0.012319822,train,-0.006701818
2021-05-27,IWM,-0.00066498475,-0.011827415,0.01116243,train,0.032927442
2021-05-27,SPY,0.0017871207,0.042826336,0.041039214,train,0.01477446
2021-05-27,TLT,-0.001587819,-0.014702225,0.013114406,train,0.012464294
2021-05-28,EFA,0.0035812363,-0.008438872,0.012020108,train,-0.009966334
2021-05-28,IWM,0.01128857,-0.052700356,0.063988924,train,-0.011827415
2021-05-28,SPY,-0.00088120357,-0.026140593,0.025259389,train,0.042826336
2021-05-28,TLT,-0.00022448141,-0.014112983,0.013888502,train,-0.014702225
2021-06-01,EFA,0.00332278,0.0006115972,0.0027111827,train,-0.008438872
2021-06-01,IWM,0.0011831162,-0.052012872,0.053195987,train,-0.052700356
2021-06-01,SPY,0.0015714054,0.026891334,0.025319928,train,-0.026140593
2021-06-01,TLT,0.0023125967,-0.019889094,0.02220169,train,-0.014112983
2021-06-02,EFA,-0.0049266974,0.0067856438,0.011712341,train,0.0006115972
2021-06-02,IWM,-0.0084001245,-0.09905062,0.09065049,train,-0.052012872
2021-06-02,SPY,-0.003718289,0.023447942,0.02716623,train,0.026891334
2021-06-02,TLT,-0.003760795,0.010477848,0.014238643,train,-0.019889094
2021-06-03,EFA,0.008483447,-0.001067597,0.009551045,train,0.0067856438
2021-06-03,IWM,0.0043189605,-0.014237899,0.01855686,train,-0.09905062
2021-06-03,SPY,0.009104469,0.031097366,0.021992896,train,0.023447942
2021-06-03,TLT,0.01360222,-0.016475208,0.030077428,train,0.010477848
2021-06-04,EFA,0.0033002542,-0.007356214,0.010656469,train,-0.001067597
2021-06-04,IWM,0.013323309,-0.030133499,0.043456808,train,-0.014237899
2021-06-04,SPY,-0.0009707157,-0.013180207,0.012209492,train,0.031097366
2021-06-04,TLT,-0.0030787827,0.012352297,0.01543108,train,-0.016475208
2021-06-07,EFA,-0.00048817534,-0.0033734213,0.002885246,train,-0.007356214
2021-06-07,IWM,0.010532255,-0.039758395,0.05029065,train,-0.030133499
2021-06-07,SPY,0.00021300092,-0.0019059521,0.002118953,train,-0.013180207
2021-06-07,TLT,0.007002122,0.0036674538,0.003334668,train,0.012352297
2021-06-08,EFA,-0.0026894507,0.0024173236,0.005106774,train,-0.0033734213
2021-06-08,IWM,-0.006677692,-0.03799687,0.03131918,train,-0.039758395
2021-06-08,SPY,-0.0014928875,-0.009126679,0.0076337913,train,-0.0019059521
2021-06-08,TLT,0.008789842,-0.024369607,0.03315945,train,0.0036674538
2021-06-09,EFA,0.002750921,0.0021436107,0.0006073103,train,0.0024173236
2021-06-09,IWM,-0.007443573,0.0031887353,0.010632308,train,-0.03799687
2021-06-09,SPY,0.004637547,-0.005812869,0.010450415,train,-0.009126679
2021-06-09,TLT,0.0059814393,-0.041943662,0.0479251,train,-0.024369607
2021-06-10,EFA,0.0023482647,0.0028743246,0.0005260599,train,0.0021436107
2021-06-10,IWM,0.010499574,0.031712245,0.021212671,train,0.0031887353
2021-06-10,SPY,0.0016509586,-0.03425253,0.03590349,train,-0.005812869
2021-06-10,TLT,-0.0016151029,-0.020711672,0.019096568,train,-0.041943662
2021-06-11,EFA,0.0017268698,0.020512817,0.018785948,train,0.0028743246
2021-06-11,IWM,-0.002939165,-0.040579375,0.03764021,train,0.031712245
2021-06-11,SPY,0.002236663,0.006458203,0.00422154,train,-0.03425253
2021-06-11,TLT,-0.007688996,-0.011109813,0.0034208172,train,-0.020711672
2021-06-14,EFA,0.0012318408,-0.016879676,0.018111516,train,0.020512817
2021-06-14,IWM,-0.0028609878,0.004233025,0.0070940126,train,-0.040579375
2021-06-14,SPY,-0.0018359403,0.021712342,0.023548283,train,0.006458203
2021-06-14,TLT,-0.0012038826,-0.013214614,0.012010732,train,-0.011109813
2021-06-15,EFA,-0.006173672,-0.0015380573,0.004635615,train,-0.016879676
2021-06-15,IWM,-0.002129475,-0.003717463,0.0015879881,train,0.004233025
2021-06-15,SPY,-0.0055989195,-0.01407988,0.0084809605,train,0.021712342
2021-06-15,TLT,-0.00085182796,-0.025586104,0.024734275,train,-0.013214614
2021-06-16,EFA,-0.0069599827,-0.01846972,0.011509737,train,-0.0015380573
2021-06-16,IWM,-0.01128716,-0.0033574053,0.007929755,train,-0.003717463
2021-06-16,SPY,-0.00033177098,-0.014577778,0.014246007,train,-0.01407988
2021-06-16,TLT,0.014861332,-0.01189686,0.026758192,train,-0.025586104
2021-06-17,EFA,-0.02092076,-0.02211882,0.001198059,train,-0.01846972
2021-06-17,IWM,-0.022963718,-0.03065121,0.0076874923,train,-0.0033574053
2021-06-17,SPY,-0.013582245,-0.04321723,0.029634986,train,-0.014577778
2021-06-17,TLT,0.018631304,-0.011251707,0.02988301,train,-0.01189686
2021-06-18,EFA,0.01303245,-0.010476505,0.023508955,train,-0.02211882
2021-06-18,IWM,0.02115819,-0.018357482,0.039515674,train,-0.03065121
2021-06-18,SPY,0.0142145,-0.01019218,0.024406679,train,-0.04321723
2021-06-18,TLT,-0.016885502,0.024676928,0.04156243,train,-0.011251707
2021-06-21,EFA,0.0001256494,0.007863833,0.0077381833,train,-0.010476505
2021-06-21,IWM,0.0045296466,0.025076719,0.020547073,train,-0.018357482
2021-06-21,SPY,0.0053319056,-0.029897496,0.0352294,train,-0.01019218
2021-06-21,TLT,0.0024397823,0.027865661,0.02542588,train,0.024676928
2021-06-22,EFA,-0.0064310036,0.0071801883,0.013611192,train,0.007863833
2021-06-22,IWM,0.0032854867,0.01128019,0.007994704,train,0.025076719
2021-06-22,SPY,-0.0012059141,-0.02290841,0.021702496,train,-0.029897496
2021-06-22,TLT,-0.0025795884,0.031477965,0.034057554,train,0.027865661
2021-06-23,EFA,0.009568441,-0.005795856,0.015364297,train,0.0071801883
2021-06-23,IWM,0.014026859,0.020247776,0.006220917,train,0.01128019
2021-06-23,SPY,0.0058981893,-0.03919069,0.04508888,train,-0.02290841
2021-06-23,TLT,0.0016049123,0.017359296,0.015754383,train,0.031477965
2021-06-24,EFA,0.0021277207,0.0060109333,0.0038832126,train,-0.005795856
2021-06-24,IWM,0.0016805067,0.039943386,0.038262878,train,0.020247776
2021-06-24,SPY,0.0035459646,-0.020872895,0.024418859,train,-0.03919069
2021-06-24,TLT,-0.0104376925,-0.010838119,0.0004004268,train,0.017359296
2021-06-25,EFA,-0.0063970136,0.0003255913,0.006722605,train,0.0060109333
2021-06-25,IWM,-0.007953046,0.024391338,0.032344386,train,0.039943386
2021-06-25,SPY,0.0020136875,0.036772024,0.034758337,train,-0.020872895
2021-06-25,TLT,0.010228531,-0.034133118,0.04436165,train,-0.010838119
2021-06-28,EFA,0.00025175716,0.0021389998,0.0018872425,train,0.0003255913
2021-06-28,IWM,-0.0047849356,0.008986393,0.013771329,train,0.024391338
2021-06-28,SPY,0.0005380256,0.03171396,0.031175934,train,0.036772024
2021-06-28,TLT,0.0016716265,0.009986782,0.008315156,train,-0.034133118
2021-06-29,EFA,-0.0077035734,0.012854286,0.020557858,train,0.0021389998
2021-06-29,IWM,0.00013086264,-0.005376319,0.0055071814,train,0.008986393
2021-06-29,SPY,0.00084120984,0.036225673,0.03538446,train,0.03171396
2021-06-29,TLT,0.004443006,-0.0035125264,0.0079555325,train,0.009986782
2021-06-30,EFA,0.002405652,-0.00221492,0.004620572,train,0.012854286
2021-06-30,IWM,0.008768083,-0.00282516,0.011593243,train,-0.005376319
2021-06-30,SPY,0.005521389,0.024348585,0.018827196,train,0.036225673
2021-06-30,TLT,5.5221924e-05,0.0011735582,0.0011183362,train,-0.0035125264
2021-07-01,EFA,0.0034089717,-0.0010319618,0.0044409335,train,-0.00221492
2021-07-01,IWM,-0.009553304,-0.006500933,0.003052371,train,-0.00282516
2021-07-01,SPY,0.0076144603,0.012470329,0.004855869,train,0.024348585
2021-07-01,TLT,0.006016901,0.026801443,0.020784542,train,0.0011735582
2021-07-02,EFA,-0.006575595,0.004226254,0.010801849,train,-0.0010319618
2021-07-02,IWM,-0.014635811,0.0077977167,0.022433527,train,-0.006500933
2021-07-02,SPY,-0.00182303,-0.013256894,0.011433864,train,0.012470329
2021-07-02,TLT,0.011653037,-0.01183966,0.023492698,train,0.026801443
2021-07-06,EFA,0.005440488,-0.013467081,0.01890757,train,0.004226254
2021-07-06,IWM,-0.009341477,-0.008497426,0.00084405113,train,0.0077977167
2021-07-06,SPY,0.0035276962,-0.03193613,0.03546383,train,-0.013256894
2021-07-06,TLT,0.008820001,0.008129314,0.00069068745,train,-0.01183966
2021-07-07,EFA,-0.012953988,0.015335666,0.028289653,train,-0.013467081
2021-07-07,IWM,-0.009248942,-0.0055658263,0.0036831158,train,-0.008497426
2021-07-07,SPY,-0.008181263,-0.042663243,0.03448198,train,-0.03193613
2021-07-07,TLT,0.003909924,-0.018668836,0.022578761,train,0.008129314
2021-07-08,EFA,0.016858144,-0.025301438,0.04215958,train,0.015335666
2021-07-08,IWM,0.020890037,-0.00058174226,0.02147178,train,-0.0055658263
2021-07-08,SPY,0.010618173,0.0051562213,0.0054619513,train,-0.042663243
2021-07-08,TLT,-0.014162616,-0.010142757,0.0040198592,train,-0.018668836
2021-07-09,EFA,0.0042644734,0.0055051674,0.001240694,train,-0.025301438
2021-07-09,IWM,0.0008387889,-0.00063116336,0.0014699523,train,-0.00058174226
2021-07-09,SPY,0.0035756421,-0.024412742,0.027988384,train,0.0051562213
2021-07-09,TLT,-0.0012973628,0.02431667,0.025614033,train,-0.010142757
2021-07-12,EFA,-0.0052702217,0.0025954614,0.007865683,train,0.0055051674
2021-07-12,IWM,-0.019026099,-0.017752206,0.0012738928,train,-0.00063116336
2021-07-12,SPY,-0.0034150179,-0.007889396,0.0044743777,train,-0.024412742
2021-07-12,TLT,-0.0076825693,0.01681279,0.02449536,train,0.02431667
2021-07-13,EFA,0.0022620368,-0.01319587,0.015457908,train,0.0025954614
2021-07-13,IWM,-0.015549826,-0.011563817,0.0039860094,train,-0.017752206
2021-07-13,SPY,0.0014912897,-0.01293339,0.01442468,train,-0.007889396
2021-07-13,TLT,0.011297659,-8.351123e-05,0.01138117,train,0.01681279
2021-07-14,EFA,-0.009586432,-0.0023479587,0.0072384733,train,-0.01319587
2021-07-14,IWM,-0.005681508,-0.0047761393,0.00090536894,train,-0.011563817
2021-07-14,SPY,-0.0034214556,-0.029626733,0.026205277,train,-0.01293339
2021-07-14,TLT,0.01096998,0.01684541,0.005875431,train,-8.351123e-05
2021-07-15,EFA,-0.007378214,-0.013326813,0.0059485985,train,-0.0023479587
2021-07-15,IWM,-0.012391056,-0.015018215,0.0026271595,train,-0.0047761393
2021-07-15,SPY,-0.007874617,0.0030838964,0.010958513,train,-0.029626733
2021-07-15,TLT,-0.0018875711,-0.004519504,0.002631933,train,0.01684541
2021-07-16,EFA,-0.01829735,-0.0025122645,0.015785085,train,-0.013326813
2021-07-16,IWM,-0.015093586,-0.018986657,0.0038930709,train,-0.015018215
2021-07-16,SPY,-0.01487797,0.0020683496,0.01694632,train,0.0030838964
2021-07-16,TLT,0.021691384,0.013133833,0.008557551,train,-0.004519504
2021-07-19,EFA,0.0072558853,-0.012031831,0.019287717,train,-0.0025122645
2021-07-19,IWM,0.030558435,-0.02331108,0.053869516,train,-0.018986657
2021-07-19,SPY,0.014228683,0.0030250535,0.01120363,train,0.0020683496
2021-07-19,TLT,-0.009686128,0.080519624,0.09020575,train,0.013133833
2021-07-20,EFA,0.015118783,0.01082186,0.004296923,train,-0.012031831
2021-07-20,IWM,0.017077342,-0.00160247,0.018679813,train,-0.02331108
2021-07-20,SPY,0.008063596,-0.01871423,0.026777826,train,0.0030250535
2021-07-20,TLT,-0.012747678,0.031267453,0.044015132,train,0.080519624
2021-07-21,EFA,0.00038137322,0.00081604626,0.00043467304,train,0.01082186
2021-07-21,IWM,-0.016024353,0.0574091,0.07343345,train,-0.00160247
2021-07-21,SPY,0.0020920243,-0.002657251,0.0047492753,train,-0.01871423
2021-07-21,TLT,0.009408602,0.004949814,0.0044587874,train,0.031267453
2021-07-22,EFA,0.0069671506,-0.01769381,0.02466096,train,0.00081604626
2021-07-22,IWM,0.004656725,0.06659594,0.061939217,train,0.0574091
2021-07-22,SPY,0.010235371,-0.009244494,0.019479865,train,-0.002657251
2021-07-22,TLT,-0.0067113675,0.0027662073,0.009477574,train,0.004949814
2021-07-23,EFA,0.0013873581,0.011781782,0.010394424,train,-0.01769381
2021-07-23,IWM,0.0029107989,0.025965651,0.023054853,train,0.06659594
2021-07-23,SPY,0.002451958,0.05139381,0.048941854,train,-0.009244494
2021-07-23,TLT,-0.0029675507,-0.0350644,0.032096848,train,0.0027662073
2021-07-26,EFA,-0.004041783,-0.003789071,0.00025271205,train,0.011781782
2021-07-26,IWM,-0.011740303,0.02001139,0.031751692,train,0.025965651
2021-07-26,SPY,-0.0045678597,0.054197125,0.058764987,train,0.05139381
2021-07-26,TLT,0.010615065,-0.04109719,0.051712256,train,-0.0350644
2021-07-27,EFA,0.0042939843,-0.003929914,0.008223899,train,-0.003789071
2021-07-27,IWM,0.014597616,-0.025905728,0.040503345,train,0.02001139
2021-07-27,SPY,-0.0004101735,0.03444897,0.034859143,train,0.054197125
2021-07-27,TLT,6.660433e-05,-0.026032455,0.02609906,train,-0.04109719
2021-07-28,EFA,0.006907429,0.020617956,0.013710527,train,-0.003929914
2021-07-28,IWM,0.007669002,0.02850941,0.020840408,train,-0.025905728
2021-07-28,SPY,0.0041387044,0.04524203,0.041103326,train,0.03444897
2021-07-28,TLT,-0.0055615813,-0.02809927,0.02253769,train,-0.026032455
2021-07-29,EFA,-0.0051445724,0.017110335,0.022254907,train,0.020617956
2021-07-29,IWM,-0.0066282423,0.024633551,0.031261794,train,0.02850941
2021-07-29,SPY,-0.004868301,0.03639383,0.04126213,train,0.04524203
2021-07-29,TLT,0.004692696,0.0100103635,0.0053176675,train,-0.02809927
2021-07-30,EFA,0.0050193476,-0.010225879,0.015245227,train,0.017110335
2021-07-30,IWM,-0.0049886303,-0.00065758964,0.0043310407,train,0.024633551
2021-07-30,SPY,-0.0021000963,0.03524206,0.037342153,train,0.03639383
2021-07-30,TLT,0.008879721,-0.013799485,0.022679206,train,0.0100103635
2021-08-02,EFA,0.0071095126,0.02792232,0.020812806,train,-0.010225879
2021-08-02,IWM,0.0041288864,-0.054782223,0.058911107,train,-0.00065758964
2021-08-02,SPY,0.008102414,0.04658949,0.038487077,train,0.03524206
2021-08-02,TLT,0.0005310248,-0.038940463,0.03947149,train,-0.013799485
2021-08-03,EFA,-0.0029873264,0.013213918,0.016201245,train,0.02792232
2021-08-03,IWM,-0.012529571,-0.0050808224,0.007448748,train,-0.054782223
2021-08-03,SPY,-0.0049309847,0.0173358,0.022266785,train,0.04658949
2021-08-03,TLT,0.0020542073,-0.0041989577,0.006253165,train,-0.038940463
2021-08-04,EFA,0.004849897,0.006709852,0.0018599546,train,0.013213918
2021-08-04,IWM,0.017813118,0.0148142,0.0029989183,train,-0.0050808224
2021-08-04,SPY,0.0063128434,0.023268776,0.016955933,train,0.0173358
2021-08-04,TLT,-0.0051100957,-0.008434342,0.0033242465,train,-0.0041989577
2021-08-05,EFA,-0.0037286177,0.0070533757,0.010781993,train,0.006709852
2021-08-05,IWM,0.006106512,-0.03919772,0.04530423,train,0.0148142
2021-08-05,SPY,0.0016511335,0.0061348868,0.0044837533,train,0.023268776
2021-08-05,TLT,-0.016842006,0.009264899,0.026106905,train,-0.008434342
2021-08-06,EFA,-0.00049821567,0.013095237,0.013593453,train,0.0070533757
2021-08-06,IWM,-0.005521389,-0.047437474,0.041916084,train,-0.03919772
2021-08-06,SPY,-0.0008139129,0.015388221,0.016202133,train,0.0061348868
2021-08-06,TLT,-0.003593062,-0.014812715,0.011219653,train,0.009264899
2021-08-09,EFA,0.0022400185,0.019271167,0.017031148,train,0.013095237
2021-08-09,IWM,0.0019786954,-0.0715298,0.07350849,train,-0.047437474
2021-08-09,SPY,0.0012429991,0.028527407,0.027284408,train,0.015388221
2021-08-09,TLT,-0.004628592,-0.0018556421,0.00277295,train,-0.014812715
2021-08-10,EFA,0.006813087,0.006077289,0.0007357979,train,0.019271167
2021-08-10,IWM,0.004884783,0.014088819,0.009204036,train,-0.0715298
2021-08-10,SPY,0.0024820315,0.020273173,0.01779114,train,0.028527407
2021-08-10,TLT,-0.0006150432,0.010707853,0.011322897,train,-0.0018556421
2021-08-11,EFA,-0.0008644459,0.012636112,0.013500558,train,0.006077289
2021-08-11,IWM,-0.0023722316,-0.03997451,0.03760228,train,0.014088819
2021-08-11,SPY,0.002992351,0.013463208,0.010470858,train,0.020273173
2021-08-11,TLT,-0.001639572,0.010516573,0.012156145,train,0.010707853
2021-08-12,EFA,0.006036351,0.011628127,0.0055917758,train,0.012636112
2021-08-12,IWM,-0.009138185,-0.0075309263,0.0016072583,train,-0.03997451
2021-08-12,SPY,0.0018182031,0.006077642,0.004259439,train,0.013463208
2021-08-12,TLT,0.015672993,-0.0068731187,0.022546113,train,0.010516573
2021-08-13,EFA,-0.005171905,-0.0076342546,0.0024623498,train,0.011628127
2021-08-13,IWM,-0.009359311,0.019696437,0.029055748,train,-0.0075309263
2021-08-13,SPY,0.0023517567,0.006500077,0.0041483203,train,0.006077642
2021-08-13,TLT,0.0024200482,-0.046222735,0.048642784,train,-0.0068731187
2021-08-16,EFA,-0.009426766,-0.015407598,0.0059808316,train,-0.0076342546
2021-08-16,IWM,-0.012263068,0.011320978,0.023584045,train,0.019696437
2021-08-16,SPY,-0.006576758,-0.030757029,0.02418027,train,0.006500077
2021-08-16,TLT,-0.00040244637,-0.0045739315,0.004171485,train,-0.046222735
2021-08-17,EFA,-0.0038710048,-0.022420455,0.01854945,train,-0.015407598
2021-08-17,IWM,-0.008772233,-0.014350265,0.0055780327,train,0.011320978
2021-08-17,SPY,-0.011005131,-0.068121605,0.057116475,train,-0.030757029
2021-08-17,TLT,0.0033530144,0.024105517,0.020752503,train,-0.0045739315
2021-08-18,EFA,-0.009932638,-0.022940816,0.013008178,train,-0.022420455
2021-08-18,IWM,-0.012052979,0.04663604,0.05868902,train,-0.014350265
2021-08-18,SPY,0.0015470436,-0.018035023,0.019582067,train,-0.068121605
2021-08-18,TLT,0.007338407,-0.009209231,0.016547637,train,0.024105517
2021-08-19,EFA,0.003909238,-0.028917054,0.032826293,train,-0.022940816
2021-08-19,IWM,0.016750623,0.005423727,0.011326896,train,0.04663604
2021-08-19,SPY,0.0079256175,-0.032426227,0.040351845,train,-0.018035023
2021-08-19,TLT,0.0006646481,-0.028163359,0.028828006,train,-0.009209231
2021-08-20,EFA,0.009271217,-0.0004779282,0.009749144,train,-0.028917054
2021-08-20,IWM,0.018844845,-0.017578056,0.0364229,train,0.005423727
2021-08-20,SPY,0.008758285,0.012672583,0.0039142976,train,-0.032426227
2021-08-20,TLT,-0.0006646481,-0.009734576,0.009069928,train,-0.028163359
2021-08-23,EFA,0.0021174294,0.004732028,0.0026145987,train,-0.0004779282
2021-08-23,IWM,0.009787291,0.04799784,0.03821055,train,-0.017578056
2021-08-23,SPY,0.0015858943,0.023546455,0.02196056,train,0.012672583
2021-08-23,TLT,-0.007807186,0.0051638135,0.012970999,train,-0.009734576
2021-08-24,EFA,0.00037343064,-0.0051196376,0.005493068,train,0.004732028
2021-08-24,IWM,0.003510793,-0.007551437,0.01106223,train,0.04799784
2021-08-24,SPY,0.0020961266,-0.0020478377,0.0041439645,train,0.023546455
2021-08-24,TLT,-0.008341263,0.011842454,0.020183716,train,0.0051638135
2021-08-25,EFA,-0.005238343,-0.019045515,0.013807172,train,-0.0051196376
2021-08-25,IWM,-0.010660487,0.042509872,0.05317036,train,-0.007551437
2021-08-25,SPY,-0.005920597,0.03283355,0.038754147,train,-0.0020478377
2021-08-25,TLT,0.0027655861,0.010071358,0.0073057716,train,0.011842454
2021-08-26,EFA,0.009087022,-0.030526327,0.03961335,train,-0.019045515
2021-08-26,IWM,0.027811235,0.031177433,0.0033661984,train,0.042509872
2021-08-26,SPY,0.0089012375,0.009532526,0.0006312886,train,0.03283355
2021-08-26,TLT,0.006780963,-0.0109517425,0.017732706,train,0.010071358
2021-08-27,EFA,-0.00024776396,0.006950009,0.007197773,train,-0.030526327
2021-08-27,IWM,-0.0041161124,-0.031817418,0.027701305,train,0.031177433
2021-08-27,SPY,0.004387866,-0.020694906,0.02508277,train,0.009532526
2021-08-27,TLT,0.0026064904,-0.012133801,0.014740292,train,-0.0109517425
2021-08-30,EFA,-0.0004960392,-0.0065890565,0.0060930173,train,0.006950009
2021-08-30,IWM,0.0019495174,0.02334317,0.021393653,train,-0.031817418
2021-08-30,SPY,-0.0014826849,-0.010696171,0.009213486,train,-0.020694906
2021-08-30,TLT,-0.006830675,-0.007320163,0.0004894878,train,-0.012133801
2021-08-31,EFA,0.00901197,-0.0027570068,0.011768976,train,-0.0065890565
2021-08-31,IWM,0.0067055514,-0.0023616604,0.009067211,train,0.02334317
2021-08-31,SPY,0.0005314002,-0.022665543,0.023196943,train,-0.010696171
2021-08-31,TLT,0.0016737184,-0.042989973,0.04466369,train,-0.007320163
2021-09-01,EFA,0.0040472527,0.021211486,0.017164234,train,-0.0027570068
2021-09-01,IWM,0.0069228876,0.019314587,0.0123916995,train,-0.0023616604
2021-09-01,SPY,0.003071835,-0.027089512,0.030161347,train,-0.022665543
2021-09-01,TLT,0.0043560034,-0.0018404517,0.006196455,train,-0.042989973
2021-09-02,EFA,0.0045185746,-0.0053329393,0.009851513,train,0.021211486
2021-09-02,IWM,-0.004639227,0.01962707,0.024266297,train,0.019314587
2021-09-02,SPY,-0.00024284208,0.005175183,0.005418025,train,-0.027089512
2021-09-02,TLT,-0.009135596,-0.0015477226,0.007587874,train,-0.0018404517
2021-09-03,EFA,0.0007307407,0.0016365857,0.00090584497,train,-0.0053329393
2021-09-03,IWM,-0.006910903,0.020812707,0.02772361,train,0.01962707
2021-09-03,SPY,-0.0035817374,0.020673545,0.024255283,train,0.005175183
2021-09-03,TLT,-0.008471887,-0.023003638,0.014531751,train,-0.0015477226
2021-09-07,EFA,-0.007945735,-0.00036432175,0.0075814133,train,0.0016365857
2021-09-07,IWM,-0.010970447,-0.014743829,0.003773382,train,0.020812707
2021-09-07,SPY,-0.0012190983,0.008856453,0.010075551,train,0.020673545
2021-09-07,TLT,0.006782989,-0.021009946,0.027792934,train,-0.023003638
2021-09-08,EFA,-0.0017198736,-0.035511617,0.033791743,train,-0.00036432175
2021-09-08,IWM,-0.0004912839,-0.03184452,0.031353235,train,-0.014743829
2021-09-08,SPY,-0.0042894734,0.0016818573,0.0059713307,train,0.008856453
2021-09-08,TLT,0.012028,0.014732925,0.002704925,train,-0.021009946
2021-09-09,EFA,-0.0022152655,-0.0010649054,0.0011503601,train,-0.035511617
2021-09-09,IWM,-0.0098334355,0.0044305813,0.014264017,train,-0.03184452
2021-09-09,SPY,-0.007915704,0.0068168878,0.014732592,train,0.0016818573
2021-09-09,TLT,-0.008855699,-0.0023704637,0.006485235,train,0.014732925
2021-09-10,EFA,0.007854639,-0.023374138,0.031228777,train,-0.0010649054
2021-09-10,IWM,0.005669552,0.03530453,0.029634979,train,0.0044305813
2021-09-10,SPY,0.0025559862,0.017513609,0.014957623,train,0.0068168878
2021-09-10,TLT,0.0060457373,0.02306226,0.017016523,train,-0.0023704637
2021-09-13,EFA,-0.0041649994,0.011772057,0.015937056,train,-0.023374138
2021-09-13,IWM,-0.012824355,-0.026902534,0.014078179,train,0.03530453
2021-09-13,SPY,-0.0054112673,-0.014137732,0.008726465,train,0.017513609
2021-09-13,TLT,0.012050948,0.032191686,0.020140737,train,0.02306226
2021-09-14,EFA,0.0029419195,-0.01571137,0.01865329,train,0.011772057
2021-09-14,IWM,0.009003363,-0.0045401817,0.013543544,train,-0.026902534
2021-09-14,SPY,0.008317953,-0.015168335,0.023486288,train,-0.014137732
2021-09-14,TLT,-0.0035136438,0.0043434524,0.007857096,train,0.032191686
2021-09-15,EFA,-0.0015924698,-0.012544718,0.010952248,train,-0.01571137
2021-09-15,IWM,0.00072028744,-0.005975973,0.0066962605,train,-0.0045401817
2021-09-15,SPY,-0.0015865038,-0.020946408,0.019359903,train,-0.015168335
2021-09-15,TLT,-0.004593154,0.0025981255,0.0071912794,train,0.0043434524
2021-09-16,EFA,-0.013204448,-0.010142395,0.0030620527,train,-0.012544718
2021-09-16,IWM,0.0013043409,-0.0037690864,0.005073427,train,-0.005975973
2021-09-16,SPY,-0.009788819,-0.021610836,0.011822017,train,-0.020946408
2021-09-16,TLT,-0.004814756,-0.021290775,0.01647602,train,0.0025981255
2021-09-17,EFA,-0.01868263,-0.033048067,0.0143654365,train,-0.010142395
2021-09-17,IWM,-0.02406459,0.011811577,0.035876166,train,-0.0037690864
2021-09-17,SPY,-0.01681472,-0.01819661,0.0013818908,train,-0.021610836
2021-09-17,TLT,0.012325576,-0.009853931,0.022179507,train,-0.021290775
2021-09-20,EFA,0.0098237395,-0.0260494,0.035873137,train,-0.033048067
2021-09-20,IWM,0.0015180697,-0.01915496,0.02067303,train,0.011811577
2021-09-20,SPY,-0.0009452224,-0.02764275,0.026697528,train,-0.01819661
2021-09-20,TLT,-0.0008610394,-0.017682971,0.016821932,train,-0.009853931
2021-09-21,EFA,0.0050008516,0.026648035,0.021647183,train,-0.0260494
2021-09-21,IWM,0.015419254,0.00726527,0.008153984,train,-0.01915496
2021-09-21,SPY,0.009707621,-0.05222472,0.061932344,train,-0.02764275
2021-09-21,TLT,0.005946384,-0.012752088,0.018698473,train,-0.017682971
2021-09-22,EFA,0.010790452,0.026113061,0.015322609,train,0.026648035
2021-09-22,IWM,0.017545579,-0.009965615,0.027511194,train,0.00726527
2021-09-22,SPY,0.012076798,-0.051409353,0.06348615,train,-0.05222472
2021-09-22,TLT,-0.02285587,0.0077826143,0.030638484,train,-0.012752088
2021-09-23,EFA,-0.009419864,-0.013627855,0.004207991,train,0.026113061
2021-09-23,IWM,-0.0048347283,0.0441421,0.04897683,train,-0.009965615
2021-09-23,SPY,0.0016459202,0.004195892,0.0025499715,train,-0.051409353
2021-09-23,TLT,-0.009821238,-0.01783665,0.008015413,train,0.0077826143
2021-09-24,EFA,-0.00062283117,0.013579695,0.014202526,train,-0.013627855
2021-09-24,IWM,0.015084104,-0.014649177,0.029733282,train,0.0441421
2021-09-24,SPY,-0.0028649704,-0.027259102,0.024394132,train,0.004195892
2021-09-24,TLT,-0.0036831105,-0.0013410691,0.0023420413,train,-0.01783665
2021-09-27,EFA,-0.022048263,-0.0027719936,0.019276269,train,0.013579695
2021-09-27,IWM,-0.023005988,0.015846977,0.038852967,train,-0.014649177
2021-09-27,SPY,-0.020357756,-0.009186836,0.01117092,train,-0.027259102
2021-09-27,TLT,-0.015699122,0.005765932,0.021465054,train,-0.0013410691
2021-09-28,EFA,-0.002295502,-0.019703938,0.017408436,train,-0.0027719936
2021-09-28,IWM,-0.002126036,-0.0037249113,0.0015988753,train,0.015846977
2021-09-28,SPY,0.0016817151,0.0019002804,0.00021856523,train,-0.009186836
2021-09-28,TLT,0.0017330667,-0.024406726,0.026139792,train,0.005765932
2021-09-29,EFA,-0.003966203,0.012871791,0.016837994,train,-0.019703938
2021-09-29,IWM,-0.009418582,-0.008353347,0.0010652347,train,-0.0037249113
2021-09-29,SPY,-0.012297511,-0.018312555,0.0060150437,train,0.0019002804
2021-09-29,TLT,-0.00013801726,0.0028772675,0.003015285,train,-0.024406726
2021-09-30,EFA,0.0024326735,-0.0019463222,0.004378996,train,0.012871791
2021-09-30,IWM,0.016008416,-0.03701585,0.05302427,train,-0.008353347
2021-09-30,SPY,0.011814125,0.00025311904,0.011561006,train,-0.018312555
2021-09-30,TLT,0.008380353,-0.009040024,0.017420378,train,0.0028772675
2021-10-01,EFA,-0.010541191,-0.043649863,0.033108674,train,-0.0019463222
2021-10-01,IWM,-0.009129271,0.015235687,0.024364958,train,-0.03701585
2021-10-01,SPY,-0.012980024,-0.011276552,0.0017034719,train,0.00025311904
2021-10-01,TLT,-0.0025491195,-0.00057194335,0.0019771762,train,-0.009040024
2021-10-04,EFA,0.0068259784,-0.0065782066,0.013404185,train,-0.043649863
2021-10-04,IWM,0.0034445939,-0.03769716,0.041141752,train,0.015235687
2021-10-04,SPY,0.010351192,0.019158827,0.008807635,train,-0.011276552
2021-10-04,TLT,-0.009703286,-0.01514166,0.0054383744,train,-0.00057194335
2021-10-05,EFA,-0.006696578,0.024332011,0.03102859,train,-0.0065782066
2021-10-05,IWM,-0.0052165925,0.02795476,0.033171352,train,-0.03769716
2021-10-05,SPY,0.0041476004,-0.004976434,0.009124035,train,0.019158827
2021-10-05,TLT,0.0056254873,-0.009905271,0.015530759,train,-0.01514166
2021-10-06,EFA,0.0077229217,0.014619341,0.0068964195,train,0.024332011
2021-10-06,IWM,0.015300387,-0.016887609,0.032187995,train,0.02795476
2021-10-06,SPY,0.008608393,-0.03365451,0.042262904,train,-0.004976434
2021-10-06,TLT,-0.010512886,0.01068384,0.021196727,train,-0.009905271
2021-10-07,EFA,-0.00012806624,0.037094284,0.037222352,train,0.014619341
2021-10-07,IWM,-0.0075532966,0.00047028856,0.008023585,train,-0.016887609
2021-10-07,SPY,-0.0018254826,-0.00033895439,0.0014865282,train,-0.03365451
2021-10-07,TLT,-0.0070230877,-0.024196526,0.01717344,train,0.01068384
2021-10-08,EFA,-0.0032112957,0.012141623,0.015352918,train,0.037094284
2021-10-08,IWM,-0.005748058,0.0035425005,0.009290559,train,0.00047028856
2021-10-08,SPY,-0.0072659454,-0.056320164,0.04905422,train,-0.00033895439
2021-10-08,TLT,-0.0025409393,-0.019547759,0.01700682,train,-0.024196526
2021-10-11,EFA,0.00051449175,0.017109403,0.016594911,train,0.012141623
2021-10-11,IWM,0.005477276,0.009805573,0.004328297,train,0.0035425005
2021-10-11,SPY,-0.002464597,-0.08631014,0.08384554,train,-0.056320164
2021-10-11,TLT,0.016955584,-0.01230808,0.029263664,train,-0.019547759
2021-10-12,EFA,0.009852442,0.011738859,0.0018864172,train,0.017109403
2021-10-12,IWM,0.004728824,0.004205666,0.0005231579,train,0.009805573
2021-10-12,SPY,0.003591142,0.0024981755,0.0010929664,train,-0.08631014
2021-10-12,TLT,0.009679502,-0.052221883,0.061901383,train,-0.01230808
2021-10-13,EFA,0.009882125,-0.019665826,0.029547952,train,0.011738859
2021-10-13,IWM,0.014717884,0.001179683,0.013538201,train,0.004205666
2021-10-13,SPY,0.016680686,-0.012133339,0.028814025,train,0.0024981755
2021-10-13,TLT,0.003708242,0.014770815,0.011062574,train,-0.052221883
2021-10-14,EFA,0.008286218,0.054640427,0.04635421,train,-0.019665826
2021-10-14,IWM,-0.0031482913,0.010611391,0.013759682,train,0.001179683
2021-10-14,SPY,0.0075870063,0.04406158,0.03647457,train,-0.012133339
2021-10-14,TLT,-0.0058435323,0.0225954,0.028438933,train,0.014770815
2021-10-15,EFA,-0.004260199,0.026657926,0.030918125,train,0.054640427
2021-10-15,IWM,-0.00057758635,0.028502027,0.029079612,train,0.010611391
2021-10-15,SPY,0.0029562514,-0.0053746975,0.008330949,train,0.04406158
2021-10-15,TLT,0.0046772496,0.012123238,0.0074459887,train,0.0225954
2021-10-18,EFA,0.0060092923,-0.017536491,0.023545783,train,0.026657926
2021-10-18,IWM,0.0037258775,-0.03242981,0.03615569,train,0.028502027
2021-10-18,SPY,0.0076852744,-0.008194668,0.015879942,train,-0.0053746975
2021-10-18,TLT,-0.013890327,0.032605406,0.046495732,train,0.012123238
2021-10-19,EFA,0.0034883786,0.0064599463,0.0029715677,train,-0.017536491
2021-10-19,IWM,0.0066191964,-0.025270527,0.03188972,train,-0.03242981
2021-10-19,SPY,0.0039199353,-0.027721656,0.03164159,train,-0.008194668
2021-10-19,TLT,-0.0067725857,-0.03764554,0.030872956,train,0.032605406
2021-10-20,EFA,-0.0047376696,0.0048092916,0.009546962,train,0.0064599463
2021-10-20,IWM,0.0025474774,-0.01587406,0.018421538,train,-0.025270527
2021-10-20,SPY,0.0026049223,-0.04823089,0.05083581,train,-0.027721656
2021-10-20,TLT,-0.0011921615,-0.023676487,0.022484325,train,-0.03764554
2021-10-21,EFA,0.005980732,0.0065317913,0.0005510594,train,0.0048092916
2021-10-21,IWM,-0.0023717103,-0.017447116,0.015075406,train,-0.01587406
2021-10-21,SPY,-0.0010366391,-0.06700219,0.065965556,train,-0.04823089
2021-10-21,TLT,0.010953011,-0.015068391,0.026021402,train,-0.023676487
2021-10-22,EFA,-0.0019895327,0.011687266,0.013676798,train,0.0065317913
2021-10-22,IWM,0.009453347,-0.006931714,0.01638506,train,-0.017447116
2021-10-22,SPY,0.005348182,0.054231435,0.04888325,train,-0.06700219
2021-10-22,TLT,-0.0015281007,0.0005097999,0.0020379005,train,-0.015068391
2021-10-25,EFA,0.0019895327,-0.015694642,0.017684175,train,0.011687266
2021-10-25,IWM,-0.0075642606,-0.030244006,0.022679746,train,-0.006931714
2021-10-25,SPY,0.00089968997,-0.06513086,0.06603055,train,0.054231435
2021-10-25,TLT,0.008235489,-0.022277316,0.030512806,train,0.0005097999
2021-10-26,EFA,-0.0039830315,0.009660093,0.013643125,train,-0.015694642
2021-10-26,IWM,-0.018561274,-0.018809354,0.00024808012,train,-0.030244006
2021-10-26,SPY,-0.004440021,-0.0012522875,0.0031877332,train,-0.06513086
2021-10-26,TLT,0.018030211,0.013272617,0.0047575943,train,-0.022277316
2021-10-27,EFA,0.009680973,-0.031622253,0.041303225,train,0.009660093
2021-10-27,IWM,0.019745488,-0.038778417,0.058523905,train,-0.018809354
2021-10-27,SPY,0.009602622,0.015137838,0.005535216,train,-0.0012522875
2021-10-27,TLT,-0.003389691,0.026757525,0.030147217,train,0.013272617
2021-10-28,EFA,-0.005822015,-0.01689423,0.011072216,train,-0.031622253
2021-10-28,IWM,-0.000262959,0.009048047,0.0093110055,train,-0.038778417
2021-10-28,SPY,0.0020271465,-0.0505468,0.052573945,train,0.015137838
2021-10-28,TLT,0.0030519601,-0.0406636,0.04371556,train,0.026757525
2021-10-29,EFA,0.009643867,-0.021074956,0.030718822,train,-0.01689423
2021-10-29,IWM,0.025585286,-0.025431389,0.051016673,train,0.009048047
2021-10-29,SPY,0.001718646,0.00082107866,0.00089756737,train,-0.0505468
2021-10-29,TLT,-0.0072263363,-0.016721422,0.009495085,train,-0.0406636
2021-11-01,EFA,-0.002093912,-0.029075457,0.026981544,train,-0.021074956
2021-11-01,IWM,0.002092163,0.038617644,0.03652548,train,-0.025431389
2021-11-01,SPY,0.0040349397,-0.039356586,0.043391526,train,0.00082107866
2021-11-01,TLT,0.004428595,-0.0026534586,0.0070820535,train,-0.016721422
2021-11-02,EFA,0.00810487,0.0029248553,0.0051800148,train,-0.029075457
2021-11-02,IWM,0.017713705,0.025443623,0.0077299178,train,0.038617644
2021-11-02,SPY,0.00608663,-0.024175247,0.030261878,train,-0.039356586
2021-11-02,TLT,-0.010386993,0.006661114,0.017048107,train,-0.0026534586
2021-11-03,EFA,-0.0006113832,-0.011509512,0.010898128,train,0.0029248553
2021-11-03,IWM,-0.00037705537,0.03694049,0.037317544,train,0.025443623
2021-11-03,SPY,0.004701492,-0.020557122,0.025258614,train,-0.024175247
2021-11-03,TLT,0.010455197,0.03535648,0.024901284,train,0.006661114
2021-11-04,EFA,0.0014674872,-0.017215738,0.018683225,train,-0.011509512
2021-11-04,IWM,0.01357323,-0.021115175,0.034688406,train,0.03694049
2021-11-04,SPY,0.003463715,-0.020775324,0.024239039,train,-0.020557122
2021-11-04,TLT,0.014845019,0.010523029,0.0043219905,train,0.03535648
2021-11-05,EFA,-0.00012227106,-0.011507679,0.011385407,train,-0.017215738
2021-11-05,IWM,0.003096885,-0.013454681,0.016551565,train,-0.021115175
2021-11-05,SPY,0.0008533042,-0.041866317,0.04271962,train,-0.020775324
2021-11-05,TLT,-0.0018770575,0.042161543,0.0440386,train,0.010523029
2021-11-08,EFA,-0.002202255,0.0024059783,0.0046082335,train,-0.011507679
2021-11-08,IWM,-0.0058299927,-0.03486255,0.029032558,train,-0.013454681
2021-11-08,SPY,-0.0033107735,-0.03007058,0.026759807,train,-0.041866317
2021-11-08,TLT,0.012934161,0.011126198,0.0018079635,train,0.042161543
2021-11-09,EFA,-0.012200574,-0.020285273,0.008084699,train,0.0024059783
2021-11-09,IWM,-0.015883198,-0.019345192,0.0034619942,train,-0.03486255
2021-11-09,SPY,-0.008077483,-0.016036808,0.007959326,train,-0.03007058
2021-11-09,TLT,-0.018451888,0.054007757,0.072459646,train,0.011126198
2021-11-10,EFA,0.0035892185,-0.019995697,0.023584915,train,-0.020285273
2021-11-10,IWM,0.008014913,0.0068892413,0.0011256714,train,-0.019345192
2021-11-10,SPY,0.0003234113,-0.03157725,0.031900663,train,-0.016036808
2021-11-10,TLT,-0.0014858891,0.01589935,0.01738524,train,0.054007757
2021-11-11,EFA,0.005421314,0.001591804,0.00382951,train,-0.019995697
2021-11-11,IWM,0.0010024533,0.020041345,0.019038891,train,0.0068892413
2021-11-11,SPY,0.007518524,0.014781596,0.0072630723,train,-0.03157725
2021-11-11,TLT,-0.0044021416,0.00062850164,0.005030643,train,0.01589935
2021-11-12,EFA,-0.0018446071,-0.008979594,0.007134987,train,0.001591804
2021-11-12,IWM,-0.0039742906,0.010247154,0.014221445,train,0.020041345
2021-11-12,SPY,0.00034242656,-0.015340006,0.015682433,train,0.014781596
2021-11-12,TLT,-0.012636143,-0.023472613,0.01083647,train,0.00062850164
2021-11-15,EFA,-0.0022183764,-0.019696314,0.017477937,train,-0.008979594
2021-11-15,IWM,0.0018427063,0.0048535536,0.0030108471,train,0.010247154
2021-11-15,SPY,0.0039499565,-0.022274459,0.026224416,train,-0.015340006
2021-11-15,TLT,-0.0025467107,-0.0016972527,0.0008494579,train,-0.023472613
2021-11-16,EFA,-0.0012346215,-0.02059676,0.019362139,train,-0.019696314
2021-11-16,IWM,-0.013183255,0.061186697,0.07436995,train,0.0048535536
2021-11-16,SPY,-0.002432167,-0.005391454,0.0029592868,train,-0.022274459
2021-11-16,TLT,0.00789395,0.0144562945,0.0065623447,train,-0.0016972527
2021-11-17,EFA,0.0009877105,-0.017082872,0.018070582,train,-0.02059676
2021-11-17,IWM,-0.0042488757,0.019159934,0.02340881,train,0.061186697
2021-11-17,SPY,0.0033907394,-0.0076759215,0.011066661,train,-0.005391454
2021-11-17,TLT,0.003753329,0.008129897,0.004376568,train,0.0144562945
2021-11-18,EFA,-0.008551926,-0.01676487,0.008212944,train,-0.017082872
2021-11-18,IWM,-0.0091535915,0.035250682,0.044404276,train,0.019159934
2021-11-18,SPY,-0.0017897659,0.011828151,0.013617916,train,-0.0076759215
2021-11-18,TLT,0.01050266,0.009573057,0.0009296024,train,0.008129897
2021-11-19,EFA,-0.0058671865,-0.033357553,0.027490366,train,-0.01676487
2021-11-19,IWM,-0.0042632604,0.021775967,0.026039228,train,0.035250682
2021-11-19,SPY,-0.0028193137,-0.016660778,0.013841464,train,0.011828151
2021-11-19,TLT,-0.01179782,-0.008681776,0.0031160442,train,0.009573057
2021-11-22,EFA,-0.001002173,-0.014940696,0.013938523,train,-0.033357553
2021-11-22,IWM,-0.0017274256,0.008881673,0.010609099,train,0.021775967
2021-11-22,SPY,0.0013249762,-0.033373583,0.03469856,train,-0.016660778
2021-11-22,TLT,-0.014564632,-0.015359875,0.0007952424,train,-0.008681776
2021-11-23,EFA,-0.006664608,0.007740296,0.014404904,train,-0.014940696
2021-11-23,IWM,0.0010803126,-0.01922716,0.020307472,train,0.008881673
2021-11-23,SPY,0.002666491,-0.011216532,0.0138830235,train,-0.033373583
2021-11-23,TLT,0.015928004,-0.035141174,0.051069178,train,-0.015359875
2021-11-24,EFA,-0.027241278,-0.013971711,0.013269568,train,0.007740296
2021-11-24,IWM,-0.03842666,-0.030125327,0.008301333,train,-0.01922716
2021-11-24,SPY,-0.022555592,-0.027166141,0.0046105497,train,-0.011216532
2021-11-24,TLT,0.024954686,0.0017319792,0.023222707,train,-0.035141174
2021-11-26,EFA,0.005043706,0.0050844536,4.074769e-05,train,-0.013971711
2021-11-26,IWM,-0.00062838505,0.0049616476,0.005590033,train,-0.030125327
2021-11-26,SPY,0.012192117,-0.010977594,0.023169711,train,-0.027166141
2021-11-26,TLT,-0.008070128,-0.02090259,0.012832463,train,0.0017319792
2021-11-29,EFA,-0.008810785,-0.009174025,0.00036324002,train,0.0050844536
2021-11-29,IWM,-0.020595964,-0.031697344,0.01110138,train,0.0049616476
2021-11-29,SPY,-0.019649537,-0.00997691,0.009672627,train,-0.010977594
2021-11-29,TLT,0.015087352,0.019327482,0.00424013,train,-0.02090259
2021-11-30,EFA,-0.0057424316,0.014578175,0.020320605,train,-0.009174025
2021-11-30,IWM,-0.022762615,-0.037984706,0.015222091,train,-0.031697344
2021-11-30,SPY,-0.01116949,-0.022468733,0.011299242,train,-0.00997691
2021-11-30,TLT,0.0061500533,0.02079934,0.014649287,train,0.019327482
2021-12-01,EFA,0.012357787,0.015477283,0.0031194957,train,0.014578175
2021-12-01,IWM,0.027518129,-0.048994087,0.07651222,train,-0.037984706
2021-12-01,SPY,0.015200286,-0.01629043,0.031490717,train,-0.022468733
2021-12-01,TLT,0.0012463256,0.019709269,0.018462943,train,0.02079934
2021-12-02,EFA,-0.0041458006,-0.05742689,0.053281087,train,0.015477283
2021-12-02,IWM,-0.020741811,-0.062176697,0.041434884,train,-0.048994087
2021-12-02,SPY,-0.00873938,-0.03406107,0.02532169,train,-0.01629043
2021-12-02,TLT,0.011861415,-0.047980834,0.059842248,train,0.019709269
2021-12-03,EFA,0.009560985,-0.026913958,0.036474943,train,-0.05742689
2021-12-03,IWM,0.019874742,0.007677088,0.012197655,train,-0.062176697
2021-12-03,SPY,0.011773727,0.013023043,0.0012493161,train,-0.03406107
2021-12-03,TLT,-0.013830069,0.041050956,0.054881025,train,-0.047980834
2021-12-06,EFA,0.02086845,0.030058274,0.009189824,train,-0.026913958
2021-12-06,IWM,0.022929352,-0.035393268,0.05832262,train,0.007677088
2021-12-06,SPY,0.020473737,-0.0010232874,0.021497024,train,0.013023043
2021-12-06,TLT,-0.0081126,-0.019044908,0.010932308,train,0.041050956
2021-12-07,EFA,0.0018871757,0.0076250457,0.00573787,train,0.030058274
2021-12-07,IWM,0.0068040756,0.023942245,0.01713817,train,-0.035393268
2021-12-07,SPY,0.0026446031,0.05352265,0.050878048,train,-0.0010232874
2021-12-07,TLT,-0.017436234,-0.010385092,0.007051142,train,-0.019044908
2021-12-08,EFA,-0.008330144,0.0023442158,0.010674359,train,0.0076250457
2021-12-08,IWM,-0.02290799,-0.05354156,0.03063357,train,0.023942245
2021-12-08,SPY,-0.006774612,0.0038114549,0.010586066,train,0.05352265
2021-12-08,TLT,0.0055784676,0.017729962,0.012151495,train,-0.010385092
2021-12-09,EFA,0.0021521235,-0.01226127,0.014413393,train,0.0023442158
2021-12-09,IWM,-0.0027701438,0.041187633,0.043957777,train,-0.05354156
2021-12-09,SPY,0.00936953,0.01887586,0.00950633,train,0.0038114549
2021-12-09,TLT,-0.0024158016,0.01727589,0.019691693,train,0.017729962
2021-12-10,EFA,-0.009411357,0.03967732,0.049088676,train,-0.01226127
2021-12-10,IWM,-0.0147215985,-0.013190998,0.0015306007,train,0.041187633
2021-12-10,SPY,-0.008897769,0.046921995,0.055819765,train,0.01887586
2021-12-10,TLT,0.014671287,0.012944713,0.0017265733,train,0.01727589
2021-12-13,EFA,-0.0053392868,-0.0019678338,0.003371453,train,0.03967732
2021-12-13,IWM,-0.008646927,-0.01147601,0.0028290832,train,-0.013190998
2021-12-13,SPY,-0.00690388,-0.011182403,0.0042785234,train,0.046921995
2021-12-13,TLT,-0.0023864578,-0.027042305,0.024655847,train,0.012944713
2021-12-14,EFA,0.013489094,-0.022212679,0.035701774,train,-0.0019678338
2021-12-14,IWM,0.015750032,-0.027898854,0.043648884,train,-0.01147601
2021-12-14,SPY,0.015504217,-0.013644436,0.029148653,train,-0.011182403
2021-12-14,TLT,-0.009668251,0.0298851,0.03955335,train,-0.027042305
2021-12-15,EFA,0.00012857535,-0.008404313,0.008532888,train,-0.022212679
2021-12-15,IWM,-0.020429894,-0.043690678,0.023260783,train,-0.027898854
2021-12-15,SPY,-0.008857532,0.064935975,0.07379351,train,-0.013644436
2021-12-15,TLT,0.0003888529,-0.008632556,0.009021409,train,0.0298851
2021-12-16,EFA,-0.012704198,0.005978687,0.018682886,train,-0.008404313
2021-12-16,IWM,0.009152132,0.0165882,0.007436068,train,-0.043690678
2021-12-16,SPY,-0.010699962,-0.086228065,0.0755281,train,0.064935975
2021-12-16,TLT,0.011267902,-0.04178057,0.05304847,train,-0.008632556
2021-12-17,EFA,-0.0022201054,-0.0094152,0.0071950946,train,0.005978687
2021-12-17,IWM,-0.014136983,0.030591244,0.044728227,train,0.0165882
2021-12-17,SPY,-0.010690528,-0.09433936,0.08364884,train,-0.086228065
2021-12-17,TLT,-0.007520549,-0.028905226,0.021384677,train,-0.04178057
2021-12-20,EFA,0.01105257,-0.018072119,0.029124688,train,-0.0094152
2021-12-20,IWM,0.02816818,0.015702983,0.012465196,train,0.030591244
2021-12-20,SPY,0.017603261,-0.03176786,0.049371123,train,-0.09433936
2021-12-20,TLT,-0.0038146435,-0.014825853,0.011011209,train,-0.028905226
2021-12-21,EFA,0.009267652,0.014238292,0.00497064,train,-0.018072119
2021-12-21,IWM,0.0095793875,-0.022513201,0.03209259,train,0.015702983
2021-12-21,SPY,0.00994912,-0.04854151,0.058490627,train,-0.03176786
2021-12-21,TLT,0.0046159253,-0.025783304,0.03039923,train,-0.014825853
2021-12-22,EFA,0.0058764736,0.011808746,0.005932272,train,0.014238292
2021-12-22,IWM,0.007957874,-0.012047721,0.020005595,train,-0.022513201
2021-12-22,SPY,0.006202722,-0.057729065,0.063931786,train,-0.04854151
2021-12-22,TLT,-0.008714464,-0.044541426,0.035826962,train,-0.025783304
2021-12-23,EFA,0.007739515,-0.0030149897,0.010754505,train,0.011808746
2021-12-23,IWM,0.00932428,-0.07515801,0.08448229,train,-0.012047721
2021-12-23,SPY,0.014053034,-0.025516754,0.039569788,train,-0.057729065
2021-12-23,TLT,0.0024213374,0.0029393234,0.000517986,train,-0.044541426
2021-12-27,EFA,0.0003792394,-0.032220896,0.032600135,train,-0.0030149897
2021-12-27,IWM,-0.0061316593,0.0082865935,0.014418253,train,-0.07515801
2021-12-27,SPY,-0.00081760716,-0.011459811,0.0106422035,train,-0.025516754
2021-12-27,TLT,-0.0039715073,-0.02284383,0.018872323,train,0.0029393234
2021-12-28,EFA,-0.0003792394,-0.023387548,0.023008307,train,-0.032220896
2021-12-28,IWM,0.001076915,-0.009128956,0.010205871,train,0.0082865935
2021-12-28,SPY,0.001278324,-0.035053004,0.036331326,train,-0.011459811
2021-12-28,TLT,-0.010984403,-0.018595448,0.0076110447,train,-0.02284383
2021-12-29,EFA,-0.0026250922,-0.01659509,0.013969998,train,-0.023387548
2021-12-29,IWM,-0.00026912004,-0.007920133,0.007651013,train,-0.009128956
2021-12-29,SPY,-0.0027682357,0.013743913,0.016512148,train,-0.035053004
2021-12-29,TLT,0.008351736,-0.025306087,0.033657823,train,-0.018595448
2021-12-30,EFA,-0.0008893511,0.000628124,0.0015174751,train,-0.01659509
2021-12-30,IWM,-0.002155427,-0.0036419234,0.0014864965,train,-0.007920133
2021-12-30,SPY,-0.0025234057,0.004288456,0.006811862,train,0.013743913
2021-12-30,TLT,0.0019584438,-0.019167764,0.021126207,train,-0.025306087
2021-12-31,EFA,0.0064611463,0.005688488,0.00077265827,train,0.000628124
2021-12-31,IWM,0.012819191,-0.03621333,0.049032524,train,-0.0036419234
2021-12-31,SPY,0.0057733525,0.018864073,0.01309072,train,0.004288456
2021-12-31,TLT,-0.026600927,-0.0040258747,0.022575052,train,-0.019167764
2022-01-03,EFA,0.005666319,0.017697372,0.012031052,train,0.005688488
2022-01-03,IWM,-0.001510204,-0.027669651,0.026159447,train,-0.03621333
2022-01-03,SPY,-0.00033496422,-0.00418972,0.0038547558,train,0.018864073
2022-01-03,TLT,-0.0041665463,-0.022132404,0.017965857,train,-0.0040258747
2022-01-04,EFA,-0.008828312,0.014385471,0.023213783,train,0.017697372
2022-01-04,IWM,-0.0344566,-0.0212843,0.013172299,train,-0.027669651
2022-01-04,SPY,-0.019388912,0.03340685,0.05279576,train,-0.00418972
2022-01-04,TLT,-0.0054430645,0.023946736,0.0293898,train,-0.022132404
2022-01-05,EFA,-0.0050799022,-0.010404229,0.005324327,train,0.014385471
2022-01-05,IWM,0.0056887725,-0.047135975,0.052824747,train,-0.0212843
2022-01-05,SPY,-0.0009399744,0.012587216,0.01352719,train,0.03340685
2022-01-05,TLT,0.0025859463,0.019526666,0.01694072,train,0.023946736
2022-01-06,EFA,0.0029240085,-0.009731784,0.012655793,train,-0.010404229
2022-01-06,IWM,-0.011641199,-0.019354483,0.0077132843,train,-0.047135975
2022-01-06,SPY,-0.003961307,-0.0042548333,0.00029352633,train,0.012587216
2022-01-06,TLT,-0.007214234,-0.0076012346,0.0003870004,train,0.019526666
2022-01-07,EFA,-0.009310503,0.0076191793,0.016929682,train,-0.009731784
2022-01-07,IWM,-0.0034771233,0.0001506363,0.0036277596,train,-0.019354483
2022-01-07,SPY,-0.0012451272,0.01811823,0.019363359,train,-0.0042548333
2022-01-07,TLT,0.00245726,-0.00567798,0.00813524,train,-0.0076012346
2022-01-10,EFA,0.010832927,-0.010070905,0.020903833,train,0.0076191793
2022-01-10,IWM,0.010579247,-0.014787378,0.025366625,train,0.0001506363
2022-01-10,SPY,0.00906702,-0.014197983,0.023265004,train,0.01811823
2022-01-10,TLT,0.006639428,0.016860405,0.010220977,train,-0.00567798
2022-01-11,EFA,0.009713069,0.004661379,0.0050516897,train,-0.010070905
2022-01-11,IWM,-0.0074721393,0.0044474876,0.011919627,train,-0.014787378
2022-01-11,SPY,0.002699933,-0.017273486,0.01997342,train,-0.014197983
2022-01-11,TLT,-0.0038388758,-0.031936757,0.028097881,train,0.016860405
2022-01-12,EFA,-0.0073076477,-0.01853513,0.011227482,train,0.004661379
2022-01-12,IWM,-0.009209678,0.008037021,0.017246699,train,0.0044474876
2022-01-12,SPY,-0.013874462,-0.023213899,0.009339437,train,-0.017273486
2022-01-12,TLT,0.008841722,0.0036660978,0.0051756245,train,-0.031936757
2022-01-13,EFA,-0.0010122532,-0.014551517,0.013539263,train,-0.01853513
2022-01-13,IWM,0.0014008172,0.0055062366,0.0041054194,train,0.008037021
2022-01-13,SPY,0.00040884735,-0.020294514,0.02070336,train,-0.023213899
2022-01-13,TLT,-0.015225116,0.002507383,0.0177325,train,0.0036660978
2022-01-14,EFA,-0.014792445,-0.013514219,0.0012782263,train,-0.014551517
2022-01-14,IWM,-0.030703064,0.00889693,0.039599992,train,0.0055062366
2022-01-14,SPY,-0.017868271,-0.016222598,0.0016456731,train,-0.020294514
2022-01-14,TLT,-0.014174381,-0.011081327,0.0030930545,train,0.002507383
2022-01-18,EFA,-0.00089953124,-0.019548556,0.018649025,train,-0.013514219
2022-01-18,IWM,-0.016397005,-0.01818006,0.0017830543,train,0.00889693
2022-01-18,SPY,-0.010437758,-0.077553995,0.06711624,train,-0.016222598
2022-01-18,TLT,0.0068998868,0.007501966,0.0006020791,train,-0.011081327
2022-01-19,EFA,-0.004898087,0.0016048606,0.006502948,train,-0.019548556
2022-01-19,IWM,-0.018263083,0.025037965,0.043301046,train,-0.01818006
2022-01-19,SPY,-0.011129672,-0.08982434,0.07869467,train,-0.077553995
2022-01-19,TLT,0.006147831,-0.024368396,0.030516228,train,0.007501966
2022-01-20,EFA,-0.013660768,-0.02072965,0.0070688818,train,0.0016048606
2022-01-20,IWM,-0.01890739,0.009370459,0.02827785,train,0.025037965
2022-01-20,SPY,-0.019825837,-0.06734227,0.047516428,train,-0.08982434
2022-01-20,TLT,0.011836107,-0.0045983805,0.016434487,train,-0.024368396
2022-01-21,EFA,-0.010005161,-0.016434243,0.006429082,train,-0.02072965
2022-01-21,IWM,0.022785245,0.048359696,0.025574451,train,0.009370459
2022-01-21,SPY,0.004237604,-0.043500766,0.04773837,train,-0.06734227
2022-01-21,TLT,-0.008249171,-0.013190007,0.0049408358,train,-0.0045983805
2022-01-24,EFA,-0.006104995,-0.02143282,0.015327826,train,-0.016434243
2022-01-24,IWM,-0.013437655,-0.072764255,0.0593266,train,0.048359696
2022-01-24,SPY,-0.012284134,-0.045544803,0.03326067,train,-0.043500766
2022-01-24,TLT,-0.0016155315,0.002992028,0.004607559,train,-0.013190007
2022-01-25,EFA,-0.0038679398,-0.024890276,0.021022337,train,-0.02143282
2022-01-25,IWM,-0.014538902,-0.019043257,0.0045043556,train,-0.072764255
2022-01-25,SPY,-0.0025119176,0.0020867218,0.0045986394,train,-0.045544803
2022-01-25,TLT,-0.012168216,-0.043351386,0.03118317,train,0.002992028
2022-01-26,EFA,-0.0046881316,-0.009527545,0.004839414,train,-0.024890276
2022-01-26,IWM,-0.022969233,-0.016955195,0.006014038,train,-0.019043257
2022-01-26,SPY,-0.0049501467,-0.00946633,0.004516183,train,0.0020867218
2022-01-26,TLT,0.01819672,-0.0057976753,0.023994396,train,-0.043351386
2022-01-27,EFA,0.0033509065,-0.0116268415,0.014977748,train,-0.009527545
2022-01-27,IWM,0.019288333,-0.04135046,0.060638793,train,-0.016955195
2022-01-27,SPY,0.024531975,0.0067682513,0.017763725,train,-0.00946633
2022-01-27,TLT,0.0003491461,0.026861066,0.02651192,train,-0.0057976753
2022-01-28,EFA,0.014480338,0.027545078,0.013064739,train,-0.0116268415
2022-01-28,IWM,0.030217662,0.0011975789,0.029020084,train,-0.04135046
2022-01-28,SPY,0.017850718,-0.03873763,0.056588344,train,0.0067682513
2022-01-28,TLT,-0.00518347,-0.00073353155,0.0044499384,train,0.026861066
2022-01-31,EFA,0.009451468,0.041520234,0.032068767,train,0.027545078
2022-01-31,IWM,0.010479364,0.07850883,0.06802947,train,0.0011975789
2022-01-31,SPY,0.0067342888,-0.039847065,0.046581354,train,-0.03873763
2022-01-31,TLT,-0.00332477,-0.010100307,0.006775537,train,-0.00073353155
2022-02-01,EFA,0.007419411,0.038305733,0.030886322,train,0.041520234
2022-02-01,IWM,-0.009982836,0.042813715,0.05279655,train,0.07850883
2022-02-01,SPY,0.0096671535,-0.0020863316,0.011753485,train,-0.039847065
2022-02-01,TLT,0.00338089,0.016571378,0.013190488,train,-0.010100307
2022-02-02,EFA,-0.015947882,0.05484825,0.07079613,train,0.038305733
2022-02-02,IWM,-0.0191045,0.0048179575,0.023922456,train,0.042813715
2022-02-02,SPY,-0.023785638,0.024594674,0.04838031,train,-0.0020863316
2022-02-02,TLT,-0.007836297,0.0010094163,0.008845713,train,0.016571378
2022-02-03,EFA,0.002369013,0.007995386,0.005626373,train,0.05484825
2022-02-03,IWM,0.0042939507,-0.015924698,0.020218648,train,0.0048179575
2022-02-03,SPY,0.004691291,-0.11388146,0.11857275,train,0.024594674
2022-02-03,TLT,-0.014852395,0.0076845833,0.022536978,train,0.0010094163
2022-02-04,EFA,0.0017075897,0.047878053,0.046170462,train,0.007995386
2022-02-04,IWM,0.00492791,0.06691975,0.06199184,train,-0.015924698
2022-02-04,SPY,-0.003214426,-0.08753923,0.08432481,train,-0.11388146
2022-02-04,TLT,0.00064734224,-0.019033547,0.01968089,train,0.0076845833
2022-02-07,EFA,0.0051050056,0.02661862,0.021513615,train,0.047878053
2022-02-07,IWM,0.01691069,0.05247068,0.03555999,train,0.06691975
2022-02-07,SPY,0.008194078,-0.031746287,0.039940365,train,-0.08753923
2022-02-07,TLT,-0.006708197,-0.0043557184,0.0023524784,train,-0.019033547
2022-02-08,EFA,0.016060246,-0.007651703,0.02371195,train,0.02661862
2022-02-08,IWM,0.018810008,0.016721273,0.0020887349,train,0.05247068
2022-02-08,SPY,0.014530101,-0.026229298,0.0407594,train,-0.031746287
2022-02-08,TLT,0.0018801031,-0.013651462,0.015531565,train,-0.0043557184
2022-02-09,EFA,-0.012801504,0.07612419,0.0889257,train,-0.007651703
2022-02-09,IWM,-0.01546176,0.023930112,0.03939187,train,0.016721273
2022-02-09,SPY,-0.018129041,-0.015363058,0.0027659833,train,-0.026229298
2022-02-09,TLT,-0.01601999,-0.011020461,0.0049995296,train,-0.013651462
2022-02-10,EFA,-0.01521133,-0.03520282,0.019991491,train,0.07612419
2022-02-10,IWM,-0.010177376,-0.023083111,0.0129057355,train,0.023930112
2022-02-10,SPY,-0.019915799,-0.15373461,0.1338188,train,-0.015363058
2022-02-10,TLT,0.0147186145,-0.0352067,0.049925316,train,-0.011020461
2022-02-11,EFA,-0.0064958273,0.024087938,0.030583765,train,-0.03520282
2022-02-11,IWM,-0.0034824316,-0.092774056,0.089291625,train,-0.023083111
2022-02-11,SPY,-0.0032746599,-0.20155767,0.198283,train,-0.15373461
2022-02-11,TLT,-0.012518958,-0.01307131,0.0005523516,train,-0.0352067
2022-02-14,EFA,0.018187165,-0.0106017925,0.028788958,train,0.024087938
2022-02-14,IWM,0.026456034,-0.08510857,0.11156461,train,-0.092774056
2022-02-14,SPY,0.015998255,-0.10372061,0.119718865,train,-0.20155767
2022-02-14,TLT,-0.011418269,-0.0052717184,0.0061465506,train,-0.01307131
2022-02-15,EFA,0.0037803217,0.071902424,0.068122104,train,-0.0106017925
2022-02-15,IWM,0.002084454,-0.06937014,0.0714546,train,-0.08510857
2022-02-15,SPY,0.0011202013,0.025218004,0.024097804,train,-0.10372061
2022-02-15,TLT,0.0059092483,-0.0187056,0.024614848,train,-0.0052717184
2022-02-16,EFA,-0.016264929,0.0016402998,0.017905228,train,0.071902424
2022-02-16,IWM,-0.025952492,-0.061518315,0.035565823,train,-0.06937014
2022-02-16,SPY,-0.021592723,0.036439184,0.05803191,train,0.025218004
2022-02-16,TLT,0.007411104,-0.0032855025,0.010696607,train,-0.0187056
2022-02-17,EFA,-0.0042404276,-0.010310147,0.0060697193,train,0.0016402998
2022-02-17,IWM,-0.008635634,-0.06358926,0.054953627,train,-0.061518315
2022-02-17,SPY,-0.006496259,0.021121671,0.027617931,train,0.036439184
2022-02-17,TLT,0.010472144,0.02248429,0.0120121455,train,-0.0032855025
2022-02-18,EFA,-0.011755505,-0.018181449,0.006425944,train,-0.010310147
2022-02-18,IWM,-0.014187411,-0.004690153,0.009497259,train,-0.06358926
2022-02-18,SPY,-0.0107895015,0.04268453,0.05347403,train,0.021121671
2022-02-18,TLT,0.0026006713,0.014267653,0.0116669815,train,0.02248429
2022-02-22,EFA,-0.008230703,-0.010261925,0.002031222,train,-0.018181449
2022-02-22,IWM,-0.018889885,-0.020006126,0.0011162404,train,-0.004690153
2022-02-22,SPY,-0.017897908,0.06029814,0.07819605,train,0.04268453
2022-02-22,TLT,-0.013877336,0.020060198,0.033937536,train,0.014267653
2022-02-23,EFA,-0.013503456,-0.0017211051,0.01178235,train,-0.010261925
2022-02-23,IWM,0.02588259,0.07145065,0.04556806,train,-0.020006126
2022-02-23,SPY,0.014936917,0.013716029,0.0012208885,train,0.06029814
2022-02-23,TLT,0.0006585678,0.02706072,0.026402151,train,0.020060198
2022-02-24,EFA,0.0246859,0.01732249,0.0073634107,train,-0.0017211051
2022-02-24,IWM,0.02227082,-0.056284424,0.07855524,train,0.07145065
2022-02-24,SPY,0.021824151,0.025491847,0.0036676954,train,0.013716029
2022-02-24,TLT,0.0007310974,0.033008244,0.03227715,train,0.02706072
2022-02-25,EFA,-0.019207828,-0.044289567,0.025081739,train,0.01732249
2022-02-25,IWM,0.0040411176,-0.047908615,0.051949732,train,-0.056284424
2022-02-25,SPY,-0.0025618614,0.053828415,0.056390274,train,0.025491847
2022-02-25,TLT,0.021681631,-0.016660446,0.038342077,train,0.033008244
2022-02-28,EFA,-0.022094082,0.0049914145,0.027085496,train,-0.044289567
2022-02-28,IWM,-0.01901683,0.027190102,0.046206933,train,-0.047908615
2022-02-28,SPY,-0.01534741,-0.02203629,0.00668888,train,0.053828415
2022-02-28,TLT,0.011495257,0.07772098,0.06622572,train,-0.016660446
2022-03-01,EFA,0.012487847,-0.008147078,0.020634925,train,0.0049914145
2022-03-01,IWM,0.02353163,-0.028589519,0.052121148,train,0.027190102
2022-03-01,SPY,0.018229006,-0.037156302,0.055385306,train,-0.02203629
2022-03-01,TLT,-0.034780655,0.08405943,0.11884008,train,0.07772098
2022-03-02,EFA,-0.019915866,-0.003847511,0.016068354,train,-0.008147078
2022-03-02,IWM,-0.011919577,-0.018106451,0.0061868746,train,-0.028589519
2022-03-02,SPY,-0.0049909987,0.030697847,0.035688847,train,-0.037156302
2022-03-02,TLT,0.01013373,-0.007896854,0.018030584,train,0.08405943
2022-03-03,EFA,-0.02940547,0.0017277398,0.031133208,train,-0.003847511
2022-03-03,IWM,-0.015781322,0.0098510925,0.025632415,train,-0.018106451
2022-03-03,SPY,-0.008157674,-0.040267687,0.032110013,train,0.030697847
2022-03-03,TLT,0.017116606,0.07317236,0.056055754,train,-0.007896854
2022-03-04,EFA,-0.032239642,0.030025804,0.06226545,train,0.0017277398
2022-03-04,IWM,-0.025181253,0.0354656,0.060646854,train,0.0098510925
2022-03-04,SPY,-0.029922413,-0.043491524,0.013569111,train,-0.040267687
2022-03-04,TLT,-0.0076587293,0.12796074,0.13561948,train,0.07317236
2022-03-07,EFA,0.008640217,0.011720713,0.0030804966,train,0.030025804
2022-03-07,IWM,0.005508362,0.048174538,0.042666174,train,0.0354656
2022-03-07,SPY,-0.007610534,-0.028100153,0.02048962,train,-0.043491524
2022-03-07,TLT,-0.010110564,0.02503564,0.035146203,train,0.12796074
2022-03-08,EFA,0.04097626,0.029074626,0.011901634,train,0.011720713
2022-03-08,IWM,0.02779422,-0.008577248,0.03637147,train,0.048174538
2022-03-08,SPY,0.02645769,-0.05612922,0.082586914,train,-0.028100153
2022-03-08,TLT,-0.009847274,0.04166556,0.051512837,train,0.02503564
2022-03-09,EFA,-0.012031122,-0.1559476,0.14391647,train,0.029074626
2022-03-09,IWM,-0.0017990305,0.00018134201,0.0019803725,train,-0.008577248
2022-03-09,SPY,-0.004525943,-0.008420726,0.003894783,train,-0.05612922
2022-03-09,TLT,-0.014471517,-0.044502437,0.030030921,train,0.04166556
2022-03-10,EFA,-0.010865669,0.06452806,0.07539373,train,-0.1559476
2022-03-10,IWM,-0.016085038,-0.021672657,0.005587619,train,0.00018134201
2022-03-10,SPY,-0.012796523,-0.009549877,0.0032466464,train,-0.008420726
2022-03-10,TLT,0.003341113,0.011733703,0.00839259,train,-0.044502437
2022-03-11,EFA,0.009135069,0.027669797,0.018534727,train,0.06452806
2022-03-11,IWM,-0.020645723,0.0060179927,0.026663715,train,-0.021672657
2022-03-11,SPY,-0.007335036,0.015753442,0.023088478,train,-0.009549877
2022-03-11,TLT,-0.023625731,0.014625689,0.038251422,train,0.011733703
2022-03-14,EFA,0.009481482,-0.056800965,0.06628245,train,0.027669797
2022-03-14,IWM,0.015805144,0.0049286583,0.010876486,train,0.0060179927
2022-03-14,SPY,0.021752082,0.09002874,0.06827666,train,0.015753442
2022-03-14,TLT,-0.0017472116,0.030953592,0.032700803,train,0.014625689
2022-03-15,EFA,0.035258833,-0.046666835,0.08192567,train,-0.056800965
2022-03-15,IWM,0.030979084,-0.007797112,0.038776197,train,0.0049286583
2022-03-15,SPY,0.021931965,0.10621267,0.0842807,train,0.09002874
2022-03-15,TLT,0.009759836,0.006917382,0.0028424538,train,0.030953592
2022-03-16,EFA,0.008384324,-0.0015489808,0.009933304,train,-0.046666835
2022-03-16,IWM,0.01557572,-0.021150013,0.036725733,train,-0.007797112
2022-03-16,SPY,0.012433246,-0.0383181,0.050751347,train,0.10621267
2022-03-16,TLT,-0.007481531,0.0057155606,0.013197091,train,0.006917382
2022-03-17,EFA,0.009671298,-0.006393408,0.016064705,train,-0.0015489808
2022-03-17,IWM,0.010475927,-0.005306979,0.015782906,train,-0.021150013
2022-03-17,SPY,0.010893351,-0.033684064,0.044577416,train,-0.0383181
2022-03-17,TLT,0.012138804,-0.0017394121,0.013878217,train,0.0057155606
2022-03-18,EFA,-0.006255373,-0.04398218,0.03772681,train,-0.006393408
2022-03-18,IWM,-0.008868285,0.032963473,0.041831758,train,-0.005306979
2022-03-18,SPY,-0.0002925666,-0.008307373,0.008014807,train,-0.033684064
2022-03-18,TLT,-0.023428753,0.07667232,0.100101076,train,-0.0017394121
2022-03-21,EFA,0.009368389,-0.020781955,0.030150343,train,-0.04398218
2022-03-21,IWM,0.009977248,-0.1528268,0.16280405,train,0.032963473
2022-03-21,SPY,0.011633477,-0.059150074,0.07078355,train,-0.008307373
2022-03-21,TLT,-0.0128949005,-0.029320294,0.016425394,train,0.07667232
2022-03-22,EFA,-0.013057951,-0.03907791,0.02601996,train,-0.020781955
2022-03-22,IWM,-0.0175016,-0.0656866,0.048185,train,-0.1528268
2022-03-22,SPY,-0.012962138,-0.10392239,0.09096025,train,-0.059150074
2022-03-22,TLT,0.021678582,0.028992685,0.0073141027,train,-0.029320294
2022-03-23,EFA,0.009266939,-0.039554927,0.048821867,train,-0.03907791
2022-03-23,IWM,0.011433095,-0.019334981,0.030768076,train,-0.0656866
2022-03-23,SPY,0.014961893,0.029961498,0.014999606,train,-0.10392239
2022-03-23,TLT,-0.007863769,-0.080414064,0.0725503,train,0.028992685
2022-03-24,EFA,0.000542387,-0.048643183,0.04918557,train,-0.039554927
2022-03-24,IWM,0.0013594306,-0.06402662,0.06538605,train,-0.019334981
2022-03-24,SPY,0.004871913,-0.073644154,0.078516066,train,0.029961498
2022-03-24,TLT,-0.013970239,0.038314484,0.052284725,train,-0.080414064
2022-03-25,EFA,-0.0032589782,0.0026297295,0.005888708,train,-0.048643183
2022-03-25,IWM,0.00033966635,-0.058582675,0.05892234,train,-0.06402662
2022-03-25,SPY,0.007087657,-0.05708218,0.06416984,train,-0.073644154
2022-03-25,TLT,0.008513459,0.040741254,0.032227796,train,0.038314484
2022-03-28,EFA,0.021928383,-0.027272688,0.04920107,train,0.0026297295
2022-03-28,IWM,0.026419196,-0.054796886,0.08121608,train,-0.058582675
2022-03-28,SPY,0.012295047,-0.10061551,0.112910554,train,-0.05708218
2022-03-28,TLT,0.0075242193,0.016824478,0.009300259,train,0.040741254
2022-03-29,EFA,-0.00413345,-0.038206153,0.034072705,train,-0.027272688
2022-03-29,IWM,-0.020278916,0.059550058,0.07982898,train,-0.054796886
2022-03-29,SPY,-0.0061939387,-0.022622531,0.016428594,train,-0.10061551
2022-03-29,TLT,0.0077715027,0.073354535,0.065583035,train,0.016824478
2022-03-30,EFA,-0.016707504,-0.116775796,0.10006829,train,-0.038206153
2022-03-30,IWM,-0.010612248,-0.059493545,0.048881296,train,0.059550058
2022-03-30,SPY,-0.015511084,-0.0076752803,0.007835804,train,-0.022622531
2022-03-30,TLT,0.0024254902,0.0069303573,0.004504867,train,0.073354535
2022-03-31,EFA,0.009331413,-0.005232082,0.014563495,train,-0.116775796
2022-03-31,IWM,0.011142335,-0.033285532,0.044427868,train,-0.059493545
2022-03-31,SPY,0.002830037,-0.039156426,0.04198646,train,-0.0076752803
2022-03-31,TLT,0.0037994955,0.019502567,0.01570307,train,0.0069303573
2022-04-01,EFA,0.0040300027,-0.0932769,0.09730691,train,-0.005232082
2022-04-01,IWM,0.0016367245,-0.051814172,0.053450897,train,-0.033285532
2022-04-01,SPY,0.008530173,-0.0120682325,0.020598406,train,-0.039156426
2022-04-01,TLT,-0.0069738575,-0.0014074384,0.005566419,train,0.019502567
2022-04-04,EFA,-0.013632927,-0.11863848,0.10500555,train,-0.0932769
2022-04-04,IWM,-0.023948628,-0.058461558,0.03451293,train,-0.051814172
2022-04-04,SPY,-0.012711669,0.0034007155,0.016112385,train,-0.0120682325
2022-04-04,TLT,-0.022851732,-0.1207594,0.09790766,train,-0.0014074384
2022-04-05,EFA,-0.012032197,0.0015892433,0.01362144,train,-0.11863848
2022-04-05,IWM,-0.014289323,0.0053777886,0.019667111,train,-0.058461558
2022-04-05,SPY,-0.010049826,0.02234562,0.032395445,train,0.0034007155
2022-04-05,TLT,-0.0081268735,0.010687416,0.01881429,train,-0.1207594
2022-04-06,EFA,0.0021985217,-0.010338265,0.012536787,train,0.0015892433
2022-04-06,IWM,-0.0032536369,-0.012527265,0.009273628,train,0.0053777886
2022-04-06,SPY,0.005026358,-0.05358903,0.05861539,train,0.02234562
2022-04-06,TLT,-0.0075608324,0.012692563,0.020253396,train,0.010687416
2022-04-07,EFA,0.00041144123,-0.104632035,0.10504348,train,-0.010338265
2022-04-07,IWM,-0.008003467,0.008778917,0.016782384,train,-0.012527265
2022-04-07,SPY,-0.0026774409,0.0016977028,0.004375144,train,-0.05358903
2022-04-07,TLT,-0.01088999,0.008157676,0.019047666,train,0.012692563
2022-04-08,EFA,-0.010619786,-0.052889295,0.04226951,train,-0.104632035
2022-04-08,IWM,-0.006744222,0.047271643,0.054015864,train,0.008778917
2022-04-08,SPY,-0.017240116,0.0019448199,0.019184936,train,0.0016977028
2022-04-08,TLT,-0.015951203,0.016702225,0.03265343,train,0.008157676
2022-04-11,EFA,-0.007515709,-0.019460548,0.011944839,train,-0.052889295
2022-04-11,IWM,0.0031495907,0.012760876,0.009611285,train,0.047271643
2022-04-11,SPY,-0.0037120085,-0.027257968,0.02354596,train,0.0019448199
2022-04-11,TLT,-0.0013816573,0.018253503,0.019635161,train,0.016702225
2022-04-12,EFA,0.010699714,-0.030066827,0.04076654,train,-0.019460548
2022-04-12,IWM,0.01884151,-0.043383073,0.06222458,train,0.012760876
2022-04-12,SPY,0.011388453,-0.029758455,0.041146908,train,-0.027257968
2022-04-12,TLT,0.0020309365,-0.0020233197,0.0040542562,train,0.018253503
2022-04-13,EFA,-0.0045716316,-0.015336821,0.010765189,train,-0.030066827
2022-04-13,IWM,-0.009753255,0.025743062,0.035496317,train,-0.043383073
2022-04-13,SPY,-0.0125301145,0.00230231,0.014832424,train,-0.029758455
2022-04-13,TLT,-0.020249246,-0.016584517,0.0036647283,train,-0.0020233197
2022-04-14,EFA,-0.0058489246,-0.0054349676,0.00041395705,train,-0.015336821
2022-04-14,IWM,-0.006757802,-0.0106948875,0.0039370856,train,0.025743062
2022-04-14,SPY,0.0004111015,-0.0064022965,0.006813398,train,0.00230231
2022-04-14,TLT,-0.0049812193,0.064871006,0.069852225,train,-0.016584517
2022-04-18,EFA,0.0047373865,-0.023409808,0.028147195,train,-0.0054349676
2022-04-18,IWM,0.01974109,-0.013315786,0.033056878,train,-0.0106948875
2022-04-18,SPY,0.016013773,-0.01728774,0.033301514,train,-0.0064022965
2022-04-18,TLT,-0.0075186263,-0.02756999,0.020051364,train,0.064871006
2022-04-19,EFA,0.006650174,-0.016055623,0.022705797,train,-0.023409808
2022-04-19,IWM,0.0038130349,-0.0104869045,0.014299939,train,-0.013315786
2022-04-19,SPY,-0.00074182346,0.050164048,0.050905872,train,-0.01728774
2022-04-19,TLT,0.019925928,0.07439,0.054464072,train,-0.02756999
2022-04-20,EFA,-0.010828938,0.0044612787,0.0152902175,train,-0.016055623
2022-04-20,IWM,-0.022643737,-0.030989759,0.008346021,train,-0.0104869045
2022-04-20,SPY,-0.015066499,-0.005900701,0.009165797,train,0.050164048
2022-04-20,TLT,-0.0074260826,-0.03885929,0.031433206,train,0.07439
2022-04-21,EFA,-0.016466385,-0.0075921747,0.00887421,train,0.0044612787
2022-04-21,IWM,-0.02622576,-0.030072307,0.0038465466,train,-0.030989759
2022-04-21,SPY,-0.027822576,-0.013691306,0.01413127,train,-0.005900701
2022-04-21,TLT,-0.0063139265,0.02489396,0.031207886,train,-0.03885929
2022-04-22,EFA,-0.004836631,0.018787442,0.023624074,train,-0.0075921747
2022-04-22,IWM,0.006053971,0.0011554123,0.004898559,train,-0.030072307
2022-04-22,SPY,0.0057809353,0.020177001,0.014396066,train,-0.013691306
2022-04-22,TLT,0.009951081,0.03020543,0.02025435,train,0.02489396
2022-04-25,EFA,-0.02834603,0.02970359,0.05804962,train,0.018787442
2022-04-25,IWM,-0.032026637,-0.04448875,0.012462113,train,0.0011554123
2022-04-25,SPY,-0.029388538,0.027180662,0.0565692,train,0.020177001
2022-04-25,TLT,0.010016747,0.057993833,0.047977086,train,0.03020543
2022-04-26,EFA,0.0045373435,-0.014549237,0.01908658,train,0.02970359
2022-04-26,IWM,-0.0041632545,0.037100013,0.041263267,train,-0.04448875
2022-04-26,SPY,0.0028078898,0.007361772,0.0045538824,train,0.027180662
2022-04-26,TLT,-0.012908857,0.07851093,0.091419786,train,0.057993833
2022-04-27,EFA,0.014065233,-0.08454592,0.09861115,train,-0.014549237
2022-04-27,IWM,0.018494993,-0.021446383,0.039941378,train,0.037100013
2022-04-27,SPY,0.02494571,0.043526415,0.018580705,train,0.007361772
2022-04-27,TLT,0.0014886428,0.024479771,0.022991128,train,0.07851093
2022-04-28,EFA,-0.011731515,-0.07506532,0.06333381,train,-0.08454592
2022-04-28,IWM,-0.029304335,-0.013248878,0.016055457,train,-0.021446383
2022-04-28,SPY,-0.03765595,-0.019291168,0.018364782,train,0.043526415
2022-04-28,TLT,-0.013057875,0.06967955,0.08273742,train,0.024479771
2022-04-29,EFA,-0.0024799306,0.06802962,0.07050955,train,-0.07506532
2022-04-29,IWM,0.010434731,-0.0059704944,0.016405225,train,-0.013248878
2022-04-29,SPY,0.006001482,0.17289558,0.1668941,train,-0.019291168
2022-04-29,TLT,-0.017485736,0.005428963,0.022914698,train,0.06967955
2022-05-02,EFA,0.00742098,-0.03448704,0.04190802,train,0.06802962
2022-05-02,IWM,0.0085248025,-0.002155758,0.01068056,train,-0.0059704944
2022-05-02,SPY,0.0045735715,0.07828196,0.07370839,train,0.17289558
2022-05-02,TLT,0.006718953,0.005032523,0.0016864301,train,0.005428963
2022-05-03,EFA,0.017389197,0.0073042666,0.010084931,train,-0.03448704
2022-05-03,IWM,0.026335804,-0.032450873,0.058786675,train,-0.002155758
2022-05-03,SPY,0.029998476,0.094114885,0.06411641,train,0.07828196
2022-05-03,TLT,0.005494667,0.00011372054,0.0053809467,train,0.005032523
2022-05-04,EFA,-0.032728124,0.048499893,0.08122802,train,0.0073042666
2022-05-04,IWM,-0.04140985,0.0029606246,0.044370476,train,-0.032450873
2022-05-04,SPY,-0.036189936,0.03298762,0.06917755,train,0.094114885
2022-05-04,TLT,-0.02778055,0.022277152,0.0500577,train,0.00011372054
2022-05-05,EFA,-0.009763407,-0.011057954,0.0012945477,train,0.048499893
2022-05-05,IWM,-0.01678258,0.04770839,0.06449097,train,0.0029606246
2022-05-05,SPY,-0.0059867552,-0.022267228,0.016280472,train,0.03298762
2022-05-05,TLT,-0.014844925,-0.0284777,0.013632775,train,0.022277152
2022-05-06,EFA,-0.030641625,0.055212513,0.085854135,train,-0.011057954
2022-05-06,IWM,-0.042974032,0.0118517745,0.054825805,train,0.04770839
2022-05-06,SPY,-0.032540992,-0.054790933,0.02224994,train,-0.022267228
2022-05-06,TLT,0.00875892,0.006941768,0.0018171524,train,-0.0284777
2022-05-09,EFA,0.007482767,-0.024399837,0.031882606,train,0.055212513
2022-05-09,IWM,0.00028613096,0.03944526,0.039159127,train,0.0118517745
2022-05-09,SPY,0.00230776,0.06344001,0.06113225,train,-0.054790933
2022-05-09,TLT,0.009028469,0.011512028,0.0024835588,train,0.006941768
2022-05-10,EFA,-0.005950976,-0.0451325,0.039181523,train,-0.024399837
2022-05-10,IWM,-0.025178775,0.028176235,0.05335501,train,0.03944526
2022-05-10,SPY,-0.016013809,0.06650754,0.08252135,train,0.06344001
2022-05-10,TLT,0.01908925,0.052412216,0.033322968,train,0.011512028
2022-05-11,EFA,-0.0024517945,-0.026451701,0.023999907,train,-0.0451325
2022-05-11,IWM,0.011655172,0.1411563,0.12950113,train,0.028176235
2022-05-11,SPY,-0.0010444015,0.05794372,0.05898812,train,0.06650754
2022-05-11,TLT,-0.0018671498,0.044866603,0.046733752,train,0.052412216
2022-05-12,EFA,0.027390618,0.0125215985,0.014869019,train,-0.026451701
2022-05-12,IWM,0.031200036,-0.004170978,0.035371013,train,0.1411563
2022-05-12,SPY,0.02362671,0.040048476,0.016421767,train,0.05794372
2022-05-12,TLT,-0.0148910945,-0.028593024,0.01370193,train,0.044866603
2022-05-13,EFA,0.0008953502,0.008283788,0.007388438,train,0.0125215985
2022-05-13,IWM,-0.00478479,0.06324314,0.068027936,train,-0.004170978
2022-05-13,SPY,-0.0040658666,0.17869714,0.18276301,train,0.040048476
2022-05-13,TLT,-0.0010353571,-0.037972037,0.036936678,train,-0.028593024
2022-05-16,EFA,0.018471172,-0.0035613454,0.022032518,train,0.008283788
2022-05-16,IWM,0.030124899,-0.0027392856,0.032864183,train,0.06324314
2022-05-16,SPY,0.020361766,0.007295484,0.0130662825,train,0.17869714
2022-05-16,TLT,-0.01215702,0.011420654,0.023577675,train,-0.037972037
2022-05-17,EFA,-0.024154726,0.0791289,0.10328363,train,-0.0035613454
2022-05-17,IWM,-0.035670172,0.09051756,0.12618773,train,-0.0027392856
2022-05-17,SPY,-0.041146766,0.14689744,0.1880442,train,0.007295484
2022-05-17,TLT,0.021093322,0.032886166,0.011792844,train,0.011420654
2022-05-18,EFA,0.0095537845,-0.039853882,0.04940767,train,0.0791289
2022-05-18,IWM,0.0016440043,-0.018269261,0.019913265,train,0.09051756
2022-05-18,SPY,-0.006143368,-0.009268796,0.0031254282,train,0.14689744
2022-05-18,TLT,0.0023925155,0.02050911,0.018116595,train,0.032886166
2022-05-19,EFA,0.0068106973,0.09302577,0.08621507,train,-0.039853882
2022-05-19,IWM,-0.0025523847,-0.040265683,0.037713297,train,-0.018269261
2022-05-19,SPY,0.0004364338,0.016452352,0.016015917,train,-0.009268796
2022-05-19,TLT,0.011286093,0.007854098,0.0034319945,train,0.02050911
2022-05-20,EFA,0.016826717,0.017520228,0.0006935112,train,0.09302577
2022-05-20,IWM,0.012024162,-0.020847721,0.032871883,train,-0.040265683
2022-05-20,SPY,0.018537179,0.048974168,0.030436989,train,0.016452352
2022-05-20,TLT,-0.01659115,0.011744516,0.028335666,train,0.007854098
2022-05-23,EFA,-0.0015970909,-0.0037968135,0.0021997227,train,0.017520228
2022-05-23,IWM,-0.01492475,-0.029907187,0.014982438,train,-0.020847721
2022-05-23,SPY,-0.00766296,0.22811297,0.23577593,train,0.048974168
2022-05-23,TLT,0.019540362,-0.056633238,0.0761736,train,0.011744516
2022-05-24,EFA,0.00029051868,-0.03868519,0.038975712,train,-0.0037968135
2022-05-24,IWM,0.01783853,0.00979864,0.00803989,train,-0.029907187
2022-05-24,SPY,0.008796008,0.09901702,0.09022101,train,0.22811297
2022-05-24,TLT,0.003946079,0.078918524,0.07497244,train,-0.056633238
2022-05-25,EFA,0.010981039,-0.080539584,0.09152062,train,-0.03868519
2022-05-25,IWM,0.02207855,-0.003235077,0.025313627,train,0.00979864
2022-05-25,SPY,0.019784378,0.1373828,0.11759843,train,0.09901702
2022-05-25,TLT,-0.0045354627,-0.05821717,0.05368171,train,0.078918524
2022-05-26,EFA,0.011998533,-0.041870482,0.053869016,train,-0.080539584
2022-05-26,IWM,0.026570363,-0.029729819,0.056300182,train,-0.003235077
2022-05-26,SPY,0.024252687,0.10201088,0.07775819,train,0.1373828
2022-05-26,TLT,0.0024384202,-0.026416807,0.028855227,train,-0.05821717
2022-05-27,EFA,-0.005981117,-0.12355483,0.117573716,train,-0.041870482
2022-05-27,IWM,-0.01249509,-0.07253019,0.0600351,train,-0.029729819
2022-05-27,SPY,-0.0056268377,0.027098069,0.032724906,train,0.10201088
2022-05-27,TLT,-0.021389399,-0.023619866,0.0022304673,train,-0.026416807
2022-05-31,EFA,-0.010626437,-0.00030420395,0.010322234,train,-0.12355483
2022-05-31,IWM,-0.005682326,-0.09905385,0.093371525,train,-0.07253019
2022-05-31,SPY,-0.008121359,-0.08187885,0.07375749,train,0.027098069
2022-05-31,TLT,-0.0011437611,-0.032347586,0.031203825,train,-0.023619866
2022-06-01,EFA,0.020575244,0.033047896,0.012472652,train,-0.00030420395
2022-06-01,IWM,0.024128621,-0.08717116,0.11129978,train,-0.09905385
2022-06-01,SPY,0.0188643,-0.089754306,0.1086186,train,-0.08187885
2022-06-01,TLT,0.00051608536,-0.023347171,0.023863256,train,-0.032347586
2022-06-02,EFA,-0.014386771,-0.034723688,0.020336917,train,0.033047896
2022-06-02,IWM,-0.009047122,-0.120736666,0.111689545,train,-0.08717116
2022-06-02,SPY,-0.016547637,-0.004155909,0.012391727,train,-0.089754306
2022-06-02,TLT,-0.0021520646,-0.040636886,0.038484823,train,-0.023347171
2022-06-03,EFA,0.0040093474,-0.03300021,0.037009556,train,-0.034723688
2022-06-03,IWM,0.004320896,-0.058397185,0.06271808,train,-0.120736666
2022-06-03,SPY,0.003040127,-0.10652483,0.10956496,train,-0.004155909
2022-06-03,TLT,-0.018615836,0.021303287,0.039919123,train,-0.040636886
2022-06-06,EFA,0.0029962815,0.000914196,0.0020820855,train,-0.03300021
2022-06-06,IWM,0.015999446,-0.06815779,0.084157236,train,-0.058397185
2022-06-06,SPY,0.009546469,-0.09179758,0.10134405,train,-0.10652483
2022-06-06,TLT,0.010741927,-0.013180282,0.023922209,train,0.021303287
2022-06-07,EFA,-0.014060684,-0.016349344,0.00228866,train,0.000914196
2022-06-07,IWM,-0.015573784,-0.10727118,0.091697395,train,-0.06815779
2022-06-07,SPY,-0.010931664,-0.105867095,0.09493543,train,-0.09179758
2022-06-07,TLT,-0.008900126,-0.03198272,0.023082593,train,-0.013180282
2022-06-08,EFA,-0.021224042,-0.0003886465,0.020835396,train,-0.016349344
2022-06-08,IWM,-0.020948047,-0.083712354,0.06276431,train,-0.10727118
2022-06-08,SPY,-0.02407015,-0.08521803,0.061147876,train,-0.105867095
2022-06-08,TLT,0.0033250332,-0.019033697,0.02235873,train,-0.03198272
2022-06-09,EFA,-0.024432482,-0.00370439,0.020728093,train,-0.0003886465
2022-06-09,IWM,-0.027503429,-0.0075017842,0.020001644,train,-0.083712354
2022-06-09,SPY,-0.029424379,0.013829412,0.04325379,train,-0.08521803
2022-06-09,TLT,-0.006221179,0.0015748134,0.0077959923,train,-0.019033697
2022-06-10,EFA,-0.033640493,-0.015378915,0.018261578,train,-0.00370439
2022-06-10,IWM,-0.04811837,0.017943244,0.066061616,train,-0.0075017842
2022-06-10,SPY,-0.03870774,0.025860796,0.064568534,train,0.013829412
2022-06-10,TLT,-0.03188202,-0.0052900785,0.026591944,train,0.0015748134
2022-06-13,EFA,-0.0094771385,0.048690088,0.058167227,train,-0.015378915
2022-06-13,IWM,-0.004829401,0.04837774,0.053207144,train,0.017943244
2022-06-13,SPY,-0.0030178686,0.024099486,0.027117355,train,0.025860796
2022-06-13,TLT,-0.01269349,-0.0057522743,0.0069412156,train,-0.0052900785
2022-06-14,EFA,0.018548572,0.101042,0.08249343,train,0.048690088
2022-06-14,IWM,0.014535544,0.09019349,0.07565794,train,0.04837774
2022-06-14,SPY,0.014155685,0.08837458,0.07421889,train,0.024099486
2022-06-14,TLT,0.018484406,-0.0077595585,0.026243964,train,-0.0057522743
2022-06-15,EFA,-0.022267554,-0.055996966,0.03372941,train,0.101042
2022-06-15,IWM,-0.047424097,0.0034853448,0.05090944,train,0.09019349
2022-06-15,SPY,-0.03365607,0.10339912,0.13705519,train,0.08837458
2022-06-15,TLT,0.00790801,-0.18262936,0.19053738,train,-0.0077595585
2022-06-16,EFA,-0.004058112,0.0312655,0.035323612,train,-0.055996966
2022-06-16,IWM,0.0077795805,0.01251624,0.004736659,train,0.0034853448
2022-06-16,SPY,0.0021533915,0.056950893,0.0547975,train,0.10339912
2022-06-16,TLT,0.0032171244,-0.0067518107,0.009968935,train,-0.18262936
2022-06-17,EFA,0.015013642,0.047254805,0.032241162,train,0.0312655
2022-06-17,IWM,0.017761143,0.049172804,0.031411663,train,0.01251624
2022-06-17,SPY,0.024862017,0.17337985,0.14851783,train,0.056950893
2022-06-17,TLT,-0.017097354,-0.004618076,0.012479277,train,-0.0067518107
2022-06-21,EFA,-0.0067525283,-0.05015389,0.04340136,train,0.047254805
2022-06-21,IWM,-0.0019049856,0.15313177,0.15503675,train,0.049172804
2022-06-21,SPY,-0.0018146392,0.15496543,0.15678006,train,0.17337985
2022-06-21,TLT,0.027129015,0.023646323,0.003482692,train,-0.004618076
2022-06-22,EFA,-0.0011297882,-0.014968714,0.013838925,train,-0.05015389
2022-06-22,IWM,0.0119060315,0.056393545,0.044487514,train,0.15313177
2022-06-22,SPY,0.009754945,0.20807952,0.19832458,train,0.15496543
2022-06-22,TLT,0.008181421,-0.16619894,0.17438036,train,0.023646323
2022-06-23,EFA,0.029439617,-0.03354013,0.06297974,train,-0.014968714
2022-06-23,IWM,0.030502222,0.15615545,0.12565324,train,0.056393545
2022-06-23,SPY,0.03129865,0.20886008,0.17756143,train,0.20807952
2022-06-23,TLT,-0.013939463,0.03685611,0.050795574,train,-0.16619894
2022-06-24,EFA,-0.004242874,-0.13164757,0.1274047,train,-0.03354013
2022-06-24,IWM,0.0037054953,-0.21586697,0.21957247,train,0.15615545
2022-06-24,SPY,-0.003827005,0.074758895,0.0785859,train,0.20886008
2022-06-24,TLT,-0.008565421,-0.0028863824,0.005679039,train,0.03685611
2022-06-27,EFA,-0.006794804,0.008897925,0.01569273,train,-0.13164757
2022-06-27,IWM,-0.018956613,-0.017869567,0.0010870453,train,-0.21586697
2022-06-27,SPY,-0.020644292,-0.014927989,0.0057163034,train,0.074758895
2022-06-27,TLT,0.00464878,0.019851277,0.015202496,train,-0.0028863824
2022-06-28,EFA,-0.0038124525,0.023885446,0.027697898,train,0.008897925
2022-06-28,IWM,-0.010200006,-0.092523456,0.08232345,train,-0.017869567
2022-06-28,SPY,-0.00081496296,-0.09951999,0.09870503,train,-0.014927989
2022-06-28,TLT,0.015487678,0.09085466,0.07536698,train,0.019851277
2022-06-29,EFA,-0.0054261796,0.04357982,0.049006,train,0.023885446
2022-06-29,IWM,-0.007822593,-0.054177005,0.046354413,train,-0.092523456
2022-06-29,SPY,-0.008157251,0.013158048,0.021315299,train,-0.09951999
2022-06-29,TLT,0.008743584,0.050353333,0.04160975,train,0.09085466
2022-06-30,EFA,0.0023974774,0.1645563,0.16215882,train,0.04357982
2022-06-30,IWM,0.012031793,0.008111427,0.003920366,train,-0.054177005
2022-06-30,SPY,0.010521025,-0.02322886,0.033749886,train,0.013158048
2022-06-30,TLT,0.0102144005,0.015682058,0.005467658,train,0.050353333
