date,ticker,y_true,y_pred,abs_error,dataset_part,signal_for_trade
2018-06-29,EFA,-0.009150232,0.019867077,0.02901731,train,
2018-06-29,IWM,0.0068763555,0.0077264286,0.00085007306,train,
2018-06-29,SPY,0.0021356768,0.058358338,0.056222662,train,
2018-06-29,TLT,-0.0007822256,0.00016421638,0.00094644196,train,
2018-07-02,EFA,0.003009282,0.006090396,0.003081114,train,0.019867077
2018-07-02,IWM,0.003978638,-0.004066459,0.008045097,train,0.0077264286
2018-07-02,SPY,-0.0035373403,0.022352738,0.025890078,train,0.058358338
2018-07-02,TLT,0.0053419997,0.00023106532,0.0051109344,train,0.00016421638
2018-07-03,EFA,0.009867185,-0.0071436283,0.017010814,train,0.006090396
2018-07-03,IWM,0.011331655,-0.0035403953,0.01487205,train,-0.004066459
2018-07-03,SPY,0.008124782,0.041982807,0.033858024,train,0.022352738
2018-07-03,TLT,0.0028650656,0.00035328,0.0025117856,train,0.00023106532
2018-07-05,EFA,0.0053411713,-0.007417034,0.012758205,train,-0.0071436283
2018-07-05,IWM,0.00841626,0.00071890233,0.0076973573,train,-0.0035403953
2018-07-05,SPY,0.008422932,-0.00308378,0.011506712,train,0.041982807
2018-07-05,TLT,0.0032632726,0.0006986675,0.002564605,train,0.00035328
2018-07-06,EFA,0.00957227,-0.0012148591,0.010787129,train,-0.007417034
2018-07-06,IWM,0.006280503,0.0013245167,0.004955986,train,0.00071890233
2018-07-06,SPY,0.008963908,-0.0031249914,0.0120888995,train,-0.00308378
2018-07-06,TLT,-0.006456136,-0.00040075416,0.0060553816,train,0.0006986675
2018-07-09,EFA,-0.00043969144,-0.0058013625,0.005361671,train,-0.0012148591
2018-07-09,IWM,-0.0045586275,0.0058351653,0.010393793,train,0.0013245167
2018-07-09,SPY,0.0035916814,0.0032022023,0.0003894791,train,-0.0031249914
2018-07-09,TLT,-8.186916e-05,0.003183461,0.00326533,train,-0.00040075416
2018-07-10,EFA,-0.016856864,-0.0015839995,0.015272865,train,-0.0058013625
2018-07-10,IWM,-0.008520593,0.0094422,0.017962793,train,0.0058351653
2018-07-10,SPY,-0.007341191,0.0036801002,0.011021292,train,0.0032022023
2018-07-10,TLT,0.0038463443,0.00240281,0.0014435344,train,0.003183461
2018-07-11,EFA,0.007724284,0.0019962327,0.0057280515,train,-0.0015839995
2018-07-11,IWM,0.004835288,0.012595229,0.007759941,train,0.0094422
2018-07-11,SPY,0.00902501,-0.018423293,0.027448304,train,0.0036801002
2018-07-11,TLT,-8.171616e-05,-5.486468e-05,2.6851485e-05,train,0.00240281
2018-07-12,EFA,0.0031026471,-0.004139131,0.007241778,train,0.0019962327
2018-07-12,IWM,-0.0029820064,0.0008638095,0.003845816,train,0.012595229
2018-07-12,SPY,0.00078759645,0.006026792,0.005239195,train,-0.018423293
2018-07-12,TLT,0.0025290216,0.0014634561,0.0010655655,train,-5.486468e-05
2018-07-13,EFA,-0.0004428272,0.01793347,0.018376296,train,-0.004139131
2018-07-13,IWM,-0.0038902822,0.0026037558,0.006494038,train,0.0008638095
2018-07-13,SPY,-0.0008949269,0.009512147,0.010407073,train,0.006026792
2018-07-13,TLT,-0.0041640517,0.0013195284,0.0054835803,train,0.0014634561
2018-07-16,EFA,0.0017695719,0.011728473,0.009958901,train,0.01793347
2018-07-16,IWM,0.004427818,-0.019023545,0.023451364,train,0.0026037558
2018-07-16,SPY,0.0040372903,0.008605935,0.0045686443,train,0.009512147
2018-07-16,TLT,-0.0018837003,0.00372597,0.00560967,train,0.0013195284
2018-07-17,EFA,0.0001472529,0.015631566,0.015484313,train,0.011728473
2018-07-17,IWM,0.0028017263,-0.0076939794,0.0104957055,train,-0.019023545
2018-07-17,SPY,0.0021010258,0.01560903,0.013508004,train,0.008605935
2018-07-17,TLT,-0.0040252195,0.005120625,0.009145845,train,0.00372597
2018-07-18,EFA,-0.0020642197,0.022123167,0.024187386,train,0.015631566
2018-07-18,IWM,0.007059037,-0.00392985,0.010988887,train,-0.0076939794
2018-07-18,SPY,-0.0037782344,0.01153061,0.015308844,train,0.01560903
2018-07-18,TLT,0.006318102,0.0060006096,0.00031749252,train,0.005120625
2018-07-19,EFA,0.0047121206,0.010932058,0.0062199375,train,0.022123167
2018-07-19,IWM,-0.004087156,0.0073211915,0.011408348,train,-0.00392985
2018-07-19,SPY,-0.0011435476,0.015856793,0.01700034,train,0.01153061
2018-07-19,TLT,-0.012344977,0.0014425035,0.01378748,train,0.0060006096
2018-07-20,EFA,0.0,0.0042380323,0.0042380323,train,0.010932058
2018-07-20,IWM,0.0012458853,0.0078526605,0.0066067753,train,0.0073211915
2018-07-20,SPY,0.0018575478,0.006939854,0.0050823065,train,0.015856793
2018-07-20,TLT,-0.012415249,0.007588993,0.020004243,train,0.0014425035
2018-07-23,EFA,0.0058590793,0.034755237,0.028896159,train,0.0042380323
2018-07-23,IWM,-0.0107276,0.007857865,0.018585466,train,0.0078526605
2018-07-23,SPY,0.005019634,-0.0014475952,0.006467229,train,0.006939854
2018-07-23,TLT,0.0034318592,0.0035895202,0.00015766104,train,0.007588993
2018-07-24,EFA,0.007420914,0.037640873,0.03021996,train,0.034755237
2018-07-24,IWM,0.0036484064,0.0006089405,0.0030394658,train,0.007857865
2018-07-24,SPY,0.008486072,-0.006364805,0.014850877,train,-0.0014475952
2018-07-24,TLT,-0.0015890333,-0.011001397,0.009412363,train,0.0035895202
2018-07-25,EFA,-0.0045043016,-0.006041435,0.0015371335,train,0.037640873
2018-07-25,IWM,0.0053585516,-0.003943926,0.009302478,train,0.0006089405
2018-07-25,SPY,-0.002361631,-0.009376546,0.0070149153,train,-0.006364805
2018-07-25,TLT,-0.0019265418,-0.007690839,0.005764297,train,-0.011001397
2018-07-26,EFA,0.0018913088,-0.002584103,0.004475412,train,-0.006041435
2018-07-26,IWM,-0.018821962,-0.0058786045,0.012943357,train,-0.003943926
2018-07-26,SPY,-0.0067990455,-0.004316139,0.0024829064,train,-0.009376546
2018-07-26,TLT,0.0016755984,-0.010130756,0.011806354,train,-0.007690839
2018-07-27,EFA,-0.00014544361,-0.0016533725,0.001507929,train,-0.002584103
2018-07-27,IWM,-0.0064350176,0.018393794,0.024828812,train,-0.0058786045
2018-07-27,SPY,-0.0052376403,-0.009225804,0.003988164,train,-0.004316139
2018-07-27,TLT,-0.0034380315,-0.00015373551,0.003284296,train,-0.010130756
2018-07-30,EFA,0.0013075399,-0.0025196509,0.0038271907,train,-0.0016533725
2018-07-30,IWM,0.010119343,0.013029033,0.0029096901,train,0.018393794
2018-07-30,SPY,0.004917595,0.010480247,0.0055626524,train,-0.009225804
2018-07-30,TLT,0.005445003,0.0076752347,0.0022302317,train,-0.00015373551
2018-07-31,EFA,-0.0050941543,0.01784614,0.022940293,train,-0.0025196509
2018-07-31,IWM,-0.00066340243,-0.0033483217,0.0026849192,train,0.013029033
2018-07-31,SPY,-0.0016723821,-0.0067855935,0.0051132115,train,0.010480247
2018-07-31,TLT,-0.008180417,-0.0043391916,0.0038412255,train,0.0076752347
2018-08-01,EFA,-0.0065879608,0.006454702,0.013042662,train,0.01784614
2018-08-01,IWM,0.0072732326,0.0034606028,0.0038126297,train,-0.0033483217
2018-08-01,SPY,0.005432909,0.032981414,0.027548505,train,-0.0067855935
2018-08-01,TLT,0.0014343526,0.010929763,0.009495411,train,-0.0043391916
2018-08-02,EFA,0.00058715197,0.0099075865,0.009320434,train,0.006454702
2018-08-02,IWM,-0.0034796898,-0.002492519,0.0009871707,train,0.0034606028
2018-08-02,SPY,0.00427556,-0.0011711214,0.0054466813,train,0.032981414
2018-08-02,TLT,0.004960889,0.0028372598,0.0021236292,train,0.010929763
2018-08-03,EFA,-0.0042660884,-0.0064278976,0.0021618092,train,0.0099075865
2018-08-03,IWM,0.0055735195,0.007711811,0.0021382915,train,-0.002492519
2018-08-03,SPY,0.003660442,-0.0081459265,0.011806369,train,-0.0011711214
2018-08-03,TLT,0.00058712735,-0.003621534,0.004208661,train,0.0028372598
2018-08-06,EFA,0.0077831727,0.01389195,0.0061087776,train,-0.0064278976
2018-08-06,IWM,0.002387821,0.006334403,0.003946582,train,0.007711811
2018-08-06,SPY,0.0032969436,-0.0037620435,0.0070589874,train,-0.0081459265
2018-08-06,TLT,-0.0052107363,0.0069128512,0.012123588,train,-0.003621534
2018-08-07,EFA,-0.00087811216,-0.009979563,0.00910145,train,0.01389195
2018-08-07,IWM,-0.0008943643,0.007627934,0.008522298,train,0.006334403
2018-08-07,SPY,-0.00042011173,-0.0034593209,0.0030392092,train,-0.0037620435
2018-08-07,TLT,0.0010104432,0.012192309,0.011181866,train,0.0069128512
2018-08-08,EFA,-0.0029325753,-0.0016322888,0.0013002865,train,-0.009979563
2018-08-08,IWM,0.0025624528,0.0063861776,0.0038237248,train,0.007627934
2018-08-08,SPY,-0.0013672899,-0.0015770341,0.0002097442,train,-0.0034593209
2018-08-08,TLT,0.008382939,0.008859961,0.0004770225,train,0.012192309
2018-08-09,EFA,-0.020172693,0.0019499849,0.022122677,train,-0.0016322888
2018-08-09,IWM,-0.0028014926,0.0058011324,0.008602625,train,0.0063861776
2018-08-09,SPY,-0.0067224703,-0.00222262,0.0044998503,train,-0.0015770341
2018-08-09,TLT,0.00723675,-0.008763488,0.016000237,train,0.008859961
2018-08-10,EFA,-0.0036023948,0.009189423,0.012791818,train,0.0019499849
2018-08-10,IWM,-0.005866986,0.00791966,0.013786646,train,0.0058011324
2018-08-10,SPY,-0.0037501596,0.0068435078,0.010593668,train,-0.00222262
2018-08-10,TLT,-0.002073978,-0.0016084991,0.00046547898,train,-0.008763488
2018-08-13,EFA,-0.00015047434,-0.0091743115,0.009023837,train,0.009189423
2018-08-13,IWM,0.009858369,-0.002914595,0.012772964,train,0.00791966
2018-08-13,SPY,0.0063601714,0.025896845,0.019536674,train,0.0068435078
2018-08-13,TLT,-0.002245216,0.005163084,0.0074082995,train,-0.0016084991
2018-08-14,EFA,-0.014543412,0.018572409,0.03311582,train,-0.0091743115
2018-08-14,IWM,-0.012623973,-0.0003642484,0.012259725,train,-0.002914595
2018-08-14,SPY,-0.007495627,0.016735949,0.024231575,train,0.025896845
2018-08-14,TLT,0.005809699,0.0009398393,0.0048698597,train,0.005163084
2018-08-15,EFA,0.006995011,-0.0080397725,0.015034784,train,0.018572409
2018-08-15,IWM,0.009229332,-0.0019628112,0.011192143,train,-0.0003642484
2018-08-15,SPY,0.0080589745,0.009613831,0.0015548561,train,0.016735949
2018-08-15,TLT,-8.283442e-05,-0.00022852235,0.00014568793,train,0.0009398393
2018-08-16,EFA,0.0058925487,0.024459355,0.018566806,train,-0.0080397725
2018-08-16,IWM,0.0042860564,-0.0060846996,0.010370756,train,-0.0019628112
2018-08-16,SPY,0.0035138703,0.004344056,0.0008301856,train,0.009613831
2018-08-16,TLT,0.0012403134,0.003140479,0.0019001657,train,-0.00022852235
2018-08-17,EFA,0.0054087215,0.034713145,0.029304424,train,0.024459355
2018-08-17,IWM,0.0027876669,0.0018020626,0.0009856042,train,-0.0060846996
2018-08-17,SPY,0.0021379853,-0.0069199563,0.009057942,train,0.004344056
2018-08-17,TLT,0.006673223,0.003502998,0.0031702248,train,0.003140479
2018-08-20,EFA,0.0061243675,0.021611705,0.0154873375,train,0.034713145
2018-08-20,IWM,0.011426219,0.008135172,0.0032910472,train,0.0018020626
2018-08-20,SPY,0.0023426907,-0.005059863,0.0074025537,train,-0.0069199563
2018-08-20,TLT,-0.003372003,0.0019112872,0.0052832905,train,0.003502998
2018-08-21,EFA,0.0038647072,0.00013700034,0.0037277068,train,0.021611705
2018-08-21,IWM,0.0024562266,0.0034355624,0.0009793357,train,0.008135172
2018-08-21,SPY,-0.0005941441,-0.0044965832,0.003902439,train,-0.005059863
2018-08-21,TLT,0.003946667,-0.0008104993,0.0047571664,train,0.0019112872
2018-08-22,EFA,-0.0071461727,-0.019733692,0.012587519,train,0.00013700034
2018-08-22,IWM,-0.003041928,0.013078848,0.016120777,train,0.0034355624
2018-08-22,SPY,-0.0013291036,0.0004849293,0.0018140329,train,-0.0044965832
2018-08-22,TLT,0.0015583163,-0.0014615324,0.0030198488,train,-0.0008104993
2018-08-23,EFA,0.00581003,-0.00502654,0.01083657,train,-0.019733692
2018-08-23,IWM,0.0054343473,0.011939529,0.006505182,train,0.013078848
2018-08-23,SPY,0.0060006143,-0.00072760927,0.0067282235,train,0.0004849293
2018-08-23,TLT,0.001963984,-0.00055293366,0.0025169177,train,-0.0014615324
2018-08-24,EFA,0.013280366,-0.0037868791,0.017067244,train,-0.00502654
2018-08-24,IWM,0.0014560262,0.0019994634,0.0005434372,train,0.011939529
2018-08-24,SPY,0.007864624,-0.0043565133,0.012221137,train,-0.00072760927
2018-08-24,TLT,-0.005740306,-0.00038165716,0.0053586485,train,-0.00055293366
2018-08-27,EFA,-0.0008798451,-0.0047358368,0.0038559916,train,-0.0037868791
2018-08-27,IWM,0.0009305855,-0.0006178075,0.0015483929,train,0.0019994634
2018-08-27,SPY,0.00048285766,-0.0059864647,0.0064693224,train,-0.0043565133
2018-08-27,TLT,-0.00602179,0.00299294,0.00901473,train,-0.00038165716
2018-08-28,EFA,0.005413652,0.017290687,0.011877036,train,-0.0047358368
2018-08-28,IWM,0.002903009,-0.0006624295,0.0035654386,train,-0.0006178075
2018-08-28,SPY,0.0053665647,-0.0049525793,0.0103191435,train,-0.0059864647
2018-08-28,TLT,0.0013230288,0.006285465,0.004962436,train,0.00299294
2018-08-29,EFA,-0.009530096,-0.0024097748,0.0071203215,train,0.017290687
2018-08-29,IWM,-0.0008121336,-0.0017082612,0.0008961276,train,-0.0006624295
2018-08-29,SPY,-0.0040567373,-0.0064606755,0.0024039382,train,-0.0049525793
2018-08-29,TLT,0.0021458354,0.004936469,0.0027906334,train,0.006285465
2018-08-30,EFA,-0.007987072,0.0038999459,0.011887018,train,-0.0024097748
2018-08-30,IWM,0.003822051,0.0014689546,0.0023530964,train,-0.0017082612
2018-08-30,SPY,3.4368295e-05,-0.005302637,0.005337005,train,-0.0064606755
2018-08-30,TLT,-0.0023111866,0.0052211275,0.0075323144,train,0.004936469
2018-08-31,EFA,-0.008500699,0.0050012693,0.013501968,train,0.0038999459
2018-08-31,IWM,-0.004460271,0.00079452223,0.005254793,train,0.0014689546
2018-08-31,SPY,-0.0017234124,-0.0062601916,0.004536779,train,-0.005302637
2018-08-31,TLT,-0.0057982267,0.0063878307,0.012186058,train,0.0052211275
2018-09-04,EFA,-0.009177552,0.008216427,0.017393978,train,0.0050012693
2018-09-04,IWM,-0.0026741594,0.0014704048,0.0041445643,train,0.00079452223
2018-09-04,SPY,-0.0026952038,-0.0008108844,0.0018843194,train,-0.0062601916
2018-09-04,TLT,-0.0026696506,0.0073136627,0.009983313,train,0.0063878307
2018-09-05,EFA,-0.0030275753,0.004813667,0.0078412425,train,0.008216427
2018-09-05,IWM,-0.00677536,-0.0014148927,0.0053604674,train,0.0014704048
2018-09-05,SPY,-0.0030144127,-0.0012514465,0.0017629662,train,-0.0008108844
2018-09-05,TLT,0.00366868,0.005170081,0.0015014007,train,0.0073136627
2018-09-06,EFA,-0.008067659,-0.031119835,0.023052175,train,0.004813667
2018-09-06,IWM,-0.00052770454,-0.0007705493,0.00024284475,train,-0.0014148927
2018-09-06,SPY,-0.0019452433,0.013157513,0.015102756,train,-0.0012514465
2018-09-06,TLT,-0.008525632,0.0028786932,0.011404325,train,0.005170081
2018-09-07,EFA,0.0060946927,-0.017282004,0.023376696,train,-0.031119835
2018-09-07,IWM,0.0012305501,-0.0017346232,0.0029651732,train,-0.0007705493
2018-09-07,SPY,0.001736763,0.002060386,0.00032362284,train,0.013157513
2018-09-07,TLT,0.003686982,0.0050348183,0.0013478363,train,0.0028786932
2018-09-10,EFA,0.0009109724,0.0016700053,0.00075903285,train,-0.017282004
2018-09-10,IWM,0.0016387085,-0.0012464134,0.0028851219,train,-0.0017346232
2018-09-10,SPY,0.003292049,0.009979114,0.0066870647,train,0.002060386
2018-09-10,TLT,-0.0076402244,-0.0015731135,0.006067111,train,0.0050348183
2018-09-11,EFA,0.00424065,0.011925429,0.007684779,train,0.0016700053
2018-09-11,IWM,-0.0024002616,-0.0020493218,0.0003509398,train,-0.0012464134
2018-09-11,SPY,0.00024254208,-0.0045694984,0.0048120404,train,0.009979114
2018-09-11,TLT,0.0023569642,0.0047666864,0.0024097222,train,-0.0015731135
2018-09-12,EFA,0.0073778536,0.015932688,0.008554835,train,0.011925429
2018-09-12,IWM,0.00023461269,0.00091247563,0.00067786296,train,-0.0020493218
2018-09-12,SPY,0.005896452,-0.003726455,0.009622907,train,-0.0045694984
2018-09-12,TLT,0.0015122064,0.0045526754,0.003040469,train,0.0047666864
2018-09-13,EFA,0.0014991084,0.013324507,0.011825399,train,0.015932688
2018-09-13,IWM,0.004210021,-0.00073651015,0.004946531,train,0.00091247563
2018-09-13,SPY,0.0001722238,-0.005256342,0.0054285657,train,-0.003726455
2018-09-13,TLT,-0.0047963476,0.0035512117,0.00834756,train,0.0045526754
2018-09-14,EFA,0.0008982164,-0.005040373,0.0059385896,train,0.013324507
2018-09-14,IWM,-0.010676568,-0.0014057888,0.00927078,train,-0.00073651015
2018-09-14,SPY,-0.005308341,-0.005466575,0.00015823403,train,-0.005256342
2018-09-14,TLT,0.0,0.013859529,0.013859529,train,0.0035512117
2018-09-17,EFA,0.01042142,0.0027643968,0.0076570236,train,-0.005040373
2018-09-17,IWM,0.004178546,0.009104603,0.004926057,train,-0.0014057888
2018-09-17,SPY,0.0054112365,-0.020051632,0.02546287,train,-0.005466575
2018-09-17,TLT,-0.010515468,0.004410809,0.014926277,train,0.013859529
2018-09-18,EFA,0.0035480717,-0.0120662525,0.015614324,train,0.0027643968
2018-09-18,IWM,-0.0036480888,-0.00018443144,0.0034636573,train,0.009104603
2018-09-18,SPY,0.0010652267,-0.0050309687,0.0060961954,train,-0.020051632
2018-09-18,TLT,-0.005984723,0.0072718393,0.013256563,train,0.004410809
2018-09-19,EFA,0.012320563,0.016869841,0.004549278,train,-0.0120662525
2018-09-19,IWM,0.009212159,0.0075618597,0.001650299,train,-0.00018443144
2018-09-19,SPY,0.008071372,-0.003899613,0.011970986,train,-0.0050309687
2018-09-19,TLT,0.0046204003,-0.008936785,0.013557185,train,0.0072718393
2018-09-20,EFA,0.00043726712,0.00024034921,0.00019691791,train,0.016869841
2018-09-20,IWM,-0.0048011485,-0.0030711144,0.0017300341,train,0.0075618597
2018-09-20,SPY,-0.00091450644,-0.012405241,0.011490734,train,-0.003899613
2018-09-20,TLT,-0.00042713518,-0.011113957,0.010686821,train,-0.008936785
2018-09-21,EFA,-0.004527325,-0.0028212187,0.0017061061,train,0.00024034921
2018-09-21,IWM,-0.0037036112,0.010068059,0.01377167,train,-0.0030711144
2018-09-21,SPY,-0.003327172,-0.021878777,0.018551605,train,-0.012405241
2018-09-21,TLT,-0.002564875,-0.0005398006,0.0020250743,train,-0.011113957
2018-09-24,EFA,0.004964401,-0.0067678983,0.011732299,train,-0.0028212187
2018-09-24,IWM,0.0015299461,0.0077286973,0.0061987513,train,0.010068059
2018-09-24,SPY,-0.0009283738,-0.0043336847,0.003405311,train,-0.021878777
2018-09-24,TLT,-0.0010281017,-0.0038715308,0.002843429,train,-0.0005398006
2018-09-25,EFA,0.00043688505,-0.007922336,0.008359222,train,-0.0067678983
2018-09-25,IWM,-0.00918202,0.004807152,0.013989172,train,0.0077286973
2018-09-25,SPY,-0.0029968058,-0.005410763,0.0024139571,train,-0.0043336847
2018-09-25,TLT,0.007003116,0.010029465,0.003026349,train,-0.0038715308
2018-09-26,EFA,-0.0020404318,-0.0026403172,0.00059988536,train,-0.007922336
2018-09-26,IWM,5.9155856e-05,0.012479123,0.012419967,train,0.004807152
2018-09-26,SPY,0.002790527,-0.006574536,0.009365063,train,-0.005410763
2018-09-26,TLT,0.0006809231,-0.006658423,0.007339346,train,0.010029465
2018-09-27,EFA,-0.008202777,-0.029509366,0.02130659,train,-0.0026403172
2018-09-27,IWM,0.0030305865,0.009058289,0.0060277027,train,0.012479123
2018-09-27,SPY,0.000103203456,-0.001346034,0.0014492375,train,-0.006574536
2018-09-27,TLT,-0.0026404306,-0.00507093,0.0024304993,train,-0.006658423
2018-09-28,EFA,0.0011761428,-0.006014194,0.0071903365,train,-0.029509366
2018-09-28,IWM,-0.013258414,0.0067753973,0.020033812,train,0.009058289
2018-09-28,SPY,0.0034683156,-0.0036649941,0.0071333097,train,-0.001346034
2018-09-28,TLT,-0.0073682563,0.010478316,0.017846573,train,-0.00507093
2018-10-01,EFA,-0.0051551387,-0.007353272,0.0021981332,train,-0.006014194
2018-10-01,IWM,-0.010881079,0.0016695648,0.012550645,train,0.0067753973
2018-10-01,SPY,-0.000583637,-0.004619309,0.004035672,train,-0.0036649941
2018-10-01,TLT,0.006094694,0.015695827,0.009601133,train,0.010478316
2018-10-02,EFA,-0.0017734747,-0.0013524471,0.00042102765,train,-0.007353272
2018-10-02,IWM,0.008714315,-0.0024210252,0.01113534,train,0.0016695648
2018-10-02,SPY,0.0005491221,-0.0019920883,0.0025412105,train,-0.004619309
2018-10-02,TLT,-0.01752426,0.0041912748,0.021715533,train,0.015695827
2018-10-03,EFA,-0.011755215,-0.010935027,0.00082018785,train,-0.0013524471
2018-10-03,IWM,-0.014138269,0.017503196,0.031641465,train,-0.0024210252
2018-10-03,SPY,-0.007846643,-0.0027513308,0.0050953124,train,-0.0019920883
2018-10-03,TLT,-0.0070787966,-0.00027447427,0.0068043224,train,0.0041912748
2018-10-04,EFA,-0.0060050953,-0.017173115,0.01116802,train,-0.010935027
2018-10-04,IWM,-0.00908504,0.011971433,0.021056473,train,0.017503196
2018-10-04,SPY,-0.005612357,-0.010561621,0.0049492638,train,-0.0027513308
2018-10-04,TLT,-0.008632103,-0.019093296,0.010461193,train,-0.00027447427
2018-10-05,EFA,-0.004830335,-0.018459119,0.013628785,train,-0.017173115
2018-10-05,IWM,-0.0020992684,-0.021525783,0.019426515,train,0.011971433
2018-10-05,SPY,0.0,-0.00082444353,0.00082444353,train,-0.010561621
2018-10-05,TLT,-0.0033675367,-0.02532511,0.021957573,train,-0.019093296
2018-10-08,EFA,-0.002575323,-0.0026444676,6.914465e-05,train,-0.018459119
2018-10-08,IWM,-0.0039008206,0.02690709,0.03080791,train,-0.021525783
2018-10-08,SPY,-0.0014605154,0.04326039,0.044720907,train,-0.00082444353
2018-10-08,TLT,0.010068283,-0.030377768,0.04044605,train,-0.02532511
2018-10-09,EFA,-0.021467011,0.011930054,0.033397064,train,-0.0026444676
2018-10-09,IWM,-0.02914436,0.032745454,0.061889812,train,0.02690709
2018-10-09,SPY,-0.032175142,0.03967365,0.071848795,train,0.04326039
2018-10-09,TLT,-0.0027276422,-0.013006195,0.010278553,train,-0.030377768
2018-10-10,EFA,-0.014047101,0.0014044647,0.015451565,train,0.011930054
2018-10-10,IWM,-0.019282667,0.00024484703,0.019527514,train,0.032745454
2018-10-10,SPY,-0.022272864,-0.055677928,0.033405066,train,0.03967365
2018-10-10,TLT,0.01208607,-0.014973596,0.027059667,train,-0.013006195
2018-10-11,EFA,0.0036085437,-0.04412646,0.047735002,train,0.0014044647
2018-10-11,IWM,0.00019492724,-0.035001457,0.035196383,train,0.00024484703
2018-10-11,SPY,0.013792881,0.0069728945,0.0068199863,train,-0.055677928
2018-10-11,TLT,-0.0034883765,-0.0066103186,0.003121942,train,-0.014973596
2018-10-12,EFA,-0.002351963,0.047853798,0.05020576,train,-0.04412646
2018-10-12,IWM,0.0037040147,0.018407658,0.014703643,train,-0.035001457
2018-10-12,SPY,-0.0056326278,0.08939561,0.09502824,train,0.0069728945
2018-10-12,TLT,-0.00043698607,-0.004188729,0.003751743,train,-0.0066103186
2018-10-15,EFA,0.016966745,0.058249366,0.04128262,train,0.047853798
2018-10-15,IWM,0.028581714,0.031667516,0.0030858014,train,0.018407658
2018-10-15,SPY,0.021630293,0.056025572,0.034395278,train,0.08939561
2018-10-15,TLT,0.0022699174,-0.0066086804,0.008878598,train,-0.004188729
2018-10-16,EFA,-0.005727125,0.04954536,0.055272482,train,0.058249366
2018-10-16,IWM,-0.0042955657,-0.0065549384,0.0022593727,train,0.031667516
2018-10-16,SPY,0.0001780678,0.011471532,0.011293464,train,0.056025572
2018-10-16,TLT,-0.0059470045,-0.008514894,0.0025678896,train,-0.0066086804
2018-10-17,EFA,-0.016275821,0.016895879,0.0331717,train,0.04954536
2018-10-17,IWM,-0.018916633,0.03169148,0.050608113,train,-0.0065549384
2018-10-17,SPY,-0.014546606,-0.0028186734,0.011727933,train,0.011471532
2018-10-17,TLT,-0.00035109746,0.012256024,0.012607122,train,-0.008514894
2018-10-18,EFA,0.005664012,0.010670053,0.005006041,train,0.016895879
2018-10-18,IWM,-0.010637287,0.031401634,0.04203892,train,0.03169148
2018-10-18,SPY,-0.00054256216,-0.02216947,0.021626908,train,-0.0028186734
2018-10-18,TLT,-0.0021959783,0.012677543,0.014873521,train,0.012256024
2018-10-19,EFA,-0.0044026007,0.020460129,0.024862729,train,0.010670053
2018-10-19,IWM,-0.0021539195,0.014115304,0.016269224,train,0.031401634
2018-10-19,SPY,-0.0044990564,0.020079516,0.024578571,train,-0.02216947
2018-10-19,TLT,-0.0013201372,0.023047207,0.024367344,train,0.012677543
2018-10-22,EFA,-0.009499599,-0.0033227834,0.006176816,train,0.020460129
2018-10-22,IWM,-0.008992793,0.037508883,0.046501674,train,0.014115304
2018-10-22,SPY,-0.005103653,0.014072277,0.01917593,train,0.020079516
2018-10-22,TLT,0.0031649773,0.024264472,0.021099495,train,0.023047207
2018-10-23,EFA,-0.028725656,-0.029386677,0.0006610211,train,-0.0033227834
2018-10-23,IWM,-0.03837735,-0.015845034,0.022532314,train,0.037508883
2018-10-23,SPY,-0.030766997,0.05122824,0.081995234,train,0.014072277
2018-10-23,TLT,0.007521369,0.007649801,0.00012843218,train,0.024264472
2018-10-24,EFA,0.012527588,0.01975164,0.007224052,train,-0.029386677
2018-10-24,IWM,0.021420622,0.013023747,0.008396875,train,-0.015845034
2018-10-24,SPY,0.017781464,0.0231063,0.005324835,train,0.05122824
2018-10-24,TLT,-0.004191017,-0.0014224064,0.0027686104,train,0.007649801
2018-10-25,EFA,-0.0068137883,-0.0018865676,0.0049272208,train,0.01975164
2018-10-25,IWM,-0.010991719,-0.0074445154,0.0035472033,train,0.013023747
2018-10-25,SPY,-0.017743837,0.017495938,0.035239775,train,0.0231063
2018-10-25,TLT,0.006018592,0.027186962,0.02116837,train,-0.0014224064
2018-10-26,EFA,-0.0027712656,0.005310167,0.008081432,train,-0.0018865676
2018-10-26,IWM,-0.0055077276,0.0033283574,0.008836085,train,-0.0074445154
2018-10-26,SPY,-0.005555873,0.0047797044,0.010335578,train,0.017495938
2018-10-26,TLT,-0.0022637905,0.038130753,0.040394545,train,0.027186962
2018-10-29,EFA,0.012007435,-0.00028235046,0.012289785,train,0.005310167
2018-10-29,IWM,0.020648565,0.019305479,0.0013430864,train,0.0033283574
2018-10-29,SPY,0.014710031,0.025588877,0.010878846,train,0.0047797044
2018-10-29,TLT,-0.0049807476,0.0032578916,0.00823864,train,0.038130753
2018-10-30,EFA,0.007391884,-0.013272973,0.020664856,train,-0.00028235046
2018-10-30,IWM,0.0020014786,0.036974527,0.034973048,train,0.019305479
2018-10-30,SPY,0.010624098,-0.0060692276,0.016693326,train,0.025588877
2018-10-30,TLT,-0.005093408,0.008260798,0.0133542055,train,0.0032578916
2018-10-31,EFA,0.01272681,0.028687306,0.015960496,train,-0.013272973
2018-10-31,IWM,0.02280066,0.021426268,0.0013743918,train,0.036974527
2018-10-31,SPY,0.010585543,-0.020157177,0.03074272,train,-0.0060692276
2018-10-31,TLT,0.00092613406,0.020267373,0.01934124,train,0.008260798
2018-11-01,EFA,0.0014216845,-0.002076413,0.0034980974,train,0.028687306
2018-11-01,IWM,0.0033167393,0.026122283,0.022805544,train,0.021426268
2018-11-01,SPY,-0.0059403973,-0.056711406,0.05077101,train,-0.020157177
2018-11-01,TLT,-0.012510665,0.013740113,0.026250778,train,0.020267373
2018-11-02,EFA,0.0,-0.0058540734,0.0058540734,train,-0.002076413
2018-11-02,IWM,-0.0007792154,-0.051351286,0.05057207,train,0.026122283
2018-11-02,SPY,0.005501659,-0.031934462,0.03743612,train,-0.056711406
2018-11-02,TLT,0.0039210897,0.003525077,0.0003960128,train,0.013740113
2018-11-05,EFA,0.0040958296,-0.016493179,0.020589009,train,-0.0058540734
2018-11-05,IWM,0.004926611,-0.034932736,0.039859347,train,-0.051351286
2018-11-05,SPY,0.006308016,0.013138227,0.0068302113,train,-0.031934462
2018-11-05,TLT,-0.0006226267,0.017014692,0.017637318,train,0.003525077
2018-11-06,EFA,0.0132742105,-0.007296585,0.020570796,train,-0.016493179
2018-11-06,IWM,0.017753929,-0.006963057,0.024716986,train,-0.034932736
2018-11-06,SPY,0.021182785,-0.043820854,0.06500364,train,0.013138227
2018-11-06,TLT,0.0013338804,0.016408116,0.015074235,train,0.017014692
2018-11-07,EFA,-0.009821397,0.0059772143,0.015798612,train,-0.007296585
2018-11-07,IWM,-0.002671443,0.017592201,0.020263644,train,-0.006963057
2018-11-07,SPY,-0.0018165163,0.041299976,0.04311649,train,-0.043820854
2018-11-07,TLT,-8.893115e-05,0.016177438,0.01626637,train,0.016408116
2018-11-08,EFA,-0.0066017997,0.02209359,0.02869539,train,0.0059772143
2018-11-08,IWM,-0.01871027,0.012612116,0.031322386,train,0.017592201
2018-11-08,SPY,-0.009816198,-0.012113228,0.0022970308,train,0.041299976
2018-11-08,TLT,0.007438232,0.0199793,0.012541068,train,0.016177438
2018-11-09,EFA,-0.016537217,0.025923591,0.042460807,train,0.02209359
2018-11-09,IWM,-0.019993681,0.005921817,0.025915498,train,0.012612116
2018-11-09,SPY,-0.018862024,-0.03231682,0.013454795,train,-0.012113228
2018-11-09,TLT,0.0065071555,-0.0032042107,0.009711366,train,0.0199793
2018-11-12,EFA,0.004319495,0.015453316,0.011133822,train,0.025923591
2018-11-12,IWM,-0.0031830852,0.013128396,0.016311482,train,0.005921817
2018-11-12,SPY,-0.0018727537,-0.00870546,0.006832706,train,-0.03231682
2018-11-12,TLT,-0.00061353715,-0.008312942,0.0076994053,train,-0.0032042107
2018-11-13,EFA,0.00079805165,-0.0008826661,0.0016807178,train,0.015453316
2018-11-13,IWM,-0.0073332842,-0.01790494,0.010571655,train,0.013128396
2018-11-13,SPY,-0.0068599773,-0.024016932,0.017156955,train,-0.00870546
2018-11-13,TLT,0.00061353715,0.011029005,0.010415468,train,-0.008312942
2018-11-14,EFA,0.0031852468,0.0353287,0.032143455,train,-0.0008826661
2018-11-14,IWM,0.014151486,-0.0067090024,0.020860488,train,-0.01790494
2018-11-14,SPY,0.0103824185,-0.01687619,0.027258608,train,-0.024016932
2018-11-14,TLT,-0.00043844912,0.012296893,0.012735342,train,0.011029005
2018-11-15,EFA,0.001112247,0.026070444,0.024958197,train,0.0353287
2018-11-15,IWM,0.0023722195,0.02900256,0.02663034,train,-0.0067090024
2018-11-15,SPY,0.0025973811,-0.022622988,0.025220368,train,-0.01687619
2018-11-15,TLT,0.0057709944,0.019540682,0.013769688,train,0.012296893
2018-11-16,EFA,-0.008774076,0.006099745,0.014873821,train,0.026070444
2018-11-16,IWM,-0.020479592,0.027705256,0.04818485,train,0.02900256
2018-11-16,SPY,-0.01705947,-0.022773419,0.005713949,train,-0.022622988
2018-11-16,TLT,0.0027859025,0.006293302,0.0035073995,train,0.019540682
2018-11-19,EFA,-0.017456345,0.034391977,0.051848322,train,0.006099745
2018-11-19,IWM,-0.01946818,0.027385445,0.046853624,train,0.027705256
2018-11-19,SPY,-0.018679522,-0.002186216,0.016493306,train,-0.022773419
2018-11-19,TLT,0.00034775384,0.008124917,0.007777163,train,0.006293302
2018-11-20,EFA,0.013925291,0.028720811,0.01479552,train,0.034391977
2018-11-20,IWM,0.01387702,0.041292682,0.027415663,train,0.027385445
2018-11-20,SPY,0.003401756,0.02194684,0.018545084,train,-0.002186216
2018-11-20,TLT,-0.00034775384,0.006013884,0.006361638,train,0.008124917
2018-11-21,EFA,-0.0066147456,-0.016861744,0.010246999,train,0.028720811
2018-11-21,IWM,-0.0009460904,-0.038619656,0.037673566,train,0.041292682
2018-11-21,SPY,-0.006700956,-0.020343035,0.01364208,train,0.02194684
2018-11-21,TLT,0.0010426546,0.0017183726,0.00067571795,train,0.006013884
2018-11-23,EFA,0.0149412425,-0.015636582,0.030577824,train,-0.016861744
2018-11-23,IWM,0.01289879,0.017617442,0.004718652,train,-0.038619656
2018-11-23,SPY,0.016015261,-0.010781743,0.026797004,train,-0.020343035
2018-11-23,TLT,-0.0022605015,-0.014176717,0.0119162155,train,0.0017183726
2018-11-26,EFA,-0.0038344203,-0.010227302,0.0063928817,train,-0.015636582
2018-11-26,IWM,-0.008311405,-0.0398803,0.031568896,train,0.017617442
2018-11-26,SPY,0.0033587813,-0.07939993,0.08275871,train,-0.010781743
2018-11-26,TLT,0.0011310932,-0.0128494855,0.013980579,train,-0.014176717
2018-11-27,EFA,0.014146245,0.024121564,0.009975319,train,-0.010227302
2018-11-27,IWM,0.024402073,0.010497693,0.01390438,train,-0.0398803
2018-11-27,SPY,0.022764519,-0.03950547,0.06226999,train,-0.07939993
2018-11-27,TLT,-0.0048813913,-0.028198255,0.023316864,train,-0.0128494855
2018-11-28,EFA,-0.005063219,-0.0033017858,0.0017614332,train,0.024121564
2018-11-28,IWM,-0.0026969272,-0.049390394,0.046693467,train,0.010497693
2018-11-28,SPY,-0.0021881107,0.0356293,0.03781741,train,-0.03950547
2018-11-28,TLT,0.003924402,-0.00289137,0.006815772,train,-0.028198255
2018-11-29,EFA,-0.00429218,0.026531212,0.03082339,train,-0.0033017858
2018-11-29,IWM,0.0051896926,0.016882367,0.011692675,train,-0.049390394
2018-11-29,SPY,0.0060770065,-0.022956159,0.029033165,train,0.0356293
2018-11-29,TLT,0.003735718,-0.026572546,0.030308263,train,-0.00289137
2018-11-30,EFA,0.01313621,0.016459042,0.0033228323,train,0.026531212
2018-11-30,IWM,0.009520966,-0.01826644,0.027787406,train,0.016882367
2018-11-30,SPY,0.013154565,-0.02465057,0.037805136,train,-0.022956159
2018-11-30,TLT,0.007075284,-0.014395749,0.021471033,train,-0.026572546
2018-12-03,EFA,-0.026285905,9.848899e-05,0.026384395,train,0.016459042
2018-12-03,IWM,-0.043508284,-0.0306339,0.0128743835,train,-0.01826644
2018-12-03,SPY,-0.032938525,-0.0129387155,0.01999981,train,-0.02465057
2018-12-03,TLT,0.016602376,-0.0018204721,0.01842285,train,-0.014395749
2018-12-04,EFA,-0.009406531,0.014780607,0.024187138,train,9.848899e-05
2018-12-04,IWM,-0.0021717525,0.032997854,0.035169605,train,-0.0306339
2018-12-04,SPY,-0.0015186075,-0.11297964,0.111461036,train,-0.0129387155
2018-12-04,TLT,0.0031357382,-0.0015217613,0.0046574995,train,-0.0018204721
2018-12-06,EFA,-0.010154064,0.012819815,0.02297388,train,0.014780607
2018-12-06,IWM,-0.021839758,0.038582876,0.060422637,train,0.032997854
2018-12-06,SPY,-0.023510046,-0.022512928,0.0009971187,train,-0.11297964
2018-12-06,TLT,0.0018598251,-0.005525145,0.0073849703,train,-0.0015217613
2018-12-07,EFA,-0.0077666407,0.026680302,0.034446944,train,0.012819815
2018-12-07,IWM,-0.0029205275,0.03311147,0.036032,train,0.038582876
2018-12-07,SPY,0.0018952138,0.008688889,0.0067936755,train,-0.022512928
2018-12-07,TLT,0.004129512,-0.0061429734,0.010272485,train,-0.005525145
2018-12-10,EFA,0.0031468507,0.043906666,0.040759817,train,0.026680302
2018-12-10,IWM,-0.0010452827,0.058931503,0.059976786,train,0.03311147
2018-12-10,SPY,0.00022700615,-0.00094004674,0.0011670529,train,0.008688889
2018-12-10,TLT,-0.00016825023,-0.005623462,0.0054552117,train,-0.0061429734
2018-12-11,EFA,0.014610877,0.011137735,0.0034731422,train,0.043906666
2018-12-11,IWM,0.009505266,0.10301819,0.09351292,train,0.058931503
2018-12-11,SPY,0.005022737,0.0047266935,0.0002960437,train,-0.00094004674
2018-12-11,TLT,-0.004468345,-0.0064794566,0.0020111115,train,-0.005623462
2018-12-12,EFA,-0.001794259,0.0019476777,0.0037419368,train,0.011137735
2018-12-12,IWM,-0.014256892,0.006190092,0.020446984,train,0.10301819
2018-12-12,SPY,-0.00033904726,0.012444004,0.0127830515,train,0.0047266935
2018-12-12,TLT,-0.0023684213,-0.0011344836,0.0012339377,train,-0.0064794566
2018-12-13,EFA,-0.012981863,0.0071167187,0.020098582,train,0.0019476777
2018-12-13,IWM,-0.015244585,0.001390765,0.01663535,train,0.006190092
2018-12-13,SPY,-0.01863738,0.0034026955,0.022040075,train,0.012444004
2018-12-13,TLT,0.0034661978,-0.01043804,0.013904238,train,-0.0011344836
2018-12-14,EFA,-0.007970924,0.0019524624,0.009923385,train,0.0071167187
2018-12-14,IWM,-0.022522235,-0.03224171,0.009719474,train,0.001390765
2018-12-14,SPY,-0.01981335,0.08592387,0.105737224,train,0.0034026955
2018-12-14,TLT,0.005807116,0.00033822446,0.005468892,train,-0.01043804
2018-12-17,EFA,0.0008087442,-0.012003552,0.012812296,train,0.0019524624
2018-12-17,IWM,-0.0012415025,0.03361342,0.034854922,train,-0.03224171
2018-12-17,SPY,-0.0010971572,0.08635657,0.08745373,train,0.08592387
2018-12-17,TLT,0.005971134,-0.0011517736,0.007122908,train,0.00033822446
2018-12-18,EFA,-0.009644018,-0.012612039,0.0029680217,train,-0.012003552
2018-12-18,IWM,-0.021045886,0.028149147,0.049195033,train,0.03361342
2018-12-18,SPY,-0.015088973,0.040996827,0.0560858,train,0.08635657
2018-12-18,TLT,0.013124049,-0.002032274,0.015156323,train,-0.0011517736
2018-12-19,EFA,-0.0040884814,-0.014479497,0.010391016,train,-0.012612039
2018-12-19,IWM,-0.016629677,-0.022127664,0.0054979865,train,0.028149147
2018-12-19,SPY,-0.016411839,0.010904118,0.027315957,train,0.040996827
2018-12-19,TLT,-0.003637658,-0.003702385,6.472692e-05,train,-0.002032274
2018-12-20,EFA,-0.01756549,0.004982783,0.022548273,train,-0.014479497
2018-12-20,IWM,-0.02629309,0.011148935,0.037442025,train,-0.022127664
2018-12-20,SPY,-0.020702336,-0.019895494,0.000806842,train,0.010904118
2018-12-20,TLT,-0.00016583512,-0.0042962073,0.0041303723,train,-0.003702385
2018-12-21,EFA,-0.01170852,-0.020004239,0.008295719,train,0.004982783
2018-12-21,IWM,-0.019587783,-0.02000591,0.00041812658,train,0.011148935
2018-12-21,SPY,-0.026778337,-0.019411795,0.007366542,train,-0.019895494
2018-12-21,TLT,0.0049581286,-0.0036436156,0.008601744,train,-0.0042962073
2018-12-24,EFA,0.0229375,-0.019263579,0.04220108,train,-0.020004239
2018-12-24,IWM,0.046942227,-0.0050071846,0.05194941,train,-0.02000591
2018-12-24,SPY,0.049289808,-0.066097766,0.115387574,train,-0.019411795
2018-12-24,TLT,-0.010773297,-0.003010755,0.0077625425,train,-0.0036436156
2018-12-26,EFA,0.0029164527,-0.0026724548,0.0055889077,train,-0.019263579
2018-12-26,IWM,0.0041604196,-0.08156426,0.08572468,train,-0.0050071846
2018-12-26,SPY,0.007648248,0.07161839,0.06397015,train,-0.066097766
2018-12-26,TLT,0.00016672447,0.001357764,0.0011910396,train,-0.003010755
2018-12-27,EFA,0.0052959234,0.014985763,0.00968984,train,-0.0026724548
2018-12-27,IWM,0.0028645447,-0.020972446,0.02383699,train,-0.08156426
2018-12-27,SPY,-0.0012909009,0.058515087,0.05980599,train,0.07161839
2018-12-27,TLT,0.008378553,0.002460039,0.005918514,train,0.001357764
2018-12-28,EFA,0.0015323755,0.017553832,0.016021457,train,0.014985763
2018-12-28,IWM,0.007797147,-0.0048454846,0.012642631,train,-0.020972446
2018-12-28,SPY,0.008720621,-0.0037096213,0.012430241,train,0.058515087
2018-12-28,TLT,0.0037929893,-0.0011873068,0.004980296,train,0.002460039
2018-12-31,EFA,-0.0020436628,0.031625535,0.0336692,train,0.017553832
2018-12-31,IWM,0.005659603,-0.05856245,0.06422205,train,-0.0048454846
2018-12-31,SPY,0.0010397194,0.04722678,0.046187058,train,-0.0037096213
2018-12-31,TLT,0.005253151,-0.0023829644,0.0076361154,train,-0.0011873068
2019-01-02,EFA,-0.009076062,0.009948939,0.019025002,train,0.031625535
2019-01-02,IWM,-0.0180589,-0.081017375,0.06295848,train,-0.05856245
2019-01-02,SPY,-0.024151992,0.04736592,0.071517915,train,0.04722678
2019-01-02,TLT,0.011315562,-0.0030408246,0.014356386,train,-0.0023829644
2019-01-03,EFA,0.030161465,0.043839596,0.013678132,train,0.009948939
2019-01-03,IWM,0.036672678,-0.02727751,0.06395019,train,-0.081017375
2019-01-03,SPY,0.03294714,0.05905138,0.026104238,train,0.04736592
2019-01-03,TLT,-0.011643047,-0.0023943167,0.009248731,train,-0.0030408246
2019-01-04,EFA,0.003831818,-0.024791503,0.028623322,train,0.043839596
2019-01-04,IWM,0.017342571,-0.005981605,0.023324177,train,-0.02727751
2019-01-04,SPY,0.007853361,0.027872205,0.020018844,train,0.05905138
2019-01-04,TLT,-0.0029527473,0.0028828993,0.0058356468,train,-0.0023943167
2019-01-07,EFA,0.006463729,0.03035396,0.02389023,train,-0.024791503
2019-01-07,IWM,0.015214346,0.007727073,0.0074872733,train,-0.005981605
2019-01-07,SPY,0.009351757,-0.05875681,0.068108566,train,0.027872205
2019-01-07,TLT,-0.002631756,0.0028349042,0.0054666605,train,0.0028828993
2019-01-08,EFA,0.011171564,0.025259543,0.014087979,train,0.03035396
2019-01-08,IWM,0.008221515,0.021626985,0.013405469,train,0.007727073
2019-01-08,SPY,0.0046624583,-0.034812134,0.03947459,train,-0.05875681
2019-01-08,TLT,-0.0015660017,0.003687402,0.0052534034,train,0.0028349042
2019-01-09,EFA,0.0039132326,-0.0019696518,0.0058828844,train,0.025259543
2019-01-09,IWM,0.005164946,0.04205693,0.036891982,train,0.021626985
2019-01-09,SPY,0.0035214494,0.015840814,0.012319364,train,-0.034812134
2019-01-09,TLT,-0.0064539867,0.0036370354,0.010091022,train,0.003687402
2019-01-10,EFA,-0.0068582394,0.010408565,0.017266804,train,-0.0019696518
2019-01-10,IWM,0.00027817048,0.005144377,0.004866206,train,0.04205693
2019-01-10,SPY,0.00038595093,-0.05941537,0.05980132,train,0.015840814
2019-01-10,TLT,0.003894045,0.0067311805,0.0028371355,train,0.0036370354
2019-01-11,EFA,-0.004598327,0.013263043,0.01786137,train,0.010408565
2019-01-11,IWM,-0.010002121,0.03198899,0.04199111,train,0.005144377
2019-01-11,SPY,-0.006119465,-0.022742342,0.016622877,train,-0.05941537
2019-01-11,TLT,-0.0037281618,0.0028071788,0.0065353406,train,0.0067311805
2019-01-14,EFA,0.0052535743,-0.0023749555,0.00762853,train,0.013263043
2019-01-14,IWM,0.008400421,0.002538309,0.0058621117,train,0.03198899
2019-01-14,SPY,0.011395763,-0.07333814,0.0847339,train,-0.022742342
2019-01-14,TLT,-0.0036585988,0.004573983,0.008232582,train,0.0028071788
2019-01-15,EFA,0.0027797518,0.0027004862,7.926556e-05,train,-0.0023749555
2019-01-15,IWM,0.0074315937,-0.002175353,0.009606946,train,0.002538309
2019-01-15,SPY,0.0024169348,0.003870335,0.0014534001,train,-0.07333814
2019-01-15,TLT,0.000999142,0.0043415325,0.0033423905,train,0.004573983
2019-01-16,EFA,0.0035859342,0.009102244,0.0055163098,train,0.0027004862
2019-01-16,IWM,0.009023458,0.015403274,0.0063798167,train,-0.002175353
2019-01-16,SPY,0.00755772,-0.013380937,0.020938657,train,0.003870335
2019-01-16,TLT,0.00024947428,0.0032646866,0.0030152122,train,0.0043415325
2019-01-17,EFA,0.010037272,0.004038383,0.0059988894,train,0.009102244
2019-01-17,IWM,0.010233123,0.0116670765,0.0014339536,train,0.015403274
2019-01-17,SPY,0.013222367,0.017626934,0.004404567,train,-0.013380937
2019-01-17,TLT,-0.0052554314,0.0034862976,0.008741729,train,0.0032646866
2019-01-18,EFA,-0.015584618,-0.022192586,0.0066079684,train,0.004038383
2019-01-18,IWM,-0.015940903,-0.008802131,0.007138772,train,0.0116670765
2019-01-18,SPY,-0.013602282,0.06007327,0.07367555,train,0.017626934
2019-01-18,TLT,0.006751592,0.00883924,0.0020876485,train,0.0034862976
2019-01-22,EFA,0.004570785,0.014488511,0.009917726,train,-0.022192586
2019-01-22,IWM,-0.0027624548,-0.022591412,0.019828957,train,-0.008802131
2019-01-22,SPY,0.0020900338,-0.02775754,0.029847573,train,0.06007327
2019-01-22,TLT,-0.00041502222,-0.00048435573,6.93335e-05,train,0.00883924
2019-01-23,EFA,0.0011393051,-0.022440473,0.023579778,train,0.014488511
2019-01-23,IWM,0.005998271,-0.0170264,0.02302467,train,-0.022591412
2019-01-23,SPY,0.00053145114,0.05258905,0.0520576,train,-0.02775754
2019-01-23,TLT,0.00654448,0.0007531289,0.005791351,train,-0.00048435573
2019-01-24,EFA,0.01132321,-0.013160421,0.02448363,train,-0.022440473
2019-01-24,IWM,0.012773121,0.015713459,0.002940338,train,-0.0170264
2019-01-24,SPY,0.008425643,0.004628003,0.0037976396,train,0.05258905
2019-01-24,TLT,-0.0048003905,-0.0034761121,0.0013242783,train,0.0007531289
2019-01-25,EFA,-0.0054837437,-0.01714683,0.011663086,train,-0.013160421
2019-01-25,IWM,-0.005376056,0.038294375,0.04367043,train,0.015713459
2019-01-25,SPY,-0.007629027,0.057479545,0.065108575,train,0.004628003
2019-01-25,TLT,-0.0009961507,0.00891332,0.009909471,train,-0.0034761121
2019-01-28,EFA,0.002261646,0.00071851816,0.0015431279,train,-0.01714683
2019-01-28,IWM,-0.002391239,0.0022809184,0.0046721576,train,0.038294375
2019-01-28,SPY,-0.0013280665,-0.022670336,0.02134227,train,0.057479545
2019-01-28,TLT,0.0050529265,0.008817587,0.0037646606,train,0.00891332
2019-01-29,EFA,0.010913306,-0.0008359472,0.011749253,train,0.00071851816
2019-01-29,IWM,0.010884662,-0.0023452495,0.013229912,train,0.0022809184
2019-01-29,SPY,0.015706673,0.0021428918,0.013563782,train,-0.022670336
2019-01-29,TLT,-0.0007438594,0.0018925685,0.002636428,train,0.008817587
2019-01-30,EFA,0.00047873266,0.00029687537,0.0001818573,train,-0.0008359472
2019-01-30,IWM,0.008488918,-0.0057365424,0.014225461,train,-0.0023452495
2019-01-30,SPY,0.00874433,0.047242586,0.038498256,train,0.0021428918
2019-01-30,TLT,0.008563438,0.006307256,0.0022561825,train,0.0018925685
2019-01-31,EFA,-0.0003190795,0.000283084,0.0006021635,train,0.00029687537
2019-01-31,IWM,0.00080429146,-0.01691593,0.017720222,train,-0.0057365424
2019-01-31,SPY,0.0004812368,0.02550365,0.025022414,train,0.047242586
2019-01-31,TLT,-0.0060583903,0.003523538,0.009581928,train,0.006307256
2019-02-01,EFA,0.0036638812,-0.0015037099,0.0051675914,train,0.000283084
2019-02-01,IWM,0.011861552,-0.009401178,0.02126273,train,-0.01691593
2019-02-01,SPY,0.0070111156,0.026235107,0.019223992,train,0.02550365
2019-02-01,TLT,-0.0044740336,0.0076108864,0.01208492,train,0.003523538
2019-02-04,EFA,0.0077611785,0.014490042,0.0067288633,train,-0.0015037099
2019-02-04,IWM,0.0010591983,-0.013201896,0.014261095,train,-0.009401178
2019-02-04,SPY,0.0041830214,-0.024906732,0.029089753,train,0.026235107
2019-02-04,TLT,0.0045569497,0.0073938654,0.0028369157,train,0.0076108864
2019-02-05,EFA,-0.0050616134,-0.004641623,0.00041999063,train,0.014490042
2019-02-05,IWM,-0.0012581991,-0.004990266,0.003732067,train,-0.013201896
2019-02-05,SPY,-0.0013190091,-0.019350393,0.018031383,train,-0.024906732
2019-02-05,TLT,0.00049573777,0.00466726,0.0041715223,train,0.0073938654
2019-02-06,EFA,-0.01341029,0.0018388535,0.015249143,train,-0.004641623
2019-02-06,IWM,-0.008249811,0.00017935038,0.008429161,train,-0.004990266
2019-02-06,SPY,-0.009578633,-0.010872683,0.0012940494,train,-0.019350393
2019-02-06,TLT,0.006588295,0.005798336,0.000789959,train,0.00466726
2019-02-07,EFA,-0.0032194278,0.011385135,0.014604563,train,0.0018388535
2019-02-07,IWM,0.0010687369,0.0056544766,0.0045857397,train,0.00017935038
2019-02-07,SPY,0.0012206684,-0.048719034,0.049939703,train,-0.010872683
2019-02-07,TLT,0.0042591104,0.0037599113,0.00049919914,train,0.005798336
2019-02-08,EFA,-0.0009680431,0.0047724806,0.005740524,train,0.011385135
2019-02-08,IWM,0.008307266,-0.0073541957,0.015661461,train,0.0056544766
2019-02-08,SPY,0.00055444834,-0.010527682,0.01108213,train,-0.048719034
2019-02-08,TLT,-0.0039308476,0.0039160415,0.007846889,train,0.0037599113
2019-02-11,EFA,0.011553394,-0.015344037,0.02689743,train,0.0047724806
2019-02-11,IWM,0.012430496,-0.00079239276,0.013222888,train,-0.0073541957
2019-02-11,SPY,0.012777517,-0.017914012,0.030691529,train,-0.010527682
2019-02-11,TLT,-0.0025468406,0.005890754,0.008437594,train,0.0039160415
2019-02-12,EFA,0.00015950158,-0.022224376,0.022383878,train,-0.015344037
2019-02-12,IWM,0.0028066426,-0.0060691233,0.008875766,train,-0.00079239276
2019-02-12,SPY,0.003241762,0.016401932,0.013160169,train,-0.017914012
2019-02-12,TLT,-0.003791936,0.0065171313,0.010309068,train,0.005890754
2019-02-13,EFA,0.00031900202,-0.010520089,0.010839092,train,-0.022224376
2019-02-13,IWM,0.0022784006,-0.0074105742,0.009688975,train,-0.0060691233
2019-02-13,SPY,-0.0022206253,-0.0076374463,0.0054168208,train,0.016401932
2019-02-13,TLT,0.005682296,0.0065521873,0.00086989114,train,0.0065171313
2019-02-14,EFA,0.014407055,0.0016736335,0.012733422,train,-0.010520089
2019-02-14,IWM,0.015807543,-0.006636173,0.022443715,train,-0.0074105742
2019-02-14,SPY,0.010838234,-0.009364251,0.020202484,train,-0.0076374463
2019-02-14,TLT,0.0015587052,0.003974559,0.0024158536,train,0.0065521873
2019-02-15,EFA,0.0037652734,-0.008583864,0.012349138,train,0.0016736335
2019-02-15,IWM,0.0027490119,-0.0032619718,0.0060109836,train,-0.006636173
2019-02-15,SPY,0.0017293135,0.027909184,0.02617987,train,-0.009364251
2019-02-15,TLT,0.0025379304,0.0057206303,0.0031827,train,0.003974559
2019-02-19,EFA,0.002814754,-0.0005726996,0.0033874535,train,-0.008583864
2019-02-19,IWM,0.0047127632,-0.0038753538,0.008588117,train,-0.0032619718
2019-02-19,SPY,0.0020130998,0.018771533,0.016758433,train,0.027909184
2019-02-19,TLT,-0.0028661261,0.004362642,0.007228768,train,0.0057206303
2019-02-20,EFA,-0.0020320786,0.0006023302,0.002634409,train,-0.0005726996
2019-02-20,IWM,-0.0038197676,-0.0070888638,0.0032690961,train,-0.0038753538
2019-02-20,SPY,-0.0035622225,-0.01720681,0.013644588,train,0.018771533
2019-02-20,TLT,-0.0089788465,0.006674001,0.015652847,train,0.004362642
2019-02-21,EFA,0.0032805335,-0.0014085218,0.0046890555,train,0.0006023302
2019-02-21,IWM,0.0086367745,-0.008830832,0.017467607,train,-0.0070888638
2019-02-21,SPY,0.0061808666,-0.013216801,0.019397669,train,-0.01720681
2019-02-21,TLT,0.005940254,0.0071197464,0.0011794926,train,0.006674001
2019-02-22,EFA,0.0029586928,-0.003001878,0.0059605706,train,-0.0014085218
2019-02-22,IWM,0.00025275743,-0.010723293,0.01097605,train,-0.008830832
2019-02-22,SPY,0.0013601116,-0.01591609,0.017276201,train,-0.013216801
2019-02-22,TLT,-0.0029660235,0.0032173158,0.0061833393,train,0.0071197464
2019-02-25,EFA,0.00480898,-0.0022197957,0.0070287758,train,-0.003001878
2019-02-25,IWM,-0.0069139637,-0.010412166,0.0034982022,train,-0.010723293
2019-02-25,SPY,-0.0007154801,-0.020037383,0.019321904,train,-0.01591609
2019-02-25,TLT,0.0049382667,0.006392951,0.0014546844,train,0.0032173158
2019-02-26,EFA,-0.0040317792,-0.0018072785,0.0022245008,train,-0.0022197957
2019-02-26,IWM,0.0013991324,-0.008423271,0.009822403,train,-0.010412166
2019-02-26,SPY,-0.0004294853,-0.019957148,0.019527663,train,-0.020037383
2019-02-26,TLT,-0.011393947,0.0036615876,0.015055534,train,0.006392951
2019-02-27,EFA,-0.0013994992,-0.0033487235,0.0019492243,train,-0.0018072785
2019-02-27,IWM,-0.0034386343,-0.008642433,0.005203799,train,-0.008423271
2019-02-27,SPY,-0.0018645567,-0.012331715,0.010467159,train,-0.019957148
2019-02-27,TLT,-0.0034104276,0.009310965,0.012721393,train,0.0036615876
2019-02-28,EFA,0.005431278,-0.0005137655,0.0059450436,train,-0.0033487235
2019-02-28,IWM,0.009269718,-0.0071535013,0.01642322,train,-0.008642433
2019-02-28,SPY,0.006224527,0.028525306,0.02230078,train,-0.012331715
2019-02-28,TLT,-0.009285951,0.004858641,0.014144592,train,0.009310965
2019-03-01,EFA,-0.0037211264,-0.0026414678,0.0010796585,train,-0.0005137655
2019-03-01,IWM,-0.009078142,-0.0072800373,0.001798105,train,-0.0071535013
2019-03-01,SPY,-0.0036444864,0.038529124,0.04217361,train,0.028525306
2019-03-01,TLT,0.0078067617,0.0057637137,0.002043048,train,0.004858641
2019-03-04,EFA,0.0009315988,0.0105964225,0.009664823,train,-0.0026414678
2019-03-04,IWM,-0.004666119,-0.0051186853,0.00045256643,train,-0.0072800373
2019-03-04,SPY,-0.0013608787,0.02833747,0.029698348,train,0.038529124
2019-03-04,TLT,0.002088353,-0.00033106236,0.0024194154,train,0.0057637137
2019-03-05,EFA,-0.0024861214,-0.0017380673,0.0007480541,train,0.0105964225
2019-03-05,IWM,-0.019800013,-0.007246136,0.012553876,train,-0.0051186853
2019-03-05,SPY,-0.0060753035,-0.008406837,0.002331533,train,0.02833747
2019-03-05,TLT,0.0036650565,-0.0044665313,0.008131588,train,-0.00033106236
2019-03-06,EFA,-0.012838711,6.0112216e-05,0.012898823,train,-0.0017380673
2019-03-06,IWM,-0.008795659,0.032903217,0.041698877,train,-0.007246136
2019-03-06,SPY,-0.008400681,-0.013630267,0.005229586,train,-0.008406837
2019-03-06,TLT,0.006463788,0.001530927,0.004932861,train,-0.0044665313
2019-03-07,EFA,0.0001576898,0.009576818,0.009419128,train,6.0112216e-05
2019-03-07,IWM,-0.000263717,0.026733289,0.026997006,train,0.032903217
2019-03-07,SPY,-0.002001664,-0.012145506,0.010143843,train,-0.013630267
2019-03-07,TLT,0.00420428,-0.0014761987,0.005680479,train,0.001530927
2019-03-08,EFA,0.008628167,-0.0024823365,0.011110503,train,0.009576818
2019-03-08,IWM,0.017324539,-0.007999435,0.025323974,train,0.026733289
2019-03-08,SPY,0.014396565,0.0061973264,0.008199239,train,-0.012145506
2019-03-08,TLT,-0.0029658957,-0.0035532587,0.000587363,train,-0.0014761987
2019-03-11,EFA,-0.0006250445,-0.008323511,0.0076984665,train,-0.0024823365
2019-03-11,IWM,0.0005186333,-0.008271182,0.008789815,train,-0.007999435
2019-03-11,SPY,0.0037641814,-0.005370527,0.009134708,train,0.0061973264
2019-03-11,TLT,0.0069879796,0.012173058,0.005185079,train,-0.0035532587
2019-03-12,EFA,0.008559683,0.002025003,0.0065346803,train,-0.008323511
2019-03-12,IWM,0.003943243,-0.021645343,0.025588587,train,-0.008271182
2019-03-12,SPY,0.006597349,0.0013218937,0.0052754553,train,-0.005370527
2019-03-12,TLT,-0.0018856286,-0.010251002,0.008365374,train,0.012173058
2019-03-13,EFA,-0.00015502627,-0.00042303838,0.0002680121,train,0.002025003
2019-03-13,IWM,-0.004072903,-0.006841807,0.002768904,train,-0.021645343
2019-03-13,SPY,-0.00063970004,0.003426678,0.004066378,train,0.0013218937
2019-03-13,TLT,-0.0072495933,0.0051342426,0.012383835,train,-0.010251002
2019-03-14,EFA,0.01079096,0.0023617202,0.0084292395,train,-0.00042303838
2019-03-14,IWM,0.002652307,-0.01966476,0.022317067,train,-0.006841807
2019-03-14,SPY,0.0049282094,0.0035844198,0.0013437895,train,0.003426678
2019-03-14,TLT,0.006592755,0.008111984,0.0015192283,train,0.0051342426
2019-03-15,EFA,0.0035203204,-0.0012563537,0.0047766743,train,0.0023617202
2019-03-15,IWM,0.006377011,-0.004953418,0.011330429,train,-0.01966476
2019-03-15,SPY,0.0036192571,0.00043711625,0.0031821409,train,0.0035844198
2019-03-15,TLT,-0.00057516363,0.0037290442,0.004304208,train,0.008111984
2019-03-18,EFA,0.0019843124,0.001779072,0.00020524045,train,-0.0012563537
2019-03-18,IWM,-0.005085134,-0.00052670133,0.004558433,train,-0.004953418
2019-03-18,SPY,0.0002480925,-0.005411213,0.0056593055,train,0.00043711625
2019-03-18,TLT,-0.0022215268,0.0055001155,0.007721642,train,0.0037290442
2019-03-19,EFA,0.00045749228,0.0005147138,5.7221536e-05,train,0.001779072
2019-03-19,IWM,-0.008369065,-0.016603988,0.008234923,train,-0.00052670133
2019-03-19,SPY,-0.003014358,0.0040719896,0.007086348,train,-0.005411213
2019-03-19,TLT,0.010405915,-0.0071862782,0.017592194,train,0.0055001155
2019-03-20,EFA,-0.00061003625,0.0012833148,0.0018933511,train,0.0005147138
2019-03-20,IWM,0.013029941,-0.0017968114,0.014826752,train,-0.016603988
2019-03-20,SPY,0.011231087,0.020793999,0.0095629115,train,0.0040719896
2019-03-20,TLT,0.0021985548,0.0021283722,7.018261e-05,train,-0.0071862782
2019-03-21,EFA,-0.019403137,-0.0023698374,0.0170333,train,0.0012833148
2019-03-21,IWM,-0.037066653,-0.028917074,0.008149579,train,-0.0017968114
2019-03-21,SPY,-0.01943399,-0.011981886,0.0074521042,train,0.020793999
2019-03-21,TLT,0.015415527,-0.00080876774,0.016224295,train,0.0021283722
2019-03-22,EFA,0.0013985559,0.008823877,0.0074253213,train,-0.0023698374
2019-03-22,IWM,0.0044009066,0.036507457,0.032106552,train,-0.028917074
2019-03-22,SPY,-0.000751713,0.058552396,0.059304107,train,-0.011981886
2019-03-22,TLT,0.0016002153,0.0015934235,6.7917863e-06,train,-0.00080876774
2019-03-25,EFA,0.0049566277,0.003060036,0.0018965916,train,0.008823877
2019-03-25,IWM,0.010458868,-0.009470621,0.01992949,train,0.036507457
2019-03-25,SPY,0.007425966,0.057055242,0.049629275,train,0.058552396
2019-03-25,TLT,-0.0007198804,-0.0017786738,0.0010587934,train,0.0015934235
2019-03-26,EFA,0.00046342443,0.0015537576,0.0010903331,train,0.003060036
2019-03-26,IWM,-0.003892072,-0.011809854,0.007917782,train,-0.009470621
2019-03-26,SPY,-0.0052429503,0.018017538,0.02326049,train,0.057055242
2019-03-26,TLT,0.009160221,-0.00080234115,0.009962562,train,-0.0017786738
2019-03-27,EFA,-0.002474131,0.0030539627,0.005528094,train,0.0015537576
2019-03-27,IWM,0.008884223,-0.003099109,0.011983332,train,-0.011809854
2019-03-27,SPY,0.0037836337,0.03141045,0.027626814,train,0.018017538
2019-03-27,TLT,0.0034823616,-0.0015489864,0.005031348,train,-0.00080234115
2019-03-28,EFA,0.004171398,0.0037084175,0.00046298048,train,0.0030539627
2019-03-28,IWM,0.0030749303,-0.003924958,0.0069998885,train,-0.003099109
2019-03-28,SPY,0.006285818,0.024408631,0.018122813,train,0.03141045
2019-03-28,TLT,-0.00094805856,-0.003762559,0.0028145006,train,-0.0015489864
2019-03-29,EFA,0.012715754,0.0039316434,0.008784111,train,0.0037084175
2019-03-29,IWM,0.010849426,0.008374849,0.0024745762,train,-0.003924958
2019-03-29,SPY,0.01178921,-0.012395624,0.024184834,train,0.024408631
2019-03-29,TLT,-0.014306318,-0.00033378508,0.013972533,train,-0.003762559
2019-04-01,EFA,0.00030429222,0.0034551607,0.0031508685,train,0.0039316434
2019-04-01,IWM,-0.002588022,-0.0039646006,0.0013765786,train,0.008374849
2019-04-01,SPY,0.0004898135,-0.018836543,0.019326357,train,-0.012395624
2019-04-01,TLT,0.0018478602,0.0062127537,0.004364894,train,-0.00033378508
2019-04-02,EFA,0.0077316402,0.0046427404,0.0030889,train,0.0034551607
2019-04-02,IWM,0.005169685,0.014285075,0.00911539,train,-0.0039646006
2019-04-02,SPY,0.0015723985,-0.006098203,0.0076706014,train,-0.018836543
2019-04-02,TLT,-0.0087056365,0.0016570261,0.010362662,train,0.0062127537
2019-04-03,EFA,-0.002116625,0.0034542065,0.0055708317,train,0.0046427404
2019-04-03,IWM,0.0048860195,0.008645661,0.0037596417,train,0.014285075
2019-04-03,SPY,0.0026495345,-0.0012570536,0.003906588,train,-0.006098203
2019-04-03,TLT,0.0028297126,0.0058639217,0.0030342091,train,0.0016570261
2019-04-04,EFA,0.0025694831,0.0029723742,0.00040289108,train,0.0034542065
2019-04-04,IWM,0.009320252,0.009284334,3.5917386e-05,train,0.008645661
2019-04-04,SPY,0.0048287464,-0.008388292,0.0132170385,train,-0.0012570536
2019-04-04,TLT,0.0012909379,0.004437115,0.0031461772,train,0.0058639217
2019-04-05,EFA,0.00060349214,8.4822765e-05,0.0005186694,train,0.0029723742
2019-04-05,IWM,-0.00165359,-0.0020822058,0.00042861584,train,0.009284334
2019-04-05,SPY,0.00076211075,-0.012474455,0.0132365655,train,-0.008388292
2019-04-05,TLT,-0.003554022,0.0042387354,0.0077927574,train,0.004437115
2019-04-08,EFA,-0.0063559073,0.0013467651,0.0077026724,train,8.4822765e-05
2019-04-08,IWM,-0.012295095,0.009472265,0.02176736,train,-0.0020822058
2019-04-08,SPY,-0.005138034,0.0056653377,0.010803372,train,-0.012474455
2019-04-08,TLT,0.0031505958,0.0055851103,0.0024345145,train,0.0042387354
2019-04-09,EFA,0.0037881902,0.0035817977,0.00020639249,train,0.0013467651
2019-04-09,IWM,0.013503822,-0.0010698899,0.014573712,train,0.009472265
2019-04-09,SPY,0.0034051233,0.018592933,0.01518781,train,0.0056653377
2019-04-09,TLT,0.0024171488,0.0031112195,0.0006940707,train,0.0055851103
2019-04-10,EFA,-0.002119687,0.0028624448,0.0049821315,train,0.0035817977
2019-04-10,IWM,-0.0012724624,-0.0047078556,0.0034353933,train,-0.0010698899
2019-04-10,SPY,-0.00027777904,0.005358045,0.005635824,train,0.018592933
2019-04-10,TLT,-0.0058913967,0.0009992396,0.0068906364,train,0.0031112195
2019-04-11,EFA,0.006947616,0.0046577184,0.0022898978,train,0.0028624448
2019-04-11,IWM,0.0036216143,-0.012713898,0.016335512,train,-0.0047078556
2019-04-11,SPY,0.0067431866,0.0028746913,0.0038684953,train,0.005358045
2019-04-11,TLT,-0.0071483334,0.0035750682,0.010723402,train,0.0009992396
2019-04-12,EFA,0.00045157186,-0.0007740897,0.0012256616,train,0.0046577184
2019-04-12,IWM,-0.0032394729,-0.020562844,0.017323371,train,-0.012713898
2019-04-12,SPY,-0.0006549275,-0.0076539298,0.0069990023,train,0.0028746913
2019-04-12,TLT,0.0025246686,0.004002359,0.0014776906,train,0.0035750682
2019-04-15,EFA,0.0007518126,0.004777538,0.0040257256,train,-0.0007740897
2019-04-15,IWM,0.0023513476,-0.017768519,0.020119866,train,-0.020562844
2019-04-15,SPY,0.0006549275,0.00067731284,2.2385328e-05,train,-0.0076539298
2019-04-15,TLT,-0.0062818164,0.0010619005,0.007343717,train,0.004002359
2019-04-16,EFA,0.0028522387,0.001966278,0.00088596065,train,0.004777538
2019-04-16,IWM,-0.009182539,0.014383258,0.023565797,train,-0.017768519
2019-04-16,SPY,-0.002449643,-0.006382575,0.0039329315,train,0.00067731284
2019-04-16,TLT,0.00040964715,0.0059669716,0.0055573243,train,0.0010619005
2019-04-17,EFA,-0.00059976213,0.0050911326,0.0056908946,train,0.001966278
2019-04-17,IWM,-0.002951313,-0.003870809,0.00091949594,train,0.014383258
2019-04-17,SPY,0.0019674867,-0.011853853,0.01382134,train,-0.006382575
2019-04-17,TLT,0.005220945,0.011424741,0.006203796,train,0.0059669716
2019-04-18,EFA,-0.0016513624,0.004250196,0.0059015583,train,0.0050911326
2019-04-18,IWM,-0.0026376632,0.00022134744,0.0028590106,train,-0.003870809
2019-04-18,SPY,0.00086119643,-0.014623901,0.015485098,train,-0.011853853
2019-04-18,TLT,-0.004812224,0.003347109,0.008159333,train,0.011424741
2019-04-22,EFA,0.0019511117,0.0031166791,0.0011655674,train,0.004250196
2019-04-22,IWM,0.0149619775,0.00010666018,0.014855318,train,0.00022134744
2019-04-22,SPY,0.008951579,-0.008701725,0.017653305,train,-0.014623901
2019-04-22,TLT,0.0021233428,0.008040354,0.005917011,train,0.003347109
2019-04-23,EFA,-0.0069211973,0.0026769899,0.009598187,train,0.0031166791
2019-04-23,IWM,0.003104982,-0.0045846943,0.0076896762,train,0.00010666018
2019-04-23,SPY,-0.002221752,-0.017155617,0.0149338655,train,-0.008701725
2019-04-23,TLT,0.008125796,0.0008815003,0.0072442954,train,0.008040354
2019-04-24,EFA,-0.0007556043,0.004939386,0.0056949905,train,0.0026769899
2019-04-24,IWM,-0.0083227325,-0.007618127,0.0007046056,train,-0.0045846943
2019-04-24,SPY,-0.00061616016,-0.014172044,0.013555883,train,-0.017155617
2019-04-24,TLT,-0.0014579082,-0.008971132,0.007513224,train,0.0008815003
2019-04-25,EFA,0.0040717376,0.0049892534,0.0009175157,train,0.004939386
2019-04-25,IWM,0.009650193,0.002328407,0.007321786,train,-0.007618127
2019-04-25,SPY,0.0046457117,-0.015332272,0.019977983,train,-0.014172044
2019-04-25,TLT,0.003398011,-0.0015410511,0.004939062,train,-0.008971132
2019-04-26,EFA,0.004054943,0.002504966,0.0015499771,train,0.0049892534
2019-04-26,IWM,0.0047905543,-0.0031897426,0.007980296,train,0.002328407
2019-04-26,SPY,0.0015668183,-0.016449338,0.018016156,train,-0.015332272
2019-04-26,TLT,-0.006401472,-0.0050400724,0.0013613994,train,-0.0015410511
2019-04-29,EFA,0.00059945404,0.0019971877,0.0013977337,train,0.002504966
2019-04-29,IWM,-0.0046643363,0.00034635002,0.0050106863,train,-0.0031897426
2019-04-29,SPY,0.0005100839,-0.01394527,0.014455354,train,-0.016449338
2019-04-29,TLT,0.005108463,0.008931577,0.003823114,train,-0.0050400724
2019-04-30,EFA,-0.0057083447,0.00010628905,0.005814634,train,0.0019971877
2019-04-30,IWM,-0.0095212255,0.0021928027,0.011714028,train,0.00034635002
2019-04-30,SPY,-0.007544636,-0.014252828,0.0067081926,train,-0.01394527
2019-04-30,TLT,0.00411655,-0.0004149538,0.0045315037,train,0.008931577
2019-05-01,EFA,-0.0015077923,0.0040222225,0.0055300146,train,0.00010628905
2019-05-01,IWM,0.004645284,0.004793865,0.00014858134,train,0.0021928027
2019-05-01,SPY,-0.0021617971,-0.0012877188,0.00087407837,train,-0.014252828
2019-05-01,TLT,-0.0047734,0.004670932,0.009444332,train,-0.0004149538
2019-05-02,EFA,0.01065532,0.002360105,0.008295216,train,0.0040222225
2019-05-02,IWM,0.01892833,0.0010485516,0.017879779,train,0.004793865
2019-05-02,SPY,0.009740675,-0.009903854,0.019644529,train,-0.0012877188
2019-05-02,TLT,0.0028345822,0.0071284766,0.0042938944,train,0.004670932
2019-05-03,EFA,-0.011409714,0.0022034105,0.013613124,train,0.002360105
2019-05-03,IWM,0.0011208612,-0.005263192,0.0063840533,train,0.0010485516
2019-05-03,SPY,-0.0041237166,-0.011966633,0.007842916,train,-0.009903854
2019-05-03,TLT,0.0027453077,0.004142682,0.0013973743,train,0.0071284766
2019-05-06,EFA,-0.0176701,0.007577062,0.025247162,train,0.0022034105
2019-05-06,IWM,-0.019985834,-0.0019675773,0.018018257,train,-0.005263192
2019-05-06,SPY,-0.01684093,-0.0011825622,0.015658367,train,-0.011966633
2019-05-06,TLT,0.0076323138,0.002517938,0.0051143756,train,0.004142682
2019-05-07,EFA,0.0012289224,0.047406547,0.046177626,train,0.007577062
2019-05-07,IWM,-0.00489984,0.014141209,0.01904105,train,-0.0019675773
2019-05-07,SPY,-0.0013899964,0.018717207,0.020107204,train,-0.0011825622
2019-05-07,TLT,-0.004330651,0.0005091748,0.0048398254,train,0.002517938
2019-05-08,EFA,-0.004615504,0.0067742527,0.011389757,train,0.047406547
2019-05-08,IWM,-0.0036430133,-0.0017969473,0.001846066,train,0.014141209
2019-05-08,SPY,-0.003030089,0.026571909,0.029601999,train,0.018717207
2019-05-08,TLT,0.0040906044,0.0036956996,0.00039490475,train,0.0005091748
2019-05-09,EFA,0.007374384,0.013419388,0.006045004,train,0.0067742527
2019-05-09,IWM,0.0027494612,0.00020241272,0.0025470485,train,-0.0017969473
2019-05-09,SPY,0.005010349,0.03565796,0.030647611,train,0.026571909
2019-05-09,TLT,-0.0013617505,0.0018004131,0.0031621638,train,0.0036956996
2019-05-10,EFA,-0.02354143,0.0016220787,0.025163509,train,0.013419388
2019-05-10,IWM,-0.032379247,0.006933021,0.03931227,train,0.00020241272
2019-05-10,SPY,-0.025451198,0.045518715,0.07096991,train,0.03565796
2019-05-10,TLT,0.007825083,0.0024618793,0.0053632036,train,0.0018004131
2019-05-13,EFA,0.009979861,0.0332893,0.023309438,train,0.0016220787
2019-05-13,IWM,0.012517975,0.0370036,0.024485625,train,0.006933021
2019-05-13,SPY,0.009003312,0.030366711,0.0213634,train,0.045518715
2019-05-13,TLT,-0.0029472758,-7.774122e-05,0.0028695345,train,0.0024618793
2019-05-14,EFA,0.0035623035,0.0030913246,0.0004709789,train,0.0332893
2019-05-14,IWM,0.0032509274,0.002129939,0.0011209885,train,0.0370036
2019-05-14,SPY,0.005840103,0.03163993,0.025799826,train,0.030366711
2019-05-14,TLT,0.0061235446,0.003914389,0.0022091558,train,-7.774122e-05
2019-05-15,EFA,0.008007279,-0.0011803342,0.009187613,train,0.0030913246
2019-05-15,IWM,0.00621279,0.021992404,0.015779614,train,0.002129939
2019-05-15,SPY,0.00921849,0.03648048,0.02726199,train,0.03163993
2019-05-15,TLT,-0.003335767,0.001386495,0.004722262,train,0.003914389
2019-05-16,EFA,-0.0066169365,-0.00080017466,0.005816762,train,-0.0011803342
2019-05-16,IWM,-0.014033237,0.02270514,0.036738377,train,0.021992404
2019-05-16,SPY,-0.0064860024,0.006060813,0.012546815,train,0.03648048
2019-05-16,TLT,0.0022250805,0.0034910964,0.0012660159,train,0.001386495
2019-05-17,EFA,-0.0040221317,-0.011105152,0.00708302,train,-0.00080017466
2019-05-17,IWM,-0.0069595333,0.034317423,0.041276954,train,0.02270514
2019-05-17,SPY,-0.006633757,0.05406571,0.06069947,train,0.006060813
2019-05-17,TLT,-0.0020655824,0.0015970047,0.0036625871,train,0.0034910964
2019-05-20,EFA,0.0066434434,-0.004905949,0.011549393,train,-0.011105152
2019-05-20,IWM,0.013350834,0.038968224,0.02561739,train,0.034317423
2019-05-20,SPY,0.00897493,0.028476603,0.019501673,train,0.05406571
2019-05-20,TLT,-0.0015919994,0.004434179,0.0060261786,train,0.0015970047
2019-05-21,EFA,-0.0040116543,-0.0014434052,0.0025682491,train,-0.004905949
2019-05-21,IWM,-0.008421819,-0.004435172,0.003986647,train,0.038968224
2019-05-21,SPY,-0.003076022,0.0006077462,0.0036837682,train,0.028476603
2019-05-21,TLT,0.005719346,0.0058846357,0.00016528973,train,0.004434179
2019-05-22,EFA,-0.009163793,-0.0012939251,0.007869868,train,-0.0014434052
2019-05-22,IWM,-0.020800974,0.00023538107,0.021036355,train,-0.004435172
2019-05-22,SPY,-0.01229355,0.037933305,0.050226856,train,0.0006077462
2019-05-22,TLT,0.011184653,0.0024806792,0.008703974,train,0.0058846357
2019-05-23,EFA,0.010708491,-0.017049123,0.027757615,train,-0.0012939251
2019-05-23,IWM,0.00932774,-0.010038283,0.019366022,train,0.00023538107
2019-05-23,SPY,0.0022653332,0.06345729,0.061191954,train,0.037933305
2019-05-23,TLT,0.00086111453,0.0012205285,0.00035941397,train,0.0024806792
2019-05-24,EFA,-0.009772752,0.0028925757,0.012665328,train,-0.017049123
2019-05-24,IWM,-0.0079897875,0.026027497,0.034017283,train,-0.010038283
2019-05-24,SPY,-0.009344178,0.04930776,0.05865194,train,0.06345729
2019-05-24,TLT,0.0071742255,0.0018992617,0.0052749636,train,0.0012205285
2019-05-28,EFA,-0.006411686,0.0016762102,0.008087896,train,0.0028925757
2019-05-28,IWM,-0.008391388,0.011311194,0.019702582,train,0.026027497
2019-05-28,SPY,-0.0067331344,0.03737113,0.044104263,train,0.04930776
2019-05-28,TLT,0.003025599,0.0009526231,0.002072976,train,0.0018992617
2019-05-29,EFA,0.0037581979,-0.0034951437,0.0072533414,train,0.0016762102
2019-05-29,IWM,-0.0027677582,-0.006184937,0.0034171788,train,0.011311194
2019-05-29,SPY,0.0027275137,0.040807746,0.038080234,train,0.03737113
2019-05-29,TLT,0.008561824,0.00043658994,0.008125234,train,0.0009526231
2019-05-30,EFA,-0.009106656,0.00556346,0.014670115,train,-0.0034951437
2019-05-30,IWM,-0.014091605,0.008084349,0.022175955,train,-0.006184937
2019-05-30,SPY,-0.013566942,-0.0010498012,0.012517141,train,0.040807746
2019-05-30,TLT,0.012441656,0.0005863074,0.011855348,train,0.00043658994
2019-05-31,EFA,0.005818858,0.008844071,0.0030252133,train,0.00556346
2019-05-31,IWM,0.003490337,0.009344267,0.0058539296,train,0.008084349
2019-05-31,SPY,-0.0025462678,0.027023444,0.029569712,train,-0.0010498012
2019-05-31,TLT,0.006666732,-0.0027413839,0.009408116,train,0.0005863074
2019-06-03,EFA,0.011382477,0.0008012082,0.010581269,train,0.008844071
2019-06-03,IWM,0.025563521,-0.020157073,0.045720592,train,0.009344267
2019-06-03,SPY,0.021474365,-0.006961997,0.028436363,train,0.027023444
2019-06-03,TLT,-0.011467075,-0.0019275234,0.009539552,train,-0.0027413839
2019-06-04,EFA,-0.0003101477,0.0016223842,0.0019325318,train,0.0008012082
2019-06-04,IWM,0.00019982173,0.021050788,0.020850968,train,-0.020157073
2019-06-04,SPY,0.0086249355,-0.008929456,0.017554391,train,-0.006961997
2019-06-04,TLT,-0.0056678527,0.000106160296,0.0057740128,train,-0.0019275234
2019-06-05,EFA,0.0040242183,-0.005032785,0.009057003,train,0.0016223842
2019-06-05,IWM,-0.002600358,-0.0074771396,0.0048767813,train,0.021050788
2019-06-05,SPY,0.0064818747,0.008282354,0.0018004794,train,-0.008929456
2019-06-05,TLT,0.0032209395,-0.0011985488,0.0044194884,train,0.000106160296
2019-06-06,EFA,0.01258639,-0.0020714877,0.014657877,train,-0.005032785
2019-06-06,IWM,0.007051422,-0.00470784,0.011759262,train,-0.0074771396
2019-06-06,SPY,0.009956737,-0.004618035,0.014574772,train,0.008282354
2019-06-06,TLT,0.008614221,-0.0025922703,0.011206491,train,-0.0011985488
2019-06-07,EFA,0.0027420814,-0.0016986206,0.004440702,train,-0.0020714877
2019-06-07,IWM,0.0058821766,-0.01978524,0.025667418,train,-0.00470784
2019-06-07,SPY,0.0045785424,-0.011002189,0.0155807305,train,-0.004618035
2019-06-07,TLT,-0.009456641,-0.0054953177,0.0039613233,train,-0.0025922703
2019-06-10,EFA,0.005007109,0.002202243,0.002804866,train,-0.0016986206
2019-06-10,IWM,-0.0029695255,-0.010420576,0.00745105,train,-0.01978524
2019-06-10,SPY,-0.00024192502,-0.008105602,0.007863677,train,-0.011002189
2019-06-10,TLT,0.0006123991,0.0024683587,0.0018559597,train,-0.0054953177
2019-06-11,EFA,-0.007444079,0.00040222646,0.007846305,train,0.002202243
2019-06-11,IWM,0.0011227598,0.022891484,0.021768725,train,-0.010420576
2019-06-11,SPY,-0.0017675117,-0.0016563791,0.00011113263,train,-0.008105602
2019-06-11,TLT,0.0007654488,0.0020585952,0.0012931464,train,0.0024683587
2019-06-12,EFA,0.0009144881,-0.0008698907,0.0017843788,train,0.00040222646
2019-06-12,IWM,0.010507643,0.022791333,0.01228369,train,0.022891484
2019-06-12,SPY,0.0041183336,0.0007100939,0.0034082397,train,-0.0016563791
2019-06-12,TLT,0.0034378509,0.002050283,0.001387568,train,0.0020585952
2019-06-13,EFA,-0.0073394286,-0.0033025378,0.004036891,train,-0.0008698907
2019-06-13,IWM,-0.008792755,0.0150791835,0.02387194,train,0.022791333
2019-06-13,SPY,-0.0011055738,0.009401351,0.010506925,train,0.0007100939
2019-06-13,TLT,0.0025133006,0.0014569915,0.0010563091,train,0.002050283
2019-06-14,EFA,0.0007210891,0.015114753,0.014393663,train,-0.0033025378
2019-06-14,IWM,0.0068748295,0.018665738,0.011790909,train,0.0150791835
2019-06-14,SPY,0.00038010228,0.009628657,0.009248555,train,0.009401351
2019-06-14,TLT,0.0017482106,0.0021561582,0.00040794758,train,0.0014569915
2019-06-17,EFA,0.013228622,0.0041767154,0.009051907,train,0.015114753
2019-06-17,IWM,0.011559427,0.0076772966,0.0038821301,train,0.018665738
2019-06-17,SPY,0.010416756,0.00037702033,0.010039736,train,0.009628657
2019-06-17,TLT,0.0049993536,0.0019544326,0.003044921,train,0.0021561582
2019-06-18,EFA,0.0061650705,-0.017402483,0.023567554,train,0.0041767154
2019-06-18,IWM,0.0035646388,0.016853942,0.013289303,train,0.0076772966
2019-06-18,SPY,0.00225424,0.013417788,0.011163548,train,0.00037702033
2019-06-18,TLT,0.0014342691,0.0012191585,0.0002151106,train,0.0019544326
2019-06-19,EFA,0.0087204315,-0.002691859,0.011412291,train,-0.017402483
2019-06-19,IWM,0.004711859,0.017052393,0.0123405345,train,0.016853942
2019-06-19,SPY,0.009509499,0.010100922,0.00059142243,train,0.013417788
2019-06-19,TLT,0.0026374697,0.00086450635,0.0017729633,train,0.0012191585
2019-06-20,EFA,-0.0042741527,-0.0047988654,0.0005247127,train,-0.002691859
2019-06-20,IWM,-0.008666404,0.005101739,0.013768142,train,0.017052393
2019-06-20,SPY,-0.0014548308,0.0022699428,0.0037247734,train,0.010100922
2019-06-20,TLT,-0.011047486,0.0010068659,0.012054352,train,0.00086450635
2019-06-21,EFA,0.0021392542,-0.005864914,0.008004168,train,-0.0047988654
2019-06-21,IWM,-0.012221416,0.009073781,0.021295197,train,0.005101739
2019-06-21,SPY,-0.0012252941,0.0070466953,0.008271989,train,0.0022699428
2019-06-21,TLT,0.00742861,0.0061281626,0.0013004476,train,0.0010068659
2019-06-24,EFA,-0.0059709838,-0.003564857,0.0024061268,train,-0.005864914
2019-06-24,IWM,-0.006134115,0.009779253,0.015913367,train,0.009073781
2019-06-24,SPY,-0.009856432,0.009880189,0.019736622,train,0.0070466953
2019-06-24,TLT,0.003092077,-0.0015756814,0.0046677585,train,0.0061281626
2019-06-25,EFA,0.0012276128,-0.00047760014,0.001705213,train,-0.003564857
2019-06-25,IWM,-0.0023175995,0.015824772,0.018142372,train,0.009779253
2019-06-25,SPY,-0.0009977093,-0.0032196506,0.0022219412,train,0.009880189
2019-06-25,TLT,-0.006420574,-4.6353787e-05,0.0063742204,train,-0.0015756814
2019-06-26,EFA,0.002450996,-0.0012933682,0.0037443643,train,-0.00047760014
2019-06-26,IWM,0.018592393,0.013119565,0.0054728277,train,0.015824772
2019-06-26,SPY,0.0035394246,0.0041409233,0.00060149864,train,-0.0032196506
2019-06-26,TLT,0.007022488,0.0038624657,0.0031600222,train,-4.6353787e-05
2019-06-27,EFA,0.0056451214,-0.0076752114,0.013320332,train,-0.0012933682
2019-06-27,IWM,0.012098638,0.0045776735,0.007520965,train,0.013119565
2019-06-27,SPY,0.0051329825,0.020766838,0.015633855,train,0.0041409233
2019-06-27,TLT,-0.0006773524,-0.00012811436,0.00054923806,train,0.0038624657
2019-06-28,EFA,0.0047052824,-0.012840033,0.017545315,train,-0.0076752114
2019-06-28,IWM,0.0038509618,0.012920633,0.009069671,train,0.0045776735
2019-06-28,SPY,0.009037224,0.018865533,0.0098283095,train,0.020766838
2019-06-28,TLT,-0.002341631,0.0039487984,0.0062904293,train,-0.00012811436
2019-07-01,EFA,0.002872834,-0.010854967,0.013727801,train,-0.012840033
2019-07-01,IWM,-0.0061039743,-0.0052452227,0.0008587516,train,0.012920633
2019-07-01,SPY,0.0026009334,0.015636774,0.01303584,train,0.018865533
2019-07-01,TLT,0.0076837447,0.0060728732,0.0016108714,train,0.0039487984
2019-07-02,EFA,0.006771521,-0.00379718,0.010568701,train,-0.010854967
2019-07-02,IWM,0.007128582,-0.012202442,0.019331023,train,-0.0052452227
2019-07-02,SPY,0.007963551,-0.006294275,0.014257826,train,0.015636774
2019-07-02,TLT,0.007103733,0.0010296846,0.006074048,train,0.0060728732
2019-07-03,EFA,-0.007677888,-0.003224324,0.004453564,train,-0.00379718
2019-07-03,IWM,0.0026842132,-0.005449346,0.008133559,train,-0.012202442
2019-07-03,SPY,-0.0011386831,-0.00528454,0.004145857,train,-0.006294275
2019-07-03,TLT,-0.013351692,0.00034141273,0.0136931045,train,0.0010296846
2019-07-05,EFA,-0.0057592476,-0.0039944323,0.0017648153,train,-0.003224324
2019-07-05,IWM,-0.009555457,-0.0024749818,0.0070804753,train,-0.005449346
2019-07-05,SPY,-0.005510056,0.0014984786,0.0070085344,train,-0.00528454
2019-07-05,TLT,0.0013585308,0.007198579,0.005840048,train,0.00034141273
2019-07-08,EFA,-0.004265249,-0.002376445,0.0018888037,train,-0.0039944323
2019-07-08,IWM,0.0013523676,0.008722464,0.007370096,train,-0.0024749818
2019-07-08,SPY,0.0012461145,0.0059556346,0.0047095204,train,0.0014984786
2019-07-08,TLT,-0.0003770378,0.0031988157,0.0035758535,train,0.007198579
2019-07-09,EFA,0.003504865,0.000629114,0.0028757511,train,-0.002376445
2019-07-09,IWM,0.0017359687,0.0025714962,0.00083552743,train,0.008722464
2019-07-09,SPY,0.0047662295,0.0011719672,0.0035942623,train,0.0059556346
2019-07-09,TLT,-0.0055224425,0.0025697176,0.00809216,train,0.0031988157
2019-07-10,EFA,-0.00030418907,-0.007898901,0.0075947116,train,0.000629114
2019-07-10,IWM,-0.004894093,0.008577888,0.0134719815,train,0.0025714962
2019-07-10,SPY,0.002341992,-0.0047360184,0.0070780106,train,0.0011719672
2019-07-10,TLT,-0.013440188,0.005043935,0.018484123,train,0.0025697176
2019-07-11,EFA,0.0012165521,-0.0072203022,0.008436854,train,-0.007898901
2019-07-11,IWM,0.0077162096,0.012816278,0.0051000686,train,0.008577888
2019-07-11,SPY,0.004466881,0.009753827,0.005286946,train,-0.0047360184
2019-07-11,TLT,0.0011521785,0.008554714,0.0074025355,train,0.005043935
2019-07-12,EFA,0.0009112511,-0.00044046855,0.0013517197,train,-0.0072203022
2019-07-12,IWM,-0.0052662757,0.0011487484,0.0064150244,train,0.012816278
2019-07-12,SPY,0.0003322987,-0.0014195461,0.0017518448,train,0.009753827
2019-07-12,TLT,0.005743456,0.002964106,0.0027793502,train,0.008554714
2019-07-15,EFA,-0.0041080294,0.0014534796,0.005561509,train,-0.00044046855
2019-07-15,IWM,-0.00032198327,0.0030946573,0.0034166407,train,0.0011487484
2019-07-15,SPY,-0.0032303885,-0.007450553,0.0042201644,train,-0.0014195461
2019-07-15,TLT,-0.002982785,0.0010638521,0.004046637,train,0.002964106
2019-07-16,EFA,-0.0013730315,0.0021336689,0.0035067005,train,0.0014534796
2019-07-16,IWM,-0.007175804,0.0072606974,0.014436502,train,0.0030946573
2019-07-16,SPY,-0.0068283635,-0.0069711762,0.00014281273,train,-0.007450553
2019-07-16,TLT,0.010740537,0.004336384,0.006404153,train,0.0010638521
2019-07-17,EFA,0.0030488358,0.0012416714,0.0018071644,train,0.0021336689
2019-07-17,IWM,0.003756028,0.019001277,0.0152452495,train,0.0072606974
2019-07-17,SPY,0.0036543384,0.0028238008,0.00083053764,train,-0.0069711762
2019-07-17,TLT,7.561894e-05,-0.0009154165,0.0009910355,train,0.004336384
2019-07-18,EFA,-0.002896254,0.00026521273,0.0031614667,train,0.0012416714
2019-07-18,IWM,-0.005769351,0.007424886,0.013194237,train,0.019001277
2019-07-18,SPY,-0.005570416,0.008591859,0.014162274,train,0.0028238008
2019-07-18,TLT,-0.0023511893,-0.0035468922,0.0011957029,train,-0.0009154165
2019-07-19,EFA,0.0010679134,0.00080199353,0.00026591984,train,0.00026521273
2019-07-19,IWM,-0.000910674,0.010121236,0.01103191,train,0.007424886
2019-07-19,SPY,0.002453326,0.0035622045,0.0011088785,train,0.008591859
2019-07-19,TLT,0.0018966914,0.005854914,0.0039582225,train,-0.0035468922
2019-07-22,EFA,0.006232542,-0.0002089208,0.006441463,train,0.00080199353
2019-07-22,IWM,0.0066153095,0.007441965,0.0008266554,train,0.010121236
2019-07-22,SPY,0.007124624,0.0010693857,0.0060552387,train,0.0035622045
2019-07-22,TLT,-0.0054719755,0.0025576446,0.00802962,train,0.005854914
2019-07-23,EFA,0.00075757405,-0.00118728,0.0019448542,train,-0.0002089208
2019-07-23,IWM,0.01641266,0.0021222977,0.014290363,train,0.007441965
2019-07-23,SPY,0.0046885423,-0.0041400655,0.008828608,train,0.0010693857
2019-07-23,TLT,0.0043344065,0.008875603,0.0045411964,train,0.0025576446
2019-07-24,EFA,-0.010197284,-0.0011571436,0.00904014,train,-0.00118728
2019-07-24,IWM,-0.012155412,0.034803588,0.046958998,train,0.0021222977
2019-07-24,SPY,-0.00478828,0.0039696624,0.008757942,train,-0.0041400655
2019-07-24,TLT,-0.004791677,-0.0061183707,0.0013266937,train,0.008875603
2019-07-25,EFA,0.0019866724,0.0056246985,0.003638026,train,-0.0011571436
2019-07-25,IWM,0.011773776,0.0068953107,0.0048784656,train,0.034803588
2019-07-25,SPY,0.006677464,0.0015554427,0.0051220213,train,0.0039696624
2019-07-25,TLT,0.0023604683,0.007840671,0.0054802024,train,-0.0061183707
2019-07-26,EFA,0.0021351536,-0.00083811674,0.0029732704,train,0.0056246985
2019-07-26,IWM,-0.0067018806,-0.0016079624,0.005093918,train,0.0068953107
2019-07-26,SPY,-0.0018227113,-0.0030618622,0.0012391509,train,0.0015554427
2019-07-26,TLT,0.0003041982,0.001912907,0.0016087088,train,0.007840671
2019-07-29,EFA,-0.011645889,-0.0017022055,0.009943684,train,-0.00083811674
2019-07-29,IWM,0.01076482,-0.0050715557,0.015836375,train,-0.0016079624
2019-07-29,SPY,-0.0024579705,-0.0069776024,0.004519632,train,-0.0030618622
2019-07-29,TLT,0.0024302602,0.0038316157,0.0014013555,train,0.001912907
2019-07-30,EFA,-0.0066496925,-0.0054590213,0.0011906712,train,-0.0017022055
2019-07-30,IWM,-0.008142134,-0.003988082,0.004154052,train,-0.0050715557
2019-07-30,SPY,-0.011000481,-0.00030952063,0.010690961,train,-0.0069776024
2019-07-30,TLT,0.008008796,0.002992026,0.0050167697,train,0.0038316157
2019-07-31,EFA,-0.002796912,-0.019981107,0.017184194,train,-0.0054590213
2019-07-31,IWM,-0.014605767,-0.06975505,0.05514928,train,-0.003988082
2019-07-31,SPY,-0.008746099,-0.01811181,0.009365711,train,-0.00030952063
2019-07-31,TLT,0.019665176,0.0033291436,0.016336033,train,0.002992026
2019-08-01,EFA,-0.008908152,0.0033056382,0.01221379,train,-0.019981107
2019-08-01,IWM,-0.011144771,0.011970844,0.023115616,train,-0.06975505
2019-08-01,SPY,-0.007558025,-0.008326126,0.0007681013,train,-0.01811181
2019-08-01,TLT,0.009199341,0.0024375368,0.006761804,train,0.0033291436
2019-08-02,EFA,-0.02527749,-0.0018455884,0.0234319,train,0.0033056382
2019-08-02,IWM,-0.030476913,0.023190517,0.05366743,train,0.011970844
2019-08-02,SPY,-0.030534655,0.0064680744,0.037002727,train,-0.008326126
2019-08-02,TLT,0.017140573,0.0073816427,0.009758931,train,0.0024375368
2019-08-05,EFA,0.006739307,0.017781101,0.011041794,train,-0.0018455884
2019-08-05,IWM,0.0091474345,0.026856896,0.01770946,train,0.023190517
2019-08-05,SPY,0.013925482,-0.06798825,0.081913725,train,0.0064680744
2019-08-05,TLT,0.007960937,0.0059989155,0.0019620215,train,0.0073816427
2019-08-06,EFA,0.003830833,0.012048788,0.008217955,train,0.017781101
2019-08-06,IWM,-0.00026793944,-0.032577142,0.032309204,train,0.026856896
2019-08-06,SPY,0.00059035805,0.0008756337,0.00028527563,train,-0.06798825
2019-08-06,TLT,0.00035779155,0.010566836,0.010209044,train,0.0059989155
2019-08-07,EFA,0.0096711125,0.02863513,0.018964017,train,0.012048788
2019-08-07,IWM,0.02133535,0.036892436,0.015557086,train,-0.032577142
2019-08-07,SPY,0.01943026,0.08158836,0.0621581,train,0.0008756337
2019-08-07,TLT,0.00213987,-1.3840385e-05,0.0021537105,train,0.010566836
2019-08-08,EFA,-0.0069665397,0.026735727,0.033702265,train,0.02863513
2019-08-08,IWM,-0.01266705,0.020315895,0.032982945,train,0.036892436
2019-08-08,SPY,-0.006834684,-0.015602943,0.008768259,train,0.08158836
2019-08-08,TLT,-0.0019976695,0.0011691153,0.0031667848,train,-1.3840385e-05
2019-08-09,EFA,-0.007975751,-0.0013613715,0.006614379,train,0.026735727
2019-08-09,IWM,-0.013030903,0.028616793,0.041647695,train,0.020315895
2019-08-09,SPY,-0.012248181,0.017834991,0.030083172,train,-0.015602943
2019-08-09,TLT,0.0206351,-0.0015836963,0.022218797,train,0.0011691153
2019-08-12,EFA,0.009404661,-0.00015335064,0.009558012,train,-0.0013613715
2019-08-12,IWM,0.010704478,0.031291246,0.020586768,train,0.028616793
2019-08-12,SPY,0.015432174,-0.0018523741,0.017284548,train,0.017834991
2019-08-12,TLT,-0.0034331074,-0.020077208,0.016644102,train,-0.0015836963
2019-08-13,EFA,-0.027830852,-0.0033731232,0.024457728,train,-0.00015335064
2019-08-13,IWM,-0.0283474,0.04042753,0.06877492,train,0.031291246
2019-08-13,SPY,-0.030013397,-0.012726199,0.017287198,train,-0.0018523741
2019-08-13,TLT,0.02227952,-0.005375891,0.027655412,train,-0.020077208
2019-08-14,EFA,0.003419818,0.038363807,0.03494399,train,-0.0033731232
2019-08-14,IWM,-0.003978638,0.04778718,0.051765814,train,0.04042753
2019-08-14,SPY,0.0026382501,-0.014714085,0.017352335,train,-0.012726199
2019-08-14,TLT,0.011058249,-0.01781566,0.02887391,train,-0.005375891
2019-08-15,EFA,0.0119586745,-0.0054960824,0.017454756,train,0.038363807
2019-08-15,IWM,0.0213526,-0.0013412242,0.022693824,train,0.04778718
2019-08-15,SPY,0.014646914,0.048698504,0.03405159,train,-0.014714085
2019-08-15,TLT,-0.00804289,-0.020005982,0.011963093,train,-0.01781566
2019-08-16,EFA,0.0060859895,0.034556765,0.028470775,train,-0.0054960824
2019-08-16,IWM,0.0100413505,0.016702201,0.0066608507,train,-0.0013412242
2019-08-16,SPY,0.011975998,-0.01154371,0.023519708,train,0.048698504
2019-08-16,TLT,-0.014405097,-0.010071758,0.0043333387,train,-0.020005982
2019-08-19,EFA,-0.003358855,0.016742887,0.020101741,train,0.034556765
2019-08-19,IWM,-0.006549054,0.001444411,0.007993465,train,0.016702201
2019-08-19,SPY,-0.007692009,-0.014890209,0.0071981996,train,-0.01154371
2019-08-19,TLT,0.010290657,-0.0006967718,0.010987429,train,-0.010071758
2019-08-20,EFA,0.00702452,0.0069863703,3.8149767e-05,train,0.016742887
2019-08-20,IWM,0.008212982,0.029440971,0.02122799,train,0.001444411
2019-08-20,SPY,0.008102515,0.031955913,0.023853399,train,-0.014890209
2019-08-20,TLT,-0.006687285,0.008861369,0.015548654,train,-0.0006967718
2019-08-21,EFA,-0.0019108765,-0.013313172,0.011402296,train,0.0069863703
2019-08-21,IWM,-0.0023302527,-0.033973455,0.031643204,train,0.029440971
2019-08-21,SPY,-0.00030815077,-0.008814797,0.008506646,train,0.031955913
2019-08-21,TLT,-0.006663062,-0.0051693623,0.0014936998,train,0.008861369
2019-08-22,EFA,-0.01251013,-0.011627862,0.00088226795,train,-0.013313172
2019-08-22,IWM,-0.031140482,-0.0064053047,0.024735177,train,-0.033973455
2019-08-22,SPY,-0.02602297,-0.019201856,0.0068211146,train,-0.008814797
2019-08-22,TLT,0.016300771,-0.0013584266,0.017659198,train,-0.0051693623
2019-08-23,EFA,0.008197445,0.046165485,0.03796804,train,-0.011627862
2019-08-23,IWM,0.010942001,0.005641267,0.0053007337,train,-0.0064053047
2019-08-23,SPY,0.010998002,-0.021822192,0.032820195,train,-0.019201856
2019-08-23,TLT,-0.0040492583,0.007249867,0.011299126,train,-0.0013584266
2019-08-26,EFA,-0.0008009588,0.012476405,0.013277364,train,0.046165485
2019-08-26,IWM,-0.01493807,0.012951279,0.027889349,train,0.005641267
2019-08-26,SPY,-0.003931592,-0.013504125,0.009572533,train,-0.021822192
2019-08-26,TLT,0.015290764,0.0013292348,0.013961529,train,0.007249867
2019-08-27,EFA,0.0,-0.00581357,0.00581357,train,0.012476405
2019-08-27,IWM,0.011599749,0.02241652,0.010816772,train,0.012951279
2019-08-27,SPY,0.007016826,-0.06119837,0.06821519,train,-0.013504125
2019-08-27,TLT,0.0012858787,-0.011173058,0.012458937,train,0.0013292348
2019-08-28,EFA,0.008614157,0.033876695,0.025262538,train,-0.00581357
2019-08-28,IWM,0.01738609,0.008903742,0.008482348,train,0.02241652
2019-08-28,SPY,0.012692352,0.034784425,0.022092074,train,-0.06119837
2019-08-28,TLT,-0.0037956373,-0.0024920227,0.0013036146,train,-0.011173058
2019-08-29,EFA,0.00396278,0.016285185,0.012322405,train,0.033876695
2019-08-29,IWM,-0.0018125221,-0.014677281,0.012864758,train,0.008903742
2019-08-29,SPY,-0.00044446668,0.02616233,0.026606796,train,0.034784425
2019-08-29,TLT,0.00027133204,0.0064432016,0.0061718696,train,-0.0024920227
2019-08-30,EFA,-0.0019002858,0.0044975122,0.006397798,train,0.016285185
2019-08-30,IWM,-0.01475484,-0.02276515,0.00801031,train,-0.014677281
2019-08-30,SPY,-0.0058646887,-0.0062950864,0.0004303977,train,0.02616233
2019-08-30,TLT,0.0012918146,-0.0016083596,0.0029001744,train,0.0064432016
2019-09-03,EFA,0.014008329,0.012549089,0.00145924,train,0.0044975122
2019-09-03,IWM,0.008013406,0.042900607,0.034887202,train,-0.02276515
2019-09-03,SPY,0.011286836,-0.013567071,0.024853908,train,-0.0062950864
2019-09-03,TLT,0.001493261,0.0009135157,0.0005797453,train,-0.0016083596
2019-09-04,EFA,0.005300175,0.011139339,0.005839164,train,0.012549089
2019-09-04,IWM,0.018430294,0.007277128,0.011153167,train,0.042900607
2019-09-04,SPY,0.012773231,0.012936268,0.00016303733,train,-0.013567071
2019-09-04,TLT,-0.018276155,0.00090300315,0.019179158,train,0.0009135157
2019-09-05,EFA,0.0032595096,0.021947114,0.018687604,train,0.011139339
2019-09-05,IWM,-0.0045924135,0.05680242,0.061394837,train,0.007277128
2019-09-05,SPY,0.0007722151,0.0036612828,0.0028890679,train,0.012936268
2019-09-05,TLT,0.007089324,0.006347358,0.0007419656,train,0.00090300315
2019-09-06,EFA,0.0029401025,0.005939134,0.0029990315,train,0.021947114
2019-09-06,IWM,0.013319964,0.011405535,0.0019144285,train,0.05680242
2019-09-06,SPY,0.00050309155,0.0033484292,0.0028453376,train,0.0036612828
2019-09-06,TLT,-0.017924843,-0.0064219865,0.011502856,train,0.006347358
2019-09-09,EFA,0.0016982408,-0.0035274564,0.005225697,train,0.005939134
2019-09-09,IWM,0.012689988,0.0044884575,0.00820153,train,0.011405535
2019-09-09,SPY,-0.00023499267,0.0036931862,0.003928179,train,0.0033484292
2019-09-09,TLT,-0.0176827,0.022026606,0.039709307,train,-0.0064219865
2019-09-10,EFA,0.00553762,-0.005346188,0.010883808,train,-0.0035274564
2019-09-10,IWM,0.020267528,0.008078571,0.012188956,train,0.0044884575
2019-09-10,SPY,0.0070856665,-0.0047440375,0.011829704,train,0.0036931862
2019-09-10,TLT,-0.0017786202,0.027372127,0.029150747,train,0.022026606
2019-09-11,EFA,0.0058121015,-0.0012845842,0.0070966855,train,-0.005346188
2019-09-11,IWM,0.00025462316,-0.0002353969,0.00049002003,train,0.008078571
2019-09-11,SPY,0.0034580347,-0.0015753503,0.005033385,train,-0.0047440375
2019-09-11,TLT,-0.0065723886,0.0033275492,0.009899938,train,0.027372127
2019-09-12,EFA,0.005627022,-0.01418573,0.019812752,train,-0.0012845842
2019-09-12,IWM,0.0017179609,-0.012425367,0.014143327,train,-0.0002353969
2019-09-12,SPY,-0.000664186,-0.003663424,0.002999238,train,-0.0015753503
2019-09-12,TLT,-0.021590112,-0.010310473,0.011279639,train,0.0033275492
2019-09-13,EFA,-0.008987893,-0.0016944988,0.0072933948,train,-0.01418573
2019-09-13,IWM,0.003743648,0.0013304153,0.0024132328,train,-0.012425367
2019-09-13,SPY,-0.003093433,0.011275802,0.014369234,train,-0.003663424
2019-09-13,TLT,0.012663067,-0.016980082,0.029643148,train,-0.010310473
2019-09-16,EFA,0.0033608715,0.0032883442,7.252721e-05,train,-0.0016944988
2019-09-16,IWM,-0.0026001888,0.011510003,0.014110193,train,0.0013304153
2019-09-16,SPY,0.002528919,0.008462243,0.005933324,train,0.011275802
2019-09-16,TLT,0.00540858,0.012032252,0.006623672,train,-0.016980082
2019-09-17,EFA,-0.0012207517,-0.0034094625,0.002188711,train,0.0032883442
2019-09-17,IWM,-0.0061779656,0.016688867,0.022866832,train,0.011510003
2019-09-17,SPY,0.0005977897,0.011616167,0.011018377,train,0.008462243
2019-09-17,TLT,0.0042344187,0.006628769,0.0023943502,train,0.012032252
2019-09-18,EFA,0.003353488,-0.0022980603,0.0056515485,train,-0.0034094625
2019-09-18,IWM,-0.0048674503,0.020813175,0.025680624,train,0.016688867
2019-09-18,SPY,-6.644066e-05,0.011763984,0.011830425,train,0.011616167
2019-09-18,TLT,0.0030040063,0.002013551,0.0009904553,train,0.006628769
2019-09-19,EFA,-0.002285319,-0.0034843604,0.0011990415,train,-0.0022980603
2019-09-19,IWM,-0.0021208387,0.023203555,0.025324395,train,0.020813175
2019-09-19,SPY,-0.004736011,0.015473407,0.020209417,train,0.011763984
2019-09-19,TLT,0.013124263,0.002625188,0.010499075,train,0.002013551
2019-09-20,EFA,-0.0025964894,0.001238686,0.0038351754,train,-0.0034843604
2019-09-20,IWM,-0.0007726217,0.02040489,0.021177512,train,0.023203555
2019-09-20,SPY,-0.00023463523,0.009636899,0.009871535,train,0.015473407
2019-09-20,TLT,-0.00021169144,-0.012169924,0.011958232,train,0.002625188
2019-09-23,EFA,-0.0038303433,0.025484398,0.029314741,train,0.001238686
2019-09-23,IWM,-0.015208787,0.024791764,0.04000055,train,0.02040489
2019-09-23,SPY,-0.007877503,0.003740598,0.0116181,train,0.009636899
2019-09-23,TLT,0.011982282,0.01161444,0.00036784168,train,-0.012169924
2019-09-24,EFA,-0.002921118,0.002212415,0.005133533,train,0.025484398
2019-09-24,IWM,0.010896358,0.008907307,0.0019890508,train,0.024791764
2019-09-24,SPY,0.005897239,-0.008423872,0.014321111,train,0.003740598
2019-09-24,TLT,-0.014735435,-0.0011134404,0.013621995,train,0.01161444
2019-09-25,EFA,0.003688432,-0.0052412804,0.008929713,train,0.002212415
2019-09-25,IWM,-0.011224101,-0.014456807,0.0032327054,train,0.008907307
2019-09-25,SPY,-0.0020856024,0.027324064,0.029409666,train,-0.008423872
2019-09-25,TLT,0.0064125108,0.014884487,0.008471976,train,-0.0011134404
2019-09-26,EFA,-0.0033804951,-0.017734116,0.014353621,train,-0.0052412804
2019-09-26,IWM,-0.00803887,0.041062634,0.049101505,train,-0.014456807
2019-09-26,SPY,-0.0054014544,0.03003207,0.035433523,train,0.027324064
2019-09-26,TLT,0.0024547547,0.007542627,0.005087872,train,0.014884487
2019-09-27,EFA,0.0036870863,0.0047926754,0.0011055891,train,-0.017734116
2019-09-27,IWM,0.0011899357,0.04366894,0.042479005,train,0.041062634
2019-09-27,SPY,0.0046266885,0.004932646,0.00030595763,train,0.03003207
2019-09-27,TLT,0.0024494494,0.012968931,0.010519482,train,0.007542627
2019-09-30,EFA,-0.009862912,-0.0060983426,0.0037645693,train,0.0047926754
2019-09-30,IWM,-0.019819673,0.040904928,0.0607246,train,0.04366894
2019-09-30,SPY,-0.011965687,-0.012879543,0.0009138556,train,0.004932646
2019-09-30,TLT,0.0030063265,0.015036831,0.012030505,train,0.012968931
2019-10-01,EFA,-0.020654937,-0.0011766858,0.019478252,train,-0.0060983426
2019-10-01,IWM,-0.007577251,0.0018638712,0.009441122,train,0.040904928
2019-10-01,SPY,-0.017823065,-0.014042458,0.0037806071,train,-0.012879543
2019-10-01,TLT,0.002439904,0.011057245,0.008617341,train,0.015036831
2019-10-02,EFA,0.006618533,0.0068392013,0.0002206685,train,-0.0011766858
2019-10-02,IWM,0.0033224847,0.015908368,0.012585883,train,0.0018638712
2019-10-02,SPY,0.008159943,0.011563219,0.0034032762,train,-0.014042458
2019-10-02,TLT,0.009080255,0.008219132,0.0008611232,train,0.011057245
2019-10-03,EFA,0.007822273,0.055260252,0.04743798,train,0.0068392013
2019-10-03,IWM,0.009431027,0.045645606,0.03621458,train,0.015908368
2019-10-03,SPY,0.013441003,0.024302302,0.010861299,train,0.011563219
2019-10-03,TLT,0.0073560323,0.017301405,0.009945372,train,0.008219132
2019-10-04,EFA,-0.0012474016,0.02916362,0.030411022,train,0.055260252
2019-10-04,IWM,-0.001744671,0.047329728,0.0490744,train,0.045645606
2019-10-04,SPY,-0.004324244,-0.06610014,0.0617759,train,0.024302302
2019-10-04,TLT,-0.008322409,0.019323194,0.027645603,train,0.017301405
2019-10-07,EFA,-0.009405878,-0.0016898897,0.007715989,train,0.02916362
2019-10-07,IWM,-0.016388057,0.034474112,0.05086217,train,0.047329728
2019-10-07,SPY,-0.015646292,0.024946213,0.040592507,train,-0.06610014
2019-10-07,TLT,0.002689767,0.015202487,0.01251272,train,0.019323194
2019-10-08,EFA,0.007218958,-0.004737669,0.011956627,train,-0.0016898897
2019-10-08,IWM,0.004564043,0.015459565,0.010895522,train,0.034474112
2019-10-08,SPY,0.009451889,0.041336685,0.031884797,train,0.024946213
2019-10-08,TLT,-0.005664104,0.0031274762,0.008791581,train,0.015202487
2019-10-09,EFA,0.0070122452,0.010102663,0.003090418,train,-0.004737669
2019-10-09,IWM,0.0040019187,-0.013640158,0.017642077,train,0.015459565
2019-10-09,SPY,0.0067407633,-0.07523276,0.08197352,train,0.041336685
2019-10-09,TLT,-0.015006689,0.004821759,0.019828448,train,0.0031274762
2019-10-10,EFA,0.017699653,0.004477304,0.01322235,train,0.010102663
2019-10-10,IWM,0.016782511,-0.0031252955,0.019907806,train,-0.013640158
2019-10-10,SPY,0.010313488,-0.041923344,0.052236833,train,-0.07523276
2019-10-10,TLT,-0.012453992,0.009786131,0.022240123,train,0.004821759
2019-10-11,EFA,-0.0041275676,-0.00086385966,0.003263708,train,0.004477304
2019-10-11,IWM,-0.0036685169,-0.011444416,0.007775899,train,-0.0031252955
2019-10-11,SPY,-0.0011144815,0.019056711,0.020171193,train,-0.041923344
2019-10-11,TLT,0.007236733,0.008235602,0.0009988686,train,0.009786131
2019-10-14,EFA,0.01157501,0.0052988646,0.006276145,train,-0.00086385966
2019-10-14,IWM,0.011426944,0.015029453,0.0036025085,train,-0.011444416
2019-10-14,SPY,0.00985154,0.011478145,0.0016266042,train,0.019056711
2019-10-14,TLT,-0.012162296,-0.0011633022,0.010998994,train,0.008235602
2019-10-15,EFA,0.0015129402,-0.004649881,0.006162821,train,0.0052988646
2019-10-15,IWM,0.0010562567,-0.021645779,0.022702035,train,0.015029453
2019-10-15,SPY,-0.0016069913,-0.010829305,0.009222314,train,0.011478145
2019-10-15,TLT,0.0012154399,0.0104208775,0.009205437,train,-0.0011633022
2019-10-16,EFA,0.0024162733,0.0106929615,0.008276688,train,-0.004649881
2019-10-16,IWM,0.01174185,0.009131956,0.0026098937,train,-0.021645779
2019-10-16,SPY,0.0029445163,0.0051863617,0.0022418455,train,-0.010829305
2019-10-16,TLT,-0.002432359,0.0017635755,0.004195934,train,0.0104208775
2019-10-17,EFA,-0.0004528461,0.0029107323,0.0033635783,train,0.0106929615
2019-10-17,IWM,-0.004771944,0.0062927823,0.011064727,train,0.009131956
2019-10-17,SPY,-0.0043868423,5.919533e-05,0.0044460376,train,0.0051863617
2019-10-17,TLT,0.0,0.0027045833,0.0027045833,train,0.0017635755
2019-10-18,EFA,0.005417826,0.004910973,0.0005068532,train,0.0029107323
2019-10-18,IWM,0.009326514,0.015019035,0.005692521,train,0.0062927823
2019-10-18,SPY,0.0067564882,-0.007229051,0.013985539,train,5.919533e-05
2019-10-18,TLT,-0.007550766,0.005471138,0.013021904,train,0.0027045833
2019-10-21,EFA,-0.0024040837,0.002471765,0.004875849,train,0.004910973
2019-10-21,IWM,0.0011031147,0.013505146,0.012402032,train,0.015019035
2019-10-21,SPY,-0.0032721362,-0.00039720396,0.0028749323,train,-0.007229051
2019-10-21,TLT,0.0058298004,-0.025511408,0.03134121,train,0.005471138
2019-10-22,EFA,0.0054011527,0.008519851,0.003118698,train,0.002471765
2019-10-22,IWM,0.0012311399,0.0033860118,0.0021548718,train,0.013505146
2019-10-22,SPY,0.0029052622,0.014987232,0.0120819695,train,-0.00039720396
2019-10-22,TLT,0.0010044153,0.0025300672,0.0015256519,train,-0.025511408
2019-10-23,EFA,0.0017938289,-0.0019581192,0.003751948,train,0.008519851
2019-10-23,IWM,-0.0014258889,0.009345153,0.010771042,train,0.0033860118
2019-10-23,SPY,0.001632493,0.0031107073,0.0014782143,train,0.014987232
2019-10-23,TLT,-0.0020098404,0.00546011,0.0074699502,train,0.0025300672
2019-10-24,EFA,0.001045094,0.00255264,0.0015075459,train,-0.0019581192
2019-10-24,IWM,0.00530453,0.01330764,0.00800311,train,0.009345153
2019-10-24,SPY,0.0040866993,0.009942882,0.0058561824,train,0.0031107073
2019-10-24,TLT,-0.004897225,0.001439326,0.006336551,train,0.00546011
2019-10-25,EFA,0.0044663306,-0.0022852677,0.0067515983,train,0.00255264
2019-10-25,IWM,0.008608144,0.010768561,0.002160417,train,0.01330764
2019-10-25,SPY,0.0056207976,0.012408901,0.0067881034,train,0.009942882
2019-10-25,TLT,-0.009137523,0.015117265,0.024254788,train,0.001439326
2019-10-28,EFA,-0.00029711728,0.0014479822,0.0017450994,train,-0.0022852677
2019-10-28,IWM,0.0032567254,0.010535071,0.0072783455,train,0.010768561
2019-10-28,SPY,-0.00029675302,0.016156627,0.01645338,train,0.012408901
2019-10-28,TLT,0.00065566617,0.015908273,0.015252607,train,0.015117265
2019-10-29,EFA,0.0041519715,0.0030767666,0.0010752049,train,0.0014479822
2019-10-29,IWM,-0.0033207529,0.008607278,0.01192803,train,0.010535071
2019-10-29,SPY,0.003062503,0.008456463,0.00539396,train,0.016156627
2019-10-29,TLT,0.0145277,0.03230905,0.01778135,train,0.015908273
2019-10-30,EFA,-0.0023704537,-0.0017054765,0.0006649771,train,0.0030767666
2019-10-30,IWM,-0.0056449226,0.005070726,0.0107156485,train,0.008607278
2019-10-30,SPY,-0.0026671092,0.0033068073,0.0059739165,train,0.008456463
2019-10-30,TLT,0.01340059,-0.006838558,0.020239148,train,0.03230905
2019-10-31,EFA,0.00886002,-0.0011918887,0.010051909,train,-0.0017054765
2019-10-31,IWM,0.016903691,0.0018463884,0.015057303,train,0.005070726
2019-10-31,SPY,0.0092215035,-0.005229477,0.01445098,train,0.0033068073
2019-10-31,TLT,-0.0030828477,-0.009478256,0.0063954084,train,-0.006838558
2019-11-01,EFA,0.005132357,-0.0035422398,0.008674597,train,-0.0011918887
2019-11-01,IWM,0.0053617656,-0.0030551697,0.008416936,train,0.0018463884
2019-11-01,SPY,0.004009611,-0.0020824275,0.0060920385,train,-0.005229477
2019-11-01,TLT,-0.013249019,0.013061967,0.026310986,train,-0.009478256
2019-11-04,EFA,-0.001903333,-0.002298519,0.000395186,train,-0.0035422398
2019-11-04,IWM,0.0012571379,-0.0048255273,0.006082665,train,-0.0030551697
2019-11-04,SPY,-0.0011068401,-0.0054192133,0.004312373,train,-0.0020824275
2019-11-04,TLT,-0.011309846,0.02745556,0.038765408,train,0.013061967
2019-11-05,EFA,-0.00043949584,-0.0022451603,0.0018056645,train,-0.002298519
2019-11-05,IWM,-0.0057973224,-0.008012343,0.0022150208,train,-0.0048255273
2019-11-05,SPY,0.00022822262,-0.0051902398,0.005418462,train,-0.0054192133
2019-11-05,TLT,0.006032315,0.019136531,0.013104216,train,0.02745556
2019-11-06,EFA,0.003073906,-0.0019787485,0.0050526545,train,-0.0022451603
2019-11-06,IWM,0.0026509366,-0.00035688467,0.0030078213,train,-0.008012343
2019-11-06,SPY,0.0035104994,-0.0059866444,0.009497143,train,-0.0051902398
2019-11-06,TLT,-0.018284075,0.011635281,0.029919356,train,0.019136531
2019-11-07,EFA,-0.0005846976,9.1406284e-05,0.00067610387,train,-0.0019787485
2019-11-07,IWM,0.002706749,-0.007094527,0.009801276,train,-0.00035688467
2019-11-07,SPY,0.0024631452,-0.007975465,0.01043861,train,-0.0059866444
2019-11-07,TLT,-0.0042158416,0.010322396,0.014538238,train,0.011635281
2019-11-08,EFA,-0.0013170404,0.0026490067,0.003966047,train,9.1406284e-05
2019-11-08,IWM,-0.0018874943,-0.007601036,0.005713542,train,-0.007094527
2019-11-08,SPY,-0.0019117458,-0.006514803,0.004603057,train,-0.007975465
2019-11-08,TLT,0.00066646386,-0.024876645,0.025543109,train,0.010322396
2019-11-11,EFA,0.00043904863,0.0011238477,0.00068479904,train,0.0026490067
2019-11-11,IWM,0.00031474323,-0.005918301,0.0062330444,train,-0.007601036
2019-11-11,SPY,0.0021058496,-0.0038312268,0.005937076,train,-0.006514803
2019-11-11,TLT,0.0045818114,-0.022685979,0.02726779,train,-0.024876645
2019-11-12,EFA,-0.003518883,0.00016041938,0.0036793023,train,0.0011238477
2019-11-12,IWM,-0.0042904187,-0.0053260964,0.0010356777,train,-0.005918301
2019-11-12,SPY,0.00032356696,-0.0063152737,0.006638841,train,-0.0038312268
2019-11-12,TLT,0.006468104,0.018008294,0.011540189,train,-0.022685979
2019-11-13,EFA,-0.0027948625,0.001125484,0.0039203465,train,0.00016041938
2019-11-13,IWM,-0.00031609673,-0.0039643054,0.0036482087,train,-0.0053260964
2019-11-13,SPY,0.0014548652,-0.007878581,0.009333447,train,-0.0063152737
2019-11-13,TLT,0.010276514,0.002911962,0.007364552,train,0.018008294
2019-11-14,EFA,0.0063137454,0.0014998617,0.0048138835,train,0.001125484
2019-11-14,IWM,0.0051730326,-0.006540582,0.011713615,train,-0.0039643054
2019-11-14,SPY,0.0072103296,-0.008644776,0.015855106,train,-0.007878581
2019-11-14,TLT,-0.0010878739,-0.014179606,0.013091732,train,0.002911962
2019-11-15,EFA,0.0011704171,0.00079949887,0.0003709182,train,0.0014998617
2019-11-15,IWM,-0.0025198157,-0.007712628,0.0051928125,train,-0.006540582
2019-11-15,SPY,0.0007372417,-0.010827955,0.011565196,train,-0.008644776
2019-11-15,TLT,0.001812842,-0.007612211,0.009425053,train,-0.014179606
2019-11-18,EFA,-0.0013166551,0.0011958017,0.0025124568,train,0.00079949887
2019-11-18,IWM,0.0037148006,-0.006826757,0.010541557,train,-0.007712628
2019-11-18,SPY,-0.0002883512,-0.00982249,0.009534138,train,-0.010827955
2019-11-18,TLT,0.008298227,-0.0038937,0.012191927,train,-0.007612211
2019-11-19,EFA,-0.0063146716,0.0007873117,0.0071019833,train,0.0011958017
2019-11-19,IWM,-0.0037782604,-0.0068259225,0.003047662,train,-0.006826757
2019-11-19,SPY,-0.003725675,-0.010745555,0.00701988,train,-0.00982249
2019-11-19,TLT,0.010294739,0.001491209,0.00880353,train,-0.0038937
2019-11-20,EFA,-0.0013268841,0.0043106163,0.0056375004,train,0.0007873117
2019-11-20,IWM,-0.0049330937,-0.0071815723,0.0022484786,train,-0.0068259225
2019-11-20,SPY,-0.0016101759,-0.0039870525,0.0023768765,train,-0.010745555
2019-11-20,TLT,-0.0062785684,-0.00079119485,0.0054873736,train,0.001491209
2019-11-21,EFA,0.0027989116,0.0031865363,0.0003876246,train,0.0043106163
2019-11-21,IWM,0.0031020723,-0.004114445,0.007216517,train,-0.0071815723
2019-11-21,SPY,0.0022212346,-0.012115253,0.014336487,train,-0.0039870525
2019-11-21,TLT,0.0012869686,0.037047237,0.03576027,train,-0.00079119485
2019-11-22,EFA,0.007912057,0.0019684285,0.005943629,train,0.0031865363
2019-11-22,IWM,0.021013783,-0.005590459,0.026604243,train,-0.004114445
2019-11-22,SPY,0.00772053,-0.010828419,0.018548949,train,-0.012115253
2019-11-22,TLT,0.002926597,0.015986789,0.013060192,train,0.037047237
2019-11-25,EFA,-0.0005837766,0.0013441849,0.0019279615,train,0.0019684285
2019-11-25,IWM,0.0006805977,-0.0047826217,0.0054632192,train,-0.005590459
2019-11-25,SPY,0.0022629001,-0.013538653,0.015801553,train,-0.010828419
2019-11-25,TLT,0.0058274292,0.002394538,0.0034328913,train,0.015986789
2019-11-26,EFA,0.00262492,0.002033285,0.000591635,train,0.0013441849
2019-11-26,IWM,0.0070257345,-0.0028898823,0.009915616,train,-0.0047826217
2019-11-26,SPY,0.0044474853,-0.013082366,0.017529853,train,-0.013538653
2019-11-26,TLT,-0.0029096974,8.7982975e-05,0.0029976803,train,0.002394538
2019-11-27,EFA,-0.007015495,0.0026880861,0.009703581,train,0.002033285
2019-11-27,IWM,-0.00653111,-0.0077469978,0.0012158877,train,-0.0028898823
2019-11-27,SPY,-0.0037155105,-0.012354093,0.008638582,train,-0.013082366
2019-11-27,TLT,-0.0021340023,-0.0021221503,1.1852011e-05,train,8.7982975e-05
2019-11-29,EFA,-0.0051465603,0.005061762,0.010208322,train,0.0026880861
2019-11-29,IWM,-0.009815116,-0.004054745,0.005760371,train,-0.0077469978
2019-11-29,SPY,-0.00853088,-0.010482665,0.0019517848,train,-0.012354093
2019-11-29,TLT,-0.01342259,-0.005650204,0.0077723856,train,-0.0021221503
2019-12-02,EFA,-0.0036925746,0.005481478,0.009174053,train,0.005061762
2019-12-02,IWM,-0.00318861,-0.0034334376,0.00024482748,train,-0.004054745
2019-12-02,SPY,-0.006729129,0.010922575,0.017651703,train,-0.010482665
2019-12-02,TLT,0.020751033,0.026842937,0.006091904,train,-0.005650204
2019-12-03,EFA,0.009132553,0.0053498065,0.0037827464,train,0.005481478
2019-12-03,IWM,0.006864859,-0.003015426,0.009880285,train,-0.0034334376
2019-12-03,SPY,0.006151317,-0.004119812,0.010271129,train,0.010922575
2019-12-03,TLT,-0.010035475,-0.018358743,0.008323268,train,0.026842937
2019-12-04,EFA,-0.0019080137,0.0017855758,0.0036935895,train,0.0053498065
2019-12-04,IWM,0.000994702,-0.0031910543,0.004185756,train,-0.003015426
2019-12-04,SPY,0.001796254,-0.005235068,0.007031322,train,-0.004119812
2019-12-04,TLT,-0.0048760083,0.005090681,0.009966689,train,-0.018358743
2019-12-05,EFA,0.00906711,0.0032481467,0.005818963,train,0.0017855758
2019-12-05,IWM,0.011614002,-0.003232974,0.014846977,train,-0.0031910543
2019-12-05,SPY,0.009092206,0.0076881815,0.0014040247,train,-0.005235068
2019-12-05,TLT,-0.0055501345,0.0022692762,0.00781941,train,0.005090681
2019-12-06,EFA,-0.0052547157,0.0021347816,0.007389497,train,0.0032481467
2019-12-06,IWM,-0.0019063007,-0.0057915053,0.0038852047,train,-0.003232974
2019-12-06,SPY,-0.0031486098,-0.0077960896,0.00464748,train,0.0076881815
2019-12-06,TLT,0.0021657404,0.0021347604,3.097998e-05,train,0.0022692762
2019-12-09,EFA,0.00043885913,0.0029441072,0.002505248,train,0.0021347816
2019-12-09,IWM,0.00061545405,0.0006714645,5.6010438e-05,train,-0.0057915053
2019-12-09,SPY,-0.0011159998,-0.007545413,0.0064294133,train,-0.0077960896
2019-12-09,TLT,7.220066e-05,-0.00044311234,0.000515313,train,0.0021347604
2019-12-10,EFA,0.0052523487,0.0035244976,0.0017278511,train,0.0029441072
2019-12-10,IWM,-0.00030742565,-0.0016174596,0.001310034,train,0.0006714645
2019-12-10,SPY,0.002834981,0.0008223916,0.0020125895,train,-0.007545413
2019-12-10,TLT,0.007830287,-0.0006583226,0.00848861,train,-0.00044311234
2019-12-11,EFA,0.0066715814,0.0020942627,0.0045773187,train,0.0035244976
2019-12-11,IWM,0.008575416,0.0032797277,0.0052956883,train,-0.0016174596
2019-12-11,SPY,0.008581887,-0.0017796257,0.010361513,train,0.0008223916
2019-12-11,TLT,-0.016595064,0.0071892105,0.023784274,train,-0.0006583226
2019-12-12,EFA,0.006914501,0.0027869483,0.0041275527,train,0.0020942627
2019-12-12,IWM,-0.0038497283,0.007830178,0.011679906,train,0.0032797277
2019-12-12,SPY,0.0005990186,0.022742365,0.022143345,train,-0.0017796257
2019-12-12,TLT,0.011501131,0.009656217,0.0018449137,train,0.0071892105
2019-12-13,EFA,0.010627933,0.0015962578,0.009031675,train,0.0027869483
2019-12-13,IWM,0.0070235226,0.0057455744,0.0012779483,train,0.007830178
2019-12-13,SPY,0.0068463916,0.004550612,0.0022957795,train,0.022742365
2019-12-13,TLT,-0.009030831,0.0020385208,0.011069352,train,0.009656217
2019-12-16,EFA,-0.005762108,0.0022462327,0.00800834,train,0.0015962578
2019-12-16,IWM,0.0049909246,0.0006879745,0.00430295,train,0.0057455744
2019-12-16,SPY,0.00021931612,-0.00035027508,0.0005695912,train,0.004550612
2019-12-16,TLT,-0.0013788559,0.0073791365,0.008757993,train,0.0020385208
2019-12-17,EFA,-0.001301132,0.0020192664,0.0033203983,train,0.0022462327
2019-12-17,IWM,0.0019413275,-0.003999475,0.0059408024,train,0.0006879745
2019-12-17,SPY,6.241356e-05,-0.009212811,0.009275224,train,-0.00035027508
2019-12-17,TLT,-0.008246435,0.0064847027,0.014731137,train,0.0073791365
2019-12-18,EFA,0.0,0.0026823904,0.0026823904,train,0.0020192664
2019-12-18,IWM,0.0042934106,0.0005042921,0.0037891185,train,-0.003999475
2019-12-18,SPY,0.0040905783,-0.008498505,0.012589083,train,-0.009212811
2019-12-18,TLT,0.0015987124,-0.0030671451,0.0046658576,train,0.0064847027
2019-12-19,EFA,0.000723302,0.0012141324,0.0004908304,train,0.0026823904
2019-12-19,IWM,0.0014469813,-0.0043131765,0.005760158,train,0.0005042921
2019-12-19,SPY,0.0043745604,-0.0043434044,0.008717965,train,-0.008498505
2019-12-19,TLT,0.0013179089,0.0054237843,0.0041058753,train,-0.0030671451
2019-12-20,EFA,0.0015886086,-0.00027198275,0.0018605914,train,0.0012141324
2019-12-20,IWM,0.001986261,0.0028173204,0.0008310594,train,-0.0043131765
2019-12-20,SPY,0.001526555,0.024365474,0.022838918,train,-0.0043434044
2019-12-20,TLT,-0.001464599,0.013465019,0.014929618,train,0.0054237843
2019-12-23,EFA,-0.0010107786,0.0006578112,0.0016685898,train,-0.00027198275
2019-12-23,IWM,0.002282429,0.0018663243,0.00041610468,train,0.0028173204
2019-12-23,SPY,3.1309773e-05,-0.009075718,0.009107028,train,0.024365474
2019-12-23,TLT,0.0028538175,0.0120812915,0.009227474,train,0.013465019
2019-12-24,EFA,0.004324527,0.0041961144,0.00012841262,train,0.0006578112
2019-12-24,IWM,0.0,0.0071953465,0.0071953465,train,0.0018663243
2019-12-24,SPY,0.0053092884,-0.0017846557,0.007093944,train,-0.009075718
2019-12-24,TLT,0.0024087306,0.015103567,0.012694837,train,0.0120812915
2019-12-26,EFA,0.0017246796,0.00624078,0.0045161005,train,0.0041961144
2019-12-26,IWM,-0.0049319854,0.0021375176,0.007069503,train,0.0071953465
2019-12-26,SPY,-0.00024773492,-0.003954824,0.0037070892,train,-0.0017846557
2019-12-26,TLT,0.0010933187,-0.007552599,0.008645918,train,0.015103567
2019-12-27,EFA,-0.007494771,0.0086377505,0.016132522,train,0.00624078
2019-12-27,IWM,-0.0025350277,-0.005872469,0.0033374412,train,0.0021375176
2019-12-27,SPY,-0.0055285026,-0.008604996,0.0030764933,train,-0.003954824
2019-12-27,TLT,-0.003648076,0.011653684,0.01530176,train,-0.007552599
2019-12-30,EFA,0.004618694,0.004169417,0.000449277,train,0.0086377505
2019-12-30,IWM,0.0013892193,-0.00810265,0.009491869,train,-0.005872469
2019-12-30,SPY,0.0024261095,0.00056703785,0.0018590717,train,-0.008604996
2019-12-30,TLT,-0.009842056,0.005029709,0.014871765,train,0.011653684
2019-12-31,EFA,0.010030384,0.0022053458,0.007825038,train,0.004169417
2019-12-31,IWM,0.00066336076,-0.008853344,0.009516705,train,-0.00810265
2019-12-31,SPY,0.009308695,-0.015095677,0.024404373,train,0.00056703785
2019-12-31,TLT,0.01122975,0.022713015,0.011483265,train,0.005029709
2020-01-02,EFA,-0.012481547,-0.0002410505,0.012240496,train,0.0022053458
2020-01-02,IWM,-0.003928377,-0.0082938075,0.0043654307,train,-0.008853344
2020-01-02,SPY,-0.0076013426,-0.0182129,0.0106115565,train,-0.015095677
2020-01-02,TLT,0.015283156,0.008963898,0.0063192584,train,0.022713015
2020-01-03,EFA,0.003890465,0.004731804,0.0008413391,train,-0.0002410505
2020-01-03,IWM,0.001331512,-0.00760431,0.008935822,train,-0.0082938075
2020-01-03,SPY,0.0038078937,0.010628514,0.00682062,train,-0.0182129
2020-01-03,TLT,-0.005695235,-0.021096835,0.0154016,train,0.008963898
2020-01-06,EFA,-0.0027362437,0.0006609878,0.0033972315,train,0.004731804
2020-01-06,IWM,-0.0033318605,-0.0062946077,0.0029627471,train,-0.00760431
2020-01-06,SPY,-0.0028158368,-0.007179688,0.0043638516,train,0.010628514
2020-01-06,TLT,-0.0049274834,0.019052248,0.02397973,train,-0.021096835
2020-01-07,EFA,0.0028799353,0.0030023844,0.00012244913,train,0.0006609878
2020-01-07,IWM,0.0030897725,-0.005529929,0.0086197015,train,-0.0062946077
2020-01-07,SPY,0.0053153685,-0.004404904,0.009720272,train,-0.007179688
2020-01-07,TLT,-0.0066332524,0.011576429,0.01820968,train,0.019052248
2020-01-08,EFA,0.0022977688,0.0015735296,0.0007242393,train,0.0030023844
2020-01-08,IWM,0.0012090587,-0.006301506,0.0075105648,train,-0.005529929
2020-01-08,SPY,0.006758201,-0.015411522,0.022169724,train,-0.004404904
2020-01-08,TLT,0.0035046062,0.01840051,0.014895905,train,0.011576429
2020-01-09,EFA,-0.0037366669,0.0032955273,0.007032194,train,0.0015735296
2020-01-09,IWM,-0.00375303,-0.0061027077,0.0023496777,train,-0.006301506
2020-01-09,SPY,-0.002881973,-0.0087670665,0.0058850935,train,-0.015411522
2020-01-09,TLT,0.008851472,0.0039520836,0.0048993886,train,0.01840051
2020-01-10,EFA,0.0051699406,0.0055084676,0.0003385269,train,0.0032955273
2020-01-10,IWM,0.006468079,-0.0029422832,0.009410363,train,-0.0061027077
2020-01-10,SPY,0.0068537043,-0.008654341,0.015508045,train,-0.0087670665
2020-01-10,TLT,-0.0030383451,-0.004883699,0.001845354,train,0.0039520836
2020-01-13,EFA,0.0010024364,0.0034247604,0.002422324,train,0.0055084676
2020-01-13,IWM,0.0036691052,-0.006843399,0.010512504,train,-0.0029422832
2020-01-13,SPY,-0.0015258165,-0.013584999,0.012059183,train,-0.008654341
2020-01-13,TLT,0.005130994,0.004299798,0.0008311961,train,-0.004883699
2020-01-14,EFA,0.0,0.004383236,0.004383236,train,0.0034247604
2020-01-14,IWM,0.004791354,-0.0072868015,0.012078155,train,-0.006843399
2020-01-14,SPY,0.0022573094,-0.009897454,0.012154764,train,-0.013584999
2020-01-14,TLT,0.006609331,-0.0019878983,0.008597229,train,0.004299798
2020-01-15,EFA,0.0041415635,0.0035774624,0.00056410115,train,0.004383236
2020-01-15,IWM,0.01282259,-0.007013722,0.019836312,train,-0.0072868015
2020-01-15,SPY,0.008283764,-0.0091173705,0.017401135,train,-0.009897454
2020-01-15,TLT,-0.003155435,-0.0012843295,0.0018711055,train,-0.0019878983
2020-01-16,EFA,0.0029880004,0.0030394397,5.1439274e-05,train,0.0035774624
2020-01-16,IWM,-0.0027166887,-0.011359105,0.008642416,train,-0.007013722
2020-01-16,SPY,0.00310788,-0.013158649,0.016266529,train,-0.0091173705
2020-01-16,TLT,-0.0085848905,0.013721494,0.022306385,train,-0.0012843295
2020-01-17,EFA,-0.007988407,0.001616457,0.009604864,train,0.0030394397
2020-01-17,IWM,-0.008315353,-0.0010615878,0.007253765,train,-0.011359105
2020-01-17,SPY,-0.0019599646,0.0037650033,0.005724968,train,-0.013158649
2020-01-17,TLT,0.010450876,0.005383496,0.00506738,train,0.013721494
2020-01-21,EFA,0.0020029945,0.0038136817,0.0018106871,train,0.001616457
2020-01-21,IWM,-0.00065607723,-0.004370778,0.0037147007,train,-0.0010615878
2020-01-21,SPY,0.00012051853,-0.003699034,0.0038195525,train,0.0037650033
2020-01-21,TLT,0.0035073431,-0.0035055783,0.0070129214,train,0.005383496
2020-01-22,EFA,-0.00243266,0.0023350585,0.0047677187,train,0.0038136817
2020-01-22,IWM,-0.0006566062,-0.0067325425,0.0060759364,train,-0.004370778
2020-01-22,SPY,0.0011463606,-0.015981605,0.017127967,train,-0.003699034
2020-01-22,TLT,0.0069776727,0.0017257152,0.0052519576,train,-0.0035055783
2020-01-23,EFA,-0.0043082186,0.0053947307,0.009702949,train,0.0023350585
2020-01-23,IWM,-0.012378613,-0.006881786,0.0054968274,train,-0.0067325425
2020-01-23,SPY,-0.008932839,-0.012960181,0.0040273415,train,-0.015981605
2020-01-23,TLT,0.00805539,0.0010004621,0.0070549278,train,0.0017257152
2020-01-24,EFA,-0.020939952,0.0051097246,0.026049677,train,0.0053947307
2020-01-24,IWM,-0.011432242,0.00020292168,0.011635164,train,-0.006881786
2020-01-24,SPY,-0.016159058,0.011881152,0.02804021,train,-0.012960181
2020-01-24,TLT,0.015435239,-0.0011270205,0.01656226,train,0.0010004621
2020-01-27,EFA,0.009361122,0.017961333,0.008600211,train,0.0051097246
2020-01-27,IWM,0.008283176,-0.0005193162,0.008802492,train,0.00020292168
2020-01-27,SPY,0.010424312,0.0175292,0.0071048886,train,0.011881152
2020-01-27,TLT,-0.0078628445,7.248996e-05,0.007935334,train,-0.0011270205
2020-01-28,EFA,0.00014513754,0.002880443,0.0027353053,train,0.017961333
2020-01-28,IWM,-0.005717662,-0.0036793132,0.002038349,train,-0.0005193162
2020-01-28,SPY,-0.0008263687,0.009672121,0.01049849,train,0.0175292
2020-01-28,TLT,0.009732148,-0.0022518304,0.011983978,train,7.248996e-05
2020-01-29,EFA,-0.0008735346,-0.01013059,0.009257055,train,0.002880443
2020-01-29,IWM,0.0,0.006016007,0.006016007,train,-0.0036793132
2020-01-29,SPY,0.0032402044,0.00044754858,0.002792656,train,0.009672121
2020-01-29,TLT,0.00013871351,-0.004190283,0.0043289964,train,-0.0022518304
2020-01-30,EFA,-0.0170442,-0.003913885,0.013130315,train,-0.01013059
2020-01-30,IWM,-0.020958774,0.002125462,0.023084236,train,0.006016007
2020-01-30,SPY,-0.018324835,0.0058370586,0.024161894,train,0.00044754858
2020-01-30,TLT,0.009088182,-0.0050431076,0.014131289,train,-0.004190283
2020-01-31,EFA,0.0023681712,-0.001969309,0.0043374803,train,-0.003913885
2020-01-31,IWM,0.011088993,0.048959028,0.037870035,train,0.002125462
2020-01-31,SPY,0.0074010836,0.003342289,0.0040587946,train,0.0058370586
2020-01-31,TLT,-0.00081045885,-0.005548676,0.004738217,train,-0.0050431076
2020-02-03,EFA,0.01656812,0.007708224,0.008859897,train,-0.001969309
2020-02-03,IWM,0.014980849,0.025033895,0.010053046,train,0.048959028
2020-02-03,SPY,0.015126152,0.004509811,0.010616342,train,0.003342289
2020-02-03,TLT,-0.013558352,-0.0019165995,0.011641753,train,-0.005548676
2020-02-04,EFA,0.009551402,0.0077359267,0.0018154755,train,0.007708224
2020-02-04,IWM,0.015297635,0.028285332,0.012987697,train,0.025033895
2020-02-04,SPY,0.011481867,0.0053477287,0.0061341384,train,0.004509811
2020-02-04,TLT,-0.010995385,0.0012118898,0.012207275,train,-0.0019165995
2020-02-05,EFA,0.0027329638,-0.0014261648,0.0041591283,train,0.0077359267
2020-02-05,IWM,-0.0022739237,0.028939351,0.031213276,train,0.028285332
2020-02-05,SPY,0.0033589622,-0.005192146,0.008551109,train,0.0053477287
2020-02-05,TLT,0.0044964887,0.0056034317,0.001106943,train,0.0012118898
2020-02-06,EFA,-0.009525342,-0.0016096393,0.007915703,train,-0.0014261648
2020-02-06,IWM,-0.01235623,0.0033861175,0.015742347,train,0.028939351
2020-02-06,SPY,-0.0053437385,0.00023112586,0.0055748643,train,-0.005192146
2020-02-06,TLT,0.012400945,0.0017906702,0.010610275,train,0.0056034317
2020-02-07,EFA,0.0020280147,0.010169305,0.00814129,train,-0.0016096393
2020-02-07,IWM,0.005624367,0.012986476,0.0073621087,train,0.0033861175
2020-02-07,SPY,0.007437561,0.008162804,0.0007252428,train,0.00023112586
2020-02-07,TLT,0.0027657526,-0.0006694796,0.0034352322,train,0.0017906702
2020-02-10,EFA,0.006778664,0.007790994,0.00101233,train,0.010169305
2020-02-10,IWM,0.00691187,0.007408321,0.0004964508,train,0.012986476
2020-02-10,SPY,0.0017318081,-0.004238293,0.005970101,train,0.008162804
2020-02-10,TLT,-0.005053322,0.0014242651,0.006477587,train,-0.0006694796
2020-02-11,EFA,0.0034437212,-0.0044906265,0.007934348,train,0.007790994
2020-02-11,IWM,0.006864228,0.005219274,0.0016449536,train,0.007408321
2020-02-11,SPY,0.0064221756,-0.00084573776,0.0072679133,train,-0.004238293
2020-02-11,TLT,-0.005079051,0.0021649797,0.007244031,train,0.0014242651
2020-02-12,EFA,-0.007043424,0.009603709,0.016647134,train,-0.0044906265
2020-02-12,IWM,0.0026138474,0.0093883015,0.0067744544,train,0.005219274
2020-02-12,SPY,-0.0010678977,0.009814778,0.010882676,train,-0.00084573776
2020-02-12,TLT,0.0038297498,0.0071975016,0.0033677518,train,0.0021649797
2020-02-13,EFA,-0.0017325818,0.007551065,0.009283647,train,0.009603709
2020-02-13,IWM,-0.0038639852,0.010780148,0.014644133,train,0.0093883015
2020-02-13,SPY,0.001600926,0.020762939,0.019162012,train,0.009814778
2020-02-13,TLT,0.0043677273,-0.00095736,0.0053250873,train,0.0071975016
2020-02-14,EFA,-0.006378872,-0.012638118,0.0062592463,train,0.007551065
2020-02-14,IWM,-0.0021462732,0.0076848217,0.009831095,train,0.010780148
2020-02-14,SPY,-0.002580159,-0.0056162556,0.0030360965,train,0.020762939
2020-02-14,TLT,0.0068254466,4.4543296e-05,0.0067809033,train,-0.00095736
2020-02-18,EFA,0.0033395127,-0.00413287,0.007472383,train,-0.012638118
2020-02-18,IWM,0.005119864,0.010854853,0.0057349894,train,0.0076848217
2020-02-18,SPY,0.004769677,0.010420149,0.0056504724,train,-0.0056162556
2020-02-18,TLT,-6.8751324e-05,-0.00042924844,0.0003604971,train,4.4543296e-05
2020-02-19,EFA,-0.0059607155,0.0026488127,0.008609528,train,-0.00413287
2020-02-19,IWM,0.00243174,0.010319145,0.007887405,train,0.010854853
2020-02-19,SPY,-0.004116452,0.0030234952,0.0071399473,train,0.010420149
2020-02-19,TLT,0.007802832,0.0094641,0.0016612681,train,-0.00042924844
2020-02-20,EFA,-0.004676815,0.0021539545,0.0068307696,train,0.0026488127
2020-02-20,IWM,-0.010181525,0.017654719,0.027836245,train,0.010319145
2020-02-20,SPY,-0.010352049,0.020358244,0.030710293,train,0.0030234952
2020-02-20,TLT,0.009297413,-0.00069127977,0.009988693,train,0.0094641
2020-02-21,EFA,-0.040816057,0.015563423,0.056379482,train,0.0021539545
2020-02-21,IWM,-0.030563947,-0.010809554,0.019754393,train,0.017654719
2020-02-21,SPY,-0.03372765,0.015104329,0.048831977,train,0.020358244
2020-02-21,TLT,0.014818245,-0.0021593794,0.016977623,train,-0.00069127977
2020-02-24,EFA,-0.016618341,0.015350454,0.031968795,train,0.015563423
2020-02-24,IWM,-0.03618708,-0.0025804746,0.033606604,train,-0.010809554
2020-02-24,SPY,-0.030770939,-0.08668752,0.05591658,train,0.015104329
2020-02-24,TLT,0.005310171,-0.0036821337,0.008992305,train,-0.0021593794
2020-02-25,EFA,0.0012404174,-0.016119227,0.017359644,train,0.015350454
2020-02-25,IWM,-0.011647023,0.025585651,0.037232675,train,-0.0025804746
2020-02-25,SPY,-0.003684749,-0.042233646,0.038548898,train,-0.08668752
2020-02-25,TLT,-0.005310171,-0.0047855894,0.0005245814,train,-0.0036821337
2020-02-26,EFA,-0.030045345,-0.018403925,0.01164142,train,-0.016119227
2020-02-26,IWM,-0.035845257,0.026884537,0.06272979,train,0.025585651
2020-02-26,SPY,-0.04595136,0.025886424,0.07183778,train,-0.042233646
2020-02-26,TLT,0.010789949,-0.0046301153,0.015420064,train,-0.0047855894
2020-02-27,EFA,-0.006086911,-0.04992971,0.043842796,train,-0.018403925
2020-02-27,IWM,-0.018484587,-0.04108379,0.022599204,train,0.026884537
2020-02-27,SPY,-0.0042103627,-0.13269196,0.1284816,train,0.025886424
2020-02-27,TLT,0.022332542,-0.010071214,0.032403756,train,-0.0046301153
2020-02-28,EFA,0.012771563,-0.050604537,0.0633761,train,-0.04992971
2020-02-28,IWM,0.031614065,-0.04486774,0.076481804,train,-0.04108379
2020-02-28,SPY,0.042394664,-0.036278114,0.07867278,train,-0.13269196
2020-02-28,TLT,-0.0073849265,-0.02032143,0.012936505,train,-0.010071214
2020-03-02,EFA,-0.008123019,-0.012952708,0.004829689,train,-0.050604537
2020-03-02,IWM,-0.020604247,-0.024342641,0.003738394,train,-0.04486774
2020-03-02,SPY,-0.029050298,0.09959018,0.12864047,train,-0.036278114
2020-03-02,TLT,0.015406921,0.0017053259,0.013701594,train,-0.02032143
2020-03-03,EFA,0.029467244,-0.0044475044,0.03391475,train,-0.012952708
2020-03-03,IWM,0.028058559,0.018583156,0.0094754025,train,-0.024342641
2020-03-03,SPY,0.041173685,-0.07548009,0.11665377,train,0.09959018
2020-03-03,TLT,-0.010675756,-0.014027176,0.0033514202,train,0.0017053259
2020-03-04,EFA,-0.026911769,0.073699564,0.10061133,train,-0.0044475044
2020-03-04,IWM,-0.03232555,0.018909246,0.051234797,train,0.018583156
2020-03-04,SPY,-0.033806782,0.08676113,0.12056792,train,-0.07548009
2020-03-04,TLT,0.024586873,-0.004203496,0.02879037,train,-0.014027176
2020-03-05,EFA,-0.015108014,0.012675628,0.027783643,train,0.073699564
2020-03-05,IWM,-0.020020349,0.05173155,0.0717519,train,0.018909246
2020-03-05,SPY,-0.016669055,-0.0009913738,0.015677681,train,0.08676113
2020-03-05,TLT,0.050735157,-0.0045792903,0.055314448,train,-0.004203496
2020-03-06,EFA,-0.08074458,-0.0491893,0.03155528,train,0.012675628
2020-03-06,IWM,-0.10228685,0.021313064,0.12359992,train,0.05173155
2020-03-06,SPY,-0.08131266,0.041681543,0.1229942,train,-0.0009913738
2020-03-06,TLT,0.026742246,0.083856605,0.05711436,train,-0.0045792903
2020-03-09,EFA,0.03620458,0.19820808,0.1620035,train,-0.0491893
2020-03-09,IWM,0.030743502,0.11708833,0.08634483,train,0.021313064
2020-03-09,SPY,0.050450724,-0.108601764,0.15905249,train,0.041681543
2020-03-09,TLT,-0.052618593,0.026919104,0.0795377,train,0.083856605
2020-03-10,EFA,-0.05230971,-0.04907386,0.0032358505,train,0.19820808
2020-03-10,IWM,-0.06571429,-0.033888355,0.031825937,train,0.11708833
2020-03-10,SPY,-0.049976606,0.12822323,0.17819983,train,-0.108601764
2020-03-10,TLT,-0.037491858,-0.037115943,0.00037591532,train,0.026919104
2020-03-11,EFA,-0.11642377,0.078802645,0.19522642,train,-0.04907386
2020-03-11,IWM,-0.11709826,0.0707425,0.18784076,train,-0.033888355
2020-03-11,SPY,-0.10056908,-0.14988124,0.049312167,train,0.12822323
2020-03-11,TLT,0.0061773495,-0.007893398,0.014070747,train,-0.037115943
2020-03-12,EFA,0.058771897,0.07573804,0.016966145,train,0.078802645
2020-03-12,IWM,0.06483433,-0.025091529,0.089925855,train,0.0707425
2020-03-12,SPY,0.082027994,-0.27510446,0.35713246,train,-0.14988124
2020-03-12,TLT,-0.02286234,0.047910497,0.070772834,train,-0.007893398
2020-03-13,EFA,-0.108915746,-0.144268,0.03535226,train,0.07573804
2020-03-13,IWM,-0.14233504,-0.031876832,0.11045821,train,-0.025091529
2020-03-13,SPY,-0.11588642,0.10837981,0.22426623,train,-0.27510446
2020-03-13,TLT,0.06275464,-0.011067688,0.07382233,train,0.047910497
2020-03-16,EFA,0.047534887,0.32982722,0.28229234,train,-0.144268
2020-03-16,IWM,0.044820957,0.424723,0.37990203,train,-0.031876832
2020-03-16,SPY,0.05258496,-0.08785203,0.14043699,train,0.10837981
2020-03-16,TLT,-0.06901028,0.14789888,0.21690917,train,-0.011067688
2020-03-17,EFA,-0.058980305,-0.082056165,0.02307586,train,0.32982722
2020-03-17,IWM,-0.08068099,0.123073906,0.2037549,train,0.424723
2020-03-17,SPY,-0.05195985,-0.011488944,0.040470906,train,-0.08785203
2020-03-17,TLT,-0.05806616,-0.009848028,0.04821813,train,0.14789888
2020-03-18,EFA,0.015441546,0.12865677,0.11321523,train,-0.082056165
2020-03-18,IWM,0.03826999,0.5227772,0.4845072,train,0.123073906
2020-03-18,SPY,0.0021226108,0.060477167,0.058354557,train,-0.011488944
2020-03-18,TLT,0.026861575,-0.005912974,0.03277455,train,-0.009848028
2020-03-19,EFA,-0.012461878,-0.05055505,0.038093172,train,0.12865677
2020-03-19,IWM,-0.024067117,0.21349308,0.2375602,train,0.5227772
2020-03-19,SPY,-0.04405011,0.059594423,0.103644535,train,0.060477167
2020-03-19,TLT,0.072502375,0.034892634,0.03760974,train,-0.005912974
2020-03-20,EFA,-0.011758563,-0.05498478,0.043226216,train,-0.05055505
2020-03-20,IWM,-0.014903342,0.32105252,0.33595586,train,0.21349308
2020-03-20,SPY,-0.025900844,0.073431104,0.099331945,train,0.059594423
2020-03-20,TLT,0.040382754,0.1473194,0.10693665,train,0.034892634
2020-03-23,EFA,0.08133229,-0.124358654,0.20569095,train,-0.05498478
2020-03-23,IWM,0.08754516,-0.09000483,0.17754999,train,0.32105252
2020-03-23,SPY,0.086730994,0.04191199,0.044819005,train,0.073431104
2020-03-23,TLT,-0.018789338,0.118035555,0.13682489,train,0.1473194
2020-03-24,EFA,0.03199647,0.17056017,0.1385637,train,-0.124358654
2020-03-24,IWM,0.012352028,0.17080629,0.15845425,train,-0.09000483
2020-03-24,SPY,0.014859245,0.22730616,0.21244691,train,0.04191199
2020-03-24,TLT,-0.002273901,-0.10428717,0.10201327,train,0.118035555
2020-03-25,EFA,0.04376701,-0.03356868,0.077335685,train,0.17056017
2020-03-25,IWM,0.06034094,-0.071556896,0.13189784,train,0.17080629
2020-03-25,SPY,0.056748733,0.055103213,0.0016455203,train,0.22730616
2020-03-25,TLT,0.004909599,-0.06725131,0.07216091,train,-0.10428717
2020-03-26,EFA,-0.02890101,0.050363153,0.079264164,train,-0.03356868
2020-03-26,IWM,-0.037062276,0.13748683,0.1745491,train,-0.071556896
2020-03-26,SPY,-0.030238222,0.13290933,0.16314755,train,0.055103213
2020-03-26,TLT,0.026342802,-0.06675072,0.09309352,train,-0.06725131
2020-03-27,EFA,0.020039724,-0.020455666,0.04049539,train,0.050363153
2020-03-27,IWM,0.02179352,0.06684925,0.045055725,train,0.13748683
2020-03-27,SPY,0.03195927,0.112214565,0.0802553,train,0.13290933
2020-03-27,TLT,-0.0082635125,0.033017416,0.04128093,train,-0.06675072
2020-03-30,EFA,-0.008753055,0.02234532,0.031098373,train,-0.020455666
2020-03-30,IWM,-0.005054582,0.13487172,0.1399263,train,0.06684925
2020-03-30,SPY,-0.015017425,0.11174975,0.12676717,train,0.112214565
2020-03-30,TLT,-0.008149397,-0.03350822,0.025358822,train,0.033017416
2020-03-31,EFA,-0.04534497,-0.00085808104,0.04448689,train,0.02234532
2020-03-31,IWM,-0.070579074,0.05204618,0.122625254,train,0.13487172
2020-03-31,SPY,-0.046049017,0.018121868,0.06417088,train,0.11174975
2020-03-31,TLT,0.013913541,-0.00783986,0.0217534,train,-0.03350822
2020-04-01,EFA,0.01938425,-0.06534009,0.08472434,train,-0.00085808104
2020-04-01,IWM,0.009424735,-0.036473118,0.045897853,train,0.05204618
2020-04-01,SPY,0.022813214,-0.038037255,0.06085047,train,0.018121868
2020-04-01,TLT,0.0063256393,0.051185116,0.044859476,train,-0.00783986
2020-04-02,EFA,-0.023109931,0.15018633,0.17329626,train,-0.06534009
2020-04-02,IWM,-0.028736176,0.045609057,0.07434523,train,-0.036473118
2020-04-02,SPY,-0.014559682,-0.035272136,0.020712454,train,-0.038037255
2020-04-02,TLT,0.0023762078,0.06580976,0.06343355,train,0.051185116
2020-04-03,EFA,0.051685978,0.022255871,0.029430106,train,0.15018633
2020-04-03,IWM,0.07377323,0.0021023904,0.07167084,train,0.045609057
2020-04-03,SPY,0.06500691,-0.013264671,0.07827158,train,-0.035272136
2020-04-03,TLT,-0.002614496,0.036718898,0.039333392,train,0.06580976
2020-04-06,EFA,0.00558143,0.1722907,0.16670927,train,0.022255871
2020-04-06,IWM,0.0025713653,0.19199127,0.18941991,train,0.0021023904
2020-04-06,SPY,0.001018691,0.18339679,0.1823781,train,-0.013264671
2020-04-06,TLT,-0.010527644,0.0455156,0.056043245,train,0.036718898
2020-04-07,EFA,0.0081302,0.07778119,0.06965099,train,0.1722907
2020-04-07,IWM,0.044598345,0.10372604,0.059127692,train,0.19199127
2020-04-07,SPY,0.033017464,0.08732942,0.054311953,train,0.18339679
2020-04-07,TLT,-0.0073024156,0.055758238,0.063060656,train,0.0455156
2020-04-08,EFA,0.02238283,0.03158459,0.009201761,train,0.07778119
2020-04-08,IWM,0.046743143,0.092665516,0.045922372,train,0.10372604
2020-04-08,SPY,0.0151026845,0.14794096,0.13283828,train,0.08732942
2020-04-08,TLT,0.0018154603,-0.0130521655,0.014867626,train,0.055758238
2020-04-09,EFA,-0.009583141,-0.021403316,0.011820176,train,0.03158459
2020-04-09,IWM,-0.027450565,0.019327313,0.046777878,train,0.092665516
2020-04-09,SPY,-0.0091720475,0.19271033,0.20188238,train,0.14794096
2020-04-09,TLT,-0.009172147,-0.03058527,0.021413123,train,-0.0130521655
2020-04-13,EFA,0.017648451,0.010714844,0.006933607,train,-0.021403316
2020-04-13,IWM,0.020067938,0.081639096,0.06157116,train,0.019327313
2020-04-13,SPY,0.029066158,0.09053037,0.061464213,train,0.19271033
2020-04-13,TLT,-0.00024398179,-0.074781165,0.07453718,train,-0.03058527
2020-04-14,EFA,-0.031737186,-0.052137278,0.020400092,train,0.010714844
2020-04-14,IWM,-0.041650064,0.011351697,0.05300176,train,0.081639096
2020-04-14,SPY,-0.02147687,0.18739183,0.2088687,train,0.09053037
2020-04-14,TLT,0.026144559,-0.043668322,0.06981288,train,-0.074781165
2020-04-15,EFA,0.0005525904,-0.02803991,0.0285925,train,-0.052137278
2020-04-15,IWM,-0.007583638,0.04232829,0.049911927,train,0.011351697
2020-04-15,SPY,0.0048127896,0.048648924,0.043836135,train,0.18739183
2020-04-15,TLT,0.011292648,-0.04641414,0.05770679,train,-0.043668322
2020-04-16,EFA,0.026173823,-0.027195014,0.053368837,train,-0.02803991
2020-04-16,IWM,0.043108173,0.011769235,0.031338938,train,0.04232829
2020-04-16,SPY,0.026656706,0.19974051,0.17308381,train,0.048648924
2020-04-16,TLT,-0.013494956,-0.096540354,0.0830454,train,-0.04641414
2020-04-17,EFA,-0.015002406,-0.07700625,0.062003843,train,-0.027195014
2020-04-17,IWM,-0.0118675595,-0.04309216,0.031224601,train,0.011769235
2020-04-17,SPY,-0.017775074,0.29307294,0.310848,train,0.19974051
2020-04-17,TLT,0.008012322,-0.15549502,0.16350734,train,-0.096540354
2020-04-20,EFA,-0.019678943,-0.036754254,0.017075311,train,-0.07700625
2020-04-20,IWM,-0.02416646,0.011468589,0.035635047,train,-0.04309216
2020-04-20,SPY,-0.03083376,0.05674827,0.08758203,train,0.29307294
2020-04-20,TLT,0.01251296,-0.047201157,0.059714116,train,-0.15549502
2020-04-21,EFA,0.016760616,-0.04483512,0.061595738,train,-0.036754254
2020-04-21,IWM,0.012072592,-0.036891446,0.04896404,train,0.011468589
2020-04-21,SPY,0.02195213,-0.18432584,0.20627797,train,0.05674827
2020-04-21,TLT,-0.010269091,-0.028670385,0.018401295,train,-0.047201157
2020-04-22,EFA,-0.0031097757,-0.028215379,0.025105603,train,-0.04483512
2020-04-22,IWM,0.009769748,-0.038992368,0.048762117,train,-0.036891446
2020-04-22,SPY,-7.188931e-05,0.11408098,0.11415287,train,-0.18432584
2020-04-22,TLT,0.0052947393,-0.035307795,0.040602535,train,-0.028670385
2020-04-23,EFA,0.01147649,0.022206027,0.010729537,train,-0.028215379
2020-04-23,IWM,0.017055117,-0.050915748,0.067970864,train,-0.038992368
2020-04-23,SPY,0.013842473,0.032248527,0.018406054,train,0.11408098
2020-04-23,TLT,0.0023437291,-0.051251143,0.053594872,train,-0.035307795
2020-04-24,EFA,0.013135727,0.0515102,0.038374472,train,0.022206027
2020-04-24,IWM,0.038856145,-0.011571601,0.050427746,train,-0.050915748
2020-04-24,SPY,0.014315394,-0.023465604,0.037780996,train,0.032248527
2020-04-24,TLT,-0.01878905,-0.02513498,0.0063459314,train,-0.051251143
2020-04-27,EFA,0.007479912,-0.01997634,0.027456252,train,0.0515102
2020-04-27,IWM,0.014432507,-0.12496698,0.13939948,train,-0.011571601
2020-04-27,SPY,-0.004608733,0.024318583,0.028927317,train,-0.023465604
2020-04-27,TLT,0.011445778,-0.014057599,0.025503378,train,-0.02513498
2020-04-28,EFA,0.024710074,-0.044946015,0.06965609,train,-0.01997634
2020-04-28,IWM,0.048011575,-0.09960888,0.14762045,train,-0.12496698
2020-04-28,SPY,0.025841571,0.0015229215,0.02431865,train,0.024318583
2020-04-28,TLT,-0.0052025337,-0.044988677,0.039786145,train,-0.014057599
2020-04-29,EFA,-0.020990875,-0.11619977,0.0952089,train,-0.044946015
2020-04-29,IWM,-0.03876016,-0.2432392,0.20447904,train,-0.09960888
2020-04-29,SPY,-0.009354253,0.0596809,0.06903516,train,0.0015229215
2020-04-29,TLT,-0.011745891,-0.03393981,0.022193918,train,-0.044988677
2020-04-30,EFA,-0.0219827,0.030018143,0.052000843,train,-0.11619977
2020-04-30,IWM,-0.04048318,-0.0791499,0.03866672,train,-0.2432392
2020-04-30,SPY,-0.026830325,-0.00964126,0.017189065,train,0.0596809
2020-04-30,TLT,0.008527122,-0.038175862,0.046702985,train,-0.03393981
2020-05-01,EFA,-0.0003614633,-0.011869356,0.011507893,train,0.030018143
2020-05-01,IWM,0.004305903,-0.11181657,0.11612247,train,-0.0791499
2020-05-01,SPY,0.0027543057,-0.07089192,0.073646225,train,-0.00964126
2020-05-01,TLT,-0.0047152094,-0.042747516,0.03803231,train,-0.038175862
2020-05-04,EFA,0.001805682,-0.029737998,0.03154368,train,-0.011869356
2020-05-04,IWM,0.0076883263,-0.1316538,0.13934213,train,-0.11181657
2020-05-04,SPY,0.009197107,-0.13295045,0.14214756,train,-0.07089192
2020-05-04,TLT,-0.006421072,-0.045148898,0.038727827,train,-0.042747516
2020-05-05,EFA,-0.006516882,0.019692823,0.026209705,train,-0.029737998
2020-05-05,IWM,-0.0073701623,-0.08591938,0.07854922,train,-0.1316538
2020-05-05,SPY,-0.006801712,-0.119218245,0.112416536,train,-0.13295045
2020-05-05,TLT,-0.01626759,-0.049632285,0.033364695,train,-0.045148898
2020-05-06,EFA,0.014962005,0.07005424,0.055092234,train,0.019692823
2020-05-06,IWM,0.013588668,0.015340555,0.0017518876,train,-0.08591938
2020-05-06,SPY,0.011994202,-0.1306785,0.1426727,train,-0.119218245
2020-05-06,TLT,0.016568093,-0.052944195,0.069512285,train,-0.049632285
2020-05-07,EFA,0.016854916,0.006665927,0.010188989,train,0.07005424
2020-05-07,IWM,0.037879746,-0.056140076,0.09401982,train,0.015340555
2020-05-07,SPY,0.016410783,-0.12740532,0.1438161,train,-0.1306785
2020-05-07,TLT,-0.013086205,-0.032352153,0.019265948,train,-0.052944195
2020-05-08,EFA,-0.0008799185,-0.052539073,0.051659156,train,0.006665927
2020-05-08,IWM,-0.004998924,-0.19266531,0.18766639,train,-0.056140076
2020-05-08,SPY,0.00020500916,-0.12577799,0.125983,train,-0.12740532
2020-05-08,TLT,-0.007836709,-0.06098167,0.05314496,train,-0.032352153
2020-05-11,EFA,-0.012759436,0.010611162,0.023370598,train,-0.052539073
2020-05-11,IWM,-0.036575712,-0.062453672,0.02587796,train,-0.19266531
2020-05-11,SPY,-0.020132354,-0.06367081,0.04353845,train,-0.12577799
2020-05-11,TLT,0.010211924,-0.05281184,0.06302376,train,-0.06098167
2020-05-12,EFA,-0.0076986575,0.06348209,0.071180746,train,0.010611162
2020-05-12,IWM,-0.034045435,-0.04070331,0.006657876,train,-0.062453672
2020-05-12,SPY,-0.017844204,-0.021655314,0.0038111098,train,-0.06367081
2020-05-12,TLT,0.0069724736,-0.043394897,0.05036737,train,-0.05281184
2020-05-13,EFA,-0.009571109,-0.0038245874,0.0057465215,train,0.06348209
2020-05-13,IWM,0.0032539985,-0.06789601,0.071150005,train,-0.04070331
2020-05-13,SPY,0.0118960105,-0.10106317,0.11295918,train,-0.021655314
2020-05-13,TLT,0.009739868,-0.032959383,0.04269925,train,-0.043394897
2020-05-14,EFA,0.0009068958,0.040710654,0.03980376,train,-0.0038245874
2020-05-14,IWM,0.015794,-0.13773254,0.15352653,train,-0.06789601
2020-05-14,SPY,0.004586535,-0.15421098,0.15879752,train,-0.10106317
2020-05-14,TLT,-0.0025769062,-0.024002798,0.021425892,train,-0.032959383
2020-05-15,EFA,0.03963192,0.07951545,0.039883528,train,0.040710654
2020-05-15,IWM,0.058986645,-0.12991865,0.1889053,train,-0.13773254
2020-05-15,SPY,0.030004939,-0.119345486,0.14935042,train,-0.15421098
2020-05-15,TLT,-0.022197993,-0.027401138,0.0052031446,train,-0.024002798
2020-05-18,EFA,-0.013860964,-0.13801098,0.124150015,train,0.07951545
2020-05-18,IWM,-0.019944342,-0.23919669,0.21925235,train,-0.12991865
2020-05-18,SPY,-0.010324298,-0.09612009,0.08579579,train,-0.119345486
2020-05-18,TLT,0.003733998,-0.051737644,0.05547164,train,-0.027401138
2020-05-19,EFA,0.02063347,0.00958747,0.011046,train,-0.13801098
2020-05-19,IWM,0.029844211,-0.08875671,0.11860092,train,-0.23919669
2020-05-19,SPY,0.016845625,0.014483355,0.00236227,train,-0.09612009
2020-05-19,TLT,0.0029897846,0.0043324195,0.0013426349,train,-0.051737644
2020-05-20,EFA,-0.011663447,-0.14195897,0.13029552,train,0.00958747
2020-05-20,IWM,0.0017891994,-0.26089385,0.26268306,train,-0.08875671
2020-05-20,SPY,-0.0069281356,-0.048520524,0.04159239,train,0.014483355
2020-05-20,TLT,0.0024944101,0.015971955,0.013477545,train,0.0043324195
2020-05-21,EFA,-0.0028055103,-0.002690948,0.00011456222,train,-0.14195897
2020-05-21,IWM,0.0048308,-0.16072366,0.16555446,train,-0.26089385
2020-05-21,SPY,0.0018974761,0.0008424488,0.0010550274,train,-0.048520524
2020-05-21,TLT,0.0059974645,0.018249335,0.012251871,train,0.015971955
2020-05-22,EFA,0.028219758,-0.029118475,0.05733823,train,-0.002690948
2020-05-22,IWM,0.028429981,-0.17514768,0.20357767,train,-0.16072366
2020-05-22,SPY,0.0122449435,-0.02611984,0.038364783,train,0.0008424488
2020-05-22,TLT,-0.013499883,0.016766671,0.030266553,train,0.018249335
2020-05-26,EFA,0.012047369,-0.0765163,0.088563666,train,-0.029118475
2020-05-26,IWM,0.030583762,-0.17842136,0.20900512,train,-0.17514768
2020-05-26,SPY,0.0147697255,0.024048597,0.009278871,train,-0.02611984
2020-05-26,TLT,-0.0018386644,0.042712763,0.04455143,train,0.016766671
2020-05-27,EFA,0.009400665,-0.074390315,0.08379098,train,-0.0765163
2020-05-27,IWM,-0.023976445,-0.18583286,0.16185641,train,-0.17842136
2020-05-27,SPY,-0.0018470744,0.02529791,0.027144983,train,0.024048597
2020-05-27,TLT,-0.0036868323,0.0248561,0.028542932,train,0.042712763
2020-05-28,EFA,-0.0035150158,-0.0065630185,0.0030480027,train,-0.074390315
2020-05-28,IWM,-0.005743217,-0.034626022,0.028882805,train,-0.18583286
2020-05-28,SPY,0.0044464953,0.01140577,0.0069592744,train,0.02529791
2020-05-28,TLT,0.007115308,0.035933122,0.028817814,train,0.0248561
2020-05-29,EFA,0.02205561,-0.0042826007,0.02633821,train,-0.0065630185
2020-05-29,IWM,0.009529898,-0.077251494,0.08678139,train,-0.034626022
2020-05-29,SPY,0.0040335557,0.009716662,0.005683106,train,0.01140577
2020-05-29,TLT,-0.0067549176,-0.023972241,0.017217323,train,0.035933122
2020-06-01,EFA,0.009305284,-0.13073544,0.14004073,train,-0.0042826007
2020-06-01,IWM,0.008237804,-0.07313638,0.08137418,train,-0.077251494
2020-06-01,SPY,0.008245839,-0.07148277,0.07972861,train,0.009716662
2020-06-01,TLT,-0.0036415712,0.026729861,0.030371433,train,-0.023972241
2020-06-02,EFA,0.023606202,-0.09026673,0.11387293,train,-0.13073544
2020-06-02,IWM,0.023831598,-0.08615981,0.10999141,train,-0.07313638
2020-06-02,SPY,0.013220535,-0.023338344,0.036558878,train,-0.07148277
2020-06-02,TLT,-0.013386678,0.002015172,0.0154018495,train,0.026729861
2020-06-03,EFA,-0.0042942273,-0.09826696,0.093972735,train,-0.09026673
2020-06-03,IWM,-0.0014510396,0.008742288,0.010193327,train,-0.08615981
2020-06-03,SPY,-0.0026300123,0.042424157,0.04505417,train,-0.023338344
2020-06-03,TLT,-0.0145851355,0.009029973,0.023615109,train,0.002015172
2020-06-04,EFA,0.01706729,-0.02765596,0.04472325,train,-0.09826696
2020-06-04,IWM,0.037932295,-0.08890748,0.12683977,train,0.008742288
2020-06-04,SPY,0.025306392,-0.03632973,0.061636124,train,0.042424157
2020-06-04,TLT,-0.0071492745,0.034318198,0.041467473,train,0.009029973
2020-06-05,EFA,0.012921512,-0.06988178,0.082803294,train,-0.02765596
2020-06-05,IWM,0.019191,-0.059410505,0.07860151,train,-0.08890748
2020-06-05,SPY,0.01201493,0.11033889,0.098323956,train,-0.03632973
2020-06-05,TLT,0.003836555,0.018404506,0.014567951,train,0.034318198
2020-06-08,EFA,-0.013078177,0.008584358,0.021662535,train,-0.06988178
2020-06-08,IWM,-0.018658647,0.013187431,0.031846076,train,-0.059410505
2020-06-08,SPY,-0.0074845664,0.073372856,0.080857426,train,0.11033889
2020-06-08,TLT,0.011294514,0.010807764,0.00048675016,train,0.018404506
2020-06-09,EFA,-0.0021965415,0.004074671,0.0062712124,train,0.008584358
2020-06-09,IWM,-0.027528131,-0.04705061,0.019522479,train,0.013187431
2020-06-09,SPY,-0.005595383,-0.0042259577,0.0013694251,train,0.073372856
2020-06-09,TLT,0.014718872,0.0035468605,0.0111720115,train,0.010807764
2020-06-10,EFA,-0.05504488,0.0243817,0.07942658,train,0.004074671
2020-06-10,IWM,-0.07934172,0.029819414,0.10916113,train,-0.04705061
2020-06-10,SPY,-0.059377465,0.07633491,0.13571237,train,-0.0042259577
2020-06-10,TLT,0.018723788,-0.05032482,0.069048606,train,0.0035468605
2020-06-11,EFA,0.017111484,0.054077208,0.036965724,train,0.0243817
2020-06-11,IWM,0.023711422,0.052491814,0.028780391,train,0.029819414
2020-06-11,SPY,0.01190426,-0.0021234076,0.014027668,train,0.07633491
2020-06-11,TLT,-0.009687657,-0.024928011,0.015240354,train,-0.05032482
2020-06-12,EFA,0.0040944633,0.022534803,0.01844034,train,0.054077208
2020-06-12,IWM,0.022856643,0.0231134,0.00025675632,train,0.052491814
2020-06-12,SPY,0.009292429,-0.023664467,0.0329569,train,-0.0021234076
2020-06-12,TLT,0.0005542711,-0.013938019,0.01449229,train,-0.024928011
2020-06-15,EFA,0.01228225,0.060175598,0.047893345,train,0.022534803
2020-06-15,IWM,0.023759395,0.017857358,0.005902037,train,0.0231134
2020-06-15,SPY,0.019064847,-0.010229453,0.0292943,train,-0.023664467
2020-06-15,TLT,-0.015452522,-0.0010168836,0.014435638,train,-0.013938019
2020-06-16,EFA,0.0037363828,0.024148002,0.02041162,train,0.060175598
2020-06-16,IWM,-0.01824271,-0.03137943,0.013136722,train,0.017857358
2020-06-16,SPY,-0.00416252,-0.00642731,0.0022647898,train,-0.010229453
2020-06-16,TLT,0.004119068,0.025035577,0.020916509,train,-0.0010168836
2020-06-17,EFA,-0.005365214,0.034871757,0.040236972,train,0.024148002
2020-06-17,IWM,-0.00035249168,0.026676565,0.027029058,train,-0.03137943
2020-06-17,SPY,0.00038501652,0.044713624,0.044328608,train,-0.00642731
2020-06-17,TLT,0.010532903,0.024899364,0.014366461,train,0.025035577
2020-06-18,EFA,-0.004902841,-0.050664052,0.045761213,train,0.034871757
2020-06-18,IWM,-0.0051641944,-0.23039024,0.22522604,train,0.026676565
2020-06-18,SPY,-0.005731274,-0.12960461,0.12387333,train,0.044713624
2020-06-18,TLT,0.00080055126,0.03472998,0.03392943,train,0.024899364
2020-06-19,EFA,0.011888396,-0.07538268,0.08727108,train,-0.050664052
2020-06-19,IWM,0.009950933,-0.22219805,0.23214899,train,-0.23039024
2020-06-19,SPY,0.0063945353,-0.1387581,0.14515263,train,-0.12960461
2020-06-19,TLT,0.00012321636,0.04329849,0.043175273,train,0.03472998
2020-06-22,EFA,0.0054892986,-0.08571847,0.091207765,train,-0.07538268
2020-06-22,IWM,0.004204575,-0.08240068,0.08660525,train,-0.22219805
2020-06-22,SPY,0.0045933705,-0.12988529,0.13447866,train,-0.1387581
2020-06-22,TLT,-0.0068583745,0.041937128,0.048795503,train,0.04329849
2020-06-23,EFA,-0.025933191,-0.06567377,0.039740577,train,-0.08571847
2020-06-23,IWM,-0.032985732,-0.15069427,0.117708534,train,-0.08240068
2020-06-23,SPY,-0.025839873,-0.1295656,0.103725724,train,-0.12988529
2020-06-23,TLT,0.010668794,0.036842205,0.026173411,train,0.041937128
2020-06-24,EFA,0.014110188,-0.025935903,0.040046092,train,-0.06567377
2020-06-24,IWM,0.014992608,-0.32231686,0.33730945,train,-0.15069427
2020-06-24,SPY,0.010663428,-0.07644945,0.087112874,train,-0.1295656
2020-06-24,TLT,0.0028787474,-0.037557084,0.040435832,train,0.036842205
2020-06-25,EFA,-0.014606096,0.0024961983,0.017102294,train,-0.025935903
2020-06-25,IWM,-0.02728221,-0.0744834,0.047201194,train,-0.32231686
2020-06-25,SPY,-0.024037901,0.023380008,0.04741791,train,-0.07644945
2020-06-25,TLT,0.010646207,-0.024926415,0.035572622,train,-0.037557084
2020-06-26,EFA,0.008067945,0.057591192,0.04952325,train,0.0024961983
2020-06-26,IWM,0.032182977,-0.05238726,0.08457024,train,-0.0744834
2020-06-26,SPY,0.014590626,0.06302628,0.048435654,train,0.023380008
2020-06-26,TLT,-0.0031516918,-0.03941938,0.036267687,train,-0.024926415
2020-06-29,EFA,-0.0018053523,0.0009875563,0.0027929086,train,0.057591192
2020-06-29,IWM,0.014349992,-0.035498753,0.049848747,train,-0.05238726
2020-06-29,SPY,0.012728232,0.024369493,0.011641261,train,0.06302628
2020-06-29,TLT,-0.0048682448,0.006898427,0.011766672,train,-0.03941938
2020-06-30,EFA,0.003771231,0.017453223,0.013681993,train,0.0009875563
2020-06-30,IWM,-0.009543515,-0.03853765,0.028994136,train,-0.035498753
2020-06-30,SPY,0.0069803083,0.062064037,0.05508373,train,0.024369493
2020-06-30,TLT,-0.0019441246,0.015851373,0.017795498,train,0.006898427
