date,ticker,y_true,y_pred,abs_error,dataset_part,signal_for_trade
2018-09-28,EFA,0.0011761428,0.0005991687,0.0005769741,train,
2018-09-28,IWM,-0.013258414,-0.010745822,0.002512592,train,
2018-09-28,SPY,0.0034683156,-0.013606305,0.01707462,train,
2018-09-28,TLT,-0.0073682563,0.014280824,0.021649081,train,
2018-10-01,EFA,-0.0051551387,0.0061935256,0.011348665,train,0.0005991687
2018-10-01,IWM,-0.010881079,0.011487784,0.022368863,train,-0.010745822
2018-10-01,SPY,-0.000583637,-0.001574079,0.000990442,train,-0.013606305
2018-10-01,TLT,0.006094694,0.008206457,0.0021117628,train,0.014280824
2018-10-02,EFA,-0.0017734747,-0.012948278,0.011174804,train,0.0061935256
2018-10-02,IWM,0.008714315,-0.007847469,0.016561784,train,0.011487784
2018-10-02,SPY,0.0005491221,-0.00016342103,0.00071254314,train,-0.001574079
2018-10-02,TLT,-0.01752426,0.0031899554,0.020714214,train,0.008206457
2018-10-03,EFA,-0.011755215,-0.011057645,0.0006975699,train,-0.012948278
2018-10-03,IWM,-0.014138269,-0.010250815,0.003887454,train,-0.007847469
2018-10-03,SPY,-0.007846643,0.0018189843,0.009665627,train,-0.00016342103
2018-10-03,TLT,-0.0070787966,-0.004693303,0.0023854938,train,0.0031899554
2018-10-04,EFA,-0.0060050953,-0.00980396,0.0037988648,train,-0.011057645
2018-10-04,IWM,-0.00908504,-0.0071278578,0.0019571818,train,-0.010250815
2018-10-04,SPY,-0.005612357,-0.04767293,0.042060573,train,0.0018189843
2018-10-04,TLT,-0.008632103,0.00090425275,0.009536356,train,-0.004693303
2018-10-05,EFA,-0.004830335,-0.010358021,0.005527686,train,-0.00980396
2018-10-05,IWM,-0.0020992684,-0.0095420275,0.0074427593,train,-0.0071278578
2018-10-05,SPY,0.0,-0.023969175,0.023969175,train,-0.04767293
2018-10-05,TLT,-0.0033675367,-0.00464195,0.0012744134,train,0.00090425275
2018-10-08,EFA,-0.002575323,-0.015078053,0.01250273,train,-0.010358021
2018-10-08,IWM,-0.0039008206,-0.009077222,0.0051764017,train,-0.0095420275
2018-10-08,SPY,-0.0014605154,-0.02343976,0.021979244,train,-0.023969175
2018-10-08,TLT,0.010068283,0.0006512287,0.009417055,train,-0.00464195
2018-10-09,EFA,-0.021467011,-0.013569457,0.007897554,train,-0.015078053
2018-10-09,IWM,-0.02914436,-0.009388128,0.019756231,train,-0.009077222
2018-10-09,SPY,-0.032175142,-0.025045427,0.0071297158,train,-0.02343976
2018-10-09,TLT,-0.0027276422,-0.008406643,0.0056790006,train,0.0006512287
2018-10-10,EFA,-0.014047101,-0.016426666,0.0023795646,train,-0.013569457
2018-10-10,IWM,-0.019282667,-0.010984993,0.008297674,train,-0.009388128
2018-10-10,SPY,-0.022272864,-0.014147002,0.008125862,train,-0.025045427
2018-10-10,TLT,0.01208607,0.002199274,0.009886796,train,-0.008406643
2018-10-11,EFA,0.0036085437,-0.012341185,0.015949728,train,-0.016426666
2018-10-11,IWM,0.00019492724,-0.0056753685,0.0058702957,train,-0.010984993
2018-10-11,SPY,0.013792881,-0.009463975,0.023256857,train,-0.014147002
2018-10-11,TLT,-0.0034883765,0.006267576,0.009755952,train,0.002199274
2018-10-12,EFA,-0.002351963,-0.0069663445,0.0046143816,train,-0.012341185
2018-10-12,IWM,0.0037040147,-0.00011073798,0.0038147527,train,-0.0056753685
2018-10-12,SPY,-0.0056326278,-0.0017112852,0.0039213425,train,-0.009463975
2018-10-12,TLT,-0.00043698607,0.003141847,0.003578833,train,0.006267576
2018-10-15,EFA,0.016966745,-0.008559198,0.025525942,train,-0.0069663445
2018-10-15,IWM,0.028581714,-0.0023968103,0.030978525,train,-0.00011073798
2018-10-15,SPY,0.021630293,-0.002612425,0.024242718,train,-0.0017112852
2018-10-15,TLT,0.0022699174,0.0025684447,0.0002985273,train,0.003141847
2018-10-16,EFA,-0.005727125,0.020005701,0.025732826,train,-0.008559198
2018-10-16,IWM,-0.0042955657,-0.023889616,0.019594051,train,-0.0023968103
2018-10-16,SPY,0.0001780678,-0.0036215377,0.0037996054,train,-0.002612425
2018-10-16,TLT,-0.0059470045,-0.00010370277,0.005843302,train,0.0025684447
2018-10-17,EFA,-0.016275821,-0.012914198,0.0033616228,train,0.020005701
2018-10-17,IWM,-0.018916633,-0.009618657,0.009297976,train,-0.023889616
2018-10-17,SPY,-0.014546606,-0.0054213437,0.0091252625,train,-0.0036215377
2018-10-17,TLT,-0.00035109746,-0.005827962,0.0054768645,train,-0.00010370277
2018-10-18,EFA,0.005664012,-0.015594518,0.02125853,train,-0.012914198
2018-10-18,IWM,-0.010637287,-0.014373871,0.0037365835,train,-0.009618657
2018-10-18,SPY,-0.00054256216,-0.010533832,0.00999127,train,-0.0054213437
2018-10-18,TLT,-0.0021959783,0.004122634,0.006318612,train,-0.005827962
2018-10-19,EFA,-0.0044026007,0.019080633,0.023483234,train,-0.015594518
2018-10-19,IWM,-0.0021539195,-0.0077739703,0.0056200507,train,-0.014373871
2018-10-19,SPY,-0.0044990564,-0.0047278423,0.00022878591,train,-0.010533832
2018-10-19,TLT,-0.0013201372,0.005163035,0.006483172,train,0.004122634
2018-10-22,EFA,-0.009499599,-0.011155294,0.001655695,train,0.019080633
2018-10-22,IWM,-0.008992793,-0.003825505,0.005167288,train,-0.0077739703
2018-10-22,SPY,-0.005103653,-0.006491056,0.0013874033,train,-0.0047278423
2018-10-22,TLT,0.0031649773,0.00033561932,0.002829358,train,0.005163035
2018-10-23,EFA,-0.028725656,-0.0056212703,0.023104385,train,-0.011155294
2018-10-23,IWM,-0.03837735,-0.0022675754,0.03610977,train,-0.003825505
2018-10-23,SPY,-0.030766997,-0.004086222,0.026680775,train,-0.006491056
2018-10-23,TLT,0.007521369,-0.0006207195,0.008142089,train,0.00033561932
2018-10-24,EFA,0.012527588,-0.005353084,0.01788067,train,-0.0056212703
2018-10-24,IWM,0.021420622,-0.0059355297,0.027356151,train,-0.0022675754
2018-10-24,SPY,0.017781464,-0.005050196,0.02283166,train,-0.004086222
2018-10-24,TLT,-0.004191017,-0.002221922,0.0019690949,train,-0.0006207195
2018-10-25,EFA,-0.0068137883,-0.004299992,0.002513796,train,-0.005353084
2018-10-25,IWM,-0.010991719,-0.0027997629,0.008191956,train,-0.0059355297
2018-10-25,SPY,-0.017743837,0.0008372697,0.018581107,train,-0.005050196
2018-10-25,TLT,0.006018592,0.0009556166,0.0050629755,train,-0.002221922
2018-10-26,EFA,-0.0027712656,-0.0019462239,0.0008250417,train,-0.004299992
2018-10-26,IWM,-0.0055077276,-0.0022702478,0.0032374798,train,-0.0027997629
2018-10-26,SPY,-0.005555873,-0.0026309215,0.0029249513,train,0.0008372697
2018-10-26,TLT,-0.0022637905,-0.021277688,0.019013898,train,0.0009556166
2018-10-29,EFA,0.012007435,-0.0019813473,0.013988782,train,-0.0019462239
2018-10-29,IWM,0.020648565,-0.0013678209,0.022016386,train,-0.0022702478
2018-10-29,SPY,0.014710031,0.0009819125,0.013728119,train,-0.0026309215
2018-10-29,TLT,-0.0049807476,0.004401107,0.009381855,train,-0.021277688
2018-10-30,EFA,0.007391884,-0.0066599557,0.01405184,train,-0.0019813473
2018-10-30,IWM,0.0020014786,-0.014106191,0.01610767,train,-0.0013678209
2018-10-30,SPY,0.010624098,0.0025552628,0.008068835,train,0.0009819125
2018-10-30,TLT,-0.005093408,0.0028477483,0.007941157,train,0.004401107
2018-10-31,EFA,0.01272681,-0.0007005264,0.013427336,train,-0.0066599557
2018-10-31,IWM,0.02280066,-0.00096529396,0.023765953,train,-0.014106191
2018-10-31,SPY,0.010585543,-0.0015486949,0.012134237,train,0.0025552628
2018-10-31,TLT,0.00092613406,0.014429828,0.013503694,train,0.0028477483
2018-11-01,EFA,0.0014216845,0.004852108,0.0034304238,train,-0.0007005264
2018-11-01,IWM,0.0033167393,0.01802571,0.01470897,train,-0.00096529396
2018-11-01,SPY,-0.0059403973,-0.005305864,0.00063453335,train,-0.0015486949
2018-11-01,TLT,-0.012510665,0.009914096,0.022424761,train,0.014429828
2018-11-02,EFA,0.0,0.009521734,0.009521734,train,0.004852108
2018-11-02,IWM,-0.0007792154,0.024413412,0.025192628,train,0.01802571
2018-11-02,SPY,0.005501659,-0.005482479,0.010984138,train,-0.005305864
2018-11-02,TLT,0.0039210897,-0.0032466133,0.007167703,train,0.009914096
2018-11-05,EFA,0.0040958296,0.0021050354,0.0019907942,train,0.009521734
2018-11-05,IWM,0.004926611,0.008090852,0.0031642406,train,0.024413412
2018-11-05,SPY,0.006308016,-0.04019492,0.046502937,train,-0.005482479
2018-11-05,TLT,-0.0006226267,0.0006546774,0.001277304,train,-0.0032466133
2018-11-06,EFA,0.0132742105,-0.018468708,0.03174292,train,0.0021050354
2018-11-06,IWM,0.017753929,0.01874,0.0009860713,train,0.008090852
2018-11-06,SPY,0.021182785,-0.0062483083,0.027431093,train,-0.04019492
2018-11-06,TLT,0.0013338804,0.010182943,0.008849063,train,0.0006546774
2018-11-07,EFA,-0.009821397,0.025393663,0.03521506,train,-0.018468708
2018-11-07,IWM,-0.002671443,0.0027801231,0.005451566,train,0.01874
2018-11-07,SPY,-0.0018165163,0.0356635,0.037480015,train,-0.0062483083
2018-11-07,TLT,-8.893115e-05,0.006330161,0.006419092,train,0.010182943
2018-11-08,EFA,-0.0066017997,-0.010543002,0.003941202,train,0.025393663
2018-11-08,IWM,-0.01871027,0.00988541,0.02859568,train,0.0027801231
2018-11-08,SPY,-0.009816198,0.047564432,0.05738063,train,0.0356635
2018-11-08,TLT,0.007438232,0.0068230727,0.0006151595,train,0.006330161
2018-11-09,EFA,-0.016537217,-0.0038214363,0.012715781,train,-0.010543002
2018-11-09,IWM,-0.019993681,-0.0035488107,0.016444871,train,0.00988541
2018-11-09,SPY,-0.018862024,0.03975601,0.058618035,train,0.047564432
2018-11-09,TLT,0.0065071555,0.008165197,0.001658042,train,0.0068230727
2018-11-12,EFA,0.004319495,-0.0017943936,0.0061138887,train,-0.0038214363
2018-11-12,IWM,-0.0031830852,-0.011112554,0.0079294685,train,-0.0035488107
2018-11-12,SPY,-0.0018727537,0.015847469,0.017720222,train,0.03975601
2018-11-12,TLT,-0.00061353715,0.011822272,0.012435809,train,0.008165197
2018-11-13,EFA,0.00079805165,0.010191187,0.009393136,train,-0.0017943936
2018-11-13,IWM,-0.0073332842,-0.0054148124,0.0019184719,train,-0.011112554
2018-11-13,SPY,-0.0068599773,-0.00669342,0.00016655726,train,0.015847469
2018-11-13,TLT,0.00061353715,0.013098517,0.012484981,train,0.011822272
2018-11-14,EFA,0.0031852468,0.011909984,0.008724737,train,0.010191187
2018-11-14,IWM,0.014151486,-0.003366404,0.017517889,train,-0.0054148124
2018-11-14,SPY,0.0103824185,-0.0010863892,0.011468807,train,-0.00669342
2018-11-14,TLT,-0.00043844912,0.017124908,0.017563358,train,0.013098517
2018-11-15,EFA,0.001112247,-0.0068595572,0.007971805,train,0.011909984
2018-11-15,IWM,0.0023722195,-0.0035741334,0.005946353,train,-0.003366404
2018-11-15,SPY,0.0025973811,-0.0035549419,0.006152323,train,-0.0010863892
2018-11-15,TLT,0.0057709944,0.014988402,0.009217408,train,0.017124908
2018-11-16,EFA,-0.008774076,-0.0068595572,0.0019145184,train,-0.0068595572
2018-11-16,IWM,-0.020479592,-0.004507919,0.015971672,train,-0.0035741334
2018-11-16,SPY,-0.01705947,-0.0063790353,0.010680434,train,-0.0035549419
2018-11-16,TLT,0.0027859025,0.0023380858,0.00044781668,train,0.014988402
2018-11-19,EFA,-0.017456345,-0.008749292,0.008707053,train,-0.0068595572
2018-11-19,IWM,-0.01946818,-0.0047328756,0.014735306,train,-0.004507919
2018-11-19,SPY,-0.018679522,-0.004922286,0.013757236,train,-0.0063790353
2018-11-19,TLT,0.00034775384,0.0017118962,0.0013641423,train,0.0023380858
2018-11-20,EFA,0.013925291,-0.008310754,0.022236045,train,-0.008749292
2018-11-20,IWM,0.01387702,-0.0035798014,0.017456822,train,-0.0047328756
2018-11-20,SPY,0.003401756,-0.0023036515,0.005705408,train,-0.004922286
2018-11-20,TLT,-0.00034775384,-0.0024677939,0.0021200401,train,0.0017118962
2018-11-21,EFA,-0.0066147456,-0.0068595572,0.00024481164,train,-0.008310754
2018-11-21,IWM,-0.0009460904,-0.021862365,0.020916276,train,-0.0035798014
2018-11-21,SPY,-0.006700956,-0.0041170036,0.0025839522,train,-0.0023036515
2018-11-21,TLT,0.0010426546,-7.624505e-05,0.0011188997,train,-0.0024677939
2018-11-23,EFA,0.0149412425,-0.01651329,0.031454533,train,-0.0068595572
2018-11-23,IWM,0.01289879,-0.00034485105,0.013243641,train,-0.021862365
2018-11-23,SPY,0.016015261,-0.003844022,0.019859284,train,-0.0041170036
2018-11-23,TLT,-0.0022605015,-0.00047398685,0.0017865147,train,-7.624505e-05
2018-11-26,EFA,-0.0038344203,0.013443997,0.017278418,train,-0.01651329
2018-11-26,IWM,-0.008311405,-0.008580411,0.000269006,train,-0.00034485105
2018-11-26,SPY,0.0033587813,-0.008248828,0.01160761,train,-0.003844022
2018-11-26,TLT,0.0011310932,-0.0008675796,0.0019986727,train,-0.00047398685
2018-11-27,EFA,0.014146245,-0.014613252,0.028759498,train,0.013443997
2018-11-27,IWM,0.024402073,-0.0056662215,0.030068293,train,-0.008580411
2018-11-27,SPY,0.022764519,-0.006304803,0.029069321,train,-0.008248828
2018-11-27,TLT,-0.0048813913,0.005933708,0.010815099,train,-0.0008675796
2018-11-28,EFA,-0.005063219,-0.046565015,0.041501798,train,-0.014613252
2018-11-28,IWM,-0.0026969272,0.0031508845,0.0058478117,train,-0.0056662215
2018-11-28,SPY,-0.0021881107,-0.02659321,0.0244051,train,-0.006304803
2018-11-28,TLT,0.003924402,0.004453909,0.0005295072,train,0.005933708
2018-11-29,EFA,-0.00429218,-0.005584529,0.0012923493,train,-0.046565015
2018-11-29,IWM,0.0051896926,0.00781711,0.0026274174,train,0.0031508845
2018-11-29,SPY,0.0060770065,-0.037418295,0.0434953,train,-0.02659321
2018-11-29,TLT,0.003735718,0.00081402017,0.002921698,train,0.004453909
2018-11-30,EFA,0.01313621,0.003479472,0.0096567385,train,-0.005584529
2018-11-30,IWM,0.009520966,0.010476509,0.0009555435,train,0.00781711
2018-11-30,SPY,0.013154565,-0.044960853,0.05811542,train,-0.037418295
2018-11-30,TLT,0.007075284,0.0030616098,0.0040136743,train,0.00081402017
2018-12-03,EFA,-0.026285905,-0.0022507985,0.024035107,train,0.003479472
2018-12-03,IWM,-0.043508284,0.022874855,0.06638314,train,0.010476509
2018-12-03,SPY,-0.032938525,0.023218328,0.05615685,train,-0.044960853
2018-12-03,TLT,0.016602376,0.010819614,0.0057827625,train,0.0030616098
2018-12-04,EFA,-0.009406531,0.0021254974,0.011532029,train,-0.0022507985
2018-12-04,IWM,-0.0021717525,0.00058402633,0.0027557788,train,0.022874855
2018-12-04,SPY,-0.0015186075,-0.021577591,0.020058984,train,0.023218328
2018-12-04,TLT,0.0031357382,0.021801548,0.01866581,train,0.010819614
2018-12-06,EFA,-0.010154064,-0.00612353,0.0040305336,train,0.0021254974
2018-12-06,IWM,-0.021839758,-0.0024945117,0.019345246,train,0.00058402633
2018-12-06,SPY,-0.023510046,-0.0038566398,0.019653406,train,-0.021577591
2018-12-06,TLT,0.0018598251,0.017870693,0.016010867,train,0.021801548
2018-12-07,EFA,-0.0077666407,-0.004582826,0.0031838147,train,-0.00612353
2018-12-07,IWM,-0.0029205275,-0.0023346073,0.0005859202,train,-0.0024945117
2018-12-07,SPY,0.0018952138,-0.0008704527,0.0027656667,train,-0.0038566398
2018-12-07,TLT,0.004129512,0.019698812,0.015569299,train,0.017870693
2018-12-10,EFA,0.0031468507,-0.0039162,0.0070630508,train,-0.004582826
2018-12-10,IWM,-0.0010452827,0.00010810001,0.0011533827,train,-0.0023346073
2018-12-10,SPY,0.00022700615,0.0039951005,0.0037680943,train,-0.0008704527
2018-12-10,TLT,-0.00016825023,0.015195558,0.015363808,train,0.019698812
2018-12-11,EFA,0.014610877,-0.003466298,0.018077176,train,-0.0039162
2018-12-11,IWM,0.009505266,-0.0006082505,0.010113517,train,0.00010810001
2018-12-11,SPY,0.005022737,0.002288207,0.0027345303,train,0.0039951005
2018-12-11,TLT,-0.004468345,0.010052029,0.014520374,train,0.015195558
2018-12-12,EFA,-0.001794259,-0.006055099,0.00426084,train,-0.003466298
2018-12-12,IWM,-0.014256892,-0.0017226771,0.012534214,train,-0.0006082505
2018-12-12,SPY,-0.00033904726,-0.00052994536,0.0001908981,train,0.002288207
2018-12-12,TLT,-0.0023684213,0.028503617,0.03087204,train,0.010052029
2018-12-13,EFA,-0.012981863,-0.0068595572,0.0061223055,train,-0.006055099
2018-12-13,IWM,-0.015244585,-0.0031110279,0.012133557,train,-0.0017226771
2018-12-13,SPY,-0.01863738,-0.0013493937,0.017287986,train,-0.00052994536
2018-12-13,TLT,0.0034661978,0.037463233,0.033997037,train,0.028503617
2018-12-14,EFA,-0.007970924,-0.009621311,0.0016503874,train,-0.0068595572
2018-12-14,IWM,-0.022522235,-0.0036918363,0.0188304,train,-0.0031110279
2018-12-14,SPY,-0.01981335,-0.0051952,0.014618149,train,-0.0013493937
2018-12-14,TLT,0.005807116,0.029389186,0.02358207,train,0.037463233
2018-12-17,EFA,0.0008087442,-0.007451539,0.008260284,train,-0.009621311
2018-12-17,IWM,-0.0012415025,-0.0009636446,0.00027785788,train,-0.0036918363
2018-12-17,SPY,-0.0010971572,-0.0008913707,0.00020578655,train,-0.0051952
2018-12-17,TLT,0.005971134,0.02350876,0.017537626,train,0.029389186
2018-12-18,EFA,-0.009644018,-0.006999904,0.0026441137,train,-0.007451539
2018-12-18,IWM,-0.021045886,0.0013606162,0.022406502,train,-0.0009636446
2018-12-18,SPY,-0.015088973,0.0041372613,0.019226234,train,-0.0008913707
2018-12-18,TLT,0.013124049,0.020502955,0.007378906,train,0.02350876
2018-12-19,EFA,-0.0040884814,-0.0043895007,0.0003010193,train,-0.006999904
2018-12-19,IWM,-0.016629677,0.0017177113,0.018347388,train,0.0013606162
2018-12-19,SPY,-0.016411839,0.0016227742,0.018034613,train,0.0041372613
2018-12-19,TLT,-0.003637658,0.018741384,0.022379043,train,0.020502955
2018-12-20,EFA,-0.01756549,-0.003818265,0.0137472255,train,-0.0043895007
2018-12-20,IWM,-0.02629309,0.00331194,0.02960503,train,0.0017177113
2018-12-20,SPY,-0.020702336,0.00020950986,0.020911846,train,0.0016227742
2018-12-20,TLT,-0.00016583512,0.009546485,0.00971232,train,0.018741384
2018-12-21,EFA,-0.01170852,-0.0041194274,0.007589093,train,-0.003818265
2018-12-21,IWM,-0.019587783,0.003863919,0.023451703,train,0.00331194
2018-12-21,SPY,-0.026778337,0.0012113662,0.027989702,train,0.00020950986
2018-12-21,TLT,0.0049581286,0.01570507,0.010746941,train,0.009546485
2018-12-24,EFA,0.0229375,-0.0042107655,0.027148265,train,-0.0041194274
2018-12-24,IWM,0.046942227,0.004349644,0.04259258,train,0.003863919
2018-12-24,SPY,0.049289808,0.0010104324,0.048279375,train,0.0012113662
2018-12-24,TLT,-0.010773297,0.026017604,0.0367909,train,0.01570507
2018-12-26,EFA,0.0029164527,-0.002226558,0.005143011,train,-0.0042107655
2018-12-26,IWM,0.0041604196,-0.032635055,0.036795475,train,0.004349644
2018-12-26,SPY,0.007648248,0.009539036,0.0018907879,train,0.0010104324
2018-12-26,TLT,0.00016672447,0.018295765,0.01812904,train,0.026017604
2018-12-27,EFA,0.0052959234,-0.004275232,0.0095711555,train,-0.002226558
2018-12-27,IWM,0.0028645447,0.0011842935,0.0016802512,train,-0.032635055
2018-12-27,SPY,-0.0012909009,-0.00051532546,0.0007755754,train,0.009539036
2018-12-27,TLT,0.008378553,0.005505202,0.0028733513,train,0.018295765
2018-12-28,EFA,0.0015323755,-0.0041567096,0.005689085,train,-0.004275232
2018-12-28,IWM,0.007797147,0.0006419658,0.0071551814,train,0.0011842935
2018-12-28,SPY,0.008720621,-0.0023861388,0.011106759,train,-0.00051532546
2018-12-28,TLT,0.0037929893,0.0035623577,0.00023063156,train,0.005505202
2018-12-31,EFA,-0.0020436628,-0.0012434083,0.0008002545,train,-0.0041567096
2018-12-31,IWM,0.005659603,0.001131779,0.004527824,train,0.0006419658
2018-12-31,SPY,0.0010397194,-0.0011298466,0.002169566,train,-0.0023861388
2018-12-31,TLT,0.005253151,0.007909119,0.002655968,train,0.0035623577
2019-01-02,EFA,-0.009076062,0.0056311856,0.014707247,train,-0.0012434083
2019-01-02,IWM,-0.0180589,0.029125279,0.047184177,train,0.001131779
2019-01-02,SPY,-0.024151992,0.007190852,0.031342845,train,-0.0011298466
2019-01-02,TLT,0.011315562,-0.0033091516,0.014624713,train,0.007909119
2019-01-03,EFA,0.030161465,-0.008485794,0.038647257,train,0.0056311856
2019-01-03,IWM,0.036672678,-0.00567906,0.042351738,train,0.029125279
2019-01-03,SPY,0.03294714,-0.0018471465,0.03479429,train,0.007190852
2019-01-03,TLT,-0.011643047,0.0137825515,0.025425598,train,-0.0033091516
2019-01-04,EFA,0.003831818,-0.04069422,0.04452604,train,-0.008485794
2019-01-04,IWM,0.017342571,0.032387294,0.015044723,train,-0.00567906
2019-01-04,SPY,0.007853361,0.00096748816,0.0068858727,train,-0.0018471465
2019-01-04,TLT,-0.0029527473,0.025739333,0.02869208,train,0.0137825515
2019-01-07,EFA,0.006463729,0.013622755,0.0071590263,train,-0.04069422
2019-01-07,IWM,0.015214346,0.046565834,0.031351488,train,0.032387294
2019-01-07,SPY,0.009351757,-0.0051515033,0.014503261,train,0.00096748816
2019-01-07,TLT,-0.002631756,-0.001632832,0.000998924,train,0.025739333
2019-01-08,EFA,0.011171564,0.018550143,0.007378578,train,0.013622755
2019-01-08,IWM,0.008221515,0.030701814,0.022480298,train,0.046565834
2019-01-08,SPY,0.0046624583,0.03443849,0.029776033,train,-0.0051515033
2019-01-08,TLT,-0.0015660017,0.011974575,0.013540577,train,-0.001632832
2019-01-09,EFA,0.0039132326,0.027930038,0.024016805,train,0.018550143
2019-01-09,IWM,0.005164946,0.0529807,0.04781575,train,0.030701814
2019-01-09,SPY,0.0035214494,0.024195043,0.020673594,train,0.03443849
2019-01-09,TLT,-0.0064539867,0.015370604,0.02182459,train,0.011974575
2019-01-10,EFA,-0.0068582394,0.04170539,0.04856363,train,0.027930038
2019-01-10,IWM,0.00027817048,0.02398402,0.02370585,train,0.0529807
2019-01-10,SPY,0.00038595093,0.047339417,0.046953466,train,0.024195043
2019-01-10,TLT,0.003894045,0.030555023,0.026660979,train,0.015370604
2019-01-11,EFA,-0.004598327,0.007629285,0.012227612,train,0.04170539
2019-01-11,IWM,-0.010002121,-0.00029548025,0.009706641,train,0.02398402
2019-01-11,SPY,-0.006119465,0.053404767,0.05952423,train,0.047339417
2019-01-11,TLT,-0.0037281618,0.003987067,0.007715229,train,0.030555023
2019-01-14,EFA,0.0052535743,0.01454569,0.009292116,train,0.007629285
2019-01-14,IWM,0.008400421,0.0322647,0.023864277,train,-0.00029548025
2019-01-14,SPY,0.011395763,0.043268785,0.03187302,train,0.053404767
2019-01-14,TLT,-0.0036585988,0.009837383,0.013495982,train,0.003987067
2019-01-15,EFA,0.0027797518,0.002825581,4.582922e-05,train,0.01454569
2019-01-15,IWM,0.0074315937,0.054009687,0.046578094,train,0.0322647
2019-01-15,SPY,0.0024169348,0.03333316,0.030916225,train,0.043268785
2019-01-15,TLT,0.000999142,0.014715115,0.013715973,train,0.009837383
2019-01-16,EFA,0.0035859342,-0.0067788153,0.0103647495,train,0.002825581
2019-01-16,IWM,0.009023458,0.055455703,0.046432246,train,0.054009687
2019-01-16,SPY,0.00755772,0.05027096,0.04271324,train,0.03333316
2019-01-16,TLT,0.00024947428,0.0096400585,0.009390584,train,0.014715115
2019-01-17,EFA,0.010037272,0.00019340683,0.009843865,train,-0.0067788153
2019-01-17,IWM,0.010233123,0.06637742,0.0561443,train,0.055455703
2019-01-17,SPY,0.013222367,0.069452174,0.056229807,train,0.05027096
2019-01-17,TLT,-0.0052554314,-0.0017629075,0.003492524,train,0.0096400585
2019-01-18,EFA,-0.015584618,-0.008125352,0.007459266,train,0.00019340683
2019-01-18,IWM,-0.015940903,0.03314822,0.049089126,train,0.06637742
2019-01-18,SPY,-0.013602282,0.072438076,0.086040355,train,0.069452174
2019-01-18,TLT,0.006751592,0.0028233263,0.0039282655,train,-0.0017629075
2019-01-22,EFA,0.004570785,-0.008005549,0.012576334,train,-0.008125352
2019-01-22,IWM,-0.0027624548,0.012107108,0.014869562,train,0.03314822
2019-01-22,SPY,0.0020900338,0.03612671,0.034036677,train,0.072438076
2019-01-22,TLT,-0.00041502222,-0.0021484555,0.0017334332,train,0.0028233263
2019-01-23,EFA,0.0011393051,-0.008483743,0.009623049,train,-0.008005549
2019-01-23,IWM,0.005998271,-0.008660365,0.0146586355,train,0.012107108
2019-01-23,SPY,0.00053145114,0.018303337,0.017771885,train,0.03612671
2019-01-23,TLT,0.00654448,-0.0042012115,0.010745691,train,-0.0021484555
2019-01-24,EFA,0.01132321,-0.002298945,0.013622155,train,-0.008483743
2019-01-24,IWM,0.012773121,0.04173488,0.02896176,train,-0.008660365
2019-01-24,SPY,0.008425643,0.0048634517,0.003562191,train,0.018303337
2019-01-24,TLT,-0.0048003905,-0.036676466,0.031876076,train,-0.0042012115
2019-01-25,EFA,-0.0054837437,-0.021286648,0.015802905,train,-0.002298945
2019-01-25,IWM,-0.005376056,0.03589146,0.041267514,train,0.04173488
2019-01-25,SPY,-0.007629027,0.019448478,0.027077505,train,0.0048634517
2019-01-25,TLT,-0.0009961507,0.0029959925,0.003992143,train,-0.036676466
2019-01-28,EFA,0.002261646,-0.023283742,0.025545388,train,-0.021286648
2019-01-28,IWM,-0.002391239,-0.005807217,0.0034159783,train,0.03589146
2019-01-28,SPY,-0.0013280665,0.01620396,0.017532026,train,0.019448478
2019-01-28,TLT,0.0050529265,0.0005020853,0.004550841,train,0.0029959925
2019-01-29,EFA,0.010913306,-0.008617219,0.019530524,train,-0.023283742
2019-01-29,IWM,0.010884662,-0.013586469,0.02447113,train,-0.005807217
2019-01-29,SPY,0.015706673,0.010479407,0.005227266,train,0.01620396
2019-01-29,TLT,-0.0007438594,-0.00569292,0.0049490607,train,0.0005020853
2019-01-30,EFA,0.00047873266,-0.0060389754,0.0065177083,train,-0.008617219
2019-01-30,IWM,0.008488918,0.022786198,0.01429728,train,-0.013586469
2019-01-30,SPY,0.00874433,0.02028724,0.01154291,train,0.010479407
2019-01-30,TLT,0.008563438,-0.0027854475,0.011348886,train,-0.00569292
2019-01-31,EFA,-0.0003190795,-0.018482752,0.018163674,train,-0.0060389754
2019-01-31,IWM,0.00080429146,0.017423185,0.016618893,train,0.022786198
2019-01-31,SPY,0.0004812368,0.028193241,0.027712004,train,0.02028724
2019-01-31,TLT,-0.0060583903,-0.0024360842,0.003622306,train,-0.0027854475
2019-02-01,EFA,0.0036638812,-0.0052784714,0.008942353,train,-0.018482752
2019-02-01,IWM,0.011861552,0.020160733,0.008299181,train,0.017423185
2019-02-01,SPY,0.0070111156,0.012438873,0.0054277573,train,0.028193241
2019-02-01,TLT,-0.0044740336,-0.004746072,0.0002720384,train,-0.0024360842
2019-02-04,EFA,0.0077611785,-0.010229716,0.017990895,train,-0.0052784714
2019-02-04,IWM,0.0010591983,0.05417061,0.05311141,train,0.020160733
2019-02-04,SPY,0.0041830214,0.024683936,0.020500913,train,0.012438873
2019-02-04,TLT,0.0045569497,-0.0008975137,0.0054544634,train,-0.004746072
2019-02-05,EFA,-0.0050616134,-0.0065663494,0.001504736,train,-0.010229716
2019-02-05,IWM,-0.0012581991,0.0028237565,0.0040819556,train,0.05417061
2019-02-05,SPY,-0.0013190091,0.010467194,0.011786203,train,0.024683936
2019-02-05,TLT,0.00049573777,-0.008867096,0.009362834,train,-0.0008975137
2019-02-06,EFA,-0.01341029,-0.0020913067,0.0113189835,train,-0.0065663494
2019-02-06,IWM,-0.008249811,0.026158648,0.034408458,train,0.0028237565
2019-02-06,SPY,-0.009578633,0.017370393,0.026949026,train,0.010467194
2019-02-06,TLT,0.006588295,-0.008756917,0.015345212,train,-0.008867096
2019-02-07,EFA,-0.0032194278,-0.015362788,0.01214336,train,-0.0020913067
2019-02-07,IWM,0.0010687369,0.051539134,0.050470397,train,0.026158648
2019-02-07,SPY,0.0012206684,-0.013276674,0.0144973425,train,0.017370393
2019-02-07,TLT,0.0042591104,-0.00982284,0.01408195,train,-0.008756917
2019-02-08,EFA,-0.0009680431,-0.007338391,0.006370348,train,-0.015362788
2019-02-08,IWM,0.008307266,0.03755545,0.029248182,train,0.051539134
2019-02-08,SPY,0.00055444834,-0.00769742,0.008251868,train,-0.013276674
2019-02-08,TLT,-0.0039308476,0.003547315,0.0074781626,train,-0.00982284
2019-02-11,EFA,0.011553394,-0.009452127,0.02100552,train,-0.007338391
2019-02-11,IWM,0.012430496,0.006097074,0.0063334215,train,0.03755545
2019-02-11,SPY,0.012777517,0.009033836,0.0037436802,train,-0.00769742
2019-02-11,TLT,-0.0025468406,-0.005132308,0.0025854676,train,0.003547315
2019-02-12,EFA,0.00015950158,0.01398319,0.013823688,train,-0.009452127
2019-02-12,IWM,0.0028066426,-0.004646809,0.0074534514,train,0.006097074
2019-02-12,SPY,0.003241762,0.04364813,0.04040637,train,0.009033836
2019-02-12,TLT,-0.003791936,-0.0071226023,0.0033306663,train,-0.005132308
2019-02-13,EFA,0.00031900202,-0.012287043,0.012606045,train,0.01398319
2019-02-13,IWM,0.0022784006,-0.013039084,0.015317485,train,-0.004646809
2019-02-13,SPY,-0.0022206253,0.020579599,0.022800224,train,0.04364813
2019-02-13,TLT,0.005682296,0.014318539,0.008636243,train,-0.0071226023
2019-02-14,EFA,0.014407055,-0.0032799204,0.017686976,train,-0.012287043
2019-02-14,IWM,0.015807543,-0.010185434,0.025992977,train,-0.013039084
2019-02-14,SPY,0.010838234,0.02235389,0.011515656,train,0.020579599
2019-02-14,TLT,0.0015587052,-0.008440331,0.009999036,train,0.014318539
2019-02-15,EFA,0.0037652734,-0.008207457,0.011972731,train,-0.0032799204
2019-02-15,IWM,0.0027490119,0.012304274,0.0095552625,train,-0.010185434
2019-02-15,SPY,0.0017293135,0.041544355,0.039815042,train,0.02235389
2019-02-15,TLT,0.0025379304,-0.00861681,0.01115474,train,-0.008440331
2019-02-19,EFA,0.002814754,0.008317478,0.005502724,train,-0.008207457
2019-02-19,IWM,0.0047127632,-0.008949468,0.013662231,train,0.012304274
2019-02-19,SPY,0.0020130998,0.022729784,0.020716684,train,0.041544355
2019-02-19,TLT,-0.0028661261,-0.008764117,0.005897991,train,-0.00861681
2019-02-20,EFA,-0.0020320786,-0.018411282,0.016379204,train,0.008317478
2019-02-20,IWM,-0.0038197676,-0.003169076,0.00065069157,train,-0.008949468
2019-02-20,SPY,-0.0035622225,0.02526174,0.028823962,train,0.022729784
2019-02-20,TLT,-0.0089788465,-0.008829336,0.0001495108,train,-0.008764117
2019-02-21,EFA,0.0032805335,0.0057871197,0.0025065863,train,-0.018411282
2019-02-21,IWM,0.0086367745,-0.03110804,0.039744817,train,-0.003169076
2019-02-21,SPY,0.0061808666,0.017444322,0.011263455,train,0.02526174
2019-02-21,TLT,0.005940254,0.020008286,0.014068033,train,-0.008829336
2019-02-22,EFA,0.0029586928,-0.007381927,0.01034062,train,0.0057871197
2019-02-22,IWM,0.00025275743,-0.010242321,0.010495078,train,-0.03110804
2019-02-22,SPY,0.0013601116,0.028138472,0.02677836,train,0.017444322
2019-02-22,TLT,-0.0029660235,-0.0041393084,0.0011732848,train,0.020008286
2019-02-25,EFA,0.00480898,-0.008508493,0.013317473,train,-0.007381927
2019-02-25,IWM,-0.0069139637,-0.018272424,0.01135846,train,-0.010242321
2019-02-25,SPY,-0.0007154801,0.022274375,0.022989854,train,0.028138472
2019-02-25,TLT,0.0049382667,-0.0039311955,0.008869462,train,-0.0041393084
2019-02-26,EFA,-0.0040317792,-0.011327501,0.007295722,train,-0.008508493
2019-02-26,IWM,0.0013991324,-0.010643916,0.012043049,train,-0.018272424
2019-02-26,SPY,-0.0004294853,0.016983775,0.01741326,train,0.022274375
2019-02-26,TLT,-0.011393947,-0.010849476,0.00054447073,train,-0.0039311955
2019-02-27,EFA,-0.0013994992,-0.009862917,0.008463417,train,-0.011327501
2019-02-27,IWM,-0.0034386343,-0.02206013,0.018621495,train,-0.010643916
2019-02-27,SPY,-0.0018645567,0.030832345,0.032696903,train,0.016983775
2019-02-27,TLT,-0.0034104276,0.016312111,0.019722538,train,-0.010849476
2019-02-28,EFA,0.005431278,-0.002938027,0.008369305,train,-0.009862917
2019-02-28,IWM,0.009269718,-0.007788447,0.017058166,train,-0.02206013
2019-02-28,SPY,0.006224527,0.008993275,0.0027687484,train,0.030832345
2019-02-28,TLT,-0.009285951,0.005524226,0.014810177,train,0.016312111
2019-03-01,EFA,-0.0037211264,-0.0048460965,0.0011249701,train,-0.002938027
2019-03-01,IWM,-0.009078142,-0.018258665,0.0091805225,train,-0.007788447
2019-03-01,SPY,-0.0036444864,0.014127638,0.017772125,train,0.008993275
2019-03-01,TLT,0.0078067617,0.0069818427,0.00082491897,train,0.005524226
2019-03-04,EFA,0.0009315988,-0.0064588794,0.007390478,train,-0.0048460965
2019-03-04,IWM,-0.004666119,0.015719349,0.020385467,train,-0.018258665
2019-03-04,SPY,-0.0013608787,-0.010994589,0.009633711,train,0.014127638
2019-03-04,TLT,0.002088353,0.0071197147,0.0050313617,train,0.0069818427
2019-03-05,EFA,-0.0024861214,-0.008313272,0.005827151,train,-0.0064588794
2019-03-05,IWM,-0.019800013,0.021117534,0.040917546,train,0.015719349
2019-03-05,SPY,-0.0060753035,0.0242658,0.030341104,train,-0.010994589
2019-03-05,TLT,0.0036650565,0.007408813,0.0037437566,train,0.0071197147
2019-03-06,EFA,-0.012838711,-0.006494278,0.006344433,train,-0.008313272
2019-03-06,IWM,-0.008795659,0.027989192,0.03678485,train,0.021117534
2019-03-06,SPY,-0.008400681,0.0026809988,0.011081681,train,0.0242658
2019-03-06,TLT,0.006463788,0.00636047,0.00010331813,train,0.007408813
2019-03-07,EFA,0.0001576898,0.0060079903,0.0058503007,train,-0.006494278
2019-03-07,IWM,-0.000263717,0.01871715,0.018980866,train,0.027989192
2019-03-07,SPY,-0.002001664,-0.012689119,0.010687456,train,0.0026809988
2019-03-07,TLT,0.00420428,0.00068418216,0.003520098,train,0.00636047
2019-03-08,EFA,0.008628167,0.0063102175,0.0023179497,train,0.0060079903
2019-03-08,IWM,0.017324539,0.010157041,0.0071674976,train,0.01871715
2019-03-08,SPY,0.014396565,-0.035873678,0.050270244,train,-0.012689119
2019-03-08,TLT,-0.0029658957,-0.009658042,0.006692147,train,0.00068418216
2019-03-11,EFA,-0.0006250445,-0.0040044705,0.003379426,train,0.0063102175
2019-03-11,IWM,0.0005186333,-0.024592385,0.025111018,train,0.010157041
2019-03-11,SPY,0.0037641814,-0.028913219,0.0326774,train,-0.035873678
2019-03-11,TLT,0.0069879796,-0.0046104803,0.01159846,train,-0.009658042
2019-03-12,EFA,0.008559683,-0.0041254032,0.012685087,train,-0.0040044705
2019-03-12,IWM,0.003943243,0.005809861,0.0018666177,train,-0.024592385
2019-03-12,SPY,0.006597349,-0.006444519,0.013041868,train,-0.028913219
2019-03-12,TLT,-0.0018856286,-0.002721896,0.00083626737,train,-0.0046104803
2019-03-13,EFA,-0.00015502627,-0.0039104954,0.003755469,train,-0.0041254032
2019-03-13,IWM,-0.004072903,0.00594579,0.010018693,train,0.005809861
2019-03-13,SPY,-0.00063970004,-0.00677528,0.00613558,train,-0.006444519
2019-03-13,TLT,-0.0072495933,0.00038814405,0.0076377373,train,-0.002721896
2019-03-14,EFA,0.01079096,0.005256086,0.005534874,train,-0.0039104954
2019-03-14,IWM,0.002652307,0.004094817,0.0014425102,train,0.00594579
2019-03-14,SPY,0.0049282094,-0.01007566,0.015003869,train,-0.00677528
2019-03-14,TLT,0.006592755,0.0134573,0.006864545,train,0.00038814405
2019-03-15,EFA,0.0035203204,-0.052269273,0.055789594,train,0.005256086
2019-03-15,IWM,0.006377011,0.024976363,0.018599352,train,0.004094817
2019-03-15,SPY,0.0036192571,0.0017568194,0.0018624377,train,-0.01007566
2019-03-15,TLT,-0.00057516363,0.0025977609,0.0031729245,train,0.0134573
2019-03-18,EFA,0.0019843124,-0.023884809,0.025869122,train,-0.052269273
2019-03-18,IWM,-0.005085134,-0.0028172573,0.0022678766,train,0.024976363
2019-03-18,SPY,0.0002480925,0.015083926,0.014835834,train,0.0017568194
2019-03-18,TLT,-0.0022215268,0.005846393,0.00806792,train,0.0025977609
2019-03-19,EFA,0.00045749228,-0.018555636,0.019013127,train,-0.023884809
2019-03-19,IWM,-0.008369065,-0.0041206195,0.0042484454,train,-0.0028172573
2019-03-19,SPY,-0.003014358,-0.008155549,0.005141191,train,0.015083926
2019-03-19,TLT,0.010405915,0.0013836292,0.009022286,train,0.005846393
2019-03-20,EFA,-0.00061003625,-0.014644653,0.014034617,train,-0.018555636
2019-03-20,IWM,0.013029941,0.017761981,0.0047320398,train,-0.0041206195
2019-03-20,SPY,0.011231087,-0.0052685677,0.016499655,train,-0.008155549
2019-03-20,TLT,0.0021985548,0.010426333,0.008227779,train,0.0013836292
2019-03-21,EFA,-0.019403137,-0.018511057,0.00089208037,train,-0.014644653
2019-03-21,IWM,-0.037066653,-0.012703711,0.024362942,train,0.017761981
2019-03-21,SPY,-0.01943399,0.021346811,0.0407808,train,-0.0052685677
2019-03-21,TLT,0.015415527,0.008653332,0.0067621954,train,0.010426333
2019-03-22,EFA,0.0013985559,0.009846589,0.008448033,train,-0.018511057
2019-03-22,IWM,0.0044009066,0.010039972,0.0056390655,train,-0.012703711
2019-03-22,SPY,-0.000751713,0.03443284,0.03518455,train,0.021346811
2019-03-22,TLT,0.0016002153,0.014463784,0.012863569,train,0.008653332
2019-03-25,EFA,0.0049566277,0.01583689,0.0108802635,train,0.009846589
2019-03-25,IWM,0.010458868,-0.012083592,0.02254246,train,0.010039972
2019-03-25,SPY,0.007425966,0.0133804325,0.0059544663,train,0.03443284
2019-03-25,TLT,-0.0007198804,-0.01349625,0.012776369,train,0.014463784
2019-03-26,EFA,0.00046342443,0.0040622824,0.003598858,train,0.01583689
2019-03-26,IWM,-0.003892072,-0.0477221,0.04383003,train,-0.012083592
2019-03-26,SPY,-0.0052429503,0.0096593425,0.014902293,train,0.0133804325
2019-03-26,TLT,0.009160221,-0.018682806,0.027843026,train,-0.01349625
2019-03-27,EFA,-0.002474131,-0.011403443,0.008929312,train,0.0040622824
2019-03-27,IWM,0.008884223,-0.00675852,0.015642744,train,-0.0477221
2019-03-27,SPY,0.0037836337,0.019617707,0.015834073,train,0.0096593425
2019-03-27,TLT,0.0034823616,0.0061429436,0.002660582,train,-0.018682806
2019-03-28,EFA,0.004171398,0.0006623999,0.003508998,train,-0.011403443
2019-03-28,IWM,0.0030749303,-0.05116853,0.05424346,train,-0.00675852
2019-03-28,SPY,0.006285818,0.016725408,0.01043959,train,0.019617707
2019-03-28,TLT,-0.00094805856,-0.013743795,0.012795737,train,0.0061429436
2019-03-29,EFA,0.012715754,-0.020007847,0.032723602,train,0.0006623999
2019-03-29,IWM,0.010849426,0.015800027,0.0049506016,train,-0.05116853
2019-03-29,SPY,0.01178921,0.03907379,0.027284581,train,0.016725408
2019-03-29,TLT,-0.014306318,0.020769162,0.03507548,train,-0.013743795
2019-04-01,EFA,0.00030429222,-0.040776797,0.04108109,train,-0.020007847
2019-04-01,IWM,-0.002588022,0.03362517,0.036213193,train,0.015800027
2019-04-01,SPY,0.0004898135,0.026486946,0.025997132,train,0.03907379
2019-04-01,TLT,0.0018478602,0.023742007,0.021894148,train,0.020769162
2019-04-02,EFA,0.0077316402,-0.0023668073,0.010098448,train,-0.040776797
2019-04-02,IWM,0.005169685,0.02362617,0.018456485,train,0.03362517
2019-04-02,SPY,0.0015723985,0.04190312,0.040330723,train,0.026486946
2019-04-02,TLT,-0.0087056365,0.0309984,0.039704036,train,0.023742007
2019-04-03,EFA,-0.002116625,-0.013646016,0.011529391,train,-0.0023668073
2019-04-03,IWM,0.0048860195,0.016137103,0.011251083,train,0.02362617
2019-04-03,SPY,0.0026495345,0.04524094,0.042591404,train,0.04190312
2019-04-03,TLT,0.0028297126,0.019650845,0.016821133,train,0.0309984
2019-04-04,EFA,0.0025694831,0.0044372375,0.0018677544,train,-0.013646016
2019-04-04,IWM,0.009320252,0.026718734,0.017398482,train,0.016137103
2019-04-04,SPY,0.0048287464,0.060114667,0.05528592,train,0.04524094
2019-04-04,TLT,0.0012909379,0.004240692,0.0029497542,train,0.019650845
2019-04-05,EFA,0.00060349214,-0.011741903,0.012345395,train,0.0044372375
2019-04-05,IWM,-0.00165359,0.010399377,0.012052967,train,0.026718734
2019-04-05,SPY,0.00076211075,0.034121513,0.0333594,train,0.060114667
2019-04-05,TLT,-0.003554022,-0.009438148,0.005884126,train,0.004240692
2019-04-08,EFA,-0.0063559073,-0.0155460425,0.009190135,train,-0.011741903
2019-04-08,IWM,-0.012295095,-0.002366453,0.009928642,train,0.010399377
2019-04-08,SPY,-0.005138034,0.03222689,0.037364922,train,0.034121513
2019-04-08,TLT,0.0031505958,-0.007910591,0.011061186,train,-0.009438148
2019-04-09,EFA,0.0037881902,-0.00041037565,0.004198566,train,-0.0155460425
2019-04-09,IWM,0.013503822,-0.03521461,0.04871843,train,-0.002366453
2019-04-09,SPY,0.0034051233,0.019027516,0.015622393,train,0.03222689
2019-04-09,TLT,0.0024171488,-0.006730149,0.009147298,train,-0.007910591
2019-04-10,EFA,-0.002119687,-0.005511441,0.0033917539,train,-0.00041037565
2019-04-10,IWM,-0.0012724624,0.048078526,0.049350988,train,-0.03521461
2019-04-10,SPY,-0.00027777904,0.027779547,0.028057326,train,0.019027516
2019-04-10,TLT,-0.0058913967,-0.03302753,0.027136132,train,-0.006730149
2019-04-11,EFA,0.006947616,0.0015257667,0.0054218494,train,-0.005511441
2019-04-11,IWM,0.0036216143,-0.023287142,0.026908755,train,0.048078526
2019-04-11,SPY,0.0067431866,0.03433357,0.027590385,train,0.027779547
2019-04-11,TLT,-0.0071483334,0.013609467,0.0207578,train,-0.03302753
2019-04-12,EFA,0.00045157186,-0.0075078206,0.007959393,train,0.0015257667
2019-04-12,IWM,-0.0032394729,-0.008968497,0.005729024,train,-0.023287142
2019-04-12,SPY,-0.0006549275,0.039844073,0.040499,train,0.03433357
2019-04-12,TLT,0.0025246686,0.015245352,0.012720684,train,0.013609467
2019-04-15,EFA,0.0007518126,-0.0072487383,0.008000551,train,-0.0075078206
2019-04-15,IWM,0.0023513476,-0.026123064,0.028474411,train,-0.008968497
2019-04-15,SPY,0.0006549275,0.02041667,0.019761741,train,0.039844073
2019-04-15,TLT,-0.0062818164,-0.005377685,0.0009041312,train,0.015245352
2019-04-16,EFA,0.0028522387,-0.008960277,0.011812516,train,-0.0072487383
2019-04-16,IWM,-0.009182539,-0.03220458,0.02302204,train,-0.026123064
2019-04-16,SPY,-0.002449643,-0.007940983,0.0054913405,train,0.02041667
2019-04-16,TLT,0.00040964715,-0.011863291,0.012272938,train,-0.005377685
2019-04-17,EFA,-0.00059976213,-0.013051065,0.012451302,train,-0.008960277
2019-04-17,IWM,-0.002951313,-0.025125809,0.022174496,train,-0.03220458
2019-04-17,SPY,0.0019674867,0.032776397,0.03080891,train,-0.007940983
2019-04-17,TLT,0.005220945,-0.010207167,0.015428112,train,-0.011863291
2019-04-18,EFA,-0.0016513624,-0.009818532,0.008167169,train,-0.013051065
2019-04-18,IWM,-0.0026376632,-0.0058799083,0.0032422452,train,-0.025125809
2019-04-18,SPY,0.00086119643,0.012518069,0.011656872,train,0.032776397
2019-04-18,TLT,-0.004812224,0.018350469,0.023162693,train,-0.010207167
2019-04-22,EFA,0.0019511117,-0.009700896,0.011652008,train,-0.009818532
2019-04-22,IWM,0.0149619775,0.032296892,0.017334916,train,-0.0058799083
2019-04-22,SPY,0.008951579,0.014580291,0.0056287115,train,0.012518069
2019-04-22,TLT,0.0021233428,0.007401696,0.005278353,train,0.018350469
2019-04-23,EFA,-0.0069211973,-0.010326981,0.0034057833,train,-0.009700896
2019-04-23,IWM,0.003104982,-0.016221229,0.01932621,train,0.032296892
2019-04-23,SPY,-0.002221752,0.008760074,0.010981826,train,0.014580291
2019-04-23,TLT,0.008125796,0.005751722,0.002374074,train,0.007401696
2019-04-24,EFA,-0.0007556043,0.00010689953,0.00086250383,train,-0.010326981
2019-04-24,IWM,-0.0083227325,0.0063685826,0.014691316,train,-0.016221229
2019-04-24,SPY,-0.00061616016,0.007692533,0.008308693,train,0.008760074
2019-04-24,TLT,-0.0014579082,0.004529948,0.005987856,train,0.005751722
2019-04-25,EFA,0.0040717376,-0.0060986853,0.0101704225,train,0.00010689953
2019-04-25,IWM,0.009650193,8.5549895e-05,0.009564644,train,0.0063685826
2019-04-25,SPY,0.0046457117,0.004635653,1.00587495e-05,train,0.007692533
2019-04-25,TLT,0.003398011,-0.0059848004,0.009382811,train,0.004529948
2019-04-26,EFA,0.004054943,-0.0049726204,0.009027563,train,-0.0060986853
2019-04-26,IWM,0.0047905543,0.034170605,0.029380051,train,8.5549895e-05
2019-04-26,SPY,0.0015668183,0.0014915005,7.53178e-05,train,0.004635653
2019-04-26,TLT,-0.006401472,-0.007625557,0.0012240852,train,-0.0059848004
2019-04-29,EFA,0.00059945404,0.00063391356,3.4459517e-05,train,-0.0049726204
2019-04-29,IWM,-0.0046643363,0.049521506,0.05418584,train,0.034170605
2019-04-29,SPY,0.0005100839,-0.0047769244,0.0052870084,train,0.0014915005
2019-04-29,TLT,0.005108463,0.0020020823,0.0031063808,train,-0.007625557
2019-04-30,EFA,-0.0057083447,-0.012023924,0.006315579,train,0.00063391356
2019-04-30,IWM,-0.0095212255,-0.007549904,0.0019713216,train,0.049521506
2019-04-30,SPY,-0.007544636,-0.007309444,0.00023519201,train,-0.0047769244
2019-04-30,TLT,0.00411655,0.0010017534,0.0031147967,train,0.0020020823
2019-05-01,EFA,-0.0015077923,-0.013053351,0.011545558,train,-0.012023924
2019-05-01,IWM,0.004645284,-0.009238642,0.013883926,train,-0.007549904
2019-05-01,SPY,-0.0021617971,-0.009397773,0.007235976,train,-0.007309444
2019-05-01,TLT,-0.0047734,-0.0011922312,0.0035811686,train,0.0010017534
2019-05-02,EFA,0.01065532,-0.013143716,0.023799036,train,-0.013053351
2019-05-02,IWM,0.01892833,0.015244678,0.0036836527,train,-0.009238642
2019-05-02,SPY,0.009740675,-0.006772265,0.01651294,train,-0.009397773
2019-05-02,TLT,0.0028345822,0.009020081,0.0061854986,train,-0.0011922312
2019-05-03,EFA,-0.011409714,0.00096956873,0.012379283,train,-0.013143716
2019-05-03,IWM,0.0011208612,0.008312631,0.0071917702,train,0.015244678
2019-05-03,SPY,-0.0041237166,-0.0144727435,0.010349027,train,-0.006772265
2019-05-03,TLT,0.0027453077,0.004325736,0.0015804281,train,0.009020081
2019-05-06,EFA,-0.0176701,0.009975193,0.027645294,train,0.00096956873
2019-05-06,IWM,-0.019985834,0.005868953,0.025854787,train,0.008312631
2019-05-06,SPY,-0.01684093,-0.00450921,0.012331719,train,-0.0144727435
2019-05-06,TLT,0.0076323138,0.010870585,0.0032382715,train,0.004325736
2019-05-07,EFA,0.0012289224,0.013119921,0.011890999,train,0.009975193
2019-05-07,IWM,-0.00489984,-0.040363617,0.035463776,train,0.005868953
2019-05-07,SPY,-0.0013899964,0.0007658438,0.0021558402,train,-0.00450921
2019-05-07,TLT,-0.004330651,0.016928716,0.021259367,train,0.010870585
2019-05-08,EFA,-0.004615504,0.02337003,0.027985534,train,0.013119921
2019-05-08,IWM,-0.0036430133,0.0032200809,0.006863094,train,-0.040363617
2019-05-08,SPY,-0.003030089,-0.03516891,0.03213882,train,0.0007658438
2019-05-08,TLT,0.0040906044,-0.002636347,0.0067269513,train,0.016928716
2019-05-09,EFA,0.007374384,-0.00083599705,0.0082103815,train,0.02337003
2019-05-09,IWM,0.0027494612,0.0047381255,0.0019886643,train,0.0032200809
2019-05-09,SPY,0.005010349,-0.0297095,0.034719847,train,-0.03516891
2019-05-09,TLT,-0.0013617505,0.003914789,0.0052765394,train,-0.002636347
2019-05-10,EFA,-0.02354143,0.023031013,0.046572443,train,-0.00083599705
2019-05-10,IWM,-0.032379247,0.0057015833,0.03808083,train,0.0047381255
2019-05-10,SPY,-0.025451198,-0.053206086,0.027754888,train,-0.0297095
2019-05-10,TLT,0.007825083,0.0068708803,0.00095420284,train,0.003914789
2019-05-13,EFA,0.009979861,-0.009149203,0.019129064,train,0.023031013
2019-05-13,IWM,0.012517975,-0.0030357372,0.015553712,train,0.0057015833
2019-05-13,SPY,0.009003312,-0.010099633,0.019102946,train,-0.053206086
2019-05-13,TLT,-0.0029472758,0.0145286415,0.017475918,train,0.0068708803
2019-05-14,EFA,0.0035623035,0.0010724836,0.00248982,train,-0.009149203
2019-05-14,IWM,0.0032509274,-0.0072614825,0.01051241,train,-0.0030357372
2019-05-14,SPY,0.005840103,-0.020030882,0.025870986,train,-0.010099633
2019-05-14,TLT,0.0061235446,0.0028023864,0.0033211582,train,0.0145286415
2019-05-15,EFA,0.008007279,-0.010732367,0.018739644,train,0.0010724836
2019-05-15,IWM,0.00621279,-0.0094955135,0.015708303,train,-0.0072614825
2019-05-15,SPY,0.00921849,-0.013935642,0.023154132,train,-0.020030882
2019-05-15,TLT,-0.003335767,0.019533275,0.022869041,train,0.0028023864
2019-05-16,EFA,-0.0066169365,0.0037620426,0.010378979,train,-0.010732367
2019-05-16,IWM,-0.014033237,-0.008742081,0.0052911555,train,-0.0094955135
2019-05-16,SPY,-0.0064860024,-0.008250521,0.0017645182,train,-0.013935642
2019-05-16,TLT,0.0022250805,0.0002494012,0.0019756793,train,0.019533275
2019-05-17,EFA,-0.0040221317,-0.0048741116,0.00085197994,train,0.0037620426
2019-05-17,IWM,-0.0069595333,-0.00040026428,0.006559269,train,-0.008742081
2019-05-17,SPY,-0.006633757,-0.0013501337,0.0052836235,train,-0.008250521
2019-05-17,TLT,-0.0020655824,0.004856084,0.0069216667,train,0.0002494012
2019-05-20,EFA,0.0066434434,-0.000293158,0.0069366014,train,-0.0048741116
2019-05-20,IWM,0.013350834,0.009280708,0.0040701265,train,-0.00040026428
2019-05-20,SPY,0.00897493,-0.002937473,0.011912404,train,-0.0013501337
2019-05-20,TLT,-0.0015919994,0.005334009,0.0069260085,train,0.004856084
2019-05-21,EFA,-0.0040116543,-0.0110748205,0.0070631662,train,-0.000293158
2019-05-21,IWM,-0.008421819,0.004353341,0.01277516,train,0.009280708
2019-05-21,SPY,-0.003076022,-0.0015619579,0.0015140641,train,-0.002937473
2019-05-21,TLT,0.005719346,-0.012812315,0.018531661,train,0.005334009
2019-05-22,EFA,-0.009163793,-0.011006141,0.0018423479,train,-0.0110748205
2019-05-22,IWM,-0.020800974,-0.008298362,0.012502613,train,0.004353341
2019-05-22,SPY,-0.01229355,-0.02088869,0.00859514,train,-0.0015619579
2019-05-22,TLT,0.011184653,0.013941377,0.0027567241,train,-0.012812315
2019-05-23,EFA,0.010708491,-0.020213319,0.03092181,train,-0.011006141
2019-05-23,IWM,0.00932774,-0.01069049,0.020018231,train,-0.008298362
2019-05-23,SPY,0.0022653332,-0.0059412452,0.008206578,train,-0.02088869
2019-05-23,TLT,0.00086111453,0.020205325,0.01934421,train,0.013941377
2019-05-24,EFA,-0.009772752,0.02804835,0.037821103,train,-0.020213319
2019-05-24,IWM,-0.0079897875,-0.005748176,0.0022416115,train,-0.01069049
2019-05-24,SPY,-0.009344178,-0.0054586264,0.0038855518,train,-0.0059412452
2019-05-24,TLT,0.0071742255,-0.006524615,0.0136988405,train,0.020205325
2019-05-28,EFA,-0.006411686,-0.009522888,0.0031112018,train,0.02804835
2019-05-28,IWM,-0.008391388,-0.00030541094,0.008085977,train,-0.005748176
2019-05-28,SPY,-0.0067331344,-0.0053384975,0.0013946369,train,-0.0054586264
2019-05-28,TLT,0.003025599,0.01016357,0.007137971,train,-0.006524615
2019-05-29,EFA,0.0037581979,-0.0057560955,0.009514294,train,-0.009522888
2019-05-29,IWM,-0.0027677582,-0.0049120667,0.0021443085,train,-0.00030541094
2019-05-29,SPY,0.0027275137,-0.002304159,0.005031673,train,-0.0053384975
2019-05-29,TLT,0.008561824,-0.0067492723,0.015311097,train,0.01016357
2019-05-30,EFA,-0.009106656,0.005877649,0.014984304,train,-0.0057560955
2019-05-30,IWM,-0.014091605,-0.004059653,0.0100319525,train,-0.0049120667
2019-05-30,SPY,-0.013566942,-0.004040203,0.009526739,train,-0.002304159
2019-05-30,TLT,0.012441656,0.0005528913,0.011888765,train,-0.0067492723
2019-05-31,EFA,0.005818858,-0.010108786,0.015927643,train,0.005877649
2019-05-31,IWM,0.003490337,-0.006400996,0.009891333,train,-0.004059653
2019-05-31,SPY,-0.0025462678,-0.004288123,0.0017418552,train,-0.004040203
2019-05-31,TLT,0.006666732,-0.001898984,0.008565716,train,0.0005528913
2019-06-03,EFA,0.011382477,-0.001724592,0.013107069,train,-0.010108786
2019-06-03,IWM,0.025563521,-0.001950834,0.027514355,train,-0.006400996
2019-06-03,SPY,0.021474365,-0.0021640705,0.023638435,train,-0.004288123
2019-06-03,TLT,-0.011467075,-0.017436264,0.005969189,train,-0.001898984
2019-06-04,EFA,-0.0003101477,0.015126003,0.015436151,train,-0.001724592
2019-06-04,IWM,0.00019982173,0.012331571,0.01213175,train,-0.001950834
2019-06-04,SPY,0.0086249355,0.00047433982,0.008150596,train,-0.0021640705
2019-06-04,TLT,-0.0056678527,0.031631246,0.0372991,train,-0.017436264
2019-06-05,EFA,0.0040242183,-0.009975019,0.013999237,train,0.015126003
2019-06-05,IWM,-0.002600358,-0.009961773,0.007361415,train,0.012331571
2019-06-05,SPY,0.0064818747,-0.024506783,0.030988658,train,0.00047433982
2019-06-05,TLT,0.0032209395,0.025461016,0.022240076,train,0.031631246
2019-06-06,EFA,0.01258639,-0.005097471,0.01768386,train,-0.009975019
2019-06-06,IWM,0.007051422,-0.011111099,0.01816252,train,-0.009961773
2019-06-06,SPY,0.009956737,-0.023202771,0.03315951,train,-0.024506783
2019-06-06,TLT,0.008614221,0.03473358,0.026119359,train,0.025461016
2019-06-07,EFA,0.0027420814,0.011007985,0.008265903,train,-0.005097471
2019-06-07,IWM,0.0058821766,0.007994067,0.0021118904,train,-0.011111099
2019-06-07,SPY,0.0045785424,-0.039861362,0.044439904,train,-0.023202771
2019-06-07,TLT,-0.009456641,0.009555412,0.019012053,train,0.03473358
2019-06-10,EFA,0.005007109,0.014496816,0.009489708,train,0.011007985
2019-06-10,IWM,-0.0029695255,0.0025150026,0.005484528,train,0.007994067
2019-06-10,SPY,-0.00024192502,-0.04510878,0.044866856,train,-0.039861362
2019-06-10,TLT,0.0006123991,0.015261553,0.014649155,train,0.009555412
2019-06-11,EFA,-0.007444079,0.011679335,0.019123413,train,0.014496816
2019-06-11,IWM,0.0011227598,0.004680812,0.0035580522,train,0.0025150026
2019-06-11,SPY,-0.0017675117,-0.030663805,0.028896293,train,-0.04510878
2019-06-11,TLT,0.0007654488,0.03107042,0.030304972,train,0.015261553
2019-06-12,EFA,0.0009144881,0.020474074,0.019559586,train,0.011679335
2019-06-12,IWM,0.010507643,0.019892532,0.009384889,train,0.004680812
2019-06-12,SPY,0.0041183336,0.0033546411,0.0007636924,train,-0.030663805
2019-06-12,TLT,0.0034378509,0.010863578,0.0074257273,train,0.03107042
2019-06-13,EFA,-0.0073394286,0.019459806,0.026799235,train,0.020474074
2019-06-13,IWM,-0.008792755,0.0058345976,0.014627352,train,0.019892532
2019-06-13,SPY,-0.0011055738,0.0039499686,0.0050555426,train,0.0033546411
2019-06-13,TLT,0.0025133006,0.0023531574,0.00016014325,train,0.010863578
2019-06-14,EFA,0.0007210891,-0.005629814,0.0063509033,train,0.019459806
2019-06-14,IWM,0.0068748295,0.020331843,0.013457013,train,0.0058345976
2019-06-14,SPY,0.00038010228,0.0075928816,0.0072127795,train,0.0039499686
2019-06-14,TLT,0.0017482106,-0.004621515,0.006369726,train,0.0023531574
2019-06-17,EFA,0.013228622,0.0077780806,0.0054505416,train,-0.005629814
2019-06-17,IWM,0.011559427,0.033739023,0.022179596,train,0.020331843
2019-06-17,SPY,0.010416756,0.024586985,0.0141702285,train,0.0075928816
2019-06-17,TLT,0.0049993536,-0.00852114,0.013520493,train,-0.004621515
2019-06-18,EFA,0.0061650705,0.0010420145,0.005123056,train,0.0077780806
2019-06-18,IWM,0.0035646388,-0.036110885,0.039675523,train,0.033739023
2019-06-18,SPY,0.00225424,0.007876767,0.0056225266,train,0.024586985
2019-06-18,TLT,0.0014342691,-0.0035732235,0.0050074924,train,-0.00852114
2019-06-19,EFA,0.0087204315,0.0044126757,0.0043077557,train,0.0010420145
2019-06-19,IWM,0.004711859,-0.03320699,0.03791885,train,-0.036110885
2019-06-19,SPY,0.009509499,-0.030611435,0.040120933,train,0.007876767
2019-06-19,TLT,0.0026374697,-0.01922226,0.02185973,train,-0.0035732235
2019-06-20,EFA,-0.0042741527,-0.0011584801,0.0031156726,train,0.0044126757
2019-06-20,IWM,-0.008666404,8.871453e-05,0.008755118,train,-0.03320699
2019-06-20,SPY,-0.0014548308,-0.030743444,0.029288614,train,-0.030611435
2019-06-20,TLT,-0.011047486,-0.022857932,0.011810446,train,-0.01922226
2019-06-21,EFA,0.0021392542,0.010030223,0.007890969,train,-0.0011584801
2019-06-21,IWM,-0.012221416,0.019677525,0.03189894,train,8.871453e-05
2019-06-21,SPY,-0.0012252941,-0.04436122,0.043135926,train,-0.030743444
2019-06-21,TLT,0.00742861,0.007183597,0.00024501327,train,-0.022857932
2019-06-24,EFA,-0.0059709838,0.002255714,0.008226698,train,0.010030223
2019-06-24,IWM,-0.006134115,-0.009055111,0.0029209955,train,0.019677525
2019-06-24,SPY,-0.009856432,-0.032926463,0.02307003,train,-0.04436122
2019-06-24,TLT,0.003092077,-0.0047239223,0.007816,train,0.007183597
2019-06-25,EFA,0.0012276128,0.0028290772,0.0016014643,train,0.002255714
2019-06-25,IWM,-0.0023175995,0.00146082,0.0037784195,train,-0.009055111
2019-06-25,SPY,-0.0009977093,-0.024135986,0.023138277,train,-0.032926463
2019-06-25,TLT,-0.006420574,0.0038246294,0.010245204,train,-0.0047239223
2019-06-26,EFA,0.002450996,0.0024956805,4.468439e-05,train,0.0028290772
2019-06-26,IWM,0.018592393,-0.00565311,0.024245502,train,0.00146082
2019-06-26,SPY,0.0035394246,0.014040181,0.010500757,train,-0.024135986
2019-06-26,TLT,0.007022488,0.012802435,0.005779947,train,0.0038246294
2019-06-27,EFA,0.0056451214,-0.0013781949,0.0070233163,train,0.0024956805
2019-06-27,IWM,0.012098638,0.00878807,0.0033105686,train,-0.00565311
2019-06-27,SPY,0.0051329825,0.021820163,0.01668718,train,0.014040181
2019-06-27,TLT,-0.0006773524,0.011672949,0.012350302,train,0.012802435
2019-06-28,EFA,0.0047052824,-0.0013795532,0.0060848356,train,-0.0013781949
2019-06-28,IWM,0.0038509618,0.0057968567,0.0019458949,train,0.00878807
2019-06-28,SPY,0.009037224,0.009339895,0.00030267145,train,0.021820163
2019-06-28,TLT,-0.002341631,-0.010031067,0.007689436,train,0.011672949
2019-07-01,EFA,0.002872834,-0.0013527698,0.004225604,train,-0.0013795532
2019-07-01,IWM,-0.0061039743,0.026124733,0.03222871,train,0.0057968567
2019-07-01,SPY,0.0026009334,0.008685861,0.0060849274,train,0.009339895
2019-07-01,TLT,0.0076837447,-0.011962362,0.019646106,train,-0.010031067
2019-07-02,EFA,0.006771521,-1.7444603e-05,0.006788966,train,-0.0013527698
2019-07-02,IWM,0.007128582,0.040015914,0.032887332,train,0.026124733
2019-07-02,SPY,0.007963551,-0.012736339,0.02069989,train,0.008685861
2019-07-02,TLT,0.007103733,0.008854952,0.0017512189,train,-0.011962362
2019-07-03,EFA,-0.007677888,0.015529411,0.0232073,train,-1.7444603e-05
2019-07-03,IWM,0.0026842132,0.02239824,0.019714028,train,0.040015914
2019-07-03,SPY,-0.0011386831,-0.010127433,0.008988749,train,-0.012736339
2019-07-03,TLT,-0.013351692,-0.00079241535,0.012559276,train,0.008854952
2019-07-05,EFA,-0.0057592476,0.013860328,0.019619577,train,0.015529411
2019-07-05,IWM,-0.009555457,0.015373027,0.024928484,train,0.02239824
2019-07-05,SPY,-0.005510056,-0.017828371,0.012318315,train,-0.010127433
2019-07-05,TLT,0.0013585308,0.024444493,0.023085961,train,-0.00079241535
2019-07-08,EFA,-0.004265249,0.0005394658,0.0048047146,train,0.013860328
2019-07-08,IWM,0.0013523676,0.009766908,0.00841454,train,0.015373027
2019-07-08,SPY,0.0012461145,-0.0004797778,0.0017258923,train,-0.017828371
2019-07-08,TLT,-0.0003770378,0.00018415833,0.0005611961,train,0.024444493
2019-07-09,EFA,0.003504865,-0.012145709,0.015650574,train,0.0005394658
2019-07-09,IWM,0.0017359687,0.03139718,0.02966121,train,0.009766908
2019-07-09,SPY,0.0047662295,0.014676148,0.0099099185,train,-0.0004797778
2019-07-09,TLT,-0.0055224425,0.012940437,0.01846288,train,0.00018415833
2019-07-10,EFA,-0.00030418907,0.0076976125,0.008001802,train,-0.012145709
2019-07-10,IWM,-0.004894093,0.018170472,0.023064565,train,0.03139718
2019-07-10,SPY,0.002341992,0.01938844,0.017046448,train,0.014676148
2019-07-10,TLT,-0.013440188,0.027647452,0.041087642,train,0.012940437
2019-07-11,EFA,0.0012165521,0.014509192,0.0132926395,train,0.0076976125
2019-07-11,IWM,0.0077162096,0.008925006,0.0012087962,train,0.018170472
2019-07-11,SPY,0.004466881,0.010471353,0.0060044723,train,0.01938844
2019-07-11,TLT,0.0011521785,0.027706115,0.026553936,train,0.027647452
2019-07-12,EFA,0.0009112511,-0.007029792,0.007941043,train,0.014509192
2019-07-12,IWM,-0.0052662757,0.017240727,0.022507003,train,0.008925006
2019-07-12,SPY,0.0003322987,0.013112558,0.012780259,train,0.010471353
2019-07-12,TLT,0.005743456,0.0049553015,0.00078815455,train,0.027706115
2019-07-15,EFA,-0.0041080294,-0.013471061,0.009363032,train,-0.007029792
2019-07-15,IWM,-0.00032198327,0.000723585,0.0010455683,train,0.017240727
2019-07-15,SPY,-0.0032303885,-0.0025022095,0.000728179,train,0.013112558
2019-07-15,TLT,-0.002982785,0.0040731807,0.0070559657,train,0.0049553015
2019-07-16,EFA,-0.0013730315,0.0006013233,0.001974355,train,-0.013471061
2019-07-16,IWM,-0.007175804,-0.0031878622,0.003987942,train,0.000723585
2019-07-16,SPY,-0.0068283635,-0.022499977,0.015671613,train,-0.0025022095
2019-07-16,TLT,0.010740537,0.013418911,0.0026783738,train,0.0040731807
2019-07-17,EFA,0.0030488358,-0.0011110487,0.0041598845,train,0.0006013233
2019-07-17,IWM,0.003756028,-0.0005632839,0.004319312,train,-0.0031878622
2019-07-17,SPY,0.0036543384,-0.005118255,0.008772593,train,-0.022499977
2019-07-17,TLT,7.561894e-05,-0.023548532,0.023624152,train,0.013418911
2019-07-18,EFA,-0.002896254,0.000111446716,0.0030077007,train,-0.0011110487
2019-07-18,IWM,-0.005769351,0.018883333,0.024652684,train,-0.0005632839
2019-07-18,SPY,-0.005570416,0.008258222,0.013828637,train,-0.005118255
2019-07-18,TLT,-0.0023511893,-0.015183369,0.01283218,train,-0.023548532
2019-07-19,EFA,0.0010679134,-0.0076280823,0.008695995,train,0.000111446716
2019-07-19,IWM,-0.000910674,0.0108405445,0.011751219,train,0.018883333
2019-07-19,SPY,0.002453326,-0.010507578,0.012960904,train,0.008258222
2019-07-19,TLT,0.0018966914,-0.005056961,0.0069536525,train,-0.015183369
2019-07-22,EFA,0.006232542,0.0014765621,0.00475598,train,-0.0076280823
2019-07-22,IWM,0.0066153095,0.009376401,0.0027610916,train,0.0108405445
2019-07-22,SPY,0.007124624,-0.01415012,0.021274745,train,-0.010507578
2019-07-22,TLT,-0.0054719755,-0.01044984,0.004977864,train,-0.005056961
2019-07-23,EFA,0.00075757405,-0.0017509819,0.002508556,train,0.0014765621
2019-07-23,IWM,0.01641266,0.031489752,0.015077092,train,0.009376401
2019-07-23,SPY,0.0046885423,-0.00027649757,0.00496504,train,-0.01415012
2019-07-23,TLT,0.0043344065,0.005070538,0.00073613133,train,-0.01044984
2019-07-24,EFA,-0.010197284,0.002745655,0.012942938,train,-0.0017509819
2019-07-24,IWM,-0.012155412,0.007266048,0.01942146,train,0.031489752
2019-07-24,SPY,-0.00478828,-0.008146278,0.0033579976,train,-0.00027649757
2019-07-24,TLT,-0.004791677,-0.010518614,0.005726937,train,0.005070538
2019-07-25,EFA,0.0019866724,-0.014753155,0.016739829,train,0.002745655
2019-07-25,IWM,0.011773776,-0.027534384,0.03930816,train,0.007266048
2019-07-25,SPY,0.006677464,0.0014298935,0.0052475706,train,-0.008146278
2019-07-25,TLT,0.0023604683,0.0044304994,0.0020700311,train,-0.010518614
2019-07-26,EFA,0.0021351536,-0.0046749143,0.006810068,train,-0.014753155
2019-07-26,IWM,-0.0067018806,0.010283912,0.016985793,train,-0.027534384
2019-07-26,SPY,-0.0018227113,-0.0017474662,7.524516e-05,train,0.0014298935
2019-07-26,TLT,0.0003041982,0.0041521494,0.0038479513,train,0.0044304994
2019-07-29,EFA,-0.011645889,-0.0063028326,0.0053430563,train,-0.0046749143
2019-07-29,IWM,0.01076482,0.014836954,0.0040721344,train,0.010283912
2019-07-29,SPY,-0.0024579705,-0.00029976666,0.0021582039,train,-0.0017474662
2019-07-29,TLT,0.0024302602,0.0033600866,0.0009298264,train,0.0041521494
2019-07-30,EFA,-0.0066496925,-0.016517246,0.009867554,train,-0.0063028326
2019-07-30,IWM,-0.008142134,-0.003935411,0.004206723,train,0.014836954
2019-07-30,SPY,-0.011000481,-0.0024969238,0.008503558,train,-0.00029976666
2019-07-30,TLT,0.008008796,-0.0047309455,0.012739741,train,0.0033600866
2019-07-31,EFA,-0.002796912,-0.0173834,0.014586488,train,-0.016517246
2019-07-31,IWM,-0.014605767,0.028060539,0.042666305,train,-0.003935411
2019-07-31,SPY,-0.008746099,-0.0100326985,0.0012865998,train,-0.0024969238
2019-07-31,TLT,0.019665176,0.0016259081,0.018039268,train,-0.0047309455
2019-08-01,EFA,-0.008908152,-0.008489953,0.0004181983,train,-0.0173834
2019-08-01,IWM,-0.011144771,0.0049992646,0.016144035,train,0.028060539
2019-08-01,SPY,-0.007558025,-0.009157414,0.0015993887,train,-0.0100326985
2019-08-01,TLT,0.009199341,-0.004720259,0.013919599,train,0.0016259081
2019-08-02,EFA,-0.02527749,-0.0142779555,0.010999534,train,-0.008489953
2019-08-02,IWM,-0.030476913,-0.002011049,0.028465863,train,0.0049992646
2019-08-02,SPY,-0.030534655,-0.008184488,0.022350166,train,-0.009157414
2019-08-02,TLT,0.017140573,-0.013883537,0.03102411,train,-0.004720259
2019-08-05,EFA,0.006739307,-0.015342727,0.022082034,train,-0.0142779555
2019-08-05,IWM,0.0091474345,-0.011482064,0.0206295,train,-0.002011049
2019-08-05,SPY,0.013925482,-0.010788685,0.024714166,train,-0.008184488
2019-08-05,TLT,0.007960937,0.0026520533,0.0053088837,train,-0.013883537
2019-08-06,EFA,0.003830833,-0.0061882804,0.010019113,train,-0.015342727
2019-08-06,IWM,-0.00026793944,-0.003974788,0.0037068485,train,-0.011482064
2019-08-06,SPY,0.00059035805,-0.03258338,0.033173736,train,-0.010788685
2019-08-06,TLT,0.00035779155,-0.048671436,0.049029227,train,0.0026520533
2019-08-07,EFA,0.0096711125,-0.00899664,0.018667754,train,-0.0061882804
2019-08-07,IWM,0.02133535,-0.0067925574,0.028127909,train,-0.003974788
2019-08-07,SPY,0.01943026,-0.018358389,0.03778865,train,-0.03258338
2019-08-07,TLT,0.00213987,-0.061494708,0.063634574,train,-0.048671436
2019-08-08,EFA,-0.0069665397,-0.0041274615,0.0028390782,train,-0.00899664
2019-08-08,IWM,-0.01266705,-0.022214541,0.009547492,train,-0.0067925574
2019-08-08,SPY,-0.006834684,-0.018055355,0.011220671,train,-0.018358389
2019-08-08,TLT,-0.0019976695,-0.024722798,0.022725128,train,-0.061494708
2019-08-09,EFA,-0.007975751,-0.012716776,0.004741025,train,-0.0041274615
2019-08-09,IWM,-0.013030903,-0.0018126895,0.011218214,train,-0.022214541
2019-08-09,SPY,-0.012248181,-0.0047187167,0.007529464,train,-0.018055355
2019-08-09,TLT,0.0206351,0.0014349879,0.019200113,train,-0.024722798
2019-08-12,EFA,0.009404661,-0.009681179,0.01908584,train,-0.012716776
2019-08-12,IWM,0.010704478,-0.0015337719,0.01223825,train,-0.0018126895
2019-08-12,SPY,0.015432174,0.0016370672,0.013795108,train,-0.0047187167
2019-08-12,TLT,-0.0034331074,0.022991056,0.026424162,train,0.0014349879
2019-08-13,EFA,-0.027830852,0.04225986,0.07009071,train,-0.009681179
2019-08-13,IWM,-0.0283474,0.015240077,0.043587476,train,-0.0015337719
2019-08-13,SPY,-0.030013397,-0.0067786393,0.023234759,train,0.0016370672
2019-08-13,TLT,0.02227952,0.05521329,0.03293377,train,0.022991056
2019-08-14,EFA,0.003419818,-0.023638774,0.027058592,train,0.04225986
2019-08-14,IWM,-0.003978638,0.0008207499,0.004799388,train,0.015240077
2019-08-14,SPY,0.0026382501,-0.010122589,0.0127608385,train,-0.0067786393
2019-08-14,TLT,0.011058249,0.011480631,0.00042238273,train,0.05521329
2019-08-15,EFA,0.0119586745,-0.0049404665,0.01689914,train,-0.023638774
2019-08-15,IWM,0.0213526,-0.003685671,0.025038272,train,0.0008207499
2019-08-15,SPY,0.014646914,-0.0023699673,0.01701688,train,-0.010122589
2019-08-15,TLT,-0.00804289,-0.03360893,0.025566038,train,0.011480631
2019-08-16,EFA,0.0060859895,0.019354021,0.013268031,train,-0.0049404665
2019-08-16,IWM,0.0100413505,-0.009839552,0.019880902,train,-0.003685671
2019-08-16,SPY,0.011975998,-0.004428554,0.016404552,train,-0.0023699673
2019-08-16,TLT,-0.014405097,0.005055441,0.019460538,train,-0.03360893
2019-08-19,EFA,-0.003358855,0.018149149,0.021508005,train,0.019354021
2019-08-19,IWM,-0.006549054,-0.012894968,0.0063459137,train,-0.009839552
2019-08-19,SPY,-0.007692009,0.03710796,0.04479997,train,-0.004428554
2019-08-19,TLT,0.010290657,0.03639228,0.026101623,train,0.005055441
2019-08-20,EFA,0.00702452,-0.0031631873,0.010187708,train,0.018149149
2019-08-20,IWM,0.008212982,-0.009200029,0.01741301,train,-0.012894968
2019-08-20,SPY,0.008102515,-0.015472034,0.02357455,train,0.03710796
2019-08-20,TLT,-0.006687285,0.031197378,0.037884664,train,0.03639228
2019-08-21,EFA,-0.0019108765,-0.006486529,0.0045756525,train,-0.0031631873
2019-08-21,IWM,-0.0023302527,-0.0043185367,0.001988284,train,-0.009200029
2019-08-21,SPY,-0.00030815077,-0.00631784,0.006009689,train,-0.015472034
2019-08-21,TLT,-0.006663062,-0.010616614,0.0039535514,train,0.031197378
2019-08-22,EFA,-0.01251013,-0.011683397,0.0008267332,train,-0.006486529
2019-08-22,IWM,-0.031140482,0.00059129624,0.031731777,train,-0.0043185367
2019-08-22,SPY,-0.02602297,-0.0048789117,0.021144059,train,-0.00631784
2019-08-22,TLT,0.016300771,-0.021708969,0.03800974,train,-0.010616614
2019-08-23,EFA,0.008197445,-0.011548448,0.019745894,train,-0.011683397
2019-08-23,IWM,0.010942001,-0.011226265,0.022168266,train,0.00059129624
2019-08-23,SPY,0.010998002,-0.00882615,0.019824151,train,-0.0048789117
2019-08-23,TLT,-0.0040492583,0.027953943,0.0320032,train,-0.021708969
2019-08-26,EFA,-0.0008009588,0.007945452,0.008746411,train,-0.011548448
2019-08-26,IWM,-0.01493807,-0.0048423866,0.010095684,train,-0.011226265
2019-08-26,SPY,-0.003931592,-0.00495716,0.0010255678,train,-0.00882615
2019-08-26,TLT,0.015290764,-0.010991184,0.02628195,train,0.027953943
2019-08-27,EFA,0.0,-0.010671269,0.010671269,train,0.007945452
2019-08-27,IWM,0.011599749,-0.005884615,0.017484363,train,-0.0048423866
2019-08-27,SPY,0.007016826,0.005893186,0.0011236398,train,-0.00495716
2019-08-27,TLT,0.0012858787,-0.00013459288,0.0014204716,train,-0.010991184
2019-08-28,EFA,0.008614157,0.018992515,0.010378358,train,-0.010671269
2019-08-28,IWM,0.01738609,-0.0033061968,0.020692287,train,-0.005884615
2019-08-28,SPY,0.012692352,-9.353971e-05,0.012785891,train,0.005893186
2019-08-28,TLT,-0.0037956373,0.030342506,0.034138143,train,-0.00013459288
2019-08-29,EFA,0.00396278,0.0316087,0.027645921,train,0.018992515
2019-08-29,IWM,-0.0018125221,0.00954723,0.011359752,train,-0.0033061968
2019-08-29,SPY,-0.00044446668,0.006033868,0.006478335,train,-9.353971e-05
2019-08-29,TLT,0.00027133204,0.0142567735,0.013985441,train,0.030342506
2019-08-30,EFA,-0.0019002858,0.0023060045,0.0042062905,train,0.0316087
2019-08-30,IWM,-0.01475484,-0.0084072305,0.0063476097,train,0.00954723
2019-08-30,SPY,-0.0058646887,0.0035903682,0.009455057,train,0.006033868
2019-08-30,TLT,0.0012918146,0.020552378,0.019260563,train,0.0142567735
2019-09-03,EFA,0.014008329,-0.0046683103,0.018676639,train,0.0023060045
2019-09-03,IWM,0.008013406,-0.0065441625,0.014557568,train,-0.0084072305
2019-09-03,SPY,0.011286836,0.050518557,0.03923172,train,0.0035903682
2019-09-03,TLT,0.001493261,0.013692625,0.012199364,train,0.020552378
2019-09-04,EFA,0.005300175,0.009055525,0.0037553501,train,-0.0046683103
2019-09-04,IWM,0.018430294,-0.0053035216,0.023733817,train,-0.0065441625
2019-09-04,SPY,0.012773231,0.007686144,0.0050870865,train,0.050518557
2019-09-04,TLT,-0.018276155,0.01246872,0.030744875,train,0.013692625
2019-09-05,EFA,0.0032595096,0.017205808,0.0139462985,train,0.009055525
2019-09-05,IWM,-0.0045924135,-0.004175813,0.0004166006,train,-0.0053035216
2019-09-05,SPY,0.0007722151,0.021040294,0.020268079,train,0.007686144
2019-09-05,TLT,0.007089324,0.03174263,0.024653304,train,0.01246872
2019-09-06,EFA,0.0029401025,0.014151547,0.011211445,train,0.017205808
2019-09-06,IWM,0.013319964,-0.015849173,0.029169137,train,-0.004175813
2019-09-06,SPY,0.00050309155,0.026771938,0.026268847,train,0.021040294
2019-09-06,TLT,-0.017924843,0.040677093,0.05860194,train,0.03174263
2019-09-09,EFA,0.0016982408,0.010726402,0.009028161,train,0.014151547
2019-09-09,IWM,0.012689988,0.033347815,0.020657826,train,-0.015849173
2019-09-09,SPY,-0.00023499267,0.021969872,0.022204865,train,0.026771938
2019-09-09,TLT,-0.0176827,0.011566395,0.029249094,train,0.040677093
2019-09-10,EFA,0.00553762,-0.002605002,0.008142622,train,0.010726402
2019-09-10,IWM,0.020267528,0.02649328,0.0062257517,train,0.033347815
2019-09-10,SPY,0.0070856665,-0.01386453,0.020950196,train,0.021969872
2019-09-10,TLT,-0.0017786202,0.013481183,0.015259803,train,0.011566395
2019-09-11,EFA,0.0058121015,0.0044193775,0.001392724,train,-0.002605002
2019-09-11,IWM,0.00025462316,0.0332357,0.032981075,train,0.02649328
2019-09-11,SPY,0.0034580347,0.030507093,0.027049059,train,-0.01386453
2019-09-11,TLT,-0.0065723886,0.007164775,0.0137371635,train,0.013481183
2019-09-12,EFA,0.005627022,-0.006205095,0.011832117,train,0.0044193775
2019-09-12,IWM,0.0017179609,-0.0008515655,0.0025695264,train,0.0332357
2019-09-12,SPY,-0.000664186,-0.007646186,0.0069819996,train,0.030507093
2019-09-12,TLT,-0.021590112,-0.012688722,0.008901389,train,0.007164775
2019-09-13,EFA,-0.008987893,-0.005284721,0.0037031723,train,-0.006205095
2019-09-13,IWM,0.003743648,0.018635254,0.014891606,train,-0.0008515655
2019-09-13,SPY,-0.003093433,-0.015916234,0.012822801,train,-0.007646186
2019-09-13,TLT,0.012663067,-0.016572794,0.029235862,train,-0.012688722
2019-09-16,EFA,0.0033608715,0.0078044278,0.004443556,train,-0.005284721
2019-09-16,IWM,-0.0026001888,0.009081017,0.0116812065,train,0.018635254
2019-09-16,SPY,0.002528919,-0.019166602,0.02169552,train,-0.015916234
2019-09-16,TLT,0.00540858,-0.014491072,0.019899651,train,-0.016572794
2019-09-17,EFA,-0.0012207517,0.010319566,0.011540318,train,0.0078044278
2019-09-17,IWM,-0.0061779656,0.0046835025,0.010861468,train,0.009081017
2019-09-17,SPY,0.0005977897,-0.014711531,0.015309321,train,-0.019166602
2019-09-17,TLT,0.0042344187,0.0029641078,0.001270311,train,-0.014491072
2019-09-18,EFA,0.003353488,0.0016665389,0.001686949,train,0.010319566
2019-09-18,IWM,-0.0048674503,0.0011953362,0.0060627866,train,0.0046835025
2019-09-18,SPY,-6.644066e-05,-0.009762136,0.009695696,train,-0.014711531
2019-09-18,TLT,0.0030040063,0.0056834617,0.0026794553,train,0.0029641078
2019-09-19,EFA,-0.002285319,-0.00023539085,0.002049928,train,0.0016665389
2019-09-19,IWM,-0.0021208387,-0.024859285,0.022738446,train,0.0011953362
2019-09-19,SPY,-0.004736011,-0.013555223,0.008819212,train,-0.009762136
2019-09-19,TLT,0.013124263,-0.0031413245,0.016265588,train,0.0056834617
2019-09-20,EFA,-0.0025964894,-0.011998817,0.009402328,train,-0.00023539085
2019-09-20,IWM,-0.0007726217,-0.01420426,0.0134316385,train,-0.024859285
2019-09-20,SPY,-0.00023463523,-0.027280593,0.027045958,train,-0.013555223
2019-09-20,TLT,-0.00021169144,-0.03179567,0.03158398,train,-0.0031413245
2019-09-23,EFA,-0.0038303433,-0.0023167473,0.0015135959,train,-0.011998817
2019-09-23,IWM,-0.015208787,-0.050773762,0.035564974,train,-0.01420426
2019-09-23,SPY,-0.007877503,0.010315588,0.01819309,train,-0.027280593
2019-09-23,TLT,0.011982282,-0.008815268,0.02079755,train,-0.03179567
2019-09-24,EFA,-0.002921118,-0.0105945,0.0076733823,train,-0.0023167473
2019-09-24,IWM,0.010896358,-0.007717692,0.01861405,train,-0.050773762
2019-09-24,SPY,0.005897239,-0.029602692,0.03549993,train,0.010315588
2019-09-24,TLT,-0.014735435,-0.04183721,0.027101777,train,-0.008815268
2019-09-25,EFA,0.003688432,-0.008689892,0.012378324,train,-0.0105945
2019-09-25,IWM,-0.011224101,0.04140649,0.052630592,train,-0.007717692
2019-09-25,SPY,-0.0020856024,-0.0013266592,0.00075894315,train,-0.029602692
2019-09-25,TLT,0.0064125108,-0.011157833,0.017570343,train,-0.04183721
2019-09-26,EFA,-0.0033804951,-0.0022021942,0.0011783009,train,-0.008689892
2019-09-26,IWM,-0.00803887,0.005409865,0.013448736,train,0.04140649
2019-09-26,SPY,-0.0054014544,0.0076175523,0.013019007,train,-0.0013266592
2019-09-26,TLT,0.0024547547,-0.023942275,0.026397029,train,-0.011157833
2019-09-27,EFA,0.0036870863,0.0026625753,0.001024511,train,-0.0022021942
2019-09-27,IWM,0.0011899357,-0.0017920099,0.0029819456,train,0.005409865
2019-09-27,SPY,0.0046266885,-0.008718395,0.013345083,train,0.0076175523
2019-09-27,TLT,0.0024494494,-0.002377058,0.0048265075,train,-0.023942275
2019-09-30,EFA,-0.009862912,0.0026668492,0.012529761,train,0.0026625753
2019-09-30,IWM,-0.019819673,-0.0055519673,0.014267705,train,-0.0017920099
2019-09-30,SPY,-0.011965687,0.0037151766,0.015680864,train,-0.008718395
2019-09-30,TLT,0.0030063265,-0.0018859641,0.0048922906,train,-0.002377058
2019-10-01,EFA,-0.020654937,-0.008734032,0.011920906,train,0.0026668492
2019-10-01,IWM,-0.007577251,0.0055890945,0.013166346,train,-0.0055519673
2019-10-01,SPY,-0.017823065,-0.010669519,0.0071535455,train,0.0037151766
2019-10-01,TLT,0.002439904,-0.011182319,0.013622223,train,-0.0018859641
2019-10-02,EFA,0.006618533,-0.013205197,0.01982373,train,-0.008734032
2019-10-02,IWM,0.0033224847,-0.0052176104,0.008540095,train,0.0055890945
2019-10-02,SPY,0.008159943,-0.008760034,0.016919978,train,-0.010669519
2019-10-02,TLT,0.009080255,-0.031315554,0.04039581,train,-0.011182319
2019-10-03,EFA,0.007822273,-0.007969034,0.015791308,train,-0.013205197
2019-10-03,IWM,0.009431027,-0.00079506123,0.010226088,train,-0.0052176104
2019-10-03,SPY,0.013441003,-0.011641335,0.025082339,train,-0.008760034
2019-10-03,TLT,0.0073560323,-0.017607706,0.024963738,train,-0.031315554
2019-10-04,EFA,-0.0012474016,0.0062508318,0.0074982336,train,-0.007969034
2019-10-04,IWM,-0.001744671,-0.009440356,0.007695685,train,-0.00079506123
2019-10-04,SPY,-0.004324244,-0.009712731,0.0053884867,train,-0.011641335
2019-10-04,TLT,-0.008322409,-0.022989383,0.014666974,train,-0.017607706
2019-10-07,EFA,-0.009405878,-0.016985776,0.0075798975,train,0.0062508318
2019-10-07,IWM,-0.016388057,-0.013960525,0.0024275314,train,-0.009440356
2019-10-07,SPY,-0.015646292,-0.0052646557,0.010381636,train,-0.009712731
2019-10-07,TLT,0.002689767,-0.019285638,0.021975406,train,-0.022989383
2019-10-08,EFA,0.007218958,-0.015385568,0.022604525,train,-0.016985776
2019-10-08,IWM,0.004564043,-0.006770915,0.011334958,train,-0.013960525
2019-10-08,SPY,0.009451889,-0.0062577478,0.015709637,train,-0.0052646557
2019-10-08,TLT,-0.005664104,0.00069214916,0.0063562533,train,-0.019285638
2019-10-09,EFA,0.0070122452,-0.012798492,0.019810736,train,-0.015385568
2019-10-09,IWM,0.0040019187,-0.006236029,0.010237947,train,-0.006770915
2019-10-09,SPY,0.0067407633,-0.0021624677,0.0089032315,train,-0.0062577478
2019-10-09,TLT,-0.015006689,0.01908865,0.03409534,train,0.00069214916
2019-10-10,EFA,0.017699653,-0.009493997,0.02719365,train,-0.012798492
2019-10-10,IWM,0.016782511,-0.007370005,0.024152515,train,-0.006236029
2019-10-10,SPY,0.010313488,-0.0049717627,0.01528525,train,-0.0021624677
2019-10-10,TLT,-0.012453992,0.008644741,0.021098733,train,0.01908865
2019-10-11,EFA,-0.0041275676,-0.036116734,0.031989165,train,-0.009493997
2019-10-11,IWM,-0.0036685169,-0.007670637,0.0040021203,train,-0.007370005
2019-10-11,SPY,-0.0011144815,-0.0029346654,0.0018201839,train,-0.0049717627
2019-10-11,TLT,0.007236733,0.01014171,0.0029049767,train,0.008644741
2019-10-14,EFA,0.01157501,0.009786552,0.0017884579,train,-0.036116734
2019-10-14,IWM,0.011426944,-0.0046527693,0.016079713,train,-0.007670637
2019-10-14,SPY,0.00985154,-0.012667259,0.022518799,train,-0.0029346654
2019-10-14,TLT,-0.012162296,-0.0020029568,0.01015934,train,0.01014171
2019-10-15,EFA,0.0015129402,0.003554393,0.002041453,train,0.009786552
2019-10-15,IWM,0.0010562567,0.01048325,0.009426993,train,-0.0046527693
2019-10-15,SPY,-0.0016069913,-0.027968973,0.026361981,train,-0.012667259
2019-10-15,TLT,0.0012154399,0.01819192,0.016976481,train,-0.0020029568
2019-10-16,EFA,0.0024162733,0.028157206,0.025740933,train,0.003554393
2019-10-16,IWM,0.01174185,0.018134719,0.006392869,train,0.01048325
2019-10-16,SPY,0.0029445163,0.01911554,0.016171023,train,-0.027968973
2019-10-16,TLT,-0.002432359,-0.0011007697,0.0013315892,train,0.01819192
2019-10-17,EFA,-0.0004528461,0.025131246,0.025584092,train,0.028157206
2019-10-17,IWM,-0.004771944,0.028439661,0.033211604,train,0.018134719
2019-10-17,SPY,-0.0043868423,0.027873432,0.032260276,train,0.01911554
2019-10-17,TLT,0.0,0.010489438,0.010489438,train,-0.0011007697
2019-10-18,EFA,0.005417826,0.006429831,0.0010120049,train,0.025131246
2019-10-18,IWM,0.009326514,0.019117644,0.00979113,train,0.028439661
2019-10-18,SPY,0.0067564882,-0.0011448101,0.007901298,train,0.027873432
2019-10-18,TLT,-0.007550766,0.012476072,0.020026838,train,0.010489438
2019-10-21,EFA,-0.0024040837,0.0069392645,0.009343348,train,0.006429831
2019-10-21,IWM,0.0011031147,0.009288723,0.008185608,train,0.019117644
2019-10-21,SPY,-0.0032721362,0.028471572,0.03174371,train,-0.0011448101
2019-10-21,TLT,0.0058298004,0.012151342,0.0063215415,train,0.012476072
2019-10-22,EFA,0.0054011527,0.0116402935,0.006239141,train,0.0069392645
2019-10-22,IWM,0.0012311399,0.022003325,0.020772185,train,0.009288723
2019-10-22,SPY,0.0029052622,-0.0033055204,0.0062107826,train,0.028471572
2019-10-22,TLT,0.0010044153,0.020475613,0.019471198,train,0.012151342
2019-10-23,EFA,0.0017938289,0.0034474884,0.0016536595,train,0.0116402935
2019-10-23,IWM,-0.0014258889,0.029913692,0.031339582,train,0.022003325
2019-10-23,SPY,0.001632493,0.008478083,0.0068455897,train,-0.0033055204
2019-10-23,TLT,-0.0020098404,0.019891292,0.021901133,train,0.020475613
2019-10-24,EFA,0.001045094,0.0012650308,0.00021993683,train,0.0034474884
2019-10-24,IWM,0.00530453,0.03608714,0.03078261,train,0.029913692
2019-10-24,SPY,0.0040866993,0.023403399,0.0193167,train,0.008478083
2019-10-24,TLT,-0.004897225,0.008011393,0.012908619,train,0.019891292
2019-10-25,EFA,0.0044663306,-0.010994142,0.015460473,train,0.0012650308
2019-10-25,IWM,0.008608144,0.002166511,0.0064416328,train,0.03608714
2019-10-25,SPY,0.0056207976,-0.0044738385,0.010094636,train,0.023403399
2019-10-25,TLT,-0.009137523,0.009274611,0.018412136,train,0.008011393
2019-10-28,EFA,-0.00029711728,-0.009310657,0.00901354,train,-0.010994142
2019-10-28,IWM,0.0032567254,-0.006383782,0.009640507,train,0.002166511
2019-10-28,SPY,-0.00029675302,-0.015515143,0.01521839,train,-0.0044738385
2019-10-28,TLT,0.00065566617,0.0019540922,0.001298426,train,0.009274611
2019-10-29,EFA,0.0041519715,-0.0026728683,0.00682484,train,-0.009310657
2019-10-29,IWM,-0.0033207529,0.02824535,0.031566102,train,-0.006383782
2019-10-29,SPY,0.003062503,-0.020533195,0.023595698,train,-0.015515143
2019-10-29,TLT,0.0145277,0.023255508,0.0087278085,train,0.0019540922
2019-10-30,EFA,-0.0023704537,0.011675965,0.0140464185,train,-0.0026728683
2019-10-30,IWM,-0.0056449226,0.0042404667,0.009885389,train,0.02824535
2019-10-30,SPY,-0.0026671092,-0.008613307,0.0059461975,train,-0.020533195
2019-10-30,TLT,0.01340059,0.0011784495,0.012222141,train,0.023255508
2019-10-31,EFA,0.00886002,0.00030564144,0.0085543785,train,0.011675965
2019-10-31,IWM,0.016903691,0.002728701,0.01417499,train,0.0042404667
2019-10-31,SPY,0.0092215035,-0.032646228,0.041867733,train,-0.008613307
2019-10-31,TLT,-0.0030828477,-0.01510063,0.012017783,train,0.0011784495
2019-11-01,EFA,0.005132357,-0.015097806,0.020230163,train,0.00030564144
2019-11-01,IWM,0.0053617656,0.023304867,0.017943101,train,0.002728701
2019-11-01,SPY,0.004009611,-0.008596214,0.0126058245,train,-0.032646228
2019-11-01,TLT,-0.013249019,-0.012477176,0.0007718429,train,-0.01510063
2019-11-04,EFA,-0.001903333,0.0012098369,0.00311317,train,-0.015097806
2019-11-04,IWM,0.0012571379,0.03186423,0.030607091,train,0.023304867
2019-11-04,SPY,-0.0011068401,-0.025354138,0.024247298,train,-0.008596214
2019-11-04,TLT,-0.011309846,-0.0024520266,0.00885782,train,-0.012477176
2019-11-05,EFA,-0.00043949584,0.007035488,0.0074749836,train,0.0012098369
2019-11-05,IWM,-0.0057973224,0.014371429,0.020168751,train,0.03186423
2019-11-05,SPY,0.00022822262,-0.026392804,0.026621027,train,-0.025354138
2019-11-05,TLT,0.006032315,-0.0070451056,0.013077421,train,-0.0024520266
2019-11-06,EFA,0.003073906,0.00095046964,0.0021234364,train,0.007035488
2019-11-06,IWM,0.0026509366,-0.013118522,0.01576946,train,0.014371429
2019-11-06,SPY,0.0035104994,-0.025176715,0.028687214,train,-0.026392804
2019-11-06,TLT,-0.018284075,-0.0021476368,0.016136438,train,-0.0070451056
2019-11-07,EFA,-0.0005846976,0.0012916033,0.0018763009,train,0.00095046964
2019-11-07,IWM,0.002706749,0.008814227,0.006107478,train,-0.013118522
2019-11-07,SPY,0.0024631452,-0.018887917,0.021351062,train,-0.025176715
2019-11-07,TLT,-0.0042158416,-0.007629188,0.0034133461,train,-0.0021476368
2019-11-08,EFA,-0.0013170404,0.003543287,0.0048603276,train,0.0012916033
2019-11-08,IWM,-0.0018874943,-0.006109524,0.00422203,train,0.008814227
2019-11-08,SPY,-0.0019117458,-0.008601779,0.0066900332,train,-0.018887917
2019-11-08,TLT,0.00066646386,-0.005933247,0.006599711,train,-0.007629188
2019-11-11,EFA,0.00043904863,0.002671461,0.0022324123,train,0.003543287
2019-11-11,IWM,0.00031474323,0.000447365,0.00013262176,train,-0.006109524
2019-11-11,SPY,0.0021058496,-0.004181064,0.0062869135,train,-0.008601779
2019-11-11,TLT,0.0045818114,-0.003926675,0.008508487,train,-0.005933247
2019-11-12,EFA,-0.003518883,-0.0036053336,8.645072e-05,train,0.002671461
2019-11-12,IWM,-0.0042904187,-0.0027990672,0.0014913515,train,0.000447365
2019-11-12,SPY,0.00032356696,-0.01748413,0.017807698,train,-0.004181064
2019-11-12,TLT,0.006468104,-0.0007157461,0.0071838503,train,-0.003926675
2019-11-13,EFA,-0.0027948625,0.0027425098,0.005537372,train,-0.0036053336
2019-11-13,IWM,-0.00031609673,0.010445463,0.010761559,train,-0.0027990672
2019-11-13,SPY,0.0014548652,-0.01585807,0.017312936,train,-0.01748413
2019-11-13,TLT,0.010276514,-0.007955136,0.018231649,train,-0.0007157461
2019-11-14,EFA,0.0063137454,-0.0016665626,0.007980308,train,0.0027425098
2019-11-14,IWM,0.0051730326,0.0015969048,0.0035761278,train,0.010445463
2019-11-14,SPY,0.0072103296,-0.0147779435,0.021988273,train,-0.01585807
2019-11-14,TLT,-0.0010878739,0.000334966,0.0014228399,train,-0.007955136
2019-11-15,EFA,0.0011704171,-0.0234196,0.024590017,train,-0.0016665626
2019-11-15,IWM,-0.0025198157,-0.0062138666,0.003694051,train,0.0015969048
2019-11-15,SPY,0.0007372417,-0.004822099,0.005559341,train,-0.0147779435
2019-11-15,TLT,0.001812842,0.0149116665,0.013098825,train,0.000334966
2019-11-18,EFA,-0.0013166551,-0.012230225,0.0109135695,train,-0.0234196
2019-11-18,IWM,0.0037148006,0.014686843,0.010972043,train,-0.0062138666
2019-11-18,SPY,-0.0002883512,-0.010894351,0.010605999,train,-0.004822099
2019-11-18,TLT,0.008298227,0.0074399128,0.00085831387,train,0.0149116665
2019-11-19,EFA,-0.0063146716,-0.0076076128,0.0012929412,train,-0.012230225
2019-11-19,IWM,-0.0037782604,-0.0041809985,0.0004027381,train,0.014686843
2019-11-19,SPY,-0.003725675,-0.012546828,0.008821153,train,-0.010894351
2019-11-19,TLT,0.010294739,0.0056155645,0.0046791746,train,0.0074399128
2019-11-20,EFA,-0.0013268841,0.005071106,0.00639799,train,-0.0076076128
2019-11-20,IWM,-0.0049330937,0.00053378893,0.0054668826,train,-0.0041809985
2019-11-20,SPY,-0.0016101759,-0.015834229,0.014224053,train,-0.012546828
2019-11-20,TLT,-0.0062785684,0.006108115,0.012386683,train,0.0056155645
2019-11-21,EFA,0.0027989116,-1.9413885e-05,0.0028183255,train,0.005071106
2019-11-21,IWM,0.0031020723,0.0072052595,0.0041031875,train,0.00053378893
2019-11-21,SPY,0.0022212346,-0.002666865,0.0048880996,train,-0.015834229
2019-11-21,TLT,0.0012869686,-0.002480147,0.0037671155,train,0.006108115
2019-11-22,EFA,0.007912057,0.012383638,0.0044715805,train,-1.9413885e-05
2019-11-22,IWM,0.021013783,0.024838129,0.0038243458,train,0.0072052595
2019-11-22,SPY,0.00772053,-0.015487328,0.023207858,train,-0.002666865
2019-11-22,TLT,0.002926597,0.010335773,0.0074091763,train,-0.002480147
2019-11-25,EFA,-0.0005837766,-0.013862764,0.013278988,train,0.012383638
2019-11-25,IWM,0.0006805977,0.013040189,0.012359591,train,0.024838129
2019-11-25,SPY,0.0022629001,-0.0020217928,0.004284693,train,-0.015487328
2019-11-25,TLT,0.0058274292,-0.004889607,0.010717036,train,0.010335773
2019-11-26,EFA,0.00262492,-0.01919137,0.021816289,train,-0.013862764
2019-11-26,IWM,0.0070257345,0.017040255,0.01001452,train,0.013040189
2019-11-26,SPY,0.0044474853,0.00020502368,0.0042424616,train,-0.0020217928
2019-11-26,TLT,-0.0029096974,-0.005991855,0.0030821578,train,-0.004889607
2019-11-27,EFA,-0.007015495,-0.005223584,0.0017919112,train,-0.01919137
2019-11-27,IWM,-0.00653111,0.019069681,0.025600791,train,0.017040255
2019-11-27,SPY,-0.0037155105,-0.01092465,0.00720914,train,0.00020502368
2019-11-27,TLT,-0.0021340023,-0.0077144266,0.0055804243,train,-0.005991855
2019-11-29,EFA,-0.0051465603,-0.002047622,0.0030989381,train,-0.005223584
2019-11-29,IWM,-0.009815116,0.042048715,0.05186383,train,0.019069681
2019-11-29,SPY,-0.00853088,-0.004444674,0.004086206,train,-0.01092465
2019-11-29,TLT,-0.01342259,-0.01886869,0.0054461006,train,-0.0077144266
2019-12-02,EFA,-0.0036925746,-0.008188356,0.004495781,train,-0.002047622
2019-12-02,IWM,-0.00318861,-0.00019030971,0.0029983004,train,0.042048715
2019-12-02,SPY,-0.006729129,-0.025403166,0.018674038,train,-0.004444674
2019-12-02,TLT,0.020751033,0.0060019656,0.014749067,train,-0.01886869
2019-12-03,EFA,0.009132553,0.0023327214,0.0067998315,train,-0.008188356
2019-12-03,IWM,0.006864859,0.004126487,0.002738372,train,-0.00019030971
2019-12-03,SPY,0.006151317,-0.02006885,0.026220167,train,-0.025403166
2019-12-03,TLT,-0.010035475,-0.015771203,0.005735728,train,0.0060019656
2019-12-04,EFA,-0.0019080137,-0.0034440479,0.0015360342,train,0.0023327214
2019-12-04,IWM,0.000994702,0.013408318,0.012413616,train,0.004126487
2019-12-04,SPY,0.001796254,-0.024955366,0.026751619,train,-0.02006885
2019-12-04,TLT,-0.0048760083,0.0066589736,0.011534981,train,-0.015771203
2019-12-05,EFA,0.00906711,-0.010819503,0.019886613,train,-0.0034440479
2019-12-05,IWM,0.011614002,0.0033935239,0.008220479,train,0.013408318
2019-12-05,SPY,0.009092206,-0.035336476,0.044428684,train,-0.024955366
2019-12-05,TLT,-0.0055501345,-0.0033998715,0.002150263,train,0.0066589736
2019-12-06,EFA,-0.0052547157,-0.004445089,0.00080962665,train,-0.010819503
2019-12-06,IWM,-0.0019063007,-0.0048664683,0.0029601676,train,0.0033935239
2019-12-06,SPY,-0.0031486098,-0.010614428,0.007465818,train,-0.035336476
2019-12-06,TLT,0.0021657404,0.0019497876,0.00021595275,train,-0.0033998715
2019-12-09,EFA,0.00043885913,-0.0076130694,0.008051928,train,-0.004445089
2019-12-09,IWM,0.00061545405,0.009052036,0.008436582,train,-0.0048664683
2019-12-09,SPY,-0.0011159998,0.00075383345,0.0018698332,train,-0.010614428
2019-12-09,TLT,7.220066e-05,-0.020932497,0.021004697,train,0.0019497876
2019-12-10,EFA,0.0052523487,-0.013861089,0.019113438,train,-0.0076130694
2019-12-10,IWM,-0.00030742565,-0.0021505398,0.0018431142,train,0.009052036
2019-12-10,SPY,0.002834981,-0.0038881162,0.0067230975,train,0.00075383345
2019-12-10,TLT,0.007830287,0.00868319,0.0008529024,train,-0.020932497
2019-12-11,EFA,0.0066715814,-0.0028658598,0.009537442,train,-0.013861089
2019-12-11,IWM,0.008575416,-0.00010573072,0.008681146,train,-0.0021505398
2019-12-11,SPY,0.008581887,-0.0012134179,0.009795304,train,-0.0038881162
2019-12-11,TLT,-0.016595064,-0.008196443,0.00839862,train,0.00868319
2019-12-12,EFA,0.006914501,-0.0113872625,0.018301763,train,-0.0028658598
2019-12-12,IWM,-0.0038497283,-0.00074238377,0.0031073445,train,-0.00010573072
2019-12-12,SPY,0.0005990186,-0.0094452,0.010044218,train,-0.0012134179
2019-12-12,TLT,0.011501131,-0.0039958563,0.015496987,train,-0.008196443
2019-12-13,EFA,0.010627933,-0.021173563,0.031801496,train,-0.0113872625
2019-12-13,IWM,0.0070235226,0.005704832,0.0013186908,train,-0.00074238377
2019-12-13,SPY,0.0068463916,-0.010885412,0.017731804,train,-0.0094452
2019-12-13,TLT,-0.009030831,-0.014186529,0.0051556984,train,-0.0039958563
2019-12-16,EFA,-0.005762108,-0.0052119303,0.0005501779,train,-0.021173563
2019-12-16,IWM,0.0049909246,-0.0041781277,0.009169052,train,0.005704832
2019-12-16,SPY,0.00021931612,0.0070558605,0.0068365443,train,-0.010885412
2019-12-16,TLT,-0.0013788559,-0.004813622,0.0034347663,train,-0.014186529
2019-12-17,EFA,-0.001301132,0.009085009,0.010386141,train,-0.0052119303
2019-12-17,IWM,0.0019413275,0.0010590865,0.00088224094,train,-0.0041781277
2019-12-17,SPY,6.241356e-05,-0.0071494295,0.007211843,train,0.0070558605
2019-12-17,TLT,-0.008246435,-0.010123555,0.0018771198,train,-0.004813622
2019-12-18,EFA,0.0,0.0014388761,0.0014388761,train,0.009085009
2019-12-18,IWM,0.0042934106,0.011522293,0.0072288825,train,0.0010590865
2019-12-18,SPY,0.0040905783,0.00446125,0.0003706715,train,-0.0071494295
2019-12-18,TLT,0.0015987124,-0.0066376193,0.008236332,train,-0.010123555
2019-12-19,EFA,0.000723302,-0.002563573,0.0032868749,train,0.0014388761
2019-12-19,IWM,0.0014469813,-0.014408408,0.015855389,train,0.011522293
2019-12-19,SPY,0.0043745604,0.004737452,0.0003628917,train,0.00446125
2019-12-19,TLT,0.0013179089,0.0021151868,0.0007972779,train,-0.0066376193
2019-12-20,EFA,0.0015886086,-0.0070033805,0.008591989,train,-0.002563573
2019-12-20,IWM,0.001986261,0.0083624665,0.0063762055,train,-0.014408408
2019-12-20,SPY,0.001526555,-0.03775143,0.039277986,train,0.004737452
2019-12-20,TLT,-0.001464599,0.0010873605,0.0025519596,train,0.0021151868
2019-12-23,EFA,-0.0010107786,0.001048746,0.0020595246,train,-0.0070033805
2019-12-23,IWM,0.002282429,0.012249732,0.009967303,train,0.0083624665
2019-12-23,SPY,3.1309773e-05,-0.00050914055,0.00054045033,train,-0.03775143
2019-12-23,TLT,0.0028538175,0.004825872,0.0019720544,train,0.0010873605
2019-12-24,EFA,0.004324527,-0.002667483,0.00699201,train,0.001048746
2019-12-24,IWM,0.0,-0.0032557617,0.0032557617,train,0.012249732
2019-12-24,SPY,0.0053092884,-0.03857526,0.04388455,train,-0.00050914055
2019-12-24,TLT,0.0024087306,0.00035872776,0.0020500028,train,0.004825872
2019-12-26,EFA,0.0017246796,-0.0059620542,0.0076867337,train,-0.002667483
2019-12-26,IWM,-0.0049319854,0.0067717335,0.011703718,train,-0.0032557617
2019-12-26,SPY,-0.00024773492,-0.036040366,0.03579263,train,-0.03857526
2019-12-26,TLT,0.0010933187,0.0013578502,0.00026453147,train,0.00035872776
2019-12-27,EFA,-0.007494771,-0.007966394,0.00047162268,train,-0.0059620542
2019-12-27,IWM,-0.0025350277,0.0037560794,0.0062911073,train,0.0067717335
2019-12-27,SPY,-0.0055285026,2.5997404e-05,0.0055545,train,-0.036040366
2019-12-27,TLT,-0.003648076,0.006198864,0.00984694,train,0.0013578502
2019-12-30,EFA,0.004618694,0.014538495,0.009919801,train,-0.007966394
2019-12-30,IWM,0.0013892193,0.011326531,0.0099373115,train,0.0037560794
2019-12-30,SPY,0.0024261095,0.015495658,0.013069549,train,2.5997404e-05
2019-12-30,TLT,-0.009842056,0.00017450517,0.010016561,train,0.006198864
2019-12-31,EFA,0.010030384,0.0008006431,0.009229741,train,0.014538495
2019-12-31,IWM,0.00066336076,0.0009752051,0.00031184434,train,0.011326531
2019-12-31,SPY,0.009308695,0.010705972,0.0013972772,train,0.015495658
2019-12-31,TLT,0.01122975,0.0016226075,0.009607142,train,0.00017450517
2020-01-02,EFA,-0.012481547,-0.011083888,0.0013976591,train,0.0008006431
2020-01-02,IWM,-0.003928377,0.0043126424,0.008241019,train,0.0009752051
2020-01-02,SPY,-0.0076013426,0.025130725,0.032732066,train,0.010705972
2020-01-02,TLT,0.015283156,-0.0037859953,0.019069152,train,0.0016226075
2020-01-03,EFA,0.003890465,0.004431709,0.00054124417,train,-0.011083888
2020-01-03,IWM,0.001331512,0.022227352,0.02089584,train,0.0043126424
2020-01-03,SPY,0.0038078937,0.027476491,0.023668598,train,0.025130725
2020-01-03,TLT,-0.005695235,-0.0051270262,0.00056820875,train,-0.0037859953
2020-01-06,EFA,-0.0027362437,-0.011943713,0.009207469,train,0.004431709
2020-01-06,IWM,-0.0033318605,0.010540316,0.013872176,train,0.022227352
2020-01-06,SPY,-0.0028158368,0.0011598631,0.0039756997,train,0.027476491
2020-01-06,TLT,-0.0049274834,0.0061555817,0.011083065,train,-0.0051270262
2020-01-07,EFA,0.0028799353,0.0064563747,0.0035764393,train,-0.011943713
2020-01-07,IWM,0.0030897725,0.017347148,0.014257375,train,0.010540316
2020-01-07,SPY,0.0053153685,0.009341532,0.004026164,train,0.0011598631
2020-01-07,TLT,-0.0066332524,0.0030997484,0.009733001,train,0.0061555817
2020-01-08,EFA,0.0022977688,-0.0063200006,0.00861777,train,0.0064563747
2020-01-08,IWM,0.0012090587,0.011951812,0.010742753,train,0.017347148
2020-01-08,SPY,0.006758201,-0.0073420377,0.014100239,train,0.009341532
2020-01-08,TLT,0.0035046062,-0.0021567196,0.0056613255,train,0.0030997484
2020-01-09,EFA,-0.0037366669,0.00583903,0.009575697,train,-0.0063200006
2020-01-09,IWM,-0.00375303,0.015097136,0.018850166,train,0.011951812
2020-01-09,SPY,-0.002881973,-0.0025038966,0.00037807645,train,-0.0073420377
2020-01-09,TLT,0.008851472,-0.005096546,0.013948018,train,-0.0021567196
2020-01-10,EFA,0.0051699406,-0.0063229282,0.011492869,train,0.00583903
2020-01-10,IWM,0.006468079,0.016330713,0.009862634,train,0.015097136
2020-01-10,SPY,0.0068537043,0.017964434,0.01111073,train,-0.0025038966
2020-01-10,TLT,-0.0030383451,-0.0012053894,0.0018329557,train,-0.005096546
2020-01-13,EFA,0.0010024364,-0.0006177621,0.0016201985,train,-0.0063229282
2020-01-13,IWM,0.0036691052,0.018302485,0.01463338,train,0.016330713
2020-01-13,SPY,-0.0015258165,0.014919102,0.016444918,train,0.017964434
2020-01-13,TLT,0.005130994,0.0027735732,0.002357421,train,-0.0012053894
2020-01-14,EFA,0.0,-0.004203963,0.004203963,train,-0.0006177621
2020-01-14,IWM,0.004791354,0.014416521,0.009625168,train,0.018302485
2020-01-14,SPY,0.0022573094,0.020316273,0.018058963,train,0.014919102
2020-01-14,TLT,0.006609331,0.010537855,0.0039285244,train,0.0027735732
2020-01-15,EFA,0.0041415635,0.0012965412,0.0028450224,train,-0.004203963
2020-01-15,IWM,0.01282259,0.013220621,0.00039803144,train,0.014416521
2020-01-15,SPY,0.008283764,0.017662123,0.009378359,train,0.020316273
2020-01-15,TLT,-0.003155435,0.016360408,0.019515842,train,0.010537855
2020-01-16,EFA,0.0029880004,0.0032315464,0.00024354598,train,0.0012965412
2020-01-16,IWM,-0.0027166887,0.0029694126,0.0056861015,train,0.013220621
2020-01-16,SPY,0.00310788,0.034097157,0.030989278,train,0.017662123
2020-01-16,TLT,-0.0085848905,0.007911926,0.016496817,train,0.016360408
2020-01-17,EFA,-0.007988407,0.00045832153,0.008446729,train,0.0032315464
2020-01-17,IWM,-0.008315353,0.0042945663,0.0126099195,train,0.0029694126
2020-01-17,SPY,-0.0019599646,0.011073807,0.013033772,train,0.034097157
2020-01-17,TLT,0.010450876,0.0012967368,0.009154139,train,0.007911926
2020-01-21,EFA,0.0020029945,-0.0045885416,0.006591536,train,0.00045832153
2020-01-21,IWM,-0.00065607723,-0.007497489,0.006841412,train,0.0042945663
2020-01-21,SPY,0.00012051853,0.019564746,0.019444227,train,0.011073807
2020-01-21,TLT,0.0035073431,0.0010743155,0.0024330276,train,0.0012967368
2020-01-22,EFA,-0.00243266,-0.0078174025,0.0053847423,train,-0.0045885416
2020-01-22,IWM,-0.0006566062,0.005232168,0.005888774,train,-0.007497489
2020-01-22,SPY,0.0011463606,0.015679875,0.014533515,train,0.019564746
2020-01-22,TLT,0.0069776727,0.0029891026,0.00398857,train,0.0010743155
2020-01-23,EFA,-0.0043082186,-0.005135161,0.00082694227,train,-0.0078174025
2020-01-23,IWM,-0.012378613,0.003563846,0.01594246,train,0.005232168
2020-01-23,SPY,-0.008932839,0.024195766,0.033128604,train,0.015679875
2020-01-23,TLT,0.00805539,-0.009240063,0.017295454,train,0.0029891026
2020-01-24,EFA,-0.020939952,-0.012832334,0.0081076175,train,-0.005135161
2020-01-24,IWM,-0.011432242,0.014859742,0.026291983,train,0.003563846
2020-01-24,SPY,-0.016159058,0.019689916,0.035848975,train,0.024195766
2020-01-24,TLT,0.015435239,-0.004194699,0.019629939,train,-0.009240063
2020-01-27,EFA,0.009361122,-0.007593411,0.016954534,train,-0.012832334
2020-01-27,IWM,0.008283176,0.01388027,0.005597093,train,0.014859742
2020-01-27,SPY,0.010424312,0.014757438,0.0043331254,train,0.019689916
2020-01-27,TLT,-0.0078628445,0.014341811,0.022204656,train,-0.004194699
2020-01-28,EFA,0.00014513754,0.01579904,0.015653903,train,-0.007593411
2020-01-28,IWM,-0.005717662,-0.004692638,0.0010250243,train,0.01388027
2020-01-28,SPY,-0.0008263687,-0.0068611377,0.006034769,train,0.014757438
2020-01-28,TLT,0.009732148,-0.010404674,0.020136822,train,0.014341811
2020-01-29,EFA,-0.0008735346,0.013847716,0.014721251,train,0.01579904
2020-01-29,IWM,0.0,0.005308923,0.005308923,train,-0.004692638
2020-01-29,SPY,0.0032402044,-0.01871509,0.021955293,train,-0.0068611377
2020-01-29,TLT,0.00013871351,0.003033727,0.0028950134,train,-0.010404674
2020-01-30,EFA,-0.0170442,-0.0032859743,0.013758225,train,0.013847716
2020-01-30,IWM,-0.020958774,-0.01159809,0.009360684,train,0.005308923
2020-01-30,SPY,-0.018324835,-0.022522237,0.004197402,train,-0.01871509
2020-01-30,TLT,0.009088182,-0.012903683,0.021991864,train,0.003033727
2020-01-31,EFA,0.0023681712,-0.013061801,0.015429972,train,-0.0032859743
2020-01-31,IWM,0.011088993,0.007801144,0.0032878495,train,-0.01159809
2020-01-31,SPY,0.0074010836,-0.0045022713,0.011903355,train,-0.022522237
2020-01-31,TLT,-0.00081045885,-0.008268585,0.0074581266,train,-0.012903683
2020-02-03,EFA,0.01656812,0.012527948,0.0040401723,train,-0.013061801
2020-02-03,IWM,0.014980849,-5.6055374e-05,0.015036904,train,0.007801144
2020-02-03,SPY,0.015126152,-0.004643246,0.019769398,train,-0.0045022713
2020-02-03,TLT,-0.013558352,0.011449004,0.025007356,train,-0.008268585
2020-02-04,EFA,0.009551402,0.010877134,0.0013257321,train,0.012527948
2020-02-04,IWM,0.015297635,-0.00143264,0.016730275,train,-5.6055374e-05
2020-02-04,SPY,0.011481867,-0.01369336,0.025175227,train,-0.004643246
2020-02-04,TLT,-0.010995385,0.02582371,0.036819097,train,0.011449004
2020-02-05,EFA,0.0027329638,-0.0035742526,0.0063072164,train,0.010877134
2020-02-05,IWM,-0.0022739237,0.0060729845,0.008346908,train,-0.00143264
2020-02-05,SPY,0.0033589622,-0.011909192,0.015268154,train,-0.01369336
2020-02-05,TLT,0.0044964887,0.030318493,0.025822004,train,0.02582371
2020-02-06,EFA,-0.009525342,-0.002739381,0.006785961,train,-0.0035742526
2020-02-06,IWM,-0.01235623,0.038537696,0.050893925,train,0.0060729845
2020-02-06,SPY,-0.0053437385,0.00709538,0.012439119,train,-0.011909192
2020-02-06,TLT,0.012400945,0.007180316,0.005220629,train,0.030318493
2020-02-07,EFA,0.0020280147,-0.0124750305,0.014503045,train,-0.002739381
2020-02-07,IWM,0.005624367,0.01115625,0.005531883,train,0.038537696
2020-02-07,SPY,0.007437561,-0.0065225037,0.013960065,train,0.00709538
2020-02-07,TLT,0.0027657526,-0.02241217,0.025177922,train,0.007180316
2020-02-10,EFA,0.006778664,-0.0011963579,0.007975021,train,-0.0124750305
2020-02-10,IWM,0.00691187,0.022947973,0.016036103,train,0.01115625
2020-02-10,SPY,0.0017318081,0.028121179,0.026389372,train,-0.0065225037
2020-02-10,TLT,-0.005053322,-0.015155965,0.010102644,train,-0.02241217
2020-02-11,EFA,0.0034437212,-0.0025043706,0.005948092,train,-0.0011963579
2020-02-11,IWM,0.006864228,0.03162462,0.024760392,train,0.022947973
2020-02-11,SPY,0.0064221756,0.024050446,0.017628271,train,0.028121179
2020-02-11,TLT,-0.005079051,0.007176358,0.012255409,train,-0.015155965
2020-02-12,EFA,-0.007043424,-0.007018456,2.4968293e-05,train,-0.0025043706
2020-02-12,IWM,0.0026138474,0.0416877,0.039073855,train,0.03162462
2020-02-12,SPY,-0.0010678977,0.017335767,0.018403664,train,0.024050446
2020-02-12,TLT,0.0038297498,0.008814668,0.0049849185,train,0.007176358
2020-02-13,EFA,-0.0017325818,-0.013304286,0.0115717035,train,-0.007018456
2020-02-13,IWM,-0.0038639852,0.014523964,0.01838795,train,0.0416877
2020-02-13,SPY,0.001600926,0.0255757,0.023974773,train,0.017335767
2020-02-13,TLT,0.0043677273,-0.0040528043,0.008420532,train,0.008814668
2020-02-14,EFA,-0.006378872,-0.008544594,0.0021657222,train,-0.013304286
2020-02-14,IWM,-0.0021462732,-0.036671534,0.03452526,train,0.014523964
2020-02-14,SPY,-0.002580159,0.025501883,0.028082041,train,0.0255757
2020-02-14,TLT,0.0068254466,0.012764221,0.0059387744,train,-0.0040528043
2020-02-18,EFA,0.0033395127,-0.010418507,0.0137580205,train,-0.008544594
2020-02-18,IWM,0.005119864,-0.014485569,0.019605432,train,-0.036671534
2020-02-18,SPY,0.004769677,0.017953953,0.0131842755,train,0.025501883
2020-02-18,TLT,-6.8751324e-05,0.001224048,0.0012927993,train,0.012764221
2020-02-19,EFA,-0.0059607155,0.006919621,0.0128803365,train,-0.010418507
2020-02-19,IWM,0.00243174,-0.004506839,0.006938579,train,-0.014485569
2020-02-19,SPY,-0.004116452,0.030222563,0.034339014,train,0.017953953
2020-02-19,TLT,0.007802832,-0.006276311,0.014079142,train,0.001224048
2020-02-20,EFA,-0.004676815,-0.00962162,0.004944805,train,0.006919621
2020-02-20,IWM,-0.010181525,-0.0028423532,0.0073391716,train,-0.004506839
2020-02-20,SPY,-0.010352049,0.021310193,0.03166224,train,0.030222563
2020-02-20,TLT,0.009297413,0.0010356815,0.008261731,train,-0.006276311
2020-02-21,EFA,-0.040816057,-0.009969191,0.030846868,train,-0.00962162
2020-02-21,IWM,-0.030563947,-0.0344858,0.0039218515,train,-0.0028423532
2020-02-21,SPY,-0.03372765,-0.012871766,0.020855883,train,0.021310193
2020-02-21,TLT,0.014818245,0.008502074,0.006316171,train,0.0010356815
2020-02-24,EFA,-0.016618341,-0.014287375,0.0023309663,train,-0.009969191
2020-02-24,IWM,-0.03618708,-0.018596292,0.017590787,train,-0.0344858
2020-02-24,SPY,-0.030770939,-0.0141527355,0.016618203,train,-0.012871766
2020-02-24,TLT,0.005310171,0.02986692,0.02455675,train,0.008502074
2020-02-25,EFA,0.0012404174,-0.007447561,0.008687979,train,-0.014287375
2020-02-25,IWM,-0.011647023,-0.009854043,0.0017929804,train,-0.018596292
2020-02-25,SPY,-0.003684749,-0.00917751,0.005492761,train,-0.0141527355
2020-02-25,TLT,-0.005310171,-0.02572166,0.02041149,train,0.02986692
2020-02-26,EFA,-0.030045345,-0.0033589243,0.02668642,train,-0.007447561
2020-02-26,IWM,-0.035845257,-0.005222478,0.03062278,train,-0.009854043
2020-02-26,SPY,-0.04595136,-0.0059383013,0.040013056,train,-0.00917751
2020-02-26,TLT,0.010789949,-0.018370446,0.029160395,train,-0.02572166
2020-02-27,EFA,-0.006086911,-0.008296793,0.0022098823,train,-0.0033589243
2020-02-27,IWM,-0.018484587,-0.0064457697,0.012038818,train,-0.005222478
2020-02-27,SPY,-0.0042103627,-0.008841973,0.00463161,train,-0.0059383013
2020-02-27,TLT,0.022332542,-0.03491377,0.057246312,train,-0.018370446
2020-02-28,EFA,0.012771563,0.00058154576,0.012190017,train,-0.008296793
2020-02-28,IWM,0.031614065,0.0022261362,0.029387929,train,-0.0064457697
2020-02-28,SPY,0.042394664,0.003669985,0.03872468,train,-0.008841973
2020-02-28,TLT,-0.0073849265,-0.018662281,0.011277355,train,-0.03491377
2020-03-02,EFA,-0.008123019,-0.014445186,0.006322167,train,0.00058154576
2020-03-02,IWM,-0.020604247,-0.07731524,0.056710996,train,0.0022261362
2020-03-02,SPY,-0.029050298,-0.037993245,0.008942947,train,0.003669985
2020-03-02,TLT,0.015406921,-0.0021149009,0.017521821,train,-0.018662281
2020-03-03,EFA,0.029467244,-0.007944864,0.037412107,train,-0.014445186
2020-03-03,IWM,0.028058559,-0.005103727,0.033162285,train,-0.07731524
2020-03-03,SPY,0.041173685,-0.013280842,0.054454528,train,-0.037993245
2020-03-03,TLT,-0.010675756,-0.024496099,0.013820343,train,-0.0021149009
2020-03-04,EFA,-0.026911769,0.028546302,0.05545807,train,-0.007944864
2020-03-04,IWM,-0.03232555,-0.03749933,0.00517378,train,-0.005103727
2020-03-04,SPY,-0.033806782,-0.007948723,0.02585806,train,-0.013280842
2020-03-04,TLT,0.024586873,0.014616223,0.00997065,train,-0.024496099
2020-03-05,EFA,-0.015108014,-0.02407333,0.008965316,train,0.028546302
2020-03-05,IWM,-0.020020349,-0.0074506127,0.012569737,train,-0.03749933
2020-03-05,SPY,-0.016669055,-0.016465213,0.0002038423,train,-0.007948723
2020-03-05,TLT,0.050735157,-0.002684941,0.053420097,train,0.014616223
2020-03-06,EFA,-0.08074458,-0.014428116,0.06631646,train,-0.02407333
2020-03-06,IWM,-0.10228685,-0.006154491,0.09613236,train,-0.0074506127
2020-03-06,SPY,-0.08131266,-0.009540601,0.071772054,train,-0.016465213
2020-03-06,TLT,0.026742246,-0.10034395,0.12708619,train,-0.002684941
2020-03-09,EFA,0.03620458,-0.015690766,0.051895346,train,-0.014428116
2020-03-09,IWM,0.030743502,-0.01561485,0.046358354,train,-0.006154491
2020-03-09,SPY,0.050450724,-0.01004884,0.060499564,train,-0.009540601
2020-03-09,TLT,-0.052618593,-0.057664085,0.005045492,train,-0.10034395
2020-03-10,EFA,-0.05230971,-0.00018000789,0.0521297,train,-0.015690766
2020-03-10,IWM,-0.06571429,-0.022803975,0.042910315,train,-0.01561485
2020-03-10,SPY,-0.049976606,0.009111617,0.059088223,train,-0.01004884
2020-03-10,TLT,-0.037491858,0.06948647,0.10697833,train,-0.057664085
2020-03-11,EFA,-0.11642377,0.0027332935,0.11915706,train,-0.00018000789
2020-03-11,IWM,-0.11709826,0.0026444378,0.11974269,train,-0.022803975
2020-03-11,SPY,-0.10056908,0.0027813246,0.1033504,train,0.009111617
2020-03-11,TLT,0.0061773495,-0.020498322,0.026675671,train,0.06948647
2020-03-12,EFA,0.058771897,-0.0040189265,0.062790826,train,0.0027332935
2020-03-12,IWM,0.06483433,0.001982179,0.062852144,train,0.0026444378
2020-03-12,SPY,0.082027994,-0.001603005,0.083631,train,0.0027813246
2020-03-12,TLT,-0.02286234,-0.018141313,0.004721027,train,-0.020498322
2020-03-13,EFA,-0.108915746,-0.007552562,0.10136318,train,-0.0040189265
2020-03-13,IWM,-0.14233504,-0.017824797,0.12451024,train,0.001982179
2020-03-13,SPY,-0.11588642,0.019699728,0.13558614,train,-0.001603005
2020-03-13,TLT,0.06275464,0.05277299,0.009981647,train,-0.018141313
2020-03-16,EFA,0.047534887,0.0012374469,0.04629744,train,-0.007552562
2020-03-16,IWM,0.044820957,-0.004038784,0.04885974,train,-0.017824797
2020-03-16,SPY,0.05258496,-0.005430316,0.058015276,train,0.019699728
2020-03-16,TLT,-0.06901028,0.061450467,0.13046074,train,0.05277299
2020-03-17,EFA,-0.058980305,-0.014663318,0.044316985,train,0.0012374469
2020-03-17,IWM,-0.08068099,-0.007923305,0.07275768,train,-0.004038784
2020-03-17,SPY,-0.05195985,0.015688429,0.06764828,train,-0.005430316
2020-03-17,TLT,-0.05806616,-0.04754357,0.010522589,train,0.061450467
2020-03-18,EFA,0.015441546,0.013686528,0.0017550178,train,-0.014663318
2020-03-18,IWM,0.03826999,0.011048626,0.027221363,train,-0.007923305
2020-03-18,SPY,0.0021226108,0.0052711857,0.0031485748,train,0.015688429
2020-03-18,TLT,0.026861575,0.017144484,0.00971709,train,-0.04754357
2020-03-19,EFA,-0.012461878,0.010897949,0.023359828,train,0.013686528
2020-03-19,IWM,-0.024067117,0.022945127,0.047012243,train,0.011048626
2020-03-19,SPY,-0.04405011,0.00096212747,0.045012236,train,0.0052711857
2020-03-19,TLT,0.072502375,-0.051327836,0.123830214,train,0.017144484
2020-03-20,EFA,-0.011758563,0.015381454,0.027140018,train,0.010897949
2020-03-20,IWM,-0.014903342,0.020310273,0.035213616,train,0.022945127
2020-03-20,SPY,-0.025900844,0.009740813,0.035641655,train,0.00096212747
2020-03-20,TLT,0.040382754,-0.026091265,0.06647402,train,-0.051327836
2020-03-23,EFA,0.08133229,0.007906001,0.07342629,train,0.015381454
2020-03-23,IWM,0.08754516,0.012400964,0.075144194,train,0.020310273
2020-03-23,SPY,0.086730994,-0.0007360778,0.087467074,train,0.009740813
2020-03-23,TLT,-0.018789338,-0.019088935,0.00029959716,train,-0.026091265
2020-03-24,EFA,0.03199647,0.0042482126,0.027748257,train,0.007906001
2020-03-24,IWM,0.012352028,0.015217252,0.0028652241,train,0.012400964
2020-03-24,SPY,0.014859245,0.009819938,0.0050393073,train,-0.0007360778
2020-03-24,TLT,-0.002273901,0.01177761,0.01405151,train,-0.019088935
2020-03-25,EFA,0.04376701,-0.00047655078,0.04424356,train,0.0042482126
2020-03-25,IWM,0.06034094,-0.009758998,0.070099935,train,0.015217252
2020-03-25,SPY,0.056748733,-0.007147459,0.063896194,train,0.009819938
2020-03-25,TLT,0.004909599,-0.017298255,0.022207854,train,0.01177761
2020-03-26,EFA,-0.02890101,0.076550804,0.105451815,train,-0.00047655078
2020-03-26,IWM,-0.037062276,0.027269827,0.064332105,train,-0.009758998
2020-03-26,SPY,-0.030238222,-0.010724517,0.019513706,train,-0.007147459
2020-03-26,TLT,0.026342802,-0.011175429,0.037518233,train,-0.017298255
2020-03-27,EFA,0.020039724,0.013559004,0.00648072,train,0.076550804
2020-03-27,IWM,0.02179352,-0.028763661,0.05055718,train,0.027269827
2020-03-27,SPY,0.03195927,-0.05371789,0.08567716,train,-0.010724517
2020-03-27,TLT,-0.0082635125,-0.003077757,0.0051857554,train,-0.011175429
2020-03-30,EFA,-0.008753055,0.07949621,0.088249266,train,0.013559004
2020-03-30,IWM,-0.005054582,0.050660055,0.055714637,train,-0.028763661
2020-03-30,SPY,-0.015017425,0.02030627,0.035323694,train,-0.05371789
2020-03-30,TLT,-0.008149397,0.053447988,0.061597385,train,-0.003077757
2020-03-31,EFA,-0.04534497,0.0043520913,0.049697064,train,0.07949621
2020-03-31,IWM,-0.070579074,0.004779114,0.07535819,train,0.050660055
2020-03-31,SPY,-0.046049017,-0.012616847,0.03343217,train,0.02030627
2020-03-31,TLT,0.013913541,-0.026388364,0.040301904,train,0.053447988
2020-04-01,EFA,0.01938425,0.0053010224,0.014083227,train,0.0043520913
2020-04-01,IWM,0.009424735,4.2413827e-05,0.009382321,train,0.004779114
2020-04-01,SPY,0.022813214,-0.004714361,0.027527574,train,-0.012616847
2020-04-01,TLT,0.0063256393,-0.014780419,0.021106059,train,-0.026388364
2020-04-02,EFA,-0.023109931,-0.005008721,0.018101212,train,0.0053010224
2020-04-02,IWM,-0.028736176,0.016660804,0.04539698,train,4.2413827e-05
2020-04-02,SPY,-0.014559682,0.005289013,0.019848695,train,-0.004714361
2020-04-02,TLT,0.0023762078,-0.057009928,0.059386134,train,-0.014780419
2020-04-03,EFA,0.051685978,0.0069253636,0.044760615,train,-0.005008721
2020-04-03,IWM,0.07377323,0.01514224,0.058630988,train,0.016660804
2020-04-03,SPY,0.06500691,0.0023962646,0.06261065,train,0.005289013
2020-04-03,TLT,-0.002614496,-0.030825773,0.028211277,train,-0.057009928
2020-04-06,EFA,0.00558143,-0.01752224,0.02310367,train,0.0069253636
2020-04-06,IWM,0.0025713653,0.010852084,0.008280719,train,0.01514224
2020-04-06,SPY,0.001018691,0.008583404,0.0075647132,train,0.0023962646
2020-04-06,TLT,-0.010527644,-0.0149374325,0.004409788,train,-0.030825773
2020-04-07,EFA,0.0081302,0.003339483,0.0047907173,train,-0.01752224
2020-04-07,IWM,0.044598345,0.008594714,0.03600363,train,0.010852084
2020-04-07,SPY,0.033017464,0.01091337,0.022104094,train,0.008583404
2020-04-07,TLT,-0.0073024156,-0.0068495288,0.0004528868,train,-0.0149374325
2020-04-08,EFA,0.02238283,0.011052864,0.011329966,train,0.003339483
2020-04-08,IWM,0.046743143,0.017332796,0.029410347,train,0.008594714
2020-04-08,SPY,0.0151026845,0.015797835,0.00069515035,train,0.01091337
2020-04-08,TLT,0.0018154603,0.04829303,0.04647757,train,-0.0068495288
2020-04-09,EFA,-0.009583141,0.005763628,0.015346769,train,0.011052864
2020-04-09,IWM,-0.027450565,-0.010606151,0.016844414,train,0.017332796
2020-04-09,SPY,-0.0091720475,0.0018489868,0.011021035,train,0.015797835
2020-04-09,TLT,-0.009172147,0.0788846,0.08805675,train,0.04829303
2020-04-13,EFA,0.017648451,0.0148874745,0.0027609766,train,0.005763628
2020-04-13,IWM,0.020067938,0.027726656,0.007658718,train,-0.010606151
2020-04-13,SPY,0.029066158,0.028122904,0.0009432547,train,0.0018489868
2020-04-13,TLT,-0.00024398179,0.037933633,0.038177613,train,0.0788846
2020-04-14,EFA,-0.031737186,0.0021746964,0.033911884,train,0.0148874745
2020-04-14,IWM,-0.041650064,-0.017644664,0.0240054,train,0.027726656
2020-04-14,SPY,-0.02147687,0.004630363,0.026107233,train,0.028122904
2020-04-14,TLT,0.026144559,0.0068408796,0.01930368,train,0.037933633
2020-04-15,EFA,0.0005525904,-0.0135719795,0.0141245695,train,0.0021746964
2020-04-15,IWM,-0.007583638,-0.022058254,0.014474615,train,-0.017644664
2020-04-15,SPY,0.0048127896,0.056654736,0.05184195,train,0.004630363
2020-04-15,TLT,0.011292648,-0.0255349,0.03682755,train,0.0068408796
2020-04-16,EFA,0.026173823,0.016436031,0.0097377915,train,-0.0135719795
2020-04-16,IWM,0.043108173,-0.0076544653,0.05076264,train,-0.022058254
2020-04-16,SPY,0.026656706,0.015261285,0.011395421,train,0.056654736
2020-04-16,TLT,-0.013494956,-0.059729256,0.0462343,train,-0.0255349
2020-04-17,EFA,-0.015002406,0.017088836,0.03209124,train,0.016436031
2020-04-17,IWM,-0.0118675595,0.0014285133,0.013296073,train,-0.0076544653
2020-04-17,SPY,-0.017775074,0.022692109,0.04046718,train,0.015261285
2020-04-17,TLT,0.008012322,-0.018910395,0.026922718,train,-0.059729256
2020-04-20,EFA,-0.019678943,0.016206898,0.03588584,train,0.017088836
2020-04-20,IWM,-0.02416646,0.0097036455,0.033870105,train,0.0014285133
2020-04-20,SPY,-0.03083376,0.011486258,0.04232002,train,0.022692109
2020-04-20,TLT,0.01251296,-0.033159226,0.045672186,train,-0.018910395
2020-04-21,EFA,0.016760616,-0.006631654,0.02339227,train,0.016206898
2020-04-21,IWM,0.012072592,-0.004529232,0.016601823,train,0.0097036455
2020-04-21,SPY,0.02195213,-0.041768134,0.06372026,train,0.011486258
2020-04-21,TLT,-0.010269091,-0.018717537,0.008448445,train,-0.033159226
2020-04-22,EFA,-0.0031097757,0.0066454285,0.009755204,train,-0.006631654
2020-04-22,IWM,0.009769748,0.0013572681,0.00841248,train,-0.004529232
2020-04-22,SPY,-7.188931e-05,-0.018410148,0.01833826,train,-0.041768134
2020-04-22,TLT,0.0052947393,0.0022610272,0.003033712,train,-0.018717537
2020-04-23,EFA,0.01147649,0.0012070653,0.010269424,train,0.0066454285
2020-04-23,IWM,0.017055117,0.0016850517,0.015370065,train,0.0013572681
2020-04-23,SPY,0.013842473,-0.02077256,0.034615032,train,-0.018410148
2020-04-23,TLT,0.0023437291,-0.014112015,0.016455743,train,0.0022610272
2020-04-24,EFA,0.013135727,-0.0006373571,0.013773084,train,0.0012070653
2020-04-24,IWM,0.038856145,0.0013611005,0.037495043,train,0.0016850517
2020-04-24,SPY,0.014315394,-0.005032079,0.019347472,train,-0.02077256
2020-04-24,TLT,-0.01878905,0.010592347,0.029381396,train,-0.014112015
2020-04-27,EFA,0.007479912,0.010968223,0.003488311,train,-0.0006373571
2020-04-27,IWM,0.014432507,0.014708573,0.00027606636,train,0.0013611005
2020-04-27,SPY,-0.004608733,-0.009280717,0.004671984,train,-0.005032079
2020-04-27,TLT,0.011445778,0.01649372,0.0050479406,train,0.010592347
2020-04-28,EFA,0.024710074,0.01155608,0.013153994,train,0.010968223
2020-04-28,IWM,0.048011575,0.038824074,0.009187501,train,0.014708573
2020-04-28,SPY,0.025841571,-0.027908916,0.053750485,train,-0.009280717
2020-04-28,TLT,-0.0052025337,-0.007349433,0.0021468992,train,0.01649372
2020-04-29,EFA,-0.020990875,0.061208278,0.08219916,train,0.01155608
2020-04-29,IWM,-0.03876016,0.066278115,0.10503827,train,0.038824074
2020-04-29,SPY,-0.009354253,-0.01587578,0.006521526,train,-0.027908916
2020-04-29,TLT,-0.011745891,0.0033660051,0.015111895,train,-0.007349433
2020-04-30,EFA,-0.0219827,-0.0023718574,0.019610843,train,0.061208278
2020-04-30,IWM,-0.04048318,0.044816043,0.08529922,train,0.066278115
2020-04-30,SPY,-0.026830325,-0.02535726,0.0014730655,train,-0.01587578
2020-04-30,TLT,0.008527122,0.026783263,0.01825614,train,0.0033660051
2020-05-01,EFA,-0.0003614633,-0.006901112,0.0065396484,train,-0.0023718574
2020-05-01,IWM,0.004305903,0.019632697,0.015326794,train,0.044816043
2020-05-01,SPY,0.0027543057,-0.026278777,0.029033083,train,-0.02535726
2020-05-01,TLT,-0.0047152094,-0.031895578,0.027180368,train,0.026783263
2020-05-04,EFA,0.001805682,0.0013984316,0.00040725037,train,-0.006901112
2020-05-04,IWM,0.0076883263,0.034738224,0.027049897,train,0.019632697
2020-05-04,SPY,0.009197107,0.01371753,0.0045204237,train,-0.026278777
2020-05-04,TLT,-0.006421072,0.018959193,0.025380265,train,-0.031895578
2020-05-05,EFA,-0.006516882,0.0045465515,0.011063434,train,0.0013984316
2020-05-05,IWM,-0.0073701623,0.037634917,0.04500508,train,0.034738224
2020-05-05,SPY,-0.006801712,0.027071437,0.03387315,train,0.01371753
2020-05-05,TLT,-0.01626759,0.015137183,0.03140477,train,0.018959193
2020-05-06,EFA,0.014962005,-0.0018099365,0.016771942,train,0.0045465515
2020-05-06,IWM,0.013588668,0.013243688,0.00034497958,train,0.037634917
2020-05-06,SPY,0.011994202,-0.0020948276,0.014089029,train,0.027071437
2020-05-06,TLT,0.016568093,0.02034335,0.0037752576,train,0.015137183
2020-05-07,EFA,0.016854916,-0.0008073668,0.017662283,train,-0.0018099365
2020-05-07,IWM,0.037879746,0.026387675,0.011492072,train,0.013243688
2020-05-07,SPY,0.016410783,0.01672911,0.00031832792,train,-0.0020948276
2020-05-07,TLT,-0.013086205,-0.031833842,0.018747637,train,0.02034335
2020-05-08,EFA,-0.0008799185,0.021320894,0.022200814,train,-0.0008073668
2020-05-08,IWM,-0.004998924,0.05998227,0.06498119,train,0.026387675
2020-05-08,SPY,0.00020500916,0.027236743,0.027031735,train,0.01672911
2020-05-08,TLT,-0.007836709,0.024613233,0.032449942,train,-0.031833842
2020-05-11,EFA,-0.012759436,0.014846435,0.02760587,train,0.021320894
2020-05-11,IWM,-0.036575712,0.029742206,0.066317916,train,0.05998227
2020-05-11,SPY,-0.020132354,0.021849541,0.041981895,train,0.027236743
2020-05-11,TLT,0.010211924,0.005244062,0.0049678623,train,0.024613233
2020-05-12,EFA,-0.0076986575,-0.0012899642,0.0064086933,train,0.014846435
2020-05-12,IWM,-0.034045435,0.008898022,0.042943455,train,0.029742206
2020-05-12,SPY,-0.017844204,-0.0024111946,0.01543301,train,0.021849541
2020-05-12,TLT,0.0069724736,-0.016076688,0.02304916,train,0.005244062
2020-05-13,EFA,-0.009571109,-0.005370345,0.004200764,train,-0.0012899642
2020-05-13,IWM,0.0032539985,-0.005314229,0.008568227,train,0.008898022
2020-05-13,SPY,0.0118960105,-0.0060311854,0.017927196,train,-0.0024111946
2020-05-13,TLT,0.009739868,0.004949371,0.0047904975,train,-0.016076688
2020-05-14,EFA,0.0009068958,-0.005833092,0.006739988,train,-0.005370345
2020-05-14,IWM,0.015794,0.0044129672,0.011381032,train,-0.005314229
2020-05-14,SPY,0.004586535,0.0026529436,0.0019335914,train,-0.0060311854
2020-05-14,TLT,-0.0025769062,-0.0020699208,0.00050698547,train,0.004949371
2020-05-15,EFA,0.03963192,-0.00033308938,0.03996501,train,-0.005833092
2020-05-15,IWM,0.058986645,0.0047374773,0.054249167,train,0.0044129672
2020-05-15,SPY,0.030004939,0.0058886395,0.0241163,train,0.0026529436
2020-05-15,TLT,-0.022197993,-0.016545476,0.005652517,train,-0.0020699208
2020-05-18,EFA,-0.013860964,-0.0241224,0.010261436,train,-0.00033308938
2020-05-18,IWM,-0.019944342,-0.033424333,0.013479991,train,0.0047374773
2020-05-18,SPY,-0.010324298,0.021027884,0.03135218,train,0.0058886395
2020-05-18,TLT,0.003733998,-0.012055831,0.01578983,train,-0.016545476
2020-05-19,EFA,0.02063347,0.0017853458,0.018848125,train,-0.0241224
2020-05-19,IWM,0.029844211,0.02476736,0.0050768517,train,-0.033424333
2020-05-19,SPY,0.016845625,0.0009831577,0.015862467,train,0.021027884
2020-05-19,TLT,0.0029897846,0.016073622,0.013083837,train,-0.012055831
2020-05-20,EFA,-0.011663447,0.027647102,0.03931055,train,0.0017853458
2020-05-20,IWM,0.0017891994,0.049441695,0.047652494,train,0.02476736
2020-05-20,SPY,-0.0069281356,0.017554121,0.024482258,train,0.0009831577
2020-05-20,TLT,0.0024944101,-0.00058844313,0.0030828533,train,0.016073622
2020-05-21,EFA,-0.0028055103,0.0073503642,0.010155874,train,0.027647102
2020-05-21,IWM,0.0048308,0.016763352,0.011932552,train,0.049441695
2020-05-21,SPY,0.0018974761,0.013267167,0.01136969,train,0.017554121
2020-05-21,TLT,0.0059974645,0.0072376984,0.0012402339,train,-0.00058844313
2020-05-22,EFA,0.028219758,0.008670403,0.019549355,train,0.0073503642
2020-05-22,IWM,0.028429981,-0.0039733713,0.032403354,train,0.016763352
2020-05-22,SPY,0.0122449435,0.027295178,0.015050234,train,0.013267167
2020-05-22,TLT,-0.013499883,0.0023475518,0.015847435,train,0.0072376984
2020-05-26,EFA,0.012047369,-0.0026024072,0.014649777,train,0.008670403
2020-05-26,IWM,0.030583762,0.034461822,0.0038780607,train,-0.0039733713
2020-05-26,SPY,0.0147697255,0.045392472,0.030622747,train,0.027295178
2020-05-26,TLT,-0.0018386644,-0.01771706,0.015878396,train,0.0023475518
2020-05-27,EFA,0.009400665,0.055300336,0.04589967,train,-0.0026024072
2020-05-27,IWM,-0.023976445,0.07103648,0.095012926,train,0.034461822
2020-05-27,SPY,-0.0018470744,0.042476673,0.044323746,train,0.045392472
2020-05-27,TLT,-0.0036868323,-0.0023009153,0.001385917,train,-0.01771706
2020-05-28,EFA,-0.0035150158,0.044141002,0.04765602,train,0.055300336
2020-05-28,IWM,-0.005743217,0.023264248,0.029007465,train,0.07103648
2020-05-28,SPY,0.0044464953,0.07156293,0.06711644,train,0.042476673
2020-05-28,TLT,0.007115308,-0.0066795973,0.0137949055,train,-0.0023009153
2020-05-29,EFA,0.02205561,0.025135538,0.0030799285,train,0.044141002
2020-05-29,IWM,0.009529898,0.04553617,0.03600627,train,0.023264248
2020-05-29,SPY,0.0040335557,0.04680008,0.042766526,train,0.07156293
2020-05-29,TLT,-0.0067549176,0.0015978091,0.008352727,train,-0.0066795973
2020-06-01,EFA,0.009305284,0.08333595,0.07403067,train,0.025135538
2020-06-01,IWM,0.008237804,0.033808835,0.02557103,train,0.04553617
2020-06-01,SPY,0.008245839,0.05471745,0.04647161,train,0.04680008
2020-06-01,TLT,-0.0036415712,-0.011030599,0.0073890276,train,0.0015978091
2020-06-02,EFA,0.023606202,0.0072452207,0.016360981,train,0.08333595
2020-06-02,IWM,0.023831598,0.010597734,0.013233865,train,0.033808835
2020-06-02,SPY,0.013220535,0.07379639,0.060575858,train,0.05471745
2020-06-02,TLT,-0.013386678,-0.008099349,0.0052873287,train,-0.011030599
2020-06-03,EFA,-0.0042942273,-0.053886134,0.049591906,train,0.0072452207
2020-06-03,IWM,-0.0014510396,-0.032631673,0.031180633,train,0.010597734
2020-06-03,SPY,-0.0026300123,0.06732066,0.06995067,train,0.07379639
2020-06-03,TLT,-0.0145851355,-0.008212354,0.0063727815,train,-0.008099349
2020-06-04,EFA,0.01706729,0.0073076454,0.009759646,train,-0.053886134
2020-06-04,IWM,0.037932295,-0.0558642,0.09379649,train,-0.032631673
2020-06-04,SPY,0.025306392,0.08560112,0.06029473,train,0.06732066
2020-06-04,TLT,-0.0071492745,-0.008960143,0.0018108683,train,-0.008212354
2020-06-05,EFA,0.012921512,-0.07913445,0.09205596,train,0.0073076454
2020-06-05,IWM,0.019191,-0.11563009,0.13482109,train,-0.0558642
2020-06-05,SPY,0.01201493,0.04942548,0.03741055,train,0.08560112
2020-06-05,TLT,0.003836555,-0.0064813257,0.010317881,train,-0.008960143
2020-06-08,EFA,-0.013078177,-0.007210364,0.0058678132,train,-0.07913445
2020-06-08,IWM,-0.018658647,-0.12942266,0.11076402,train,-0.11563009
2020-06-08,SPY,-0.0074845664,0.0828882,0.09037277,train,0.04942548
2020-06-08,TLT,0.011294514,-0.011501284,0.022795798,train,-0.0064813257
2020-06-09,EFA,-0.0021965415,-0.0057738344,0.003577293,train,-0.007210364
2020-06-09,IWM,-0.027528131,-0.050189607,0.022661475,train,-0.12942266
2020-06-09,SPY,-0.005595383,0.12662324,0.13221863,train,0.0828882
2020-06-09,TLT,0.014718872,-0.021416359,0.03613523,train,-0.011501284
2020-06-10,EFA,-0.05504488,-0.03807397,0.01697091,train,-0.0057738344
2020-06-10,IWM,-0.07934172,0.008745806,0.08808752,train,-0.050189607
2020-06-10,SPY,-0.059377465,0.1810794,0.24045686,train,0.12662324
2020-06-10,TLT,0.018723788,-0.023459641,0.04218343,train,-0.021416359
2020-06-11,EFA,0.017111484,0.009861497,0.0072499868,train,-0.03807397
2020-06-11,IWM,0.023711422,0.064012095,0.040300675,train,0.008745806
2020-06-11,SPY,0.01190426,0.16153775,0.1496335,train,0.1810794
2020-06-11,TLT,-0.009687657,-0.06293464,0.053246982,train,-0.023459641
2020-06-12,EFA,0.0040944633,0.053504393,0.04940993,train,0.009861497
2020-06-12,IWM,0.022856643,0.076261476,0.05340483,train,0.064012095
2020-06-12,SPY,0.009292429,0.121432975,0.112140544,train,0.16153775
2020-06-12,TLT,0.0005542711,0.00059820013,4.392903e-05,train,-0.06293464
2020-06-15,EFA,0.01228225,0.046076655,0.033794403,train,0.053504393
2020-06-15,IWM,0.023759395,0.12449966,0.10074027,train,0.076261476
2020-06-15,SPY,0.019064847,0.1294327,0.11036785,train,0.121432975
2020-06-15,TLT,-0.015452522,-0.05897144,0.043518916,train,0.00059820013
2020-06-16,EFA,0.0037363828,-0.042349882,0.046086267,train,0.046076655
2020-06-16,IWM,-0.01824271,0.05560766,0.07385037,train,0.12449966
2020-06-16,SPY,-0.00416252,0.13118334,0.13534586,train,0.1294327
2020-06-16,TLT,0.004119068,-0.014910659,0.019029727,train,-0.05897144
2020-06-17,EFA,-0.005365214,-0.092704155,0.08733894,train,-0.042349882
2020-06-17,IWM,-0.00035249168,0.004961996,0.0053144875,train,0.05560766
2020-06-17,SPY,0.00038501652,0.11765208,0.117267065,train,0.13118334
2020-06-17,TLT,0.010532903,-0.0065220795,0.017054982,train,-0.014910659
2020-06-18,EFA,-0.004902841,-0.041274343,0.036371503,train,-0.092704155
2020-06-18,IWM,-0.0051641944,-0.10008933,0.094925135,train,0.004961996
2020-06-18,SPY,-0.005731274,-0.02141458,0.015683306,train,0.11765208
2020-06-18,TLT,0.00080055126,0.008196048,0.007395497,train,-0.0065220795
2020-06-19,EFA,0.011888396,-0.050386608,0.062275004,train,-0.041274343
2020-06-19,IWM,0.009950933,-0.049169593,0.059120525,train,-0.10008933
2020-06-19,SPY,0.0063945353,-0.049685158,0.056079693,train,-0.02141458
2020-06-19,TLT,0.00012321636,0.0009379252,0.0008147088,train,0.008196048
2020-06-22,EFA,0.0054892986,-0.040005393,0.04549469,train,-0.050386608
2020-06-22,IWM,0.004204575,-0.098631375,0.10283595,train,-0.049169593
2020-06-22,SPY,0.0045933705,-0.03095782,0.03555119,train,-0.049685158
2020-06-22,TLT,-0.0068583745,0.00084680226,0.0077051767,train,0.0009379252
2020-06-23,EFA,-0.025933191,-0.050346375,0.024413183,train,-0.040005393
2020-06-23,IWM,-0.032985732,-0.11411649,0.08113076,train,-0.098631375
2020-06-23,SPY,-0.025839873,-0.071797326,0.045957454,train,-0.03095782
2020-06-23,TLT,0.010668794,0.013262747,0.0025939532,train,0.00084680226
2020-06-24,EFA,0.014110188,0.024458712,0.010348524,train,-0.050346375
2020-06-24,IWM,0.014992608,0.09919712,0.08420451,train,-0.11411649
2020-06-24,SPY,0.010663428,0.09046544,0.079802014,train,-0.071797326
2020-06-24,TLT,0.0028787474,-0.0033226986,0.006201446,train,0.013262747
2020-06-25,EFA,-0.014606096,-0.01434589,0.00026020594,train,0.024458712
2020-06-25,IWM,-0.02728221,0.0017351606,0.02901737,train,0.09919712
2020-06-25,SPY,-0.024037901,-0.027321642,0.003283741,train,0.09046544
2020-06-25,TLT,0.010646207,-0.0092448555,0.019891063,train,-0.0033226986
2020-06-26,EFA,0.008067945,0.027620783,0.019552838,train,-0.01434589
2020-06-26,IWM,0.032182977,0.05773262,0.025549643,train,0.0017351606
2020-06-26,SPY,0.014590626,0.109654255,0.09506363,train,-0.027321642
2020-06-26,TLT,-0.0031516918,-0.026421325,0.023269633,train,-0.0092448555
2020-06-29,EFA,-0.0018053523,0.0072528743,0.009058227,train,0.027620783
2020-06-29,IWM,0.014349992,0.05513829,0.040788297,train,0.05773262
2020-06-29,SPY,0.012728232,-0.015177315,0.027905546,train,0.109654255
2020-06-29,TLT,-0.0048682448,-0.0052387095,0.00037046475,train,-0.026421325
2020-06-30,EFA,0.003771231,0.016428089,0.012656858,train,0.0072528743
2020-06-30,IWM,-0.009543515,-0.028584586,0.019041073,train,0.05513829
2020-06-30,SPY,0.0069803083,0.026430165,0.019449856,train,-0.015177315
2020-06-30,TLT,-0.0019441246,-0.0016869665,0.00025715807,train,-0.0052387095
2020-07-01,EFA,0.010905976,-0.016988229,0.027894206,train,0.016428089
2020-07-01,IWM,0.0040813037,-0.024648989,0.028730292,train,-0.028584586
2020-07-01,SPY,0.0054915654,0.0025501144,0.002941451,train,0.026430165
2020-07-01,TLT,0.0010393197,-0.018883236,0.019922554,train,-0.0016869665
2020-07-02,EFA,0.016218731,-0.04358729,0.05980602,train,-0.016988229
2020-07-02,IWM,0.0072071943,-0.025317114,0.03252431,train,-0.024648989
2020-07-02,SPY,0.015319317,0.010545252,0.0047740648,train,0.0025501144
2020-07-02,TLT,-0.0041033775,-0.022021296,0.017917918,train,-0.018883236
2020-07-06,EFA,-0.014762826,-0.020487208,0.0057243817,train,-0.04358729
2020-07-06,IWM,-0.017867716,-0.018137189,0.0002694726,train,-0.025317114
2020-07-06,SPY,-0.010367116,0.02055269,0.030919805,train,0.010545252
2020-07-06,TLT,0.013957843,-0.0036718878,0.017629731,train,-0.022021296
2020-07-07,EFA,0.008371087,-0.075760305,0.08413139,train,-0.020487208
2020-07-07,IWM,0.007424947,-0.0029145642,0.010339512,train,-0.018137189
2020-07-07,SPY,0.00761941,0.01731877,0.0096993605,train,0.02055269
2020-07-07,TLT,-0.0040024887,0.011902319,0.015904808,train,-0.0036718878
2020-07-08,EFA,-0.011447334,-0.019744117,0.008296783,train,-0.075760305
2020-07-08,IWM,-0.020427274,0.010806417,0.03123369,train,-0.0029145642
2020-07-08,SPY,-0.0057089766,0.034317516,0.040026493,train,0.01731877
2020-07-08,TLT,0.015796686,0.008554468,0.0072422177,train,0.011902319
2020-07-09,EFA,0.0106454855,-0.06641108,0.077056564,train,-0.019744117
2020-07-09,IWM,0.015978854,-0.0038313563,0.01981021,train,0.010806417
2020-07-09,SPY,0.010158548,0.09235097,0.08219242,train,0.034317516
2020-07-09,TLT,-0.005037337,0.010984857,0.016022194,train,0.008554468
2020-07-10,EFA,-0.0064381785,-0.032062292,0.025624113,train,-0.06641108
2020-07-10,IWM,-0.01274793,-0.07580427,0.06305634,train,-0.0038313563
2020-07-10,SPY,-0.008696626,0.04109449,0.049791116,train,0.09235097
2020-07-10,TLT,0.00330107,0.007043797,0.003742727,train,0.010984857
2020-07-13,EFA,0.014586826,-0.0060575656,0.020644391,train,-0.032062292
2020-07-13,IWM,0.016420895,-0.0013609878,0.017781883,train,-0.07580427
2020-07-13,SPY,0.012875666,0.051429737,0.038554072,train,0.04109449
2020-07-13,TLT,0.0014369428,0.010588044,0.009151101,train,0.007043797
2020-07-14,EFA,0.011235463,-0.07093225,0.08216771,train,-0.0060575656
2020-07-14,IWM,0.03600754,-0.02534157,0.06134911,train,-0.0013609878
2020-07-14,SPY,0.0091453055,0.026390554,0.017245248,train,0.051429737
2020-07-14,TLT,-0.0046780957,-0.01320946,0.008531365,train,0.010588044
2020-07-15,EFA,-0.006472511,-0.08707103,0.08059852,train,-0.07093225
2020-07-15,IWM,-0.005934779,-0.092211366,0.08627658,train,-0.02534157
2020-07-15,SPY,-0.0032986803,0.07832811,0.08162679,train,0.026390554
2020-07-15,TLT,0.004738271,0.022612957,0.017874686,train,-0.01320946
2020-07-16,EFA,0.005842926,-0.0138308965,0.019673822,train,-0.08707103
2020-07-16,IWM,0.0029375749,-0.04427722,0.047214795,train,-0.092211366
2020-07-16,SPY,0.0028948677,0.06988062,0.06698575,train,0.07832811
2020-07-16,TLT,-0.00209668,0.018478252,0.020574931,train,0.022612957
2020-07-17,EFA,0.004869057,-0.054265928,0.059134983,train,-0.0138308965
2020-07-17,IWM,-0.0043068947,-0.038973466,0.03466657,train,-0.04427722
2020-07-17,SPY,0.008049294,0.03842249,0.030373197,train,0.06988062
2020-07-17,TLT,0.0024549495,0.025361827,0.022906877,train,0.018478252
2020-07-20,EFA,0.0020349596,-0.020175172,0.022210132,train,-0.054265928
2020-07-20,IWM,0.01408217,-0.023112493,0.03719466,train,-0.038973466
2020-07-20,SPY,0.0021249182,0.053418025,0.05129311,train,0.03842249
2020-07-20,TLT,0.0005979843,0.035070997,0.034473013,train,0.025361827
2020-07-21,EFA,0.0026549543,-0.027490731,0.030145686,train,-0.020175172
2020-07-21,IWM,0.0005405795,-0.048602022,0.049142603,train,-0.023112493
2020-07-21,SPY,0.0056759706,0.038760494,0.033084523,train,0.053418025
2020-07-21,TLT,0.002984246,0.016441379,0.0134571325,train,0.035070997
2020-07-22,EFA,-0.00798575,-0.028552577,0.020566827,train,-0.027490731
2020-07-22,IWM,0.0010121797,-0.10392126,0.10493343,train,-0.048602022
2020-07-22,SPY,-0.01200369,0.03240285,0.04440654,train,0.038760494
2020-07-22,TLT,0.01161379,0.028888116,0.017274326,train,0.016441379
2020-07-23,EFA,-0.0055174567,-4.354352e-05,0.005473913,train,-0.028552577
2020-07-23,IWM,-0.014812956,-0.062173657,0.047360703,train,-0.10392126
2020-07-23,SPY,-0.006461184,0.043679006,0.05014019,train,0.03240285
2020-07-23,TLT,-5.850036e-05,0.03175763,0.031816132,train,0.028888116
2020-07-24,EFA,0.013035007,-0.0147838,0.027818806,train,-4.354352e-05
2020-07-24,IWM,0.01035146,-0.0060864217,0.016437883,train,-0.062173657
2020-07-24,SPY,0.0072662616,0.0067091654,0.0005570962,train,0.043679006
2020-07-24,TLT,-0.0037187506,0.014566813,0.018285563,train,0.03175763
2020-07-27,EFA,-0.0064178016,-0.05869355,0.052275747,train,-0.0147838
2020-07-27,IWM,-0.010009264,-0.07024217,0.060232904,train,-0.0060864217
2020-07-27,SPY,-0.0063626682,-0.005817077,0.0005455911,train,0.0067091654
2020-07-27,TLT,0.0068952963,0.010936361,0.0040410645,train,0.014566813
2020-07-28,EFA,0.010466355,-0.010048198,0.020514552,train,-0.05869355
2020-07-28,IWM,0.02179565,-0.073822476,0.09561813,train,-0.07024217
2020-07-28,SPY,0.012223698,0.0067243525,0.0054993457,train,-0.005817077
2020-07-28,TLT,-0.0017051668,0.01801866,0.019723825,train,0.010936361
2020-07-29,EFA,-0.014873051,-0.06575854,0.05088549,train,-0.010048198
2020-07-29,IWM,-0.0039580073,-0.07237589,0.068417884,train,-0.073822476
2020-07-29,SPY,-0.0035742142,-0.00011656759,0.0034576466,train,0.0067243525
2020-07-29,TLT,0.006567378,0.004923048,0.0016443301,train,0.01801866
2020-07-30,EFA,-0.021523153,0.014207868,0.03573102,train,-0.06575854
2020-07-30,IWM,-0.009455828,-0.012166571,0.0027107429,train,-0.07237589
2020-07-30,SPY,0.007870907,0.01335608,0.0054851733,train,-0.00011656759
2020-07-30,TLT,-0.0006431226,0.022583477,0.0232266,train,0.004923048
2020-07-31,EFA,0.019312644,0.025637144,0.0063245,train,0.014207868
2020-07-31,IWM,0.016155336,0.016026156,0.00012918003,train,-0.012166571
2020-07-31,SPY,0.0069284774,0.01304126,0.0061127823,train,0.01335608
2020-07-31,TLT,-0.005047548,0.011692321,0.01673987,train,0.022583477
2020-08-03,EFA,0.0055174567,-0.045225818,0.050743274,train,0.025637144
2020-08-03,IWM,0.006854099,-0.05053672,0.057390817,train,0.016026156
2020-08-03,SPY,0.0038550226,0.03445461,0.030599587,train,0.01304126
2020-08-03,TLT,0.009486934,0.015657848,0.0061709136,train,0.011692321
2020-08-04,EFA,0.0032958358,-0.041569002,0.044864837,train,-0.045225818
2020-08-04,IWM,0.019700063,-0.08638872,0.10608879,train,-0.05053672
2020-08-04,SPY,0.0061919214,0.041143294,0.034951374,train,0.03445461
2020-08-04,TLT,-0.008781489,0.024517415,0.033298902,train,0.015657848
2020-08-05,EFA,0.0010963433,-0.027172955,0.028269298,train,-0.041569002
2020-08-05,IWM,-0.00039040463,-0.087966524,0.08757612,train,-0.08638872
2020-08-05,SPY,0.006662005,0.053212535,0.04655053,train,0.041143294
2020-08-05,TLT,0.0055705705,0.007196725,0.0016261544,train,0.024517415
2020-08-06,EFA,-0.004077761,-0.04106337,0.036985606,train,-0.027172955
2020-08-06,IWM,0.01574754,-0.04915035,0.064897895,train,-0.087966524
2020-08-06,SPY,0.0007176108,0.05456574,0.05384813,train,0.053212535
2020-08-06,TLT,-0.006688482,0.008928886,0.015617368,train,0.007196725
2020-08-07,EFA,0.003294872,-0.030124089,0.03341896,train,-0.04106337
2020-08-07,IWM,0.010319906,-0.03659367,0.046913575,train,-0.04915035
2020-08-07,SPY,0.0029846618,0.058146037,0.055161376,train,0.05456574
2020-08-07,TLT,-0.00448333,0.009402011,0.013885341,train,0.008928886
2020-08-10,EFA,0.0035962397,-0.03169402,0.03529026,train,-0.030124089
2020-08-10,IWM,-0.005783772,-0.042547397,0.036763623,train,-0.03659367
2020-08-10,SPY,-0.00828915,0.06601435,0.0743035,train,0.058146037
2020-08-10,TLT,-0.011956255,-0.008575391,0.003380864,train,0.009402011
2020-08-11,EFA,0.021921348,-0.050549448,0.0724708,train,-0.03169402
2020-08-11,IWM,0.004071184,-0.014359117,0.0184303,train,-0.042547397
2020-08-11,SPY,0.013846193,0.03410167,0.020255476,train,0.06601435
2020-08-11,TLT,-0.009137914,0.007194784,0.016332697,train,-0.008575391
2020-08-12,EFA,-0.004438168,-0.08075422,0.07631605,train,-0.050549448
2020-08-12,IWM,-0.0020971312,-0.022241168,0.020144036,train,-0.014359117
2020-08-12,SPY,-0.0018094139,0.05600836,0.057817776,train,0.03410167
2020-08-12,TLT,-0.010746215,0.0066128564,0.01735907,train,0.007194784
2020-08-13,EFA,-0.006153699,-0.027165527,0.021011828,train,-0.08075422
2020-08-13,IWM,-0.00063643605,-0.0315766,0.030940164,train,-0.022241168
2020-08-13,SPY,2.9652036e-05,0.07047145,0.0704418,train,0.05600836
2020-08-13,TLT,-0.0039142086,-0.0051293117,0.0012151031,train,0.0066128564
2020-08-14,EFA,0.007533204,-0.010767557,0.01830076,train,-0.027165527
2020-08-14,IWM,0.005142891,-0.031297743,0.036440633,train,-0.0315766
2020-08-14,SPY,0.003171698,0.056814685,0.05364299,train,0.07047145
2020-08-14,TLT,0.0025086869,-0.005318905,0.007827592,train,-0.0051293117
2020-08-17,EFA,-0.0006128707,-0.025694715,0.025081845,train,-0.010767557
2020-08-17,IWM,-0.009608799,-0.04137332,0.031764522,train,-0.031297743
2020-08-17,SPY,0.0021580157,0.051791143,0.049633127,train,0.056814685
2020-08-17,TLT,0.0071271444,-0.0045816423,0.011708787,train,-0.005318905
2020-08-18,EFA,-0.0044543906,-0.034520887,0.030066496,train,-0.025694715
2020-08-18,IWM,6.351845e-05,-0.011542244,0.011605762,train,-0.04137332
2020-08-18,SPY,-0.004172308,0.05412405,0.058296356,train,0.051791143
2020-08-18,TLT,-0.0062707937,-0.0005439697,0.005726824,train,-0.0045816423
2020-08-19,EFA,-0.0032379024,-0.0014555403,0.0017823621,train,-0.034520887
2020-08-19,IWM,-0.004100295,-0.020478252,0.016377958,train,-0.011542244
2020-08-19,SPY,0.0031086935,0.04875564,0.045646943,train,0.05412405
2020-08-19,TLT,0.008997828,0.0017412729,0.007256555,train,-0.0005439697
2020-08-20,EFA,-0.0051094894,0.0068145446,0.011924034,train,-0.0014555403
2020-08-20,IWM,-0.0074104634,0.0046902434,0.012100707,train,-0.020478252
2020-08-20,SPY,0.0035409578,0.008435871,0.0048949136,train,0.04875564
2020-08-20,TLT,0.005975012,0.014707556,0.008732544,train,0.0017412729
2020-08-21,EFA,0.013108092,-0.0003359192,0.013444012,train,0.0068145446
2020-08-21,IWM,0.010423598,0.030566385,0.020142786,train,0.0046902434
2020-08-21,SPY,0.010082258,0.016144814,0.006062556,train,0.008435871
2020-08-21,TLT,-0.0016262094,-0.015910337,0.014284127,train,0.014707556
2020-08-24,EFA,0.0006128897,-0.024355438,0.024968328,train,-0.0003359192
2020-08-24,IWM,0.0010871605,-0.0363289,0.03741606,train,0.030566385
2020-08-24,SPY,0.0034931293,0.02025344,0.016760312,train,0.016144814
2020-08-24,TLT,-0.0076828795,-0.014660139,0.006977259,train,-0.015910337
2020-08-25,EFA,0.005801602,0.0031201052,0.0026814966,train,-0.024355438
2020-08-25,IWM,-0.006285273,-0.0199,0.013614727,train,-0.0363289
2020-08-25,SPY,0.009975628,0.056882054,0.046906427,train,0.02025344
2020-08-25,TLT,-0.0038331773,0.0076562096,0.011489387,train,-0.014660139
2020-08-26,EFA,-0.010251891,-0.0037962974,0.0064555937,train,0.0031201052
2020-08-26,IWM,0.0024421527,0.010424223,0.00798207,train,-0.0199
2020-08-26,SPY,0.002184504,0.029719992,0.027535487,train,0.056882054
2020-08-26,TLT,-0.01715572,0.0051704687,0.022326188,train,0.0076562096
2020-08-27,EFA,0.007049891,0.0040252875,0.0030246037,train,-0.0037962974
2020-08-27,IWM,0.008436347,-0.017868984,0.026305333,train,0.010424223
2020-08-27,SPY,0.0064381496,0.032862253,0.026424104,train,0.029719992
2020-08-27,TLT,-0.0007446523,-0.0027695247,0.0020248725,train,0.0051704687
2020-08-28,EFA,-0.0076651694,0.0092351865,0.016900357,train,0.0040252875
2020-08-28,IWM,-0.010814375,-0.02498669,0.014172315,train,-0.017868984
2020-08-28,SPY,-0.00362869,0.039072916,0.042701606,train,0.032862253
2020-08-28,TLT,0.006618943,0.011747815,0.0051288716,train,-0.0027695247
2020-08-31,EFA,0.0010766437,-0.0146536715,0.015730316,train,0.0092351865
2020-08-31,IWM,0.011387191,-0.0072628083,0.018649999,train,-0.02498669
2020-08-31,SPY,0.009374082,0.033255573,0.023881491,train,0.039072916
2020-08-31,TLT,0.011373067,0.015159892,0.0037868246,train,0.011747815
2020-09-01,EFA,0.013285662,-0.007964162,0.021249823,train,-0.0146536715
2020-09-01,IWM,0.007919582,0.008575015,0.00065543316,train,-0.0072628083
2020-09-01,SPY,0.014360647,0.03882774,0.024467092,train,0.033255573
2020-09-01,TLT,0.009475404,0.0061730654,0.003302339,train,0.015159892
2020-09-02,EFA,-0.022862686,0.003127525,0.02599021,train,-0.007964162
2020-09-02,IWM,-0.02997925,-0.00929971,0.02067954,train,0.008575015
2020-09-02,SPY,-0.03502043,0.05056886,0.08558929,train,0.03882774
2020-09-02,TLT,0.0028370272,-0.015062097,0.017899124,train,0.0061730654
2020-09-03,EFA,0.0013958403,-0.0045495923,0.0059454325,train,0.003127525
2020-09-03,IWM,-0.0063931267,-0.0024812385,0.003911888,train,-0.00929971
2020-09-03,SPY,-0.008198196,0.08255258,0.090750776,train,0.05056886
2020-09-03,TLT,-0.019171173,-0.040887557,0.021716384,train,-0.015062097
2020-09-04,EFA,-0.012319692,0.013067091,0.025386784,train,-0.0045495923
2020-09-04,IWM,-0.019428331,0.009610441,0.029038772,train,-0.0024812385
2020-09-04,SPY,-0.027703172,0.053375732,0.0810789,train,0.08255258
2020-09-04,TLT,0.006125945,-0.001747576,0.007873521,train,-0.040887557
2020-09-08,EFA,0.018500293,0.017048698,0.0014515948,train,0.013067091
2020-09-08,IWM,0.015034172,0.017491307,0.0024571354,train,0.009610441
2020-09-08,SPY,0.019554889,0.07690777,0.05735288,train,0.053375732
2020-09-08,TLT,-0.0026907495,0.002698936,0.0053896857,train,-0.001747576
2020-09-09,EFA,-0.01177576,-0.006051631,0.005724129,train,0.017048698
2020-09-09,IWM,-0.013100707,-0.029193062,0.016092356,train,0.017491307
2020-09-09,SPY,-0.017515926,0.02875212,0.046268046,train,0.07690777
2020-09-09,TLT,0.005069964,0.0025505503,0.0025194138,train,0.002698936
2020-09-10,EFA,0.009925733,0.007397695,0.0025280383,train,-0.006051631
2020-09-10,IWM,-0.006682814,-0.005232055,0.0014507589,train,-0.029193062
2020-09-10,SPY,0.00050869735,0.027942827,0.02743413,train,0.02875212
2020-09-10,TLT,0.0021304511,0.0041042534,0.0019738022,train,0.0025505503
2020-09-11,EFA,0.0053866836,-0.0063202092,0.011706892,train,0.007397695
2020-09-11,IWM,0.026008662,-0.01387476,0.03988342,train,-0.005232055
2020-09-11,SPY,0.0130855655,-0.0075924727,0.020678038,train,0.027942827
2020-09-11,TLT,-6.0898008e-05,0.0051455167,0.0052064145,train,0.0041042534
2020-09-14,EFA,0.0064257868,-0.013165599,0.019591385,train,-0.0063202092
2020-09-14,IWM,0.0018924072,-0.017540356,0.019432763,train,-0.01387476
2020-09-14,SPY,0.0050393743,-0.0022120825,0.007251457,train,-0.0075924727
2020-09-14,TLT,-0.0024350064,0.0007243687,0.0031593752,train,0.0051455167
2020-09-15,EFA,0.0,-0.0046705077,0.0046705077,train,-0.013165599
2020-09-15,IWM,0.009409849,0.012666186,0.0032563377,train,-0.017540356
2020-09-15,SPY,-0.0039763255,0.017139575,0.0211159,train,-0.0022120825
2020-09-15,TLT,-0.002991218,0.00231069,0.0053019077,train,0.0007243687
2020-09-16,EFA,0.001371863,-0.0013387403,0.0027106032,train,-0.0046705077
2020-09-16,IWM,-0.0073252805,0.016572513,0.023897793,train,0.012666186
2020-09-16,SPY,-0.008834341,0.017775355,0.026609696,train,0.017139575
2020-09-16,TLT,0.0030518244,0.001010179,0.0020416453,train,0.00231069
2020-09-17,EFA,-0.008104869,0.0007771929,0.0088820625,train,-0.0013387403
2020-09-17,IWM,-0.002606177,0.02639618,0.029002357,train,0.016572513
2020-09-17,SPY,-0.011579357,0.032012768,0.043592125,train,0.017775355
2020-09-17,TLT,-0.0031125057,-0.0028183805,0.00029412517,train,0.001010179
2020-09-18,EFA,-0.025660252,-0.009668484,0.015991768,train,0.0007771929
2020-09-18,IWM,-0.035659935,0.016361862,0.052021798,train,0.02639618
2020-09-18,SPY,-0.011192028,0.03394719,0.045139216,train,0.032012768
2020-09-18,TLT,0.005061394,-0.005118952,0.010180347,train,-0.0028183805
2020-09-21,EFA,-0.00031530304,0.0038310667,0.0041463696,train,-0.009668484
2020-09-21,IWM,0.0076771327,0.016945943,0.009268811,train,0.016361862
2020-09-21,SPY,0.010132888,0.001340481,0.008792408,train,0.03394719
2020-09-21,TLT,-0.0007912504,0.0027816626,0.003572913,train,-0.005118952
2020-09-22,EFA,-0.008386672,-0.0018601473,0.006526524,train,0.0038310667
2020-09-22,IWM,-0.030245015,-0.02313813,0.0071068853,train,0.016945943
2020-09-22,SPY,-0.02346431,-0.0071715545,0.016292756,train,0.001340481
2020-09-22,TLT,0.0013380058,-0.0012166817,0.0025546874,train,0.0027816626
2020-09-23,EFA,-0.0009539087,-0.014589373,0.013635464,train,-0.0018601473
2020-09-23,IWM,0.0,-0.010633642,0.010633642,train,-0.02313813
2020-09-23,SPY,0.0026622524,0.00628751,0.0036252576,train,-0.0071715545
2020-09-23,TLT,0.0038228752,0.0060935146,0.0022706394,train,-0.0012166817
2020-09-24,EFA,0.0033348498,-0.004739925,0.008074774,train,-0.014589373
2020-09-24,IWM,0.016111545,-0.0029830448,0.01909459,train,-0.010633642
2020-09-24,SPY,0.016037727,-0.012323862,0.028361589,train,0.00628751
2020-09-24,TLT,0.0,0.0010856618,0.0010856618,train,0.0060935146
2020-09-25,EFA,0.014947866,-0.005111889,0.020059755,train,-0.004739925
2020-09-25,IWM,0.024357807,-0.0103077255,0.034665532,train,-0.0029830448
2020-09-25,SPY,0.016472608,-0.0012543169,0.017726924,train,-0.012323862
2020-09-25,TLT,-0.0028497276,0.0074340827,0.01028381,train,0.0010856618
2020-09-28,EFA,-0.0010939449,-0.0011656703,7.172546e-05,train,-0.005111889
2020-09-28,IWM,-0.0045433096,-0.005221675,0.0006783656,train,-0.0103077255
2020-09-28,SPY,-0.0054608737,-0.0034268582,0.0020340155,train,-0.0012543169
2020-09-28,TLT,0.0011523177,0.0026262202,0.0014739025,train,0.0074340827
2020-09-29,EFA,-0.0048585148,-0.008485234,0.0036267196,train,-0.0011656703
2020-09-29,IWM,0.0030090709,-0.0037261844,0.006735255,train,-0.005221675
2020-09-29,SPY,0.0075533176,0.012044657,0.0044913394,train,-0.0034268582
2020-09-29,TLT,-0.009631049,0.005762121,0.01539317,train,0.0026262202
2020-09-30,EFA,0.005796245,-0.007742344,0.013538589,test,-0.008485234
2020-09-30,IWM,0.015829451,0.0074715666,0.008357884,test,-0.0037261844
2020-09-30,SPY,0.006399266,-0.026754191,0.033153456,test,0.012044657
2020-09-30,TLT,0.0016480498,0.007696846,0.006048796,test,0.005762121
2020-10-01,EFA,-0.0020326618,0.015770096,0.017802758,test,-0.007742344
2020-10-01,IWM,0.004393329,-0.0054453067,0.009838635,test,0.0074715666
2020-10-01,SPY,-0.009539526,-0.0074278275,0.0021116985,test,-0.026754191
2020-10-01,TLT,-0.0037410443,0.008411704,0.012152748,test,0.007696846
2020-10-02,EFA,0.015068134,-3.4988392e-05,0.015103122,test,0.015770096
2020-10-02,IWM,0.027234204,0.009809785,0.01742442,test,-0.0054453067
2020-10-02,SPY,0.017577723,0.020563751,0.0029860288,test,-0.0074278275
2020-10-02,TLT,-0.019732798,0.011817822,0.03155062,test,0.008411704
2020-10-05,EFA,-0.010695303,0.05278673,0.06348203,test,-3.4988392e-05
2020-10-05,IWM,-0.0028691967,-0.023220532,0.020351335,test,0.009809785
2020-10-05,SPY,-0.014317766,0.03148788,0.045805644,test,0.020563751
2020-10-05,TLT,0.0053749946,-0.0028947024,0.008269697,test,0.011817822
2020-10-06,EFA,0.008534675,-0.02504257,0.033577245,test,0.05278673
2020-10-06,IWM,0.021601297,0.009740416,0.011860881,test,-0.023220532
2020-10-06,SPY,0.017256666,0.020734737,0.0034780707,test,0.03148788
2020-10-06,TLT,-0.0073192692,0.0009883228,0.008307592,test,-0.0028947024
2020-10-07,EFA,0.006928858,0.019101417,0.012172559,test,-0.02504257
2020-10-07,IWM,0.011307869,0.023833612,0.012525743,test,0.009740416
2020-10-07,SPY,0.00882368,0.037852306,0.029028626,test,0.020734737
2020-10-07,TLT,0.0053847516,-0.0015303413,0.006915093,test,0.0009883228
2020-10-08,EFA,0.0077952663,0.012705052,0.004909786,test,0.019101417
2020-10-08,IWM,0.0051764073,0.013390148,0.008213741,test,0.023833612
2020-10-08,SPY,0.008890486,0.03912224,0.030231752,test,0.037852306
2020-10-08,TLT,-0.00018714862,0.0025332621,0.0027204107,test,-0.0015303413
2020-10-09,EFA,0.0057688775,0.0028384947,0.0029303827,test,0.012705052
2020-10-09,IWM,0.0066770264,0.01065382,0.0039767935,test,0.013390148
2020-10-09,SPY,0.015959289,0.01683673,0.00087744184,test,0.03912224
2020-10-09,TLT,0.0031808142,0.0033903015,0.00020948728,test,0.0025332621
2020-10-12,EFA,-0.011265152,0.009370811,0.020635962,test,0.0028384947
2020-10-12,IWM,-0.0066770264,-0.0019444167,0.0047326097,test,0.01065382
2020-10-12,SPY,-0.006547214,0.06274128,0.06928849,test,0.01683673
2020-10-12,TLT,0.007135491,0.0075084683,0.00037297746,test,0.0033903015
2020-10-13,EFA,-0.0016854377,0.008416567,0.010102005,test,0.009370811
2020-10-13,IWM,-0.009944571,-0.02179241,0.011847839,test,-0.0019444167
2020-10-13,SPY,-0.006303552,-0.02239536,0.016091807,test,0.06274128
2020-10-13,TLT,0.0022845312,0.0031948523,0.000910321,test,0.0075084683
2020-10-14,EFA,-0.01187814,0.008083446,0.019961586,test,0.008416567
2020-10-14,IWM,0.010252351,-0.058667064,0.06891941,test,-0.02179241
2020-10-14,SPY,-0.0012363546,0.005844882,0.0070812367,test,-0.02239536
2020-10-14,TLT,-0.001728393,-0.0018082601,7.986708e-05,test,0.0031948523
2020-10-15,EFA,0.004644547,-0.008454323,0.0130988695,test,0.008083446
2020-10-15,IWM,-0.0024609847,0.028730182,0.031191166,test,-0.058667064
2020-10-15,SPY,-0.0006046649,0.036952883,0.03755755,test,0.005844882
2020-10-15,TLT,-0.0027844592,-0.00347459,0.00069013075,test,-0.0018082601
2020-10-16,EFA,-0.0037139382,0.011871515,0.015585453,test,-0.008454323
2020-10-16,IWM,-0.012021598,-0.05044169,0.038420092,test,0.028730182
2020-10-16,SPY,-0.015320102,0.033004954,0.048325054,test,0.036952883
2020-10-16,TLT,-0.0037867958,-0.0028953613,0.0008914345,test,-0.00347459
2020-10-19,EFA,0.0049490207,-0.020368526,0.025317546,test,0.011871515
2020-10-19,IWM,0.0021795216,-0.034037158,0.03621668,test,-0.05044169
2020-10-19,SPY,0.0039978344,0.083179235,0.0791814,test,0.033004954
2020-10-19,TLT,-0.00956196,0.0057116007,0.01527356,test,-0.0028953613
2020-10-20,EFA,-0.0047939685,-0.0052934373,0.00049946876,test,-0.020368526
2020-10-20,IWM,-0.008621214,-0.013255747,0.004634533,test,-0.034037158
2020-10-20,SPY,-0.0018950364,0.03313119,0.035026226,test,0.083179235
2020-10-20,TLT,-0.0034591903,0.007602775,0.0110619655,test,0.0057116007
2020-10-21,EFA,0.00077462173,-0.014138453,0.014913075,test,-0.0052934373
2020-10-21,IWM,0.0171071,0.054116063,0.037008964,test,-0.013255747
2020-10-21,SPY,0.0054705082,0.010907942,0.005437434,test,0.03313119
2020-10-21,TLT,-0.0104516735,0.009742636,0.02019431,test,0.007602775
2020-10-22,EFA,0.006484737,0.0013010162,0.005183721,test,-0.014138453
2020-10-22,IWM,0.0057810554,0.03601205,0.030230995,test,0.054116063
2020-10-22,SPY,0.0033894647,0.018712848,0.015323384,test,0.010907942
2020-10-22,TLT,0.0060939896,0.0019638329,0.0041301567,test,0.009742636
2020-10-23,EFA,-0.0181698,0.009329071,0.027498871,test,0.0013010162
2020-10-23,IWM,-0.021822127,0.030807605,0.05262973,test,0.03601205
2020-10-23,SPY,-0.018652976,0.025790224,0.044443198,test,0.018712848
2020-10-23,TLT,0.009260379,-0.0063527045,0.015613083,test,0.0019638329
2020-10-26,EFA,-0.00786657,0.008664556,0.016531125,test,0.009329071
2020-10-26,IWM,-0.008623801,0.056481674,0.065105475,test,0.030807605
2020-10-26,SPY,-0.003453295,0.012920663,0.016373958,test,0.025790224
2020-10-26,TLT,0.0066868556,-0.006499078,0.013185933,test,-0.0063527045
2020-10-27,EFA,-0.030307777,-0.014082264,0.016225513,test,0.008664556
2020-10-27,IWM,-0.031271685,0.040456474,0.071728155,test,0.056481674
2020-10-27,SPY,-0.034776684,0.0069487286,0.041725412,test,0.012920663
2020-10-27,TLT,0.0009337236,-0.0056376657,0.0065713893,test,-0.006499078
2020-10-28,EFA,0.004710374,-0.014482953,0.019193327,test,-0.014082264
2020-10-28,IWM,0.0118659735,0.054901592,0.04303562,test,0.040456474
2020-10-28,SPY,0.0101124095,-0.011524531,0.02163694,test,0.0069487286
2020-10-28,TLT,-0.009755123,0.0021558474,0.011910971,test,-0.0056376657
2020-10-29,EFA,-0.0051990137,-0.0058640465,0.00066503277,test,-0.014482953
2020-10-29,IWM,-0.013302298,-0.02717487,0.013872571,test,0.054901592
2020-10-29,SPY,-0.01047963,-0.058380533,0.047900904,test,-0.011524531
2020-10-29,TLT,-0.00991438,0.005553654,0.015468033,test,0.0021558474
2020-10-30,EFA,0.012947419,-0.00594058,0.018887999,test,-0.0058640465
2020-10-30,IWM,0.01767602,-0.023847828,0.041523848,test,-0.02717487
2020-10-30,SPY,0.011146032,-0.015688773,0.026834805,test,-0.058380533
2020-10-30,TLT,0.007463127,-0.0023270613,0.009790188,test,0.005553654
2020-11-02,EFA,0.025872225,-0.005541571,0.031413797,test,-0.00594058
2020-11-02,IWM,0.027971452,-0.031493723,0.059465177,test,-0.023847828
2020-11-02,SPY,0.017501714,-0.047909394,0.065411106,test,-0.015688773
2020-11-02,TLT,-0.0058183772,-0.0015319311,0.004286446,test,-0.0023270613
2020-11-03,EFA,0.010908602,-0.035555374,0.046463974,test,-0.005541571
2020-11-03,IWM,0.0011222034,-0.025010986,0.026133189,test,-0.031493723
2020-11-03,SPY,0.02210321,-0.024650356,0.046753567,test,-0.047909394
2020-11-03,TLT,0.02145986,0.0002992195,0.021160642,test,-0.0015319311
2020-11-04,EFA,0.023739778,-0.017662236,0.041402012,test,-0.035555374
2020-11-04,IWM,0.02760449,0.016574001,0.01103049,test,-0.025010986
2020-11-04,SPY,0.019314917,-0.052733306,0.072048225,test,-0.024650356
2020-11-04,TLT,0.001736689,-0.017503412,0.019240102,test,0.0002992195
2020-11-05,EFA,0.0021165262,-0.027263785,0.02938031,test,-0.017662236
2020-11-05,IWM,-0.007853077,0.011182856,0.019035932,test,0.016574001
2020-11-05,SPY,-0.00022847229,-0.0468827,0.046654228,test,-0.052733306
2020-11-05,TLT,-0.012158052,-0.00067814486,0.011479907,test,-0.017503412
2020-11-06,EFA,0.028733,0.003628166,0.025104834,test,-0.027263785
2020-11-06,IWM,0.0356013,0.03543264,0.0001686588,test,0.011182856
2020-11-06,SPY,0.01248743,-0.026675418,0.03916285,test,-0.0468827
2020-11-06,TLT,-0.021238932,0.0015946585,0.022833591,test,-0.00067814486
2020-11-09,EFA,0.008912144,-0.015250191,0.024162335,test,0.003628166
2020-11-09,IWM,0.01840784,0.020461218,0.0020533781,test,0.03543264
2020-11-09,SPY,-0.0014673749,-0.009200608,0.0077332333,test,-0.026675418
2020-11-09,TLT,-0.0057841134,-0.0053265914,0.000457522,test,0.0015946585
2020-11-10,EFA,0.008401183,0.024411967,0.016010784,test,-0.015250191
2020-11-10,IWM,-0.0004054452,0.048305966,0.04871141,test,0.020461218
2020-11-10,SPY,0.0074011395,0.019721663,0.012320523,test,-0.009200608
2020-11-10,TLT,0.003602654,-0.0068595572,0.010462211,test,-0.0053265914
2020-11-11,EFA,-0.014675219,0.040594358,0.055269577,test,0.024411967
2020-11-11,IWM,-0.015469586,0.026319055,0.04178864,test,0.048305966
2020-11-11,SPY,-0.009748501,0.07983276,0.089581266,test,0.019721663
2020-11-11,TLT,0.016874766,-0.005805383,0.022680148,test,-0.0068595572
2020-11-12,EFA,0.015251904,0.039017536,0.023765631,test,0.040594358
2020-11-12,IWM,0.020497026,0.0037088678,0.016788159,test,0.026319055
2020-11-12,SPY,0.013749298,0.026435,0.012685703,test,0.07983276
2020-11-12,TLT,-0.0013270353,-0.025330855,0.024003819,test,-0.005805383
2020-11-13,EFA,0.010325715,-0.03240495,0.042730667,test,0.039017536
2020-11-13,IWM,0.023524985,0.048332013,0.024807028,test,0.0037088678
2020-11-13,SPY,0.012405495,0.09658067,0.08417518,test,0.026435
2020-11-13,TLT,-0.002405483,-0.004187648,0.0017821651,test,-0.025330855
2020-11-16,EFA,-0.0009995719,0.003617589,0.0046171607,test,-0.03240495
2020-11-16,IWM,0.004661653,0.047992215,0.04333056,test,0.048332013
2020-11-16,SPY,-0.0053927214,0.11297141,0.11836413,test,0.09658067
2020-11-16,TLT,0.0065064067,-0.008385774,0.01489218,test,-0.004187648
2020-11-17,EFA,-0.0052979263,0.065185905,0.07048383,test,0.003617589
2020-11-17,IWM,-0.014107737,0.05525423,0.06936196,test,0.047992215
2020-11-17,SPY,-0.012107916,0.040189587,0.052297503,test,0.11297141
2020-11-17,TLT,0.0028933175,0.00588592,0.0029926025,test,-0.008385774
2020-11-18,EFA,0.0070106653,0.0811937,0.07418303,test,0.065185905
2020-11-18,IWM,0.0076428675,0.00785519,0.00021232245,test,0.05525423
2020-11-18,SPY,0.0042014737,0.006434141,0.0022326675,test,0.040189587
2020-11-18,TLT,0.0051343455,-0.011733061,0.016867407,test,0.00588592
2020-11-19,EFA,0.002989517,0.0033841585,0.00039464142,test,0.0811937
2020-11-19,IWM,0.0010710773,-0.0024972237,0.003568301,test,0.00785519
2020-11-19,SPY,-0.006871348,0.034549132,0.04142048,test,0.006434141
2020-11-19,TLT,0.008831618,-0.025714481,0.0345461,test,-0.011733061
2020-11-20,EFA,-0.0012802829,0.024517016,0.0257973,test,0.0033841585
2020-11-20,IWM,0.018531427,-0.007349217,0.025880644,test,-0.0024972237
2020-11-20,SPY,0.0059763286,0.01751939,0.011543062,test,0.034549132
2020-11-20,TLT,-0.004592273,0.017223073,0.021815347,test,-0.025714481
2020-11-23,EFA,0.014833944,-0.031228878,0.04606282,test,0.024517016
2020-11-23,IWM,0.018628433,-0.010738159,0.029366592,test,-0.007349217
2020-11-23,SPY,0.015985435,0.0322077,0.016222266,test,0.01751939
2020-11-23,TLT,-0.010002237,-0.008518267,0.0014839694,test,0.017223073
2020-11-24,EFA,-0.001262847,0.010539237,0.011802085,test,-0.031228878
2020-11-24,IWM,-0.0034255453,-0.008705978,0.005280433,test,-0.010738159
2020-11-24,SPY,-0.0015430765,0.024481257,0.026024334,test,0.0322077
2020-11-24,TLT,-0.0030832943,-0.018026479,0.014943184,test,-0.008518267
2020-11-25,EFA,0.0068567107,-0.018783355,0.025640067,test,0.010539237
2020-11-25,IWM,0.004239492,-0.0719025,0.07614199,test,-0.008705978
2020-11-25,SPY,0.002781206,-0.028601028,0.031382233,test,0.024481257
2020-11-25,TLT,0.009658289,-0.011633823,0.021292113,test,-0.018026479
2020-11-27,EFA,-0.021994585,0.008045709,0.030040294,test,-0.018783355
2020-11-27,IWM,-0.018336693,-0.039919063,0.02158237,test,-0.0719025
2020-11-27,SPY,-0.004436929,-0.012684837,0.008247908,test,-0.028601028
2020-11-27,TLT,-0.0012486763,-0.019899277,0.0186506,test,-0.011633823
2020-11-30,EFA,0.023248684,-0.026974272,0.050222956,test,0.008045709
2020-11-30,IWM,0.009237859,-0.021933565,0.031171424,test,-0.039919063
2020-11-30,SPY,0.010877859,-0.0021977029,0.013075562,test,-0.012684837
2020-11-30,TLT,-0.014854539,-0.0017021997,0.0131523395,test,-0.019899277
2020-12-01,EFA,0.00013916362,-0.021648975,0.021788139,test,-0.026974272
2020-12-01,IWM,0.0010393166,-0.06622911,0.06726843,test,-0.021933565
2020-12-01,SPY,0.0021017778,0.021261778,0.01916,test,-0.0021977029
2020-12-01,TLT,-0.007968311,0.0012439364,0.009212248,test,-0.0017021997
2020-12-02,EFA,0.0016698308,-0.006002869,0.0076726996,test,-0.021648975
2020-12-02,IWM,0.00561604,-0.07984136,0.0854574,test,-0.06622911
2020-12-02,SPY,-0.00027259823,-0.005676583,0.005403985,test,0.021261778
2020-12-02,TLT,0.008031592,-0.004263076,0.012294668,test,0.0012439364
2020-12-03,EFA,0.008444478,-0.027333023,0.0357775,test,-0.006002869
2020-12-03,IWM,0.02300424,-0.056985512,0.07998975,test,-0.07984136
2020-12-03,SPY,0.0085806865,0.014619088,0.0060384013,test,-0.005676583
2020-12-03,TLT,-0.014774272,-0.004801329,0.009972943,test,-0.004263076
2020-12-04,EFA,-0.008166422,-0.033911444,0.025745023,test,-0.027333023
2020-12-04,IWM,0.00095608126,-0.035943396,0.036899477,test,-0.056985512
2020-12-04,SPY,-0.0020569724,0.017881365,0.019938339,test,0.014619088
2020-12-04,TLT,0.008980597,-0.00770438,0.016684977,test,-0.004801329
2020-12-07,EFA,0.0034684953,-0.0051903403,0.008658836,test,-0.033911444
2020-12-07,IWM,0.0127643375,-0.083058916,0.09582325,test,-0.035943396
2020-12-07,SPY,0.0029214888,0.013351893,0.010430404,test,0.017881365
2020-12-07,TLT,0.0047137095,-0.018364482,0.023078192,test,-0.00770438
2020-12-08,EFA,0.0013841859,-0.013850654,0.015234839,test,-0.0051903403
2020-12-08,IWM,-0.0073117795,-0.06775079,0.06043901,test,-0.083058916
2020-12-08,SPY,-0.009008992,0.010520009,0.019529002,test,0.013351893
2020-12-08,TLT,-0.0033096636,-0.018742085,0.015432421,test,-0.018364482
2020-12-09,EFA,0.0013820862,-0.007489311,0.008871397,test,-0.013850654
2020-12-09,IWM,0.009615419,-0.019991888,0.029607307,test,-0.06775079
2020-12-09,SPY,-0.00032707327,0.047087852,0.047414925,test,0.010520009
2020-12-09,TLT,0.008824666,-0.01953422,0.028358888,test,-0.018742085
2020-12-10,EFA,-0.003043115,-0.0065701064,0.0035269915,test,-0.007489311
2020-12-10,IWM,-0.0049276496,-0.046564355,0.041636705,test,-0.019991888
2020-12-10,SPY,-0.0011734744,0.0052113826,0.006384857,test,0.047087852
2020-12-10,TLT,0.0035331284,-0.0208621,0.02439523,test,-0.01953422
2020-12-11,EFA,0.0006150331,-0.017665787,0.018280819,test,-0.0065701064
2020-12-11,IWM,0.0011697344,-0.06505691,0.06622665,test,-0.046564355
2020-12-11,SPY,-0.0044874693,-0.0029577948,0.0015296745,test,0.0052113826
2020-12-11,TLT,-0.0027755054,0.00038158195,0.0031570874,test,-0.0208621
2020-12-14,EFA,0.010153936,0.0023761266,0.0077778096,test,-0.017665787
2020-12-14,IWM,0.024701476,-0.01582776,0.040529236,test,-0.06505691
2020-12-14,SPY,0.0134291835,-0.000957089,0.014386272,test,-0.0029577948
2020-12-14,TLT,-0.0033530062,-0.015645767,0.01229276,test,0.00038158195
2020-12-15,EFA,0.0038672262,-0.03677121,0.04063844,test,0.0023761266
2020-12-15,IWM,-0.00360209,-0.06296541,0.059363317,test,-0.01582776
2020-12-15,SPY,0.0015678258,0.0044681462,0.0029003206,test,-0.000957089
2020-12-15,TLT,-0.0026654652,-0.0015205867,0.0011448786,test,-0.015645767
2020-12-16,EFA,0.0070060752,-0.021999098,0.029005174,test,-0.03677121
2020-12-16,IWM,0.011838234,-0.030568566,0.0424068,test,-0.06296541
2020-12-16,SPY,0.0055765617,0.000262585,0.0053139767,test,0.0044681462
2020-12-16,TLT,-0.002649321,0.0074649225,0.010114243,test,-0.0015205867
2020-12-17,EFA,-0.0052156723,-0.02642517,0.021209497,test,-0.021999098
2020-12-17,IWM,-0.0048514693,-0.04820593,0.043354463,test,-0.030568566
2020-12-17,SPY,-0.0040008295,0.0034897053,0.007490535,test,0.000262585
2020-12-17,TLT,-0.0030018764,0.0062105986,0.009212475,test,0.0074649225
2020-12-18,EFA,-0.01287994,0.0030279285,0.015907869,test,-0.02642517
2020-12-18,IWM,-0.0005122322,-0.0054083182,0.004896086,test,-0.04820593
2020-12-18,SPY,-0.0035817781,-0.002991689,0.00059008924,test,0.0034897053
2020-12-18,TLT,0.0039581354,0.010926558,0.0069684223,test,0.0062105986
2020-12-21,EFA,-0.0025121616,0.0029254756,0.005437637,test,0.0030279285
2020-12-21,IWM,0.011306813,-0.030655386,0.0419622,test,-0.0054083182
2020-12-21,SPY,-0.0016868763,-0.0017227721,3.589585e-05,test,-0.002991689
2020-12-21,TLT,0.005147396,-0.0058825407,0.011029936,test,0.010926558
2020-12-22,EFA,0.010702698,0.01090554,0.00020284206,test,0.0029254756
2020-12-22,IWM,0.008471654,-0.06577033,0.07424198,test,-0.030655386
2020-12-22,SPY,0.00089800544,-0.00224519,0.0031431955,test,-0.0017227721
2020-12-22,TLT,-0.006933031,0.00026400387,0.007197035,test,-0.0058825407
2020-12-23,EFA,0.0004147019,-0.02108398,0.021498682,test,0.01090554
2020-12-23,IWM,-0.00065295584,-0.054572772,0.053919815,test,-0.06577033
2020-12-23,SPY,0.003882951,-0.012708362,0.016591314,test,-0.00224519
2020-12-23,TLT,0.003949563,0.010858921,0.0069093583,test,0.00026400387
2020-12-24,EFA,0.008120641,-0.002293388,0.010414029,test,-0.02108398
2020-12-24,IWM,-0.0037253713,-0.076089755,0.07236438,test,-0.054572772
2020-12-24,SPY,0.008554056,0.015527951,0.0069738943,test,-0.012708362
2020-12-24,TLT,0.0004448331,-0.008135458,0.008580292,test,0.010858921
2020-12-28,EFA,0.0064220414,-0.037830483,0.044252526,test,-0.002293388
2020-12-28,IWM,-0.019557541,-0.049650528,0.030092986,test,-0.076089755
2020-12-28,SPY,-0.0019094127,-0.008896924,0.006987511,test,0.015527951
2020-12-28,TLT,-0.0012720815,-0.0024907049,0.0012186234,test,-0.008135458
2020-12-29,EFA,0.0013610316,-0.016570186,0.017931217,test,-0.037830483
2020-12-29,IWM,0.010132133,-0.033209357,0.04334149,test,-0.049650528
2020-12-29,SPY,0.0014256341,0.0033194595,0.0018938254,test,-0.008896924
2020-12-29,TLT,0.0021613827,-0.001351553,0.0035129357,test,-0.0024907049
