date,ticker,y_true,y_pred,abs_error,dataset_part,signal_for_trade
2022-03-31,EFA,0.009331413,-0.04212514,0.051456552,train,
2022-03-31,IWM,0.011142335,-0.014616701,0.025759036,train,
2022-03-31,SPY,0.002830037,-0.09180433,0.09463437,train,
2022-03-31,TLT,0.0037994955,0.036890633,0.03309114,train,
2022-04-01,EFA,0.0040300027,-0.075685024,0.07971503,train,-0.04212514
2022-04-01,IWM,0.0016367245,-0.013751765,0.015388489,train,-0.014616701
2022-04-01,SPY,0.008530173,0.030489016,0.021958843,train,-0.09180433
2022-04-01,TLT,-0.0069738575,0.04418492,0.05115878,train,0.036890633
2022-04-04,EFA,-0.013632927,-0.05941737,0.045784444,train,-0.075685024
2022-04-04,IWM,-0.023948628,0.024268754,0.048217382,train,-0.013751765
2022-04-04,SPY,-0.012711669,0.023352396,0.036064066,train,0.030489016
2022-04-04,TLT,-0.022851732,-0.08810236,0.065250635,train,0.04418492
2022-04-05,EFA,-0.012032197,-0.026855946,0.014823749,train,-0.05941737
2022-04-05,IWM,-0.014289323,0.018113863,0.032403186,train,0.024268754
2022-04-05,SPY,-0.010049826,-0.030486245,0.020436417,train,0.023352396
2022-04-05,TLT,-0.0081268735,0.06345031,0.07157718,train,-0.08810236
2022-04-06,EFA,0.0021985217,0.010093772,0.00789525,train,-0.026855946
2022-04-06,IWM,-0.0032536369,0.02974905,0.03300269,train,0.018113863
2022-04-06,SPY,0.005026358,0.0005201278,0.0045062304,train,-0.030486245
2022-04-06,TLT,-0.0075608324,0.003746624,0.0113074565,train,0.06345031
2022-04-07,EFA,0.00041144123,0.019421317,0.019009875,train,0.010093772
2022-04-07,IWM,-0.008003467,-0.0014603147,0.006543152,train,0.02974905
2022-04-07,SPY,-0.0026774409,-0.07326019,0.07058275,train,0.0005201278
2022-04-07,TLT,-0.01088999,0.025458511,0.0363485,train,0.003746624
2022-04-08,EFA,-0.010619786,0.015610926,0.026230711,train,0.019421317
2022-04-08,IWM,-0.006744222,0.007885684,0.014629906,train,-0.0014603147
2022-04-08,SPY,-0.017240116,-0.012581629,0.0046584876,train,-0.07326019
2022-04-08,TLT,-0.015951203,0.060438458,0.07638966,train,0.025458511
2022-04-11,EFA,-0.007515709,0.024766728,0.032282438,train,0.015610926
2022-04-11,IWM,0.0031495907,0.03060608,0.027456488,train,0.007885684
2022-04-11,SPY,-0.0037120085,0.09502118,0.09873319,train,-0.012581629
2022-04-11,TLT,-0.0013816573,-0.01937269,0.017991032,train,0.060438458
2022-04-12,EFA,0.010699714,-0.010270135,0.02096985,train,0.024766728
2022-04-12,IWM,0.01884151,0.015827183,0.003014328,train,0.03060608
2022-04-12,SPY,0.011388453,0.004943299,0.0064451536,train,0.09502118
2022-04-12,TLT,0.0020309365,0.04080767,0.038776737,train,-0.01937269
2022-04-13,EFA,-0.0045716316,0.026829422,0.031401053,train,-0.010270135
2022-04-13,IWM,-0.009753255,0.012555008,0.022308264,train,0.015827183
2022-04-13,SPY,-0.0125301145,0.007522288,0.020052403,train,0.004943299
2022-04-13,TLT,-0.020249246,0.04931655,0.069565795,train,0.04080767
2022-04-14,EFA,-0.0058489246,0.030900493,0.03674942,train,0.026829422
2022-04-14,IWM,-0.006757802,0.0021143993,0.008872202,train,0.012555008
2022-04-14,SPY,0.0004111015,-0.023077644,0.023488745,train,0.007522288
2022-04-14,TLT,-0.0049812193,-0.05628336,0.05130214,train,0.04931655
2022-04-18,EFA,0.0047373865,0.014477602,0.009740216,train,0.030900493
2022-04-18,IWM,0.01974109,0.010065223,0.009675867,train,0.0021143993
2022-04-18,SPY,0.016013773,0.053223405,0.03720963,train,-0.023077644
2022-04-18,TLT,-0.0075186263,0.084160686,0.09167931,train,-0.05628336
2022-04-19,EFA,0.006650174,0.07576357,0.069113396,train,0.014477602
2022-04-19,IWM,0.0038130349,0.027492799,0.023679763,train,0.010065223
2022-04-19,SPY,-0.00074182346,0.03407972,0.034821544,train,0.053223405
2022-04-19,TLT,0.019925928,-0.018916026,0.038841955,train,0.084160686
2022-04-20,EFA,-0.010828938,0.06844526,0.07927419,train,0.07576357
2022-04-20,IWM,-0.022643737,-0.0038895318,0.018754207,train,0.027492799
2022-04-20,SPY,-0.015066499,-0.00033622328,0.014730276,train,0.03407972
2022-04-20,TLT,-0.0074260826,-0.045890264,0.03846418,train,-0.018916026
2022-04-21,EFA,-0.016466385,0.040189087,0.056655474,train,0.06844526
2022-04-21,IWM,-0.02622576,-0.002179903,0.024045859,train,-0.0038895318
2022-04-21,SPY,-0.027822576,-0.0023144418,0.025508136,train,-0.00033622328
2022-04-21,TLT,-0.0063139265,0.008636828,0.014950754,train,-0.045890264
2022-04-22,EFA,-0.004836631,0.057729032,0.06256566,train,0.040189087
2022-04-22,IWM,0.006053971,0.019768078,0.013714107,train,-0.002179903
2022-04-22,SPY,0.0057809353,0.06885693,0.063076,train,-0.0023144418
2022-04-22,TLT,0.009951081,-0.0076414617,0.017592542,train,0.008636828
2022-04-25,EFA,-0.02834603,0.020766024,0.04911205,train,0.057729032
2022-04-25,IWM,-0.032026637,0.0042615337,0.036288172,train,0.019768078
2022-04-25,SPY,-0.029388538,0.048085794,0.07747433,train,0.06885693
2022-04-25,TLT,0.010016747,-0.02959695,0.039613698,train,-0.0076414617
2022-04-26,EFA,0.0045373435,0.06397999,0.059442647,train,0.020766024
2022-04-26,IWM,-0.0041632545,0.0067418506,0.010905106,train,0.0042615337
2022-04-26,SPY,0.0028078898,0.08207957,0.079271674,train,0.048085794
2022-04-26,TLT,-0.012908857,-0.063975185,0.051066328,train,-0.02959695
2022-04-27,EFA,0.014065233,-0.119623095,0.13368833,train,0.06397999
2022-04-27,IWM,0.018494993,-0.065575525,0.08407052,train,0.0067418506
2022-04-27,SPY,0.02494571,0.053057756,0.028112046,train,0.08207957
2022-04-27,TLT,0.0014886428,-0.038410265,0.03989891,train,-0.063975185
2022-04-28,EFA,-0.011731515,-0.11399433,0.10226282,train,-0.119623095
2022-04-28,IWM,-0.029304335,-0.008088524,0.021215811,train,-0.065575525
2022-04-28,SPY,-0.03765595,0.05428251,0.09193846,train,0.053057756
2022-04-28,TLT,-0.013057875,-0.0533993,0.040341422,train,-0.038410265
2022-04-29,EFA,-0.0024799306,-0.018767197,0.016287265,train,-0.11399433
2022-04-29,IWM,0.010434731,-0.001550206,0.011984937,train,-0.008088524
2022-04-29,SPY,0.006001482,0.046801697,0.040800214,train,0.05428251
2022-04-29,TLT,-0.017485736,0.0117530925,0.029238828,train,-0.0533993
2022-05-02,EFA,0.00742098,-0.043133702,0.05055468,train,-0.018767197
2022-05-02,IWM,0.0085248025,0.03167726,0.02315246,train,-0.001550206
2022-05-02,SPY,0.0045735715,0.076285414,0.071711846,train,0.046801697
2022-05-02,TLT,0.006718953,-0.017148998,0.02386795,train,0.0117530925
2022-05-03,EFA,0.017389197,0.006123903,0.011265294,train,-0.043133702
2022-05-03,IWM,0.026335804,0.02311255,0.0032232534,train,0.03167726
2022-05-03,SPY,0.029998476,0.026286017,0.0037124585,train,0.076285414
2022-05-03,TLT,0.005494667,-0.06947933,0.074974,train,-0.017148998
2022-05-04,EFA,-0.032728124,0.07410437,0.10683249,train,0.006123903
2022-05-04,IWM,-0.04140985,0.023923218,0.06533307,train,0.02311255
2022-05-04,SPY,-0.036189936,-0.017161526,0.01902841,train,0.026286017
2022-05-04,TLT,-0.02778055,-0.037972175,0.010191625,train,-0.06947933
2022-05-05,EFA,-0.009763407,0.14110607,0.15086947,train,0.07410437
2022-05-05,IWM,-0.01678258,0.031414747,0.04819733,train,0.023923218
2022-05-05,SPY,-0.0059867552,0.055898372,0.061885126,train,-0.017161526
2022-05-05,TLT,-0.014844925,-0.017759822,0.0029148972,train,-0.037972175
2022-05-06,EFA,-0.030641625,0.04357634,0.07421797,train,0.14110607
2022-05-06,IWM,-0.042974032,-0.03565687,0.007317163,train,0.031414747
2022-05-06,SPY,-0.032540992,0.062975354,0.09551635,train,0.055898372
2022-05-06,TLT,0.00875892,-0.06231786,0.07107678,train,-0.017759822
2022-05-09,EFA,0.007482767,0.057099253,0.049616486,train,0.04357634
2022-05-09,IWM,0.00028613096,-0.0142717855,0.014557917,train,-0.03565687
2022-05-09,SPY,0.00230776,-0.005439517,0.007747277,train,0.062975354
2022-05-09,TLT,0.009028469,-0.07358369,0.082612164,train,-0.06231786
2022-05-10,EFA,-0.005950976,-0.02239487,0.016443893,train,0.057099253
2022-05-10,IWM,-0.025178775,-0.058774497,0.033595722,train,-0.0142717855
2022-05-10,SPY,-0.016013809,0.093768165,0.10978197,train,-0.005439517
2022-05-10,TLT,0.01908925,-0.035642967,0.05473222,train,-0.07358369
2022-05-11,EFA,-0.0024517945,-0.057921264,0.05546947,train,-0.02239487
2022-05-11,IWM,0.011655172,-0.067148596,0.07880377,train,-0.058774497
2022-05-11,SPY,-0.0010444015,0.020667505,0.021711906,train,0.093768165
2022-05-11,TLT,-0.0018671498,-0.030837692,0.028970543,train,-0.035642967
2022-05-12,EFA,0.027390618,-0.022740647,0.050131265,train,-0.057921264
2022-05-12,IWM,0.031200036,-0.09960522,0.13080525,train,-0.067148596
2022-05-12,SPY,0.02362671,0.03386685,0.010240139,train,0.020667505
2022-05-12,TLT,-0.0148910945,0.03462055,0.049511645,train,-0.030837692
2022-05-13,EFA,0.0008953502,-0.037982356,0.038877707,train,-0.022740647
2022-05-13,IWM,-0.00478479,0.025871614,0.030656405,train,-0.09960522
2022-05-13,SPY,-0.0040658666,0.008023123,0.01208899,train,0.03386685
2022-05-13,TLT,-0.0010353571,0.036789656,0.037825014,train,0.03462055
2022-05-16,EFA,0.018471172,0.047127686,0.028656514,train,-0.037982356
2022-05-16,IWM,0.030124899,-0.017552402,0.0476773,train,0.025871614
2022-05-16,SPY,0.020361766,-0.016064193,0.03642596,train,0.008023123
2022-05-16,TLT,-0.01215702,-0.0057953456,0.0063616745,train,0.036789656
2022-05-17,EFA,-0.024154726,-0.053403948,0.029249221,train,0.047127686
2022-05-17,IWM,-0.035670172,-0.06400088,0.02833071,train,-0.017552402
2022-05-17,SPY,-0.041146766,-0.004820901,0.036325864,train,-0.016064193
2022-05-17,TLT,0.021093322,0.057019975,0.035926655,train,-0.0057953456
2022-05-18,EFA,0.0095537845,0.041866664,0.032312877,train,-0.053403948
2022-05-18,IWM,0.0016440043,-0.028492074,0.030136079,train,-0.06400088
2022-05-18,SPY,-0.006143368,-0.14676899,0.14062563,train,-0.004820901
2022-05-18,TLT,0.0023925155,-0.051041897,0.053434413,train,0.057019975
2022-05-19,EFA,0.0068106973,0.009216192,0.002405495,train,0.041866664
2022-05-19,IWM,-0.0025523847,-0.03862394,0.036071554,train,-0.028492074
2022-05-19,SPY,0.0004364338,-0.07260858,0.073045015,train,-0.14676899
2022-05-19,TLT,0.011286093,-0.027578276,0.038864367,train,-0.051041897
2022-05-20,EFA,0.016826717,-0.0003706487,0.017197367,train,0.009216192
2022-05-20,IWM,0.012024162,-0.028619844,0.040644005,train,-0.03862394
2022-05-20,SPY,0.018537179,-0.08765409,0.10619127,train,-0.07260858
2022-05-20,TLT,-0.01659115,-0.041643124,0.025051974,train,-0.027578276
2022-05-23,EFA,-0.0015970909,0.019842912,0.021440003,train,-0.0003706487
2022-05-23,IWM,-0.01492475,0.12906863,0.14399338,train,-0.028619844
2022-05-23,SPY,-0.00766296,0.027440961,0.03510392,train,-0.08765409
2022-05-23,TLT,0.019540362,-0.06044363,0.079983994,train,-0.041643124
2022-05-24,EFA,0.00029051868,0.043535497,0.043244977,train,0.019842912
2022-05-24,IWM,0.01783853,-0.03643063,0.05426916,train,0.12906863
2022-05-24,SPY,0.008796008,0.010129037,0.001333029,train,0.027440961
2022-05-24,TLT,0.003946079,0.007887472,0.0039413935,train,-0.06044363
2022-05-25,EFA,0.010981039,0.056605767,0.04562473,train,0.043535497
2022-05-25,IWM,0.02207855,0.05374686,0.031668313,train,-0.03643063
2022-05-25,SPY,0.019784378,0.009944241,0.009840137,train,0.010129037
2022-05-25,TLT,-0.0045354627,0.014176059,0.018711522,train,0.007887472
2022-05-26,EFA,0.011998533,0.0147224525,0.0027239192,train,0.056605767
2022-05-26,IWM,0.026570363,0.07179694,0.045226574,train,0.05374686
2022-05-26,SPY,0.024252687,-0.014308468,0.038561154,train,0.009944241
2022-05-26,TLT,0.0024384202,0.038704973,0.036266554,train,0.014176059
2022-05-27,EFA,-0.005981117,0.018275399,0.024256516,train,0.0147224525
2022-05-27,IWM,-0.01249509,0.12739168,0.13988677,train,0.07179694
2022-05-27,SPY,-0.0056268377,0.045594264,0.051221102,train,-0.014308468
2022-05-27,TLT,-0.021389399,0.023682375,0.045071773,train,0.038704973
2022-05-31,EFA,-0.010626437,0.043648444,0.05427488,train,0.018275399
2022-05-31,IWM,-0.005682326,-0.058323313,0.052640986,train,0.12739168
2022-05-31,SPY,-0.008121359,0.020372529,0.028493889,train,0.045594264
2022-05-31,TLT,-0.0011437611,0.01682229,0.01796605,train,0.023682375
2022-06-01,EFA,0.020575244,0.009466524,0.01110872,train,0.043648444
2022-06-01,IWM,0.024128621,-0.056085918,0.08021454,train,-0.058323313
2022-06-01,SPY,0.0188643,0.023210678,0.004346378,train,0.020372529
2022-06-01,TLT,0.00051608536,-0.043464016,0.043980103,train,0.01682229
2022-06-02,EFA,-0.014386771,0.10205359,0.11644036,train,0.009466524
2022-06-02,IWM,-0.009047122,0.094888866,0.10393599,train,-0.056085918
2022-06-02,SPY,-0.016547637,-0.03665108,0.020103442,train,0.023210678
2022-06-02,TLT,-0.0021520646,-0.0034617456,0.001309681,train,-0.043464016
2022-06-03,EFA,0.0040093474,0.031948052,0.027938705,train,0.10205359
2022-06-03,IWM,0.004320896,0.028178528,0.02385763,train,0.094888866
2022-06-03,SPY,0.003040127,0.04023455,0.037194423,train,-0.03665108
2022-06-03,TLT,-0.018615836,-0.037186738,0.018570902,train,-0.0034617456
2022-06-06,EFA,0.0029962815,0.0690468,0.06605052,train,0.031948052
2022-06-06,IWM,0.015999446,0.018578116,0.0025786702,train,0.028178528
2022-06-06,SPY,0.009546469,0.067261286,0.057714816,train,0.04023455
2022-06-06,TLT,0.010741927,-0.1060916,0.11683353,train,-0.037186738
2022-06-07,EFA,-0.014060684,-0.035885092,0.021824408,train,0.0690468
2022-06-07,IWM,-0.015573784,0.01611338,0.031687163,train,0.018578116
2022-06-07,SPY,-0.010931664,-0.042436726,0.031505063,train,0.067261286
2022-06-07,TLT,-0.008900126,0.00040642451,0.009306551,train,-0.1060916
2022-06-08,EFA,-0.021224042,0.043245174,0.06446922,train,-0.035885092
2022-06-08,IWM,-0.020948047,0.060502138,0.08145019,train,0.01611338
2022-06-08,SPY,-0.02407015,-0.0035777437,0.020492405,train,-0.042436726
2022-06-08,TLT,0.0033250332,-0.060866322,0.06419136,train,0.00040642451
2022-06-09,EFA,-0.024432482,-0.0005945591,0.023837924,train,0.043245174
2022-06-09,IWM,-0.027503429,-0.012894553,0.014608876,train,0.060502138
2022-06-09,SPY,-0.029424379,-0.019209672,0.010214707,train,-0.0035777437
2022-06-09,TLT,-0.006221179,-0.018861275,0.012640096,train,-0.060866322
2022-06-10,EFA,-0.033640493,-0.0044415463,0.029198946,train,-0.0005945591
2022-06-10,IWM,-0.04811837,-0.0037235348,0.044394836,train,-0.012894553
2022-06-10,SPY,-0.03870774,0.016806807,0.055514548,train,-0.019209672
2022-06-10,TLT,-0.03188202,-0.011650854,0.020231169,train,-0.018861275
2022-06-13,EFA,-0.0094771385,0.0035673035,0.013044442,train,-0.0044415463
2022-06-13,IWM,-0.004829401,-0.018716134,0.013886733,train,-0.0037235348
2022-06-13,SPY,-0.0030178686,0.13908558,0.14210345,train,0.016806807
2022-06-13,TLT,-0.01269349,-0.024953779,0.012260289,train,-0.011650854
2022-06-14,EFA,0.018548572,-0.00062263105,0.019171204,train,0.0035673035
2022-06-14,IWM,0.014535544,-0.030762788,0.04529833,train,-0.018716134
2022-06-14,SPY,0.014155685,0.07266678,0.058511093,train,0.13908558
2022-06-14,TLT,0.018484406,-0.066009104,0.08449351,train,-0.024953779
2022-06-15,EFA,-0.022267554,0.00076706614,0.023034621,train,-0.00062263105
2022-06-15,IWM,-0.047424097,-0.01577583,0.031648267,train,-0.030762788
2022-06-15,SPY,-0.03365607,0.02868319,0.062339257,train,0.07266678
2022-06-15,TLT,0.00790801,0.002142395,0.005765615,train,-0.066009104
2022-06-16,EFA,-0.004058112,0.024190657,0.028248768,train,0.00076706614
2022-06-16,IWM,0.0077795805,0.0324292,0.02464962,train,-0.01577583
2022-06-16,SPY,0.0021533915,0.14318928,0.14103588,train,0.02868319
2022-06-16,TLT,0.0032171244,-0.00015409756,0.003371222,train,0.002142395
2022-06-17,EFA,0.015013642,-0.023982015,0.038995657,train,0.024190657
2022-06-17,IWM,0.017761143,0.015044439,0.0027167043,train,0.0324292
2022-06-17,SPY,0.024862017,0.11516258,0.09030056,train,0.14318928
2022-06-17,TLT,-0.017097354,0.0060321866,0.023129541,train,-0.00015409756
2022-06-21,EFA,-0.0067525283,0.06426208,0.071014605,train,-0.023982015
2022-06-21,IWM,-0.0019049856,0.032769416,0.034674402,train,0.015044439
2022-06-21,SPY,-0.0018146392,0.070528515,0.072343156,train,0.11516258
2022-06-21,TLT,0.027129015,0.009755726,0.01737329,train,0.0060321866
2022-06-22,EFA,-0.0011297882,0.15146554,0.15259533,train,0.06426208
2022-06-22,IWM,0.0119060315,0.022846673,0.010940641,train,0.032769416
2022-06-22,SPY,0.009754945,-0.004193236,0.013948181,train,0.070528515
2022-06-22,TLT,0.008181421,-0.0018910933,0.010072514,train,0.009755726
2022-06-23,EFA,0.029439617,0.088542745,0.059103128,train,0.15146554
2022-06-23,IWM,0.030502222,-0.0070874626,0.037589684,train,0.022846673
2022-06-23,SPY,0.03129865,0.07223997,0.040941324,train,-0.004193236
2022-06-23,TLT,-0.013939463,-0.03506739,0.021127928,train,-0.0018910933
2022-06-24,EFA,-0.004242874,0.050826263,0.055069137,train,0.088542745
2022-06-24,IWM,0.0037054953,-0.019485291,0.023190787,train,-0.0070874626
2022-06-24,SPY,-0.003827005,0.055000428,0.058827434,train,0.07223997
2022-06-24,TLT,-0.008565421,-0.041973308,0.033407886,train,-0.03506739
2022-06-27,EFA,-0.006794804,0.06992836,0.076723166,train,0.050826263
2022-06-27,IWM,-0.018956613,-0.035160538,0.016203925,train,-0.019485291
2022-06-27,SPY,-0.020644292,0.06844937,0.08909366,train,0.055000428
2022-06-27,TLT,0.00464878,-0.042338986,0.046987765,train,-0.041973308
2022-06-28,EFA,-0.0038124525,0.01378674,0.017599192,train,0.06992836
2022-06-28,IWM,-0.010200006,0.0009636162,0.011163622,train,-0.035160538
2022-06-28,SPY,-0.00081496296,0.09441656,0.09523152,train,0.06844937
2022-06-28,TLT,0.015487678,0.012383326,0.0031043524,train,-0.042338986
2022-06-29,EFA,-0.0054261796,0.022662725,0.028088905,train,0.01378674
2022-06-29,IWM,-0.007822593,-0.011608434,0.0037858412,train,0.0009636162
2022-06-29,SPY,-0.008157251,0.11602082,0.124178074,train,0.09441656
2022-06-29,TLT,0.008743584,0.0096235825,0.0008799983,train,0.012383326
2022-06-30,EFA,0.0023974774,0.040366717,0.03796924,train,0.022662725
2022-06-30,IWM,0.012031793,0.0044312654,0.0076005273,train,-0.011608434
2022-06-30,SPY,0.010521025,0.05737174,0.046850715,train,0.11602082
2022-06-30,TLT,0.0102144005,0.02249232,0.012277919,train,0.0096235825
2022-07-01,EFA,-0.021624038,0.029298875,0.050922915,train,0.040366717
2022-07-01,IWM,0.008249997,0.05860946,0.05035946,train,0.0044312654
2022-07-01,SPY,0.001886703,-0.045334328,0.04722103,train,0.05737174
2022-07-01,TLT,0.007826341,-0.033055115,0.040881455,train,0.02249232
2022-07-05,EFA,0.0008152032,0.04064208,0.039826877,train,0.029298875
2022-07-05,IWM,-0.0074335765,0.07467702,0.0821106,train,0.05860946
2022-07-05,SPY,0.003371696,-0.069994,0.073365696,train,-0.045334328
2022-07-05,TLT,-0.016933944,0.052640513,0.06957446,train,-0.033055115
2022-07-06,EFA,0.015045217,0.052715063,0.037669845,train,0.04064208
2022-07-06,IWM,0.023390906,0.06976148,0.046370573,train,0.07467702
2022-07-06,SPY,0.014865867,-0.04997797,0.06484383,train,-0.069994
2022-07-06,TLT,-0.008839024,0.0007761745,0.009615199,train,0.052640513
2022-07-07,EFA,0.0011231937,0.018888794,0.0177656,train,0.052715063
2022-07-07,IWM,-0.000114077244,0.055345044,0.05545912,train,0.06976148
2022-07-07,SPY,-0.0008226955,-0.033232134,0.032409437,train,-0.04997797
2022-07-07,TLT,-0.011137494,-0.031171229,0.020033736,train,0.0007761745
2022-07-08,EFA,-0.016331453,0.05573986,0.072071314,train,0.018888794
2022-07-08,IWM,-0.020308442,-0.031890165,0.011581723,train,0.055345044
2022-07-08,SPY,-0.011489354,0.03942183,0.050911184,train,-0.033232134
2022-07-08,TLT,0.017097412,0.0056392653,0.011458146,train,-0.031171229
2022-07-11,EFA,-0.00016293152,0.0915458,0.09170873,train,0.05573986
2022-07-11,IWM,-0.0034348296,-0.07825331,0.07481848,train,-0.031890165
2022-07-11,SPY,-0.008888328,0.03044926,0.03933759,train,0.03942183
2022-07-11,TLT,0.005924378,0.03499168,0.029067304,train,0.0056392653
2022-07-12,EFA,-0.00048922916,0.12798151,0.12847075,train,0.0915458
2022-07-12,IWM,-0.0008750764,-0.04390746,0.04303238,train,-0.07825331
2022-07-12,SPY,-0.005265612,-0.045989666,0.040724054,train,0.03044926
2022-07-12,TLT,0.011401256,0.08108424,0.06968298,train,0.03499168
2022-07-13,EFA,-0.014128882,0.096318856,0.110447735,train,0.12798151
2022-07-13,IWM,-0.010326475,0.023439974,0.03376645,train,-0.04390746
2022-07-13,SPY,-0.0024315373,0.02649073,0.028922267,train,-0.045989666
2022-07-13,TLT,-0.008192498,-0.022010215,0.013817716,train,0.08108424
2022-07-14,EFA,0.015758831,0.017092329,0.0013334975,train,0.096318856
2022-07-14,IWM,0.0206049,0.025293965,0.0046890657,train,0.023439974
2022-07-14,SPY,0.018925099,-0.050015047,0.06894015,train,0.02649073
2022-07-14,TLT,0.005612252,-0.018279709,0.023891961,train,-0.022010215
2022-07-15,EFA,0.00406332,-0.009852857,0.013916178,train,0.017092329
2022-07-15,IWM,-0.002834814,-0.081407785,0.07857297,train,0.025293965
2022-07-15,SPY,-0.008291293,-0.004063,0.004228293,train,-0.050015047
2022-07-15,TLT,-0.010473028,-0.004190023,0.006283005,train,-0.018279709
2022-07-18,EFA,0.026885878,0.068352915,0.041467037,train,-0.009852857
2022-07-18,IWM,0.034675706,0.037622623,0.002946917,train,-0.081407785
2022-07-18,SPY,0.026660474,0.012527677,0.014132797,train,-0.004063
2022-07-18,TLT,-0.0054089543,-0.028523136,0.023114182,train,-0.004190023
2022-07-19,EFA,-0.006653973,0.07948425,0.08613822,train,0.068352915
2022-07-19,IWM,0.015548064,-0.033482876,0.04903094,train,0.037622623
2022-07-19,SPY,0.006353165,0.18732929,0.18097612,train,0.012527677
2022-07-19,TLT,0.0026208106,-0.06474368,0.06736449,train,-0.028523136
2022-07-20,EFA,0.010279234,-0.0024199598,0.012699193,train,0.07948425
2022-07-20,IWM,0.0051109795,0.027038123,0.021927144,train,-0.033482876
2022-07-20,SPY,0.010131526,0.061632153,0.051500626,train,0.18732929
2022-07-20,TLT,0.01712841,0.03187511,0.014746701,train,-0.06474368
2022-07-21,EFA,-0.0025205459,0.05254161,0.055062156,train,-0.0024199598
2022-07-21,IWM,-0.016080597,0.044501122,0.06058172,train,0.027038123
2022-07-21,SPY,-0.009321375,0.044707675,0.054029047,train,0.061632153
2022-07-21,TLT,0.01667179,0.048784915,0.032113127,train,0.03187511
2022-07-22,EFA,0.0076990197,0.09331867,0.08561965,train,0.05254161
2022-07-22,IWM,0.0051673856,0.062245663,0.05707828,train,0.044501122
2022-07-22,SPY,0.0012142798,0.034568388,0.033354107,train,0.044707675
2022-07-22,TLT,-0.009833379,-0.045336146,0.03550277,train,0.048784915
2022-07-25,EFA,-0.014028119,0.03930389,0.05333201,train,0.09331867
2022-07-25,IWM,-0.006170527,0.021741558,0.027912084,train,0.062245663
2022-07-25,SPY,-0.011901738,-0.0027139978,0.00918774,train,0.034568388
2022-07-25,TLT,0.0007663695,-0.03886546,0.03963183,train,-0.045336146
2022-07-26,EFA,0.023375385,-0.03492119,0.058296576,train,0.03930389
2022-07-26,IWM,0.02249618,0.003131303,0.019364879,train,0.021741558
2022-07-26,SPY,0.025635155,0.04084019,0.015205035,train,-0.0027139978
2022-07-26,TLT,-0.0056338045,-0.02931102,0.023677215,train,-0.03886546
2022-07-27,EFA,0.005104052,0.07724686,0.07214281,train,-0.03492119
2022-07-27,IWM,0.01364615,0.020652965,0.0070068147,train,0.003131303
2022-07-27,SPY,0.0124642085,-0.01667324,0.02913745,train,0.04084019
2022-07-27,TLT,0.007929396,0.016077768,0.008148372,train,-0.02931102
2022-07-28,EFA,0.01378918,0.0053773234,0.008411856,train,0.07724686
2022-07-28,IWM,0.007074351,0.02760059,0.02052624,train,0.020652965
2022-07-28,SPY,0.014473612,0.008256028,0.006217584,train,-0.01667324
2022-07-28,TLT,-0.00272113,0.034324367,0.037045497,train,0.016077768
2022-07-29,EFA,0.0013683124,0.0446308,0.043262485,train,0.0053773234
2022-07-29,IWM,-0.0003738155,0.01997935,0.020353166,train,0.02760059
2022-07-29,SPY,-0.0029656834,0.09059064,0.09355632,train,0.008256028
2022-07-29,TLT,0.023797762,0.008812681,0.014985081,train,0.034324367
2022-08-01,EFA,-0.016083537,0.0557185,0.071802035,train,0.0446308
2022-08-01,IWM,-0.00096218765,0.046363883,0.04732607,train,0.01997935
2022-08-01,SPY,-0.006619085,0.076727,0.08334609,train,0.09059064
2022-08-01,TLT,-0.021386754,0.03531256,0.056699313,train,0.008812681
2022-08-02,EFA,0.005850645,0.10627262,0.10042198,train,0.0557185
2022-08-02,IWM,0.014598858,-0.037786517,0.052385375,train,0.046363883
2022-08-02,SPY,0.015538019,0.14355707,0.12801905,train,0.076727
2022-08-02,TLT,0.015622106,-0.0485408,0.06416291,train,0.03531256
2022-08-03,EFA,0.005053249,0.017783929,0.0127306795,train,0.10627262
2022-08-03,IWM,-0.0021101735,-0.042219292,0.04010912,train,-0.037786517
2022-08-03,SPY,-0.00067579024,0.11189552,0.11257131,train,0.14355707
2022-08-03,TLT,-0.00033510488,0.020578567,0.020913672,train,-0.0485408
2022-08-04,EFA,-0.007050859,0.013633008,0.020683866,train,0.017783929
2022-08-04,IWM,0.00762859,-0.052405406,0.060033996,train,-0.042219292
2022-08-04,SPY,-0.0016917475,0.060758807,0.062450554,train,0.11189552
2022-08-04,TLT,-0.024091503,-0.009567657,0.014523846,train,0.020578567
2022-08-05,EFA,0.0023046504,0.01992327,0.017618619,train,0.013633008
2022-08-05,IWM,0.010531498,0.04541506,0.03488356,train,-0.052405406
2022-08-05,SPY,-0.0011615256,-0.01699699,0.015835466,train,0.060758807
2022-08-05,TLT,0.016012598,-0.11705463,0.13306722,train,-0.009567657
2022-08-08,EFA,-0.005385955,0.015365991,0.020751946,train,0.01992327
2022-08-08,IWM,-0.01373351,0.049037576,0.06277108,train,0.04541506
2022-08-08,SPY,-0.003978834,0.019752529,0.023731362,train,-0.01699699
2022-08-08,TLT,-0.0038941875,-0.028043386,0.024149198,train,-0.11705463
2022-08-09,EFA,0.022277316,-0.040774126,0.06305144,train,0.015365991
2022-08-09,IWM,0.028150208,0.010172053,0.017978154,train,0.049037576
2022-08-09,SPY,0.02078648,-0.014666875,0.035453353,train,0.019752529
2022-08-09,TLT,-0.0065526357,0.023400795,0.029953431,train,-0.028043386
2022-08-10,EFA,-0.00030170588,-0.07025232,0.06995062,train,-0.040774126
2022-08-10,IWM,0.0037248537,-0.07034615,0.074071,train,0.010172053
2022-08-10,SPY,0.0,0.06605894,0.06605894,train,-0.014666875
2022-08-10,TLT,-0.023585694,-0.006789607,0.016796086,train,0.023400795
2022-08-11,EFA,0.007668714,0.021610443,0.0139417285,train,-0.07025232
2022-08-11,IWM,0.020216929,-0.0050905617,0.025307491,train,-0.07034615
2022-08-11,SPY,0.016787477,0.039375167,0.02258769,train,0.06605894
2022-08-11,TLT,0.010089707,-0.008574015,0.018663723,train,-0.006789607
2022-08-12,EFA,-0.0060097896,-0.08009562,0.07408583,train,0.021610443
2022-08-12,IWM,0.0035372714,-0.02668273,0.030220002,train,-0.0050905617
2022-08-12,SPY,0.004112151,0.10122553,0.09711338,train,0.039375167
2022-08-12,TLT,-0.0008658076,0.020405442,0.02127125,train,-0.008574015
2022-08-15,EFA,-0.00030142377,0.0004601078,0.0007615316,train,-0.08009562
2022-08-15,IWM,-0.00039779063,0.0113354875,0.011733278,train,-0.02668273
2022-08-15,SPY,0.0019567467,0.07023347,0.068276726,train,0.10122553
2022-08-15,TLT,0.0041491473,-0.00030238647,0.004451534,train,0.020405442
2022-08-16,EFA,-0.008021305,0.021124333,0.02914564,train,0.0004601078
2022-08-16,IWM,-0.016959973,-0.00795569,0.009004283,train,0.0113354875
2022-08-16,SPY,-0.0071232268,0.030808706,0.037931934,train,0.07023347
2022-08-16,TLT,-0.010492713,0.09427991,0.10477262,train,-0.00030238647
2022-08-17,EFA,-0.003348468,-0.044436816,0.041088346,train,0.021124333
2022-08-17,IWM,0.0066074915,0.051230293,0.0446228,train,-0.00795569
2022-08-17,SPY,0.0029020847,0.077625446,0.07472336,train,0.030808706
2022-08-17,TLT,0.0014811114,0.039081987,0.037600875,train,0.09427991
2022-08-18,EFA,-0.013816571,-0.03189125,0.018074678,train,-0.044436816
2022-08-18,IWM,-0.0216997,0.093850695,0.1155504,train,0.051230293
2022-08-18,SPY,-0.013528965,0.098328546,0.11185751,train,0.077625446
2022-08-18,TLT,-0.016233422,0.053727616,0.06996104,train,0.039081987
2022-08-19,EFA,-0.017150473,0.031464875,0.048615348,train,-0.03189125
2022-08-19,IWM,-0.020816201,-0.0003649192,0.020451281,train,0.093850695
2022-08-19,SPY,-0.021042485,-0.016499411,0.0045430735,train,0.098328546
2022-08-19,TLT,-0.0033673467,0.037516914,0.04088426,train,0.053727616
2022-08-22,EFA,0.00047168165,-0.020026471,0.020498153,train,0.031464875
2022-08-22,IWM,0.0016247778,0.09311016,0.09148538,train,-0.0003649192
2022-08-22,SPY,-0.0024221505,0.030742627,0.033164777,train,-0.016499411
2022-08-22,TLT,-0.0055185887,0.004697296,0.010215884,train,0.037516914
2022-08-23,EFA,0.001256709,0.018036474,0.016779765,train,-0.020026471
2022-08-23,IWM,0.0076167174,0.027679909,0.020063192,train,0.09311016
2022-08-23,SPY,0.0031959764,-0.019434243,0.02263022,train,0.030742627
2022-08-23,TLT,-0.0073455353,-0.02056706,0.013221525,train,0.004697296
2022-08-24,EFA,0.010929174,-0.005431962,0.016361136,train,0.018036474
2022-08-24,IWM,0.015420283,0.0073379828,0.0080823,train,0.027679909
2022-08-24,SPY,0.014018909,-0.05215883,0.06617774,train,-0.019434243
2022-08-24,TLT,0.013839959,0.019068616,0.0052286563,train,-0.02056706
2022-08-25,EFA,-0.026592828,-0.011220847,0.015371981,train,-0.005431962
2022-08-25,IWM,-0.03340749,-0.0121896835,0.021217808,train,0.0073379828
2022-08-25,SPY,-0.034435146,-0.025618669,0.008816477,train,-0.05215883
2022-08-25,TLT,0.0075095296,-0.04167315,0.04918268,train,0.019068616
2022-08-26,EFA,-0.0022349348,0.053757377,0.055992313,train,-0.011220847
2022-08-26,IWM,-0.009249955,0.053589653,0.06283961,train,-0.0121896835
2022-08-26,SPY,-0.006634181,0.020540886,0.027175067,train,-0.025618669
2022-08-26,TLT,-0.008307636,-0.011927652,0.0036200164,train,-0.04167315
2022-08-29,EFA,-0.007218112,-0.014422626,0.0072045145,train,0.053757377
2022-08-29,IWM,-0.014091617,-0.051795725,0.037704106,train,0.053589653
2022-08-29,SPY,-0.011038756,-0.079375416,0.06833666,train,0.020540886
2022-08-29,TLT,0.0024816326,0.0015034759,0.0009781567,train,-0.011927652
2022-08-30,EFA,-0.006783887,0.0075103072,0.014294194,train,-0.014422626
2022-08-30,IWM,-0.0060848054,-0.036743794,0.030658988,train,-0.051795725
2022-08-30,SPY,-0.007637884,-0.024595723,0.016957838,train,-0.079375416
2022-08-30,TLT,-0.00960684,0.04338495,0.052991793,train,0.0015034759
2022-08-31,EFA,-0.013543505,-0.0169251,0.003381595,train,0.0075103072
2022-08-31,IWM,-0.0109590795,-0.048230935,0.037271857,train,-0.036743794
2022-08-31,SPY,0.0031327487,-0.022698358,0.025831107,train,-0.024595723
2022-08-31,TLT,-0.018477725,-0.01595806,0.0025196653,train,0.04338495
2022-09-01,EFA,-0.0065931007,0.030479725,0.037072826,train,-0.0169251
2022-09-01,IWM,-0.007798735,0.04868586,0.056484595,train,-0.048230935
2022-09-01,SPY,-0.0106003815,0.076447666,0.08704805,train,-0.022698358
2022-09-01,TLT,0.005640877,0.02029359,0.014652712,train,-0.01595806
2022-09-02,EFA,-0.0024835493,0.03368861,0.03617216,train,0.030479725
2022-09-02,IWM,-0.009933186,0.032702435,0.04263562,train,0.04868586
2022-09-02,SPY,-0.0037801564,-0.043282818,0.03950266,train,0.076447666
2022-09-02,TLT,-0.025080584,-0.01792555,0.0071550347,train,0.02029359
2022-09-06,EFA,0.008748036,0.009346067,0.0005980311,train,0.03368861
2022-09-06,IWM,0.021526182,0.010470915,0.011055267,train,0.032702435
2022-09-06,SPY,0.01780545,-0.0209645,0.03876995,train,-0.043282818
2022-09-06,TLT,0.015691722,0.0026776446,0.013014077,train,-0.01792555
2022-09-07,EFA,0.0006571206,0.036161892,0.035504773,train,0.009346067
2022-09-07,IWM,0.0083085755,0.0026530335,0.005655542,train,0.010470915
2022-09-07,SPY,0.0065151774,0.054747317,0.04823214,train,-0.0209645
2022-09-07,TLT,-0.010310331,-0.015065697,0.0047553657,train,0.0026776446
2022-09-08,EFA,0.025137117,-0.00033076946,0.025467888,train,0.036161892
2022-09-08,IWM,0.019886818,0.014376122,0.005510696,train,0.0026530335
2022-09-08,SPY,0.015415585,0.019732896,0.0043173116,train,0.054747317
2022-09-08,TLT,0.0022179836,-0.013433945,0.015651928,train,-0.015065697
2022-09-09,EFA,0.013837132,0.070924796,0.057087664,train,-0.00033076946
2022-09-09,IWM,0.012040412,0.01585285,0.0038124379,train,0.014376122
2022-09-09,SPY,0.010690337,0.037021533,0.026331196,train,0.019732896
2022-09-09,TLT,-0.008251009,0.039858233,0.04810924,train,-0.013433945
2022-09-12,EFA,-0.035367783,0.01217791,0.047545694,train,0.070924796
2022-09-12,IWM,-0.03990627,0.086253315,0.12615958,train,0.01585285
2022-09-12,SPY,-0.04445624,-0.07644069,0.031984452,train,0.037021533
2022-09-12,TLT,0.0023247972,0.010946388,0.008621591,train,0.039858233
2022-09-13,EFA,0.0032675625,0.101551756,0.09828419,train,0.01217791
2022-09-13,IWM,0.003888171,0.10854486,0.10465669,train,0.086253315
2022-09-13,SPY,0.0038085019,0.06954986,0.06574136,train,-0.07644069
2022-09-13,TLT,0.0034305532,0.017418403,0.01398785,train,0.010946388
2022-09-14,EFA,-0.008846825,0.029213656,0.03806048,train,0.101551756
2022-09-14,IWM,-0.00729606,0.05497041,0.06226647,train,0.10854486
2022-09-14,SPY,-0.011418156,0.052817464,0.06423562,train,0.06954986
2022-09-14,TLT,-0.0006480735,-0.015682392,0.015034318,train,0.017418403
2022-09-15,EFA,-0.006107083,-0.020309877,0.014202794,train,0.029213656
2022-09-15,IWM,-0.014641685,-0.050584994,0.035943307,train,0.05497041
2022-09-15,SPY,-0.007658079,0.0110926805,0.018750759,train,0.052817464
2022-09-15,TLT,-0.008370529,0.00046848133,0.00883901,train,-0.015682392
2022-09-16,EFA,0.003470803,0.026281547,0.022810744,train,-0.020309877
2022-09-16,IWM,0.008511887,-0.008757819,0.017269706,train,-0.050584994
2022-09-16,SPY,0.007724896,0.050339084,0.042614188,train,0.0110926805
2022-09-16,TLT,0.0023318992,0.07417299,0.07184109,train,0.00046848133
2022-09-19,EFA,-0.017139876,0.047163803,0.06430368,train,0.026281547
2022-09-19,IWM,-0.013721422,0.04585883,0.05958025,train,-0.008757819
2022-09-19,SPY,-0.01154486,0.08011676,0.091661625,train,0.050339084
2022-09-19,TLT,-0.010020031,-0.06261667,0.052596636,train,0.07417299
2022-09-20,EFA,-0.01317824,-0.0036756126,0.009502627,train,0.047163803
2022-09-20,IWM,-0.015393509,-0.0019195015,0.013474007,train,0.04585883
2022-09-20,SPY,-0.017597605,-0.0061649354,0.011432669,train,0.08011676
2022-09-20,TLT,0.016614132,0.075811744,0.059197612,train,-0.06261667
2022-09-21,EFA,-0.0028953028,-0.0020790817,0.0008162211,train,-0.0036756126
2022-09-21,IWM,-0.02278515,0.028920379,0.051705528,train,-0.0019195015
2022-09-21,SPY,-0.008435565,-0.06697568,0.058540117,train,-0.0061649354
2022-09-21,TLT,-0.025880566,0.0211008,0.046981364,train,0.075811744
2022-09-22,EFA,-0.03241471,0.0036480343,0.036062744,train,-0.0020790817
2022-09-22,IWM,-0.02409333,0.03838639,0.06247972,train,0.028920379
2022-09-22,SPY,-0.016896686,0.06338961,0.080286294,train,-0.06697568
2022-09-22,TLT,0.0040765125,0.017450046,0.013373533,train,0.0211008
2022-09-23,EFA,-0.014909581,0.041958205,0.056867786,train,0.0036480343
2022-09-23,IWM,-0.013786619,0.025012456,0.038799074,train,0.03838639
2022-09-23,SPY,-0.009941964,-0.028144013,0.018202048,train,0.06338961
2022-09-23,TLT,-0.019295702,0.02586596,0.045161664,train,0.017450046
2022-09-26,EFA,-0.0068187364,-0.026237529,0.019418793,train,0.041958205
2022-09-26,IWM,0.0034051866,0.0803197,0.07691452,train,0.025012456
2022-09-26,SPY,-0.002555778,0.090312324,0.092868105,train,-0.028144013
2022-09-26,TLT,-0.026683928,-0.0015953751,0.025088552,train,0.02586596
2022-09-27,EFA,0.023840418,0.015125315,0.008715103,train,-0.026237529
2022-09-27,IWM,0.031137858,-0.008509894,0.03964775,train,0.0803197
2022-09-27,SPY,0.019485073,-0.021428276,0.04091335,train,0.090312324
2022-09-27,TLT,0.032933734,-0.031787153,0.064720884,train,-0.0015953751
2022-09-28,EFA,-0.011849202,0.005020163,0.016869366,train,0.015125315
2022-09-28,IWM,-0.022674607,0.054828282,0.07750289,train,-0.008509894
2022-09-28,SPY,-0.021110184,-0.010726512,0.010383672,train,-0.021428276
2022-09-28,TLT,-0.0051893755,-0.05280399,0.047614615,train,-0.031787153
2022-09-29,EFA,-0.003564486,0.023267481,0.026831968,train,0.005020163
2022-09-29,IWM,-0.0073103625,-0.010060265,0.0027499022,train,0.054828282
2022-09-29,SPY,-0.015584368,-0.042882625,0.027298257,train,-0.010726512
2022-09-29,TLT,-0.012994582,-0.034716498,0.021721916,train,-0.05280399
2022-09-30,EFA,0.019624108,0.047604855,0.027980747,train,0.023267481
2022-09-30,IWM,0.026152778,-0.016827445,0.042980224,train,-0.010060265
2022-09-30,SPY,0.02605881,-0.0023632878,0.028422099,train,-0.042882625
2022-09-30,TLT,0.015764682,0.02771642,0.011951739,train,-0.034716498
2022-10-03,EFA,0.039308317,0.15128557,0.11197726,train,0.047604855
2022-10-03,IWM,0.038870763,0.060367264,0.0214965,train,-0.016827445
2022-10-03,SPY,0.030516291,0.02204214,0.008474151,train,-0.0023632878
2022-10-03,TLT,-0.0027971845,0.0028764335,0.005673618,train,0.02771642
2022-10-04,EFA,-0.010660938,0.08538163,0.096042566,train,0.15128557
2022-10-04,IWM,-0.007413829,0.09791748,0.10533131,train,0.060367264
2022-10-04,SPY,-0.0023310946,0.029273346,0.03160444,train,0.02204214
2022-10-04,TLT,-0.009607444,0.0073885834,0.016996026,train,0.0028764335
2022-10-05,EFA,-0.017678384,-0.0017883973,0.015889987,train,0.08538163
2022-10-05,IWM,-0.0056254147,0.054307573,0.059932988,train,0.09791748
2022-10-05,SPY,-0.010369245,0.06690066,0.07726991,train,0.029273346
2022-10-05,TLT,-0.005573956,0.028982718,0.034556672,train,0.0073885834
2022-10-06,EFA,-0.01605886,-0.009814438,0.006244422,train,-0.0017883973
2022-10-06,IWM,-0.029856486,0.0124182915,0.042274777,train,0.054307573
2022-10-06,SPY,-0.028290395,0.039009042,0.06729944,train,0.06690066
2022-10-06,TLT,-0.009755302,-0.007219163,0.0025361395,train,0.028982718
2022-10-07,EFA,-0.005646814,0.00034902524,0.0059958394,train,-0.009814438
2022-10-07,IWM,-0.0055906884,-0.02324086,0.017650172,train,0.0124182915
2022-10-07,SPY,-0.007664685,0.009561705,0.01722639,train,0.039009042
2022-10-07,TLT,-0.01566829,0.05958383,0.07525212,train,-0.007219163
2022-10-10,EFA,-0.0110319955,0.024149213,0.03518121,train,0.00034902524
2022-10-10,IWM,0.00029833402,0.12302929,0.122730955,train,-0.02324086
2022-10-10,SPY,-0.006352866,0.08245832,0.08881118,train,0.009561705
2022-10-10,TLT,0.004416197,0.013270021,0.008853825,train,0.05958383
2022-10-11,EFA,-0.0032260255,-0.05430622,0.051080193,train,0.024149213
2022-10-11,IWM,-0.0027464563,-0.021452978,0.018706523,train,0.12302929
2022-10-11,SPY,-0.003303881,-0.048312936,0.045009054,train,0.08245832
2022-10-11,TLT,0.004894621,-0.06281269,0.067707315,train,0.013270021
2022-10-12,EFA,0.020432608,-0.023376852,0.04380946,train,-0.05430622
2022-10-12,IWM,0.024450526,-0.04139159,0.065842114,train,-0.021452978
2022-10-12,SPY,0.026048629,-0.058954347,0.08500297,train,-0.048312936
2022-10-12,TLT,-0.009612287,-0.001199563,0.008412724,train,-0.06281269
2022-10-13,EFA,-0.015062018,-0.06275757,0.047695547,train,-0.023376852
2022-10-13,IWM,-0.027144616,0.045388717,0.07253333,train,-0.04139159
2022-10-13,SPY,-0.023052456,-0.064516924,0.04146447,train,-0.058954347
2022-10-13,TLT,-0.008284826,0.030655514,0.03894034,train,-0.001199563
2022-10-14,EFA,0.024339994,-0.0127885165,0.03712851,train,-0.06275757
2022-10-14,IWM,0.03139479,-0.0015947791,0.03298957,train,0.045388717
2022-10-14,SPY,0.025372397,0.062822804,0.037450407,train,-0.064516924
2022-10-14,TLT,-0.0048813876,0.0147383725,0.01961976,train,0.030655514
2022-10-17,EFA,0.007118623,-0.073474795,0.080593415,train,-0.0127885165
2022-10-17,IWM,0.0117816655,0.029036917,0.01725525,train,-0.0015947791
2022-10-17,SPY,0.011681311,0.067433156,0.055751845,train,0.062822804
2022-10-17,TLT,0.0023420788,0.066163585,0.06382151,train,0.0147383725
2022-10-18,EFA,-0.012359732,0.067076676,0.07943641,train,-0.073474795
2022-10-18,IWM,-0.017140746,-0.088831946,0.0716912,train,0.029036917
2022-10-18,SPY,-0.0071120365,-0.027442742,0.020330705,train,0.067433156
2022-10-18,TLT,-0.018373594,0.06855724,0.086930834,train,0.066163585
2022-10-19,EFA,-0.0022796788,0.022654168,0.024933847,train,0.067076676
2022-10-19,IWM,-0.012814935,-0.08539916,0.07258423,train,-0.088831946
2022-10-19,SPY,-0.008420508,0.010387349,0.018807858,train,-0.027442742
2022-10-19,TLT,-0.017241001,0.035997923,0.053238925,train,0.06855724
2022-10-20,EFA,0.017921312,-0.0032063192,0.02112763,train,0.022654168
2022-10-20,IWM,0.021479871,-0.08452676,0.10600664,train,-0.08539916
2022-10-20,SPY,0.024010861,-0.0640966,0.08810746,train,0.010387349
2022-10-20,TLT,-0.018187303,0.024081174,0.042268477,train,0.035997923
2022-10-21,EFA,0.00017231493,0.068125874,0.06795356,train,-0.0032063192
2022-10-21,IWM,0.004275611,0.049301792,0.04502618,train,-0.08452676
2022-10-21,SPY,0.012162172,0.10739353,0.09523136,train,-0.0640966
2022-10-21,TLT,-0.008298555,-0.02372038,0.0154218245,train,0.024081174
2022-10-24,EFA,0.021828962,-0.004215927,0.02604489,train,0.068125874
2022-10-24,IWM,0.026906367,0.06747649,0.04057012,train,0.049301792
2022-10-24,SPY,0.015842605,0.090558,0.07471539,train,0.10739353
2022-10-24,TLT,0.028696727,0.034349848,0.0056531206,train,-0.02372038
2022-10-25,EFA,0.009402314,0.0076420037,0.0017603105,train,-0.004215927
2022-10-25,IWM,0.004927248,0.076238066,0.07131082,train,0.06747649
2022-10-25,SPY,-0.007562739,-0.010609631,0.0030468926,train,0.090558
2022-10-25,TLT,0.014304678,-0.064008765,0.07831344,train,0.034349848
2022-10-26,EFA,-0.009402314,0.027700022,0.037102334,train,0.0076420037
2022-10-26,IWM,0.00022302642,0.057790384,0.057567358,train,0.076238066
2022-10-26,SPY,-0.005354284,-0.015238357,0.0098840725,train,-0.010609631
2022-10-26,TLT,0.010416272,-0.027158603,0.037574876,train,-0.064008765
2022-10-27,EFA,0.009903618,0.02797027,0.018066652,train,0.027700022
2022-10-27,IWM,0.022471942,0.11217966,0.08970772,train,0.057790384
2022-10-27,SPY,0.023512049,0.04569728,0.02218523,train,-0.015238357
2022-10-27,TLT,-0.0068978034,-0.02867112,0.021773316,train,-0.027158603
2022-10-28,EFA,-0.00939758,-0.020857338,0.011459758,train,0.02797027
2022-10-28,IWM,0.00092763454,0.032526877,0.031599242,train,0.11217966
2022-10-28,SPY,-0.0072494205,0.10231601,0.10956543,train,0.04569728
2022-10-28,TLT,-0.0071534715,0.032274403,0.039427873,train,-0.02867112
2022-10-31,EFA,0.007893126,-0.019831117,0.027724244,train,-0.020857338
2022-10-31,IWM,0.0013627448,0.04115722,0.039794475,train,0.032526877
2022-10-31,SPY,-0.004385497,-0.037872102,0.033486605,train,0.10231601
2022-10-31,TLT,0.009301952,0.0047157137,0.0045862384,train,0.032274403
2022-11-01,EFA,-0.014660372,0.024301924,0.038962297,train,-0.019831117
2022-11-01,IWM,-0.033736397,0.012741028,0.046477426,train,0.04115722
2022-11-01,SPY,-0.025416551,-0.050530892,0.02511434,train,-0.037872102
2022-11-01,TLT,-0.004349285,-0.05639429,0.052045006,train,0.0047157137
2022-11-02,EFA,-0.008523664,-0.011811088,0.0032874234,train,0.024301924
2022-11-02,IWM,-0.0067270123,0.059929024,0.06665604,train,0.012741028
2022-11-02,SPY,-0.010350251,-0.06635669,0.05600644,train,-0.050530892
2022-11-02,TLT,-0.005411826,0.040922265,0.04633409,train,-0.05639429
2022-11-03,EFA,0.039279986,-0.059166025,0.09844601,train,-0.011811088
2022-11-03,IWM,0.01340943,0.027122721,0.013713291,train,0.059929024
2022-11-03,SPY,0.014290678,-0.058268603,0.07255928,train,-0.06635669
2022-11-03,TLT,-0.016943127,-0.023157585,0.0062144585,train,0.040922265
2022-11-04,EFA,0.003122712,0.020556375,0.017433664,train,-0.059166025
2022-11-04,IWM,0.0045229136,0.052778613,0.0482557,train,0.027122721
2022-11-04,SPY,0.009520006,-0.017720107,0.027240112,train,-0.058268603
2022-11-04,TLT,-0.010026707,-0.07304294,0.06301623,train,-0.023157585
2022-11-07,EFA,0.011258932,0.03246748,0.021208549,train,0.020556375
2022-11-07,IWM,0.00038994983,0.042064756,0.041674808,train,0.052778613
2022-11-07,SPY,0.0053809215,-0.07204668,0.0774276,train,-0.017720107
2022-11-07,TLT,0.010875465,-0.06283367,0.07370913,train,-0.07304294
2022-11-08,EFA,-0.014052558,-0.0044323998,0.009620158,train,0.03246748
2022-11-08,IWM,-0.027839923,0.028572518,0.056412444,train,0.042064756
2022-11-08,SPY,-0.02081728,-0.028619919,0.007802639,train,-0.07204668
2022-11-08,TLT,0.003281793,-0.016516652,0.019798445,train,-0.06283367
2022-11-09,EFA,0.05459552,0.029389333,0.025206186,train,-0.0044323998
2022-11-09,IWM,0.05973817,0.009017163,0.05072101,train,0.028572518
2022-11-09,SPY,0.053497326,-0.06452206,0.11801939,train,-0.028619919
2022-11-09,TLT,0.037752163,0.037024725,0.00072743744,train,-0.016516652
2022-11-10,EFA,0.01974756,0.12784013,0.10809257,train,0.029389333
2022-11-10,IWM,0.008165807,-0.009947446,0.018113254,train,0.009017163
2022-11-10,SPY,0.00963201,0.219882,0.21024999,train,-0.06452206
2022-11-10,TLT,-0.0036710757,-0.031477463,0.027806386,train,0.037024725
2022-11-11,EFA,-0.01059681,0.14799492,0.15859173,train,0.12784013
2022-11-11,IWM,-0.01124528,-0.08310149,0.07185621,train,-0.009947446
2022-11-11,SPY,-0.008543346,0.03428327,0.042826615,train,0.219882
2022-11-11,TLT,-0.0024545959,-0.007673745,0.0052191494,train,-0.031477463
2022-11-14,EFA,0.006616922,0.074872345,0.068255424,train,0.14799492
2022-11-14,IWM,0.014717363,-0.11806038,0.13277775,train,-0.08310149
2022-11-14,SPY,0.008493005,-0.023614597,0.032107603,train,0.03428327
2022-11-14,TLT,0.01605092,0.020838868,0.004787948,train,-0.007673745
2022-11-15,EFA,-0.0023031053,0.019997422,0.022300526,train,0.074872345
2022-11-15,IWM,-0.017752092,-0.04631364,0.028561547,train,-0.11806038
2022-11-15,SPY,-0.007658009,-0.107276395,0.09961838,train,-0.023614597
2022-11-15,TLT,0.021632623,0.0460529,0.024420276,train,0.020838868
2022-11-16,EFA,-0.00046137505,0.2058203,0.20628168,train,0.019997422
2022-11-16,IWM,-0.009324288,-0.04096685,0.031642564,train,-0.04631364
2022-11-16,SPY,-0.0030643942,-0.0065208273,0.003456433,train,-0.107276395
2022-11-16,TLT,-0.01060848,0.03500901,0.04561749,train,0.0460529
2022-11-17,EFA,0.0019974974,0.09981153,0.09781403,train,0.2058203
2022-11-17,IWM,0.0064437385,0.038481697,0.03203796,train,-0.04096685
2022-11-17,SPY,0.004530103,-0.039450075,0.043980177,train,-0.0065208273
2022-11-17,TLT,-0.0069009117,-0.016834639,0.009933727,train,0.03500901
2022-11-18,EFA,-0.007549557,-0.0040793577,0.0034701992,train,0.09981153
2022-11-18,IWM,-0.0052389135,-0.055118497,0.049879584,train,0.038481697
2022-11-18,SPY,-0.0036428878,-0.02967104,0.026028153,train,-0.039450075
2022-11-18,TLT,0.0042064125,-0.017221883,0.021428294,train,-0.016834639
2022-11-21,EFA,0.013822872,-0.06262849,0.07645136,train,-0.0040793577
2022-11-21,IWM,0.010613152,-0.0014151791,0.012028331,train,-0.055118497
2022-11-21,SPY,0.013367443,-0.07266174,0.08602919,train,-0.02967104
2022-11-21,TLT,0.014091491,-0.061415333,0.07550682,train,-0.017221883
2022-11-22,EFA,0.010922404,0.0300875,0.019165097,train,-0.06262849
2022-11-22,IWM,0.0025951045,-0.00804953,0.010644634,train,-0.0014151791
2022-11-22,SPY,0.0062818034,0.054937515,0.04865571,train,-0.07266174
2022-11-22,TLT,0.017291822,-0.058688555,0.07598038,train,-0.061415333
2022-11-23,EFA,0.005116758,0.06906918,0.063952416,train,0.0300875
2022-11-23,IWM,0.0021036337,0.008440613,0.006336979,train,-0.00804953
2022-11-23,SPY,-0.00022383613,-0.028756436,0.0285326,train,0.054937515
2022-11-23,TLT,-0.0033958917,-0.040377513,0.03698162,train,-0.058688555
2022-11-25,EFA,-0.012993118,-0.0883464,0.07535328,train,0.06906918
2022-11-25,IWM,-0.020358566,-0.05699816,0.036639594,train,0.008440613
2022-11-25,SPY,-0.01608569,0.06464673,0.08073242,train,-0.028756436
2022-11-25,TLT,0.0028143914,-0.012633887,0.015448279,train,-0.040377513
2022-11-28,EFA,0.0028850196,-0.011617889,0.014502908,train,-0.0883464
2022-11-28,IWM,0.0029102,0.05237562,0.049465418,train,-0.05699816
2022-11-28,SPY,-0.0017190197,0.043757148,0.04547617,train,0.06464673
2022-11-28,TLT,-0.011795292,0.041284025,0.053079315,train,-0.012633887
2022-11-29,EFA,0.017585317,-0.08848414,0.10606945,train,-0.011617889
2022-11-29,IWM,0.02704759,-0.039308574,0.06635617,train,0.05237562
2022-11-29,SPY,0.031014698,0.0067070005,0.024307698,train,0.043757148
2022-11-29,TLT,0.0073275436,0.048636716,0.04130917,train,0.041284025
2022-11-30,EFA,0.009637456,-0.0129128145,0.02255027,train,-0.08848414
2022-11-30,IWM,-0.0021904453,-0.00078985747,0.0014005878,train,-0.039308574
2022-11-30,SPY,-0.0007361869,-0.005377964,0.0046417774,train,0.0067070005
2022-11-30,TLT,0.031445753,0.014546267,0.016899485,train,0.048636716
2022-12-01,EFA,-0.0007379488,-0.07298653,0.07224858,train,-0.0129128145
2022-12-01,IWM,0.0058133197,-0.01235848,0.0181718,train,-0.00078985747
2022-12-01,SPY,-0.0011543223,-0.07284157,0.071687244,train,-0.005377964
2022-12-01,TLT,0.012497828,-0.027794573,0.0402924,train,0.014546267
2022-12-02,EFA,-0.01322953,-0.04874512,0.03551559,train,-0.07298653
2022-12-02,IWM,-0.0279326,-0.00609148,0.02184112,train,-0.01235848
2022-12-02,SPY,-0.018153021,-0.082215935,0.064062916,train,-0.07284157
2022-12-02,TLT,-0.014106145,-0.030294906,0.016188761,train,-0.027794573
2022-12-05,EFA,-0.004499051,-0.024817672,0.02031862,train,-0.04874512
2022-12-05,IWM,-0.015429805,0.0649542,0.080384,train,-0.00609148
2022-12-05,SPY,-0.014519562,-0.0411448,0.026625238,train,-0.082215935
2022-12-05,TLT,0.012797762,0.03352413,0.020726368,train,-0.030294906
2022-12-06,EFA,0.0,-0.023689847,0.023689847,train,-0.024817672
2022-12-06,IWM,-0.0029478695,-0.08197709,0.079029225,train,0.0649542
2022-12-06,SPY,-0.0017027154,-0.078549184,0.076846465,train,-0.0411448
2022-12-06,TLT,0.02328911,-0.08908002,0.112369135,train,0.03352413
2022-12-07,EFA,0.0050973897,-0.0309016,0.03599899,train,-0.023689847
2022-12-07,IWM,0.007214865,-0.03284327,0.040058136,train,-0.08197709
2022-12-07,SPY,0.007803139,0.010975386,0.0031722472,train,-0.078549184
2022-12-07,TLT,-0.002744217,-0.073142685,0.070398465,train,-0.08908002
2022-12-08,EFA,0.0005981069,-0.05461851,0.055216618,train,-0.0309016
2022-12-08,IWM,-0.012352109,-0.018220808,0.0058686994,train,-0.03284327
2022-12-08,SPY,-0.007498175,-0.019275006,0.011776831,train,0.010975386
2022-12-08,TLT,-0.026359094,0.051715657,0.07807475,train,-0.073142685
2022-12-09,EFA,0.0029846146,-0.037468646,0.04045326,train,-0.05461851
2022-12-09,IWM,0.011688391,-0.024691723,0.036380112,train,-0.018220808
2022-12-09,SPY,0.014314392,0.0038430737,0.010471318,train,-0.019275006
2022-12-09,TLT,0.0031926127,-0.074552916,0.07774553,train,0.051715657
2022-12-12,EFA,0.014082976,0.02673579,0.012652814,train,-0.037468646
2022-12-12,IWM,0.0082485685,0.007920661,0.0003279075,train,-0.024691723
2022-12-12,SPY,0.0075412537,0.0042363806,0.0033048731,train,0.0038430737
2022-12-12,TLT,0.00960944,0.09300803,0.08339859,train,-0.074552916
2022-12-13,EFA,-0.00088545296,0.04623544,0.04712089,train,0.02673579
2022-12-13,IWM,-0.006582271,-0.048014667,0.041432396,train,0.007920661
2022-12-13,SPY,-0.0064139,-0.0069907615,0.00057686167,train,0.0042363806
2022-12-13,TLT,0.0042624124,-0.0160417,0.020304112,train,0.09300803
2022-12-14,EFA,-0.025874488,0.0056121675,0.031486657,train,0.04623544
2022-12-14,IWM,-0.0253477,0.018566884,0.043914586,train,-0.048014667
2022-12-14,SPY,-0.024765765,-0.055758085,0.03099232,train,-0.0069907615
2022-12-14,TLT,0.0038941354,0.1048283,0.10093416,train,-0.0160417
2022-12-15,EFA,-0.008826724,0.14064316,0.14946988,train,0.0056121675
2022-12-15,IWM,-0.007484553,0.08102373,0.088508286,train,0.018566884
2022-12-15,SPY,-0.011876573,0.020896558,0.03277313,train,-0.055758085
2022-12-15,TLT,-0.011233254,0.032014456,0.04324771,train,0.1048283
2022-12-16,EFA,-0.0024485968,0.064881824,0.06733042,train,0.14064316
2022-12-16,IWM,-0.013627107,-0.024409026,0.010781919,train,0.08102373
2022-12-16,SPY,-0.008515826,0.0025413213,0.011057148,train,0.020896558
2022-12-16,TLT,-0.016948039,0.003473997,0.020422036,train,0.032014456
2022-12-19,EFA,0.0039759707,0.0070681674,0.0030921968,train,0.064881824
2022-12-19,IWM,0.0052766213,0.0008129431,0.004463678,train,-0.024409026
2022-12-19,SPY,0.0013675519,0.015607369,0.014239817,train,0.0025413213
2022-12-19,TLT,-0.017917126,0.004209715,0.022126842,train,0.003473997
2022-12-20,EFA,0.010325048,-0.0018631378,0.012188186,train,0.0070681674
2022-12-20,IWM,0.017086359,0.028401718,0.011315359,train,0.0008129431
2022-12-20,SPY,0.014841844,0.14444743,0.12960559,train,0.015607369
2022-12-20,TLT,0.0025105814,0.0133511685,0.010840587,train,0.004209715
2022-12-21,EFA,-0.008190509,-0.006665987,0.001524522,train,-0.0018631378
2022-12-21,IWM,-0.01316171,0.014578122,0.027739832,train,0.028401718
2022-12-21,SPY,-0.014369009,0.1010371,0.11540611,train,0.14444743
2022-12-21,TLT,-0.00019269917,-0.014603394,0.014410695,train,0.0133511685
2022-12-22,EFA,0.0034968008,0.06940862,0.065911815,train,-0.006665987
2022-12-22,IWM,0.0045403237,0.048267756,0.04372743,train,0.014578122
2022-12-22,SPY,0.0057359235,-0.01844832,0.024184242,train,0.1010371
2022-12-22,TLT,-0.01476917,-0.008231551,0.006537619,train,-0.014603394
2022-12-23,EFA,0.0015164235,0.04541092,0.043894496,train,0.06940862
2022-12-23,IWM,-0.0067317504,0.0001767585,0.006908509,train,0.048267756
2022-12-23,SPY,-0.003951522,0.05535919,0.059310712,train,-0.01844832
2022-12-23,TLT,-0.019970814,0.029242821,0.049213633,train,-0.008231551
2022-12-27,EFA,-0.010664282,0.078572735,0.08923702,train,0.04541092
2022-12-27,IWM,-0.015651256,0.035119995,0.05077125,train,0.0001767585
2022-12-27,SPY,-0.012505599,0.009070828,0.021576427,train,0.05535919
2022-12-27,TLT,-0.0059092273,0.030649442,0.03655867,train,0.029242821
2022-12-28,EFA,0.015652627,0.07854933,0.062896706,train,0.078572735
2022-12-28,IWM,0.025017472,-0.0036103139,0.028627787,train,0.035119995
2022-12-28,SPY,0.017840108,-0.033988673,0.05182878,train,0.009070828
2022-12-28,TLT,0.011287069,0.011407872,0.00012080278,train,0.030649442
2022-12-29,EFA,-0.010306269,0.039666798,0.049973067,train,0.07854933
2022-12-29,IWM,-0.0028064714,0.0030420236,0.0058484953,train,-0.0036103139
2022-12-29,SPY,-0.0026374646,0.04276644,0.045403905,train,-0.033988673
2022-12-29,TLT,-0.011186674,0.014400284,0.025586959,train,0.011407872
2022-12-30,EFA,0.00879727,0.036674183,0.027876914,train,0.039666798
2022-12-30,IWM,-0.005521178,-0.0058063893,0.00028521148,train,0.0030420236
2022-12-30,SPY,-0.0042186426,-0.056524795,0.052306153,train,0.04276644
2022-12-30,TLT,0.018904323,0.043677468,0.024773145,train,0.014400284
2023-01-03,EFA,0.013201514,0.024651725,0.011450211,train,0.036674183
2023-01-03,IWM,0.012380011,-0.023091525,0.035471536,train,-0.0058063893
2023-01-03,SPY,0.00769026,0.007378678,0.00031158235,train,-0.056524795
2023-01-03,TLT,0.0136066945,-0.026365224,0.039971918,train,0.043677468
2023-01-04,EFA,-0.010035248,-0.008941158,0.0010940898,train,0.024651725
2023-01-04,IWM,-0.010766615,0.045058377,0.05582499,train,-0.023091525
2023-01-04,SPY,-0.01147906,0.012760889,0.02423995,train,0.007378678
2023-01-04,TLT,0.0041721473,0.008872358,0.004700211,train,-0.026365224
2023-01-05,EFA,0.025268912,0.023670483,0.0015984289,train,-0.008941158
2023-01-05,IWM,0.022206798,0.042095624,0.019888826,train,0.045058377
2023-01-05,SPY,0.02267308,-0.0026654908,0.025338572,train,0.012760889
2023-01-05,TLT,0.018229585,0.0056868885,0.012542697,train,0.008872358
2023-01-06,EFA,0.004247475,0.0022226786,0.0020247963,train,0.023670483
2023-01-06,IWM,0.0016881338,0.012650617,0.0109624835,train,0.042095624
2023-01-06,SPY,-0.0005668314,0.027380802,0.027947633,train,-0.0026654908
2023-01-06,TLT,0.005309787,0.045928523,0.040618736,train,0.0056868885
2023-01-09,EFA,0.0029188972,0.028759498,0.025840601,train,0.0022226786
2023-01-09,IWM,0.01467693,0.031350072,0.016673142,train,0.012650617
2023-01-09,SPY,0.0069883172,-0.029164828,0.036153145,train,0.027380802
2023-01-09,TLT,-0.016688345,-0.024230886,0.0075425413,train,0.045928523
2023-01-10,EFA,0.0075493646,-0.001531926,0.009081291,train,0.028759498
2023-01-10,IWM,0.012387563,0.0004486395,0.011938923,train,0.031350072
2023-01-10,SPY,0.012568639,-0.036618605,0.049187243,train,-0.029164828
2023-01-10,TLT,0.016121132,-0.01563399,0.03175512,train,-0.024230886
2023-01-11,EFA,0.014645038,0.027171139,0.0125261005,train,-0.001531926
2023-01-11,IWM,0.016658567,-0.015316171,0.031974737,train,0.0004486395
2023-01-11,SPY,0.00363415,-0.105180606,0.10881475,train,-0.036618605
2023-01-11,TLT,0.019490642,0.07610526,0.056614615,train,-0.01563399
2023-01-12,EFA,0.005259653,-0.0045791017,0.009838754,train,0.027171139
2023-01-12,IWM,0.006543582,-0.0007773908,0.0073209726,train,-0.015316171
2023-01-12,SPY,0.0038720528,-0.07948369,0.08335574,train,-0.105180606
2023-01-12,TLT,-0.009416993,0.07085093,0.08026792,train,0.07610526
2023-01-13,EFA,0.0031144156,-0.041376766,0.044491183,train,-0.0045791017
2023-01-13,IWM,-0.001230285,-0.035173226,0.03394294,train,-0.0007773908
2023-01-13,SPY,-0.0018337822,0.05373178,0.055565562,train,-0.07948369
2023-01-13,TLT,-0.0064843222,0.0204493,0.026933622,train,0.07085093
2023-01-17,EFA,-0.0035396065,-0.05074471,0.0472051,train,-0.041376766
2023-01-17,IWM,-0.016297454,0.0041306494,0.020428102,train,-0.035173226
2023-01-17,SPY,-0.015913809,-0.014131849,0.00178196,train,0.05373178
2023-01-17,TLT,0.0239423,0.066616125,0.042673826,train,0.0204493
2023-01-18,EFA,-0.0015616961,-0.045970026,0.04440833,train,-0.05074471
2023-01-18,IWM,-0.009621735,0.038984146,0.04860588,train,0.0041306494
2023-01-18,SPY,-0.007306473,-0.00447042,0.0028360528,train,-0.014131849
2023-01-18,TLT,-0.0062793917,0.074940465,0.08121986,train,0.066616125
2023-01-19,EFA,0.008769492,-0.03381579,0.042585284,train,-0.045970026
2023-01-19,IWM,0.016345503,0.008411135,0.007934368,train,0.038984146
2023-01-19,SPY,0.018457597,0.03374136,0.015283762,train,-0.00447042
2023-01-19,TLT,-0.01634413,0.04855277,0.0648969,train,0.074940465
2023-01-20,EFA,0.004075735,0.009524702,0.005448967,train,-0.03381579
2023-01-20,IWM,0.0122997165,0.056436896,0.04413718,train,0.008411135
2023-01-20,SPY,0.011927251,-0.008243938,0.020171188,train,0.03374136
2023-01-20,TLT,-0.0047191344,-0.04925165,0.044532515,train,0.04855277
2023-01-23,EFA,-0.0012632692,-0.016771026,0.015507757,train,0.009524702
2023-01-23,IWM,-0.0021374414,0.087311074,0.08944852,train,0.056436896
2023-01-23,SPY,-0.0010739288,0.036591236,0.037665166,train,-0.008243938
2023-01-23,TLT,0.014277889,0.059658747,0.045380857,train,-0.04925165
2023-01-24,EFA,0.0065785586,-0.010201254,0.016779812,train,-0.016771026
2023-01-24,IWM,0.0027780205,0.02992389,0.02714587,train,0.087311074
2023-01-24,SPY,0.0003748366,0.041644797,0.04126996,train,0.036591236
2023-01-24,TLT,0.0024221784,0.0096101565,0.0071879784,train,0.059658747
2023-01-25,EFA,0.00083679677,-0.018452942,0.01928974,train,-0.010201254
2023-01-25,IWM,0.005904053,-0.0024435958,0.008347649,train,0.02992389
2023-01-25,SPY,0.010930312,-0.003255793,0.014186105,train,0.041644797
2023-01-25,TLT,-0.004662801,0.061700474,0.066363275,train,0.0096101565
2023-01-26,EFA,-0.0019533422,-0.075688526,0.073735185,train,-0.018452942
2023-01-26,IWM,0.005394711,-0.06505505,0.07044976,train,-0.0024435958
2023-01-26,SPY,0.002295014,0.05185468,0.049559668,train,-0.003255793
2023-01-26,TLT,-0.0025273338,-0.055147935,0.0526206,train,0.061700474
2023-01-27,EFA,-0.0064453585,-0.09532972,0.08888436,train,-0.075688526
2023-01-27,IWM,-0.014023386,-0.028368365,0.014344979,train,-0.06505505
2023-01-27,SPY,-0.012626006,0.025034178,0.037660185,train,0.05185468
2023-01-27,TLT,-0.0036614279,0.0012308462,0.004892274,train,-0.055147935
2023-01-30,EFA,0.0057466934,-0.06887908,0.074625775,train,-0.09532972
2023-01-30,IWM,0.023995634,0.0012433436,0.02275229,train,-0.028368365
2023-01-30,SPY,0.014596218,0.022099074,0.0075028557,train,0.025034178
2023-01-30,TLT,0.007962944,0.0020793471,0.005883597,train,0.0012308462
2023-01-31,EFA,0.008905122,-0.0679279,0.07683302,train,-0.06887908
2023-01-31,IWM,0.015597469,-0.08089607,0.09649354,train,0.0012433436
2023-01-31,SPY,0.0105715515,0.0170363,0.0064647486,train,0.022099074
2023-01-31,TLT,0.011949507,0.03131427,0.019364763,train,0.0020793471
2023-02-01,EFA,-0.0013863872,-0.01588216,0.014495773,train,-0.0679279
2023-02-01,IWM,0.019501312,-0.05938868,0.07888999,train,-0.08089607
2023-02-01,SPY,0.014452144,0.026059028,0.011606884,train,0.0170363
2023-02-01,TLT,0.001293537,0.027159419,0.025865883,train,0.03131427
2023-02-02,EFA,-0.009337365,-0.008355097,0.0009822678,train,-0.01588216
2023-02-02,IWM,-0.006729109,-0.048851848,0.042122737,train,-0.05938868
2023-02-02,SPY,-0.0106860455,0.047953237,0.05863928,train,0.026059028
2023-02-02,TLT,-0.015068871,-0.015628923,0.00056005176,train,0.027159419
2023-02-03,EFA,-0.010273766,-0.05968089,0.049407125,train,-0.008355097
2023-02-03,IWM,-0.014573269,-0.0006564753,0.013916793,train,-0.048851848
2023-02-03,SPY,-0.006130077,0.033671197,0.039801273,train,0.047953237
2023-02-03,TLT,-0.007431362,-0.051940072,0.04450871,train,-0.015628923
2023-02-06,EFA,0.008451823,0.030673523,0.0222217,train,-0.05968089
2023-02-06,IWM,0.007389944,0.020557933,0.0131679885,train,-0.0006564753
2023-02-06,SPY,0.012993865,-0.01371171,0.026705574,train,0.033671197
2023-02-06,TLT,-0.008057903,0.026811384,0.034869287,train,-0.051940072
2023-02-07,EFA,-0.0061909226,0.03340237,0.03959329,train,0.030673523
2023-02-07,IWM,-0.014731227,-0.045636725,0.030905496,train,0.020557933
2023-02-07,SPY,-0.010994954,0.015387821,0.026382774,train,-0.01371171
2023-02-07,TLT,0.0047475863,-0.029880408,0.034627996,train,0.026811384
2023-02-08,EFA,0.0018330103,0.031478498,0.029645488,train,0.03340237
2023-02-08,IWM,-0.014582855,0.030795041,0.045377895,train,-0.045636725
2023-02-08,SPY,-0.00870686,-0.0065516504,0.00215521,train,0.015387821
2023-02-08,TLT,-0.009518479,0.0029045967,0.012423076,train,-0.029880408
2023-02-09,EFA,-0.004376868,0.03757204,0.041948907,train,0.031478498
2023-02-09,IWM,0.0019987347,0.01897348,0.016974747,train,0.030795041
2023-02-09,SPY,0.0023307768,-0.010682953,0.01301373,train,-0.0065516504
2023-02-09,TLT,-0.01125288,0.01723006,0.02848294,train,0.0029045967
2023-02-10,EFA,0.009996515,0.013412337,0.003415822,train,0.03757204
2023-02-10,IWM,0.011961227,0.09941906,0.08745783,train,0.01897348
2023-02-10,SPY,0.011670756,-0.056256052,0.06792681,train,-0.010682953
2023-02-10,TLT,0.008379694,-0.014704884,0.023084577,train,0.01723006
2023-02-13,EFA,0.0018197652,0.0128778955,0.01105813,train,0.013412337
2023-02-13,IWM,-0.0004675475,0.11147033,0.11193787,train,0.09941906
2023-02-13,SPY,-0.0004604391,-0.10119626,0.10073582,train,-0.056256052
2023-02-13,TLT,-0.0023042748,0.014288544,0.01659282,train,-0.014704884
2023-02-14,EFA,-0.0044850484,-0.01936645,0.014881402,train,0.0128778955
2023-02-14,IWM,0.01007856,-0.01540316,0.02548172,train,0.11147033
2023-02-14,SPY,0.003242174,-0.03173569,0.03497786,train,-0.10119626
2023-02-14,TLT,-0.009369227,0.013542047,0.022911273,train,0.014288544
2023-02-15,EFA,-0.004928761,0.007968812,0.012897573,train,-0.01936645
2023-02-15,IWM,-0.009611012,0.04013179,0.049742803,train,-0.01540316
2023-02-15,SPY,-0.013864385,0.041880712,0.055745095,train,-0.03173569
2023-02-15,TLT,-0.0142692,0.009791465,0.024060665,train,0.013542047
2023-02-16,EFA,0.0025378794,0.03551881,0.03298093,train,0.007968812
2023-02-16,IWM,0.002748035,-0.009498113,0.012246148,train,0.04013179
2023-02-16,SPY,-0.002501511,-0.0065348716,0.0040333606,train,0.041880712
2023-02-16,TLT,0.0077465735,0.034125194,0.02637862,train,0.009791465
2023-02-17,EFA,-0.011043501,0.024494825,0.035538327,train,0.03551881
2023-02-17,IWM,-0.029958123,0.009442066,0.03940019,train,-0.009498113
2023-02-17,SPY,-0.020264948,-0.0030727405,0.017192207,train,-0.0065348716
2023-02-17,TLT,-0.019628987,0.015921626,0.035550613,train,0.034125194
2023-02-21,EFA,-0.0055680047,-0.0048657237,0.000702281,train,0.024494825
2023-02-21,IWM,0.00271734,0.054228783,0.051511444,train,0.009442066
2023-02-21,SPY,-0.0013788224,0.023400959,0.024779782,train,-0.0030727405
2023-02-21,TLT,0.009122781,0.07430801,0.06518523,train,0.015921626
2023-02-22,EFA,0.0051408187,0.0013917712,0.0037490474,train,-0.0048657237
2023-02-22,IWM,0.0071044876,-0.042920534,0.05002502,train,0.054228783
2023-02-22,SPY,0.0053050527,0.0124805635,0.0071755107,train,0.023400959
2023-02-22,TLT,0.009724211,-0.016451586,0.026175797,train,0.07430801
2023-02-23,EFA,-0.016804768,0.06451505,0.08131982,train,0.0013917712
2023-02-23,IWM,-0.009395014,-0.006524102,0.0028709117,train,-0.042920534
2023-02-23,SPY,-0.010739872,0.05421118,0.064951055,train,0.0124805635
2023-02-23,TLT,-0.013086439,-0.0083260285,0.0047604106,train,-0.016451586
2023-02-24,EFA,0.011807218,0.043460224,0.031653006,train,0.06451505
2023-02-24,IWM,0.0035135678,-0.05071673,0.0542303,train,-0.006524102
2023-02-24,SPY,0.003400092,0.010946761,0.007546669,train,0.05421118
2023-02-24,TLT,0.002769339,0.022653058,0.019883718,train,-0.0083260285
2023-02-27,EFA,-0.007327125,-0.0007712217,0.0065559032,train,0.043460224
2023-02-27,IWM,5.3215044e-05,-0.015461725,0.01551494,train,-0.05071673
2023-02-27,SPY,-0.0037026496,0.058107845,0.061810493,train,0.010946761
2023-02-27,TLT,0.00453322,-0.0048183845,0.009351605,train,0.022653058
2023-02-28,EFA,0.005321043,0.033435147,0.028114105,train,-0.0007712217
2023-02-28,IWM,0.0012745463,-0.0107512595,0.012025806,train,-0.015461725
2023-02-28,SPY,-0.003843314,-0.047009956,0.04316664,train,0.058107845
2023-02-28,TLT,-0.010801343,0.0043175584,0.015118902,train,-0.0048183845
2023-03-01,EFA,0.0020060819,-0.0030774875,0.0050835693,train,0.033435147
2023-03-01,IWM,0.0023852685,-0.026965357,0.029350625,train,-0.0107512595
2023-03-01,SPY,0.0077472525,-0.018151265,0.025898516,train,-0.047009956
2023-03-01,TLT,-0.00890678,0.007974405,0.016881185,train,0.0043175584
2023-03-02,EFA,0.014494952,0.009851781,0.004643171,train,-0.0030774875
2023-03-02,IWM,0.013828952,-0.04294684,0.056775793,train,-0.026965357
2023-03-02,SPY,0.015910404,0.040211137,0.024300734,train,-0.018151265
2023-03-02,TLT,0.023937238,-0.011287083,0.035224322,train,0.007974405
2023-03-03,EFA,-0.0025427798,0.031437445,0.033980224,train,0.009851781
2023-03-03,IWM,-0.014729426,-0.024072174,0.009342748,train,-0.04294684
2023-03-03,SPY,0.00069253135,0.00276089,0.0020683585,train,0.040211137
2023-03-03,TLT,-0.007783827,0.052579455,0.06036328,train,-0.011287083
2023-03-06,EFA,-0.016830912,0.0018146886,0.0186456,train,0.031437445
2023-03-06,IWM,-0.011673505,0.019461755,0.031135261,train,-0.024072174
2023-03-06,SPY,-0.0154473055,-0.023603559,0.008156253,train,0.00276089
2023-03-06,TLT,0.0061139134,-0.038704768,0.04481868,train,0.052579455
2023-03-07,EFA,0.005451133,-0.006567993,0.012019126,train,0.0018146886
2023-03-07,IWM,0.00048241494,-0.03615857,0.036640983,train,0.019461755
2023-03-07,SPY,0.0016305544,0.0116016725,0.009971118,train,-0.023603559
2023-03-07,TLT,0.0009827492,0.012794427,0.011811677,train,-0.038704768
2023-03-08,EFA,-0.007322856,-0.026545703,0.019222848,train,-0.006567993
2023-03-08,IWM,-0.028207636,-0.100819424,0.07261179,train,-0.03615857
2023-03-08,SPY,-0.018621996,-0.0431552,0.024533205,train,0.0116016725
2023-03-08,TLT,0.0024522343,0.01081296,0.008360725,train,0.012794427
2023-03-09,EFA,-0.010721753,0.010370749,0.021092502,train,-0.026545703
2023-03-09,IWM,-0.029253425,-0.017081257,0.012172168,train,-0.100819424
2023-03-09,SPY,-0.014534669,0.01959451,0.03412918,train,-0.0431552
2023-03-09,TLT,0.033904783,-0.0054967245,0.03940151,train,0.01081296
2023-03-10,EFA,-0.006869731,-0.0087331245,0.0018633935,train,0.010370749
2023-03-10,IWM,-0.016424384,0.08451905,0.10094343,train,-0.017081257
2023-03-10,SPY,-0.0014263588,0.07094258,0.07236894,train,0.01959451
2023-03-10,TLT,0.0022704941,0.081306025,0.07903553,train,-0.0054967245
2023-03-13,EFA,0.0132587245,0.01371036,0.00045163557,train,-0.0087331245
2023-03-13,IWM,0.018352322,0.08015073,0.06179841,train,0.08451905
2023-03-13,SPY,0.01639503,0.019866448,0.0034714174,train,0.07094258
2023-03-13,TLT,-0.016578343,0.006659425,0.023237769,train,0.081306025
2023-03-14,EFA,-0.03146402,-0.046948873,0.015484851,train,0.01371036
2023-03-14,IWM,-0.016622541,0.06687667,0.083499216,train,0.08015073
2023-03-14,SPY,-0.006274036,0.009571838,0.015845874,train,0.019866448
2023-03-14,TLT,0.019125974,-0.0322564,0.05138237,train,0.006659425
2023-03-15,EFA,0.015414684,0.02450053,0.009085846,train,-0.046948873
2023-03-15,IWM,0.013558904,0.039786525,0.026227621,train,0.06687667
2023-03-15,SPY,0.017393121,0.069377154,0.051984034,train,0.009571838
2023-03-15,TLT,-0.007853411,-0.026349295,0.018495884,train,-0.0322564
2023-03-16,EFA,-0.011985081,0.026274823,0.038259905,train,0.02450053
2023-03-16,IWM,-0.027362753,0.09626858,0.12363133,train,0.039786525
2023-03-16,SPY,-0.011761401,0.009238186,0.020999588,train,0.069377154
2023-03-16,TLT,0.014897794,-0.018618986,0.03351678,train,-0.026349295
2023-03-17,EFA,0.015508696,0.04149336,0.025984664,train,0.026274823
2023-03-17,IWM,0.012881648,0.062379405,0.049497757,train,0.09626858
2023-03-17,SPY,0.009569526,-0.044267286,0.05383681,train,0.009238186
2023-03-17,TLT,-0.008836328,0.062491097,0.071327426,train,-0.018618986
2023-03-20,EFA,0.014983188,0.030230105,0.015246917,train,0.04149336
2023-03-20,IWM,0.018280867,0.13249642,0.11421555,train,0.062379405
2023-03-20,SPY,0.013045034,-0.017544702,0.030589737,train,-0.044267286
2023-03-20,TLT,-0.008629621,0.024172198,0.032801818,train,0.062491097
2023-03-21,EFA,-0.003471244,-0.018437475,0.014966231,train,0.030230105
2023-03-21,IWM,-0.028770978,0.097891025,0.126662,train,0.13249642
2023-03-21,SPY,-0.017193342,0.012083537,0.029276878,train,-0.017544702
2023-03-21,TLT,0.01324526,-0.0054338025,0.018679064,train,0.024172198
2023-03-22,EFA,0.00014493178,-0.007037514,0.007182446,train,-0.018437475
2023-03-22,IWM,-0.0044482662,0.01804372,0.022491986,train,0.097891025
2023-03-22,SPY,0.0026996678,-0.03326345,0.035963118,train,0.012083537
2023-03-22,TLT,0.0,0.0690078,0.0690078,train,-0.0054338025
2023-03-23,EFA,-0.0030468274,0.024996407,0.028043235,train,-0.007037514
2023-03-23,IWM,0.009004848,0.021968465,0.012963617,train,0.01804372
2023-03-23,SPY,0.0065406174,-0.011958974,0.018499592,train,-0.03326345
2023-03-23,TLT,0.0042206887,0.03452156,0.030300872,train,0.0690078
2023-03-24,EFA,0.009400579,0.034442518,0.025041938,train,0.024996407
2023-03-24,IWM,0.011056858,0.04889901,0.03784215,train,0.021968465
2023-03-24,SPY,0.0018681987,0.007746516,0.005878317,train,-0.011958974
2023-03-24,TLT,-0.02377129,0.029938832,0.05371012,train,0.03452156
2023-03-27,EFA,0.0004318565,-0.025877152,0.026309008,train,0.034442518
2023-03-27,IWM,-0.0014402508,0.09044236,0.09188261,train,0.04889901
2023-03-27,SPY,-0.0022471503,0.021154074,0.023401225,train,0.007746516
2023-03-27,TLT,0.0018190483,-0.020442925,0.022261973,train,0.029938832
2023-03-28,EFA,0.012013832,-0.042716194,0.054730028,train,-0.025877152
2023-03-28,IWM,0.011293641,0.06091847,0.049624827,train,0.09044236
2023-03-28,SPY,0.014430026,0.022094645,0.007664619,train,0.021154074
2023-03-28,TLT,-0.0020108414,0.024178565,0.026189405,train,-0.020442925
2023-03-29,EFA,0.011590261,0.021493226,0.009902965,train,-0.042716194
2023-03-29,IWM,-0.001369165,-0.030202575,0.02883341,train,0.06091847
2023-03-29,SPY,0.0058383555,0.027877282,0.022038927,train,0.022094645
2023-03-29,TLT,0.0045905276,-0.013144766,0.017735293,train,0.024178565
2023-03-30,EFA,0.005046242,-0.0049465327,0.009992775,train,0.021493226
2023-03-30,IWM,0.018214239,0.043686565,0.025472326,train,-0.030202575
2023-03-30,SPY,0.013995996,0.0293058,0.015309805,train,0.027877282
2023-03-30,TLT,0.01487022,0.04585366,0.03098344,train,-0.013144766
2023-03-31,EFA,0.007938098,-0.048107535,0.056045633,train,-0.0049465327
2023-03-31,IWM,0.00044844567,-0.019107427,0.019555872,train,0.043686565
2023-03-31,SPY,0.0038035696,0.006003591,0.0022000216,train,0.0293058
2023-03-31,TLT,0.0046920027,0.051677242,0.04698524,train,0.04585366
2023-04-03,EFA,0.00013870193,-0.02716609,0.027304793,train,-0.048107535
2023-04-03,IWM,-0.017692441,0.035219096,0.052911535,train,-0.019107427
2023-04-03,SPY,-0.0055636275,-0.0064737005,0.00091007305,train,0.006003591
2023-04-03,TLT,0.0049591255,0.030296665,0.02533754,train,0.051677242
2023-04-04,EFA,-0.006958772,0.00366735,0.010626122,train,-0.02716609
2023-04-04,IWM,-0.009857705,-0.00083668437,0.0090210205,train,0.035219096
2023-04-04,SPY,-0.0026218158,0.017264396,0.019886212,train,-0.0064737005
2023-04-04,TLT,0.0104005905,0.00042770524,0.009972885,train,0.030296665
2023-04-05,EFA,0.004737346,0.027444478,0.022707133,train,0.00366735
2023-04-05,IWM,0.0014964988,0.059081588,0.05758509,train,-0.00083668437
2023-04-05,SPY,0.0038933607,-0.010936988,0.014830348,train,0.017264396
2023-04-05,TLT,0.0025831356,0.009041558,0.006458422,train,0.00042770524
2023-04-06,EFA,-0.00069512846,0.0150327785,0.015727907,train,0.027444478
2023-04-06,IWM,0.010639719,0.07936239,0.06872267,train,0.059081588
2023-04-06,SPY,0.00102574,0.013403957,0.012378217,train,-0.010936988
2023-04-06,TLT,-0.01625603,-0.008684588,0.007571443,train,0.009041558
2023-04-10,EFA,0.0033325448,0.029257607,0.025925063,train,0.0150327785
2023-04-10,IWM,0.007877746,0.007826557,5.1188283e-05,train,0.07936239
2023-04-10,SPY,0.00026858272,0.035270736,0.035002153,train,0.013403957
2023-04-10,TLT,0.0020580022,0.016320743,0.0142627405,train,-0.008684588
2023-04-11,EFA,0.006357176,-0.03743367,0.043790847,train,0.029257607
2023-04-11,IWM,-0.0073659793,-0.009490651,0.0021246718,train,0.007826557
2023-04-11,SPY,-0.00408431,0.015437563,0.019521873,train,0.035270736
2023-04-11,TLT,-0.0010283914,-0.008935262,0.007906871,train,0.016320743
2023-04-12,EFA,0.012730518,-0.033737924,0.046468444,train,-0.03743367
2023-04-12,IWM,0.013163613,0.07682131,0.0636577,train,-0.009490651
2023-04-12,SPY,0.013195264,0.008770331,0.0044249333,train,0.015437563
2023-04-12,TLT,-0.007889433,0.06939071,0.07728014,train,-0.008935262
2023-04-13,EFA,-0.004089097,-0.008664337,0.00457524,train,-0.033737924
2023-04-13,IWM,-0.009360654,-0.043789666,0.034429014,train,0.07682131
2023-04-13,SPY,-0.0024456412,-0.02797347,0.025527827,train,0.008770331
2023-04-13,TLT,-0.0091886455,0.03852367,0.047712315,train,0.06939071
2023-04-14,EFA,-0.0017769986,-0.023784392,0.022007393,train,-0.008664337
2023-04-14,IWM,0.01277849,0.09703319,0.0842547,train,-0.043789666
2023-04-14,SPY,0.0035817234,0.007566883,0.00398516,train,-0.02797347
2023-04-14,TLT,-0.0119668925,-0.0037646228,0.00820227,train,0.03852367
2023-04-17,EFA,0.005457743,-0.06791804,0.073375784,train,-0.023784392
2023-04-17,IWM,-0.0042599123,-0.036232587,0.031972677,train,0.09703319
2023-04-17,SPY,0.00065204676,-0.003971507,0.0046235537,train,0.007566883
2023-04-17,TLT,0.00355693,-0.07470497,0.0782619,train,-0.0037646228
2023-04-18,EFA,-0.0031344958,0.012928496,0.016062992,train,-0.06791804
2023-04-18,IWM,0.0012912783,0.01410573,0.012814451,train,-0.036232587
2023-04-18,SPY,-0.00016898572,0.028770864,0.02893985,train,-0.003971507
2023-04-18,TLT,-0.000960335,0.06560573,0.066566065,train,-0.07470497
2023-04-19,EFA,0.0,0.02788448,0.02788448,train,0.012928496
2023-04-19,IWM,-0.005174703,0.0006026998,0.005777403,train,0.01410573
2023-04-19,SPY,-0.005472048,0.026500944,0.031972993,train,0.028770864
2023-04-19,TLT,0.008513311,0.023079824,0.014566513,train,0.06560573
2023-04-20,EFA,0.0050376505,-0.04512513,0.05016278,train,0.02788448
2023-04-20,IWM,0.0012962105,0.015972212,0.014676002,train,0.0006026998
2023-04-20,SPY,0.00077677204,0.0025499845,0.0017732125,train,0.026500944
2023-04-20,TLT,-0.0056353975,0.05066864,0.056304038,train,0.023079824
2023-04-21,EFA,0.0025773006,0.007051344,0.0044740434,train,-0.04512513
2023-04-21,IWM,-0.0006761863,0.07319581,0.07387199,train,0.015972212
2023-04-21,SPY,0.0010425508,0.028770208,0.027727658,train,0.0025499845
2023-04-21,TLT,0.009627801,-0.043821935,0.053449735,train,0.05066864
2023-04-24,EFA,-0.014051172,0.043361377,0.05741255,train,0.007051344
2023-04-24,IWM,-0.024994245,-0.0018312382,0.023163006,train,0.07319581
2023-04-24,SPY,-0.016001187,0.037697904,0.05369909,train,0.028770208
2023-04-24,TLT,0.014597111,0.01398993,0.00060718134,train,-0.043821935
2023-04-25,EFA,-0.0006872395,-0.0037997812,0.0031125417,train,0.043361377
2023-04-25,IWM,-0.009696595,-0.06899149,0.059294894,train,-0.0018312382
2023-04-25,SPY,-0.004244567,-0.011849125,0.007604558,train,0.037697904
2023-04-25,TLT,-0.010715291,-0.010220402,0.000494889,train,0.01398993
2023-04-26,EFA,0.012432809,-0.020771913,0.033204723,train,-0.0037997812
2023-04-26,IWM,0.0132728005,-0.03209058,0.045363378,train,-0.06899149
2023-04-26,SPY,0.01971246,0.060554877,0.040842418,train,-0.011849125
2023-04-26,TLT,-0.00997183,0.0040150043,0.013986834,train,-0.010220402
2023-04-27,EFA,-0.00040740333,-0.027316082,0.026908679,train,-0.020771913
2023-04-27,IWM,0.008713549,-0.00045041088,0.00916396,train,-0.03209058
2023-04-27,SPY,0.008498845,-0.008296947,0.016795792,train,0.060554877
2023-04-27,TLT,0.016001757,-0.0036895135,0.01969127,train,0.0040150043
2023-04-28,EFA,-0.0014952339,-0.00022606645,0.0012691674,train,-0.027316082
2023-04-28,IWM,0.0005708282,0.057437684,0.056866854,train,-0.00045041088
2023-04-28,SPY,-0.0010102224,-0.03340478,0.03239456,train,-0.008296947
2023-04-28,TLT,-0.029258372,0.001662205,0.030920576,train,-0.0036895135
2023-05-01,EFA,-0.01011784,-0.024943221,0.014825381,train,-0.00022606645
2023-05-01,IWM,-0.020750007,0.008170503,0.028920509,train,0.057437684
2023-05-01,SPY,-0.011302719,-0.07469868,0.06339596,train,-0.03340478
2023-05-01,TLT,0.02461452,-0.024732731,0.04934725,train,0.001662205
2023-05-02,EFA,0.002607835,0.034305517,0.031697683,train,-0.024943221
2023-05-02,IWM,0.0036622847,-0.021170486,0.02483277,train,0.008170503
2023-05-02,SPY,-0.0068877703,-0.062204596,0.055316824,train,-0.07469868
2023-05-02,TLT,0.0055665607,-0.036836293,0.042402852,train,-0.024732731
2023-05-03,EFA,-0.0020582092,0.019745335,0.021803545,train,0.034305517
2023-05-03,IWM,-0.0112625295,0.018996298,0.030258827,train,-0.021170486
2023-05-03,SPY,-0.007108128,-0.011556496,0.0044483677,train,-0.062204596
2023-05-03,TLT,-0.009927853,-0.010790669,0.00086281635,train,-0.036836293
2023-05-04,EFA,0.014588775,0.011258341,0.0033304337,train,0.019745335
2023-05-04,IWM,0.02348956,-0.031804167,0.055293724,train,0.018996298
2023-05-04,SPY,0.01834329,0.012801497,0.005541793,train,-0.011556496
2023-05-04,TLT,-0.003331336,-0.06533505,0.062003713,train,-0.010790669
2023-05-05,EFA,0.00027077863,0.00016148295,0.00010929568,train,0.011258341
2023-05-05,IWM,-0.0022955113,0.030643009,0.03293852,train,-0.031804167
2023-05-05,SPY,0.00026654056,0.0223804,0.02211386,train,0.012801497
2023-05-05,TLT,-0.014113714,0.0042623607,0.018376075,train,-0.06533505
2023-05-08,EFA,-0.0040678,0.01888404,0.022951841,train,0.00016148295
2023-05-08,IWM,-0.0029923008,0.02221096,0.02520326,train,0.030643009
2023-05-08,SPY,-0.0043949466,-0.006362376,0.0019674292,train,0.0223804
2023-05-08,TLT,-0.003584069,-0.0152841,0.01170003,train,0.0042623607
2023-05-09,EFA,-0.0020401792,-0.025392164,0.023351984,train,0.01888404
2023-05-09,IWM,0.0050585703,0.00239377,0.0026648003,train,0.02221096
2023-05-09,SPY,0.00466134,0.00052343216,0.0041379076,train,-0.006362376
2023-05-09,TLT,0.00965707,0.047211904,0.037554834,train,-0.0152841
2023-05-10,EFA,-0.0024535845,0.049709998,0.052163582,train,-0.025392164
2023-05-10,IWM,-0.007712817,-0.026728231,0.019015415,train,0.00239377
2023-05-10,SPY,-0.0017453708,-0.057693448,0.05594808,train,0.00052343216
2023-05-10,TLT,0.010516567,0.06246037,0.0519438,train,0.047211904
2023-05-11,EFA,-0.0017756697,0.02363766,0.025413329,train,0.049709998
2023-05-11,IWM,-0.0020243367,0.02089845,0.022922788,train,-0.026728231
2023-05-11,SPY,-0.0013112607,-0.029971238,0.028659977,train,-0.057693448
2023-05-11,TLT,-0.008404355,0.045003075,0.05340743,train,0.06246037
2023-05-12,EFA,0.0076272823,0.024348807,0.016721524,train,0.02363766
2023-05-12,IWM,0.0121423425,0.008589837,0.0035525057,train,0.02089845
2023-05-12,SPY,0.003444257,-0.03600958,0.039453838,train,-0.029971238
2023-05-12,TLT,-0.010411765,0.00679244,0.017204206,train,0.045003075
2023-05-15,EFA,-0.009543314,0.061033014,0.070576325,train,0.024348807
2023-05-15,IWM,-0.014692948,-0.036134426,0.021441478,train,0.008589837
2023-05-15,SPY,-0.0067052045,-0.020086624,0.01338142,train,-0.03600958
2023-05-15,TLT,-0.0030085258,0.004578854,0.00758738,train,0.00679244
2023-05-16,EFA,0.004646474,0.0076696323,0.0030231583,train,0.061033014
2023-05-16,IWM,0.022044318,0.010622547,0.011421771,train,-0.036134426
2023-05-16,SPY,0.012065899,-0.0030898293,0.015155728,train,-0.020086624
2023-05-16,TLT,-0.0029204753,0.010198372,0.013118848,train,0.004578854
2023-05-17,EFA,-0.0015007174,-0.0057131546,0.004212437,train,0.0076696323
2023-05-17,IWM,0.0060570776,-0.03735379,0.043410867,train,0.010622547
2023-05-17,SPY,0.009587199,-0.02855523,0.038142428,train,-0.0030898293
2023-05-17,TLT,-0.0074364836,0.042875383,0.050311867,train,0.010198372
2023-05-18,EFA,0.0058546844,0.024790246,0.018935561,train,-0.0057131546
2023-05-18,IWM,-0.0061137276,-0.0005041985,0.005609529,train,-0.03735379
2023-05-18,SPY,-0.0014562164,0.0384814,0.039937615,train,-0.02855523
2023-05-18,TLT,-0.007096243,-0.009136104,0.002039861,train,0.042875383
2023-05-19,EFA,0.0002713591,-0.004472076,0.004743435,train,0.024790246
2023-05-19,IWM,0.012134249,0.021747183,0.009612934,train,-0.0005041985
2023-05-19,SPY,0.00040607248,-0.00911742,0.009523492,train,0.0384814
2023-05-19,TLT,-0.0035672225,-0.0220965,0.018529277,train,-0.009136104
2023-05-22,EFA,-0.014766393,0.052707657,0.06747405,train,-0.004472076
2023-05-22,IWM,-0.004723287,0.015588476,0.020311764,train,0.021747183
2023-05-22,SPY,-0.011286404,-0.054631535,0.04334513,train,-0.00911742
2023-05-22,TLT,0.00287462,-0.05318403,0.05605865,train,-0.0220965
2023-05-23,EFA,-0.014708351,-0.00015098322,0.014557368,train,0.052707657
2023-05-23,IWM,-0.010652887,0.029051278,0.039704166,train,0.015588476
2023-05-23,SPY,-0.0072711064,-0.030998792,0.023727685,train,-0.054631535
2023-05-23,TLT,-0.004961562,-0.018837508,0.013875946,train,-0.05318403
2023-05-24,EFA,-0.0013986399,0.0060420996,0.0074407393,train,-0.00015098322
2023-05-24,IWM,-0.007835173,-0.013591473,0.0057563,train,0.029051278
2023-05-24,SPY,0.008622661,-0.030432697,0.03905536,train,-0.030998792
2023-05-24,TLT,-0.0024897442,-0.016201925,0.013712181,train,-0.018837508
2023-05-25,EFA,0.009750695,0.0061214613,0.0036292337,train,0.0060420996
2023-05-25,IWM,0.011304127,0.0065063154,0.0047978116,train,-0.013591473
2023-05-25,SPY,0.012867478,-0.014142611,0.027010089,train,-0.030432697
2023-05-25,TLT,0.008044596,-0.012644914,0.02068951,train,-0.016201925
2023-05-26,EFA,-0.0101705855,-0.016854927,0.0066843415,train,0.0061214613
2023-05-26,IWM,-0.003696772,0.02174072,0.025437491,train,0.0065063154
2023-05-26,SPY,0.00038078395,-0.01721444,0.017595224,train,-0.014142611
2023-05-26,TLT,0.009941901,-0.0024777735,0.012419675,train,-0.012644914
2023-05-30,EFA,-0.010416936,-0.00020363275,0.010213303,train,-0.016854927
2023-05-30,IWM,-0.0099063795,0.049744584,0.059650965,train,0.02174072
2023-05-30,SPY,-0.005560511,-0.021930005,0.016369496,train,-0.01721444
2023-05-30,TLT,0.008679205,0.008092765,0.00058643986,train,-0.0024777735
2023-05-31,EFA,0.014748545,0.08719849,0.072449945,train,-0.00020363275
2023-05-31,IWM,0.010760632,-0.01130027,0.022060903,train,0.049744584
2023-05-31,SPY,0.009456221,-0.059812386,0.06926861,train,-0.021930005
2023-05-31,TLT,0.003915519,-0.018105872,0.02202139,train,0.008092765
2023-06-01,EFA,0.012883722,0.004520518,0.008363204,train,0.08719849
2023-06-01,IWM,0.035623193,0.031619694,0.0040034987,train,-0.01130027
2023-06-01,SPY,0.014357457,-0.01497024,0.029327698,train,-0.059812386
2023-06-01,TLT,-0.01101866,-0.044877063,0.033858404,train,-0.018105872
2023-06-02,EFA,-0.0057979845,-0.06258756,0.056789573,train,0.004520518
2023-06-02,IWM,-0.013495726,-0.050561506,0.03706578,train,0.031619694
2023-06-02,SPY,-0.00191797,-0.0022356035,0.0003176335,train,-0.01497024
2023-06-02,TLT,-0.0018645732,-0.0529388,0.051074225,train,-0.044877063
2023-06-05,EFA,0.008272598,0.00832598,5.338248e-05,train,-0.06258756
2023-06-05,IWM,0.025998304,0.018680647,0.0073176567,train,-0.050561506
2023-06-05,SPY,0.0021751358,-0.030351158,0.032526296,train,-0.0022356035
2023-06-05,TLT,0.0058765607,-0.034566954,0.040443514,train,-0.0529388
2023-06-06,EFA,-0.008833739,-0.0041400474,0.0046936916,train,0.00832598
2023-06-06,IWM,0.018537674,-0.027140666,0.04567834,train,0.018680647
2023-06-06,SPY,-0.0034638369,-0.018359296,0.01489546,train,-0.030351158
2023-06-06,TLT,-0.014954871,-0.038138606,0.023183735,train,-0.034566954
2023-06-07,EFA,0.01052424,0.030838657,0.020314418,train,-0.0041400474
2023-06-07,IWM,-0.0037456825,0.05470935,0.05845503,train,-0.027140666
2023-06-07,SPY,0.0060303905,-0.044047825,0.050078217,train,-0.018359296
2023-06-07,TLT,0.011629158,-0.056600805,0.068229966,train,-0.038138606
2023-06-08,EFA,-0.0016766562,-0.02902684,0.027350184,train,0.030838657
2023-06-08,IWM,-0.008127499,-0.020828407,0.012700908,train,0.05470935
2023-06-08,SPY,0.0017926026,-0.057782095,0.059574697,train,-0.044047825
2023-06-08,TLT,-0.001372519,0.0064051496,0.0077776685,train,-0.056600805
2023-06-09,EFA,0.0043251663,-0.0008825483,0.0052077146,train,-0.02902684
2023-06-09,IWM,0.0041527995,0.0041006384,5.216105e-05,train,-0.020828407
2023-06-09,SPY,0.009031199,-0.039577145,0.048608344,train,-0.057782095
2023-06-09,TLT,0.0029390117,0.0023962185,0.0005427932,train,0.0064051496
2023-06-12,EFA,0.009422303,-0.015341927,0.02476423,train,-0.0008825483
2023-06-12,IWM,0.01139856,-0.019603338,0.0310019,train,0.0041006384
2023-06-12,SPY,0.0065711,-0.03896636,0.04553746,train,-0.039577145
2023-06-12,TLT,-0.009930035,0.009283977,0.019214012,train,0.0023962185
2023-06-13,EFA,0.0037167196,0.0058157714,0.0020990518,train,-0.015341927
2023-06-13,IWM,-0.010806563,-0.051658254,0.04085169,train,-0.019603338
2023-06-13,SPY,0.001190232,-0.012817082,0.014007314,train,-0.03896636
2023-06-13,TLT,0.007971599,-0.06941627,0.07738787,train,0.009283977
2023-06-14,EFA,0.010524332,0.016282372,0.0057580406,train,0.0058157714
2023-06-14,IWM,0.008195769,0.035733327,0.027537558,train,-0.051658254
2023-06-14,SPY,0.012321363,-0.01264885,0.024970213,train,-0.012817082
2023-06-14,TLT,0.009559968,0.020221677,0.010661709,train,-0.06941627
2023-06-15,EFA,-0.0021778084,0.03195799,0.0341358,train,0.016282372
2023-06-15,IWM,-0.008034638,0.05337884,0.061413478,train,0.035733327
2023-06-15,SPY,-0.0034121405,-0.0045364024,0.0011242619,train,-0.01264885
2023-06-15,TLT,-0.003890802,0.008481285,0.012372087,train,0.020221677
2023-06-16,EFA,-0.013305264,-0.066628054,0.053322792,train,0.03195799
2023-06-16,IWM,-0.004365634,-0.01888651,0.014520876,train,0.05337884
2023-06-16,SPY,-0.0052015465,-0.062883645,0.057682097,train,-0.0045364024
2023-06-16,TLT,0.006895973,0.008774118,0.0018781447,train,0.008481285
2023-06-20,EFA,0.0015177274,-0.002435659,0.0039533866,train,-0.066628054
2023-06-20,IWM,-0.0023256254,0.06079014,0.06311577,train,-0.01888651
2023-06-20,SPY,-0.005136951,-0.003425681,0.0017112698,train,-0.062883645
2023-06-20,TLT,0.0024170065,-0.012502092,0.0149190985,train,0.008774118
2023-06-21,EFA,-0.0062236367,-0.01148167,0.005258033,train,-0.002435659
2023-06-21,IWM,-0.0074449456,0.05194737,0.059392314,train,0.06079014
2023-06-21,SPY,0.0036031823,-0.024808247,0.02841143,train,-0.003425681
2023-06-21,TLT,-0.012143878,0.041127257,0.053271137,train,-0.012502092
2023-06-22,EFA,-0.015660392,-0.008871659,0.0067887334,train,-0.01148167
2023-06-22,IWM,-0.015169243,0.018884618,0.034053862,train,0.05194737
2023-06-22,SPY,-0.007588675,-0.03735758,0.029768905,train,-0.024808247
2023-06-22,TLT,0.009920457,-0.013133929,0.023054387,train,0.041127257
2023-06-23,EFA,0.0012677915,-0.018486515,0.019754305,train,-0.008871659
2023-06-23,IWM,0.0009963567,0.017042387,0.01604603,train,0.018884618
2023-06-23,SPY,-0.0040941155,-0.061298456,0.05720434,train,-0.03735758
2023-06-23,TLT,0.0010640925,-0.02591766,0.026981752,train,-0.013133929
2023-06-26,EFA,0.008688211,0.04468125,0.03599304,train,-0.018486515
2023-06-26,IWM,0.0143364575,0.04610786,0.0317714,train,0.017042387
2023-06-26,SPY,0.010903609,0.007713287,0.0031903218,train,-0.061298456
2023-06-26,TLT,-0.0026137445,0.0033776844,0.005991429,train,-0.02591766
2023-06-27,EFA,0.0006976011,0.03591809,0.03522049,train,0.04468125
2023-06-27,IWM,0.0048964196,-0.03731421,0.04221063,train,0.04610786
2023-06-27,SPY,0.00050426257,-0.0681502,0.06865446,train,0.007713287
2023-06-27,TLT,0.0042559225,0.0442773,0.040021375,train,0.0033776844
2023-06-28,EFA,-0.0013953436,0.006866644,0.008261988,train,0.03591809
2023-06-28,IWM,0.011439732,0.0047147823,0.00672495,train,-0.03731421
2023-06-28,SPY,0.0039336365,-0.03154224,0.03547588,train,-0.0681502
2023-06-28,TLT,-0.018213585,-0.028557822,0.010344237,train,0.0442773
2023-06-29,EFA,0.012212123,0.015750714,0.0035385909,train,0.006866644
2023-06-29,IWM,0.004763808,-0.008448211,0.013212019,train,0.0047147823
2023-06-29,SPY,0.011731659,-0.036527645,0.048259303,train,-0.03154224
2023-06-29,TLT,0.011726076,-0.03516397,0.046890043,train,-0.028557822
2023-06-30,EFA,-0.0011040819,0.14902759,0.15013167,train,0.015750714
2023-06-30,IWM,0.002027083,-0.050347727,0.05237481,train,-0.008448211
2023-06-30,SPY,0.0011497416,-0.03722851,0.03837825,train,-0.036527645
2023-06-30,TLT,-0.0056853327,0.008219897,0.013905229,train,-0.03516397
2023-07-03,EFA,-0.011247694,-0.03732077,0.026073076,train,0.14902759
2023-07-03,IWM,-0.010015233,-0.06625196,0.05623673,train,-0.050347727
2023-07-03,SPY,-0.0014882237,-0.018202994,0.01671477,train,-0.03722851
2023-07-03,TLT,-0.0095480345,-0.03342783,0.023879796,train,0.008219897
2023-07-05,EFA,-0.01746767,-0.005851059,0.011616611,train,-0.03732077
2023-07-05,IWM,-0.016279954,-0.012488467,0.0037914878,train,-0.06625196
2023-07-05,SPY,-0.0078613125,-0.07620243,0.06834112,train,-0.018202994
2023-07-05,TLT,-0.014243761,-0.067173906,0.052930146,train,-0.03342783
2023-07-06,EFA,0.007503402,-0.0022647986,0.009768201,train,-0.005851059
2023-07-06,IWM,0.010503642,-0.081077605,0.09158125,train,-0.012488467
2023-07-06,SPY,-0.002527984,-0.06278789,0.060259905,train,-0.07620243
2023-07-06,TLT,-0.0060373726,-0.021071088,0.0150337145,train,-0.067173906
2023-07-07,EFA,0.002816675,-0.018327568,0.021144243,train,-0.0022647986
2023-07-07,IWM,0.016963275,0.03932876,0.022365486,train,-0.081077605
2023-07-07,SPY,0.002527984,-0.037463766,0.03999175,train,-0.06278789
2023-07-07,TLT,0.0013108866,0.0005826345,0.0007282521,train,-0.021071088
2023-07-10,EFA,0.008961218,0.00317284,0.0057883784,train,-0.018327568
2023-07-10,IWM,0.010220681,0.0044008223,0.005819859,train,0.03932876
2023-07-10,SPY,0.006348153,0.00811652,0.0017683669,train,-0.037463766
2023-07-10,TLT,0.0051277415,0.017133739,0.012005998,train,0.0005826345
2023-07-11,EFA,0.018916886,-0.0026448863,0.021561772,train,0.00317284
2023-07-11,IWM,0.010847118,-0.0023062313,0.013153349,train,0.0044008223
2023-07-11,SPY,0.008013686,-0.040642772,0.048656456,train,0.00811652
2023-07-11,TLT,0.011069551,0.018989436,0.007919885,train,0.017133739
2023-07-12,EFA,0.015876438,-0.0023219306,0.01819837,train,-0.0026448863
2023-07-12,IWM,0.008045976,-0.022027086,0.030073062,train,-0.0023062313
2023-07-12,SPY,0.007905611,-0.040178414,0.048084024,train,-0.040642772
2023-07-12,TLT,0.010457834,0.07719708,0.066739246,train,0.018989436
2023-07-13,EFA,-0.0056703687,-0.025071345,0.019400977,train,-0.0023219306
2023-07-13,IWM,-0.009819471,-0.06940886,0.059589386,train,-0.022027086
2023-07-13,SPY,-0.0006230116,-0.035665568,0.035042558,train,-0.040178414
2023-07-13,TLT,-0.0059058666,-0.014678705,0.008772838,train,0.07719708
2023-07-14,EFA,-0.0012193054,0.020499095,0.021718401,train,-0.025071345
2023-07-14,IWM,0.010646389,-0.0566956,0.06734199,train,-0.06940886
2023-07-14,SPY,0.003466222,-0.02451466,0.027980883,train,-0.035665568
2023-07-14,TLT,0.00049325894,-0.03349117,0.033984426,train,-0.014678705
2023-07-17,EFA,0.006485776,0.021451287,0.014965511,train,0.020499095
2023-07-17,IWM,0.012270756,0.014525912,0.0022551557,train,-0.0566956
2023-07-17,SPY,0.0074031744,-0.047818948,0.055222124,train,-0.02451466
2023-07-17,TLT,0.0045290277,-0.0039174194,0.008446448,train,-0.03349117
2023-07-18,EFA,-0.00053893315,-0.08767624,0.08713731,train,0.021451287
2023-07-18,IWM,0.004226325,-0.03388779,0.038114116,train,0.014525912
2023-07-18,SPY,0.0022212164,-0.041066956,0.04328817,train,-0.047818948
2023-07-18,TLT,0.011233345,-0.00048961956,0.011722964,train,-0.0039174194
2023-07-19,EFA,-0.0051337327,-0.043510955,0.03837722,train,-0.08767624
2023-07-19,IWM,-0.008778163,0.041139245,0.049917407,train,-0.03388779
2023-07-19,SPY,-0.006656625,-0.015241905,0.00858528,train,-0.041066956
2023-07-19,TLT,-0.012216063,0.06826409,0.08048015,train,-0.00048961956
2023-07-20,EFA,0.0020297756,-0.03146439,0.033494167,train,-0.043510955
2023-07-20,IWM,-0.0031834564,-0.04125453,0.038071074,train,0.041139245
2023-07-20,SPY,0.0,-0.02671482,0.02671482,train,-0.015241905
2023-07-20,TLT,0.00029495885,-0.03221933,0.03251429,train,0.06826409
2023-07-21,EFA,-0.0024361361,0.03435765,0.036793783,train,-0.03146439
2023-07-21,IWM,0.0024655461,0.04950271,0.047037166,train,-0.04125453
2023-07-21,SPY,0.0044574,0.006190397,0.0017329967,train,-0.02671482
2023-07-21,TLT,-0.0036436126,-0.052598912,0.0489553,train,-0.03221933
2023-07-24,EFA,0.0010833358,0.0061826976,0.0050993618,train,0.03435765
2023-07-24,IWM,-0.00010256607,0.03389964,0.034002203,train,0.04950271
2023-07-24,SPY,0.0027263446,0.020104688,0.017378343,train,0.006190397
2023-07-24,TLT,-0.0018764025,0.006507296,0.008383699,train,-0.052598912
2023-07-25,EFA,0.0027035503,0.029433,0.02672945,train,0.0061826976
2023-07-25,IWM,0.0078695305,0.015564876,0.007695345,train,0.03389964
2023-07-25,SPY,0.00015357859,0.014508644,0.014355065,train,0.020104688
2023-07-25,TLT,0.0009879484,0.030364115,0.029376166,train,0.006507296
2023-07-26,EFA,-0.002297518,0.0038002832,0.006097801,train,0.029433
2023-07-26,IWM,-0.013013079,0.028509073,0.041522153,train,0.015564876
2023-07-26,SPY,-0.006651871,-0.016666248,0.010014378,train,0.014508644
2023-07-26,TLT,-0.019644741,0.043205645,0.062850386,train,0.030364115
2023-07-27,EFA,0.0071451883,0.037152924,0.030007735,train,0.0038002832
2023-07-27,IWM,0.012860336,-0.12332897,0.13618931,train,0.028509073
2023-07-27,SPY,0.009742636,-0.016558707,0.026301343,train,-0.016666248
2023-07-27,TLT,0.0051226784,-0.02640916,0.03153184,train,0.043205645
2023-07-28,EFA,0.00026867032,0.0019913493,0.001722679,train,0.037152924
2023-07-28,IWM,0.0115404045,0.007714997,0.0038254075,train,-0.12332897
2023-07-28,SPY,0.0019021962,-0.015418605,0.0173208,train,-0.016558707
2023-07-28,TLT,0.0024019072,0.047694687,0.04529278,train,-0.02640916
2023-07-31,EFA,-0.012568595,0.012569058,0.025137652,train,0.0019913493
2023-07-31,IWM,-0.004590005,0.04364831,0.048238315,train,0.007714997
2023-07-31,SPY,-0.002865628,-0.008899634,0.0060340054,train,-0.015418605
2023-07-31,TLT,-0.016522693,0.016249552,0.032772243,train,0.047694687
2023-08-01,EFA,-0.018807473,0.000991703,0.019799177,train,0.012569058
2023-08-01,IWM,-0.013692992,0.035162333,0.048855327,train,0.04364831
2023-08-01,SPY,-0.014008513,-0.0004833117,0.013525201,train,-0.008899634
2023-08-01,TLT,-0.010756668,-0.0025062272,0.0082504405,train,0.016249552
2023-08-02,EFA,-0.0027756996,-0.03498912,0.03221342,train,0.000991703
2023-08-02,IWM,-0.0028229947,0.015638683,0.018461678,train,0.035162333
2023-08-02,SPY,-0.0028699553,-0.058029328,0.05515937,train,-0.0004833117
2023-08-02,TLT,-0.023341578,0.012215341,0.03555692,train,-0.0025062272
2023-08-03,EFA,0.0027756996,0.005124322,0.0023486225,train,-0.03498912
2023-08-03,IWM,-0.0020065012,0.08187668,0.08388318,train,0.015638683
2023-08-03,SPY,-0.0045329644,-0.011854217,0.007321253,train,-0.058029328
2023-08-03,TLT,0.017557282,0.040126935,0.022569653,train,0.012215341
2023-08-04,EFA,0.0084178215,0.011803719,0.0033858977,train,0.005124322
2023-08-04,IWM,0.00066938915,0.06186613,0.06119674,train,0.08187668
2023-08-04,SPY,0.008690598,0.008454493,0.00023610517,train,-0.011854217
2023-08-04,TLT,-0.009890653,0.075834624,0.08572528,train,0.040126935
2023-08-07,EFA,-0.0060648783,0.010399061,0.01646394,train,0.011803719
2023-08-07,IWM,-0.0062987185,0.050206963,0.05650568,train,0.06186613
2023-08-07,SPY,-0.0043582222,-0.042363238,0.038005017,train,0.008454493
2023-08-07,TLT,0.011546852,-0.03145487,0.04300172,train,0.075834624
2023-08-08,EFA,-0.00027658333,0.00051241275,0.0007889961,train,0.010399061
2023-08-08,IWM,-0.007851367,-0.00070702005,0.007144347,train,0.050206963
2023-08-08,SPY,-0.0067076674,0.021757763,0.028465431,train,-0.042363238
2023-08-08,TLT,0.0051575955,0.030101646,0.02494405,train,-0.03145487
2023-08-09,EFA,0.004278014,0.029894438,0.025616424,train,0.00051241275
2023-08-09,IWM,-0.004446947,-0.011990351,0.0075434037,train,-0.00070702005
2023-08-09,SPY,0.0003589642,-0.0148030715,0.015162036,train,0.021757763
2023-08-09,TLT,-0.016599726,0.028105706,0.044705432,train,0.030101646
2023-08-10,EFA,-0.006770369,0.050100237,0.056870606,train,0.029894438
2023-08-10,IWM,0.0014146186,0.01150139,0.010086771,train,-0.011990351
2023-08-10,SPY,-0.00058321434,0.002004058,0.0025872723,train,-0.0148030715
2023-08-10,TLT,-0.002304025,-0.015163922,0.012859897,train,0.028105706
2023-08-11,EFA,-0.004446288,0.018648848,0.023095137,train,0.050100237
2023-08-11,IWM,-0.0017290759,0.06597739,0.067706466,train,0.01150139
2023-08-11,SPY,0.0055046664,-0.023545329,0.029049994,train,0.002004058
2023-08-11,TLT,-0.002204418,0.00996993,0.012174348,train,-0.015163922
2023-08-14,EFA,-0.012471204,0.015428784,0.027899988,train,0.018648848
2023-08-14,IWM,-0.013305503,0.039757524,0.053063028,train,0.06597739
2023-08-14,SPY,-0.011717232,-0.06153589,0.049818657,train,-0.023545329
2023-08-14,TLT,-0.006113785,0.0069616092,0.013075395,train,0.00996993
2023-08-15,EFA,-0.008211948,0.032802664,0.04101461,train,0.015428784
2023-08-15,IWM,-0.012300393,0.00673874,0.019039132,train,0.039757524
2023-08-15,SPY,-0.0073650554,0.023792487,0.031157542,train,-0.06153589
2023-08-15,TLT,-0.007855118,0.048321225,0.056176342,train,0.0069616092
2023-08-16,EFA,-0.007133549,-0.027035296,0.019901747,train,0.032802664
2023-08-16,IWM,-0.01185438,0.020886641,0.03274102,train,0.00673874
2023-08-16,SPY,-0.0076490515,0.005121435,0.012770487,train,0.023792487
2023-08-16,TLT,-0.0042711934,-0.0034558894,0.000815304,train,0.048321225
2023-08-17,EFA,0.0,0.03601789,0.03601789,train,-0.027035296
2023-08-17,IWM,0.0054303203,0.057695474,0.052265152,train,0.020886641
2023-08-17,SPY,0.00048109653,0.018828299,0.018347202,train,0.005121435
2023-08-17,TLT,0.0035252222,-0.025410306,0.028935527,train,-0.0034558894
2023-08-18,EFA,0.0037158758,-0.0019151764,0.005631052,train,0.03601789
2023-08-18,IWM,-0.0014631402,0.07325193,0.07471507,train,0.057695474
2023-08-18,SPY,0.0064851963,0.052228346,0.04574315,train,0.018828299
2023-08-18,TLT,-0.013419912,-0.018727012,0.0053071,train,-0.025410306
2023-08-21,EFA,-0.0018563299,0.040625982,0.042482313,train,-0.0019151764
2023-08-21,IWM,-0.0029875247,0.010142519,0.013130044,train,0.07325193
2023-08-21,SPY,-0.0027122598,0.05997094,0.0626832,train,0.052228346
2023-08-21,TLT,0.00764478,0.031808045,0.024163265,train,-0.018727012
2023-08-22,EFA,0.010803294,-0.031800345,0.042603638,train,0.040625982
2023-08-22,IWM,0.010605816,0.035065353,0.024459537,train,0.010142519
2023-08-22,SPY,0.011076264,0.0064163925,0.0046598716,train,0.05997094
2023-08-22,TLT,0.024475439,-0.017904986,0.042380422,train,0.031808045
2023-08-23,EFA,-0.013809116,0.035273653,0.049082767,train,-0.031800345
2023-08-23,IWM,-0.013929517,0.03893805,0.052867565,train,0.035065353
2023-08-23,SPY,-0.013956215,-0.006883112,0.0070731035,train,0.0064163925
2023-08-23,TLT,-0.0066159638,-0.015823375,0.009207412,train,-0.017904986
2023-08-24,EFA,0.006714924,0.013120311,0.0064053875,train,0.035273653
2023-08-24,IWM,0.004248241,0.028345417,0.024097176,train,0.03893805
2023-08-24,SPY,0.007025086,-0.030610576,0.03763566,train,-0.006883112
2023-08-24,TLT,0.0032606698,-0.03392941,0.03719008,train,-0.015823375
2023-08-25,EFA,0.010481592,-0.0018222528,0.012303845,train,0.013120311
2023-08-25,IWM,0.008873353,0.08981886,0.08094551,train,0.028345417
2023-08-25,SPY,0.00632135,-0.0055955676,0.011916918,train,-0.030610576
2023-08-25,TLT,0.001049973,0.042115573,0.0410656,train,-0.03392941
2023-08-28,EFA,0.012323401,0.01893273,0.006609329,train,-0.0018222528
2023-08-28,IWM,0.013855232,0.036007088,0.022151856,train,0.08981886
2023-08-28,SPY,0.014351449,-0.05284368,0.067195125,train,-0.0055955676
2023-08-28,TLT,0.010332259,-0.02695242,0.03728468,train,0.042115573
2023-08-29,EFA,-0.00055694015,-0.0112302145,0.010673274,train,0.01893273
2023-08-29,IWM,0.0037651088,0.05486531,0.051100202,train,0.036007088
2023-08-29,SPY,0.0041103153,-0.0021452606,0.006255576,train,-0.05284368
2023-08-29,TLT,-0.0010385569,0.052088913,0.053127468,train,-0.02695242
2023-08-30,EFA,-0.003906829,-0.016899336,0.012992507,train,-0.0112302145
2023-08-30,IWM,-0.0017481865,0.02159458,0.023342766,train,0.05486531
2023-08-30,SPY,-0.0014645217,-0.0059666755,0.004502154,train,-0.0021452606
2023-08-30,TLT,0.0044590845,-0.05508503,0.059544113,train,0.052088913
2023-08-31,EFA,-0.000559317,0.034903906,0.035463225,train,-0.016899336
2023-08-31,IWM,0.011806525,-0.026107255,0.03791378,train,0.02159458
2023-08-31,SPY,0.0018634378,0.011666144,0.009802707,train,-0.0059666755
2023-08-31,TLT,-0.015700951,0.019029554,0.034730505,train,-0.05508503
2023-09-01,EFA,-0.008710299,0.008841247,0.017551545,train,0.034903906
2023-09-01,IWM,-0.02128877,0.013347226,0.034635995,train,-0.026107255
2023-09-01,SPY,-0.004331341,-0.0049779536,0.0006466126,train,0.011666144
2023-09-01,TLT,-0.014121466,-0.017059483,0.0029380163,train,0.019029554
2023-09-05,EFA,-0.0021188266,-0.036758263,0.034639437,train,0.008841247
2023-09-05,IWM,-0.0037537492,-0.051327784,0.047574036,train,0.013347226
2023-09-05,SPY,-0.0067450954,-0.0062109074,0.000534188,train,-0.0049779536
2023-09-05,TLT,0.0024566657,-0.017155204,0.019611869,train,-0.017059483
2023-09-06,EFA,-0.0032575028,-0.0108184265,0.0075609237,train,-0.036758263
2023-09-06,IWM,-0.009717653,-0.008829945,0.0008877078,train,-0.051327784
2023-09-06,SPY,-0.003074824,-0.04073328,0.037658457,train,-0.0062109074
2023-09-06,TLT,0.0027693512,0.022943258,0.020173907,train,-0.017155204
2023-09-07,EFA,-0.0014197087,-0.0016120868,0.00019237807,train,-0.0108184265
2023-09-07,IWM,-0.0022266763,-0.028458629,0.026231952,train,-0.008829945
2023-09-07,SPY,0.0015048939,-0.051195752,0.052700646,train,-0.04073328
2023-09-07,TLT,0.0038221313,0.02690886,0.023086729,train,0.022943258
2023-09-08,EFA,0.010317393,0.009806371,0.00051102135,train,-0.0016120868
2023-09-08,IWM,0.0023892738,0.048744287,0.046355013,train,-0.028458629
2023-09-08,SPY,0.006555146,-0.07735484,0.08390999,train,-0.051195752
2023-09-08,TLT,-0.007231849,0.026500165,0.033732016,train,0.02690886
2023-09-11,EFA,-0.0040858816,0.017237777,0.021323659,train,0.009806371
2023-09-11,IWM,-0.0009769229,0.03954855,0.040525474,train,0.048744287
2023-09-11,SPY,-0.005500763,-0.084631726,0.07913096,train,-0.07735484
2023-09-11,TLT,0.00574724,0.00447053,0.0012767101,train,0.026500165
2023-09-12,EFA,-0.0031109015,0.0023340182,0.0054449197,train,0.017237777
2023-09-12,IWM,-0.0065912404,0.007695063,0.014286304,train,0.03954855
2023-09-12,SPY,0.0011653416,-0.03368548,0.03485082,train,-0.084631726
2023-09-12,TLT,-0.00021202317,6.0800463e-05,0.0002728236,train,0.00447053
2023-09-13,EFA,0.013084853,0.017182522,0.0040976685,train,0.0023340182
2023-09-13,IWM,0.014002295,0.013842481,0.00015981402,train,0.007695063
2023-09-13,SPY,0.008585384,-0.05679756,0.06538294,train,-0.03368548
2023-09-13,TLT,-0.007244807,0.031739585,0.03898439,train,6.0800463e-05
2023-09-14,EFA,-0.0022389498,-0.0177546,0.01551565,train,0.017182522
2023-09-14,IWM,-0.010510456,0.026757639,0.037268095,train,0.013842481
2023-09-14,SPY,-0.012121394,-0.040977564,0.02885617,train,-0.05679756
2023-09-14,TLT,-0.0061127655,0.026435204,0.03254797,train,0.031739585
2023-09-15,EFA,-0.0035086214,0.009810201,0.013318822,train,-0.0177546
2023-09-15,IWM,-0.0066669215,0.0007401323,0.007407054,train,0.026757639
2023-09-15,SPY,0.0005862052,-0.08238729,0.082973495,train,-0.040977564
2023-09-15,TLT,0.0056853183,0.02290533,0.017220011,train,0.026435204
2023-09-18,EFA,0.000843276,0.013071883,0.012228606,train,0.009810201
2023-09-18,IWM,-0.0039001533,-0.0003437912,0.0035563621,train,0.0007401323
2023-09-18,SPY,-0.0020760607,-0.062450025,0.060373966,train,-0.08238729
2023-09-18,TLT,-0.007407799,-0.0037088348,0.0036989641,train,0.02290533
2023-09-19,EFA,-0.0023907826,-0.04290439,0.040513605,train,0.013071883
2023-09-19,IWM,-0.01006819,0.057059824,0.06712802,train,-0.0003437912
2023-09-19,SPY,-0.009235697,-0.037072536,0.027836839,train,-0.062450025
2023-09-19,TLT,0.0031199732,0.12083654,0.117716566,train,-0.0037088348
2023-09-20,EFA,-0.016754603,-0.029051524,0.012296921,train,-0.04290439
2023-09-20,IWM,-0.01563335,0.04775509,0.06338844,train,0.057059824
2023-09-20,SPY,-0.01666658,-0.029971626,0.013305046,train,-0.037072536
2023-09-20,TLT,-0.026009308,0.008618814,0.034628123,train,0.12083654
2023-09-21,EFA,0.0008587271,0.001684173,0.0008254459,train,-0.029051524
2023-09-21,IWM,-0.0022618487,0.055211574,0.05747342,train,0.04775509
2023-09-21,SPY,-0.0022510842,0.036797617,0.0390487,train,-0.029971626
2023-09-21,TLT,0.008016581,-0.0019680532,0.009984634,train,0.008618814
2023-09-22,EFA,-0.0044448534,0.00291296,0.0073578134,train,0.001684173
2023-09-22,IWM,0.0044618193,0.0012125103,0.003249309,train,0.055211574
2023-09-22,SPY,0.0041964124,0.03580213,0.031605717,train,0.036797617
2023-09-22,TLT,-0.02491723,0.009853656,0.034770887,train,-0.0019680532
2023-09-25,EFA,-0.013017209,0.02715408,0.040171288,train,0.00291296
2023-09-25,IWM,-0.012940811,0.050684575,0.06362539,train,0.0012125103
2023-09-25,SPY,-0.014800233,0.0804979,0.095298134,train,0.03580213
2023-09-25,TLT,-0.0034819404,-0.022881035,0.019399095,train,0.009853656
2023-09-26,EFA,-0.0018944107,-0.007342738,0.0054483274,train,0.02715408
2023-09-26,IWM,0.009305125,0.04986022,0.040555097,train,0.050684575
2023-09-26,SPY,0.00039907757,0.026491635,0.026092557,train,0.0804979
2023-09-26,TLT,-0.005189258,-0.019054186,0.013864927,train,-0.022881035
2023-09-27,EFA,0.00813491,-0.013772947,0.021907857,train,-0.007342738
2023-09-27,IWM,0.008994006,0.012551607,0.003557601,train,0.04986022
2023-09-27,SPY,0.005780669,0.020159587,0.014378918,train,0.026491635
2023-09-27,TLT,0.0030487296,-0.029954355,0.033003084,train,-0.019054186
2023-09-28,EFA,-0.0028977767,0.021334417,0.024232194,train,-0.013772947
2023-09-28,IWM,-0.0047415243,0.060486425,0.06522795,train,0.012551607
2023-09-28,SPY,-0.00242996,0.0076879775,0.010117938,train,0.020159587
2023-09-28,TLT,0.000112628026,-0.0029570395,0.0030696676,train,-0.029954355
2023-09-29,EFA,-0.014763031,0.028659344,0.043422375,train,0.021334417
2023-09-29,IWM,-0.015222242,0.008100291,0.023322534,train,0.060486425
2023-09-29,SPY,-0.00039781583,-0.05488241,0.054484595,train,0.0076879775
2023-09-29,TLT,-0.016881572,0.017399348,0.03428092,train,-0.0029570395
2023-10-02,EFA,-0.012595545,0.038152203,0.05074775,train,0.028659344
2023-10-02,IWM,-0.016975604,-0.0025771195,0.0143984845,train,0.008100291
2023-10-02,SPY,-0.01347635,0.0018812707,0.015357621,train,-0.05488241
2023-10-02,TLT,-0.021746445,0.038188614,0.05993506,train,0.017399348
2023-10-03,EFA,0.0017877596,0.02205677,0.02026901,train,0.038152203
2023-10-03,IWM,0.00046738307,0.010012436,0.009545052,train,-0.0025771195
2023-10-03,SPY,0.007255538,-0.052409958,0.059665497,train,0.0018812707
2023-10-03,TLT,0.01400918,0.013068943,0.00094023626,train,0.038188614
2023-10-04,EFA,0.008743907,0.05791327,0.04916936,train,0.02205677
2023-10-04,IWM,0.0007589176,0.003920126,0.0031612082,train,0.010012436
2023-10-04,SPY,-0.00037686247,-0.015985701,0.015608839,train,-0.052409958
2023-10-04,TLT,-0.0049973233,0.0014053276,0.006402651,train,0.013068943
2023-10-05,EFA,0.011006222,0.03159124,0.02058502,train,0.05791327
2023-10-05,IWM,0.009583389,0.018432911,0.008849522,train,0.003920126
2023-10-05,SPY,0.011802957,-0.051353235,0.063156195,train,-0.015985701
2023-10-05,TLT,-0.012190938,0.0036460636,0.015837003,train,0.0014053276
2023-10-06,EFA,-0.0014605563,0.01252175,0.013982306,train,0.03159124
2023-10-06,IWM,0.005763731,-0.005058502,0.010822233,train,0.018432911
2023-10-06,SPY,0.0063816467,-0.09917468,0.105556324,train,-0.051353235
2023-10-06,TLT,0.023198478,-0.028039623,0.0512381,train,0.0036460636
2023-10-09,EFA,0.013645244,-0.053578492,0.067223735,train,0.01252175
2023-10-09,IWM,0.011258242,-0.0392544,0.05051264,train,-0.005058502
2023-10-09,SPY,0.005191356,-0.057488214,0.062679574,train,-0.09917468
2023-10-09,TLT,-0.0013834406,-0.06308547,0.061702028,train,-0.028039623
2023-10-10,EFA,0.004172415,0.0014051395,0.0027672756,train,-0.053578492
2023-10-10,IWM,-0.0017062986,-0.085457966,0.08375166,train,-0.0392544
2023-10-10,SPY,0.0040880577,-0.008867894,0.012955952,train,-0.057488214
2023-10-10,TLT,0.020670617,-0.014198163,0.03486878,train,-0.06308547
2023-10-11,EFA,-0.008362252,-0.018636782,0.010274529,train,0.0014051395
2023-10-11,IWM,-0.022858443,-0.025544275,0.0026858319,train,-0.085457966
2023-10-11,SPY,-0.0061150566,0.007745574,0.013860631,train,-0.008867894
2023-10-11,TLT,-0.02750226,-0.035886113,0.008383853,train,-0.014198163
2023-10-12,EFA,-0.009309183,0.03903692,0.048346102,train,-0.018636782
2023-10-12,IWM,-0.008363338,0.016754333,0.025117671,train,-0.025544275
2023-10-12,SPY,-0.004993419,-0.07186188,0.06686846,train,0.007745574
2023-10-12,TLT,0.017734133,-0.009333183,0.027067315,train,-0.035886113
2023-10-13,EFA,0.0072800624,0.0023488803,0.004931182,train,0.03903692
2023-10-13,IWM,0.016021762,0.027409736,0.011387974,train,0.016754333
2023-10-13,SPY,0.010466506,-0.049024954,0.05949146,train,-0.07186188
2023-10-13,TLT,-0.016224818,0.03260014,0.04882496,train,-0.009333183
2023-10-16,EFA,0.00058032287,-0.04680831,0.04738863,train,0.0023488803
2023-10-16,IWM,0.011093109,-0.0576477,0.06874081,train,0.027409736
2023-10-16,SPY,-4.5870773e-05,-0.037249394,0.037203524,train,-0.049024954
2023-10-16,TLT,-0.011082112,-0.026987847,0.015905734,train,0.03260014
2023-10-17,EFA,-0.017552275,-0.012311158,0.0052411174,train,-0.04680831
2023-10-17,IWM,-0.020792155,-0.029339992,0.008547837,train,-0.0576477
2023-10-17,SPY,-0.013414729,-0.033412483,0.019997753,train,-0.037249394
2023-10-17,TLT,-0.008836853,0.030109335,0.03894619,train,-0.026987847
2023-10-18,EFA,-0.008892791,-0.0011700289,0.0077227624,train,-0.012311158
2023-10-18,IWM,-0.016060604,-0.055954333,0.03989373,train,-0.029339992
2023-10-18,SPY,-0.008825177,0.0069631627,0.01578834,train,-0.033412483
2023-10-18,TLT,-0.020685751,-0.06355253,0.042866778,train,0.030109335
2023-10-19,EFA,-0.008972769,0.022595916,0.031568684,train,-0.0011700289
2023-10-19,IWM,-0.013012594,-0.04004386,0.027031267,train,-0.055954333
2023-10-19,SPY,-0.012364235,-0.030898843,0.018534608,train,0.0069631627
2023-10-19,TLT,0.0056623067,-0.011114071,0.016776377,train,-0.06355253
2023-10-20,EFA,0.0007510251,-0.010503826,0.011254851,train,0.022595916
2023-10-20,IWM,-0.008507722,0.009161877,0.0176696,train,-0.04004386
2023-10-20,SPY,-0.001734666,-0.011444242,0.009709576,train,-0.030898843
2023-10-20,TLT,0.011941664,-0.013123457,0.02506512,train,-0.011114071
2023-10-23,EFA,0.005687819,0.011069137,0.005381318,train,-0.010503826
2023-10-23,IWM,0.008687802,-0.013284628,0.021972429,train,0.009161877
2023-10-23,SPY,0.00751121,0.024978694,0.017467484,train,-0.011444242
2023-10-23,TLT,0.013090957,-0.06871572,0.081806675,train,-0.013123457
2023-10-24,EFA,-0.007190123,-0.017350756,0.010160632,train,0.011069137
2023-10-24,IWM,-0.016657347,-0.01724707,0.00058972277,train,-0.013284628
2023-10-24,SPY,-0.014456209,0.02508453,0.039540738,train,0.024978694
2023-10-24,TLT,-0.022513105,-0.020808678,0.0017044265,train,-0.06871572
2023-10-25,EFA,-0.007242071,0.011215805,0.018457877,train,-0.017350756
2023-10-25,IWM,0.0025619483,-0.04710866,0.04967061,train,-0.01724707
2023-10-25,SPY,-0.012047056,-0.01715964,0.0051125847,train,0.02508453
2023-10-25,TLT,0.01522247,0.021204598,0.005982128,train,-0.020808678
2023-10-26,EFA,-0.003033067,0.054220792,0.05725386,train,0.011215805
2023-10-26,IWM,-0.011827733,0.02100255,0.032830283,train,-0.04710866
2023-10-26,SPY,-0.00454298,-0.03837842,0.03383544,train,-0.01715964
2023-10-26,TLT,-0.0042579444,0.0012857681,0.0055437125,train,0.021204598
2023-10-27,EFA,0.012677533,0.048495103,0.03581757,train,0.054220792
2023-10-27,IWM,0.00553286,0.030018304,0.024485443,train,0.02100255
2023-10-27,SPY,0.011884843,-0.0115141915,0.023399035,train,-0.03837842
2023-10-27,TLT,-0.0045143254,0.04883587,0.053350195,train,0.0012857681
2023-10-30,EFA,0.0035928974,-0.005634931,0.009227828,train,0.048495103
2023-10-30,IWM,0.008607153,0.026899219,0.018292066,train,0.030018304
2023-10-30,SPY,0.0062607247,-0.020620339,0.026881063,train,-0.0115141915
2023-10-30,TLT,-0.004893334,0.016691279,0.021584613,train,0.04883587
2023-10-31,EFA,0.009370195,-0.015666801,0.025036996,train,-0.005634931
2023-10-31,IWM,0.0056974706,0.027598098,0.021900628,train,0.026899219
2023-10-31,SPY,0.010608311,-0.04817969,0.058788,train,-0.020620339
2023-10-31,TLT,0.021450436,0.017364603,0.004085833,train,0.016691279
2023-11-01,EFA,0.020223305,0.010622584,0.00960072,train,-0.015666801
2023-11-01,IWM,0.026303973,0.027267057,0.0009630844,train,0.027598098
2023-11-01,SPY,0.018983038,-0.07132451,0.09030755,train,-0.04817969
2023-11-01,TLT,0.02254067,-0.10775899,0.13029966,train,0.017364603
2023-11-02,EFA,0.010534955,0.011024177,0.0004892219,train,0.010622584
2023-11-02,IWM,0.0268339,0.025322404,0.0015114956,train,0.027267057
2023-11-02,SPY,0.0090818945,0.011120339,0.0020384444,train,-0.07132451
2023-11-02,TLT,0.006755566,-0.013679524,0.020435091,train,-0.10775899
2023-11-03,EFA,-0.0050373436,0.03175657,0.036793914,train,0.011024177
2023-11-03,IWM,-0.012572075,0.025175493,0.03774757,train,0.025322404
2023-11-03,SPY,0.0022979665,-0.012732302,0.015030269,train,0.011120339
2023-11-03,TLT,-0.009747202,-0.026143886,0.016396685,train,-0.013679524
2023-11-06,EFA,-0.0060780323,0.0012768796,0.007354912,train,0.03175657
2023-11-06,IWM,-0.00354641,0.05062413,0.054170538,train,0.025175493
2023-11-06,SPY,0.0028418049,-0.020845223,0.023687027,train,-0.012732302
2023-11-06,TLT,0.014642225,-0.03186648,0.046508703,train,-0.026143886
2023-11-07,EFA,-0.0013071486,0.0056242673,0.0069314158,train,0.0012768796
2023-11-07,IWM,-0.010715415,0.027037773,0.037753187,train,0.05062413
2023-11-07,SPY,0.0007322244,-0.014068966,0.01480119,train,-0.020845223
2023-11-07,TLT,0.016890213,0.044510793,0.02762058,train,-0.03186648
2023-11-08,EFA,-0.00014543756,-0.07294795,0.072802514,train,0.0056242673
2023-11-08,IWM,-0.015603641,-0.046265922,0.030662281,train,0.027037773
2023-11-08,SPY,-0.007829174,-0.045686137,0.037856963,train,-0.014068966
2023-11-08,TLT,-0.023269624,0.07917413,0.102443755,train,0.044510793
2023-11-09,EFA,0.0044963695,-0.037563268,0.042059638,train,-0.07294795
2023-11-09,IWM,0.011119684,-0.012568709,0.023688395,train,-0.046265922
2023-11-09,SPY,0.015484229,-0.10233088,0.11781511,train,-0.045686137
2023-11-09,TLT,0.005584398,-0.010526937,0.016111335,train,0.07917413
2023-11-10,EFA,0.0026015013,-0.020573907,0.023175407,train,-0.037563268
2023-11-10,IWM,0.0003547188,0.03207207,0.031717353,train,-0.012568709
2023-11-10,SPY,-0.0009536565,-0.0836266,0.08267294,train,-0.10233088
2023-11-10,TLT,-0.002275612,0.086168855,0.088444464,train,-0.010526937
2023-11-13,EFA,0.025227688,-0.010862366,0.036090054,train,-0.020573907
2023-11-13,IWM,0.053460434,0.053177368,0.00028306618,train,0.03207207
2023-11-13,SPY,0.01921492,0.0112544065,0.007960514,train,-0.0836266
2023-11-13,TLT,0.022414286,0.05628404,0.033869755,train,0.086168855
2023-11-14,EFA,-0.0015495991,0.013373337,0.0149229355,train,-0.010862366
2023-11-14,IWM,0.0017354795,-0.089846134,0.09158161,train,0.053177368
2023-11-14,SPY,0.0021147826,-0.07945173,0.08156651,train,0.0112544065
2023-11-14,TLT,-0.014133474,-0.07149811,0.057364635,train,0.05628404
2023-11-15,EFA,-0.00070492504,-0.05320747,0.052502543,train,0.013373337
2023-11-15,IWM,-0.016298123,0.046475325,0.06277345,train,-0.089846134
2023-11-15,SPY,0.0012223729,0.047528457,0.046306085,train,-0.07945173
2023-11-15,TLT,0.012350019,0.05222262,0.0398726,train,-0.07149811
2023-11-16,EFA,0.013451182,0.029777907,0.016326725,train,-0.05320747
2023-11-16,IWM,0.013609537,-0.012307552,0.025917089,train,0.046475325
2023-11-16,SPY,0.0012431697,0.09499843,0.09375526,train,0.047528457
2023-11-16,TLT,0.00467527,0.0054717856,0.0007965155,train,0.05222262
2023-11-17,EFA,0.003750797,-0.028372787,0.032123584,train,0.029777907
2023-11-17,IWM,0.005816027,0.05998121,0.05416518,train,-0.012307552
2023-11-17,SPY,0.007667928,0.058282655,0.050614726,train,0.09499843
2023-11-17,TLT,0.006090108,0.0021178396,0.003972268,train,0.0054717856
2023-11-20,EFA,-0.0038901176,-0.029705692,0.025815574,train,-0.028372787
2023-11-20,IWM,-0.012964653,0.06274438,0.07570903,train,0.05998121
2023-11-20,SPY,-0.0021816867,0.11126976,0.11345144,train,0.058282655
2023-11-20,TLT,-0.00044167353,0.015862532,0.016304206,train,0.0021178396
2023-11-21,EFA,0.0023638702,-0.032378826,0.034742698,train,-0.029705692
2023-11-21,IWM,0.006250734,-0.05217312,0.058423854,train,0.06274438
2023-11-21,SPY,0.0038533567,0.11647734,0.11262398,train,0.11126976
2023-11-21,TLT,0.0035277533,0.017920472,0.014392719,train,0.015862532
2023-11-22,EFA,0.007608618,-0.01799047,0.025599089,train,-0.032378826
2023-11-22,IWM,0.006713919,0.10530654,0.098592624,train,-0.05217312
2023-11-22,SPY,0.0006151311,0.07217945,0.07156432,train,0.11647734
2023-11-22,TLT,-0.011844919,0.0660314,0.077876315,train,0.017920472
2023-11-24,EFA,-0.0034514642,0.029256389,0.03270785,train,-0.01799047
2023-11-24,IWM,-0.0033513247,0.057939153,0.061290476,train,0.10530654
2023-11-24,SPY,-0.0018026583,0.07207233,0.07387499,train,0.07217945
2023-11-24,TLT,0.016565818,0.011038343,0.005527475,train,0.0660314
2023-11-27,EFA,0.00027658333,-0.093366735,0.093643315,train,0.029256389
2023-11-27,IWM,-0.0038679906,0.03402106,0.037889052,train,0.057939153
2023-11-27,SPY,0.0009897384,-0.07178072,0.072770454,train,0.07207233
2023-11-27,TLT,0.0019694683,-0.0068140635,0.008783532,train,0.011038343
2023-11-28,EFA,0.0020718263,-0.036496166,0.038567994,train,-0.093366735
2023-11-28,IWM,0.0052657775,-0.010866131,0.016131908,train,0.03402106
2023-11-28,SPY,-0.00070368877,0.075226754,0.07593045,train,-0.07178072
2023-11-28,TLT,0.012492637,-0.023798067,0.036290705,train,-0.0068140635
2023-11-29,EFA,-0.0008282611,-0.005655636,0.004827375,train,-0.036496166
2023-11-29,IWM,0.0037922475,0.034322284,0.030530037,train,-0.010866131
2023-11-29,SPY,0.0039297403,0.11023395,0.106304206,train,0.075226754
2023-11-29,TLT,-0.011618551,-0.143355,0.13173644,train,-0.023798067
2023-11-30,EFA,0.010439715,-0.15771005,0.16814975,train,-0.005655636
2023-11-30,IWM,0.028802916,0.057657573,0.028854657,train,0.034322284
2023-11-30,SPY,0.005898395,0.049724244,0.04382585,train,0.11023395
2023-11-30,TLT,0.01865884,0.011026623,0.0076322164,train,-0.143355
2023-12-01,EFA,-0.007819466,-0.031374115,0.02355465,train,-0.15771005
2023-12-01,IWM,0.010650987,-0.01926428,0.029915268,train,0.057657573
2023-12-01,SPY,-0.005263191,0.051908005,0.057171196,train,0.049724244
2023-12-01,TLT,-0.003986773,-0.029620785,0.025634013,train,0.011026623
2023-12-04,EFA,-0.003587422,0.016973656,0.020561077,train,-0.031374115
2023-12-04,IWM,-0.013467106,-0.039009538,0.02554243,train,-0.01926428
2023-12-04,SPY,-0.00019699668,0.13506888,0.13526587,train,0.051908005
2023-12-04,TLT,0.021258077,0.010167516,0.011090561,train,-0.029620785
2023-12-05,EFA,0.0030363128,-0.0027585262,0.005794839,train,0.016973656
2023-12-05,IWM,-0.0017913305,0.0057994323,0.007590763,train,-0.039009538
2023-12-05,SPY,-0.004037997,0.0871288,0.0911668,train,0.13506888
2023-12-05,TLT,0.013229662,0.010276939,0.0029527228,train,0.010167516
2023-12-06,EFA,0.0048113717,0.0026726304,0.0021387413,train,-0.0027585262
2023-12-06,IWM,0.0071999896,-0.03817125,0.045371242,train,0.0057994323
2023-12-06,SPY,0.0076015857,0.08705919,0.0794576,train,0.0871288
2023-12-06,TLT,-0.00575302,-0.03824817,0.03249515,train,0.010276939
2023-12-07,EFA,0.003012501,-0.004392364,0.0074048648,train,0.0026726304
2023-12-07,IWM,0.007576913,-0.024772923,0.032349836,train,-0.03817125
2023-12-07,SPY,0.004289781,0.04545589,0.04116611,train,0.08705919
2023-12-07,TLT,-0.008216475,0.024444658,0.032661133,train,-0.03824817
2023-12-08,EFA,0.0024579798,0.013086717,0.010628737,train,-0.004392364
2023-12-08,IWM,0.0020855602,0.013164355,0.011078795,train,-0.024772923
2023-12-08,SPY,0.0038820985,0.02490076,0.021018662,train,0.04545589
2023-12-08,TLT,-0.0021181114,0.020194795,0.022312906,train,0.024444658
2023-12-11,EFA,0.0017713641,0.03802828,0.036256917,train,0.013086717
2023-12-11,IWM,-0.0010156321,0.014508317,0.01552395,train,0.013164355
2023-12-11,SPY,0.004556731,0.07691149,0.07235476,train,0.02490076
2023-12-11,TLT,0.0029635523,0.025009692,0.02204614,train,0.020194795
2023-12-12,EFA,0.014462781,0.03736393,0.022901151,train,0.03802828
2023-12-12,IWM,0.03329006,-0.026883867,0.060173925,train,0.014508317
2023-12-12,SPY,0.013695949,0.06364331,0.04994736,train,0.07691149
2023-12-12,TLT,0.023191545,-0.013943185,0.03713473,train,0.025009692
2023-12-13,EFA,0.0073533934,-0.0024198378,0.009773231,train,0.03736393
2023-12-13,IWM,0.027447976,-0.016984668,0.044432644,train,-0.026883867
2023-12-13,SPY,0.0032042782,-0.015106213,0.018310491,train,0.06364331
2023-12-13,TLT,0.025680192,-0.036884468,0.062564656,train,-0.013943185
2023-12-14,EFA,-0.009771966,-0.03573435,0.025962386,train,-0.0024198378
2023-12-14,IWM,-0.008439807,0.07165349,0.0800933,train,-0.016984668
2023-12-14,SPY,-0.0016479628,0.002642366,0.004290329,train,-0.015106213
2023-12-14,TLT,0.0011099894,-0.015302104,0.016412094,train,-0.036884468
2023-12-15,EFA,0.0024185728,-0.03220705,0.034625623,train,-0.03573435
2023-12-15,IWM,0.00035516452,0.07527538,0.074920215,train,0.07165349
2023-12-15,SPY,0.005609309,-0.006752503,0.0123618115,train,0.002642366
2023-12-15,TLT,-0.007999784,0.036971696,0.04497148,train,-0.015302104
2023-12-18,EFA,0.008418522,-0.0059657106,0.014384232,train,-0.03220705
2023-12-18,IWM,0.019194618,0.025548901,0.0063542835,train,0.07527538
2023-12-18,SPY,0.0060625887,0.011680397,0.0056178086,train,-0.006752503
2023-12-18,TLT,0.005373923,0.012654911,0.0072809877,train,0.036971696
2023-12-19,EFA,-0.010143131,0.0006883051,0.010831436,train,-0.0059657106
2023-12-19,IWM,-0.019754732,-0.028071616,0.008316884,train,0.025548901
2023-12-19,SPY,-0.0139542185,-0.018327627,0.004373409,train,0.011680397
2023-12-19,TLT,0.006752708,0.0053118924,0.0014408156,train,0.012654911
2023-12-20,EFA,0.016067434,-0.11734922,0.13341665,train,0.0006883051
2023-12-20,IWM,0.016873479,0.051519956,0.034646478,train,-0.028071616
2023-12-20,SPY,0.009437173,-0.18315092,0.19258809,train,-0.018327627
2023-12-20,TLT,-0.006348313,0.036462463,0.042810775,train,0.0053118924
2023-12-21,EFA,0.0009369975,-0.06976006,0.07069706,train,-0.11734922
2023-12-21,IWM,0.009274493,0.09526941,0.08599492,train,0.051519956
2023-12-21,SPY,0.0020077405,-0.05649237,0.05850011,train,-0.18315092
2023-12-21,TLT,-0.0045588384,0.016866565,0.021425404,train,0.036462463
2023-12-22,EFA,0.004539537,-0.06863991,0.073179446,train,-0.06976006
2023-12-22,IWM,0.012920049,0.027774211,0.014854162,train,0.09526941
2023-12-22,SPY,0.0042137057,-0.05665278,0.060866486,train,-0.05649237
2023-12-22,TLT,0.002839007,0.050089564,0.047250558,train,0.016866565
2023-12-26,EFA,0.005314216,-0.0838148,0.089129016,train,-0.06863991
2023-12-26,IWM,0.0035215765,0.019518469,0.015996892,train,0.027774211
2023-12-26,SPY,0.0018063122,-0.042224146,0.044030458,train,-0.05665278
2023-12-26,TLT,0.017564567,0.062424906,0.04486034,train,0.050089564
2023-12-27,EFA,-0.002653686,-0.087374434,0.084720746,train,-0.0838148
2023-12-27,IWM,-0.0038157292,0.021226618,0.025042348,train,0.019518469
2023-12-27,SPY,0.00037774432,-0.075121626,0.07549937,train,-0.042224146
2023-12-27,TLT,-0.0072891666,0.034500387,0.041789554,train,0.062424906
2023-12-28,EFA,0.0010623413,-0.10830204,0.10936438,train,-0.087374434
2023-12-28,IWM,-0.016454833,0.06283561,0.07929044,train,0.021226618
2023-12-28,SPY,-0.0028992323,-0.0016761003,0.001223132,train,-0.075121626
2023-12-28,TLT,-0.009060686,0.043638747,0.05269943,train,0.034500387
2023-12-29,EFA,-0.011210562,-0.07954025,0.06832969,train,-0.10830204
2023-12-29,IWM,-0.0059466837,0.033035427,0.038982112,train,0.06283561
2023-12-29,SPY,-0.0056121256,-0.06351188,0.05789975,train,-0.0016761003
2023-12-29,TLT,-0.0057814163,-0.015458054,0.009676637,train,0.043638747
2024-01-02,EFA,-0.00754429,-0.014808931,0.0072646416,train,-0.07954025
2024-01-02,IWM,-0.027025951,0.07603519,0.10306114,train,0.033035427
2024-01-02,SPY,-0.008200112,0.027707722,0.035907835,train,-0.06351188
2024-01-02,TLT,0.004161612,-0.008073521,0.012235133,train,-0.015458054
2024-01-03,EFA,0.0022963397,-0.022324212,0.024620552,train,-0.014808931
2024-01-03,IWM,-0.0019585495,0.11974043,0.121698976,train,0.07603519
2024-01-03,SPY,-0.0032262574,0.054556128,0.057782385,train,0.027707722
2024-01-03,TLT,-0.015310917,-0.1030229,0.08771199,train,-0.008073521
2024-01-04,EFA,0.0006742172,0.037733197,0.03705898,train,-0.022324212
2024-01-04,IWM,-0.0029452373,0.0302106,0.033155836,train,0.11974043
2024-01-04,SPY,0.0013686521,0.015840799,0.0144721465,train,0.054556128
2024-01-04,TLT,-0.009612126,0.009467176,0.019079302,train,-0.1030229
2024-01-05,EFA,0.010595,-0.038578566,0.049173567,train,0.037733197
2024-01-05,IWM,0.017847473,0.038082596,0.020235123,train,0.0302106
2024-01-05,SPY,0.014175031,-0.02970614,0.04388117,train,0.015840799
2024-01-05,TLT,0.009817774,0.038446628,0.028628852,train,0.009467176
2024-01-08,EFA,-0.0089782495,-0.02934504,0.02036679,train,-0.038578566
2024-01-08,IWM,-0.008986489,-0.043674376,0.034687888,train,0.038082596
2024-01-08,SPY,-0.001518167,-0.032780956,0.03126279,train,-0.02970614
2024-01-08,TLT,-0.006396228,-0.021571364,0.015175136,train,0.038446628
2024-01-09,EFA,0.006440231,-0.0010780608,0.007518292,train,-0.02934504
2024-01-09,IWM,0.0005640377,0.00075205695,0.00018801924,train,-0.043674376
2024-01-09,SPY,0.0056393994,-0.04979228,0.05543168,train,-0.032780956
2024-01-09,TLT,-0.004668432,-0.035305582,0.03063715,train,-0.021571364
2024-01-10,EFA,-0.00013363802,-0.04828589,0.048152253,train,-0.0010780608
2024-01-10,IWM,-0.007873841,0.04820086,0.0560747,train,0.00075205695
2024-01-10,SPY,-0.00044067175,-0.06525166,0.06481099,train,-0.04979228
2024-01-10,TLT,0.0055991285,-0.02543696,0.031036088,train,-0.035305582
2024-01-11,EFA,0.004138079,-0.046747576,0.050885655,train,-0.04828589
2024-01-11,IWM,-0.0016546729,0.055455033,0.057109706,train,0.04820086
2024-01-11,SPY,0.0006924251,0.006481695,0.0057892697,train,-0.06525166
2024-01-11,TLT,-0.0019663114,-0.100171275,0.09820496,train,-0.02543696
2024-01-12,EFA,-0.01692676,0.009224209,0.026150968,train,-0.046747576
2024-01-12,IWM,-0.012445943,0.008095297,0.02054124,train,0.055455033
2024-01-12,SPY,-0.0036779426,-0.05290882,0.049230877,train,0.006481695
2024-01-12,TLT,-0.017770145,-0.0016002497,0.016169894,train,-0.100171275
2024-01-16,EFA,-0.009529014,-0.022501986,0.012972972,train,0.009224209
2024-01-16,IWM,-0.007151736,-0.008843756,0.0016920203,train,0.008095297
2024-01-16,SPY,-0.005574251,-0.059246626,0.053672373,train,-0.05290882
2024-01-16,TLT,-0.0015829483,0.028058778,0.029641727,train,-0.0016002497
2024-01-17,EFA,0.008851286,-0.026482593,0.03533388,train,-0.022501986
2024-01-17,IWM,0.005893419,0.013238753,0.007345334,train,-0.008843756
2024-01-17,SPY,0.0088535715,-0.0061180918,0.014971663,train,-0.059246626
2024-01-17,TLT,-0.009338886,0.027840432,0.037179317,train,0.028058778
2024-01-18,EFA,0.0023020273,-0.091500156,0.093802184,train,-0.026482593
2024-01-18,IWM,0.00955552,0.061200764,0.051645245,train,0.013238753
2024-01-18,SPY,0.012389146,0.005218615,0.007170531,train,-0.0061180918
2024-01-18,TLT,0.0031933836,0.024209075,0.02101569,train,0.027840432
2024-01-19,EFA,0.0031063163,-0.06848589,0.07159221,train,-0.091500156
2024-01-19,IWM,0.021133544,0.09201216,0.07087862,train,0.061200764
2024-01-19,SPY,0.002112127,-0.054991666,0.057103794,train,0.005218615
2024-01-19,TLT,0.005934182,0.024823219,0.018889036,train,0.024209075
2024-01-22,EFA,-0.0028358377,-0.061409194,0.058573358,train,-0.06848589
2024-01-22,IWM,-0.0029044177,-0.07746859,0.074564174,train,0.09201216
2024-01-22,SPY,0.0029121472,-0.08391443,0.08682658,train,-0.054991666
2024-01-22,TLT,-0.007955747,-0.028114844,0.020159097,train,0.024823219
2024-01-23,EFA,0.00754429,0.0026923986,0.004851891,train,-0.061409194
2024-01-23,IWM,-0.008249359,0.16984667,0.17809603,train,-0.07746859
2024-01-23,SPY,0.0010924978,-0.1402049,0.1412974,train,-0.08391443
2024-01-23,TLT,-0.005874217,0.029202022,0.03507624,train,-0.028114844
2024-01-24,EFA,0.0028144447,-0.0053877058,0.00820215,train,0.0026923986
2024-01-24,IWM,0.008249359,0.18623467,0.17798531,train,0.16984667
2024-01-24,SPY,0.005424345,0.028876733,0.023452388,train,-0.1402049
2024-01-24,TLT,0.0065132813,0.01979325,0.013279969,train,0.029202022
2024-01-25,EFA,0.0044068033,-0.009114523,0.013521327,train,-0.0053877058
2024-01-25,IWM,5.10638e-05,0.15284194,0.15279087,train,0.18623467
2024-01-25,SPY,-0.0012714112,-0.08327979,0.08200838,train,0.028876733
2024-01-25,TLT,-0.0019176182,0.013266804,0.015184422,train,0.01979325
2024-01-26,EFA,0.005845619,-0.013794326,0.019639945,train,-0.009114523
2024-01-26,IWM,0.0173503,0.12245123,0.10510093,train,0.15284194
2024-01-26,SPY,0.007888276,-0.053447027,0.061335303,train,-0.08327979
2024-01-26,TLT,0.011450406,0.015323323,0.003872917,train,0.013266804
2024-01-29,EFA,-0.0013256114,-0.008460053,0.0071344418,train,-0.013794326
2024-01-29,IWM,-0.008561674,0.027985398,0.036547072,train,0.12245123
2024-01-29,SPY,-0.00077384023,-0.10303519,0.10226135,train,-0.053447027
2024-01-29,TLT,0.009025074,0.03474395,0.025718875,train,0.015323323
2024-01-30,EFA,-0.0050532147,0.0015161065,0.0065693213,train,-0.008460053
2024-01-30,IWM,-0.024733046,0.07707322,0.10180626,train,0.027985398
2024-01-30,SPY,-0.01645179,-0.07978739,0.0633356,train,-0.10303519
2024-01-30,TLT,0.009772656,-0.053812634,0.06358529,train,0.03474395
2024-01-31,EFA,0.009817041,-0.09956563,0.109382674,train,0.0015161065
2024-01-31,IWM,0.013185155,-0.06536102,0.07854618,train,0.07707322
2024-01-31,SPY,0.013003248,-0.12776381,0.14076705,train,-0.07978739
2024-01-31,TLT,0.019426003,0.060295384,0.04086938,train,-0.053812634
2024-02-01,EFA,-0.007952331,0.034213394,0.042165726,train,-0.09956563
2024-02-01,IWM,-0.005284071,-0.017811194,0.012527123,train,-0.06536102
2024-02-01,SPY,0.010472299,-0.09541404,0.10588634,train,-0.12776381
2024-02-01,TLT,-0.022336403,0.025075134,0.04741154,train,0.060295384
2024-02-02,EFA,-0.0053370143,0.041158028,0.046495043,train,0.034213394
2024-02-02,IWM,-0.012786455,0.015130161,0.027916618,train,-0.017811194
2024-02-02,SPY,-0.003647697,-0.04645192,0.042804223,train,-0.09541404
2024-02-02,TLT,-0.020400468,-0.08844903,0.06804857,train,0.025075134
2024-02-05,EFA,0.006135067,0.02622998,0.020094912,train,0.041158028
2024-02-05,IWM,0.008972784,0.06392686,0.054954078,train,0.015130161
2024-02-05,SPY,0.0028990014,-0.07055361,0.07345261,train,-0.04645192
2024-02-05,TLT,0.00972646,-0.0644899,0.07421636,train,-0.08844903
2024-02-06,EFA,-0.00053207256,-0.0047713304,0.004239258,train,0.02622998
2024-02-06,IWM,-0.0023262303,0.02949581,0.03182204,train,0.06392686
2024-02-06,SPY,0.008305753,-0.11772907,0.12603483,train,-0.07055361
2024-02-06,TLT,-0.0048514483,-0.021189984,0.016338535,train,-0.0644899
2024-02-07,EFA,-0.0017309493,0.00053032674,0.002261276,train,-0.0047713304
2024-02-07,IWM,0.015050209,0.09835254,0.08330233,train,0.02949581
2024-02-07,SPY,0.0004417035,-0.032893676,0.03333538,train,-0.11772907
2024-02-07,TLT,-0.005831438,-0.041551422,0.035719983,train,-0.021189984
2024-02-08,EFA,0.0034589074,0.042775493,0.039316587,train,0.00053032674
2024-02-08,IWM,0.016132135,0.013232551,0.0028995844,train,0.09835254
2024-02-08,SPY,0.0057627726,-0.024023488,0.02978626,train,-0.032893676
2024-02-08,TLT,-0.0020223595,-0.018634751,0.016612392,train,-0.041551422
2024-02-09,EFA,0.0017249775,0.01620043,0.014475454,train,0.042775493
2024-02-09,IWM,0.01799713,0.07790156,0.059904426,train,0.013232551
2024-02-09,SPY,-0.00043916484,-0.063478336,0.06303917,train,-0.024023488
2024-02-09,TLT,0.0011713941,0.040965013,0.039793618,train,-0.018634751
2024-02-12,EFA,-0.015497999,0.027110748,0.042608745,train,0.01620043
2024-02-12,IWM,-0.042011328,0.0013679955,0.04337932,train,0.07790156
2024-02-12,SPY,-0.013868821,-0.0118739875,0.0019948334,train,-0.063478336
2024-02-12,TLT,-0.017283555,0.021394335,0.03867789,train,0.040965013
2024-02-13,EFA,0.011113445,-0.059351396,0.07046484,train,0.027110748
2024-02-13,IWM,0.022960264,0.057175737,0.034215473,train,0.0013679955
2024-02-13,SPY,0.009046687,-0.13292667,0.14197336,train,-0.0118739875
2024-02-13,TLT,0.0050765146,-0.015521591,0.020598106,train,0.021394335
2024-02-14,EFA,0.011254648,-0.036239766,0.04749441,train,-0.059351396
2024-02-14,IWM,0.026316721,0.05688217,0.030565448,train,0.057175737
2024-02-14,SPY,0.00687613,-0.025509708,0.032385837,train,-0.13292667
2024-02-14,TLT,0.005158182,0.04459359,0.03943541,train,-0.015521591
2024-02-15,EFA,0.0015788906,-0.06268528,0.06426417,train,-0.036239766
2024-02-15,IWM,-0.0136914,-0.106770605,0.0930792,train,0.05688217
2024-02-15,SPY,-0.00499244,-0.06149639,0.056503948,train,-0.025509708
2024-02-15,TLT,-0.005804818,-0.023949303,0.018144485,train,0.04459359
2024-02-16,EFA,0.004066855,-0.05428053,0.058347385,train,-0.06268528
2024-02-16,IWM,-0.013881617,-0.051118996,0.03723738,train,-0.106770605
2024-02-16,SPY,-0.0055207266,-0.07953447,0.07401375,train,-0.06149639
2024-02-16,TLT,0.0008622384,0.027943648,0.02708141,train,-0.023949303
2024-02-20,EFA,0.00078531244,-0.049399372,0.050184686,train,-0.05428053
2024-02-20,IWM,-0.004737636,0.059211638,0.06394927,train,-0.051118996
2024-02-20,SPY,0.0009054684,-0.06460198,0.06550745,train,-0.07953447
2024-02-20,TLT,-0.0071346485,0.010187912,0.01732256,train,0.027943648
2024-02-21,EFA,0.0111877015,-0.030104648,0.04129235,train,-0.049399372
2024-02-21,IWM,0.00754952,0.07247822,0.0649287,train,0.059211638
2024-02-21,SPY,0.020484222,-0.0006554248,0.021139648,train,-0.06460198
2024-02-21,TLT,0.0048700785,0.037499335,0.032629255,train,0.010187912
2024-02-22,EFA,0.0012927728,-0.054606985,0.055899758,train,-0.030104648
2024-02-22,IWM,0.0022537631,0.03178986,0.029536098,train,0.07247822
2024-02-22,SPY,0.0006894102,-0.020653289,0.021342698,train,-0.0006554248
2024-02-22,TLT,0.013297761,-0.04176044,0.055058204,train,0.037499335
2024-02-23,EFA,-0.0014220367,-0.0023513539,0.0009293172,train,-0.054606985
2024-02-23,IWM,0.0062835542,0.0754566,0.069173045,train,0.03178986
2024-02-23,SPY,-0.0036691534,-0.10094425,0.0972751,train,-0.020653289
2024-02-23,TLT,-0.0029875825,0.013398773,0.016386356,train,-0.04176044
2024-02-26,EFA,0.0027133506,-0.07599492,0.078708276,train,-0.0023513539
2024-02-26,IWM,0.014069171,0.11621431,0.10214514,train,0.0754566
2024-02-26,SPY,0.001856031,-0.08537324,0.08722927,train,-0.10094425
2024-02-26,TLT,-0.007076915,0.009911123,0.016988037,train,0.013398773
2024-02-27,EFA,-0.0058234553,-0.022959854,0.017136399,train,-0.07599492
2024-02-27,IWM,-0.008269221,0.038918454,0.047187675,train,0.11621431
2024-02-27,SPY,-0.0013225611,-0.07740509,0.07608253,train,-0.08537324
2024-02-27,TLT,0.006328912,0.02386792,0.017539008,train,0.009911123
2024-02-28,EFA,0.002592355,-0.003594364,0.006186719,train,-0.022959854
2024-02-28,IWM,0.006944853,0.069369815,0.06242496,train,0.038918454
2024-02-28,SPY,0.00358842,-0.12055001,0.12413843,train,-0.07740509
2024-02-28,TLT,0.0070323353,0.016218487,0.009186152,train,0.02386792
2024-02-29,EFA,0.00966194,-0.03908417,0.04874611,train,-0.003594364
2024-02-29,IWM,0.010546534,0.0047543747,0.0057921596,train,0.069369815
2024-02-29,SPY,0.009344515,-0.08303668,0.0923812,train,-0.12055001
2024-02-29,TLT,0.0062118648,0.03660602,0.030394156,train,0.016218487
2024-03-01,EFA,-0.002567501,-0.0041515464,0.0015840454,train,-0.03908417
2024-03-01,IWM,-0.00092338526,-0.043471854,0.04254847,train,0.0047543747
2024-03-01,SPY,-0.0010729153,0.005837555,0.0069104703,train,-0.08303668
2024-03-01,TLT,-0.004030585,-0.0012626173,0.0027679675,train,0.03660602
2024-03-04,EFA,-0.0018009292,-0.0039030807,0.0021021515,train,-0.0041515464
2024-03-04,IWM,-0.009623149,-0.021868631,0.012245482,train,-0.043471854
2024-03-04,SPY,-0.010044439,0.050926987,0.060971424,train,0.005837555
2024-03-04,TLT,0.014141124,-0.014163648,0.02830477,train,-0.0012626173
2024-03-05,EFA,0.011776727,-0.03542799,0.047204718,train,-0.0039030807
2024-03-05,IWM,0.007433113,-0.027111989,0.0345451,train,-0.021868631
2024-03-05,SPY,0.0050544315,-0.104028955,0.109083384,train,0.050926987
2024-03-05,TLT,0.0058509354,0.057552595,0.051701657,train,-0.014163648
2024-03-06,EFA,0.011765729,-0.08011597,0.09188169,train,-0.03542799
2024-03-06,IWM,0.008296954,0.029109877,0.020812921,train,-0.027111989
2024-03-06,SPY,0.0098774275,-0.0136259245,0.023503352,train,-0.104028955
2024-03-06,TLT,-0.0009378036,0.065776974,0.06671478,train,0.057552595
2024-03-07,EFA,-0.00327546,-0.0660301,0.06275464,train,-0.08011597
2024-03-07,IWM,-0.0006284149,-0.01677822,0.016149804,train,0.029109877
2024-03-07,SPY,-0.006020214,-0.030726928,0.024706714,train,-0.0136259245
2024-03-07,TLT,-0.0017744267,0.07273309,0.07450752,train,0.065776974
2024-03-08,EFA,-0.005694392,-0.0764295,0.07073511,train,-0.0660301
2024-03-08,IWM,-0.007960815,0.005345571,0.013306386,train,-0.01677822
2024-03-08,SPY,-0.00086027064,-0.07230863,0.071448356,train,-0.030726928
2024-03-08,TLT,-0.0005221735,0.034317743,0.034839917,train,0.07273309
2024-03-11,EFA,0.0079630185,-0.073327094,0.08129011,train,-0.0764295
2024-03-11,IWM,-0.0013655181,-0.0051945793,0.003829061,train,0.005345571
2024-03-11,SPY,0.010699858,0.010973259,0.00027340092,train,-0.07230863
2024-03-11,TLT,-0.008396536,0.058360983,0.066757515,train,0.034317743
2024-03-12,EFA,0.00012598661,-0.08005899,0.08018498,train,-0.073327094
2024-03-12,IWM,0.0038965545,0.022925772,0.019029217,train,-0.0051945793
2024-03-12,SPY,-0.001568703,-0.032909825,0.03134112,train,0.010973259
2024-03-12,TLT,-0.0048600263,-0.046155047,0.04129502,train,0.058360983
2024-03-13,EFA,-0.007327904,-0.059801307,0.052473404,train,-0.08005899
2024-03-13,IWM,-0.018051315,0.032565173,0.050616488,train,0.022925772
2024-03-13,SPY,-0.0019786926,0.016093973,0.018072665,train,-0.032909825
2024-03-13,TLT,-0.015476263,-0.008335014,0.0071412493,train,-0.046155047
2024-03-14,EFA,0.00038033328,-0.13479309,0.13517343,train,-0.059801307
2024-03-14,IWM,0.001879188,-0.08377014,0.08564933,train,0.032565173
2024-03-14,SPY,-0.006890225,-0.12711363,0.1202234,train,0.016093973
2024-03-14,TLT,-0.00032244794,-0.0006558476,0.00033339966,train,-0.008335014
2024-03-15,EFA,-0.00025353945,0.00055400934,0.00080754876,train,-0.13479309
2024-03-15,IWM,-0.0057474044,-0.00090821553,0.004839189,train,-0.08377014
2024-03-15,SPY,0.005925456,0.025662612,0.019737156,train,-0.12711363
2024-03-15,TLT,-0.0030171967,0.041944902,0.0449621,train,-0.0006558476
2024-03-18,EFA,0.0017735309,0.007886081,0.0061125504,train,0.00055400934
2024-03-18,IWM,0.004214813,0.0711478,0.06693298,train,-0.00090821553
2024-03-18,SPY,0.0055418108,0.006865672,0.0013238611,train,0.025662612
2024-03-18,TLT,0.0028019652,0.033129085,0.030327119,train,0.041944902
2024-03-19,EFA,0.0105754305,0.0022080494,0.008367381,train,0.007886081
2024-03-19,IWM,0.0195988,0.027923282,0.008324482,train,0.0711478
2024-03-19,SPY,0.00920672,0.03456933,0.02536261,train,0.006865672
2024-03-19,TLT,-0.00032280016,0.022262193,0.022584993,train,0.033129085
2024-03-20,EFA,-0.0005010445,-0.0491973,0.048696257,train,0.0022080494
2024-03-20,IWM,0.011424052,0.03803032,0.026606267,train,0.027923282
2024-03-20,SPY,0.0032994233,-0.03268825,0.03598767,train,0.03456933
2024-03-20,TLT,0.0021505705,0.08440143,0.082250856,train,0.022262193
2024-03-21,EFA,-0.0021323466,0.017297138,0.019429484,train,-0.0491973
2024-03-21,IWM,-0.013898275,-0.0023412127,0.011557062,train,0.03803032
2024-03-21,SPY,-0.0018976802,-0.042082705,0.040185023,train,-0.03268825
2024-03-21,TLT,0.009515172,-0.010722171,0.020237342,train,0.08440143
2024-03-22,EFA,-0.0021370058,0.006362444,0.008499449,train,0.017297138
2024-03-22,IWM,0.0022893779,0.075405374,0.073116,train,-0.0023412127
2024-03-22,SPY,-0.0027667666,-0.056043897,0.05327713,train,-0.042082705
2024-03-22,TLT,-0.005013493,1.1734664e-05,0.0050252276,train,-0.010722171
2024-03-25,EFA,0.0011319189,0.012766941,0.011635022,train,0.006362444
2024-03-25,IWM,-0.0018017547,-0.0010531712,0.00074858346,train,0.075405374
2024-03-25,SPY,-0.0018485727,0.024057802,0.025906375,train,-0.056043897
2024-03-25,TLT,0.002776354,-0.042970758,0.045747112,train,1.1734664e-05
2024-03-26,EFA,0.006015017,-0.03568841,0.04170343,train,0.012766941
2024-03-26,IWM,0.021552864,-0.081278555,0.10283142,train,-0.0010531712
2024-03-26,SPY,0.008368671,-0.052585896,0.060954567,train,0.024057802
2024-03-26,TLT,0.009869266,0.02773327,0.017864004,train,-0.042970758
2024-03-27,EFA,-0.0022513173,0.012135227,0.014386544,train,-0.03568841
2024-03-27,IWM,0.0031433986,-0.036930945,0.040074345,train,-0.081278555
2024-03-27,SPY,-0.00019106039,-0.043134514,0.042943455,train,-0.052585896
2024-03-27,TLT,-0.0008450166,-0.021811243,0.020966226,train,0.02773327
2024-03-28,EFA,-0.004266469,-0.06545083,0.06118436,train,0.012135227
2024-03-28,IWM,-0.00945977,0.008755716,0.018215485,train,-0.036930945
2024-03-28,SPY,-0.0017414874,0.019483749,0.021225236,train,-0.043134514
2024-03-28,TLT,-0.018817157,0.01062161,0.029438768,train,-0.021811243
2024-04-01,EFA,-0.0070671896,0.05846108,0.06552827,train,-0.06545083
2024-04-01,IWM,-0.01855639,0.026272807,0.044829197,train,0.008755716
2024-04-01,SPY,-0.0063782586,0.032153256,0.038531516,train,0.019483749
2024-04-01,TLT,-0.0055256663,-0.0017730007,0.0037526656,train,0.01062161
2024-04-02,EFA,0.005556954,0.009865628,0.0043086736,train,0.05846108
2024-04-02,IWM,0.006531594,-0.15400088,0.16053247,train,0.026272807
2024-04-02,SPY,0.0010978937,-0.04833478,0.049432676,train,0.032153256
2024-04-02,TLT,-0.00021715926,0.026215313,0.026432471,train,-0.0017730007
2024-04-03,EFA,-0.008601077,0.026972972,0.03557405,train,0.009865628
2024-04-03,IWM,-0.010058703,0.048520844,0.05857955,train,-0.15400088
2024-04-03,SPY,-0.012281195,0.009247244,0.02152844,train,-0.04833478
2024-04-03,TLT,0.007146562,0.03446622,0.027319657,train,0.026215313
