date,ticker,y_true,y_pred,abs_error,dataset_part,signal_for_trade
2023-07-05,EFA,-0.01746767,-0.019491069,0.0020233989,train,
2023-07-05,IWM,-0.016279954,-0.0008639954,0.015415959,train,
2023-07-05,SPY,-0.0078613125,-0.0012583365,0.006602976,train,
2023-07-05,TLT,-0.014243761,-0.0044385917,0.009805169,train,
2023-07-06,EFA,0.007503402,-0.023104658,0.03060806,train,-0.019491069
2023-07-06,IWM,0.010503642,0.018449385,0.007945742,train,-0.0008639954
2023-07-06,SPY,-0.002527984,-0.00084265135,0.0016853327,train,-0.0012583365
2023-07-06,TLT,-0.0060373726,-0.01055714,0.0045197676,train,-0.0044385917
2023-07-07,EFA,0.002816675,0.03276215,0.029945476,train,-0.023104658
2023-07-07,IWM,0.016963275,-0.012402623,0.029365897,train,0.018449385
2023-07-07,SPY,0.002527984,-0.005421198,0.007949182,train,-0.00084265135
2023-07-07,TLT,0.0013108866,-0.0032676738,0.0045785606,train,-0.01055714
2023-07-10,EFA,0.008961218,0.009088856,0.00012763776,train,0.03276215
2023-07-10,IWM,0.010220681,0.0033246353,0.006896046,train,-0.012402623
2023-07-10,SPY,0.006348153,0.0016950388,0.0046531144,train,-0.005421198
2023-07-10,TLT,0.0051277415,-0.024117712,0.029245453,train,-0.0032676738
2023-07-11,EFA,0.018916886,0.025755525,0.0068386383,train,0.009088856
2023-07-11,IWM,0.010847118,-0.0045589292,0.015406047,train,0.0033246353
2023-07-11,SPY,0.008013686,-0.011792898,0.019806584,train,0.0016950388
2023-07-11,TLT,0.011069551,-0.03396744,0.04503699,train,-0.024117712
2023-07-12,EFA,0.015876438,0.026860882,0.010984443,train,0.025755525
2023-07-12,IWM,0.008045976,-0.0019134274,0.009959403,train,-0.0045589292
2023-07-12,SPY,0.007905611,0.0017210646,0.0061845463,train,-0.011792898
2023-07-12,TLT,0.010457834,-0.034039963,0.044497795,train,-0.03396744
2023-07-13,EFA,-0.0056703687,-0.037282255,0.031611886,train,0.026860882
2023-07-13,IWM,-0.009819471,-0.0029910677,0.0068284036,train,-0.0019134274
2023-07-13,SPY,-0.0006230116,-0.004977745,0.0043547335,train,0.0017210646
2023-07-13,TLT,-0.0059058666,-0.036157284,0.030251417,train,-0.034039963
2023-07-14,EFA,-0.0012193054,-0.007279466,0.0060601607,train,-0.037282255
2023-07-14,IWM,0.010646389,0.0023512468,0.008295142,train,-0.0029910677
2023-07-14,SPY,0.003466222,0.0012722285,0.0021939934,train,-0.004977745
2023-07-14,TLT,0.00049325894,-0.011046627,0.011539886,train,-0.036157284
2023-07-17,EFA,0.006485776,-0.008450664,0.01493644,train,-0.007279466
2023-07-17,IWM,0.012270756,-0.0036643436,0.0159351,train,0.0023512468
2023-07-17,SPY,0.0074031744,0.0006557051,0.0067474693,train,0.0012722285
2023-07-17,TLT,0.0045290277,0.0051785344,0.0006495067,train,-0.011046627
2023-07-18,EFA,-0.00053893315,-0.025120284,0.02458135,train,-0.008450664
2023-07-18,IWM,0.004226325,0.0012906706,0.0029356545,train,-0.0036643436
2023-07-18,SPY,0.0022212164,-0.0015605683,0.0037817848,train,0.0006557051
2023-07-18,TLT,0.011233345,-0.009892909,0.021126254,train,0.0051785344
2023-07-19,EFA,-0.0051337327,-0.0041514817,0.000982251,train,-0.025120284
2023-07-19,IWM,-0.008778163,0.0025285492,0.011306712,train,0.0012906706
2023-07-19,SPY,-0.006656625,0.0016026264,0.008259252,train,-0.0015605683
2023-07-19,TLT,-0.012216063,-0.01386569,0.0016496265,train,-0.009892909
2023-07-20,EFA,0.0020297756,-0.02081918,0.022848956,train,-0.0041514817
2023-07-20,IWM,-0.0031834564,-0.0025028205,0.0006806359,train,0.0025285492
2023-07-20,SPY,0.0,0.002966214,0.002966214,train,0.0016026264
2023-07-20,TLT,0.00029495885,-0.003010666,0.003305625,train,-0.01386569
2023-07-21,EFA,-0.0024361361,0.04359702,0.046033155,train,-0.02081918
2023-07-21,IWM,0.0024655461,0.0016669938,0.0007985523,train,-0.0025028205
2023-07-21,SPY,0.0044574,-0.0005550785,0.0050124787,train,0.002966214
2023-07-21,TLT,-0.0036436126,-0.0007618023,0.0028818103,train,-0.003010666
2023-07-24,EFA,0.0010833358,0.0038276045,0.0027442686,train,0.04359702
2023-07-24,IWM,-0.00010256607,-0.0027383836,0.0026358175,train,0.0016669938
2023-07-24,SPY,0.0027263446,-0.002226612,0.004952957,train,-0.0005550785
2023-07-24,TLT,-0.0018764025,-0.018798165,0.016921762,train,-0.0007618023
2023-07-25,EFA,0.0027035503,-0.0087197,0.011423251,train,0.0038276045
2023-07-25,IWM,0.0078695305,0.0038056336,0.004063897,train,-0.0027383836
2023-07-25,SPY,0.00015357859,-0.0010057241,0.0011593027,train,-0.002226612
2023-07-25,TLT,0.0009879484,-0.01853311,0.01952106,train,-0.018798165
2023-07-26,EFA,-0.002297518,-0.0037393575,0.0014418394,train,-0.0087197
2023-07-26,IWM,-0.013013079,0.0028732484,0.015886327,train,0.0038056336
2023-07-26,SPY,-0.006651871,0.0004438497,0.0070957206,train,-0.0010057241
2023-07-26,TLT,-0.019644741,-0.009708448,0.009936293,train,-0.01853311
2023-07-27,EFA,0.0071451883,-0.0032436182,0.010388806,train,-0.0037393575
2023-07-27,IWM,0.012860336,-0.009288387,0.022148725,train,0.0028732484
2023-07-27,SPY,0.009742636,0.013155044,0.0034124078,train,0.0004438497
2023-07-27,TLT,0.0051226784,-0.0006551873,0.0057778656,train,-0.009708448
2023-07-28,EFA,0.00026867032,-0.0051470874,0.0054157577,train,-0.0032436182
2023-07-28,IWM,0.0115404045,-0.0035374365,0.015077841,train,-0.009288387
2023-07-28,SPY,0.0019021962,-0.00644369,0.008345886,train,0.013155044
2023-07-28,TLT,0.0024019072,0.011526163,0.009124256,train,-0.0006551873
2023-07-31,EFA,-0.012568595,-0.005215564,0.007353031,train,-0.0051470874
2023-07-31,IWM,-0.004590005,-0.00028917938,0.0043008258,train,-0.0035374365
2023-07-31,SPY,-0.002865628,-0.0024634986,0.0004021295,train,-0.00644369
2023-07-31,TLT,-0.016522693,-0.005459943,0.01106275,train,0.011526163
2023-08-01,EFA,-0.018807473,-0.012014079,0.0067933938,train,-0.005215564
2023-08-01,IWM,-0.013692992,-0.016609471,0.0029164795,train,-0.00028917938
2023-08-01,SPY,-0.014008513,-0.0022593806,0.011749132,train,-0.0024634986
2023-08-01,TLT,-0.010756668,-0.038508847,0.02775218,train,-0.005459943
2023-08-02,EFA,-0.0027756996,0.0031984793,0.005974179,train,-0.012014079
2023-08-02,IWM,-0.0028229947,-0.031332202,0.028509207,train,-0.016609471
2023-08-02,SPY,-0.0028699553,0.00061417185,0.003484127,train,-0.0022593806
2023-08-02,TLT,-0.023341578,-0.041728087,0.01838651,train,-0.038508847
2023-08-03,EFA,0.0027756996,-0.0014177524,0.004193452,train,0.0031984793
2023-08-03,IWM,-0.0020065012,-0.0002917545,0.0017147467,train,-0.031332202
2023-08-03,SPY,-0.0045329644,0.007107946,0.01164091,train,0.00061417185
2023-08-03,TLT,0.017557282,-0.034170326,0.051727608,train,-0.041728087
2023-08-04,EFA,0.0084178215,0.024743397,0.016325574,train,-0.0014177524
2023-08-04,IWM,0.00066938915,-0.019153807,0.019823197,train,-0.0002917545
2023-08-04,SPY,0.008690598,0.011941698,0.0032511,train,0.007107946
2023-08-04,TLT,-0.009890653,0.017549105,0.027439758,train,-0.034170326
2023-08-07,EFA,-0.0060648783,0.02671628,0.032781158,train,0.024743397
2023-08-07,IWM,-0.0062987185,-0.031950846,0.025652127,train,-0.019153807
2023-08-07,SPY,-0.0043582222,0.024624888,0.02898311,train,0.011941698
2023-08-07,TLT,0.011546852,-0.011456488,0.02300334,train,0.017549105
2023-08-08,EFA,-0.00027658333,-0.005002008,0.0047254246,train,0.02671628
2023-08-08,IWM,-0.007851367,-0.016789354,0.0089379875,train,-0.031950846
2023-08-08,SPY,-0.0067076674,-0.009143642,0.0024359748,train,0.024624888
2023-08-08,TLT,0.0051575955,0.05528797,0.050130375,train,-0.011456488
2023-08-09,EFA,0.004278014,0.008240354,0.0039623403,train,-0.005002008
2023-08-09,IWM,-0.004446947,-0.067411974,0.06296503,train,-0.016789354
2023-08-09,SPY,0.0003589642,-0.0032500457,0.00360901,train,-0.009143642
2023-08-09,TLT,-0.016599726,0.04475595,0.061355677,train,0.05528797
2023-08-10,EFA,-0.006770369,-0.0054937573,0.0012766118,train,0.008240354
2023-08-10,IWM,0.0014146186,0.0011785151,0.00023610343,train,-0.067411974
2023-08-10,SPY,-0.00058321434,0.0026126197,0.0031958339,train,-0.0032500457
2023-08-10,TLT,-0.002304025,0.003991818,0.006295843,train,0.04475595
2023-08-11,EFA,-0.004446288,-0.012204966,0.0077586775,train,-0.0054937573
2023-08-11,IWM,-0.0017290759,-0.020154074,0.018424997,train,0.0011785151
2023-08-11,SPY,0.0055046664,-0.0026447335,0.0081494,train,0.0026126197
2023-08-11,TLT,-0.002204418,0.004572396,0.0067768143,train,0.003991818
2023-08-14,EFA,-0.012471204,-0.018723473,0.0062522693,train,-0.012204966
2023-08-14,IWM,-0.013305503,0.020565838,0.03387134,train,-0.020154074
2023-08-14,SPY,-0.011717232,0.027281322,0.03899855,train,-0.0026447335
2023-08-14,TLT,-0.006113785,0.018391427,0.024505211,train,0.004572396
2023-08-15,EFA,-0.008211948,-0.02302143,0.014809482,train,-0.018723473
2023-08-15,IWM,-0.012300393,0.025726866,0.038027257,train,0.020565838
2023-08-15,SPY,-0.0073650554,-0.014186869,0.006821814,train,0.027281322
2023-08-15,TLT,-0.007855118,-0.03760669,0.029751573,train,0.018391427
2023-08-16,EFA,-0.007133549,-0.030798718,0.02366517,train,-0.02302143
2023-08-16,IWM,-0.01185438,0.029492378,0.04134676,train,0.025726866
2023-08-16,SPY,-0.0076490515,0.0095193805,0.017168432,train,-0.014186869
2023-08-16,TLT,-0.0042711934,-0.05197343,0.047702234,train,-0.03760669
2023-08-17,EFA,0.0,-0.00927519,0.00927519,train,-0.030798718
2023-08-17,IWM,0.0054303203,0.008935426,0.003505106,train,0.029492378
2023-08-17,SPY,0.00048109653,0.029824104,0.029343007,train,0.0095193805
2023-08-17,TLT,0.0035252222,-0.02225706,0.025782282,train,-0.05197343
2023-08-18,EFA,0.0037158758,-0.014324802,0.018040678,train,-0.00927519
2023-08-18,IWM,-0.0014631402,-0.01929311,0.017829971,train,0.008935426
2023-08-18,SPY,0.0064851963,0.051501054,0.045015857,train,0.029824104
2023-08-18,TLT,-0.013419912,-0.008547074,0.004872838,train,-0.02225706
2023-08-21,EFA,-0.0018563299,0.0039380407,0.0057943705,train,-0.014324802
2023-08-21,IWM,-0.0029875247,-0.0051642163,0.0021766915,train,-0.01929311
2023-08-21,SPY,-0.0027122598,0.031111564,0.033823825,train,0.051501054
2023-08-21,TLT,0.00764478,-0.01899539,0.02664017,train,-0.008547074
2023-08-22,EFA,0.010803294,-0.022323716,0.03312701,train,0.0039380407
2023-08-22,IWM,0.010605816,-0.03151804,0.042123854,train,-0.0051642163
2023-08-22,SPY,0.011076264,0.01402134,0.0029450757,train,0.031111564
2023-08-22,TLT,0.024475439,-0.0013528494,0.025828287,train,-0.01899539
2023-08-23,EFA,-0.013809116,0.0026842775,0.016493393,train,-0.022323716
2023-08-23,IWM,-0.013929517,-0.031697948,0.017768431,train,-0.03151804
2023-08-23,SPY,-0.013956215,0.017790925,0.03174714,train,0.01402134
2023-08-23,TLT,-0.0066159638,-0.026783895,0.020167932,train,-0.0013528494
2023-08-24,EFA,0.006714924,-0.016659424,0.023374347,train,0.0026842775
2023-08-24,IWM,0.004248241,-0.00434178,0.008590021,train,-0.031697948
2023-08-24,SPY,0.007025086,0.015562017,0.008536931,train,0.017790925
2023-08-24,TLT,0.0032606698,0.0036189118,0.00035824208,train,-0.026783895
2023-08-25,EFA,0.010481592,-0.01648036,0.026961952,train,-0.016659424
2023-08-25,IWM,0.008873353,-0.03556503,0.044438384,train,-0.00434178
2023-08-25,SPY,0.00632135,0.033961363,0.027640013,train,0.015562017
2023-08-25,TLT,0.001049973,-0.010652194,0.011702167,train,0.0036189118
2023-08-28,EFA,0.012323401,0.00015370268,0.012169698,train,-0.01648036
2023-08-28,IWM,0.013855232,-0.02163317,0.035488404,train,-0.03556503
2023-08-28,SPY,0.014351449,0.035236318,0.020884868,train,0.033961363
2023-08-28,TLT,0.010332259,-0.0001624506,0.01049471,train,-0.010652194
2023-08-29,EFA,-0.00055694015,-0.009306207,0.008749267,train,0.00015370268
2023-08-29,IWM,0.0037651088,-0.044766057,0.048531167,train,-0.02163317
2023-08-29,SPY,0.0041103153,0.0049806153,0.0008703,train,0.035236318
2023-08-29,TLT,-0.0010385569,-0.03516355,0.034124993,train,-0.0001624506
2023-08-30,EFA,-0.003906829,0.016377956,0.020284785,train,-0.009306207
2023-08-30,IWM,-0.0017481865,0.006825231,0.008573418,train,-0.044766057
2023-08-30,SPY,-0.0014645217,0.018723778,0.0201883,train,0.0049806153
2023-08-30,TLT,0.0044590845,-0.024158072,0.028617157,train,-0.03516355
2023-08-31,EFA,-0.000559317,-0.0077628614,0.0072035445,train,0.016377956
2023-08-31,IWM,0.011806525,-0.01221256,0.024019085,train,0.006825231
2023-08-31,SPY,0.0018634378,-0.0036286213,0.005492059,train,0.018723778
2023-08-31,TLT,-0.015700951,0.009625991,0.025326941,train,-0.024158072
2023-09-01,EFA,-0.008710299,-0.0075149583,0.0011953404,train,-0.0077628614
2023-09-01,IWM,-0.02128877,-0.020157006,0.0011317637,train,-0.01221256
2023-09-01,SPY,-0.004331341,-0.007165539,0.002834198,train,-0.0036286213
2023-09-01,TLT,-0.014121466,0.011815147,0.025936613,train,0.009625991
2023-09-05,EFA,-0.0021188266,-0.08354415,0.081425324,train,-0.0075149583
2023-09-05,IWM,-0.0037537492,-0.014395368,0.01064162,train,-0.020157006
2023-09-05,SPY,-0.0067450954,0.020147022,0.026892118,train,-0.007165539
2023-09-05,TLT,0.0024566657,-0.021308806,0.02376547,train,0.011815147
2023-09-06,EFA,-0.0032575028,-0.020776227,0.017518725,train,-0.08354415
2023-09-06,IWM,-0.009717653,-0.027893461,0.018175809,train,-0.014395368
2023-09-06,SPY,-0.003074824,0.0076160403,0.010690864,train,0.020147022
2023-09-06,TLT,0.0027693512,-0.040105153,0.042874504,train,-0.021308806
2023-09-07,EFA,-0.0014197087,0.0022670506,0.0036867592,train,-0.020776227
2023-09-07,IWM,-0.0022266763,0.02063639,0.022863068,train,-0.027893461
2023-09-07,SPY,0.0015048939,0.036334123,0.03482923,train,0.0076160403
2023-09-07,TLT,0.0038221313,-0.031111069,0.034933202,train,-0.040105153
2023-09-08,EFA,0.010317393,-0.008399212,0.018716604,train,0.0022670506
2023-09-08,IWM,0.0023892738,0.012107433,0.009718159,train,0.02063639
2023-09-08,SPY,0.006555146,0.015172397,0.00861725,train,0.036334123
2023-09-08,TLT,-0.007231849,-0.030289505,0.023057656,train,-0.031111069
2023-09-11,EFA,-0.0040858816,0.009768804,0.013854685,train,-0.008399212
2023-09-11,IWM,-0.0009769229,0.027906075,0.028882999,train,0.012107433
2023-09-11,SPY,-0.005500763,0.0017331317,0.007233895,train,0.015172397
2023-09-11,TLT,0.00574724,-0.006991036,0.012738276,train,-0.030289505
2023-09-12,EFA,-0.0031109015,-0.016425684,0.013314783,train,0.009768804
2023-09-12,IWM,-0.0065912404,0.025751896,0.032343138,train,0.027906075
2023-09-12,SPY,0.0011653416,0.0066492837,0.005483942,train,0.0017331317
2023-09-12,TLT,-0.00021202317,-0.00065549556,0.0004434724,train,-0.006991036
2023-09-13,EFA,0.013084853,-0.016340174,0.029425027,train,-0.016425684
2023-09-13,IWM,0.014002295,0.041871,0.027868705,train,0.025751896
2023-09-13,SPY,0.008585384,-0.01265955,0.021244934,train,0.0066492837
2023-09-13,TLT,-0.007244807,0.019522991,0.026767798,train,-0.00065549556
2023-09-14,EFA,-0.0022389498,0.010755812,0.012994762,train,-0.016340174
2023-09-14,IWM,-0.010510456,0.023903672,0.034414127,train,0.041871
2023-09-14,SPY,-0.012121394,0.005265535,0.017386928,train,-0.01265955
2023-09-14,TLT,-0.0061127655,0.0050800173,0.011192783,train,0.019522991
2023-09-15,EFA,-0.0035086214,0.0008486761,0.0043572974,train,0.010755812
2023-09-15,IWM,-0.0066669215,0.008385493,0.015052415,train,0.023903672
2023-09-15,SPY,0.0005862052,0.03816886,0.037582655,train,0.005265535
2023-09-15,TLT,0.0056853183,0.01952817,0.013842851,train,0.0050800173
2023-09-18,EFA,0.000843276,-0.013256226,0.014099502,train,0.0008486761
2023-09-18,IWM,-0.0039001533,0.0039217575,0.007821911,train,0.008385493
2023-09-18,SPY,-0.0020760607,0.007609402,0.009685462,train,0.03816886
2023-09-18,TLT,-0.007407799,0.006161603,0.013569402,train,0.01952817
2023-09-19,EFA,-0.0023907826,0.004236852,0.006627634,train,-0.013256226
2023-09-19,IWM,-0.01006819,0.03853562,0.04860381,train,0.0039217575
2023-09-19,SPY,-0.009235697,0.0020401943,0.011275891,train,0.007609402
2023-09-19,TLT,0.0031199732,0.016221557,0.013101583,train,0.006161603
2023-09-20,EFA,-0.016754603,-0.008147406,0.008607197,train,0.004236852
2023-09-20,IWM,-0.01563335,0.045125615,0.060758963,train,0.03853562
2023-09-20,SPY,-0.01666658,0.0074780723,0.024144653,train,0.0020401943
2023-09-20,TLT,-0.026009308,-0.009047287,0.016962022,train,0.016221557
2023-09-21,EFA,0.0008587271,-0.035270516,0.036129244,train,-0.008147406
2023-09-21,IWM,-0.0022618487,0.080318116,0.08257996,train,0.045125615
2023-09-21,SPY,-0.0022510842,0.031635292,0.033886377,train,0.0074780723
2023-09-21,TLT,0.008016581,-0.026121266,0.034137845,train,-0.009047287
2023-09-22,EFA,-0.0044448534,-0.006585492,0.0021406384,train,-0.035270516
2023-09-22,IWM,0.0044618193,0.0007250281,0.0037367912,train,0.080318116
2023-09-22,SPY,0.0041964124,0.0806376,0.07644118,train,0.031635292
2023-09-22,TLT,-0.02491723,0.012119669,0.0370369,train,-0.026121266
2023-09-25,EFA,-0.013017209,-0.02049936,0.0074821506,train,-0.006585492
2023-09-25,IWM,-0.012940811,0.009238801,0.022179611,train,0.0007250281
2023-09-25,SPY,-0.014800233,0.055448737,0.07024897,train,0.0806376
2023-09-25,TLT,-0.0034819404,-0.052456565,0.048974626,train,0.012119669
2023-09-26,EFA,-0.0018944107,-0.043892782,0.04199837,train,-0.02049936
2023-09-26,IWM,0.009305125,0.05274855,0.043443426,train,0.009238801
2023-09-26,SPY,0.00039907757,0.035227183,0.034828104,train,0.055448737
2023-09-26,TLT,-0.005189258,-0.014762652,0.009573394,train,-0.052456565
2023-09-27,EFA,0.00813491,-0.013211789,0.0213467,train,-0.043892782
2023-09-27,IWM,0.008994006,-0.023097854,0.03209186,train,0.05274855
2023-09-27,SPY,0.005780669,0.024782404,0.019001735,train,0.035227183
2023-09-27,TLT,0.0030487296,-0.010455302,0.013504032,train,-0.014762652
2023-09-28,EFA,-0.0028977767,-0.008086662,0.005188885,train,-0.013211789
2023-09-28,IWM,-0.0047415243,-0.01738412,0.012642595,train,-0.023097854
2023-09-28,SPY,-0.00242996,0.02799822,0.03042818,train,0.024782404
2023-09-28,TLT,0.000112628026,0.008776528,0.0086639,train,-0.010455302
2023-09-29,EFA,-0.014763031,-0.019293044,0.0045300126,train,-0.008086662
2023-09-29,IWM,-0.015222242,-0.004037597,0.011184645,train,-0.01738412
2023-09-29,SPY,-0.00039781583,0.027272258,0.027670074,train,0.02799822
2023-09-29,TLT,-0.016881572,0.008426976,0.02530855,train,0.008776528
2023-10-02,EFA,-0.012595545,-0.022140801,0.009545256,train,-0.019293044
2023-10-02,IWM,-0.016975604,0.016803008,0.03377861,train,-0.004037597
2023-10-02,SPY,-0.01347635,0.046271414,0.059747763,train,0.027272258
2023-10-02,TLT,-0.021746445,0.005540096,0.02728654,train,0.008426976
2023-10-03,EFA,0.0017877596,-0.020339627,0.022127386,train,-0.022140801
2023-10-03,IWM,0.00046738307,0.008050493,0.0075831097,train,0.016803008
2023-10-03,SPY,0.007255538,0.038889967,0.031634428,train,0.046271414
2023-10-03,TLT,0.01400918,0.02351826,0.009509081,train,0.005540096
2023-10-04,EFA,0.008743907,-0.004996403,0.01374031,train,-0.020339627
2023-10-04,IWM,0.0007589176,-0.006931017,0.0076899347,train,0.008050493
2023-10-04,SPY,-0.00037686247,0.012293027,0.012669889,train,0.038889967
2023-10-04,TLT,-0.0049973233,0.08022601,0.08522333,train,0.02351826
2023-10-05,EFA,0.011006222,0.014025643,0.0030194204,train,-0.004996403
2023-10-05,IWM,0.009583389,0.017150063,0.0075666737,train,-0.006931017
2023-10-05,SPY,0.011802957,-0.0068552,0.018658157,train,0.012293027
2023-10-05,TLT,-0.012190938,-0.01248392,0.00029298197,train,0.08022601
2023-10-06,EFA,-0.0014605563,0.016908363,0.018368918,train,0.014025643
2023-10-06,IWM,0.005763731,-0.040208075,0.045971807,train,0.017150063
2023-10-06,SPY,0.0063816467,-0.014733302,0.02111495,train,-0.0068552
2023-10-06,TLT,0.023198478,0.015559086,0.0076393923,train,-0.01248392
2023-10-09,EFA,0.013645244,0.011726907,0.0019183364,train,0.016908363
2023-10-09,IWM,0.011258242,-0.052277498,0.06353574,train,-0.040208075
2023-10-09,SPY,0.005191356,-0.028141223,0.03333258,train,-0.014733302
2023-10-09,TLT,-0.0013834406,0.03593075,0.03731419,train,0.015559086
2023-10-10,EFA,0.004172415,-0.05786809,0.062040504,train,0.011726907
2023-10-10,IWM,-0.0017062986,-0.056895684,0.055189386,train,-0.052277498
2023-10-10,SPY,0.0040880577,-0.02393195,0.028020008,train,-0.028141223
2023-10-10,TLT,0.020670617,-0.044576105,0.06524672,train,0.03593075
2023-10-11,EFA,-0.008362252,0.045384567,0.05374682,train,-0.05786809
2023-10-11,IWM,-0.022858443,-0.02906651,0.0062080678,train,-0.056895684
2023-10-11,SPY,-0.0061150566,-0.021019306,0.014904249,train,-0.02393195
2023-10-11,TLT,-0.02750226,-0.0075600976,0.01994216,train,-0.044576105
2023-10-12,EFA,-0.009309183,0.033702303,0.043011487,train,0.045384567
2023-10-12,IWM,-0.008363338,-0.028272022,0.019908683,train,-0.02906651
2023-10-12,SPY,-0.004993419,0.029676728,0.034670148,train,-0.021019306
2023-10-12,TLT,0.017734133,0.017352391,0.00038174167,train,-0.0075600976
2023-10-13,EFA,0.0072800624,-0.020872016,0.028152078,train,0.033702303
2023-10-13,IWM,0.016021762,0.006948798,0.009072964,train,-0.028272022
2023-10-13,SPY,0.010466506,0.059883002,0.049416497,train,0.029676728
2023-10-13,TLT,-0.016224818,0.052697334,0.068922155,train,0.017352391
2023-10-16,EFA,0.00058032287,0.029916298,0.029335976,train,-0.020872016
2023-10-16,IWM,0.011093109,-0.005656532,0.01674964,train,0.006948798
2023-10-16,SPY,-4.5870773e-05,0.012116329,0.012162199,train,0.059883002
2023-10-16,TLT,-0.011082112,-0.0069072368,0.004174875,train,0.052697334
2023-10-17,EFA,-0.017552275,0.021899525,0.0394518,train,0.029916298
2023-10-17,IWM,-0.020792155,0.0030357437,0.0238279,train,-0.005656532
2023-10-17,SPY,-0.013414729,0.02518183,0.03859656,train,0.012116329
2023-10-17,TLT,-0.008836853,-0.023727402,0.014890549,train,-0.0069072368
2023-10-18,EFA,-0.008892791,-0.06121025,0.052317455,train,0.021899525
2023-10-18,IWM,-0.016060604,0.012577069,0.028637674,train,0.0030357437
2023-10-18,SPY,-0.008825177,0.038707796,0.047532976,train,0.02518183
2023-10-18,TLT,-0.020685751,0.02149592,0.04218167,train,-0.023727402
2023-10-19,EFA,-0.008972769,-0.021544375,0.012571606,train,-0.06121025
2023-10-19,IWM,-0.013012594,-0.0013199104,0.011692683,train,0.012577069
2023-10-19,SPY,-0.012364235,0.021066576,0.03343081,train,0.038707796
2023-10-19,TLT,0.0056623067,0.0114165945,0.005754288,train,0.02149592
2023-10-20,EFA,0.0007510251,-0.018039525,0.01879055,train,-0.021544375
2023-10-20,IWM,-0.008507722,0.018252809,0.02676053,train,-0.0013199104
2023-10-20,SPY,-0.001734666,0.045969453,0.04770412,train,0.021066576
2023-10-20,TLT,0.011941664,0.058897074,0.04695541,train,0.0114165945
2023-10-23,EFA,0.005687819,0.016347136,0.0106593175,train,-0.018039525
2023-10-23,IWM,0.008687802,0.07465045,0.06596265,train,0.018252809
2023-10-23,SPY,0.00751121,0.03242345,0.024912242,train,0.045969453
2023-10-23,TLT,0.013090957,-0.04399721,0.057088166,train,0.058897074
2023-10-24,EFA,-0.007190123,0.031322,0.038512122,train,0.016347136
2023-10-24,IWM,-0.016657347,0.09249899,0.10915633,train,0.07465045
2023-10-24,SPY,-0.014456209,-0.015175897,0.0007196879,train,0.03242345
2023-10-24,TLT,-0.022513105,-0.026732512,0.004219407,train,-0.04399721
2023-10-25,EFA,-0.007242071,0.024802186,0.032044258,train,0.031322
2023-10-25,IWM,0.0025619483,0.07042767,0.06786572,train,0.09249899
2023-10-25,SPY,-0.012047056,0.051284764,0.06333182,train,-0.015175897
2023-10-25,TLT,0.01522247,-0.012576694,0.027799163,train,-0.026732512
2023-10-26,EFA,-0.003033067,-0.003861065,0.0008279979,train,0.024802186
2023-10-26,IWM,-0.011827733,0.012955134,0.024782866,train,0.07042767
2023-10-26,SPY,-0.00454298,0.07940306,0.083946034,train,0.051284764
2023-10-26,TLT,-0.0042579444,-0.047867846,0.043609902,train,-0.012576694
2023-10-27,EFA,0.012677533,0.013133672,0.00045613945,train,-0.003861065
2023-10-27,IWM,0.00553286,0.030382585,0.024849724,train,0.012955134
2023-10-27,SPY,0.011884843,0.04158245,0.029697608,train,0.07940306
2023-10-27,TLT,-0.0045143254,0.029482298,0.033996623,train,-0.047867846
2023-10-30,EFA,0.0035928974,0.03999608,0.036403183,train,0.013133672
2023-10-30,IWM,0.008607153,0.022019718,0.013412565,train,0.030382585
2023-10-30,SPY,0.0062607247,0.018286232,0.012025507,train,0.04158245
2023-10-30,TLT,-0.004893334,-0.013161768,0.008268435,train,0.029482298
2023-10-31,EFA,0.009370195,0.03828418,0.028913984,train,0.03999608
2023-10-31,IWM,0.0056974706,0.05117124,0.04547377,train,0.022019718
2023-10-31,SPY,0.010608311,0.03283296,0.02222465,train,0.018286232
2023-10-31,TLT,0.021450436,-0.0025508273,0.024001263,train,-0.013161768
2023-11-01,EFA,0.020223305,0.029020384,0.008797079,train,0.03828418
2023-11-01,IWM,0.026303973,0.012980812,0.013323161,train,0.05117124
2023-11-01,SPY,0.018983038,0.015497134,0.003485904,train,0.03283296
2023-11-01,TLT,0.02254067,0.005540383,0.017000288,train,-0.0025508273
2023-11-02,EFA,0.010534955,0.060680594,0.05014564,train,0.029020384
2023-11-02,IWM,0.0268339,-0.027593989,0.05442789,train,0.012980812
2023-11-02,SPY,0.0090818945,0.06323062,0.054148726,train,0.015497134
2023-11-02,TLT,0.006755566,0.028901335,0.022145769,train,0.005540383
2023-11-03,EFA,-0.0050373436,0.031404886,0.03644223,train,0.060680594
2023-11-03,IWM,-0.012572075,0.032729644,0.04530172,train,-0.027593989
2023-11-03,SPY,0.0022979665,0.007323361,0.0050253943,train,0.06323062
2023-11-03,TLT,-0.009747202,-0.009232747,0.0005144542,train,0.028901335
2023-11-06,EFA,-0.0060780323,-0.013830781,0.0077527487,train,0.031404886
2023-11-06,IWM,-0.00354641,-0.06400298,0.060456574,train,0.032729644
2023-11-06,SPY,0.0028418049,0.014938983,0.012097178,train,0.007323361
2023-11-06,TLT,0.014642225,0.03156593,0.016923707,train,-0.009232747
2023-11-07,EFA,-0.0013071486,-0.022854581,0.021547433,train,-0.013830781
2023-11-07,IWM,-0.010715415,-0.029508084,0.01879267,train,-0.06400298
2023-11-07,SPY,0.0007322244,0.021258574,0.02052635,train,0.014938983
2023-11-07,TLT,0.016890213,0.06546675,0.048576534,train,0.03156593
2023-11-08,EFA,-0.00014543756,0.0046694214,0.004814859,train,-0.022854581
2023-11-08,IWM,-0.015603641,0.057331976,0.07293562,train,-0.029508084
2023-11-08,SPY,-0.007829174,0.011882995,0.019712169,train,0.021258574
2023-11-08,TLT,-0.023269624,0.07879848,0.102068104,train,0.06546675
2023-11-09,EFA,0.0044963695,-0.005173465,0.009669835,train,0.0046694214
2023-11-09,IWM,0.011119684,-0.029903505,0.041023187,train,0.057331976
2023-11-09,SPY,0.015484229,-0.017352503,0.03283673,train,0.011882995
2023-11-09,TLT,0.005584398,0.072839126,0.06725473,train,0.07879848
2023-11-10,EFA,0.0026015013,0.0027754037,0.00017390237,train,-0.005173465
2023-11-10,IWM,0.0003547188,0.03734433,0.03698961,train,-0.029903505
2023-11-10,SPY,-0.0009536565,-0.0046865335,0.0037328769,train,-0.017352503
2023-11-10,TLT,-0.002275612,-0.008007601,0.0057319887,train,0.072839126
2023-11-13,EFA,0.025227688,0.002072771,0.023154918,train,0.0027754037
2023-11-13,IWM,0.053460434,-0.025690269,0.07915071,train,0.03734433
2023-11-13,SPY,0.01921492,-0.020973403,0.040188324,train,-0.0046865335
2023-11-13,TLT,0.022414286,-0.009668092,0.03208238,train,-0.008007601
2023-11-14,EFA,-0.0015495991,0.033092536,0.034642134,train,0.002072771
2023-11-14,IWM,0.0017354795,-0.013358581,0.01509406,train,-0.025690269
2023-11-14,SPY,0.0021147826,-0.041641682,0.043756466,train,-0.020973403
2023-11-14,TLT,-0.014133474,-0.02044712,0.006313646,train,-0.009668092
2023-11-15,EFA,-0.00070492504,-0.031922005,0.03121708,train,0.033092536
2023-11-15,IWM,-0.016298123,-0.061913293,0.04561517,train,-0.013358581
2023-11-15,SPY,0.0012223729,-0.036019735,0.037242107,train,-0.041641682
2023-11-15,TLT,0.012350019,-0.0047833053,0.017133325,train,-0.02044712
2023-11-16,EFA,0.013451182,-0.009376243,0.022827424,train,-0.031922005
2023-11-16,IWM,0.013609537,-0.051087197,0.06469674,train,-0.061913293
2023-11-16,SPY,0.0012431697,-0.0026424704,0.00388564,train,-0.036019735
2023-11-16,TLT,0.00467527,0.011883338,0.007208068,train,-0.0047833053
2023-11-17,EFA,0.003750797,0.0029044496,0.0008463473,train,-0.009376243
2023-11-17,IWM,0.005816027,0.009905958,0.0040899306,train,-0.051087197
2023-11-17,SPY,0.007667928,0.0057805628,0.0018873652,train,-0.0026424704
2023-11-17,TLT,0.006090108,0.0020206375,0.0040694703,train,0.011883338
2023-11-20,EFA,-0.0038901176,-0.01686626,0.012976142,train,0.0029044496
2023-11-20,IWM,-0.012964653,-0.037213948,0.024249295,train,0.009905958
2023-11-20,SPY,-0.0021816867,0.0033598728,0.0055415593,train,0.0057805628
2023-11-20,TLT,-0.00044167353,-0.0013782689,0.0009365954,train,0.0020206375
2023-11-21,EFA,0.0023638702,-0.003220154,0.005584024,train,-0.01686626
2023-11-21,IWM,0.006250734,-0.01147721,0.017727943,train,-0.037213948
2023-11-21,SPY,0.0038533567,0.0045432923,0.00068993564,train,0.0033598728
2023-11-21,TLT,0.0035277533,0.036754943,0.03322719,train,-0.0013782689
2023-11-22,EFA,0.007608618,-0.0047236593,0.012332277,train,-0.003220154
2023-11-22,IWM,0.006713919,-0.022310752,0.029024672,train,-0.01147721
2023-11-22,SPY,0.0006151311,0.01318114,0.012566009,train,0.0045432923
2023-11-22,TLT,-0.011844919,0.0073729726,0.019217892,train,0.036754943
2023-11-24,EFA,-0.0034514642,-0.0063076443,0.00285618,train,-0.0047236593
2023-11-24,IWM,-0.0033513247,-0.036044296,0.032692973,train,-0.022310752
2023-11-24,SPY,-0.0018026583,0.02830435,0.030107008,train,0.01318114
2023-11-24,TLT,0.016565818,-0.0003215149,0.016887333,train,0.0073729726
2023-11-27,EFA,0.00027658333,-0.0012153164,0.0014918997,train,-0.0063076443
2023-11-27,IWM,-0.0038679906,0.0066893697,0.01055736,train,-0.036044296
2023-11-27,SPY,0.0009897384,0.010124215,0.009134477,train,0.02830435
2023-11-27,TLT,0.0019694683,-0.011591044,0.013560513,train,-0.0003215149
2023-11-28,EFA,0.0020718263,-0.004819747,0.0068915733,train,-0.0012153164
2023-11-28,IWM,0.0052657775,-0.019620923,0.024886701,train,0.0066893697
2023-11-28,SPY,-0.00070368877,0.0063702427,0.0070739314,train,0.010124215
2023-11-28,TLT,0.012492637,0.015841182,0.0033485452,train,-0.011591044
2023-11-29,EFA,-0.0008282611,-0.004265885,0.0034376238,train,-0.004819747
2023-11-29,IWM,0.0037922475,0.011060086,0.0072678383,train,-0.019620923
2023-11-29,SPY,0.0039297403,0.005816481,0.0018867408,train,0.0063702427
2023-11-29,TLT,-0.011618551,0.0018571643,0.013475715,train,0.015841182
2023-11-30,EFA,0.010439715,0.004272715,0.006167,train,-0.004265885
2023-11-30,IWM,0.028802916,0.007694655,0.021108262,train,0.011060086
2023-11-30,SPY,0.005898395,0.0106598595,0.0047614644,train,0.005816481
2023-11-30,TLT,0.01865884,0.035903815,0.017244976,train,0.0018571643
2023-12-01,EFA,-0.007819466,-0.006377151,0.0014423155,train,0.004272715
2023-12-01,IWM,0.010650987,-0.0080900155,0.018741002,train,0.007694655
2023-12-01,SPY,-0.005263191,0.015690904,0.020954095,train,0.0106598595
2023-12-01,TLT,-0.003986773,-0.0061997687,0.0022129957,train,0.035903815
2023-12-04,EFA,-0.003587422,-0.007666276,0.004078854,train,-0.006377151
2023-12-04,IWM,-0.013467106,0.014348839,0.027815945,train,-0.0080900155
2023-12-04,SPY,-0.00019699668,0.0020983508,0.0022953474,train,0.015690904
2023-12-04,TLT,0.021258077,-0.000630497,0.021888573,train,-0.0061997687
2023-12-05,EFA,0.0030363128,-0.0057388726,0.008775186,train,-0.007666276
2023-12-05,IWM,-0.0017913305,0.0036467416,0.005438072,train,0.014348839
2023-12-05,SPY,-0.004037997,0.0067589907,0.010796988,train,0.0020983508
2023-12-05,TLT,0.013229662,0.015334767,0.0021051057,train,-0.000630497
2023-12-06,EFA,0.0048113717,0.0057466384,0.0009352667,train,-0.0057388726
2023-12-06,IWM,0.0071999896,0.006319265,0.00088072475,train,0.0036467416
2023-12-06,SPY,0.0076015857,0.005801146,0.0018004398,train,0.0067589907
2023-12-06,TLT,-0.00575302,-0.003196816,0.0025562039,train,0.015334767
2023-12-07,EFA,0.003012501,0.006691846,0.0036793451,train,0.0057466384
2023-12-07,IWM,0.007576913,9.812042e-05,0.0074787927,train,0.006319265
2023-12-07,SPY,0.004289781,-0.006666719,0.0109565,train,0.005801146
2023-12-07,TLT,-0.008216475,0.0068321377,0.015048613,train,-0.003196816
2023-12-08,EFA,0.0024579798,0.013054834,0.010596854,train,0.006691846
2023-12-08,IWM,0.0020855602,0.0067932224,0.0047076624,train,9.812042e-05
2023-12-08,SPY,0.0038820985,0.0034669526,0.00041514589,train,-0.006666719
2023-12-08,TLT,-0.0021181114,0.018322643,0.020440754,train,0.0068321377
2023-12-11,EFA,0.0017713641,-0.0007095514,0.0024809155,train,0.013054834
2023-12-11,IWM,-0.0010156321,0.005804627,0.006820259,train,0.0067932224
2023-12-11,SPY,0.004556731,0.0034715757,0.0010851552,train,0.0034669526
2023-12-11,TLT,0.0029635523,0.00416853,0.0012049777,train,0.018322643
2023-12-12,EFA,0.014462781,-0.0034246896,0.017887471,train,-0.0007095514
2023-12-12,IWM,0.03329006,0.0102948295,0.02299523,train,0.005804627
2023-12-12,SPY,0.013695949,-0.0026998771,0.016395826,train,0.0034715757
2023-12-12,TLT,0.023191545,0.0072412314,0.015950315,train,0.00416853
2023-12-13,EFA,0.0073533934,-0.026974212,0.034327604,train,-0.0034246896
2023-12-13,IWM,0.027447976,0.00023761205,0.027210364,train,0.0102948295
2023-12-13,SPY,0.0032042782,-0.00403071,0.0072349883,train,-0.0026998771
2023-12-13,TLT,0.025680192,-0.002222118,0.027902309,train,0.0072412314
2023-12-14,EFA,-0.009771966,-0.0048833983,0.004888568,train,-0.026974212
2023-12-14,IWM,-0.008439807,0.0076689376,0.016108744,train,0.00023761205
2023-12-14,SPY,-0.0016479628,0.01334986,0.014997823,train,-0.00403071
2023-12-14,TLT,0.0011099894,0.0140061425,0.012896153,train,-0.002222118
2023-12-15,EFA,0.0024185728,0.0011575455,0.0012610273,train,-0.0048833983
2023-12-15,IWM,0.00035516452,0.013367788,0.013012623,train,0.0076689376
2023-12-15,SPY,0.005609309,0.04239982,0.036790513,train,0.01334986
2023-12-15,TLT,-0.007999784,0.011504917,0.019504702,train,0.0140061425
2023-12-18,EFA,0.008418522,-0.0052760425,0.013694564,train,0.0011575455
2023-12-18,IWM,0.019194618,0.004967912,0.014226706,train,0.013367788
2023-12-18,SPY,0.0060625887,-0.0015309737,0.0075935624,train,0.04239982
2023-12-18,TLT,0.005373923,0.009594821,0.0042208983,train,0.011504917
2023-12-19,EFA,-0.010143131,-0.0087197,0.0014234306,train,-0.0052760425
2023-12-19,IWM,-0.019754732,0.008801543,0.028556276,train,0.004967912
2023-12-19,SPY,-0.0139542185,0.0010705618,0.01502478,train,-0.0015309737
2023-12-19,TLT,0.006752708,0.0076270783,0.00087437034,train,0.009594821
2023-12-20,EFA,0.016067434,-0.008190949,0.024258383,train,-0.0087197
2023-12-20,IWM,0.016873479,0.019443836,0.0025703572,train,0.008801543
2023-12-20,SPY,0.009437173,0.026738014,0.01730084,train,0.0010705618
2023-12-20,TLT,-0.006348313,0.012622354,0.018970666,train,0.0076270783
2023-12-21,EFA,0.0009369975,-0.009011258,0.0099482555,train,-0.008190949
2023-12-21,IWM,0.009274493,0.0065613436,0.0027131494,train,0.019443836
2023-12-21,SPY,0.0020077405,0.008884381,0.00687664,train,0.026738014
2023-12-21,TLT,-0.0045588384,0.013870233,0.01842907,train,0.012622354
2023-12-22,EFA,0.004539537,-0.0076363366,0.012175873,train,-0.009011258
2023-12-22,IWM,0.012920049,0.009181141,0.003738908,train,0.0065613436
2023-12-22,SPY,0.0042137057,-0.000109129585,0.0043228352,train,0.008884381
2023-12-22,TLT,0.002839007,0.005142997,0.00230399,train,0.013870233
2023-12-26,EFA,0.005314216,-0.0087197,0.014033916,train,-0.0076363366
2023-12-26,IWM,0.0035215765,0.007565909,0.0040443325,train,0.009181141
2023-12-26,SPY,0.0018063122,-0.00020987075,0.002016183,train,-0.000109129585
2023-12-26,TLT,0.017564567,-0.0028537982,0.020418365,train,0.005142997
2023-12-27,EFA,-0.002653686,-0.006619758,0.0039660716,train,-0.0087197
2023-12-27,IWM,-0.0038157292,0.015889682,0.019705411,train,0.007565909
2023-12-27,SPY,0.00037774432,0.0005114246,0.0001336803,train,-0.00020987075
2023-12-27,TLT,-0.0072891666,-0.0024275854,0.004861581,train,-0.0028537982
2023-12-28,EFA,0.0010623413,-0.006048898,0.0071112392,train,-0.006619758
2023-12-28,IWM,-0.016454833,0.013545989,0.03000082,train,0.015889682
2023-12-28,SPY,-0.0028992323,0.0019718958,0.004871128,train,0.0005114246
2023-12-28,TLT,-0.009060686,0.00458436,0.013645046,train,-0.0024275854
2023-12-29,EFA,-0.011210562,-0.0077046333,0.0035059284,train,-0.006048898
2023-12-29,IWM,-0.0059466837,-0.00421176,0.0017349236,train,0.013545989
2023-12-29,SPY,-0.0056121256,0.0221974,0.027809525,train,0.0019718958
2023-12-29,TLT,-0.0057814163,0.013307408,0.019088825,train,0.00458436
2024-01-02,EFA,-0.00754429,-0.018351696,0.010807406,train,-0.0077046333
2024-01-02,IWM,-0.027025951,-0.0015172171,0.025508733,train,-0.00421176
2024-01-02,SPY,-0.008200112,0.031409457,0.03960957,train,0.0221974
2024-01-02,TLT,0.004161612,0.017089937,0.012928325,train,0.013307408
2024-01-03,EFA,0.0022963397,-0.0087197,0.01101604,train,-0.018351696
2024-01-03,IWM,-0.0019585495,0.0010761404,0.00303469,train,-0.0015172171
2024-01-03,SPY,-0.0032262574,0.014594619,0.017820876,train,0.031409457
2024-01-03,TLT,-0.015310917,0.0147255445,0.03003646,train,0.017089937
2024-01-04,EFA,0.0006742172,-0.056647867,0.057322085,train,-0.0087197
2024-01-04,IWM,-0.0029452373,0.03619917,0.039144408,train,0.0010761404
2024-01-04,SPY,0.0013686521,0.0017047515,0.00033609942,train,0.014594619
2024-01-04,TLT,-0.009612126,-0.0087456005,0.0008665258,train,0.0147255445
2024-01-05,EFA,0.010595,-0.0005624322,0.011157433,train,-0.056647867
2024-01-05,IWM,0.017847473,-0.0014428291,0.019290302,train,0.03619917
2024-01-05,SPY,0.014175031,-0.034460444,0.048635475,train,0.0017047515
2024-01-05,TLT,0.009817774,-0.017551154,0.02736893,train,-0.0087456005
2024-01-08,EFA,-0.0089782495,0.0012126518,0.010190901,train,-0.0005624322
2024-01-08,IWM,-0.008986489,0.007677111,0.0166636,train,-0.0014428291
2024-01-08,SPY,-0.001518167,-0.014004347,0.01248618,train,-0.034460444
2024-01-08,TLT,-0.006396228,-0.0124191,0.006022872,train,-0.017551154
2024-01-09,EFA,0.006440231,0.003229266,0.003210965,train,0.0012126518
2024-01-09,IWM,0.0005640377,0.019998923,0.019434886,train,0.007677111
2024-01-09,SPY,0.0056393994,-0.012789624,0.018429022,train,-0.014004347
2024-01-09,TLT,-0.004668432,0.023174677,0.027843108,train,-0.0124191
2024-01-10,EFA,-0.00013363802,-0.0048506698,0.004717032,train,0.003229266
2024-01-10,IWM,-0.007873841,0.010736062,0.018609904,train,0.019998923
2024-01-10,SPY,-0.00044067175,-0.00990362,0.009462948,train,-0.012789624
2024-01-10,TLT,0.0055991285,0.016515065,0.010915937,train,0.023174677
2024-01-11,EFA,0.004138079,-0.0058753067,0.010013386,train,-0.0048506698
2024-01-11,IWM,-0.0016546729,0.011123021,0.012777694,train,0.010736062
2024-01-11,SPY,0.0006924251,-0.007457582,0.008150007,train,-0.00990362
2024-01-11,TLT,-0.0019663114,-0.0054484606,0.0034821492,train,0.016515065
2024-01-12,EFA,-0.01692676,-0.008691797,0.008234963,train,-0.0058753067
2024-01-12,IWM,-0.012445943,-0.035905756,0.023459813,train,0.011123021
2024-01-12,SPY,-0.0036779426,0.00686708,0.010545023,train,-0.007457582
2024-01-12,TLT,-0.017770145,-0.03521108,0.017440934,train,-0.0054484606
2024-01-16,EFA,-0.009529014,-0.012867763,0.0033387486,train,-0.008691797
2024-01-16,IWM,-0.007151736,-0.025954429,0.018802693,train,-0.035905756
2024-01-16,SPY,-0.005574251,-0.005204895,0.000369356,train,0.00686708
2024-01-16,TLT,-0.0015829483,0.018151127,0.019734075,train,-0.03521108
2024-01-17,EFA,0.008851286,-0.04733965,0.056190938,train,-0.012867763
2024-01-17,IWM,0.005893419,-0.05113223,0.05702565,train,-0.025954429
2024-01-17,SPY,0.0088535715,-0.0068043363,0.015657907,train,-0.005204895
2024-01-17,TLT,-0.009338886,-0.021791946,0.012453061,train,0.018151127
2024-01-18,EFA,0.0023020273,0.053063687,0.05076166,train,-0.04733965
2024-01-18,IWM,0.00955552,0.04251214,0.032956623,train,-0.05113223
2024-01-18,SPY,0.012389146,-0.039063953,0.0514531,train,-0.0068043363
2024-01-18,TLT,0.0031933836,0.040390488,0.037197106,train,-0.021791946
2024-01-19,EFA,0.0031063163,0.0035899384,0.00048362208,train,0.053063687
2024-01-19,IWM,0.021133544,0.073957264,0.052823722,train,0.04251214
2024-01-19,SPY,0.002112127,3.366638e-05,0.0020784605,train,-0.039063953
2024-01-19,TLT,0.005934182,0.0009806165,0.0049535655,train,0.040390488
2024-01-22,EFA,-0.0028358377,0.005396134,0.008231971,train,0.0035899384
2024-01-22,IWM,-0.0029044177,-0.012056461,0.009152043,train,0.073957264
2024-01-22,SPY,0.0029121472,-0.0043093683,0.0072215153,train,3.366638e-05
2024-01-22,TLT,-0.007955747,0.0444126,0.05236835,train,0.0009806165
2024-01-23,EFA,0.00754429,-0.02666843,0.03421272,train,0.005396134
2024-01-23,IWM,-0.008249359,-0.018117521,0.009868162,train,-0.012056461
2024-01-23,SPY,0.0010924978,-0.00034749974,0.0014399976,train,-0.0043093683
2024-01-23,TLT,-0.005874217,0.035352293,0.04122651,train,0.0444126
2024-01-24,EFA,0.0028144447,0.0042329123,0.0014184676,train,-0.02666843
2024-01-24,IWM,0.008249359,-0.058375385,0.066624746,train,-0.018117521
2024-01-24,SPY,0.005424345,0.0037759766,0.0016483683,train,-0.00034749974
2024-01-24,TLT,0.0065132813,0.056910355,0.050397072,train,0.035352293
2024-01-25,EFA,0.0044068033,-0.0014594207,0.005866224,train,0.0042329123
2024-01-25,IWM,5.10638e-05,-0.009072735,0.009123798,train,-0.058375385
2024-01-25,SPY,-0.0012714112,0.0012239292,0.0024953405,train,0.0037759766
2024-01-25,TLT,-0.0019176182,-0.0026863413,0.0007687231,train,0.056910355
2024-01-26,EFA,0.005845619,0.0035457555,0.0022998634,train,-0.0014594207
2024-01-26,IWM,0.0173503,-0.02288752,0.04023782,train,-0.009072735
2024-01-26,SPY,0.007888276,0.0022555748,0.0056327013,train,0.0012239292
2024-01-26,TLT,0.011450406,0.015353165,0.0039027585,train,-0.0026863413
2024-01-29,EFA,-0.0013256114,-0.016239632,0.014914021,train,0.0035457555
2024-01-29,IWM,-0.008561674,0.02643105,0.034992725,train,-0.02288752
2024-01-29,SPY,-0.00077384023,0.00082079973,0.00159464,train,0.0022555748
2024-01-29,TLT,0.009025074,0.078549646,0.06952457,train,0.015353165
2024-01-30,EFA,-0.0050532147,-0.0087197,0.0036664857,train,-0.016239632
2024-01-30,IWM,-0.024733046,0.0366799,0.061412945,train,0.02643105
2024-01-30,SPY,-0.01645179,0.0017284267,0.018180218,train,0.00082079973
2024-01-30,TLT,0.009772656,0.050245445,0.04047279,train,0.078549646
2024-01-31,EFA,0.009817041,-0.01063208,0.02044912,train,-0.0087197
2024-01-31,IWM,0.013185155,0.04894835,0.035763197,train,0.0366799
2024-01-31,SPY,0.013003248,0.039642423,0.026639175,train,0.0017284267
2024-01-31,TLT,0.019426003,0.049585458,0.030159455,train,0.050245445
2024-02-01,EFA,-0.007952331,0.01865916,0.02661149,train,-0.01063208
2024-02-01,IWM,-0.005284071,0.052293204,0.057577275,train,0.04894835
2024-02-01,SPY,0.010472299,0.007793979,0.0026783198,train,0.039642423
2024-02-01,TLT,-0.022336403,-0.010176781,0.012159622,train,0.049585458
2024-02-02,EFA,-0.0053370143,-0.0055489847,0.00021197041,train,0.01865916
2024-02-02,IWM,-0.012786455,0.018314965,0.03110142,train,0.052293204
2024-02-02,SPY,-0.003647697,0.018727157,0.022374853,train,0.007793979
2024-02-02,TLT,-0.020400468,-0.033490792,0.013090324,train,-0.010176781
2024-02-05,EFA,0.006135067,-0.0087197,0.014854767,train,-0.0055489847
2024-02-05,IWM,0.008972784,-0.0024640178,0.011436801,train,0.018314965
2024-02-05,SPY,0.0028990014,-0.002835481,0.0057344823,train,0.018727157
2024-02-05,TLT,0.00972646,0.06668001,0.056953546,train,-0.033490792
2024-02-06,EFA,-0.00053207256,-0.017050441,0.01651837,train,-0.0087197
2024-02-06,IWM,-0.0023262303,-0.06978364,0.067457415,train,-0.0024640178
2024-02-06,SPY,0.008305753,0.005763787,0.0025419658,train,-0.002835481
2024-02-06,TLT,-0.0048514483,-0.028504096,0.023652647,train,0.06668001
2024-02-07,EFA,-0.0017309493,-0.009050649,0.0073196995,train,-0.017050441
2024-02-07,IWM,0.015050209,-0.020103682,0.035153892,train,-0.06978364
2024-02-07,SPY,0.0004417035,-0.0031369478,0.0035786512,train,0.005763787
2024-02-07,TLT,-0.005831438,0.06119943,0.06703087,train,-0.028504096
2024-02-08,EFA,0.0034589074,-0.0018149172,0.0052738246,train,-0.009050649
2024-02-08,IWM,0.016132135,0.0195022,0.0033700652,train,-0.020103682
2024-02-08,SPY,0.0057627726,-0.0013205428,0.0070833154,train,-0.0031369478
2024-02-08,TLT,-0.0020223595,0.00063198525,0.0026543448,train,0.06119943
2024-02-09,EFA,0.0017249775,-0.008779726,0.010504704,train,-0.0018149172
2024-02-09,IWM,0.01799713,0.04999339,0.031996258,train,0.0195022
2024-02-09,SPY,-0.00043916484,-0.0021601804,0.0017210155,train,-0.0013205428
2024-02-09,TLT,0.0011713941,-0.00025973935,0.0014311335,train,0.00063198525
2024-02-12,EFA,-0.015497999,-0.010071198,0.005426801,train,-0.008779726
2024-02-12,IWM,-0.042011328,0.017580718,0.059592046,train,0.04999339
2024-02-12,SPY,-0.013868821,-0.0011745477,0.012694273,train,-0.0021601804
2024-02-12,TLT,-0.017283555,0.019612335,0.03689589,train,-0.00025973935
2024-02-13,EFA,0.011113445,-0.014423884,0.02553733,train,-0.010071198
2024-02-13,IWM,0.022960264,-0.0028275782,0.025787842,train,0.017580718
2024-02-13,SPY,0.009046687,0.014014033,0.004967346,train,-0.0011745477
2024-02-13,TLT,0.0050765146,-0.012378606,0.01745512,train,0.019612335
2024-02-14,EFA,0.011254648,-0.021514362,0.03276901,train,-0.014423884
2024-02-14,IWM,0.026316721,0.09913865,0.07282193,train,-0.0028275782
2024-02-14,SPY,0.00687613,0.010880356,0.0040042256,train,0.014014033
2024-02-14,TLT,0.005158182,-0.0012751548,0.0064333365,train,-0.012378606
2024-02-15,EFA,0.0015788906,-0.0020941012,0.0036729919,train,-0.021514362
2024-02-15,IWM,-0.0136914,0.046961308,0.060652707,train,0.09913865
2024-02-15,SPY,-0.00499244,-0.0023071794,0.0026852605,train,0.010880356
2024-02-15,TLT,-0.005804818,0.031359073,0.03716389,train,-0.0012751548
2024-02-16,EFA,0.004066855,0.014386759,0.0103199035,train,-0.0020941012
2024-02-16,IWM,-0.013881617,0.024311475,0.03819309,train,0.046961308
2024-02-16,SPY,-0.0055207266,-0.004459762,0.0010609645,train,-0.0023071794
2024-02-16,TLT,0.0008622384,0.016649593,0.015787354,train,0.031359073
2024-02-20,EFA,0.00078531244,0.009522903,0.00873759,train,0.014386759
2024-02-20,IWM,-0.004737636,0.02266835,0.027405987,train,0.024311475
2024-02-20,SPY,0.0009054684,-0.0041627437,0.0050682123,train,-0.004459762
2024-02-20,TLT,-0.0071346485,-0.020956285,0.013821637,train,0.016649593
2024-02-21,EFA,0.0111877015,-0.0087197,0.019907402,train,0.009522903
2024-02-21,IWM,0.00754952,-0.007825357,0.015374877,train,0.02266835
2024-02-21,SPY,0.020484222,-0.0007552421,0.021239463,train,-0.0041627437
2024-02-21,TLT,0.0048700785,-0.009529067,0.014399146,train,-0.020956285
2024-02-22,EFA,0.0012927728,-0.008747989,0.010040762,train,-0.0087197
2024-02-22,IWM,0.0022537631,-0.012940911,0.015194674,train,-0.007825357
2024-02-22,SPY,0.0006894102,-0.017358202,0.018047612,train,-0.0007552421
2024-02-22,TLT,0.013297761,0.02001876,0.0067209993,train,-0.009529067
2024-02-23,EFA,-0.0014220367,-0.0087197,0.007297664,train,-0.008747989
2024-02-23,IWM,0.0062835542,-0.037981555,0.04426511,train,-0.012940911
2024-02-23,SPY,-0.0036691534,-0.001635137,0.0020340164,train,-0.017358202
2024-02-23,TLT,-0.0029875825,0.017459005,0.020446587,train,0.02001876
2024-02-26,EFA,0.0027133506,-0.0087197,0.011433051,train,-0.0087197
2024-02-26,IWM,0.014069171,0.015125302,0.001056131,train,-0.037981555
2024-02-26,SPY,0.001856031,0.0012778891,0.0005781419,train,-0.001635137
2024-02-26,TLT,-0.007076915,-0.009619457,0.0025425418,train,0.017459005
2024-02-27,EFA,-0.0058234553,-0.0087197,0.002896245,train,-0.0087197
2024-02-27,IWM,-0.008269221,0.0055075595,0.01377678,train,0.015125302
2024-02-27,SPY,-0.0013225611,-0.0019343686,0.00061180757,train,0.0012778891
2024-02-27,TLT,0.006328912,-0.0070115104,0.013340423,train,-0.009619457
2024-02-28,EFA,0.002592355,-0.0087197,0.011312055,train,-0.0087197
2024-02-28,IWM,0.006944853,0.0064959032,0.00044894964,train,0.0055075595
2024-02-28,SPY,0.00358842,-0.0036075055,0.0071959253,train,-0.0019343686
2024-02-28,TLT,0.0070323353,-0.0018039029,0.008836238,train,-0.0070115104
2024-02-29,EFA,0.00966194,-0.007345832,0.017007772,train,-0.0087197
2024-02-29,IWM,0.010546534,0.0051468248,0.0053997096,train,0.0064959032
2024-02-29,SPY,0.009344515,-0.003119722,0.012464237,train,-0.0036075055
2024-02-29,TLT,0.0062118648,0.0014234539,0.004788411,train,-0.0018039029
2024-03-01,EFA,-0.002567501,-0.0087197,0.0061521996,train,-0.007345832
2024-03-01,IWM,-0.00092338526,0.003456696,0.0043800813,train,0.0051468248
2024-03-01,SPY,-0.0010729153,-0.005455307,0.004382392,train,-0.003119722
2024-03-01,TLT,-0.004030585,-0.004109951,7.936638e-05,train,0.0014234539
2024-03-04,EFA,-0.0018009292,-0.008087897,0.0062869675,train,-0.0087197
2024-03-04,IWM,-0.009623149,0.0043386305,0.01396178,train,0.003456696
2024-03-04,SPY,-0.010044439,-0.0030665556,0.006977883,train,-0.005455307
2024-03-04,TLT,0.014141124,-0.019507267,0.03364839,train,-0.004109951
2024-03-05,EFA,0.011776727,-0.0087197,0.020496428,train,-0.008087897
2024-03-05,IWM,0.007433113,0.010463729,0.0030306154,train,0.0043386305
2024-03-05,SPY,0.0050544315,-0.0037930883,0.00884752,train,-0.0030665556
2024-03-05,TLT,0.0058509354,-0.04726605,0.053116985,train,-0.019507267
2024-03-06,EFA,0.011765729,-0.0055181533,0.017283883,train,-0.0087197
2024-03-06,IWM,0.008296954,0.00032673404,0.00797022,train,0.010463729
2024-03-06,SPY,0.0098774275,-0.005646609,0.015524036,train,-0.0037930883
2024-03-06,TLT,-0.0009378036,-0.018423744,0.01748594,train,-0.04726605
2024-03-07,EFA,-0.00327546,-0.007957046,0.004681586,train,-0.0055181533
2024-03-07,IWM,-0.0006284149,3.4966506e-05,0.0006633814,train,0.00032673404
2024-03-07,SPY,-0.006020214,-0.0073919813,0.0013717674,train,-0.005646609
2024-03-07,TLT,-0.0017744267,-0.0065415874,0.004767161,train,-0.018423744
2024-03-08,EFA,-0.005694392,-0.007547267,0.0018528746,train,-0.007957046
2024-03-08,IWM,-0.007960815,0.00045648683,0.008417302,train,3.4966506e-05
2024-03-08,SPY,-0.00086027064,0.005980679,0.0068409494,train,-0.0073919813
2024-03-08,TLT,-0.0005221735,-0.008216543,0.0076943696,train,-0.0065415874
2024-03-11,EFA,0.0079630185,-0.007958813,0.015921831,train,-0.007547267
2024-03-11,IWM,-0.0013655181,-0.0060294406,0.0046639224,train,0.00045648683
2024-03-11,SPY,0.010699858,-0.00435095,0.015050808,train,0.005980679
2024-03-11,TLT,-0.008396536,-0.0076000267,0.00079650944,train,-0.008216543
2024-03-12,EFA,0.00012598661,-0.0081213135,0.0082473,train,-0.007958813
2024-03-12,IWM,0.0038965545,-0.009704445,0.0136009995,train,-0.0060294406
2024-03-12,SPY,-0.001568703,-0.00812592,0.006557217,train,-0.00435095
2024-03-12,TLT,-0.0048600263,0.0020036967,0.006863723,train,-0.0076000267
2024-03-13,EFA,-0.007327904,-0.007069582,0.00025832187,train,-0.0081213135
2024-03-13,IWM,-0.018051315,-0.0015839082,0.016467407,train,-0.009704445
2024-03-13,SPY,-0.0019786926,-0.0042544366,0.002275744,train,-0.00812592
2024-03-13,TLT,-0.015476263,-0.0002588546,0.015217409,train,0.0020036967
2024-03-14,EFA,0.00038033328,-0.006711554,0.0070918873,train,-0.007069582
2024-03-14,IWM,0.001879188,0.0049308334,0.0030516454,train,-0.0015839082
2024-03-14,SPY,-0.006890225,0.02435501,0.031245235,train,-0.0042544366
2024-03-14,TLT,-0.00032244794,-0.018162351,0.017839903,train,-0.0002588546
2024-03-15,EFA,-0.00025353945,-0.0087197,0.008466161,train,-0.006711554
2024-03-15,IWM,-0.0057474044,-0.00951087,0.0037634657,train,0.0049308334
2024-03-15,SPY,0.005925456,0.034535386,0.02860993,train,0.02435501
2024-03-15,TLT,-0.0030171967,0.024981868,0.027999064,train,-0.018162351
2024-03-18,EFA,0.0017735309,-0.0087197,0.010493231,train,-0.0087197
2024-03-18,IWM,0.004214813,-0.0052200416,0.009434855,train,-0.00951087
2024-03-18,SPY,0.0055418108,0.004607248,0.00093456265,train,0.034535386
2024-03-18,TLT,0.0028019652,0.0027815504,2.0414824e-05,train,0.024981868
2024-03-19,EFA,0.0105754305,-0.0087197,0.01929513,train,-0.0087197
2024-03-19,IWM,0.0195988,-0.0023101089,0.02190891,train,-0.0052200416
2024-03-19,SPY,0.00920672,-0.005328061,0.014534781,train,0.004607248
2024-03-19,TLT,-0.00032280016,0.02702092,0.02734372,train,0.0027815504
2024-03-20,EFA,-0.0005010445,-0.0087197,0.008218656,train,-0.0087197
2024-03-20,IWM,0.011424052,-0.016738784,0.028162835,train,-0.0023101089
2024-03-20,SPY,0.0032994233,-0.006794223,0.010093646,train,-0.005328061
2024-03-20,TLT,0.0021505705,-0.0024364172,0.0045869877,train,0.02702092
2024-03-21,EFA,-0.0021323466,-0.0087197,0.0065873535,train,-0.0087197
2024-03-21,IWM,-0.013898275,-0.007941417,0.0059568575,train,-0.016738784
2024-03-21,SPY,-0.0018976802,-0.004093019,0.0021953387,train,-0.006794223
2024-03-21,TLT,0.009515172,0.052117996,0.042602822,train,-0.0024364172
2024-03-22,EFA,-0.0021370058,-0.0087197,0.0065826946,train,-0.0087197
2024-03-22,IWM,0.0022893779,-0.023880366,0.026169743,train,-0.007941417
2024-03-22,SPY,-0.0027667666,-0.0018941071,0.0008726595,train,-0.004093019
2024-03-22,TLT,-0.005013493,0.020956878,0.02597037,train,0.052117996
2024-03-25,EFA,0.0011319189,-0.0087197,0.00985162,train,-0.0087197
2024-03-25,IWM,-0.0018017547,0.0016297447,0.0034314995,train,-0.023880366
2024-03-25,SPY,-0.0018485727,-0.0010837996,0.0007647731,train,-0.0018941071
2024-03-25,TLT,0.002776354,0.047919013,0.045142658,train,0.020956878
2024-03-26,EFA,0.006015017,-0.008240005,0.014255023,train,-0.0087197
2024-03-26,IWM,0.021552864,-0.008727906,0.03028077,train,0.0016297447
2024-03-26,SPY,0.008368671,-0.0021245074,0.010493178,train,-0.0010837996
2024-03-26,TLT,0.009869266,0.023201074,0.013331808,train,0.047919013
2024-03-27,EFA,-0.0022513173,-0.01007171,0.007820392,train,-0.008240005
2024-03-27,IWM,0.0031433986,-0.010262157,0.013405556,train,-0.008727906
2024-03-27,SPY,-0.00019106039,-0.006726261,0.006535201,train,-0.0021245074
2024-03-27,TLT,-0.0008450166,-0.008608157,0.0077631404,train,0.023201074
2024-03-28,EFA,-0.004266469,-0.007754109,0.00348764,train,-0.01007171
2024-03-28,IWM,-0.00945977,-0.00043440424,0.009025366,train,-0.010262157
2024-03-28,SPY,-0.0017414874,0.0037200805,0.005461568,train,-0.006726261
2024-03-28,TLT,-0.018817157,-0.023747433,0.0049302764,train,-0.008608157
2024-04-01,EFA,-0.0070671896,-0.0087197,0.0016525108,train,-0.007754109
2024-04-01,IWM,-0.01855639,-0.028846275,0.010289885,train,-0.00043440424
2024-04-01,SPY,-0.0063782586,-0.0011923788,0.0051858798,train,0.0037200805
2024-04-01,TLT,-0.0055256663,-0.026626468,0.0211008,train,-0.023747433
2024-04-02,EFA,0.005556954,-0.012464571,0.018021524,train,-0.0087197
2024-04-02,IWM,0.006531594,-0.012101335,0.01863293,train,-0.028846275
2024-04-02,SPY,0.0010978937,-0.0025215903,0.0036194841,train,-0.0011923788
2024-04-02,TLT,-0.00021715926,-0.032342404,0.032125246,train,-0.026626468
2024-04-03,EFA,-0.008601077,-0.011491139,0.0028900625,train,-0.012464571
2024-04-03,IWM,-0.010058703,-0.0036131307,0.0064455722,train,-0.012101335
2024-04-03,SPY,-0.012281195,-0.0021104002,0.010170795,train,-0.0025215903
2024-04-03,TLT,0.007146562,-0.02428257,0.031429134,train,-0.032342404
2024-04-04,EFA,0.003170756,-0.006203483,0.009374239,train,-0.011491139
2024-04-04,IWM,0.003331531,-0.011179631,0.0145111615,train,-0.0036131307
2024-04-04,SPY,0.010392674,0.009760444,0.0006322302,train,-0.0021104002
2024-04-04,TLT,-0.014016627,-0.0077578807,0.0062587466,train,-0.02428257
2024-04-05,EFA,0.004926436,0.0061156647,0.0011892286,train,-0.006203483
2024-04-05,IWM,0.005463214,-0.030886684,0.036349896,train,-0.011179631
2024-04-05,SPY,0.00055920787,0.007786692,0.007227484,train,0.009760444
2024-04-05,TLT,-0.0001095724,-0.055876385,0.055766813,train,-0.0077578807
2024-04-08,EFA,-0.0001260109,-0.031898323,0.03177231,train,0.0061156647
2024-04-08,IWM,0.003932578,-0.021763265,0.025695844,train,-0.030886684
2024-04-08,SPY,0.001156139,-0.0071845846,0.008340724,train,0.007786692
2024-04-08,TLT,0.009258942,-0.0036767023,0.012935644,train,-0.055876385
2024-04-09,EFA,-0.013320926,-0.005593076,0.0077278498,train,-0.031898323
2024-04-09,IWM,-0.026762608,-0.00088600535,0.025876604,train,-0.021763265
2024-04-09,SPY,-0.010063589,-0.018268649,0.00820506,train,-0.0071845846
2024-04-09,TLT,-0.02203436,-0.0084507605,0.0135836,train,-0.0036767023
2024-04-10,EFA,0.002678398,-0.026727222,0.02940562,train,-0.005593076
2024-04-10,IWM,0.006745551,0.008249472,0.0015039211,train,-0.00088600535
2024-04-10,SPY,0.007518593,-0.0033610016,0.010879595,train,-0.018268649
2024-04-10,TLT,-0.0045548747,-0.023798728,0.019243853,train,-0.0084507605
2024-04-11,EFA,-0.016308516,0.011588701,0.027897216,train,-0.026727222
2024-04-11,IWM,-0.017956426,-0.019395784,0.0014393572,train,0.008249472
2024-04-11,SPY,-0.013899273,-0.022673532,0.008774259,train,-0.0033610016
2024-04-11,TLT,0.005330476,0.028316338,0.02298586,train,-0.023798728
2024-04-12,EFA,-0.0029821591,-0.024133146,0.021150988,train,0.011588701
2024-04-12,IWM,-0.014754198,-0.010368674,0.0043855235,train,-0.019395784
2024-04-12,SPY,-0.012607231,0.01274681,0.02535404,train,-0.022673532
2024-04-12,TLT,-0.015627207,0.026206676,0.041833885,train,0.028316338
2024-04-15,EFA,-0.0099178925,-0.0072014015,0.002716491,train,-0.024133146
2024-04-15,IWM,-0.003684315,0.023672529,0.027356844,train,-0.010368674
2024-04-15,SPY,-0.0018255764,0.002076839,0.0039024155,train,0.01274681
2024-04-15,TLT,-0.006659322,-0.03478139,0.028122067,train,0.026206676
2024-04-16,EFA,0.00065560313,-0.024056882,0.024712484,train,-0.0072014015
2024-04-16,IWM,-0.010617041,0.021218259,0.0318353,train,0.023672529
2024-04-16,SPY,-0.005935801,0.008060749,0.01399655,train,0.002076839
2024-04-16,TLT,0.011037314,-0.03298856,0.044025876,train,-0.03478139
2024-04-17,EFA,-0.0027561905,-0.023851536,0.021095347,train,-0.024056882
2024-04-17,IWM,-0.0008293904,0.01853823,0.01936762,train,0.021218259
2024-04-17,SPY,-0.0020597854,-0.016042814,0.013983028,train,0.008060749
2024-04-17,TLT,-0.005052991,0.02129148,0.02634447,train,-0.03298856
2024-04-18,EFA,0.0003941763,-0.015198029,0.015592205,train,-0.023851536
2024-04-18,IWM,0.0015545734,0.016323466,0.014768893,train,0.01853823
2024-04-18,SPY,-0.008766756,-0.02547456,0.016707804,train,-0.016042814
2024-04-18,TLT,0.0035959436,0.019362576,0.015766632,train,0.02129148
2024-04-19,EFA,0.011624304,-0.016299296,0.027923599,train,-0.015198029
2024-04-19,IWM,0.011121338,0.014726077,0.003604739,train,0.016323466
2024-04-19,SPY,0.0091671,-0.008238456,0.017405557,train,-0.02547456
2024-04-19,TLT,-0.0016842588,-0.0011077533,0.00057650555,train,0.019362576
2024-04-22,EFA,0.010848702,0.010551744,0.0002969578,train,-0.016299296
2024-04-22,IWM,0.016605048,0.02698008,0.010375032,train,0.014726077
2024-04-22,SPY,0.011796625,0.006048088,0.0057485374,train,-0.008238456
2024-04-22,TLT,0.00033719031,0.0047043106,0.00436712,train,-0.0011077533
2024-04-23,EFA,-0.0019286675,0.0020707408,0.0039994083,train,0.010551744
2024-04-23,IWM,-0.004492235,0.02177634,0.026268575,train,0.02698008
2024-04-23,SPY,-0.00047472212,-0.019172478,0.018697757,train,0.006048088
2024-04-23,TLT,-0.0071014264,0.02326436,0.030365786,train,0.0047043106
2024-04-24,EFA,-0.0046440987,-0.02805153,0.02340743,train,0.0020707408
2024-04-24,IWM,-0.0060888682,-0.016139895,0.010051027,train,0.02177634
2024-04-24,SPY,-0.0038060977,-0.018974092,0.015167994,train,-0.019172478
2024-04-24,TLT,-0.0070382333,0.0165261,0.023564333,train,0.02326436
2024-04-25,EFA,0.007984686,-0.012146717,0.020131402,train,-0.02805153
2024-04-25,IWM,0.009522859,-0.02994452,0.03946738,train,-0.016139895
2024-04-25,SPY,0.009429368,0.043532506,0.034103137,train,-0.018974092
2024-04-25,TLT,0.005226764,0.0036344808,0.0015922831,train,0.0165261
2024-04-26,EFA,0.0038407953,-0.0040171556,0.00785795,train,-0.012146717
2024-04-26,IWM,0.008033851,-0.055639256,0.06367311,train,-0.02994452
2024-04-26,SPY,0.0035351582,0.005568699,0.0020335407,train,0.043532506
2024-04-26,TLT,0.008351221,0.019735448,0.011384227,train,0.0036344808
2024-04-29,EFA,-0.012730843,0.00464336,0.017374203,train,-0.0040171556
2024-04-29,IWM,-0.02051307,-0.057429753,0.03691668,train,-0.055639256
2024-04-29,SPY,-0.015967974,-0.012700944,0.0032670302,train,0.005568699
2024-04-29,TLT,-0.008577826,-0.01604138,0.007463553,train,0.019735448
2024-04-30,EFA,-0.0022026235,-0.029772598,0.027569976,train,0.00464336
2024-04-30,IWM,0.0020908206,0.037201226,0.035110407,train,-0.057429753
2024-04-30,SPY,-0.0032524716,0.012913066,0.016165538,train,-0.012700944
2024-04-30,TLT,0.0073439353,-0.047234397,0.054578334,train,-0.01604138
2024-05-01,EFA,0.013398898,-0.051528025,0.06492692,train,-0.029772598
2024-05-01,IWM,0.018222164,0.01826661,4.444644e-05,train,0.037201226
2024-05-01,SPY,0.009309881,0.043777075,0.034467194,train,0.012913066
2024-05-01,TLT,0.004281517,-0.0072025238,0.011484041,train,-0.047234397
2024-05-02,EFA,0.009932501,0.06100003,0.05106753,train,-0.051528025
2024-05-02,IWM,0.0098551335,0.0040316405,0.005823493,train,0.01826661
2024-05-02,SPY,0.012319172,-0.020859547,0.033178717,train,0.043777075
2024-05-02,TLT,0.010068264,-0.012845726,0.022913989,train,-0.0072025238
2024-05-03,EFA,0.0068191024,0.052982833,0.04616373,train,0.06100003
2024-05-03,IWM,0.012844452,0.010648652,0.0021957997,train,0.0040316405
2024-05-03,SPY,0.010273942,-0.006616965,0.016890906,train,-0.020859547
2024-05-03,TLT,0.0038882426,0.03517194,0.0312837,train,-0.012845726
2024-05-06,EFA,0.0026393489,-0.033642355,0.036281705,train,0.052982833
2024-05-06,IWM,0.0022467135,-0.0005007526,0.002747466,train,0.010648652
2024-05-06,SPY,0.0011027155,0.018374238,0.017271522,train,-0.006616965
2024-05-06,TLT,0.006079752,-0.013960537,0.020040289,train,0.03517194
2024-05-07,EFA,-0.001130355,-0.0087197,0.0075893453,train,-0.033642355
2024-05-07,IWM,-0.005822612,-0.009240558,0.0034179464,train,-0.0005007526
2024-05-07,SPY,9.675076e-05,0.03660699,0.03651024,train,0.018374238
2024-05-07,TLT,-0.006079752,-0.017923128,0.011843376,train,-0.013960537
2024-05-08,EFA,0.0076361136,-0.0087197,0.016355814,train,-0.0087197
2024-05-08,IWM,0.010155345,0.011693534,0.0015381891,train,-0.009240558
2024-05-08,SPY,0.005745191,0.04152545,0.03578026,train,0.03660699
2024-05-08,TLT,0.004866937,-0.00663197,0.011498908,train,-0.017923128
2024-05-09,EFA,0.0018687346,-0.0075189434,0.009387678,train,-0.0087197
2024-05-09,IWM,-0.0075579286,0.018682849,0.026240777,train,0.011693534
2024-05-09,SPY,0.0012874225,0.052235994,0.05094857,train,0.04152545
2024-05-09,TLT,-0.0056433403,-0.009472003,0.003828663,train,-0.00663197
2024-05-10,EFA,0.0,-0.0087197,0.0087197,train,-0.0075189434
2024-05-10,IWM,0.0021025073,0.005694897,0.0035923896,train,0.018682849
2024-05-10,SPY,0.00013436658,0.02859829,0.028463922,train,0.052235994
2024-05-10,TLT,0.0025488576,-0.012699805,0.015248663,train,-0.009472003
2024-05-13,EFA,0.0074405135,-0.0087197,0.016160214,train,-0.0087197
2024-05-13,IWM,0.01030138,-0.0038953489,0.014196729,train,0.005694897
2024-05-13,SPY,0.0045777718,0.035044104,0.030466333,train,0.02859829
2024-05-13,TLT,0.0056289244,0.010067408,0.0044384836,train,-0.012699805
2024-05-14,EFA,0.010569178,-0.0063921353,0.016961314,train,-0.0087197
2024-05-14,IWM,0.012394979,-0.0014125397,0.013807518,train,-0.0038953489
2024-05-14,SPY,0.012306916,-0.013383255,0.025690172,train,0.035044104
2024-05-14,TLT,0.013555165,-0.005991779,0.019546945,train,0.010067408
2024-05-15,EFA,-0.0053935735,-0.0075739753,0.0021804017,train,-0.0063921353
2024-05-15,IWM,-0.007235692,0.0014127372,0.008648429,train,-0.0014125397
2024-05-15,SPY,-0.0020599454,-0.0017341641,0.0003257813,train,-0.013383255
2024-05-15,TLT,-0.0009776166,-0.01232257,0.011344953,train,-0.005991779
2024-05-16,EFA,0.0034356473,-0.006204423,0.009640071,train,-0.0075739753
2024-05-16,IWM,0.00072102784,-0.009351464,0.010072492,train,0.0014127372
2024-05-16,SPY,0.0014365779,-0.009023914,0.010460492,train,-0.0017341641
2024-05-16,TLT,-0.006761289,-0.008095513,0.0013342239,train,-0.01232257
2024-05-17,EFA,0.00073463423,-0.0087197,0.009454334,train,-0.006204423
2024-05-17,IWM,0.0022081349,0.0024167374,0.00020860252,train,-0.009351464
2024-05-17,SPY,0.0011515423,0.0016284715,0.00047692924,train,-0.009023914
2024-05-17,TLT,-0.0029586535,-0.008649167,0.005690513,train,-0.008095513
2024-05-20,EFA,-0.0015923901,-0.0087197,0.00712731,train,-0.0087197
2024-05-20,IWM,-0.0009593393,-0.003718955,0.0027596157,train,0.0024167374
2024-05-20,SPY,0.0024494391,0.00035470072,0.0020947384,train,0.0016284715
2024-05-20,TLT,0.005144542,-0.0026455205,0.0077900626,train,-0.008649167
2024-05-21,EFA,-0.009484599,-0.0077308905,0.0017537088,train,-0.0087197
2024-05-21,IWM,-0.008483706,-0.0012498442,0.007233862,train,-0.003718955
2024-05-21,SPY,-0.0028834657,0.00053207856,0.0034155443,train,0.00035470072
2024-05-21,TLT,0.0012004705,-0.0033065854,0.004507056,train,-0.0026455205
2024-05-22,EFA,-0.0050871717,-0.0028650616,0.00222211,train,-0.0077308905
2024-05-22,IWM,-0.016546214,0.0030944534,0.019640667,train,-0.0012498442
2024-05-22,SPY,-0.007330837,0.0025765272,0.009907365,train,0.00053207856
2024-05-22,TLT,-0.006454888,-0.002047428,0.00440746,train,-0.0033065854
2024-05-23,EFA,0.008176531,-0.0087197,0.016896231,train,-0.0028650616
2024-05-23,IWM,0.011012612,0.0030760206,0.007936591,train,0.0030944534
2024-05-23,SPY,0.0065947147,-0.0010921732,0.007686888,train,0.0025765272
2024-05-23,TLT,0.002958978,-0.0005399389,0.003498917,train,-0.002047428
2024-05-24,EFA,-0.0003701954,-0.007940182,0.007569987,train,-0.0087197
2024-05-24,IWM,-0.00136389,0.031386986,0.032750875,train,0.0030760206
2024-05-24,SPY,0.00069834676,0.0067414427,0.006043096,train,-0.0010921732
2024-05-24,TLT,-0.014439447,0.02384521,0.03828466,train,-0.0005399389
2024-05-28,EFA,-0.015924864,-0.007922191,0.008002672,train,-0.007940182
2024-05-28,IWM,-0.014879144,-0.00315214,0.011727003,train,0.031386986
2024-05-28,SPY,-0.0070270803,0.0019049319,0.008932012,train,0.0067414427
2024-05-28,TLT,-0.012175462,0.0034655947,0.015641056,train,0.02384521
2024-05-29,EFA,0.008367375,-0.011438653,0.019806027,train,-0.007922191
2024-05-29,IWM,0.00945413,0.0012324797,0.0082216505,train,-0.00315214
2024-05-29,SPY,-0.00665599,-0.0026351982,0.004020792,train,0.0019049319
2024-05-29,TLT,0.009618579,-0.03670862,0.0463272,train,0.0034655947
2024-05-30,EFA,0.009530282,0.06301189,0.05348161,train,-0.011438653
2024-05-30,IWM,0.008393818,0.02792776,0.019533943,train,0.0012324797
2024-05-30,SPY,0.009067096,0.0033052778,0.005761818,train,-0.0026351982
2024-05-30,TLT,0.0067668646,0.06843196,0.061665095,train,-0.03670862
2024-05-31,EFA,0.00282929,-0.017603477,0.020432767,train,0.06301189
2024-05-31,IWM,-0.005653239,0.008200438,0.013853677,train,0.02792776
2024-05-31,SPY,0.00081509125,0.02698781,0.026172718,train,0.0033052778
2024-05-31,TLT,0.016045293,0.005981026,0.010064267,train,0.06843196
2024-06-03,EFA,-0.0012291557,0.005020817,0.0062499726,train,-0.017603477
2024-06-03,IWM,-0.012986622,0.009087964,0.022074586,train,0.008200438
2024-06-03,SPY,0.0011173806,0.027512807,0.026395427,train,0.02698781
2024-06-03,TLT,0.011613194,0.0034493348,0.008163859,train,0.005981026
2024-06-04,EFA,0.0069856676,-0.006573002,0.013558669,train,0.005020817
2024-06-04,IWM,0.01518341,-0.01366386,0.02884727,train,0.009087964
2024-06-04,SPY,0.01181482,0.0224147,0.01059988,train,0.027512807
2024-06-04,TLT,0.0073114666,-0.011803052,0.019114519,train,0.0034493348
2024-06-05,EFA,0.0034139648,-0.01798027,0.021394234,train,-0.006573002
2024-06-05,IWM,-0.00719445,0.011485365,0.018679816,train,-0.01366386
2024-06-05,SPY,-1.8775116e-05,0.010134787,0.010153563,train,0.0224147
2024-06-05,TLT,-0.0015009615,-0.016750993,0.015250032,train,-0.011803052
2024-06-06,EFA,-0.010891778,-0.009368247,0.001523531,train,-0.01798027
2024-06-06,IWM,-0.011808648,-0.00862218,0.003186468,train,0.011485365
2024-06-06,SPY,-0.0012163521,0.026010122,0.027226474,train,0.010134787
2024-06-06,TLT,-0.018516023,0.0011413619,0.019657385,train,-0.016750993
2024-06-07,EFA,-0.00073862297,-0.028565284,0.027826661,train,-0.009368247
2024-06-07,IWM,0.0034235348,-0.026142418,0.029565953,train,-0.00862218
2024-06-07,SPY,0.0030850205,0.00055174064,0.0025332798,train,0.026010122
2024-06-07,TLT,-0.0066887024,-0.0030680401,0.0036206623,train,0.0011413619
2024-06-10,EFA,-0.011428377,-0.0524424,0.041014023,train,-0.028565284
2024-06-10,IWM,-0.0034231478,-0.0041760635,0.0007529156,train,-0.026142418
2024-06-10,SPY,0.0024054002,0.015503175,0.013097774,train,0.00055174064
2024-06-10,TLT,0.010288815,0.012580157,0.0022913422,train,-0.0030680401
2024-06-11,EFA,0.011716547,-0.022299547,0.034016095,train,-0.0524424
2024-06-11,IWM,0.01523421,-0.016795631,0.03202984,train,-0.0041760635
2024-06-11,SPY,0.008179347,0.0057422984,0.0024370486,train,0.015503175
2024-06-11,TLT,0.0074859424,-0.012968339,0.020454282,train,0.012580157
2024-06-12,EFA,-0.01438148,0.06356145,0.07794293,train,-0.022299547
2024-06-12,IWM,-0.008775788,-0.01867574,0.009899952,train,-0.016795631
2024-06-12,SPY,0.002011553,-0.005611795,0.007623348,train,0.0057422984
2024-06-12,TLT,0.01459208,0.002342633,0.012249447,train,-0.012968339
2024-06-13,EFA,-0.011116152,-0.01770914,0.006592988,train,0.06356145
2024-06-13,IWM,-0.016023668,-0.027211871,0.0111882035,train,-0.01867574
2024-06-13,SPY,0.0006083179,-0.0062403716,0.0068486896,train,-0.005611795
2024-06-13,TLT,0.008379959,-0.028871022,0.03725098,train,0.002342633
2024-06-14,EFA,0.0039751898,-0.019497596,0.023472786,train,-0.01770914
2024-06-14,IWM,0.008368354,-0.012926239,0.021294594,train,-0.027211871
2024-06-14,SPY,0.007927408,-0.0058186855,0.013746094,train,-0.0062403716
2024-06-14,TLT,-0.009978881,-0.019144125,0.009165244,train,-0.028871022
2024-06-17,EFA,0.0039593484,-0.016369868,0.020329216,train,-0.019497596
2024-06-17,IWM,0.0017450253,0.0044628857,0.0027178605,train,-0.012926239
2024-06-17,SPY,0.0025372875,-0.004795213,0.007332501,train,-0.0058186855
2024-06-17,TLT,0.009133499,-0.0043441337,0.013477633,train,-0.019144125
2024-06-18,EFA,0.00063711265,0.0006047888,3.232388e-05,train,-0.016369868
2024-06-18,IWM,-0.0042431685,-0.019116778,0.014873609,train,0.0044628857
2024-06-18,SPY,-0.0027199902,-0.0047625694,0.0020425792,train,-0.004795213
2024-06-18,TLT,-0.0066826288,-0.041418575,0.034735948,train,-0.0043441337
2024-06-20,EFA,-0.007031075,-0.016486073,0.009454997,train,0.0006047888
2024-06-20,IWM,0.0022485938,0.01313554,0.010886947,train,-0.019116778
2024-06-20,SPY,-0.0013418298,0.0011177668,0.0024595966,train,-0.0047625694
2024-06-20,TLT,0.0,-0.0057967138,0.0057967138,train,-0.041418575
2024-06-21,EFA,0.007922372,-0.0037027476,0.0116251195,train,-0.016486073
2024-06-21,IWM,0.0043330635,-0.020562664,0.024895728,train,0.01313554
2024-06-21,SPY,-0.003255972,-0.002775251,0.000480721,train,0.0011177668
2024-06-21,TLT,0.0040360857,0.012282661,0.0082465755,train,-0.0057967138
2024-06-24,EFA,0.0024154258,0.02240035,0.019984923,train,-0.0037027476
2024-06-24,IWM,-0.0032853752,-0.008925128,0.0056397524,train,-0.020562664
2024-06-24,SPY,0.0038437287,-0.0031292066,0.006972935,train,-0.002775251
2024-06-24,TLT,0.0016946116,0.0132793905,0.011584779,train,0.012282661
2024-06-25,EFA,-0.0073913983,0.004843586,0.012234984,train,0.02240035
2024-06-25,IWM,-0.002646124,-0.009076654,0.00643053,train,-0.008925128
2024-06-25,SPY,0.0012472821,0.0018675225,0.00062024035,train,-0.0031292066
2024-06-25,TLT,-0.014388706,-0.0087197,0.005669005,train,0.0132793905
2024-06-26,EFA,0.00076708465,-0.009728669,0.010495754,train,0.004843586
2024-06-26,IWM,0.010097398,-0.022549473,0.032646872,train,-0.009076654
2024-06-26,SPY,0.0015752037,-0.0032517468,0.0048269504,train,0.0018675225
2024-06-26,TLT,0.003964343,-0.0017059436,0.0056702867,train,-0.0087197
2024-06-27,EFA,0.0011497294,0.0061967857,0.0050470564,train,-0.009728669
2024-06-27,IWM,0.0040991735,0.0013644528,0.0027347207,train,-0.022549473
2024-06-27,SPY,-0.003942957,0.004104621,0.008047578,train,-0.0032517468
2024-06-27,TLT,-0.01878095,0.027638476,0.046419427,train,-0.0017059436
2024-06-28,EFA,0.0017855611,-0.00036462676,0.0021501877,train,0.0061967857
2024-06-28,IWM,-0.008414185,-0.025511276,0.017097091,train,0.0013644528
2024-06-28,SPY,0.002056107,0.016362172,0.014306065,train,0.004104621
2024-06-28,TLT,-0.017409705,0.0068336464,0.024243351,train,0.027638476
2024-07-01,EFA,0.0024185004,0.00081600994,0.0016024904,train,-0.00036462676
2024-07-01,IWM,0.0034237287,-0.00092710275,0.0043508317,train,-0.025511276
2024-07-01,SPY,0.0067069884,0.014391878,0.0076848892,train,0.016362172
2024-07-01,TLT,0.0077552292,-0.018278083,0.026033312,train,0.0068336464
2024-07-02,EFA,0.011376604,-0.017710522,0.029087126,train,0.00081600994
2024-07-02,IWM,-0.0002476425,0.008326902,0.008574544,train,-0.00092710275
2024-07-02,SPY,0.0044527757,0.0049429247,0.000490149,train,0.014391878
2024-07-02,TLT,0.013048116,0.036511205,0.023463089,train,-0.018278083
2024-07-03,EFA,0.0066395863,0.0014934074,0.005146179,train,-0.017710522
2024-07-03,IWM,-0.0047679204,-0.0075078914,0.002739971,train,0.008326902
2024-07-03,SPY,0.0057499805,0.015500118,0.009750137,train,0.0049429247
2024-07-03,TLT,0.008244528,0.016788222,0.008543693,train,0.036511205
2024-07-05,EFA,-0.0050068363,-0.0087197,0.0037128641,train,0.0014934074
2024-07-05,IWM,0.0069950353,0.001975459,0.0050195763,train,-0.0075078914
2024-07-05,SPY,0.0011531577,-0.0053248354,0.006477993,train,0.015500118
2024-07-05,TLT,0.0021583533,0.007241559,0.005083206,train,0.016788222
2024-07-08,EFA,-0.0040236576,-0.011603458,0.0075798,train,-0.0087197
2024-07-08,IWM,-0.0043599624,0.028918605,0.03327857,train,0.001975459
2024-07-08,SPY,0.0009720449,-0.0038033254,0.0047753705,train,-0.0053248354
2024-07-08,TLT,-0.004429862,-0.0030446025,0.0013852594,train,0.007241559
2024-07-09,EFA,0.014012386,-0.009721919,0.023734305,train,-0.011603458
2024-07-09,IWM,0.009733898,0.023088891,0.013354993,train,0.028918605
2024-07-09,SPY,0.009846554,-0.0048527815,0.014699336,train,-0.0038033254
2024-07-09,TLT,0.003135427,-0.0052253306,0.0083607575,train,-0.0030446025
2024-07-10,EFA,0.0028534543,-0.011443144,0.014296598,train,-0.009721919
2024-07-10,IWM,0.035313427,0.008080519,0.027232908,train,0.023088891
2024-07-10,SPY,-0.008659992,-0.0059802467,0.0026797457,train,-0.0048527815
2024-07-10,TLT,0.009668149,-0.0009870147,0.010655164,train,-0.0052253306
2024-07-11,EFA,0.01059786,-0.0087197,0.01931756,train,-0.011443144
2024-07-11,IWM,0.011608892,0.008265435,0.0033434574,train,0.008080519
2024-07-11,SPY,0.0062878667,-0.012399115,0.018686982,train,-0.0059802467
2024-07-11,TLT,0.0042671524,-0.0048318296,0.009098982,train,-0.0009870147
2024-07-12,EFA,-0.008864923,-0.014722703,0.0058577796,train,-0.0087197
2024-07-12,IWM,0.018823449,-0.0013895757,0.020213025,train,0.008265435
2024-07-12,SPY,0.0027462915,-0.007090021,0.009836312,train,-0.012399115
2024-07-12,TLT,-0.011563169,-0.017542556,0.005979387,train,-0.0048318296
2024-07-15,EFA,0.004811545,-0.011679973,0.016491517,train,-0.014722703
2024-07-15,IWM,0.033548392,0.0017715571,0.031776834,train,-0.0013895757
2024-07-15,SPY,0.0059127957,-0.0060405345,0.01195333,train,-0.007090021
2024-07-15,TLT,0.014008566,0.002964681,0.011043885,train,-0.017542556
2024-07-16,EFA,-0.0053063636,-0.0087197,0.0034133368,train,-0.011679973
2024-07-16,IWM,-0.01051819,0.0063138204,0.01683201,train,0.0017715571
2024-07-16,SPY,-0.014120612,-0.006320876,0.007799736,train,-0.0060405345
2024-07-16,TLT,0.00021224743,0.005788834,0.0055765864,train,0.002964681
2024-07-17,EFA,-0.00994794,-0.0087197,0.0012282394,train,-0.0087197
2024-07-17,IWM,-0.019537188,0.012109493,0.03164668,train,0.0063138204
2024-07-17,SPY,-0.0077145435,0.010369911,0.018084455,train,-0.006320876
2024-07-17,TLT,-0.0076732,-0.025262501,0.0175893,train,0.005788834
2024-07-18,EFA,-0.0061423187,-0.00947294,0.0033306214,train,-0.0087197
2024-07-18,IWM,-0.0051059155,0.0072475364,0.012353452,train,0.012109493
2024-07-18,SPY,-0.006662658,-0.006025154,0.0006375038,train,0.010369911
2024-07-18,TLT,-0.0059018517,-0.0075597325,0.0016578808,train,-0.025262501
2024-07-19,EFA,0.010506761,-0.008176432,0.018683193,train,-0.00947294
2024-07-19,IWM,0.015785046,-0.05186904,0.06765409,train,0.0072475364
2024-07-19,SPY,0.010257135,-0.011390327,0.02164746,train,-0.006025154
2024-07-19,TLT,-0.002909746,-0.0072505777,0.0043408317,train,-0.0075597325
2024-07-22,EFA,-0.005614747,-0.035064813,0.029450066,train,-0.008176432
2024-07-22,IWM,0.010566431,-0.05001288,0.06057931,train,-0.05186904
2024-07-22,SPY,-0.0015697388,0.018422302,0.01999204,train,-0.011390327
2024-07-22,TLT,-0.0014042602,0.0054827305,0.0068869907,train,-0.0072505777
2024-07-23,EFA,-0.012718178,-0.016525796,0.0038076174,train,-0.035064813
2024-07-23,IWM,-0.021704448,-0.049566153,0.027861705,train,-0.05001288
2024-07-23,SPY,-0.022923453,0.0015194584,0.024442911,train,0.018422302
2024-07-23,TLT,-0.010867281,-0.005223819,0.005643462,train,0.0054827305
2024-07-24,EFA,-0.0063564684,-0.011423699,0.00506723,train,-0.016525796
2024-07-24,IWM,0.0124084195,-0.02673075,0.03913917,train,-0.049566153
2024-07-24,SPY,-0.005223947,0.010571445,0.015795393,train,0.0015194584
2024-07-24,TLT,0.008161512,-0.0070091872,0.015170699,train,-0.005223819
2024-07-25,EFA,0.012672686,-0.012951821,0.025624506,train,-0.011423699
2024-07-25,IWM,0.01641254,0.0029146904,0.013497849,train,-0.02673075
2024-07-25,SPY,0.011137545,-0.014356164,0.02549371,train,0.010571445
2024-07-25,TLT,0.0077729593,-0.0042579947,0.012030954,train,-0.0070091872
2024-07-26,EFA,-0.0044172206,0.0069524655,0.011369687,train,-0.012951821
2024-07-26,IWM,-0.011167353,0.0006337147,0.011801068,train,0.0029146904
2024-07-26,SPY,0.0005876042,0.022568338,0.021980733,train,-0.014356164
2024-07-26,TLT,0.005362416,0.0020612637,0.0033011525,train,-0.0042579947
2024-07-29,EFA,0.0022742285,0.0042512147,0.0019769862,train,0.0069524655
2024-07-29,IWM,0.0037812819,-0.0019588973,0.005740179,train,0.0006337147
2024-07-29,SPY,-0.005079347,0.03619848,0.041277826,train,0.022568338
2024-07-29,TLT,0.0038434456,-0.008804807,0.012648253,train,0.0020612637
2024-07-30,EFA,0.014035215,0.024106652,0.010071437,train,0.0042512147
2024-07-30,IWM,0.0057791746,0.03235132,0.026572144,train,-0.0019588973
2024-07-30,SPY,0.016123772,-0.02348441,0.03960818,train,0.03619848
2024-07-30,TLT,0.010176887,3.6121346e-05,0.010140765,train,-0.008804807
2024-07-31,EFA,-0.026863238,-0.010630685,0.016232554,train,0.024106652
2024-07-31,IWM,-0.033060934,-0.009282398,0.023778535,train,0.03235132
2024-07-31,SPY,-0.014262159,0.012864401,0.02712656,train,-0.02348441
2024-07-31,TLT,0.008587811,-0.009048409,0.01763622,train,3.6121346e-05
2024-08-01,EFA,-0.015847871,-0.014323495,0.0015243758,train,-0.010630685
2024-08-01,IWM,-0.03600857,0.022963796,0.058972366,train,-0.009282398
2024-08-01,SPY,-0.018793888,0.020602878,0.039396767,train,0.012864401
2024-08-01,TLT,0.030686019,0.028359968,0.0023260508,train,-0.009048409
2024-08-02,EFA,-0.022059606,-0.027312696,0.0052530896,train,-0.014323495
2024-08-02,IWM,-0.032694064,-0.039570905,0.006876841,train,0.022963796
2024-08-02,SPY,-0.029556261,0.0014108364,0.030967098,train,0.020602878
2024-08-02,TLT,0.0052770535,0.019049145,0.013772092,train,0.028359968
2024-08-05,EFA,0.0017243709,-0.020285655,0.022010026,train,-0.027312696
2024-08-05,IWM,0.010821527,-0.007869249,0.018690776,train,-0.039570905
2024-08-05,SPY,0.00917752,0.07926999,0.07009247,train,0.0014108364
2024-08-05,TLT,-0.022622606,0.00614068,0.028763287,train,0.019049145
2024-08-06,EFA,0.004760054,-0.015802551,0.020562604,train,-0.020285655
2024-08-06,IWM,-0.011910148,0.07463387,0.086544015,train,-0.007869249
2024-08-06,SPY,-0.0067065605,0.008108285,0.014814846,train,0.07926999
2024-08-06,TLT,-0.0070648436,0.0007066149,0.0077714585,train,0.00614068
2024-08-07,EFA,0.016613737,0.031581473,0.014967736,train,-0.015802551
2024-08-07,IWM,0.024018537,0.022691496,0.0013270415,train,0.07463387
2024-08-07,SPY,0.022854049,-0.016912859,0.039766908,train,0.008108285
2024-08-07,TLT,-0.006170512,0.0069333864,0.013103899,train,0.0007066149
2024-08-08,EFA,0.0038844084,0.031237017,0.027352609,train,0.031581473
2024-08-08,IWM,-0.0020804787,0.063795865,0.06587634,train,0.022691496
2024-08-08,SPY,0.004400229,0.028303586,0.023903357,train,-0.016912859
2024-08-08,TLT,0.00981313,-0.0021529337,0.011966064,train,0.0069333864
2024-08-09,EFA,-0.0009050098,0.015352312,0.016257321,train,0.031237017
2024-08-09,IWM,-0.009049849,-0.007259639,0.0017902097,train,0.063795865
2024-08-09,SPY,0.0005251717,0.009799932,0.00927476,train,0.028303586
2024-08-09,TLT,0.0036292286,-0.08218846,0.08581769,train,-0.0021529337
2024-08-12,EFA,0.017057184,0.03181282,0.014755636,train,0.015352312
2024-08-12,IWM,0.016336896,-0.03145927,0.047796164,train,-0.007259639
2024-08-12,SPY,0.016311856,-0.08462563,0.100937486,train,0.009799932
2024-08-12,TLT,0.0069112713,-0.043283362,0.050194632,train,-0.08218846
2024-08-13,EFA,0.0036808597,-0.005637378,0.009318238,train,0.03181282
2024-08-13,IWM,-0.0062221107,0.055209715,0.061431825,train,-0.03145927
2024-08-13,SPY,0.0031497632,-0.003941117,0.00709088,train,-0.08462563
2024-08-13,TLT,0.006250944,-0.0059831026,0.012234047,train,-0.043283362
2024-08-14,EFA,0.012089345,-0.02450157,0.036590915,train,-0.005637378
2024-08-14,IWM,0.025603274,-0.0005376851,0.026140958,train,0.055209715
2024-08-14,SPY,0.016995074,0.046001963,0.02900689,train,-0.003941117
2024-08-14,TLT,-0.008102834,-0.00625499,0.0018478441,train,-0.0059831026
2024-08-15,EFA,0.0054924176,-0.012242275,0.017734693,train,-0.02450157
2024-08-15,IWM,0.0026375635,0.025937725,0.023300162,train,-0.0005376851
2024-08-15,SPY,0.0022395437,-0.022338286,0.02457783,train,0.046001963
2024-08-15,TLT,0.003495494,-0.0018452359,0.00534073,train,-0.00625499
2024-08-16,EFA,0.012125808,-0.006068248,0.018194055,train,-0.012242275
2024-08-16,IWM,0.012155249,-0.008895561,0.02105081,train,0.025937725
2024-08-16,SPY,0.009515921,0.015250732,0.0057348115,train,-0.022338286
2024-08-16,TLT,0.0046073403,0.019580659,0.014973318,train,-0.0018452359
2024-08-19,EFA,-0.0030793285,-0.00969857,0.006619241,train,-0.006068248
2024-08-19,IWM,-0.011731979,-0.016328597,0.004596618,train,-0.008895561
2024-08-19,SPY,-0.001627451,0.04030349,0.041930944,train,0.015250732
2024-08-19,TLT,0.007936505,0.018837284,0.01090078,train,0.019580659
2024-08-20,EFA,0.00920988,0.062879354,0.053669475,train,-0.00969857
2024-08-20,IWM,0.012939583,-0.010608692,0.023548275,train,-0.016328597
2024-08-20,SPY,0.003430646,0.008536202,0.005105556,train,0.04030349
2024-08-20,TLT,0.0006080456,-0.008968236,0.0095762815,train,0.018837284
2024-08-21,EFA,-0.005884602,-0.0030213096,0.0028632926,train,0.062879354
2024-08-21,IWM,-0.008857478,-0.025362354,0.016504876,train,-0.010608692
2024-08-21,SPY,-0.007879448,-0.015985284,0.008105836,train,0.008536202
2024-08-21,TLT,-0.00997567,-0.0017582877,0.008217382,train,-0.008968236
2024-08-22,EFA,0.018154701,-0.015719378,0.03387408,train,-0.0030213096
2024-08-22,IWM,0.0314355,-0.013007246,0.044442747,train,-0.025362354
2024-08-22,SPY,0.010569369,-0.013746391,0.02431576,train,-0.015985284
2024-08-22,TLT,0.0065260087,-0.019320216,0.025846224,train,-0.0017582877
2024-08-23,EFA,-0.0044775107,0.041028567,0.04550608,train,-0.015719378
2024-08-23,IWM,0.0003174635,-0.032285593,0.032603055,train,-0.013007246
2024-08-23,SPY,-0.0023866564,-0.0038320748,0.0014454185,train,-0.013746391
2024-08-23,TLT,-0.0025442415,0.0149028795,0.017447121,train,-0.019320216
2024-08-26,EFA,0.004598299,-0.033758026,0.038356327,train,0.041028567
2024-08-26,IWM,-0.0077869263,-0.052075535,0.04428861,train,-0.032285593
2024-08-26,SPY,0.0013720744,-0.0077393083,0.009111383,train,-0.0038320748
2024-08-26,TLT,-0.001733629,-0.011935026,0.010201397,train,0.0149028795
2024-08-27,EFA,-0.0035072442,-0.0025777547,0.0009294895,train,-0.033758026
2024-08-27,IWM,-0.0067892666,-0.0016519837,0.005137283,train,-0.052075535
2024-08-27,SPY,-0.0058221817,-0.001471126,0.0043510557,train,-0.0077393083
2024-08-27,TLT,-0.0012254029,-0.011991956,0.010766554,train,-0.011935026
2024-08-28,EFA,0.0037484867,-0.026348732,0.03009722,train,-0.0025777547
2024-08-28,IWM,0.0071091102,-0.0032640016,0.010373112,train,-0.0016519837
2024-08-28,SPY,8.9497036e-05,0.005681798,0.005592301,train,-0.001471126
2024-08-28,TLT,-0.003275855,-0.0070484434,0.0037725884,train,-0.011991956
2024-08-29,EFA,0.0015679639,-0.0044724727,0.0060404367,train,-0.026348732
2024-08-29,IWM,0.005787455,-0.017497018,0.023284473,train,-0.0032640016
2024-08-29,SPY,0.00950087,-0.0029317765,0.012432646,train,0.005681798
2024-08-29,TLT,-0.010720556,-0.0031421809,0.007578375,train,-0.0070484434
2024-08-30,EFA,-0.015912892,0.0030515725,0.018964466,train,-0.0044724727
2024-08-30,IWM,-0.031057293,-0.005552576,0.025504716,train,-0.017497018
2024-08-30,SPY,-0.020793766,0.0009897379,0.021783505,train,-0.0029317765
2024-08-30,TLT,0.016222853,-0.0043461393,0.020568993,train,-0.0031421809
2024-09-03,EFA,-0.0044177542,-0.013089004,0.00867125,train,0.0030515725
2024-09-03,IWM,-0.0016886173,-0.007318441,0.0056298235,train,-0.005552576
2024-09-03,SPY,-0.0020490284,0.006673745,0.008722773,train,0.0009897379
2024-09-03,TLT,0.012807661,-0.02139879,0.03420645,train,-0.0043461393
2024-09-04,EFA,0.00024594893,-0.0007503936,0.0009963425,train,-0.013089004
2024-09-04,IWM,-0.004989306,-0.021474438,0.016485132,train,-0.007318441
2024-09-04,SPY,-0.0024350332,0.003976674,0.006411707,train,0.006673745
2024-09-04,TLT,0.005640052,-0.028504688,0.03414474,train,-0.02139879
2024-09-05,EFA,-0.01899124,0.015047346,0.034038585,train,-0.0007503936
2024-09-05,IWM,-0.019198816,-0.00010691024,0.019091906,train,-0.021474438
2024-09-05,SPY,-0.01697347,0.010083131,0.0270566,train,0.003976674
2024-09-05,TLT,-0.00010046159,-0.0038072816,0.00370682,train,-0.028504688
2024-09-06,EFA,0.009974929,-0.026690144,0.036665075,train,0.015047346
2024-09-06,IWM,0.002786034,-0.020296287,0.023082322,train,-0.00010691024
2024-09-06,SPY,0.0111339735,-0.005580198,0.01671417,train,0.010083131
2024-09-06,TLT,0.0043095397,0.0034304196,0.0008791201,train,-0.0038072816
2024-09-09,EFA,-0.0049750768,-0.0028248774,0.0021501994,train,-0.026690144
2024-09-09,IWM,-0.0008158142,-0.03368221,0.032866396,train,-0.020296287
2024-09-09,SPY,0.004346293,0.039061967,0.034715675,train,-0.005580198
2024-09-09,TLT,0.006976645,-0.008625103,0.015601749,train,0.0034304196
2024-09-10,EFA,0.005967268,0.002078237,0.0038890308,train,-0.0028248774
2024-09-10,IWM,0.0029239506,0.013741202,0.010817251,train,-0.03368221
2024-09-10,SPY,0.010206713,-0.015360943,0.025567656,train,0.039061967
2024-09-10,TLT,-0.00079510984,-0.012512092,0.011716981,train,-0.008625103
2024-09-11,EFA,0.008147121,0.015271195,0.007124074,train,0.002078237
2024-09-11,IWM,0.012793689,-0.021925516,0.034719206,train,0.013741202
2024-09-11,SPY,0.008388046,0.011675884,0.0032878378,train,-0.015360943
2024-09-11,TLT,-0.0046823844,-0.00901582,0.0043334356,train,-0.012512092
2024-09-12,EFA,0.0023331672,0.00083069224,0.001502475,train,0.015271195
2024-09-12,IWM,0.024368672,-0.014099679,0.03846835,train,-0.021925516
2024-09-12,SPY,0.005209041,-0.021158334,0.026367374,train,0.011675884
2024-09-12,TLT,0.0026924475,-0.00615903,0.008851478,train,-0.00901582
2024-09-13,EFA,0.0080626225,-0.009924396,0.017987018,train,0.00083069224
2024-09-13,IWM,0.0035907924,0.037651908,0.034061115,train,-0.014099679
2024-09-13,SPY,0.001475992,-0.013524773,0.015000764,train,-0.021158334
2024-09-13,TLT,0.009120939,-0.0087197,0.017840639,train,-0.00615903
2024-09-16,EFA,-0.005612472,0.01349946,0.019111931,train,-0.009924396
2024-09-16,IWM,0.00823765,0.0014497796,0.00678787,train,0.037651908
2024-09-16,SPY,0.00040847703,0.00075167324,0.0003431962,train,-0.013524773
2024-09-16,TLT,-0.0048474795,-0.012651116,0.007803636,train,-0.0087197
2024-09-17,EFA,-0.0031862692,-0.01819703,0.015010761,train,0.01349946
2024-09-17,IWM,0.00018216138,0.011593458,0.011411297,train,0.0014497796
2024-09-17,SPY,-0.002970338,-0.005914351,0.0029440129,train,0.00075167324
2024-09-17,TLT,-0.012473324,-0.0060092667,0.0064640576,train,-0.012651116
2024-09-18,EFA,0.019569065,-0.0047380924,0.024307158,train,-0.01819703
2024-09-18,IWM,0.02038776,0.014060999,0.00632676,train,0.011593458
2024-09-18,SPY,0.016920548,-0.0036717532,0.020592302,train,-0.005914351
2024-09-18,TLT,-0.003319085,-0.00042274594,0.0028963392,train,-0.0060092667
2024-09-19,EFA,-0.009919027,0.006353546,0.016272573,train,-0.0047380924
2024-09-19,IWM,-0.010773446,0.0143977115,0.025171157,train,0.014060999
2024-09-19,SPY,-0.001730104,0.0031728642,0.004902968,train,-0.0036717532
2024-09-19,TLT,-0.0038354688,-0.004617053,0.0007815843,train,-0.00042274594
2024-09-20,EFA,0.0037615134,0.051034,0.047272485,train,0.006353546
2024-09-20,IWM,-0.0036624672,-0.008358843,0.0046963757,train,0.0143977115
2024-09-20,SPY,0.0024955536,-0.022479996,0.02497555,train,0.0031728642
2024-09-20,TLT,-0.0021261552,-0.0072438344,0.005117679,train,-0.004617053
2024-09-23,EFA,0.0059167454,0.07158764,0.06567089,train,0.051034
2024-09-23,IWM,0.0016746692,-0.024032554,0.025707223,train,-0.008358843
2024-09-23,SPY,0.0028572849,-0.017538415,0.0203957,train,-0.022479996
2024-09-23,TLT,-0.00020260122,0.037075624,0.037278224,train,-0.0072438344
2024-09-24,EFA,-0.0054325084,0.01923826,0.024670769,train,0.07158764
2024-09-24,IWM,-0.012272289,-0.011393502,0.00087878667,train,-0.024032554
2024-09-24,SPY,-0.0022079553,-0.0028202045,0.00061224913,train,-0.017538415
2024-09-24,TLT,-0.0083471,0.050182406,0.058529504,train,0.037075624
2024-09-25,EFA,0.021792186,-0.00064223446,0.02243442,train,0.01923826
2024-09-25,IWM,0.0053145457,0.005577923,0.0002633771,train,-0.011393502
2024-09-25,SPY,0.003956872,-0.0065770396,0.010533912,train,-0.0028202045
2024-09-25,TLT,0.0023481702,0.015450663,0.013102492,train,0.050182406
2024-09-26,EFA,-0.006059044,-0.03974521,0.03368617,train,-0.00064223446
2024-09-26,IWM,0.0067398795,-0.031460512,0.038200393,train,0.005577923
2024-09-26,SPY,-0.0014513632,0.0023343544,0.0037857178,train,-0.0065770396
2024-09-26,TLT,0.0051875357,0.04742907,0.042241536,train,0.015450663
2024-09-27,EFA,-0.003461516,-0.01768795,0.014226435,train,-0.03974521
2024-09-27,IWM,0.002538446,-0.016307993,0.01884644,train,-0.031460512
2024-09-27,SPY,0.003999258,0.0020579519,0.001941306,train,0.0023343544
2024-09-27,TLT,-0.0047796876,0.020499572,0.02527926,train,0.04742907
2024-09-30,EFA,-0.007441243,-0.008318372,0.0008771289,train,-0.01768795
2024-09-30,IWM,-0.013674489,-0.0017614989,0.01191299,train,-0.016307993
2024-09-30,SPY,-0.008998699,0.00027887337,0.009277572,train,0.0020579519
2024-09-30,TLT,0.0071941046,-0.0077425754,0.01493668,train,0.020499572
2024-10-01,EFA,-0.0020501525,-0.01263196,0.010581808,train,-0.008318372
2024-10-01,IWM,-0.0013778895,0.0042324895,0.005610379,train,-0.0017614989
2024-10-01,SPY,0.00042193278,0.014669825,0.014247892,train,0.00027887337
2024-10-01,TLT,-0.008462837,-0.011009661,0.0025468236,train,-0.0077425754
2024-10-02,EFA,-0.00933842,-0.015908156,0.0065697357,train,-0.01263196
2024-10-02,IWM,-0.0067323796,-0.019208595,0.012476215,train,0.0042324895
2024-10-02,SPY,-0.0018299898,0.024127912,0.025957901,train,0.014669825
2024-10-02,TLT,-0.009465214,-0.026376378,0.016911164,train,-0.011009661
2024-10-03,EFA,0.0058316966,-0.017461665,0.023293361,train,-0.015908156
2024-10-03,IWM,0.013876324,-0.026883353,0.040759675,train,-0.019208595
2024-10-03,SPY,0.009046357,0.013365258,0.0043189013,train,0.024127912
2024-10-03,TLT,-0.012377248,-0.019695543,0.0073182946,train,-0.026376378
2024-10-04,EFA,-0.0055881226,-0.008460825,0.0028727027,train,-0.017461665
2024-10-04,IWM,-0.0078795105,-0.002522021,0.0053574895,train,-0.026883353
2024-10-04,SPY,-0.009081603,-0.012062171,0.0029805675,train,0.013365258
2024-10-04,TLT,-0.007564014,-0.0063184127,0.0012456011,train,-0.019695543
2024-10-07,EFA,-0.0015847816,-0.021955825,0.020371044,train,-0.008460825
2024-10-07,IWM,0.00068976014,0.0006762985,1.34616275e-05,train,-0.002522021
2024-10-07,SPY,0.009413093,0.009264317,0.00014877599,train,-0.012062171
2024-10-07,TLT,0.0016859192,-0.020919308,0.022605227,train,-0.0063184127
2024-10-08,EFA,0.00024399861,-0.020484664,0.020728663,train,-0.021955825
2024-10-08,IWM,0.002203487,0.0007683877,0.0014350994,train,0.0006762985
2024-10-08,SPY,0.006902637,-0.006687605,0.013590242,train,0.009264317
2024-10-08,TLT,-0.0057011056,-0.053540513,0.047839407,train,-0.020919308
2024-10-09,EFA,-0.0012205889,0.010042914,0.011263503,train,-0.020484664
2024-10-09,IWM,-0.005564201,0.0010552928,0.006619494,train,0.0007683877
2024-10-09,SPY,-0.0017515515,0.0020007426,0.003752294,train,-0.006687605
2024-10-09,TLT,-0.0039252187,0.0026499256,0.0065751444,train,-0.053540513
2024-10-10,EFA,0.0051164916,-0.002754204,0.007870696,train,0.010042914
2024-10-10,IWM,0.020132562,0.0014102664,0.018722296,train,0.0010552928
2024-10-10,SPY,0.005970232,0.010197253,0.004227021,train,0.0020007426
2024-10-10,TLT,-0.00404726,0.009522076,0.013569336,train,0.0026499256
2024-10-11,EFA,0.0029119016,-0.00023665,0.0031485516,train,-0.002754204
2024-10-11,IWM,0.0073397555,-0.006611244,0.013951,train,0.0014102664
2024-10-11,SPY,0.008145151,0.0010183109,0.00712684,train,0.010197253
2024-10-11,TLT,0.0007468139,-0.0037684152,0.0045152293,train,0.009522076
2024-10-14,EFA,-0.016737435,-0.0047228145,0.01201462,train,-0.00023665
2024-10-14,IWM,0.0008073333,-0.0045762747,0.005383608,train,-0.006611244
2024-10-14,SPY,-0.0077999085,0.0048002377,0.012600146,train,0.0010183109
2024-10-14,TLT,0.012084166,0.0013445308,0.010739635,train,-0.0037684152
2024-10-15,EFA,0.0025838458,0.022076689,0.019492842,train,-0.0047228145
2024-10-15,IWM,0.016318342,-0.005516208,0.021834549,train,-0.0045762747
2024-10-15,SPY,0.004336996,-0.0009825598,0.0053195558,train,0.0048002377
2024-10-15,TLT,0.004205514,-0.0027535483,0.0069590625,train,0.0013445308
2024-10-16,EFA,0.00012282704,0.03254341,0.032420583,train,0.022076689
2024-10-16,IWM,-0.002738188,-0.021416197,0.01867801,train,-0.005516208
2024-10-16,SPY,8.57589e-05,0.02072807,0.020642312,train,-0.0009825598
2024-10-16,TLT,-0.015969627,-0.025844105,0.009874478,train,-0.0027535483
2024-10-17,EFA,0.0067349984,0.021496397,0.014761398,train,0.03254341
2024-10-17,IWM,-0.002080691,0.010997969,0.01307866,train,-0.021416197
2024-10-17,SPY,0.0038391575,-0.0050054668,0.008844624,train,0.02072807
2024-10-17,TLT,0.0007460179,-0.01936382,0.020109838,train,-0.025844105
2024-10-18,EFA,-0.011908648,0.0273082,0.039216846,train,0.021496397
2024-10-18,IWM,-0.015857292,-0.0084259845,0.007431308,train,0.010997969
2024-10-18,SPY,-0.0016435336,-0.004683742,0.0030402082,train,-0.0050054668
2024-10-18,TLT,-0.017625505,-0.056608383,0.038982876,train,-0.01936382
2024-10-21,EFA,-0.0056972783,-0.014895225,0.009197947,train,0.0273082
2024-10-21,IWM,-0.0037892577,-0.007894286,0.004105028,train,-0.0084259845
2024-10-21,SPY,-0.0005312731,-0.0029825852,0.0024513123,train,-0.004683742
2024-10-21,TLT,0.0009753439,-0.00764692,0.0086222645,train,-0.056608383
2024-10-22,EFA,-0.010111851,-0.01651434,0.0064024897,train,-0.014895225
2024-10-22,IWM,-0.009171531,-0.002775637,0.0063958936,train,-0.007894286
2024-10-22,SPY,-0.009179503,-0.0021254001,0.0070541026,train,-0.0029825852
2024-10-22,TLT,-0.0027117585,-0.06829981,0.06558805,train,-0.00764692
2024-10-23,EFA,0.0056304024,-0.017363485,0.022993887,train,-0.01651434
2024-10-23,IWM,0.002187033,-0.046591748,0.04877878,train,-0.002775637
2024-10-23,SPY,0.0021605042,0.0005053934,0.0016551109,train,-0.0021254001
2024-10-23,TLT,0.0063879467,-0.018257324,0.02464527,train,-0.06829981
2024-10-24,EFA,-0.003374516,-0.034919575,0.031545058,train,-0.017363485
2024-10-24,IWM,-0.0037847066,-0.012863728,0.009079021,train,-0.046591748
2024-10-24,SPY,-0.00034545705,0.0020293435,0.0023748006,train,0.0005053934
2024-10-24,TLT,-0.00562774,-0.012455903,0.006828163,train,-0.018257324
2024-10-25,EFA,0.0079801185,-0.027581438,0.035561558,train,-0.034919575
2024-10-25,IWM,0.016178004,-0.010478188,0.026656192,train,-0.012863728
2024-10-25,SPY,0.003086691,0.00320651,0.00011981907,train,0.0020293435
2024-10-25,TLT,-0.002717063,-0.024979763,0.0222627,train,-0.012455903
2024-10-28,EFA,-0.0036081437,-0.009495601,0.005887457,train,-0.027581438
2024-10-28,IWM,-0.0032417823,-0.024488963,0.02124718,train,-0.010478188
2024-10-28,SPY,0.0016169437,0.016087577,0.014470633,train,0.00320651
2024-10-28,TLT,0.0015221051,-0.030507974,0.03203008,train,-0.024979763
2024-10-29,EFA,-0.006502345,-0.018978374,0.012476029,train,-0.009495601
2024-10-29,IWM,-0.0013539494,-0.032773517,0.031419568,train,-0.024488963
2024-10-29,SPY,-0.003029778,-0.0066473745,0.0036175966,train,0.016087577
2024-10-29,TLT,0.0029297906,0.002422154,0.0005076367,train,-0.030507974
2024-10-30,EFA,-0.0061661783,-0.017404329,0.01123815,train,-0.018978374
2024-10-30,IWM,-0.016758101,-0.011318508,0.0054395935,train,-0.032773517
2024-10-30,SPY,-0.019797662,-0.004852366,0.014945297,train,-0.0066473745
2024-10-30,TLT,0.0016239015,0.0063077277,0.004683826,train,0.002422154
2024-10-31,EFA,0.0020174093,0.012346362,0.010328952,train,-0.017404329
2024-10-31,IWM,0.005586812,-0.012870066,0.018456878,train,-0.011318508
2024-10-31,SPY,0.0042115157,-0.0046184845,0.00883,train,-0.004852366
2024-10-31,TLT,-0.014198755,0.0015433226,0.015742078,train,0.0063077277
2024-11-01,EFA,0.0007556947,-0.032006733,0.032762427,train,0.012346362
2024-11-01,IWM,0.005056291,-0.0032382067,0.008294498,train,-0.012870066
2024-11-01,SPY,-0.0021563312,0.01729292,0.019449253,train,-0.0046184845
2024-11-01,TLT,0.015402662,-0.01998942,0.035392083,train,0.0015433226
2024-11-04,EFA,0.00989542,-0.014888893,0.024784312,train,-0.032006733
2024-11-04,IWM,0.018635651,0.005324737,0.013310914,train,-0.0032382067
2024-11-04,SPY,0.012019311,0.01075922,0.0012600906,train,0.01729292
2024-11-04,TLT,0.0052977153,-0.0075162305,0.012813946,train,-0.01998942
2024-11-05,EFA,-0.014563884,-0.0001522582,0.014411625,train,-0.014888893
2024-11-05,IWM,0.056315716,0.031050753,0.025264964,train,0.005324737
2024-11-05,SPY,0.024561431,0.024610214,4.8782676e-05,train,0.01075922
2024-11-05,TLT,-0.027770571,-0.018491592,0.009278979,train,-0.0075162305
2024-11-06,EFA,0.015062341,-0.026282862,0.0413452,train,-0.0001522582
2024-11-06,IWM,-0.0035472428,0.060709205,0.064256445,train,0.031050753
2024-11-06,SPY,0.007702438,-0.0037246146,0.011427052,train,0.024610214
2024-11-06,TLT,0.012450096,-0.035271052,0.047721148,train,-0.018491592
2024-11-07,EFA,-0.013924673,0.027086299,0.041010972,train,-0.026282862
2024-11-07,IWM,0.007333958,0.002021038,0.00531292,train,0.060709205
2024-11-07,SPY,0.004322552,-0.0056635267,0.009986078,train,-0.0037246146
2024-11-07,TLT,0.012621015,-0.0047257906,0.017346807,train,-0.035271052
2024-11-08,EFA,0.00025252692,-0.038568504,0.03882103,train,0.027086299
2024-11-08,IWM,0.014922609,0.0024389392,0.012483669,train,0.002021038
2024-11-08,SPY,0.0009522631,-0.0052540638,0.0062063267,train,-0.0056635267
2024-11-08,TLT,-0.0048772376,0.048867293,0.053744532,train,-0.0047257906
2024-11-11,EFA,-0.018739864,-0.043004937,0.024265073,train,-0.038568504
2024-11-11,IWM,-0.017698161,0.0023847185,0.02008288,train,0.0024389392
2024-11-11,SPY,-0.0031113073,-0.02042382,0.017312514,train,-0.0052540638
2024-11-11,TLT,-0.015107159,-0.0057323193,0.009374839,train,0.048867293
2024-11-12,EFA,-0.005936995,-0.010353713,0.004416718,train,-0.043004937
2024-11-12,IWM,-0.009945695,0.009662175,0.01960787,train,0.0023847185
2024-11-12,SPY,0.0004857817,-0.019556295,0.020042077,train,-0.02042382
2024-11-12,TLT,-0.009531063,-0.051565576,0.042034514,train,-0.0057323193
2024-11-13,EFA,0.002069114,-0.02128488,0.023353994,train,-0.010353713
2024-11-13,IWM,-0.013574797,-0.07265932,0.059084523,train,0.009662175
2024-11-13,SPY,-0.0064509045,-0.01448774,0.008036835,train,-0.019556295
2024-11-13,TLT,0.005773933,0.00561013,0.00016380334,train,-0.051565576
2024-11-14,EFA,-0.003623764,-0.010478879,0.0068551153,train,-0.02128488
2024-11-14,IWM,-0.015029965,-0.052354034,0.03732407,train,-0.07265932
2024-11-14,SPY,-0.012891441,-0.01973099,0.00683955,train,-0.01448774
2024-11-14,TLT,-0.0026610333,0.014363625,0.017024659,train,0.00561013
2024-11-15,EFA,0.0054307333,-0.03736585,0.042796582,train,-0.010478879
2024-11-15,IWM,0.0019675395,-0.073266774,0.07523432,train,-0.052354034
2024-11-15,SPY,0.0040890635,-0.0020220522,0.0061111157,train,-0.01973099
2024-11-15,TLT,0.0017747788,0.0055807056,0.0038059268,train,0.014363625
2024-11-18,EFA,-0.0012903592,-0.03530154,0.03401118,train,-0.03736585
2024-11-18,IWM,0.007398544,-0.01968608,0.027084624,train,-0.073266774
2024-11-18,SPY,0.0036488697,0.00094196945,0.0027069002,train,-0.0020220522
2024-11-18,TLT,0.0050846455,0.04647845,0.041393805,train,0.0055807056
2024-11-19,EFA,-0.0027151343,-0.016010504,0.01329537,train,-0.03530154
2024-11-19,IWM,0.001299832,0.022114042,0.02081421,train,-0.01968608
2024-11-19,SPY,0.00033876358,0.0011667041,0.00082794053,train,0.00094196945
2024-11-19,TLT,-0.0032024719,0.05429482,0.057497293,train,0.04647845
2024-11-20,EFA,0.000258907,-0.0043920064,0.0046509136,train,-0.016010504
2024-11-20,IWM,0.015085133,0.03671817,0.021633038,train,0.022114042
2024-11-20,SPY,0.005353738,-0.025063682,0.03041742,train,0.0011667041
2024-11-20,TLT,-0.00077456795,-0.020891052,0.020116484,train,0.05429482
2024-11-21,EFA,0.0038754793,0.018237308,0.014361829,train,-0.0043920064
2024-11-21,IWM,0.018301025,-0.0010032495,0.019304276,train,0.03671817
2024-11-21,SPY,0.0030948112,-0.0070024924,0.010097303,train,-0.025063682
2024-11-21,TLT,0.00055320904,-0.0016549071,0.0022081162,train,-0.020891052
2024-11-22,EFA,0.0051439838,-0.008538104,0.013682088,train,0.018237308
2024-11-22,IWM,0.015088592,-0.00014090724,0.015229499,train,-0.0010032495
2024-11-22,SPY,0.0033863294,-0.006309106,0.009695435,train,-0.0070024924
2024-11-22,TLT,0.025558488,0.032776512,0.0072180238,train,-0.0016549071
2024-11-25,EFA,-0.005788821,-0.012741956,0.006953135,train,-0.008538104
2024-11-25,IWM,-0.007370372,0.0041631637,0.011533536,train,-0.00014090724
2024-11-25,SPY,0.0052079842,-0.0060039945,0.011211978,train,-0.006309106
2024-11-25,TLT,-0.0038897195,-0.0487477,0.04485798,train,0.032776512
2024-11-26,EFA,0.005403974,-0.03171461,0.037118584,train,-0.012741956
2024-11-26,IWM,0.0013705133,0.0023678476,0.0009973343,train,0.0041631637
2024-11-26,SPY,-0.0030347626,-0.0052866526,0.00225189,train,-0.0060039945
2024-11-26,TLT,0.0069046696,0.019931313,0.013026644,train,-0.0487477
2024-11-27,EFA,0.013257114,0.0060284184,0.007228696,train,-0.03171461
2024-11-27,IWM,0.003810877,0.004964633,0.0011537559,train,0.0023678476
2024-11-27,SPY,0.006192899,-0.0057140696,0.011906968,train,-0.0052866526
2024-11-27,TLT,0.010268602,0.02437837,0.014109769,train,0.019931313
2024-11-29,EFA,0.002781972,-0.042673465,0.045455437,train,0.0060284184
2024-11-29,IWM,-0.00049620355,0.0069174496,0.007413653,train,0.004964633
2024-11-29,SPY,0.0017906061,-0.0058080796,0.0075986856,train,-0.0057140696
2024-11-29,TLT,0.0023997885,0.020343836,0.017944047,train,0.02437837
2024-12-02,EFA,0.0056663593,0.004696317,0.0009700423,train,-0.042673465
2024-12-02,IWM,-0.007140258,-0.008356291,0.001216033,train,0.0069174496
2024-12-02,SPY,0.00046374628,-0.013631321,0.014095067,train,-0.0058080796
2024-12-02,TLT,-0.008666585,-0.0035277838,0.0051388014,train,0.020343836
2024-12-03,EFA,0.00075312797,0.03562759,0.03487446,train,0.004696317
2024-12-03,IWM,0.0035764696,-0.003965684,0.007542154,train,-0.008356291
2024-12-03,SPY,0.0061904197,-0.0051542865,0.011344707,train,-0.013631321
2024-12-03,TLT,0.010688588,-0.008583143,0.019271731,train,-0.0035277838
2024-12-04,EFA,0.0048814043,-0.006303328,0.011184732,train,0.03562759
2024-12-04,IWM,-0.011733639,-0.013168541,0.0014349017,train,-0.003965684
2024-12-04,SPY,-0.0016470625,-0.006481602,0.0048345393,train,-0.0051542865
2024-12-04,TLT,0.0020180086,0.041295446,0.039277438,train,-0.008583143
2024-12-05,EFA,-0.00012482086,-0.01446141,0.01433659,train,-0.006303328
2024-12-05,IWM,0.0035638676,-0.027252916,0.030816784,train,-0.013168541
2024-12-05,SPY,0.0018938881,-0.005071698,0.0069655864,train,-0.006481602
2024-12-05,TLT,0.0014844196,-0.010323733,0.011808152,train,0.041295446
2024-12-06,EFA,-0.0006245383,-0.007114404,0.0064898655,train,-0.01446141
2024-12-06,IWM,-0.005035084,-0.0056143603,0.0005792761,train,-0.027252916
2024-12-06,SPY,-0.005162974,-0.0028813956,0.0022815783,train,-0.005071698
2024-12-06,TLT,-0.009260024,-0.020015031,0.010755007,train,-0.010323733
2024-12-09,EFA,-0.009037395,-0.0036531491,0.005384246,train,-0.007114404
2024-12-09,IWM,-0.004342007,-0.033494696,0.02915269,train,-0.0056143603
2024-12-09,SPY,-0.003113794,-0.0024749208,0.0006388731,train,-0.0028813956
2024-12-09,TLT,-0.0047158613,0.0045819953,0.009297857,train,-0.020015031
2024-12-10,EFA,0.0062845624,-0.015244925,0.021529488,train,-0.0036531491
2024-12-10,IWM,0.0045104064,-0.016864557,0.021374963,train,-0.033494696
2024-12-10,SPY,0.007700951,-0.0034774155,0.011178367,train,-0.0024749208
2024-12-10,TLT,-0.009499145,0.007439832,0.016938977,train,0.0045819953
2024-12-11,EFA,-0.008809468,-0.010444391,0.0016349228,train,-0.015244925
2024-12-11,IWM,-0.013081105,0.01636098,0.029442085,train,-0.016864557
2024-12-11,SPY,-0.005166058,-0.0075156195,0.0023495615,train,-0.0034774155
2024-12-11,TLT,-0.01222192,0.0007095309,0.012931451,train,0.007439832
2024-12-12,EFA,-0.0027848908,-0.015783992,0.012999101,train,-0.010444391
2024-12-12,IWM,-0.006883867,0.027023885,0.033907752,train,0.01636098
2024-12-12,SPY,-0.00019851068,-0.0039192783,0.0037207676,train,-0.0075156195
2024-12-12,TLT,-0.010263351,-0.013310833,0.003047482,train,0.0007095309
2024-12-13,EFA,-0.003301163,-0.0067874137,0.0034862508,train,-0.015783992
2024-12-13,IWM,0.005860786,0.0030491753,0.0028116107,train,0.027023885
2024-12-13,SPY,0.004260851,-0.0051186057,0.009379457,train,-0.0039192783
2024-12-13,TLT,0.0029905955,-0.030054156,0.03304475,train,-0.013310833
2024-12-16,EFA,-0.0015868255,-0.020192605,0.01860578,train,-0.0067874137
2024-12-16,IWM,-0.011514357,-0.030413233,0.018898875,train,0.0030491753
2024-12-16,SPY,-0.0041285744,0.0019034594,0.006032034,train,-0.0051186057
2024-12-16,TLT,0.002430252,0.034931514,0.03250126,train,-0.030054156
2024-12-17,EFA,-0.024837831,0.00570652,0.030544352,train,-0.020192605
2024-12-17,IWM,-0.045282338,0.009002128,0.054284465,train,-0.030413233
2024-12-17,SPY,-0.030256659,-0.00446317,0.02579349,train,0.0019034594
2024-12-17,TLT,-0.012583362,-0.0011806907,0.011402671,train,0.034931514
2024-12-18,EFA,-0.0031818207,-0.029241413,0.026059592,train,0.00570652
2024-12-18,IWM,-0.0044474043,0.01852531,0.022972714,train,0.009002128
2024-12-18,SPY,-0.0003072672,0.02055215,0.020859418,train,-0.00446317
2024-12-18,TLT,-0.015257047,0.028876055,0.0441331,train,-0.0011806907
2024-12-19,EFA,-0.0027923698,-0.0004677875,0.0023245823,train,-0.029241413
2024-12-19,IWM,0.0093259895,-0.014463638,0.023789627,train,0.01852531
2024-12-19,SPY,0.011939602,-0.019201662,0.031141264,train,0.02055215
2024-12-19,TLT,0.0056779315,0.05123983,0.0455619,train,0.028876055
2024-12-20,EFA,0.0065034064,0.01644152,0.009938113,train,-0.0004677875
2024-12-20,IWM,-0.0023007237,-0.027736858,0.025436133,train,-0.014463638
2024-12-20,SPY,0.005970451,-0.06706479,0.07303524,train,-0.019201662
2024-12-20,TLT,-0.0092145875,0.06526452,0.07447911,train,0.05123983
2024-12-23,EFA,0.0035655524,0.021298096,0.017732544,train,0.01644152
2024-12-23,IWM,0.0089029195,-0.0178667,0.02676962,train,-0.027736858
2024-12-23,SPY,0.011053589,-0.0042827977,0.015336387,train,-0.06706479
2024-12-23,TLT,0.0042197453,0.040520225,0.03630048,train,0.06526452
2024-12-24,EFA,0.0047343452,0.037044067,0.032309722,train,0.021298096
2024-12-24,IWM,0.010198843,-0.0041391375,0.01433798,train,-0.0178667
2024-12-24,SPY,6.664835e-05,0.0056980504,0.005631402,train,-0.0042827977
2024-12-24,TLT,-0.0005693915,0.020776525,0.021345917,train,0.040520225
2024-12-26,EFA,-0.0014441048,-0.015352261,0.013908156,train,0.037044067
2024-12-26,IWM,-0.014685425,-0.026901651,0.012216226,train,-0.0041391375
2024-12-26,SPY,-0.010582393,-0.0031674113,0.0074149817,train,0.0056980504
2024-12-26,TLT,-0.008232276,0.011076727,0.019309003,train,0.020776525
2024-12-27,EFA,-0.006591237,0.017210487,0.023801725,train,-0.015352261
2024-12-27,IWM,-0.007718888,-0.0020341976,0.0056846905,train,-0.026901651
2024-12-27,SPY,-0.011477172,-0.044332318,0.032855146,train,-0.0031674113
2024-12-27,TLT,0.008004501,-0.023626003,0.031630505,train,0.011076727
2024-12-30,EFA,0.0,0.0041103726,0.0041103726,train,0.017210487
2024-12-30,IWM,0.0012680702,0.007823055,0.0065549845,train,-0.0020341976
2024-12-30,SPY,-0.0036447495,-0.009465224,0.0058204746,train,-0.044332318
2024-12-30,TLT,-0.005367226,-0.0128722275,0.0075050015,train,-0.023626003
2024-12-31,EFA,-0.003444585,-0.010010331,0.006565746,train,0.0041103726
2024-12-31,IWM,0.0008142748,0.0010246793,0.00021040445,train,0.007823055
2024-12-31,SPY,-0.0024600134,-0.032942504,0.03048249,train,-0.009465224
2024-12-31,TLT,0.0027442693,0.004891389,0.0021471197,train,-0.0128722275
2025-01-02,EFA,0.00437003,-0.0049121445,0.0092821745,train,-0.010010331
2025-01-02,IWM,0.014767755,-0.01504242,0.029810175,train,0.0010246793
2025-01-02,SPY,0.012425908,0.015934527,0.003508619,train,-0.032942504
2025-01-02,TLT,-0.0032023345,0.005163648,0.008365983,train,0.004891389
2025-01-03,EFA,0.009468743,0.0006259838,0.008842759,train,-0.0049121445
2025-01-03,IWM,0.00040102852,0.109593436,0.10919241,train,-0.01504242
2025-01-03,SPY,0.005744096,0.02714838,0.021404285,train,0.015934527
2025-01-03,TLT,-0.0044779754,-0.036877114,0.03239914,train,0.005163648
2025-01-06,EFA,-0.0007857672,-0.014459881,0.013674114,train,0.0006259838
2025-01-06,IWM,-0.008049486,-0.037714135,0.029664649,train,0.109593436
2025-01-06,SPY,-0.01136841,-0.0020904862,0.009277923,train,0.02714838
2025-01-06,TLT,-0.011341422,-0.057831768,0.046490345,train,-0.036877114
2025-01-07,EFA,-0.0015730782,0.004674689,0.0062477672,train,-0.014459881
2025-01-07,IWM,-0.004545068,-0.02973067,0.025185602,train,-0.037714135
2025-01-07,SPY,0.0014599852,-0.009385549,0.0108455345,train,-0.0020904862
2025-01-07,TLT,0.0012794966,-0.0106862215,0.011965718,train,-0.057831768
2025-01-08,EFA,-0.0153360795,-0.017920867,0.002584787,train,0.004674689
2025-01-08,IWM,-0.022256577,-0.029297937,0.0070413593,train,-0.02973067
2025-01-08,SPY,-0.015385235,-0.03250041,0.017115174,train,-0.009385549
2025-01-08,TLT,-0.0066478336,-0.009160145,0.0025123116,train,-0.0106862215
2025-01-10,EFA,-0.0028016833,-0.031553853,0.02875217,train,-0.017920867
2025-01-10,IWM,0.0019350552,0.044508327,0.042573273,train,-0.029297937
2025-01-10,SPY,0.0015492721,-0.0065357154,0.008084987,train,-0.03250041
2025-01-10,TLT,-0.0003508363,0.02818089,0.028531726,train,-0.009160145
2025-01-13,EFA,0.0036007396,-0.019616276,0.023217015,train,-0.031553853
2025-01-13,IWM,0.011305261,0.06309988,0.051794622,train,0.044508327
2025-01-13,SPY,0.0013750597,0.0043704472,0.0029953877,train,-0.0065357154
2025-01-13,TLT,-0.001640371,0.0025971485,0.0042375196,train,0.02818089
2025-01-14,EFA,0.012698615,-0.014649031,0.027347647,train,-0.019616276
2025-01-14,IWM,0.019470595,0.021814693,0.002344098,train,0.06309988
2025-01-14,SPY,0.018026512,0.00549239,0.012534122,train,0.0043704472
2025-01-14,TLT,0.017088551,5.383976e-06,0.017083168,train,0.0025971485
2025-01-15,EFA,0.0051131337,-0.0013536247,0.0064667584,train,-0.014649031
2025-01-15,IWM,0.002006608,-0.007056874,0.009063482,train,0.021814693
2025-01-15,SPY,-0.0019251008,-0.0025521377,0.0006270369,train,0.00549239
2025-01-15,TLT,0.0032221428,-0.01775968,0.020981824,train,5.383976e-06
2025-01-16,EFA,0.0040456043,-0.0031470908,0.007192695,train,-0.0013536247
2025-01-16,IWM,0.0043115984,-0.010540711,0.01485231,train,-0.007056874
2025-01-16,SPY,0.00998989,-0.016904626,0.026894517,train,-0.0025521377
2025-01-16,TLT,0.001722028,-0.020873357,0.022595385,train,-0.01775968
2025-01-17,EFA,0.019986503,-0.01109443,0.031080933,train,-0.0031470908
2025-01-17,IWM,0.01902308,-0.019934148,0.038957227,train,-0.010540711
2025-01-17,SPY,0.009111816,-0.00188292,0.010994736,train,-0.016904626
2025-01-17,TLT,0.008906032,-0.003826405,0.012732437,train,-0.020873357
2025-01-21,EFA,-0.002300557,0.028441854,0.03074241,train,-0.01109443
2025-01-21,IWM,-0.0065491796,-0.053573046,0.047023866,train,-0.019934148
2025-01-21,SPY,0.005605776,-0.023126204,0.02873198,train,-0.00188292
2025-01-21,TLT,-0.005242816,-0.015315176,0.01007236,train,-0.003826405
2025-01-22,EFA,0.008155981,-0.015602319,0.0237583,train,0.028441854
2025-01-22,IWM,0.004545299,0.02921553,0.02467023,train,-0.053573046
2025-01-22,SPY,0.005443284,0.013490261,0.008046977,train,-0.023126204
2025-01-22,TLT,-0.0078007616,-0.009141483,0.0013407217,train,-0.015315176
2025-01-23,EFA,0.005568935,-0.0071860934,0.012755029,train,-0.015602319
2025-01-23,IWM,-0.0027946664,0.035024155,0.037818823,train,0.02921553
2025-01-23,SPY,-0.0029235976,0.023814984,0.02673858,train,0.013490261
2025-01-23,TLT,0.0044813934,-0.008666272,0.013147665,train,-0.009141483
2025-01-24,EFA,0.0,-0.008888001,0.008888001,train,-0.0071860934
2025-01-24,IWM,-0.009622379,0.033518244,0.043140624,train,0.035024155
2025-01-24,SPY,-0.014246337,0.02965482,0.043901157,train,0.023814984
2025-01-24,TLT,0.011739805,-0.008111671,0.019851476,train,-0.008666272
2025-01-27,EFA,-0.0012629692,-0.002790498,0.0015275289,train,-0.008888001
2025-01-27,IWM,0.0011030898,0.026089892,0.024986802,train,0.033518244
2025-01-27,SPY,0.0085556265,0.009167991,0.00061236415,train,0.02965482
2025-01-27,TLT,-0.00067987415,-0.028904647,0.028224772,train,-0.008111671
2025-01-28,EFA,-0.00012633477,-0.0087197,0.008593366,train,-0.002790498
2025-01-28,IWM,-0.002295926,0.03455836,0.036854286,train,0.026089892
2025-01-28,SPY,-0.004492944,0.0025883308,0.007081275,train,0.009167991
2025-01-28,TLT,-0.0020428563,-0.009006756,0.0069639003,train,-0.028904647
2025-01-29,EFA,0.010935799,-0.007732801,0.0186686,train,-0.0087197
2025-01-29,IWM,0.010115343,0.01991782,0.0098024765,train,0.03455836
2025-01-29,SPY,0.005352782,0.0041385507,0.0012142314,train,0.0025883308
2025-01-29,TLT,0.0037421754,0.0013066735,0.002435502,train,-0.009006756
2025-01-30,EFA,-0.009420335,-0.0075836033,0.001836732,train,-0.007732801
2025-01-30,IWM,-0.009010802,-0.012260379,0.0032495772,train,0.01991782
2025-01-30,SPY,-0.0053361594,0.0008991482,0.0062353075,train,0.0041385507
2025-01-30,TLT,-0.0065871994,-0.018334288,0.011747088,train,0.0013066735
2025-01-31,EFA,-0.011805987,-0.0073716617,0.0044343253,train,-0.0075836033
2025-01-31,IWM,-0.01176987,0.01064824,0.022418112,train,-0.012260379
2025-01-31,SPY,-0.00675233,-0.009749783,0.0029974533,train,0.0008991482
2025-01-31,TLT,0.0081092045,0.0020856224,0.006023582,train,-0.018334288
2025-02-03,EFA,0.011553652,-0.0115672955,0.023120947,train,-0.0073716617
2025-02-03,IWM,0.013754813,0.015279603,0.0015247902,train,0.01064824
2025-02-03,SPY,0.006685837,-0.0073906854,0.014076523,train,-0.009749783
2025-02-03,TLT,0.0030579704,-0.0070853624,0.010143333,train,0.0020856224
2025-02-04,EFA,0.009672671,-0.008747567,0.018420238,train,-0.0115672955
2025-02-04,IWM,0.010825621,-0.014395887,0.025221508,train,0.015279603
2025-02-04,SPY,0.004046343,0.018929906,0.014883563,train,-0.0073906854
2025-02-04,TLT,0.016375398,0.025341094,0.008965695,train,-0.0070853624
2025-02-05,EFA,0.0047394354,-0.014555834,0.01929527,train,-0.008747567
2025-02-05,IWM,-0.0032747954,-0.0065678274,0.003293032,train,-0.014395887
2025-02-05,SPY,0.0034696267,0.026926879,0.023457251,train,0.018929906
2025-02-05,TLT,-0.00044512577,-0.016093522,0.015648397,train,0.025341094
2025-02-06,EFA,-0.009501241,-0.0005943971,0.008906844,train,-0.014555834
2025-02-06,IWM,-0.011657379,0.0022806507,0.013938029,train,-0.0065678274
2025-02-06,SPY,-0.009195757,0.010192656,0.019388413,train,0.026926879
2025-02-06,TLT,-0.0064762407,-0.008545873,0.002069632,train,-0.016093522
2025-02-07,EFA,0.006760195,-0.0036997423,0.010459937,train,-0.0005943971
2025-02-07,IWM,0.004503029,-0.00022149552,0.0047245244,train,0.0022806507
2025-02-07,SPY,0.006768242,-0.0059407954,0.012709037,train,0.010192656
2025-02-07,TLT,-0.003029063,-0.0018759724,0.0011530907,train,-0.008545873
2025-02-10,EFA,0.0047298977,0.003413736,0.0013161618,train,-0.0036997423
2025-02-10,IWM,-0.0058314023,0.02904629,0.03487769,train,-0.00022149552
2025-02-10,SPY,0.00076041755,0.028780542,0.028020125,train,-0.0059407954
2025-02-10,TLT,-0.0064249695,0.0074081356,0.013833106,train,-0.0018759724
2025-02-11,EFA,0.0037183703,-0.0054905447,0.009208915,train,0.003413736
2025-02-11,IWM,-0.009258573,-0.0019575963,0.0073009767,train,0.02904629
2025-02-11,SPY,-0.003226897,0.016129728,0.019356625,train,0.028780542
2025-02-11,TLT,-0.013662873,-0.0086967,0.0049661724,train,0.0074081356
2025-02-12,EFA,0.012051239,-0.0062736683,0.018324908,train,-0.0054905447
2025-02-12,IWM,0.011206155,-0.00017284695,0.011379002,train,-0.0019575963
2025-02-12,SPY,0.010502334,-0.006362208,0.016864542,train,0.016129728
2025-02-12,TLT,0.016485907,0.0045942916,0.011891616,train,-0.0086967
2025-02-13,EFA,0.0014657665,-0.017652819,0.019118585,train,-0.0062736683
2025-02-13,IWM,-0.0007520825,0.007923552,0.008675634,train,-0.00017284695
2025-02-13,SPY,-4.9222053e-05,0.010349869,0.010399091,train,-0.006362208
2025-02-13,TLT,0.005285921,-0.049775515,0.055061437,train,0.0045942916
2025-02-14,EFA,0.0071753603,-0.0070307255,0.014206085,train,-0.017652819
2025-02-14,IWM,0.005472527,-0.0033988664,0.008871393,train,0.007923552
2025-02-14,SPY,0.0029314717,-0.0023072488,0.00523872,train,0.010349869
2025-02-14,TLT,-0.011847797,0.0029453663,0.014793163,train,-0.049775515
2025-02-18,EFA,-0.010353907,-0.0068513304,0.0035025766,train,-0.0070307255
2025-02-18,IWM,-0.0034388802,-0.0013267784,0.0021121018,train,-0.0033988664
2025-02-18,SPY,0.0023522242,-0.0080901915,0.010442415,train,-0.0023072488
2025-02-18,TLT,0.001247774,-0.0087197,0.009967474,train,0.0029453663
2025-02-19,EFA,0.004642168,-0.011193918,0.015836086,train,-0.0068513304
2025-02-19,IWM,-0.0096297115,-0.0071468707,0.0024828408,train,-0.0013267784
2025-02-19,SPY,-0.004168995,-0.008172645,0.00400365,train,-0.0080901915
2025-02-19,TLT,0.0037340075,0.04544719,0.041713182,train,-0.0087197
2025-02-20,EFA,-0.00623519,0.0069344593,0.01316965,train,-0.011193918
2025-02-20,IWM,-0.02922892,-0.026711967,0.0025169533,train,-0.0071468707
2025-02-20,SPY,-0.017252102,-0.007852197,0.009399906,train,-0.008172645
2025-02-20,TLT,0.012012589,0.0016517481,0.010360841,train,0.04544719
2025-02-21,EFA,-0.0006133472,-0.0087197,0.008106353,train,0.0069344593
2025-02-21,IWM,-0.0072344625,0.0050344225,0.012268885,train,-0.026711967
2025-02-21,SPY,-0.004560823,-0.021719974,0.01715915,train,-0.007852197
2025-02-21,TLT,0.0028973327,-0.0076011694,0.010498502,train,0.0016517481
2025-02-24,EFA,0.00903996,-0.0087197,0.01775966,train,-0.0087197
2025-02-24,IWM,-0.0037995458,0.029040735,0.03284028,train,0.0050344225
2025-02-24,SPY,-0.004985565,0.006395488,0.011381052,train,-0.021719974
2025-02-24,TLT,0.01710011,0.016926982,0.00017312914,train,-0.0076011694
2025-02-25,EFA,0.0013366987,-0.008838898,0.010175596,train,-0.0087197
2025-02-25,IWM,0.001252643,0.010750179,0.009497536,train,0.029040735
2025-02-25,SPY,0.00050480745,0.00849603,0.007991223,train,0.006395488
2025-02-25,TLT,0.005889238,-0.01744249,0.023331728,train,0.016926982
2025-02-26,EFA,-0.011358778,-0.008770077,0.0025887014,train,-0.008838898
2025-02-26,IWM,-0.015371572,0.011839074,0.027210645,train,0.010750179
2025-02-26,SPY,-0.016090738,-0.006291358,0.00979938,train,0.00849603
2025-02-26,TLT,-0.0070933476,-0.0071094073,1.6059726e-05,train,-0.01744249
2025-02-27,EFA,0.0020860091,-0.012296451,0.01438246,train,-0.008770077
2025-02-27,IWM,0.010584497,-0.006711754,0.01729625,train,0.011839074
2025-02-27,SPY,0.015485022,0.02679189,0.011306867,train,-0.006291358
2025-02-27,TLT,0.012191299,0.0024209386,0.009770361,train,-0.0071094073
2025-02-28,EFA,0.01097172,-0.002126466,0.013098186,train,-0.012296451
2025-02-28,IWM,-0.027727641,0.0036243172,0.031351957,train,-0.006711754
2025-02-28,SPY,-0.017675254,-0.020931948,0.0032566935,train,0.02679189
2025-02-28,TLT,0.004656121,-0.007203658,0.011859779,train,0.0024209386
2025-03-03,EFA,-0.00024261283,-0.010338559,0.010095946,train,-0.002126466
2025-03-03,IWM,-0.011368214,0.023877304,0.03524552,train,0.0036243172
2025-03-03,SPY,-0.011907426,-0.057212323,0.0453049,train,-0.020931948
2025-03-03,TLT,-0.012391694,-0.0036702543,0.008721439,train,-0.007203658
2025-03-04,EFA,0.023609577,0.0024623405,0.021147236,train,-0.010338559
2025-03-04,IWM,0.009882237,0.02624948,0.016367242,train,0.023877304
2025-03-04,SPY,0.0106904125,-0.06690465,0.07759506,train,-0.057212323
2025-03-04,TLT,-0.008016128,-0.0011361116,0.0068800165,train,-0.0036702543
2025-03-05,EFA,-0.010358001,-0.012763789,0.0024057878,train,0.0024623405
2025-03-05,IWM,-0.01542025,0.035933744,0.051353995,train,0.02624948
2025-03-05,SPY,-0.017910492,-0.05476346,0.036852967,train,-0.06690465
2025-03-05,TLT,-0.003313105,-0.0087197,0.0054065953,train,-0.0011361116
2025-03-06,EFA,0.010358001,-0.003606012,0.013964013,train,-0.012763789
2025-03-06,IWM,0.0032585338,0.009514202,0.0062556686,train,0.035933744
2025-03-06,SPY,0.005589152,-0.11785398,0.12344313,train,-0.05476346
2025-03-06,TLT,-0.0032129886,-0.010978053,0.007765065,train,-0.0087197
2025-03-07,EFA,-0.023852056,0.012950254,0.03680231,train,-0.003606012
2025-03-07,IWM,-0.025473427,-0.025727522,0.0002540946,train,0.009514202
2025-03-07,SPY,-0.026996646,-0.041556854,0.014560208,train,-0.11785398
2025-03-07,TLT,0.01037759,-0.020778816,0.031156406,train,-0.010978053
2025-03-10,EFA,-0.0034022548,-0.00663199,0.0032297352,train,0.012950254
2025-03-10,IWM,-9.9610384e-05,0.015654318,0.015753929,train,-0.025727522
2025-03-10,SPY,-0.0083476445,-0.03847051,0.030122865,train,-0.041556854
2025-03-10,TLT,-0.007164601,-0.012947922,0.005783321,train,-0.020778816
2025-03-11,EFA,0.0071554403,0.051944893,0.044789452,train,-0.00663199
2025-03-11,IWM,0.001741981,-0.04513677,0.046878748,train,0.015654318
2025-03-11,SPY,0.00529251,-0.08249113,0.08778364,train,-0.03847051
2025-03-11,TLT,-0.005991303,-0.0058892397,0.000102063175,train,-0.012947922
2025-03-12,EFA,-0.006668695,-0.0382268,0.031558104,train,0.051944893
2025-03-12,IWM,-0.015030376,-0.0067932038,0.008237172,train,-0.04513677
2025-03-12,SPY,-0.013420223,-0.0494369,0.036016677,train,-0.08249113
2025-03-12,TLT,0.00875278,0.017304532,0.008551752,train,-0.0058892397
2025-03-13,EFA,0.01820306,-0.011787048,0.029990107,train,-0.0382268
2025-03-13,IWM,0.023891972,0.018120527,0.005771445,train,-0.0067932038
2025-03-13,SPY,0.020445352,-0.09343796,0.11388332,train,-0.0494369
2025-03-13,TLT,-0.0053090085,0.021426503,0.02673551,train,0.017304532
2025-03-14,EFA,0.011166688,-0.01672394,0.027890628,train,-0.011787048
2025-03-14,IWM,0.012538704,-0.012617211,0.025155915,train,0.018120527
2025-03-14,SPY,0.007681809,-0.015840907,0.023522716,train,-0.09343796
2025-03-14,TLT,0.0049783606,0.026881453,0.021903092,train,0.021426503
2025-03-17,EFA,-0.00011809603,-0.057051875,0.05693378,train,-0.01672394
2025-03-17,IWM,-0.008721145,-0.07103756,0.062316418,train,-0.012617211
2025-03-17,SPY,-0.010867241,-0.051128823,0.04026158,train,-0.015840907
2025-03-17,TLT,0.000992494,0.04725134,0.046258844,train,0.026881453
2025-03-18,EFA,0.002949342,-0.026829652,0.029778995,train,-0.057051875
2025-03-18,IWM,0.015430651,-0.03664936,0.052080013,train,-0.07103756
2025-03-18,SPY,0.010831963,0.04222248,0.031390518,train,-0.051128823
2025-03-18,TLT,0.0051681106,0.019014481,0.013846371,train,0.04725134
2025-03-19,EFA,-0.008398957,-0.0074089365,0.0009900201,train,-0.026829652
2025-03-19,IWM,-0.006367985,-0.019762829,0.013394844,train,-0.03664936
2025-03-19,SPY,-0.0028959548,0.08073664,0.08363259,train,0.04222248
2025-03-19,TLT,0.0006577382,-0.005013286,0.0056710243,train,0.019014481
2025-03-20,EFA,-0.006196326,-0.051759414,0.045563087,train,-0.0074089365
2025-03-20,IWM,-0.0062126555,-0.006390208,0.00017755246,train,-0.019762829
2025-03-20,SPY,0.0003298409,0.08791481,0.08758497,train,0.08073664
2025-03-20,TLT,-0.0059360676,-0.013603219,0.0076671513,train,-0.005013286
2025-03-21,EFA,-0.000119588076,0.003628484,0.003748072,train,-0.051759414
2025-03-21,IWM,0.024574136,0.05324887,0.028674735,train,-0.006390208
2025-03-21,SPY,0.017749999,0.16222428,0.14447428,train,0.08791481
2025-03-21,TLT,-0.010306561,-0.0053922143,0.004914347,train,-0.013603219
2025-03-24,EFA,0.0054840483,-0.017232735,0.022716783,train,0.003628484
2025-03-24,IWM,-0.0055694375,-0.0005525993,0.005016838,train,0.05324887
2025-03-24,SPY,0.002400992,0.11768085,0.11527985,train,0.16222428
2025-03-24,TLT,-0.000111461726,-0.011183713,0.011072251,train,-0.0053922143
2025-03-25,EFA,-0.013043934,0.05778337,0.070827305,train,-0.017232735
2025-03-25,IWM,-0.010210834,0.031236712,0.041447546,train,-0.0005525993
2025-03-25,SPY,-0.012010184,0.09714245,0.10915264,train,0.11768085
2025-03-25,TLT,-0.0065948428,0.03058409,0.037178934,train,-0.011183713
2025-03-26,EFA,0.0021657513,-0.021652361,0.023818113,train,0.05778337
2025-03-26,IWM,-0.0047781235,0.07065582,0.07543395,train,0.031236712
2025-03-26,SPY,-0.002659198,0.16138707,0.16404627,train,0.09714245
2025-03-26,TLT,-0.0029199922,-0.02147057,0.018550577,train,0.03058409
2025-03-27,EFA,-0.008934,0.020242125,0.029176123,train,-0.021652361
2025-03-27,IWM,-0.020540897,0.061495144,0.08203604,train,0.07065582
2025-03-27,SPY,-0.020343803,0.0929098,0.1132536,train,0.16138707
2025-03-27,TLT,0.013739459,0.014108301,0.00036884192,train,-0.02147057
2025-03-28,EFA,-0.008892124,0.00044937432,0.009341498,train,0.020242125
2025-03-28,IWM,-0.0048007667,0.09566186,0.10046263,train,0.061495144
2025-03-28,SPY,0.0066903406,0.23361239,0.22692205,train,0.0929098
2025-03-28,TLT,0.00982518,0.00079749804,0.009027682,train,0.014108301
2025-03-31,EFA,0.0014671035,0.008448868,0.0069817645,train,0.00044937432
2025-03-31,IWM,0.00010016942,0.058086473,0.057986304,train,0.09566186
2025-03-31,SPY,0.0028203893,0.06519595,0.06237556,train,0.23361239
2025-03-31,TLT,0.00862809,0.005450189,0.0031779008,train,0.00079749804
2025-04-01,EFA,0.002318625,-0.016609643,0.018928267,train,0.008448868
2025-04-01,IWM,0.015665434,0.04546447,0.029799037,train,0.058086473
2025-04-01,SPY,0.0063085984,0.07310351,0.06679491,train,0.06519595
2025-04-01,TLT,-0.0006558496,-0.014708103,0.014052253,train,0.005450189
2025-04-02,EFA,-0.021188192,0.020227876,0.041416068,train,-0.016609643
2025-04-02,IWM,-0.06634954,-0.0018489435,0.0645006,train,0.04546447
2025-04-02,SPY,-0.05053668,0.08095741,0.13149409,train,0.07310351
2025-04-02,TLT,0.004583064,-0.012495588,0.017078651,train,-0.014708103
2025-04-03,EFA,-0.06826409,-0.023315974,0.044948116,train,0.020227876
2025-04-03,IWM,-0.04563397,0.0127781825,0.058412153,train,-0.0018489435
2025-04-03,SPY,-0.06032651,0.0964035,0.15673001,train,0.08095741
2025-04-03,TLT,0.010828341,-0.012933829,0.02376217,train,-0.012495588
2025-04-04,EFA,-0.024422599,-0.032156624,0.007734025,train,-0.023315974
2025-04-04,IWM,-0.009092544,0.11292133,0.122013874,train,0.0127781825
2025-04-04,SPY,-0.0017828041,0.36886278,0.37064558,train,0.0964035
2025-04-04,TLT,-0.030620132,0.036496412,0.06711654,train,-0.012933829
2025-04-07,EFA,-0.0034206887,0.08875785,0.09217854,train,-0.032156624
2025-04-07,IWM,-0.026696684,0.15146543,0.17816211,train,0.11292133
2025-04-07,SPY,-0.015786674,0.47203535,0.48782203,train,0.36886278
2025-04-07,TLT,-0.019058777,0.03251678,0.051575556,train,0.036496412
2025-04-08,EFA,0.07433302,0.031243842,0.043089177,train,0.08875785
2025-04-08,IWM,0.08158149,0.19895762,0.117376134,train,0.15146543
2025-04-08,SPY,0.09986284,0.41483566,0.31497282,train,0.47203535
2025-04-08,TLT,0.0058684773,-0.036584597,0.042453073,train,0.03251678
2025-04-09,EFA,-0.019919619,0.020935223,0.04085484,train,0.031243842
2025-04-09,IWM,-0.0429264,-0.09044595,0.04751955,train,0.19895762
2025-04-09,SPY,-0.04480811,-0.048760455,0.0039523467,train,0.41483566
2025-04-09,TLT,-0.02795561,0.025788743,0.053744353,train,-0.036584597
2025-04-10,EFA,0.02474338,0.10416781,0.07942443,train,0.020935223
2025-04-10,IWM,0.01447832,0.17128861,0.15681028,train,-0.09044595
2025-04-10,SPY,0.017685385,0.52658695,0.50890154,train,-0.048760455
2025-04-10,TLT,0.005423795,-0.05148797,0.056911767,train,0.025788743
2025-04-11,EFA,0.01070602,0.012935706,0.0022296868,train,0.10416781
2025-04-11,IWM,0.011701701,0.017346904,0.0056452025,train,0.17128861
2025-04-11,SPY,0.009654777,0.2484767,0.23882192,train,0.52658695
2025-04-11,TLT,0.007110139,-0.034757502,0.04186764,train,-0.05148797
2025-04-14,EFA,0.008979829,0.03902869,0.03004886,train,0.012935706
2025-04-14,IWM,0.0012322776,0.0061413134,0.0049090357,train,0.017346904
2025-04-14,SPY,-0.0028048768,0.19673921,0.19954409,train,0.2484767
2025-04-14,TLT,0.0035361107,0.0031561079,0.0003800029,train,-0.034757502
2025-04-15,EFA,-0.0038564696,0.05386016,0.05771663,train,0.03902869
2025-04-15,IWM,-0.009630621,0.0074128984,0.01704352,train,0.0061413134
2025-04-15,SPY,-0.022478726,0.1882841,0.21076283,train,0.19673921
2025-04-15,TLT,0.0055640913,0.048532497,0.042968407,train,0.0031561079
2025-04-16,EFA,0.010785509,0.0159971,0.0052115917,train,0.05386016
2025-04-16,IWM,0.008130306,0.12308788,0.11495758,train,0.0074128984
2025-04-16,SPY,0.0014257714,0.15731026,0.15588449,train,0.1882841
2025-04-16,TLT,-0.008871563,-0.002833657,0.006037906,train,0.048532497
2025-04-17,EFA,-0.005440177,-0.14126268,0.1358225,train,0.0159971
2025-04-17,IWM,-0.020259634,0.06198668,0.08224632,train,0.12308788
2025-04-17,SPY,-0.024090588,0.11035659,0.13444719,train,0.15731026
2025-04-17,TLT,-0.017634306,0.029049892,0.046684198,train,-0.002833657
2025-04-21,EFA,0.02049282,0.1211054,0.10061258,train,-0.14126268
2025-04-21,IWM,0.025554463,0.09253335,0.06697889,train,0.06198668
2025-04-21,SPY,0.025685178,0.23087205,0.20518687,train,0.11035659
2025-04-21,TLT,0.005565774,0.0029985271,0.002567247,train,0.029049892
2025-04-22,EFA,0.0040002754,0.13645937,0.13245909,train,0.1211054
2025-04-22,IWM,0.014720141,0.16289435,0.14817421,train,0.09253335
2025-04-22,SPY,0.015376479,0.23727785,0.22190137,train,0.23087205
2025-04-22,TLT,0.00966634,0.06990765,0.06024131,train,0.0029985271
2025-04-23,EFA,0.013219722,0.122188985,0.108969264,train,0.13645937
2025-04-23,IWM,0.019828355,0.23118109,0.21135274,train,0.16289435
2025-04-23,SPY,0.020830598,0.33976516,0.31893456,train,0.23727785
2025-04-23,TLT,0.010480854,0.009375324,0.0011055302,train,0.06990765
2025-04-24,EFA,0.004288771,-0.00077256653,0.0050613377,train,0.122188985
2025-04-24,IWM,0.0003092018,-0.014025039,0.014334241,train,0.23118109
2025-04-24,SPY,0.0071993163,0.095414266,0.08821495,train,0.33976516
2025-04-24,TLT,0.007339247,0.06944131,0.062102064,train,0.009375324
2025-04-25,EFA,0.0066350335,-0.03210683,0.038741864,train,-0.00077256653
2025-04-25,IWM,0.0042152824,-0.007320187,0.011535469,train,-0.014025039
2025-04-25,SPY,0.00038119717,0.13715045,0.13676925,train,0.095414266
2025-04-25,TLT,0.0062801777,-0.014145509,0.020425687,train,0.06944131
2025-04-28,EFA,0.0020055368,-0.023635842,0.025641378,train,-0.03210683
2025-04-28,IWM,0.005881878,0.036636334,0.030754456,train,-0.007320187
2025-04-28,SPY,0.0062796376,0.13124122,0.12496158,train,0.13715045
2025-04-28,TLT,0.008349646,-0.008070948,0.016420593,train,-0.014145509
2025-04-29,EFA,-0.0011792678,-0.05525623,0.054076962,train,-0.023635842
2025-04-29,IWM,-0.0062923287,0.053951595,0.060243923,train,0.036636334
2025-04-29,SPY,0.00039687494,0.09577503,0.09537815,train,0.13124122
2025-04-29,TLT,-0.008125965,-0.015488405,0.00736244,train,-0.008070948
2025-04-30,EFA,-0.0031908466,0.0068416735,0.01003252,train,-0.05525623
2025-04-30,IWM,0.0061903335,0.051907856,0.045717523,train,0.053951595
2025-04-30,SPY,0.0070618265,0.2802346,0.27317277,train,0.09577503
2025-04-30,TLT,-0.005083573,-0.0014695958,0.0036139772,train,-0.015488405
2025-05-01,EFA,0.01899458,0.018732626,0.0002619531,train,0.0068416735
2025-05-01,IWM,0.02224275,0.06598364,0.04374089,train,0.051907856
2025-05-01,SPY,0.014735064,0.1175528,0.10281774,train,0.2802346
2025-05-01,TLT,-0.010883147,-0.0019801063,0.008903041,train,-0.0014695958
2025-05-02,EFA,0.0017406315,-0.053044315,0.054784946,train,0.018732626
2025-05-02,IWM,-0.007711217,0.09880975,0.106520966,train,0.06598364
2025-05-02,SPY,-0.005750933,0.07433891,0.080089845,train,0.1175528
2025-05-02,TLT,-0.005601164,-0.019012358,0.013411194,train,-0.0019801063
2025-05-05,EFA,-0.0012761545,0.015942745,0.017218899,train,-0.053044315
2025-05-05,IWM,-0.010967723,-0.033108816,0.022141092,train,0.09880975
2025-05-05,SPY,-0.008393409,0.06461509,0.0730085,train,0.07433891
2025-05-05,TLT,0.0033188714,-0.03399822,0.037317093,train,-0.019012358
2025-05-06,EFA,-0.0033724022,0.023171358,0.02654376,train,0.015942745
2025-05-06,IWM,0.0032978891,0.013148471,0.009850582,train,-0.033108816
2025-05-06,SPY,0.0041967337,0.11693877,0.11274204,train,0.06461509
2025-05-06,TLT,0.0042181853,-0.033409897,0.037628084,train,-0.03399822
2025-05-07,EFA,-0.003500469,0.026809055,0.030309524,train,0.023171358
2025-05-07,IWM,0.018866602,-0.06829896,0.087165564,train,0.013148471
2025-05-07,SPY,0.006943631,-0.0037961742,0.010739805,train,0.11693877
2025-05-07,TLT,-0.011211847,0.010544409,0.021756256,train,-0.033409897
2025-05-08,EFA,0.004897306,0.017294452,0.012397146,train,0.026809055
2025-05-08,IWM,-0.001840883,-0.065708935,0.06386805,train,-0.06829896
2025-05-08,SPY,-0.0012750534,0.0026272954,0.0039023487,train,-0.0037961742
2025-05-08,TLT,0.0014946857,-0.009713756,0.011208441,train,0.010544409
2025-05-09,EFA,0.0051051085,0.008473371,0.0033682627,train,0.017294452
2025-05-09,IWM,0.034553736,-0.057173915,0.09172765,train,-0.065708935
2025-05-09,SPY,0.03251318,0.04485314,0.012339961,train,0.0026272954
2025-05-09,TLT,-0.00934857,0.04755596,0.056904532,train,-0.009713756
2025-05-12,EFA,0.0012720783,0.0077682016,0.0064961235,train,0.008473371
2025-05-12,IWM,0.0036495384,-0.12213895,0.12578848,train,-0.057173915
2025-05-12,SPY,0.0065823016,-0.11715971,0.123742014,train,0.04485314
2025-05-12,TLT,-0.0040666657,0.0011803219,0.0052469876,train,0.04755596
2025-05-13,EFA,-0.004866099,0.009070109,0.013936208,train,0.0077682016
2025-05-13,IWM,-0.00890697,-0.0056816665,0.0032253033,train,-0.12213895
2025-05-13,SPY,0.0012772246,-0.0353379,0.036615122,train,-0.11715971
2025-05-13,TLT,-0.006658453,3.308337e-05,0.0066915364,train,0.0011803219
2025-05-14,EFA,0.010858304,-0.0034012096,0.0142595135,train,0.009070109
2025-05-14,IWM,0.0065074554,0.08445144,0.07794398,train,-0.0056816665
2025-05-14,SPY,0.004872352,-0.03885458,0.043726932,train,-0.0353379
2025-05-14,TLT,0.008751649,-0.0069815014,0.01573315,train,3.308337e-05
2025-05-15,EFA,0.002295111,0.0019279225,0.0003671886,train,-0.0034012096
2025-05-15,IWM,0.008230068,0.00531618,0.0029138876,train,0.08445144
2025-05-15,SPY,0.0063139517,-0.013817235,0.020131186,train,-0.03885458
2025-05-15,TLT,0.0026689777,0.015127436,0.012458459,train,-0.0069815014
2025-05-16,EFA,0.0094690565,0.0054348325,0.004034224,train,0.0019279225
2025-05-16,IWM,-0.0042021926,-0.03477089,0.030568698,train,0.00531618
2025-05-16,SPY,0.0010933456,-0.0023442013,0.003437547,train,-0.013817235
2025-05-16,TLT,-0.0029011958,-0.02467231,0.021771114,train,0.015127436
2025-05-19,EFA,0.0047575994,0.0034507997,0.0013067997,train,0.0054348325
2025-05-19,IWM,0.00052619475,0.022776898,0.022250703,train,-0.03477089
2025-05-19,SPY,-0.0033678473,0.011834693,0.015202541,train,-0.0023442013
2025-05-19,TLT,-0.007231104,0.025936961,0.033168066,train,-0.02467231
2025-05-20,EFA,-0.0058937264,0.015062886,0.020956613,train,0.0034507997
2025-05-20,IWM,-0.02847696,0.026941646,0.055418603,train,0.022776898
2025-05-20,SPY,-0.016994284,-0.0004611304,0.016533155,train,0.011834693
2025-05-20,TLT,-0.017237803,-0.011849837,0.0053879656,train,0.025936961
2025-05-21,EFA,-0.00056850305,0.010277568,0.010846071,train,0.015062886
2025-05-21,IWM,-4.9323047e-05,0.08905229,0.08910161,train,0.026941646
2025-05-21,SPY,0.00039444506,0.011243033,0.010848588,train,-0.0004611304
2025-05-21,TLT,0.0052265134,0.0006578723,0.004568641,train,-0.011849837
2025-05-22,EFA,0.0013639724,0.004519469,0.0031554967,train,0.010277568
2025-05-22,IWM,-0.0031545253,0.0281283,0.031282824,train,0.08905229
2025-05-22,SPY,-0.00684907,0.11141079,0.11825986,train,0.011243033
2025-05-22,TLT,0.0016571459,0.0038364371,0.002179291,train,0.0006578723
2025-05-23,EFA,0.0144341765,0.0068277,0.0076064765,train,0.004519469
2025-05-23,IWM,0.025058556,-0.014353397,0.039411955,train,0.0281283
2025-05-23,SPY,0.020577425,0.0775827,0.05700528,train,0.11141079
2025-05-23,TLT,0.013859545,-0.0009713257,0.014830871,train,0.0038364371
2025-05-27,EFA,-0.011598573,-0.0053151357,0.0062834374,train,0.0068277
2025-05-27,IWM,-0.010600094,-0.06184866,0.051248565,train,-0.014353397
2025-05-27,SPY,-0.005802184,-0.07120571,0.06540353,train,0.0775827
2025-05-27,TLT,-0.004325188,-0.008290332,0.0039651436,train,-0.0009713257
2025-05-28,EFA,0.0044074836,0.01636381,0.011956327,train,-0.0053151357
2025-05-28,IWM,0.0029638219,-0.007904584,0.010868406,train,-0.06184866
2025-05-28,SPY,0.003939546,-0.029143251,0.033082798,train,-0.07120571
2025-05-28,TLT,0.009212454,-0.034649726,0.04386218,train,-0.008290332
2025-05-29,EFA,0.0014648548,0.0094906995,0.008025845,train,0.01636381
2025-05-29,IWM,-0.0051069707,-0.014320899,0.009213928,train,-0.007904584
2025-05-29,SPY,-0.0011190624,-0.060187127,0.059068065,train,-0.029143251
2025-05-29,TLT,0.0015078512,-0.034091022,0.035598874,train,-0.034649726
2025-05-30,EFA,0.010640254,0.024440993,0.013800738,train,0.0094906995
2025-05-30,IWM,0.0031159748,-0.011624888,0.014740862,train,-0.014320899
2025-05-30,SPY,0.0056171096,-0.04053345,0.046150558,train,-0.060187127
2025-05-30,TLT,-0.009350353,-0.008391339,0.0009590136,train,-0.034091022
2025-06-02,EFA,-0.0076045664,0.0013786824,0.008983249,train,0.024440993
2025-06-02,IWM,0.016010394,-0.03853002,0.05454041,train,-0.011624888
2025-06-02,SPY,0.005686441,-0.05451455,0.06020099,train,-0.04053345
2025-06-02,TLT,-0.0017627983,0.01017077,0.011933568,train,-0.008391339
2025-06-03,EFA,0.00448029,0.012285474,0.0078051835,train,0.0013786824
2025-06-03,IWM,-0.0028266227,-0.05092314,0.048096515,train,-0.03853002
2025-06-03,SPY,-0.00026857504,-0.056949448,0.056680873,train,-0.05451455
2025-06-03,TLT,0.016103067,0.0025437297,0.013559337,train,0.01017077
2025-06-04,EFA,-0.0006707785,-0.0014716014,0.0008008229,train,0.012285474
2025-06-04,IWM,0.00043170524,-0.016147569,0.016579274,train,-0.05092314
2025-06-04,SPY,-0.0048445463,-0.041608483,0.036763936,train,-0.056949448
2025-06-04,TLT,0.0006940988,-0.008471972,0.009166071,train,0.0025437297
2025-06-05,EFA,0.003572121,0.0038805949,0.00030847383,train,-0.0014716014
2025-06-05,IWM,0.016031526,-0.005895026,0.021926552,train,-0.016147569
2025-06-05,SPY,0.010216673,-0.010351342,0.020568015,train,-0.041608483
2025-06-05,TLT,-0.012805688,-0.012581818,0.00022387039,train,-0.008471972
2025-06-06,EFA,-0.00011130926,-0.0004487997,0.00033749043,train,0.0038805949
2025-06-06,IWM,0.006866427,-0.0073036775,0.014170105,train,-0.005895026
2025-06-06,SPY,0.0009008884,-0.051161665,0.052062552,train,-0.010351342
2025-06-06,TLT,0.0010540608,-0.017795589,0.01884965,train,-0.012581818
2025-06-09,EFA,0.0013363892,-0.011857517,0.013193906,train,-0.0004487997
2025-06-09,IWM,0.0053755124,0.00819989,0.0028243777,train,-0.0073036775
2025-06-09,SPY,0.005653611,-0.017752845,0.023406455,train,-0.051161665
2025-06-09,TLT,0.005136457,-0.018152373,0.02328883,train,-0.017795589
2025-06-10,EFA,-0.0016708318,-0.02373649,0.022065658,train,-0.011857517
2025-06-10,IWM,-0.0041107885,-0.01626645,0.012155661,train,0.00819989
2025-06-10,SPY,-0.0028559803,-0.05963398,0.056778003,train,-0.017752845
2025-06-10,TLT,0.0030229571,-0.030562717,0.033585675,train,-0.018152373
2025-06-11,EFA,0.0076628863,-0.013616931,0.021279817,train,-0.02373649
2025-06-11,IWM,-0.003986798,0.0052378485,0.009224647,train,-0.01626645
2025-06-11,SPY,0.0039663776,-0.043047193,0.04701357,train,-0.05963398
2025-06-11,TLT,0.011886299,-0.03819767,0.05008397,train,-0.030562717
2025-06-12,EFA,-0.012916316,-0.0042319945,0.008684322,train,-0.013616931
2025-06-12,IWM,-0.018450992,0.000586153,0.019037146,train,0.0052378485
2025-06-12,SPY,-0.011243071,-0.052830834,0.041587763,train,-0.043047193
2025-06-12,TLT,-0.009683039,-0.017559554,0.007876515,train,-0.03819767
2025-06-13,EFA,0.0037439205,0.00880048,0.005056559,train,-0.0042319945
2025-06-13,IWM,0.011720954,0.022911534,0.011190579,train,0.000586153
2025-06-13,SPY,0.009469194,0.0020416267,0.0074275676,train,-0.052830834
2025-06-13,TLT,-0.010128651,-0.0029837042,0.0071449466,train,-0.017559554
2025-06-16,EFA,-0.012342985,0.03097653,0.043319516,train,0.00880048
2025-06-16,IWM,-0.010588706,-0.038224984,0.027636278,train,0.022911534
2025-06-16,SPY,-0.00858177,-0.07599068,0.067408904,train,0.0020416267
2025-06-16,TLT,0.0120959105,-0.0154267615,0.027522672,train,-0.0029837042
2025-06-17,EFA,0.0017234558,-0.009542596,0.011266052,train,0.03097653
2025-06-17,IWM,0.0052606207,-0.027300533,0.032561153,train,-0.038224984
2025-06-17,SPY,-0.00015064898,-0.024403442,0.024252793,train,-0.07599068
2025-06-17,TLT,0.0017327326,-0.0051046964,0.006837429,train,-0.0154267615
2025-06-18,EFA,-0.008994564,0.008107227,0.01710179,train,-0.009542596
2025-06-18,IWM,-0.0021009287,-0.046483215,0.044382285,train,-0.027300533
2025-06-18,SPY,-0.0023513942,-0.054681543,0.052330147,train,-0.024403442
2025-06-18,TLT,-0.0018483307,-0.027836036,0.025987705,train,-0.0051046964
2025-06-20,EFA,0.0075010923,-0.01859733,0.026098423,train,0.008107227
2025-06-20,IWM,0.012162286,0.0023652175,0.009797068,train,-0.046483215
2025-06-20,SPY,0.009829074,-0.027784582,0.037613656,train,-0.054681543
2025-06-20,TLT,0.0032319766,0.013962681,0.010730704,train,-0.027836036
2025-06-23,EFA,0.012113001,0.005369258,0.006743743,train,-0.01859733
2025-06-23,IWM,0.012669018,-0.031400584,0.044069603,train,0.0023652175
2025-06-23,SPY,0.010986618,-0.08965816,0.10064478,train,-0.027784582
2025-06-23,TLT,0.0072346344,-0.009490969,0.016725603,train,0.013962681
2025-06-24,EFA,-0.005467001,-0.05428296,0.04881596,train,0.005369258
2025-06-24,IWM,-0.011725075,-0.017721415,0.00599634,train,-0.031400584
2025-06-24,SPY,0.00056019897,-0.09428422,0.09484442,train,-0.08965816
2025-06-24,TLT,0.0012578004,-0.00855259,0.009810391,train,-0.009490969
2025-06-25,EFA,0.011130207,0.0020222235,0.009107984,train,-0.05428296
2025-06-25,IWM,0.016098445,-0.019768339,0.035866782,train,-0.017721415
2025-06-25,SPY,0.007793358,-0.042544033,0.050337393,train,-0.09428422
2025-06-25,TLT,0.005015261,0.005537661,0.0005223998,train,-0.00855259
2025-06-26,EFA,0.008994858,-0.030873321,0.03986818,train,0.0020222235
2025-06-26,IWM,0.00032489072,-0.018139057,0.018463947,train,-0.019768339
2025-06-26,SPY,0.0049560424,-0.03413243,0.039088473,train,-0.042544033
2025-06-26,TLT,-0.006387649,0.0011499254,0.0075375745,train,0.005537661
2025-06-27,EFA,0.0005595067,-0.009431844,0.009991351,train,-0.030873321
2025-06-27,IWM,0.0014376156,0.0069384137,0.005500798,train,-0.018139057
2025-06-27,SPY,0.0047698673,-0.008147991,0.012917859,train,-0.03413243
2025-06-27,TLT,0.009792772,0.023909945,0.014117173,train,0.0011499254
2025-06-30,EFA,-0.0016794602,-0.004664399,0.0029849391,train,-0.009431844
2025-06-30,IWM,0.010235184,-0.016896244,0.027131427,train,0.0069384137
2025-06-30,SPY,-0.00032374432,-0.009856869,0.009533124,train,-0.008147991
2025-06-30,TLT,0.0024764673,0.061593723,0.059117254,train,0.023909945
2025-07-01,EFA,0.0029092394,-0.033318117,0.036227357,train,-0.004664399
2025-07-01,IWM,0.013757555,-0.0027458314,0.016503386,train,-0.016896244
2025-07-01,SPY,0.0045230095,-0.023454802,0.027977811,train,-0.009856869
2025-07-01,TLT,-0.0063738413,-0.0052765207,0.0010973206,train,0.061593723
2025-07-02,EFA,0.0002234575,-0.029011589,0.029235046,train,-0.033318117
2025-07-02,IWM,0.00923201,0.003626274,0.005605736,train,-0.0027458314
2025-07-02,SPY,0.007850494,-0.010871521,0.018722016,train,-0.023454802
2025-07-02,TLT,-0.0069893375,-0.0023753215,0.004614016,train,-0.0052765207
2025-07-03,EFA,-0.010894699,-0.058203924,0.047309227,train,-0.029011589
2025-07-03,IWM,-0.015130937,0.006111131,0.021242067,train,0.003626274
2025-07-03,SPY,-0.0074798474,-0.008799847,0.0013199998,train,-0.010871521
2025-07-03,TLT,-0.009589363,-0.008383477,0.0012058858,train,-0.0023753215
2025-07-07,EFA,0.0073136343,0.076904446,0.069590814,train,-0.058203924
2025-07-07,IWM,0.0068938355,-0.03618557,0.043079406,train,0.006111131
2025-07-07,SPY,-0.000547858,-0.010268326,0.009720468,train,-0.008799847
2025-07-07,TLT,-0.0012778139,-0.0046142973,0.0033364834,train,-0.008383477
2025-07-08,EFA,0.0074832067,-0.024309672,0.03179288,train,0.076904446
2025-07-08,IWM,0.010788955,0.003592872,0.0071960827,train,-0.03618557
2025-07-08,SPY,0.0059787137,0.004545713,0.0014330009,train,-0.010268326
2025-07-08,TLT,0.010407107,0.048187453,0.037780344,train,-0.0046142973
2025-07-09,EFA,-0.0006679101,-0.052950997,0.052283086,test,-0.024309672
2025-07-09,IWM,0.005128785,0.002645962,0.002482823,test,0.003592872
2025-07-09,SPY,0.0028163316,0.0045800246,0.001763693,test,0.004545713
2025-07-09,TLT,0.00068984483,0.03860436,0.037914515,test,0.048187453
2025-07-10,EFA,-0.00962194,-0.06736017,0.05773823,test,-0.052950997
2025-07-10,IWM,-0.01388601,0.0016415808,0.015527591,test,0.002645962
2025-07-10,SPY,-0.0035216557,0.0050230296,0.008544685,test,0.0045800246
2025-07-10,TLT,-0.013890699,0.07434704,0.08823774,test,0.03860436
2025-07-11,EFA,0.0,-0.015652623,0.015652623,test,-0.06736017
2025-07-11,IWM,0.006698379,-0.005029292,0.01172767,test,0.0016415808
2025-07-11,SPY,0.0019063192,0.00709699,0.005190671,test,0.0050230296
2025-07-11,TLT,-0.0021003291,-0.00035414845,0.0017461807,test,0.07434704
2025-07-14,EFA,-0.010510314,-0.008123953,0.0023863614,test,-0.015652623
2025-07-14,IWM,-0.019773968,0.0010169521,0.02079092,test,-0.005029292
2025-07-14,SPY,-0.0042823763,0.004817441,0.009099817,test,0.00709699
2025-07-14,TLT,-0.0070330985,0.035168108,0.042201206,test,-0.00035414845
2025-07-15,EFA,0.0040816288,-0.007158882,0.01124051,test,-0.008123953
2025-07-15,IWM,0.01000373,-0.059504062,0.06950779,test,0.0010169521
2025-07-15,SPY,0.0033376857,0.0038581854,0.00052049966,test,0.004817441
2025-07-15,TLT,0.001410527,-0.004265508,0.0056760353,test,0.035168108
2025-07-16,EFA,0.0025990172,0.011082782,0.008483766,test,-0.007158882
2025-07-16,IWM,0.013035621,-0.03766482,0.05070044,test,-0.059504062
2025-07-16,SPY,0.0061009927,0.0057268385,0.0003741542,test,0.0038581854
2025-07-16,TLT,-0.0002349805,0.0035952413,0.003830222,test,-0.004265508
2025-07-17,EFA,-0.0028252695,-0.055919066,0.0530938,test,0.011082782
2025-07-17,IWM,-0.007126065,0.04116847,0.048294537,test,-0.03766482
2025-07-17,SPY,-0.00073264126,-0.0009086323,0.00017599104,test,0.0057268385
2025-07-17,TLT,0.001526295,0.032395195,0.030868901,test,0.0035952413
2025-07-18,EFA,0.0053050155,0.009072964,0.0037679486,test,-0.055919066
2025-07-18,IWM,-0.004056322,-0.0051149307,0.0010586088,test,0.04116847
2025-07-18,SPY,0.0018943993,-4.7259964e-05,0.0019416593,test,-0.0009086323
2025-07-18,TLT,0.008876621,0.009874736,0.0009981152,test,0.032395195
2025-07-21,EFA,0.005500979,0.013688608,0.008187629,test,0.009072964
2025-07-21,IWM,0.008275339,0.01785091,0.00957557,test,-0.0051149307
2025-07-21,SPY,0.00014311163,-0.0010923189,0.0012354306,test,-4.7259964e-05
2025-07-21,TLT,0.006028222,-0.0059817005,0.012009922,test,0.009874736
2025-07-22,EFA,0.02455061,-0.011281517,0.035832126,test,0.013688608
2025-07-22,IWM,0.015157539,-0.0012957449,0.016453285,test,0.01785091
2025-07-22,SPY,0.00847152,-0.0010119053,0.009483425,test,-0.0010923189
2025-07-22,TLT,-0.005563452,-0.0070175445,0.0014540926,test,-0.0059817005
2025-07-23,EFA,-0.0074561196,-0.011389017,0.0039328975,test,-0.011281517
2025-07-23,IWM,-0.01390424,-0.00057607517,0.013328165,test,-0.0012957449
2025-07-23,SPY,0.00033096722,-0.0030228943,0.0033538614,test,-0.0010119053
2025-07-23,TLT,-0.0017447568,-0.005602075,0.0038573178,test,-0.0070175445
2025-07-24,EFA,-0.0012114461,0.014943761,0.016155208,test,-0.011389017
2025-07-24,IWM,0.0037059581,-0.03859068,0.04229664,test,-0.00057607517
2025-07-24,SPY,0.004215461,-0.00091857463,0.005134036,test,-0.0030228943
2025-07-24,TLT,0.0062674563,0.014754514,0.008487058,test,-0.005602075
2025-07-25,EFA,-0.016218955,-0.007374868,0.008844087,test,0.014943761
2025-07-25,IWM,-0.0011593946,-0.0072108502,0.0060514556,test,-0.03859068
2025-07-25,SPY,-0.00025112226,-0.00011815503,0.00013296722,test,-0.00091857463
2025-07-25,TLT,-0.0065002656,-0.026110303,0.019610036,test,0.014754514
2025-07-28,EFA,-0.0020179332,-0.010113353,0.00809542,test,-0.007374868
2025-07-28,IWM,-0.006400948,-0.017255738,0.01085479,test,-0.0072108502
2025-07-28,SPY,-0.0026411777,0.001355567,0.0039967448,test,-0.00011815503
2025-07-28,TLT,0.016744843,-0.011962883,0.028707726,test,-0.026110303
2025-07-29,EFA,-0.0072080432,0.02580442,0.03301246,test,-0.010113353
2025-07-29,IWM,-0.005087278,-0.041297894,0.036210615,test,-0.017255738
2025-07-29,SPY,-0.0012600768,0.00034041703,0.0016004938,test,0.001355567
2025-07-29,TLT,-0.0051666396,-0.020649314,0.015482674,test,-0.011962883
2025-07-30,EFA,-0.010796241,-0.0309502,0.020153958,test,0.02580442
2025-07-30,IWM,-0.009842471,-0.0036536884,0.006188783,test,-0.041297894
2025-07-30,SPY,-0.003758222,-0.00011677947,0.0036414426,test,0.00034041703
2025-07-30,TLT,0.00057527056,-0.01724366,0.01781893,test,-0.020649314
2025-07-31,EFA,-0.00263134,-0.026715387,0.024084046,test,-0.0309502
2025-07-31,IWM,-0.020585101,-0.065342955,0.044757854,test,-0.0036536884
2025-07-31,SPY,-0.01652631,0.027905405,0.044431716,test,-0.00011677947
2025-07-31,TLT,0.014116548,-0.009429165,0.023545712,test,-0.01724366
2025-08-01,EFA,0.013201471,-0.06351843,0.076719895,test,-0.026715387
2025-08-01,IWM,0.022133656,-0.0075022755,0.029635932,test,-0.065342955
2025-08-01,SPY,0.015085426,-0.02708337,0.042168796,test,0.027905405
2025-08-01,TLT,0.002729097,-0.01159847,0.014327567,test,-0.009429165
2025-08-04,EFA,-0.0001130302,-0.03351054,0.03339751,test,-0.06351843
2025-08-04,IWM,0.005084282,-0.053320184,0.058404468,test,-0.0075022755
2025-08-04,SPY,-0.0050828643,0.012820688,0.017903551,test,-0.02708337
2025-08-04,TLT,0.003061424,-0.0087197,0.011781124,test,-0.01159847
2025-08-05,EFA,0.006536644,-0.06408278,0.07061942,test,-0.03351054
2025-08-05,IWM,-0.0013140866,-0.017592922,0.016278835,test,-0.053320184
2025-08-05,SPY,0.007630551,0.004614259,0.0030162917,test,0.012820688
2025-08-05,TLT,-0.005790521,-0.0087197,0.0029291795,test,-0.0087197
2025-08-06,EFA,0.008946661,-0.003572761,0.012519422,test,-0.06408278
2025-08-06,IWM,-0.0032696743,-0.009863104,0.0065934295,test,-0.017592922
2025-08-06,SPY,-0.000838022,-0.009728119,0.008890097,test,0.004614259
2025-08-06,TLT,-0.0017095425,-0.0020998851,0.00039034267,test,-0.0087197
2025-08-07,EFA,0.0061047245,-0.028643183,0.034747906,test,-0.003572761
2025-08-07,IWM,0.0021810632,0.0026579062,0.00047684298,test,-0.009863104
2025-08-07,SPY,0.0077673546,-0.0029351446,0.010702499,test,-0.009728119
2025-08-07,TLT,-0.0043438408,-0.0087197,0.0043758596,test,-0.0020998851
2025-08-08,EFA,-0.004213896,-0.030138385,0.025924489,test,-0.028643183
2025-08-08,IWM,-0.0002269955,-0.055106092,0.054879095,test,0.0026579062
2025-08-08,SPY,-0.0019794102,-0.005314259,0.0033348487,test,-0.0029351446
2025-08-08,TLT,0.0011450691,-0.0087197,0.00986477,test,-0.0087197
2025-08-11,EFA,0.012149467,-0.008971427,0.021120895,test,-0.030138385
2025-08-11,IWM,0.029258547,-0.027644541,0.056903087,test,-0.055106092
2025-08-11,SPY,0.010589807,0.011096233,0.0005064253,test,-0.005314259
2025-08-11,TLT,-0.0050477274,-0.0018930812,0.0031546461,test,-0.0087197
2025-08-12,EFA,0.006019867,0.0130094355,0.0069895685,test,-0.008971427
2025-08-12,IWM,0.01925697,-0.00991418,0.02917115,test,-0.027644541
2025-08-12,SPY,0.0034172432,-0.0019931672,0.0054104105,test,0.011096233
2025-08-12,TLT,0.008246499,0.002071457,0.006175042,test,-0.0018930812
2025-08-13,EFA,0.00010916824,0.02903625,0.028927082,test,0.0130094355
2025-08-13,IWM,-0.012971864,-0.00036994088,0.012601923,test,-0.00991418
2025-08-13,SPY,9.299349e-05,0.005109514,0.0050165206,test,-0.0019931672
2025-08-13,TLT,-0.0074417964,0.01565053,0.023092326,test,0.002071457
2025-08-14,EFA,0.0058746766,-0.0044684326,0.010343109,test,0.02903625
2025-08-14,IWM,-0.004875182,0.010552456,0.015427638,test,-0.00036994088
2025-08-14,SPY,-0.0023439399,0.0010043969,0.0033483368,test,0.005109514
2025-08-14,TLT,-0.007150337,-0.0071469005,3.4365803e-06,test,0.01565053
2025-08-15,EFA,-0.0010853963,-0.007833596,0.0067482,test,-0.0044684326
2025-08-15,IWM,0.0036476515,0.018447865,0.014800213,test,0.010552456
2025-08-15,SPY,-0.00021773021,-0.0015964191,0.001378689,test,0.0010043969
2025-08-15,TLT,-0.0028975133,0.0025330568,0.00543057,test,-0.0071469005
2025-08-18,EFA,0.00010863483,-0.0054405583,0.0055491934,test,-0.007833596
2025-08-18,IWM,-0.007706445,-0.00037476886,0.0073316763,test,0.018447865
2025-08-18,SPY,-0.0054399143,0.004054214,0.009494128,test,-0.0015964191
2025-08-18,TLT,0.005787017,0.081988044,0.07620103,test,0.0025330568
2025-08-19,EFA,0.0035766638,-0.0059209615,0.009497626,test,-0.0054405583
2025-08-19,IWM,-0.0035428205,0.0037980182,0.0073408387,test,-0.00037476886
2025-08-19,SPY,-0.0026605788,-0.002249171,0.0004114078,test,0.004054214
2025-08-19,TLT,0.0021902754,0.03144338,0.029253105,test,0.081988044
2025-08-20,EFA,-0.0062948125,-0.0045922613,0.0017025513,test,-0.0059209615
2025-08-20,IWM,0.002481346,-0.016882773,0.019364119,test,0.0037980182
2025-08-20,SPY,-0.0040199314,0.0012308257,0.005250757,test,-0.002249171
2025-08-20,TLT,-0.004963933,0.08676382,0.091727756,test,0.03144338
2025-08-21,EFA,0.014912824,-0.0084899925,0.023402818,test,-0.0045922613
2025-08-21,IWM,0.038459506,0.016631488,0.021828018,test,-0.016882773
2025-08-21,SPY,0.01524016,-0.023430686,0.038670845,test,0.0012308257
2025-08-21,TLT,0.007379153,-0.008227048,0.015606201,test,0.08676382
2025-08-22,EFA,-0.013281048,-0.022351434,0.009070386,test,-0.0084899925
2025-08-22,IWM,-0.010573917,0.0020508347,0.012624752,test,0.016631488
2025-08-22,SPY,-0.00441087,-0.004406099,4.7707e-06,test,-0.023430686
2025-08-22,TLT,-0.0028760268,-0.019255199,0.016379172,test,-0.008227048
2025-08-25,EFA,-0.0010874701,-0.013899773,0.012812303,test,-0.022351434
2025-08-25,IWM,0.008229097,-0.019296378,0.027525475,test,0.0020508347
2025-08-25,SPY,0.004178357,-0.0031722225,0.0073505794,test,-0.004406099
2025-08-25,TLT,-0.00057612715,-0.0003877813,0.00018834585,test,-0.019255199
2025-08-26,EFA,-0.0023968082,-0.0074987356,0.0051019276,test,-0.013899773
2025-08-26,IWM,0.0070605227,-0.01718508,0.024245603,test,-0.019296378
2025-08-26,SPY,0.0022759002,-0.003138336,0.0054142363,test,-0.0031722225
2025-08-26,TLT,-0.0011533413,-0.014205603,0.013052261,test,-0.0003877813
2025-08-27,EFA,0.0037016643,-0.0087197,0.012421365,test,-0.0074987356
2025-08-27,IWM,0.0011861024,0.0009211423,0.0002649601,test,-0.01718508
2025-08-27,SPY,0.0035351445,0.00077396166,0.0027611828,test,-0.003138336
2025-08-27,TLT,0.0065565766,-0.012504551,0.019061128,test,-0.014205603
2025-08-28,EFA,-0.005885562,0.011569045,0.017454606,test,-0.0087197
2025-08-28,IWM,-0.0044549936,0.0021694833,0.006624477,test,0.0009211423
2025-08-28,SPY,-0.005981563,-0.007880388,0.0018988247,test,0.00077396166
2025-08-28,TLT,-0.007133882,0.002734106,0.0098679885,test,-0.012504551
2025-08-29,EFA,-0.009886907,-0.008067854,0.0018190537,test,0.011569045
2025-08-29,IWM,-0.005414923,6.3287094e-05,0.0054782103,test,0.0021694833
2025-08-29,SPY,-0.00743788,-0.0043374905,0.0031003896,test,-0.007880388
2025-08-29,TLT,-0.0074693537,-0.018834693,0.011365339,test,0.002734106
2025-09-02,EFA,0.0015443602,-0.012721198,0.014265558,test,-0.008067854
2025-09-02,IWM,-0.0009838487,-0.009640656,0.008656807,test,6.3287094e-05
2025-09-02,SPY,0.0054049306,-0.0060379114,0.011442842,test,-0.0043374905
2025-09-02,TLT,0.01091748,-0.019954473,0.030871954,test,-0.018834693
2025-09-03,EFA,0.0072488077,6.492343e-05,0.0071838843,test,-0.012721198
2025-09-03,IWM,0.012418817,-0.024234876,0.036653694,test,-0.009640656
2025-09-03,SPY,0.008322659,-0.0021125753,0.010435235,test,-0.0060379114
2025-09-03,TLT,0.0075950357,-0.013376331,0.020971367,test,-0.019954473
2025-09-04,EFA,0.004476717,0.0140127195,0.009536002,test,6.492343e-05
2025-09-04,IWM,0.0049751336,-0.0048128497,0.009787983,test,-0.024234876
2025-09-04,SPY,-0.0029004063,-0.012261788,0.009361383,test,-0.0021125753
2025-09-04,TLT,0.01513196,-0.024417564,0.039549522,test,-0.013376331
2025-09-05,EFA,0.009972978,0.0024076141,0.0075653642,test,0.0140127195
2025-09-05,IWM,0.002016693,0.0055891015,0.0035724086,test,-0.0048128497
2025-09-05,SPY,0.0024535726,-0.000592486,0.0030460586,test,-0.012261788
2025-09-05,TLT,0.013236326,0.001146541,0.012089785,test,-0.024417564
2025-09-08,EFA,-0.0033493505,-0.024845235,0.021495884,test,0.0024076141
2025-09-08,IWM,-0.005893442,0.0015596813,0.007453123,test,0.0055891015
2025-09-08,SPY,0.0023092,-0.0013956008,0.0037048007,test,-0.000592486
2025-09-08,TLT,-0.0056992145,-0.016201718,0.010502503,test,0.001146541
2025-09-09,EFA,-0.00021649183,-0.017910657,0.017694166,test,-0.024845235
2025-09-09,IWM,-0.0017748787,0.006136005,0.007910883,test,0.0015596813
2025-09-09,SPY,0.002886739,-0.006603447,0.009490186,test,-0.0013956008
2025-09-09,TLT,0.0056992145,-0.0087197,0.014418915,test,-0.016201718
2025-09-10,EFA,0.010552533,-0.01372911,0.024281643,test,-0.017910657
2025-09-10,IWM,0.01831461,0.0018347874,0.016479822,test,0.006136005
2025-09-10,SPY,0.00827588,-0.0071768095,0.015452689,test,-0.006603447
2025-09-10,TLT,0.0066636824,-0.006647339,0.013311021,test,-0.0087197
2025-09-11,EFA,-0.003971069,-0.0087197,0.0047486313,test,-0.01372911
2025-09-11,IWM,-0.010268535,-0.0032589966,0.007009539,test,0.0018347874
2025-09-11,SPY,-0.000334691,-0.0062664463,0.0059317555,test,-0.0071768095
2025-09-11,TLT,-0.0043261615,-0.005245456,0.00091929454,test,-0.006647339
2025-09-12,EFA,0.00664523,-0.009444238,0.016089467,test,-0.0087197
2025-09-12,IWM,0.0042286552,-0.008922047,0.013150702,test,-0.0032589966
2025-09-12,SPY,0.005309803,-0.003605227,0.0089150295,test,-0.0062664463
2025-09-12,TLT,0.0023318967,-0.0087197,0.011051597,test,-0.005245456
2025-09-15,EFA,-0.0027813297,-0.012234237,0.009452907,test,-0.009444238
2025-09-15,IWM,-0.0016479893,-0.00069953967,0.0009484496,test,-0.008922047
2025-09-15,SPY,-0.0013777998,-0.003821155,0.0024433553,test,-0.003605227
2025-09-15,TLT,0.0021051564,-0.0087197,0.010824857,test,-0.0087197
2025-09-16,EFA,-0.0037564007,-0.008729282,0.004972881,test,-0.012234237
2025-09-16,IWM,0.002556784,-0.0005302476,0.0030870317,test,-0.00069953967
2025-09-16,SPY,-0.0012431722,-0.002729788,0.0014866157,test,-0.003821155
2025-09-16,TLT,-0.0025490401,-0.0075904946,0.0050414545,test,-0.0087197
2025-09-17,EFA,0.003863569,0.0072810436,0.0034174745,test,-0.008729282
2025-09-17,IWM,0.024601681,0.030639235,0.006037554,test,-0.0005302476
2025-09-17,SPY,0.004661595,0.008852749,0.004191154,test,-0.002729788
2025-09-17,TLT,-0.010373085,0.00043297,0.010806055,test,-0.0075904946
2025-09-18,EFA,-0.003863569,0.0011223741,0.0049859434,test,0.0072810436
2025-09-18,IWM,-0.007625766,-0.0031312192,0.004494547,test,0.030639235
2025-09-18,SPY,0.0049406,-0.0037101451,0.008650745,test,0.008852749
2025-09-18,TLT,-0.0019079811,-0.0046744123,0.0027664313,test,0.00043297
2025-09-19,EFA,0.0032207184,-0.0062994296,0.009520148,test,0.0011223741
2025-09-19,IWM,0.0057861796,0.006329624,0.0005434444,test,-0.0031312192
2025-09-19,SPY,0.0047198795,-0.003922644,0.008642524,test,-0.0037101451
2025-09-19,TLT,-0.003601084,0.0045932755,0.008194359,test,-0.0046744123
2025-09-22,EFA,-0.0019312027,-0.011945837,0.010014635,test,-0.0062994296
2025-09-22,IWM,-0.0022530796,-0.0010899119,0.0011631676,test,0.006329624
2025-09-22,SPY,-0.0054583903,-0.0032890514,0.002169339,test,-0.003922644
2025-09-22,TLT,0.0069654672,0.05535115,0.048385683,test,0.0045932755
2025-09-23,EFA,-0.0058158347,-0.00561121,0.00020462461,test,-0.011945837
2025-09-23,IWM,-0.009228744,-0.0076320367,0.0015967069,test,-0.0010899119
2025-09-23,SPY,-0.0031867167,0.00034346245,0.0035301792,test,-0.0032890514
2025-09-23,TLT,-0.0038136896,0.04858601,0.052399702,test,0.05535115
2025-09-24,EFA,-0.0071545136,-0.0056725033,0.0014820104,test,-0.00561121
2025-09-24,IWM,-0.009607312,-0.018959599,0.009352286,test,-0.0076320367
2025-09-24,SPY,-0.004624108,-0.0019763252,0.0026477827,test,0.00034346245
2025-09-24,TLT,0.0,0.0456029,0.0456029,test,0.04858601
2025-09-25,EFA,0.0076944446,-0.0074026757,0.015097121,test,-0.0056725033
2025-09-25,IWM,0.008530537,0.0091449665,0.0006144298,test,-0.018959599
2025-09-25,SPY,0.005712727,0.0063299546,0.0006172275,test,-0.0019763252
2025-09-25,TLT,-0.00089948217,0.028354365,0.029253848,test,0.0456029
2025-09-26,EFA,0.0038788882,-0.005437363,0.009316251,test,-0.0074026757
2025-09-26,IWM,0.0011595323,-0.003530221,0.0046897535,test,0.0091449665
2025-09-26,SPY,0.0028064477,0.008336657,0.0055302093,test,0.0063299546
2025-09-26,TLT,0.008177882,0.0028258255,0.0053520566,test,0.028354365
2025-09-29,EFA,0.0040781433,0.00603797,0.0019598268,test,-0.005437363
2025-09-29,IWM,0.0014061938,-0.0064570075,0.007863201,test,-0.003530221
2025-09-29,SPY,0.003759769,0.0036403453,0.00011942373,test,0.008336657
2025-09-29,TLT,-0.002905006,0.01263851,0.015543517,test,0.0028258255
2025-09-30,EFA,0.008212927,-0.012590779,0.020803705,test,0.00603797
2025-09-30,IWM,0.0021880497,-0.0049324282,0.007120478,test,-0.0064570075
2025-09-30,SPY,0.003401777,0.0018376606,0.0015641165,test,0.0036403453
2025-09-30,TLT,0.0025791926,-0.0052384883,0.007817681,test,0.01263851
2025-10-01,EFA,0.0015921135,-0.0017607198,0.0033528334,test,-0.012590779
2025-10-01,IWM,0.0062897196,-0.0071543884,0.013444108,test,-0.0049324282
2025-10-01,SPY,0.0011511174,-0.0006102836,0.001761401,test,0.0018376606
2025-10-01,TLT,0.0029077719,0.0014156522,0.0014921196,test,-0.0052384883
2025-10-02,EFA,0.008343507,-0.009397345,0.017740851,test,-0.0017607198
2025-10-02,IWM,0.0073900693,-0.010437518,0.017827587,test,-0.0071543884
2025-10-02,SPY,-1.4818725e-05,0.006621699,0.0066365176,test,-0.0006102836
2025-10-02,TLT,-0.0019003118,0.012982705,0.014883016,test,0.0014156522
2025-10-03,EFA,0.002311199,-0.0087197,0.011030899,test,-0.009397345
2025-10-03,IWM,0.003978531,-0.0030043237,0.0069828546,test,-0.010437518
2025-10-03,SPY,0.003579834,-0.0025669849,0.006146819,test,0.006621699
2025-10-03,TLT,-0.00797538,-0.008765042,0.0007896619,test,0.012982705
2025-10-06,EFA,-0.0087475255,-0.0087197,2.7825125e-05,test,-0.0087197
2025-10-06,IWM,-0.010795064,0.0021136487,0.012908713,test,-0.0030043237
2025-10-06,SPY,-0.0037144017,0.014587059,0.01830146,test,-0.0025669849
2025-10-06,TLT,0.0057353065,-0.01846248,0.024197785,test,-0.008765042
