date,ticker,y_true,y_pred,abs_error,dataset_part,signal_for_trade
2021-04-01,EFA,0.014466806,-0.07660306,0.09106987,train,
2021-04-01,IWM,0.0054823672,-0.1385048,0.14398716,train,
2021-04-01,SPY,0.014250763,-0.081919216,0.09616998,train,
2021-04-01,TLT,-0.00437257,0.0034307297,0.0078033,train,
2021-04-05,EFA,-0.010700938,-0.04901784,0.0383169,train,-0.07660306
2021-04-05,IWM,-0.0029379835,-0.110847086,0.107909106,train,-0.1385048
2021-04-05,SPY,-0.0005906875,-0.08739544,0.08680475,train,-0.081919216
2021-04-05,TLT,0.0067696674,-0.044919945,0.051689614,train,0.0034307297
2021-04-06,EFA,0.002071884,-0.030410921,0.032482807,train,-0.04901784
2021-04-06,IWM,-0.016270015,-0.12686646,0.11059645,train,-0.110847086
2021-04-06,SPY,0.0011564224,-0.08696832,0.08812474,train,-0.08739544
2021-04-06,TLT,-0.0069890115,-0.018498488,0.011509476,train,-0.044919945
2021-04-07,EFA,0.0056751585,-0.024315404,0.029990561,train,-0.030410921
2021-04-07,IWM,0.008437709,-0.08731433,0.09575204,train,-0.12686646
2021-04-07,SPY,0.0047356877,-0.062411286,0.06714697,train,-0.08696832
2021-04-07,TLT,0.008221509,0.0045138802,0.0037076287,train,-0.018498488
2021-04-08,EFA,0.0030818845,-0.028053274,0.031135159,train,-0.024315404
2021-04-08,IWM,0.00013476046,-0.009293962,0.009428723,train,-0.08731433
2021-04-08,SPY,0.0072439765,-0.08025673,0.08750071,train,-0.062411286
2021-04-08,TLT,-0.003629595,-0.03272818,0.029098585,train,0.0045138802
2021-04-09,EFA,-0.0055288323,-0.026157496,0.020628665,train,-0.028053274
2021-04-09,IWM,-0.0039161025,-0.073427655,0.069511555,train,-0.009293962
2021-04-09,SPY,0.0003645218,-0.080449395,0.080813915,train,-0.08025673
2021-04-09,TLT,-0.00043616968,-0.038981415,0.038545247,train,-0.03272818
2021-04-12,EFA,0.0057852184,-0.022945004,0.028730221,train,-0.026157496
2021-04-12,IWM,-0.0026194032,-0.09294914,0.09032974,train,-0.073427655
2021-04-12,SPY,0.0029592314,-0.03334648,0.036305714,train,-0.080449395
2021-04-12,TLT,0.0074656177,-0.08402464,0.091490254,train,-0.038981415
2021-04-13,EFA,0.0007691062,-0.034550726,0.03531983,train,-0.022945004
2021-04-13,IWM,0.00980972,0.02213016,0.012320439,train,-0.09294914
2021-04-13,SPY,-0.0034210025,-0.049764022,0.04634302,train,-0.03334648
2021-04-13,TLT,-0.003182305,-0.035609894,0.032427587,train,-0.08402464
2021-04-14,EFA,0.008291175,-0.0179039,0.026195075,train,-0.034550726
2021-04-14,IWM,0.0043341587,-0.06952835,0.07386251,train,0.02213016
2021-04-14,SPY,0.010685327,-0.020164708,0.030850034,train,-0.049764022
2021-04-14,TLT,0.016595662,-0.035236403,0.051832065,train,-0.035609894
2021-04-15,EFA,0.0072147576,-0.07180751,0.079022266,train,-0.0179039
2021-04-15,IWM,0.0016037625,0.09793799,0.096334234,train,-0.06952835
2021-04-15,SPY,0.0033367553,-0.06765741,0.07099417,train,-0.020164708
2021-04-15,TLT,-0.007796539,-0.17677581,0.16897927,train,-0.035236403
2021-04-16,EFA,-0.0017669508,-0.013817603,0.012050652,train,-0.07180751
2021-04-16,IWM,-0.013083244,0.04865513,0.06173837,train,0.09793799
2021-04-16,SPY,-0.0049251835,-0.015984392,0.011059208,train,-0.06765741
2021-04-16,TLT,-0.0028762845,0.051853135,0.05472942,train,-0.17677581
2021-04-19,EFA,-0.018103601,0.0066805836,0.024784185,train,-0.013817603
2021-04-19,IWM,-0.02068784,0.01062643,0.03131427,train,0.04865513
2021-04-19,SPY,-0.007348567,-0.03708277,0.029734202,train,-0.015984392
2021-04-19,TLT,0.0045976304,-0.02540212,0.02999975,train,0.051853135
2021-04-20,EFA,0.010239261,-0.036602944,0.046842206,train,0.0066805836
2021-04-20,IWM,0.024154685,-0.03552986,0.059684545,train,0.01062643
2021-04-20,SPY,0.009417747,-0.032737248,0.042154994,train,-0.03708277
2021-04-20,TLT,0.002005556,-0.0424293,0.044434853,train,-0.02540212
2021-04-21,EFA,-0.0033163563,-0.042767443,0.039451085,train,-0.036602944
2021-04-21,IWM,-0.0041435165,-0.09141879,0.087275274,train,-0.03552986
2021-04-21,SPY,-0.009175066,0.018592602,0.027767668,train,-0.032737248
2021-04-21,TLT,0.0043545365,-0.02198021,0.026334746,train,-0.0424293
2021-04-22,EFA,0.010169092,-0.011453973,0.021623064,train,-0.042767443
2021-04-22,IWM,0.018688696,-0.01913395,0.037822645,train,-0.09141879
2021-04-22,SPY,0.010784062,-0.04018271,0.05096677,train,0.018592602
2021-04-22,TLT,-0.0023531227,-0.05630993,0.053956807,train,-0.02198021
2021-04-23,EFA,0.000758687,-0.06902473,0.06978341,train,-0.011453973
2021-04-23,IWM,0.010355491,-0.12534358,0.13569906,train,-0.01913395
2021-04-23,SPY,0.0020853118,-0.07602018,0.078105494,train,-0.04018271
2021-04-23,TLT,-0.0014290536,-0.078902,0.07747295,train,-0.05630993
2021-04-26,EFA,-0.0032911685,-0.023777952,0.020486783,train,-0.06902473
2021-04-26,IWM,0.0014895187,-0.11871731,0.12020683,train,-0.12534358
2021-04-26,SPY,-0.00021553921,-0.051479623,0.051264085,train,-0.07602018
2021-04-26,TLT,-0.008761595,-0.055445723,0.046684127,train,-0.078902
2021-04-27,EFA,0.0025324817,-0.025823018,0.0283555,train,-0.023777952
2021-04-27,IWM,0.0017056611,-0.024165487,0.025871148,train,-0.11871731
2021-04-27,SPY,-0.00028717166,-0.04916078,0.048873607,train,-0.051479623
2021-04-27,TLT,0.0006486992,-0.062034838,0.06268354,train,-0.055445723
2021-04-28,EFA,0.00037964078,-0.042007647,0.042387288,train,-0.025823018
2021-04-28,IWM,-0.0037212803,-0.028664794,0.024943514,train,-0.024165487
2021-04-28,SPY,0.006352254,-0.06745379,0.07380604,train,-0.04916078
2021-04-28,TLT,-0.002959261,-0.07113784,0.06817858,train,-0.062034838
2021-04-29,EFA,-0.012595065,-0.056005232,0.043410167,train,-0.042007647
2021-04-29,IWM,-0.013690327,0.0694585,0.08314883,train,-0.028664794
2021-04-29,SPY,-0.0065921084,-0.095983796,0.089391686,train,-0.06745379
2021-04-29,TLT,0.0023105617,-0.12528512,0.12759568,train,-0.07113784
2021-04-30,EFA,0.010950041,-0.032221727,0.043171767,train,-0.056005232
2021-04-30,IWM,0.004879245,0.03707201,0.032192767,train,0.0694585
2021-04-30,SPY,0.0021543603,-0.11271327,0.11486763,train,-0.095983796
2021-04-30,TLT,0.0005997822,-0.12700877,0.12760855,train,-0.12528512
2021-05-03,EFA,-0.014926551,-0.044375967,0.029449416,train,-0.032221727
2021-05-03,IWM,-0.012019475,-0.03890831,0.026888836,train,0.03707201
2021-05-03,SPY,-0.0061882567,-0.0793751,0.073186845,train,-0.11271327
2021-05-03,TLT,0.0067628934,-0.09634766,0.10311055,train,-0.12700877
2021-05-04,EFA,0.013532778,-0.02723757,0.04077035,train,-0.044375967
2021-05-04,IWM,-0.0039936607,-0.0065526385,0.0025589778,train,-0.03890831
2021-05-04,SPY,0.00031277727,-0.09945951,0.09977228,train,-0.0793751
2021-05-04,TLT,0.0016475084,-0.10517919,0.1068267,train,-0.09634766
2021-05-05,EFA,0.008208568,-0.07529445,0.083503015,train,-0.02723757
2021-05-05,IWM,0.0008539111,0.021498682,0.020644771,train,-0.0065526385
2021-05-05,SPY,0.00795383,-0.08608403,0.09403786,train,-0.09945951
2021-05-05,TLT,0.0016453736,0.047775127,0.046129752,train,-0.10517919
2021-05-06,EFA,0.011255904,-0.0030656252,0.014321529,train,-0.07529445
2021-05-06,IWM,0.01250064,-0.0027999151,0.015300555,train,0.021498682
2021-05-06,SPY,0.00725163,-0.05405534,0.061306972,train,-0.08608403
2021-05-06,TLT,-0.0049436227,-0.103404455,0.09846083,train,0.047775127
2021-05-07,EFA,-0.0053619896,-0.06972237,0.06436038,train,-0.0030656252
2021-05-07,IWM,-0.02575111,-0.023458062,0.0022930484,train,-0.0027999151
2021-05-07,SPY,-0.00995181,-0.023927962,0.013976152,train,-0.05405534
2021-05-07,TLT,-0.010178443,0.00929719,0.019475633,train,-0.103404455
2021-05-10,EFA,-0.013215312,-0.051191352,0.03797604,train,-0.06972237
2021-05-10,IWM,-0.0031917917,0.07513185,0.07832364,train,-0.023458062
2021-05-10,SPY,-0.00896483,-0.06319132,0.054226488,train,-0.023927962
2021-05-10,TLT,-0.005675556,-0.07834492,0.072669365,train,0.00929719
2021-05-11,EFA,-0.01609237,-0.014977865,0.0011145044,train,-0.051191352
2021-05-11,IWM,-0.033010714,-0.009373736,0.023636978,train,0.07513185
2021-05-11,SPY,-0.021474164,-0.060887203,0.03941304,train,-0.06319132
2021-05-11,TLT,-0.010563559,-0.11347189,0.10290833,train,-0.07834492
2021-05-12,EFA,0.007439728,-0.062957965,0.07039769,train,-0.014977865
2021-05-12,IWM,0.018241951,0.022597557,0.0043556057,train,-0.009373736
2021-05-12,SPY,0.011941017,0.0006690528,0.011271964,train,-0.060887203
2021-05-12,TLT,0.0015473274,-0.044746034,0.046293363,train,-0.11347189
2021-05-13,EFA,0.016602632,0.06598483,0.0493822,train,-0.062957965
2021-05-13,IWM,0.024132833,0.07994393,0.0558111,train,0.022597557
2021-05-13,SPY,0.015238782,-0.054940246,0.07017903,train,0.0006690528
2021-05-13,TLT,0.009307779,-0.02288612,0.0321939,train,-0.044746034
2021-05-14,EFA,-0.0018870824,-0.019271145,0.017384062,train,0.06598483
2021-05-14,IWM,0.001356312,0.15079996,0.14944364,train,0.07994393
2021-05-14,SPY,-0.002547957,-0.11776165,0.11521369,train,-0.054940246
2021-05-14,TLT,-0.0021179721,-0.05287523,0.050757255,train,-0.02288612
2021-05-17,EFA,0.0021385215,-0.059962437,0.062100958,train,-0.019271145
2021-05-17,IWM,-0.007619799,0.09001492,0.09763472,train,0.15079996
2021-05-17,SPY,-0.008652863,-0.07377549,0.06512263,train,-0.11776165
2021-05-17,TLT,-0.002561615,-0.029211676,0.02665006,train,-0.05287523
2021-05-18,EFA,-0.00883527,-0.057035305,0.048200034,train,-0.059962437
2021-05-18,IWM,-0.0077241543,0.14173256,0.14945671,train,0.09001492
2021-05-18,SPY,-0.0026253895,-0.056237236,0.053611845,train,-0.07377549
2021-05-18,TLT,-0.0024215227,-0.062318616,0.05989709,train,-0.029211676
2021-05-19,EFA,0.0130985305,-0.029538453,0.042636983,train,-0.057035305
2021-05-19,IWM,0.0066309934,0.098319866,0.09168887,train,0.14173256
2021-05-19,SPY,0.010700355,-0.03639482,0.047095176,train,-0.056237236
2021-05-19,TLT,0.008194799,-0.051114053,0.05930885,train,-0.062318616
2021-05-20,EFA,0.0013754112,-0.048873253,0.050248664,train,-0.029538453
2021-05-20,IWM,0.0025947227,-0.037755568,0.040350292,train,0.098319866
2021-05-20,SPY,-0.0008189004,-0.09816402,0.09734512,train,-0.03639482
2021-05-20,TLT,0.0032011846,-0.005821605,0.00902279,train,-0.051114053
2021-05-21,EFA,0.0061042346,-0.025206557,0.03131079,train,-0.048873253
2021-05-21,IWM,0.0064797415,-0.06683987,0.07331961,train,-0.037755568
2021-05-21,SPY,0.0101425825,-0.027295941,0.037438523,train,-0.09816402
2021-05-21,TLT,0.0036977218,-0.032254703,0.035952426,train,-0.005821605
2021-05-24,EFA,0.00024833108,-0.026551148,0.02679948,train,-0.025206557
2021-05-24,IWM,-0.009712971,-0.020357216,0.010644245,train,-0.06683987
2021-05-24,SPY,-0.0022211233,-0.14417739,0.14195627,train,-0.027295941
2021-05-24,TLT,0.009220596,-0.042179637,0.051400233,train,-0.032254703
2021-05-25,EFA,-0.0006211648,-0.017819094,0.01719793,train,-0.026551148
2021-05-25,IWM,0.018482009,-0.08645235,0.10493436,train,-0.020357216
2021-05-25,SPY,0.0019826707,-0.04790534,0.04988801,train,-0.14417739
2021-05-25,TLT,-0.001722655,-0.06311889,0.061396234,train,-0.042179637
2021-05-26,EFA,0.0018618959,-0.042076282,0.04393818,train,-0.017819094
2021-05-26,IWM,0.010244962,0.05725147,0.047006506,train,-0.08645235
2021-05-26,SPY,0.00052472274,-0.05526337,0.055788092,train,-0.04790534
2021-05-26,TLT,-0.0040302468,-0.031594567,0.02756432,train,-0.06311889
2021-05-27,EFA,0.0023534873,-0.009330843,0.01168433,train,-0.042076282
2021-05-27,IWM,-0.00066498475,-0.031304017,0.030639032,train,0.05725147
2021-05-27,SPY,0.0017871207,0.0014404841,0.00034663663,train,-0.05526337
2021-05-27,TLT,-0.001587819,-0.03968758,0.038099762,train,-0.031594567
2021-05-28,EFA,0.0035812363,-0.075125076,0.07870631,train,-0.009330843
2021-05-28,IWM,0.01128857,-0.005711723,0.017000293,train,-0.031304017
2021-05-28,SPY,-0.00088120357,-0.030193621,0.029312417,train,0.0014404841
2021-05-28,TLT,-0.00022448141,-0.055624433,0.05539995,train,-0.03968758
2021-06-01,EFA,0.00332278,-0.07653478,0.07985756,train,-0.075125076
2021-06-01,IWM,0.0011831162,-0.029783446,0.030966563,train,-0.005711723
2021-06-01,SPY,0.0015714054,-0.028137958,0.029709363,train,-0.030193621
2021-06-01,TLT,0.0023125967,-0.076564014,0.07887661,train,-0.055624433
2021-06-02,EFA,-0.0049266974,0.011585085,0.016511783,train,-0.07653478
2021-06-02,IWM,-0.0084001245,0.0117110815,0.020111207,train,-0.029783446
2021-06-02,SPY,-0.003718289,-0.050421283,0.046702992,train,-0.028137958
2021-06-02,TLT,-0.003760795,-0.06259998,0.058839183,train,-0.076564014
2021-06-03,EFA,0.008483447,-0.0055971313,0.014080578,train,0.011585085
2021-06-03,IWM,0.0043189605,-0.032157265,0.036476225,train,0.0117110815
2021-06-03,SPY,0.009104469,-0.031914063,0.04101853,train,-0.050421283
2021-06-03,TLT,0.01360222,-0.07082026,0.08442248,train,-0.06259998
2021-06-04,EFA,0.0033002542,-0.030164758,0.033465013,train,-0.0055971313
2021-06-04,IWM,0.013323309,0.020949049,0.00762574,train,-0.032157265
2021-06-04,SPY,-0.0009707157,-0.025440287,0.024469571,train,-0.031914063
2021-06-04,TLT,-0.0030787827,-0.06966689,0.06658811,train,-0.07082026
2021-06-07,EFA,-0.00048817534,-0.013086865,0.01259869,train,-0.030164758
2021-06-07,IWM,0.010532255,0.031786844,0.021254588,train,0.020949049
2021-06-07,SPY,0.00021300092,-0.031196643,0.031409644,train,-0.025440287
2021-06-07,TLT,0.007002122,-0.013013938,0.02001606,train,-0.06966689
2021-06-08,EFA,-0.0026894507,0.00060515665,0.0032946074,train,-0.013086865
2021-06-08,IWM,-0.006677692,-0.06490566,0.058227967,train,0.031786844
2021-06-08,SPY,-0.0014928875,-0.03788402,0.03639113,train,-0.031196643
2021-06-08,TLT,0.008789842,-0.067960024,0.07674987,train,-0.013013938
2021-06-09,EFA,0.002750921,-0.026614795,0.029365715,train,0.00060515665
2021-06-09,IWM,-0.007443573,-0.02760555,0.020161977,train,-0.06490566
2021-06-09,SPY,0.004637547,-0.0006629955,0.0053005423,train,-0.03788402
2021-06-09,TLT,0.0059814393,-0.031532973,0.03751441,train,-0.067960024
2021-06-10,EFA,0.0023482647,0.021763986,0.019415721,train,-0.026614795
2021-06-10,IWM,0.010499574,-0.13029236,0.14079192,train,-0.02760555
2021-06-10,SPY,0.0016509586,-0.020748546,0.022399506,train,-0.0006629955
2021-06-10,TLT,-0.0016151029,-0.020587744,0.01897264,train,-0.031532973
2021-06-11,EFA,0.0017268698,0.012342883,0.010616014,train,0.021763986
2021-06-11,IWM,-0.002939165,-0.05176893,0.048829764,train,-0.13029236
2021-06-11,SPY,0.002236663,0.0013389532,0.00089770975,train,-0.020748546
2021-06-11,TLT,-0.007688996,0.0195479,0.027236896,train,-0.020587744
2021-06-14,EFA,0.0012318408,-0.035116836,0.03634868,train,0.012342883
2021-06-14,IWM,-0.0028609878,-0.09002668,0.08716569,train,-0.05176893
2021-06-14,SPY,-0.0018359403,-0.045517184,0.043681245,train,0.0013389532
2021-06-14,TLT,-0.0012038826,-0.036767796,0.035563912,train,0.0195479
2021-06-15,EFA,-0.006173672,-0.0063950364,0.0002213642,train,-0.035116836
2021-06-15,IWM,-0.002129475,-0.04066532,0.038535845,train,-0.09002668
2021-06-15,SPY,-0.0055989195,-0.020830281,0.015231362,train,-0.045517184
2021-06-15,TLT,-0.00085182796,-0.08830939,0.08745757,train,-0.036767796
2021-06-16,EFA,-0.0069599827,-0.020160036,0.013200054,train,-0.0063950364
2021-06-16,IWM,-0.01128716,-0.024771137,0.013483977,train,-0.04066532
2021-06-16,SPY,-0.00033177098,-0.07768277,0.077351,train,-0.020830281
2021-06-16,TLT,0.014861332,-0.036808558,0.05166989,train,-0.08830939
2021-06-17,EFA,-0.02092076,-0.026526557,0.0056057964,train,-0.020160036
2021-06-17,IWM,-0.022963718,-0.04644715,0.023483433,train,-0.024771137
2021-06-17,SPY,-0.013582245,-0.026365494,0.012783249,train,-0.07768277
2021-06-17,TLT,0.018631304,-0.076624095,0.0952554,train,-0.036808558
2021-06-18,EFA,0.01303245,-0.012047542,0.025079992,train,-0.026526557
2021-06-18,IWM,0.02115819,0.021143107,1.50837e-05,train,-0.04644715
2021-06-18,SPY,0.0142145,-0.050252467,0.06446697,train,-0.026365494
2021-06-18,TLT,-0.016885502,-0.09188358,0.07499807,train,-0.076624095
2021-06-21,EFA,0.0001256494,-0.043629467,0.043755118,train,-0.012047542
2021-06-21,IWM,0.0045296466,0.011271602,0.006741955,train,0.021143107
2021-06-21,SPY,0.0053319056,-0.0149331335,0.020265039,train,-0.050252467
2021-06-21,TLT,0.0024397823,-0.013982831,0.016422613,train,-0.09188358
2021-06-22,EFA,-0.0064310036,-0.054390363,0.04795936,train,-0.043629467
2021-06-22,IWM,0.0032854867,0.010764463,0.007478976,train,0.011271602
2021-06-22,SPY,-0.0012059141,-0.041249603,0.04004369,train,-0.0149331335
2021-06-22,TLT,-0.0025795884,-0.07253108,0.06995149,train,-0.013982831
2021-06-23,EFA,0.009568441,-0.07220527,0.081773706,train,-0.054390363
2021-06-23,IWM,0.014026859,-0.07743532,0.09146218,train,0.010764463
2021-06-23,SPY,0.0058981893,-0.05535356,0.06125175,train,-0.041249603
2021-06-23,TLT,0.0016049123,-0.08095103,0.08255594,train,-0.07253108
2021-06-24,EFA,0.0021277207,-0.021878308,0.024006028,train,-0.07220527
2021-06-24,IWM,0.0016805067,-0.0720669,0.07374741,train,-0.07743532
2021-06-24,SPY,0.0035459646,-0.049674183,0.05322015,train,-0.05535356
2021-06-24,TLT,-0.0104376925,-0.08807497,0.07763728,train,-0.08095103
2021-06-25,EFA,-0.0063970136,-0.046453208,0.040056195,train,-0.021878308
2021-06-25,IWM,-0.007953046,0.020359451,0.028312497,train,-0.0720669
2021-06-25,SPY,0.0020136875,-0.030564662,0.03257835,train,-0.049674183
2021-06-25,TLT,0.010228531,-0.04711494,0.057343468,train,-0.08807497
2021-06-28,EFA,0.00025175716,-0.06177011,0.06202187,train,-0.046453208
2021-06-28,IWM,-0.0047849356,-0.01728635,0.012501413,train,0.020359451
2021-06-28,SPY,0.0005380256,-0.057385385,0.05792341,train,-0.030564662
2021-06-28,TLT,0.0016716265,-0.01459779,0.016269417,train,-0.04711494
2021-06-29,EFA,-0.0077035734,-0.012149459,0.0044458853,train,-0.06177011
2021-06-29,IWM,0.00013086264,-0.031298265,0.031429127,train,-0.01728635
2021-06-29,SPY,0.00084120984,-0.061744027,0.062585235,train,-0.057385385
2021-06-29,TLT,0.004443006,-0.046042964,0.05048597,train,-0.01459779
2021-06-30,EFA,0.002405652,-0.09096732,0.09337297,train,-0.012149459
2021-06-30,IWM,0.008768083,-0.04266607,0.05143415,train,-0.031298265
2021-06-30,SPY,0.005521389,-0.07989811,0.0854195,train,-0.061744027
2021-06-30,TLT,5.5221924e-05,-0.048129596,0.04818482,train,-0.046042964
2021-07-01,EFA,0.0034089717,-0.008998092,0.012407064,train,-0.09096732
2021-07-01,IWM,-0.009553304,-0.03434682,0.024793515,train,-0.04266607
2021-07-01,SPY,0.0076144603,-0.056102216,0.06371668,train,-0.07989811
2021-07-01,TLT,0.006016901,-0.040703166,0.04672007,train,-0.048129596
2021-07-02,EFA,-0.006575595,-0.064354844,0.05777925,train,-0.008998092
2021-07-02,IWM,-0.014635811,-0.011686507,0.002949304,train,-0.03434682
2021-07-02,SPY,-0.00182303,-0.046874434,0.045051403,train,-0.056102216
2021-07-02,TLT,0.011653037,-0.0061291475,0.017782185,train,-0.040703166
2021-07-06,EFA,0.005440488,-0.052801684,0.058242172,train,-0.064354844
2021-07-06,IWM,-0.009341477,-0.016823407,0.00748193,train,-0.011686507
2021-07-06,SPY,0.0035276962,-0.09297683,0.096504524,train,-0.046874434
2021-07-06,TLT,0.008820001,-0.043657213,0.052477214,train,-0.0061291475
2021-07-07,EFA,-0.012953988,-0.06325786,0.05030387,train,-0.052801684
2021-07-07,IWM,-0.009248942,-0.035182867,0.025933925,train,-0.016823407
2021-07-07,SPY,-0.008181263,-0.06782502,0.059643757,train,-0.09297683
2021-07-07,TLT,0.003909924,-0.10076151,0.10467143,train,-0.043657213
2021-07-08,EFA,0.016858144,-0.03307505,0.049933195,train,-0.06325786
2021-07-08,IWM,0.020890037,0.031336904,0.010446867,train,-0.035182867
2021-07-08,SPY,0.010618173,-0.08205756,0.09267573,train,-0.06782502
2021-07-08,TLT,-0.014162616,-0.07645857,0.06229596,train,-0.10076151
2021-07-09,EFA,0.0042644734,0.04273232,0.038467847,train,-0.03307505
2021-07-09,IWM,0.0008387889,-0.028919034,0.029757822,train,0.031336904
2021-07-09,SPY,0.0035756421,-0.033074215,0.036649857,train,-0.08205756
2021-07-09,TLT,-0.0012973628,-0.06092859,0.05963123,train,-0.07645857
2021-07-12,EFA,-0.0052702217,-0.030522043,0.02525182,train,0.04273232
2021-07-12,IWM,-0.019026099,0.025767984,0.044794083,train,-0.028919034
2021-07-12,SPY,-0.0034150179,-0.023582034,0.020167015,train,-0.033074215
2021-07-12,TLT,-0.0076825693,-0.04595775,0.038275182,train,-0.06092859
2021-07-13,EFA,0.0022620368,0.01969353,0.017431492,train,-0.030522043
2021-07-13,IWM,-0.015549826,0.040193595,0.055743422,train,0.025767984
2021-07-13,SPY,0.0014912897,-0.028029589,0.029520879,train,-0.023582034
2021-07-13,TLT,0.011297659,-0.07823477,0.08953243,train,-0.04595775
2021-07-14,EFA,-0.009586432,-0.018549113,0.008962681,train,0.01969353
2021-07-14,IWM,-0.005681508,-0.01312994,0.007448432,train,0.040193595
2021-07-14,SPY,-0.0034214556,-0.01995905,0.016537594,train,-0.028029589
2021-07-14,TLT,0.01096998,-0.0625704,0.07354038,train,-0.07823477
2021-07-15,EFA,-0.007378214,0.0050620716,0.012440286,train,-0.018549113
2021-07-15,IWM,-0.012391056,-0.001078954,0.011312102,train,-0.01312994
2021-07-15,SPY,-0.007874617,-0.05134643,0.043471813,train,-0.01995905
2021-07-15,TLT,-0.0018875711,-0.060847297,0.058959726,train,-0.0625704
2021-07-16,EFA,-0.01829735,-0.06243045,0.044133097,train,0.0050620716
2021-07-16,IWM,-0.015093586,-0.09819891,0.083105326,train,-0.001078954
2021-07-16,SPY,-0.01487797,-0.09455321,0.07967524,train,-0.05134643
2021-07-16,TLT,0.021691384,-0.051834136,0.07352552,train,-0.060847297
2021-07-19,EFA,0.0072558853,-0.06744129,0.074697174,train,-0.06243045
2021-07-19,IWM,0.030558435,-0.07681929,0.10737773,train,-0.09819891
2021-07-19,SPY,0.014228683,-0.08666349,0.10089217,train,-0.09455321
2021-07-19,TLT,-0.009686128,0.011425609,0.021111738,train,-0.051834136
2021-07-20,EFA,0.015118783,0.059281297,0.04416251,train,-0.06744129
2021-07-20,IWM,0.017077342,-0.018536765,0.035614107,train,-0.07681929
2021-07-20,SPY,0.008063596,-0.057561442,0.06562504,train,-0.08666349
2021-07-20,TLT,-0.012747678,-0.08784803,0.075100355,train,0.011425609
2021-07-21,EFA,0.00038137322,0.026063552,0.02568218,train,0.059281297
2021-07-21,IWM,-0.016024353,-0.09129953,0.075275175,train,-0.018536765
2021-07-21,SPY,0.0020920243,-0.07911434,0.08120637,train,-0.057561442
2021-07-21,TLT,0.009408602,-0.07080148,0.08021008,train,-0.08784803
2021-07-22,EFA,0.0069671506,-0.060560025,0.067527175,train,0.026063552
2021-07-22,IWM,0.004656725,0.05143182,0.046775095,train,-0.09129953
2021-07-22,SPY,0.010235371,-0.09963682,0.10987219,train,-0.07911434
2021-07-22,TLT,-0.0067113675,-0.083082415,0.076371044,train,-0.07080148
2021-07-23,EFA,0.0013873581,-0.038893946,0.040281303,train,-0.060560025
2021-07-23,IWM,0.0029107989,-0.024354089,0.027264887,train,0.05143182
2021-07-23,SPY,0.002451958,-0.061937273,0.06438923,train,-0.09963682
2021-07-23,TLT,-0.0029675507,-0.045966692,0.04299914,train,-0.083082415
2021-07-26,EFA,-0.004041783,-0.018646935,0.0146051515,train,-0.038893946
2021-07-26,IWM,-0.011740303,-0.03298708,0.021246778,train,-0.024354089
2021-07-26,SPY,-0.0045678597,-0.035887912,0.03132005,train,-0.061937273
2021-07-26,TLT,0.010615065,0.0062515717,0.004363493,train,-0.045966692
2021-07-27,EFA,0.0042939843,-0.015910124,0.020204108,train,-0.018646935
2021-07-27,IWM,0.014597616,-0.06265433,0.07725195,train,-0.03298708
2021-07-27,SPY,-0.0004101735,-0.065986305,0.06557613,train,-0.035887912
2021-07-27,TLT,6.660433e-05,-0.05942528,0.059491884,train,0.0062515717
2021-07-28,EFA,0.006907429,-0.033755474,0.040662903,train,-0.015910124
2021-07-28,IWM,0.007669002,0.0010191184,0.0066498835,train,-0.06265433
2021-07-28,SPY,0.0041387044,-0.0678184,0.07195711,train,-0.065986305
2021-07-28,TLT,-0.0055615813,-0.07305949,0.06749791,train,-0.05942528
2021-07-29,EFA,-0.0051445724,-0.03553907,0.030394496,train,-0.033755474
2021-07-29,IWM,-0.0066282423,-0.051336043,0.0447078,train,0.0010191184
2021-07-29,SPY,-0.004868301,-0.07618204,0.07131374,train,-0.0678184
2021-07-29,TLT,0.004692696,-0.06322014,0.06791284,train,-0.07305949
2021-07-30,EFA,0.0050193476,-0.05091317,0.055932518,train,-0.03553907
2021-07-30,IWM,-0.0049886303,-0.047927342,0.042938713,train,-0.051336043
2021-07-30,SPY,-0.0021000963,-0.059107646,0.05700755,train,-0.07618204
2021-07-30,TLT,0.008879721,-0.011304526,0.020184247,train,-0.06322014
2021-08-02,EFA,0.0071095126,-0.061633885,0.0687434,train,-0.05091317
2021-08-02,IWM,0.0041288864,-0.07108099,0.07520988,train,-0.047927342
2021-08-02,SPY,0.008102414,-0.016872281,0.024974696,train,-0.059107646
2021-08-02,TLT,0.0005310248,-0.020465536,0.020996561,train,-0.011304526
2021-08-03,EFA,-0.0029873264,-0.05148022,0.048492894,train,-0.061633885
2021-08-03,IWM,-0.012529571,-0.05618699,0.04365742,train,-0.07108099
2021-08-03,SPY,-0.0049309847,-0.008425122,0.0034941374,train,-0.016872281
2021-08-03,TLT,0.0020542073,-0.019164523,0.02121873,train,-0.020465536
2021-08-04,EFA,0.004849897,-0.01600152,0.020851418,train,-0.05148022
2021-08-04,IWM,0.017813118,0.011524318,0.0062888004,train,-0.05618699
2021-08-04,SPY,0.0063128434,-0.061314657,0.067627504,train,-0.008425122
2021-08-04,TLT,-0.0051100957,-0.0691482,0.064038105,train,-0.019164523
2021-08-05,EFA,-0.0037286177,0.004026348,0.0077549657,train,-0.01600152
2021-08-05,IWM,0.006106512,0.007905951,0.0017994386,train,0.011524318
2021-08-05,SPY,0.0016511335,-0.0235025,0.025153635,train,-0.061314657
2021-08-05,TLT,-0.016842006,-0.04324758,0.026405575,train,-0.0691482
2021-08-06,EFA,-0.00049821567,0.024564592,0.025062807,train,0.004026348
2021-08-06,IWM,-0.005521389,-0.03638673,0.03086534,train,0.007905951
2021-08-06,SPY,-0.0008139129,-0.010598687,0.009784775,train,-0.0235025
2021-08-06,TLT,-0.003593062,0.0064946786,0.010087741,train,-0.04324758
2021-08-09,EFA,0.0022400185,0.020224238,0.017984219,train,0.024564592
2021-08-09,IWM,0.0019786954,0.0015503969,0.0004282985,train,-0.03638673
2021-08-09,SPY,0.0012429991,-0.025969481,0.02721248,train,-0.010598687
2021-08-09,TLT,-0.004628592,0.081577934,0.086206526,train,0.0064946786
2021-08-10,EFA,0.006813087,-0.00013796799,0.006951055,train,0.020224238
2021-08-10,IWM,0.004884783,-0.03488419,0.03976897,train,0.0015503969
2021-08-10,SPY,0.0024820315,-0.040935896,0.043417927,train,-0.025969481
2021-08-10,TLT,-0.0006150432,0.030175911,0.030790955,train,0.081577934
2021-08-11,EFA,-0.0008644459,-0.014428696,0.0135642495,train,-0.00013796799
2021-08-11,IWM,-0.0023722316,-0.045457333,0.043085102,train,-0.03488419
2021-08-11,SPY,0.002992351,-0.050050996,0.053043347,train,-0.040935896
2021-08-11,TLT,-0.001639572,0.037775233,0.039414804,train,0.030175911
2021-08-12,EFA,0.006036351,0.0054466557,0.0005896953,train,-0.014428696
2021-08-12,IWM,-0.009138185,0.0028413516,0.011979536,train,-0.045457333
2021-08-12,SPY,0.0018182031,-0.04709816,0.048916362,train,-0.050050996
2021-08-12,TLT,0.015672993,0.07694694,0.061273944,train,0.037775233
2021-08-13,EFA,-0.005171905,-0.0043229256,0.0008489792,train,0.0054466557
2021-08-13,IWM,-0.009359311,0.027342873,0.036702186,train,0.0028413516
2021-08-13,SPY,0.0023517567,-0.04666496,0.049016718,train,-0.04709816
2021-08-13,TLT,0.0024200482,0.032773323,0.030353274,train,0.07694694
2021-08-16,EFA,-0.009426766,0.03521844,0.044645205,train,-0.0043229256
2021-08-16,IWM,-0.012263068,-0.0045442116,0.0077188564,train,0.027342873
2021-08-16,SPY,-0.006576758,-0.1158626,0.10928585,train,-0.04666496
2021-08-16,TLT,-0.00040244637,-0.027303284,0.026900837,train,0.032773323
2021-08-17,EFA,-0.0038710048,0.02910682,0.032977823,train,0.03521844
2021-08-17,IWM,-0.008772233,-0.03963145,0.030859217,train,-0.0045442116
2021-08-17,SPY,-0.011005131,-0.06144113,0.050436,train,-0.1158626
2021-08-17,TLT,0.0033530144,0.026713887,0.023360873,train,-0.027303284
2021-08-18,EFA,-0.009932638,-0.050194427,0.04026179,train,0.02910682
2021-08-18,IWM,-0.012052979,-0.04793471,0.03588173,train,-0.03963145
2021-08-18,SPY,0.0015470436,-0.04027018,0.04181722,train,-0.06144113
2021-08-18,TLT,0.007338407,-0.0037695542,0.011107961,train,0.026713887
2021-08-19,EFA,0.003909238,-0.026490731,0.030399969,train,-0.050194427
2021-08-19,IWM,0.016750623,0.0036890712,0.013061551,train,-0.04793471
2021-08-19,SPY,0.0079256175,-0.004796425,0.012722042,train,-0.04027018
2021-08-19,TLT,0.0006646481,0.017050942,0.016386295,train,-0.0037695542
2021-08-20,EFA,0.009271217,-0.049147718,0.058418933,train,-0.026490731
2021-08-20,IWM,0.018844845,0.002189016,0.016655829,train,0.0036890712
2021-08-20,SPY,0.008758285,0.04253176,0.033773474,train,-0.004796425
2021-08-20,TLT,-0.0006646481,0.03896176,0.03962641,train,0.017050942
2021-08-23,EFA,0.0021174294,-0.031042213,0.033159643,train,-0.049147718
2021-08-23,IWM,0.009787291,-0.048287906,0.058075197,train,0.002189016
2021-08-23,SPY,0.0015858943,0.0020492394,0.0004633451,train,0.04253176
2021-08-23,TLT,-0.007807186,0.010875715,0.0186829,train,0.03896176
2021-08-24,EFA,0.00037343064,-0.04728269,0.04765612,train,-0.031042213
2021-08-24,IWM,0.003510793,-0.05535251,0.0588633,train,-0.048287906
2021-08-24,SPY,0.0020961266,-0.041759565,0.043855693,train,0.0020492394
2021-08-24,TLT,-0.008341263,-0.067382745,0.05904148,train,0.010875715
2021-08-25,EFA,-0.005238343,-0.05628506,0.051046718,train,-0.04728269
2021-08-25,IWM,-0.010660487,-0.042555854,0.031895366,train,-0.05535251
2021-08-25,SPY,-0.005920597,-0.053133532,0.047212936,train,-0.041759565
2021-08-25,TLT,0.0027655861,-0.048823126,0.05158871,train,-0.067382745
2021-08-26,EFA,0.009087022,-0.043294966,0.05238199,train,-0.05628506
2021-08-26,IWM,0.027811235,-0.013329143,0.041140378,train,-0.042555854
2021-08-26,SPY,0.0089012375,-0.08236278,0.09126402,train,-0.053133532
2021-08-26,TLT,0.006780963,-0.015524948,0.022305911,train,-0.048823126
2021-08-27,EFA,-0.00024776396,-0.087882034,0.08763427,train,-0.043294966
2021-08-27,IWM,-0.0041161124,0.013446437,0.01756255,train,-0.013329143
2021-08-27,SPY,0.004387866,-0.018874835,0.023262702,train,-0.08236278
2021-08-27,TLT,0.0026064904,-0.032585286,0.035191774,train,-0.015524948
2021-08-30,EFA,-0.0004960392,0.041612357,0.042108398,train,-0.087882034
2021-08-30,IWM,0.0019495174,-0.007684909,0.009634426,train,0.013446437
2021-08-30,SPY,-0.0014826849,-0.049421445,0.04793876,train,-0.018874835
2021-08-30,TLT,-0.006830675,-0.041595154,0.03476448,train,-0.032585286
2021-08-31,EFA,0.00901197,-0.13780697,0.14681894,train,0.041612357
2021-08-31,IWM,0.0067055514,-0.021039493,0.027745046,train,-0.007684909
2021-08-31,SPY,0.0005314002,-0.085793234,0.08632463,train,-0.049421445
2021-08-31,TLT,0.0016737184,-0.09010094,0.09177466,train,-0.041595154
2021-09-01,EFA,0.0040472527,-0.08578152,0.089828774,train,-0.13780697
2021-09-01,IWM,0.0069228876,-0.024745854,0.03166874,train,-0.021039493
2021-09-01,SPY,0.003071835,-0.043890007,0.04696184,train,-0.085793234
2021-09-01,TLT,0.0043560034,0.04108823,0.036732227,train,-0.09010094
2021-09-02,EFA,0.0045185746,-0.044144355,0.04866293,train,-0.08578152
2021-09-02,IWM,-0.004639227,0.026599763,0.03123899,train,-0.024745854
2021-09-02,SPY,-0.00024284208,-0.05199887,0.051756028,train,-0.043890007
2021-09-02,TLT,-0.009135596,0.00530163,0.014437227,train,0.04108823
2021-09-03,EFA,0.0007307407,-0.05170831,0.052439053,train,-0.044144355
2021-09-03,IWM,-0.006910903,0.011920853,0.018831756,train,0.026599763
2021-09-03,SPY,-0.0035817374,-0.06111999,0.057538252,train,-0.05199887
2021-09-03,TLT,-0.008471887,-0.05458758,0.046115693,train,0.00530163
2021-09-07,EFA,-0.007945735,0.012733726,0.02067946,train,-0.05170831
2021-09-07,IWM,-0.010970447,-0.022242201,0.011271754,train,0.011920853
2021-09-07,SPY,-0.0012190983,-0.04815764,0.046938542,train,-0.06111999
2021-09-07,TLT,0.006782989,-0.034363445,0.041146435,train,-0.05458758
2021-09-08,EFA,-0.0017198736,-0.02461691,0.022897037,train,0.012733726
2021-09-08,IWM,-0.0004912839,-0.035792593,0.03530131,train,-0.022242201
2021-09-08,SPY,-0.0042894734,-0.003532378,0.0007570954,train,-0.04815764
2021-09-08,TLT,0.012028,-0.021327281,0.03335528,train,-0.034363445
2021-09-09,EFA,-0.0022152655,0.023746083,0.025961349,train,-0.02461691
2021-09-09,IWM,-0.0098334355,-0.0543733,0.044539865,train,-0.035792593
2021-09-09,SPY,-0.007915704,0.017218424,0.025134128,train,-0.003532378
2021-09-09,TLT,-0.008855699,-0.06222047,0.05336477,train,-0.021327281
2021-09-10,EFA,0.007854639,-0.028750978,0.03660562,train,0.023746083
2021-09-10,IWM,0.005669552,-0.045448013,0.051117565,train,-0.0543733
2021-09-10,SPY,0.0025559862,-0.07255053,0.07510652,train,0.017218424
2021-09-10,TLT,0.0060457373,-0.02219897,0.028244708,train,-0.06222047
2021-09-13,EFA,-0.0041649994,-0.0030157957,0.0011492036,train,-0.028750978
2021-09-13,IWM,-0.012824355,-0.0901533,0.07732894,train,-0.045448013
2021-09-13,SPY,-0.0054112673,0.02523367,0.030644936,train,-0.07255053
2021-09-13,TLT,0.012050948,-0.055406086,0.067457035,train,-0.02219897
2021-09-14,EFA,0.0029419195,-0.0042612385,0.007203158,train,-0.0030157957
2021-09-14,IWM,0.009003363,-0.037467122,0.046470486,train,-0.0901533
2021-09-14,SPY,0.008317953,-0.023714175,0.03203213,train,0.02523367
2021-09-14,TLT,-0.0035136438,-0.0057509113,0.0022372676,train,-0.055406086
2021-09-15,EFA,-0.0015924698,-0.015632475,0.014040005,train,-0.0042612385
2021-09-15,IWM,0.00072028744,-0.1088001,0.10952038,train,-0.037467122
2021-09-15,SPY,-0.0015865038,0.025127867,0.026714372,train,-0.023714175
2021-09-15,TLT,-0.004593154,-0.005000571,0.00040741684,train,-0.0057509113
2021-09-16,EFA,-0.013204448,0.007714739,0.020919187,train,-0.015632475
2021-09-16,IWM,0.0013043409,-0.1310759,0.13238025,train,-0.1088001
2021-09-16,SPY,-0.009788819,-0.014697302,0.0049084835,train,0.025127867
2021-09-16,TLT,-0.004814756,-0.054241046,0.04942629,train,-0.005000571
2021-09-17,EFA,-0.01868263,-0.0015658904,0.01711674,train,0.007714739
2021-09-17,IWM,-0.02406459,-0.14260685,0.11854227,train,-0.1310759
2021-09-17,SPY,-0.01681472,-0.010106856,0.006707864,train,-0.014697302
2021-09-17,TLT,0.012325576,-0.007328568,0.019654144,train,-0.054241046
2021-09-20,EFA,0.0098237395,-0.030942498,0.04076624,train,-0.0015658904
2021-09-20,IWM,0.0015180697,-0.082717486,0.08423556,train,-0.14260685
2021-09-20,SPY,-0.0009452224,0.0015558843,0.0025011066,train,-0.010106856
2021-09-20,TLT,-0.0008610394,-0.0043746084,0.003513569,train,-0.007328568
2021-09-21,EFA,0.0050008516,0.007004587,0.0020037354,train,-0.030942498
2021-09-21,IWM,0.015419254,0.007840669,0.0075785853,train,-0.082717486
2021-09-21,SPY,0.009707621,0.037156247,0.027448624,train,0.0015558843
2021-09-21,TLT,0.005946384,-0.02037563,0.026322015,train,-0.0043746084
2021-09-22,EFA,0.010790452,-0.020341085,0.031131538,train,0.007004587
2021-09-22,IWM,0.017545579,-0.04315628,0.060701862,train,0.007840669
2021-09-22,SPY,0.012076798,0.09191441,0.07983761,train,0.037156247
2021-09-22,TLT,-0.02285587,-0.07128396,0.04842809,train,-0.02037563
2021-09-23,EFA,-0.009419864,0.030653702,0.040073566,train,-0.020341085
2021-09-23,IWM,-0.0048347283,-0.037314504,0.032479778,train,-0.04315628
2021-09-23,SPY,0.0016459202,0.02734003,0.02569411,train,0.09191441
2021-09-23,TLT,-0.009821238,0.010843879,0.020665117,train,-0.07128396
2021-09-24,EFA,-0.00062283117,-0.080127805,0.079504974,train,0.030653702
2021-09-24,IWM,0.015084104,-0.0006844364,0.01576854,train,-0.037314504
2021-09-24,SPY,-0.0028649704,-0.0012666564,0.0015983139,train,0.02734003
2021-09-24,TLT,-0.0036831105,-0.025959076,0.022275966,train,0.010843879
2021-09-27,EFA,-0.022048263,-0.039900888,0.017852625,train,-0.080127805
2021-09-27,IWM,-0.023005988,0.008488728,0.031494714,train,-0.0006844364
2021-09-27,SPY,-0.020357756,0.0027429443,0.0231007,train,-0.0012666564
2021-09-27,TLT,-0.015699122,-0.0032730084,0.012426114,train,-0.025959076
2021-09-28,EFA,-0.002295502,0.07944063,0.08173613,train,-0.039900888
2021-09-28,IWM,-0.002126036,-0.0063954396,0.0042694034,train,0.008488728
2021-09-28,SPY,0.0016817151,0.050233312,0.048551597,train,0.0027429443
2021-09-28,TLT,0.0017330667,0.022965355,0.021232288,train,-0.0032730084
2021-09-29,EFA,-0.003966203,0.051457584,0.05542379,train,0.07944063
2021-09-29,IWM,-0.009418582,-0.0045201685,0.004898413,train,-0.0063954396
2021-09-29,SPY,-0.012297511,0.085821636,0.09811915,train,0.050233312
2021-09-29,TLT,-0.00013801726,0.061716065,0.061854083,train,0.022965355
2021-09-30,EFA,0.0024326735,0.028358487,0.025925813,train,0.051457584
2021-09-30,IWM,0.016008416,-0.0025883,0.018596716,train,-0.0045201685
2021-09-30,SPY,0.011814125,0.022167327,0.010353202,train,0.085821636
2021-09-30,TLT,0.008380353,0.030076472,0.021696119,train,0.061716065
2021-10-01,EFA,-0.010541191,0.09657913,0.10712032,train,0.028358487
2021-10-01,IWM,-0.009129271,-0.045333315,0.036204044,train,-0.0025883
2021-10-01,SPY,-0.012980024,0.060252734,0.073232755,train,0.022167327
2021-10-01,TLT,-0.0025491195,0.06838744,0.07093656,train,0.030076472
2021-10-04,EFA,0.0068259784,-0.026029577,0.032855555,train,0.09657913
2021-10-04,IWM,0.0034445939,0.031020297,0.027575703,train,-0.045333315
2021-10-04,SPY,0.010351192,-0.008576984,0.018928176,train,0.060252734
2021-10-04,TLT,-0.009703286,-0.016344313,0.0066410266,train,0.06838744
2021-10-05,EFA,-0.006696578,0.054049693,0.06074627,train,-0.026029577
2021-10-05,IWM,-0.0052165925,-0.07762508,0.07240849,train,0.031020297
2021-10-05,SPY,0.0041476004,0.0189469,0.014799299,train,-0.008576984
2021-10-05,TLT,0.0056254873,-0.067702204,0.07332769,train,-0.016344313
2021-10-06,EFA,0.0077229217,5.2047893e-05,0.007670874,train,0.054049693
2021-10-06,IWM,0.015300387,-0.039854653,0.05515504,train,-0.07762508
2021-10-06,SPY,0.008608393,0.10064817,0.09203978,train,0.0189469
2021-10-06,TLT,-0.010512886,0.04894284,0.059455726,train,-0.067702204
2021-10-07,EFA,-0.00012806624,-0.006922271,0.006794205,train,5.2047893e-05
2021-10-07,IWM,-0.0075532966,-0.041472465,0.033919167,train,-0.039854653
2021-10-07,SPY,-0.0018254826,-0.0019386178,0.000113135204,train,0.10064817
2021-10-07,TLT,-0.0070230877,-0.10209556,0.09507247,train,0.04894284
2021-10-08,EFA,-0.0032112957,0.018992512,0.022203807,train,-0.006922271
2021-10-08,IWM,-0.005748058,-0.049873307,0.044125248,train,-0.041472465
2021-10-08,SPY,-0.0072659454,-0.05032836,0.043062415,train,-0.0019386178
2021-10-08,TLT,-0.0025409393,-0.042210296,0.039669357,train,-0.10209556
2021-10-11,EFA,0.00051449175,-0.03131259,0.03182708,train,0.018992512
2021-10-11,IWM,0.005477276,-0.029872028,0.035349306,train,-0.049873307
2021-10-11,SPY,-0.002464597,-0.094217174,0.091752574,train,-0.05032836
2021-10-11,TLT,0.016955584,0.011819376,0.0051362086,train,-0.042210296
2021-10-12,EFA,0.009852442,-0.055534966,0.065387405,train,-0.03131259
2021-10-12,IWM,0.004728824,-0.053343177,0.058072,train,-0.029872028
2021-10-12,SPY,0.003591142,-0.035010755,0.038601898,train,-0.094217174
2021-10-12,TLT,0.009679502,0.020310102,0.0106306,train,0.011819376
2021-10-13,EFA,0.009882125,0.034843527,0.0249614,train,-0.055534966
2021-10-13,IWM,0.014717884,-0.030585667,0.045303553,train,-0.053343177
2021-10-13,SPY,0.016680686,0.014695436,0.00198525,train,-0.035010755
2021-10-13,TLT,0.003708242,0.020942667,0.017234426,train,0.020310102
2021-10-14,EFA,0.008286218,-0.04965116,0.05793738,train,0.034843527
2021-10-14,IWM,-0.0031482913,-0.02748466,0.024336368,train,-0.030585667
2021-10-14,SPY,0.0075870063,-0.002633661,0.010220667,train,0.014695436
2021-10-14,TLT,-0.0058435323,-0.029487366,0.023643833,train,0.020942667
2021-10-15,EFA,-0.004260199,-0.062384494,0.058124296,train,-0.04965116
2021-10-15,IWM,-0.00057758635,-0.049620703,0.049043115,train,-0.02748466
2021-10-15,SPY,0.0029562514,-0.026155304,0.029111555,train,-0.002633661
2021-10-15,TLT,0.0046772496,0.010538172,0.0058609224,train,-0.029487366
2021-10-18,EFA,0.0060092923,-0.020079896,0.026089188,train,-0.062384494
2021-10-18,IWM,0.0037258775,-0.016144594,0.019870471,train,-0.049620703
2021-10-18,SPY,0.0076852744,-0.013984865,0.021670138,train,-0.026155304
2021-10-18,TLT,-0.013890327,-0.08259618,0.06870586,train,0.010538172
2021-10-19,EFA,0.0034883786,0.0023799222,0.0011084564,train,-0.020079896
2021-10-19,IWM,0.0066191964,-0.03275077,0.039369967,train,-0.016144594
2021-10-19,SPY,0.0039199353,0.025675071,0.021755137,train,-0.013984865
2021-10-19,TLT,-0.0067725857,0.04227446,0.049047045,train,-0.08259618
2021-10-20,EFA,-0.0047376696,0.01916151,0.023899179,train,0.0023799222
2021-10-20,IWM,0.0025474774,-0.06392499,0.06647247,train,-0.03275077
2021-10-20,SPY,0.0026049223,0.057491124,0.0548862,train,0.025675071
2021-10-20,TLT,-0.0011921615,-0.036114864,0.034922704,train,0.04227446
2021-10-21,EFA,0.005980732,-0.029740658,0.03572139,train,0.01916151
2021-10-21,IWM,-0.0023717103,-0.0127809215,0.010409212,train,-0.06392499
2021-10-21,SPY,-0.0010366391,0.010937022,0.011973661,train,0.057491124
2021-10-21,TLT,0.010953011,-0.05392476,0.06487777,train,-0.036114864
2021-10-22,EFA,-0.0019895327,-0.04441812,0.042428587,train,-0.029740658
2021-10-22,IWM,0.009453347,-0.034324892,0.04377824,train,-0.0127809215
2021-10-22,SPY,0.005348182,0.024547664,0.019199483,train,0.010937022
2021-10-22,TLT,-0.0015281007,-0.052404366,0.050876267,train,-0.05392476
2021-10-25,EFA,0.0019895327,0.0122205615,0.010231029,train,-0.04441812
2021-10-25,IWM,-0.0075642606,-0.031931162,0.0243669,train,-0.034324892
2021-10-25,SPY,0.00089968997,-0.023613947,0.024513636,train,0.024547664
2021-10-25,TLT,0.008235489,-0.061966993,0.070202485,train,-0.052404366
2021-10-26,EFA,-0.0039830315,0.022854352,0.026837384,train,0.0122205615
2021-10-26,IWM,-0.018561274,-0.09117371,0.072612435,train,-0.031931162
2021-10-26,SPY,-0.004440021,0.020288194,0.024728214,train,-0.023613947
2021-10-26,TLT,0.018030211,-0.07161295,0.08964316,train,-0.061966993
2021-10-27,EFA,0.009680973,-0.062381826,0.0720628,train,0.022854352
2021-10-27,IWM,0.019745488,-0.0046736356,0.024419123,train,-0.09117371
2021-10-27,SPY,0.009602622,0.013339443,0.003736821,train,0.020288194
2021-10-27,TLT,-0.003389691,-0.049263448,0.045873757,train,-0.07161295
2021-10-28,EFA,-0.005822015,0.02093182,0.026753835,train,-0.062381826
2021-10-28,IWM,-0.000262959,-0.08541573,0.08515277,train,-0.0046736356
2021-10-28,SPY,0.0020271465,-0.105956994,0.10798414,train,0.013339443
2021-10-28,TLT,0.0030519601,-0.012529075,0.015581035,train,-0.049263448
2021-10-29,EFA,0.009643867,-0.020127768,0.029771633,train,0.02093182
2021-10-29,IWM,0.025585286,-0.10367895,0.12926424,train,-0.08541573
2021-10-29,SPY,0.001718646,-0.08858165,0.0903003,train,-0.105956994
2021-10-29,TLT,-0.0072263363,-0.01678875,0.009562414,train,-0.012529075
2021-11-01,EFA,-0.002093912,0.035686567,0.03778048,train,-0.020127768
2021-11-01,IWM,0.002092163,-0.051387295,0.05347946,train,-0.10367895
2021-11-01,SPY,0.0040349397,-0.042858824,0.046893764,train,-0.08858165
2021-11-01,TLT,0.004428595,-0.009042492,0.013471087,train,-0.01678875
2021-11-02,EFA,0.00810487,0.029383598,0.021278728,train,0.035686567
2021-11-02,IWM,0.017713705,-0.08506342,0.10277712,train,-0.051387295
2021-11-02,SPY,0.00608663,-0.07039844,0.076485075,train,-0.042858824
2021-11-02,TLT,-0.010386993,-0.035149395,0.024762403,train,-0.009042492
2021-11-03,EFA,-0.0006113832,0.007906018,0.008517401,train,0.029383598
2021-11-03,IWM,-0.00037705537,0.011061957,0.011439012,train,-0.08506342
2021-11-03,SPY,0.004701492,-0.076079674,0.08078117,train,-0.07039844
2021-11-03,TLT,0.010455197,-0.06540515,0.07586035,train,-0.035149395
2021-11-04,EFA,0.0014674872,0.03880965,0.03734216,train,0.007906018
2021-11-04,IWM,0.01357323,-0.08059569,0.09416892,train,0.011061957
2021-11-04,SPY,0.003463715,-0.059179112,0.06264283,train,-0.076079674
2021-11-04,TLT,0.014845019,-0.033051856,0.047896877,train,-0.06540515
2021-11-05,EFA,-0.00012227106,0.03258752,0.032709792,train,0.03880965
2021-11-05,IWM,0.003096885,-0.028663956,0.03176084,train,-0.08059569
2021-11-05,SPY,0.0008533042,-0.06807039,0.0689237,train,-0.059179112
2021-11-05,TLT,-0.0018770575,-0.03800799,0.03613093,train,-0.033051856
2021-11-08,EFA,-0.002202255,0.0473776,0.049579855,train,0.03258752
2021-11-08,IWM,-0.0058299927,-0.08864542,0.08281543,train,-0.028663956
2021-11-08,SPY,-0.0033107735,0.007428026,0.010738799,train,-0.06807039
2021-11-08,TLT,0.012934161,-0.022823783,0.035757944,train,-0.03800799
2021-11-09,EFA,-0.012200574,-0.05110322,0.038902644,train,0.0473776
2021-11-09,IWM,-0.015883198,-0.10849219,0.09260899,train,-0.08864542
2021-11-09,SPY,-0.008077483,-0.00074232183,0.007335161,train,0.007428026
2021-11-09,TLT,-0.018451888,-0.03901922,0.020567331,train,-0.022823783
2021-11-10,EFA,0.0035892185,-0.012778094,0.016367313,train,-0.05110322
2021-11-10,IWM,0.008014913,-0.065691926,0.073706836,train,-0.10849219
2021-11-10,SPY,0.0003234113,-0.06605641,0.06637982,train,-0.00074232183
2021-11-10,TLT,-0.0014858891,0.0022139233,0.0036998123,train,-0.03901922
2021-11-11,EFA,0.005421314,-0.04043454,0.045855854,train,-0.012778094
2021-11-11,IWM,0.0010024533,-0.07342071,0.074423164,train,-0.065691926
2021-11-11,SPY,0.007518524,0.020356862,0.012838338,train,-0.06605641
2021-11-11,TLT,-0.0044021416,0.0148599055,0.019262047,train,0.0022139233
2021-11-12,EFA,-0.0018446071,-0.029744415,0.027899807,train,-0.04043454
2021-11-12,IWM,-0.0039742906,-0.0695675,0.06559321,train,-0.07342071
2021-11-12,SPY,0.00034242656,-0.027945394,0.02828782,train,0.020356862
2021-11-12,TLT,-0.012636143,-0.122627325,0.109991185,train,0.0148599055
2021-11-15,EFA,-0.0022183764,-0.010355575,0.008137198,train,-0.029744415
2021-11-15,IWM,0.0018427063,-0.07032063,0.072163336,train,-0.0695675
2021-11-15,SPY,0.0039499565,0.0016454775,0.002304479,train,-0.027945394
2021-11-15,TLT,-0.0025467107,-0.060265273,0.057718564,train,-0.122627325
2021-11-16,EFA,-0.0012346215,-0.012721801,0.011487179,train,-0.010355575
2021-11-16,IWM,-0.013183255,-0.07389158,0.060708325,train,-0.07032063
2021-11-16,SPY,-0.002432167,0.00096595846,0.0033981255,train,0.0016454775
2021-11-16,TLT,0.00789395,-0.07920947,0.08710342,train,-0.060265273
2021-11-17,EFA,0.0009877105,-0.048120685,0.049108397,train,-0.012721801
2021-11-17,IWM,-0.0042488757,-0.04318495,0.038936075,train,-0.07389158
2021-11-17,SPY,0.0033907394,-0.028162109,0.031552847,train,0.00096595846
2021-11-17,TLT,0.003753329,-0.03100586,0.03475919,train,-0.07920947
2021-11-18,EFA,-0.008551926,-0.052780174,0.04422825,train,-0.048120685
2021-11-18,IWM,-0.0091535915,-0.055711403,0.046557814,train,-0.04318495
2021-11-18,SPY,-0.0017897659,-0.031888284,0.030098518,train,-0.028162109
2021-11-18,TLT,0.01050266,-0.032500647,0.043003306,train,-0.03100586
2021-11-19,EFA,-0.0058671865,-0.063032955,0.057165768,train,-0.052780174
2021-11-19,IWM,-0.0042632604,0.03369388,0.03795714,train,-0.055711403
2021-11-19,SPY,-0.0028193137,-0.008918941,0.0060996274,train,-0.031888284
2021-11-19,TLT,-0.01179782,-0.023972232,0.012174412,train,-0.032500647
2021-11-22,EFA,-0.001002173,-0.064780235,0.063778065,train,-0.063032955
2021-11-22,IWM,-0.0017274256,0.045735657,0.04746308,train,0.03369388
2021-11-22,SPY,0.0013249762,-0.07969747,0.08102244,train,-0.008918941
2021-11-22,TLT,-0.014564632,-0.03859459,0.024029955,train,-0.023972232
2021-11-23,EFA,-0.006664608,-0.075884014,0.0692194,train,-0.064780235
2021-11-23,IWM,0.0010803126,0.06328228,0.06220197,train,0.045735657
2021-11-23,SPY,0.002666491,-0.005250441,0.007916932,train,-0.07969747
2021-11-23,TLT,0.015928004,-0.09933925,0.11526725,train,-0.03859459
2021-11-24,EFA,-0.027241278,-0.08729761,0.060056332,train,-0.075884014
2021-11-24,IWM,-0.03842666,0.07293994,0.1113666,train,0.06328228
2021-11-24,SPY,-0.022555592,0.01052258,0.03307817,train,-0.005250441
2021-11-24,TLT,0.024954686,-0.003976482,0.028931167,train,-0.09933925
2021-11-26,EFA,0.005043706,-0.005901212,0.010944918,train,-0.08729761
2021-11-26,IWM,-0.00062838505,-0.051975533,0.051347148,train,0.07293994
2021-11-26,SPY,0.012192117,-0.06607431,0.07826643,train,0.01052258
2021-11-26,TLT,-0.008070128,0.006368907,0.014439035,train,-0.003976482
2021-11-29,EFA,-0.008810785,0.07185251,0.08066329,train,-0.005901212
2021-11-29,IWM,-0.020595964,0.09361585,0.11421181,train,-0.051975533
2021-11-29,SPY,-0.019649537,-0.082107045,0.06245751,train,-0.06607431
2021-11-29,TLT,0.015087352,-0.050856978,0.06594433,train,0.006368907
2021-11-30,EFA,-0.0057424316,0.06878085,0.07452328,train,0.07185251
2021-11-30,IWM,-0.022762615,-0.06072037,0.037957754,train,0.09361585
2021-11-30,SPY,-0.01116949,-0.10225945,0.09108996,train,-0.082107045
2021-11-30,TLT,0.0061500533,-0.06175202,0.06790207,train,-0.050856978
2021-12-01,EFA,0.012357787,-0.051828153,0.06418594,train,0.06878085
2021-12-01,IWM,0.027518129,-0.121448986,0.14896712,train,-0.06072037
2021-12-01,SPY,0.015200286,-0.055419587,0.07061987,train,-0.10225945
2021-12-01,TLT,0.0012463256,-0.075717375,0.0769637,train,-0.06175202
2021-12-02,EFA,-0.0041458006,0.10175497,0.10590077,train,-0.051828153
2021-12-02,IWM,-0.020741811,0.046099648,0.06684146,train,-0.121448986
2021-12-02,SPY,-0.00873938,-0.0015181992,0.007221181,train,-0.055419587
2021-12-02,TLT,0.011861415,-0.06409601,0.075957425,train,-0.075717375
2021-12-03,EFA,0.009560985,0.0020857062,0.0074752783,train,0.10175497
2021-12-03,IWM,0.019874742,-0.067997225,0.08787197,train,0.046099648
2021-12-03,SPY,0.011773727,-0.045709737,0.057483464,train,-0.0015181992
2021-12-03,TLT,-0.013830069,0.03693857,0.05076864,train,-0.06409601
2021-12-06,EFA,0.02086845,0.04683619,0.02596774,train,0.0020857062
2021-12-06,IWM,0.022929352,-0.0075082127,0.030437564,train,-0.067997225
2021-12-06,SPY,0.020473737,-0.01867486,0.0391486,train,-0.045709737
2021-12-06,TLT,-0.0081126,-0.056269743,0.04815714,train,0.03693857
2021-12-07,EFA,0.0018871757,0.02084648,0.018959304,train,0.04683619
2021-12-07,IWM,0.0068040756,-0.026772324,0.0335764,train,-0.0075082127
2021-12-07,SPY,0.0026446031,-0.12414386,0.12678847,train,-0.01867486
2021-12-07,TLT,-0.017436234,-0.04035043,0.022914195,train,-0.056269743
2021-12-08,EFA,-0.008330144,-0.080543734,0.07221359,train,0.02084648
2021-12-08,IWM,-0.02290799,0.095763355,0.11867134,train,-0.026772324
2021-12-08,SPY,-0.006774612,-0.04193765,0.035163037,train,-0.12414386
2021-12-08,TLT,0.0055784676,0.00078704394,0.0047914237,train,-0.04035043
2021-12-09,EFA,0.0021521235,0.019595219,0.017443094,train,-0.080543734
2021-12-09,IWM,-0.0027701438,0.055191375,0.05796152,train,0.095763355
2021-12-09,SPY,0.00936953,-0.027129242,0.03649877,train,-0.04193765
2021-12-09,TLT,-0.0024158016,0.071373306,0.073789105,train,0.00078704394
2021-12-10,EFA,-0.009411357,-0.06447754,0.055066183,train,0.019595219
2021-12-10,IWM,-0.0147215985,0.017825061,0.03254666,train,0.055191375
2021-12-10,SPY,-0.008897769,0.0405536,0.04945137,train,-0.027129242
2021-12-10,TLT,0.014671287,-0.022520332,0.03719162,train,0.071373306
2021-12-13,EFA,-0.0053392868,-0.011798749,0.006459462,train,-0.06447754
2021-12-13,IWM,-0.008646927,-0.043094143,0.034447215,train,0.017825061
2021-12-13,SPY,-0.00690388,0.017608942,0.024512822,train,0.0405536
2021-12-13,TLT,-0.0023864578,-0.09326032,0.09087386,train,-0.022520332
2021-12-14,EFA,0.013489094,-0.06744859,0.08093768,train,-0.011798749
2021-12-14,IWM,0.015750032,-0.015017864,0.030767895,train,-0.043094143
2021-12-14,SPY,0.015504217,0.042312145,0.026807928,train,0.017608942
2021-12-14,TLT,-0.009668251,-0.002747124,0.0069211265,train,-0.09326032
2021-12-15,EFA,0.00012857535,0.02021627,0.020087695,train,-0.06744859
2021-12-15,IWM,-0.020429894,-0.08547793,0.06504804,train,-0.015017864
2021-12-15,SPY,-0.008857532,0.12698218,0.13583972,train,0.042312145
2021-12-15,TLT,0.0003888529,-0.057400808,0.05778966,train,-0.002747124
2021-12-16,EFA,-0.012704198,-0.0115944585,0.0011097398,train,0.02021627
2021-12-16,IWM,0.009152132,0.020833677,0.011681545,train,-0.08547793
2021-12-16,SPY,-0.010699962,0.07428392,0.084983885,train,0.12698218
2021-12-16,TLT,0.011267902,-0.06858509,0.07985299,train,-0.057400808
2021-12-17,EFA,-0.0022201054,-0.033986628,0.031766523,train,-0.0115944585
2021-12-17,IWM,-0.014136983,-0.005930269,0.008206714,train,0.020833677
2021-12-17,SPY,-0.010690528,0.034276858,0.044967387,train,0.07428392
2021-12-17,TLT,-0.007520549,-0.06521448,0.05769393,train,-0.06858509
2021-12-20,EFA,0.01105257,-0.06632169,0.077374265,train,-0.033986628
2021-12-20,IWM,0.02816818,0.05616942,0.028001241,train,-0.005930269
2021-12-20,SPY,0.017603261,0.061937086,0.044333823,train,0.034276858
2021-12-20,TLT,-0.0038146435,-0.01334316,0.009528517,train,-0.06521448
2021-12-21,EFA,0.009267652,-0.0011166893,0.010384342,train,-0.06632169
2021-12-21,IWM,0.0095793875,-0.083117016,0.092696406,train,0.05616942
2021-12-21,SPY,0.00994912,-0.08448777,0.09443689,train,0.061937086
2021-12-21,TLT,0.0046159253,0.008712014,0.004096089,train,-0.01334316
2021-12-22,EFA,0.0058764736,-0.01632871,0.022205183,train,-0.0011166893
2021-12-22,IWM,0.007957874,-0.09223915,0.100197025,train,-0.083117016
2021-12-22,SPY,0.006202722,-0.081117414,0.087320134,train,-0.08448777
2021-12-22,TLT,-0.008714464,-0.052156582,0.04344212,train,0.008712014
2021-12-23,EFA,0.007739515,-0.017593766,0.025333282,train,-0.01632871
2021-12-23,IWM,0.00932428,-0.04406745,0.05339173,train,-0.09223915
2021-12-23,SPY,0.014053034,-0.0839327,0.09798573,train,-0.081117414
2021-12-23,TLT,0.0024213374,0.020340098,0.01791876,train,-0.052156582
2021-12-27,EFA,0.0003792394,-0.010412807,0.010792046,train,-0.017593766
2021-12-27,IWM,-0.0061316593,-0.04227736,0.0361457,train,-0.04406745
2021-12-27,SPY,-0.00081760716,-0.13338776,0.13257015,train,-0.0839327
2021-12-27,TLT,-0.0039715073,0.05180242,0.055773925,train,0.020340098
2021-12-28,EFA,-0.0003792394,-0.025657697,0.025278457,train,-0.010412807
2021-12-28,IWM,0.001076915,-0.055371106,0.05644802,train,-0.04227736
2021-12-28,SPY,0.001278324,-0.01630059,0.017578915,train,-0.13338776
2021-12-28,TLT,-0.010984403,0.0013019275,0.012286331,train,0.05180242
2021-12-29,EFA,-0.0026250922,0.00070972554,0.0033348177,train,-0.025657697
2021-12-29,IWM,-0.00026912004,-0.047786355,0.047517236,train,-0.055371106
2021-12-29,SPY,-0.0027682357,-0.071832344,0.06906411,train,-0.01630059
2021-12-29,TLT,0.008351736,-0.0036634803,0.012015216,train,0.0013019275
2021-12-30,EFA,-0.0008893511,-0.03147818,0.03058883,train,0.00070972554
2021-12-30,IWM,-0.002155427,-0.042064168,0.03990874,train,-0.047786355
2021-12-30,SPY,-0.0025234057,-0.094246395,0.09172299,train,-0.071832344
2021-12-30,TLT,0.0019584438,-0.023623243,0.025581688,train,-0.0036634803
2021-12-31,EFA,0.0064611463,-0.028144488,0.034605633,train,-0.03147818
2021-12-31,IWM,0.012819191,-0.03375016,0.046569355,train,-0.042064168
2021-12-31,SPY,0.0057733525,-0.048542112,0.054315463,train,-0.094246395
2021-12-31,TLT,-0.026600927,-0.013687827,0.0129131,train,-0.023623243
2022-01-03,EFA,0.005666319,-0.020925464,0.026591783,train,-0.028144488
2022-01-03,IWM,-0.001510204,-0.035502158,0.033991955,train,-0.03375016
2022-01-03,SPY,-0.00033496422,-0.051604994,0.05127003,train,-0.048542112
2022-01-03,TLT,-0.0041665463,0.08953492,0.09370147,train,-0.013687827
2022-01-04,EFA,-0.008828312,-0.013432043,0.0046037305,train,-0.020925464
2022-01-04,IWM,-0.0344566,0.016608251,0.05106485,train,-0.035502158
2022-01-04,SPY,-0.019388912,-0.030114563,0.010725651,train,-0.051604994
2022-01-04,TLT,-0.0054430645,-0.022010598,0.016567534,train,0.08953492
2022-01-05,EFA,-0.0050799022,-0.012135835,0.007055933,train,-0.013432043
2022-01-05,IWM,0.0056887725,-0.054291815,0.059980586,train,0.016608251
2022-01-05,SPY,-0.0009399744,0.040419236,0.04135921,train,-0.030114563
2022-01-05,TLT,0.0025859463,-0.043553412,0.04613936,train,-0.022010598
2022-01-06,EFA,0.0029240085,-0.0064199287,0.009343937,train,-0.012135835
2022-01-06,IWM,-0.011641199,0.040654205,0.0522954,train,-0.054291815
2022-01-06,SPY,-0.003961307,0.0123512205,0.016312528,train,0.040419236
2022-01-06,TLT,-0.007214234,0.03571459,0.042928822,train,-0.043553412
2022-01-07,EFA,-0.009310503,0.0017622244,0.011072727,train,-0.0064199287
2022-01-07,IWM,-0.0034771233,0.038698107,0.04217523,train,0.040654205
2022-01-07,SPY,-0.0012451272,0.014853677,0.016098805,train,0.0123512205
2022-01-07,TLT,0.00245726,-0.0027128141,0.0051700743,train,0.03571459
2022-01-10,EFA,0.010832927,0.005151024,0.005681903,train,0.0017622244
2022-01-10,IWM,0.010579247,0.034942105,0.024362858,train,0.038698107
2022-01-10,SPY,0.00906702,-0.042164505,0.051231526,train,0.014853677
2022-01-10,TLT,0.006639428,0.08676248,0.08012305,train,-0.0027128141
2022-01-11,EFA,0.009713069,-0.028060215,0.03777328,train,0.005151024
2022-01-11,IWM,-0.0074721393,-0.0664052,0.05893306,train,0.034942105
2022-01-11,SPY,0.002699933,-0.017397167,0.0200971,train,-0.042164505
2022-01-11,TLT,-0.0038388758,0.026908187,0.030747063,train,0.08676248
2022-01-12,EFA,-0.0073076477,-0.0026765931,0.0046310546,train,-0.028060215
2022-01-12,IWM,-0.009209678,-0.06273675,0.053527072,train,-0.0664052
2022-01-12,SPY,-0.013874462,-0.01330843,0.0005660318,train,-0.017397167
2022-01-12,TLT,0.008841722,0.032037638,0.023195915,train,0.026908187
2022-01-13,EFA,-0.0010122532,0.0017068889,0.002719142,train,-0.0026765931
2022-01-13,IWM,0.0014008172,-0.04777749,0.049178306,train,-0.06273675
2022-01-13,SPY,0.00040884735,0.007036535,0.0066276877,train,-0.01330843
2022-01-13,TLT,-0.015225116,0.037890732,0.05311585,train,0.032037638
2022-01-14,EFA,-0.014792445,-0.018993808,0.004201363,train,0.0017068889
2022-01-14,IWM,-0.030703064,-0.047362007,0.016658943,train,-0.04777749
2022-01-14,SPY,-0.017868271,-0.041152745,0.023284474,train,0.007036535
2022-01-14,TLT,-0.014174381,-0.0057114083,0.008462973,train,0.037890732
2022-01-18,EFA,-0.00089953124,-0.0002127923,0.00068673893,train,-0.018993808
2022-01-18,IWM,-0.016397005,-0.109754875,0.09335787,train,-0.047362007
2022-01-18,SPY,-0.010437758,-0.014050262,0.0036125043,train,-0.041152745
2022-01-18,TLT,0.0068998868,-0.034843817,0.041743703,train,-0.0057114083
2022-01-19,EFA,-0.004898087,-0.07350562,0.06860753,train,-0.0002127923
2022-01-19,IWM,-0.018263083,-0.123450555,0.105187476,train,-0.109754875
2022-01-19,SPY,-0.011129672,-0.025797958,0.014668286,train,-0.014050262
2022-01-19,TLT,0.006147831,0.032221146,0.026073314,train,-0.034843817
2022-01-20,EFA,-0.013660768,-0.059378147,0.04571738,train,-0.07350562
2022-01-20,IWM,-0.01890739,-0.0863074,0.06740001,train,-0.123450555
2022-01-20,SPY,-0.019825837,-0.0554528,0.035626963,train,-0.025797958
2022-01-20,TLT,0.011836107,0.025674688,0.013838581,train,0.032221146
2022-01-21,EFA,-0.010005161,-0.045893375,0.035888214,train,-0.059378147
2022-01-21,IWM,0.022785245,0.04970663,0.026921386,train,-0.0863074
2022-01-21,SPY,0.004237604,-0.16952766,0.17376527,train,-0.0554528
2022-01-21,TLT,-0.008249171,-0.034643784,0.026394613,train,0.025674688
2022-01-24,EFA,-0.006104995,-0.03833179,0.032226797,train,-0.045893375
2022-01-24,IWM,-0.013437655,-0.077208094,0.06377044,train,0.04970663
2022-01-24,SPY,-0.012284134,-0.19998883,0.1877047,train,-0.16952766
2022-01-24,TLT,-0.0016155315,0.034950413,0.036565945,train,-0.034643784
2022-01-25,EFA,-0.0038679398,-0.03546442,0.03159648,train,-0.03833179
2022-01-25,IWM,-0.014538902,-0.1550493,0.1405104,train,-0.077208094
2022-01-25,SPY,-0.0025119176,-0.12088668,0.118374765,train,-0.19998883
2022-01-25,TLT,-0.012168216,0.040061586,0.0522298,train,0.034950413
2022-01-26,EFA,-0.0046881316,-0.046762846,0.042074714,train,-0.03546442
2022-01-26,IWM,-0.022969233,-0.08309818,0.06012895,train,-0.1550493
2022-01-26,SPY,-0.0049501467,-0.072211705,0.06726156,train,-0.12088668
2022-01-26,TLT,0.01819672,0.0048126914,0.013384029,train,0.040061586
2022-01-27,EFA,0.0033509065,-0.10680891,0.110159814,train,-0.046762846
2022-01-27,IWM,0.019288333,-0.18723084,0.20651917,train,-0.08309818
2022-01-27,SPY,0.024531975,-0.09413763,0.11866961,train,-0.072211705
2022-01-27,TLT,0.0003491461,-0.004872149,0.005221295,train,0.0048126914
2022-01-28,EFA,0.014480338,-0.0011927132,0.015673053,train,-0.10680891
2022-01-28,IWM,0.030217662,-0.015105141,0.045322806,train,-0.18723084
2022-01-28,SPY,0.017850718,0.044965632,0.027114915,train,-0.09413763
2022-01-28,TLT,-0.00518347,0.011450311,0.01663378,train,-0.004872149
2022-01-31,EFA,0.009451468,0.051991478,0.04254001,train,-0.0011927132
2022-01-31,IWM,0.010479364,0.00041466393,0.0100647,train,-0.015105141
2022-01-31,SPY,0.0067342888,0.054913267,0.04817898,train,0.044965632
2022-01-31,TLT,-0.00332477,0.052821957,0.056146726,train,0.011450311
2022-02-01,EFA,0.007419411,0.03053846,0.02311905,train,0.051991478
2022-02-01,IWM,-0.009982836,-0.058556214,0.04857338,train,0.00041466393
2022-02-01,SPY,0.0096671535,0.004681254,0.0049858997,train,0.054913267
2022-02-01,TLT,0.00338089,-0.044511832,0.047892723,train,0.052821957
2022-02-02,EFA,-0.015947882,0.0027685706,0.018716453,train,0.03053846
2022-02-02,IWM,-0.0191045,-0.019439893,0.00033539347,train,-0.058556214
2022-02-02,SPY,-0.023785638,0.049915887,0.07370152,train,0.004681254
2022-02-02,TLT,-0.007836297,-0.06465415,0.056817852,train,-0.044511832
2022-02-03,EFA,0.002369013,-0.014155718,0.01652473,train,0.0027685706
2022-02-03,IWM,0.0042939507,-0.020570276,0.024864227,train,-0.019439893
2022-02-03,SPY,0.004691291,0.09115902,0.086467735,train,0.049915887
2022-02-03,TLT,-0.014852395,-0.0504838,0.035631403,train,-0.06465415
2022-02-04,EFA,0.0017075897,-0.045185264,0.046892855,train,-0.014155718
2022-02-04,IWM,0.00492791,-0.070630305,0.075558215,train,-0.020570276
2022-02-04,SPY,-0.003214426,0.006283717,0.009498144,train,0.09115902
2022-02-04,TLT,0.00064734224,-0.056880817,0.05752816,train,-0.0504838
2022-02-07,EFA,0.0051050056,-0.032442503,0.037547506,train,-0.045185264
2022-02-07,IWM,0.01691069,-0.15127203,0.16818272,train,-0.070630305
2022-02-07,SPY,0.008194078,-0.15764706,0.16584113,train,0.006283717
2022-02-07,TLT,-0.006708197,-0.09077535,0.08406715,train,-0.056880817
2022-02-08,EFA,0.016060246,0.003906915,0.012153331,train,-0.032442503
2022-02-08,IWM,0.018810008,-0.09907389,0.11788389,train,-0.15127203
2022-02-08,SPY,0.014530101,-0.15513141,0.16966152,train,-0.15764706
2022-02-08,TLT,0.0018801031,-0.060042694,0.061922796,train,-0.09077535
2022-02-09,EFA,-0.012801504,-0.0063462406,0.006455263,train,0.003906915
2022-02-09,IWM,-0.01546176,-0.07806271,0.062600955,train,-0.09907389
2022-02-09,SPY,-0.018129041,-0.09031684,0.072187796,train,-0.15513141
2022-02-09,TLT,-0.01601999,-0.022651209,0.006631218,train,-0.060042694
2022-02-10,EFA,-0.01521133,-0.034550436,0.019339107,train,-0.0063462406
2022-02-10,IWM,-0.010177376,-0.0932522,0.08307482,train,-0.07806271
2022-02-10,SPY,-0.019915799,-0.05383753,0.033921733,train,-0.09031684
2022-02-10,TLT,0.0147186145,0.07262098,0.057902366,train,-0.022651209
2022-02-11,EFA,-0.0064958273,-0.0120236445,0.005527817,train,-0.034550436
2022-02-11,IWM,-0.0034824316,-0.08337224,0.07988981,train,-0.0932522
2022-02-11,SPY,-0.0032746599,-0.0310687,0.027794039,train,-0.05383753
2022-02-11,TLT,-0.012518958,0.06186851,0.07438747,train,0.07262098
2022-02-14,EFA,0.018187165,-0.023573382,0.04176055,train,-0.0120236445
2022-02-14,IWM,0.026456034,0.06301059,0.036554553,train,-0.08337224
2022-02-14,SPY,0.015998255,-0.019603271,0.035601526,train,-0.0310687
2022-02-14,TLT,-0.011418269,-0.102681406,0.09126314,train,0.06186851
2022-02-15,EFA,0.0037803217,0.016236328,0.012456005,train,-0.023573382
2022-02-15,IWM,0.002084454,0.049992047,0.047907595,train,0.06301059
2022-02-15,SPY,0.0011202013,-0.03210018,0.03322038,train,-0.019603271
2022-02-15,TLT,0.0059092483,-0.0901483,0.09605755,train,-0.102681406
2022-02-16,EFA,-0.016264929,-0.031177187,0.014912259,train,0.016236328
2022-02-16,IWM,-0.025952492,0.009123607,0.035076097,train,0.049992047
2022-02-16,SPY,-0.021592723,-0.1414837,0.11989097,train,-0.03210018
2022-02-16,TLT,0.007411104,-0.012610342,0.020021446,train,-0.0901483
2022-02-17,EFA,-0.0042404276,-0.058854885,0.05461446,train,-0.031177187
2022-02-17,IWM,-0.008635634,-0.10311302,0.094477385,train,0.009123607
2022-02-17,SPY,-0.006496259,-0.13735045,0.13085419,train,-0.1414837
2022-02-17,TLT,0.010472144,0.036527134,0.02605499,train,-0.012610342
2022-02-18,EFA,-0.011755505,-0.0017191712,0.010036333,train,-0.058854885
2022-02-18,IWM,-0.014187411,0.0029304493,0.017117862,train,-0.10311302
2022-02-18,SPY,-0.0107895015,-0.031864025,0.021074522,train,-0.13735045
2022-02-18,TLT,0.0026006713,0.003775062,0.0011743908,train,0.036527134
2022-02-22,EFA,-0.008230703,-0.040664002,0.0324333,train,-0.0017191712
2022-02-22,IWM,-0.018889885,-0.029311487,0.010421602,train,0.0029304493
2022-02-22,SPY,-0.017897908,-0.062063232,0.044165324,train,-0.031864025
2022-02-22,TLT,-0.013877336,-0.0353941,0.021516763,train,0.003775062
2022-02-23,EFA,-0.013503456,-0.020219618,0.006716163,train,-0.040664002
2022-02-23,IWM,0.02588259,-0.115982,0.1418646,train,-0.029311487
2022-02-23,SPY,0.014936917,-0.086784765,0.10172168,train,-0.062063232
2022-02-23,TLT,0.0006585678,-0.058171615,0.058830183,train,-0.0353941
2022-02-24,EFA,0.0246859,-0.09749166,0.122177556,train,-0.020219618
2022-02-24,IWM,0.02227082,-0.21782574,0.24009655,train,-0.115982
2022-02-24,SPY,0.021824151,0.12966602,0.107841864,train,-0.086784765
2022-02-24,TLT,0.0007310974,-0.019106874,0.019837972,train,-0.058171615
2022-02-25,EFA,-0.019207828,0.013190528,0.032398358,train,-0.09749166
2022-02-25,IWM,0.0040411176,0.019174745,0.015133628,train,-0.21782574
2022-02-25,SPY,-0.0025618614,-0.1108486,0.10828674,train,0.12966602
2022-02-25,TLT,0.021681631,-0.01141764,0.03309927,train,-0.019106874
2022-02-28,EFA,-0.022094082,-0.019058412,0.0030356701,train,0.013190528
2022-02-28,IWM,-0.01901683,-0.06305824,0.04404141,train,0.019174745
2022-02-28,SPY,-0.01534741,0.012255667,0.027603077,train,-0.1108486
2022-02-28,TLT,0.011495257,0.060820952,0.049325697,train,-0.01141764
2022-03-01,EFA,0.012487847,-0.008776287,0.021264134,train,-0.019058412
2022-03-01,IWM,0.02353163,0.013441054,0.0100905765,train,-0.06305824
2022-03-01,SPY,0.018229006,0.01712091,0.001108095,train,0.012255667
2022-03-01,TLT,-0.034780655,0.014051894,0.04883255,train,0.060820952
2022-03-02,EFA,-0.019915866,0.06316685,0.08308271,train,-0.008776287
2022-03-02,IWM,-0.011919577,-0.05945111,0.047531534,train,0.013441054
2022-03-02,SPY,-0.0049909987,-0.06710984,0.06211884,train,0.01712091
2022-03-02,TLT,0.01013373,-0.014127613,0.024261344,train,0.014051894
2022-03-03,EFA,-0.02940547,-0.10269724,0.07329177,train,0.06316685
2022-03-03,IWM,-0.015781322,0.019529639,0.03531096,train,-0.05945111
2022-03-03,SPY,-0.008157674,0.009315344,0.017473018,train,-0.06710984
2022-03-03,TLT,0.017116606,0.031093238,0.013976632,train,-0.014127613
2022-03-04,EFA,-0.032239642,-0.04985398,0.017614339,train,-0.10269724
2022-03-04,IWM,-0.025181253,-0.08035581,0.055174556,train,0.019529639
2022-03-04,SPY,-0.029922413,-0.07497317,0.045050763,train,0.009315344
2022-03-04,TLT,-0.0076587293,0.042541064,0.05019979,train,0.031093238
2022-03-07,EFA,0.008640217,-0.056218736,0.06485895,train,-0.04985398
2022-03-07,IWM,0.005508362,-0.08999958,0.09550794,train,-0.08035581
2022-03-07,SPY,-0.007610534,-0.115723096,0.10811256,train,-0.07497317
2022-03-07,TLT,-0.010110564,-0.05036073,0.040250167,train,0.042541064
2022-03-08,EFA,0.04097626,-0.026888741,0.067865,train,-0.056218736
2022-03-08,IWM,0.02779422,-0.044781126,0.072575346,train,-0.08999958
2022-03-08,SPY,0.02645769,-0.016297547,0.04275524,train,-0.115723096
2022-03-08,TLT,-0.009847274,-0.025177209,0.015329935,train,-0.05036073
2022-03-09,EFA,-0.012031122,0.021991333,0.034022454,train,-0.026888741
2022-03-09,IWM,-0.0017990305,0.123630814,0.12542984,train,-0.044781126
2022-03-09,SPY,-0.004525943,0.10450616,0.1090321,train,-0.016297547
2022-03-09,TLT,-0.014471517,-0.019380791,0.004909274,train,-0.025177209
2022-03-10,EFA,-0.010865669,-0.1109675,0.100101836,train,0.021991333
2022-03-10,IWM,-0.016085038,0.012984371,0.029069409,train,0.123630814
2022-03-10,SPY,-0.012796523,-0.09044257,0.07764605,train,0.10450616
2022-03-10,TLT,0.003341113,0.0145031195,0.011162006,train,-0.019380791
2022-03-11,EFA,0.009135069,-0.122862786,0.13199785,train,-0.1109675
2022-03-11,IWM,-0.020645723,-0.11105467,0.09040894,train,0.012984371
2022-03-11,SPY,-0.007335036,-0.077997334,0.0706623,train,-0.09044257
2022-03-11,TLT,-0.023625731,-0.005466135,0.018159596,train,0.0145031195
2022-03-14,EFA,0.009481482,0.044329822,0.03484834,train,-0.122862786
2022-03-14,IWM,0.015805144,-0.11380071,0.12960586,train,-0.11105467
2022-03-14,SPY,0.021752082,-0.053440697,0.07519278,train,-0.077997334
2022-03-14,TLT,-0.0017472116,-0.051157355,0.049410142,train,-0.005466135
2022-03-15,EFA,0.035258833,-9.2053786e-05,0.03535089,train,0.044329822
2022-03-15,IWM,0.030979084,-0.043485396,0.07446448,train,-0.11380071
2022-03-15,SPY,0.021931965,0.11641624,0.09448427,train,-0.053440697
2022-03-15,TLT,0.009759836,-0.016207933,0.02596777,train,-0.051157355
2022-03-16,EFA,0.008384324,-0.010681349,0.019065673,train,-9.2053786e-05
2022-03-16,IWM,0.01557572,-0.09562763,0.11120335,train,-0.043485396
2022-03-16,SPY,0.012433246,-0.030670376,0.04310362,train,0.11641624
2022-03-16,TLT,-0.007481531,0.023148643,0.030630173,train,-0.016207933
2022-03-17,EFA,0.009671298,-0.066663735,0.076335035,train,-0.010681349
2022-03-17,IWM,0.010475927,0.022275252,0.011799325,train,-0.09562763
2022-03-17,SPY,0.010893351,-0.049727954,0.060621306,train,-0.030670376
2022-03-17,TLT,0.012138804,-0.084465,0.0966038,train,0.023148643
2022-03-18,EFA,-0.006255373,-0.08847178,0.082216404,train,-0.066663735
2022-03-18,IWM,-0.008868285,0.016559342,0.025427628,train,0.022275252
2022-03-18,SPY,-0.0002925666,-0.027423115,0.027130548,train,-0.049727954
2022-03-18,TLT,-0.023428753,0.044955365,0.06838412,train,-0.084465
2022-03-21,EFA,0.009368389,-0.006646378,0.016014766,train,-0.08847178
2022-03-21,IWM,0.009977248,0.053022556,0.04304531,train,0.016559342
2022-03-21,SPY,0.011633477,0.00063310005,0.011000377,train,-0.027423115
2022-03-21,TLT,-0.0128949005,-0.124683306,0.11178841,train,0.044955365
2022-03-22,EFA,-0.013057951,-0.0424639,0.029405948,train,-0.006646378
2022-03-22,IWM,-0.0175016,0.073197454,0.090699054,train,0.053022556
2022-03-22,SPY,-0.012962138,0.06509163,0.07805377,train,0.00063310005
2022-03-22,TLT,0.021678582,-0.10100136,0.12267994,train,-0.124683306
2022-03-23,EFA,0.009266939,-0.06761364,0.076880574,train,-0.0424639
2022-03-23,IWM,0.011433095,-0.09461108,0.10604417,train,0.073197454
2022-03-23,SPY,0.014961893,0.014511013,0.00045087934,train,0.06509163
2022-03-23,TLT,-0.007863769,-0.016753526,0.008889757,train,-0.10100136
2022-03-24,EFA,0.000542387,0.008333949,0.0077915625,train,-0.06761364
2022-03-24,IWM,0.0013594306,-0.093549185,0.09490862,train,-0.09461108
2022-03-24,SPY,0.004871913,-0.0066450182,0.0115169315,train,0.014511013
2022-03-24,TLT,-0.013970239,-0.09896553,0.08499529,train,-0.016753526
2022-03-25,EFA,-0.0032589782,-0.03002281,0.02676383,train,0.008333949
2022-03-25,IWM,0.00033966635,-0.044502586,0.04484225,train,-0.093549185
2022-03-25,SPY,0.007087657,-0.038411885,0.04549954,train,-0.0066450182
2022-03-25,TLT,0.008513459,0.0020972844,0.0064161746,train,-0.09896553
2022-03-28,EFA,0.021928383,-0.028611632,0.050540015,train,-0.03002281
2022-03-28,IWM,0.026419196,-0.031606935,0.05802613,train,-0.044502586
2022-03-28,SPY,0.012295047,-0.037647873,0.049942918,train,-0.038411885
2022-03-28,TLT,0.0075242193,-0.04926791,0.05679213,train,0.0020972844
2022-03-29,EFA,-0.00413345,0.043434627,0.047568075,train,-0.028611632
2022-03-29,IWM,-0.020278916,0.04756368,0.067842595,train,-0.031606935
2022-03-29,SPY,-0.0061939387,-0.051618703,0.045424763,train,-0.037647873
2022-03-29,TLT,0.0077715027,-0.035460137,0.04323164,train,-0.04926791
2022-03-30,EFA,-0.016707504,-0.004024567,0.012682937,train,0.043434627
2022-03-30,IWM,-0.010612248,-0.07507833,0.06446608,train,0.04756368
2022-03-30,SPY,-0.015511084,0.022621049,0.03813213,train,-0.051618703
2022-03-30,TLT,0.0024254902,-0.044726163,0.047151655,train,-0.035460137
2022-03-31,EFA,0.009331413,-0.055213735,0.06454515,train,-0.004024567
2022-03-31,IWM,0.011142335,-0.09133461,0.10247695,train,-0.07507833
2022-03-31,SPY,0.002830037,0.02412585,0.021295812,train,0.022621049
2022-03-31,TLT,0.0037994955,-0.07718747,0.08098697,train,-0.044726163
2022-04-01,EFA,0.0040300027,-0.09605428,0.10008428,train,-0.055213735
2022-04-01,IWM,0.0016367245,-0.09737856,0.09901528,train,-0.09133461
2022-04-01,SPY,0.008530173,-0.018205415,0.026735589,train,0.02412585
2022-04-01,TLT,-0.0069738575,-0.16060424,0.15363038,train,-0.07718747
2022-04-04,EFA,-0.013632927,-0.043299712,0.029666785,train,-0.09605428
2022-04-04,IWM,-0.023948628,-0.04510592,0.02115729,train,-0.09737856
2022-04-04,SPY,-0.012711669,-0.018682806,0.0059711365,train,-0.018205415
2022-04-04,TLT,-0.022851732,0.006411096,0.029262828,train,-0.16060424
2022-04-05,EFA,-0.012032197,0.018363738,0.030395936,train,-0.043299712
2022-04-05,IWM,-0.014289323,0.036800966,0.05109029,train,-0.04510592
2022-04-05,SPY,-0.010049826,0.016130155,0.02617998,train,-0.018682806
2022-04-05,TLT,-0.0081268735,-0.048160546,0.040033672,train,0.006411096
2022-04-06,EFA,0.0021985217,-0.0233553,0.02555382,train,0.018363738
2022-04-06,IWM,-0.0032536369,-0.061935365,0.058681726,train,0.036800966
2022-04-06,SPY,0.005026358,-0.017687807,0.022714164,train,0.016130155
2022-04-06,TLT,-0.0075608324,-0.012139706,0.0045788735,train,-0.048160546
2022-04-07,EFA,0.00041144123,-0.022935305,0.023346746,train,-0.0233553
2022-04-07,IWM,-0.008003467,-0.029910078,0.02190661,train,-0.061935365
2022-04-07,SPY,-0.0026774409,-0.0020817611,0.00059567974,train,-0.017687807
2022-04-07,TLT,-0.01088999,-0.034070686,0.023180695,train,-0.012139706
2022-04-08,EFA,-0.010619786,-0.037021928,0.026402142,train,-0.022935305
2022-04-08,IWM,-0.006744222,-0.03136207,0.02461785,train,-0.029910078
2022-04-08,SPY,-0.017240116,-0.041192807,0.02395269,train,-0.0020817611
2022-04-08,TLT,-0.015951203,-0.013394406,0.0025567971,train,-0.034070686
2022-04-11,EFA,-0.007515709,0.014903629,0.022419337,train,-0.037021928
2022-04-11,IWM,0.0031495907,-0.056666322,0.059815913,train,-0.03136207
2022-04-11,SPY,-0.0037120085,-0.012562433,0.008850425,train,-0.041192807
2022-04-11,TLT,-0.0013816573,-0.055919193,0.054537535,train,-0.013394406
2022-04-12,EFA,0.010699714,-0.11917766,0.12987737,train,0.014903629
2022-04-12,IWM,0.01884151,-0.056558125,0.07539964,train,-0.056666322
2022-04-12,SPY,0.011388453,-0.015220458,0.02660891,train,-0.012562433
2022-04-12,TLT,0.0020309365,-0.031113828,0.033144765,train,-0.055919193
2022-04-13,EFA,-0.0045716316,0.06931488,0.07388651,train,-0.11917766
2022-04-13,IWM,-0.009753255,-0.030852636,0.021099381,train,-0.056558125
2022-04-13,SPY,-0.0125301145,-0.03921791,0.026687797,train,-0.015220458
2022-04-13,TLT,-0.020249246,-0.038036376,0.01778713,train,-0.031113828
2022-04-14,EFA,-0.0058489246,-0.039184786,0.03333586,train,0.06931488
2022-04-14,IWM,-0.006757802,0.041802093,0.048559897,train,-0.030852636
2022-04-14,SPY,0.0004111015,-0.042202137,0.042613238,train,-0.03921791
2022-04-14,TLT,-0.0049812193,-0.0092247445,0.004243525,train,-0.038036376
2022-04-18,EFA,0.0047373865,-0.04796549,0.052702874,train,-0.039184786
2022-04-18,IWM,0.01974109,0.010470172,0.009270918,train,0.041802093
2022-04-18,SPY,0.016013773,0.06483116,0.04881739,train,-0.042202137
2022-04-18,TLT,-0.0075186263,-0.06155715,0.054038525,train,-0.0092247445
2022-04-19,EFA,0.006650174,-0.011605164,0.018255338,train,-0.04796549
2022-04-19,IWM,0.0038130349,0.009515619,0.005702584,train,0.010470172
2022-04-19,SPY,-0.00074182346,-0.029177042,0.02843522,train,0.06483116
2022-04-19,TLT,0.019925928,-0.060540117,0.08046605,train,-0.06155715
2022-04-20,EFA,-0.010828938,0.00014419109,0.010973129,train,-0.011605164
2022-04-20,IWM,-0.022643737,-0.05058495,0.027941212,train,0.009515619
2022-04-20,SPY,-0.015066499,0.024664236,0.039730735,train,-0.029177042
2022-04-20,TLT,-0.0074260826,0.059677087,0.06710317,train,-0.060540117
2022-04-21,EFA,-0.016466385,-0.05894255,0.042476162,train,0.00014419109
2022-04-21,IWM,-0.02622576,0.010953052,0.037178814,train,-0.05058495
2022-04-21,SPY,-0.027822576,-0.015478494,0.012344083,train,0.024664236
2022-04-21,TLT,-0.0063139265,-0.07241439,0.06610046,train,0.059677087
2022-04-22,EFA,-0.004836631,-0.046375655,0.041539025,train,-0.05894255
2022-04-22,IWM,0.006053971,-0.014245914,0.020299885,train,0.010953052
2022-04-22,SPY,0.0057809353,-0.005521494,0.011302429,train,-0.015478494
2022-04-22,TLT,0.009951081,-0.075590074,0.08554116,train,-0.07241439
2022-04-25,EFA,-0.02834603,0.000657076,0.029003106,train,-0.046375655
2022-04-25,IWM,-0.032026637,-0.05267133,0.02064469,train,-0.014245914
2022-04-25,SPY,-0.029388538,0.02205885,0.051447388,train,-0.005521494
2022-04-25,TLT,0.010016747,0.050526835,0.04051009,train,-0.075590074
2022-04-26,EFA,0.0045373435,-0.020045733,0.024583077,train,0.000657076
2022-04-26,IWM,-0.0041632545,-0.14040211,0.13623886,train,-0.05267133
2022-04-26,SPY,0.0028078898,-0.02760917,0.030417059,train,0.02205885
2022-04-26,TLT,-0.012908857,-0.009127589,0.0037812684,train,0.050526835
2022-04-27,EFA,0.014065233,-0.0514626,0.065527834,train,-0.020045733
2022-04-27,IWM,0.018494993,-0.074301444,0.09279644,train,-0.14040211
2022-04-27,SPY,0.02494571,-0.050278075,0.07522379,train,-0.02760917
2022-04-27,TLT,0.0014886428,-0.070443854,0.071932495,train,-0.009127589
2022-04-28,EFA,-0.011731515,-0.013233576,0.0015020613,train,-0.0514626
2022-04-28,IWM,-0.029304335,-0.07744615,0.048141815,train,-0.074301444
2022-04-28,SPY,-0.03765595,0.12558955,0.1632455,train,-0.050278075
2022-04-28,TLT,-0.013057875,-0.06650759,0.053449716,train,-0.070443854
2022-04-29,EFA,-0.0024799306,0.07553317,0.0780131,train,-0.013233576
2022-04-29,IWM,0.010434731,-0.08014197,0.0905767,train,-0.07744615
2022-04-29,SPY,0.006001482,-0.027115999,0.03311748,train,0.12558955
2022-04-29,TLT,-0.017485736,0.021927027,0.039412763,train,-0.06650759
2022-05-02,EFA,0.00742098,-0.023166895,0.030587874,train,0.07553317
2022-05-02,IWM,0.0085248025,-0.11618789,0.1247127,train,-0.08014197
2022-05-02,SPY,0.0045735715,-0.049914025,0.054487597,train,-0.027115999
2022-05-02,TLT,0.006718953,-0.037366703,0.044085655,train,0.021927027
2022-05-03,EFA,0.017389197,0.015944261,0.0014449358,train,-0.023166895
2022-05-03,IWM,0.026335804,-0.07837241,0.10470822,train,-0.11618789
2022-05-03,SPY,0.029998476,0.025344232,0.0046542436,train,-0.049914025
2022-05-03,TLT,0.005494667,-0.035169244,0.040663913,train,-0.037366703
2022-05-04,EFA,-0.032728124,0.0010452773,0.0337734,train,0.015944261
2022-05-04,IWM,-0.04140985,-0.0038128812,0.03759697,train,-0.07837241
2022-05-04,SPY,-0.036189936,-0.06706201,0.030872077,train,0.025344232
2022-05-04,TLT,-0.02778055,-0.026965352,0.0008151978,train,-0.035169244
2022-05-05,EFA,-0.009763407,-0.08403503,0.07427163,train,0.0010452773
2022-05-05,IWM,-0.01678258,0.038520016,0.055302598,train,-0.0038128812
2022-05-05,SPY,-0.0059867552,-0.03734967,0.031362917,train,-0.06706201
2022-05-05,TLT,-0.014844925,0.039283045,0.05412797,train,-0.026965352
2022-05-06,EFA,-0.030641625,0.010857774,0.0414994,train,-0.08403503
2022-05-06,IWM,-0.042974032,-0.042406864,0.000567168,train,0.038520016
2022-05-06,SPY,-0.032540992,-0.00076065026,0.03178034,train,-0.03734967
2022-05-06,TLT,0.00875892,-0.04934024,0.05809916,train,0.039283045
2022-05-09,EFA,0.007482767,-0.027750501,0.035233267,train,0.010857774
2022-05-09,IWM,0.00028613096,-0.0926912,0.09297733,train,-0.042406864
2022-05-09,SPY,0.00230776,-0.0475732,0.049880963,train,-0.00076065026
2022-05-09,TLT,0.009028469,0.025374418,0.016345948,train,-0.04934024
2022-05-10,EFA,-0.005950976,-0.051153533,0.045202557,train,-0.027750501
2022-05-10,IWM,-0.025178775,-0.115106314,0.08992754,train,-0.0926912
2022-05-10,SPY,-0.016013809,-0.0540884,0.03807459,train,-0.0475732
2022-05-10,TLT,0.01908925,0.07425426,0.055165008,train,0.025374418
2022-05-11,EFA,-0.0024517945,-0.0778096,0.07535781,train,-0.051153533
2022-05-11,IWM,0.011655172,-0.19170219,0.20335735,train,-0.115106314
2022-05-11,SPY,-0.0010444015,-0.1976755,0.19663109,train,-0.0540884
2022-05-11,TLT,-0.0018671498,0.025375625,0.027242774,train,0.07425426
2022-05-12,EFA,0.027390618,-0.042486105,0.06987672,train,-0.0778096
2022-05-12,IWM,0.031200036,-0.22620536,0.2574054,train,-0.19170219
2022-05-12,SPY,0.02362671,-0.16760658,0.19123329,train,-0.1976755
2022-05-12,TLT,-0.0148910945,-0.08072256,0.06583147,train,0.025375625
2022-05-13,EFA,0.0008953502,-0.032228805,0.033124156,train,-0.042486105
2022-05-13,IWM,-0.00478479,0.006972393,0.011757183,train,-0.22620536
2022-05-13,SPY,-0.0040658666,0.038990177,0.043056045,train,-0.16760658
2022-05-13,TLT,-0.0010353571,-0.0059408043,0.0049054474,train,-0.08072256
2022-05-16,EFA,0.018471172,-0.042417347,0.06088852,train,-0.032228805
2022-05-16,IWM,0.030124899,-0.119901255,0.15002616,train,0.006972393
2022-05-16,SPY,0.020361766,-0.12822555,0.14858732,train,0.038990177
2022-05-16,TLT,-0.01215702,-0.039058838,0.026901819,train,-0.0059408043
2022-05-17,EFA,-0.024154726,-0.06081295,0.036658224,train,-0.042417347
2022-05-17,IWM,-0.035670172,-0.027521202,0.00814897,train,-0.119901255
2022-05-17,SPY,-0.041146766,-0.0006407518,0.040506013,train,-0.12822555
2022-05-17,TLT,0.021093322,-0.037287243,0.058380567,train,-0.039058838
2022-05-18,EFA,0.0095537845,-0.106634,0.11618778,train,-0.06081295
2022-05-18,IWM,0.0016440043,-0.027197557,0.02884156,train,-0.027521202
2022-05-18,SPY,-0.006143368,-0.17643446,0.1702911,train,-0.0006407518
2022-05-18,TLT,0.0023925155,-0.011900688,0.014293203,train,-0.037287243
2022-05-19,EFA,0.0068106973,-0.03971591,0.046526607,train,-0.106634
2022-05-19,IWM,-0.0025523847,-0.054996654,0.052444268,train,-0.027197557
2022-05-19,SPY,0.0004364338,-0.12296975,0.12340618,train,-0.17643446
2022-05-19,TLT,0.011286093,-0.019177994,0.030464087,train,-0.011900688
2022-05-20,EFA,0.016826717,-0.10979595,0.12662266,train,-0.03971591
2022-05-20,IWM,0.012024162,0.04288508,0.030860918,train,-0.054996654
2022-05-20,SPY,0.018537179,0.026552698,0.008015519,train,-0.12296975
2022-05-20,TLT,-0.01659115,-0.045010947,0.028419796,train,-0.019177994
2022-05-23,EFA,-0.0015970909,-0.04685004,0.04525295,train,-0.10979595
2022-05-23,IWM,-0.01492475,0.20475909,0.21968384,train,0.04288508
2022-05-23,SPY,-0.00766296,0.032923244,0.040586203,train,0.026552698
2022-05-23,TLT,0.019540362,0.09836079,0.07882043,train,-0.045010947
2022-05-24,EFA,0.00029051868,-0.048579015,0.048869535,train,-0.04685004
2022-05-24,IWM,0.01783853,0.032915607,0.015077077,train,0.20475909
2022-05-24,SPY,0.008796008,0.026634282,0.017838273,train,0.032923244
2022-05-24,TLT,0.003946079,0.0625915,0.05864542,train,0.09836079
2022-05-25,EFA,0.010981039,-0.062374778,0.07335582,train,-0.048579015
2022-05-25,IWM,0.02207855,0.07123261,0.049154058,train,0.032915607
2022-05-25,SPY,0.019784378,-0.09383119,0.113615565,train,0.026634282
2022-05-25,TLT,-0.0045354627,0.029019868,0.03355533,train,0.0625915
2022-05-26,EFA,0.011998533,0.004777914,0.0072206194,train,-0.062374778
2022-05-26,IWM,0.026570363,0.062131554,0.03556119,train,0.07123261
2022-05-26,SPY,0.024252687,-0.122062586,0.14631528,train,-0.09383119
2022-05-26,TLT,0.0024384202,-0.06117785,0.06361627,train,0.029019868
2022-05-27,EFA,-0.005981117,0.009719318,0.015700435,train,0.004777914
2022-05-27,IWM,-0.01249509,-0.015214274,0.0027191835,train,0.062131554
2022-05-27,SPY,-0.0056268377,-0.058388166,0.052761327,train,-0.122062586
2022-05-27,TLT,-0.021389399,0.0393041,0.0606935,train,-0.06117785
2022-05-31,EFA,-0.010626437,-0.013987733,0.003361296,train,0.009719318
2022-05-31,IWM,-0.005682326,0.007505199,0.013187525,train,-0.015214274
2022-05-31,SPY,-0.008121359,-0.042106688,0.033985328,train,-0.058388166
2022-05-31,TLT,-0.0011437611,-0.06248568,0.06134192,train,0.0393041
2022-06-01,EFA,0.020575244,-0.08558971,0.10616495,train,-0.013987733
2022-06-01,IWM,0.024128621,0.012734225,0.011394396,train,0.007505199
2022-06-01,SPY,0.0188643,-0.025405945,0.044270247,train,-0.042106688
2022-06-01,TLT,0.00051608536,-0.08177652,0.08229261,train,-0.06248568
2022-06-02,EFA,-0.014386771,0.0525674,0.06695417,train,-0.08558971
2022-06-02,IWM,-0.009047122,0.10586861,0.11491573,train,0.012734225
2022-06-02,SPY,-0.016547637,-0.022330703,0.005783066,train,-0.025405945
2022-06-02,TLT,-0.0021520646,-0.07376282,0.071610756,train,-0.08177652
2022-06-03,EFA,0.0040093474,-0.048981078,0.052990425,train,0.0525674
2022-06-03,IWM,0.004320896,0.019652938,0.015332042,train,0.10586861
2022-06-03,SPY,0.003040127,-0.01572314,0.018763268,train,-0.022330703
2022-06-03,TLT,-0.018615836,-0.07208172,0.053465888,train,-0.07376282
2022-06-06,EFA,0.0029962815,-0.027021153,0.030017434,train,-0.048981078
2022-06-06,IWM,0.015999446,0.018878853,0.0028794073,train,0.019652938
2022-06-06,SPY,0.009546469,-0.09507466,0.10462113,train,-0.01572314
2022-06-06,TLT,0.010741927,-0.06616689,0.07690882,train,-0.07208172
2022-06-07,EFA,-0.014060684,-0.061872646,0.047811963,train,-0.027021153
2022-06-07,IWM,-0.015573784,0.014380043,0.029953826,train,0.018878853
2022-06-07,SPY,-0.010931664,0.021229854,0.03216152,train,-0.09507466
2022-06-07,TLT,-0.008900126,-0.017243396,0.00834327,train,-0.06616689
2022-06-08,EFA,-0.021224042,-0.0151589615,0.006065081,train,-0.061872646
2022-06-08,IWM,-0.020948047,0.0043534655,0.025301512,train,0.014380043
2022-06-08,SPY,-0.02407015,-0.1163036,0.09223345,train,0.021229854
2022-06-08,TLT,0.0033250332,-0.12085096,0.12417599,train,-0.017243396
2022-06-09,EFA,-0.024432482,0.007359719,0.0317922,train,-0.0151589615
2022-06-09,IWM,-0.027503429,-0.065840214,0.038336784,train,0.0043534655
2022-06-09,SPY,-0.029424379,-0.14580102,0.116376646,train,-0.1163036
2022-06-09,TLT,-0.006221179,-0.024516592,0.018295413,train,-0.12085096
2022-06-10,EFA,-0.033640493,-0.058783747,0.025143255,train,0.007359719
2022-06-10,IWM,-0.04811837,-0.10549546,0.05737709,train,-0.065840214
2022-06-10,SPY,-0.03870774,-0.15254956,0.113841824,train,-0.14580102
2022-06-10,TLT,-0.03188202,-0.016587744,0.015294278,train,-0.024516592
2022-06-13,EFA,-0.0094771385,-0.04210557,0.032628432,train,-0.058783747
2022-06-13,IWM,-0.004829401,-0.092704795,0.087875396,train,-0.10549546
2022-06-13,SPY,-0.0030178686,-0.07959125,0.07657339,train,-0.15254956
2022-06-13,TLT,-0.01269349,-0.069334604,0.056641113,train,-0.016587744
2022-06-14,EFA,0.018548572,-0.04457335,0.06312192,train,-0.04210557
2022-06-14,IWM,0.014535544,-0.3089996,0.32353514,train,-0.092704795
2022-06-14,SPY,0.014155685,-0.25143537,0.26559106,train,-0.07959125
2022-06-14,TLT,0.018484406,-0.025856609,0.044341013,train,-0.069334604
2022-06-15,EFA,-0.022267554,-0.10799277,0.08572522,train,-0.04457335
2022-06-15,IWM,-0.047424097,-0.18134242,0.13391833,train,-0.3089996
2022-06-15,SPY,-0.03365607,-0.03913912,0.0054830536,train,-0.25143537
2022-06-15,TLT,0.00790801,-0.0067767603,0.01468477,train,-0.025856609
2022-06-16,EFA,-0.004058112,-0.08615782,0.082099706,train,-0.10799277
2022-06-16,IWM,0.0077795805,-0.17343915,0.18121873,train,-0.18134242
2022-06-16,SPY,0.0021533915,-0.14108303,0.14323643,train,-0.03913912
2022-06-16,TLT,0.0032171244,-0.0012213737,0.004438498,train,-0.0067767603
2022-06-17,EFA,0.015013642,-0.047235765,0.062249407,train,-0.08615782
2022-06-17,IWM,0.017761143,-0.12128004,0.13904119,train,-0.17343915
2022-06-17,SPY,0.024862017,-0.016990872,0.04185289,train,-0.14108303
2022-06-17,TLT,-0.017097354,-0.057201087,0.040103734,train,-0.0012213737
2022-06-21,EFA,-0.0067525283,0.057182737,0.063935265,train,-0.047235765
2022-06-21,IWM,-0.0019049856,0.06767436,0.06957935,train,-0.12128004
2022-06-21,SPY,-0.0018146392,0.05827172,0.060086362,train,-0.016990872
2022-06-21,TLT,0.027129015,-0.052932486,0.0800615,train,-0.057201087
2022-06-22,EFA,-0.0011297882,-0.061169848,0.06004006,train,0.057182737
2022-06-22,IWM,0.0119060315,0.1685338,0.15662777,train,0.06767436
2022-06-22,SPY,0.009754945,0.008188954,0.001565991,train,0.05827172
2022-06-22,TLT,0.008181421,-0.032234587,0.04041601,train,-0.052932486
2022-06-23,EFA,0.029439617,-0.008089693,0.037529312,train,-0.061169848
2022-06-23,IWM,0.030502222,0.038279593,0.0077773705,train,0.1685338
2022-06-23,SPY,0.03129865,-0.04507819,0.07637684,train,0.008188954
2022-06-23,TLT,-0.013939463,-0.08894311,0.07500365,train,-0.032234587
2022-06-24,EFA,-0.004242874,-0.04459002,0.040347144,train,-0.008089693
2022-06-24,IWM,0.0037054953,-0.25798255,0.26168805,train,0.038279593
2022-06-24,SPY,-0.003827005,-0.21767075,0.21384375,train,-0.04507819
2022-06-24,TLT,-0.008565421,-0.029636653,0.021071233,train,-0.08894311
2022-06-27,EFA,-0.006794804,-0.0949973,0.0882025,train,-0.04459002
2022-06-27,IWM,-0.018956613,-0.0046228264,0.014333786,train,-0.25798255
2022-06-27,SPY,-0.020644292,0.08894248,0.109586775,train,-0.21767075
2022-06-27,TLT,0.00464878,-0.06283167,0.06748045,train,-0.029636653
2022-06-28,EFA,-0.0038124525,-0.09372164,0.08990919,train,-0.0949973
2022-06-28,IWM,-0.010200006,0.07273897,0.08293898,train,-0.0046228264
2022-06-28,SPY,-0.00081496296,0.0055663195,0.0063812826,train,0.08894248
2022-06-28,TLT,0.015487678,0.022430891,0.006943213,train,-0.06283167
2022-06-29,EFA,-0.0054261796,-0.08374804,0.07832186,train,-0.09372164
2022-06-29,IWM,-0.007822593,0.08787704,0.09569964,train,0.07273897
2022-06-29,SPY,-0.008157251,-0.064079575,0.055922322,train,0.0055663195
2022-06-29,TLT,0.008743584,-0.035168678,0.04391226,train,0.022430891
2022-06-30,EFA,0.0023974774,0.06704028,0.0646428,train,-0.08374804
2022-06-30,IWM,0.012031793,0.024305118,0.012273326,train,0.08787704
2022-06-30,SPY,0.010521025,0.054470405,0.04394938,train,-0.064079575
2022-06-30,TLT,0.0102144005,-0.047762223,0.057976622,train,-0.035168678
2022-07-01,EFA,-0.021624038,-0.12069458,0.09907054,train,0.06704028
2022-07-01,IWM,0.008249997,0.024112834,0.015862837,train,0.024305118
2022-07-01,SPY,0.001886703,-0.07275514,0.074641846,train,0.054470405
2022-07-01,TLT,0.007826341,-0.10259189,0.11041823,train,-0.047762223
2022-07-05,EFA,0.0008152032,-0.049829192,0.050644394,train,-0.12069458
2022-07-05,IWM,-0.0074335765,-0.015828574,0.008394998,train,0.024112834
2022-07-05,SPY,0.003371696,-0.109438315,0.11281001,train,-0.07275514
2022-07-05,TLT,-0.016933944,-0.1231771,0.10624316,train,-0.10259189
2022-07-06,EFA,0.015045217,-0.076463416,0.091508634,train,-0.049829192
2022-07-06,IWM,0.023390906,-0.08432804,0.107718945,train,-0.015828574
2022-07-06,SPY,0.014865867,-0.17573163,0.19059749,train,-0.109438315
2022-07-06,TLT,-0.008839024,-0.08049898,0.07165995,train,-0.1231771
2022-07-07,EFA,0.0011231937,-0.04824684,0.04937003,train,-0.076463416
2022-07-07,IWM,-0.000114077244,0.0029025618,0.003016639,train,-0.08432804
2022-07-07,SPY,-0.0008226955,-0.22353643,0.22271374,train,-0.17573163
2022-07-07,TLT,-0.011137494,0.05985997,0.07099746,train,-0.08049898
2022-07-08,EFA,-0.016331453,-0.12335328,0.10702182,train,-0.04824684
2022-07-08,IWM,-0.020308442,0.011933578,0.032242022,train,0.0029025618
2022-07-08,SPY,-0.011489354,-0.20047815,0.1889888,train,-0.22353643
2022-07-08,TLT,0.017097412,-0.054119706,0.07121712,train,0.05985997
2022-07-11,EFA,-0.00016293152,-0.034371994,0.03420906,train,-0.12335328
2022-07-11,IWM,-0.0034348296,0.00069956295,0.0041343924,train,0.011933578
2022-07-11,SPY,-0.008888328,-0.073765315,0.06487699,train,-0.20047815
2022-07-11,TLT,0.005924378,-0.04491698,0.050841358,train,-0.054119706
2022-07-12,EFA,-0.00048922916,-0.068415076,0.06792585,train,-0.034371994
2022-07-12,IWM,-0.0008750764,-0.019638924,0.018763848,train,0.00069956295
2022-07-12,SPY,-0.005265612,-0.15387377,0.14860816,train,-0.073765315
2022-07-12,TLT,0.011401256,-0.055913463,0.06731472,train,-0.04491698
2022-07-13,EFA,-0.014128882,-0.057245173,0.04311629,train,-0.068415076
2022-07-13,IWM,-0.010326475,-0.044088602,0.033762127,train,-0.019638924
2022-07-13,SPY,-0.0024315373,-0.067992434,0.0655609,train,-0.15387377
2022-07-13,TLT,-0.008192498,-0.08542696,0.07723446,train,-0.055913463
2022-07-14,EFA,0.015758831,-0.03255924,0.04831807,train,-0.057245173
2022-07-14,IWM,0.0206049,-0.0149975065,0.035602406,train,-0.044088602
2022-07-14,SPY,0.018925099,-0.06355818,0.082483284,train,-0.067992434
2022-07-14,TLT,0.005612252,-0.04862629,0.05423854,train,-0.08542696
2022-07-15,EFA,0.00406332,-0.09257726,0.09664059,train,-0.03255924
2022-07-15,IWM,-0.002834814,-0.10183299,0.09899818,train,-0.0149975065
2022-07-15,SPY,-0.008291293,0.095532805,0.103824094,train,-0.06355818
2022-07-15,TLT,-0.010473028,-0.08588345,0.075410426,train,-0.04862629
2022-07-18,EFA,0.026885878,-0.053225093,0.08011097,train,-0.09257726
2022-07-18,IWM,0.034675706,0.007064948,0.027610758,train,-0.10183299
2022-07-18,SPY,0.026660474,-0.031762145,0.058422618,train,0.095532805
2022-07-18,TLT,-0.0054089543,-0.04617697,0.040768016,train,-0.08588345
2022-07-19,EFA,-0.006653973,-0.05612848,0.049474508,train,-0.053225093
2022-07-19,IWM,0.015548064,-0.074630834,0.0901789,train,0.007064948
2022-07-19,SPY,0.006353165,-0.05430399,0.060657155,train,-0.031762145
2022-07-19,TLT,0.0026208106,-0.03897883,0.04159964,train,-0.04617697
2022-07-20,EFA,0.010279234,-0.03182798,0.042107213,train,-0.05612848
2022-07-20,IWM,0.0051109795,0.028504571,0.023393592,train,-0.074630834
2022-07-20,SPY,0.010131526,0.04119917,0.031067643,train,-0.05430399
2022-07-20,TLT,0.01712841,-0.08238838,0.09951679,train,-0.03897883
2022-07-21,EFA,-0.0025205459,-0.05527284,0.052752294,train,-0.03182798
2022-07-21,IWM,-0.016080597,-0.03600444,0.019923842,train,0.028504571
2022-07-21,SPY,-0.009321375,-0.0064178407,0.002903534,train,0.04119917
2022-07-21,TLT,0.01667179,0.05562008,0.03894829,train,-0.08238838
2022-07-22,EFA,0.0076990197,-0.015045403,0.022744423,train,-0.05527284
2022-07-22,IWM,0.0051673856,-0.039060816,0.044228204,train,-0.03600444
2022-07-22,SPY,0.0012142798,-0.06406512,0.0652794,train,-0.0064178407
2022-07-22,TLT,-0.009833379,-0.020868255,0.011034876,train,0.05562008
2022-07-25,EFA,-0.014028119,0.018906193,0.03293431,train,-0.015045403
2022-07-25,IWM,-0.006170527,0.030807173,0.0369777,train,-0.039060816
2022-07-25,SPY,-0.011901738,-0.03136246,0.019460721,train,-0.06406512
2022-07-25,TLT,0.0007663695,-0.051258676,0.052025046,train,-0.020868255
2022-07-26,EFA,0.023375385,-0.08894345,0.112318836,train,0.018906193
2022-07-26,IWM,0.02249618,-0.08790115,0.11039733,train,0.030807173
2022-07-26,SPY,0.025635155,-0.018593298,0.044228453,train,-0.03136246
2022-07-26,TLT,-0.0056338045,-0.003735846,0.0018979586,train,-0.051258676
2022-07-27,EFA,0.005104052,0.036435798,0.031331748,train,-0.08894345
2022-07-27,IWM,0.01364615,0.031183818,0.017537668,train,-0.08790115
2022-07-27,SPY,0.0124642085,-0.030615197,0.043079406,train,-0.018593298
2022-07-27,TLT,0.007929396,-0.07043845,0.078367844,train,-0.003735846
2022-07-28,EFA,0.01378918,0.03004733,0.01625815,train,0.036435798
2022-07-28,IWM,0.007074351,0.02971329,0.02263894,train,0.031183818
2022-07-28,SPY,0.014473612,0.041142017,0.026668403,train,-0.030615197
2022-07-28,TLT,-0.00272113,-0.058107905,0.055386774,train,-0.07043845
2022-07-29,EFA,0.0013683124,0.023617445,0.022249132,train,0.03004733
2022-07-29,IWM,-0.0003738155,-0.035041533,0.03466772,train,0.02971329
2022-07-29,SPY,-0.0029656834,-0.038587704,0.03562202,train,0.041142017
2022-07-29,TLT,0.023797762,-0.042754352,0.06655212,train,-0.058107905
2022-08-01,EFA,-0.016083537,0.045840934,0.061924472,train,0.023617445
2022-08-01,IWM,-0.00096218765,-0.03672824,0.035766054,train,-0.035041533
2022-08-01,SPY,-0.006619085,-0.061077997,0.054458912,train,-0.038587704
2022-08-01,TLT,-0.021386754,0.04358945,0.0649762,train,-0.042754352
2022-08-02,EFA,0.005850645,0.041291438,0.035440795,train,0.045840934
2022-08-02,IWM,0.014598858,-0.061979778,0.07657863,train,-0.03672824
2022-08-02,SPY,0.015538019,-0.06853672,0.08407474,train,-0.061077997
2022-08-02,TLT,0.015622106,0.017895991,0.0022738846,train,0.04358945
2022-08-03,EFA,0.005053249,-0.020413393,0.025466643,train,0.041291438
2022-08-03,IWM,-0.0021101735,-0.028165234,0.02605506,train,-0.061979778
2022-08-03,SPY,-0.00067579024,-0.0320467,0.03137091,train,-0.06853672
2022-08-03,TLT,-0.00033510488,-0.005795965,0.00546086,train,0.017895991
2022-08-04,EFA,-0.007050859,-0.01080982,0.0037589613,train,-0.020413393
2022-08-04,IWM,0.00762859,-0.009933332,0.017561922,train,-0.028165234
2022-08-04,SPY,-0.0016917475,-0.028901847,0.0272101,train,-0.0320467
2022-08-04,TLT,-0.024091503,-0.038413547,0.014322044,train,-0.005795965
2022-08-05,EFA,0.0023046504,-0.0030684685,0.005373119,train,-0.01080982
2022-08-05,IWM,0.010531498,-0.053305276,0.063836776,train,-0.009933332
2022-08-05,SPY,-0.0011615256,0.010952411,0.012113937,train,-0.028901847
2022-08-05,TLT,0.016012598,0.09452339,0.07851079,train,-0.038413547
2022-08-08,EFA,-0.005385955,-3.750436e-05,0.0053484505,train,-0.0030684685
2022-08-08,IWM,-0.01373351,-0.056279875,0.042546365,train,-0.053305276
2022-08-08,SPY,-0.003978834,0.023726119,0.027704952,train,0.010952411
2022-08-08,TLT,-0.0038941875,-0.048367977,0.04447379,train,0.09452339
2022-08-09,EFA,0.022277316,0.022511797,0.00023448095,train,-3.750436e-05
2022-08-09,IWM,0.028150208,-0.058014475,0.08616468,train,-0.056279875
2022-08-09,SPY,0.02078648,0.015733516,0.0050529633,train,0.023726119
2022-08-09,TLT,-0.0065526357,-0.0214322,0.014879565,train,-0.048367977
2022-08-10,EFA,-0.00030170588,-0.13429828,0.13399658,train,0.022511797
2022-08-10,IWM,0.0037248537,-0.09285893,0.09658378,train,-0.058014475
2022-08-10,SPY,0.0,0.06776702,0.06776702,train,0.015733516
2022-08-10,TLT,-0.023585694,-0.0016240235,0.02196167,train,-0.0214322
2022-08-11,EFA,0.007668714,0.024977358,0.017308645,train,-0.13429828
2022-08-11,IWM,0.020216929,-0.16901746,0.18923439,train,-0.09285893
2022-08-11,SPY,0.016787477,0.0010035466,0.01578393,train,0.06776702
2022-08-11,TLT,0.010089707,0.072386496,0.06229679,train,-0.0016240235
2022-08-12,EFA,-0.0060097896,-0.04486531,0.03885552,train,0.024977358
2022-08-12,IWM,0.0035372714,-0.11632197,0.11985925,train,-0.16901746
2022-08-12,SPY,0.004112151,-0.03343805,0.0375502,train,0.0010035466
2022-08-12,TLT,-0.0008658076,-0.017517524,0.016651716,train,0.072386496
2022-08-15,EFA,-0.00030142377,0.052296855,0.05259828,train,-0.04486531
2022-08-15,IWM,-0.00039779063,-0.11422035,0.11382256,train,-0.11632197
2022-08-15,SPY,0.0019567467,-0.07179211,0.07374886,train,-0.03343805
2022-08-15,TLT,0.0041491473,0.094240814,0.09009167,train,-0.017517524
2022-08-16,EFA,-0.008021305,0.02742426,0.035445563,train,0.052296855
2022-08-16,IWM,-0.016959973,-0.09651881,0.079558834,train,-0.11422035
2022-08-16,SPY,-0.0071232268,-0.06474926,0.057626035,train,-0.07179211
2022-08-16,TLT,-0.010492713,-0.000782324,0.009710389,train,0.094240814
2022-08-17,EFA,-0.003348468,0.03481228,0.03816075,train,0.02742426
2022-08-17,IWM,0.0066074915,-0.08003593,0.08664343,train,-0.09651881
2022-08-17,SPY,0.0029020847,-0.019912826,0.02281491,train,-0.06474926
2022-08-17,TLT,0.0014811114,0.047906227,0.046425115,train,-0.000782324
2022-08-18,EFA,-0.013816571,0.01205869,0.025875261,train,0.03481228
2022-08-18,IWM,-0.0216997,-0.108062066,0.08636236,train,-0.08003593
2022-08-18,SPY,-0.013528965,0.018198004,0.03172697,train,-0.019912826
2022-08-18,TLT,-0.016233422,0.06426417,0.08049759,train,0.047906227
2022-08-19,EFA,-0.017150473,0.038201988,0.05535246,train,0.01205869
2022-08-19,IWM,-0.020816201,0.11103437,0.13185057,train,-0.108062066
2022-08-19,SPY,-0.021042485,0.029814048,0.05085653,train,0.018198004
2022-08-19,TLT,-0.0033673467,-0.056171924,0.052804578,train,0.06426417
2022-08-22,EFA,0.00047168165,-0.01098696,0.011458641,train,0.038201988
2022-08-22,IWM,0.0016247778,0.16639811,0.16477333,train,0.11103437
2022-08-22,SPY,-0.0024221505,-0.02244662,0.02002447,train,0.029814048
2022-08-22,TLT,-0.0055185887,0.026780913,0.0322995,train,-0.056171924
2022-08-23,EFA,0.001256709,-0.011882495,0.013139204,train,-0.01098696
2022-08-23,IWM,0.0076167174,0.105863385,0.098246664,train,0.16639811
2022-08-23,SPY,0.0031959764,-0.10901927,0.11221525,train,-0.02244662
2022-08-23,TLT,-0.0073455353,-0.042167284,0.03482175,train,0.026780913
2022-08-24,EFA,0.010929174,0.015092971,0.004163797,train,-0.011882495
2022-08-24,IWM,0.015420283,0.107372604,0.091952324,train,0.105863385
2022-08-24,SPY,0.014018909,-0.1329201,0.14693901,train,-0.10901927
2022-08-24,TLT,0.013839959,0.013693834,0.00014612544,train,-0.042167284
2022-08-25,EFA,-0.026592828,-0.057974555,0.031381726,train,0.015092971
2022-08-25,IWM,-0.03340749,0.05628293,0.08969042,train,0.107372604
2022-08-25,SPY,-0.034435146,-0.07254549,0.038110346,train,-0.1329201
2022-08-25,TLT,0.0075095296,-0.029979294,0.037488826,train,0.013693834
2022-08-26,EFA,-0.0022349348,-0.07526948,0.07303455,train,-0.057974555
2022-08-26,IWM,-0.009249955,0.25907704,0.268327,train,0.05628293
2022-08-26,SPY,-0.006634181,0.031764425,0.038398605,train,-0.07254549
2022-08-26,TLT,-0.008307636,-0.026637819,0.018330183,train,-0.029979294
2022-08-29,EFA,-0.007218112,0.0028378014,0.010055913,train,-0.07526948
2022-08-29,IWM,-0.014091617,0.10761677,0.121708386,train,0.25907704
2022-08-29,SPY,-0.011038756,0.10973597,0.12077473,train,0.031764425
2022-08-29,TLT,0.0024816326,-0.024990296,0.027471928,train,-0.026637819
2022-08-30,EFA,-0.006783887,0.008692732,0.015476619,train,0.0028378014
2022-08-30,IWM,-0.0060848054,0.13550937,0.14159417,train,0.10761677
2022-08-30,SPY,-0.007637884,0.15314135,0.16077924,train,0.10973597
2022-08-30,TLT,-0.00960684,-0.002245983,0.007360857,train,-0.024990296
2022-08-31,EFA,-0.013543505,0.018337814,0.031881317,train,0.008692732
2022-08-31,IWM,-0.0109590795,0.07299549,0.08395457,train,0.13550937
2022-08-31,SPY,0.0031327487,0.19954652,0.19641377,train,0.15314135
2022-08-31,TLT,-0.018477725,-0.004213115,0.01426461,train,-0.002245983
2022-09-01,EFA,-0.0065931007,0.053264022,0.059857123,train,0.018337814
2022-09-01,IWM,-0.007798735,0.019739537,0.027538272,train,0.07299549
2022-09-01,SPY,-0.0106003815,0.10334883,0.11394921,train,0.19954652
2022-09-01,TLT,0.005640877,-0.01147984,0.017120717,train,-0.004213115
2022-09-02,EFA,-0.0024835493,0.062133916,0.06461746,train,0.053264022
2022-09-02,IWM,-0.009933186,0.010411369,0.020344555,train,0.019739537
2022-09-02,SPY,-0.0037801564,0.10612918,0.10990933,train,0.10334883
2022-09-02,TLT,-0.025080584,0.03421817,0.059298754,train,-0.01147984
2022-09-06,EFA,0.008748036,0.0626544,0.053906363,train,0.062133916
2022-09-06,IWM,0.021526182,-0.031725824,0.053252004,train,0.010411369
2022-09-06,SPY,0.01780545,0.06867104,0.05086559,train,0.10612918
2022-09-06,TLT,0.015691722,0.015144592,0.00054712966,train,0.03421817
2022-09-07,EFA,0.0006571206,0.056110084,0.055452965,train,0.0626544
2022-09-07,IWM,0.0083085755,0.0130534675,0.004744892,train,-0.031725824
2022-09-07,SPY,0.0065151774,-0.0035584066,0.010073584,train,0.06867104
2022-09-07,TLT,-0.010310331,0.054096542,0.06440687,train,0.015144592
2022-09-08,EFA,0.025137117,0.081523605,0.056386486,train,0.056110084
2022-09-08,IWM,0.019886818,0.032521352,0.012634534,train,0.0130534675
2022-09-08,SPY,0.015415585,0.01710344,0.0016878545,train,-0.0035584066
2022-09-08,TLT,0.0022179836,0.001664808,0.0005531756,train,0.054096542
2022-09-09,EFA,0.013837132,0.1286347,0.11479758,train,0.081523605
2022-09-09,IWM,0.012040412,-0.019322777,0.03136319,train,0.032521352
2022-09-09,SPY,0.010690337,0.026515735,0.015825398,train,0.01710344
2022-09-09,TLT,-0.008251009,-0.009326834,0.0010758257,train,0.001664808
2022-09-12,EFA,-0.035367783,-0.036391377,0.0010235943,train,0.1286347
2022-09-12,IWM,-0.03990627,-0.02584746,0.014058812,train,-0.019322777
2022-09-12,SPY,-0.04445624,-0.066679746,0.022223506,train,0.026515735
2022-09-12,TLT,0.0023247972,8.694921e-05,0.002237848,train,-0.009326834
2022-09-13,EFA,0.0032675625,-0.029208662,0.032476224,train,-0.036391377
2022-09-13,IWM,0.003888171,0.06540206,0.06151389,train,-0.02584746
2022-09-13,SPY,0.0038085019,0.06551787,0.06170937,train,-0.066679746
2022-09-13,TLT,0.0034305532,0.037668034,0.03423748,train,8.694921e-05
2022-09-14,EFA,-0.008846825,0.047841504,0.05668833,train,-0.029208662
2022-09-14,IWM,-0.00729606,-0.024206355,0.016910296,train,0.06540206
2022-09-14,SPY,-0.011418156,0.12434489,0.13576305,train,0.06551787
2022-09-14,TLT,-0.0006480735,0.082446516,0.08309459,train,0.037668034
2022-09-15,EFA,-0.006107083,0.08040131,0.08650839,train,0.047841504
2022-09-15,IWM,-0.014641685,-0.047884166,0.03324248,train,-0.024206355
2022-09-15,SPY,-0.007658079,0.053378202,0.06103628,train,0.12434489
2022-09-15,TLT,-0.008370529,0.06835559,0.076726116,train,0.082446516
2022-09-16,EFA,0.003470803,0.035884805,0.032414,train,0.08040131
2022-09-16,IWM,0.008511887,-0.18453561,0.1930475,train,-0.047884166
2022-09-16,SPY,0.007724896,-0.06607561,0.073800504,train,0.053378202
2022-09-16,TLT,0.0023318992,-0.013691453,0.016023353,train,0.06835559
2022-09-19,EFA,-0.017139876,0.07084392,0.087983795,train,0.035884805
2022-09-19,IWM,-0.013721422,-0.034544602,0.02082318,train,-0.18453561
2022-09-19,SPY,-0.01154486,0.015068447,0.026613306,train,-0.06607561
2022-09-19,TLT,-0.010020031,0.04653883,0.056558862,train,-0.013691453
2022-09-20,EFA,-0.01317824,0.02481394,0.03799218,train,0.07084392
2022-09-20,IWM,-0.015393509,-0.12108943,0.10569592,train,-0.034544602
2022-09-20,SPY,-0.017597605,-0.04768914,0.030091535,train,0.015068447
2022-09-20,TLT,0.016614132,-0.0135418605,0.030155992,train,0.04653883
2022-09-21,EFA,-0.0028953028,0.039033435,0.04192874,train,0.02481394
2022-09-21,IWM,-0.02278515,-0.094014116,0.071228966,train,-0.12108943
2022-09-21,SPY,-0.008435565,-0.016069168,0.007633603,train,-0.04768914
2022-09-21,TLT,-0.025880566,-0.0025241878,0.023356378,train,-0.0135418605
2022-09-22,EFA,-0.03241471,0.01969347,0.052108176,train,0.039033435
2022-09-22,IWM,-0.02409333,-0.06356918,0.03947585,train,-0.094014116
2022-09-22,SPY,-0.016896686,-0.027966706,0.0110700205,train,-0.016069168
2022-09-22,TLT,0.0040765125,-0.043559343,0.047635853,train,-0.0025241878
2022-09-23,EFA,-0.014909581,-0.07118217,0.05627259,train,0.01969347
2022-09-23,IWM,-0.013786619,-0.05120992,0.0374233,train,-0.06356918
2022-09-23,SPY,-0.009941964,-0.063297205,0.05335524,train,-0.027966706
2022-09-23,TLT,-0.019295702,-0.004603184,0.014692518,train,-0.043559343
2022-09-26,EFA,-0.0068187364,0.0003335271,0.0071522635,train,-0.07118217
2022-09-26,IWM,0.0034051866,-0.0856966,0.089101784,train,-0.05120992
2022-09-26,SPY,-0.002555778,-0.12616645,0.12361067,train,-0.063297205
2022-09-26,TLT,-0.026683928,-0.041950285,0.015266357,train,-0.004603184
2022-09-27,EFA,0.023840418,-0.0016790088,0.025519427,train,0.0003335271
2022-09-27,IWM,0.031137858,-0.021811012,0.05294887,train,-0.0856966
2022-09-27,SPY,0.019485073,-0.07519969,0.094684765,train,-0.12616645
2022-09-27,TLT,0.032933734,0.0031538215,0.029779913,train,-0.041950285
2022-09-28,EFA,-0.011849202,0.027524328,0.039373532,train,-0.0016790088
2022-09-28,IWM,-0.022674607,-0.091215305,0.0685407,train,-0.021811012
2022-09-28,SPY,-0.021110184,-0.07548102,0.054370835,train,-0.07519969
2022-09-28,TLT,-0.0051893755,0.006725101,0.011914477,train,0.0031538215
2022-09-29,EFA,-0.003564486,-0.025184704,0.021620218,train,0.027524328
2022-09-29,IWM,-0.0073103625,-0.043477416,0.036167055,train,-0.091215305
2022-09-29,SPY,-0.015584368,-0.16804092,0.15245655,train,-0.07548102
2022-09-29,TLT,-0.012994582,-0.02946432,0.016469738,train,0.006725101
2022-09-30,EFA,0.019624108,-0.045052372,0.06467648,train,-0.025184704
2022-09-30,IWM,0.026152778,-0.07715415,0.103306934,train,-0.043477416
2022-09-30,SPY,0.02605881,-0.11398016,0.14003897,train,-0.16804092
2022-09-30,TLT,0.015764682,-0.034325205,0.05008989,train,-0.02946432
2022-10-03,EFA,0.039308317,-0.016813077,0.056121394,train,-0.045052372
2022-10-03,IWM,0.038870763,-0.12202828,0.16089904,train,-0.07715415
2022-10-03,SPY,0.030516291,-0.030152092,0.060668383,train,-0.11398016
2022-10-03,TLT,-0.0027971845,-0.06498873,0.062191546,train,-0.034325205
2022-10-04,EFA,-0.010660938,-0.04836472,0.037703782,train,-0.016813077
2022-10-04,IWM,-0.007413829,-0.16959721,0.16218337,train,-0.12202828
2022-10-04,SPY,-0.0023310946,-0.07261312,0.07028203,train,-0.030152092
2022-10-04,TLT,-0.009607444,0.05316703,0.06277447,train,-0.06498873
2022-10-05,EFA,-0.017678384,-0.017625818,5.256571e-05,train,-0.04836472
2022-10-05,IWM,-0.0056254147,-0.022492068,0.016866654,train,-0.16959721
2022-10-05,SPY,-0.010369245,0.0033359583,0.013705203,train,-0.07261312
2022-10-05,TLT,-0.005573956,0.03535621,0.040930163,train,0.05316703
2022-10-06,EFA,-0.01605886,0.008026322,0.024085183,train,-0.017625818
2022-10-06,IWM,-0.029856486,0.04317762,0.07303411,train,-0.022492068
2022-10-06,SPY,-0.028290395,0.020274328,0.048564725,train,0.0033359583
2022-10-06,TLT,-0.009755302,0.0014401227,0.011195425,train,0.03535621
2022-10-07,EFA,-0.005646814,0.07552903,0.08117585,train,0.008026322
2022-10-07,IWM,-0.0055906884,-0.027567582,0.021976894,train,0.04317762
2022-10-07,SPY,-0.007664685,0.05022964,0.057894323,train,0.020274328
2022-10-07,TLT,-0.01566829,0.01027311,0.0259414,train,0.0014401227
2022-10-10,EFA,-0.0110319955,0.045721225,0.056753222,train,0.07552903
2022-10-10,IWM,0.00029833402,0.021835743,0.021537408,train,-0.027567582
2022-10-10,SPY,-0.006352866,-0.027835065,0.0214822,train,0.05022964
2022-10-10,TLT,0.004416197,0.01464417,0.010227973,train,0.01027311
2022-10-11,EFA,-0.0032260255,-0.009291941,0.006065916,train,0.045721225
2022-10-11,IWM,-0.0027464563,-0.13425939,0.13151293,train,0.021835743
2022-10-11,SPY,-0.003303881,-0.16857189,0.165268,train,-0.027835065
2022-10-11,TLT,0.004894621,-0.054927945,0.059822567,train,0.01464417
2022-10-12,EFA,0.020432608,0.0012227353,0.019209873,train,-0.009291941
2022-10-12,IWM,0.024450526,-0.04196494,0.06641547,train,-0.13425939
2022-10-12,SPY,0.026048629,-0.13102065,0.15706928,train,-0.16857189
2022-10-12,TLT,-0.009612287,0.03188338,0.04149567,train,-0.054927945
2022-10-13,EFA,-0.015062018,0.026428817,0.041490834,train,0.0012227353
2022-10-13,IWM,-0.027144616,-0.029521847,0.0023772307,train,-0.04196494
2022-10-13,SPY,-0.023052456,-0.0660859,0.043033443,train,-0.13102065
2022-10-13,TLT,-0.008284826,-0.026482562,0.018197736,train,0.03188338
2022-10-14,EFA,0.024339994,-0.05282157,0.077161565,train,0.026428817
2022-10-14,IWM,0.03139479,-0.14506453,0.17645933,train,-0.029521847
2022-10-14,SPY,0.025372397,-0.11084212,0.13621452,train,-0.0660859
2022-10-14,TLT,-0.0048813876,-0.041362166,0.036480777,train,-0.026482562
2022-10-17,EFA,0.007118623,0.002535699,0.004582924,train,-0.05282157
2022-10-17,IWM,0.0117816655,0.06386674,0.052085076,train,-0.14506453
2022-10-17,SPY,0.011681311,0.011354169,0.00032714196,train,-0.11084212
2022-10-17,TLT,0.0023420788,0.10746605,0.10512397,train,-0.041362166
2022-10-18,EFA,-0.012359732,-0.17479599,0.16243625,train,0.002535699
2022-10-18,IWM,-0.017140746,-0.1082126,0.09107185,train,0.06386674
2022-10-18,SPY,-0.0071120365,-0.0008065272,0.0063055092,train,0.011354169
2022-10-18,TLT,-0.018373594,0.014934959,0.03330855,train,0.10746605
2022-10-19,EFA,-0.0022796788,-0.07598749,0.07370781,train,-0.17479599
2022-10-19,IWM,-0.012814935,-0.047788136,0.0349732,train,-0.1082126
2022-10-19,SPY,-0.008420508,-0.036994517,0.028574008,train,-0.0008065272
2022-10-19,TLT,-0.017241001,-0.05603858,0.03879758,train,0.014934959
2022-10-20,EFA,0.017921312,-0.046725184,0.0646465,train,-0.07598749
2022-10-20,IWM,0.021479871,-0.1361175,0.15759738,train,-0.047788136
2022-10-20,SPY,0.024010861,-0.018066408,0.04207727,train,-0.036994517
2022-10-20,TLT,-0.018187303,-0.060949415,0.042762112,train,-0.05603858
2022-10-21,EFA,0.00017231493,-0.051965103,0.052137416,train,-0.046725184
2022-10-21,IWM,0.004275611,-0.08326314,0.08753875,train,-0.1361175
2022-10-21,SPY,0.012162172,-0.115517296,0.12767947,train,-0.018066408
2022-10-21,TLT,-0.008298555,0.02635566,0.034654215,train,-0.060949415
2022-10-24,EFA,0.021828962,-0.0856805,0.107509464,train,-0.051965103
2022-10-24,IWM,0.026906367,0.0835972,0.05669083,train,-0.08326314
2022-10-24,SPY,0.015842605,-0.02068072,0.036523327,train,-0.115517296
2022-10-24,TLT,0.028696727,-0.025641324,0.054338053,train,0.02635566
2022-10-25,EFA,0.009402314,-0.023723753,0.033126067,train,-0.0856805
2022-10-25,IWM,0.004927248,0.025159514,0.020232266,train,0.0835972
2022-10-25,SPY,-0.007562739,0.026784865,0.034347605,train,-0.02068072
2022-10-25,TLT,0.014304678,0.027809849,0.013505171,train,-0.025641324
2022-10-26,EFA,-0.009402314,-0.00827579,0.0011265241,train,-0.023723753
2022-10-26,IWM,0.00022302642,0.061239615,0.06101659,train,0.025159514
2022-10-26,SPY,-0.005354284,0.013123166,0.01847745,train,0.026784865
2022-10-26,TLT,0.010416272,0.012715897,0.0022996245,train,0.027809849
2022-10-27,EFA,0.009903618,-0.05954794,0.069451556,train,-0.00827579
2022-10-27,IWM,0.022471942,0.062447637,0.039975695,train,0.061239615
2022-10-27,SPY,0.023512049,-0.0153194815,0.038831532,train,0.013123166
2022-10-27,TLT,-0.0068978034,0.004073648,0.010971451,train,0.012715897
2022-10-28,EFA,-0.00939758,-0.019082002,0.009684422,train,-0.05954794
2022-10-28,IWM,0.00092763454,0.05094468,0.050017044,train,0.062447637
2022-10-28,SPY,-0.0072494205,-0.057336353,0.05008693,train,-0.0153194815
2022-10-28,TLT,-0.0071534715,0.019578716,0.026732188,train,0.004073648
2022-10-31,EFA,0.007893126,-0.08855078,0.09644391,train,-0.019082002
2022-10-31,IWM,0.0013627448,-0.010745157,0.012107901,train,0.05094468
2022-10-31,SPY,-0.004385497,-0.06445626,0.060070764,train,-0.057336353
2022-10-31,TLT,0.009301952,-0.018111864,0.027413815,train,0.019578716
2022-11-01,EFA,-0.014660372,0.012785496,0.027445868,train,-0.08855078
2022-11-01,IWM,-0.033736397,-0.06128172,0.027545322,train,-0.010745157
2022-11-01,SPY,-0.025416551,-0.059768848,0.034352295,train,-0.06445626
2022-11-01,TLT,-0.004349285,-0.071897045,0.06754776,train,-0.018111864
2022-11-02,EFA,-0.008523664,-0.07453198,0.066008314,train,0.012785496
2022-11-02,IWM,-0.0067270123,-0.14767176,0.14094475,train,-0.06128172
2022-11-02,SPY,-0.010350251,-0.0028103981,0.0075398525,train,-0.059768848
2022-11-02,TLT,-0.005411826,-0.07594715,0.070535325,train,-0.071897045
2022-11-03,EFA,0.039279986,-0.073538326,0.112818316,train,-0.07453198
2022-11-03,IWM,0.01340943,0.07293149,0.059522063,train,-0.14767176
2022-11-03,SPY,0.014290678,0.0189745,0.0046838215,train,-0.0028103981
2022-11-03,TLT,-0.016943127,-0.05340188,0.036458753,train,-0.07594715
2022-11-04,EFA,0.003122712,-0.06105735,0.06418006,train,-0.073538326
2022-11-04,IWM,0.0045229136,0.087899946,0.08337703,train,0.07293149
2022-11-04,SPY,0.009520006,-0.050676107,0.060196113,train,0.0189745
2022-11-04,TLT,-0.010026707,-0.05372619,0.04369948,train,-0.05340188
2022-11-07,EFA,0.011258932,-0.08340141,0.09466034,train,-0.06105735
2022-11-07,IWM,0.00038994983,0.12994969,0.12955974,train,0.087899946
2022-11-07,SPY,0.0053809215,-0.004878005,0.010258926,train,-0.050676107
2022-11-07,TLT,0.010875465,0.011112029,0.00023656338,train,-0.05372619
2022-11-08,EFA,-0.014052558,-0.07727649,0.063223936,train,-0.08340141
2022-11-08,IWM,-0.027839923,0.061817892,0.08965781,train,0.12994969
2022-11-08,SPY,-0.02081728,-0.057706296,0.036889017,train,-0.004878005
2022-11-08,TLT,0.003281793,0.008766478,0.005484685,train,0.011112029
2022-11-09,EFA,0.05459552,-0.1006966,0.15529212,train,-0.07727649
2022-11-09,IWM,0.05973817,-0.019641722,0.079379894,train,0.061817892
2022-11-09,SPY,0.053497326,-0.119448215,0.17294554,train,-0.057706296
2022-11-09,TLT,0.037752163,0.049348906,0.011596743,train,0.008766478
2022-11-10,EFA,0.01974756,-0.016292745,0.036040306,train,-0.1006966
2022-11-10,IWM,0.008165807,0.17129847,0.16313267,train,-0.019641722
2022-11-10,SPY,0.00963201,-0.16540313,0.17503513,train,-0.119448215
2022-11-10,TLT,-0.0036710757,0.07343793,0.077109,train,0.049348906
2022-11-11,EFA,-0.01059681,0.009676887,0.020273697,train,-0.016292745
2022-11-11,IWM,-0.01124528,0.020468598,0.031713877,train,0.17129847
2022-11-11,SPY,-0.008543346,-0.0943433,0.08579995,train,-0.16540313
2022-11-11,TLT,-0.0024545959,0.12894699,0.13140158,train,0.07343793
2022-11-14,EFA,0.006616922,0.055817433,0.049200512,train,0.009676887
2022-11-14,IWM,0.014717363,-0.0779238,0.09264116,train,0.020468598
2022-11-14,SPY,0.008493005,-0.0759281,0.084421106,train,-0.0943433
2022-11-14,TLT,0.01605092,-0.04513149,0.06118241,train,0.12894699
2022-11-15,EFA,-0.0023031053,-0.010261493,0.007958388,train,0.055817433
2022-11-15,IWM,-0.017752092,0.09755663,0.11530872,train,-0.0779238
2022-11-15,SPY,-0.007658009,-0.05157943,0.043921422,train,-0.0759281
2022-11-15,TLT,0.021632623,-0.052992053,0.07462467,train,-0.04513149
2022-11-16,EFA,-0.00046137505,0.068393625,0.068855,train,-0.010261493
2022-11-16,IWM,-0.009324288,-0.033828698,0.02450441,train,0.09755663
2022-11-16,SPY,-0.0030643942,-0.07150475,0.068440355,train,-0.05157943
2022-11-16,TLT,-0.01060848,-0.03702744,0.026418962,train,-0.052992053
2022-11-17,EFA,0.0019974974,0.104618885,0.102621384,train,0.068393625
2022-11-17,IWM,0.0064437385,-0.017116616,0.023560354,train,-0.033828698
2022-11-17,SPY,0.004530103,-0.0215785,0.026108604,train,-0.07150475
2022-11-17,TLT,-0.0069009117,-0.042292807,0.035391897,train,-0.03702744
2022-11-18,EFA,-0.007549557,0.020854464,0.02840402,train,0.104618885
2022-11-18,IWM,-0.0052389135,-0.04476034,0.039521426,train,-0.017116616
2022-11-18,SPY,-0.0036428878,-0.09053696,0.08689407,train,-0.0215785
2022-11-18,TLT,0.0042064125,0.027204389,0.022997975,train,-0.042292807
2022-11-21,EFA,0.013822872,-0.001746932,0.015569804,train,0.020854464
2022-11-21,IWM,0.010613152,-0.051566668,0.06217982,train,-0.04476034
2022-11-21,SPY,0.013367443,0.0072412696,0.006126174,train,-0.09053696
2022-11-21,TLT,0.014091491,0.0060289223,0.0080625685,train,0.027204389
2022-11-22,EFA,0.010922404,-0.032900773,0.043823175,train,-0.001746932
2022-11-22,IWM,0.0025951045,-0.04025437,0.042849474,train,-0.051566668
2022-11-22,SPY,0.0062818034,-0.15324049,0.1595223,train,0.0072412696
2022-11-22,TLT,0.017291822,0.0048379246,0.012453897,train,0.0060289223
2022-11-23,EFA,0.005116758,-0.047136597,0.052253354,train,-0.032900773
2022-11-23,IWM,0.0021036337,-0.07609014,0.07819378,train,-0.04025437
2022-11-23,SPY,-0.00022383613,-0.083407365,0.08318353,train,-0.15324049
2022-11-23,TLT,-0.0033958917,0.0361242,0.039520092,train,0.0048379246
2022-11-25,EFA,-0.012993118,-0.10308185,0.09008873,train,-0.047136597
2022-11-25,IWM,-0.020358566,-0.12321182,0.10285325,train,-0.07609014
2022-11-25,SPY,-0.01608569,0.15264452,0.1687302,train,-0.083407365
2022-11-25,TLT,0.0028143914,0.12670709,0.1238927,train,0.0361242
2022-11-28,EFA,0.0028850196,-0.046630442,0.049515463,train,-0.10308185
2022-11-28,IWM,0.0029102,0.070114315,0.06720412,train,-0.12321182
2022-11-28,SPY,-0.0017190197,0.009940511,0.01165953,train,0.15264452
2022-11-28,TLT,-0.011795292,-0.09793097,0.08613568,train,0.12670709
2022-11-29,EFA,0.017585317,-0.06098742,0.078572735,train,-0.046630442
2022-11-29,IWM,0.02704759,-0.0068750884,0.03392268,train,0.070114315
2022-11-29,SPY,0.031014698,0.21011625,0.17910156,train,0.009940511
2022-11-29,TLT,0.0073275436,-0.040153958,0.0474815,train,-0.09793097
2022-11-30,EFA,0.009637456,-0.17740187,0.18703933,train,-0.06098742
2022-11-30,IWM,-0.0021904453,-0.07206876,0.06987831,train,-0.0068750884
2022-11-30,SPY,-0.0007361869,-0.13958444,0.13884825,train,0.21011625
2022-11-30,TLT,0.031445753,-0.15105213,0.18249789,train,-0.040153958
2022-12-01,EFA,-0.0007379488,-0.14462101,0.14388306,train,-0.17740187
2022-12-01,IWM,0.0058133197,-0.06753159,0.073344916,train,-0.07206876
2022-12-01,SPY,-0.0011543223,0.056272723,0.057427045,train,-0.13958444
2022-12-01,TLT,0.012497828,-0.15646657,0.1689644,train,-0.15105213
2022-12-02,EFA,-0.01322953,-0.09804281,0.08481328,train,-0.14462101
2022-12-02,IWM,-0.0279326,-0.07911424,0.051181644,train,-0.06753159
2022-12-02,SPY,-0.018153021,0.017342022,0.035495043,train,0.056272723
2022-12-02,TLT,-0.014106145,0.016408319,0.030514464,train,-0.15646657
2022-12-05,EFA,-0.004499051,0.0034687016,0.007967752,train,-0.09804281
2022-12-05,IWM,-0.015429805,-0.03603176,0.020601954,train,-0.07911424
2022-12-05,SPY,-0.014519562,-0.05345267,0.03893311,train,0.017342022
2022-12-05,TLT,0.012797762,0.05943095,0.046633188,train,0.016408319
2022-12-06,EFA,0.0,-0.03766805,0.03766805,train,0.0034687016
2022-12-06,IWM,-0.0029478695,0.067421205,0.07036907,train,-0.03603176
2022-12-06,SPY,-0.0017027154,-0.07495077,0.07324805,train,-0.05345267
2022-12-06,TLT,0.02328911,-0.10952619,0.1328153,train,0.05943095
2022-12-07,EFA,0.0050973897,-0.00032992847,0.005427318,train,-0.03766805
2022-12-07,IWM,0.007214865,0.015017243,0.007802378,train,0.067421205
2022-12-07,SPY,0.007803139,-0.16396187,0.17176501,train,-0.07495077
2022-12-07,TLT,-0.002744217,-0.09642328,0.09367906,train,-0.10952619
2022-12-08,EFA,0.0005981069,-0.0011512842,0.0017493911,train,-0.00032992847
2022-12-08,IWM,-0.012352109,0.015460899,0.027813008,train,0.015017243
2022-12-08,SPY,-0.007498175,-0.10254253,0.09504435,train,-0.16396187
2022-12-08,TLT,-0.026359094,0.024931913,0.051291008,train,-0.09642328
2022-12-09,EFA,0.0029846146,0.13451949,0.13153487,train,-0.0011512842
2022-12-09,IWM,0.011688391,0.006269539,0.005418852,train,0.015460899
2022-12-09,SPY,0.014314392,-0.11683898,0.13115337,train,-0.10254253
2022-12-09,TLT,0.0031926127,0.022687187,0.019494575,train,0.024931913
2022-12-12,EFA,0.014082976,0.08430178,0.0702188,train,0.13451949
2022-12-12,IWM,0.0082485685,-0.0058176685,0.014066237,train,0.006269539
2022-12-12,SPY,0.0075412537,-0.16526714,0.1728084,train,-0.11683898
2022-12-12,TLT,0.00960944,0.050621025,0.041011587,train,0.022687187
2022-12-13,EFA,-0.00088545296,0.18911688,0.19000234,train,0.08430178
2022-12-13,IWM,-0.006582271,0.09512855,0.10171082,train,-0.0058176685
2022-12-13,SPY,-0.0064139,-0.16425538,0.15784147,train,-0.16526714
2022-12-13,TLT,0.0042624124,0.03510599,0.030843576,train,0.050621025
2022-12-14,EFA,-0.025874488,0.074528836,0.100403324,train,0.18911688
2022-12-14,IWM,-0.0253477,0.058922328,0.08427003,train,0.09512855
2022-12-14,SPY,-0.024765765,-0.09615417,0.0713884,train,-0.16425538
2022-12-14,TLT,0.0038941354,0.07702772,0.07313359,train,0.03510599
2022-12-15,EFA,-0.008826724,0.14827007,0.15709679,train,0.074528836
2022-12-15,IWM,-0.007484553,0.09027151,0.097756065,train,0.058922328
2022-12-15,SPY,-0.011876573,-0.056274727,0.044398155,train,-0.09615417
2022-12-15,TLT,-0.011233254,-0.042891443,0.031658188,train,0.07702772
2022-12-16,EFA,-0.0024485968,0.17155465,0.17400326,train,0.14827007
2022-12-16,IWM,-0.013627107,0.08708687,0.100713976,train,0.09027151
2022-12-16,SPY,-0.008515826,0.015446341,0.023962166,train,-0.056274727
2022-12-16,TLT,-0.016948039,-0.06045554,0.0435075,train,-0.042891443
2022-12-19,EFA,0.0039759707,0.14985204,0.14587606,train,0.17155465
2022-12-19,IWM,0.0052766213,0.08074331,0.07546669,train,0.08708687
2022-12-19,SPY,0.0013675519,0.103106804,0.10173925,train,0.015446341
2022-12-19,TLT,-0.017917126,0.024654938,0.042572066,train,-0.06045554
2022-12-20,EFA,0.010325048,0.105537154,0.0952121,train,0.14985204
2022-12-20,IWM,0.017086359,0.0122182,0.004868159,train,0.08074331
2022-12-20,SPY,0.014841844,0.044621065,0.029779222,train,0.103106804
2022-12-20,TLT,0.0025105814,0.078364186,0.0758536,train,0.024654938
2022-12-21,EFA,-0.008190509,0.04032912,0.04851963,train,0.105537154
2022-12-21,IWM,-0.01316171,-0.007517468,0.0056442423,train,0.0122182
2022-12-21,SPY,-0.014369009,-0.05013097,0.03576196,train,0.044621065
2022-12-21,TLT,-0.00019269917,0.14137699,0.14156969,train,0.078364186
2022-12-22,EFA,0.0034968008,0.08784797,0.08435117,train,0.04032912
2022-12-22,IWM,0.0045403237,0.05506193,0.050521605,train,-0.007517468
2022-12-22,SPY,0.0057359235,0.035224162,0.02948824,train,-0.05013097
2022-12-22,TLT,-0.01476917,0.08127666,0.09604584,train,0.14137699
2022-12-23,EFA,0.0015164235,0.05280374,0.051287316,train,0.08784797
2022-12-23,IWM,-0.0067317504,-0.043778535,0.037046783,train,0.05506193
2022-12-23,SPY,-0.003951522,0.06953784,0.07348936,train,0.035224162
2022-12-23,TLT,-0.019970814,0.03900765,0.05897846,train,0.08127666
2022-12-27,EFA,-0.010664282,0.08885995,0.09952424,train,0.05280374
2022-12-27,IWM,-0.015651256,-0.008819221,0.0068320353,train,-0.043778535
2022-12-27,SPY,-0.012505599,0.11881929,0.13132489,train,0.06953784
2022-12-27,TLT,-0.0059092273,0.027466102,0.03337533,train,0.03900765
2022-12-28,EFA,0.015652627,0.14760032,0.1319477,train,0.08885995
2022-12-28,IWM,0.025017472,0.032613754,0.0075962823,train,-0.008819221
2022-12-28,SPY,0.017840108,0.09455306,0.07671295,train,0.11881929
2022-12-28,TLT,0.011287069,0.122975476,0.111688405,train,0.027466102
2022-12-29,EFA,-0.010306269,0.03297914,0.043285407,train,0.14760032
2022-12-29,IWM,-0.0028064714,-0.0037449114,0.00093844,train,0.032613754
2022-12-29,SPY,-0.0026374646,0.036295332,0.038932797,train,0.09455306
2022-12-29,TLT,-0.011186674,0.13470908,0.14589575,train,0.122975476
2022-12-30,EFA,0.00879727,0.027768558,0.018971287,train,0.03297914
2022-12-30,IWM,-0.005521178,-0.0512534,0.045732222,train,-0.0037449114
2022-12-30,SPY,-0.0042186426,-0.021675065,0.017456423,train,0.036295332
2022-12-30,TLT,0.018904323,0.06711755,0.04821323,train,0.13470908
2023-01-03,EFA,0.013201514,-0.0025491975,0.015750712,train,0.027768558
2023-01-03,IWM,0.012380011,-0.049833857,0.062213868,train,-0.0512534
2023-01-03,SPY,0.00769026,0.03663995,0.028949691,train,-0.021675065
2023-01-03,TLT,0.0136066945,0.05209685,0.038490158,train,0.06711755
2023-01-04,EFA,-0.010035248,-0.06227184,0.052236594,train,-0.0025491975
2023-01-04,IWM,-0.010766615,-0.012319324,0.0015527084,train,-0.049833857
2023-01-04,SPY,-0.01147906,0.0102666095,0.02174567,train,0.03663995
2023-01-04,TLT,0.0041721473,-0.09216531,0.09633746,train,0.05209685
2023-01-05,EFA,0.025268912,-0.0059827305,0.031251643,train,-0.06227184
2023-01-05,IWM,0.022206798,-0.0046508573,0.026857655,train,-0.012319324
2023-01-05,SPY,0.02267308,0.048013806,0.025340727,train,0.0102666095
2023-01-05,TLT,0.018229585,-0.018966557,0.037196144,train,-0.09216531
2023-01-06,EFA,0.004247475,-0.1023704,0.106617875,train,-0.0059827305
2023-01-06,IWM,0.0016881338,0.005554458,0.0038663242,train,-0.0046508573
2023-01-06,SPY,-0.0005668314,-0.113212414,0.11264558,train,0.048013806
2023-01-06,TLT,0.005309787,0.18065873,0.17534894,train,-0.018966557
2023-01-09,EFA,0.0029188972,-0.08218495,0.08510385,train,-0.1023704
2023-01-09,IWM,0.01467693,-0.065621264,0.08029819,train,0.005554458
2023-01-09,SPY,0.0069883172,-0.03574951,0.042737827,train,-0.113212414
2023-01-09,TLT,-0.016688345,-0.05311598,0.036427632,train,0.18065873
2023-01-10,EFA,0.0075493646,-0.13310981,0.14065917,train,-0.08218495
2023-01-10,IWM,0.012387563,-0.067721285,0.08010885,train,-0.065621264
2023-01-10,SPY,0.012568639,-0.029562585,0.042131223,train,-0.03574951
2023-01-10,TLT,0.016121132,-0.051171735,0.06729287,train,-0.05311598
2023-01-11,EFA,0.014645038,-0.15574665,0.1703917,train,-0.13310981
2023-01-11,IWM,0.016658567,-0.027969768,0.044628337,train,-0.067721285
2023-01-11,SPY,0.00363415,-0.08098148,0.084615625,train,-0.029562585
2023-01-11,TLT,0.019490642,0.029739467,0.010248825,train,-0.051171735
2023-01-12,EFA,0.005259653,-0.06272899,0.06798865,train,-0.15574665
2023-01-12,IWM,0.006543582,0.03984172,0.03329814,train,-0.027969768
2023-01-12,SPY,0.0038720528,-0.013660694,0.017532747,train,-0.08098148
2023-01-12,TLT,-0.009416993,0.024487099,0.03390409,train,0.029739467
2023-01-13,EFA,0.0031144156,-0.1184878,0.121602215,train,-0.06272899
2023-01-13,IWM,-0.001230285,0.0005984735,0.0018287585,train,0.03984172
2023-01-13,SPY,-0.0018337822,-0.011280136,0.009446354,train,-0.013660694
2023-01-13,TLT,-0.0064843222,0.1312292,0.13771352,train,0.024487099
2023-01-17,EFA,-0.0035396065,-0.09220021,0.088660605,train,-0.1184878
2023-01-17,IWM,-0.016297454,-0.059236273,0.04293882,train,0.0005984735
2023-01-17,SPY,-0.015913809,0.024584798,0.040498607,train,-0.011280136
2023-01-17,TLT,0.0239423,0.2390536,0.21511132,train,0.1312292
2023-01-18,EFA,-0.0015616961,-0.12823826,0.12667656,train,-0.09220021
2023-01-18,IWM,-0.009621735,-0.050480664,0.040858928,train,-0.059236273
2023-01-18,SPY,-0.007306473,0.014201118,0.021507591,train,0.024584798
2023-01-18,TLT,-0.0062793917,0.06637069,0.07265008,train,0.2390536
2023-01-19,EFA,0.008769492,-0.093048036,0.101817526,train,-0.12823826
2023-01-19,IWM,0.016345503,-0.09625771,0.11260321,train,-0.050480664
2023-01-19,SPY,0.018457597,0.008954989,0.009502608,train,0.014201118
2023-01-19,TLT,-0.01634413,0.010772953,0.027117083,train,0.06637069
2023-01-20,EFA,0.004075735,-0.13856691,0.14264265,train,-0.093048036
2023-01-20,IWM,0.0122997165,-0.029900366,0.04220008,train,-0.09625771
2023-01-20,SPY,0.011927251,-0.01356435,0.0254916,train,0.008954989
2023-01-20,TLT,-0.0047191344,-0.025112117,0.020392982,train,0.010772953
2023-01-23,EFA,-0.0012632692,-0.07556753,0.07430426,train,-0.13856691
2023-01-23,IWM,-0.0021374414,0.009100733,0.0112381745,train,-0.029900366
2023-01-23,SPY,-0.0010739288,-0.053429566,0.052355636,train,-0.01356435
2023-01-23,TLT,0.014277889,-0.07887853,0.09315642,train,-0.025112117
2023-01-24,EFA,0.0065785586,-0.03811752,0.044696078,train,-0.07556753
2023-01-24,IWM,0.0027780205,-0.07329968,0.07607771,train,0.009100733
2023-01-24,SPY,0.0003748366,-0.080966756,0.081341594,train,-0.053429566
2023-01-24,TLT,0.0024221784,-0.16865207,0.17107426,train,-0.07887853
2023-01-25,EFA,0.00083679677,-0.1008502,0.101687,train,-0.03811752
2023-01-25,IWM,0.005904053,-0.06994009,0.07584415,train,-0.07329968
2023-01-25,SPY,0.010930312,-0.07236787,0.083298184,train,-0.080966756
2023-01-25,TLT,-0.004662801,-0.09321576,0.08855296,train,-0.16865207
2023-01-26,EFA,-0.0019533422,-0.07625913,0.07430579,train,-0.1008502
2023-01-26,IWM,0.005394711,-0.057663247,0.06305796,train,-0.06994009
2023-01-26,SPY,0.002295014,-0.06615093,0.06844595,train,-0.07236787
2023-01-26,TLT,-0.0025273338,-0.09135791,0.088830575,train,-0.09321576
2023-01-27,EFA,-0.0064453585,-0.091619834,0.08517448,train,-0.07625913
2023-01-27,IWM,-0.014023386,-0.062378548,0.048355162,train,-0.057663247
2023-01-27,SPY,-0.012626006,-0.035318017,0.02269201,train,-0.06615093
2023-01-27,TLT,-0.0036614279,-0.085246906,0.081585474,train,-0.09135791
2023-01-30,EFA,0.0057466934,-0.028916158,0.03466285,train,-0.091619834
2023-01-30,IWM,0.023995634,0.0021152217,0.021880412,train,-0.062378548
2023-01-30,SPY,0.014596218,0.008304508,0.00629171,train,-0.035318017
2023-01-30,TLT,0.007962944,-0.073972434,0.081935376,train,-0.085246906
2023-01-31,EFA,0.008905122,-0.18114431,0.19004944,train,-0.028916158
2023-01-31,IWM,0.015597469,-0.029193511,0.04479098,train,0.0021152217
2023-01-31,SPY,0.0105715515,-0.06083308,0.071404636,train,0.008304508
2023-01-31,TLT,0.011949507,-0.09508828,0.10703779,train,-0.073972434
2023-02-01,EFA,-0.0013863872,-0.13193414,0.13054775,train,-0.18114431
2023-02-01,IWM,0.019501312,-0.10145293,0.120954245,train,-0.029193511
2023-02-01,SPY,0.014452144,-0.059390552,0.0738427,train,-0.06083308
2023-02-01,TLT,0.001293537,0.0045883153,0.0032947783,train,-0.09508828
2023-02-02,EFA,-0.009337365,-0.026400143,0.01706278,train,-0.13193414
2023-02-02,IWM,-0.006729109,-0.13019012,0.12346101,train,-0.10145293
2023-02-02,SPY,-0.0106860455,-0.044635072,0.033949025,train,-0.059390552
2023-02-02,TLT,-0.015068871,-0.107639976,0.0925711,train,0.0045883153
2023-02-03,EFA,-0.010273766,-0.021649985,0.011376219,train,-0.026400143
2023-02-03,IWM,-0.014573269,-0.10103587,0.0864626,train,-0.13019012
2023-02-03,SPY,-0.006130077,-0.057362005,0.05123193,train,-0.044635072
2023-02-03,TLT,-0.007431362,-0.010300422,0.0028690603,train,-0.107639976
2023-02-06,EFA,0.008451823,0.047912262,0.03946044,train,-0.021649985
2023-02-06,IWM,0.007389944,-0.123186305,0.13057625,train,-0.10103587
2023-02-06,SPY,0.012993865,0.002575865,0.010418,train,-0.057362005
2023-02-06,TLT,-0.008057903,-0.03330566,0.025247756,train,-0.010300422
2023-02-07,EFA,-0.0061909226,-0.023326783,0.01713586,train,0.047912262
2023-02-07,IWM,-0.014731227,-0.10394481,0.08921358,train,-0.123186305
2023-02-07,SPY,-0.010994954,-0.04239633,0.031401373,train,0.002575865
2023-02-07,TLT,0.0047475863,0.1179469,0.113199316,train,-0.03330566
2023-02-08,EFA,0.0018330103,0.036805175,0.034972165,train,-0.023326783
2023-02-08,IWM,-0.014582855,0.0012071356,0.01578999,train,-0.10394481
2023-02-08,SPY,-0.00870686,-0.030945117,0.022238256,train,-0.04239633
2023-02-08,TLT,-0.009518479,0.13216756,0.14168604,train,0.1179469
2023-02-09,EFA,-0.004376868,-0.0053951386,0.0010182709,train,0.036805175
2023-02-09,IWM,0.0019987347,0.11738042,0.11538168,train,0.0012071356
2023-02-09,SPY,0.0023307768,-0.046542563,0.04887334,train,-0.030945117
2023-02-09,TLT,-0.01125288,-0.040240914,0.028988034,train,0.13216756
2023-02-10,EFA,0.009996515,-0.08729736,0.09729387,train,-0.0053951386
2023-02-10,IWM,0.011961227,0.01731498,0.0053537525,train,0.11738042
2023-02-10,SPY,0.011670756,-0.12719716,0.13886791,train,-0.046542563
2023-02-10,TLT,0.008379694,0.12148089,0.1131012,train,-0.040240914
2023-02-13,EFA,0.0018197652,-0.051535547,0.053355314,train,-0.08729736
2023-02-13,IWM,-0.0004675475,-0.041748732,0.041281186,train,0.01731498
2023-02-13,SPY,-0.0004604391,-0.12224175,0.12178131,train,-0.12719716
2023-02-13,TLT,-0.0023042748,0.100517966,0.102822244,train,0.12148089
2023-02-14,EFA,-0.0044850484,-0.07788609,0.07340104,train,-0.051535547
2023-02-14,IWM,0.01007856,0.04325726,0.0331787,train,-0.041748732
2023-02-14,SPY,0.003242174,-0.0956832,0.098925374,train,-0.12224175
2023-02-14,TLT,-0.009369227,0.07122821,0.08059744,train,0.100517966
2023-02-15,EFA,-0.004928761,-0.07294746,0.0680187,train,-0.07788609
2023-02-15,IWM,-0.009611012,-0.12543286,0.11582185,train,0.04325726
2023-02-15,SPY,-0.013864385,-0.109116256,0.09525187,train,-0.0956832
2023-02-15,TLT,-0.0142692,0.03918869,0.05345789,train,0.07122821
2023-02-16,EFA,0.0025378794,-0.06007889,0.062616765,train,-0.07294746
2023-02-16,IWM,0.002748035,-0.021602513,0.024350548,train,-0.12543286
2023-02-16,SPY,-0.002501511,-0.03613756,0.03363605,train,-0.109116256
2023-02-16,TLT,0.0077465735,0.061049245,0.05330267,train,0.03918869
2023-02-17,EFA,-0.011043501,-0.06918534,0.05814184,train,-0.06007889
2023-02-17,IWM,-0.029958123,-0.059936218,0.029978095,train,-0.021602513
2023-02-17,SPY,-0.020264948,-0.10165731,0.08139236,train,-0.03613756
2023-02-17,TLT,-0.019628987,0.08433171,0.1039607,train,0.061049245
2023-02-21,EFA,-0.0055680047,-0.0600582,0.054490194,train,-0.06918534
2023-02-21,IWM,0.00271734,0.022737866,0.020020526,train,-0.059936218
2023-02-21,SPY,-0.0013788224,-0.1255144,0.12413558,train,-0.10165731
2023-02-21,TLT,0.009122781,0.021327762,0.0122049805,train,0.08433171
2023-02-22,EFA,0.0051408187,0.024754362,0.019613544,train,-0.0600582
2023-02-22,IWM,0.0071044876,0.052299716,0.04519523,train,0.022737866
2023-02-22,SPY,0.0053050527,-0.015310103,0.020615157,train,-0.1255144
2023-02-22,TLT,0.009724211,0.052036867,0.042312656,train,0.021327762
2023-02-23,EFA,-0.016804768,-0.086354725,0.069549955,train,0.024754362
2023-02-23,IWM,-0.009395014,0.06466242,0.07405743,train,0.052299716
2023-02-23,SPY,-0.010739872,-0.05591444,0.04517457,train,-0.015310103
2023-02-23,TLT,-0.013086439,0.023430305,0.036516745,train,0.052036867
2023-02-24,EFA,0.011807218,-0.05293671,0.06474393,train,-0.086354725
2023-02-24,IWM,0.0035135678,0.077366546,0.07385298,train,0.06466242
2023-02-24,SPY,0.003400092,-0.03448931,0.037889402,train,-0.05591444
2023-02-24,TLT,0.002769339,-0.015895903,0.018665243,train,0.023430305
2023-02-27,EFA,-0.007327125,0.027911758,0.035238884,train,-0.05293671
2023-02-27,IWM,5.3215044e-05,0.066662244,0.06660903,train,0.077366546
2023-02-27,SPY,-0.0037026496,0.027316174,0.031018823,train,-0.03448931
2023-02-27,TLT,0.00453322,0.03563977,0.03110655,train,-0.015895903
2023-02-28,EFA,0.005321043,-0.01762848,0.022949522,train,0.027911758
2023-02-28,IWM,0.0012745463,0.053270273,0.05199573,train,0.066662244
2023-02-28,SPY,-0.003843314,-0.040300652,0.036457337,train,0.027316174
2023-02-28,TLT,-0.010801343,0.020187838,0.030989181,train,0.03563977
2023-03-01,EFA,0.0020060819,-0.0148828495,0.016888931,train,-0.01762848
2023-03-01,IWM,0.0023852685,0.0025971606,0.00021189218,train,0.053270273
2023-03-01,SPY,0.0077472525,-0.0056777913,0.013425044,train,-0.040300652
2023-03-01,TLT,-0.00890678,-0.06181956,0.05291278,train,0.020187838
2023-03-02,EFA,0.014494952,-0.015945386,0.030440338,train,-0.0148828495
2023-03-02,IWM,0.013828952,-0.011283497,0.02511245,train,0.0025971606
2023-03-02,SPY,0.015910404,0.018943748,0.0030333437,train,-0.0056777913
2023-03-02,TLT,0.023937238,-0.05129113,0.07522837,train,-0.06181956
2023-03-03,EFA,-0.0025427798,-0.0011718478,0.001370932,train,-0.015945386
2023-03-03,IWM,-0.014729426,0.035351336,0.05008076,train,-0.011283497
2023-03-03,SPY,0.00069253135,-0.053072788,0.05376532,train,0.018943748
2023-03-03,TLT,-0.007783827,0.074180774,0.081964605,train,-0.05129113
2023-03-06,EFA,-0.016830912,-0.03764397,0.020813057,train,-0.0011718478
2023-03-06,IWM,-0.011673505,-0.054179788,0.04250628,train,0.035351336
2023-03-06,SPY,-0.0154473055,0.043479778,0.05892708,train,-0.053072788
2023-03-06,TLT,0.0061139134,0.038042724,0.03192881,train,0.074180774
2023-03-07,EFA,0.005451133,-0.045601197,0.05105233,train,-0.03764397
2023-03-07,IWM,0.00048241494,0.011411158,0.0109287435,train,-0.054179788
2023-03-07,SPY,0.0016305544,0.029351106,0.027720552,train,0.043479778
2023-03-07,TLT,0.0009827492,0.0029182266,0.0019354775,train,0.038042724
2023-03-08,EFA,-0.007322856,-0.02292687,0.0156040145,train,-0.045601197
2023-03-08,IWM,-0.028207636,0.015843209,0.044050843,train,0.011411158
2023-03-08,SPY,-0.018621996,0.029243624,0.04786562,train,0.029351106
2023-03-08,TLT,0.0024522343,0.0055869166,0.0031346823,train,0.0029182266
2023-03-09,EFA,-0.010721753,-0.035140984,0.02441923,train,-0.02292687
2023-03-09,IWM,-0.029253425,-0.015218692,0.014034733,train,0.015843209
2023-03-09,SPY,-0.014534669,0.01885931,0.03339398,train,0.029243624
2023-03-09,TLT,0.033904783,-0.027858512,0.061763294,train,0.0055869166
2023-03-10,EFA,-0.006869731,-0.041679755,0.034810025,train,-0.035140984
2023-03-10,IWM,-0.016424384,-0.08288979,0.06646541,train,-0.015218692
2023-03-10,SPY,-0.0014263588,-0.037171386,0.03574503,train,0.01885931
2023-03-10,TLT,0.0022704941,0.011190131,0.008919638,train,-0.027858512
2023-03-13,EFA,0.0132587245,-0.029846212,0.043104935,train,-0.041679755
2023-03-13,IWM,0.018352322,-0.06081795,0.07917027,train,-0.08288979
2023-03-13,SPY,0.01639503,-0.07744437,0.0938394,train,-0.037171386
2023-03-13,TLT,-0.016578343,-0.05176367,0.035185326,train,0.011190131
2023-03-14,EFA,-0.03146402,0.028445324,0.059909344,train,-0.029846212
2023-03-14,IWM,-0.016622541,-0.08313936,0.06651682,train,-0.06081795
2023-03-14,SPY,-0.006274036,-0.029446626,0.02317259,train,-0.07744437
2023-03-14,TLT,0.019125974,-0.008107161,0.027233135,train,-0.05176367
2023-03-15,EFA,0.015414684,-0.037254542,0.052669227,train,0.028445324
2023-03-15,IWM,0.013558904,-0.10037046,0.11392936,train,-0.08313936
2023-03-15,SPY,0.017393121,-0.021993326,0.039386448,train,-0.029446626
2023-03-15,TLT,-0.007853411,0.036700115,0.044553526,train,-0.008107161
2023-03-16,EFA,-0.011985081,0.11076141,0.12274649,train,-0.037254542
2023-03-16,IWM,-0.027362753,-0.08511663,0.05775388,train,-0.10037046
2023-03-16,SPY,-0.011761401,0.0220137,0.0337751,train,-0.021993326
2023-03-16,TLT,0.014897794,-0.043920428,0.05881822,train,0.036700115
2023-03-17,EFA,0.015508696,-0.040915757,0.056424454,train,0.11076141
2023-03-17,IWM,0.012881648,-0.07324444,0.08612609,train,-0.08511663
2023-03-17,SPY,0.009569526,0.009529244,4.0281564e-05,train,0.0220137
2023-03-17,TLT,-0.008836328,-0.025691161,0.016854834,train,-0.043920428
2023-03-20,EFA,0.014983188,0.09982979,0.0848466,train,-0.040915757
2023-03-20,IWM,0.018280867,-0.029587522,0.04786839,train,-0.07324444
2023-03-20,SPY,0.013045034,0.033550017,0.020504981,train,0.009529244
2023-03-20,TLT,-0.008629621,0.008983789,0.017613411,train,-0.025691161
2023-03-21,EFA,-0.003471244,-0.022253888,0.018782644,train,0.09982979
2023-03-21,IWM,-0.028770978,-0.07648088,0.047709905,train,-0.029587522
2023-03-21,SPY,-0.017193342,-0.00055486336,0.016638478,train,0.033550017
2023-03-21,TLT,0.01324526,0.011560736,0.0016845241,train,0.008983789
2023-03-22,EFA,0.00014493178,-0.020318791,0.020463724,train,-0.022253888
2023-03-22,IWM,-0.0044482662,0.010278517,0.014726784,train,-0.07648088
2023-03-22,SPY,0.0026996678,0.011827208,0.0091275405,train,-0.00055486336
2023-03-22,TLT,0.0,-0.1068616,0.1068616,train,0.011560736
2023-03-23,EFA,-0.0030468274,0.09002877,0.093075596,train,-0.020318791
2023-03-23,IWM,0.009004848,-0.09256251,0.10156736,train,0.010278517
2023-03-23,SPY,0.0065406174,0.0751844,0.06864378,train,0.011827208
2023-03-23,TLT,0.0042206887,-0.033473104,0.03769379,train,-0.1068616
2023-03-24,EFA,0.009400579,-0.011575827,0.020976406,train,0.09002877
2023-03-24,IWM,0.011056858,0.020789137,0.009732279,train,-0.09256251
2023-03-24,SPY,0.0018681987,0.037062086,0.035193887,train,0.0751844
2023-03-24,TLT,-0.02377129,-0.096629485,0.0728582,train,-0.033473104
2023-03-27,EFA,0.0004318565,-0.06963398,0.07006584,train,-0.011575827
2023-03-27,IWM,-0.0014402508,-0.032219484,0.030779233,train,0.020789137
2023-03-27,SPY,-0.0022471503,-0.03291412,0.03066697,train,0.037062086
2023-03-27,TLT,0.0018190483,0.010889413,0.009070365,train,-0.096629485
2023-03-28,EFA,0.012013832,0.028434103,0.016420271,train,-0.06963398
2023-03-28,IWM,0.011293641,-0.047892123,0.059185766,train,-0.032219484
2023-03-28,SPY,0.014430026,-0.09031742,0.104747444,train,-0.03291412
2023-03-28,TLT,-0.0020108414,-0.13400283,0.131992,train,0.010889413
2023-03-29,EFA,0.011590261,-0.031013945,0.042604208,train,0.028434103
2023-03-29,IWM,-0.001369165,-0.06941793,0.06804877,train,-0.047892123
2023-03-29,SPY,0.0058383555,-0.04953579,0.055374146,train,-0.09031742
2023-03-29,TLT,0.0045905276,-0.022451304,0.027041832,train,-0.13400283
2023-03-30,EFA,0.005046242,-0.0973778,0.10242404,train,-0.031013945
2023-03-30,IWM,0.018214239,-0.10842387,0.1266381,train,-0.06941793
2023-03-30,SPY,0.013995996,-0.027130315,0.04112631,train,-0.04953579
2023-03-30,TLT,0.01487022,-0.080998205,0.09586842,train,-0.022451304
2023-03-31,EFA,0.007938098,-0.03159897,0.03953707,train,-0.0973778
2023-03-31,IWM,0.00044844567,-0.039050072,0.03949852,train,-0.10842387
2023-03-31,SPY,0.0038035696,-0.022105923,0.025909493,train,-0.027130315
2023-03-31,TLT,0.0046920027,-0.09785645,0.10254845,train,-0.080998205
