date,ticker,y_true,y_pred,abs_error,dataset_part,signal_for_trade
2015-03-31,EFA,0.007142837,0.014588331,0.0074454937,train,
2015-03-31,IWM,0.00040219678,-0.007721196,0.008123392,train,
2015-03-31,SPY,-0.0035432093,-0.0016110858,0.0019321234,train,
2015-03-31,TLT,0.01304975,-0.019293638,0.032343388,train,
2015-04-01,EFA,0.008627422,-0.02238986,0.031017283,train,0.014588331
2015-04-01,IWM,0.0018468264,0.0006389485,0.0012078779,train,-0.007721196
2015-04-01,SPY,0.0035916825,-0.015335507,0.018927189,train,-0.0016110858
2015-04-01,TLT,-0.010652484,-0.015581586,0.004929102,train,-0.019293638
2015-04-02,EFA,0.010073069,-0.02098857,0.031061638,train,-0.02238986
2015-04-02,IWM,0.004402378,-0.001853131,0.0062555093,train,0.0006389485
2015-04-02,SPY,0.0067103384,-0.01988428,0.02659462,train,-0.015335507
2015-04-02,TLT,-0.0055996114,0.00078149023,0.006381102,train,-0.015581586
2015-04-06,EFA,-0.0013674832,-0.030539202,0.029171718,train,-0.02098857
2015-04-06,IWM,-0.0064102053,0.011335936,0.017746141,train,-0.001853131
2015-04-06,SPY,-0.0026498747,0.002596733,0.0052466076,train,-0.01988428
2015-04-06,TLT,0.008349423,-0.009915738,0.018265162,train,0.00078149023
2015-04-07,EFA,0.0042489674,0.0008679691,0.0033809983,train,-0.030539202
2015-04-07,IWM,0.008564589,0.013638245,0.0050736563,train,0.011335936
2015-04-07,SPY,0.0033712147,0.0011364676,0.0022347472,train,0.002596733
2015-04-07,TLT,0.00030540756,-0.018599363,0.01890477,train,-0.009915738
2015-04-08,EFA,0.0013616891,0.0002885803,0.0010731088,train,0.0008679691
2015-04-08,IWM,-0.003592964,0.015243298,0.018836262,train,0.013638245
2015-04-08,SPY,0.004413743,0.011212806,0.006799063,train,0.0011364676
2015-04-08,TLT,-0.01304923,-0.016923813,0.0038745832,train,-0.018599363
2015-04-09,EFA,0.0019640236,0.00833723,0.006373207,train,0.0002885803
2015-04-09,IWM,0.0047877324,-0.0017573296,0.006545062,train,0.015243298
2015-04-09,SPY,0.0054423925,0.0032769467,0.0021654458,train,0.011212806
2015-04-09,TLT,0.0014668935,0.0063814325,0.004914539,train,-0.016923813
2015-04-10,EFA,-0.006358949,-0.021945363,0.015586413,train,0.00833723
2015-04-10,IWM,0.00063675706,-0.003499089,0.004135846,train,-0.0017573296
2015-04-10,SPY,-0.0045330343,0.051498573,0.056031607,train,0.0032769467
2015-04-10,TLT,0.001387902,-0.01187612,0.013264022,train,0.0063814325
2015-04-13,EFA,0.0074148006,0.018560838,0.011146037,train,-0.021945363
2015-04-13,IWM,-0.00023905096,-0.002187459,0.0019484081,train,-0.003499089
2015-04-13,SPY,0.0019112523,0.011090784,0.0091795325,train,0.051498573
2015-04-13,TLT,0.007062677,0.0013355726,0.0057271044,train,-0.01187612
2015-04-14,EFA,0.0045126635,-0.0044976557,0.009010319,train,0.018560838
2015-04-14,IWM,0.0069785267,-0.0029718268,0.009950354,train,-0.002187459
2015-04-14,SPY,0.0044768467,0.012798703,0.008321857,train,0.011090784
2015-04-14,TLT,-0.00084167084,-0.0026636182,0.0018219473,train,0.0013355726
2015-04-15,EFA,0.0026976184,-0.00075130095,0.0034489194,train,-0.0044976557
2015-04-15,IWM,-0.0005532928,0.026257135,0.026810428,train,-0.0029718268
2015-04-15,SPY,-0.00028518404,-0.0029091465,0.0026239625,train,0.012798703
2015-04-15,TLT,-0.0049893865,-0.004867539,0.00012184773,train,-0.0026636182
2015-04-16,EFA,-0.012652497,-0.01433071,0.0016782135,train,-0.00075130095
2015-04-16,IWM,-0.01634116,0.0218036,0.03814476,train,0.026257135
2015-04-16,SPY,-0.011570278,0.013439736,0.025010014,train,-0.0029091465
2015-04-16,TLT,0.011399601,-0.002730943,0.014130544,train,-0.004867539
2015-04-17,EFA,0.0010606505,-0.011586355,0.012647006,train,-0.01433071
2015-04-17,IWM,0.009756875,0.03060467,0.020847794,train,0.0218036
2015-04-17,SPY,0.009095328,0.043583214,0.03448789,train,0.013439736
2015-04-17,TLT,-0.008862926,-0.048391424,0.039528497,train,-0.002730943
2015-04-20,EFA,0.008894227,-0.019728037,0.028622264,train,-0.011586355
2015-04-20,IWM,-0.0010350336,-0.005422252,0.0043872185,train,0.03060467
2015-04-20,SPY,-0.0011917715,-0.013194322,0.01200255,train,0.043583214
2015-04-20,TLT,-0.0045391833,-0.023762885,0.019223701,train,-0.048391424
2015-04-21,EFA,0.0019494577,0.015945466,0.013996009,train,-0.019728037
2015-04-21,IWM,0.0015125953,-0.008297478,0.009810073,train,-0.005422252
2015-04-21,SPY,0.0049020764,0.02986213,0.024960054,train,-0.013194322
2015-04-21,TLT,-0.015383927,-0.0036821372,0.01170179,train,-0.023762885
2015-04-22,EFA,0.003737582,-0.0063882703,0.010125852,train,0.015945466
2015-04-22,IWM,0.0045238975,-0.0019755105,0.006499408,train,-0.008297478
2015-04-22,SPY,0.0025130115,0.012464927,0.009951916,train,0.02986213
2015-04-22,TLT,0.004296951,-0.003515341,0.0078122923,train,-0.0036821372
2015-04-23,EFA,0.005803142,-0.016782783,0.022585925,train,-0.0063882703
2015-04-23,IWM,-0.0033315488,0.009528396,0.012859944,train,-0.0019755105
2015-04-23,SPY,0.0023179606,0.011097977,0.008780017,train,0.012464927
2015-04-23,TLT,0.0062178615,-0.022273451,0.028491313,train,-0.003515341
2015-04-24,EFA,0.004884178,-0.00053288066,0.0054170582,train,-0.016782783
2015-04-24,IWM,-0.011105171,0.009336706,0.020441879,train,0.009528396
2015-04-24,SPY,-0.004166606,-0.013531988,0.009365382,train,0.011097977
2015-04-24,TLT,0.0,0.02491381,0.02491381,train,-0.022273451
2015-04-27,EFA,0.0011801573,-0.004256687,0.005436844,train,-0.00053288066
2015-04-27,IWM,0.0055281334,0.030002577,0.024474444,train,0.009336706
2015-04-27,SPY,0.0031738644,0.020539297,0.017365433,train,-0.013531988
2015-04-27,TLT,-0.01388695,-0.0085457945,0.0053411555,train,0.02491381
2015-04-28,EFA,-0.0087383855,-0.0046534287,0.004084957,train,-0.004256687
2015-04-28,IWM,-0.0109258285,0.00997328,0.02089911,train,0.030002577
2015-04-28,SPY,-0.004123404,0.010765073,0.014888477,train,0.020539297
2015-04-28,TLT,-0.012330998,-0.0011019341,0.011229063,train,-0.0085457945
2015-04-29,EFA,-0.010618754,0.008736483,0.019355237,train,-0.0046534287
2015-04-29,IWM,-0.02139007,0.01061202,0.03200209,train,0.00997328
2015-04-29,SPY,-0.010070662,0.015451134,0.025521796,train,0.010765073
2015-04-29,TLT,0.0017479669,-0.0039922614,0.005740228,train,-0.0011019341
2015-04-30,EFA,0.011064598,0.014756943,0.0036923448,train,0.008736483
2015-04-30,IWM,0.0064981584,0.029199386,0.022701228,train,0.01061202
2015-04-30,SPY,0.010782967,-0.010292421,0.021075388,train,0.015451134
2015-04-30,TLT,-0.013552742,-0.020793365,0.0072406232,train,-0.0039922614
2015-05-01,EFA,-0.0010413998,0.0013139441,0.002355344,train,0.014756943
2015-05-01,IWM,0.003600689,-0.007898838,0.011499527,train,0.029199386
2015-05-01,SPY,0.0028435492,0.010153804,0.0073102545,train,-0.010292421
2015-05-01,TLT,-0.009480375,-0.030509474,0.0210291,train,-0.020793365
2015-05-04,EFA,-0.014997351,0.004741393,0.019738745,train,0.0013139441
2015-05-04,IWM,-0.012825892,-0.017895015,0.0050691226,train,-0.007898838
2015-05-04,SPY,-0.011518309,0.018484987,0.030003296,train,0.010153804
2015-05-04,TLT,-0.0013844747,-0.010505601,0.0091211265,train,-0.030509474
2015-05-05,EFA,0.0025654302,-0.007837693,0.010403124,train,0.004741393
2015-05-05,IWM,0.0034692055,-0.0006918467,0.0041610524,train,-0.017895015
2015-05-05,SPY,-0.004125282,0.0067649316,0.010890214,train,0.018484987
2015-05-05,TLT,-0.017268885,-0.04072635,0.023457464,train,-0.010505601
2015-05-06,EFA,-0.0033211948,-0.0075568045,0.0042356094,train,-0.007837693
2015-05-06,IWM,0.0037862118,-0.008703108,0.01248932,train,-0.0006918467
2015-05-06,SPY,0.0039817435,-0.017296817,0.02127856,train,0.0067649316
2015-05-06,TLT,0.013347779,-0.032165498,0.045513276,train,-0.04072635
2015-05-07,EFA,0.022872727,-0.0005941747,0.023466902,train,-0.0075568045
2015-05-07,IWM,0.007447813,0.007175049,0.00027276436,train,-0.008703108
2015-05-07,SPY,0.013080379,0.019990923,0.006910544,train,-0.017296817
2015-05-07,TLT,0.0026970608,-0.021967653,0.024664715,train,-0.032165498
2015-05-08,EFA,-0.008758314,-0.05264862,0.043890305,train,-0.0005941747
2015-05-08,IWM,0.0005706122,0.011324859,0.010754247,train,0.007175049
2015-05-08,SPY,-0.004784319,0.014275006,0.019059325,train,0.019990923
2015-05-08,TLT,-0.024625676,-0.005885871,0.018739805,train,-0.021967653
2015-05-11,EFA,-0.0005964937,0.0019613581,0.0025578518,train,-0.05264862
2015-05-11,IWM,-0.0017946447,-0.0007415507,0.001053094,train,0.011324859
2015-05-11,SPY,-0.0029956684,-0.033318922,0.030323254,train,0.014275006
2015-05-11,TLT,0.0025909208,-0.027856717,0.030447638,train,-0.005885871
2015-05-12,EFA,0.007431696,-0.0024139092,0.009845605,train,0.0019613581
2015-05-12,IWM,0.0,0.0017986919,0.0017986919,train,-0.0007415507
2015-05-12,SPY,0.00019051383,0.012069934,0.01187942,train,-0.033318922
2015-05-12,TLT,-0.008043983,0.009779169,0.017823152,train,-0.027856717
2015-05-13,EFA,0.01192324,-0.0033276195,0.015250859,train,-0.0024139092
2015-05-13,IWM,0.010557441,-0.0019952112,0.0125526525,train,0.0017986919
2015-05-13,SPY,0.010373707,0.004723698,0.005650009,train,0.012069934
2015-05-13,TLT,0.002688409,-0.004107981,0.00679639,train,0.009779169
2015-05-14,EFA,0.001169861,0.006734398,0.0055645374,train,-0.0033276195
2015-05-14,IWM,-0.001131443,-0.0056713894,0.0045399466,train,-0.0019952112
2015-05-14,SPY,0.001083093,-0.021699868,0.02278296,train,0.004723698
2015-05-14,TLT,0.019852394,0.011161518,0.008690876,train,-0.004107981
2015-05-15,EFA,-0.0033672296,-0.014865217,0.011497987,train,0.006734398
2015-05-15,IWM,0.011258426,0.0011209713,0.010137455,train,-0.0056713894
2015-05-15,SPY,0.0031019975,0.007991414,0.004889416,train,-0.021699868
2015-05-15,TLT,-0.016919915,-0.0043085655,0.012611349,train,0.011161518
2015-05-18,EFA,-0.003820103,0.0014772515,0.0052973544,train,-0.014865217
2015-05-18,IWM,-0.0013606697,-0.0024764512,0.0011157815,train,0.0011209713
2015-05-18,SPY,-0.00032875343,-0.0043251747,0.003996421,train,0.007991414
2015-05-18,TLT,-0.008906071,-0.007971752,0.00093431864,train,-0.0043085655
2015-05-19,EFA,0.0019118757,-0.008078792,0.009990668,train,0.0014772515
2015-05-19,IWM,0.0018401009,-0.022185117,0.024025219,train,-0.0024764512
2015-05-19,SPY,-0.0007041483,-0.014351887,0.013647739,train,-0.0043251747
2015-05-19,TLT,0.0016861766,0.003941535,0.0022553583,train,-0.007971752
2015-05-20,EFA,0.005275457,-0.013788887,0.019064344,train,-0.008078792
2015-05-20,IWM,-0.0011194992,0.012449991,0.01356949,train,-0.022185117
2015-05-20,SPY,0.0029082228,-0.01900501,0.021913232,train,-0.014351887
2015-05-20,TLT,0.013889091,0.01381711,7.198099e-05,train,0.003941535
2015-05-21,EFA,-0.0064515094,0.0020305698,0.008482079,train,-0.013788887
2015-05-21,IWM,-0.004330361,0.035900455,0.040230814,train,0.012449991
2015-05-21,SPY,-0.002392068,-0.005261192,0.002869124,train,-0.01900501
2015-05-21,TLT,0.00041533576,0.013168906,0.01275357,train,0.01381711
2015-05-22,EFA,-0.01810921,0.0059483866,0.024057597,train,0.0020305698
2015-05-22,IWM,-0.009609686,-0.010725785,0.0011160988,train,0.035900455
2015-05-22,SPY,-0.010809638,-0.0151586635,0.004349026,train,-0.005261192
2015-05-22,TLT,0.016964635,-0.0041665295,0.021131165,train,0.013168906
2015-05-26,EFA,0.009689121,-0.0075563574,0.017245479,train,0.0059483866
2015-05-26,IWM,0.0121782385,0.0068521574,0.005326081,train,-0.010725785
2015-05-26,SPY,0.009447369,0.026929498,0.017482128,train,-0.0151586635
2015-05-26,TLT,0.0022846553,-0.008883362,0.011168017,train,-0.0041665295
2015-05-27,EFA,-0.0017818238,0.014169742,0.015951566,train,-0.0075563574
2015-05-27,IWM,-0.000882211,-0.009825528,0.0089433165,train,0.0068521574
2015-05-27,SPY,-0.0011287797,-0.004477307,0.0033485275,train,0.026929498
2015-05-27,TLT,-0.0024474058,0.015342074,0.01778948,train,-0.008883362
2015-05-28,EFA,-0.009706802,0.00010837219,0.009815174,train,0.014169742
2015-05-28,IWM,-0.0060355347,-0.0039541367,0.002081398,train,-0.009825528
2015-05-28,SPY,-0.006232597,-0.015781837,0.00954924,train,-0.004477307
2015-05-28,TLT,0.0022024089,0.017820476,0.015618067,train,0.015342074
2015-05-29,EFA,-0.0027047475,0.010603073,0.013307821,train,0.00010837219
2015-05-29,IWM,0.0031430635,0.0065533035,0.00341024,train,-0.0039541367
2015-05-29,SPY,0.0020346136,0.006435534,0.00440092,train,-0.015781837
2015-05-29,TLT,-0.010805558,0.019437278,0.030242836,train,0.017820476
2015-06-01,EFA,0.004653597,0.003281784,0.0013718128,train,0.010603073
2015-06-01,IWM,0.0019291964,0.0020187667,8.95703e-05,train,0.0065533035
2015-06-01,SPY,-0.0009930306,0.010764593,0.011757623,train,0.006435534
2015-06-01,TLT,-0.014050067,0.017734138,0.031784207,train,0.019437278
2015-06-02,EFA,0.0055261,-0.0060640303,0.011590131,train,0.003281784
2015-06-02,IWM,0.009908863,0.013230793,0.0033219298,train,0.0020187667
2015-06-02,SPY,0.0026459224,-0.008489507,0.011135429,train,0.010764593
2015-06-02,TLT,-0.016206061,0.011514795,0.027720857,train,0.017734138
2015-06-03,EFA,-0.010781667,-0.009047688,0.0017339792,train,-0.0060640303
2015-06-03,IWM,-0.010069593,0.011149008,0.021218602,train,0.013230793
2015-06-03,SPY,-0.008482554,0.024515308,0.03299786,train,-0.008489507
2015-06-03,TLT,0.01293503,0.013074686,0.00013965555,train,0.011514795
2015-06-04,EFA,-0.011965402,0.023459833,0.035425235,train,-0.009047688
2015-06-04,IWM,0.0072029885,-0.0039711418,0.01117413,train,0.011149008
2015-06-04,SPY,-0.0017145107,-0.00015533646,0.0015591743,train,0.024515308
2015-06-04,TLT,-0.012254497,-0.03869918,0.026444683,train,0.013074686
2015-06-05,EFA,-0.0013720702,0.029846309,0.03121838,train,0.023459833
2015-06-05,IWM,-0.004635949,0.0046414267,0.009277375,train,-0.0039711418
2015-06-05,SPY,-0.006168771,-0.0027056404,0.0034631307,train,-0.00015533646
2015-06-05,TLT,-0.0011059168,0.011536728,0.012642644,train,-0.03869918
2015-06-08,EFA,-0.0055079944,0.01610121,0.021609204,train,0.029846309
2015-06-08,IWM,-0.0030489608,-0.01532675,0.012277789,train,0.0046414267
2015-06-08,SPY,-0.00014356455,-0.012259348,0.012115784,train,-0.0027056404
2015-06-08,TLT,-0.007947877,-0.021196513,0.013248635,train,0.011536728
2015-06-09,EFA,0.020800844,0.03688384,0.016082995,train,0.01610121
2015-06-09,IWM,0.0123791,-0.0034677538,0.015846854,train,-0.01532675
2015-06-09,SPY,0.011921717,-0.022672834,0.03459455,train,-0.012259348
2015-06-09,TLT,-0.008791728,-0.052840278,0.044048548,train,-0.021196513
2015-06-10,EFA,0.0027011733,0.008975797,0.006274624,train,0.03688384
2015-06-10,IWM,0.0025364396,-0.0011046298,0.0036410694,train,-0.0034677538
2015-06-10,SPY,0.003218618,0.002142143,0.001076475,train,-0.022672834
2015-06-10,TLT,0.020817691,0.0024202918,0.0183974,train,-0.052840278
2015-06-11,EFA,-0.007974239,0.06370393,0.07167817,train,0.008975797
2015-06-11,IWM,-0.003013149,0.015729822,0.018742971,train,-0.0011046298
2015-06-11,SPY,-0.007684578,0.016166558,0.023851138,train,0.002142143
2015-06-11,TLT,0.0,-0.0058369227,0.0058369227,train,0.0024202918
2015-06-12,EFA,-0.006060812,-0.005139037,0.0009217751,train,0.06370393
2015-06-12,IWM,-0.003181247,-0.0014654289,0.0017158182,train,0.015729822
2015-06-12,SPY,-0.0042946516,-0.010786955,0.0064923037,train,0.016166558
2015-06-12,TLT,0.0016101549,0.015981728,0.014371573,train,-0.0058369227
2015-06-15,EFA,-0.0003038385,0.016278202,0.01658204,train,-0.005139037
2015-06-15,IWM,0.007064809,0.010559562,0.0034947526,train,-0.0014654289
2015-06-15,SPY,0.0054368535,-0.033386707,0.03882356,train,-0.010786955
2015-06-15,TLT,0.007840483,0.012086035,0.0042455513,train,0.015981728
2015-06-16,EFA,-0.0022830633,0.044921845,0.047204908,train,0.016278202
2015-06-16,IWM,-0.0015038853,0.002442294,0.0039461795,train,0.010559562
2015-06-16,SPY,0.0016157445,0.022239825,0.02062408,train,-0.033386707
2015-06-16,TLT,-0.0077571035,0.022093786,0.029850889,train,0.012086035
2015-06-17,EFA,0.008949785,-0.004063179,0.013012963,train,0.044921845
2015-06-17,IWM,0.013299106,0.0068995478,0.006399558,train,0.002442294
2015-06-17,SPY,0.010345689,-0.0025103085,0.012855997,train,0.022239825
2015-06-17,TLT,-0.004920514,-0.03204668,0.027126165,train,0.022093786
2015-06-18,EFA,-0.0024192028,-0.004654548,0.0022353453,train,-0.004063179
2015-06-18,IWM,-0.0004688971,0.018411007,0.018879903,train,0.0068995478
2015-06-18,SPY,-0.0044488823,-0.006897497,0.0024486147,train,-0.0025103085
2015-06-18,TLT,0.012761548,-0.0035400281,0.016301576,train,-0.03204668
2015-06-19,EFA,0.018745283,0.009743633,0.00900165,train,-0.004654548
2015-06-19,IWM,0.0068588587,0.0057376083,0.0011212504,train,0.018411007
2015-06-19,SPY,0.0051096305,-0.024753118,0.029862748,train,-0.006897497
2015-06-19,TLT,-0.02061722,0.041219436,0.061836656,train,-0.0035400281
2015-06-22,EFA,0.0026707153,0.0103278095,0.007657094,train,0.009743633
2015-06-22,IWM,0.0020951375,0.019821888,0.017726751,train,0.0057376083
2015-06-22,SPY,0.0007077059,0.021627927,0.02092022,train,-0.024753118
2015-06-22,TLT,-0.0060193916,-0.0031824384,0.0028369532,train,0.041219436
2015-06-23,EFA,-0.008630651,0.013726128,0.022356778,train,0.0103278095
2015-06-23,IWM,-0.008485099,0.01137104,0.01985614,train,0.019821888
2015-06-23,SPY,-0.007289168,0.027154302,0.03444347,train,0.021627927
2015-06-23,TLT,0.008587581,-0.032655984,0.041243564,train,-0.0031824384
2015-06-24,EFA,-0.00044116544,-0.01735943,0.016918264,train,0.013726128
2015-06-24,IWM,-0.0005475032,-0.01405952,0.013512017,train,0.01137104
2015-06-24,SPY,-0.0030450758,-0.009157447,0.0061123716,train,0.027154302
2015-06-24,TLT,-0.0035115022,-0.024382142,0.02087064,train,-0.032655984
2015-06-25,EFA,-0.0004561255,0.0070084436,0.007464569,train,-0.01735943
2015-06-25,IWM,-0.0027410567,0.015584071,0.018325128,train,-0.01405952
2015-06-25,SPY,-0.00019060378,-0.0031118693,0.0029212655,train,-0.009157447
2015-06-25,TLT,-0.01130537,0.011991962,0.023297332,train,-0.024382142
2015-06-26,EFA,-0.031209175,0.0053472416,0.036556415,train,0.0070084436
2015-06-26,IWM,-0.025579158,0.003989671,0.029568829,train,0.015584071
2015-06-26,SPY,-0.021193322,-0.0143733835,0.0068199383,train,-0.0031118693
2015-06-26,TLT,0.026125202,0.010228859,0.015896343,train,0.011991962
2015-06-29,EFA,-0.0036161514,-0.013105591,0.009489439,train,0.0053472416
2015-06-29,IWM,0.0046559046,0.0007362196,0.0039196853,train,0.003989671
2015-06-29,SPY,0.0020913552,0.008180425,0.0060890694,train,-0.0143733835
2015-06-29,TLT,-0.006957123,0.036190234,0.043147355,train,0.010228859
2015-06-30,EFA,0.0064369766,-0.020254783,0.02669176,train,-0.013105591
2015-06-30,IWM,0.0029591715,-0.0073015224,0.010260694,train,0.0007362196
2015-06-30,SPY,0.007983533,-0.008233075,0.016216608,train,0.008180425
2015-06-30,TLT,-0.013589499,-0.02350777,0.009918272,train,0.036190234
2015-07-01,EFA,0.0012514299,-0.016610706,0.017862136,train,-0.020254783
2015-07-01,IWM,-0.007413282,-0.0016054821,0.0058078,train,-0.0073015224
2015-07-01,SPY,-0.00091637025,0.022207908,0.02312428,train,-0.008233075
2015-07-01,TLT,0.0032809742,0.014634474,0.0113535,train,-0.02350777
2015-07-02,EFA,-0.020368928,0.021068161,0.04143709,train,-0.016610706
2015-07-02,IWM,-0.0003231025,0.009249593,0.009572696,train,-0.0016054821
2015-07-02,SPY,-0.0028497067,0.01841602,0.021265727,train,0.022207908
2015-07-02,TLT,0.01836434,-0.005913724,0.024278063,train,0.014634474
2015-07-06,EFA,0.00031923104,0.045363758,0.045044526,train,0.021068161
2015-07-06,IWM,0.0011306494,-0.017977225,0.019107874,train,0.009249593
2015-07-06,SPY,0.0062690843,0.0042617945,0.0020072898,train,0.01841602
2015-07-06,TLT,0.009351342,0.0214181,0.012066758,train,-0.005913724
2015-07-07,EFA,-0.023557326,-0.021301718,0.0022556074,train,0.045363758
2015-07-07,IWM,-0.015374348,-0.00096863625,0.014405712,train,-0.017977225
2015-07-07,SPY,-0.016919736,-0.0058186287,0.011101107,train,0.0042617945
2015-07-07,TLT,0.008599603,-0.017270923,0.025870524,train,0.0214181
2015-07-08,EFA,0.01635545,0.007309965,0.0090454845,train,-0.021301718
2015-07-08,IWM,0.00360064,0.037173524,0.033572886,train,-0.00096863625
2015-07-08,SPY,0.0018073792,-0.0029035194,0.0047108987,train,-0.0058186287
2015-07-08,TLT,-0.019899007,-0.017119816,0.0027791914,train,-0.017270923
2015-07-09,EFA,0.03224048,-0.049507223,0.0817477,train,0.007309965
2015-07-09,IWM,0.01378962,-0.0069481423,0.020737763,train,0.037173524
2015-07-09,SPY,0.012512749,0.024911748,0.012398999,train,-0.0029035194
2015-07-09,TLT,-0.015985837,0.017430691,0.03341653,train,-0.017119816
2015-07-10,EFA,0.003725595,-0.02256482,0.026290415,train,-0.049507223
2015-07-10,IWM,0.011215626,-0.0059197266,0.017135352,train,-0.0069481423
2015-07-10,SPY,0.010976838,-0.009619136,0.020595975,train,0.024911748
2015-07-10,TLT,-0.003106711,-0.008769241,0.00566253,train,0.017430691
2015-07-13,EFA,0.008332024,-0.0132862115,0.021618236,train,-0.02256482
2015-07-13,IWM,0.0055609224,0.0025632752,0.0029976473,train,-0.0059197266
2015-07-13,SPY,0.004328755,-0.021449972,0.025778728,train,-0.009619136
2015-07-13,TLT,0.0032791696,-0.010963687,0.014242856,train,-0.008769241
2015-07-14,EFA,-0.003694625,0.04840508,0.052099705,train,-0.0132862115
2015-07-14,IWM,-0.005322337,0.015403436,0.020725772,train,0.0025632752
2015-07-14,SPY,-0.0003326492,0.022334153,0.022666803,train,-0.021449972
2015-07-14,TLT,0.010541332,0.03248348,0.02194215,train,-0.010963687
2015-07-15,EFA,0.008599654,-0.03157673,0.040176384,train,0.04840508
2015-07-15,IWM,0.0059558353,-0.027714452,0.033670288,train,0.015403436
2015-07-15,SPY,0.007992301,0.0063585294,0.0016337717,train,0.022334153
2015-07-15,TLT,0.006881925,0.0064613335,0.00042059133,train,0.03248348
2015-07-16,EFA,-0.001683431,-0.0057118284,0.0040283976,train,-0.03157673
2015-07-16,IWM,-0.004364053,-0.007060997,0.0026969444,train,-0.027714452
2015-07-16,SPY,0.00084780477,-0.026128992,0.026976798,train,0.0063585294
2015-07-16,TLT,0.0051514753,-0.014947367,0.020098843,train,0.0064613335
2015-07-17,EFA,0.0026005306,0.039209463,0.03660893,train,-0.0057118284
2015-07-17,IWM,-0.0054216604,-0.013034166,0.0076125055,train,-0.007060997
2015-07-17,SPY,0.00051736395,0.032228243,0.031710878,train,-0.026128992
2015-07-17,TLT,-0.0042207553,-0.021961575,0.01774082,train,-0.014947367
2015-07-20,EFA,-0.002906986,0.0019372131,0.004844199,train,0.039209463
2015-07-20,IWM,-0.0047280784,-0.0021694612,0.0025586172,train,-0.013034166
2015-07-20,SPY,-0.003958899,0.049952276,0.053911176,train,0.032228243
2015-07-20,TLT,0.005399364,-0.0062895836,0.011688948,train,-0.021961575
2015-07-21,EFA,-0.0076900627,0.01810511,0.025795173,train,0.0019372131
2015-07-21,IWM,0.0036881692,-0.012614992,0.016303161,train,-0.0021694612
2015-07-21,SPY,-0.001796402,0.010945478,0.0127418805,train,0.049952276
2015-07-21,TLT,0.0062063793,-0.009370349,0.015576729,train,-0.0062895836
2015-07-22,EFA,-0.0026277895,0.011545147,0.014172936,train,0.01810511
2015-07-22,IWM,-0.011105851,-0.014939454,0.003833603,train,-0.012614992
2015-07-22,SPY,-0.0056458632,0.054157555,0.05980342,train,0.010945478
2015-07-22,TLT,0.012381076,-0.04095241,0.053333487,train,-0.009370349
2015-07-23,EFA,-0.0110517135,0.009032306,0.02008402,train,0.011545147
2015-07-23,IWM,-0.016235081,-0.005931127,0.010303955,train,-0.014939454
2015-07-23,SPY,-0.010426088,0.022109758,0.032535847,train,0.054157555
2015-07-23,TLT,0.0024744233,-0.03308958,0.035564,train,-0.04095241
2015-07-24,EFA,-0.0073836236,-0.0442997,0.036916077,train,0.009032306
2015-07-24,IWM,-0.00834236,0.007978917,0.016321277,train,-0.005931127
2015-07-24,SPY,-0.005834434,-0.004067866,0.001766568,train,0.022109758
2015-07-24,TLT,0.0053405324,-0.017442234,0.022782765,train,-0.03308958
2015-07-27,EFA,0.012535553,-0.017025061,0.029560614,train,-0.0442997
2015-07-27,IWM,0.008506471,-0.016036265,0.024542736,train,0.007978917
2015-07-27,SPY,0.01220822,-0.013833434,0.026041653,train,-0.004067866
2015-07-27,TLT,-0.0073196148,-0.043119296,0.035799682,train,-0.017442234
2015-07-28,EFA,0.003574877,-0.0869598,0.09053468,train,-0.017025061
2015-07-28,IWM,0.0027924401,-0.013590465,0.016382905,train,-0.016036265
2015-07-28,SPY,0.0068560275,0.006823129,3.2898504e-05,train,-0.013833434
2015-07-28,TLT,-0.0037208833,-0.0043041604,0.0005832771,train,-0.043119296
2015-07-29,EFA,-0.00077598373,-0.08408861,0.08331262,train,-0.0869598
2015-07-29,IWM,0.002866146,-0.010169883,0.013036029,train,-0.013590465
2015-07-29,SPY,0.00023689456,0.025374409,0.025137514,train,0.006823129
2015-07-29,TLT,0.007675558,-0.010830257,0.018505815,train,-0.0043041604
2015-07-30,EFA,0.005883103,-0.031729646,0.037612747,train,-0.08408861
2015-07-30,IWM,0.005463695,-0.006202654,0.011666349,train,-0.010169883
2015-07-30,SPY,-0.0015191541,0.011305418,0.012824572,train,0.025374409
2015-07-30,TLT,0.0073722186,-0.024165256,0.031537473,train,-0.010830257
2015-07-31,EFA,-0.002627383,0.021771703,0.024399087,train,-0.031729646
2015-07-31,IWM,-0.0049732286,0.009158366,0.014131594,train,-0.006202654
2015-07-31,SPY,-0.0033787647,0.0009812459,0.004360011,train,0.011305418
2015-07-31,TLT,0.010471179,-0.008887736,0.019358914,train,-0.024165256
2015-08-03,EFA,0.0007732216,0.00724502,0.0064717983,train,0.021771703
2015-08-03,IWM,-0.0023728914,-0.0056982785,0.0033253871,train,0.009158366
2015-08-03,SPY,-0.0019559576,-0.012085869,0.010129912,train,0.0009812459
2015-08-03,TLT,-0.007963628,-0.024884975,0.016921347,train,-0.008887736
2015-08-04,EFA,0.005244794,0.003875953,0.0013688409,train,0.00724502
2015-08-04,IWM,0.0022910207,0.0023608387,6.9817994e-05,train,-0.0056982785
2015-08-04,SPY,0.0032901324,0.007390972,0.0041008396,train,-0.012085869
2015-08-04,TLT,-0.007534239,0.00074874493,0.008282984,train,-0.024884975
2015-08-05,EFA,-0.004162581,0.0062447693,0.010407351,train,0.003875953
2015-08-05,IWM,-0.013578614,0.0026438262,0.01622244,train,0.0023608387
2015-08-05,SPY,-0.008221819,-0.007808584,0.00041323528,train,0.007390972
2015-08-05,TLT,0.008838427,-0.0012877879,0.010126215,train,0.00074874493
2015-08-06,EFA,-0.001855434,-0.010917014,0.0090615805,train,0.0062447693
2015-08-06,IWM,-0.0067340704,0.005427615,0.012161685,train,0.0026438262
2015-08-06,SPY,-0.0019215137,0.0012870801,0.003208594,train,-0.007808584
2015-08-06,TLT,0.013033221,-0.020267619,0.03330084,train,-0.0012877879
2015-08-07,EFA,0.012152909,-0.004489825,0.016642734,train,-0.010917014
2015-08-07,IWM,0.01144582,-0.012759932,0.024205752,train,0.005427615
2015-08-07,SPY,0.012520313,-0.015044018,0.027564332,train,0.0012870801
2015-08-07,TLT,-0.012462458,-0.02125859,0.008796133,train,-0.020267619
2015-08-10,EFA,-0.01540863,-0.016110945,0.00070231594,train,-0.004489825
2015-08-10,IWM,-0.008613954,0.008411899,0.017025854,train,-0.012759932
2015-08-10,SPY,-0.0090639815,-0.0051101204,0.003953861,train,-0.015044018
2015-08-10,TLT,0.015754687,0.014490106,0.0012645805,train,-0.02125859
2015-08-11,EFA,-0.007168485,0.0031574715,0.010325956,train,-0.016110945
2015-08-11,IWM,-0.0019149419,0.02530711,0.027222052,train,0.008411899
2015-08-11,SPY,0.0011974756,-0.010347026,0.011544502,train,-0.0051101204
2015-08-11,TLT,-0.005466241,-0.02960437,0.024138128,train,0.014490106
2015-08-12,EFA,-0.00062587013,0.011729318,0.012355188,train,0.0031574715
2015-08-12,IWM,-0.0033391311,0.008228938,0.011568069,train,0.02530711
2015-08-12,SPY,-0.001245024,-0.024774624,0.0235296,train,-0.010347026
2015-08-12,TLT,-0.0032291007,0.022809535,0.026038636,train,-0.02960437
2015-08-13,EFA,0.0015637387,-0.012913887,0.014477626,train,0.011729318
2015-08-13,IWM,0.006417954,-0.001564055,0.007982009,train,0.008228938
2015-08-13,SPY,0.0036355949,-0.0088270875,0.012462682,train,-0.024774624
2015-08-13,TLT,0.0023420837,-0.0068066595,0.009148743,train,0.022809535
2015-08-14,EFA,-0.0018763738,0.01522844,0.017104814,train,-0.012913887
2015-08-14,IWM,0.010496699,0.004080063,0.006416636,train,-0.001564055
2015-08-14,SPY,0.005571291,-0.0044378145,0.010009105,train,-0.0088270875
2015-08-14,TLT,0.0045072334,-0.014201355,0.018708589,train,-0.0068066595
2015-08-17,EFA,-0.0075427857,-0.0007011972,0.0068415888,train,0.01522844
2015-08-17,IWM,-0.008007096,-0.0073506497,0.00065644644,train,0.004080063
2015-08-17,SPY,-0.0029010556,0.0010467542,0.00394781,train,-0.0044378145
2015-08-17,TLT,-0.007901266,-0.038006563,0.030105297,train,-0.014201355
2015-08-18,EFA,-0.008872143,-0.00087973685,0.007992406,train,-0.0007011972
2015-08-18,IWM,-0.0104134595,0.025923537,0.036336996,train,-0.0073506497
2015-08-18,SPY,-0.007936933,-0.012085624,0.004148691,train,0.0010467542
2015-08-18,TLT,0.009826887,0.014859245,0.0050323578,train,-0.038006563
2015-08-19,EFA,-0.024485517,-0.0081629,0.016322616,train,-0.00087973685
2015-08-19,IWM,-0.02561675,0.010611077,0.036227826,train,0.025923537
2015-08-19,SPY,-0.021102354,0.022410287,0.043512642,train,-0.012085624
2015-08-19,TLT,0.01004892,-0.04013943,0.050188348,train,0.014859245
2015-08-20,EFA,-0.023095787,-0.010267297,0.01282849,train,-0.0081629
2015-08-20,IWM,-0.011753591,0.018671907,0.030425498,train,0.010611077
2015-08-20,SPY,-0.030564774,-0.053551085,0.022986311,train,0.022410287
2015-08-20,TLT,0.003011148,-0.0100857215,0.013096869,train,-0.04013943
2015-08-21,EFA,-0.03515695,0.019746367,0.054903317,train,-0.010267297
2015-08-21,IWM,-0.039815404,0.01371416,0.053529564,train,0.018671907
2015-08-21,SPY,-0.04301927,0.004268027,0.047287297,train,-0.053551085
2015-08-21,TLT,-0.00031670582,-0.029055877,0.028739171,train,-0.0100857215
2015-08-24,EFA,0.009462492,0.012893631,0.0034311395,train,0.019746367
2015-08-24,IWM,-0.007719246,0.016703002,0.024422249,train,0.01371416
2015-08-24,SPY,-0.011837297,-0.009247617,0.0025896803,train,0.004268027
2015-08-24,TLT,-0.01619538,-0.0115438895,0.0046514897,train,-0.029055877
2015-08-25,EFA,0.023355251,-0.03312369,0.05647894,train,0.012893631
2015-08-25,IWM,0.02511733,-0.049749754,0.074867085,train,0.016703002
2015-08-25,SPY,0.037674736,-0.0825235,0.120198235,train,-0.009247617
2015-08-25,TLT,-0.019492049,-0.019560698,6.864965e-05,train,-0.0115438895
2015-08-26,EFA,0.012137569,-0.08429213,0.0964297,train,-0.03312369
2015-08-26,IWM,0.01771194,-0.05614905,0.07386099,train,-0.049749754
2015-08-26,SPY,0.024434136,-0.023140753,0.04757489,train,-0.0825235
2015-08-26,TLT,0.00057342194,-0.011667796,0.012241218,train,-0.019560698
2015-08-27,EFA,-0.0014886952,-0.028005483,0.026516788,train,-0.08429213
2015-08-27,IWM,0.00982115,0.0044495733,0.005371577,train,-0.05614905
2015-08-27,SPY,5.0154427e-05,0.011982798,0.011932643,train,-0.023140753
2015-08-27,TLT,0.0029469212,0.009483779,0.0065368577,train,-0.011667796
2015-08-28,EFA,-0.0074756895,0.0042606285,0.0117363185,train,-0.028005483
2015-08-28,IWM,-0.0036389078,0.08961621,0.09325512,train,0.0044495733
2015-08-28,SPY,-0.008111858,0.085748084,0.09385994,train,0.011982798
2015-08-28,TLT,-0.0077118566,0.050379623,0.05809148,train,0.009483779
2015-08-31,EFA,-0.034091376,-0.037057586,0.0029662102,train,0.0042606285
2015-08-31,IWM,-0.029064324,0.029373458,0.05843778,train,0.08961621
2015-08-31,SPY,-0.030302,0.028031481,0.05833348,train,0.085748084
2015-08-31,TLT,0.0071797236,-0.0018236593,0.009003383,train,0.050379623
2015-09-01,EFA,0.014728708,-0.09390228,0.10863099,train,-0.037057586
2015-09-01,IWM,0.017803013,0.017573398,0.00022961572,train,0.029373458
2015-09-01,SPY,0.018803218,0.034544937,0.015741719,train,0.028031481
2015-09-01,TLT,-0.008641729,0.021116067,0.029757796,train,-0.0018236593
2015-09-02,EFA,0.0023775166,-0.022510616,0.024888132,train,-0.09390228
2015-09-02,IWM,-0.0015810526,0.019063879,0.020644931,train,0.017573398
2015-09-02,SPY,0.0007160728,0.029118652,0.028402578,train,0.034544937
2015-09-02,TLT,0.00486484,-0.015751932,0.020616772,train,0.021116067
2015-09-03,EFA,-0.023163108,0.026042666,0.049205773,train,-0.022510616
2015-09-03,IWM,-0.0075904215,0.016057694,0.023648117,train,0.019063879
2015-09-03,SPY,-0.015252706,-0.027854152,0.012601446,train,0.029118652
2015-09-03,TLT,0.009088913,-0.025918085,0.035007,train,-0.015751932
2015-09-04,EFA,0.028912965,0.049667694,0.020754728,train,0.026042666
2015-09-04,IWM,0.022600655,-0.00664181,0.029242463,train,0.016057694
2015-09-04,SPY,0.024820365,-0.0825474,0.10736776,train,-0.027854152
2015-09-04,TLT,-0.014863396,-0.014649575,0.00021382142,train,-0.025918085
2015-09-08,EFA,-0.004055386,0.0515463,0.055601686,train,0.049667694
2015-09-08,IWM,-0.011587044,0.009570344,0.021157388,train,-0.00664181
2015-09-08,SPY,-0.013461999,-0.01603836,0.0025763614,train,-0.0825474
2015-09-08,TLT,0.0047868392,-0.03640565,0.041192487,train,-0.014649575
2015-09-09,EFA,0.0065818615,0.056177747,0.049595885,train,0.0515463
2015-09-09,IWM,0.0045463275,0.010212415,0.0056660874,train,0.009570344
2015-09-09,SPY,0.005427016,-0.041376386,0.0468034,train,-0.01603836
2015-09-09,TLT,-0.00677456,-0.01406847,0.0072939103,train,-0.03640565
2015-09-10,EFA,-0.00016818086,0.057462763,0.057630945,train,0.056177747
2015-09-10,IWM,0.0046991627,0.018469729,0.013770565,train,0.010212415
2015-09-10,SPY,0.004534484,-0.018368715,0.0229032,train,-0.041376386
2015-09-10,TLT,0.00628033,-0.031611573,0.037891902,train,-0.01406847
2015-09-11,EFA,-0.0075994995,0.047522157,0.055121657,train,0.057462763
2015-09-11,IWM,-0.004612022,0.014984333,0.019596355,train,0.018469729
2015-09-11,SPY,-0.0037175696,-0.03491482,0.031197252,train,-0.018368715
2015-09-11,TLT,0.0015638763,0.020630943,0.019067066,train,-0.031611573
2015-09-14,EFA,0.006757996,0.0032017014,0.0035562946,train,0.047522157
2015-09-14,IWM,0.011188876,0.023278836,0.01208996,train,0.014984333
2015-09-14,SPY,0.012421547,-0.07724993,0.08967148,train,-0.03491482
2015-09-14,TLT,-0.01935028,0.023252627,0.042602904,train,0.020630943
2015-09-15,EFA,0.015206359,0.023166986,0.007960627,train,0.0032017014
2015-09-15,IWM,0.008588189,0.005251459,0.0033367304,train,0.023278836
2015-09-15,SPY,0.008629872,-0.011923113,0.020552985,train,-0.07724993
2015-09-15,TLT,-0.0037808463,0.020554697,0.024335543,train,0.023252627
2015-09-16,EFA,0.0004972649,0.02673306,0.026235795,train,0.023166986
2015-09-16,IWM,0.003414372,-0.011436668,0.01485104,train,0.005251459
2015-09-16,SPY,-0.0022503664,-0.047397442,0.045147076,train,-0.011923113
2015-09-16,TLT,0.012131943,-0.027370121,0.039502066,train,0.020554697
2015-09-17,EFA,-0.025347788,0.05269833,0.07804611,train,0.02673306
2015-09-17,IWM,-0.013901929,-0.006808659,0.0070932703,train,-0.011436668
2015-09-17,SPY,-0.016476799,0.042893007,0.059369806,train,-0.047397442
2015-09-17,TLT,0.015266945,-0.029158292,0.044425238,train,-0.027370121
2015-09-18,EFA,-0.0005098572,0.06028754,0.060797397,train,0.05269833
2015-09-18,IWM,-0.0018163393,0.019622525,0.021438865,train,-0.006808659
2015-09-18,SPY,0.005154088,-0.06844229,0.07359638,train,0.042893007
2015-09-18,TLT,-0.016432188,-0.018238146,0.0018059574,train,-0.029158292
2015-09-21,EFA,-0.024101686,0.050006542,0.07410823,train,0.06028754
2015-09-21,IWM,-0.015266105,-0.00072268234,0.0145434225,train,0.019622525
2015-09-21,SPY,-0.013064441,-0.023559455,0.010495014,train,-0.06844229
2015-09-21,TLT,0.013807643,-0.025348246,0.03915589,train,-0.018238146
2015-09-22,EFA,-0.0047160313,0.04354994,0.04826597,train,0.050006542
2015-09-22,IWM,-0.0029934566,0.023810292,0.026803749,train,-0.00072268234
2015-09-22,SPY,-0.0016000659,0.023755295,0.025355361,train,-0.023559455
2015-09-22,TLT,-8.136733e-05,-0.0070785033,0.006997136,train,-0.025348246
2015-09-23,EFA,-0.0028048991,0.04300636,0.04581126,train,0.04354994
2015-09-23,IWM,-0.0016764229,-0.025040638,0.023364214,train,0.023810292
2015-09-23,SPY,-0.0036224457,-0.0054199006,0.0017974549,train,0.023755295
2015-09-23,TLT,0.006792918,0.010326519,0.0035336008,train,-0.0070785033
2015-09-24,EFA,0.008739699,0.08892471,0.08018501,train,0.04300636
2015-09-24,IWM,-0.013248877,-0.049591254,0.03634238,train,-0.025040638
2015-09-24,SPY,-0.00025888,0.004854207,0.005113087,train,-0.0054199006
2015-09-24,TLT,-0.008683486,0.014773321,0.023456808,train,0.010326519
2015-09-25,EFA,-0.01986197,0.0270862,0.046948172,train,0.08892471
2015-09-25,IWM,-0.028401779,0.001111658,0.029513437,train,-0.049591254
2015-09-25,SPY,-0.025417833,-0.02732531,0.0019074772,train,0.004854207
2015-09-25,TLT,0.016968785,0.0312976,0.014328817,train,0.014773321
2015-09-28,EFA,-0.0014210428,0.062900655,0.0643217,train,0.0270862
2015-09-28,IWM,-0.00713531,0.022821251,0.02995656,train,0.001111658
2015-09-28,SPY,0.0005848346,-0.0033933923,0.003978227,train,-0.02732531
2015-09-28,TLT,0.0028270571,-0.019690337,0.022517394,train,0.0312976
2015-09-29,EFA,0.018843627,0.013262277,0.00558135,train,0.062900655
2015-09-29,IWM,0.015411241,-0.050952252,0.06636349,train,0.022821251
2015-09-29,SPY,0.01848666,-0.043819733,0.062306393,train,-0.0033933923
2015-09-29,TLT,-0.0034744851,0.014898618,0.018373102,train,-0.019690337
2015-09-30,EFA,0.0031353782,-0.047159355,0.050294735,train,0.013262277
2015-09-30,IWM,-0.0017413186,0.016801244,0.018542562,train,-0.050952252
2015-09-30,SPY,0.0026056238,0.050156154,0.04755053,train,-0.043819733
2015-09-30,TLT,0.004257558,0.012299715,0.008042157,train,0.014898618
2015-10-01,EFA,0.01689978,-0.018740186,0.035639964,train,-0.047159355
2015-10-01,IWM,0.014751415,-0.00784686,0.022598274,train,0.016801244
2015-10-01,SPY,0.014827709,-0.0048729787,0.019700687,train,0.050156154
2015-10-01,TLT,0.0060388795,-0.006285726,0.012324605,train,0.012299715
2015-10-02,EFA,0.019641535,-0.017506093,0.037147626,train,-0.018740186
2015-10-02,IWM,0.023583297,0.035119936,0.011536639,train,-0.00784686
2015-10-02,SPY,0.017637994,0.008307359,0.009330635,train,-0.0048729787
2015-10-02,TLT,-0.013660008,-0.019905856,0.006245848,train,-0.006285726
2015-10-05,EFA,0.0011734247,-0.019337682,0.020511108,train,-0.017506093
2015-10-05,IWM,-0.0069100996,0.01974701,0.026657108,train,0.035119936
2015-10-05,SPY,-0.003432034,-0.052758075,0.04932604,train,0.008307359
2015-10-05,TLT,0.0043041375,0.010187247,0.0058831093,train,-0.019905856
2015-10-06,EFA,0.012482394,-0.0071213143,0.019603709,train,-0.019337682
2015-10-06,IWM,0.017535804,-0.01666714,0.034202944,train,0.01974701
2015-10-06,SPY,0.00815702,-0.004158375,0.012315395,train,-0.052758075
2015-10-06,TLT,-0.0033284414,-0.015695116,0.012366674,train,0.010187247
2015-10-07,EFA,0.007907697,0.015928788,0.008021091,train,-0.0071213143
2015-10-07,IWM,0.008957205,0.0014159142,0.0075412914,train,-0.01666714
2015-10-07,SPY,0.008986296,0.013811859,0.004825563,train,-0.004158375
2015-10-07,TLT,-0.008409438,0.008947355,0.017356792,train,-0.015695116
2015-10-08,EFA,0.0018034037,0.031011848,0.029208444,train,0.015928788
2015-10-08,IWM,0.0019891793,0.0021344635,0.00014528423,train,0.0014159142
2015-10-08,SPY,0.0005961349,0.02577638,0.025180247,train,0.013811859
2015-10-08,TLT,0.002620304,0.01362349,0.011003186,train,0.008947355
2015-10-09,EFA,-0.0019676425,0.04034175,0.042309392,train,0.031011848
2015-10-09,IWM,-0.0014697567,0.030010693,0.03148045,train,0.0021344635
2015-10-09,SPY,0.0009431915,0.018047903,0.017104711,train,0.02577638
2015-10-09,TLT,0.0075761946,-0.033416834,0.040993027,train,0.01362349
2015-10-12,EFA,-0.012717993,0.015388125,0.028106118,train,0.04034175
2015-10-12,IWM,-0.0137659265,0.0039906,0.017756525,train,0.030010693
2015-10-12,SPY,-0.0063220565,-0.0078003677,0.0014783111,train,0.018047903
2015-10-12,TLT,0.0017032678,0.00033586333,0.0013674045,train,-0.033416834
2015-10-13,EFA,0.0019928017,0.026185272,0.024192471,train,0.015388125
2015-10-13,IWM,-0.0098740505,-0.011562376,0.0016883258,train,0.0039906
2015-10-13,SPY,-0.004805624,0.00076209265,0.0055677164,train,-0.0078003677
2015-10-13,TLT,0.008712443,-0.021060515,0.029772958,train,0.00033586333
2015-10-14,EFA,0.016942725,0.050377533,0.03343481,train,0.026185272
2015-10-14,IWM,0.023639977,-0.023695428,0.047335405,train,-0.011562376
2015-10-14,SPY,0.01523792,0.00055316277,0.014684757,train,0.00076209265
2015-10-14,TLT,-0.0049113533,-0.01740768,0.012496326,train,-0.021060515
2015-10-15,EFA,-0.0008158266,0.024326166,0.025141994,train,0.050377533
2015-10-15,IWM,-0.0012989873,-0.019651303,0.018352315,train,-0.023695428
2015-10-15,SPY,0.004536594,-0.029355159,0.033891752,train,0.00055316277
2015-10-15,TLT,0.00032279603,-0.013113412,0.0134362085,train,-0.01740768
2015-10-16,EFA,-0.0034340646,0.044030022,0.047464088,train,0.024326166
2015-10-16,IWM,0.001904212,0.005066692,0.00316248,train,-0.019651303
2015-10-16,SPY,0.0004916069,-0.010186364,0.010677971,train,-0.029355159
2015-10-16,TLT,-0.002747585,-0.013160859,0.010413274,train,-0.013113412
2015-10-19,EFA,-0.004103498,0.051719163,0.05582266,train,0.044030022
2015-10-19,IWM,-0.0013846866,0.023279067,0.024663754,train,0.005066692
2015-10-19,SPY,-0.0012790019,-0.010277766,0.008998764,train,-0.010186364
2015-10-19,TLT,-0.006167989,0.00026677386,0.006434763,train,-0.013160859
2015-10-20,EFA,-0.0004936763,-0.0017997448,0.0013060685,train,0.051719163
2015-10-20,IWM,-0.015357924,0.04180979,0.057167713,train,0.023279067
2015-10-20,SPY,-0.0062227,-0.007386786,0.0011640862,train,-0.010277766
2015-10-20,TLT,0.009883093,0.0012164409,0.008666651,train,0.00026677386
2015-10-21,EFA,0.011127795,-0.0075708786,0.018698674,train,-0.0017997448
2015-10-21,IWM,0.008755263,0.027303828,0.018548565,train,0.04180979
2015-10-21,SPY,0.016752137,0.0011892288,0.015562908,train,-0.007386786
2015-10-21,TLT,0.0016911728,-0.025205182,0.026896354,train,0.0012164409
2015-10-22,EFA,0.009877803,-0.025395978,0.035273783,train,-0.0075708786
2015-10-22,IWM,0.009801655,-0.042263173,0.05206483,train,0.027303828
2015-10-22,SPY,0.010902218,-0.025106795,0.036009014,train,0.0011892288
2015-10-22,TLT,-0.008566512,-0.0044599622,0.0041065495,train,-0.025205182
2015-10-23,EFA,-0.0037128055,-0.010556624,0.006843819,train,-0.025395978
2015-10-23,IWM,-0.006842491,-0.05575748,0.04891499,train,-0.042263173
2015-10-23,SPY,-0.0024608264,-0.009804738,0.0073439116,train,-0.025106795
2015-10-23,TLT,0.0066335676,0.002294652,0.0043389155,train,-0.0044599622
2015-10-26,EFA,-0.008772079,0.011912893,0.020684972,train,-0.010556624
2015-10-26,IWM,-0.011011207,0.01872612,0.029737327,train,-0.05575748
2015-10-26,SPY,-0.0019342133,-0.020395713,0.0184615,train,-0.009804738
2015-10-26,TLT,0.0024966584,-0.021048479,0.023545137,train,0.002294652
2015-10-27,EFA,0.0065052146,0.030937655,0.02443244,train,0.011912893
2015-10-27,IWM,0.028756613,-0.03782854,0.06658515,train,0.01872612
2015-10-27,SPY,0.0113105355,-0.03437738,0.045687918,train,-0.020395713
2015-10-27,TLT,-0.0040297545,-0.0038341766,0.00019557797,train,-0.021048479
2015-10-28,EFA,-0.007321392,-0.025206843,0.01788545,train,0.030937655
2015-10-28,IWM,-0.010730202,-0.0812763,0.0705461,train,-0.03782854
2015-10-28,SPY,-0.0005746489,-0.056521527,0.05594688,train,-0.03437738
2015-10-28,TLT,-0.016037364,0.0077624377,0.023799801,train,-0.0038341766
2015-10-29,EFA,-0.0021250322,0.022367762,0.024492795,train,-0.025206843
2015-10-29,IWM,-0.004584354,0.033803135,0.03838749,train,-0.0812763
2015-10-29,SPY,-0.0043190313,-0.03164518,0.027326148,train,-0.056521527
2015-10-29,TLT,0.007521682,-0.000515857,0.008037539,train,0.0077624377
2015-10-30,EFA,0.009446424,-0.03028682,0.039733246,train,0.022367762
2015-10-30,IWM,0.020594338,-0.0023051903,0.022899529,train,0.033803135
2015-10-30,SPY,0.01176168,-0.01740033,0.02916201,train,-0.03164518
2015-10-30,TLT,-0.004605653,-0.0207119,0.016106248,train,-0.000515857
2015-11-02,EFA,-0.00032434182,-0.001439213,0.0011148712,train,-0.03028682
2015-11-02,IWM,0.005167294,-0.019808907,0.024976201,train,-0.0023051903
2015-11-02,SPY,0.0028949627,-0.023519782,0.026414745,train,-0.01740033
2015-11-02,TLT,-0.0082338955,-0.024472382,0.016238486,train,-0.0207119
2015-11-03,EFA,-0.0055286977,8.057873e-05,0.0056092767,train,-0.001439213
2015-11-03,IWM,-0.00050677627,0.036415316,0.036922093,train,-0.019808907
2015-11-03,SPY,-0.0030377829,-0.03146153,0.028423747,train,-0.023519782
2015-11-03,TLT,0.0011567563,-0.021357803,0.02251456,train,-0.024472382
2015-11-04,EFA,-0.0017949089,-0.00833715,0.006542241,train,8.057873e-05
2015-11-04,IWM,0.00076028914,0.0013880699,0.0006277808,train,0.036415316
2015-11-04,SPY,-0.0009987624,-0.023692729,0.022693966,train,-0.03146153
2015-11-04,TLT,-0.002646605,-0.030306043,0.027659439,train,-0.021357803
2015-11-05,EFA,-0.0045842086,-0.027326306,0.022742098,train,-0.00833715
2015-11-05,IWM,0.0070709297,0.008143988,0.0010730587,train,0.0013880699
2015-11-05,SPY,-0.00052376906,-0.020091837,0.019568069,train,-0.023692729
2015-11-05,TLT,-0.014763914,-0.0055545894,0.009209325,train,-0.030306043
2015-11-06,EFA,-0.010391914,-0.06575457,0.055362657,train,-0.027326306
2015-11-06,IWM,-0.0118126655,0.0006994575,0.012512123,train,0.008143988
2015-11-06,SPY,-0.009375048,-0.030017981,0.020642933,train,-0.020091837
2015-11-06,TLT,-0.0056465026,-0.0046755346,0.00097096805,train,-0.0055545894
2015-11-09,EFA,-0.0006635532,0.0007293017,0.0013928548,train,-0.06575457
2015-11-09,IWM,0.0029661632,0.0139703695,0.011004206,train,0.0006994575
2015-11-09,SPY,0.00230419,-0.014119615,0.016423805,train,-0.030017981
2015-11-09,TLT,0.002953438,-0.036325134,0.039278574,train,-0.0046755346
2015-11-10,EFA,0.0051304363,0.014325003,0.009194567,train,0.0007293017
2015-11-10,IWM,-0.008754547,-0.031200478,0.022445932,train,0.0139703695
2015-11-10,SPY,-0.0039395723,-0.011895725,0.007956153,train,-0.014119615
2015-11-10,TLT,-0.0021083667,-0.048979886,0.04687152,train,-0.036325134
2015-11-11,EFA,-0.013126221,0.03510131,0.04822753,train,0.014325003
2015-11-11,IWM,-0.019307394,-0.0044082543,0.014899139,train,-0.031200478
2015-11-11,SPY,-0.0140579855,-0.010596964,0.003461022,train,-0.011895725
2015-11-11,TLT,0.004801431,-0.055879578,0.060681008,train,-0.048979886
2015-11-12,EFA,-0.008397679,0.010807774,0.019205453,train,0.03510131
2015-11-12,IWM,-0.007249816,-0.002254504,0.0049953116,train,-0.0044082543
2015-11-12,SPY,-0.011292053,0.0038923684,0.015184422,train,-0.010596964
2015-11-12,TLT,0.005698425,-0.030447165,0.03614559,train,-0.055879578
2015-11-13,EFA,0.012570177,-0.02291433,0.035484508,train,0.010807774
2015-11-13,IWM,0.00855445,-0.0003590586,0.008913509,train,-0.002254504
2015-11-13,SPY,0.015092564,-0.024692424,0.039784987,train,0.0038923684
2015-11-13,TLT,-0.0009205291,-0.023092328,0.0221718,train,-0.030447165
2015-11-16,EFA,0.0026613737,-0.0462744,0.048935775,train,-0.02291433
2015-11-16,IWM,-0.0038317195,0.025839375,0.029671095,train,-0.0003590586
2015-11-16,SPY,-0.0007297364,0.00077719125,0.0015069277,train,-0.024692424
2015-11-16,TLT,0.0016719239,-0.031278595,0.03295052,train,-0.023092328
2015-11-17,EFA,0.009094697,-0.0065429937,0.015637692,train,-0.0462744
2015-11-17,IWM,0.01678515,0.0039379066,0.012847244,train,0.025839375
2015-11-17,SPY,0.015741419,-0.0083060535,0.024047472,train,0.00077719125
2015-11-17,TLT,0.002085055,-0.025888689,0.027973743,train,-0.031278595
2015-11-18,EFA,0.0050899168,0.0082267495,0.0031368327,train,-0.0065429937
2015-11-18,IWM,-0.004212882,0.028751668,0.03296455,train,0.0039379066
2015-11-18,SPY,-0.0008623985,-0.039062876,0.03820048,train,-0.0083060535
2015-11-18,TLT,0.0066432115,-0.019052317,0.025695529,train,-0.025888689
2015-11-19,EFA,-0.002295654,0.041119114,0.043414768,train,0.0082267495
2015-11-19,IWM,0.006441026,-0.0005867912,0.007027817,train,0.028751668
2015-11-19,SPY,0.0036375066,-0.041006193,0.0446437,train,-0.039062876
2015-11-19,TLT,-0.003066625,-0.025347082,0.022280456,train,-0.019052317
2015-11-20,EFA,-0.0062568635,-0.03702206,0.030765198,train,0.041119114
2015-11-20,IWM,0.0049532633,-0.00032436405,0.005277627,train,-0.0005867912
2015-11-20,SPY,-0.001147563,-0.04494307,0.043795504,train,-0.041006193
2015-11-20,TLT,0.003066625,0.0011129032,0.0019537217,train,-0.025347082
2015-11-23,EFA,0.00016503954,-0.0071200924,0.007285132,train,-0.03702206
2015-11-23,IWM,0.007299291,0.0013619948,0.005937296,train,-0.00032436405
2015-11-23,SPY,0.0013385081,-0.014447535,0.015786044,train,-0.04494307
2015-11-23,TLT,-8.250267e-05,-0.008948355,0.008865852,train,0.0011129032
2015-11-24,EFA,0.0023093233,0.01014628,0.0078369565,train,-0.0071200924
2015-11-24,IWM,0.0077499053,-0.017520012,0.025269918,train,0.0013619948
2015-11-24,SPY,-0.00014335681,0.0048299422,0.004973299,train,-0.014447535
2015-11-24,TLT,0.002314936,-0.0053058304,0.0076207663,train,-0.008948355
2015-11-25,EFA,0.00016463171,0.027433028,0.027268397,train,0.01014628
2015-11-25,IWM,0.003769162,-0.0036888246,0.0074579865,train,-0.017520012
2015-11-25,SPY,0.0011459338,-0.004755131,0.0059010647,train,0.0048299422
2015-11-25,TLT,-0.0009918652,-0.0045964206,0.0036045555,train,-0.0053058304
2015-11-27,EFA,-0.0008236009,0.023064857,0.023888458,train,0.027433028
2015-11-27,IWM,-0.004356381,-0.025361864,0.021005483,train,-0.0036888246
2015-11-27,SPY,-0.004160316,-0.0031368483,0.0010234679,train,-0.004755131
2015-11-27,TLT,0.0039608222,-0.0016481758,0.0056089982,train,-0.0045964206
2015-11-30,EFA,0.0104968315,0.025921693,0.015424862,train,0.023064857
2015-11-30,IWM,0.006610787,0.014278567,0.0076677804,train,-0.025361864
2015-11-30,SPY,0.009490569,0.0557972,0.046306632,train,-0.0031368483
2015-11-30,TLT,0.013416561,-0.001567188,0.014983749,train,-0.0016481758
2015-12-01,EFA,-0.010662028,-0.008967697,0.001694331,train,0.025921693
2015-12-01,IWM,-0.010818154,-0.022930512,0.012112359,train,0.014278567
2015-12-01,SPY,-0.01025742,-0.038958076,0.028700657,train,0.0557972
2015-12-01,TLT,0.00032525332,0.007965187,0.0076399334,train,-0.001567188
2015-12-02,EFA,-0.0047938884,-0.039747152,0.034953263,train,-0.008967697
2015-12-02,IWM,-0.017006958,-0.026628181,0.009621223,train,-0.022930512
2015-12-02,SPY,-0.014101855,-0.017654737,0.003552882,train,-0.038958076
2015-12-02,TLT,-0.027559305,-0.024499718,0.0030595865,train,0.007965187
2015-12-03,EFA,0.00808682,-0.019350952,0.027437773,train,-0.039747152
2015-12-03,IWM,0.010068917,0.010469232,0.00040031504,train,-0.026628181
2015-12-03,SPY,0.0193153,-0.039566822,0.058882125,train,-0.017654737
2015-12-03,TLT,0.008746199,-0.00037829438,0.009124493,train,-0.024499718
2015-12-04,EFA,-0.006431001,0.00399288,0.010423881,train,-0.019350952
2015-12-04,IWM,-0.015141688,0.022572363,0.03771405,train,0.010469232
2015-12-04,SPY,-0.0060771056,-0.016419966,0.010342861,train,-0.039566822
2015-12-04,TLT,0.009656007,0.052926697,0.04327069,train,-0.00037829438
2015-12-07,EFA,-0.014832571,-0.022837598,0.008005027,train,0.00399288
2015-12-07,IWM,-0.005532309,-0.02186173,0.01632942,train,0.022572363
2015-12-07,SPY,-0.0067423214,-0.09889635,0.092154026,train,-0.016419966
2015-12-07,TLT,0.0004926223,0.03659702,0.0361044,train,0.052926697
2015-12-08,EFA,-0.0045432053,0.016280746,0.020823952,train,-0.022837598
2015-12-08,IWM,-0.011244075,-0.021574838,0.010330763,train,-0.02186173
2015-12-08,SPY,-0.0078098825,-0.020662865,0.012852982,train,-0.09889635
2015-12-08,TLT,-0.0010676414,0.0041485718,0.005216213,train,0.03659702
2015-12-09,EFA,0.00016825614,0.013741382,0.013573126,train,0.016280746
2015-12-09,IWM,0.003325224,-0.010692621,0.014017845,train,-0.021574838
2015-12-09,SPY,0.0025776452,-0.036390293,0.038967937,train,-0.020662865
2015-12-09,TLT,0.0013141515,-0.0023006222,0.0036147735,train,0.0041485718
2015-12-10,EFA,-0.019239446,0.017527757,0.036767203,train,0.013741382
2015-12-10,IWM,-0.022530263,-0.038366795,0.015836531,train,-0.010692621
2015-12-10,SPY,-0.01957104,-0.024658483,0.0050874427,train,-0.036390293
2015-12-10,TLT,0.015635427,-0.010239879,0.025875306,train,-0.0023006222
2015-12-11,EFA,0.001546233,0.0050339177,0.0034876848,train,0.017527757
2015-12-11,IWM,-0.007174606,0.049036533,0.05621114,train,-0.038366795
2015-12-11,SPY,0.005039697,0.048339725,0.04330003,train,-0.024658483
2015-12-11,TLT,-0.013012047,-0.014412825,0.0014007781,train,-0.010239879
2015-12-14,EFA,0.0049653463,-0.002925319,0.007890665,train,0.0050339177
2015-12-14,IWM,0.014297562,-0.011697366,0.025994927,train,0.049036533
2015-12-14,SPY,0.0104429405,-0.03305307,0.043496013,train,0.048339725
2015-12-14,TLT,-0.0059118373,-0.011527108,0.0056152707,train,-0.014412825
2015-12-15,EFA,0.019953176,-0.006131404,0.02608458,train,-0.002925319
2015-12-15,IWM,0.015145339,-0.0013010663,0.016446406,train,-0.011697366
2015-12-15,SPY,0.014525903,-0.014286193,0.028812096,train,-0.03305307
2015-12-15,TLT,-0.0021431895,-0.013658172,0.011514983,train,-0.011527108
2015-12-16,EFA,-0.012805616,-0.0014072054,0.01139841,train,-0.006131404
2015-12-16,IWM,-0.010718975,0.013086692,0.023805667,train,-0.0013010663
2015-12-16,SPY,-0.015355336,-0.016842386,0.0014870502,train,-0.014286193
2015-12-16,TLT,0.011241985,-0.013990275,0.02523226,train,-0.013658172
2015-12-17,EFA,-0.010569506,0.012864034,0.02343354,train,-0.0014072054
2015-12-17,IWM,-0.015399009,0.034389403,0.04978841,train,0.013086692
2015-12-17,SPY,-0.017975593,-0.034613565,0.016637972,train,-0.016842386
2015-12-17,TLT,0.0055335946,-0.014561945,0.020095538,train,-0.013990275
2015-12-18,EFA,0.004622603,0.0035733494,0.0010492534,train,0.012864034
2015-12-18,IWM,0.0075063193,0.031616334,0.024110015,train,0.034389403
2015-12-18,SPY,0.008215062,-0.017702403,0.025917465,train,-0.034613565
2015-12-18,TLT,-0.00024372904,-0.003390665,0.003146936,train,-0.014561945
2015-12-21,EFA,0.0075435396,0.03883589,0.03129235,train,0.0035733494
2015-12-21,IWM,0.009128522,0.033640303,0.02451178,train,0.031616334
2015-12-21,SPY,0.009033571,-0.021065148,0.030098718,train,-0.017702403
2015-12-21,TLT,-0.0072500585,-0.0071398932,0.000110165216,train,-0.003390665
2015-12-22,EFA,0.016599286,0.051590253,0.034990966,train,0.03883589
2015-12-22,IWM,0.0125370445,0.036512412,0.023975369,train,0.033640303
2015-12-22,SPY,0.012307194,-0.007919454,0.020226648,train,-0.021065148
2015-12-22,TLT,-0.007549953,-0.0025298495,0.0050201034,train,-0.0071398932
2015-12-23,EFA,-0.0016815849,0.016596777,0.018278362,train,0.051590253
2015-12-23,IWM,0.0018881952,0.04957778,0.047689583,train,0.036512412
2015-12-23,SPY,-0.0016517711,-0.012561389,0.010909618,train,-0.007919454
2015-12-23,TLT,0.005712918,-0.012509326,0.018222244,train,-0.0025298495
2015-12-24,EFA,-0.0023580943,0.022815855,0.02517395,train,0.016596777
2015-12-24,IWM,-0.0046393573,0.04262886,0.047268216,train,0.04957778
2015-12-24,SPY,-0.0022873837,-0.04054025,0.038252864,train,-0.012561389
2015-12-24,TLT,0.002950507,0.013246338,0.010295831,train,-0.012509326
2015-12-28,EFA,0.009901682,0.02283626,0.012934579,train,0.022815855
2015-12-28,IWM,0.010734427,0.04004049,0.029306062,train,0.04262886
2015-12-28,SPY,0.010614842,0.07329819,0.06268335,train,-0.04054025
2015-12-28,TLT,-0.01675325,-0.038591504,0.021838253,train,0.013246338
2015-12-29,EFA,-0.0060300515,-0.004137818,0.0018922337,train,0.02283626
2015-12-29,IWM,-0.010120617,0.018691724,0.028812341,train,0.04004049
2015-12-29,SPY,-0.0071127224,0.003282516,0.010395238,train,0.07329819
2015-12-29,TLT,-0.0009995344,0.0036801996,0.004679734,train,-0.038591504
2015-12-30,EFA,-0.013532013,0.0031112058,0.016643219,train,-0.004137818
2015-12-30,IWM,-0.012529951,-0.0073733656,0.005156585,train,0.018691724
2015-12-30,SPY,-0.010053663,-0.015447003,0.0053933403,train,0.003282516
2015-12-30,TLT,0.0044886805,-0.0021557596,0.00664444,train,0.0036801996
2015-12-31,EFA,-0.015445655,-0.019497735,0.00405208,train,0.0031112058
2015-12-31,IWM,-0.02344795,0.013551478,0.036999427,train,-0.0073733656
2015-12-31,SPY,-0.014078111,0.044497207,0.058575317,train,-0.015447003
2015-12-31,TLT,0.0071890964,-0.001825386,0.009014483,train,-0.0021557596
2016-01-04,EFA,-0.001557804,-0.03903041,0.037472606,train,-0.019497735
2016-01-04,IWM,0.0021793265,-0.005463994,0.0076433206,train,0.013551478
2016-01-04,SPY,0.0016896719,0.025345331,0.023655659,train,0.044497207
2016-01-04,TLT,-0.004043003,-0.0012414001,0.002801603,train,-0.001825386
2016-01-05,EFA,-0.01659301,-0.041994974,0.025401965,train,-0.03903041
2016-01-05,IWM,-0.015355577,0.002040944,0.01739652,train,-0.005463994
2016-01-05,SPY,-0.0126941465,-0.0049312776,0.007762869,train,0.025345331
2016-01-05,TLT,0.013385645,-0.0068578906,0.020243537,train,-0.0012414001
2016-01-06,EFA,-0.021000855,-0.024126774,0.003125919,train,-0.041994974
2016-01-06,IWM,-0.027074337,-0.004624135,0.022450201,train,0.002040944
2016-01-06,SPY,-0.02428392,-0.011325781,0.012958138,train,-0.0049312776
2016-01-06,TLT,0.0017932808,-0.0057170456,0.0075103263,train,-0.0068578906
2016-01-07,EFA,-0.012123393,0.013021781,0.025145173,train,-0.024126774
2016-01-07,IWM,-0.017373081,0.023623021,0.040996104,train,-0.004624135
2016-01-07,SPY,-0.011037676,-0.026625732,0.015588056,train,-0.011325781
2016-01-07,TLT,0.0044680405,0.0043456256,0.0001224149,train,-0.0057170456
2016-01-08,EFA,0.004178389,0.020639384,0.016460996,train,0.013021781
2016-01-08,IWM,-0.004342775,-0.030438175,0.026095401,train,0.023623021
2016-01-08,SPY,0.0009897487,-0.050260037,0.051249787,train,-0.026625732
2016-01-08,TLT,-0.011003822,-0.0064995056,0.0045043165,train,0.0043456256
2016-01-11,EFA,0.004702266,-0.034017112,0.03871938,train,0.020639384
2016-01-11,IWM,0.0029937855,-0.08347028,0.08646406,train,-0.030438175
2016-01-11,SPY,0.008035953,-0.054098513,0.062134467,train,-0.050260037
2016-01-11,TLT,0.014322666,-0.014358074,0.028680742,train,-0.0064995056
2016-01-12,EFA,-0.015639594,-0.033982087,0.018342493,train,-0.034017112
2016-01-12,IWM,-0.03263563,-0.050731048,0.018095419,train,-0.08347028
2016-01-12,SPY,-0.025257202,0.0036770094,0.02893421,train,-0.054098513
2016-01-12,TLT,0.009808403,-0.028955119,0.038763523,train,-0.014358074
2016-01-13,EFA,0.012748502,0.018985594,0.0062370915,train,-0.033982087
2016-01-13,IWM,0.013752055,-0.009040487,0.022792542,train,-0.050731048
2016-01-13,SPY,0.016283844,0.06575361,0.049469765,train,0.0036770094
2016-01-13,TLT,-0.00940483,-0.00915682,0.00024800934,train,-0.028955119
2016-01-14,EFA,-0.036863763,-0.029253403,0.00761036,train,0.018985594
2016-01-14,IWM,-0.0163456,-0.0013031748,0.015042425,train,-0.009040487
2016-01-14,SPY,-0.021699866,0.048502292,0.07020216,train,0.06575361
2016-01-14,TLT,0.015466802,-0.00661881,0.02208561,train,-0.00915682
2016-01-15,EFA,0.009158227,-0.0641431,0.07330132,train,-0.029253403
2016-01-15,IWM,-0.013575523,0.025929002,0.039504524,train,-0.0013031748
2016-01-15,SPY,0.0013300491,0.06573375,0.064403705,train,0.048502292
2016-01-15,TLT,-0.0031060486,-0.00781701,0.004710962,train,-0.00661881
2016-01-19,EFA,-0.022959262,0.0028972428,0.025856504,train,-0.0641431
2016-01-19,IWM,0.004142091,0.012213918,0.008071827,train,0.025929002
2016-01-19,SPY,-0.012898103,0.06790228,0.080800384,train,0.06573375
2016-01-19,TLT,0.0104747135,-0.0032272984,0.013702012,train,-0.00781701
2016-01-20,EFA,0.007396655,0.020627422,0.013230767,train,0.0028972428
2016-01-20,IWM,-0.0023215718,0.02699622,0.02931779,train,0.012213918
2016-01-20,SPY,0.0055864,0.123633474,0.11804707,train,0.06790228
2016-01-20,TLT,-0.0068121357,-0.010954992,0.004142856,train,-0.0032272984
2016-01-21,EFA,0.029052213,0.015838314,0.013213899,train,0.020627422
2016-01-21,IWM,0.024162762,0.044447605,0.020284843,train,0.02699622
2016-01-21,SPY,0.020308299,0.08349546,0.06318716,train,0.123633474
2016-01-21,TLT,-0.0038226314,0.0007216877,0.004544319,train,-0.010954992
2016-01-22,EFA,-0.013489605,-0.03201892,0.018529315,train,0.015838314
2016-01-22,IWM,-0.022445787,-0.0026264724,0.019819314,train,0.044447605
2016-01-22,SPY,-0.015232175,0.027024718,0.04225689,train,0.08349546
2016-01-22,TLT,0.005410806,-0.010502982,0.015913788,train,0.0007216877
2016-01-25,EFA,0.017702905,-0.018578058,0.036280964,train,-0.03201892
2016-01-25,IWM,0.019778471,0.02196995,0.0021914784,train,-0.0026264724
2016-01-25,SPY,0.013550976,-0.0101517225,0.0237027,train,0.027024718
2016-01-25,TLT,0.00047621632,-0.0126168365,0.013093052,train,-0.010502982
2016-01-26,EFA,-0.006418111,-0.0068996307,0.00048151985,train,-0.018578058
2016-01-26,IWM,-0.013843824,0.037456635,0.05130046,train,0.02196995
2016-01-26,SPY,-0.01094335,0.00856056,0.01950391,train,-0.0101517225
2016-01-26,TLT,-0.00023788016,-0.013814765,0.013576885,train,-0.0126168365
2016-01-27,EFA,0.0029392648,-0.012871643,0.015810907,train,-0.0068996307
2016-01-27,IWM,-0.00020088532,0.07323531,0.07343619,train,0.037456635
2016-01-27,SPY,0.005195797,-0.044823073,0.05001887,train,0.00856056
2016-01-27,TLT,0.0014266721,-0.0032778003,0.0047044726,train,-0.013814765
2016-01-28,EFA,0.01745468,0.011560352,0.0058943285,train,-0.012871643
2016-01-28,IWM,0.032275207,0.04047598,0.008200772,train,0.07323531
2016-01-28,SPY,0.02408458,-0.01749848,0.04158306,train,-0.044823073
2016-01-28,TLT,0.008440534,-0.01761768,0.026058214,train,-0.0032778003
2016-01-29,EFA,-0.0010821124,-0.0012638487,0.00018173631,train,0.011560352
2016-01-29,IWM,-0.0045748632,0.004472292,0.009047155,train,0.04047598
2016-01-29,SPY,-0.0003610306,-0.03570512,0.03534409,train,-0.01749848
2016-01-29,TLT,-0.003065793,-0.002230501,0.00083529204,train,-0.01761768
2016-02-01,EFA,-0.023551844,0.046164133,0.06971598,train,-0.0012638487
2016-02-01,IWM,-0.021799266,0.045075383,0.06687465,train,0.004472292
2016-02-01,SPY,-0.018186439,-0.06431205,0.04612561,train,-0.03570512
2016-02-01,TLT,0.018382126,-0.004485296,0.022867423,train,-0.002230501
2016-02-02,EFA,0.008278959,0.023593929,0.015314969,train,0.046164133
2016-02-02,IWM,0.001295544,0.04152567,0.040230125,train,0.045075383
2016-02-02,SPY,0.005976914,-0.0071773017,0.013154216,train,-0.06431205
2016-02-02,TLT,-0.008327568,0.00074865925,0.009076227,train,-0.004485296
2016-02-03,EFA,0.0012818131,-0.014602787,0.0158846,train,0.023593929
2016-02-03,IWM,0.0038767639,-0.0035200513,0.0073968153,train,0.04152567
2016-02-03,SPY,0.0015670565,-0.024260968,0.025828024,train,-0.0071773017
2016-02-03,TLT,0.004833884,-0.0057563027,0.010590186,train,0.00074865925
2016-02-04,EFA,-0.015490128,0.019396285,0.034886412,train,-0.014602787
2016-02-04,IWM,-0.027763067,-0.0018295904,0.025933476,train,-0.0035200513
2016-02-04,SPY,-0.019234123,-0.028116401,0.008882279,train,-0.024260968
2016-02-04,TLT,0.0011655277,-0.008918115,0.010083643,train,-0.0057563027
2016-02-05,EFA,-0.018758575,-0.0032779493,0.015480625,train,0.019396285
2016-02-05,IWM,-0.016558021,0.03603126,0.052589282,train,-0.0018295904
2016-02-05,SPY,-0.013552351,0.018315488,0.03186784,train,-0.028116401
2016-02-05,TLT,0.021291792,-0.010308462,0.031600256,train,-0.008918115
2016-02-08,EFA,-0.011617841,0.0011256707,0.012743512,train,-0.0032779493
2016-02-08,IWM,-0.006763712,0.0218054,0.028569112,train,0.03603126
2016-02-08,SPY,5.417845e-05,-0.0063295085,0.006383687,train,0.018315488
2016-02-08,TLT,0.0010640941,-0.013164648,0.014228742,train,-0.010308462
2016-02-09,EFA,-0.0011502446,0.043358352,0.044508595,train,0.0011256707
2016-02-09,IWM,0.0005220871,-0.03111001,0.031632096,train,0.0218054
2016-02-09,SPY,-0.00086322345,-0.027259339,0.026396114,train,-0.0063295085
2016-02-09,TLT,0.00877388,-0.018411336,0.027185217,train,-0.013164648
2016-02-10,EFA,-0.014683483,0.033483688,0.04816717,train,0.043358352
2016-02-10,IWM,-0.010912074,-0.02288387,0.011971796,train,-0.03111001
2016-02-10,SPY,-0.0130935125,-0.0076514417,0.005442071,train,-0.027259339
2016-02-10,TLT,0.0069791237,-0.015109369,0.022088492,train,-0.018411336
2016-02-11,EFA,0.01736461,0.039677426,0.022312816,train,0.033483688
2016-02-11,IWM,0.018811202,-0.04907412,0.067885324,train,-0.02288387
2016-02-11,SPY,0.020406932,-0.004255876,0.024662808,train,-0.0076514417
2016-02-11,TLT,-0.016741376,-0.022543278,0.005801901,train,-0.015109369
2016-02-12,EFA,0.020072896,0.015769439,0.004303457,train,0.039677426
2016-02-12,IWM,0.023431927,-0.007981428,0.031413354,train,-0.04907412
2016-02-12,SPY,0.016737703,-0.00068863225,0.017426336,train,-0.004255876
2016-02-12,TLT,-0.010626803,0.007081045,0.017707847,train,-0.022543278
2016-02-16,EFA,0.017100722,-0.041037552,0.058138274,train,0.015769439
2016-02-16,IWM,0.015554254,-0.015564778,0.031119032,train,-0.007981428
2016-02-16,SPY,0.016202703,-0.0006409448,0.016843649,train,-0.00068863225
2016-02-16,TLT,-0.00616735,0.0059467424,0.012114093,train,0.007081045
2016-02-17,EFA,-0.005173588,0.028248334,0.033421922,train,-0.041037552
2016-02-17,IWM,-0.0047911755,0.0053542885,0.010145464,train,-0.015564778
2016-02-17,SPY,-0.004104411,-0.028441178,0.024336766,train,-0.0006409448
2016-02-17,TLT,0.01222091,-0.008168683,0.020389594,train,0.0059467424
2016-02-18,EFA,-0.0011123896,0.07321498,0.074327365,train,0.028248334
2016-02-18,IWM,0.004989889,0.039400358,0.03441047,train,0.0053542885
2016-02-18,SPY,-0.00046845415,-0.022551967,0.022083513,train,-0.028441178
2016-02-18,TLT,0.00084021623,-0.025676914,0.02651713,train,-0.008168683
2016-02-19,EFA,0.0112497015,-0.049057234,0.060306937,train,0.07321498
2016-02-19,IWM,0.011088234,-0.0032981571,0.014386391,train,0.039400358
2016-02-19,SPY,0.014375244,-0.021202145,0.03557739,train,-0.022551967
2016-02-19,TLT,-0.0005346153,-0.031330545,0.03079593,train,-0.025676914
2016-02-22,EFA,-0.016455902,0.026592229,0.04304813,train,-0.049057234
2016-02-22,IWM,-0.00919828,-0.005692399,0.003505881,train,-0.0032981571
2016-02-22,SPY,-0.012709794,-0.021982964,0.0092731705,train,-0.021202145
2016-02-22,TLT,0.004039388,-0.023204872,0.02724426,train,-0.031330545
2016-02-23,EFA,-0.003548269,0.054209918,0.057758186,train,0.026592229
2016-02-23,IWM,0.009592063,0.02622818,0.016636118,train,-0.005692399
2016-02-23,SPY,0.0045654597,0.018974371,0.014408912,train,-0.021982964
2016-02-23,TLT,-0.001979289,-0.002026954,4.7664857e-05,train,-0.023204872
2016-02-24,EFA,0.011902636,0.0245956,0.012692964,train,0.054209918
2016-02-24,IWM,0.00911087,-0.049570587,0.05868146,train,0.02622818
2016-02-24,SPY,0.012038336,0.0008967265,0.011141609,train,0.018974371
2016-02-24,TLT,0.003575898,-0.002127587,0.005703485,train,-0.002026954
2016-02-25,EFA,-0.0025917687,0.019279674,0.021871442,train,0.0245956
2016-02-25,IWM,0.006319049,-0.009542703,0.015861752,train,-0.049570587
2016-02-25,SPY,-0.00230361,-0.024142617,0.021839008,train,0.0008967265
2016-02-25,TLT,-0.009692384,-0.0034310904,0.006261294,train,-0.002127587
2016-02-26,EFA,-0.0059490055,0.070025556,0.07597456,train,0.019279674
2016-02-26,IWM,-0.0044676657,0.012962888,0.017430553,train,-0.009542703
2016-02-26,SPY,-0.00787338,0.010953517,0.018826896,train,-0.024142617
2016-02-26,TLT,0.004361511,0.01888421,0.014522699,train,-0.0034310904
2016-02-29,EFA,0.025769703,-0.0074470574,0.03321676,train,0.070025556
2016-02-29,IWM,0.021284457,-0.0017237219,0.023008179,train,0.012962888
2016-02-29,SPY,0.023234937,-0.0016891218,0.024924058,train,0.010953517
2016-02-29,TLT,-0.017765062,-0.011906655,0.0058584074,train,0.01888421
2016-03-01,EFA,0.0068816706,0.03301851,0.02613684,train,-0.0074470574
2016-03-01,IWM,0.010238814,-0.013714467,0.023953281,train,-0.0017237219
2016-03-01,SPY,0.0044821743,-0.012481422,0.016963597,train,-0.0016891218
2016-03-01,TLT,0.004118243,0.025512155,0.021393912,train,-0.011906655
2016-03-02,EFA,0.009698395,0.018098464,0.00840007,train,0.03301851
2016-03-02,IWM,0.010415511,0.002825177,0.007590334,train,-0.013714467
2016-03-02,SPY,0.0039119786,-0.011639295,0.015551274,train,-0.012481422
2016-03-02,TLT,0.0036376524,-0.018357305,0.021994958,train,0.025512155
2016-03-03,EFA,0.007301311,0.014339129,0.0070378184,train,0.018098464
2016-03-03,IWM,0.00549238,-0.017843364,0.023335744,train,0.002825177
2016-03-03,SPY,0.0032484971,-0.018574465,0.021822963,train,-0.011639295
2016-03-03,TLT,-0.006433301,-0.014719454,0.008286152,train,-0.018357305
2016-03-04,EFA,-0.0012428978,0.04091666,0.042159557,train,0.014339129
2016-03-04,IWM,0.010802801,-0.024315344,0.035118144,train,-0.017843364
2016-03-04,SPY,0.00079759856,-0.015403398,0.016200997,train,-0.018574465
2016-03-04,TLT,-0.0003110413,-0.003394983,0.0030839418,train,-0.014719454
2016-03-07,EFA,-0.009818699,0.02844028,0.038258977,train,0.04091666
2016-03-07,IWM,-0.024449114,-0.03748668,0.013037566,train,-0.024315344
2016-03-07,SPY,-0.010977381,-0.027466793,0.016489413,train,-0.015403398
2016-03-07,TLT,0.010985308,-0.012114822,0.02310013,train,-0.003394983
2016-03-08,EFA,0.0037602854,0.030153705,0.02639342,train,0.02844028
2016-03-08,IWM,0.005069076,-0.0027640995,0.007833175,train,-0.03748668
2016-03-08,SPY,0.0049270494,0.016448531,0.011521482,train,-0.027466793
2016-03-08,TLT,-0.0060966006,-0.013501774,0.007405173,train,-0.012114822
2016-03-09,EFA,-0.0016100041,0.009651418,0.011261422,train,0.030153705
2016-03-09,IWM,-0.008179392,-0.0067349123,0.0014444795,train,-0.0027640995
2016-03-09,SPY,0.00080251927,-0.023343567,0.024146086,train,0.016448531
2016-03-09,TLT,-0.00411074,-0.0063919825,0.0022812425,train,-0.013501774
2016-03-10,EFA,0.025801113,-0.028736608,0.05453772,train,0.009651418
2016-03-10,IWM,0.021202493,-0.02372584,0.044928335,train,-0.0067349123
2016-03-10,SPY,0.016008064,-0.010268851,0.026276916,train,-0.023343567
2016-03-10,TLT,-0.0101558985,0.0014168851,0.011572784,train,-0.0063919825
2016-03-11,EFA,-0.002095544,-0.039869808,0.037774265,train,-0.028736608
2016-03-11,IWM,-0.0025907978,-0.01649184,0.013901042,train,-0.02372584
2016-03-11,SPY,-0.0012832592,-0.0064920383,0.005208779,train,-0.010268851
2016-03-11,TLT,0.0031359943,-0.039180834,0.042316828,train,0.0014168851
2016-03-14,EFA,-0.009485445,0.037656162,0.047141608,train,-0.039869808
2016-03-14,IWM,-0.015690045,0.010951682,0.026641726,train,-0.01649184
2016-03-14,SPY,-0.0016309937,0.0017555754,0.0033865692,train,-0.0064920383
2016-03-14,TLT,0.0009385152,-0.02055406,0.021492574,train,-0.039180834
2016-03-15,EFA,0.008785593,0.018902304,0.01011671,train,0.037656162
2016-03-15,IWM,0.007035017,-0.02763573,0.034670748,train,0.010951682
2016-03-15,SPY,0.005770457,-0.022210808,0.027981266,train,0.0017555754
2016-03-15,TLT,0.0029671313,0.015214949,0.012247818,train,-0.02055406
2016-03-16,EFA,0.0076682563,0.0075622452,0.00010601105,train,0.018902304
2016-03-16,IWM,0.01521199,-0.026154164,0.041366152,train,-0.02763573
2016-03-16,SPY,0.0063242703,-0.02773588,0.03406015,train,-0.022210808
2016-03-16,TLT,0.0041241585,0.011277591,0.0071534324,train,0.015214949
2016-03-17,EFA,-0.0017374422,0.018416764,0.020154206,train,0.0075622452
2016-03-17,IWM,0.008981118,-0.014144418,0.023125537,train,-0.026154164
2016-03-17,SPY,0.003921905,-0.006569285,0.0104911905,train,-0.02773588
2016-03-17,TLT,0.0020936776,0.016506597,0.01441292,train,0.011277591
2016-03-18,EFA,-0.0015665699,-0.034337595,0.032771025,train,0.018416764
2016-03-18,IWM,-0.0023746507,-0.014010352,0.011635701,train,-0.014144418
2016-03-18,SPY,0.0014180144,-0.00056284876,0.001980863,train,-0.006569285
2016-03-18,TLT,-0.0077003012,0.009655402,0.017355703,train,0.016506597
2016-03-21,EFA,-0.001743287,0.0283417,0.030084986,train,-0.034337595
2016-03-21,IWM,-0.0011898011,-0.015209573,0.014019772,train,-0.014010352
2016-03-21,SPY,-0.00053791166,-0.011456719,0.010918807,train,-0.00056284876
2016-03-21,TLT,-0.00023400242,-0.019294463,0.01906046,train,0.009655402
2016-03-22,EFA,-0.010171854,0.015044826,0.02521668,train,0.0283417
2016-03-22,IWM,-0.018659016,-0.018508056,0.00015095994,train,-0.015209573
2016-03-22,SPY,-0.0066211834,-0.026686763,0.02006558,train,-0.011456719
2016-03-22,TLT,0.011260956,-0.007635734,0.01889669,train,-0.019294463
2016-03-23,EFA,-0.006721007,0.009430715,0.016151723,train,0.015044826
2016-03-23,IWM,0.002989655,-0.018222528,0.021212183,train,-0.018508056
2016-03-23,SPY,-0.00044301015,-0.019478684,0.019035675,train,-0.026686763
2016-03-23,TLT,0.0003859947,-0.019301599,0.019687593,train,-0.007635734
2016-03-24,EFA,0.006015718,-0.0071264105,0.0131421285,train,0.009430715
2016-03-24,IWM,0.0012117266,-0.015511154,0.01672288,train,-0.018222528
2016-03-24,SPY,0.00059028406,-0.01881361,0.019403894,train,-0.019478684
2016-03-24,TLT,0.0013110366,0.016244132,0.014933095,train,-0.019301599
2016-03-28,EFA,0.010702764,0.014532209,0.0038294457,train,-0.0071264105
2016-03-28,IWM,0.027386514,0.019808576,0.007577939,train,-0.015511154
2016-03-28,SPY,0.009207908,-0.0024304066,0.011638314,train,-0.01881361
2016-03-28,TLT,0.010430392,0.01661679,0.0061863977,train,0.016244132
2016-03-29,EFA,0.007476242,-0.036992196,0.044468436,train,0.014532209
2016-03-29,IWM,9.066284e-05,-0.07235051,0.072441176,train,0.019808576
2016-03-29,SPY,0.0043782797,0.029472696,0.025094416,train,-0.0024304066
2016-03-29,TLT,-0.010584415,-0.00090253656,0.009681879,train,0.01661679
2016-03-30,EFA,-0.009922819,-0.0024601643,0.007462655,train,-0.036992196
2016-03-30,IWM,0.0028058526,0.053724207,0.050918356,train,-0.07235051
2016-03-30,SPY,-0.0024298653,0.018939057,0.021368923,train,0.029472696
2016-03-30,TLT,0.007069298,-0.016639234,0.023708533,train,-0.00090253656
2016-03-31,EFA,-0.010728849,0.01083802,0.021566868,train,-0.0024601643
2016-03-31,IWM,0.0044196583,0.025160534,0.020740876,train,0.053724207
2016-03-31,SPY,0.006788713,-0.007931121,0.014719834,train,0.018939057
2016-03-31,TLT,0.0026045842,0.00039029098,0.0022142932,train,-0.016639234
2016-04-01,EFA,-0.002124472,-0.05623886,0.054114386,train,0.01083802
2016-04-01,IWM,-0.008404455,0.008361406,0.01676586,train,0.025160534
2016-04-01,SPY,-0.0032431672,0.0006469216,0.0038900888,train,-0.007931121
2016-04-01,TLT,0.00061208836,-0.0031207365,0.0037328247,train,0.00039029098
2016-04-04,EFA,-0.019866308,-0.06210281,0.0422365,train,-0.05623886
2016-04-04,IWM,-0.011408973,0.0032672535,0.014676226,train,0.008361406
2016-04-04,SPY,-0.010038411,-0.019162051,0.00912364,train,0.0006469216
2016-04-04,TLT,0.01087671,-0.005578381,0.016455092,train,-0.0031207365
2016-04-05,EFA,0.016138159,-0.021904087,0.038042247,train,-0.06210281
2016-04-05,IWM,0.01122719,-0.0017938197,0.013021009,train,0.0032672535
2016-04-05,SPY,0.010862034,-0.006211375,0.017073408,train,-0.019162051
2016-04-05,TLT,-0.007288743,-0.015149866,0.007861123,train,-0.005578381
2016-04-06,EFA,-0.014693275,0.11264176,0.12733504,train,-0.021904087
2016-04-06,IWM,-0.013616869,0.0007152993,0.014332169,train,-0.0017938197
2016-04-06,SPY,-0.012037804,0.006916686,0.01895449,train,-0.006211375
2016-04-06,TLT,0.012269457,-0.00040432368,0.01267378,train,-0.015149866
2016-04-07,EFA,0.018952716,-0.013389573,0.03234229,train,0.11264176
2016-04-07,IWM,0.003949026,-0.004479275,0.008428302,train,0.0007152993
2016-04-07,SPY,0.0026930294,-0.024227206,0.026920235,train,0.006916686
2016-04-07,TLT,-0.00634309,-0.013749299,0.0074062087,train,-0.00040432368
2016-04-08,EFA,0.000531464,0.0059016636,0.0053701997,train,-0.013389573
2016-04-08,IWM,-0.003120809,0.007565289,0.010686098,train,-0.004479275
2016-04-08,SPY,-0.0023500558,-0.021951055,0.019600999,train,-0.024227206
2016-04-08,TLT,-0.0012883232,-0.008188047,0.0068997242,train,-0.013749299
2016-04-11,EFA,0.01476055,0.014185033,0.0005755173,train,0.0059016636
2016-04-11,IWM,0.010698637,-0.004960249,0.015658885,train,0.007565289
2016-04-11,SPY,0.009269853,-0.026951488,0.03622134,train,-0.021951055
2016-04-11,TLT,-0.0069265175,-0.008718262,0.001791745,train,-0.008188047
2016-04-12,EFA,0.01574833,0.003930726,0.011817603,train,0.014185033
2016-04-12,IWM,0.021328477,-0.008392488,0.029720966,train,-0.004960249
2016-04-12,SPY,0.010050252,-0.02232355,0.0323738,train,-0.026951488
2016-04-12,TLT,0.003507379,0.0072711958,0.0037638168,train,-0.008718262
2016-04-13,EFA,0.0032570015,-0.014994775,0.018251777,train,0.003930726
2016-04-13,IWM,-0.0012472792,-0.010613927,0.009366647,train,-0.008392488
2016-04-13,SPY,4.8221504e-05,-0.012125493,0.012173714,train,-0.02232355
2016-04-13,TLT,-0.004806872,-0.013182354,0.008375483,train,0.0072711958
2016-04-14,EFA,-0.0022274351,-0.00014113379,0.0020863013,train,-0.014994775
2016-04-14,IWM,0.0024929277,-0.0054144496,0.007907378,train,-0.010613927
2016-04-14,SPY,-0.0011064076,-0.014941276,0.013834869,train,-0.012125493
2016-04-14,TLT,0.008528992,0.013505151,0.004976159,train,-0.013182354
2016-04-15,EFA,0.008539855,0.03824044,0.029700585,train,-0.00014113379
2016-04-15,IWM,0.0075305235,-0.024184395,0.031714916,train,-0.0054144496
2016-04-15,SPY,0.0070020994,0.0073006833,0.00029858388,train,-0.014941276
2016-04-15,TLT,-0.00433211,-0.016065808,0.011733698,train,0.013505151
2016-04-18,EFA,0.017198138,-0.018060366,0.0352585,train,0.03824044
2016-04-18,IWM,0.000794,-0.04732896,0.04812296,train,-0.024184395
2016-04-18,SPY,0.0031491977,-0.025687842,0.02883704,train,0.0073006833
2016-04-18,TLT,-0.0031267228,0.009841306,0.012968029,train,-0.016065808
2016-04-19,EFA,0.0008354922,-0.035659578,0.03649507,train,-0.018060366
2016-04-19,IWM,0.0014982717,-0.037175924,0.038674194,train,-0.04732896
2016-04-19,SPY,0.000952624,-0.013770535,0.014723158,train,-0.025687842
2016-04-19,TLT,-0.011061635,0.009388082,0.020449717,train,0.009841306
2016-04-20,EFA,-0.0060312347,0.021160336,0.027191572,train,-0.035659578
2016-04-20,IWM,-0.0050321408,-0.016663494,0.011631353,train,-0.037175924
2016-04-20,SPY,-0.005393099,-0.002216385,0.003176714,train,-0.013770535
2016-04-20,TLT,-0.005965528,0.018969584,0.024935111,train,0.009388082
2016-04-21,EFA,0.00050423224,0.019997597,0.019493364,train,0.021160336
2016-04-21,IWM,0.009863502,-0.0147042,0.024567703,train,-0.016663494
2016-04-21,SPY,0.0,-0.0119992895,0.0119992895,train,-0.002216385
2016-04-21,TLT,-0.0025670994,-0.011821006,0.009253907,train,0.018969584
2016-04-22,EFA,-0.005051542,-0.0010139619,0.0040375805,train,0.019997597
2016-04-22,IWM,-0.0071236333,-0.011901026,0.0047773924,train,-0.0147042
2016-04-22,SPY,-0.0017242149,-0.0051397365,0.0034155217,train,-0.0119992895
2016-04-22,TLT,-0.004138355,-0.014628143,0.010489788,train,-0.011821006
2016-04-25,EFA,0.003538601,0.04698043,0.04344183,train,-0.0010139619
2016-04-25,IWM,0.009749612,-0.01935051,0.029100122,train,-0.011901026
2016-04-25,SPY,0.0014849636,-0.008689587,0.01017455,train,-0.0051397365
2016-04-25,TLT,-0.004547371,-0.0067174863,0.0021701152,train,-0.014628143
2016-04-26,EFA,0.0006726431,0.0033639024,0.0026912594,train,0.04698043
2016-04-26,IWM,0.0034898578,-0.02163141,0.025121268,train,-0.01935051
2016-04-26,SPY,0.0020559842,-0.0028290024,0.0048849867,train,-0.008689587
2016-04-26,TLT,0.009930698,-0.0017191481,0.011649846,train,-0.0067174863
2016-04-27,EFA,-0.013709251,0.0006184287,0.01432768,train,0.0033639024
2016-04-27,IWM,-0.01147577,0.008049146,0.019524917,train,-0.02163141
2016-04-27,SPY,-0.009117023,0.018068813,0.027185835,train,-0.0028290024
2016-04-27,TLT,0.004115872,-0.005389219,0.009505091,train,-0.0017191481
2016-04-28,EFA,-0.004269499,0.021424988,0.025694488,train,0.0006184287
2016-04-28,IWM,-0.009027203,-0.011770843,0.00274364,train,0.008049146
2016-04-28,SPY,-0.005413306,-0.016368581,0.010955275,train,0.018068813
2016-04-28,TLT,0.0025533147,0.006298396,0.0037450811,train,-0.005389219
2016-04-29,EFA,0.009368777,0.0045953654,0.004773412,train,0.021424988
2016-04-29,IWM,0.008851103,0.005067493,0.0037836097,train,-0.011770843
2016-04-29,SPY,0.007916712,-0.023317954,0.031234667,train,-0.016368581
2016-04-29,TLT,-0.010118905,0.0016589083,0.011777814,train,0.006298396
2016-05-02,EFA,-0.016583024,0.014816768,0.03139979,train,0.0045953654
2016-05-02,IWM,-0.016526408,-0.012883526,0.0036428822,train,0.005067493
2016-05-02,SPY,-0.008740694,0.0090340385,0.017774733,train,-0.023317954
2016-05-02,TLT,0.012517414,-0.011975181,0.024492595,train,0.0016589083
2016-05-03,EFA,-0.011616886,0.03449678,0.046113666,train,0.014816768
2016-05-03,IWM,-0.008276532,0.022531787,0.030808318,train,-0.012883526
2016-05-03,SPY,-0.0055941227,-0.01810491,0.012510788,train,0.0090340385
2016-05-03,TLT,0.0054705455,-0.024469811,0.029940357,train,-0.011975181
2016-05-04,EFA,-0.0020949023,0.027938975,0.030033877,train,0.03449678
2016-05-04,IWM,-0.0039824285,-0.0018601541,0.0021222744,train,0.022531787
2016-05-04,SPY,-0.0001951987,-0.009509948,0.009314749,train,-0.01810491
2016-05-04,TLT,0.0066627506,0.00010703574,0.0065557146,train,-0.024469811
2016-05-05,EFA,0.0027923784,-0.004423336,0.0072157145,train,0.027938975
2016-05-05,IWM,0.005877773,-0.0060277963,0.01190557,train,-0.0018601541
2016-05-05,SPY,0.0036523878,0.010874848,0.00722246,train,-0.009509948
2016-05-05,TLT,-0.0042836317,-0.0059851026,0.0017014709,train,0.00010703574
2016-05-06,EFA,-0.0020937098,-0.042497568,0.040403858,train,-0.004423336
2016-05-06,IWM,0.0028810238,-0.031677138,0.034558162,train,-0.0060277963
2016-05-06,SPY,0.0008257438,-0.005608541,0.0064342846,train,0.010874848
2016-05-06,TLT,0.0031375312,-0.025458777,0.028596308,train,-0.0059851026
2016-05-09,EFA,0.014219188,-0.032740016,0.046959203,train,-0.042497568
2016-05-09,IWM,0.0100189475,-0.018827723,0.02884667,train,-0.031677138
2016-05-09,SPY,0.01235727,0.008329456,0.0040278146,train,-0.005608541
2016-05-09,TLT,7.685462e-05,-0.01025118,0.010328035,train,-0.025458777
2016-05-10,EFA,-0.008646001,-0.03579813,0.027152129,train,-0.032740016
2016-05-10,IWM,-0.012449425,-0.009363369,0.0030860556,train,-0.018827723
2016-05-10,SPY,-0.0093986215,-0.0135063855,0.004107764,train,0.008329456
2016-05-10,TLT,0.005638586,-0.0009371878,0.0065757735,train,-0.01025118
2016-05-11,EFA,-0.00034751062,0.023361668,0.023709178,train,-0.03579813
2016-05-11,IWM,-0.0053312634,0.0011793708,0.006510634,train,-0.009363369
2016-05-11,SPY,0.00029026796,-0.016300479,0.016590746,train,-0.0135063855
2016-05-11,TLT,-0.0045693396,0.003037865,0.007607205,train,-0.0009371878
2016-05-12,EFA,-0.010302931,0.01234519,0.022648122,train,0.023361668
2016-05-12,IWM,-0.0066362754,-0.0094114095,0.002775134,train,0.0011793708
2016-05-12,SPY,-0.008752248,-0.01568455,0.0069323024,train,-0.016300479
2016-05-12,TLT,0.009647318,-0.028289175,0.037936494,train,0.003037865
2016-05-13,EFA,0.011865511,0.0012750726,0.010590438,train,0.01234519
2016-05-13,IWM,0.012598291,-0.0026175214,0.015215812,train,-0.0094114095
2016-05-13,SPY,0.009816941,-0.030709954,0.040526897,train,-0.01568455
2016-05-13,TLT,-0.008655296,-0.009161856,0.0005065603,train,-0.028289175
2016-05-16,EFA,-0.0073120315,0.005434475,0.012746506,train,0.0012750726
2016-05-16,IWM,-0.015978543,-0.014841755,0.0011367882,train,-0.0026175214
2016-05-16,SPY,-0.009377216,0.0020415296,0.011418746,train,-0.030709954
2016-05-16,TLT,0.0016754931,-0.008130605,0.009806098,train,-0.009161856
2016-05-17,EFA,0.00034915452,0.0065587005,0.006209546,train,0.005434475
2016-05-17,IWM,0.0052028527,-0.013408151,0.018611005,train,-0.014841755
2016-05-17,SPY,0.00029234335,-0.012113506,0.012405849,train,0.0020415296
2016-05-17,TLT,-0.014337458,-0.008299567,0.006037891,train,-0.008130605
2016-05-18,EFA,-0.0071872175,0.03120646,0.038393676,train,0.0065587005
2016-05-18,IWM,-0.008044153,-0.011184252,0.0031400984,train,-0.013408151
2016-05-18,SPY,-0.0034705293,-0.03324896,0.029778432,train,-0.012113506
2016-05-18,TLT,0.004315321,0.0021361348,0.002179186,train,-0.008299567
2016-05-19,EFA,0.008234848,-0.0071176384,0.015352487,train,0.03120646
2016-05-19,IWM,0.016655842,-0.025880486,0.042536326,train,-0.011184252
2016-05-19,SPY,0.0062974924,-0.033220377,0.03951787,train,-0.03324896
2016-05-19,TLT,0.0007681521,0.002879272,0.00211112,train,0.0021361348
2016-05-20,EFA,-0.0033209387,0.02525755,0.028578488,train,-0.0071176384
2016-05-20,IWM,-0.0011740965,0.03254656,0.033720657,train,-0.025880486
2016-05-20,SPY,-0.0013635595,-0.0034826307,0.0021190713,train,-0.033220377
2016-05-20,TLT,0.002226194,-0.00047699572,0.0027031896,train,0.002879272
2016-05-23,EFA,0.014426421,0.021111924,0.006685503,train,0.02525755
2016-05-23,IWM,0.020394478,0.0056051933,0.014789285,train,0.03254656
2016-05-23,SPY,0.012878623,0.00980096,0.0030776625,train,-0.0034826307
2016-05-23,TLT,-0.0044566626,0.0004127957,0.0048694583,train,-0.00047699572
2016-05-24,EFA,0.01047127,0.02186698,0.011395709,train,0.021111924
2016-05-24,IWM,0.0058268174,0.03243156,0.026604744,train,0.0056051933
2016-05-24,SPY,0.0067604114,-0.0029405465,0.009700958,train,0.00980096
2016-05-24,TLT,-0.003780392,0.0027279344,0.006508326,train,0.0004127957
2016-05-25,EFA,0.0027285689,0.013397339,0.0106687695,train,0.02186698
2016-05-25,IWM,-0.0011451899,0.017604053,0.018749243,train,0.03243156
2016-05-25,SPY,0.00028675498,-0.02220499,0.022491744,train,-0.0029405465
2016-05-25,TLT,0.005165523,0.0048953034,0.00027021952,train,0.0027279344
2016-05-26,EFA,-0.0010224617,-0.024336493,0.02331403,train,0.013397339
2016-05-26,IWM,0.009909561,0.021240192,0.011330631,train,0.017604053
2016-05-26,SPY,0.004290038,-0.03150346,0.0357935,train,-0.02220499
2016-05-26,TLT,-0.001461968,-0.010042197,0.008580229,train,0.0048953034
2016-05-27,EFA,-0.0047847717,-0.016870653,0.012085881,train,-0.024336493
2016-05-27,IWM,0.0034842326,-0.024895864,0.028380096,train,0.021240192
2016-05-27,SPY,-0.0019045445,-0.0028244595,0.0009199149,train,-0.03150346
2016-05-27,TLT,0.0023843495,0.0009902895,0.00139406,train,-0.010042197
2016-05-31,EFA,-0.0008567371,-0.004814959,0.003958222,train,-0.016870653
2016-05-31,IWM,0.0067597283,-0.0015993838,0.008359112,train,-0.024895864
2016-05-31,SPY,0.0020470645,-0.005105367,0.0071524316,train,-0.0028244595
2016-05-31,TLT,0.004049471,-0.014418668,0.01846814,train,0.0009902895
2016-06-01,EFA,0.0,-0.0048886677,0.0048886677,train,-0.004814959
2016-06-01,IWM,0.007657383,-0.0219235,0.029580882,train,-0.0015993838
2016-06-01,SPY,0.003039195,-0.026850644,0.029889839,train,-0.005105367
2016-06-01,TLT,0.00718121,-0.0042624027,0.011443613,train,-0.014418668
2016-06-02,EFA,0.006493516,0.011888346,0.00539483,train,-0.0048886677
2016-06-02,IWM,-0.0060178176,-0.015485843,0.009468025,train,-0.0219235
2016-06-02,SPY,-0.002991835,-0.030864837,0.027873002,train,-0.026850644
2016-06-02,TLT,0.014135253,-0.013160673,0.027295925,train,-0.0042624027
2016-06-03,EFA,0.0056051835,0.0046147862,0.0009903973,train,0.011888346
2016-06-03,IWM,0.0107209915,-0.04373337,0.05445436,train,-0.015485843
2016-06-03,SPY,0.005075984,0.0062887,0.0012127156,train,-0.030864837
2016-06-03,TLT,-0.0074587306,0.0031731687,0.010631899,train,-0.013160673
2016-06-06,EFA,0.0072569633,0.004854284,0.002402679,train,0.0046147862
2016-06-06,IWM,0.0028964612,-0.006023637,0.008920098,train,-0.04373337
2016-06-06,SPY,0.0015599066,-0.03023308,0.031792987,train,0.0062887
2016-06-06,TLT,0.0024173432,-0.043703977,0.04612132,train,0.0031731687
2016-06-07,EFA,0.0020156365,0.0131402835,0.011124647,train,0.004854284
2016-06-07,IWM,0.0073733563,-0.028186437,0.035559792,train,-0.006023637
2016-06-07,SPY,0.0032544865,-0.029533466,0.032787953,train,-0.03023308
2016-06-07,TLT,0.005341637,0.00054308143,0.0047985557,train,-0.043703977
2016-06-08,EFA,-0.012326022,-0.010307759,0.0020182626,train,0.0131402835
2016-06-08,IWM,-0.0064381845,0.02440024,0.030838424,train,-0.028186437
2016-06-08,SPY,-0.0013667346,-0.018783197,0.017416462,train,-0.029533466
2016-06-08,TLT,0.0064326157,-0.005943358,0.012375973,train,0.00054308143
2016-06-09,EFA,-0.029482422,-0.019030359,0.010452064,train,-0.010307759
2016-06-09,IWM,-0.013690876,-0.010473751,0.0032171244,train,0.02440024
2016-06-09,SPY,-0.0095226,-0.0033056599,0.0062169405,train,-0.018783197
2016-06-09,TLT,0.00483404,-0.0038992602,0.0087333005,train,-0.005943358
2016-06-10,EFA,-0.014629761,0.004354099,0.01898386,train,-0.019030359
2016-06-10,IWM,-0.010914675,-0.012001379,0.0010867044,train,-0.010473751
2016-06-10,SPY,-0.00774162,-0.015475717,0.0077340975,train,-0.0033056599
2016-06-10,TLT,0.0044418504,0.00046650227,0.003975348,train,-0.0038992602
2016-06-13,EFA,-0.016109183,0.028160678,0.04426986,train,0.004354099
2016-06-13,IWM,-0.0028780447,-0.003345623,0.00046757818,train,-0.012001379
2016-06-13,SPY,-0.001968783,-0.011029485,0.009060701,train,-0.015475717
2016-06-13,TLT,-0.0007392343,0.0010694659,0.0018087002,train,0.00046650227
2016-06-14,EFA,0.006654218,-0.013864876,0.020519093,train,0.028160678
2016-06-14,IWM,0.0006981413,0.010188202,0.009490062,train,-0.003345623
2016-06-14,SPY,-0.0013949422,-0.010772159,0.009377217,train,-0.011029485
2016-06-14,TLT,0.0038367144,-0.00057092845,0.004407643,train,0.0010694659
2016-06-15,EFA,0.002148633,0.05270157,0.050552938,train,-0.013864876
2016-06-15,IWM,-8.715597e-05,0.025817102,0.025904259,train,0.010188202
2016-06-15,SPY,0.002980078,0.0043810373,0.0014009592,train,-0.010772159
2016-06-15,TLT,0.004848146,0.0034820186,0.0013661273,train,-0.00057092845
2016-06-16,EFA,0.0097889,0.03577106,0.02598216,train,0.05270157
2016-06-16,IWM,-0.004286883,0.0116920015,0.015978884,train,0.025817102
2016-06-16,SPY,-0.0037311248,-0.0053276764,0.0015965516,train,0.0043810373
2016-06-16,TLT,-0.006247833,0.013730391,0.019978223,train,0.0034820186
2016-06-17,EFA,0.024494164,-0.010180434,0.0346746,train,0.03577106
2016-06-17,IWM,0.0108127305,0.040892594,0.030079864,train,0.0116920015
2016-06-17,SPY,0.0064193136,-0.0011577832,0.007577097,train,-0.0053276764
2016-06-17,TLT,-0.010750407,-0.007717599,0.0030328082,train,0.013730391
2016-06-20,EFA,0.008090176,-0.039467946,0.04755812,train,-0.010180434
2016-06-20,IWM,-0.0019098689,0.017137686,0.019047555,train,0.040892594
2016-06-20,SPY,0.0028344404,0.029255895,0.026421454,train,-0.0011577832
2016-06-20,TLT,-0.004631674,-0.0060134763,0.0013818024,train,-0.007717599
2016-06-21,EFA,-0.00061258127,-0.017161211,0.01654863,train,-0.039467946
2016-06-21,IWM,-0.0039181127,0.017104564,0.021022677,train,0.017137686
2016-06-21,SPY,-0.0016325675,0.014753473,0.01638604,train,0.029255895
2016-06-21,TLT,0.0016456101,0.0014766038,0.00016900629,train,-0.0060134763
2016-06-22,EFA,0.027285537,-0.008513792,0.03579933,train,-0.017161211
2016-06-22,IWM,0.018924978,0.0028404675,0.01608451,train,0.017104564
2016-06-22,SPY,0.012938592,-0.022898363,0.035836954,train,0.014753473
2016-06-22,TLT,-0.011504484,-0.0039361278,0.0075683566,train,0.0014766038
2016-06-23,EFA,-0.08977167,-0.06854291,0.02122876,train,-0.008513792
2016-06-23,IWM,-0.03874833,-0.03701724,0.0017310902,train,0.0028404675
2016-06-23,SPY,-0.036569558,0.0074438797,0.044013437,train,-0.022898363
2016-06-23,TLT,0.026493473,0.015504101,0.010989372,train,-0.0039361278
2016-06-24,EFA,-0.019381808,0.010855689,0.030237496,train,-0.06854291
2016-06-24,IWM,-0.033386085,0.0031504505,0.036536537,train,-0.03701724
2016-06-24,SPY,-0.018072467,0.065906845,0.08397931,train,0.0074438797
2016-06-24,TLT,0.024660254,-0.040186003,0.064846255,train,0.015504101
2016-06-27,EFA,0.025882682,0.030179292,0.00429661,train,0.010855689
2016-06-27,IWM,0.015338447,-0.043531597,0.058870044,train,0.0031504505
2016-06-27,SPY,0.017875448,-0.013842815,0.03171826,train,0.065906845
2016-06-27,TLT,0.0020815788,0.0050340546,0.0029524758,train,-0.040186003
2016-06-28,EFA,0.018164176,0.1087248,0.09056063,train,0.030179292
2016-06-28,IWM,0.022486843,-0.029851893,0.052338734,train,-0.043531597
2016-06-28,SPY,0.016884131,-0.011881028,0.02876516,train,-0.013842815
2016-06-28,TLT,-0.0077020824,-0.023554074,0.015851991,train,0.0050340546
2016-06-29,EFA,0.014798969,0.016686408,0.0018874388,train,0.1087248
2016-06-29,IWM,0.01843317,-0.060289405,0.078722574,train,-0.029851893
2016-06-29,SPY,0.013553384,-0.009039325,0.022592708,train,-0.011881028
2016-06-29,TLT,0.0036788983,-0.013377159,0.017056057,train,-0.023554074
2016-06-30,EFA,0.0,0.021595722,0.021595722,train,0.016686408
2016-06-30,IWM,0.0035591912,-0.05067452,0.05423371,train,-0.060289405
2016-06-30,SPY,0.002098637,0.002826841,0.00072820415,train,-0.009039325
2016-06-30,TLT,0.013788508,-0.035710026,0.049498536,train,-0.013377159
2016-07-01,EFA,-0.019537438,0.058343813,0.07788125,train,0.021595722
2016-07-01,IWM,-0.014842088,0.04388003,0.05872212,train,-0.05067452
2016-07-01,SPY,-0.0072195646,-0.0042975293,0.0029220353,train,0.002826841
2016-07-01,TLT,0.012442556,-0.0355512,0.047993757,train,-0.035710026
2016-07-05,EFA,-0.0018285331,0.0026568833,0.004485416,train,0.058343813
2016-07-05,IWM,0.0072346455,0.005608904,0.0016257414,train,0.04388003
2016-07-05,SPY,0.0059800167,-0.047365032,0.053345047,train,-0.0042975293
2016-07-05,TLT,0.0016153442,0.00097571197,0.0006396322,train,-0.0355512
2016-07-06,EFA,-0.004034507,0.020093968,0.024128474,train,0.0026568833
2016-07-06,IWM,0.0021052195,-0.004659444,0.0067646634,train,0.005608904
2016-07-06,SPY,-0.0006200956,-0.032243934,0.031623837,train,-0.047365032
2016-07-06,TLT,-7.055743e-05,-0.022363609,0.022293052,train,0.00097571197
2016-07-07,EFA,0.015136683,0.024318522,0.0091818385,train,0.020093968
2016-07-07,IWM,0.023039304,-0.008636466,0.03167577,train,-0.004659444
2016-07-07,SPY,0.014780622,-0.011901221,0.026681844,train,-0.032243934
2016-07-07,TLT,0.007338666,0.015544004,0.008205337,train,-0.022363609
2016-07-08,EFA,0.014554073,0.033150967,0.018596895,train,0.024318522
2016-07-08,IWM,0.0114928875,-0.022814445,0.03430733,train,-0.008636466
2016-07-08,SPY,0.0035203975,-0.0377597,0.0412801,train,-0.011901221
2016-07-08,TLT,-0.008812786,-0.026041748,0.017228961,train,0.015544004
2016-07-11,EFA,0.013465947,0.07361992,0.06015397,train,0.033150967
2016-07-11,IWM,0.0132853715,-0.01715703,0.030442402,train,-0.022814445
2016-07-11,SPY,0.0072371303,0.029613143,0.022376012,train,-0.0377597
2016-07-11,TLT,-0.016576322,0.023238638,0.03981496,train,-0.026041748
2016-07-12,EFA,-0.0010565144,0.051231135,0.05228765,train,0.07361992
2016-07-12,IWM,-0.003933761,-0.050059814,0.046126053,train,-0.01715703
2016-07-12,SPY,-0.00013960754,-0.016233863,0.016094256,train,0.029613143
2016-07-12,TLT,0.011716675,0.0069135986,0.0048030764,train,0.023238638
2016-07-13,EFA,0.00859577,0.010468288,0.0018725181,train,0.051231135
2016-07-13,IWM,0.001006139,0.009234778,0.008228639,train,-0.050059814
2016-07-13,SPY,0.0055681653,-0.02185364,0.027421806,train,-0.016233863
2016-07-13,TLT,-0.014649353,-0.023047883,0.00839853,train,0.0069135986
2016-07-14,EFA,-0.0050782696,0.01587112,0.02094939,train,0.010468288
2016-07-14,IWM,0.0027605765,-0.0012290564,0.003989633,train,0.009234778
2016-07-14,SPY,-0.0013426559,-0.03663656,0.035293907,train,-0.02185364
2016-07-14,TLT,-0.008634011,-0.0047728634,0.003861148,train,-0.023047883
2016-07-15,EFA,0.0024546797,-0.027667137,0.030121816,train,0.01587112
2016-07-15,IWM,0.0016693448,-0.026351763,0.028021108,train,-0.0012290564
2016-07-15,SPY,0.0026835115,-0.03269973,0.035383243,train,-0.03663656
2016-07-15,TLT,-0.0009399022,-0.0033771389,0.0024372367,train,-0.0047728634
2016-07-18,EFA,-0.007911968,-0.01456599,0.0066540223,train,-0.027667137
2016-07-18,IWM,-0.0050165625,0.0043485267,0.009365089,train,-0.026351763
2016-07-18,SPY,-0.0010171356,-0.0016618038,0.00064466824,train,-0.03269973
2016-07-18,TLT,0.0056255637,-0.010513413,0.016138976,train,-0.0033771389
2016-07-19,EFA,0.008962283,-0.025168674,0.034130957,train,-0.01456599
2016-07-19,IWM,0.0065166797,0.023142485,0.016625805,train,0.0043485267
2016-07-19,SPY,0.0041542826,0.0058939066,0.001739624,train,-0.0016618038
2016-07-19,TLT,-0.005480939,-0.0077915704,0.0023106313,train,-0.010513413
2016-07-20,EFA,-0.004031991,0.051760256,0.055792246,train,-0.025168674
2016-07-20,IWM,-0.0047581485,0.010194301,0.014952449,train,0.023142485
2016-07-20,SPY,-0.0037842805,0.0060683293,0.00985261,train,0.0058939066
2016-07-20,TLT,0.0020229828,0.017398883,0.0153759,train,-0.0077915704
2016-07-21,EFA,0.0019304336,0.008290476,0.006360043,train,0.051760256
2016-07-21,IWM,0.007419528,0.021024032,0.013604503,train,0.010194301
2016-07-21,SPY,0.0044754785,-0.003584068,0.008059546,train,0.0060683293
2016-07-21,TLT,0.0017307237,0.014669706,0.012938983,train,0.017398883
2016-07-22,EFA,-0.0012280989,0.049098387,0.050326485,train,0.008290476
2016-07-22,IWM,-0.0014960557,0.004909143,0.0064051985,train,0.021024032
2016-07-22,SPY,-0.0027201232,0.011650603,0.014370726,train,-0.003584068
2016-07-22,TLT,-0.00072083663,0.015098217,0.015819054,train,0.014669706
2016-07-25,EFA,0.0042041214,0.009530614,0.0053264927,train,0.049098387
2016-07-25,IWM,0.0048128148,0.018381532,0.013568718,train,0.004909143
2016-07-25,SPY,0.0004618696,0.045101058,0.04463919,train,0.011650603
2016-07-25,TLT,0.0015853987,-0.008990527,0.010575926,train,0.015098217
2016-07-26,EFA,0.0036638447,-0.008784668,0.012448512,train,0.009530614
2016-07-26,IWM,0.0028103406,0.014688469,0.011878128,train,0.018381532
2016-07-26,SPY,-0.001061788,0.052914187,0.053975977,train,0.045101058
2016-07-26,TLT,0.01237581,0.02261663,0.01024082,train,-0.008990527
2016-07-27,EFA,-0.001045381,-0.016088145,0.015042764,train,-0.008784668
2016-07-27,IWM,-0.0025619927,0.03279959,0.035361584,train,0.014688469
2016-07-27,SPY,0.001153939,0.0433522,0.042198263,train,0.052914187
2016-07-27,TLT,-0.0018502995,-0.0064685633,0.004618264,train,0.02261663
2016-07-28,EFA,0.011785239,-0.016002797,0.027788036,train,-0.016088145
2016-07-28,IWM,0.0019842812,0.026237141,0.02425286,train,0.03279959
2016-07-28,SPY,0.0016132809,0.050572056,0.048958775,train,0.0433522
2016-07-28,TLT,0.008299308,-0.006112135,0.014411443,train,-0.0064685633
2016-07-29,EFA,-0.0065687913,-0.019493468,0.012924677,train,-0.016002797
2016-07-29,IWM,0.00082564686,0.022654334,0.021828687,train,0.026237141
2016-07-29,SPY,-0.00082955934,0.022066677,0.022896236,train,0.050572056
2016-07-29,TLT,-0.010901134,-0.0034331281,0.0074680066,train,-0.006112135
2016-08-01,EFA,-0.0050424202,-0.007768878,0.0027264575,train,-0.019493468
2016-08-01,IWM,-0.014045582,0.019104905,0.033150487,train,0.022654334
2016-08-01,SPY,-0.0064276424,0.012509917,0.01893756,train,0.022066677
2016-08-01,TLT,-0.010356281,-0.026278889,0.015922608,train,-0.0034331281
2016-08-02,EFA,-0.003492055,-0.012068869,0.008576814,train,-0.007768878
2016-08-02,IWM,0.008085896,0.02033476,0.0122488635,train,0.019104905
2016-08-02,SPY,0.002918221,-0.00631994,0.009238161,train,0.012509917
2016-08-02,TLT,0.00057824707,-0.04131803,0.041896276,train,-0.026278889
2016-08-03,EFA,0.0057557854,-0.014651035,0.02040682,train,-0.012068869
2016-08-03,IWM,0.0009127608,0.00070954,0.00020322081,train,0.02033476
2016-08-03,SPY,0.0010634573,0.012132459,0.011069002,train,-0.00631994
2016-08-03,TLT,0.007485802,-0.015122795,0.022608597,train,-0.04131803
2016-08-04,EFA,0.0045115342,0.004960454,0.00044891983,train,-0.014651035
2016-08-04,IWM,0.014329483,0.022122081,0.0077925986,train,0.00070954
2016-08-04,SPY,0.008145626,0.013924354,0.005778728,train,0.012132459
2016-08-04,TLT,-0.010452418,0.0077715293,0.018223947,train,-0.015122795
2016-08-05,EFA,0.002075301,0.011423021,0.00934772,train,0.004960454
2016-08-05,IWM,-0.00049085554,-0.016972788,0.016481932,train,0.022122081
2016-08-05,SPY,-0.0005958735,-0.0052153775,0.004619504,train,0.013924354
2016-08-05,TLT,0.0018824068,0.007609925,0.0057275183,train,0.0077715293
2016-08-08,EFA,0.007916135,-0.013852433,0.021768568,train,0.011423021
2016-08-08,IWM,0.0010630401,-0.008238712,0.009301753,train,-0.016972788
2016-08-08,SPY,0.0005958735,-0.0003632235,0.000959097,train,-0.0052153775
2016-08-08,TLT,0.009788447,0.0023994555,0.0073889913,train,0.007609925
2016-08-09,EFA,0.0034224002,-0.005617299,0.009039699,train,-0.013852433
2016-08-09,IWM,-0.007217272,-0.022720167,0.015502895,train,-0.008238712
2016-08-09,SPY,-0.0024781385,0.00242238,0.004900519,train,-0.0003632235
2016-08-09,TLT,0.0038603526,-0.012367399,0.016227752,train,0.0023994555
2016-08-10,EFA,0.007148644,-0.03656225,0.043710895,train,-0.005617299
2016-08-10,IWM,0.004762553,0.0059794514,0.0012168982,train,-0.022720167
2016-08-10,SPY,0.0046300134,-0.013011032,0.017641045,train,0.00242238
2016-08-10,TLT,-0.008958334,0.0045146365,0.013472971,train,-0.012367399
2016-08-11,EFA,-0.0025471451,-0.03678238,0.034235235,train,-0.03656225
2016-08-11,IWM,0.0009826955,-0.019499648,0.020482345,train,0.0059794514
2016-08-11,SPY,-0.0008691827,-0.008561485,0.0076923026,train,-0.013011032
2016-08-11,TLT,0.008386884,0.012101654,0.00371477,train,0.0045146365
2016-08-12,EFA,0.0039034355,-0.030988058,0.034891494,train,-0.03678238
2016-08-12,IWM,0.009853907,-0.014712756,0.024566662,train,-0.019499648
2016-08-12,SPY,0.002879649,-0.0050354274,0.007915076,train,-0.008561485
2016-08-12,TLT,-0.009467475,-0.021906866,0.012439391,train,0.012101654
2016-08-15,EFA,-0.0015256247,-0.03431713,0.032791503,train,-0.030988058
2016-08-15,IWM,-0.008136651,-0.0039896285,0.004147022,train,-0.014712756
2016-08-15,SPY,-0.0051710573,0.004914348,0.010085406,train,-0.0050354274
2016-08-15,TLT,-0.002669819,-0.009240642,0.0065708235,train,-0.021906866
2016-08-16,EFA,-0.00033935352,-0.009281456,0.008942102,train,-0.03431713
2016-08-16,IWM,-0.002945706,-0.009052599,0.0061068926,train,-0.0039896285
2016-08-16,SPY,0.0018790958,-0.009302595,0.011181691,train,0.004914348
2016-08-16,TLT,0.005979713,0.015125491,0.009145778,train,-0.009240642
2016-08-17,EFA,0.0050779097,-0.018054212,0.023132121,train,-0.009281456
2016-08-17,IWM,0.0073476736,-0.008532136,0.01587981,train,-0.009052599
2016-08-17,SPY,0.0022414385,0.00203103,0.00021040859,train,-0.009302595
2016-08-17,TLT,0.0015784566,0.014142043,0.012563586,train,0.015125491
2016-08-18,EFA,-0.007456443,-0.020598564,0.013142122,train,-0.018054212
2016-08-18,IWM,0.0,-0.0075921267,0.0075921267,train,-0.008532136
2016-08-18,SPY,-0.0014633754,0.008463545,0.00992692,train,0.00203103
2016-08-18,TLT,-0.005248688,0.032743197,0.037991885,train,0.014142043
2016-08-19,EFA,0.0010200519,-0.014847293,0.015867345,train,-0.020598564
2016-08-19,IWM,0.002275095,-0.010813315,0.013088411,train,-0.0075921267
2016-08-19,SPY,-4.533438e-05,-0.0031056295,0.003060295,train,0.008463545
2016-08-19,TLT,0.008399353,0.026581267,0.018181913,train,0.032743197
2016-08-22,EFA,0.004239023,-0.015477215,0.019716239,train,-0.014847293
2016-08-22,IWM,0.006955082,0.0035754207,0.0033796614,train,-0.010813315
2016-08-22,SPY,0.0020111618,0.013329066,0.011317905,train,-0.0031056295
2016-08-22,TLT,0.0010720141,-0.004053938,0.0051259524,train,0.026581267
2016-08-23,EFA,-0.0023718544,-0.015686678,0.013314824,train,-0.015477215
2016-08-23,IWM,-0.008173467,0.00466251,0.012835977,train,0.0035754207
2016-08-23,SPY,-0.005127931,0.023147324,0.028275255,train,0.013329066
2016-08-23,TLT,-0.0023596939,0.015493273,0.017852966,train,-0.004053938
2016-08-24,EFA,-0.004078827,-0.019092746,0.015013919,train,-0.015686678
2016-08-24,IWM,0.0019484102,-0.0073514553,0.009299865,train,0.00466251
2016-08-24,SPY,-0.00068885274,-0.0015848323,0.0008959796,train,0.023147324
2016-08-24,TLT,-0.0038010876,0.021722851,0.025523938,train,0.015493273
2016-08-25,EFA,-0.005978041,-0.033535495,0.027557455,train,-0.019092746
2016-08-25,IWM,-0.002029656,-0.00048459624,0.0015450597,train,-0.0073514553
2016-08-25,SPY,-0.0018849664,-0.028288754,0.026403787,train,-0.0015848323
2016-08-25,TLT,-0.005836947,0.021216951,0.027053898,train,0.021722851
2016-08-26,EFA,0.0030788302,0.012031115,0.008952284,train,-0.033535495
2016-08-26,IWM,0.005187304,0.0097609805,0.0045736763,train,-0.00048459624
2016-08-26,SPY,0.004912245,-0.010736969,0.015649214,train,-0.028288754
2016-08-26,TLT,0.013282163,0.034348205,0.021066042,train,0.021216951
2016-08-29,EFA,-0.001367218,-0.024941249,0.02357403,train,0.012031115
2016-08-29,IWM,0.0018577515,0.0081305085,0.006272757,train,0.0097609805
2016-08-29,SPY,-0.0016500473,-0.009789588,0.00813954,train,-0.010736969
2016-08-29,TLT,-0.0038589027,-0.023029603,0.0191707,train,0.034348205
2016-08-30,EFA,-0.002054511,-0.024572246,0.022517735,train,-0.024941249
2016-08-30,IWM,-0.0056643547,0.011197387,0.016861742,train,0.0081305085
2016-08-30,SPY,-0.0028481642,-0.026256412,0.023408249,train,-0.009789588
2016-08-30,TLT,0.0014312441,-0.0010706193,0.0025018635,train,-0.023029603
2016-08-31,EFA,0.0068318755,0.016325498,0.009493623,train,-0.024572246
2016-08-31,IWM,0.0007297569,0.027448071,0.026718315,train,0.011197387
2016-08-31,SPY,4.6393878e-05,-0.0142377475,0.014284141,train,-0.026256412
2016-08-31,TLT,0.0011023034,-0.005435773,0.0065380763,train,-0.0010706193
2016-09-01,EFA,0.01150792,-0.020893464,0.032401383,train,0.016325498
2016-09-01,IWM,0.009603671,0.012329123,0.0027254522,train,0.027448071
2016-09-01,SPY,0.0044974317,-0.03739148,0.04188891,train,-0.0142377475
2016-09-01,TLT,-0.008189998,0.004835856,0.013025854,train,-0.005435773
2016-09-02,EFA,0.0067080534,-0.01170493,0.018412983,train,-0.020893464
2016-09-02,IWM,0.00096323964,-0.00685314,0.00781638,train,0.012329123
2016-09-02,SPY,0.0030178416,-0.038438324,0.041456167,train,-0.03739148
2016-09-02,TLT,0.0072594993,-0.015867032,0.023126531,train,0.004835856
2016-09-06,EFA,0.0005012905,-0.022503542,0.023004832,train,-0.01170493
2016-09-06,IWM,0.006239058,0.005001096,0.0012379619,train,-0.00685314
2016-09-06,SPY,-9.0793386e-05,-0.0043677157,0.0042769224,train,-0.038438324
2016-09-06,TLT,-0.00071673485,-0.01847795,0.017761216,train,-0.015867032
2016-09-07,EFA,-0.002843918,-0.0016305998,0.0012133182,train,-0.022503542
2016-09-07,IWM,-0.0019953602,-0.0012519585,0.0007434017,train,0.005001096
2016-09-07,SPY,-0.0022861362,0.0033543936,0.00564053,train,-0.0043677157
2016-09-07,TLT,-0.012620588,0.010691978,0.023312565,train,-0.01847795
2016-09-08,EFA,-0.019625165,-0.0085099405,0.011115224,train,-0.0016305998
2016-09-08,IWM,-0.031738702,-0.011145594,0.020593109,train,-0.0012519585
2016-09-08,SPY,-0.0242259,-0.025116598,0.0008906983,train,0.0033543936
2016-09-08,TLT,-0.016611058,0.027138492,0.04374955,train,0.010691978
2016-09-09,EFA,0.008167661,-0.0083138095,0.01648147,train,-0.0085099405
2016-09-09,IWM,0.013842171,0.044905268,0.031063097,train,-0.011145594
2016-09-09,SPY,0.014245756,0.012941546,0.0013042102,train,-0.025116598
2016-09-09,TLT,0.0005160563,-0.02172607,0.022242127,train,0.027138492
2016-09-12,EFA,-0.020372199,0.037707504,0.058079705,train,-0.0083138095
2016-09-12,IWM,-0.019383013,0.021203423,0.040586434,train,0.044905268
2016-09-12,SPY,-0.014479961,-0.03837561,0.023895647,train,0.012941546
2016-09-12,TLT,-0.011422316,-0.018288849,0.0068665333,train,-0.02172607
2016-09-13,EFA,-0.0013848407,-0.008651233,0.0072663925,train,0.037707504
2016-09-13,IWM,0.00016582655,-0.02302101,0.023186836,train,0.021203423
2016-09-13,SPY,-0.0003753618,-0.017104117,0.016728755,train,-0.03837561
2016-09-13,TLT,0.0014904169,-0.008131369,0.009621786,train,-0.018288849
2016-09-14,EFA,0.008622441,0.037486587,0.028864145,train,-0.008651233
2016-09-14,IWM,0.011869513,-0.052290246,0.06415976,train,-0.02302101
2016-09-14,SPY,0.009943534,-0.004650318,0.014593852,train,-0.017104117
2016-09-14,TLT,-0.0043290854,-0.04620284,0.041873753,train,-0.008131369
2016-09-15,EFA,-0.012961352,-0.008624838,0.0043365145,train,0.037486587
2016-09-15,IWM,-0.0014760073,0.014583056,0.016059063,train,-0.052290246
2016-09-15,SPY,-0.0038730723,-0.013247791,0.009374718,train,-0.004650318
2016-09-15,TLT,0.0080472035,-0.034302842,0.042350046,train,-0.04620284
2016-09-16,EFA,0.0052045085,0.021161888,0.01595738,train,-0.008624838
2016-09-16,IWM,0.006624768,-0.0022098862,0.008834654,train,0.014583056
2016-09-16,SPY,0.00018718571,-0.030359434,0.03054662,train,-0.013247791
2016-09-16,TLT,-0.0032709835,-0.014386219,0.011115235,train,-0.034302842
2016-09-19,EFA,0.00603838,0.015527851,0.009489471,train,0.021161888
2016-09-19,IWM,-0.0042477455,0.004885083,0.009132829,train,-0.0022098862
2016-09-19,SPY,4.6936326e-05,0.04068332,0.040636387,train,-0.030359434
2016-09-19,TLT,0.003492974,-0.013640973,0.017133947,train,-0.014386219
2016-09-20,EFA,0.017391585,-0.0043627853,0.02175437,train,0.015527851
2016-09-20,IWM,0.014386358,0.026415704,0.012029346,train,0.004885083
2016-09-20,SPY,0.0111825885,0.014460096,0.0032775076,train,0.04068332
2016-09-20,TLT,0.008055107,-0.008011694,0.0160668,train,-0.013640973
2016-09-21,EFA,0.01009115,-0.02801407,0.03810522,train,-0.0043627853
2016-09-21,IWM,0.014261799,0.005588119,0.00867368,train,0.026415704
2016-09-21,SPY,0.0062818388,0.00029859948,0.005983239,train,0.014460096
2016-09-21,TLT,0.007917202,0.0017772305,0.0061399713,train,-0.008011694
2016-09-22,EFA,-0.008402034,-0.008167843,0.00023419037,train,-0.02801407
2016-09-22,IWM,-0.0071053025,-0.019541953,0.012436651,train,0.005588119
2016-09-22,SPY,-0.005494273,-0.005431597,6.267568e-05,train,0.00029859948
2016-09-22,TLT,-0.00094981294,-0.012894872,0.011945059,train,0.0017772305
2016-09-23,EFA,-0.009324786,-0.02805419,0.018729404,train,-0.008167843
2016-09-23,IWM,-0.009980014,-0.004268123,0.0057118908,train,-0.019541953
2016-09-23,SPY,-0.008135308,0.03638356,0.04451887,train,-0.005431597
2016-09-23,TLT,0.0063385097,0.008910091,0.002571581,train,-0.012894872
2016-09-26,EFA,0.0047582244,-0.015259703,0.020017928,train,-0.02805419
2016-09-26,IWM,0.0040490283,-0.01862018,0.022669207,train,-0.004268123
2016-09-26,SPY,0.0061888746,-0.011510584,0.017699458,train,0.03638356
2016-09-26,TLT,0.0073090205,-0.0037184528,0.011027473,train,0.008910091
2016-09-27,EFA,0.007094559,0.01702398,0.009929422,train,-0.015259703
2016-09-27,IWM,0.007648663,-0.009819021,0.017467685,train,-0.01862018
2016-09-27,SPY,0.0049510687,-0.027515309,0.032466378,train,-0.011510584
2016-09-27,TLT,-0.0021659876,-0.025697455,0.023531467,train,-0.0037184528
2016-09-28,EFA,-0.0125342095,-0.009028644,0.0035055652,train,0.01702398
2016-09-28,IWM,-0.014704853,-0.02388466,0.009179806,train,-0.009819021
2016-09-28,SPY,-0.009088609,-0.025035793,0.015947184,train,-0.027515309
2016-09-28,TLT,0.0025259105,-0.02327676,0.02580267,train,-0.025697455
2016-09-29,EFA,0.0078100436,0.020704696,0.012894653,train,-0.009028644
2016-09-29,IWM,0.010928146,0.004537547,0.0063905986,train,-0.02388466
2016-09-29,SPY,0.0075179986,-0.011892618,0.019410616,train,-0.025035793
2016-09-29,TLT,-0.008977047,-0.0015367738,0.0074402736,train,-0.02327676
2016-09-30,EFA,-0.0027096872,-0.013703746,0.010994058,train,0.020704696
2016-09-30,IWM,-0.0031449986,-0.018011237,0.014866238,train,0.004537547
2016-09-30,SPY,-0.0024070137,-0.044299264,0.04189225,train,-0.011892618
2016-09-30,TLT,-0.0033053933,0.006192021,0.009497414,train,-0.0015367738
2016-10-03,EFA,-0.00016973312,-5.079247e-05,0.00011894065,train,-0.013703746
2016-10-03,IWM,-0.0049384525,-0.0059370985,0.000998646,train,-0.018011237
2016-10-03,SPY,-0.005110985,0.01225978,0.017370766,train,-0.044299264
2016-10-03,TLT,-0.011764168,0.031048685,0.042812854,train,0.006192021
2016-10-04,EFA,0.004062428,-0.045798995,0.049861424,train,-5.079247e-05
2016-10-04,IWM,0.0059880926,-0.022224475,0.028212568,train,-0.0059370985
2016-10-04,SPY,0.0044158115,-0.014853968,0.01926978,train,0.01225978
2016-10-04,TLT,-0.0046706665,0.0024088793,0.007079546,train,0.031048685
2016-10-05,EFA,-0.005419961,-0.007906566,0.0024866052,train,-0.045798995
2016-10-05,IWM,-0.0010496401,-0.037051007,0.036001366,train,-0.022224475
2016-10-05,SPY,0.0006951733,0.024996564,0.024301391,train,-0.014853968
2016-10-05,TLT,-0.0055884398,-0.005072334,0.0005161059,train,0.0024088793
2016-10-06,EFA,-0.005108172,-0.03627696,0.031168787,train,-0.007906566
2016-10-06,IWM,-0.008027418,0.007495706,0.015523124,train,-0.037051007
2016-10-06,SPY,-0.0034354457,0.009836833,0.013272279,train,0.024996564
2016-10-06,TLT,0.00067289063,-0.0068837274,0.007556618,train,-0.005072334
2016-10-07,EFA,0.0028978137,-0.01863641,0.021534223,train,-0.03627696
2016-10-07,IWM,0.011896634,0.018231928,0.006335295,train,0.007495706
2016-10-07,SPY,0.005194971,0.005629398,0.00043442706,train,0.009836833
2016-10-07,TLT,-0.0059170267,-0.007708163,0.0017911363,train,-0.0068837274
2016-10-10,EFA,-0.01422839,0.014905096,0.029133486,train,-0.01863641
2016-10-10,IWM,-0.018430892,0.019774327,0.03820522,train,0.018231928
2016-10-10,SPY,-0.012709756,0.024694396,0.037404153,train,0.005629398
2016-10-10,TLT,-0.0022557094,-0.015052878,0.012797169,train,-0.007708163
2016-10-11,EFA,-0.00224721,0.014889234,0.017136443,train,0.014905096
2016-10-11,IWM,-0.00081981916,0.01836625,0.019186068,train,0.019774327
2016-10-11,SPY,0.001311188,0.04961845,0.048307262,train,0.024694396
2016-10-11,TLT,0.0009781361,-0.02106269,0.022040827,train,-0.015052878
2016-10-12,EFA,-0.0038138255,0.01707817,0.020891996,train,0.014889234
2016-10-12,IWM,-0.008317969,0.0059081214,0.01422609,train,0.01836625
2016-10-12,SPY,-0.0032809079,0.02955407,0.032834977,train,0.04961845
2016-10-12,TLT,0.003753547,0.0067630718,0.0030095247,train,-0.02106269
2016-10-13,EFA,0.0017352889,0.0032851256,0.0015498367,train,0.01707817
2016-10-13,IWM,-0.0040605185,0.005125679,0.009186197,train,0.0059081214
2016-10-13,SPY,0.00051623234,-0.011515469,0.012031701,train,0.02955407
2016-10-13,TLT,-0.01411092,0.008924709,0.023035629,train,0.0067630718
2016-10-14,EFA,-0.0029519869,-0.018292362,0.015340375,train,0.0032851256
2016-10-14,IWM,-0.0011632951,-0.0042432686,0.0030799736,train,0.005125679
2016-10-14,SPY,-0.003478398,0.013249812,0.01672821,train,-0.011515469
2016-10-14,TLT,0.00636294,0.0010129351,0.005350005,train,0.008924709
2016-10-17,EFA,0.009864141,0.015405771,0.00554163,train,-0.018292362
2016-10-17,IWM,0.0057197236,-0.0116272485,0.017346973,train,-0.0042432686
2016-10-17,SPY,0.0062430734,0.022472946,0.016229872,train,0.013249812
2016-10-17,TLT,0.0032416126,0.005620084,0.0023784712,train,0.0010129351
2016-10-18,EFA,0.0027511928,-0.02070632,0.023457512,train,0.015405771
2016-10-18,IWM,0.00420682,0.002671772,0.001535048,train,-0.0116272485
2016-10-18,SPY,0.0026633984,-0.008339982,0.01100338,train,0.022472946
2016-10-18,TLT,0.0008279073,0.034478307,0.0336504,train,0.005620084
2016-10-19,EFA,0.001544734,0.0159982,0.014453465,train,-0.02070632
2016-10-19,IWM,-0.0029676233,-0.0053132884,0.0023456651,train,0.002671772
2016-10-19,SPY,-0.0018683918,0.012969392,0.014837784,train,-0.008339982
2016-10-19,TLT,0.0010523382,0.032085724,0.031033386,train,0.034478307
2016-10-20,EFA,-0.002231693,-0.015172697,0.012941004,train,0.0159982
2016-10-20,IWM,-0.00049550855,-0.0083562285,0.00786072,train,-0.0053132884
2016-10-20,SPY,0.0004672389,-0.01729669,0.01776393,train,0.012969392
2016-10-20,TLT,0.0015011354,0.024058675,0.02255754,train,0.032085724
2016-10-21,EFA,-0.0001717485,0.013326559,0.013498308,train,-0.015172697
2016-10-21,IWM,0.006339789,-0.0075074257,0.013847215,train,-0.0083562285
2016-10-21,SPY,0.004243785,-0.012421523,0.016665308,train,-0.01729669
2016-10-21,TLT,-0.004360254,-0.0124708675,0.008110614,train,0.024058675
2016-10-24,EFA,-0.00068772276,0.016548758,0.01723648,train,0.013326559
2016-10-24,IWM,-0.0074969316,-0.006405548,0.0010913834,train,-0.0075074257
2016-10-24,SPY,-0.0033558211,0.0113094635,0.014665285,train,-0.012421523
2016-10-24,TLT,0.0026334822,-0.017672814,0.020306297,train,-0.0124708675
2016-10-25,EFA,-0.004482068,-0.007903768,0.0034216996,train,0.016548758
2016-10-25,IWM,-0.009972528,-0.019150436,0.009177908,train,-0.006405548
2016-10-25,SPY,-0.0020099366,-0.026495663,0.024485726,train,0.0113094635
2016-10-25,TLT,-0.006785383,-0.01789854,0.011113156,train,-0.017672814
2016-10-26,EFA,-0.0012099161,-0.0048360284,0.0036261124,train,-0.007903768
2016-10-26,IWM,-0.011508357,0.0026302286,0.014138585,train,-0.019150436
2016-10-26,SPY,-0.0026704685,-0.023737377,0.021066908,train,-0.026495663
2016-10-26,TLT,-0.010953752,-0.0073826835,0.0035710689,train,-0.01789854
2016-10-27,EFA,-0.0003463956,0.004091813,0.004438209,train,-0.0048360284
2016-10-27,IWM,-0.0027918813,-0.0022084068,0.0005834745,train,0.0026302286
2016-10-27,SPY,-0.002960023,-0.027051171,0.024091149,train,-0.023737377
2016-10-27,TLT,-0.0022211361,-0.0089312745,0.006710138,train,-0.0073826835
2016-10-28,EFA,0.0005192432,-0.0017404177,0.002259661,train,0.004091813
2016-10-28,IWM,0.0039739893,-0.03238491,0.0363589,train,-0.0022084068
2016-10-28,SPY,4.74621e-05,-0.013927263,0.013974725,train,-0.027051171
2016-10-28,TLT,0.006114217,-0.0096649965,0.015779214,train,-0.0089312745
2016-10-31,EFA,-0.0043330686,-0.0035192773,0.0008137913,train,-0.0017404177
2016-10-31,IWM,-0.012311959,-0.0022663802,0.010045579,train,-0.03238491
2016-10-31,SPY,-0.0072721425,0.0057215933,0.012993736,train,-0.013927263
2016-10-31,TLT,7.568845e-05,-0.009260295,0.009335984,train,-0.0096649965
2016-11-01,EFA,-0.0067975246,-0.008582031,0.0017845067,train,-0.0035192773
2016-11-01,IWM,-0.012810881,0.0026394448,0.015450326,train,-0.0022663802
2016-11-01,SPY,-0.0060365354,0.0026652466,0.008701782,train,0.0057215933
2016-11-01,TLT,0.004342179,-0.0124652255,0.016807403,train,-0.009260295
2016-11-02,EFA,-0.0010499475,-0.012200228,0.01115028,train,-0.008582031
2016-11-02,IWM,-0.004857941,-0.005064043,0.00020610215,train,0.0026394448
2016-11-02,SPY,-0.004587228,-0.027176324,0.022589097,train,0.0026652466
2016-11-02,TLT,-0.007705963,0.006298448,0.014004411,train,-0.0124652255
2016-11-03,EFA,-0.0096754795,-0.011321109,0.0016456293,train,-0.012200228
2016-11-03,IWM,0.0064140735,-0.026008403,0.032422476,train,-0.005064043
2016-11-03,SPY,-0.0011024952,-0.017437903,0.016335407,train,-0.027176324
2016-11-03,TLT,0.008921005,-0.07230508,0.08122609,train,0.006298448
2016-11-04,EFA,0.01369391,0.012269258,0.0014246525,train,-0.011321109
2016-11-04,IWM,0.02415713,0.004063285,0.020093843,train,-0.026008403
2016-11-04,SPY,0.021817226,-0.028137911,0.049955137,train,-0.017437903
2016-11-04,TLT,-0.008538652,0.004507507,0.013046159,train,-0.07230508
2016-11-07,EFA,0.002786211,-0.004481408,0.0072676186,train,0.012269258
2016-11-07,IWM,0.002611017,-0.0031226848,0.005733702,train,0.004063285
2016-11-07,SPY,0.0044938903,0.0008730821,0.0036208082,train,-0.028137911
2016-11-07,TLT,-0.0040652873,-0.0314572,0.027391914,train,0.004507507
2016-11-08,EFA,0.0008690575,0.032518752,0.031649694,train,-0.004481408
2016-11-08,IWM,0.030323017,0.09190857,0.06158555,train,-0.0031226848
2016-11-08,SPY,0.010546101,0.010723054,0.00017695315,train,0.0008730821
2016-11-08,TLT,-0.043358527,-0.0086134635,0.034745064,train,-0.0314572
2016-11-09,EFA,-0.0027836994,0.050004926,0.052788626,train,0.032518752
2016-11-09,IWM,0.015868358,0.040657524,0.024789166,train,0.09190857
2016-11-09,SPY,0.0024923796,0.13583352,0.13334113,train,0.010723054
2016-11-09,TLT,-0.014881376,-0.016237827,0.0013564508,train,-0.0086134635
2016-11-10,EFA,-0.0061159353,0.0613333,0.067449234,train,0.050004926
2016-11-10,IWM,0.022712125,-0.024382753,0.047094878,train,0.040657524
2016-11-10,SPY,-0.00230747,-0.04936926,0.04706179,train,0.13583352
2016-11-10,TLT,-0.0056374827,0.02046937,0.026106853,train,-0.016237827
2016-11-11,EFA,-0.00544901,-0.013170478,0.007721468,train,0.0613333
2016-11-11,IWM,0.013956637,-0.03810828,0.052064918,train,-0.024382753
2016-11-11,SPY,0.0007849736,-0.03853732,0.039322294,train,-0.04936926
2016-11-11,TLT,-0.006000329,-0.015878955,0.009878626,train,0.02046937
2016-11-14,EFA,0.004396492,-0.0026032238,0.006999716,train,-0.013170478
2016-11-14,IWM,0.0030925015,-0.039547067,0.04263957,train,-0.03810828
2016-11-14,SPY,0.007772416,0.02027227,0.012499854,train,-0.03853732
2016-11-14,TLT,0.0049341433,-0.01291892,0.017853063,train,-0.015878955
2016-11-15,EFA,-0.010583789,-0.0055221077,0.0050616814,train,-0.0026032238
2016-11-15,IWM,-7.749941e-05,-0.029088864,0.029011365,train,-0.039547067
2016-11-15,SPY,-0.0018800976,-0.01282014,0.010940043,train,0.02027227
2016-11-15,TLT,0.008982872,-0.017485864,0.026468735,train,-0.01291892
2016-11-16,EFA,0.00759635,0.017163293,0.009566944,train,-0.0055221077
2016-11-16,IWM,0.0058498355,-0.052098297,0.05794813,train,-0.029088864
2016-11-16,SPY,0.0051276633,0.03863816,0.033510495,train,-0.01282014
2016-11-16,TLT,-0.014823783,0.016438192,0.031261973,train,-0.017485864
2016-11-17,EFA,-0.010971549,0.0069722123,0.017943762,train,0.017163293
2016-11-17,IWM,0.0052818055,-0.054178648,0.059460454,train,-0.052098297
2016-11-17,SPY,-0.0022398697,-0.031961367,0.029721497,train,0.03863816
2016-11-17,TLT,-0.002891784,0.017342966,0.02023475,train,0.016438192
2016-11-18,EFA,0.008504669,0.036989003,0.028484333,train,0.0069722123
2016-11-18,IWM,0.004646014,-0.018124765,0.02277078,train,-0.054178648
2016-11-18,SPY,0.0075228284,-0.017884508,0.025407337,train,-0.031961367
2016-11-18,TLT,0.0024793816,0.0124401925,0.009960811,train,0.017342966
2016-11-21,EFA,0.0024668798,0.02926471,0.026797831,train,0.036989003
2016-11-21,IWM,0.009077421,0.010898369,0.001820948,train,-0.018124765
2016-11-21,SPY,0.0019513913,-0.031259395,0.033210788,train,-0.017884508
2016-11-21,TLT,-0.00033028904,0.018034132,0.018364422,train,0.0124401925
2016-11-22,EFA,-0.003526183,0.02577128,0.029297464,train,0.02926471
2016-11-22,IWM,0.006230181,-0.013813666,0.020043846,train,0.010898369
2016-11-22,SPY,0.0005439085,-0.025414856,0.025958765,train,-0.031259395
2016-11-22,TLT,-0.0038884967,0.008233572,0.012122069,train,0.018034132
2016-11-23,EFA,0.0029980654,-0.006324037,0.009322102,train,0.02577128
2016-11-23,IWM,0.0032875335,-0.008775276,0.012062809,train,-0.013813666
2016-11-23,SPY,0.0037083444,-0.0053698933,0.009078238,train,-0.025414856
2016-11-23,TLT,0.0014906124,-0.031480744,0.032971356,train,0.008233572
2016-11-25,EFA,-0.0052966634,-0.002676503,0.0026201603,train,-0.006324037
2016-11-25,IWM,-0.01306367,0.02353681,0.03660048,train,-0.008775276
2016-11-25,SPY,-0.0047057495,0.020651536,0.025357286,train,-0.0053698933
2016-11-25,TLT,0.00733999,-0.04592207,0.053262062,train,-0.031480744
2016-11-28,EFA,0.0063526197,0.012843159,0.0064905393,train,-0.002676503
2016-11-28,IWM,-0.00052862236,-0.036739714,0.036211092,train,0.02353681
2016-11-28,SPY,0.0019484734,0.027153358,0.025204884,train,0.020651536
2016-11-28,TLT,0.0041812877,0.06990077,0.065719485,train,-0.04592207
2016-11-29,EFA,-0.0010559567,0.009969034,0.011024991,train,0.012843159
2016-11-29,IWM,-0.0049270145,0.026443878,0.031370893,train,-0.036739714
2016-11-29,SPY,-0.0024020954,0.035608135,0.038010232,train,0.027153358
2016-11-29,TLT,-0.016332723,-0.04167714,0.025344416,train,0.06990077
2016-11-30,EFA,-0.0038814684,0.00160787,0.005489338,train,0.009969034
2016-11-30,IWM,-0.004874423,0.019082168,0.023956591,train,0.026443878
2016-11-30,SPY,-0.0036821829,0.018783448,0.022465631,train,0.035608135
2016-11-30,TLT,-0.0106145805,0.029151347,0.039765928,train,-0.04167714
2016-12-01,EFA,0.002471671,0.0040301867,0.0015585157,train,0.00160787
2016-12-01,IWM,-0.0005350969,0.03243817,0.032973267,train,0.019082168
2016-12-01,SPY,0.0005008937,0.009576707,0.009075813,train,0.018783448
2016-12-01,TLT,0.0073006493,0.008045214,0.0007445649,train,0.029151347
2016-12-02,EFA,0.00982657,0.008406401,0.0014201691,train,0.0040301867
2016-12-02,IWM,0.017042646,0.052739527,0.03569688,train,0.03243817
2016-12-02,SPY,0.0059906743,0.037832655,0.031841982,train,0.009576707
2016-12-02,TLT,-0.0010877289,-0.033692017,0.03260429,train,0.008045214
2016-12-05,EFA,0.006786703,0.03362658,0.026839875,train,0.008406401
2016-12-05,IWM,0.010757193,0.0452884,0.034531206,train,0.052739527
2016-12-05,SPY,0.0031623982,0.053555552,0.050393153,train,0.037832655
2016-12-05,TLT,-0.00075390824,-0.00388773,0.0031338218,train,-0.033692017
2016-12-06,EFA,0.014804864,0.032292686,0.017487822,train,0.03362658
2016-12-06,IWM,0.0096860705,0.040543627,0.030857556,train,0.0452884
2016-12-06,SPY,0.012995981,0.04426805,0.03127207,train,0.053555552
2016-12-06,TLT,0.008508245,-0.011988456,0.020496702,train,-0.00388773
2016-12-07,EFA,-0.00085479487,0.035490923,0.036345717,train,0.032292686
2016-12-07,IWM,0.0156238815,0.03807631,0.022452429,train,0.040543627
2016-12-07,SPY,0.002445842,0.037460882,0.03501504,train,0.04426805
2016-12-07,TLT,-0.011863937,-0.041562855,0.02969892,train,-0.011988456
2016-12-08,EFA,0.0042664288,-0.037507553,0.041773982,train,0.035490923
2016-12-08,IWM,0.001954336,0.0076307347,0.005676399,train,0.03807631
2016-12-08,SPY,0.0060223844,0.01219063,0.0061682453,train,0.037460882
2016-12-08,TLT,-0.012517426,0.03451982,0.047037248,train,-0.041562855
2016-12-09,EFA,-0.004437441,-0.010057933,0.0056204917,train,-0.037507553
2016-12-09,IWM,-0.010611807,-0.0148089,0.0041970927,train,0.0076307347
2016-12-09,SPY,-0.0011487312,0.014740626,0.015889358,train,0.01219063
2016-12-09,TLT,0.0018706567,0.027304806,0.02543415,train,0.03451982
2016-12-12,EFA,0.010718848,-0.03230304,0.043021888,train,-0.010057933
2016-12-12,IWM,7.266953e-05,-0.04630548,0.04637815,train,-0.0148089
2016-12-12,SPY,0.0066516325,-0.018928574,0.025580207,train,0.014740626
2016-12-12,TLT,0.003561088,0.0041029705,0.0005418826,train,0.027304806
2016-12-13,EFA,-0.014832718,0.045007437,0.059840158,train,-0.03230304
2016-12-13,IWM,-0.012573404,-0.034980193,0.022406789,train,-0.04630548
2016-12-13,SPY,-0.008288354,-0.0007139698,0.007574384,train,-0.018928574
2016-12-13,TLT,-0.011235722,0.026439888,0.03767561,train,0.0041029705
2016-12-14,EFA,-0.0022354438,-0.06931541,0.06707997,train,0.045007437
2016-12-14,IWM,0.0074456725,-0.024271315,0.031716987,train,-0.034980193
2016-12-14,SPY,0.0041087572,-0.024145747,0.028254503,train,-0.0007139698
2016-12-14,TLT,0.005037844,0.010865353,0.005827509,train,0.026439888
2016-12-15,EFA,0.0006884013,-0.01808055,0.018768951,train,-0.06931541
2016-12-15,IWM,-0.0018377281,-0.040626056,0.03878833,train,-0.024271315
2016-12-15,SPY,-0.0019575746,-0.020699132,0.018741557,train,-0.024145747
2016-12-15,TLT,-0.0023025174,-0.004383088,0.0020805707,train,0.010865353
2016-12-16,EFA,-0.0015493527,-0.017882312,0.01633296,train,-0.01808055
2016-12-16,IWM,0.0065271654,-0.01839101,0.024918174,train,-0.040626056
2016-12-16,SPY,0.0021748554,-0.023760231,0.025935087,train,-0.020699132
2016-12-16,TLT,0.010699373,0.007585802,0.0031135706,train,-0.004383088
2016-12-19,EFA,0.0034398865,-0.006285866,0.009725752,train,-0.017882312
2016-12-19,IWM,0.008443451,0.0014008142,0.007042636,train,-0.01839101
2016-12-19,SPY,0.0038501413,0.015618255,0.011768114,train,-0.023760231
2016-12-19,TLT,-0.004995948,0.050086252,0.055082202,train,0.007585802
2016-12-20,EFA,0.0002773392,-0.0072277086,0.0075050476,train,-0.006285866
2016-12-20,IWM,-0.006544854,0.008157876,0.01470273,train,0.0014008142
2016-12-20,SPY,-0.002786304,-0.0004019218,0.0023843823,train,0.015618255
2016-12-20,TLT,0.004403741,0.010879573,0.0064758323,train,0.050086252
2016-12-21,EFA,-0.0022570416,0.00303392,0.005290962,train,-0.0072277086
2016-12-21,IWM,-0.008660354,-0.024434865,0.01577451,train,0.008157876
2016-12-21,SPY,-0.0017292713,0.030697146,0.032426417,train,-0.0004019218
2016-12-21,TLT,-0.0017894092,0.06672333,0.06851274,train,0.010879573
2016-12-22,EFA,0.0026041267,-0.0050342176,0.0076383445,train,0.00303392
2016-12-22,IWM,0.005306661,0.0048997244,0.00040693674,train,-0.024434865
2016-12-22,SPY,0.0014632619,0.040477686,0.039014425,train,0.030697146
2016-12-22,TLT,0.0020357606,0.01228219,0.01024643,train,0.06672333
2016-12-23,EFA,-0.001214242,0.016544202,0.017758444,train,-0.0050342176
2016-12-23,IWM,0.0044742487,-0.0057894895,0.010263738,train,0.0048997244
2016-12-23,SPY,0.0024779292,0.057357796,0.054879867,train,0.040477686
2016-12-23,TLT,-0.003224522,0.014358605,0.017583128,train,0.01228219
2016-12-27,EFA,-0.0038261018,0.013700136,0.017526237,train,0.016544202
2016-12-27,IWM,-0.010298318,0.008037559,0.018335877,train,-0.0057894895
2016-12-27,SPY,-0.00829894,0.043339744,0.051638685,train,0.057357796
2016-12-27,TLT,0.0072823255,-0.007339851,0.014622176,train,0.014358605
2016-12-28,EFA,0.0024362172,-0.004300724,0.0067369407,train,0.013700136
2016-12-28,IWM,0.00088702847,0.014444965,0.013557936,train,0.008037559
2016-12-28,SPY,-0.00022269577,-0.0006437369,0.00042104116,train,0.043339744
2016-12-28,TLT,0.003536997,0.052597046,0.04906005,train,-0.007339851
2016-12-29,EFA,0.0034704048,0.01869023,0.015219825,train,-0.004300724
2016-12-29,IWM,-0.0038486822,0.0059244586,0.009773141,train,0.014444965
2016-12-29,SPY,-0.00366167,0.0148669565,0.018528627,train,-0.0006437369
2016-12-29,TLT,0.0015119638,0.015208959,0.013696995,train,0.052597046
2016-12-30,EFA,0.006216659,0.020082645,0.013865986,train,0.01869023
2016-12-30,IWM,0.004956031,0.003738376,0.0012176551,train,0.0059244586
2016-12-30,SPY,0.007621076,0.012490976,0.0048698997,train,0.0148669565
2016-12-30,TLT,0.004271894,0.008107449,0.0038355547,train,0.015208959
2017-01-03,EFA,0.0112976525,0.038567513,0.02726986,train,0.020082645
2017-01-03,IWM,0.016538871,0.026059488,0.009520616,train,0.003738376
2017-01-03,SPY,0.005931455,0.047930054,0.0419986,train,0.012490976
2017-01-03,TLT,0.0038378402,0.008415441,0.004577601,train,0.008107449
2017-01-04,EFA,0.00847472,0.057915978,0.04944126,train,0.038567513
2017-01-04,IWM,-0.011607408,-0.018516812,0.006909405,train,0.026059488
2017-01-04,SPY,-0.00079484086,0.035795465,0.036590304,train,0.047930054
2017-01-04,TLT,0.015532267,0.014222338,0.0013099294,train,0.008415441
2017-01-05,EFA,-0.003381308,0.04951585,0.05289716,train,0.057915978
2017-01-05,IWM,-0.0036776427,-0.020105952,0.01642831,train,-0.018516812
2017-01-05,SPY,0.003571509,0.018809529,0.015238021,train,0.035795465
2017-01-05,TLT,-0.00922435,0.017649412,0.026873762,train,0.014222338
2017-01-06,EFA,-0.0015253183,-0.036005925,0.03448061,train,0.04951585
2017-01-06,IWM,-0.0065808357,-0.016053108,0.009472273,train,-0.020105952
2017-01-06,SPY,-0.0033064657,0.020988435,0.0242949,train,0.018809529
2017-01-06,TLT,0.007993789,-0.0608591,0.06885289,train,0.017649412
2017-01-09,EFA,0.00016968878,-0.02706786,0.02723755,train,-0.036005925
2017-01-09,IWM,0.009524433,-0.033992596,0.04351703,train,-0.016053108
2017-01-09,SPY,0.0,-0.06882939,0.06882939,train,0.020988435
2017-01-09,TLT,-0.0006570257,-0.0029856733,0.0023286475,train,-0.0608591
2017-01-10,EFA,0.005242922,-0.009821022,0.015063943,train,-0.02706786
2017-01-10,IWM,0.0017617072,-0.033275433,0.03503714,train,-0.033992596
2017-01-10,SPY,0.002822143,0.0035913202,0.0007691772,train,-0.06882939
2017-01-10,TLT,0.0033618582,-0.011653657,0.0150155155,train,-0.0029856733
2017-01-11,EFA,0.0015170068,0.015833616,0.014316609,train,-0.009821022
2017-01-11,IWM,-0.0077316887,0.010552348,0.018284036,train,-0.033275433
2017-01-11,SPY,-0.0025131316,0.010969637,0.013482768,train,0.0035913202
2017-01-11,TLT,-0.0022124269,-0.006681718,0.0044692913,train,-0.011653657
2017-01-12,EFA,0.0036989886,0.0034623065,0.00023668213,train,0.015833616
2017-01-12,IWM,0.0072182408,0.008911776,0.0016935356,train,0.010552348
2017-01-12,SPY,0.0022930838,-0.029348655,0.031641737,train,0.010969637
2017-01-12,TLT,-0.004769756,-0.017680233,0.012910478,train,-0.006681718
2017-01-13,EFA,-0.0036989886,0.0162589,0.019957887,train,0.0034623065
2017-01-13,IWM,-0.013670239,-0.017388733,0.0037184944,train,0.008911776
2017-01-13,SPY,-0.0035298588,0.00865761,0.012187469,train,-0.029348655
2017-01-13,TLT,0.0104145,-0.025811255,0.036225755,train,-0.017680233
2017-01-17,EFA,-0.0028671203,-0.0007415137,0.0021256066,train,0.0162589
2017-01-17,IWM,0.0032685294,-0.015517143,0.018785672,train,-0.017388733
2017-01-17,SPY,0.0022073106,-0.021216998,0.023424309,train,0.00865761
2017-01-17,TLT,-0.012890103,-0.010447034,0.0024430696,train,-0.025811255
2017-01-18,EFA,-0.0025371786,-0.0025717511,3.4572557e-05,train,-0.0007415137
2017-01-18,IWM,-0.008190771,0.00026371772,0.008454489,train,-0.015517143
2017-01-18,SPY,-0.003711235,-0.0066155475,0.0029043125,train,-0.021216998
2017-01-18,TLT,-0.006883032,-0.048135642,0.04125261,train,-0.010447034
2017-01-19,EFA,0.0057413047,-0.00034271856,0.006084023,train,-0.0025717511
2017-01-19,IWM,0.0051458245,-0.017428575,0.022574399,train,0.00026371772
2017-01-19,SPY,0.0036673169,-0.012260023,0.015927339,train,-0.0066155475
2017-01-19,TLT,-0.0019989884,-0.013193895,0.011194907,train,-0.048135642
2017-01-20,EFA,0.0025225044,0.014981135,0.01245863,train,-0.00034271856
2017-01-20,IWM,-0.004174104,-0.017816987,0.013642883,train,-0.017428575
2017-01-20,SPY,-0.0026053463,0.006380398,0.008985744,train,-0.012260023
2017-01-20,TLT,0.009954897,0.009506109,0.00044878758,train,-0.013193895
2017-01-23,EFA,0.00251599,0.01084742,0.00833143,train,0.014981135
2017-01-23,IWM,0.015195861,-0.008896725,0.024092587,train,-0.017816987
2017-01-23,SPY,0.006391151,-0.06821544,0.07460659,train,0.006380398
2017-01-23,TLT,-0.006874727,0.014544904,0.021419631,train,0.009506109
2017-01-24,EFA,0.010333575,0.037052177,0.026718602,train,0.01084742
2017-01-24,IWM,0.0093727,0.005232944,0.004139756,train,-0.008896725
2017-01-24,SPY,0.008618293,0.008110242,0.00050805137,train,-0.06821544
2017-01-24,TLT,-0.012630277,-0.03513853,0.022508252,train,0.014544904
2017-01-25,EFA,-0.0039874953,0.044466257,0.048453752,train,0.037052177
2017-01-25,IWM,-0.004016687,0.008362136,0.012378823,train,0.005232944
2017-01-25,SPY,-0.0010459112,0.02190983,0.02295574,train,0.008110242
2017-01-25,TLT,0.0033616559,-0.004151703,0.0075133587,train,-0.03513853
2017-01-26,EFA,-0.0016660636,-0.01012525,0.008459186,train,0.044466257
2017-01-26,IWM,-0.0034453287,-0.00052906875,0.00291626,train,0.008362136
2017-01-26,SPY,-0.0015712286,-0.036224827,0.0346536,train,0.02190983
2017-01-26,TLT,0.003600066,-0.0011784991,0.004778565,train,-0.004151703
2017-01-27,EFA,-0.007196007,0.010788066,0.017984074,train,-0.01012525
2017-01-27,IWM,-0.014048754,0.00473551,0.018784264,train,-0.00052906875
2017-01-27,SPY,-0.0062209503,-0.007979126,0.0017581754,train,-0.036224827
2017-01-27,TLT,-0.0030134679,0.029995253,0.03300872,train,-0.0011784991
2017-01-30,EFA,0.001510387,0.0012360329,0.00027435413,train,0.010788066
2017-01-30,IWM,0.0069749877,0.01456692,0.007591932,train,0.00473551
2017-01-30,SPY,-8.7761786e-05,-0.007803997,0.0077162352,train,-0.007979126
2017-01-30,TLT,0.006935121,-0.00471819,0.011653312,train,0.029995253
2017-01-31,EFA,0.0040168595,-0.0005306613,0.0045475205,train,0.0012360329
2017-01-31,IWM,-0.0005917929,-0.003109825,0.0025180322,train,0.01456692
2017-01-31,SPY,0.00039544815,0.0016805378,0.0012850896,train,-0.007803997
2017-01-31,TLT,-0.006202419,0.020507092,0.02670951,train,-0.00471819
2017-02-01,EFA,0.00050107896,0.012062378,0.0115613,train,-0.0005306613
2017-02-01,IWM,-0.0025187489,0.0008076716,0.0033264204,train,-0.003109825
2017-02-01,SPY,0.00065888773,0.0024215744,0.0017626868,train,0.0016805378
2017-02-01,TLT,-0.00042012794,-0.016556976,0.01613685,train,0.020507092
2017-02-02,EFA,0.0039985394,0.0024762747,0.0015222647,train,0.012062378
2017-02-02,IWM,0.015165313,0.015623522,0.00045820884,train,0.0008076716
2017-02-02,SPY,0.00686895,-0.0029795042,0.009848454,train,0.0024215744
2017-02-02,TLT,-0.00042005721,-0.01742666,0.017006602,train,-0.016556976
2017-02-03,EFA,-0.007175592,0.0052646436,0.012440235,train,0.0024762747
2017-02-03,IWM,-0.0075538456,0.015040982,0.022594828,train,0.015623522
2017-02-03,SPY,-0.0017892475,0.0063758865,0.008165134,train,-0.0029795042
2017-02-03,TLT,0.006032456,0.00094932434,0.0050831316,train,-0.01742666
2017-02-06,EFA,-0.0010054332,-0.0070739044,0.0060684714,train,0.0052646436
2017-02-06,IWM,-0.004426866,0.011508201,0.015935067,train,0.015040982
2017-02-06,SPY,4.3728993e-05,-0.044011083,0.04405481,train,0.0063758865
2017-02-06,TLT,0.007323841,-0.032678127,0.04000197,train,0.00094932434
2017-02-07,EFA,0.0016749937,0.00047457567,0.001200418,train,-0.0070739044
2017-02-07,IWM,-0.0017759186,0.017774062,0.01954998,train,0.011508201
2017-02-07,SPY,0.0013095975,0.0004928077,0.0008167898,train,-0.044011083
2017-02-07,TLT,0.013506665,-0.013243922,0.026750587,train,-0.032678127
2017-02-08,EFA,0.004175251,-0.0005778731,0.004753124,train,0.00047457567
2017-02-08,IWM,0.01397557,0.0057491288,0.008226441,train,0.017774062
2017-02-08,SPY,0.0059153186,-0.0046880273,0.010603346,train,0.0004928077
2017-02-08,TLT,-0.0116017945,0.009526261,0.021128055,train,-0.013243922
2017-02-09,EFA,0.0023307805,0.010732253,0.008401472,train,-0.0005778731
2017-02-09,IWM,0.007568064,0.0022801335,0.0052879304,train,0.0057491288
2017-02-09,SPY,0.0039381017,0.024781533,0.020843431,train,-0.0046880273
2017-02-09,TLT,-0.00057956047,-0.05864888,0.05806932,train,0.009526261
2017-02-10,EFA,0.00398278,0.0026827313,0.0013000488,train,0.010732253
2017-02-10,IWM,0.0026068857,0.008971716,0.006364831,train,0.0022801335
2017-02-10,SPY,0.005428101,0.017474785,0.0120466845,train,0.024781533
2017-02-10,TLT,-0.0031511865,-0.02098464,0.017833455,train,-0.05864888
2017-02-13,EFA,-0.0014917774,0.013179741,0.0146715185,train,0.0026827313
2017-02-13,IWM,0.0033204285,-0.016324135,0.019644562,train,0.008971716
2017-02-13,SPY,0.00398729,0.012688612,0.008701322,train,0.017474785
2017-02-13,TLT,-0.007253634,0.0012662935,0.008519927,train,-0.02098464
2017-02-14,EFA,0.0038074935,-0.018821632,0.022629127,train,0.013179741
2017-02-14,IWM,0.0059635276,-0.00925333,0.015216857,train,-0.016324135
2017-02-14,SPY,0.005206699,-0.008498363,0.013705062,train,0.012688612
2017-02-14,TLT,-0.0046128277,-0.023184992,0.018572165,train,0.0012662935
2017-02-15,EFA,0.002310777,0.008305842,0.005995065,train,-0.018821632
2017-02-15,IWM,-0.0027977328,-0.009815524,0.0070177913,train,-0.00925333
2017-02-15,SPY,-0.0008516856,-0.02159732,0.020745635,train,-0.008498363
2017-02-15,TLT,0.0054490184,-0.003032131,0.00848115,train,-0.023184992
2017-02-16,EFA,-0.0026411596,0.015016745,0.017657904,train,0.008305842
2017-02-16,IWM,-0.00064665865,-0.0073661646,0.006719506,train,-0.009815524
2017-02-16,SPY,0.0015751271,-0.040467918,0.042043045,train,-0.02159732
2017-02-16,TLT,0.005918223,-0.0013199218,0.007238145,train,-0.003032131
2017-02-17,EFA,0.00330032,0.0032623343,3.798562e-05,train,0.015016745
2017-02-17,IWM,0.0078046126,0.02251109,0.014706477,train,-0.0073661646
2017-02-17,SPY,0.005937291,-0.028802061,0.034739353,train,-0.040467918
2017-02-17,TLT,-0.0017464991,-0.0037399142,0.001993415,train,-0.0013199218
2017-02-21,EFA,0.0,0.026389414,0.026389414,train,0.0032623343
2017-02-21,IWM,-0.0044315443,0.040167425,0.04459897,train,0.02251109
2017-02-21,SPY,-0.00088809954,-0.01884534,0.01795724,train,-0.028802061
2017-02-21,TLT,0.0016635841,-0.003024902,0.004688486,train,-0.0037399142
2017-02-22,EFA,0.0021392135,-0.0015256235,0.003664837,train,0.026389414
2017-02-22,IWM,-0.005964324,0.00069016684,0.0066544907,train,0.040167425
2017-02-22,SPY,0.0006767153,-0.037844844,0.038521558,train,-0.01884534
2017-02-22,TLT,0.002987934,0.00041508093,0.0025728531,train,-0.003024902
2017-02-23,EFA,-0.0072594164,0.0072409054,0.014500322,train,-0.0015256235
2017-02-23,IWM,-0.0007212984,-0.0107837375,0.010062439,train,0.00069016684
2017-02-23,SPY,0.0012680083,-0.055346943,0.05661495,train,-0.037844844
2017-02-23,TLT,0.011043624,0.0015838621,0.009459762,train,0.00041508093
2017-02-24,EFA,0.0006622716,-0.012785287,0.0134475585,train,0.0072409054
2017-02-24,IWM,0.009689901,0.0041910205,0.0054988805,train,-0.0107837375
2017-02-24,SPY,0.001561475,-0.03494461,0.036506083,train,-0.055346943
2017-02-24,TLT,-0.0059186546,0.012542124,0.018460779,train,0.0015838621
2017-02-27,EFA,-0.0014906249,-0.0054565007,0.003965876,train,-0.012785287
2017-02-27,IWM,-0.015548961,0.034530204,0.050079167,train,0.0041910205
2017-02-27,SPY,-0.0027026176,0.0018090035,0.004511621,train,-0.03494461
2017-02-27,TLT,0.0037032117,-0.03247858,0.03618179,train,0.012542124
2017-02-28,EFA,0.0103868665,0.002308477,0.00807839,train,-0.0054565007
2017-02-28,IWM,0.018116867,0.008260577,0.00985629,train,0.034530204
2017-02-28,SPY,0.013900517,0.0021068517,0.011793665,train,0.0018090035
2017-02-28,TLT,-0.016898695,0.00806532,0.024964016,train,-0.03247858
2017-03-01,EFA,-0.006582192,0.02633925,0.03292144,train,0.002308477
2017-03-01,IWM,-0.011536509,0.013707983,0.025244493,train,0.008260577
2017-03-01,SPY,-0.0063171354,-0.016857658,0.010540523,train,0.0021068517
2017-03-01,TLT,-0.0036056424,-0.015020453,0.011414811,train,0.00806532
2017-03-02,EFA,0.005925788,-0.023378143,0.02930393,train,0.02633925
2017-03-02,IWM,-0.0007212984,-0.024701742,0.023980444,train,0.013707983
2017-03-02,SPY,0.00062907685,0.005411322,0.0047822455,train,-0.016857658
2017-03-02,TLT,0.0026009488,0.017447662,0.014846712,train,-0.015020453
2017-03-03,EFA,-0.0031230978,0.010145497,0.013268595,train,-0.023378143
2017-03-03,IWM,-0.0068750856,-0.009813637,0.002938551,train,-0.024701742
2017-03-03,SPY,-0.0029823591,0.023494815,0.026477175,train,0.005411322
2017-03-03,TLT,-0.0047872406,-0.02533943,0.02055219,train,0.017447662
2017-03-06,EFA,-0.0034635954,-0.018692868,0.015229273,train,0.010145497
2017-03-06,IWM,-0.0065574865,-0.01684772,0.010290233,train,-0.009813637
2017-03-06,SPY,-0.0029914288,0.024721315,0.027712744,train,0.023494815
2017-03-06,TLT,-0.003035245,-0.0066701556,0.0036349106,train,-0.02533943
2017-03-07,EFA,-0.0036409453,0.015240752,0.018881697,train,-0.018692868
2017-03-07,IWM,-0.006600771,0.005068397,0.011669168,train,-0.01684772
2017-03-07,SPY,-0.0018580202,0.011709965,0.013567985,train,0.024721315
2017-03-07,TLT,-0.0054194997,-0.02214649,0.01672699,train,-0.0066701556
2017-03-08,EFA,0.0038063156,-0.007420644,0.0112269595,train,0.015240752
2017-03-08,IWM,-0.0039814273,0.02472443,0.028705858,train,0.005068397
2017-03-08,SPY,0.0012675886,0.015408698,0.014141109,train,0.011709965
2017-03-08,TLT,-0.0080130575,-0.0056145163,0.0023985412,train,-0.02214649
2017-03-09,EFA,0.008388835,0.003669122,0.004719713,train,-0.007420644
2017-03-09,IWM,0.004423076,0.03260051,0.028177435,train,0.02472443
2017-03-09,SPY,0.0034979242,0.02533626,0.021838335,train,0.015408698
2017-03-09,TLT,0.0035032516,-0.027264098,0.03076735,train,-0.0056145163
2017-03-10,EFA,0.0052279606,0.0017899435,0.003438017,train,0.003669122
2017-03-10,IWM,0.0023508733,0.018638464,0.016287591,train,0.03260051
2017-03-10,SPY,0.0005044024,0.04308837,0.04258397,train,0.02533626
2017-03-10,TLT,-0.0063313036,-0.020830968,0.014499664,train,-0.027264098
2017-03-13,EFA,-0.007687915,0.021324648,0.029012563,train,0.0017899435
2017-03-13,IWM,-0.0047811912,0.007583458,0.012364649,train,0.018638464
2017-03-13,SPY,-0.003833798,0.036247768,0.040081564,train,0.04308837
2017-03-13,TLT,0.0047947364,-0.03972456,0.044519294,train,-0.020830968
2017-03-14,EFA,0.014184664,-0.02622183,0.040406495,train,0.021324648
2017-03-14,IWM,0.015364795,0.00612446,0.009240335,train,0.007583458
2017-03-14,SPY,0.008616146,0.014034423,0.0054182773,train,0.036247768
2017-03-14,TLT,0.012141012,-0.019771393,0.031912405,train,-0.03972456
2017-03-15,EFA,0.0048449114,0.014174018,0.009329107,train,-0.02622183
2017-03-15,IWM,0.0013062174,-0.028356353,0.02966257,train,0.00612446
2017-03-15,SPY,-0.0019686979,0.026336424,0.028305123,train,0.014034423
2017-03-15,TLT,-0.0050762272,0.008260674,0.013336901,train,-0.019771393
2017-03-16,EFA,0.00257436,0.030229015,0.027654655,train,0.014174018
2017-03-16,IWM,0.003979981,-0.013366613,0.017346594,train,-0.028356353
2017-03-16,SPY,-0.0017577049,-0.0028983478,0.0011406429,train,0.026336424
2017-03-16,TLT,0.006257224,0.000507402,0.0057498217,train,0.008260674
2017-03-17,EFA,-0.0020911172,0.008423331,0.010514448,train,0.030229015
2017-03-17,IWM,-0.0043427926,-8.2741724e-05,0.004260051,train,-0.013366613
2017-03-17,SPY,-0.0010976722,-0.012457446,0.011359774,train,-0.0028983478
2017-03-17,TLT,0.004288984,0.0165268,0.012237815,train,0.000507402
2017-03-20,EFA,-0.0045189695,-0.027103242,0.022584273,train,0.008423331
2017-03-20,IWM,-0.028623046,-0.035607316,0.0069842692,train,-8.2741724e-05
2017-03-20,SPY,-0.0129224565,0.005231117,0.018153574,train,-0.012457446
2017-03-20,TLT,0.008274983,0.020615596,0.012340614,train,0.0165268
2017-03-21,EFA,0.0001616776,0.00074522546,0.00058354787,train,-0.027103242
2017-03-21,IWM,0.00022412566,0.01464472,0.014420594,train,-0.035607316
2017-03-21,SPY,0.002350069,-0.019621238,0.021971308,train,0.005231117
2017-03-21,TLT,0.0039869654,0.011291879,0.007304914,train,0.020615596
2017-03-22,EFA,0.002261632,0.008540468,0.006278836,train,0.00074522546
2017-03-22,IWM,0.0058041206,-0.004677926,0.010482047,train,0.01464472
2017-03-22,SPY,-0.0010674467,0.004503564,0.0055710105,train,-0.019621238
2017-03-22,TLT,-0.0014098824,-0.0023103429,0.0009004604,train,0.011291879
2017-03-23,EFA,0.0027393799,-0.0011917504,0.0039311303,train,0.008540468
2017-03-23,IWM,0.00072151923,0.014577754,0.013856235,train,-0.004677926
2017-03-23,SPY,-0.00072679727,-0.0129280025,0.012201205,train,0.004503564
2017-03-23,TLT,0.0035635887,-0.021673929,0.025237517,train,-0.0023103429
2017-03-24,EFA,0.0025718645,0.015539332,0.012967467,train,-0.0011917504
2017-03-24,IWM,0.0018571619,0.0036482017,0.0017910398,train,0.014577754
2017-03-24,SPY,-0.0010266223,-0.014656403,0.013629781,train,-0.0129280025
2017-03-24,TLT,0.0045394837,0.0010629164,0.0034765673,train,-0.021673929
2017-03-27,EFA,0.0048036333,0.020992158,0.016188525,train,0.015539332
2017-03-27,IWM,0.007762458,0.0062166834,0.0015457748,train,0.0036482017
2017-03-27,SPY,0.007250532,0.0046806093,0.0025699227,train,-0.014656403
2017-03-27,TLT,-0.00669319,-0.004472945,0.002220245,train,0.0010629164
2017-03-28,EFA,0.0,0.037142318,0.037142318,train,0.020992158
2017-03-28,IWM,0.0032350423,0.004729391,0.0014943487,train,0.0062166834
2017-03-28,SPY,0.00093427766,0.023160206,0.022225928,train,0.0046806093
2017-03-28,TLT,0.0059516476,0.0013808287,0.004570819,train,-0.004472945
2017-03-29,EFA,-0.0035203372,0.024735823,0.028256161,train,0.037142318
2017-03-29,IWM,0.007532067,-0.027521858,0.035053924,train,0.004729391
2017-03-29,SPY,0.0031791213,0.007898636,0.004719515,train,0.023160206
2017-03-29,TLT,-0.008109515,-0.009376473,0.0012669582,train,0.0013808287
2017-03-30,EFA,-0.0014439141,0.009262587,0.010706501,test,0.024735823
2017-03-30,IWM,0.0016018169,-0.004848237,0.0064500542,test,-0.027521858
2017-03-30,SPY,-0.0023304264,0.0035603137,0.00589074,test,0.007898636
2017-03-30,TLT,0.0029036715,-0.01723781,0.020141482,test,-0.009376473
2017-03-31,EFA,-0.001446002,-0.005350601,0.0039045988,test,0.009262587
2017-03-31,IWM,-0.010603004,-0.0011289457,0.009474059,test,-0.004848237
2017-03-31,SPY,-0.0017405406,-0.015988009,0.014247469,test,0.0035603137
2017-03-31,TLT,0.010036221,-0.004800069,0.01483629,test,-0.01723781
2017-04-03,EFA,-0.00032161793,0.020419002,0.020740619,test,-0.005350601
2017-04-03,IWM,-0.0011771027,0.011692568,0.01286967,test,-0.0011289457
2017-04-03,SPY,0.000637231,-0.013773744,0.014410975,test,-0.015988009
2017-04-03,TLT,-0.0054391692,0.011578789,0.017017959,test,-0.004800069
2017-04-04,EFA,-0.0053212,0.025656952,0.03097815,test,0.020419002
2017-04-04,IWM,-0.0113987755,0.005959472,0.017358247,test,0.011692568
2017-04-04,SPY,-0.0029771002,-0.05450914,0.05153204,test,-0.013773744
2017-04-04,TLT,0.0030533778,-0.06335283,0.066406205,test,0.011578789
2017-04-05,EFA,0.00016151853,0.0070371814,0.006875663,test,0.025656952
2017-04-05,IWM,0.009262416,0.0021543354,0.00710808,test,0.005959472
2017-04-05,SPY,0.0028071718,-0.010225595,0.013032767,test,-0.05450914
2017-04-05,TLT,-0.0014841711,0.011585163,0.013069334,test,-0.06335283
2017-04-06,EFA,-0.0006466343,-0.003304913,0.0026582787,test,0.0070371814
2017-04-06,IWM,-0.00044299915,-0.008380365,0.007937365,test,0.0021543354
2017-04-06,SPY,-0.0010198782,-0.012920582,0.011900703,test,-0.010225595
2017-04-06,TLT,-0.0040512234,-0.006672659,0.0026214356,test,0.011585163
2017-04-07,EFA,-0.001133203,-0.00411689,0.002983687,test,-0.003304913
2017-04-07,IWM,0.0022115917,0.0072677666,0.005056175,test,-0.008380365
2017-04-07,SPY,0.00059500564,-0.03224316,0.032838166,test,-0.012920582
2017-04-07,TLT,0.004628206,0.0076686433,0.0030404371,test,-0.006672659
2017-04-10,EFA,0.0046854536,0.0032487481,0.0014367055,test,-0.00411689
2017-04-10,IWM,0.007920154,0.0013786945,0.00654146,test,0.0072677666
2017-04-10,SPY,-0.0011903655,-0.04011459,0.038924225,test,-0.03224316
2017-04-10,TLT,0.009438391,0.0024430137,0.006995377,test,0.0076686433
2017-04-11,EFA,-0.0008062333,-0.009843232,0.009036999,test,0.0032487481
2017-04-11,IWM,-0.013679727,-0.00254004,0.011139687,test,0.0013786945
2017-04-11,SPY,-0.0043916088,-0.03199043,0.027598822,test,-0.04011459
2017-04-11,TLT,0.005458207,0.004182839,0.001275368,test,0.0024430137
2017-04-12,EFA,-0.0064734556,0.0029375586,0.009411015,test,-0.009843232
2017-04-12,IWM,-0.009822981,-0.033846993,0.024024012,test,-0.00254004
2017-04-12,SPY,-0.0065160412,-0.030997252,0.02448121,test,-0.03199043
2017-04-12,TLT,0.003082332,0.019925864,0.016843533,test,0.004182839
2017-04-13,EFA,0.0061507476,-0.018575793,0.02472654,test,0.0029375586
2017-04-13,IWM,0.011672713,0.007099225,0.0045734877,test,-0.033846993
2017-04-13,SPY,0.008820833,-0.024504311,0.033325143,test,-0.030997252
2017-04-13,TLT,-0.003082332,-0.0035156931,0.00043336116,test,0.019925864
2017-04-17,EFA,-0.0045284713,-0.0009156831,0.0036127882,test,-0.018575793
2017-04-17,IWM,0.00022161698,-0.00028490857,0.00050652557,test,0.007099225
2017-04-17,SPY,-0.002988517,0.015132391,0.018120907,test,-0.024504311
2017-04-17,TLT,0.012994784,-0.0061457725,0.019140556,test,-0.0035156931
2017-04-18,EFA,-0.0040608803,0.0145932045,0.018654086,test,-0.0009156831
2017-04-18,IWM,0.0034671728,0.010531022,0.0070638494,test,-0.00028490857
2017-04-18,SPY,-0.0018403907,-0.024559474,0.022719083,test,0.015132391
2017-04-18,TLT,-0.005467894,0.011684374,0.017152268,test,-0.0061457725
2017-04-19,EFA,0.007943624,-0.0006322984,0.008575922,test,0.0145932045
2017-04-19,IWM,0.012659575,0.010076796,0.0025827792,test,0.010531022
2017-04-19,SPY,0.00810609,-0.0063385414,0.0144446315,test,-0.024559474
2017-04-19,TLT,-0.0038780214,-0.027895346,0.024017325,test,0.011684374
2017-04-20,EFA,0.00064572785,0.0041814614,0.0035357336,test,-0.0006322984
2017-04-20,IWM,-0.0022564458,0.0019578484,0.0042142943,test,0.010076796
2017-04-20,SPY,-0.0031919747,-0.01880048,0.015608505,test,-0.0063385414
2017-04-20,TLT,0.0,-0.004137897,0.004137897,test,-0.027895346
2017-04-21,EFA,0.025019335,0.000756874,0.02426246,test,0.0041814614
2017-04-21,IWM,0.012385301,-0.006608504,0.018993806,test,0.0019578484
2017-04-21,SPY,0.01093792,-0.036652472,0.04759039,test,-0.01880048
2017-04-21,TLT,-0.0049494733,-0.0002882022,0.0046612713,test,-0.004137897
2017-04-24,EFA,0.007057145,0.028169667,0.021112522,test,0.000756874
2017-04-24,IWM,0.009671187,0.009395859,0.00027532782,test,-0.006608504
2017-04-24,SPY,0.00580162,-0.0024636912,0.008265311,test,-0.036652472
2017-04-24,TLT,-0.012112677,-0.017518658,0.005405981,test,-0.0002882022
2017-04-25,EFA,-0.0028168687,-0.012471034,0.009654165,test,0.028169667
2017-04-25,IWM,0.0051200883,-0.0033561822,0.00847627,test,0.009395859
2017-04-25,SPY,-0.0006288069,-0.0057741515,0.005145345,test,-0.0024636912
2017-04-25,TLT,0.0055016805,0.012004211,0.00650253,test,-0.017518658
2017-04-26,EFA,0.00093991624,-0.05732051,0.058260426,test,-0.012471034
2017-04-26,IWM,-0.0002842198,-0.015425184,0.015140964,test,-0.0033561822
2017-04-26,SPY,0.0008384439,-0.022340916,0.02317936,test,-0.0057741515
2017-04-26,TLT,-0.00032773454,-0.012894222,0.012566487,test,0.012004211
2017-04-27,EFA,-0.0010966549,-0.030327065,0.02923041,test,-0.05732051
2017-04-27,IWM,-0.013499588,-0.022210611,0.008711023,test,-0.015425184
2017-04-27,SPY,-0.0021817866,-0.025944795,0.023763008,test,-0.022340916
2017-04-27,TLT,0.0022095677,0.0034252277,0.00121566,test,-0.012894222
2017-04-28,EFA,0.0040669297,-0.026511023,0.030577952,test,-0.030327065
2017-04-28,IWM,0.0057364204,-0.05110658,0.056843,test,-0.022210611
2017-04-28,SPY,0.0025169675,-0.025594052,0.02811102,test,-0.025944795
2017-04-28,TLT,-0.00834791,-0.025530245,0.017182335,test,0.0034252277
2017-05-01,EFA,0.0051382505,-0.0062407153,0.011378966,test,-0.026511023
2017-05-01,IWM,-0.005089486,0.0003797959,0.005469282,test,-0.05110658
2017-05-01,SPY,0.00037681556,-0.021275705,0.02165252,test,-0.025594052
2017-05-01,TLT,0.0051069898,0.0138350455,0.008728055,test,-0.025530245
2017-05-02,EFA,-0.0020210536,-0.0037097821,0.0016887286,test,-0.0062407153
2017-05-02,IWM,-0.0061993473,-0.030227879,0.024028532,test,0.0003797959
2017-05-02,SPY,-0.0012149784,-0.029094538,0.027879559,test,-0.021275705
2017-05-02,TLT,0.0006573186,-0.0034325684,0.0040898873,test,0.0138350455
2017-05-03,EFA,0.009447965,-0.002868151,0.012316116,test,-0.0037097821
2017-05-03,IWM,-0.0013749629,-0.010861608,0.009486645,test,-0.030227879
2017-05-03,SPY,0.0011735254,-0.0104787825,0.011652308,test,-0.029094538
2017-05-03,TLT,-0.004939408,0.003974231,0.008913639,test,-0.0034325684
2017-05-04,EFA,0.011037919,0.0229771,0.011939182,test,-0.002868151
2017-05-04,IWM,0.006423861,0.011609388,0.005185527,test,-0.010861608
2017-05-04,SPY,0.0039292895,-0.04759025,0.05151954,test,-0.0104787825
2017-05-04,TLT,0.0009078192,-0.0001129501,0.0010207694,test,0.003974231
2017-05-05,EFA,-0.00749877,0.014170339,0.021669108,test,0.0229771
2017-05-05,IWM,-0.004181386,0.022793865,0.026975252,test,0.011609388
2017-05-05,SPY,-0.00016708285,-0.005621155,0.005454072,test,-0.04759025
2017-05-05,TLT,-0.005456328,-0.007565054,0.0021087262,test,-0.0001129501
2017-05-08,EFA,-0.00246065,-0.023001997,0.020541348,test,0.014170339
2017-05-08,IWM,-0.00043387772,0.020162562,0.020596439,test,0.022793865
2017-05-08,SPY,-0.00091842894,-0.094878174,0.09395975,test,-0.005621155
2017-05-08,TLT,-8.316677e-05,-0.0065439297,0.006460763,test,-0.007565054
2017-05-09,EFA,0.0015388075,0.0034797236,0.0019409161,test,-0.023001997
2017-05-09,IWM,0.0061969743,-0.002385094,0.008582069,test,0.020162562
2017-05-09,SPY,0.0017942418,-0.06296507,0.064759314,test,-0.094878174
2017-05-09,TLT,-0.0011612584,-0.0126021365,0.011440878,test,-0.0065439297
2017-05-10,EFA,-0.0024633068,0.029841313,0.03230462,test,0.0034797236
2017-05-10,IWM,-0.006992248,0.016681995,0.023674242,test,-0.002385094
2017-05-10,SPY,-0.0020445623,-0.015072749,0.013028187,test,-0.06296507
2017-05-10,TLT,0.0,-0.009828309,0.009828309,test,-0.0126021365
2017-05-11,EFA,0.0055334535,0.011578594,0.006045141,test,0.029841313
2017-05-11,IWM,-0.0052947705,0.017757853,0.023052623,test,0.016681995
2017-05-11,SPY,-0.0016726342,-0.059733227,0.058060594,test,-0.015072749
2017-05-11,TLT,0.0075247083,-0.008718261,0.01624297,test,-0.009828309
2017-05-12,EFA,0.0050453967,0.017044554,0.011999156,test,0.011578594
2017-05-12,IWM,0.007750949,0.0055529736,0.0021979753,test,0.017757853
2017-05-12,SPY,0.0055082245,-0.026738709,0.032246932,test,-0.059733227
2017-05-12,TLT,-0.0027219139,-0.010465747,0.0077438327,test,-0.008718261
2017-05-15,EFA,0.006385166,0.03241809,0.026032925,test,0.017044554
2017-05-15,IWM,0.00036087536,0.00102704,0.00066616456,test,0.0055529736
2017-05-15,SPY,-0.0009158356,0.028871777,0.029787611,test,-0.026738709
2017-05-15,TLT,0.0037100052,-0.031732664,0.03544267,test,-0.010465747
2017-05-16,EFA,-0.0114305625,0.04897781,0.060408372,test,0.03241809
2017-05-16,IWM,-0.02734893,-0.018130207,0.009218723,test,0.00102704
2017-05-16,SPY,-0.01790345,-0.03713931,0.01923586,test,0.028871777
2017-05-16,TLT,0.014461377,-0.011615186,0.026076563,test,-0.031732664
2017-05-17,EFA,0.0016847053,-0.0033078443,0.0049925493,test,0.04897781
2017-05-17,IWM,0.0036260693,0.018545879,0.01491981,test,-0.018130207
2017-05-17,SPY,0.004020354,0.076009996,0.07198964,test,-0.03713931
2017-05-17,TLT,0.0011348985,-0.009277803,0.010412701,test,-0.011615186
2017-05-18,EFA,0.011562565,0.018966546,0.007403981,test,-0.0033078443
2017-05-18,IWM,0.004789883,-0.02392965,0.028719533,test,0.018545879
2017-05-18,SPY,0.00648313,0.010746989,0.0042638592,test,0.076009996
2017-05-18,TLT,0.002347273,-0.019416824,0.021764098,test,-0.009277803
2017-05-19,EFA,0.001209383,0.0028160966,0.0016067136,test,0.018966546
2017-05-19,IWM,0.006740026,-0.004637614,0.01137764,test,-0.02392965
2017-05-19,SPY,0.0050649047,0.012177338,0.007112433,test,0.010746989
2017-05-19,TLT,-0.002752034,-0.009809623,0.0070575885,test,-0.019416824
2017-05-22,EFA,0.0001511549,0.011240653,0.011089498,test,0.0028160966
2017-05-22,IWM,0.003280807,0.0038534328,0.0005726258,test,-0.004637614
2017-05-22,SPY,0.0022100615,-0.034869596,0.03707966,test,0.012177338
2017-05-22,TLT,-0.0067509688,-0.07058376,0.06383279,test,-0.009809623
2017-05-23,EFA,0.00060393923,0.0014854714,0.00088153215,test,0.011240653
2017-05-23,IWM,0.0006548097,-0.0023437294,0.002998539,test,0.0038534328
2017-05-23,SPY,0.0023301328,-0.034345116,0.03667525,test,-0.034869596
2017-05-23,TLT,0.0056157685,-0.00014156802,0.0057573365,test,-0.07058376
2017-05-24,EFA,0.0,0.0011019998,0.0011019998,test,0.0014854714
2017-05-24,IWM,0.0006547531,-0.0033244418,0.003979195,test,-0.0023437294
2017-05-24,SPY,0.0047682454,0.0044470914,0.00032115402,test,-0.034345116
2017-05-24,TLT,0.00032423713,-0.000113702146,0.00043793928,test,-0.00014156802
2017-05-25,EFA,-0.0028723052,-0.0008857355,0.0019865697,test,0.0011019998
2017-05-25,IWM,-0.0002912654,-0.009552049,0.009260784,test,-0.0033244418
2017-05-25,SPY,-0.000206824,-0.008596495,0.00838967,test,0.0044470914
2017-05-25,TLT,0.0017022,-0.005273672,0.006975872,test,-0.000113702146
2017-05-26,EFA,-0.0010605914,0.019733766,0.020794358,test,-0.0008857355
2017-05-26,IWM,-0.007883031,-0.0069434103,0.00093962066,test,-0.009552049
2017-05-26,SPY,-0.0008691427,-0.01167813,0.010808988,test,-0.008596495
2017-05-26,TLT,0.0049276864,-0.015679281,0.020606969,test,-0.005273672
2017-05-30,EFA,0.0012116134,0.025247194,0.02403558,test,0.019733766
2017-05-30,IWM,-0.0010261729,-0.008108671,0.0070824977,test,-0.0069434103
2017-05-30,SPY,-0.00024854837,-0.00708682,0.0068382714,test,-0.01167813
2017-05-30,TLT,0.002495129,0.003957808,0.0014626791,test,-0.015679281
2017-05-31,EFA,0.00648845,0.0017042521,0.0047841975,test,0.025247194
2017-05-31,IWM,0.019108409,-0.020490207,0.039598614,test,-0.008108671
2017-05-31,SPY,0.007920686,0.025028652,0.017107965,test,-0.00708682
2017-05-31,TLT,0.00010454051,0.003080317,0.0029757766,test,0.003957808
2017-06-01,EFA,0.010919288,0.035396796,0.024477508,test,0.0017042521
2017-06-01,IWM,0.0064565926,-0.038217533,0.044674125,test,-0.020490207
2017-06-01,SPY,0.0033228085,-0.009742414,0.013065223,test,0.025028652
2017-06-01,TLT,0.011771273,-0.0057996204,0.017570894,test,0.003080317
2017-06-02,EFA,-0.0055194623,0.03466614,0.0401856,test,0.035396796
2017-06-02,IWM,-0.0062408126,-0.0037408813,0.0024999313,test,-0.038217533
2017-06-02,SPY,-0.00073724054,-0.0372469,0.036509663,test,-0.009742414
2017-06-02,TLT,-0.0062288283,0.003995778,0.010224607,test,-0.0057996204
2017-06-05,EFA,-0.0028463574,-0.044314552,0.041468196,test,0.03466614
2017-06-05,IWM,-0.00093538413,0.027110333,0.028045718,test,-0.0037408813
2017-06-05,SPY,-0.0032021592,-0.053297248,0.05009509,test,-0.0372469
2017-06-05,TLT,0.0054319883,-0.036686864,0.04211885,test,0.003995778
2017-06-06,EFA,0.00030000624,-0.0238317,0.024131708,test,-0.044314552
2017-06-06,IWM,0.00093538413,-0.0049414663,0.0058768503,test,0.027110333
2017-06-06,SPY,0.00184885,-0.036315784,0.038164634,test,-0.053297248
2017-06-06,TLT,-0.004791306,0.0076436065,0.012434913,test,-0.036686864
2017-06-07,EFA,-0.001801389,0.009737473,0.011538862,test,-0.0238317
2017-06-07,IWM,0.01357905,-0.0091591375,0.022738189,test,-0.0049414663
2017-06-07,SPY,0.00049207563,-0.041681543,0.04217362,test,-0.036315784
2017-06-07,TLT,-0.0026449973,-0.015417322,0.0127723245,test,0.0076436065
2017-06-08,EFA,-0.0037632734,0.0040100357,0.007773309,test,0.009737473
2017-06-08,IWM,0.0051680785,-0.0063906936,0.011558772,test,-0.0091591375
2017-06-08,SPY,-0.0015189127,-0.005667734,0.0041488213,test,-0.041681543
2017-06-08,TLT,-0.0015262488,-0.012279843,0.010753594,test,-0.015417322
2017-06-09,EFA,-0.0037772623,0.019568725,0.023345986,test,0.0040100357
2017-06-09,IWM,-0.0016258202,0.020441907,0.022067728,test,-0.0063906936
2017-06-09,SPY,-0.0002054219,0.016053023,0.016258445,test,-0.005667734
2017-06-09,TLT,-0.00032186374,0.0069778375,0.007299701,test,-0.012279843
2017-06-12,EFA,0.0076907002,0.004370629,0.0033200714,test,0.019568725
2017-06-12,IWM,0.005080294,-0.010691179,0.015771473,test,0.020441907
2017-06-12,SPY,0.0048779007,-0.051268525,0.056146428,test,0.016053023
2017-06-12,TLT,0.00016114036,0.008431941,0.008270801,test,0.0069778375
2017-06-13,EFA,-0.00075142464,0.011471926,0.012223351,test,0.004370629
2017-06-13,IWM,-0.005929152,0.0064797616,0.012408914,test,-0.010691179
2017-06-13,SPY,-0.0012685106,0.013885799,0.01515431,test,-0.051268525
2017-06-13,TLT,0.015318619,0.003767841,0.0115507785,test,0.008431941
2017-06-14,EFA,-0.010426828,0.0005346134,0.010961441,test,0.011471926
2017-06-14,IWM,-0.0051100366,-0.0087855635,0.003675527,test,0.0064797616
2017-06-14,SPY,-0.0019259448,0.0011385584,0.0030645032,test,0.013885799
2017-06-14,TLT,-0.001584645,-0.04596574,0.044381093,test,0.003767841
2017-06-15,EFA,0.008470853,-0.00037274067,0.008843593,test,0.0005346134
2017-06-15,IWM,-0.0024934213,0.005705856,0.008199277,test,-0.0087855635
2017-06-15,SPY,0.0002183916,0.017042203,0.016823811,test,0.0011385584
2017-06-15,TLT,0.0019806453,-0.014193519,0.016174164,test,-0.04596574
2017-06-16,EFA,0.0040586176,-0.0006061613,0.0046647787,test,-0.00037274067
2017-06-16,IWM,0.0073909797,-0.0013159963,0.008706976,test,0.005705856
2017-06-16,SPY,0.008290575,0.016429959,0.008139384,test,0.017042203
2017-06-16,TLT,-0.0014261656,-0.0015423994,0.00011623383,test,-0.014193519
2017-06-19,EFA,-0.008081774,0.006404668,0.014486442,test,-0.0006061613
2017-06-19,IWM,-0.010176886,0.03281605,0.042992935,test,-0.0013159963
2017-06-19,SPY,-0.0067668324,0.057522938,0.06428977,test,0.016429959
2017-06-19,TLT,0.008916553,-0.017225316,0.026141869,test,-0.0015423994
2017-06-20,EFA,-0.0012300963,-0.010396934,0.009166838,test,0.006404668
2017-06-20,IWM,-0.0025065753,-0.00082946126,0.001677114,test,0.03281605
2017-06-20,SPY,-0.0002468113,-0.025920613,0.025673801,test,0.057522938
2017-06-20,TLT,0.0020398654,-0.0010746235,0.003114489,test,-0.017225316
2017-06-21,EFA,-0.00015370788,0.018285004,0.018438712,test,-0.010396934
2017-06-21,IWM,0.003793427,-0.004432384,0.008225811,test,-0.00082946126
2017-06-21,SPY,-0.0004529573,-0.0035283787,0.0030754213,test,-0.025920613
2017-06-21,TLT,0.0021932526,0.0032502722,0.0010570197,test,-0.0010746235
2017-06-22,EFA,0.0024591342,0.019902673,0.017443538,test,0.018285004
2017-06-22,IWM,0.0066218157,0.0040697893,0.0025520264,test,-0.004432384
2017-06-22,SPY,0.0011933522,-0.005242138,0.00643549,test,-0.0035283787
2017-06-22,TLT,-0.00046980087,-0.0014812683,0.0010114674,test,0.0032502722
2017-06-23,EFA,0.0016872241,0.018536469,0.016849244,test,0.019902673
2017-06-23,IWM,0.0012056335,0.0048634177,0.0036577843,test,0.0040697893
2017-06-23,SPY,0.0006580916,-0.010325243,0.010983335,test,-0.005242138
2017-06-23,TLT,0.0037501177,0.0046174144,0.0008672967,test,-0.0014812683
2017-06-26,EFA,-0.00015332118,0.014227121,0.014380442,test,0.018536469
2017-06-26,IWM,-0.008828049,0.014365126,0.023193175,test,0.0048634177
2017-06-26,SPY,-0.008088997,0.0109948,0.019083798,test,-0.010325243
2017-06-26,TLT,-0.010738868,0.0010925878,0.011831456,test,0.0046174144
2017-06-27,EFA,0.00869902,0.0012549569,0.007444063,test,0.014227121
2017-06-27,IWM,0.0151867485,0.015728569,0.0005418202,test,0.014365126
2017-06-27,SPY,0.008910698,-0.01268147,0.021592168,test,0.0109948
2017-06-27,TLT,-0.0033160232,0.013433509,0.016749531,test,0.0010925878
2017-06-28,EFA,-0.009925834,-0.008609685,0.0013161488,test,0.0012549569
2017-06-28,IWM,-0.0059330342,-0.0049269954,0.0010060389,test,0.015728569
2017-06-28,SPY,-0.008827699,0.024239557,0.033067256,test,-0.01268147
2017-06-28,TLT,-0.008416718,0.009229789,0.017646506,test,0.013433509
