date,ticker,y_true,y_pred,abs_error,dataset_part,signal_for_trade
2020-12-30,EFA,-0.0076461374,-0.089154705,0.08150857,train,
2020-12-30,IWM,-0.001783725,0.016063025,0.01784675,train,
2020-12-30,SPY,0.0050681275,0.020622881,0.015554754,train,
2020-12-30,TLT,0.0014589546,-0.012612666,0.014071621,train,
2020-12-31,EFA,0.005194751,0.09401981,0.088825054,train,-0.089154705
2020-12-31,IWM,-0.01314292,-0.032654032,0.019511111,train,0.016063025
2020-12-31,SPY,-0.013707716,-0.05654087,0.042833153,train,0.020622881
2020-12-31,TLT,-0.0012047531,-0.014242514,0.013037761,train,-0.012612666
2021-01-04,EFA,0.01030948,-0.0737672,0.08407668,train,0.09401981
2021-01-04,IWM,0.015333845,-0.051027775,0.06636162,train,-0.032654032
2021-01-04,SPY,0.0068638753,-0.034257937,0.04112181,train,-0.05654087
2021-01-04,TLT,-0.0074541806,0.021471068,0.02892525,train,-0.014242514
2021-01-05,EFA,0.011405866,-0.049179897,0.060585763,train,-0.0737672
2021-01-05,IWM,0.040103175,0.032261714,0.00784146,train,-0.051027775
2021-01-05,SPY,0.005960648,0.026063787,0.020103138,train,-0.034257937
2021-01-05,TLT,-0.020742074,-0.0015236908,0.019218383,train,0.021471068
2021-01-06,EFA,0.0010665889,0.031378347,0.030311758,train,-0.049179897
2021-01-06,IWM,0.017640302,0.12384227,0.10620197,train,0.032261714
2021-01-06,SPY,0.014748051,-0.018348323,0.033096373,train,0.026063787
2021-01-06,TLT,-0.008853691,-0.038595304,0.029741613,train,-0.0015236908
2021-01-07,EFA,0.0092862975,-0.020375697,0.029661994,train,0.031378347
2021-01-07,IWM,-0.0021638693,-0.06568772,0.06352385,train,0.12384227
2021-01-07,SPY,0.0056816717,0.07314259,0.06746092,train,-0.018348323
2021-01-07,TLT,-0.0032325264,0.052583613,0.05581614,train,-0.038595304
2021-01-08,EFA,-0.013158897,0.033083558,0.046242453,train,-0.020375697
2021-01-08,IWM,-0.0008670637,-0.021549014,0.020681951,train,-0.06568772
2021-01-08,SPY,-0.0067636673,0.021512562,0.02827623,train,0.07314259
2021-01-08,TLT,-0.0016535593,0.0030881534,0.0047417125,train,0.052583613
2021-01-11,EFA,0.004538833,-0.0057438225,0.010282656,train,0.033083558
2021-01-11,IWM,0.017765475,-0.010942965,0.02870844,train,-0.021549014
2021-01-11,SPY,0.0002113141,0.019202711,0.018991398,train,0.021512562
2021-01-11,TLT,-0.00079452834,0.01290571,0.013700238,train,0.0030881534
2021-01-12,EFA,-0.0013329117,-0.049355213,0.0480223,train,-0.0057438225
2021-01-12,IWM,-0.007173101,-0.01717235,0.009999249,train,-0.010942965
2021-01-12,SPY,0.0026893148,0.01898749,0.016298175,train,0.019202711
2021-01-12,TLT,0.011198582,0.0084704645,0.0027281176,train,0.01290571
2021-01-13,EFA,0.007970477,-0.046884015,0.054854494,train,-0.049355213
2021-01-13,IWM,0.019779092,0.07637281,0.056593716,train,-0.01717235
2021-01-13,SPY,-0.003508233,0.044132106,0.04764034,train,0.01898749
2021-01-13,TLT,-0.009411899,0.0053919232,0.014803823,train,0.0084704645
2021-01-14,EFA,-0.015735807,0.0024783253,0.018214133,train,-0.046884015
2021-01-14,IWM,-0.015023083,0.06603066,0.08105374,train,0.07637281
2021-01-14,SPY,-0.007319235,-0.021645186,0.014325952,train,0.044132106
2021-01-14,TLT,0.003959751,0.020938503,0.016978752,train,0.0053919232
2021-01-15,EFA,0.0072318814,0.022998525,0.015766643,train,0.0024783253
2021-01-15,IWM,0.012730268,0.052434996,0.03970473,train,0.06603066
2021-01-15,SPY,0.007821252,-0.031299513,0.039120764,train,-0.021645186
2021-01-15,TLT,0.003222371,-0.0026546181,0.005876989,train,0.020938503
2021-01-19,EFA,0.006782223,-0.062241085,0.06902331,train,0.022998525
2021-01-19,IWM,0.0043940665,-0.024478702,0.02887277,train,0.052434996
2021-01-19,SPY,0.013743594,0.013737035,6.559305e-06,train,-0.031299513
2021-01-19,TLT,0.000984671,0.005543494,0.004558823,train,-0.0026546181
2021-01-20,EFA,0.0007950734,-0.07681378,0.07760885,train,-0.062241085
2021-01-20,IWM,-0.008713614,0.045968033,0.054681648,train,-0.024478702
2021-01-20,SPY,0.0009114018,0.031287394,0.030375993,train,0.013737035
2021-01-20,TLT,-0.007043366,-0.0087846285,0.0017412626,train,0.005543494
2021-01-21,EFA,-0.004779001,0.019472914,0.024251916,train,-0.07681378
2021-01-21,IWM,0.011554722,0.1000263,0.08847158,train,0.045968033
2021-01-21,SPY,-0.0035456577,0.03252884,0.036074497,train,0.031287394
2021-01-21,TLT,0.003231509,0.038909238,0.035677727,train,-0.0087846285
2021-01-22,EFA,-0.0011983275,-0.066042915,0.064844586,train,0.019472914
2021-01-22,IWM,-0.0009771369,0.011795283,0.01277242,train,0.1000263
2021-01-22,SPY,0.003936114,-0.0037805908,0.0077167046,train,0.03252884
2021-01-22,TLT,0.011716967,0.07681412,0.06509715,train,0.038909238
2021-01-25,EFA,0.0014645198,-0.07914932,0.080613844,train,-0.066042915
2021-01-25,IWM,-0.0069610723,0.00026634842,0.007227421,train,0.011795283
2021-01-25,SPY,-0.0015623136,-0.033168536,0.031606223,train,-0.0037805908
2021-01-25,TLT,-0.0018886949,0.040932484,0.04282118,train,0.07681412
2021-01-26,EFA,-0.023147333,-0.0862119,0.06306456,train,-0.07914932
2021-01-26,IWM,-0.018501084,-0.015947333,0.0025537517,train,0.00026634842
2021-01-26,SPY,-0.024743913,-0.010105855,0.014638058,train,-0.033168536
2021-01-26,TLT,0.0025390903,0.065779105,0.063240014,train,0.040932484
2021-01-27,EFA,0.006378343,0.10666676,0.10028841,train,-0.0862119
2021-01-27,IWM,-0.0032048593,0.0596297,0.06283456,train,-0.015947333
2021-01-27,SPY,0.0085631795,0.1713852,0.16282202,train,-0.010105855
2021-01-27,TLT,-0.0055425386,0.063686974,0.06922951,train,0.065779105
2021-01-28,EFA,-0.02091535,-0.08276394,0.06184859,train,0.10666676
2021-01-28,IWM,-0.015255667,-0.09773612,0.08248045,train,0.0596297
2021-01-28,SPY,-0.02022258,-0.113035776,0.092813194,train,0.1713852
2021-01-28,TLT,-0.0060346858,0.029336454,0.03537114,train,0.063686974
2021-01-29,EFA,0.011810184,0.032491446,0.020681262,train,-0.08276394
2021-01-29,IWM,0.024270177,-0.07433627,0.098606445,train,-0.09773612
2021-01-29,SPY,0.01650848,0.04905677,0.032548286,train,-0.113035776
2021-01-29,TLT,0.001158529,0.018025164,0.016866636,train,0.029336454
2021-02-01,EFA,0.010051596,-0.035187922,0.04523952,train,0.032491446
2021-02-01,IWM,0.014143728,0.01904034,0.004896613,train,-0.07433627
2021-02-01,SPY,0.014041077,-0.11612874,0.13016982,train,0.04905677
2021-02-01,TLT,-0.0064684586,0.05419147,0.06065993,train,0.018025164
2021-02-02,EFA,0.0024298774,-0.065640315,0.068070196,train,-0.035187922
2021-02-02,IWM,0.0029916607,0.018124716,0.015133056,train,0.01904034
2021-02-02,SPY,0.0007861765,-0.03387377,0.03465995,train,-0.11612874
2021-02-02,TLT,-0.008912544,0.012512336,0.021424878,train,0.05419147
2021-02-03,EFA,0.0010779799,-0.055767402,0.05684538,train,-0.065640315
2021-02-03,IWM,0.020191327,0.06431742,0.044126093,train,0.018124716
2021-02-03,SPY,0.011301566,0.011632473,0.0003309073,train,-0.03387377
2021-02-03,TLT,-0.0026759424,-0.016402194,0.013726252,train,0.012512336
2021-02-04,EFA,0.006176307,-0.043917224,0.05009353,train,-0.055767402
2021-02-04,IWM,0.013764622,-0.005956693,0.019721314,train,0.06431742
2021-02-04,SPY,0.003928162,0.0057359166,0.0018077544,train,0.011632473
2021-02-04,TLT,-0.008408554,-0.034703862,0.026295308,train,-0.016402194
2021-02-05,EFA,0.0069361906,-0.07039378,0.07732997,train,-0.043917224
2021-02-05,IWM,0.025215162,-0.06382007,0.089035235,train,-0.005956693
2021-02-05,SPY,0.007196122,0.00987503,0.0026789084,train,0.0057359166
2021-02-05,TLT,0.004381075,-0.055472635,0.05985371,train,-0.034703862
2021-02-08,EFA,0.0054351133,0.0035659387,0.0018691747,train,-0.07039378
2021-02-08,IWM,0.0046962406,0.0095326835,0.004836443,train,-0.06382007
2021-02-08,SPY,-0.00066610816,0.05616273,0.056828838,train,0.00987503
2021-02-08,TLT,0.0007393662,-0.04358139,0.044320755,train,-0.055472635
2021-02-09,EFA,-0.0034434018,-0.07814549,0.074702084,train,0.0035659387
2021-02-09,IWM,-0.0065898267,0.03397083,0.040560655,train,0.0095326835
2021-02-09,SPY,-0.00043563044,0.042313535,0.042749166,train,0.05616273
2021-02-09,TLT,0.006631668,0.021137444,0.014505776,train,-0.04358139
2021-02-10,EFA,0.0067431214,-0.051517695,0.058260817,train,-0.07814549
2021-02-10,IWM,-0.0011464527,0.05782458,0.058971036,train,0.03397083
2021-02-10,SPY,0.0016136218,0.09945446,0.09784084,train,0.042313535
2021-02-10,TLT,-0.0054896586,0.02707109,0.03256075,train,0.021137444
2021-02-11,EFA,0.00551913,-0.08252874,0.08804787,train,-0.051517695
2021-02-11,IWM,0.0028199404,0.06301554,0.060195602,train,0.05782458
2021-02-11,SPY,0.0049275537,0.022230336,0.017302783,train,0.09945446
2021-02-11,TLT,-0.012496886,-0.0116024455,0.00089444034,train,0.02707109
2021-02-12,EFA,0.00718161,-0.015960755,0.023142364,train,-0.08252874
2021-02-12,IWM,-0.0063122557,0.076312326,0.082624584,train,0.06301554
2021-02-12,SPY,-0.000866394,0.030098243,0.030964637,train,0.022230336
2021-02-12,TLT,-0.015343987,0.024253214,0.039597202,train,-0.0116024455
2021-02-16,EFA,-0.005872031,0.046466358,0.052338388,train,-0.015960755
2021-02-16,IWM,-0.007868515,0.0024238168,0.010292333,train,0.076312326
2021-02-16,SPY,0.00022947881,-0.030209737,0.030439217,train,0.030098243
2021-02-16,TLT,0.0063305898,0.018512106,0.012181516,train,0.024253214
2021-02-17,EFA,-0.004985573,0.025902638,0.030888211,train,0.046466358
2021-02-17,IWM,-0.015608086,-0.06189371,0.04628562,train,0.0024238168
2021-02-17,SPY,-0.0042650346,0.009947025,0.01421206,train,-0.030209737
2021-02-17,TLT,-0.004055471,-0.030496342,0.02644087,train,0.018512106
2021-02-18,EFA,0.0028892593,0.03706277,0.03417351,train,0.025902638
2021-02-18,IWM,0.020638708,-0.07224117,0.09287988,train,-0.06189371
2021-02-18,SPY,-0.0017674625,-0.014949811,0.013182349,train,0.009947025
2021-02-18,TLT,-0.013380873,0.019112414,0.032493286,train,-0.030496342
2021-02-19,EFA,-0.0024949105,-0.07347466,0.07097975,train,0.03706277
2021-02-19,IWM,-0.006504627,0.031619377,0.038124003,train,-0.07224117
2021-02-19,SPY,-0.007721495,-0.018544411,0.010822916,train,-0.014949811
2021-02-19,TLT,-0.0076370547,0.016259298,0.023896351,train,0.019112414
2021-02-22,EFA,0.0009198157,0.0032116189,0.0022918032,train,-0.07347466
2021-02-22,IWM,-0.008844147,0.0010219603,0.009866107,train,0.031619377
2021-02-22,SPY,0.001213603,-0.08911936,0.09033296,train,-0.018544411
2021-02-22,TLT,-0.0028878236,0.056165982,0.059053805,train,0.016259298
2021-02-23,EFA,0.0031477127,-0.02227345,0.025421161,train,0.0032116189
2021-02-23,IWM,0.023354247,0.005680663,0.017673584,train,0.0010219603
2021-02-23,SPY,0.0109591335,0.020731183,0.009772049,train,-0.08911936
2021-02-23,TLT,-0.0065817405,0.07621226,0.082793996,train,0.056165982
2021-02-24,EFA,-0.017168956,-0.015249173,0.0019197827,train,-0.02227345
2021-02-24,IWM,-0.037660655,0.0027114316,0.040372085,train,0.005680663
2021-02-24,SPY,-0.024390979,0.05112373,0.07551471,train,0.020731183
2021-02-24,TLT,-0.016465858,0.056690797,0.073156655,train,0.07621226
2021-02-25,EFA,-0.014220758,0.041715294,0.055936053,train,-0.015249173
2021-02-25,IWM,-0.0013733426,0.12244862,0.12382197,train,0.0027114316
2021-02-25,SPY,-0.0051657953,0.053467765,0.058633562,train,0.05112373
2021-02-25,TLT,0.032525137,0.07124371,0.038718574,train,0.056690797
2021-02-26,EFA,0.01860696,0.07755247,0.058945507,train,0.041715294
2021-02-26,IWM,0.034928817,0.008169697,0.026759122,train,0.12244862
2021-02-26,SPY,0.023951082,0.052940156,0.028989075,train,0.053467765
2021-02-26,TLT,-0.013295969,-0.04304322,0.02974725,train,0.07124371
2021-03-01,EFA,-0.0010615889,0.028861687,0.029923275,train,0.07755247
2021-03-01,IWM,-0.019429445,-0.046619967,0.027190521,train,0.008169697
2021-03-01,SPY,-0.007833966,0.047917813,0.05575178,train,0.052940156
2021-03-01,TLT,7.092322e-05,-0.030485755,0.030556679,train,-0.04304322
2021-03-02,EFA,-0.006125776,0.08044403,0.08656981,train,0.028861687
2021-03-02,IWM,-0.0108833285,0.04362355,0.05450688,train,-0.046619967
2021-03-02,SPY,-0.013334368,0.043799564,0.05713393,train,0.047917813
2021-03-02,TLT,-0.010905027,0.0089868205,0.019891847,train,-0.030485755
2021-03-03,EFA,-0.009529686,0.09795797,0.107487656,train,0.08044403
2021-03-03,IWM,-0.028348386,0.12988006,0.15822844,train,0.04362355
2021-03-03,SPY,-0.012451837,0.11141157,0.12386341,train,0.043799564
2021-03-03,TLT,-0.006470655,-0.018960623,0.012489968,train,0.0089868205
2021-03-04,EFA,0.0064522503,0.045680683,0.039228432,train,0.09795797
2021-03-04,IWM,0.020980434,0.20326506,0.18228462,train,0.12988006
2021-03-04,SPY,0.018229356,0.00422606,0.014003295,train,0.11141157
2021-03-04,TLT,0.0019457515,-0.014547355,0.016493106,train,-0.018960623
2021-03-05,EFA,-0.0034896652,0.019338166,0.022827832,train,0.045680683
2021-03-05,IWM,0.0047196825,0.07502285,0.070303164,train,0.20326506
2021-03-05,SPY,-0.004990817,-0.0015059398,0.0034848773,train,0.00422606
2021-03-05,TLT,-0.00780524,0.03781235,0.045617588,train,-0.014547355
2021-03-08,EFA,0.013356664,0.066801764,0.0534451,train,0.019338166
2021-03-08,IWM,0.020811675,0.0032864227,0.017525252,train,0.07502285
2021-03-08,SPY,0.014176223,-0.0029544146,0.017130638,train,-0.0015059398
2021-03-08,TLT,0.0137626985,0.05152958,0.03776688,train,0.03781235
2021-03-09,EFA,0.004236685,-0.0022829263,0.0065196115,train,0.066801764
2021-03-09,IWM,0.017223354,0.026250409,0.0090270545,train,0.0032864227
2021-03-09,SPY,0.006205409,-0.06829074,0.07449615,train,-0.0029544146
2021-03-09,TLT,0.002001584,-0.010824627,0.012826212,train,0.05152958
2021-03-10,EFA,0.0052707684,0.0027312613,0.002539507,train,-0.0022829263
2021-03-10,IWM,0.021766571,0.036725223,0.014958652,train,0.026250409
2021-03-10,SPY,0.010087968,-0.04473292,0.054820888,train,-0.06829074
2021-03-10,TLT,-0.0072393892,-0.04232135,0.03508196,train,-0.010824627
2021-03-11,EFA,0.002493811,-0.076458976,0.07895279,train,0.0027312613
2021-03-11,IWM,0.0058820387,-0.06478646,0.070668496,train,0.036725223
2021-03-11,SPY,0.0013459843,0.046632364,0.04528638,train,-0.04473292
2021-03-11,TLT,-0.021449603,-0.047552876,0.026103273,train,-0.04232135
2021-03-12,EFA,0.0007864256,-0.011357612,0.0121440375,train,-0.076458976
2021-03-12,IWM,0.0035468538,-0.017416706,0.02096356,train,-0.06478646
2021-03-12,SPY,0.005945669,0.040503837,0.03455817,train,0.046632364
2021-03-12,TLT,0.0058621904,0.0452056,0.03934341,train,-0.047552876
2021-03-15,EFA,0.0017015315,-0.015787503,0.017489035,train,-0.011357612
2021-03-15,IWM,-0.016863286,0.033020705,0.04988399,train,-0.017416706
2021-03-15,SPY,-0.0012621103,0.04776121,0.04902332,train,0.040503837
2021-03-15,TLT,-0.0040265615,0.078012824,0.082039386,train,0.0452056
2021-03-16,EFA,0.0058672056,0.01363238,0.007765175,train,-0.015787503
2021-03-16,IWM,0.007821631,0.033412755,0.025591124,train,0.033020705
2021-03-16,SPY,0.0034042299,0.05914303,0.0557388,train,0.04776121
2021-03-16,TLT,-0.007511637,-0.011415248,0.0039036106,train,0.078012824
2021-03-17,EFA,-0.009141857,-0.0026811068,0.00646075,train,0.01363238
2021-03-17,IWM,-0.030905966,0.032762326,0.063668296,train,0.033412755
2021-03-17,SPY,-0.014656589,0.023145953,0.037802543,train,0.05914303
2021-03-17,TLT,-0.010177155,-0.011147602,0.00097044744,train,-0.011415248
2021-03-18,EFA,0.0027510163,0.008338668,0.0055876523,train,-0.0026811068
2021-03-18,IWM,0.007519267,-0.038321152,0.04584042,train,0.032762326
2021-03-18,SPY,-0.0018520395,-0.07414118,0.07228914,train,0.023145953
2021-03-18,TLT,0.0061781527,0.026107289,0.019929137,train,-0.011147602
2021-03-19,EFA,0.00091559807,0.024523893,0.023608295,train,0.008338668
2021-03-19,IWM,-0.0075637163,0.009366893,0.01693061,train,-0.038321152
2021-03-19,SPY,0.007953483,0.046141375,0.03818789,train,-0.07414118
2021-03-19,TLT,0.011143323,0.048316877,0.037173554,train,0.026107289
2021-03-22,EFA,-0.013952953,0.032548584,0.046501536,train,0.024523893
2021-03-22,IWM,-0.036948424,-0.10153905,0.06459063,train,0.009366893
2021-03-22,SPY,-0.007902115,0.10116956,0.10907167,train,0.046141375
2021-03-22,TLT,0.008986795,0.0027053854,0.00628141,train,0.048316877
2021-03-23,EFA,-0.005049839,0.060240954,0.065290794,train,0.032548584
2021-03-23,IWM,-0.023399005,0.13894741,0.16234642,train,-0.10153905
2021-03-23,SPY,-0.005096329,0.038474068,0.043570396,train,0.10116956
2021-03-23,TLT,0.0053676777,0.03439639,0.029028714,train,0.0027053854
2021-03-24,EFA,0.0074330093,0.046412483,0.038979474,train,0.060240954
2021-03-24,IWM,0.023433316,-0.03895217,0.06238549,train,0.13894741
2021-03-24,SPY,0.00560962,0.008004383,0.0023947633,train,0.038474068
2021-03-24,TLT,-0.007916933,0.022486696,0.030403629,train,0.03439639
2021-03-25,EFA,0.012876112,0.007283091,0.005593021,train,0.046412483
2021-03-25,IWM,0.01806721,0.026198866,0.008131655,train,-0.03895217
2021-03-25,SPY,0.015986431,-0.008395142,0.024381574,train,0.008004383
2021-03-25,TLT,-0.003506384,-0.0016703368,0.0018360473,train,0.022486696
2021-03-26,EFA,-0.0039241165,0.048502948,0.052427065,train,0.007283091
2021-03-26,IWM,-0.028553024,-0.032881156,0.0043281317,train,0.026198866
2021-03-26,SPY,-0.0005052311,-0.041936904,0.041431673,train,-0.008395142
2021-03-26,TLT,-0.008524113,0.10047166,0.10899577,train,-0.0016703368
2021-03-29,EFA,-0.0013113513,0.041249968,0.04256132,train,0.048502948
2021-03-29,IWM,0.016697457,-0.019433288,0.036130745,train,-0.032881156
2021-03-29,SPY,-0.0026564526,0.042850472,0.045506924,train,-0.041936904
2021-03-29,TLT,0.0052266247,0.0053151962,8.857157e-05,train,0.10047166
2021-03-30,EFA,-0.0043401704,0.017553022,0.021893192,train,0.041249968
2021-03-30,IWM,0.013350165,0.072351314,0.059001148,train,-0.019433288
2021-03-30,SPY,0.0040452653,0.077591784,0.07354652,train,0.042850472
2021-03-30,TLT,-0.0055959392,-0.015912449,0.01031651,train,0.0053151962
2021-03-31,EFA,0.012964406,0.08767549,0.074711084,train,0.017553022
2021-03-31,IWM,0.012593555,0.0611182,0.048524644,train,0.072351314
2021-03-31,SPY,0.010741426,-0.035297632,0.04603906,train,0.077591784
2021-03-31,TLT,0.01646104,-0.024830464,0.041291505,train,-0.015912449
2021-04-01,EFA,0.014466806,-0.0051332326,0.01960004,train,0.08767549
2021-04-01,IWM,0.0054823672,-0.08672111,0.092203476,train,0.0611182
2021-04-01,SPY,0.014250763,0.031610843,0.01736008,train,-0.035297632
2021-04-01,TLT,-0.00437257,0.047126062,0.051498633,train,-0.024830464
2021-04-05,EFA,-0.010700938,0.011347984,0.022048922,train,-0.0051332326
2021-04-05,IWM,-0.0029379835,-0.05949807,0.056560088,train,-0.08672111
2021-04-05,SPY,-0.0005906875,0.049613655,0.05020434,train,0.031610843
2021-04-05,TLT,0.0067696674,0.05101966,0.044249993,train,0.047126062
2021-04-06,EFA,0.002071884,0.043307785,0.0412359,train,0.011347984
2021-04-06,IWM,-0.016270015,0.024492586,0.040762603,train,-0.05949807
2021-04-06,SPY,0.0011564224,0.014804122,0.0136477,train,0.049613655
2021-04-06,TLT,-0.0069890115,0.008456972,0.015445984,train,0.05101966
2021-04-07,EFA,0.0056751585,0.02198635,0.016311191,train,0.043307785
2021-04-07,IWM,0.008437709,0.018066028,0.009628319,train,0.024492586
2021-04-07,SPY,0.0047356877,-0.002142238,0.0068779257,train,0.014804122
2021-04-07,TLT,0.008221509,0.01812846,0.009906951,train,0.008456972
2021-04-08,EFA,0.0030818845,0.04185766,0.038775776,train,0.02198635
2021-04-08,IWM,0.00013476046,-0.035687376,0.035822134,train,0.018066028
2021-04-08,SPY,0.0072439765,-0.03260734,0.039851315,train,-0.002142238
2021-04-08,TLT,-0.003629595,0.019182133,0.022811728,train,0.01812846
2021-04-09,EFA,-0.0055288323,0.054242335,0.05977117,train,0.04185766
2021-04-09,IWM,-0.0039161025,0.037082743,0.040998846,train,-0.035687376
2021-04-09,SPY,0.0003645218,-0.017378887,0.017743409,train,-0.03260734
2021-04-09,TLT,-0.00043616968,-0.005561924,0.0051257545,train,0.019182133
2021-04-12,EFA,0.0057852184,0.04837797,0.04259275,train,0.054242335
2021-04-12,IWM,-0.0026194032,0.018957647,0.021577049,train,0.037082743
2021-04-12,SPY,0.0029592314,0.043261215,0.040301982,train,-0.017378887
2021-04-12,TLT,0.0074656177,-0.031670377,0.039135993,train,-0.005561924
2021-04-13,EFA,0.0007691062,0.0171159,0.016346794,train,0.04837797
2021-04-13,IWM,0.00980972,0.10010177,0.09029205,train,0.018957647
2021-04-13,SPY,-0.0034210025,0.016590277,0.02001128,train,0.043261215
2021-04-13,TLT,-0.003182305,0.0135572,0.016739506,train,-0.031670377
2021-04-14,EFA,0.008291175,0.049466908,0.041175734,train,0.0171159
2021-04-14,IWM,0.0043341587,0.0133498395,0.009015681,train,0.10010177
2021-04-14,SPY,0.010685327,-0.04048747,0.051172797,train,0.016590277
2021-04-14,TLT,0.016595662,0.0074205766,0.0091750845,train,0.0135572
2021-04-15,EFA,0.0072147576,0.08725841,0.08004366,train,0.049466908
2021-04-15,IWM,0.0016037625,0.0001274696,0.001476293,train,0.0133498395
2021-04-15,SPY,0.0033367553,0.033578396,0.03024164,train,-0.04048747
2021-04-15,TLT,-0.007796539,0.09012173,0.09791827,train,0.0074205766
2021-04-16,EFA,-0.0017669508,0.0148374075,0.016604358,train,0.08725841
2021-04-16,IWM,-0.013083244,0.1071553,0.12023854,train,0.0001274696
2021-04-16,SPY,-0.0049251835,-0.025333254,0.02040807,train,0.033578396
2021-04-16,TLT,-0.0028762845,-0.03696347,0.034087185,train,0.09012173
2021-04-19,EFA,-0.018103601,0.0039620525,0.022065654,train,0.0148374075
2021-04-19,IWM,-0.02068784,-0.044941455,0.024253614,train,0.1071553
2021-04-19,SPY,-0.007348567,0.041587915,0.048936483,train,-0.025333254
2021-04-19,TLT,0.0045976304,-0.025360076,0.029957706,train,-0.03696347
2021-04-20,EFA,0.010239261,0.06938875,0.059149485,train,0.0039620525
2021-04-20,IWM,0.024154685,0.0610374,0.036882713,train,-0.044941455
2021-04-20,SPY,0.009417747,0.017286422,0.007868675,train,0.041587915
2021-04-20,TLT,0.002005556,-0.02110331,0.023108866,train,-0.025360076
2021-04-21,EFA,-0.0033163563,0.004099702,0.0074160583,train,0.06938875
2021-04-21,IWM,-0.0041435165,-0.0133677265,0.00922421,train,0.0610374
2021-04-21,SPY,-0.009175066,0.08173963,0.0909147,train,0.017286422
2021-04-21,TLT,0.0043545365,0.0030755415,0.0012789951,train,-0.02110331
2021-04-22,EFA,0.010169092,0.046196535,0.036027443,train,0.004099702
2021-04-22,IWM,0.018688696,-0.03814326,0.056831956,train,-0.0133677265
2021-04-22,SPY,0.010784062,0.02202894,0.011244878,train,0.08173963
2021-04-22,TLT,-0.0023531227,-0.049744144,0.04739102,train,0.0030755415
2021-04-23,EFA,0.000758687,0.052558225,0.05179954,train,0.046196535
2021-04-23,IWM,0.010355491,-0.05028844,0.06064393,train,-0.03814326
2021-04-23,SPY,0.0020853118,-0.0049974234,0.007082735,train,0.02202894
2021-04-23,TLT,-0.0014290536,-0.06498152,0.06355247,train,-0.049744144
2021-04-26,EFA,-0.0032911685,0.027691832,0.030983001,train,0.052558225
2021-04-26,IWM,0.0014895187,-0.08438823,0.085877754,train,-0.05028844
2021-04-26,SPY,-0.00021553921,0.024346752,0.024562292,train,-0.0049974234
2021-04-26,TLT,-0.008761595,-0.052627664,0.043866068,train,-0.06498152
2021-04-27,EFA,0.0025324817,0.0105234245,0.007990943,train,0.027691832
2021-04-27,IWM,0.0017056611,0.023084996,0.021379335,train,-0.08438823
2021-04-27,SPY,-0.00028717166,-0.0010133856,0.0007262139,train,0.024346752
2021-04-27,TLT,0.0006486992,0.019609103,0.018960403,train,-0.052627664
2021-04-28,EFA,0.00037964078,0.040632833,0.040253192,train,0.0105234245
2021-04-28,IWM,-0.0037212803,0.03148101,0.03520229,train,0.023084996
2021-04-28,SPY,0.006352254,-0.0086348215,0.014987076,train,-0.0010133856
2021-04-28,TLT,-0.002959261,-0.04353378,0.040574517,train,0.019609103
2021-04-29,EFA,-0.012595065,0.04882852,0.061423585,train,0.040632833
2021-04-29,IWM,-0.013690327,0.042956144,0.05664647,train,0.03148101
2021-04-29,SPY,-0.0065921084,-0.010298501,0.0037063924,train,-0.0086348215
2021-04-29,TLT,0.0023105617,-0.07294163,0.07525219,train,-0.04353378
2021-04-30,EFA,0.010950041,0.036524814,0.025574774,train,0.04882852
2021-04-30,IWM,0.004879245,-0.018240398,0.023119643,train,0.042956144
2021-04-30,SPY,0.0021543603,-0.03646359,0.03861795,train,-0.010298501
2021-04-30,TLT,0.0005997822,-0.007888564,0.008488346,train,-0.07294163
2021-05-03,EFA,-0.014926551,0.014656109,0.02958266,train,0.036524814
2021-05-03,IWM,-0.012019475,-0.08542879,0.07340931,train,-0.018240398
2021-05-03,SPY,-0.0061882567,-0.023382764,0.017194508,train,-0.03646359
2021-05-03,TLT,0.0067628934,-0.019062867,0.025825761,train,-0.007888564
2021-05-04,EFA,0.013532778,0.040071044,0.026538266,train,0.014656109
2021-05-04,IWM,-0.0039936607,-0.0522435,0.04824984,train,-0.08542879
2021-05-04,SPY,0.00031277727,-0.007888298,0.008201075,train,-0.023382764
2021-05-04,TLT,0.0016475084,0.0023032366,0.0006557283,train,-0.019062867
2021-05-05,EFA,0.008208568,0.015972758,0.0077641895,train,0.040071044
2021-05-05,IWM,0.0008539111,0.028237449,0.027383538,train,-0.0522435
2021-05-05,SPY,0.00795383,0.03395222,0.025998391,train,-0.007888298
2021-05-05,TLT,0.0016453736,0.02322544,0.021580067,train,0.0023032366
2021-05-06,EFA,0.011255904,0.051792532,0.040536627,train,0.015972758
2021-05-06,IWM,0.01250064,0.025110861,0.012610221,train,0.028237449
2021-05-06,SPY,0.00725163,0.052538887,0.045287255,train,0.03395222
2021-05-06,TLT,-0.0049436227,0.08581871,0.09076233,train,0.02322544
2021-05-07,EFA,-0.0053619896,0.010548466,0.015910456,train,0.051792532
2021-05-07,IWM,-0.02575111,-0.016261805,0.009489305,train,0.025110861
2021-05-07,SPY,-0.00995181,0.06922665,0.07917846,train,0.052538887
2021-05-07,TLT,-0.010178443,-0.005818105,0.004360338,train,0.08581871
2021-05-10,EFA,-0.013215312,-0.00477743,0.008437881,train,0.010548466
2021-05-10,IWM,-0.0031917917,0.042586684,0.045778476,train,-0.016261805
2021-05-10,SPY,-0.00896483,0.0072301677,0.016194997,train,0.06922665
2021-05-10,TLT,-0.005675556,0.009326086,0.0150016425,train,-0.005818105
2021-05-11,EFA,-0.01609237,0.075203285,0.09129565,train,-0.00477743
2021-05-11,IWM,-0.033010714,0.07195363,0.104964346,train,0.042586684
2021-05-11,SPY,-0.021474164,-0.015568457,0.0059057074,train,0.0072301677
2021-05-11,TLT,-0.010563559,-0.0005840557,0.009979503,train,0.009326086
2021-05-12,EFA,0.007439728,0.098134935,0.09069521,train,0.075203285
2021-05-12,IWM,0.018241951,0.03728713,0.01904518,train,0.07195363
2021-05-12,SPY,0.011941017,0.039193124,0.027252108,train,-0.015568457
2021-05-12,TLT,0.0015473274,-0.036361057,0.037908386,train,-0.0005840557
2021-05-13,EFA,0.016602632,0.0048321853,0.011770446,train,0.098134935
2021-05-13,IWM,0.024132833,0.029916244,0.0057834107,train,0.03728713
2021-05-13,SPY,0.015238782,-0.06682158,0.08206037,train,0.039193124
2021-05-13,TLT,0.009307779,0.030697417,0.021389637,train,-0.036361057
2021-05-14,EFA,-0.0018870824,-0.011882371,0.009995289,train,0.0048321853
2021-05-14,IWM,0.001356312,-0.0530158,0.05437211,train,0.029916244
2021-05-14,SPY,-0.002547957,-0.09180663,0.08925867,train,-0.06682158
2021-05-14,TLT,-0.0021179721,0.012087838,0.01420581,train,0.030697417
2021-05-17,EFA,0.0021385215,0.022420177,0.020281656,train,-0.011882371
2021-05-17,IWM,-0.007619799,-0.048196886,0.040577088,train,-0.0530158
2021-05-17,SPY,-0.008652863,-0.002276516,0.006376347,train,-0.09180663
2021-05-17,TLT,-0.002561615,0.052104153,0.054665767,train,0.012087838
2021-05-18,EFA,-0.00883527,0.028043149,0.03687842,train,0.022420177
2021-05-18,IWM,-0.0077241543,-0.10244757,0.09472342,train,-0.048196886
2021-05-18,SPY,-0.0026253895,0.012279087,0.014904477,train,-0.002276516
2021-05-18,TLT,-0.0024215227,0.017928084,0.020349607,train,0.052104153
2021-05-19,EFA,0.0130985305,0.07222965,0.059131123,train,0.028043149
2021-05-19,IWM,0.0066309934,0.0023970022,0.0042339913,train,-0.10244757
2021-05-19,SPY,0.010700355,-0.03809546,0.048795816,train,0.012279087
2021-05-19,TLT,0.008194799,0.03140672,0.02321192,train,0.017928084
2021-05-20,EFA,0.0013754112,-0.056034714,0.057410125,train,0.07222965
2021-05-20,IWM,0.0025947227,-0.011070295,0.013665018,train,0.0023970022
2021-05-20,SPY,-0.0008189004,0.0050036474,0.0058225477,train,-0.03809546
2021-05-20,TLT,0.0032011846,0.03457116,0.031369977,train,0.03140672
2021-05-21,EFA,0.0061042346,0.012984701,0.006880467,train,-0.056034714
2021-05-21,IWM,0.0064797415,0.03218654,0.0257068,train,-0.011070295
2021-05-21,SPY,0.0101425825,0.022006517,0.011863935,train,0.0050036474
2021-05-21,TLT,0.0036977218,0.024334708,0.020636987,train,0.03457116
2021-05-24,EFA,0.00024833108,-0.10005756,0.100305885,train,0.012984701
2021-05-24,IWM,-0.009712971,-0.067759536,0.058046564,train,0.03218654
2021-05-24,SPY,-0.0022211233,-0.004935323,0.0027141995,train,0.022006517
2021-05-24,TLT,0.009220596,0.032188475,0.022967879,train,0.024334708
2021-05-25,EFA,-0.0006211648,0.0224185,0.023039665,train,-0.10005756
2021-05-25,IWM,0.018482009,0.02088576,0.002403751,train,-0.067759536
2021-05-25,SPY,0.0019826707,0.04355395,0.041571278,train,-0.004935323
2021-05-25,TLT,-0.001722655,0.067824945,0.0695476,train,0.032188475
2021-05-26,EFA,0.0018618959,0.019970357,0.018108461,train,0.0224185
2021-05-26,IWM,0.010244962,-0.026551245,0.036796205,train,0.02088576
2021-05-26,SPY,0.00052472274,0.10075702,0.100232296,train,0.04355395
2021-05-26,TLT,-0.0040302468,0.04237465,0.046404894,train,0.067824945
2021-05-27,EFA,0.0023534873,-0.0012563006,0.003609788,train,0.019970357
2021-05-27,IWM,-0.00066498475,0.03784758,0.03851256,train,-0.026551245
2021-05-27,SPY,0.0017871207,0.11609486,0.11430774,train,0.10075702
2021-05-27,TLT,-0.001587819,0.03762857,0.039216388,train,0.04237465
2021-05-28,EFA,0.0035812363,0.022923885,0.019342648,train,-0.0012563006
2021-05-28,IWM,0.01128857,0.06095316,0.049664587,train,0.03784758
2021-05-28,SPY,-0.00088120357,0.038755935,0.039637137,train,0.11609486
2021-05-28,TLT,-0.00022448141,0.005178766,0.005403247,train,0.03762857
2021-06-01,EFA,0.00332278,0.03360502,0.03028224,train,0.022923885
2021-06-01,IWM,0.0011831162,0.043818176,0.04263506,train,0.06095316
2021-06-01,SPY,0.0015714054,0.024548966,0.02297756,train,0.038755935
2021-06-01,TLT,0.0023125967,0.007747927,0.005435331,train,0.005178766
2021-06-02,EFA,-0.0049266974,-0.05580204,0.050875343,train,0.03360502
2021-06-02,IWM,-0.0084001245,-0.10926011,0.100859985,train,0.043818176
2021-06-02,SPY,-0.003718289,0.026756208,0.030474497,train,0.024548966
2021-06-02,TLT,-0.003760795,0.010835373,0.014596168,train,0.007747927
2021-06-03,EFA,0.008483447,0.027413363,0.018929916,train,-0.05580204
2021-06-03,IWM,0.0043189605,-0.027197165,0.031516127,train,-0.10926011
2021-06-03,SPY,0.009104469,0.07383764,0.06473317,train,0.026756208
2021-06-03,TLT,0.01360222,0.03021587,0.016613651,train,0.010835373
2021-06-04,EFA,0.0033002542,-0.0068140537,0.010114308,train,0.027413363
2021-06-04,IWM,0.013323309,-0.046923704,0.06024701,train,-0.027197165
2021-06-04,SPY,-0.0009707157,0.0418437,0.04281442,train,0.07383764
2021-06-04,TLT,-0.0030787827,0.06163644,0.06471522,train,0.03021587
2021-06-07,EFA,-0.00048817534,0.045264788,0.045752965,train,-0.0068140537
2021-06-07,IWM,0.010532255,-0.012329257,0.022861512,train,-0.046923704
2021-06-07,SPY,0.00021300092,0.019460531,0.01924753,train,0.0418437
2021-06-07,TLT,0.007002122,-0.021846121,0.028848242,train,0.06163644
2021-06-08,EFA,-0.0026894507,0.006623739,0.009313189,train,0.045264788
2021-06-08,IWM,-0.006677692,-0.0019210936,0.0047565983,train,-0.012329257
2021-06-08,SPY,-0.0014928875,0.025895247,0.027388135,train,0.019460531
2021-06-08,TLT,0.008789842,0.019335592,0.01054575,train,-0.021846121
2021-06-09,EFA,0.002750921,0.03648134,0.033730417,train,0.006623739
2021-06-09,IWM,-0.007443573,-0.051496312,0.04405274,train,-0.0019210936
2021-06-09,SPY,0.004637547,0.027175466,0.022537919,train,0.025895247
2021-06-09,TLT,0.0059814393,-0.02857638,0.03455782,train,0.019335592
2021-06-10,EFA,0.0023482647,0.016373027,0.014024762,train,0.03648134
2021-06-10,IWM,0.010499574,-0.099265784,0.10976536,train,-0.051496312
2021-06-10,SPY,0.0016509586,0.01840878,0.016757822,train,0.027175466
2021-06-10,TLT,-0.0016151029,0.007980638,0.009595741,train,-0.02857638
2021-06-11,EFA,0.0017268698,0.0102281,0.008501231,train,0.016373027
2021-06-11,IWM,-0.002939165,0.09656659,0.09950575,train,-0.099265784
2021-06-11,SPY,0.002236663,0.0027441238,0.0005074609,train,0.01840878
2021-06-11,TLT,-0.007688996,-0.07475541,0.06706641,train,0.007980638
2021-06-14,EFA,0.0012318408,0.04632564,0.045093797,train,0.0102281
2021-06-14,IWM,-0.0028609878,-0.029975956,0.027114969,train,0.09656659
2021-06-14,SPY,-0.0018359403,-0.012026374,0.010190434,train,0.0027441238
2021-06-14,TLT,-0.0012038826,-0.0073693194,0.006165437,train,-0.07475541
2021-06-15,EFA,-0.006173672,0.009846573,0.016020246,train,0.04632564
2021-06-15,IWM,-0.002129475,-0.007059878,0.004930403,train,-0.029975956
2021-06-15,SPY,-0.0055989195,-0.01551067,0.00991175,train,-0.012026374
2021-06-15,TLT,-0.00085182796,0.038143042,0.03899487,train,-0.0073693194
2021-06-16,EFA,-0.0069599827,0.0027451864,0.009705169,train,0.009846573
2021-06-16,IWM,-0.01128716,-0.036701486,0.025414325,train,-0.007059878
2021-06-16,SPY,-0.00033177098,-0.018815232,0.018483462,train,-0.01551067
2021-06-16,TLT,0.014861332,-0.017078476,0.03193981,train,0.038143042
2021-06-17,EFA,-0.02092076,-0.012482682,0.008438079,train,0.0027451864
2021-06-17,IWM,-0.022963718,0.0019989698,0.024962688,train,-0.036701486
2021-06-17,SPY,-0.013582245,0.010795351,0.024377596,train,-0.018815232
2021-06-17,TLT,0.018631304,0.037213355,0.018582052,train,-0.017078476
2021-06-18,EFA,0.01303245,0.07702939,0.06399694,train,-0.012482682
2021-06-18,IWM,0.02115819,-0.016128609,0.0372868,train,0.0019989698
2021-06-18,SPY,0.0142145,0.02201367,0.00779917,train,0.010795351
2021-06-18,TLT,-0.016885502,-0.01593144,0.00095406175,train,0.037213355
2021-06-21,EFA,0.0001256494,0.052996546,0.052870896,train,0.07702939
2021-06-21,IWM,0.0045296466,0.006635061,0.0021054144,train,-0.016128609
2021-06-21,SPY,0.0053319056,0.0055490076,0.000217102,train,0.02201367
2021-06-21,TLT,0.0024397823,-0.035735786,0.038175568,train,-0.01593144
2021-06-22,EFA,-0.0064310036,0.08488853,0.09131954,train,0.052996546
2021-06-22,IWM,0.0032854867,0.006611124,0.0033256374,train,0.006635061
2021-06-22,SPY,-0.0012059141,-0.002367605,0.0011616909,train,0.0055490076
2021-06-22,TLT,-0.0025795884,-0.0074774832,0.004897895,train,-0.035735786
2021-06-23,EFA,0.009568441,0.08474607,0.07517763,train,0.08488853
2021-06-23,IWM,0.014026859,0.057397507,0.04337065,train,0.006611124
2021-06-23,SPY,0.0058981893,0.0026275548,0.0032706345,train,-0.002367605
2021-06-23,TLT,0.0016049123,-0.037144154,0.038749065,train,-0.0074774832
2021-06-24,EFA,0.0021277207,0.04778923,0.04566151,train,0.08474607
2021-06-24,IWM,0.0016805067,0.02721096,0.025530454,train,0.057397507
2021-06-24,SPY,0.0035459646,-0.013823505,0.01736947,train,0.0026275548
2021-06-24,TLT,-0.0104376925,-0.024513206,0.014075513,train,-0.037144154
2021-06-25,EFA,-0.0063970136,-0.036501136,0.030104123,train,0.04778923
2021-06-25,IWM,-0.007953046,0.0551106,0.063063644,train,0.02721096
2021-06-25,SPY,0.0020136875,0.0034853886,0.0014717011,train,-0.013823505
2021-06-25,TLT,0.010228531,0.03122135,0.02099282,train,-0.024513206
2021-06-28,EFA,0.00025175716,0.011988514,0.011736757,train,-0.036501136
2021-06-28,IWM,-0.0047849356,-0.018323148,0.013538212,train,0.0551106
2021-06-28,SPY,0.0005380256,-0.0031575174,0.003695543,train,0.0034853886
2021-06-28,TLT,0.0016716265,0.029861955,0.028190328,train,0.03122135
2021-06-29,EFA,-0.0077035734,0.012351987,0.02005556,train,0.011988514
2021-06-29,IWM,0.00013086264,0.015577736,0.015446873,train,-0.018323148
2021-06-29,SPY,0.00084120984,0.015707009,0.014865799,train,-0.0031575174
2021-06-29,TLT,0.004443006,0.019274915,0.014831908,train,0.029861955
2021-06-30,EFA,0.002405652,0.060217455,0.057811804,train,0.012351987
2021-06-30,IWM,0.008768083,0.017710602,0.008942519,train,0.015577736
2021-06-30,SPY,0.005521389,0.026655057,0.021133669,train,0.015707009
2021-06-30,TLT,5.5221924e-05,0.0399628,0.039907575,train,0.019274915
2021-07-01,EFA,0.0034089717,0.03310301,0.02969404,train,0.060217455
2021-07-01,IWM,-0.009553304,0.011568149,0.021121453,train,0.017710602
2021-07-01,SPY,0.0076144603,0.01188816,0.0042737,train,0.026655057
2021-07-01,TLT,0.006016901,-0.00061645225,0.0066333534,train,0.0399628
2021-07-02,EFA,-0.006575595,-0.005594021,0.000981574,train,0.03310301
2021-07-02,IWM,-0.014635811,-0.033555627,0.018919816,train,0.011568149
2021-07-02,SPY,-0.00182303,-0.012669059,0.01084603,train,0.01188816
2021-07-02,TLT,0.011653037,-0.030998332,0.04265137,train,-0.00061645225
2021-07-06,EFA,0.005440488,-0.010502499,0.015942987,train,-0.005594021
2021-07-06,IWM,-0.009341477,-0.046624243,0.037282765,train,-0.033555627
2021-07-06,SPY,0.0035276962,-0.06656183,0.07008953,train,-0.012669059
2021-07-06,TLT,0.008820001,0.0865722,0.0777522,train,-0.030998332
2021-07-07,EFA,-0.012953988,0.023949662,0.03690365,train,-0.010502499
2021-07-07,IWM,-0.009248942,-0.014471873,0.0052229306,train,-0.046624243
2021-07-07,SPY,-0.008181263,-0.00801587,0.00016539264,train,-0.06656183
2021-07-07,TLT,0.003909924,-0.01600719,0.019917116,train,0.0865722
2021-07-08,EFA,0.016858144,0.015206614,0.0016515302,train,0.023949662
2021-07-08,IWM,0.020890037,0.031172978,0.010282941,train,-0.014471873
2021-07-08,SPY,0.010618173,-0.055103816,0.06572199,train,-0.00801587
2021-07-08,TLT,-0.014162616,-0.005807674,0.008354941,train,-0.01600719
2021-07-09,EFA,0.0042644734,-0.02275042,0.027014894,train,0.015206614
2021-07-09,IWM,0.0008387889,-0.037802093,0.038640883,train,0.031172978
2021-07-09,SPY,0.0035756421,0.033171766,0.029596124,train,-0.055103816
2021-07-09,TLT,-0.0012973628,-0.032361005,0.031063642,train,-0.005807674
2021-07-12,EFA,-0.0052702217,-0.021719849,0.016449627,train,-0.02275042
2021-07-12,IWM,-0.019026099,0.010820569,0.029846668,train,-0.037802093
2021-07-12,SPY,-0.0034150179,0.04750681,0.050921828,train,0.033171766
2021-07-12,TLT,-0.0076825693,0.044111863,0.051794432,train,-0.032361005
2021-07-13,EFA,0.0022620368,0.037148084,0.034886047,train,-0.021719849
2021-07-13,IWM,-0.015549826,0.018550048,0.034099873,train,0.010820569
2021-07-13,SPY,0.0014912897,0.005409065,0.0039177756,train,0.04750681
2021-07-13,TLT,0.011297659,0.07458235,0.063284695,train,0.044111863
2021-07-14,EFA,-0.009586432,0.022982782,0.032569215,train,0.037148084
2021-07-14,IWM,-0.005681508,-0.011522139,0.005840631,train,0.018550048
2021-07-14,SPY,-0.0034214556,-0.013353958,0.009932502,train,0.005409065
2021-07-14,TLT,0.01096998,0.059341587,0.048371606,train,0.07458235
2021-07-15,EFA,-0.007378214,0.019539636,0.026917849,train,0.022982782
2021-07-15,IWM,-0.012391056,-0.0387272,0.026336145,train,-0.011522139
2021-07-15,SPY,-0.007874617,0.006986871,0.014861489,train,-0.013353958
2021-07-15,TLT,-0.0018875711,0.06387256,0.065760136,train,0.059341587
2021-07-16,EFA,-0.01829735,0.018791003,0.037088353,train,0.019539636
2021-07-16,IWM,-0.015093586,-0.00442637,0.010667216,train,-0.0387272
2021-07-16,SPY,-0.01487797,-0.030961795,0.016083825,train,0.006986871
2021-07-16,TLT,0.021691384,-0.013032149,0.03472353,train,0.06387256
2021-07-19,EFA,0.0072558853,0.0537413,0.046485413,train,0.018791003
2021-07-19,IWM,0.030558435,0.032444507,0.0018860716,train,-0.00442637
2021-07-19,SPY,0.014228683,0.05921512,0.044986438,train,-0.030961795
2021-07-19,TLT,-0.009686128,0.1122316,0.121917725,train,-0.013032149
2021-07-20,EFA,0.015118783,0.024203802,0.009085018,train,0.0537413
2021-07-20,IWM,0.017077342,-0.046281893,0.06335923,train,0.032444507
2021-07-20,SPY,0.008063596,0.03600666,0.027943064,train,0.05921512
2021-07-20,TLT,-0.012747678,-0.071117565,0.058369886,train,0.1122316
2021-07-21,EFA,0.00038137322,-0.0074290955,0.007810469,train,0.024203802
2021-07-21,IWM,-0.016024353,-0.09088445,0.074860096,train,-0.046281893
2021-07-21,SPY,0.0020920243,0.00602412,0.0039320956,train,0.03600666
2021-07-21,TLT,0.009408602,-0.06022127,0.06962987,train,-0.071117565
2021-07-22,EFA,0.0069671506,0.016177347,0.009210196,train,-0.0074290955
2021-07-22,IWM,0.004656725,0.0089737335,0.0043170084,train,-0.09088445
2021-07-22,SPY,0.010235371,-0.009612535,0.019847907,train,0.00602412
2021-07-22,TLT,-0.0067113675,0.016160632,0.022872,train,-0.06022127
2021-07-23,EFA,0.0013873581,0.01902167,0.017634312,train,0.016177347
2021-07-23,IWM,0.0029107989,0.017122166,0.014211368,train,0.0089737335
2021-07-23,SPY,0.002451958,-0.0086279055,0.011079864,train,-0.009612535
2021-07-23,TLT,-0.0029675507,-0.0047623054,0.0017947548,train,0.016160632
2021-07-26,EFA,-0.004041783,-0.050600544,0.04655876,train,0.01902167
2021-07-26,IWM,-0.011740303,0.09375424,0.105494544,train,0.017122166
2021-07-26,SPY,-0.0045678597,0.07555275,0.08012061,train,-0.0086279055
2021-07-26,TLT,0.010615065,0.038514208,0.027899142,train,-0.0047623054
2021-07-27,EFA,0.0042939843,0.04345294,0.039158955,train,-0.050600544
2021-07-27,IWM,0.014597616,0.040281527,0.02568391,train,0.09375424
2021-07-27,SPY,-0.0004101735,-0.0075952117,0.007185038,train,0.07555275
2021-07-27,TLT,6.660433e-05,0.0569397,0.056873094,train,0.038514208
2021-07-28,EFA,0.006907429,-0.011868139,0.018775567,train,0.04345294
2021-07-28,IWM,0.007669002,-0.022548178,0.03021718,train,0.040281527
2021-07-28,SPY,0.0041387044,0.015570817,0.011432112,train,-0.0075952117
2021-07-28,TLT,-0.0055615813,0.018479826,0.024041407,train,0.0569397
2021-07-29,EFA,-0.0051445724,-0.0041908384,0.0009537339,train,-0.011868139
2021-07-29,IWM,-0.0066282423,-0.021713449,0.015085206,train,-0.022548178
2021-07-29,SPY,-0.004868301,-0.0014147074,0.0034535937,train,0.015570817
2021-07-29,TLT,0.004692696,-0.010972383,0.01566508,train,0.018479826
2021-07-30,EFA,0.0050193476,0.046287157,0.04126781,train,-0.0041908384
2021-07-30,IWM,-0.0049886303,0.067408934,0.07239757,train,-0.021713449
2021-07-30,SPY,-0.0021000963,0.028695915,0.030796012,train,-0.0014147074
2021-07-30,TLT,0.008879721,0.019387404,0.010507682,train,-0.010972383
2021-08-02,EFA,0.0071095126,0.01937477,0.012265257,train,0.046287157
2021-08-02,IWM,0.0041288864,-0.043622233,0.04775112,train,0.067408934
2021-08-02,SPY,0.008102414,-0.004916812,0.0130192265,train,0.028695915
2021-08-02,TLT,0.0005310248,0.039467297,0.038936272,train,0.019387404
2021-08-03,EFA,-0.0029873264,0.000884443,0.0038717694,train,0.01937477
2021-08-03,IWM,-0.012529571,-0.023853386,0.011323815,train,-0.043622233
2021-08-03,SPY,-0.0049309847,0.08383269,0.08876368,train,-0.004916812
2021-08-03,TLT,0.0020542073,-0.0070513547,0.009105562,train,0.039467297
2021-08-04,EFA,0.004849897,0.027955145,0.023105247,train,0.000884443
2021-08-04,IWM,0.017813118,0.01768252,0.0001305975,train,-0.023853386
2021-08-04,SPY,0.0063128434,-0.02212123,0.028434074,train,0.08383269
2021-08-04,TLT,-0.0051100957,0.028948883,0.034058977,train,-0.0070513547
2021-08-05,EFA,-0.0037286177,0.022668794,0.02639741,train,0.027955145
2021-08-05,IWM,0.006106512,-0.021219632,0.027326144,train,0.01768252
2021-08-05,SPY,0.0016511335,-0.030566944,0.032218076,train,-0.02212123
2021-08-05,TLT,-0.016842006,-0.026823493,0.009981487,train,0.028948883
2021-08-06,EFA,-0.00049821567,-0.015464245,0.01496603,train,0.022668794
2021-08-06,IWM,-0.005521389,-0.008217662,0.0026962725,train,-0.021219632
2021-08-06,SPY,-0.0008139129,0.0046225353,0.0054364484,train,-0.030566944
2021-08-06,TLT,-0.003593062,0.03624951,0.039842572,train,-0.026823493
2021-08-09,EFA,0.0022400185,-0.015966162,0.018206181,train,-0.015464245
2021-08-09,IWM,0.0019786954,0.025419602,0.023440907,train,-0.008217662
2021-08-09,SPY,0.0012429991,-0.012109102,0.013352101,train,0.0046225353
2021-08-09,TLT,-0.004628592,0.05036539,0.05499398,train,0.03624951
2021-08-10,EFA,0.006813087,0.05125267,0.044439584,train,-0.015966162
2021-08-10,IWM,0.004884783,-0.000287904,0.005172687,train,0.025419602
2021-08-10,SPY,0.0024820315,0.022085326,0.019603293,train,-0.012109102
2021-08-10,TLT,-0.0006150432,0.020444086,0.02105913,train,0.05036539
2021-08-11,EFA,-0.0008644459,0.07559308,0.07645752,train,0.05125267
2021-08-11,IWM,-0.0023722316,0.015011133,0.017383365,train,-0.000287904
2021-08-11,SPY,0.002992351,0.009519802,0.0065274513,train,0.022085326
2021-08-11,TLT,-0.001639572,-0.00062117033,0.0010184017,train,0.020444086
2021-08-12,EFA,0.006036351,0.0107363975,0.0047000465,train,0.07559308
2021-08-12,IWM,-0.009138185,0.006637477,0.015775662,train,0.015011133
2021-08-12,SPY,0.0018182031,0.016588405,0.014770201,train,0.009519802
2021-08-12,TLT,0.015672993,0.021867314,0.0061943214,train,-0.00062117033
2021-08-13,EFA,-0.005171905,0.050956808,0.056128714,train,0.0107363975
2021-08-13,IWM,-0.009359311,0.037345797,0.046705108,train,0.006637477
2021-08-13,SPY,0.0023517567,0.018861203,0.016509445,train,0.016588405
2021-08-13,TLT,0.0024200482,0.0025262102,0.000106161926,train,0.021867314
2021-08-16,EFA,-0.009426766,0.024059765,0.03348653,train,0.050956808
2021-08-16,IWM,-0.012263068,0.017469456,0.029732525,train,0.037345797
2021-08-16,SPY,-0.006576758,0.024030367,0.030607125,train,0.018861203
2021-08-16,TLT,-0.00040244637,-0.002835533,0.0024330867,train,0.0025262102
2021-08-17,EFA,-0.0038710048,-0.02337238,0.019501375,train,0.024059765
2021-08-17,IWM,-0.008772233,-0.025359778,0.016587544,train,0.017469456
2021-08-17,SPY,-0.011005131,-0.024853917,0.013848786,train,0.024030367
2021-08-17,TLT,0.0033530144,-0.0065433444,0.0098963585,train,-0.002835533
2021-08-18,EFA,-0.009932638,0.033534277,0.043466914,train,-0.02337238
2021-08-18,IWM,-0.012052979,0.044536814,0.056589793,train,-0.025359778
2021-08-18,SPY,0.0015470436,-0.00019094028,0.0017379839,train,-0.024853917
2021-08-18,TLT,0.007338407,-0.03549643,0.042834837,train,-0.0065433444
2021-08-19,EFA,0.003909238,-0.01091586,0.014825098,train,0.033534277
2021-08-19,IWM,0.016750623,0.0027588545,0.013991768,train,0.044536814
2021-08-19,SPY,0.0079256175,0.052356154,0.044430535,train,-0.00019094028
2021-08-19,TLT,0.0006646481,-0.015764086,0.016428733,train,-0.03549643
2021-08-20,EFA,0.009271217,0.06560358,0.05633236,train,-0.01091586
2021-08-20,IWM,0.018844845,-0.037727915,0.056572758,train,0.0027588545
2021-08-20,SPY,0.008758285,0.011443918,0.0026856326,train,0.052356154
2021-08-20,TLT,-0.0006646481,0.008004916,0.008669564,train,-0.015764086
2021-08-23,EFA,0.0021174294,0.04368845,0.04157102,train,0.06560358
2021-08-23,IWM,0.009787291,0.013555857,0.003768566,train,-0.037727915
2021-08-23,SPY,0.0015858943,-0.027579172,0.029165067,train,0.011443918
2021-08-23,TLT,-0.007807186,0.013844791,0.021651976,train,0.008004916
2021-08-24,EFA,0.00037343064,0.03443814,0.03406471,train,0.04368845
2021-08-24,IWM,0.003510793,-0.0046087527,0.008119546,train,0.013555857
2021-08-24,SPY,0.0020961266,-0.005947525,0.0080436515,train,-0.027579172
2021-08-24,TLT,-0.008341263,0.03846877,0.046810035,train,0.013844791
2021-08-25,EFA,-0.005238343,0.04717318,0.052411523,train,0.03443814
2021-08-25,IWM,-0.010660487,0.029518193,0.04017868,train,-0.0046087527
2021-08-25,SPY,-0.005920597,0.0052047116,0.011125308,train,-0.005947525
2021-08-25,TLT,0.0027655861,0.034002237,0.03123665,train,0.03846877
2021-08-26,EFA,0.009087022,0.009366459,0.00027943682,train,0.04717318
2021-08-26,IWM,0.027811235,0.017520618,0.010290617,train,0.029518193
2021-08-26,SPY,0.0089012375,-0.031542778,0.040444016,train,0.0052047116
2021-08-26,TLT,0.006780963,0.027709031,0.020928068,train,0.034002237
2021-08-27,EFA,-0.00024776396,0.08529475,0.085542515,train,0.009366459
2021-08-27,IWM,-0.0041161124,0.031264916,0.035381027,train,0.017520618
2021-08-27,SPY,0.004387866,0.0014603264,0.0029275394,train,-0.031542778
2021-08-27,TLT,0.0026064904,0.035768915,0.033162426,train,0.027709031
2021-08-30,EFA,-0.0004960392,0.004283936,0.0047799754,train,0.08529475
2021-08-30,IWM,0.0019495174,-0.008892051,0.010841568,train,0.031264916
2021-08-30,SPY,-0.0014826849,0.012129602,0.013612287,train,0.0014603264
2021-08-30,TLT,-0.006830675,0.04542969,0.052260365,train,0.035768915
2021-08-31,EFA,0.00901197,0.05191972,0.042907752,train,0.004283936
2021-08-31,IWM,0.0067055514,0.095692284,0.08898673,train,-0.008892051
2021-08-31,SPY,0.0005314002,-0.018854769,0.019386169,train,0.012129602
2021-08-31,TLT,0.0016737184,0.048970863,0.047297146,train,0.04542969
2021-09-01,EFA,0.0040472527,0.079013854,0.0749666,train,0.05191972
2021-09-01,IWM,0.0069228876,0.05910132,0.052178435,train,0.095692284
2021-09-01,SPY,0.003071835,-0.0022309371,0.005302772,train,-0.018854769
2021-09-01,TLT,0.0043560034,0.039106026,0.034750022,train,0.048970863
2021-09-02,EFA,0.0045185746,-0.025287004,0.029805578,train,0.079013854
2021-09-02,IWM,-0.004639227,0.055056706,0.059695933,train,0.05910132
2021-09-02,SPY,-0.00024284208,0.012817179,0.013060021,train,-0.0022309371
2021-09-02,TLT,-0.009135596,0.014749703,0.023885299,train,0.039106026
2021-09-03,EFA,0.0007307407,0.04476859,0.04403785,train,-0.025287004
2021-09-03,IWM,-0.006910903,-0.0736295,0.06671859,train,0.055056706
2021-09-03,SPY,-0.0035817374,0.027334126,0.030915864,train,0.012817179
2021-09-03,TLT,-0.008471887,-0.009887906,0.0014160192,train,0.014749703
2021-09-07,EFA,-0.007945735,0.013948666,0.021894401,train,0.04476859
2021-09-07,IWM,-0.010970447,-0.058573067,0.04760262,train,-0.0736295
2021-09-07,SPY,-0.0012190983,-0.023022786,0.021803688,train,0.027334126
2021-09-07,TLT,0.006782989,-0.00930488,0.01608787,train,-0.009887906
2021-09-08,EFA,-0.0017198736,-0.008925158,0.007205284,train,0.013948666
2021-09-08,IWM,-0.0004912839,-0.0111773005,0.010686017,train,-0.058573067
2021-09-08,SPY,-0.0042894734,-0.032481402,0.028191928,train,-0.023022786
2021-09-08,TLT,0.012028,-0.012595511,0.024623511,train,-0.00930488
2021-09-09,EFA,-0.0022152655,0.018843418,0.021058684,train,-0.008925158
2021-09-09,IWM,-0.0098334355,-0.021290822,0.011457386,train,-0.0111773005
2021-09-09,SPY,-0.007915704,-0.010413994,0.0024982905,train,-0.032481402
2021-09-09,TLT,-0.008855699,0.008851633,0.017707333,train,-0.012595511
2021-09-10,EFA,0.007854639,0.008185003,0.00033036433,train,0.018843418
2021-09-10,IWM,0.005669552,-0.028889868,0.03455942,train,-0.021290822
2021-09-10,SPY,0.0025559862,0.03792651,0.035370525,train,-0.010413994
2021-09-10,TLT,0.0060457373,-0.02045829,0.026504029,train,0.008851633
2021-09-13,EFA,-0.0041649994,0.049459983,0.05362498,train,0.008185003
2021-09-13,IWM,-0.012824355,-0.029876946,0.01705259,train,-0.028889868
2021-09-13,SPY,-0.0054112673,0.06783299,0.07324426,train,0.03792651
2021-09-13,TLT,0.012050948,-0.0062149526,0.018265901,train,-0.02045829
2021-09-14,EFA,0.0029419195,0.029218955,0.026277035,train,0.049459983
2021-09-14,IWM,0.009003363,0.013945815,0.0049424525,train,-0.029876946
2021-09-14,SPY,0.008317953,0.048587672,0.040269718,train,0.06783299
2021-09-14,TLT,-0.0035136438,0.013586395,0.01710004,train,-0.0062149526
2021-09-15,EFA,-0.0015924698,0.037779637,0.039372105,train,0.029218955
2021-09-15,IWM,0.00072028744,0.014720739,0.014000451,train,0.013945815
2021-09-15,SPY,-0.0015865038,-0.028509324,0.02692282,train,0.048587672
2021-09-15,TLT,-0.004593154,-0.069388345,0.06479519,train,0.013586395
2021-09-16,EFA,-0.013204448,-0.0076071327,0.0055973153,train,0.037779637
2021-09-16,IWM,0.0013043409,0.055918906,0.054614566,train,0.014720739
2021-09-16,SPY,-0.009788819,0.032863624,0.042652443,train,-0.028509324
2021-09-16,TLT,-0.004814756,0.012566571,0.017381327,train,-0.069388345
2021-09-17,EFA,-0.01868263,-0.0072560613,0.01142657,train,-0.0076071327
2021-09-17,IWM,-0.02406459,0.02803993,0.052104518,train,0.055918906
2021-09-17,SPY,-0.01681472,0.06540787,0.082222596,train,0.032863624
2021-09-17,TLT,0.012325576,0.001174131,0.011151444,train,0.012566571
2021-09-20,EFA,0.0098237395,0.047744133,0.037920393,train,-0.0072560613
2021-09-20,IWM,0.0015180697,0.06036888,0.05885081,train,0.02803993
2021-09-20,SPY,-0.0009452224,0.050569035,0.051514257,train,0.06540787
2021-09-20,TLT,-0.0008610394,0.00031434878,0.0011753882,train,0.001174131
2021-09-21,EFA,0.0050008516,0.036247924,0.031247072,train,0.047744133
2021-09-21,IWM,0.015419254,0.015997453,0.0005781986,train,0.06036888
2021-09-21,SPY,0.009707621,0.048275188,0.038567565,train,0.050569035
2021-09-21,TLT,0.005946384,0.0240454,0.018099017,train,0.00031434878
2021-09-22,EFA,0.010790452,0.06527506,0.054484606,train,0.036247924
2021-09-22,IWM,0.017545579,0.057210997,0.039665416,train,0.015997453
2021-09-22,SPY,0.012076798,-0.0048673325,0.01694413,train,0.048275188
2021-09-22,TLT,-0.02285587,0.114107974,0.13696384,train,0.0240454
2021-09-23,EFA,-0.009419864,0.039278116,0.04869798,train,0.06527506
2021-09-23,IWM,-0.0048347283,0.007493948,0.012328677,train,0.057210997
2021-09-23,SPY,0.0016459202,-0.03510549,0.036751408,train,-0.0048673325
2021-09-23,TLT,-0.009821238,0.006432989,0.016254228,train,0.114107974
2021-09-24,EFA,-0.00062283117,0.044077,0.044699833,train,0.039278116
2021-09-24,IWM,0.015084104,0.033165917,0.018081814,train,0.007493948
2021-09-24,SPY,-0.0028649704,0.016267885,0.019132854,train,-0.03510549
2021-09-24,TLT,-0.0036831105,-0.025275895,0.021592785,train,0.006432989
2021-09-27,EFA,-0.022048263,0.039058223,0.061106488,train,0.044077
2021-09-27,IWM,-0.023005988,0.061455294,0.08446129,train,0.033165917
2021-09-27,SPY,-0.020357756,0.07454035,0.094898105,train,0.016267885
2021-09-27,TLT,-0.015699122,0.001565564,0.017264687,train,-0.025275895
2021-09-28,EFA,-0.002295502,0.0032750438,0.005570546,train,0.039058223
2021-09-28,IWM,-0.002126036,0.06537716,0.0675032,train,0.061455294
2021-09-28,SPY,0.0016817151,0.052049205,0.05036749,train,0.07454035
2021-09-28,TLT,0.0017330667,0.023380307,0.021647241,train,0.001565564
2021-09-29,EFA,-0.003966203,0.07730308,0.08126929,train,0.0032750438
2021-09-29,IWM,-0.009418582,0.016362468,0.02578105,train,0.06537716
2021-09-29,SPY,-0.012297511,-0.040462323,0.028164811,train,0.052049205
2021-09-29,TLT,-0.00013801726,-0.05168293,0.051544912,train,0.023380307
2021-09-30,EFA,0.0024326735,0.040038876,0.037606202,train,0.07730308
2021-09-30,IWM,0.016008416,0.061191246,0.04518283,train,0.016362468
2021-09-30,SPY,0.011814125,0.03416539,0.022351265,train,-0.040462323
2021-09-30,TLT,0.008380353,-0.0077704047,0.016150758,train,-0.05168293
2021-10-01,EFA,-0.010541191,-0.010528649,1.2542121e-05,train,0.040038876
2021-10-01,IWM,-0.009129271,0.009073561,0.018202832,train,0.061191246
2021-10-01,SPY,-0.012980024,0.021864904,0.034844927,train,0.03416539
2021-10-01,TLT,-0.0025491195,-0.01237617,0.00982705,train,-0.0077704047
2021-10-04,EFA,0.0068259784,0.017318359,0.010492381,train,-0.010528649
2021-10-04,IWM,0.0034445939,-0.023750952,0.027195545,train,0.009073561
2021-10-04,SPY,0.010351192,0.089969195,0.07961801,train,0.021864904
2021-10-04,TLT,-0.009703286,-0.03340184,0.023698553,train,-0.01237617
2021-10-05,EFA,-0.006696578,0.023344442,0.03004102,train,0.017318359
2021-10-05,IWM,-0.0052165925,-0.036779143,0.03156255,train,-0.023750952
2021-10-05,SPY,0.0041476004,0.012409652,0.008262051,train,0.089969195
2021-10-05,TLT,0.0056254873,-0.0011549429,0.00678043,train,-0.03340184
2021-10-06,EFA,0.0077229217,0.032047942,0.02432502,train,0.023344442
2021-10-06,IWM,0.015300387,0.007122179,0.008178208,train,-0.036779143
2021-10-06,SPY,0.008608393,0.03584303,0.027234636,train,0.012409652
2021-10-06,TLT,-0.010512886,-0.042081427,0.031568542,train,-0.0011549429
2021-10-07,EFA,-0.00012806624,0.07844375,0.07857182,train,0.032047942
2021-10-07,IWM,-0.0075532966,0.017917518,0.025470814,train,0.007122179
2021-10-07,SPY,-0.0018254826,0.052535377,0.05436086,train,0.03584303
2021-10-07,TLT,-0.0070230877,0.04801012,0.055033207,train,-0.042081427
2021-10-08,EFA,-0.0032112957,0.012042542,0.015253838,train,0.07844375
2021-10-08,IWM,-0.005748058,-0.019630907,0.013882849,train,0.017917518
2021-10-08,SPY,-0.0072659454,0.04710071,0.054366656,train,0.052535377
2021-10-08,TLT,-0.0025409393,0.026126256,0.028667195,train,0.04801012
2021-10-11,EFA,0.00051449175,0.06352473,0.06301024,train,0.012042542
2021-10-11,IWM,0.005477276,0.041929893,0.036452617,train,-0.019630907
2021-10-11,SPY,-0.002464597,0.12007826,0.12254286,train,0.04710071
2021-10-11,TLT,0.016955584,-0.01966708,0.036622666,train,0.026126256
2021-10-12,EFA,0.009852442,0.047794785,0.037942342,train,0.06352473
2021-10-12,IWM,0.004728824,0.021917647,0.017188823,train,0.041929893
2021-10-12,SPY,0.003591142,0.088369444,0.0847783,train,0.12007826
2021-10-12,TLT,0.009679502,0.13956219,0.1298827,train,-0.01966708
2021-10-13,EFA,0.009882125,0.0062431805,0.0036389446,train,0.047794785
2021-10-13,IWM,0.014717884,0.07039094,0.055673055,train,0.021917647
2021-10-13,SPY,0.016680686,0.06172936,0.045048676,train,0.088369444
2021-10-13,TLT,0.003708242,0.078711614,0.07500337,train,0.13956219
2021-10-14,EFA,0.008286218,0.013751601,0.0054653827,train,0.0062431805
2021-10-14,IWM,-0.0031482913,0.008619872,0.011768163,train,0.07039094
2021-10-14,SPY,0.0075870063,0.009003506,0.0014164997,train,0.06172936
2021-10-14,TLT,-0.0058435323,0.03288367,0.0387272,train,0.078711614
2021-10-15,EFA,-0.004260199,0.007945699,0.012205898,train,0.013751601
2021-10-15,IWM,-0.00057758635,-0.07357019,0.07299261,train,0.008619872
2021-10-15,SPY,0.0029562514,0.010576182,0.0076199304,train,0.009003506
2021-10-15,TLT,0.0046772496,0.057220902,0.05254365,train,0.03288367
2021-10-18,EFA,0.0060092923,0.0052262484,0.0007830439,train,0.007945699
2021-10-18,IWM,0.0037258775,-0.0020295926,0.00575547,train,-0.07357019
2021-10-18,SPY,0.0076852744,-0.07769269,0.08537796,train,0.010576182
2021-10-18,TLT,-0.013890327,0.07460638,0.08849671,train,0.057220902
2021-10-19,EFA,0.0034883786,-0.010911907,0.014400286,train,0.0052262484
2021-10-19,IWM,0.0066191964,0.029178852,0.022559656,train,-0.0020295926
2021-10-19,SPY,0.0039199353,0.0023185848,0.0016013505,train,-0.07769269
2021-10-19,TLT,-0.0067725857,0.039940335,0.04671292,train,0.07460638
2021-10-20,EFA,-0.0047376696,0.007175067,0.011912737,train,-0.010911907
2021-10-20,IWM,0.0025474774,-0.025481464,0.028028943,train,0.029178852
2021-10-20,SPY,0.0026049223,-0.03904131,0.041646235,train,0.0023185848
2021-10-20,TLT,-0.0011921615,0.01834797,0.019540131,train,0.039940335
2021-10-21,EFA,0.005980732,-0.014593451,0.020574182,train,0.007175067
2021-10-21,IWM,-0.0023717103,-0.05712779,0.05475608,train,-0.025481464
2021-10-21,SPY,-0.0010366391,0.055807658,0.056844298,train,-0.03904131
2021-10-21,TLT,0.010953011,-0.0053236675,0.016276678,train,0.01834797
2021-10-22,EFA,-0.0019895327,-0.0022756667,0.00028613396,train,-0.014593451
2021-10-22,IWM,0.009453347,-0.11877897,0.12823232,train,-0.05712779
2021-10-22,SPY,0.005348182,-0.020508124,0.025856305,train,0.055807658
2021-10-22,TLT,-0.0015281007,0.043284852,0.04481295,train,-0.0053236675
2021-10-25,EFA,0.0019895327,0.00718194,0.0051924074,train,-0.0022756667
2021-10-25,IWM,-0.0075642606,-0.049220033,0.04165577,train,-0.11877897
2021-10-25,SPY,0.00089968997,0.051689707,0.050790016,train,-0.020508124
2021-10-25,TLT,0.008235489,-0.0051450417,0.013380531,train,0.043284852
2021-10-26,EFA,-0.0039830315,0.00431372,0.008296751,train,0.00718194
2021-10-26,IWM,-0.018561274,-0.13085608,0.11229481,train,-0.049220033
2021-10-26,SPY,-0.004440021,-0.06921566,0.064775646,train,0.051689707
2021-10-26,TLT,0.018030211,0.043168116,0.025137905,train,-0.0051450417
2021-10-27,EFA,0.009680973,0.0009135096,0.008767464,train,0.00431372
2021-10-27,IWM,0.019745488,-0.045857586,0.06560308,train,-0.13085608
2021-10-27,SPY,0.009602622,-0.08025888,0.089861505,train,-0.06921566
2021-10-27,TLT,-0.003389691,0.07838419,0.081773885,train,0.043168116
2021-10-28,EFA,-0.005822015,0.0184975,0.024319515,train,0.0009135096
2021-10-28,IWM,-0.000262959,0.036047034,0.036309995,train,-0.045857586
2021-10-28,SPY,0.0020271465,0.048956722,0.046929576,train,-0.08025888
2021-10-28,TLT,0.0030519601,-0.03339155,0.03644351,train,0.07838419
2021-10-29,EFA,0.009643867,0.009451845,0.00019202195,train,0.0184975
2021-10-29,IWM,0.025585286,0.017465837,0.008119449,train,0.036047034
2021-10-29,SPY,0.001718646,-0.08028381,0.08200246,train,0.048956722
2021-10-29,TLT,-0.0072263363,-0.022021873,0.014795536,train,-0.03339155
2021-11-01,EFA,-0.002093912,0.0288052,0.030899111,train,0.009451845
2021-11-01,IWM,0.002092163,0.050853364,0.0487612,train,0.017465837
2021-11-01,SPY,0.0040349397,0.051059272,0.047024332,train,-0.08028381
2021-11-01,TLT,0.004428595,-0.01569446,0.020123055,train,-0.022021873
2021-11-02,EFA,0.00810487,-0.026929636,0.035034508,train,0.0288052
2021-11-02,IWM,0.017713705,0.034747165,0.01703346,train,0.050853364
2021-11-02,SPY,0.00608663,0.005050273,0.0010363567,train,0.051059272
2021-11-02,TLT,-0.010386993,0.035753757,0.04614075,train,-0.01569446
2021-11-03,EFA,-0.0006113832,0.109523326,0.110134706,train,-0.026929636
2021-11-03,IWM,-0.00037705537,0.021176936,0.021553991,train,0.034747165
2021-11-03,SPY,0.004701492,-0.04665737,0.05135886,train,0.005050273
2021-11-03,TLT,0.010455197,0.09465782,0.084202625,train,0.035753757
2021-11-04,EFA,0.0014674872,0.044578414,0.043110926,train,0.109523326
2021-11-04,IWM,0.01357323,-0.051733375,0.065306604,train,0.021176936
2021-11-04,SPY,0.003463715,-0.03429479,0.037758507,train,-0.04665737
2021-11-04,TLT,0.014845019,0.022915771,0.008070752,train,0.09465782
2021-11-05,EFA,-0.00012227106,0.05744692,0.05756919,train,0.044578414
2021-11-05,IWM,0.003096885,0.041656278,0.038559392,train,-0.051733375
2021-11-05,SPY,0.0008533042,-0.10163426,0.102487564,train,-0.03429479
2021-11-05,TLT,-0.0018770575,0.053667247,0.055544306,train,0.022915771
2021-11-08,EFA,-0.002202255,0.0059931367,0.008195392,train,0.05744692
2021-11-08,IWM,-0.0058299927,-0.034064043,0.02823405,train,0.041656278
2021-11-08,SPY,-0.0033107735,0.013126281,0.016437054,train,-0.10163426
2021-11-08,TLT,0.012934161,0.02656749,0.013633329,train,0.053667247
2021-11-09,EFA,-0.012200574,0.050919585,0.06312016,train,0.0059931367
2021-11-09,IWM,-0.015883198,-0.03523158,0.019348381,train,-0.034064043
2021-11-09,SPY,-0.008077483,-0.00257602,0.0055014626,train,0.013126281
2021-11-09,TLT,-0.018451888,0.025626974,0.044078864,train,0.02656749
2021-11-10,EFA,0.0035892185,0.0036150194,2.5800895e-05,train,0.050919585
2021-11-10,IWM,0.008014913,-0.06940843,0.07742334,train,-0.03523158
2021-11-10,SPY,0.0003234113,-0.054938816,0.055262227,train,-0.00257602
2021-11-10,TLT,-0.0014858891,0.014031769,0.015517658,train,0.025626974
2021-11-11,EFA,0.005421314,0.046685077,0.041263763,train,0.0036150194
2021-11-11,IWM,0.0010024533,0.10802169,0.10701924,train,-0.06940843
2021-11-11,SPY,0.007518524,0.030730039,0.023211515,train,-0.054938816
2021-11-11,TLT,-0.0044021416,0.008783125,0.013185266,train,0.014031769
2021-11-12,EFA,-0.0018446071,0.07820831,0.08005292,train,0.046685077
2021-11-12,IWM,-0.0039742906,0.017223617,0.021197908,train,0.10802169
2021-11-12,SPY,0.00034242656,0.0127269225,0.012384496,train,0.030730039
2021-11-12,TLT,-0.012636143,0.1332268,0.14586294,train,0.008783125
2021-11-15,EFA,-0.0022183764,0.024957584,0.027175961,train,0.07820831
2021-11-15,IWM,0.0018427063,0.032041773,0.030199068,train,0.017223617
2021-11-15,SPY,0.0039499565,0.043769367,0.039819412,train,0.0127269225
2021-11-15,TLT,-0.0025467107,0.019250074,0.021796785,train,0.1332268
2021-11-16,EFA,-0.0012346215,0.028913558,0.030148178,train,0.024957584
2021-11-16,IWM,-0.013183255,0.05250042,0.06568368,train,0.032041773
2021-11-16,SPY,-0.002432167,0.031646356,0.034078524,train,0.043769367
2021-11-16,TLT,0.00789395,-0.018577551,0.026471501,train,0.019250074
2021-11-17,EFA,0.0009877105,0.016096653,0.015108943,train,0.028913558
2021-11-17,IWM,-0.0042488757,-0.04303874,0.038789865,train,0.05250042
2021-11-17,SPY,0.0033907394,0.035300296,0.031909555,train,0.031646356
2021-11-17,TLT,0.003753329,0.014979216,0.011225888,train,-0.018577551
2021-11-18,EFA,-0.008551926,0.004172278,0.012724204,train,0.016096653
2021-11-18,IWM,-0.0091535915,0.011225098,0.02037869,train,-0.04303874
2021-11-18,SPY,-0.0017897659,0.0194399,0.021229666,train,0.035300296
2021-11-18,TLT,0.01050266,0.008887428,0.0016152319,train,0.014979216
2021-11-19,EFA,-0.0058671865,-0.0152053265,0.0093381405,train,0.004172278
2021-11-19,IWM,-0.0042632604,-0.0041778977,8.53627e-05,train,0.011225098
2021-11-19,SPY,-0.0028193137,0.0031304131,0.005949727,train,0.0194399
2021-11-19,TLT,-0.01179782,0.0128603885,0.024658209,train,0.008887428
2021-11-22,EFA,-0.001002173,0.031843968,0.03284614,train,-0.0152053265
2021-11-22,IWM,-0.0017274256,0.0018775272,0.0036049527,train,-0.0041778977
2021-11-22,SPY,0.0013249762,0.034583252,0.033258274,train,0.0031304131
2021-11-22,TLT,-0.014564632,-0.020424673,0.005860041,train,0.0128603885
2021-11-23,EFA,-0.006664608,-0.015367468,0.008702859,train,0.031843968
2021-11-23,IWM,0.0010803126,0.025099637,0.024019325,train,0.0018775272
2021-11-23,SPY,0.002666491,0.065452605,0.06278612,train,0.034583252
2021-11-23,TLT,0.015928004,0.00922503,0.0067029735,train,-0.020424673
2021-11-24,EFA,-0.027241278,0.08766471,0.11490598,train,-0.015367468
2021-11-24,IWM,-0.03842666,0.06601834,0.104445,train,0.025099637
2021-11-24,SPY,-0.022555592,0.0940289,0.11658449,train,0.065452605
2021-11-24,TLT,0.024954686,0.015807586,0.0091471,train,0.00922503
2021-11-26,EFA,0.005043706,-0.117189854,0.12223356,train,0.08766471
2021-11-26,IWM,-0.00062838505,-0.017810596,0.01718221,train,0.06601834
2021-11-26,SPY,0.012192117,0.11372431,0.1015322,train,0.0940289
2021-11-26,TLT,-0.008070128,0.016444894,0.024515022,train,0.015807586
2021-11-29,EFA,-0.008810785,0.028033264,0.03684405,train,-0.117189854
2021-11-29,IWM,-0.020595964,-0.020903563,0.00030759908,train,-0.017810596
2021-11-29,SPY,-0.019649537,0.054309875,0.07395941,train,0.11372431
2021-11-29,TLT,0.015087352,0.05144412,0.03635677,train,0.016444894
2021-11-30,EFA,-0.0057424316,0.039164603,0.044907033,train,0.028033264
2021-11-30,IWM,-0.022762615,0.05874909,0.081511706,train,-0.020903563
2021-11-30,SPY,-0.01116949,0.06971189,0.08088138,train,0.054309875
2021-11-30,TLT,0.0061500533,0.042946145,0.036796093,train,0.05144412
2021-12-01,EFA,0.012357787,0.0807988,0.06844101,train,0.039164603
2021-12-01,IWM,0.027518129,0.02342418,0.0040939488,train,0.05874909
2021-12-01,SPY,0.015200286,0.05710925,0.041908965,train,0.06971189
2021-12-01,TLT,0.0012463256,0.010758654,0.009512329,train,0.042946145
2021-12-02,EFA,-0.0041458006,-0.004364534,0.00021873321,train,0.0807988
2021-12-02,IWM,-0.020741811,0.06951496,0.09025677,train,0.02342418
2021-12-02,SPY,-0.00873938,0.03964223,0.04838161,train,0.05710925
2021-12-02,TLT,0.011861415,0.037789047,0.025927633,train,0.010758654
2021-12-03,EFA,0.009560985,0.07292461,0.06336362,train,-0.004364534
2021-12-03,IWM,0.019874742,0.033835985,0.0139612425,train,0.06951496
2021-12-03,SPY,0.011773727,-0.011152103,0.02292583,train,0.03964223
2021-12-03,TLT,-0.013830069,0.0928157,0.10664576,train,0.037789047
2021-12-06,EFA,0.02086845,0.015864471,0.0050039794,train,0.07292461
2021-12-06,IWM,0.022929352,0.07112854,0.048199188,train,0.033835985
2021-12-06,SPY,0.020473737,-0.0343566,0.05483034,train,-0.011152103
2021-12-06,TLT,-0.0081126,-0.03835526,0.030242661,train,0.0928157
2021-12-07,EFA,0.0018871757,-0.059854038,0.061741214,train,0.015864471
2021-12-07,IWM,0.0068040756,-0.067010485,0.07381456,train,0.07112854
2021-12-07,SPY,0.0026446031,-0.019051662,0.021696266,train,-0.0343566
2021-12-07,TLT,-0.017436234,0.0138856275,0.03132186,train,-0.03835526
2021-12-08,EFA,-0.008330144,-0.014379459,0.0060493154,train,-0.059854038
2021-12-08,IWM,-0.02290799,0.008963377,0.031871367,train,-0.067010485
2021-12-08,SPY,-0.006774612,0.005237059,0.012011671,train,-0.019051662
2021-12-08,TLT,0.0055784676,0.10135171,0.09577324,train,0.0138856275
2021-12-09,EFA,0.0021521235,0.036553398,0.034401275,train,-0.014379459
2021-12-09,IWM,-0.0027701438,0.04070185,0.043471996,train,0.008963377
2021-12-09,SPY,0.00936953,0.04637295,0.03700342,train,0.005237059
2021-12-09,TLT,-0.0024158016,-0.012595079,0.0101792775,train,0.10135171
2021-12-10,EFA,-0.009411357,0.035162628,0.044573985,train,0.036553398
2021-12-10,IWM,-0.0147215985,0.13267757,0.14739917,train,0.04070185
2021-12-10,SPY,-0.008897769,0.04778668,0.05668445,train,0.04637295
2021-12-10,TLT,0.014671287,-0.006809252,0.021480538,train,-0.012595079
2021-12-13,EFA,-0.0053392868,0.034272492,0.03961178,train,0.035162628
2021-12-13,IWM,-0.008646927,0.08362596,0.092272885,train,0.13267757
2021-12-13,SPY,-0.00690388,0.011409187,0.018313067,train,0.04778668
2021-12-13,TLT,-0.0023864578,0.036909252,0.03929571,train,-0.006809252
2021-12-14,EFA,0.013489094,-0.0066855927,0.020174686,train,0.034272492
2021-12-14,IWM,0.015750032,-0.050109167,0.0658592,train,0.08362596
2021-12-14,SPY,0.015504217,-0.005856614,0.021360831,train,0.011409187
2021-12-14,TLT,-0.009668251,-0.010648631,0.00098038,train,0.036909252
2021-12-15,EFA,0.00012857535,-0.02743888,0.027567456,train,-0.0066855927
2021-12-15,IWM,-0.020429894,-0.06350303,0.043073133,train,-0.050109167
2021-12-15,SPY,-0.008857532,0.019401213,0.028258745,train,-0.005856614
2021-12-15,TLT,0.0003888529,0.062305346,0.061916493,train,-0.010648631
2021-12-16,EFA,-0.012704198,-0.06979512,0.05709092,train,-0.02743888
2021-12-16,IWM,0.009152132,0.011442543,0.002290411,train,-0.06350303
2021-12-16,SPY,-0.010699962,-0.021470083,0.010770121,train,0.019401213
2021-12-16,TLT,0.011267902,0.02328917,0.012021268,train,0.062305346
2021-12-17,EFA,-0.0022201054,-0.022260271,0.020040166,train,-0.06979512
2021-12-17,IWM,-0.014136983,-0.049849674,0.03571269,train,0.011442543
2021-12-17,SPY,-0.010690528,-0.011029012,0.0003384836,train,-0.021470083
2021-12-17,TLT,-0.007520549,0.012429704,0.019950252,train,0.02328917
2021-12-20,EFA,0.01105257,0.006781885,0.0042706854,train,-0.022260271
2021-12-20,IWM,0.02816818,0.01795196,0.010216219,train,-0.049849674
2021-12-20,SPY,0.017603261,0.0011070608,0.0164962,train,-0.011029012
2021-12-20,TLT,-0.0038146435,-0.0037513194,6.3324114e-05,train,0.012429704
2021-12-21,EFA,0.009267652,-0.038312763,0.047580414,train,0.006781885
2021-12-21,IWM,0.0095793875,0.038001895,0.028422508,train,0.01795196
2021-12-21,SPY,0.00994912,-0.060984164,0.07093328,train,0.0011070608
2021-12-21,TLT,0.0046159253,0.0023062262,0.002309699,train,-0.0037513194
2021-12-22,EFA,0.0058764736,-0.053115442,0.058991916,train,-0.038312763
2021-12-22,IWM,0.007957874,0.14050429,0.13254641,train,0.038001895
2021-12-22,SPY,0.006202722,-0.033080414,0.039283134,train,-0.060984164
2021-12-22,TLT,-0.008714464,0.05795273,0.0666672,train,0.0023062262
2021-12-23,EFA,0.007739515,-0.0017212094,0.009460725,train,-0.053115442
2021-12-23,IWM,0.00932428,0.10082477,0.09150049,train,0.14050429
2021-12-23,SPY,0.014053034,-0.0028829337,0.016935967,train,-0.033080414
2021-12-23,TLT,0.0024213374,0.020867873,0.018446535,train,0.05795273
2021-12-27,EFA,0.0003792394,-0.024124196,0.024503436,train,-0.0017212094
2021-12-27,IWM,-0.0061316593,0.03838584,0.0445175,train,0.10082477
2021-12-27,SPY,-0.00081760716,0.04254307,0.043360677,train,-0.0028829337
2021-12-27,TLT,-0.0039715073,-0.0053649754,0.0013934681,train,0.020867873
2021-12-28,EFA,-0.0003792394,0.02125655,0.02163579,train,-0.024124196
2021-12-28,IWM,0.001076915,0.015672708,0.014595793,train,0.03838584
2021-12-28,SPY,0.001278324,0.068080425,0.0668021,train,0.04254307
2021-12-28,TLT,-0.010984403,-0.004081953,0.00690245,train,-0.0053649754
2021-12-29,EFA,-0.0026250922,0.018278142,0.020903235,train,0.02125655
2021-12-29,IWM,-0.00026912004,-0.033179224,0.032910105,train,0.015672708
2021-12-29,SPY,-0.0027682357,0.06315731,0.065925546,train,0.068080425
2021-12-29,TLT,0.008351736,0.005541069,0.0028106668,train,-0.004081953
2021-12-30,EFA,-0.0008893511,0.025911717,0.026801068,train,0.018278142
2021-12-30,IWM,-0.002155427,-0.044589937,0.04243451,train,-0.033179224
2021-12-30,SPY,-0.0025234057,0.012264916,0.014788321,train,0.06315731
2021-12-30,TLT,0.0019584438,-0.01028368,0.0122421235,train,0.005541069
2021-12-31,EFA,0.0064611463,0.036622234,0.030161086,train,0.025911717
2021-12-31,IWM,0.012819191,-0.02206195,0.03488114,train,-0.044589937
2021-12-31,SPY,0.0057733525,0.010256656,0.004483304,train,0.012264916
2021-12-31,TLT,-0.026600927,0.047423497,0.074024424,train,-0.01028368
2022-01-03,EFA,0.005666319,0.013176487,0.007510168,train,0.036622234
2022-01-03,IWM,-0.001510204,-0.087227054,0.08571685,train,-0.02206195
2022-01-03,SPY,-0.00033496422,0.03265699,0.032991953,train,0.010256656
2022-01-03,TLT,-0.0041665463,0.0023728996,0.006539446,train,0.047423497
2022-01-04,EFA,-0.008828312,-0.016665103,0.007836791,train,0.013176487
2022-01-04,IWM,-0.0344566,-0.09342005,0.05896345,train,-0.087227054
2022-01-04,SPY,-0.019388912,-0.0057705347,0.013618378,train,0.03265699
2022-01-04,TLT,-0.0054430645,-0.02195622,0.016513156,train,0.0023728996
2022-01-05,EFA,-0.0050799022,-0.0020742198,0.0030056825,train,-0.016665103
2022-01-05,IWM,0.0056887725,0.120256886,0.114568114,train,-0.09342005
2022-01-05,SPY,-0.0009399744,0.012513283,0.013453257,train,-0.0057705347
2022-01-05,TLT,0.0025859463,-0.02055374,0.023139685,train,-0.02195622
2022-01-06,EFA,0.0029240085,-0.025286486,0.028210495,train,-0.0020742198
2022-01-06,IWM,-0.011641199,0.023668665,0.035309866,train,0.120256886
2022-01-06,SPY,-0.003961307,0.014727765,0.018689072,train,0.012513283
2022-01-06,TLT,-0.007214234,-0.05603396,0.04881973,train,-0.02055374
2022-01-07,EFA,-0.009310503,0.0032226476,0.012533151,train,-0.025286486
2022-01-07,IWM,-0.0034771233,0.019196676,0.022673799,train,0.023668665
2022-01-07,SPY,-0.0012451272,0.0047308817,0.0059760087,train,0.014727765
2022-01-07,TLT,0.00245726,-0.040437095,0.042894356,train,-0.05603396
2022-01-10,EFA,0.010832927,0.027254146,0.016421217,train,0.0032226476
2022-01-10,IWM,0.010579247,0.03225362,0.021674372,train,0.019196676
2022-01-10,SPY,0.00906702,-0.03010652,0.03917354,train,0.0047308817
2022-01-10,TLT,0.006639428,-0.06393013,0.07056956,train,-0.040437095
2022-01-11,EFA,0.009713069,0.008495063,0.001218006,train,0.027254146
2022-01-11,IWM,-0.0074721393,0.027557576,0.035029717,train,0.03225362
2022-01-11,SPY,0.002699933,0.014241689,0.011541756,train,-0.03010652
2022-01-11,TLT,-0.0038388758,0.026836576,0.030675452,train,-0.06393013
2022-01-12,EFA,-0.0073076477,0.04463524,0.05194289,train,0.008495063
2022-01-12,IWM,-0.009209678,0.026982706,0.036192384,train,0.027557576
2022-01-12,SPY,-0.013874462,0.04440073,0.058275193,train,0.014241689
2022-01-12,TLT,0.008841722,-0.0191114,0.027953122,train,0.026836576
2022-01-13,EFA,-0.0010122532,0.021963194,0.022975447,train,0.04463524
2022-01-13,IWM,0.0014008172,0.021443436,0.020042619,train,0.026982706
2022-01-13,SPY,0.00040884735,0.030573787,0.03016494,train,0.04440073
2022-01-13,TLT,-0.015225116,-0.04337091,0.028145794,train,-0.0191114
2022-01-14,EFA,-0.014792445,0.019068727,0.03386117,train,0.021963194
2022-01-14,IWM,-0.030703064,-0.044240683,0.013537619,train,0.021443436
2022-01-14,SPY,-0.017868271,-0.013861741,0.00400653,train,0.030573787
2022-01-14,TLT,-0.014174381,-0.016891038,0.0027166568,train,-0.04337091
2022-01-18,EFA,-0.00089953124,0.0037951455,0.004694677,train,0.019068727
2022-01-18,IWM,-0.016397005,-0.02542088,0.009023875,train,-0.044240683
2022-01-18,SPY,-0.010437758,0.038541187,0.048978943,train,-0.013861741
2022-01-18,TLT,0.0068998868,0.044182666,0.03728278,train,-0.016891038
2022-01-19,EFA,-0.004898087,0.028189348,0.033087436,train,0.0037951455
2022-01-19,IWM,-0.018263083,0.0029690838,0.021232167,train,-0.02542088
2022-01-19,SPY,-0.011129672,0.03902171,0.050151385,train,0.038541187
2022-01-19,TLT,0.006147831,-0.013121615,0.019269446,train,0.044182666
2022-01-20,EFA,-0.013660768,-0.010121986,0.0035387818,train,0.028189348
2022-01-20,IWM,-0.01890739,0.00856994,0.027477331,train,0.0029690838
2022-01-20,SPY,-0.019825837,0.042150624,0.061976463,train,0.03902171
2022-01-20,TLT,0.011836107,-0.046436436,0.058272544,train,-0.013121615
2022-01-21,EFA,-0.010005161,0.024372218,0.03437738,train,-0.010121986
2022-01-21,IWM,0.022785245,0.07042694,0.047641695,train,0.00856994
2022-01-21,SPY,0.004237604,0.04248046,0.038242858,train,0.042150624
2022-01-21,TLT,-0.008249171,0.09664303,0.1048922,train,-0.046436436
2022-01-24,EFA,-0.006104995,0.053361878,0.059466872,train,0.024372218
2022-01-24,IWM,-0.013437655,0.004290232,0.017727887,train,0.07042694
2022-01-24,SPY,-0.012284134,0.045179255,0.05746339,train,0.04248046
2022-01-24,TLT,-0.0016155315,0.05581815,0.057433683,train,0.09664303
2022-01-25,EFA,-0.0038679398,0.060622685,0.064490624,train,0.053361878
2022-01-25,IWM,-0.014538902,0.069529004,0.0840679,train,0.004290232
2022-01-25,SPY,-0.0025119176,0.04210875,0.04462067,train,0.045179255
2022-01-25,TLT,-0.012168216,0.08577588,0.097944096,train,0.05581815
2022-01-26,EFA,-0.0046881316,0.043305576,0.04799371,train,0.060622685
2022-01-26,IWM,-0.022969233,0.05426836,0.07723759,train,0.069529004
2022-01-26,SPY,-0.0049501467,-0.1362362,0.13128605,train,0.04210875
2022-01-26,TLT,0.01819672,0.043057892,0.024861172,train,0.08577588
2022-01-27,EFA,0.0033509065,0.03784097,0.034490064,train,0.043305576
2022-01-27,IWM,0.019288333,0.08324027,0.06395194,train,0.05426836
2022-01-27,SPY,0.024531975,-0.090302706,0.11483468,train,-0.1362362
2022-01-27,TLT,0.0003491461,-0.0037866891,0.0041358355,train,0.043057892
2022-01-28,EFA,0.014480338,0.030165121,0.015684783,train,0.03784097
2022-01-28,IWM,0.030217662,-0.031084744,0.06130241,train,0.08324027
2022-01-28,SPY,0.017850718,0.089796886,0.07194617,train,-0.090302706
2022-01-28,TLT,-0.00518347,0.05535655,0.06054002,train,-0.0037866891
2022-01-31,EFA,0.009451468,-0.008886472,0.018337939,train,0.030165121
2022-01-31,IWM,0.010479364,-0.022246076,0.03272544,train,-0.031084744
2022-01-31,SPY,0.0067342888,0.05655776,0.04982347,train,0.089796886
2022-01-31,TLT,-0.00332477,0.03540483,0.0387296,train,0.05535655
2022-02-01,EFA,0.007419411,0.008095202,0.00067579094,train,-0.008886472
2022-02-01,IWM,-0.009982836,0.0234,0.033382837,train,-0.022246076
2022-02-01,SPY,0.0096671535,-0.05551467,0.06518182,train,0.05655776
2022-02-01,TLT,0.00338089,0.03541368,0.032032788,train,0.03540483
2022-02-02,EFA,-0.015947882,0.02674109,0.042688973,train,0.008095202
2022-02-02,IWM,-0.0191045,0.16982333,0.18892783,train,0.0234
2022-02-02,SPY,-0.023785638,-0.091457725,0.06767209,train,-0.05551467
2022-02-02,TLT,-0.007836297,0.016526436,0.024362734,train,0.03541368
2022-02-03,EFA,0.002369013,0.03461483,0.03224582,train,0.02674109
2022-02-03,IWM,0.0042939507,0.16089441,0.15660046,train,0.16982333
2022-02-03,SPY,0.004691291,-0.03614016,0.04083145,train,-0.091457725
2022-02-03,TLT,-0.014852395,-0.022329355,0.0074769594,train,0.016526436
2022-02-04,EFA,0.0017075897,0.05225742,0.050549828,train,0.03461483
2022-02-04,IWM,0.00492791,0.011025047,0.006097137,train,0.16089441
2022-02-04,SPY,-0.003214426,0.019136386,0.022350812,train,-0.03614016
2022-02-04,TLT,0.00064734224,0.019403663,0.01875632,train,-0.022329355
2022-02-07,EFA,0.0051050056,0.011998392,0.006893386,train,0.05225742
2022-02-07,IWM,0.01691069,-0.095924556,0.11283524,train,0.011025047
2022-02-07,SPY,0.008194078,0.12336905,0.11517498,train,0.019136386
2022-02-07,TLT,-0.006708197,0.0004949341,0.007203131,train,0.019403663
2022-02-08,EFA,0.016060246,-0.0034481832,0.019508429,train,0.011998392
2022-02-08,IWM,0.018810008,-0.05161694,0.07042695,train,-0.095924556
2022-02-08,SPY,0.014530101,0.11207235,0.09754225,train,0.12336905
2022-02-08,TLT,0.0018801031,-0.0073359055,0.009216009,train,0.0004949341
2022-02-09,EFA,-0.012801504,0.017107023,0.029908527,train,-0.0034481832
2022-02-09,IWM,-0.01546176,0.017429018,0.032890778,train,-0.05161694
2022-02-09,SPY,-0.018129041,0.102136135,0.12026518,train,0.11207235
2022-02-09,TLT,-0.01601999,0.001165559,0.01718555,train,-0.0073359055
2022-02-10,EFA,-0.01521133,-0.0008274974,0.014383832,train,0.017107023
2022-02-10,IWM,-0.010177376,-0.061506584,0.05132921,train,0.017429018
2022-02-10,SPY,-0.019915799,-0.082381785,0.062465988,train,0.102136135
2022-02-10,TLT,0.0147186145,-0.06367787,0.078396484,train,0.001165559
2022-02-11,EFA,-0.0064958273,-0.091926105,0.08543028,train,-0.0008274974
2022-02-11,IWM,-0.0034824316,0.00077287987,0.0042553116,train,-0.061506584
2022-02-11,SPY,-0.0032746599,-0.010680242,0.007405583,train,-0.082381785
2022-02-11,TLT,-0.012518958,0.058740675,0.07125963,train,-0.06367787
2022-02-14,EFA,0.018187165,0.0051071257,0.01308004,train,-0.091926105
2022-02-14,IWM,0.026456034,0.06275322,0.036297187,train,0.00077287987
2022-02-14,SPY,0.015998255,0.011184194,0.0048140613,train,-0.010680242
2022-02-14,TLT,-0.011418269,0.050455973,0.06187424,train,0.058740675
2022-02-15,EFA,0.0037803217,-0.023067757,0.02684808,train,0.0051071257
2022-02-15,IWM,0.002084454,0.057455927,0.055371474,train,0.06275322
2022-02-15,SPY,0.0011202013,0.08951306,0.08839286,train,0.011184194
2022-02-15,TLT,0.0059092483,0.022794986,0.016885739,train,0.050455973
2022-02-16,EFA,-0.016264929,-0.007726113,0.008538816,train,-0.023067757
2022-02-16,IWM,-0.025952492,-0.004254027,0.021698466,train,0.057455927
2022-02-16,SPY,-0.021592723,0.087077245,0.10866997,train,0.08951306
2022-02-16,TLT,0.007411104,-0.026665611,0.034076717,train,0.022794986
2022-02-17,EFA,-0.0042404276,-0.055841018,0.05160059,train,-0.007726113
2022-02-17,IWM,-0.008635634,0.0036683246,0.012303958,train,-0.004254027
2022-02-17,SPY,-0.006496259,-0.031622365,0.025126107,train,0.087077245
2022-02-17,TLT,0.010472144,0.05148026,0.041008115,train,-0.026665611
2022-02-18,EFA,-0.011755505,0.016935008,0.028690513,train,-0.055841018
2022-02-18,IWM,-0.014187411,-0.032534227,0.018346816,train,0.0036683246
2022-02-18,SPY,-0.0107895015,-0.014563463,0.0037739612,train,-0.031622365
2022-02-18,TLT,0.0026006713,-0.036236234,0.038836904,train,0.05148026
2022-02-22,EFA,-0.008230703,0.059667125,0.06789783,train,0.016935008
2022-02-22,IWM,-0.018889885,0.045875505,0.064765394,train,-0.032534227
2022-02-22,SPY,-0.017897908,0.012095609,0.029993515,train,-0.014563463
2022-02-22,TLT,-0.013877336,0.026956117,0.04083345,train,-0.036236234
2022-02-23,EFA,-0.013503456,0.0028290092,0.016332464,train,0.059667125
2022-02-23,IWM,0.02588259,0.07614024,0.05025765,train,0.045875505
2022-02-23,SPY,0.014936917,0.071320936,0.05638402,train,0.012095609
2022-02-23,TLT,0.0006585678,0.022697786,0.022039218,train,0.026956117
2022-02-24,EFA,0.0246859,0.0700816,0.0453957,train,0.0028290092
2022-02-24,IWM,0.02227082,-0.027729968,0.050000787,train,0.07614024
2022-02-24,SPY,0.021824151,0.022393981,0.0005698297,train,0.071320936
2022-02-24,TLT,0.0007310974,0.052031375,0.05130028,train,0.022697786
2022-02-25,EFA,-0.019207828,0.046246603,0.06545443,train,0.0700816
2022-02-25,IWM,0.0040411176,0.030636298,0.026595179,train,-0.027729968
2022-02-25,SPY,-0.0025618614,0.11270626,0.11526812,train,0.022393981
2022-02-25,TLT,0.021681631,0.03906598,0.017384348,train,0.052031375
2022-02-28,EFA,-0.022094082,0.06581396,0.087908044,train,0.046246603
2022-02-28,IWM,-0.01901683,-0.04128942,0.022272589,train,0.030636298
2022-02-28,SPY,-0.01534741,-0.13772891,0.12238151,train,0.11270626
2022-02-28,TLT,0.011495257,0.064648375,0.05315312,train,0.03906598
2022-03-01,EFA,0.012487847,0.079989344,0.0675015,train,0.06581396
2022-03-01,IWM,0.02353163,0.022753732,0.00077789836,train,-0.04128942
2022-03-01,SPY,0.018229006,-0.05982344,0.078052446,train,-0.13772891
2022-03-01,TLT,-0.034780655,0.06726257,0.10204323,train,0.064648375
2022-03-02,EFA,-0.019915866,0.013170757,0.033086624,train,0.079989344
2022-03-02,IWM,-0.011919577,0.06526574,0.07718532,train,0.022753732
2022-03-02,SPY,-0.0049909987,0.06588953,0.07088053,train,-0.05982344
2022-03-02,TLT,0.01013373,0.13127123,0.1211375,train,0.06726257
2022-03-03,EFA,-0.02940547,0.05771128,0.08711675,train,0.013170757
2022-03-03,IWM,-0.015781322,-0.09318979,0.07740847,train,0.06526574
2022-03-03,SPY,-0.008157674,0.0074375286,0.015595203,train,0.06588953
2022-03-03,TLT,0.017116606,0.0093643,0.007752306,train,0.13127123
2022-03-04,EFA,-0.032239642,0.076235384,0.10847503,train,0.05771128
2022-03-04,IWM,-0.025181253,-0.0393954,0.014214147,train,-0.09318979
2022-03-04,SPY,-0.029922413,-0.0063590766,0.023563337,train,0.0074375286
2022-03-04,TLT,-0.0076587293,-0.029686665,0.022027936,train,0.0093643
2022-03-07,EFA,0.008640217,0.094308645,0.08566843,train,0.076235384
2022-03-07,IWM,0.005508362,0.036421016,0.030912654,train,-0.0393954
2022-03-07,SPY,-0.007610534,0.008322761,0.015933296,train,-0.0063590766
2022-03-07,TLT,-0.010110564,-0.03454087,0.024430305,train,-0.029686665
2022-03-08,EFA,0.04097626,-0.015641933,0.05661819,train,0.094308645
2022-03-08,IWM,0.02779422,-0.11152877,0.139323,train,0.036421016
2022-03-08,SPY,0.02645769,0.0026983558,0.023759333,train,0.008322761
2022-03-08,TLT,-0.009847274,0.0332404,0.043087676,train,-0.03454087
2022-03-09,EFA,-0.012031122,-0.10657636,0.09454524,train,-0.015641933
2022-03-09,IWM,-0.0017990305,-0.069469064,0.06767003,train,-0.11152877
2022-03-09,SPY,-0.004525943,0.033854663,0.038380608,train,0.0026983558
2022-03-09,TLT,-0.014471517,-0.017148549,0.0026770318,train,0.0332404
2022-03-10,EFA,-0.010865669,-0.04004045,0.029174779,train,-0.10657636
2022-03-10,IWM,-0.016085038,0.017800137,0.033885173,train,-0.069469064
2022-03-10,SPY,-0.012796523,0.014698462,0.027494986,train,0.033854663
2022-03-10,TLT,0.003341113,0.06403133,0.06069022,train,-0.017148549
2022-03-11,EFA,0.009135069,-0.029658703,0.038793772,train,-0.04004045
2022-03-11,IWM,-0.020645723,0.058431827,0.07907755,train,0.017800137
2022-03-11,SPY,-0.007335036,0.04401216,0.051347196,train,0.014698462
2022-03-11,TLT,-0.023625731,0.049823895,0.07344963,train,0.06403133
2022-03-14,EFA,0.009481482,0.027005019,0.017523536,train,-0.029658703
2022-03-14,IWM,0.015805144,0.09276533,0.07696019,train,0.058431827
2022-03-14,SPY,0.021752082,-0.021551726,0.04330381,train,0.04401216
2022-03-14,TLT,-0.0017472116,0.095404804,0.09715202,train,0.049823895
2022-03-15,EFA,0.035258833,-0.022407545,0.057666376,train,0.027005019
2022-03-15,IWM,0.030979084,0.04590056,0.014921477,train,0.09276533
2022-03-15,SPY,0.021931965,0.029714214,0.007782249,train,-0.021551726
2022-03-15,TLT,0.009759836,0.048285764,0.038525928,train,0.095404804
2022-03-16,EFA,0.008384324,-0.07871761,0.08710194,train,-0.022407545
2022-03-16,IWM,0.01557572,0.0332463,0.017670581,train,0.04590056
2022-03-16,SPY,0.012433246,-0.026691822,0.03912507,train,0.029714214
2022-03-16,TLT,-0.007481531,-0.014849483,0.0073679523,train,0.048285764
2022-03-17,EFA,0.009671298,-0.09212218,0.10179348,train,-0.07871761
2022-03-17,IWM,0.010475927,-0.0058846422,0.01636057,train,0.0332463
2022-03-17,SPY,0.010893351,0.041748405,0.030855052,train,-0.026691822
2022-03-17,TLT,0.012138804,0.021686293,0.009547489,train,-0.014849483
2022-03-18,EFA,-0.006255373,-0.020950882,0.014695508,train,-0.09212218
2022-03-18,IWM,-0.008868285,-0.047458246,0.03858996,train,-0.0058846422
2022-03-18,SPY,-0.0002925666,-0.04979217,0.049499605,train,0.041748405
2022-03-18,TLT,-0.023428753,0.025395887,0.048824638,train,0.021686293
2022-03-21,EFA,0.009368389,-0.003943263,0.0133116525,train,-0.020950882
2022-03-21,IWM,0.009977248,-0.071817994,0.081795245,train,-0.047458246
2022-03-21,SPY,0.011633477,-0.059717968,0.071351446,train,-0.04979217
2022-03-21,TLT,-0.0128949005,0.023762563,0.036657464,train,0.025395887
2022-03-22,EFA,-0.013057951,0.047297433,0.060355384,train,-0.003943263
2022-03-22,IWM,-0.0175016,0.04818584,0.06568744,train,-0.071817994
2022-03-22,SPY,-0.012962138,-0.052857384,0.039895244,train,-0.059717968
2022-03-22,TLT,0.021678582,0.032775648,0.011097066,train,0.023762563
2022-03-23,EFA,0.009266939,-0.01090078,0.02016772,train,0.047297433
2022-03-23,IWM,0.011433095,0.029232966,0.017799871,train,0.04818584
2022-03-23,SPY,0.014961893,0.09728752,0.08232563,train,-0.052857384
2022-03-23,TLT,-0.007863769,-0.047041483,0.039177716,train,0.032775648
2022-03-24,EFA,0.000542387,0.06282011,0.06227772,train,-0.01090078
2022-03-24,IWM,0.0013594306,0.08891748,0.087558046,train,0.029232966
2022-03-24,SPY,0.004871913,0.0650775,0.060205586,train,0.09728752
2022-03-24,TLT,-0.013970239,-0.00016494707,0.013805292,train,-0.047041483
2022-03-25,EFA,-0.0032589782,-0.13770221,0.13444324,train,0.06282011
2022-03-25,IWM,0.00033966635,0.04359228,0.043252617,train,0.08891748
2022-03-25,SPY,0.007087657,0.0036092713,0.003478386,train,0.0650775
2022-03-25,TLT,0.008513459,0.04541389,0.03690043,train,-0.00016494707
2022-03-28,EFA,0.021928383,-0.08816503,0.110093415,train,-0.13770221
2022-03-28,IWM,0.026419196,-0.036378026,0.06279722,train,0.04359228
2022-03-28,SPY,0.012295047,0.013287024,0.0009919768,train,0.0036092713
2022-03-28,TLT,0.0075242193,-0.0056936704,0.01321789,train,0.04541389
2022-03-29,EFA,-0.00413345,0.07677697,0.080910414,train,-0.08816503
2022-03-29,IWM,-0.020278916,0.07064314,0.09092206,train,-0.036378026
2022-03-29,SPY,-0.0061939387,0.021145092,0.02733903,train,0.013287024
2022-03-29,TLT,0.0077715027,0.01849868,0.010727176,train,-0.0056936704
2022-03-30,EFA,-0.016707504,0.0594631,0.0761706,train,0.07677697
2022-03-30,IWM,-0.010612248,0.055085912,0.06569816,train,0.07064314
2022-03-30,SPY,-0.015511084,0.044039644,0.05955073,train,0.021145092
2022-03-30,TLT,0.0024254902,-0.006603032,0.009028522,train,0.01849868
2022-03-31,EFA,0.009331413,-0.014877661,0.024209075,train,0.0594631
2022-03-31,IWM,0.011142335,0.08978958,0.07864724,train,0.055085912
2022-03-31,SPY,0.002830037,0.05640672,0.053576685,train,0.044039644
2022-03-31,TLT,0.0037994955,0.009596669,0.005797174,train,-0.006603032
2022-04-01,EFA,0.0040300027,0.09903386,0.09500386,train,-0.014877661
2022-04-01,IWM,0.0016367245,0.032586344,0.030949619,train,0.08978958
2022-04-01,SPY,0.008530173,0.024287375,0.015757201,train,0.05640672
2022-04-01,TLT,-0.0069738575,-0.031568646,0.02459479,train,0.009596669
2022-04-04,EFA,-0.013632927,0.13289925,0.14653218,train,0.09903386
2022-04-04,IWM,-0.023948628,0.06800136,0.091949984,train,0.032586344
2022-04-04,SPY,-0.012711669,0.03892696,0.05163863,train,0.024287375
2022-04-04,TLT,-0.022851732,-0.027519925,0.004668193,train,-0.031568646
2022-04-05,EFA,-0.012032197,0.018972455,0.031004652,train,0.13289925
2022-04-05,IWM,-0.014289323,0.07497275,0.08926207,train,0.06800136
2022-04-05,SPY,-0.010049826,0.08156216,0.09161199,train,0.03892696
2022-04-05,TLT,-0.0081268735,0.10907167,0.11719854,train,-0.027519925
2022-04-06,EFA,0.0021985217,-0.013143179,0.015341701,train,0.018972455
2022-04-06,IWM,-0.0032536369,0.07606366,0.0793173,train,0.07497275
2022-04-06,SPY,0.005026358,0.03449229,0.029465932,train,0.08156216
2022-04-06,TLT,-0.0075608324,-0.02179002,0.014229188,train,0.10907167
2022-04-07,EFA,0.00041144123,-0.0036257287,0.0040371697,train,-0.013143179
2022-04-07,IWM,-0.008003467,0.016313303,0.02431677,train,0.07606366
2022-04-07,SPY,-0.0026774409,-0.04476898,0.04209154,train,0.03449229
2022-04-07,TLT,-0.01088999,-0.006767945,0.0041220454,train,-0.02179002
2022-04-08,EFA,-0.010619786,0.03298368,0.043603465,train,-0.0036257287
2022-04-08,IWM,-0.006744222,0.04920181,0.05594603,train,0.016313303
2022-04-08,SPY,-0.017240116,-0.042698488,0.025458371,train,-0.04476898
2022-04-08,TLT,-0.015951203,0.043671094,0.059622295,train,-0.006767945
2022-04-11,EFA,-0.007515709,0.008932914,0.016448623,train,0.03298368
2022-04-11,IWM,0.0031495907,0.0130463345,0.009896744,train,0.04920181
2022-04-11,SPY,-0.0037120085,0.0365728,0.04028481,train,-0.042698488
2022-04-11,TLT,-0.0013816573,0.044676334,0.04605799,train,0.043671094
2022-04-12,EFA,0.010699714,0.036038607,0.025338894,train,0.008932914
2022-04-12,IWM,0.01884151,0.059742462,0.040900953,train,0.0130463345
2022-04-12,SPY,0.011388453,-0.016006386,0.027394839,train,0.0365728
2022-04-12,TLT,0.0020309365,0.053427108,0.051396172,train,0.044676334
2022-04-13,EFA,-0.0045716316,0.005581086,0.010152718,train,0.036038607
2022-04-13,IWM,-0.009753255,-0.031224305,0.02147105,train,0.059742462
2022-04-13,SPY,-0.0125301145,-0.013032428,0.0005023135,train,-0.016006386
2022-04-13,TLT,-0.020249246,0.0472145,0.06746375,train,0.053427108
2022-04-14,EFA,-0.0058489246,-0.0014337837,0.004415141,train,0.005581086
2022-04-14,IWM,-0.006757802,0.008622975,0.015380777,train,-0.031224305
2022-04-14,SPY,0.0004111015,0.025868,0.0254569,train,-0.013032428
2022-04-14,TLT,-0.0049812193,0.081589594,0.086570814,train,0.0472145
2022-04-18,EFA,0.0047373865,0.014906648,0.010169261,train,-0.0014337837
2022-04-18,IWM,0.01974109,0.0077453493,0.01199574,train,0.008622975
2022-04-18,SPY,0.016013773,-0.04337994,0.05939371,train,0.025868
2022-04-18,TLT,-0.0075186263,0.09827435,0.10579298,train,0.081589594
2022-04-19,EFA,0.006650174,-0.012444562,0.019094735,train,0.014906648
2022-04-19,IWM,0.0038130349,0.008062054,0.0042490195,train,0.0077453493
2022-04-19,SPY,-0.00074182346,-0.010203495,0.009461671,train,-0.04337994
2022-04-19,TLT,0.019925928,0.049898155,0.029972227,train,0.09827435
2022-04-20,EFA,-0.010828938,-0.03634718,0.025518242,train,-0.012444562
2022-04-20,IWM,-0.022643737,0.033910517,0.056554254,train,0.008062054
2022-04-20,SPY,-0.015066499,-0.029483004,0.014416505,train,-0.010203495
2022-04-20,TLT,-0.0074260826,-0.0128105795,0.005384497,train,0.049898155
2022-04-21,EFA,-0.016466385,-0.0061268914,0.010339493,train,-0.03634718
2022-04-21,IWM,-0.02622576,0.07497662,0.10120238,train,0.033910517
2022-04-21,SPY,-0.027822576,0.0125456685,0.040368244,train,-0.029483004
2022-04-21,TLT,-0.0063139265,0.053007312,0.05932124,train,-0.0128105795
2022-04-22,EFA,-0.004836631,0.023389317,0.028225947,train,-0.0061268914
2022-04-22,IWM,0.006053971,-0.021956054,0.028010026,train,0.07497662
2022-04-22,SPY,0.0057809353,0.049631536,0.0438506,train,0.0125456685
2022-04-22,TLT,0.009951081,0.066431195,0.056480113,train,0.053007312
2022-04-25,EFA,-0.02834603,0.030168353,0.058514383,train,0.023389317
2022-04-25,IWM,-0.032026637,-0.018111663,0.013914974,train,-0.021956054
2022-04-25,SPY,-0.029388538,-0.010202101,0.019186437,train,0.049631536
2022-04-25,TLT,0.010016747,0.0058981343,0.0041186125,train,0.066431195
2022-04-26,EFA,0.0045373435,0.022169763,0.01763242,train,0.030168353
2022-04-26,IWM,-0.0041632545,-0.05797892,0.053815667,train,-0.018111663
2022-04-26,SPY,0.0028078898,0.01371427,0.01090638,train,-0.010202101
2022-04-26,TLT,-0.012908857,-0.020888766,0.007979909,train,0.0058981343
2022-04-27,EFA,0.014065233,0.056223106,0.042157874,train,0.022169763
2022-04-27,IWM,0.018494993,-0.009029931,0.027524926,train,-0.05797892
2022-04-27,SPY,0.02494571,0.07149186,0.04654615,train,0.01371427
2022-04-27,TLT,0.0014886428,0.035986137,0.034497492,train,-0.020888766
2022-04-28,EFA,-0.011731515,0.03237883,0.044110343,train,0.056223106
2022-04-28,IWM,-0.029304335,0.04464133,0.073945664,train,-0.009029931
2022-04-28,SPY,-0.03765595,0.050800636,0.088456586,train,0.07149186
2022-04-28,TLT,-0.013057875,0.012435832,0.025493708,train,0.035986137
2022-04-29,EFA,-0.0024799306,0.07134361,0.07382354,train,0.03237883
2022-04-29,IWM,0.010434731,0.039121136,0.028686404,train,0.04464133
2022-04-29,SPY,0.006001482,0.010021524,0.004020042,train,0.050800636
2022-04-29,TLT,-0.017485736,-0.0006302209,0.016855516,train,0.012435832
2022-05-02,EFA,0.00742098,0.049858965,0.042437986,train,0.07134361
2022-05-02,IWM,0.0085248025,0.04599347,0.037468668,train,0.039121136
2022-05-02,SPY,0.0045735715,-0.03811103,0.042684603,train,0.010021524
2022-05-02,TLT,0.006718953,-0.045858614,0.052577566,train,-0.0006302209
2022-05-03,EFA,0.017389197,0.007250536,0.010138661,train,0.049858965
2022-05-03,IWM,0.026335804,0.064267926,0.03793212,train,0.04599347
2022-05-03,SPY,0.029998476,0.037317492,0.0073190164,train,-0.03811103
2022-05-03,TLT,0.005494667,-0.020595407,0.026090074,train,-0.045858614
2022-05-04,EFA,-0.032728124,-0.04593407,0.0132059455,train,0.007250536
2022-05-04,IWM,-0.04140985,0.0022725924,0.04368244,train,0.064267926
2022-05-04,SPY,-0.036189936,0.0064338385,0.042623773,train,0.037317492
2022-05-04,TLT,-0.02778055,-0.0043727704,0.02340778,train,-0.020595407
2022-05-05,EFA,-0.009763407,0.09462072,0.104384124,train,-0.04593407
2022-05-05,IWM,-0.01678258,0.04648766,0.06327024,train,0.0022725924
2022-05-05,SPY,-0.0059867552,0.088298574,0.09428533,train,0.0064338385
2022-05-05,TLT,-0.014844925,0.12745175,0.14229667,train,-0.0043727704
2022-05-06,EFA,-0.030641625,0.08425698,0.1148986,train,0.09462072
2022-05-06,IWM,-0.042974032,0.08384155,0.12681559,train,0.04648766
2022-05-06,SPY,-0.032540992,0.028757544,0.061298534,train,0.088298574
2022-05-06,TLT,0.00875892,-0.010288839,0.01904776,train,0.12745175
2022-05-09,EFA,0.007482767,0.11885642,0.111373655,train,0.08425698
2022-05-09,IWM,0.00028613096,0.069565825,0.06927969,train,0.08384155
2022-05-09,SPY,0.00230776,0.06069161,0.05838385,train,0.028757544
2022-05-09,TLT,0.009028469,0.05615555,0.047127083,train,-0.010288839
2022-05-10,EFA,-0.005950976,-0.014355636,0.00840466,train,0.11885642
2022-05-10,IWM,-0.025178775,0.0004905215,0.025669297,train,0.069565825
2022-05-10,SPY,-0.016013809,-0.016810639,0.0007968303,train,0.06069161
2022-05-10,TLT,0.01908925,0.04034699,0.021257741,train,0.05615555
2022-05-11,EFA,-0.0024517945,-0.017694352,0.015242558,train,-0.014355636
2022-05-11,IWM,0.011655172,-0.0065787537,0.018233925,train,0.0004905215
2022-05-11,SPY,-0.0010444015,0.020727055,0.021771457,train,-0.016810639
2022-05-11,TLT,-0.0018671498,-0.035567053,0.033699904,train,0.04034699
2022-05-12,EFA,0.027390618,0.024099367,0.0032912511,train,-0.017694352
2022-05-12,IWM,0.031200036,0.017225014,0.013975022,train,-0.0065787537
2022-05-12,SPY,0.02362671,0.066749796,0.04312309,train,0.020727055
2022-05-12,TLT,-0.0148910945,0.01933358,0.034224674,train,-0.035567053
2022-05-13,EFA,0.0008953502,-0.10454022,0.10543557,train,0.024099367
2022-05-13,IWM,-0.00478479,-0.091658734,0.08687394,train,0.017225014
2022-05-13,SPY,-0.0040658666,0.0047370396,0.008802906,train,0.066749796
2022-05-13,TLT,-0.0010353571,-0.04459218,0.04355682,train,0.01933358
2022-05-16,EFA,0.018471172,0.12947592,0.11100475,train,-0.10454022
2022-05-16,IWM,0.030124899,0.08121087,0.051085968,train,-0.091658734
2022-05-16,SPY,0.020361766,0.03709425,0.016732484,train,0.0047370396
2022-05-16,TLT,-0.01215702,-0.015379242,0.0032222215,train,-0.04459218
2022-05-17,EFA,-0.024154726,0.011538231,0.035692956,train,0.12947592
2022-05-17,IWM,-0.035670172,0.08374802,0.11941819,train,0.08121087
2022-05-17,SPY,-0.041146766,0.016338022,0.05748479,train,0.03709425
2022-05-17,TLT,0.021093322,-0.008767991,0.029861312,train,-0.015379242
2022-05-18,EFA,0.0095537845,0.057543933,0.04799015,train,0.011538231
2022-05-18,IWM,0.0016440043,0.11733498,0.11569097,train,0.08374802
2022-05-18,SPY,-0.006143368,-0.022075666,0.0159323,train,0.016338022
2022-05-18,TLT,0.0023925155,-0.04204405,0.044436567,train,-0.008767991
2022-05-19,EFA,0.0068106973,-0.041181363,0.04799206,train,0.057543933
2022-05-19,IWM,-0.0025523847,0.10108117,0.10363355,train,0.11733498
2022-05-19,SPY,0.0004364338,0.0752895,0.07485307,train,-0.022075666
2022-05-19,TLT,0.011286093,-0.015384295,0.026670389,train,-0.04204405
2022-05-20,EFA,0.016826717,-0.043061506,0.05988822,train,-0.041181363
2022-05-20,IWM,0.012024162,-0.048942085,0.060966246,train,0.10108117
2022-05-20,SPY,0.018537179,0.04323105,0.024693873,train,0.0752895
2022-05-20,TLT,-0.01659115,0.035196066,0.051787216,train,-0.015384295
2022-05-23,EFA,-0.0015970909,-0.05176716,0.050170068,train,-0.043061506
2022-05-23,IWM,-0.01492475,-0.00083181873,0.014092931,train,-0.048942085
2022-05-23,SPY,-0.00766296,-0.036853977,0.029191017,train,0.04323105
2022-05-23,TLT,0.019540362,0.04263541,0.023095049,train,0.035196066
2022-05-24,EFA,0.00029051868,0.017661719,0.0173712,train,-0.05176716
2022-05-24,IWM,0.01783853,-0.15094073,0.16877925,train,-0.00083181873
2022-05-24,SPY,0.008796008,0.05199662,0.043200612,train,-0.036853977
2022-05-24,TLT,0.003946079,0.00557048,0.0016244012,train,0.04263541
2022-05-25,EFA,0.010981039,0.07445052,0.063469484,train,0.017661719
2022-05-25,IWM,0.02207855,-0.094722345,0.1168009,train,-0.15094073
2022-05-25,SPY,0.019784378,-0.002560942,0.02234532,train,0.05199662
2022-05-25,TLT,-0.0045354627,0.056579802,0.061115265,train,0.00557048
2022-05-26,EFA,0.011998533,0.056880917,0.044882383,train,0.07445052
2022-05-26,IWM,0.026570363,-0.0067656585,0.03333602,train,-0.094722345
2022-05-26,SPY,0.024252687,0.004230292,0.020022394,train,-0.002560942
2022-05-26,TLT,0.0024384202,0.05062159,0.048183173,train,0.056579802
2022-05-27,EFA,-0.005981117,-0.023447013,0.017465895,train,0.056880917
2022-05-27,IWM,-0.01249509,0.038447276,0.050942365,train,-0.0067656585
2022-05-27,SPY,-0.0056268377,-0.07905468,0.07342785,train,0.004230292
2022-05-27,TLT,-0.021389399,0.038567074,0.059956472,train,0.05062159
2022-05-31,EFA,-0.010626437,-0.016746206,0.006119769,train,-0.023447013
2022-05-31,IWM,-0.005682326,-0.088587984,0.08290566,train,0.038447276
2022-05-31,SPY,-0.008121359,0.076581486,0.08470284,train,-0.07905468
2022-05-31,TLT,-0.0011437611,0.04838963,0.04953339,train,0.038567074
2022-06-01,EFA,0.020575244,-0.037704755,0.05828,train,-0.016746206
2022-06-01,IWM,0.024128621,-0.061317742,0.085446365,train,-0.088587984
2022-06-01,SPY,0.0188643,0.13785751,0.11899321,train,0.076581486
2022-06-01,TLT,0.00051608536,0.023856584,0.023340499,train,0.04838963
2022-06-02,EFA,-0.014386771,-0.09046702,0.07608025,train,-0.037704755
2022-06-02,IWM,-0.009047122,0.03809795,0.047145072,train,-0.061317742
2022-06-02,SPY,-0.016547637,0.035841204,0.05238884,train,0.13785751
2022-06-02,TLT,-0.0021520646,0.036598284,0.038750347,train,0.023856584
2022-06-03,EFA,0.0040093474,0.039453357,0.03544401,train,-0.09046702
2022-06-03,IWM,0.004320896,0.028927715,0.02460682,train,0.03809795
2022-06-03,SPY,0.003040127,0.07669486,0.07365473,train,0.035841204
2022-06-03,TLT,-0.018615836,-0.01614547,0.0024703667,train,0.036598284
2022-06-06,EFA,0.0029962815,0.020982249,0.017985968,train,0.039453357
2022-06-06,IWM,0.015999446,0.041084662,0.025085216,train,0.028927715
2022-06-06,SPY,0.009546469,0.025709676,0.016163208,train,0.07669486
2022-06-06,TLT,0.010741927,0.06836395,0.057622023,train,-0.01614547
2022-06-07,EFA,-0.014060684,0.060019955,0.07408064,train,0.020982249
2022-06-07,IWM,-0.015573784,0.034387097,0.04996088,train,0.041084662
2022-06-07,SPY,-0.010931664,0.023911992,0.034843657,train,0.025709676
2022-06-07,TLT,-0.008900126,-0.036455043,0.027554916,train,0.06836395
2022-06-08,EFA,-0.021224042,0.06485515,0.086079195,train,0.060019955
2022-06-08,IWM,-0.020948047,-0.057677105,0.03672906,train,0.034387097
2022-06-08,SPY,-0.02407015,0.03413513,0.058205277,train,0.023911992
2022-06-08,TLT,0.0033250332,0.021147477,0.017822443,train,-0.036455043
2022-06-09,EFA,-0.024432482,-0.0022505769,0.022181906,train,0.06485515
2022-06-09,IWM,-0.027503429,-0.052178368,0.024674939,train,-0.057677105
2022-06-09,SPY,-0.029424379,0.025602119,0.055026498,train,0.03413513
2022-06-09,TLT,-0.006221179,0.014170335,0.020391513,train,0.021147477
2022-06-10,EFA,-0.033640493,0.019097513,0.052738003,train,-0.0022505769
2022-06-10,IWM,-0.04811837,0.06519683,0.113315195,train,-0.052178368
2022-06-10,SPY,-0.03870774,0.09667015,0.13537788,train,0.025602119
2022-06-10,TLT,-0.03188202,0.07312174,0.10500376,train,0.014170335
2022-06-13,EFA,-0.0094771385,0.10853298,0.11801012,train,0.019097513
2022-06-13,IWM,-0.004829401,0.07141252,0.07624192,train,0.06519683
2022-06-13,SPY,-0.0030178686,0.04368408,0.04670195,train,0.09667015
2022-06-13,TLT,-0.01269349,0.13999058,0.15268408,train,0.07312174
2022-06-14,EFA,0.018548572,0.039192267,0.020643694,train,0.10853298
2022-06-14,IWM,0.014535544,-0.030381152,0.044916697,train,0.07141252
2022-06-14,SPY,0.014155685,0.034074213,0.019918527,train,0.04368408
2022-06-14,TLT,0.018484406,0.022469932,0.003985526,train,0.13999058
2022-06-15,EFA,-0.022267554,-0.016694969,0.0055725854,train,0.039192267
2022-06-15,IWM,-0.047424097,-0.020720256,0.02670384,train,-0.030381152
2022-06-15,SPY,-0.03365607,0.09960658,0.13326265,train,0.034074213
2022-06-15,TLT,0.00790801,-0.0849819,0.09288991,train,0.022469932
2022-06-16,EFA,-0.004058112,0.023517983,0.027576094,train,-0.016694969
2022-06-16,IWM,0.0077795805,0.07457256,0.06679298,train,-0.020720256
2022-06-16,SPY,0.0021533915,0.05322008,0.051066685,train,0.09960658
2022-06-16,TLT,0.0032171244,-0.011701277,0.014918402,train,-0.0849819
2022-06-17,EFA,0.015013642,0.027697796,0.012684154,train,0.023517983
2022-06-17,IWM,0.017761143,0.008636639,0.0091245035,train,0.07457256
2022-06-17,SPY,0.024862017,0.07386762,0.0490056,train,0.05322008
2022-06-17,TLT,-0.017097354,-0.0023393617,0.014757993,train,-0.011701277
2022-06-21,EFA,-0.0067525283,0.041794315,0.048546843,train,0.027697796
2022-06-21,IWM,-0.0019049856,-0.027375279,0.025470294,train,0.008636639
2022-06-21,SPY,-0.0018146392,-0.042828888,0.041014247,train,0.07386762
2022-06-21,TLT,0.027129015,0.02277303,0.0043559857,train,-0.0023393617
2022-06-22,EFA,-0.0011297882,0.035144724,0.03627451,train,0.041794315
2022-06-22,IWM,0.0119060315,0.03387952,0.021973487,train,-0.027375279
2022-06-22,SPY,0.009754945,0.035104126,0.025349181,train,-0.042828888
2022-06-22,TLT,0.008181421,-0.012270718,0.020452138,train,0.02277303
2022-06-23,EFA,0.029439617,0.07392431,0.044484694,train,0.035144724
2022-06-23,IWM,0.030502222,-0.056365997,0.08686822,train,0.03387952
2022-06-23,SPY,0.03129865,-0.0010809437,0.032379594,train,0.035104126
2022-06-23,TLT,-0.013939463,-0.026628064,0.012688601,train,-0.012270718
2022-06-24,EFA,-0.004242874,-0.039740555,0.03549768,train,0.07392431
2022-06-24,IWM,0.0037054953,-0.040106356,0.04381185,train,-0.056365997
2022-06-24,SPY,-0.003827005,0.016777458,0.020604463,train,-0.0010809437
2022-06-24,TLT,-0.008565421,0.023698451,0.03226387,train,-0.026628064
2022-06-27,EFA,-0.006794804,0.045852803,0.052647606,train,-0.039740555
2022-06-27,IWM,-0.018956613,0.057440948,0.07639756,train,-0.040106356
2022-06-27,SPY,-0.020644292,-0.046220243,0.02557595,train,0.016777458
2022-06-27,TLT,0.00464878,0.025419252,0.020770472,train,0.023698451
2022-06-28,EFA,-0.0038124525,0.07296193,0.07677438,train,0.045852803
2022-06-28,IWM,-0.010200006,0.04130678,0.051506784,train,0.057440948
2022-06-28,SPY,-0.00081496296,0.0705484,0.07136336,train,-0.046220243
2022-06-28,TLT,0.015487678,-0.0024186992,0.017906377,train,0.025419252
2022-06-29,EFA,-0.0054261796,0.065414175,0.07084036,train,0.07296193
2022-06-29,IWM,-0.007822593,0.05892344,0.066746034,train,0.04130678
2022-06-29,SPY,-0.008157251,-0.05385851,0.045701258,train,0.0705484
2022-06-29,TLT,0.008743584,-0.0015303274,0.010273911,train,-0.0024186992
2022-06-30,EFA,0.0023974774,-0.007904409,0.010301887,train,0.065414175
2022-06-30,IWM,0.012031793,-0.07210955,0.084141344,train,0.05892344
2022-06-30,SPY,0.010521025,0.058257937,0.047736913,train,-0.05385851
2022-06-30,TLT,0.0102144005,0.04240895,0.03219455,train,-0.0015303274
2022-07-01,EFA,-0.021624038,0.07228467,0.093908705,train,-0.007904409
2022-07-01,IWM,0.008249997,-0.13915755,0.14740755,train,-0.07210955
2022-07-01,SPY,0.001886703,-0.09575951,0.097646214,train,0.058257937
2022-07-01,TLT,0.007826341,0.056429982,0.04860364,train,0.04240895
2022-07-05,EFA,0.0008152032,-0.042038783,0.042853985,train,0.07228467
2022-07-05,IWM,-0.0074335765,-0.15035047,0.14291689,train,-0.13915755
2022-07-05,SPY,0.003371696,-0.12265652,0.12602821,train,-0.09575951
2022-07-05,TLT,-0.016933944,-0.07552048,0.058586534,train,0.056429982
2022-07-06,EFA,0.015045217,0.06687383,0.051828615,train,-0.042038783
2022-07-06,IWM,0.023390906,-0.15751256,0.18090346,train,-0.15035047
2022-07-06,SPY,0.014865867,-0.07361506,0.08848093,train,-0.12265652
2022-07-06,TLT,-0.008839024,0.025429966,0.03426899,train,-0.07552048
2022-07-07,EFA,0.0011231937,0.047068126,0.045944933,train,0.06687383
2022-07-07,IWM,-0.000114077244,0.052785553,0.05289963,train,-0.15751256
2022-07-07,SPY,-0.0008226955,-0.06938106,0.068558365,train,-0.07361506
2022-07-07,TLT,-0.011137494,0.055178836,0.06631633,train,0.025429966
2022-07-08,EFA,-0.016331453,0.046998203,0.06332965,train,0.047068126
2022-07-08,IWM,-0.020308442,-0.1633928,0.14308435,train,0.052785553
2022-07-08,SPY,-0.011489354,-0.08949499,0.078005634,train,-0.06938106
2022-07-08,TLT,0.017097412,0.054503765,0.037406355,train,0.055178836
2022-07-11,EFA,-0.00016293152,-0.032489523,0.03232659,train,0.046998203
2022-07-11,IWM,-0.0034348296,0.028182374,0.031617206,train,-0.1633928
2022-07-11,SPY,-0.008888328,0.063086,0.07197433,train,-0.08949499
2022-07-11,TLT,0.005924378,-0.03806585,0.04399023,train,0.054503765
2022-07-12,EFA,-0.00048922916,0.036324427,0.036813654,train,-0.032489523
2022-07-12,IWM,-0.0008750764,0.02514253,0.026017606,train,0.028182374
2022-07-12,SPY,-0.005265612,0.014704094,0.019969705,train,0.063086
2022-07-12,TLT,0.011401256,0.05355131,0.042150054,train,-0.03806585
2022-07-13,EFA,-0.014128882,0.012191025,0.026319906,train,0.036324427
2022-07-13,IWM,-0.010326475,0.019724363,0.030050838,train,0.02514253
2022-07-13,SPY,-0.0024315373,-0.04723847,0.04480693,train,0.014704094
2022-07-13,TLT,-0.008192498,0.040108852,0.04830135,train,0.05355131
2022-07-14,EFA,0.015758831,0.060116343,0.044357512,train,0.012191025
2022-07-14,IWM,0.0206049,-0.018112471,0.03871737,train,0.019724363
2022-07-14,SPY,0.018925099,0.0032710596,0.015654039,train,-0.04723847
2022-07-14,TLT,0.005612252,0.015101143,0.009488892,train,0.040108852
2022-07-15,EFA,0.00406332,-0.068192065,0.07225539,train,0.060116343
2022-07-15,IWM,-0.002834814,-0.015801445,0.012966631,train,-0.018112471
2022-07-15,SPY,-0.008291293,0.020229617,0.02852091,train,0.0032710596
2022-07-15,TLT,-0.010473028,0.022454234,0.03292726,train,0.015101143
2022-07-18,EFA,0.026885878,-0.07247812,0.099364,train,-0.068192065
2022-07-18,IWM,0.034675706,-0.105052315,0.13972802,train,-0.015801445
2022-07-18,SPY,0.026660474,-0.098486215,0.12514669,train,0.020229617
2022-07-18,TLT,-0.0054089543,0.00013835117,0.0055473056,train,0.022454234
2022-07-19,EFA,-0.006653973,-0.06958588,0.06293191,train,-0.07247812
2022-07-19,IWM,0.015548064,-0.04325661,0.058804676,train,-0.105052315
2022-07-19,SPY,0.006353165,0.012846396,0.0064932313,train,-0.098486215
2022-07-19,TLT,0.0026208106,-0.005508105,0.008128915,train,0.00013835117
2022-07-20,EFA,0.010279234,-0.025894655,0.036173888,train,-0.06958588
2022-07-20,IWM,0.0051109795,-0.030680342,0.035791323,train,-0.04325661
2022-07-20,SPY,0.010131526,-0.013963162,0.024094688,train,0.012846396
2022-07-20,TLT,0.01712841,0.007451991,0.009676419,train,-0.005508105
2022-07-21,EFA,-0.0025205459,-0.01750221,0.014981663,train,-0.025894655
2022-07-21,IWM,-0.016080597,0.03441266,0.050493255,train,-0.030680342
2022-07-21,SPY,-0.009321375,0.042932317,0.052253693,train,-0.013963162
2022-07-21,TLT,0.01667179,0.08265077,0.06597898,train,0.007451991
2022-07-22,EFA,0.0076990197,-0.022781728,0.030480748,train,-0.01750221
2022-07-22,IWM,0.0051673856,-0.017263083,0.022430468,train,0.03441266
2022-07-22,SPY,0.0012142798,0.01645814,0.015243861,train,0.042932317
2022-07-22,TLT,-0.009833379,0.033501886,0.043335266,train,0.08265077
2022-07-25,EFA,-0.014028119,-0.003311141,0.010716978,train,-0.022781728
2022-07-25,IWM,-0.006170527,-0.042874414,0.03670389,train,-0.017263083
2022-07-25,SPY,-0.011901738,0.033647805,0.04554954,train,0.01645814
2022-07-25,TLT,0.0007663695,0.063958056,0.06319169,train,0.033501886
2022-07-26,EFA,0.023375385,0.028949851,0.0055744667,train,-0.003311141
2022-07-26,IWM,0.02249618,-0.031144647,0.053640828,train,-0.042874414
2022-07-26,SPY,0.025635155,0.00034442678,0.025290728,train,0.033647805
2022-07-26,TLT,-0.0056338045,-0.00011056528,0.0055232393,train,0.063958056
2022-07-27,EFA,0.005104052,0.0646645,0.059560448,train,0.028949851
2022-07-27,IWM,0.01364615,-0.020318246,0.033964396,train,-0.031144647
2022-07-27,SPY,0.0124642085,0.010790796,0.0016734125,train,0.00034442678
2022-07-27,TLT,0.007929396,0.04845658,0.040527184,train,-0.00011056528
2022-07-28,EFA,0.01378918,0.006760554,0.007028626,train,0.0646645
2022-07-28,IWM,0.007074351,-0.029598577,0.036672927,train,-0.020318246
2022-07-28,SPY,0.014473612,0.0141569385,0.0003166739,train,0.010790796
2022-07-28,TLT,-0.00272113,0.021254623,0.023975752,train,0.04845658
2022-07-29,EFA,0.0013683124,0.049401782,0.04803347,train,0.006760554
2022-07-29,IWM,-0.0003738155,-0.008138566,0.0077647506,train,-0.029598577
2022-07-29,SPY,-0.0029656834,0.017970787,0.02093647,train,0.0141569385
2022-07-29,TLT,0.023797762,0.005658154,0.018139608,train,0.021254623
2022-08-01,EFA,-0.016083537,0.012783342,0.02886688,train,0.049401782
2022-08-01,IWM,-0.00096218765,-0.0033787326,0.002416545,train,-0.008138566
2022-08-01,SPY,-0.006619085,-0.041097492,0.034478407,train,0.017970787
2022-08-01,TLT,-0.021386754,-0.018986536,0.0024002176,train,0.005658154
2022-08-02,EFA,0.005850645,0.032223955,0.02637331,train,0.012783342
2022-08-02,IWM,0.014598858,0.023582283,0.008983426,train,-0.0033787326
2022-08-02,SPY,0.015538019,0.0062294616,0.009308558,train,-0.041097492
2022-08-02,TLT,0.015622106,0.01010199,0.0055201165,train,-0.018986536
2022-08-03,EFA,0.005053249,0.046323564,0.041270316,train,0.032223955
2022-08-03,IWM,-0.0021101735,0.13628766,0.13839783,train,0.023582283
2022-08-03,SPY,-0.00067579024,0.06366132,0.06433711,train,0.0062294616
2022-08-03,TLT,-0.00033510488,-0.07105571,0.070720606,train,0.01010199
2022-08-04,EFA,-0.007050859,0.02298682,0.030037679,train,0.046323564
2022-08-04,IWM,0.00762859,0.0005412078,0.007087382,train,0.13628766
2022-08-04,SPY,-0.0016917475,-0.034491956,0.03280021,train,0.06366132
2022-08-04,TLT,-0.024091503,-0.04730396,0.023212457,train,-0.07105571
2022-08-05,EFA,0.0023046504,0.011686445,0.009381795,train,0.02298682
2022-08-05,IWM,0.010531498,0.10833854,0.09780704,train,0.0005412078
2022-08-05,SPY,-0.0011615256,0.030626021,0.03178755,train,-0.034491956
2022-08-05,TLT,0.016012598,-0.0032384307,0.019251028,train,-0.04730396
2022-08-08,EFA,-0.005385955,0.018594518,0.023980472,train,0.011686445
2022-08-08,IWM,-0.01373351,0.12101702,0.13475053,train,0.10833854
2022-08-08,SPY,-0.003978834,-0.021375021,0.017396187,train,0.030626021
2022-08-08,TLT,-0.0038941875,-0.06173654,0.05784235,train,-0.0032384307
2022-08-09,EFA,0.022277316,0.066896856,0.044619538,train,0.018594518
2022-08-09,IWM,0.028150208,-0.08309726,0.111247465,train,0.12101702
2022-08-09,SPY,0.02078648,-0.068144836,0.088931315,train,-0.021375021
2022-08-09,TLT,-0.0065526357,-0.0043419027,0.002210733,train,-0.06173654
2022-08-10,EFA,-0.00030170588,0.07711595,0.07741766,train,0.066896856
2022-08-10,IWM,0.0037248537,0.0905928,0.08686795,train,-0.08309726
2022-08-10,SPY,0.0,0.13028558,0.13028558,train,-0.068144836
2022-08-10,TLT,-0.023585694,0.055431128,0.07901682,train,-0.0043419027
2022-08-11,EFA,0.007668714,0.0880366,0.080367886,train,0.07711595
2022-08-11,IWM,0.020216929,0.13624343,0.116026506,train,0.0905928
2022-08-11,SPY,0.016787477,0.058168553,0.041381076,train,0.13028558
2022-08-11,TLT,0.010089707,-0.05511517,0.06520487,train,0.055431128
2022-08-12,EFA,-0.0060097896,0.087814406,0.09382419,train,0.0880366
2022-08-12,IWM,0.0035372714,0.13480292,0.13126566,train,0.13624343
2022-08-12,SPY,0.004112151,0.17569484,0.17158268,train,0.058168553
2022-08-12,TLT,-0.0008658076,-0.0310885,0.030222692,train,-0.05511517
2022-08-15,EFA,-0.00030142377,0.07837848,0.078679904,train,0.087814406
2022-08-15,IWM,-0.00039779063,0.1232986,0.123696394,train,0.13480292
2022-08-15,SPY,0.0019567467,0.11309339,0.111136645,train,0.17569484
2022-08-15,TLT,0.0041491473,0.031814255,0.027665108,train,-0.0310885
2022-08-16,EFA,-0.008021305,0.055730052,0.063751355,train,0.07837848
2022-08-16,IWM,-0.016959973,0.081570804,0.09853078,train,0.1232986
2022-08-16,SPY,-0.0071232268,0.10044788,0.1075711,train,0.11309339
2022-08-16,TLT,-0.010492713,0.0038119736,0.014304686,train,0.031814255
2022-08-17,EFA,-0.003348468,0.027841825,0.031190293,train,0.055730052
2022-08-17,IWM,0.0066074915,-0.015667884,0.022275375,train,0.081570804
2022-08-17,SPY,0.0029020847,0.03431289,0.031410806,train,0.10044788
2022-08-17,TLT,0.0014811114,0.02459169,0.023110578,train,0.0038119736
2022-08-18,EFA,-0.013816571,0.00021335896,0.014029929,train,0.027841825
2022-08-18,IWM,-0.0216997,0.07599586,0.09769556,train,-0.015667884
2022-08-18,SPY,-0.013528965,0.022889147,0.03641811,train,0.03431289
2022-08-18,TLT,-0.016233422,-0.02741913,0.0111857075,train,0.02459169
2022-08-19,EFA,-0.017150473,-0.0060139173,0.011136556,train,0.00021335896
2022-08-19,IWM,-0.020816201,0.009024375,0.029840577,train,0.07599586
2022-08-19,SPY,-0.021042485,-0.071864076,0.05082159,train,0.022889147
2022-08-19,TLT,-0.0033673467,-0.0021136352,0.0012537115,train,-0.02741913
2022-08-22,EFA,0.00047168165,0.040416438,0.039944757,train,-0.0060139173
2022-08-22,IWM,0.0016247778,-0.13017885,0.13180363,train,0.009024375
2022-08-22,SPY,-0.0024221505,-0.09535335,0.092931196,train,-0.071864076
2022-08-22,TLT,-0.0055185887,0.05713846,0.06265705,train,-0.0021136352
2022-08-23,EFA,0.001256709,0.025397083,0.024140373,train,0.040416438
2022-08-23,IWM,0.0076167174,-0.12905054,0.13666725,train,-0.13017885
2022-08-23,SPY,0.0031959764,-0.15019934,0.15339531,train,-0.09535335
2022-08-23,TLT,-0.0073455353,-0.03382788,0.026482344,train,0.05713846
2022-08-24,EFA,0.010929174,0.060027063,0.04909789,train,0.025397083
2022-08-24,IWM,0.015420283,0.011375637,0.0040446464,train,-0.12905054
2022-08-24,SPY,0.014018909,-0.09199178,0.10601069,train,-0.15019934
2022-08-24,TLT,0.013839959,0.01640112,0.0025611604,train,-0.03382788
2022-08-25,EFA,-0.026592828,0.016104003,0.042696834,train,0.060027063
2022-08-25,IWM,-0.03340749,-0.0016286583,0.03177883,train,0.011375637
2022-08-25,SPY,-0.034435146,-0.061021045,0.0265859,train,-0.09199178
2022-08-25,TLT,0.0075095296,-0.008359476,0.015869007,train,0.01640112
2022-08-26,EFA,-0.0022349348,0.059896566,0.0621315,train,0.016104003
2022-08-26,IWM,-0.009249955,0.16609347,0.17534342,train,-0.0016286583
2022-08-26,SPY,-0.006634181,0.09333782,0.099972,train,-0.061021045
2022-08-26,TLT,-0.008307636,-0.012627231,0.004319595,train,-0.008359476
2022-08-29,EFA,-0.007218112,0.03227552,0.03949363,train,0.059896566
2022-08-29,IWM,-0.014091617,0.0051058247,0.019197442,train,0.16609347
2022-08-29,SPY,-0.011038756,-0.032889277,0.02185052,train,0.09333782
2022-08-29,TLT,0.0024816326,0.09557575,0.09309412,train,-0.012627231
2022-08-30,EFA,-0.006783887,0.013052066,0.019835953,train,0.03227552
2022-08-30,IWM,-0.0060848054,0.05896666,0.065051466,train,0.0051058247
2022-08-30,SPY,-0.007637884,0.07277413,0.08041201,train,-0.032889277
2022-08-30,TLT,-0.00960684,0.025438415,0.035045255,train,0.09557575
2022-08-31,EFA,-0.013543505,0.042807695,0.0563512,train,0.013052066
2022-08-31,IWM,-0.0109590795,0.02631458,0.03727366,train,0.05896666
2022-08-31,SPY,0.0031327487,0.043783426,0.040650677,train,0.07277413
2022-08-31,TLT,-0.018477725,0.096165314,0.11464304,train,0.025438415
2022-09-01,EFA,-0.0065931007,0.05237367,0.05896677,train,0.042807695
2022-09-01,IWM,-0.007798735,0.041968413,0.049767148,train,0.02631458
2022-09-01,SPY,-0.0106003815,0.0065687015,0.017169083,train,0.043783426
2022-09-01,TLT,0.005640877,-0.03577826,0.041419137,train,0.096165314
2022-09-02,EFA,-0.0024835493,0.047621883,0.050105434,train,0.05237367
2022-09-02,IWM,-0.009933186,0.014185008,0.024118192,train,0.041968413
2022-09-02,SPY,-0.0037801564,0.010082961,0.013863117,train,0.0065687015
2022-09-02,TLT,-0.025080584,-0.023226028,0.0018545557,train,-0.03577826
2022-09-06,EFA,0.008748036,0.06381737,0.05506933,train,0.047621883
2022-09-06,IWM,0.021526182,-0.025617853,0.047144033,train,0.014185008
2022-09-06,SPY,0.01780545,-0.036694363,0.054499812,train,0.010082961
2022-09-06,TLT,0.015691722,-0.0550912,0.07078292,train,-0.023226028
2022-09-07,EFA,0.0006571206,0.017783796,0.017126676,train,0.06381737
2022-09-07,IWM,0.0083085755,-0.017514335,0.025822911,train,-0.025617853
2022-09-07,SPY,0.0065151774,-0.017948842,0.024464019,train,-0.036694363
2022-09-07,TLT,-0.010310331,-0.011613371,0.0013030395,train,-0.0550912
2022-09-08,EFA,0.025137117,0.110555574,0.085418455,train,0.017783796
2022-09-08,IWM,0.019886818,0.09638247,0.07649565,train,-0.017514335
2022-09-08,SPY,0.015415585,0.027619595,0.01220401,train,-0.017948842
2022-09-08,TLT,0.0022179836,0.022178957,0.019960973,train,-0.011613371
2022-09-09,EFA,0.013837132,-0.06136663,0.07520376,train,0.110555574
2022-09-09,IWM,0.012040412,0.05760884,0.04556843,train,0.09638247
2022-09-09,SPY,0.010690337,-0.0012039826,0.011894319,train,0.027619595
2022-09-09,TLT,-0.008251009,-0.015863067,0.007612058,train,0.022178957
2022-09-12,EFA,-0.035367783,-0.05851047,0.023142688,train,-0.06136663
2022-09-12,IWM,-0.03990627,0.036943078,0.07684935,train,0.05760884
2022-09-12,SPY,-0.04445624,0.019522758,0.063979,train,-0.0012039826
2022-09-12,TLT,0.0023247972,0.018084565,0.015759768,train,-0.015863067
2022-09-13,EFA,0.0032675625,0.22139281,0.21812525,train,-0.05851047
2022-09-13,IWM,0.003888171,0.2556444,0.25175625,train,0.036943078
2022-09-13,SPY,0.0038085019,0.020603316,0.016794814,train,0.019522758
2022-09-13,TLT,0.0034305532,0.03238393,0.028953377,train,0.018084565
2022-09-14,EFA,-0.008846825,0.03710264,0.045949467,train,0.22139281
2022-09-14,IWM,-0.00729606,0.17146316,0.17875922,train,0.2556444
2022-09-14,SPY,-0.011418156,-0.022789588,0.011371432,train,0.020603316
2022-09-14,TLT,-0.0006480735,0.04110862,0.041756693,train,0.03238393
2022-09-15,EFA,-0.006107083,-0.008803288,0.0026962054,train,0.03710264
2022-09-15,IWM,-0.014641685,0.061403617,0.076045305,train,0.17146316
2022-09-15,SPY,-0.007658079,-0.056311302,0.048653223,train,-0.022789588
2022-09-15,TLT,-0.008370529,0.030262092,0.03863262,train,0.04110862
2022-09-16,EFA,0.003470803,-0.021507261,0.024978064,train,-0.008803288
2022-09-16,IWM,0.008511887,0.08790443,0.079392545,train,0.061403617
2022-09-16,SPY,0.007724896,-0.02949172,0.03721662,train,-0.056311302
2022-09-16,TLT,0.0023318992,-0.0057732784,0.008105177,train,0.030262092
2022-09-19,EFA,-0.017139876,-0.054048624,0.036908746,train,-0.021507261
2022-09-19,IWM,-0.013721422,-0.06690267,0.053181246,train,0.08790443
2022-09-19,SPY,-0.01154486,-0.110704884,0.09916002,train,-0.02949172
2022-09-19,TLT,-0.010020031,-0.008766265,0.001253766,train,-0.0057732784
2022-09-20,EFA,-0.01317824,-0.027218262,0.014040022,train,-0.054048624
2022-09-20,IWM,-0.015393509,-0.039479807,0.024086298,train,-0.06690267
2022-09-20,SPY,-0.017597605,-0.051078945,0.03348134,train,-0.110704884
2022-09-20,TLT,0.016614132,-0.021387776,0.03800191,train,-0.008766265
2022-09-21,EFA,-0.0028953028,-0.0038247928,0.00092948996,train,-0.027218262
2022-09-21,IWM,-0.02278515,-0.013885244,0.008899906,train,-0.039479807
2022-09-21,SPY,-0.008435565,0.07635241,0.08478797,train,-0.051078945
2022-09-21,TLT,-0.025880566,0.02957169,0.055452257,train,-0.021387776
2022-09-22,EFA,-0.03241471,0.033782393,0.0661971,train,-0.0038247928
2022-09-22,IWM,-0.02409333,-0.034452327,0.010358997,train,-0.013885244
2022-09-22,SPY,-0.016896686,0.062827095,0.07972378,train,0.07635241
2022-09-22,TLT,0.0040765125,0.1092505,0.10517399,train,0.02957169
2022-09-23,EFA,-0.014909581,0.02198031,0.036889892,train,0.033782393
2022-09-23,IWM,-0.013786619,-0.023983179,0.01019656,train,-0.034452327
2022-09-23,SPY,-0.009941964,0.119940825,0.12988278,train,0.062827095
2022-09-23,TLT,-0.019295702,0.05891788,0.07821358,train,0.1092505
2022-09-26,EFA,-0.0068187364,-0.019907651,0.0130889155,train,0.02198031
2022-09-26,IWM,0.0034051866,-0.039698742,0.04310393,train,-0.023983179
2022-09-26,SPY,-0.002555778,0.06779751,0.07035329,train,0.119940825
2022-09-26,TLT,-0.026683928,0.05353844,0.08022237,train,0.05891788
2022-09-27,EFA,0.023840418,-0.056764413,0.08060483,train,-0.019907651
2022-09-27,IWM,0.031137858,-0.043266527,0.07440439,train,-0.039698742
2022-09-27,SPY,0.019485073,0.031235615,0.011750542,train,0.06779751
2022-09-27,TLT,0.032933734,0.04578246,0.012848727,train,0.05353844
2022-09-28,EFA,-0.011849202,0.016564982,0.028414184,train,-0.056764413
2022-09-28,IWM,-0.022674607,0.043120526,0.06579513,train,-0.043266527
2022-09-28,SPY,-0.021110184,-0.010923087,0.010187098,train,0.031235615
2022-09-28,TLT,-0.0051893755,-0.08061056,0.075421184,train,0.04578246
2022-09-29,EFA,-0.003564486,0.007271116,0.010835602,train,0.016564982
2022-09-29,IWM,-0.0073103625,-0.025853766,0.018543404,train,0.043120526
2022-09-29,SPY,-0.015584368,0.06996025,0.085544616,train,-0.010923087
2022-09-29,TLT,-0.012994582,0.082956225,0.095950805,train,-0.08061056
2022-09-30,EFA,0.019624108,-0.020249164,0.039873272,train,0.007271116
2022-09-30,IWM,0.026152778,-0.033915035,0.060067814,train,-0.025853766
2022-09-30,SPY,0.02605881,0.022364546,0.0036942642,train,0.06996025
2022-09-30,TLT,0.015764682,0.032200046,0.016435364,train,0.082956225
2022-10-03,EFA,0.039308317,-0.060409322,0.09971764,train,-0.020249164
2022-10-03,IWM,0.038870763,-0.057826772,0.09669754,train,-0.033915035
2022-10-03,SPY,0.030516291,0.051177494,0.020661203,train,0.022364546
2022-10-03,TLT,-0.0027971845,-0.025429973,0.022632789,train,0.032200046
2022-10-04,EFA,-0.010660938,-0.17452194,0.163861,train,-0.060409322
2022-10-04,IWM,-0.007413829,-0.09708795,0.08967412,train,-0.057826772
2022-10-04,SPY,-0.0023310946,0.10752669,0.10985778,train,0.051177494
2022-10-04,TLT,-0.009607444,-0.093772456,0.084165014,train,-0.025429973
2022-10-05,EFA,-0.017678384,-0.17501976,0.15734138,train,-0.17452194
2022-10-05,IWM,-0.0056254147,-0.04384765,0.038222235,train,-0.09708795
2022-10-05,SPY,-0.010369245,0.08456169,0.09493093,train,0.10752669
2022-10-05,TLT,-0.005573956,-0.045333873,0.03975992,train,-0.093772456
2022-10-06,EFA,-0.01605886,-0.100746706,0.084687844,train,-0.17501976
2022-10-06,IWM,-0.029856486,0.0006011589,0.030457646,train,-0.04384765
2022-10-06,SPY,-0.028290395,0.10311584,0.13140623,train,0.08456169
2022-10-06,TLT,-0.009755302,-0.012662987,0.002907685,train,-0.045333873
2022-10-07,EFA,-0.005646814,0.010114537,0.015761351,train,-0.100746706
2022-10-07,IWM,-0.0055906884,0.056661084,0.062251773,train,0.0006011589
2022-10-07,SPY,-0.007664685,0.12961818,0.13728286,train,0.10311584
2022-10-07,TLT,-0.01566829,0.037803017,0.053471304,train,-0.012662987
2022-10-10,EFA,-0.0110319955,-0.07230295,0.061270956,train,0.010114537
2022-10-10,IWM,0.00029833402,0.029370809,0.029072475,train,0.056661084
2022-10-10,SPY,-0.006352866,0.040772382,0.04712525,train,0.12961818
2022-10-10,TLT,0.004416197,0.060424883,0.056008685,train,0.037803017
2022-10-11,EFA,-0.0032260255,-0.013045295,0.009819269,train,-0.07230295
2022-10-11,IWM,-0.0027464563,-0.08437532,0.08162887,train,0.029370809
2022-10-11,SPY,-0.003303881,0.035785004,0.039088886,train,0.040772382
2022-10-11,TLT,0.004894621,0.05745823,0.052563608,train,0.060424883
2022-10-12,EFA,0.020432608,0.09338591,0.072953306,train,-0.013045295
2022-10-12,IWM,0.024450526,-0.08186963,0.10632016,train,-0.08437532
2022-10-12,SPY,0.026048629,0.098869175,0.072820544,train,0.035785004
2022-10-12,TLT,-0.009612287,0.03592801,0.0455403,train,0.05745823
2022-10-13,EFA,-0.015062018,-0.091771126,0.07670911,train,0.09338591
2022-10-13,IWM,-0.027144616,0.006355451,0.033500068,train,-0.08186963
2022-10-13,SPY,-0.023052456,0.016705493,0.03975795,train,0.098869175
2022-10-13,TLT,-0.008284826,0.003056537,0.011341363,train,0.03592801
2022-10-14,EFA,0.024339994,0.006871877,0.017468117,train,-0.091771126
2022-10-14,IWM,0.03139479,0.018102976,0.013291815,train,0.006355451
2022-10-14,SPY,0.025372397,0.012498186,0.012874211,train,0.016705493
2022-10-14,TLT,-0.0048813876,-0.0059838644,0.0011024768,train,0.003056537
2022-10-17,EFA,0.007118623,-0.026543146,0.033661768,train,0.006871877
2022-10-17,IWM,0.0117816655,0.0076124496,0.004169216,train,0.018102976
2022-10-17,SPY,0.011681311,0.028974416,0.017293105,train,0.012498186
2022-10-17,TLT,0.0023420788,0.012934444,0.010592365,train,-0.0059838644
2022-10-18,EFA,-0.012359732,0.03806603,0.05042576,train,-0.026543146
2022-10-18,IWM,-0.017140746,-0.028263783,0.011123037,train,0.0076124496
2022-10-18,SPY,-0.0071120365,-0.032179788,0.02506775,train,0.028974416
2022-10-18,TLT,-0.018373594,0.104463264,0.12283686,train,0.012934444
2022-10-19,EFA,-0.0022796788,0.010048368,0.012328047,train,0.03806603
2022-10-19,IWM,-0.012814935,-0.01850964,0.005694704,train,-0.028263783
2022-10-19,SPY,-0.008420508,0.079316214,0.087736726,train,-0.032179788
2022-10-19,TLT,-0.017241001,-0.009101535,0.008139466,train,0.104463264
2022-10-20,EFA,0.017921312,-0.010562266,0.028483577,train,0.010048368
2022-10-20,IWM,0.021479871,-0.08290995,0.10438982,train,-0.01850964
2022-10-20,SPY,0.024010861,0.06717619,0.043165334,train,0.079316214
2022-10-20,TLT,-0.018187303,0.033935007,0.05212231,train,-0.009101535
2022-10-21,EFA,0.00017231493,-0.016876308,0.017048623,train,-0.010562266
2022-10-21,IWM,0.004275611,-0.07113698,0.075412594,train,-0.08290995
2022-10-21,SPY,0.012162172,-0.04970716,0.06186933,train,0.06717619
2022-10-21,TLT,-0.008298555,0.041993424,0.050291978,train,0.033935007
2022-10-24,EFA,0.021828962,0.10991451,0.08808555,train,-0.016876308
2022-10-24,IWM,0.026906367,-0.010078504,0.036984872,train,-0.07113698
2022-10-24,SPY,0.015842605,-0.0837044,0.099547,train,-0.04970716
2022-10-24,TLT,0.028696727,0.06834929,0.03965256,train,0.041993424
2022-10-25,EFA,0.009402314,0.08441664,0.07501433,train,0.10991451
2022-10-25,IWM,0.004927248,-0.03638044,0.041307688,train,-0.010078504
2022-10-25,SPY,-0.007562739,-0.034503937,0.026941199,train,-0.0837044
2022-10-25,TLT,0.014304678,-0.081144765,0.09544944,train,0.06834929
2022-10-26,EFA,-0.009402314,0.08856389,0.0979662,train,0.08441664
2022-10-26,IWM,0.00022302642,-0.058584034,0.05880706,train,-0.03638044
2022-10-26,SPY,-0.005354284,-0.0010663257,0.004287958,train,-0.034503937
2022-10-26,TLT,0.010416272,0.021267915,0.010851643,train,-0.081144765
2022-10-27,EFA,0.009903618,0.058932804,0.049029186,train,0.08856389
2022-10-27,IWM,0.022471942,-0.019551156,0.0420231,train,-0.058584034
2022-10-27,SPY,0.023512049,0.01799214,0.005519908,train,-0.0010663257
2022-10-27,TLT,-0.0068978034,-0.012993432,0.0060956283,train,0.021267915
2022-10-28,EFA,-0.00939758,0.1125728,0.12197038,train,0.058932804
2022-10-28,IWM,0.00092763454,0.020098032,0.019170398,train,-0.019551156
2022-10-28,SPY,-0.0072494205,-0.03160973,0.024360308,train,0.01799214
2022-10-28,TLT,-0.0071534715,0.018623741,0.025777213,train,-0.012993432
2022-10-31,EFA,0.007893126,0.06742224,0.059529115,train,0.1125728
2022-10-31,IWM,0.0013627448,0.018981421,0.017618677,train,0.020098032
2022-10-31,SPY,-0.004385497,0.039485678,0.043871175,train,-0.03160973
2022-10-31,TLT,0.009301952,0.026731933,0.017429981,train,0.018623741
2022-11-01,EFA,-0.014660372,0.044096768,0.05875714,train,0.06742224
2022-11-01,IWM,-0.033736397,0.025877858,0.059614256,train,0.018981421
2022-11-01,SPY,-0.025416551,0.08777817,0.11319473,train,0.039485678
2022-11-01,TLT,-0.004349285,0.066119105,0.07046839,train,0.026731933
2022-11-02,EFA,-0.008523664,0.029672476,0.03819614,train,0.044096768
2022-11-02,IWM,-0.0067270123,0.054727808,0.06145482,train,0.025877858
2022-11-02,SPY,-0.010350251,0.09956588,0.10991613,train,0.08777817
2022-11-02,TLT,-0.005411826,0.003174135,0.008585962,train,0.066119105
2022-11-03,EFA,0.039279986,0.04801798,0.0087379925,train,0.029672476
2022-11-03,IWM,0.01340943,0.0661158,0.05270637,train,0.054727808
2022-11-03,SPY,0.014290678,0.09272002,0.07842934,train,0.09956588
2022-11-03,TLT,-0.016943127,-0.023660904,0.006717777,train,0.003174135
2022-11-04,EFA,0.003122712,-0.035132617,0.03825533,train,0.04801798
2022-11-04,IWM,0.0045229136,0.117857754,0.11333484,train,0.0661158
2022-11-04,SPY,0.009520006,0.006030807,0.0034891996,train,0.09272002
2022-11-04,TLT,-0.010026707,-0.08693907,0.07691236,train,-0.023660904
2022-11-07,EFA,0.011258932,-0.039906725,0.051165655,train,-0.035132617
2022-11-07,IWM,0.00038994983,0.13712008,0.13673013,train,0.117857754
2022-11-07,SPY,0.0053809215,-0.019297255,0.024678176,train,0.006030807
2022-11-07,TLT,0.010875465,-0.053083453,0.06395892,train,-0.08693907
2022-11-08,EFA,-0.014052558,-0.0047378973,0.00931466,train,-0.039906725
2022-11-08,IWM,-0.027839923,0.1148479,0.14268783,train,0.13712008
2022-11-08,SPY,-0.02081728,-0.042746857,0.021929577,train,-0.019297255
2022-11-08,TLT,0.003281793,-0.033310108,0.036591902,train,-0.053083453
2022-11-09,EFA,0.05459552,-0.008013858,0.062609375,train,-0.0047378973
2022-11-09,IWM,0.05973817,0.0668596,0.0071214326,train,0.1148479
2022-11-09,SPY,0.053497326,-0.042208314,0.09570564,train,-0.042746857
2022-11-09,TLT,0.037752163,0.0062655746,0.03148659,train,-0.033310108
2022-11-10,EFA,0.01974756,-0.11469753,0.13444509,train,-0.008013858
2022-11-10,IWM,0.008165807,-0.20676711,0.21493292,train,0.0668596
2022-11-10,SPY,0.00963201,-0.112512186,0.12214419,train,-0.042208314
2022-11-10,TLT,-0.0036710757,0.0095966915,0.013267767,train,0.0062655746
2022-11-11,EFA,-0.01059681,-0.14221011,0.1316133,train,-0.11469753
2022-11-11,IWM,-0.01124528,-0.1680447,0.15679942,train,-0.20676711
2022-11-11,SPY,-0.008543346,-0.03531827,0.026774924,train,-0.112512186
2022-11-11,TLT,-0.0024545959,0.064049676,0.06650427,train,0.0095966915
2022-11-14,EFA,0.006616922,-0.20908327,0.2157002,train,-0.14221011
2022-11-14,IWM,0.014717363,-0.44588342,0.4606008,train,-0.1680447
2022-11-14,SPY,0.008493005,-0.17647046,0.18496346,train,-0.03531827
2022-11-14,TLT,0.01605092,0.059912547,0.043861628,train,0.064049676
2022-11-15,EFA,-0.0023031053,-0.11203368,0.10973057,train,-0.20908327
2022-11-15,IWM,-0.017752092,-0.21680303,0.19905093,train,-0.44588342
2022-11-15,SPY,-0.007658009,-0.065485045,0.057827037,train,-0.17647046
2022-11-15,TLT,0.021632623,0.07582943,0.05419681,train,0.059912547
2022-11-16,EFA,-0.00046137505,-0.22473048,0.2242691,train,-0.11203368
2022-11-16,IWM,-0.009324288,-0.21300842,0.20368414,train,-0.21680303
2022-11-16,SPY,-0.0030643942,-0.09871517,0.09565078,train,-0.065485045
2022-11-16,TLT,-0.01060848,0.07908709,0.08969557,train,0.07582943
2022-11-17,EFA,0.0019974974,0.00067232683,0.0013251705,train,-0.22473048
2022-11-17,IWM,0.0064437385,-0.03925568,0.045699418,train,-0.21300842
2022-11-17,SPY,0.004530103,-0.01393631,0.018466413,train,-0.09871517
2022-11-17,TLT,-0.0069009117,-0.078306705,0.07140579,train,0.07908709
2022-11-18,EFA,-0.007549557,0.076887324,0.08443688,train,0.00067232683
2022-11-18,IWM,-0.0052389135,0.028173959,0.033412874,train,-0.03925568
2022-11-18,SPY,-0.0036428878,-0.008450254,0.004807366,train,-0.01393631
2022-11-18,TLT,0.0042064125,-0.015754713,0.019961126,train,-0.078306705
2022-11-21,EFA,0.013822872,-0.03899429,0.052817162,train,0.076887324
2022-11-21,IWM,0.010613152,-0.07257134,0.08318449,train,0.028173959
2022-11-21,SPY,0.013367443,-0.15484248,0.16820993,train,-0.008450254
2022-11-21,TLT,0.014091491,-0.050568208,0.0646597,train,-0.015754713
2022-11-22,EFA,0.010922404,0.07128079,0.06035839,train,-0.03899429
2022-11-22,IWM,0.0025951045,-0.0810228,0.0836179,train,-0.07257134
2022-11-22,SPY,0.0062818034,-0.13679086,0.14307266,train,-0.15484248
2022-11-22,TLT,0.017291822,-0.0022898302,0.019581651,train,-0.050568208
2022-11-23,EFA,0.005116758,0.05346846,0.0483517,train,0.07128079
2022-11-23,IWM,0.0021036337,-0.11379303,0.115896665,train,-0.0810228
2022-11-23,SPY,-0.00022383613,-0.14486699,0.14464316,train,-0.13679086
2022-11-23,TLT,-0.0033958917,0.0037080809,0.0071039726,train,-0.0022898302
2022-11-25,EFA,-0.012993118,0.17649674,0.18948986,train,0.05346846
2022-11-25,IWM,-0.020358566,0.076619454,0.09697802,train,-0.11379303
2022-11-25,SPY,-0.01608569,0.003138674,0.019224364,train,-0.14486699
2022-11-25,TLT,0.0028143914,0.004253061,0.0014386696,train,0.0037080809
2022-11-28,EFA,0.0028850196,0.12635408,0.12346906,train,0.17649674
2022-11-28,IWM,0.0029102,0.009885103,0.0069749034,train,0.076619454
2022-11-28,SPY,-0.0017190197,0.16657896,0.16829798,train,0.003138674
2022-11-28,TLT,-0.011795292,-0.0075533674,0.0042419243,train,0.004253061
2022-11-29,EFA,0.017585317,0.14577152,0.1281862,train,0.12635408
2022-11-29,IWM,0.02704759,0.033802345,0.006754756,train,0.009885103
2022-11-29,SPY,0.031014698,-0.11206972,0.14308442,train,0.16657896
2022-11-29,TLT,0.0073275436,-0.002580671,0.009908214,train,-0.0075533674
2022-11-30,EFA,0.009637456,0.1600382,0.15040074,train,0.14577152
2022-11-30,IWM,-0.0021904453,0.22664358,0.22883402,train,0.033802345
2022-11-30,SPY,-0.0007361869,0.15374164,0.15447783,train,-0.11206972
2022-11-30,TLT,0.031445753,0.041419595,0.009973843,train,-0.002580671
2022-12-01,EFA,-0.0007379488,0.17055216,0.17129011,train,0.1600382
2022-12-01,IWM,0.0058133197,0.00016584754,0.005647472,train,0.22664358
2022-12-01,SPY,-0.0011543223,-0.070534006,0.06937968,train,0.15374164
2022-12-01,TLT,0.012497828,0.06360026,0.05110243,train,0.041419595
2022-12-02,EFA,-0.01322953,0.14094551,0.15417504,train,0.17055216
2022-12-02,IWM,-0.0279326,0.02113785,0.049070448,train,0.00016584754
2022-12-02,SPY,-0.018153021,-0.05579123,0.03763821,train,-0.070534006
2022-12-02,TLT,-0.014106145,0.023650633,0.03775678,train,0.06360026
2022-12-05,EFA,-0.004499051,0.02634141,0.03084046,train,0.14094551
2022-12-05,IWM,-0.015429805,-0.016514389,0.0010845838,train,0.02113785
2022-12-05,SPY,-0.014519562,-0.09451823,0.079998665,train,-0.05579123
2022-12-05,TLT,0.012797762,-0.09446408,0.10726184,train,0.023650633
2022-12-06,EFA,0.0,0.052719306,0.052719306,train,0.02634141
2022-12-06,IWM,-0.0029478695,-0.05411379,0.05116592,train,-0.016514389
2022-12-06,SPY,-0.0017027154,-0.05265434,0.050951626,train,-0.09451823
2022-12-06,TLT,0.02328911,0.015925141,0.0073639695,train,-0.09446408
2022-12-07,EFA,0.0050973897,0.025122194,0.020024804,train,0.052719306
2022-12-07,IWM,0.007214865,-0.030930748,0.038145613,train,-0.05411379
2022-12-07,SPY,0.007803139,-0.1803279,0.18813105,train,-0.05265434
2022-12-07,TLT,-0.002744217,0.048801884,0.0515461,train,0.015925141
2022-12-08,EFA,0.0005981069,0.031350374,0.030752268,train,0.025122194
2022-12-08,IWM,-0.012352109,0.02939102,0.04174313,train,-0.030930748
2022-12-08,SPY,-0.007498175,-0.14089824,0.13340007,train,-0.1803279
2022-12-08,TLT,-0.026359094,0.010512651,0.036871746,train,0.048801884
2022-12-09,EFA,0.0029846146,-0.050426103,0.053410716,train,0.031350374
2022-12-09,IWM,0.011688391,-0.014704189,0.02639258,train,0.02939102
2022-12-09,SPY,0.014314392,-0.06277235,0.07708674,train,-0.14089824
2022-12-09,TLT,0.0031926127,0.007895247,0.004702634,train,0.010512651
2022-12-12,EFA,0.014082976,-0.058871426,0.0729544,train,-0.050426103
2022-12-12,IWM,0.0082485685,0.053742662,0.045494094,train,-0.014704189
2022-12-12,SPY,0.0075412537,-0.10200173,0.10954298,train,-0.06277235
2022-12-12,TLT,0.00960944,-0.03588096,0.0454904,train,0.007895247
2022-12-13,EFA,-0.00088545296,0.060586806,0.06147226,train,-0.058871426
2022-12-13,IWM,-0.006582271,0.083994605,0.09057687,train,0.053742662
2022-12-13,SPY,-0.0064139,-0.07397637,0.06756247,train,-0.10200173
2022-12-13,TLT,0.0042624124,0.057717465,0.05345505,train,-0.03588096
2022-12-14,EFA,-0.025874488,-0.039521664,0.013647176,train,0.060586806
2022-12-14,IWM,-0.0253477,0.07790687,0.10325457,train,0.083994605
2022-12-14,SPY,-0.024765765,-0.09633115,0.07156538,train,-0.07397637
2022-12-14,TLT,0.0038941354,-0.00758387,0.011478005,train,0.057717465
2022-12-15,EFA,-0.008826724,0.04736354,0.056190263,train,-0.039521664
2022-12-15,IWM,-0.007484553,-0.011473968,0.003989415,train,0.07790687
2022-12-15,SPY,-0.011876573,-0.06322244,0.051345866,train,-0.09633115
2022-12-15,TLT,-0.011233254,0.028491428,0.03972468,train,-0.00758387
2022-12-16,EFA,-0.0024485968,-0.088716835,0.08626824,train,0.04736354
2022-12-16,IWM,-0.013627107,-0.045729548,0.03210244,train,-0.011473968
2022-12-16,SPY,-0.008515826,-0.06377317,0.055257343,train,-0.06322244
2022-12-16,TLT,-0.016948039,0.006700126,0.023648165,train,0.028491428
2022-12-19,EFA,0.0039759707,-0.11269669,0.116672665,train,-0.088716835
2022-12-19,IWM,0.0052766213,-0.15410887,0.15938549,train,-0.045729548
2022-12-19,SPY,0.0013675519,-0.096581966,0.09794952,train,-0.06377317
2022-12-19,TLT,-0.017917126,0.030924527,0.048841655,train,0.006700126
2022-12-20,EFA,0.010325048,-0.11050215,0.1208272,train,-0.11269669
2022-12-20,IWM,0.017086359,0.027581392,0.010495033,train,-0.15410887
2022-12-20,SPY,0.014841844,-0.08661429,0.101456136,train,-0.096581966
2022-12-20,TLT,0.0025105814,-0.032011982,0.034522563,train,0.030924527
2022-12-21,EFA,-0.008190509,-0.08619904,0.07800853,train,-0.11050215
2022-12-21,IWM,-0.01316171,-0.026835546,0.013673835,train,0.027581392
2022-12-21,SPY,-0.014369009,-0.10907799,0.09470898,train,-0.08661429
2022-12-21,TLT,-0.00019269917,0.06523361,0.06542631,train,-0.032011982
2022-12-22,EFA,0.0034968008,-0.021644415,0.025141217,train,-0.08619904
2022-12-22,IWM,0.0045403237,-0.013011812,0.017552136,train,-0.026835546
2022-12-22,SPY,0.0057359235,-0.013324535,0.019060459,train,-0.10907799
2022-12-22,TLT,-0.01476917,0.059472866,0.07424204,train,0.06523361
2022-12-23,EFA,0.0015164235,-0.0073283412,0.008844765,train,-0.021644415
2022-12-23,IWM,-0.0067317504,0.11857031,0.12530206,train,-0.013011812
2022-12-23,SPY,-0.003951522,-0.050547384,0.04659586,train,-0.013324535
2022-12-23,TLT,-0.019970814,0.00300434,0.022975154,train,0.059472866
2022-12-27,EFA,-0.010664282,-0.030461108,0.019796826,train,-0.0073283412
2022-12-27,IWM,-0.015651256,0.09055658,0.10620783,train,0.11857031
2022-12-27,SPY,-0.012505599,-0.013848945,0.0013433453,train,-0.050547384
2022-12-27,TLT,-0.0059092273,0.0149255665,0.020834794,train,0.00300434
2022-12-28,EFA,0.015652627,-0.030556953,0.04620958,train,-0.030461108
2022-12-28,IWM,0.025017472,-0.040968,0.06598547,train,0.09055658
2022-12-28,SPY,0.017840108,0.028848777,0.011008669,train,-0.013848945
2022-12-28,TLT,0.011287069,0.022071766,0.010784697,train,0.0149255665
2022-12-29,EFA,-0.010306269,-0.047956202,0.037649933,train,-0.030556953
2022-12-29,IWM,-0.0028064714,-0.0066760886,0.0038696171,train,-0.040968
2022-12-29,SPY,-0.0026374646,-0.04230464,0.039667174,train,0.028848777
2022-12-29,TLT,-0.011186674,-0.031964518,0.020777844,train,0.022071766
