date,ticker,y_true,y_pred,abs_error,dataset_part,signal_for_trade
2022-12-30,EFA,0.00879727,0.03919756,0.030400291,train,
2022-12-30,IWM,-0.005521178,0.010166081,0.015687259,train,
2022-12-30,SPY,-0.0042186426,-0.048551906,0.044333264,train,
2022-12-30,TLT,0.018904323,-0.020452615,0.03935694,train,
2023-01-03,EFA,0.013201514,-0.01090297,0.024104483,train,0.03919756
2023-01-03,IWM,0.012380011,0.006889215,0.005490796,train,0.010166081
2023-01-03,SPY,0.00769026,-0.014874614,0.022564873,train,-0.048551906
2023-01-03,TLT,0.0136066945,0.056756787,0.043150093,train,-0.020452615
2023-01-04,EFA,-0.010035248,-0.0004386492,0.009596598,train,-0.01090297
2023-01-04,IWM,-0.010766615,-0.06426522,0.053498607,train,0.006889215
2023-01-04,SPY,-0.01147906,-0.008552822,0.0029262379,train,-0.014874614
2023-01-04,TLT,0.0041721473,-0.017865587,0.022037733,train,0.056756787
2023-01-05,EFA,0.025268912,0.03679294,0.011524029,train,-0.0004386492
2023-01-05,IWM,0.022206798,0.096442685,0.07423589,train,-0.06426522
2023-01-05,SPY,0.02267308,0.0063409666,0.016332112,train,-0.008552822
2023-01-05,TLT,0.018229585,0.016339697,0.0018898882,train,-0.017865587
2023-01-06,EFA,0.004247475,-0.053141896,0.05738937,train,0.03679294
2023-01-06,IWM,0.0016881338,-0.061158318,0.06284645,train,0.096442685
2023-01-06,SPY,-0.0005668314,0.01777811,0.01834494,train,0.0063409666
2023-01-06,TLT,0.005309787,0.011961967,0.0066521796,train,0.016339697
2023-01-09,EFA,0.0029188972,-0.07023792,0.07315682,train,-0.053141896
2023-01-09,IWM,0.01467693,0.052046586,0.037369654,train,-0.061158318
2023-01-09,SPY,0.0069883172,0.011450426,0.0044621085,train,0.01777811
2023-01-09,TLT,-0.016688345,-0.08019418,0.063505836,train,0.011961967
2023-01-10,EFA,0.0075493646,-0.03166321,0.039212573,train,-0.07023792
2023-01-10,IWM,0.012387563,-0.043942723,0.056330286,train,0.052046586
2023-01-10,SPY,0.012568639,-0.039332047,0.051900685,train,0.011450426
2023-01-10,TLT,0.016121132,0.109803095,0.09368196,train,-0.08019418
2023-01-11,EFA,0.014645038,-0.034233704,0.048878744,train,-0.03166321
2023-01-11,IWM,0.016658567,-0.018446356,0.035104923,train,-0.043942723
2023-01-11,SPY,0.00363415,-0.03781383,0.041447982,train,-0.039332047
2023-01-11,TLT,0.019490642,0.012061143,0.007429499,train,0.109803095
2023-01-12,EFA,0.005259653,-0.034113053,0.039372705,train,-0.034233704
2023-01-12,IWM,0.006543582,-0.009384918,0.0159285,train,-0.018446356
2023-01-12,SPY,0.0038720528,-0.0042607402,0.008132793,train,-0.03781383
2023-01-12,TLT,-0.009416993,0.023849685,0.03326668,train,0.012061143
2023-01-13,EFA,0.0031144156,-0.013012598,0.016127015,train,-0.034113053
2023-01-13,IWM,-0.001230285,-0.060269188,0.059038904,train,-0.009384918
2023-01-13,SPY,-0.0018337822,-0.059624333,0.05779055,train,-0.0042607402
2023-01-13,TLT,-0.0064843222,-0.032374997,0.025890674,train,0.023849685
2023-01-17,EFA,-0.0035396065,-0.010298735,0.006759129,train,-0.013012598
2023-01-17,IWM,-0.016297454,-0.065098345,0.048800893,train,-0.060269188
2023-01-17,SPY,-0.015913809,-0.0286333,0.0127194915,train,-0.059624333
2023-01-17,TLT,0.0239423,-0.058902334,0.08284463,train,-0.032374997
2023-01-18,EFA,-0.0015616961,0.022585608,0.024147304,train,-0.010298735
2023-01-18,IWM,-0.009621735,-0.004907837,0.0047138976,train,-0.065098345
2023-01-18,SPY,-0.007306473,0.024343248,0.03164972,train,-0.0286333
2023-01-18,TLT,-0.0062793917,0.018176395,0.024455788,train,-0.058902334
2023-01-19,EFA,0.008769492,-0.006360703,0.015130195,train,0.022585608
2023-01-19,IWM,0.016345503,-0.02584922,0.042194724,train,-0.004907837
2023-01-19,SPY,0.018457597,0.038963426,0.020505829,train,0.024343248
2023-01-19,TLT,-0.01634413,-0.020829674,0.004485544,train,0.018176395
2023-01-20,EFA,0.004075735,-0.05918217,0.0632579,train,-0.006360703
2023-01-20,IWM,0.0122997165,-0.027668636,0.039968353,train,-0.02584922
2023-01-20,SPY,0.011927251,-0.007637541,0.019564793,train,0.038963426
2023-01-20,TLT,-0.0047191344,-0.040300325,0.03558119,train,-0.020829674
2023-01-23,EFA,-0.0012632692,-0.0015794141,0.0003161449,train,-0.05918217
2023-01-23,IWM,-0.0021374414,-0.0277115,0.025574058,train,-0.027668636
2023-01-23,SPY,-0.0010739288,-0.023060255,0.021986326,train,-0.007637541
2023-01-23,TLT,0.014277889,-0.027349316,0.041627206,train,-0.040300325
2023-01-24,EFA,0.0065785586,-0.005961296,0.012539854,train,-0.0015794141
2023-01-24,IWM,0.0027780205,-0.03132295,0.03410097,train,-0.0277115
2023-01-24,SPY,0.0003748366,-0.04165482,0.042029656,train,-0.023060255
2023-01-24,TLT,0.0024221784,0.0013224864,0.001099692,train,-0.027349316
2023-01-25,EFA,0.00083679677,-0.06595914,0.06679594,train,-0.005961296
2023-01-25,IWM,0.005904053,-0.056175653,0.062079705,train,-0.03132295
2023-01-25,SPY,0.010930312,-0.0029759659,0.013906278,train,-0.04165482
2023-01-25,TLT,-0.004662801,-0.0078053055,0.0031425045,train,0.0013224864
2023-01-26,EFA,-0.0019533422,-0.024838403,0.02288506,train,-0.06595914
2023-01-26,IWM,0.005394711,-0.075995274,0.081389986,train,-0.056175653
2023-01-26,SPY,0.002295014,-0.031907495,0.03420251,train,-0.0029759659
2023-01-26,TLT,-0.0025273338,0.02286959,0.025396924,train,-0.0078053055
2023-01-27,EFA,-0.0064453585,-0.0039756885,0.00246967,train,-0.024838403
2023-01-27,IWM,-0.014023386,-0.076952994,0.06292961,train,-0.075995274
2023-01-27,SPY,-0.012626006,-0.04023717,0.027611163,train,-0.031907495
2023-01-27,TLT,-0.0036614279,0.031424694,0.03508612,train,0.02286959
2023-01-30,EFA,0.0057466934,-0.0004579993,0.0062046926,train,-0.0039756885
2023-01-30,IWM,0.023995634,0.0073796837,0.01661595,train,-0.076952994
2023-01-30,SPY,0.014596218,0.00443804,0.010158178,train,-0.04023717
2023-01-30,TLT,0.007962944,0.030153919,0.022190975,train,0.031424694
2023-01-31,EFA,0.008905122,-0.081489764,0.090394884,train,-0.0004579993
2023-01-31,IWM,0.015597469,-0.0044463268,0.020043796,train,0.0073796837
2023-01-31,SPY,0.0105715515,0.0067020813,0.0038694702,train,0.00443804
2023-01-31,TLT,0.011949507,0.0072589237,0.004690583,train,0.030153919
2023-02-01,EFA,-0.0013863872,0.00068207365,0.002068461,train,-0.081489764
2023-02-01,IWM,0.019501312,-0.0032441383,0.02274545,train,-0.0044463268
2023-02-01,SPY,0.014452144,0.034039818,0.019587673,train,0.0067020813
2023-02-01,TLT,0.001293537,-0.050372902,0.05166644,train,0.0072589237
2023-02-02,EFA,-0.009337365,0.01305081,0.022388175,train,0.00068207365
2023-02-02,IWM,-0.006729109,-0.02767685,0.020947741,train,-0.0032441383
2023-02-02,SPY,-0.0106860455,0.02537771,0.036063753,train,0.034039818
2023-02-02,TLT,-0.015068871,0.017887171,0.03295604,train,-0.050372902
2023-02-03,EFA,-0.010273766,-0.0044397106,0.005834055,train,0.01305081
2023-02-03,IWM,-0.014573269,0.011260631,0.0258339,train,-0.02767685
2023-02-03,SPY,-0.006130077,0.0052132616,0.0113433385,train,0.02537771
2023-02-03,TLT,-0.007431362,0.011428391,0.018859752,train,0.017887171
2023-02-06,EFA,0.008451823,0.05057729,0.042125467,train,-0.0044397106
2023-02-06,IWM,0.007389944,-0.0038754577,0.011265402,train,0.011260631
2023-02-06,SPY,0.012993865,-0.013097706,0.026091572,train,0.0052132616
2023-02-06,TLT,-0.008057903,0.022652064,0.030709967,train,0.011428391
2023-02-07,EFA,-0.0061909226,-0.012564576,0.0063736537,train,0.05057729
2023-02-07,IWM,-0.014731227,0.009050303,0.02378153,train,-0.0038754577
2023-02-07,SPY,-0.010994954,0.029877674,0.040872626,train,-0.013097706
2023-02-07,TLT,0.0047475863,0.0023967782,0.0023508081,train,0.022652064
2023-02-08,EFA,0.0018330103,0.03163186,0.02979885,train,-0.012564576
2023-02-08,IWM,-0.014582855,0.0045101764,0.019093031,train,0.009050303
2023-02-08,SPY,-0.00870686,0.016856164,0.025563024,train,0.029877674
2023-02-08,TLT,-0.009518479,0.02100417,0.030522648,train,0.0023967782
2023-02-09,EFA,-0.004376868,0.01538709,0.019763958,train,0.03163186
2023-02-09,IWM,0.0019987347,0.031645343,0.029646609,train,0.0045101764
2023-02-09,SPY,0.0023307768,0.03351371,0.031182934,train,0.016856164
2023-02-09,TLT,-0.01125288,0.019001465,0.030254345,train,0.02100417
2023-02-10,EFA,0.009996515,-0.007818225,0.01781474,train,0.01538709
2023-02-10,IWM,0.011961227,0.0143740475,0.0024128202,train,0.031645343
2023-02-10,SPY,0.011670756,-0.009117185,0.020787941,train,0.03351371
2023-02-10,TLT,0.008379694,0.03235038,0.023970686,train,0.019001465
2023-02-13,EFA,0.0018197652,-0.004365746,0.006185511,train,-0.007818225
2023-02-13,IWM,-0.0004675475,-0.00886711,0.008399563,train,0.0143740475
2023-02-13,SPY,-0.0004604391,-0.019997783,0.019537345,train,-0.009117185
2023-02-13,TLT,-0.0023042748,0.039116148,0.041420422,train,0.03235038
2023-02-14,EFA,-0.0044850484,-0.0153470235,0.010861975,train,-0.004365746
2023-02-14,IWM,0.01007856,0.01005348,2.5079586e-05,train,-0.00886711
2023-02-14,SPY,0.003242174,-0.006261199,0.009503373,train,-0.019997783
2023-02-14,TLT,-0.009369227,0.018463612,0.02783284,train,0.039116148
2023-02-15,EFA,-0.004928761,-0.025897793,0.020969033,train,-0.0153470235
2023-02-15,IWM,-0.009611012,0.010572959,0.020183971,train,0.01005348
2023-02-15,SPY,-0.013864385,0.0034677098,0.017332096,train,-0.006261199
2023-02-15,TLT,-0.0142692,0.010770847,0.025040047,train,0.018463612
2023-02-16,EFA,0.0025378794,-0.025473606,0.028011486,train,-0.025897793
2023-02-16,IWM,0.002748035,-0.036647674,0.03939571,train,0.010572959
2023-02-16,SPY,-0.002501511,-0.0073262854,0.0048247743,train,0.0034677098
2023-02-16,TLT,0.0077465735,-0.04312529,0.050871864,train,0.010770847
2023-02-17,EFA,-0.011043501,-0.01657857,0.005535069,train,-0.025473606
2023-02-17,IWM,-0.029958123,-0.022132188,0.007825935,train,-0.036647674
2023-02-17,SPY,-0.020264948,-0.04370748,0.023442531,train,-0.0073262854
2023-02-17,TLT,-0.019628987,0.05444954,0.07407853,train,-0.04312529
2023-02-21,EFA,-0.0055680047,0.055436518,0.061004523,train,-0.01657857
2023-02-21,IWM,0.00271734,0.025417417,0.022700077,train,-0.022132188
2023-02-21,SPY,-0.0013788224,-0.018599771,0.017220948,train,-0.04370748
2023-02-21,TLT,0.009122781,0.03592178,0.026798997,train,0.05444954
2023-02-22,EFA,0.0051408187,-0.052294094,0.057434913,train,0.055436518
2023-02-22,IWM,0.0071044876,0.007836434,0.00073194643,train,0.025417417
2023-02-22,SPY,0.0053050527,0.034331467,0.029026415,train,-0.018599771
2023-02-22,TLT,0.009724211,0.057834808,0.048110597,train,0.03592178
2023-02-23,EFA,-0.016804768,0.014667636,0.031472404,train,-0.052294094
2023-02-23,IWM,-0.009395014,-0.016212415,0.0068174014,train,0.007836434
2023-02-23,SPY,-0.010739872,0.035351668,0.04609154,train,0.034331467
2023-02-23,TLT,-0.013086439,0.035671867,0.048758306,train,0.057834808
2023-02-24,EFA,0.011807218,0.006518022,0.005289196,train,0.014667636
2023-02-24,IWM,0.0035135678,-0.01654962,0.020063188,train,-0.016212415
2023-02-24,SPY,0.003400092,-0.02090602,0.024306111,train,0.035351668
2023-02-24,TLT,0.002769339,-0.035914864,0.038684204,train,0.035671867
2023-02-27,EFA,-0.007327125,0.043027546,0.05035467,train,0.006518022
2023-02-27,IWM,5.3215044e-05,0.026565935,0.02651272,train,-0.01654962
2023-02-27,SPY,-0.0037026496,-0.007965463,0.0042628134,train,-0.02090602
2023-02-27,TLT,0.00453322,0.060421955,0.055888735,train,-0.035914864
2023-02-28,EFA,0.005321043,-0.0017502243,0.0070712673,train,0.043027546
2023-02-28,IWM,0.0012745463,0.04538308,0.044108536,train,0.026565935
2023-02-28,SPY,-0.003843314,-0.060614195,0.05677088,train,-0.007965463
2023-02-28,TLT,-0.010801343,-0.012884186,0.0020828424,train,0.060421955
2023-03-01,EFA,0.0020060819,0.0073603597,0.005354278,train,-0.0017502243
2023-03-01,IWM,0.0023852685,0.054146994,0.051761724,train,0.04538308
2023-03-01,SPY,0.0077472525,-0.06511706,0.07286432,train,-0.060614195
2023-03-01,TLT,-0.00890678,-0.0006565675,0.008250212,train,-0.012884186
2023-03-02,EFA,0.014494952,-0.026257146,0.040752098,train,0.0073603597
2023-03-02,IWM,0.013828952,0.03803259,0.02420364,train,0.054146994
2023-03-02,SPY,0.015910404,-0.020705365,0.036615767,train,-0.06511706
2023-03-02,TLT,0.023937238,0.014061362,0.009875877,train,-0.0006565675
2023-03-03,EFA,-0.0025427798,0.0006670868,0.0032098666,train,-0.026257146
2023-03-03,IWM,-0.014729426,0.027317408,0.042046834,train,0.03803259
2023-03-03,SPY,0.00069253135,-0.036790885,0.037483416,train,-0.020705365
2023-03-03,TLT,-0.007783827,0.040765714,0.04854954,train,0.014061362
2023-03-06,EFA,-0.016830912,-0.016351745,0.00047916733,train,0.0006670868
2023-03-06,IWM,-0.011673505,0.003437642,0.015111147,train,0.027317408
2023-03-06,SPY,-0.0154473055,-0.027706578,0.012259273,train,-0.036790885
2023-03-06,TLT,0.0061139134,0.021837778,0.015723865,train,0.040765714
2023-03-07,EFA,0.005451133,0.010875191,0.0054240576,train,-0.016351745
2023-03-07,IWM,0.00048241494,-0.008449568,0.008931983,train,0.003437642
2023-03-07,SPY,0.0016305544,0.037625384,0.035994828,train,-0.027706578
2023-03-07,TLT,0.0009827492,-0.024638332,0.02562108,train,0.021837778
2023-03-08,EFA,-0.007322856,0.00022085197,0.007543708,train,0.010875191
2023-03-08,IWM,-0.028207636,0.034193505,0.06240114,train,-0.008449568
2023-03-08,SPY,-0.018621996,0.004167839,0.022789836,train,0.037625384
2023-03-08,TLT,0.0024522343,0.015011358,0.012559123,train,-0.024638332
2023-03-09,EFA,-0.010721753,-0.0029648328,0.0077569205,train,0.00022085197
2023-03-09,IWM,-0.029253425,0.017424852,0.046678275,train,0.034193505
2023-03-09,SPY,-0.014534669,0.030511279,0.04504595,train,0.004167839
2023-03-09,TLT,0.033904783,-0.036773786,0.07067857,train,0.015011358
2023-03-10,EFA,-0.006869731,0.04489794,0.05176767,train,-0.0029648328
2023-03-10,IWM,-0.016424384,-0.013200629,0.0032237554,train,0.017424852
2023-03-10,SPY,-0.0014263588,0.10194507,0.103371434,train,0.030511279
2023-03-10,TLT,0.0022704941,0.05047996,0.048209466,train,-0.036773786
2023-03-13,EFA,0.0132587245,0.032997753,0.019739028,train,0.04489794
2023-03-13,IWM,0.018352322,0.009383065,0.008969258,train,-0.013200629
2023-03-13,SPY,0.01639503,-0.016813327,0.033208355,train,0.10194507
2023-03-13,TLT,-0.016578343,0.01639948,0.032977823,train,0.05047996
2023-03-14,EFA,-0.03146402,0.005567598,0.03703162,train,0.032997753
2023-03-14,IWM,-0.016622541,0.0869718,0.10359434,train,0.009383065
2023-03-14,SPY,-0.006274036,-0.0603229,0.054048862,train,-0.016813327
2023-03-14,TLT,0.019125974,0.008379002,0.010746972,train,0.01639948
2023-03-15,EFA,0.015414684,-0.012882545,0.028297229,train,0.005567598
2023-03-15,IWM,0.013558904,-0.012985683,0.026544586,train,0.0869718
2023-03-15,SPY,0.017393121,-0.018124271,0.035517395,train,-0.0603229
2023-03-15,TLT,-0.007853411,0.00010945741,0.007962869,train,0.008379002
2023-03-16,EFA,-0.011985081,0.0020155655,0.014000647,train,-0.012882545
2023-03-16,IWM,-0.027362753,0.09404214,0.121404886,train,-0.012985683
2023-03-16,SPY,-0.011761401,-0.061177056,0.049415655,train,-0.018124271
2023-03-16,TLT,0.014897794,0.007171817,0.0077259773,train,0.00010945741
2023-03-17,EFA,0.015508696,-0.006924418,0.022433113,train,0.0020155655
2023-03-17,IWM,0.012881648,-0.023027029,0.035908677,train,0.09404214
2023-03-17,SPY,0.009569526,-0.057092395,0.066661924,train,-0.061177056
2023-03-17,TLT,-0.008836328,0.033534348,0.042370677,train,0.007171817
2023-03-20,EFA,0.014983188,-0.030739523,0.04572271,train,-0.006924418
2023-03-20,IWM,0.018280867,0.025674518,0.0073936507,train,-0.023027029
2023-03-20,SPY,0.013045034,0.010023494,0.0030215401,train,-0.057092395
2023-03-20,TLT,-0.008629621,-0.00049495604,0.008134665,train,0.033534348
2023-03-21,EFA,-0.003471244,-0.00014755409,0.0033236898,train,-0.030739523
2023-03-21,IWM,-0.028770978,0.018607028,0.047378004,train,0.025674518
2023-03-21,SPY,-0.017193342,-0.06167071,0.044477366,train,0.010023494
2023-03-21,TLT,0.01324526,0.032417636,0.019172376,train,-0.00049495604
2023-03-22,EFA,0.00014493178,0.010065925,0.009920994,train,-0.00014755409
2023-03-22,IWM,-0.0044482662,-0.050818685,0.04637042,train,0.018607028
2023-03-22,SPY,0.0026996678,-0.02102188,0.023721548,train,-0.06167071
2023-03-22,TLT,0.0,0.049614776,0.049614776,train,0.032417636
2023-03-23,EFA,-0.0030468274,0.03499721,0.038044035,train,0.010065925
2023-03-23,IWM,0.009004848,-0.0069261016,0.01593095,train,-0.050818685
2023-03-23,SPY,0.0065406174,-0.021793518,0.028334135,train,-0.02102188
2023-03-23,TLT,0.0042206887,0.016523127,0.012302438,train,0.049614776
2023-03-24,EFA,0.009400579,0.027970687,0.018570106,train,0.03499721
2023-03-24,IWM,0.011056858,-0.041432057,0.052488916,train,-0.0069261016
2023-03-24,SPY,0.0018681987,0.00846066,0.006592462,train,-0.021793518
2023-03-24,TLT,-0.02377129,0.04167644,0.06544773,train,0.016523127
2023-03-27,EFA,0.0004318565,0.03480136,0.034369502,train,0.027970687
2023-03-27,IWM,-0.0014402508,-0.014280359,0.012840109,train,-0.041432057
2023-03-27,SPY,-0.0022471503,0.011336495,0.013583645,train,0.00846066
2023-03-27,TLT,0.0018190483,-0.02002645,0.021845497,train,0.04167644
2023-03-28,EFA,0.012013832,0.04764911,0.035635278,train,0.03480136
2023-03-28,IWM,0.011293641,0.03182387,0.020530228,train,-0.014280359
2023-03-28,SPY,0.014430026,0.011716974,0.0027130516,train,0.011336495
2023-03-28,TLT,-0.0020108414,0.018250355,0.020261196,train,-0.02002645
2023-03-29,EFA,0.011590261,0.02866555,0.017075289,train,0.04764911
2023-03-29,IWM,-0.001369165,0.03911492,0.040484082,train,0.03182387
2023-03-29,SPY,0.0058383555,-0.059693832,0.065532185,train,0.011716974
2023-03-29,TLT,0.0045905276,0.050464,0.045873474,train,0.018250355
2023-03-30,EFA,0.005046242,0.02141479,0.01636855,train,0.02866555
2023-03-30,IWM,0.018214239,0.017668344,0.0005458947,train,0.03911492
2023-03-30,SPY,0.013995996,-0.03434589,0.048341885,train,-0.059693832
2023-03-30,TLT,0.01487022,0.04144439,0.026574172,train,0.050464
2023-03-31,EFA,0.007938098,0.0043248218,0.0036132764,train,0.02141479
2023-03-31,IWM,0.00044844567,-0.017092798,0.017541243,train,0.017668344
2023-03-31,SPY,0.0038035696,-0.036984038,0.040787607,train,-0.03434589
2023-03-31,TLT,0.0046920027,0.020183504,0.0154915005,train,0.04144439
2023-04-03,EFA,0.00013870193,0.010621241,0.010482539,train,0.0043248218
2023-04-03,IWM,-0.017692441,-0.003165613,0.014526828,train,-0.017092798
2023-04-03,SPY,-0.0055636275,-0.0046532108,0.0009104167,train,-0.036984038
2023-04-03,TLT,0.0049591255,-0.008803603,0.013762729,train,0.020183504
2023-04-04,EFA,-0.006958772,-0.0047785854,0.0021801866,train,0.010621241
2023-04-04,IWM,-0.009857705,-0.0106254695,0.00076776464,train,-0.003165613
2023-04-04,SPY,-0.0026218158,-0.00440343,0.0017816143,train,-0.0046532108
2023-04-04,TLT,0.0104005905,0.043849844,0.033449255,train,-0.008803603
2023-04-05,EFA,0.004737346,0.015685499,0.010948153,train,-0.0047785854
2023-04-05,IWM,0.0014964988,-0.034033857,0.035530355,train,-0.0106254695
2023-04-05,SPY,0.0038933607,0.03378908,0.02989572,train,-0.00440343
2023-04-05,TLT,0.0025831356,0.030508231,0.027925096,train,0.043849844
2023-04-06,EFA,-0.00069512846,-0.0009945249,0.00029939646,train,0.015685499
2023-04-06,IWM,0.010639719,0.03830282,0.0276631,train,-0.034033857
2023-04-06,SPY,0.00102574,-0.0036515398,0.00467728,train,0.03378908
2023-04-06,TLT,-0.01625603,-0.0049521616,0.011303869,train,0.030508231
2023-04-10,EFA,0.0033325448,0.0014195191,0.0019130257,train,-0.0009945249
2023-04-10,IWM,0.007877746,-0.0247215,0.032599244,train,0.03830282
2023-04-10,SPY,0.00026858272,-0.0060654087,0.0063339914,train,-0.0036515398
2023-04-10,TLT,0.0020580022,-0.010765075,0.012823077,train,-0.0049521616
2023-04-11,EFA,0.006357176,-0.047358967,0.053716145,train,0.0014195191
2023-04-11,IWM,-0.0073659793,-0.002318428,0.0050475514,train,-0.0247215
2023-04-11,SPY,-0.00408431,-0.023870762,0.019786453,train,-0.0060654087
2023-04-11,TLT,-0.0010283914,0.057309568,0.05833796,train,-0.010765075
2023-04-12,EFA,0.012730518,-0.04334641,0.05607693,train,-0.047358967
2023-04-12,IWM,0.013163613,0.04312234,0.029958727,train,-0.002318428
2023-04-12,SPY,0.013195264,0.03742348,0.024228215,train,-0.023870762
2023-04-12,TLT,-0.007889433,-0.018222615,0.010333182,train,0.057309568
2023-04-13,EFA,-0.004089097,0.004069737,0.008158835,train,-0.04334641
2023-04-13,IWM,-0.009360654,-0.018221505,0.008860851,train,0.04312234
2023-04-13,SPY,-0.0024456412,-0.015720692,0.013275051,train,0.03742348
2023-04-13,TLT,-0.0091886455,-0.0076741306,0.0015145149,train,-0.018222615
2023-04-14,EFA,-0.0017769986,0.029430907,0.031207906,train,0.004069737
2023-04-14,IWM,0.01277849,-0.0037649432,0.016543433,train,-0.018221505
2023-04-14,SPY,0.0035817234,0.02240128,0.018819558,train,-0.015720692
2023-04-14,TLT,-0.0119668925,0.03680729,0.048774183,train,-0.0076741306
2023-04-17,EFA,0.005457743,0.011305344,0.005847601,train,0.029430907
2023-04-17,IWM,-0.0042599123,-0.0030820286,0.0011778837,train,-0.0037649432
2023-04-17,SPY,0.00065204676,-0.011954435,0.012606482,train,0.02240128
2023-04-17,TLT,0.00355693,0.040884737,0.037327807,train,0.03680729
2023-04-18,EFA,-0.0031344958,-0.004223357,0.0010888611,train,0.011305344
2023-04-18,IWM,0.0012912783,-0.010846301,0.012137579,train,-0.0030820286
2023-04-18,SPY,-0.00016898572,-0.0033495175,0.0031805318,train,-0.011954435
2023-04-18,TLT,-0.000960335,0.025327917,0.026288252,train,0.040884737
2023-04-19,EFA,0.0,-0.019166816,0.019166816,train,-0.004223357
2023-04-19,IWM,-0.005174703,0.00067815837,0.0058528613,train,-0.010846301
2023-04-19,SPY,-0.005472048,0.0034761922,0.00894824,train,-0.0033495175
2023-04-19,TLT,0.008513311,0.015160917,0.0066476064,train,0.025327917
2023-04-20,EFA,0.0050376505,-0.06269406,0.06773171,train,-0.019166816
2023-04-20,IWM,0.0012962105,0.008515259,0.0072190487,train,0.00067815837
2023-04-20,SPY,0.00077677204,0.0300732,0.029296428,train,0.0034761922
2023-04-20,TLT,-0.0056353975,0.007563521,0.013198919,train,0.015160917
2023-04-21,EFA,0.0025773006,-0.032380197,0.0349575,train,-0.06269406
2023-04-21,IWM,-0.0006761863,-0.026784223,0.026108036,train,0.008515259
2023-04-21,SPY,0.0010425508,-0.0001688255,0.0012113763,train,0.0300732
2023-04-21,TLT,0.009627801,0.0035478817,0.0060799196,train,0.007563521
2023-04-24,EFA,-0.014051172,-0.027447585,0.013396413,train,-0.032380197
2023-04-24,IWM,-0.024994245,-0.0074645495,0.017529696,train,-0.026784223
2023-04-24,SPY,-0.016001187,-0.003131698,0.012869489,train,-0.0001688255
2023-04-24,TLT,0.014597111,-0.015403063,0.030000174,train,0.0035478817
2023-04-25,EFA,-0.0006872395,-0.02384194,0.0231547,train,-0.027447585
2023-04-25,IWM,-0.009696595,-0.003368374,0.0063282214,train,-0.0074645495
2023-04-25,SPY,-0.004244567,-0.0034069298,0.0008376371,train,-0.003131698
2023-04-25,TLT,-0.010715291,0.013746723,0.024462014,train,-0.015403063
2023-04-26,EFA,0.012432809,-0.005817822,0.018250631,train,-0.02384194
2023-04-26,IWM,0.0132728005,0.02242348,0.009150679,train,-0.003368374
2023-04-26,SPY,0.01971246,-0.035938274,0.055650733,train,-0.0034069298
2023-04-26,TLT,-0.00997183,-0.0069283387,0.0030434914,train,0.013746723
2023-04-27,EFA,-0.00040740333,0.03338932,0.03379672,train,-0.005817822
2023-04-27,IWM,0.008713549,-0.010519377,0.019232925,train,0.02242348
2023-04-27,SPY,0.008498845,0.025269374,0.01677053,train,-0.035938274
2023-04-27,TLT,0.016001757,-0.0041156756,0.020117432,train,-0.0069283387
2023-04-28,EFA,-0.0014952339,0.019751616,0.02124685,train,0.03338932
2023-04-28,IWM,0.0005708282,-0.02054939,0.021120219,train,-0.010519377
2023-04-28,SPY,-0.0010102224,0.008041927,0.009052149,train,0.025269374
2023-04-28,TLT,-0.029258372,0.023190882,0.052449256,train,-0.0041156756
2023-05-01,EFA,-0.01011784,0.01977123,0.02988907,train,0.019751616
2023-05-01,IWM,-0.020750007,-0.004841338,0.01590867,train,-0.02054939
2023-05-01,SPY,-0.011302719,-0.008477942,0.0028247768,train,0.008041927
2023-05-01,TLT,0.02461452,0.05976819,0.03515367,train,0.023190882
2023-05-02,EFA,0.002607835,-0.009588459,0.012196293,train,0.01977123
2023-05-02,IWM,0.0036622847,0.00087382086,0.0027884638,train,-0.004841338
2023-05-02,SPY,-0.0068877703,-0.048567127,0.041679356,train,-0.008477942
2023-05-02,TLT,0.0055665607,-0.03215849,0.03772505,train,0.05976819
2023-05-03,EFA,-0.0020582092,0.03761559,0.039673798,train,-0.009588459
2023-05-03,IWM,-0.0112625295,-0.022919703,0.011657174,train,0.00087382086
2023-05-03,SPY,-0.007108128,-0.018337581,0.011229454,train,-0.048567127
2023-05-03,TLT,-0.009927853,-0.044715103,0.03478725,train,-0.03215849
2023-05-04,EFA,0.014588775,0.022133227,0.0075444523,train,0.03761559
2023-05-04,IWM,0.02348956,-0.003775714,0.027265273,train,-0.022919703
2023-05-04,SPY,0.01834329,-0.004705037,0.023048326,train,-0.018337581
2023-05-04,TLT,-0.003331336,0.016973633,0.020304969,train,-0.044715103
2023-05-05,EFA,0.00027077863,0.014025179,0.0137544,train,0.022133227
2023-05-05,IWM,-0.0022955113,-0.02437659,0.022081079,train,-0.003775714
2023-05-05,SPY,0.00026654056,0.017945427,0.017678887,train,-0.004705037
2023-05-05,TLT,-0.014113714,-0.03718552,0.023071807,train,0.016973633
2023-05-08,EFA,-0.0040678,0.008821864,0.012889664,train,0.014025179
2023-05-08,IWM,-0.0029923008,-0.03090104,0.02790874,train,-0.02437659
2023-05-08,SPY,-0.0043949466,-0.0147491945,0.010354248,train,0.017945427
2023-05-08,TLT,-0.003584069,-0.024417799,0.02083373,train,-0.03718552
2023-05-09,EFA,-0.0020401792,-0.018928938,0.016888758,train,0.008821864
2023-05-09,IWM,0.0050585703,0.011115284,0.0060567134,train,-0.03090104
2023-05-09,SPY,0.00466134,-0.04033359,0.04499493,train,-0.0147491945
2023-05-09,TLT,0.00965707,0.030064952,0.020407882,train,-0.024417799
2023-05-10,EFA,-0.0024535845,0.015783174,0.018236758,train,-0.018928938
2023-05-10,IWM,-0.007712817,0.022635326,0.030348143,train,0.011115284
2023-05-10,SPY,-0.0017453708,-0.01246171,0.010716339,train,-0.04033359
2023-05-10,TLT,0.010516567,0.047601927,0.03708536,train,0.030064952
2023-05-11,EFA,-0.0017756697,0.03887313,0.0406488,train,0.015783174
2023-05-11,IWM,-0.0020243367,0.01603061,0.018054947,train,0.022635326
2023-05-11,SPY,-0.0013112607,-0.009669638,0.008358378,train,-0.01246171
2023-05-11,TLT,-0.008404355,0.036486264,0.04489062,train,0.047601927
2023-05-12,EFA,0.0076272823,0.011980527,0.004353245,train,0.03887313
2023-05-12,IWM,0.0121423425,0.07403718,0.061894838,train,0.01603061
2023-05-12,SPY,0.003444257,0.017574906,0.014130649,train,-0.009669638
2023-05-12,TLT,-0.010411765,0.015929982,0.026341747,train,0.036486264
2023-05-15,EFA,-0.009543314,-0.008419926,0.0011233874,train,0.011980527
2023-05-15,IWM,-0.014692948,0.07065092,0.08534387,train,0.07403718
2023-05-15,SPY,-0.0067052045,0.030500215,0.03720542,train,0.017574906
2023-05-15,TLT,-0.0030085258,0.02771734,0.030725867,train,0.015929982
2023-05-16,EFA,0.004646474,0.016474618,0.011828143,train,-0.008419926
2023-05-16,IWM,0.022044318,0.068210386,0.04616607,train,0.07065092
2023-05-16,SPY,0.012065899,-0.009545998,0.021611895,train,0.030500215
2023-05-16,TLT,-0.0029204753,-0.010789706,0.007869231,train,0.02771734
2023-05-17,EFA,-0.0015007174,0.03155954,0.03306026,train,0.016474618
2023-05-17,IWM,0.0060570776,-0.032958303,0.03901538,train,0.068210386
2023-05-17,SPY,0.009587199,0.01128341,0.0016962104,train,-0.009545998
2023-05-17,TLT,-0.0074364836,0.022046845,0.02948333,train,-0.010789706
2023-05-18,EFA,0.0058546844,0.0037609842,0.0020937002,train,0.03155954
2023-05-18,IWM,-0.0061137276,-0.018044315,0.011930588,train,-0.032958303
2023-05-18,SPY,-0.0014562164,0.03437837,0.035834584,train,0.01128341
2023-05-18,TLT,-0.007096243,-0.0102875,0.003191257,train,0.022046845
2023-05-19,EFA,0.0002713591,0.03211945,0.03184809,train,0.0037609842
2023-05-19,IWM,0.012134249,-0.029770594,0.041904844,train,-0.018044315
2023-05-19,SPY,0.00040607248,0.043667734,0.043261662,train,0.03437837
2023-05-19,TLT,-0.0035672225,-0.011569257,0.008002034,train,-0.0102875
2023-05-22,EFA,-0.014766393,0.029269718,0.044036113,train,0.03211945
2023-05-22,IWM,-0.004723287,-0.0075008078,0.0027775206,train,-0.029770594
2023-05-22,SPY,-0.011286404,0.031890456,0.04317686,train,0.043667734
2023-05-22,TLT,0.00287462,-0.006089016,0.008963636,train,-0.011569257
2023-05-23,EFA,-0.014708351,0.02044587,0.035154223,train,0.029269718
2023-05-23,IWM,-0.010652887,-0.014399593,0.003746706,train,-0.0075008078
2023-05-23,SPY,-0.0072711064,0.017332591,0.024603698,train,0.031890456
2023-05-23,TLT,-0.004961562,-0.015361837,0.010400275,train,-0.006089016
2023-05-24,EFA,-0.0013986399,0.021613516,0.023012156,train,0.02044587
2023-05-24,IWM,-0.007835173,-0.011632481,0.0037973076,train,-0.014399593
2023-05-24,SPY,0.008622661,-0.0032028472,0.011825508,train,0.017332591
2023-05-24,TLT,-0.0024897442,-0.007014393,0.0045246487,train,-0.015361837
2023-05-25,EFA,0.009750695,-0.050865468,0.06061616,train,0.021613516
2023-05-25,IWM,0.011304127,0.01887431,0.007570183,train,-0.011632481
2023-05-25,SPY,0.012867478,0.01709668,0.004229202,train,-0.0032028472
2023-05-25,TLT,0.008044596,-0.040188417,0.048233014,train,-0.007014393
2023-05-26,EFA,-0.0101705855,0.0287233,0.038893886,train,-0.050865468
2023-05-26,IWM,-0.003696772,0.029146865,0.03284364,train,0.01887431
2023-05-26,SPY,0.00038078395,-0.011932041,0.012312825,train,0.01709668
2023-05-26,TLT,0.009941901,0.0028592916,0.0070826095,train,-0.040188417
2023-05-30,EFA,-0.010416936,-0.021170426,0.01075349,train,0.0287233
2023-05-30,IWM,-0.0099063795,0.05332784,0.06323422,train,0.029146865
2023-05-30,SPY,-0.005560511,0.020099472,0.025659982,train,-0.011932041
2023-05-30,TLT,0.008679205,-0.035834752,0.044513956,train,0.0028592916
2023-05-31,EFA,0.014748545,0.026864987,0.0121164415,train,-0.021170426
2023-05-31,IWM,0.010760632,0.005577231,0.0051834015,train,0.05332784
2023-05-31,SPY,0.009456221,0.026424639,0.016968418,train,0.020099472
2023-05-31,TLT,0.003915519,0.021393675,0.017478157,train,-0.035834752
2023-06-01,EFA,0.012883722,0.03413181,0.021248087,train,0.026864987
2023-06-01,IWM,0.035623193,0.005796035,0.029827159,train,0.005577231
2023-06-01,SPY,0.014357457,0.009068751,0.005288706,train,0.026424639
2023-06-01,TLT,-0.01101866,0.050469723,0.061488383,train,0.021393675
2023-06-02,EFA,-0.0057979845,-0.021010727,0.015212743,train,0.03413181
2023-06-02,IWM,-0.013495726,0.045774665,0.05927039,train,0.005796035
2023-06-02,SPY,-0.00191797,0.0074435202,0.009361491,train,0.009068751
2023-06-02,TLT,-0.0018645732,0.0077363783,0.009600951,train,0.050469723
2023-06-05,EFA,0.008272598,-0.021495003,0.0297676,train,-0.021010727
2023-06-05,IWM,0.025998304,0.029455293,0.0034569893,train,0.045774665
2023-06-05,SPY,0.0021751358,0.008906924,0.0067317886,train,0.0074435202
2023-06-05,TLT,0.0058765607,0.037792232,0.031915672,train,0.0077363783
2023-06-06,EFA,-0.008833739,-0.059762586,0.050928846,train,-0.021495003
2023-06-06,IWM,0.018537674,0.022938386,0.0044007115,train,0.029455293
2023-06-06,SPY,-0.0034638369,-0.018288605,0.0148247685,train,0.008906924
2023-06-06,TLT,-0.014954871,0.035326663,0.050281532,train,0.037792232
2023-06-07,EFA,0.01052424,0.011229029,0.0007047886,train,-0.059762586
2023-06-07,IWM,-0.0037456825,-0.022572469,0.018826786,train,0.022938386
2023-06-07,SPY,0.0060303905,0.03911793,0.033087537,train,-0.018288605
2023-06-07,TLT,0.011629158,0.016851772,0.005222614,train,0.035326663
2023-06-08,EFA,-0.0016766562,0.05967616,0.061352815,train,0.011229029
2023-06-08,IWM,-0.008127499,-0.015793104,0.0076656044,train,-0.022572469
2023-06-08,SPY,0.0017926026,0.019362502,0.0175699,train,0.03911793
2023-06-08,TLT,-0.001372519,0.033772856,0.035145376,train,0.016851772
2023-06-09,EFA,0.0043251663,0.015100641,0.010775475,train,0.05967616
2023-06-09,IWM,0.0041527995,-0.0035598231,0.0077126226,train,-0.015793104
2023-06-09,SPY,0.009031199,0.057557527,0.048526328,train,0.019362502
2023-06-09,TLT,0.0029390117,0.06865363,0.06571462,train,0.033772856
2023-06-12,EFA,0.009422303,0.024574928,0.015152625,train,0.015100641
2023-06-12,IWM,0.01139856,0.0033179456,0.008080615,train,-0.0035598231
2023-06-12,SPY,0.0065711,-0.002637756,0.009208856,train,0.057557527
2023-06-12,TLT,-0.009930035,0.033039,0.042969033,train,0.06865363
2023-06-13,EFA,0.0037167196,0.018920545,0.015203825,train,0.024574928
2023-06-13,IWM,-0.010806563,0.044786725,0.05559329,train,0.0033179456
2023-06-13,SPY,0.001190232,0.0037778905,0.0025876584,train,-0.002637756
2023-06-13,TLT,0.007971599,0.028616741,0.020645142,train,0.033039
2023-06-14,EFA,0.010524332,0.0009156428,0.009608689,train,0.018920545
2023-06-14,IWM,0.008195769,0.008396952,0.00020118337,train,0.044786725
2023-06-14,SPY,0.012321363,-0.0079689,0.020290263,train,0.0037778905
2023-06-14,TLT,0.009559968,0.011165672,0.0016057044,train,0.028616741
2023-06-15,EFA,-0.0021778084,0.01706047,0.019238278,train,0.0009156428
2023-06-15,IWM,-0.008034638,0.014359338,0.022393975,train,0.008396952
2023-06-15,SPY,-0.0034121405,-0.008156435,0.004744294,train,-0.0079689
2023-06-15,TLT,-0.003890802,0.0038589267,0.007749729,train,0.011165672
2023-06-16,EFA,-0.013305264,0.00031835586,0.013623619,train,0.01706047
2023-06-16,IWM,-0.004365634,0.024003655,0.028369289,train,0.014359338
2023-06-16,SPY,-0.0052015465,0.022352658,0.027554205,train,-0.008156435
2023-06-16,TLT,0.006895973,-0.028415691,0.035311665,train,0.0038589267
2023-06-20,EFA,0.0015177274,-0.035045546,0.036563274,train,0.00031835586
2023-06-20,IWM,-0.0023256254,0.01243019,0.014755815,train,0.024003655
2023-06-20,SPY,-0.005136951,0.020004258,0.02514121,train,0.022352658
2023-06-20,TLT,0.0024170065,0.023826063,0.021409057,train,-0.028415691
2023-06-21,EFA,-0.0062236367,-0.031275723,0.025052086,train,-0.035045546
2023-06-21,IWM,-0.0074449456,0.019685764,0.02713071,train,0.01243019
2023-06-21,SPY,0.0036031823,-0.0005481383,0.0041513206,train,0.020004258
2023-06-21,TLT,-0.012143878,0.0051738936,0.017317772,train,0.023826063
2023-06-22,EFA,-0.015660392,-0.010952513,0.0047078794,train,-0.031275723
2023-06-22,IWM,-0.015169243,0.0006545866,0.01582383,train,0.019685764
2023-06-22,SPY,-0.007588675,-0.004107506,0.0034811688,train,-0.0005481383
2023-06-22,TLT,0.009920457,-0.06891822,0.078838676,train,0.0051738936
2023-06-23,EFA,0.0012677915,0.010861945,0.009594154,train,-0.010952513
2023-06-23,IWM,0.0009963567,-0.003164838,0.004161195,train,0.0006545866
2023-06-23,SPY,-0.0040941155,0.037605364,0.04169948,train,-0.004107506
2023-06-23,TLT,0.0010640925,0.007402473,0.0063383807,train,-0.06891822
2023-06-26,EFA,0.008688211,-0.024497401,0.033185612,train,0.010861945
2023-06-26,IWM,0.0143364575,0.027057901,0.012721444,train,-0.003164838
2023-06-26,SPY,0.010903609,0.016594749,0.00569114,train,0.037605364
2023-06-26,TLT,-0.0026137445,0.0014359942,0.004049739,train,0.007402473
2023-06-27,EFA,0.0006976011,0.0021151146,0.0014175135,train,-0.024497401
2023-06-27,IWM,0.0048964196,0.0039126584,0.0009837612,train,0.027057901
2023-06-27,SPY,0.00050426257,0.010037115,0.009532852,train,0.016594749
2023-06-27,TLT,0.0042559225,0.0001483867,0.004107536,train,0.0014359942
2023-06-28,EFA,-0.0013953436,0.01005897,0.011454314,train,0.0021151146
2023-06-28,IWM,0.011439732,-0.025301293,0.036741026,train,0.0039126584
2023-06-28,SPY,0.0039336365,-0.014685701,0.018619336,train,0.010037115
2023-06-28,TLT,-0.018213585,-0.042541042,0.024327457,train,0.0001483867
2023-06-29,EFA,0.012212123,0.013851615,0.0016394919,train,0.01005897
2023-06-29,IWM,0.004763808,0.021617651,0.016853843,train,-0.025301293
2023-06-29,SPY,0.011731659,-0.01859941,0.030331068,train,-0.014685701
2023-06-29,TLT,0.011726076,0.010598622,0.0011274535,train,-0.042541042
2023-06-30,EFA,-0.0011040819,-0.01523137,0.014127288,train,0.013851615
2023-06-30,IWM,0.002027083,0.014511063,0.01248398,train,0.021617651
2023-06-30,SPY,0.0011497416,-0.016627744,0.017777486,train,-0.01859941
2023-06-30,TLT,-0.0056853327,0.0519723,0.057657633,train,0.010598622
2023-07-03,EFA,-0.011247694,-0.039601136,0.028353442,train,-0.01523137
2023-07-03,IWM,-0.010015233,-0.023484848,0.013469615,train,0.014511063
2023-07-03,SPY,-0.0014882237,-0.0021690456,0.00068082195,train,-0.016627744
2023-07-03,TLT,-0.0095480345,-0.017858166,0.008310132,train,0.0519723
2023-07-05,EFA,-0.01746767,0.0032832306,0.0207509,train,-0.039601136
2023-07-05,IWM,-0.016279954,-0.021158177,0.004878223,train,-0.023484848
2023-07-05,SPY,-0.0078613125,0.004726352,0.012587665,train,-0.0021690456
2023-07-05,TLT,-0.014243761,0.028163973,0.042407736,train,-0.017858166
2023-07-06,EFA,0.007503402,-0.033961248,0.04146465,train,0.0032832306
2023-07-06,IWM,0.010503642,0.009379135,0.0011245068,train,-0.021158177
2023-07-06,SPY,-0.002527984,0.0027947174,0.0053227013,train,0.004726352
2023-07-06,TLT,-0.0060373726,0.037421986,0.04345936,train,0.028163973
2023-07-07,EFA,0.002816675,0.032480974,0.029664299,train,-0.033961248
2023-07-07,IWM,0.016963275,0.016591173,0.00037210248,train,0.009379135
2023-07-07,SPY,0.002527984,-0.030596945,0.03312493,train,0.0027947174
2023-07-07,TLT,0.0013108866,0.005957146,0.0046462594,train,0.037421986
2023-07-10,EFA,0.008961218,-0.00012600888,0.009087227,train,0.032480974
2023-07-10,IWM,0.010220681,-0.028597046,0.038817726,train,0.016591173
2023-07-10,SPY,0.006348153,0.009292268,0.002944115,train,-0.030596945
2023-07-10,TLT,0.0051277415,0.05788854,0.0527608,train,0.005957146
2023-07-11,EFA,0.018916886,-0.04372596,0.06264284,train,-0.00012600888
2023-07-11,IWM,0.010847118,-0.017714702,0.02856182,train,-0.028597046
2023-07-11,SPY,0.008013686,-0.017865852,0.025879538,train,0.009292268
2023-07-11,TLT,0.011069551,0.04685586,0.03578631,train,0.05788854
2023-07-12,EFA,0.015876438,0.027297135,0.011420697,train,-0.04372596
2023-07-12,IWM,0.008045976,-0.013537425,0.0215834,train,-0.017714702
2023-07-12,SPY,0.007905611,-0.0010764152,0.008982026,train,-0.017865852
2023-07-12,TLT,0.010457834,-0.008049461,0.018507294,train,0.04685586
2023-07-13,EFA,-0.0056703687,0.02471162,0.030381989,train,0.027297135
2023-07-13,IWM,-0.009819471,-0.08753742,0.07771795,train,-0.013537425
2023-07-13,SPY,-0.0006230116,-0.014061916,0.013438904,train,-0.0010764152
2023-07-13,TLT,-0.0059058666,-0.020069774,0.014163908,train,-0.008049461
2023-07-14,EFA,-0.0012193054,0.0016597183,0.0028790238,train,0.02471162
2023-07-14,IWM,0.010646389,-0.021432359,0.032078747,train,-0.08753742
2023-07-14,SPY,0.003466222,-0.013708121,0.017174343,train,-0.014061916
2023-07-14,TLT,0.00049325894,-0.02505416,0.025547419,train,-0.020069774
2023-07-17,EFA,0.006485776,0.027361184,0.02087541,train,0.0016597183
2023-07-17,IWM,0.012270756,-0.040847536,0.053118292,train,-0.021432359
2023-07-17,SPY,0.0074031744,-0.023965407,0.031368583,train,-0.013708121
2023-07-17,TLT,0.0045290277,-0.028266322,0.03279535,train,-0.02505416
2023-07-18,EFA,-0.00053893315,0.032248296,0.03278723,train,0.027361184
2023-07-18,IWM,0.004226325,-0.03351238,0.037738703,train,-0.040847536
2023-07-18,SPY,0.0022212164,-0.01874838,0.020969596,train,-0.023965407
2023-07-18,TLT,0.011233345,-0.0065313904,0.017764736,train,-0.028266322
2023-07-19,EFA,-0.0051337327,0.024946267,0.03008,train,0.032248296
2023-07-19,IWM,-0.008778163,-0.031656507,0.022878345,train,-0.03351238
2023-07-19,SPY,-0.006656625,-0.0059266565,0.0007299683,train,-0.01874838
2023-07-19,TLT,-0.012216063,0.018984698,0.031200761,train,-0.0065313904
2023-07-20,EFA,0.0020297756,-0.05821083,0.060240608,train,0.024946267
2023-07-20,IWM,-0.0031834564,-0.037147496,0.033964038,train,-0.031656507
2023-07-20,SPY,0.0,0.03345808,0.03345808,train,-0.0059266565
2023-07-20,TLT,0.00029495885,-0.019706815,0.020001775,train,0.018984698
2023-07-21,EFA,-0.0024361361,0.005294367,0.0077305036,train,-0.05821083
2023-07-21,IWM,0.0024655461,0.022457961,0.019992415,train,-0.037147496
2023-07-21,SPY,0.0044574,0.023224935,0.018767536,train,0.03345808
2023-07-21,TLT,-0.0036436126,-0.010262891,0.0066192783,train,-0.019706815
2023-07-24,EFA,0.0010833358,-0.032509405,0.033592742,train,0.005294367
2023-07-24,IWM,-0.00010256607,-0.021009412,0.020906845,train,0.022457961
2023-07-24,SPY,0.0027263446,0.018258344,0.015532,train,0.023224935
2023-07-24,TLT,-0.0018764025,0.011980833,0.013857235,train,-0.010262891
2023-07-25,EFA,0.0027035503,-0.02681977,0.02952332,train,-0.032509405
2023-07-25,IWM,0.0078695305,-0.0102219535,0.018091485,train,-0.021009412
2023-07-25,SPY,0.00015357859,0.015525936,0.015372357,train,0.018258344
2023-07-25,TLT,0.0009879484,0.039174907,0.03818696,train,0.011980833
2023-07-26,EFA,-0.002297518,-0.024057548,0.02176003,train,-0.02681977
2023-07-26,IWM,-0.013013079,0.06763686,0.08064994,train,-0.0102219535
2023-07-26,SPY,-0.006651871,0.019053472,0.025705343,train,0.015525936
2023-07-26,TLT,-0.019644741,0.03196904,0.05161378,train,0.039174907
2023-07-27,EFA,0.0071451883,0.055677343,0.048532154,train,-0.024057548
2023-07-27,IWM,0.012860336,-0.019119952,0.031980287,train,0.06763686
2023-07-27,SPY,0.009742636,-0.007844235,0.017586872,train,0.019053472
2023-07-27,TLT,0.0051226784,-0.018136598,0.023259277,train,0.03196904
2023-07-28,EFA,0.00026867032,0.01734439,0.01707572,train,0.055677343
2023-07-28,IWM,0.0115404045,0.08184973,0.070309326,train,-0.019119952
2023-07-28,SPY,0.0019021962,-0.041054625,0.04295682,train,-0.007844235
2023-07-28,TLT,0.0024019072,-0.005086816,0.007488723,train,-0.018136598
2023-07-31,EFA,-0.012568595,0.057993185,0.07056178,train,0.01734439
2023-07-31,IWM,-0.004590005,0.023205277,0.027795281,train,0.08184973
2023-07-31,SPY,-0.002865628,-0.0156247495,0.012759121,train,-0.041054625
2023-07-31,TLT,-0.016522693,0.048546355,0.06506905,train,-0.005086816
2023-08-01,EFA,-0.018807473,0.02479617,0.043603644,train,0.057993185
2023-08-01,IWM,-0.013692992,0.017497435,0.031190427,train,0.023205277
2023-08-01,SPY,-0.014008513,-0.002251816,0.011756697,train,-0.0156247495
2023-08-01,TLT,-0.010756668,0.023780778,0.034537446,train,0.048546355
2023-08-02,EFA,-0.0027756996,0.021997008,0.024772707,train,0.02479617
2023-08-02,IWM,-0.0028229947,-0.013786058,0.010963064,train,0.017497435
2023-08-02,SPY,-0.0028699553,-0.0045287963,0.001658841,train,-0.002251816
2023-08-02,TLT,-0.023341578,0.015721932,0.03906351,train,0.023780778
2023-08-03,EFA,0.0027756996,0.0326114,0.029835701,train,0.021997008
2023-08-03,IWM,-0.0020065012,0.027467143,0.029473644,train,-0.013786058
2023-08-03,SPY,-0.0045329644,-0.043476075,0.038943112,train,-0.0045287963
2023-08-03,TLT,0.017557282,0.008100939,0.009456343,train,0.015721932
2023-08-04,EFA,0.0084178215,0.032964088,0.024546266,train,0.0326114
2023-08-04,IWM,0.00066938915,-0.010426973,0.011096362,train,0.027467143
2023-08-04,SPY,0.008690598,-0.053397227,0.062087826,train,-0.043476075
2023-08-04,TLT,-0.009890653,0.009615709,0.019506361,train,0.008100939
2023-08-07,EFA,-0.0060648783,0.018918835,0.024983713,train,0.032964088
2023-08-07,IWM,-0.0062987185,-0.03352376,0.027225042,train,-0.010426973
2023-08-07,SPY,-0.0043582222,-0.021994013,0.01763579,train,-0.053397227
2023-08-07,TLT,0.011546852,0.0055669295,0.0059799226,train,0.009615709
2023-08-08,EFA,-0.00027658333,0.026345275,0.02662186,train,0.018918835
2023-08-08,IWM,-0.007851367,-0.01574681,0.007895443,train,-0.03352376
2023-08-08,SPY,-0.0067076674,-0.049369924,0.042662255,train,-0.021994013
2023-08-08,TLT,0.0051575955,0.051522482,0.04636489,train,0.0055669295
2023-08-09,EFA,0.004278014,0.024175083,0.01989707,train,0.026345275
2023-08-09,IWM,-0.004446947,0.032964185,0.03741113,train,-0.01574681
2023-08-09,SPY,0.0003589642,-0.064974606,0.06533357,train,-0.049369924
2023-08-09,TLT,-0.016599726,-0.04181464,0.025214914,train,0.051522482
2023-08-10,EFA,-0.006770369,-0.005737505,0.0010328642,train,0.024175083
2023-08-10,IWM,0.0014146186,0.016490873,0.0150762545,train,0.032964185
2023-08-10,SPY,-0.00058321434,-0.05794022,0.057357006,train,-0.064974606
2023-08-10,TLT,-0.002304025,-0.026345912,0.024041887,train,-0.04181464
2023-08-11,EFA,-0.004446288,-0.018109545,0.013663257,train,-0.005737505
2023-08-11,IWM,-0.0017290759,0.02277372,0.024502797,train,0.016490873
2023-08-11,SPY,0.0055046664,0.009207365,0.0037026987,train,-0.05794022
2023-08-11,TLT,-0.002204418,-0.024065379,0.02186096,train,-0.026345912
2023-08-14,EFA,-0.012471204,-0.006393629,0.0060775746,train,-0.018109545
2023-08-14,IWM,-0.013305503,0.03490751,0.048213013,train,0.02277372
2023-08-14,SPY,-0.011717232,0.015593109,0.027310342,train,0.009207365
2023-08-14,TLT,-0.006113785,-0.049035143,0.042921357,train,-0.024065379
2023-08-15,EFA,-0.008211948,-0.029515784,0.021303836,train,-0.006393629
2023-08-15,IWM,-0.012300393,0.016919341,0.029219734,train,0.03490751
2023-08-15,SPY,-0.0073650554,-0.04136379,0.033998735,train,0.015593109
2023-08-15,TLT,-0.007855118,0.021531053,0.02938617,train,-0.049035143
2023-08-16,EFA,-0.007133549,-0.056470413,0.049336866,train,-0.029515784
2023-08-16,IWM,-0.01185438,0.01001053,0.02186491,train,0.016919341
2023-08-16,SPY,-0.0076490515,-0.021310482,0.013661431,train,-0.04136379
2023-08-16,TLT,-0.0042711934,0.040343437,0.04461463,train,0.021531053
2023-08-17,EFA,0.0,0.016044028,0.016044028,train,-0.056470413
2023-08-17,IWM,0.0054303203,0.007736069,0.0023057489,train,0.01001053
2023-08-17,SPY,0.00048109653,-0.0043067774,0.004787874,train,-0.021310482
2023-08-17,TLT,0.0035252222,0.08872752,0.0852023,train,0.040343437
2023-08-18,EFA,0.0037158758,-0.034484986,0.038200863,train,0.016044028
2023-08-18,IWM,-0.0014631402,0.029437613,0.030900752,train,0.007736069
2023-08-18,SPY,0.0064851963,0.007411708,0.0009265118,train,-0.0043067774
2023-08-18,TLT,-0.013419912,0.033353355,0.046773266,train,0.08872752
2023-08-21,EFA,-0.0018563299,-0.025045339,0.023189008,train,-0.034484986
2023-08-21,IWM,-0.0029875247,0.059332196,0.062319722,train,0.029437613
2023-08-21,SPY,-0.0027122598,0.029487114,0.032199375,train,0.007411708
2023-08-21,TLT,0.00764478,0.026279934,0.018635154,train,0.033353355
2023-08-22,EFA,0.010803294,0.017147634,0.00634434,train,-0.025045339
2023-08-22,IWM,0.010605816,0.040834874,0.030229058,train,0.059332196
2023-08-22,SPY,0.011076264,0.016170245,0.0050939806,train,0.029487114
2023-08-22,TLT,0.024475439,0.006791373,0.017684065,train,0.026279934
2023-08-23,EFA,-0.013809116,0.01857365,0.032382764,train,0.017147634
2023-08-23,IWM,-0.013929517,0.106589064,0.12051858,train,0.040834874
2023-08-23,SPY,-0.013956215,0.026718099,0.040674314,train,0.016170245
2023-08-23,TLT,-0.0066159638,0.050576996,0.05719296,train,0.006791373
2023-08-24,EFA,0.006714924,-0.063474834,0.07018976,train,0.01857365
2023-08-24,IWM,0.004248241,0.0044927457,0.00024450477,train,0.106589064
2023-08-24,SPY,0.007025086,0.011913729,0.004888643,train,0.026718099
2023-08-24,TLT,0.0032606698,0.0048451247,0.0015844549,train,0.050576996
2023-08-25,EFA,0.010481592,0.03801438,0.027532786,train,-0.063474834
2023-08-25,IWM,0.008873353,0.07415296,0.06527961,train,0.0044927457
2023-08-25,SPY,0.00632135,0.003893447,0.002427903,train,0.011913729
2023-08-25,TLT,0.001049973,-0.022190858,0.02324083,train,0.0048451247
2023-08-28,EFA,0.012323401,0.042301495,0.029978093,train,0.03801438
2023-08-28,IWM,0.013855232,0.049772065,0.035916835,train,0.07415296
2023-08-28,SPY,0.014351449,-0.049776524,0.064127974,train,0.003893447
2023-08-28,TLT,0.010332259,0.03989008,0.02955782,train,-0.022190858
2023-08-29,EFA,-0.00055694015,0.0627153,0.06327224,train,0.042301495
2023-08-29,IWM,0.0037651088,0.022405539,0.01864043,train,0.049772065
2023-08-29,SPY,0.0041103153,-0.045777537,0.04988785,train,-0.049776524
2023-08-29,TLT,-0.0010385569,0.008068992,0.009107549,train,0.03989008
2023-08-30,EFA,-0.003906829,-0.02282029,0.01891346,train,0.0627153
2023-08-30,IWM,-0.0017481865,-0.0056314943,0.0038833078,train,0.022405539
2023-08-30,SPY,-0.0014645217,0.060534142,0.061998665,train,-0.045777537
2023-08-30,TLT,0.0044590845,0.0509419,0.046482816,train,0.008068992
2023-08-31,EFA,-0.000559317,-0.045707442,0.045148123,train,-0.02282029
2023-08-31,IWM,0.011806525,-0.025213301,0.037019826,train,-0.0056314943
2023-08-31,SPY,0.0018634378,0.008090706,0.006227268,train,0.060534142
2023-08-31,TLT,-0.015700951,0.07198018,0.08768113,train,0.0509419
2023-09-01,EFA,-0.008710299,-0.009169399,0.00045910012,train,-0.045707442
2023-09-01,IWM,-0.02128877,-0.00016406085,0.02112471,train,-0.025213301
2023-09-01,SPY,-0.004331341,0.02141637,0.02574771,train,0.008090706
2023-09-01,TLT,-0.014121466,0.018302208,0.032423675,train,0.07198018
2023-09-05,EFA,-0.0021188266,-0.036926147,0.03480732,train,-0.009169399
2023-09-05,IWM,-0.0037537492,-0.024164304,0.020410554,train,-0.00016406085
2023-09-05,SPY,-0.0067450954,0.024326649,0.031071745,train,0.02141637
2023-09-05,TLT,0.0024566657,0.03873931,0.036282644,train,0.018302208
2023-09-06,EFA,-0.0032575028,0.026156753,0.029414255,train,-0.036926147
2023-09-06,IWM,-0.009717653,-0.008344329,0.0013733236,train,-0.024164304
2023-09-06,SPY,-0.003074824,0.057958174,0.061033,train,0.024326649
2023-09-06,TLT,0.0027693512,0.05158967,0.04882032,train,0.03873931
2023-09-07,EFA,-0.0014197087,0.036749296,0.038169004,train,0.026156753
2023-09-07,IWM,-0.0022266763,0.02946993,0.031696606,train,-0.008344329
2023-09-07,SPY,0.0015048939,0.0010786364,0.0004262575,train,0.057958174
2023-09-07,TLT,0.0038221313,0.028201867,0.024379736,train,0.05158967
2023-09-08,EFA,0.010317393,0.020258676,0.009941284,train,0.036749296
2023-09-08,IWM,0.0023892738,0.026567802,0.024178527,train,0.02946993
2023-09-08,SPY,0.006555146,-0.015287018,0.021842165,train,0.0010786364
2023-09-08,TLT,-0.007231849,0.022467725,0.029699573,train,0.028201867
2023-09-11,EFA,-0.0040858816,-0.0076747397,0.003588858,train,0.020258676
2023-09-11,IWM,-0.0009769229,0.026820872,0.027797796,train,0.026567802
2023-09-11,SPY,-0.005500763,-0.008190681,0.002689918,train,-0.015287018
2023-09-11,TLT,0.00574724,0.027635556,0.021888316,train,0.022467725
2023-09-12,EFA,-0.0031109015,-0.023597382,0.020486481,train,-0.0076747397
2023-09-12,IWM,-0.0065912404,0.053153574,0.059744816,train,0.026820872
2023-09-12,SPY,0.0011653416,0.016754098,0.015588757,train,-0.008190681
2023-09-12,TLT,-0.00021202317,0.0027318234,0.0029438466,train,0.027635556
2023-09-13,EFA,0.013084853,-0.0065241093,0.019608963,train,-0.023597382
2023-09-13,IWM,0.014002295,0.02157207,0.007569775,train,0.053153574
2023-09-13,SPY,0.008585384,0.036339104,0.02775372,train,0.016754098
2023-09-13,TLT,-0.007244807,-0.035147842,0.027903035,train,0.0027318234
2023-09-14,EFA,-0.0022389498,0.018235248,0.020474197,train,-0.0065241093
2023-09-14,IWM,-0.010510456,0.04923472,0.059745178,train,0.02157207
2023-09-14,SPY,-0.012121394,0.03782823,0.049949624,train,0.036339104
2023-09-14,TLT,-0.0061127655,-0.022246584,0.016133819,train,-0.035147842
2023-09-15,EFA,-0.0035086214,0.0007121917,0.004220813,train,0.018235248
2023-09-15,IWM,-0.0066669215,0.0024000658,0.009066988,train,0.04923472
2023-09-15,SPY,0.0005862052,0.014035181,0.013448976,train,0.03782823
2023-09-15,TLT,0.0056853183,-0.017783776,0.023469094,train,-0.022246584
2023-09-18,EFA,0.000843276,0.022594288,0.021751013,train,0.0007121917
2023-09-18,IWM,-0.0039001533,-0.017957661,0.014057508,train,0.0024000658
2023-09-18,SPY,-0.0020760607,-0.012387305,0.010311244,train,0.014035181
2023-09-18,TLT,-0.007407799,-0.04096808,0.03356028,train,-0.017783776
2023-09-19,EFA,-0.0023907826,0.030195437,0.03258622,train,0.022594288
2023-09-19,IWM,-0.01006819,0.05553799,0.065606184,train,-0.017957661
2023-09-19,SPY,-0.009235697,-0.014395394,0.0051596975,train,-0.012387305
2023-09-19,TLT,0.0031199732,0.07069959,0.06757961,train,-0.04096808
2023-09-20,EFA,-0.016754603,-0.018768966,0.0020143632,train,0.030195437
2023-09-20,IWM,-0.01563335,0.03800502,0.05363837,train,0.05553799
2023-09-20,SPY,-0.01666658,0.013787818,0.030454397,train,-0.014395394
2023-09-20,TLT,-0.026009308,0.05899844,0.08500775,train,0.07069959
2023-09-21,EFA,0.0008587271,0.036029182,0.035170455,train,-0.018768966
2023-09-21,IWM,-0.0022618487,0.0026754383,0.004937287,train,0.03800502
2023-09-21,SPY,-0.0022510842,0.051267203,0.053518288,train,0.013787818
2023-09-21,TLT,0.008016581,0.00401673,0.0039998507,train,0.05899844
2023-09-22,EFA,-0.0044448534,0.013713186,0.01815804,train,0.036029182
2023-09-22,IWM,0.0044618193,0.035749428,0.03128761,train,0.0026754383
2023-09-22,SPY,0.0041964124,0.028383981,0.024187569,train,0.051267203
2023-09-22,TLT,-0.02491723,0.024154872,0.0490721,train,0.00401673
2023-09-25,EFA,-0.013017209,0.023102034,0.036119245,train,0.013713186
2023-09-25,IWM,-0.012940811,0.06061301,0.07355382,train,0.035749428
2023-09-25,SPY,-0.014800233,0.069725245,0.08452548,train,0.028383981
2023-09-25,TLT,-0.0034819404,0.0006778585,0.004159799,train,0.024154872
2023-09-26,EFA,-0.0018944107,-0.0053511886,0.003456778,train,0.023102034
2023-09-26,IWM,0.009305125,0.016403481,0.0070983563,train,0.06061301
2023-09-26,SPY,0.00039907757,-0.009238499,0.0096375765,train,0.069725245
2023-09-26,TLT,-0.005189258,0.029156078,0.034345336,train,0.0006778585
2023-09-27,EFA,0.00813491,-0.021969546,0.030104455,train,-0.0053511886
2023-09-27,IWM,0.008994006,0.078066446,0.06907244,train,0.016403481
2023-09-27,SPY,0.005780669,-0.012055452,0.01783612,train,-0.009238499
2023-09-27,TLT,0.0030487296,0.02398337,0.020934641,train,0.029156078
2023-09-28,EFA,-0.0028977767,0.018992092,0.02188987,train,-0.021969546
2023-09-28,IWM,-0.0047415243,0.047385834,0.052127358,train,0.078066446
2023-09-28,SPY,-0.00242996,-0.004111062,0.0016811017,train,-0.012055452
2023-09-28,TLT,0.000112628026,0.019150015,0.019037386,train,0.02398337
2023-09-29,EFA,-0.014763031,-0.001725046,0.013037985,train,0.018992092
2023-09-29,IWM,-0.015222242,0.012573057,0.0277953,train,0.047385834
2023-09-29,SPY,-0.00039781583,0.0041915523,0.004589368,train,-0.004111062
2023-09-29,TLT,-0.016881572,0.018053398,0.034934968,train,0.019150015
2023-10-02,EFA,-0.012595545,-0.016820583,0.004225039,train,-0.001725046
2023-10-02,IWM,-0.016975604,-0.0051633297,0.011812274,train,0.012573057
2023-10-02,SPY,-0.01347635,-0.00499558,0.0084807705,train,0.0041915523
2023-10-02,TLT,-0.021746445,-0.02266068,0.00091423467,train,0.018053398
2023-10-03,EFA,0.0017877596,-0.010420873,0.012208632,train,-0.016820583
2023-10-03,IWM,0.00046738307,-0.027140316,0.027607698,train,-0.0051633297
2023-10-03,SPY,0.007255538,-0.02279133,0.030046867,train,-0.00499558
2023-10-03,TLT,0.01400918,-0.03571382,0.049723,train,-0.02266068
2023-10-04,EFA,0.008743907,-0.016395606,0.025139514,train,-0.010420873
2023-10-04,IWM,0.0007589176,0.03559045,0.034831535,train,-0.027140316
2023-10-04,SPY,-0.00037686247,-0.037267808,0.036890946,train,-0.02279133
2023-10-04,TLT,-0.0049973233,0.0060175853,0.011014909,train,-0.03571382
2023-10-05,EFA,0.011006222,0.028960079,0.017953858,train,-0.016395606
2023-10-05,IWM,0.009583389,0.019837663,0.010254273,train,0.03559045
2023-10-05,SPY,0.011802957,-0.012932333,0.02473529,train,-0.037267808
2023-10-05,TLT,-0.012190938,0.008698999,0.020889938,train,0.0060175853
2023-10-06,EFA,-0.0014605563,0.031843834,0.03330439,train,0.028960079
2023-10-06,IWM,0.005763731,-0.015749495,0.021513227,train,0.019837663
2023-10-06,SPY,0.0063816467,0.025322061,0.018940415,train,-0.012932333
2023-10-06,TLT,0.023198478,-0.01784942,0.041047897,train,0.008698999
2023-10-09,EFA,0.013645244,0.041291725,0.027646482,train,0.031843834
2023-10-09,IWM,0.011258242,-0.018950377,0.030208617,train,-0.015749495
2023-10-09,SPY,0.005191356,-0.038824387,0.044015743,train,0.025322061
2023-10-09,TLT,-0.0013834406,-0.03652334,0.035139896,train,-0.01784942
2023-10-10,EFA,0.004172415,0.0053983657,0.0012259507,train,0.041291725
2023-10-10,IWM,-0.0017062986,0.016771458,0.018477757,train,-0.018950377
2023-10-10,SPY,0.0040880577,-0.033622462,0.03771052,train,-0.038824387
2023-10-10,TLT,0.020670617,0.012703982,0.007966635,train,-0.03652334
2023-10-11,EFA,-0.008362252,0.028781284,0.037143536,train,0.0053983657
2023-10-11,IWM,-0.022858443,-0.014541361,0.008317082,train,0.016771458
2023-10-11,SPY,-0.0061150566,-0.0053886576,0.000726399,train,-0.033622462
2023-10-11,TLT,-0.02750226,-0.057948645,0.030446386,train,0.012703982
2023-10-12,EFA,-0.009309183,0.024417605,0.03372679,train,0.028781284
2023-10-12,IWM,-0.008363338,-0.039660715,0.03129738,train,-0.014541361
2023-10-12,SPY,-0.004993419,-0.023479857,0.018486436,train,-0.0053886576
2023-10-12,TLT,0.017734133,-0.0095440755,0.027278207,train,-0.057948645
2023-10-13,EFA,0.0072800624,0.03199027,0.024710208,train,0.024417605
2023-10-13,IWM,0.016021762,-0.03702712,0.053048883,train,-0.039660715
2023-10-13,SPY,0.010466506,-0.0010797149,0.011546221,train,-0.023479857
2023-10-13,TLT,-0.016224818,-0.030063313,0.013838494,train,-0.0095440755
2023-10-16,EFA,0.00058032287,-0.0011648517,0.0017451746,train,0.03199027
2023-10-16,IWM,0.011093109,-0.040139172,0.051232282,train,-0.03702712
2023-10-16,SPY,-4.5870773e-05,-0.016784597,0.016738726,train,-0.0010797149
2023-10-16,TLT,-0.011082112,0.013551975,0.024634086,train,-0.030063313
2023-10-17,EFA,-0.017552275,-0.029405322,0.011853047,train,-0.0011648517
2023-10-17,IWM,-0.020792155,-0.018501569,0.002290586,train,-0.040139172
2023-10-17,SPY,-0.013414729,0.013073255,0.026487984,train,-0.016784597
2023-10-17,TLT,-0.008836853,0.0013970444,0.010233898,train,0.013551975
2023-10-18,EFA,-0.008892791,0.02461641,0.033509202,train,-0.029405322
2023-10-18,IWM,-0.016060604,-0.012328095,0.003732509,train,-0.018501569
2023-10-18,SPY,-0.008825177,0.034907795,0.04373297,train,0.013073255
2023-10-18,TLT,-0.020685751,0.021387309,0.04207306,train,0.0013970444
2023-10-19,EFA,-0.008972769,0.04151664,0.050489407,train,0.02461641
2023-10-19,IWM,-0.013012594,-0.043792676,0.030780083,train,-0.012328095
2023-10-19,SPY,-0.012364235,0.0011773976,0.013541632,train,0.034907795
2023-10-19,TLT,0.0056623067,-0.0074682897,0.013130596,train,0.021387309
2023-10-20,EFA,0.0007510251,0.04828811,0.047537085,train,0.04151664
2023-10-20,IWM,-0.008507722,-0.070558816,0.062051095,train,-0.043792676
2023-10-20,SPY,-0.001734666,0.0016561495,0.0033908156,train,0.0011773976
2023-10-20,TLT,0.011941664,0.05031223,0.038370565,train,-0.0074682897
2023-10-23,EFA,0.005687819,0.029864162,0.024176344,train,0.04828811
2023-10-23,IWM,0.008687802,-0.036746707,0.04543451,train,-0.070558816
2023-10-23,SPY,0.00751121,-0.0076217456,0.015132956,train,0.0016561495
2023-10-23,TLT,0.013090957,0.058260605,0.045169648,train,0.05031223
2023-10-24,EFA,-0.007190123,0.02584979,0.033039913,train,0.029864162
2023-10-24,IWM,-0.016657347,-0.0064958846,0.010161462,train,-0.036746707
2023-10-24,SPY,-0.014456209,-0.032284398,0.017828189,train,-0.0076217456
2023-10-24,TLT,-0.022513105,0.016267952,0.038781054,train,0.058260605
2023-10-25,EFA,-0.007242071,-0.019394338,0.012152268,train,0.02584979
2023-10-25,IWM,0.0025619483,-0.006539683,0.009101631,train,-0.0064958846
2023-10-25,SPY,-0.012047056,-0.032900166,0.02085311,train,-0.032284398
2023-10-25,TLT,0.01522247,-0.024808206,0.040030677,train,0.016267952
2023-10-26,EFA,-0.003033067,0.001999029,0.005032096,train,-0.019394338
2023-10-26,IWM,-0.011827733,0.006134997,0.017962731,train,-0.006539683
2023-10-26,SPY,-0.00454298,-0.023369472,0.018826492,train,-0.032900166
2023-10-26,TLT,-0.0042579444,-0.052595142,0.0483372,train,-0.024808206
2023-10-27,EFA,0.012677533,-0.014972557,0.02765009,train,0.001999029
2023-10-27,IWM,0.00553286,-0.008743799,0.014276659,train,0.006134997
2023-10-27,SPY,0.011884843,-0.046567675,0.058452517,train,-0.023369472
2023-10-27,TLT,-0.0045143254,-0.0034162374,0.001098088,train,-0.052595142
2023-10-30,EFA,0.0035928974,-0.03975292,0.043345816,train,-0.014972557
2023-10-30,IWM,0.008607153,-0.025257763,0.033864915,train,-0.008743799
2023-10-30,SPY,0.0062607247,-0.018373575,0.0246343,train,-0.046567675
2023-10-30,TLT,-0.004893334,0.031662647,0.03655598,train,-0.0034162374
2023-10-31,EFA,0.009370195,0.00012601446,0.00924418,train,-0.03975292
2023-10-31,IWM,0.0056974706,-0.035145957,0.040843427,train,-0.025257763
2023-10-31,SPY,0.010608311,-0.037062723,0.047671035,train,-0.018373575
2023-10-31,TLT,0.021450436,0.045720365,0.02426993,train,0.031662647
2023-11-01,EFA,0.020223305,-0.02461515,0.044838455,train,0.00012601446
2023-11-01,IWM,0.026303973,0.008573416,0.017730556,train,-0.035145957
2023-11-01,SPY,0.018983038,-0.08421774,0.10320078,train,-0.037062723
2023-11-01,TLT,0.02254067,0.0076736063,0.014867064,train,0.045720365
2023-11-02,EFA,0.010534955,0.037923366,0.02738841,train,-0.02461515
2023-11-02,IWM,0.0268339,-0.0042283265,0.031062227,train,0.008573416
2023-11-02,SPY,0.0090818945,-0.012791916,0.02187381,train,-0.08421774
2023-11-02,TLT,0.006755566,-0.015428419,0.022183985,train,0.0076736063
2023-11-03,EFA,-0.0050373436,0.03885343,0.043890774,train,0.037923366
2023-11-03,IWM,-0.012572075,-0.021669213,0.0090971375,train,-0.0042283265
2023-11-03,SPY,0.0022979665,-0.029181741,0.03147971,train,-0.012791916
2023-11-03,TLT,-0.009747202,0.019224677,0.028971879,train,-0.015428419
2023-11-06,EFA,-0.0060780323,-0.02762371,0.021545677,train,0.03885343
2023-11-06,IWM,-0.00354641,-0.021756444,0.018210035,train,-0.021669213
2023-11-06,SPY,0.0028418049,-0.0032315506,0.0060733557,train,-0.029181741
2023-11-06,TLT,0.014642225,0.0056012776,0.009040947,train,0.019224677
2023-11-07,EFA,-0.0013071486,-0.045779694,0.044472545,train,-0.02762371
2023-11-07,IWM,-0.010715415,-0.055219907,0.044504493,train,-0.021756444
2023-11-07,SPY,0.0007322244,-0.06771895,0.06845117,train,-0.0032315506
2023-11-07,TLT,0.016890213,-0.0019778488,0.018868063,train,0.0056012776
2023-11-08,EFA,-0.00014543756,0.056379873,0.056525312,train,-0.045779694
2023-11-08,IWM,-0.015603641,-0.053213675,0.03761003,train,-0.055219907
2023-11-08,SPY,-0.007829174,-0.035205815,0.02737664,train,-0.06771895
2023-11-08,TLT,-0.023269624,-0.012995073,0.010274551,train,-0.0019778488
2023-11-09,EFA,0.0044963695,-0.00047905184,0.0049754214,train,0.056379873
2023-11-09,IWM,0.011119684,-0.018294636,0.02941432,train,-0.053213675
2023-11-09,SPY,0.015484229,0.034367118,0.01888289,train,-0.035205815
2023-11-09,TLT,0.005584398,0.009186155,0.0036017573,train,-0.012995073
2023-11-10,EFA,0.0026015013,-0.039226193,0.041827694,train,-0.00047905184
2023-11-10,IWM,0.0003547188,0.0074123954,0.0070576766,train,-0.018294636
2023-11-10,SPY,-0.0009536565,-0.014153208,0.013199551,train,0.034367118
2023-11-10,TLT,-0.002275612,-0.016196366,0.013920754,train,0.009186155
2023-11-13,EFA,0.025227688,-0.0006692596,0.025896948,train,-0.039226193
2023-11-13,IWM,0.053460434,0.05795152,0.004491087,train,0.0074123954
2023-11-13,SPY,0.01921492,0.007284601,0.0119303195,train,-0.014153208
2023-11-13,TLT,0.022414286,-0.00818845,0.030602735,train,-0.016196366
2023-11-14,EFA,-0.0015495991,0.0138355205,0.015385119,train,-0.0006692596
2023-11-14,IWM,0.0017354795,-0.014577183,0.016312663,train,0.05795152
2023-11-14,SPY,0.0021147826,0.061421115,0.05930633,train,0.007284601
2023-11-14,TLT,-0.014133474,-0.041773666,0.027640192,train,-0.00818845
2023-11-15,EFA,-0.00070492504,-0.00813841,0.007433485,train,0.0138355205
2023-11-15,IWM,-0.016298123,0.022419069,0.03871719,train,-0.014577183
2023-11-15,SPY,0.0012223729,0.05066203,0.049439657,train,0.061421115
2023-11-15,TLT,0.012350019,-0.006112135,0.018462155,train,-0.041773666
2023-11-16,EFA,0.013451182,0.04073935,0.027288169,train,-0.00813841
2023-11-16,IWM,0.013609537,0.03736063,0.023751095,train,0.022419069
2023-11-16,SPY,0.0012431697,0.003409353,0.0021661834,train,0.05066203
2023-11-16,TLT,0.00467527,0.025359817,0.020684548,train,-0.006112135
2023-11-17,EFA,0.003750797,0.018218976,0.014468178,train,0.04073935
2023-11-17,IWM,0.005816027,-0.032716427,0.038532455,train,0.03736063
2023-11-17,SPY,0.007667928,0.047788315,0.040120386,train,0.003409353
2023-11-17,TLT,0.006090108,0.012822208,0.0067321,train,0.025359817
2023-11-20,EFA,-0.0038901176,0.034556102,0.038446218,train,0.018218976
2023-11-20,IWM,-0.012964653,-0.042678338,0.029713685,train,-0.032716427
2023-11-20,SPY,-0.0021816867,-0.0192638,0.017082114,train,0.047788315
2023-11-20,TLT,-0.00044167353,0.015622797,0.01606447,train,0.012822208
2023-11-21,EFA,0.0023638702,-0.0129448,0.01530867,train,0.034556102
2023-11-21,IWM,0.006250734,-0.009161293,0.015412027,train,-0.042678338
2023-11-21,SPY,0.0038533567,-0.018648598,0.022501955,train,-0.0192638
2023-11-21,TLT,0.0035277533,0.014088248,0.010560495,train,0.015622797
2023-11-22,EFA,0.007608618,-0.019626599,0.027235217,train,-0.0129448
2023-11-22,IWM,0.006713919,0.047535315,0.040821396,train,-0.009161293
2023-11-22,SPY,0.0006151311,-0.014916497,0.015531628,train,-0.018648598
2023-11-22,TLT,-0.011844919,0.015134115,0.026979033,train,0.014088248
2023-11-24,EFA,-0.0034514642,0.026756682,0.030208146,train,-0.019626599
2023-11-24,IWM,-0.0033513247,0.0339858,0.037337124,train,0.047535315
2023-11-24,SPY,-0.0018026583,0.01555895,0.017361607,train,-0.014916497
2023-11-24,TLT,0.016565818,0.009918158,0.0066476604,train,0.015134115
2023-11-27,EFA,0.00027658333,-0.06903923,0.06931581,train,0.026756682
2023-11-27,IWM,-0.0038679906,0.07153733,0.07540532,train,0.0339858
2023-11-27,SPY,0.0009897384,0.0040491493,0.003059411,train,0.01555895
2023-11-27,TLT,0.0019694683,0.072928175,0.070958704,train,0.009918158
2023-11-28,EFA,0.0020718263,-0.04866701,0.050738838,train,-0.06903923
2023-11-28,IWM,0.0052657775,0.049919497,0.04465372,train,0.07153733
2023-11-28,SPY,-0.00070368877,0.0050309533,0.005734642,train,0.0040491493
2023-11-28,TLT,0.012492637,0.03120495,0.018712312,train,0.072928175
2023-11-29,EFA,-0.0008282611,0.0010071201,0.0018353811,train,-0.04866701
2023-11-29,IWM,0.0037922475,0.0021672724,0.0016249751,train,0.049919497
2023-11-29,SPY,0.0039297403,0.010902333,0.006972593,train,0.0050309533
2023-11-29,TLT,-0.011618551,0.0659553,0.07757385,train,0.03120495
2023-11-30,EFA,0.010439715,-0.040460605,0.05090032,train,0.0010071201
2023-11-30,IWM,0.028802916,-0.0041653644,0.032968283,train,0.0021672724
2023-11-30,SPY,0.005898395,-0.0007582344,0.0066566295,train,0.010902333
2023-11-30,TLT,0.01865884,0.06511331,0.046454474,train,0.0659553
2023-12-01,EFA,-0.007819466,-0.04030114,0.032481674,train,-0.040460605
2023-12-01,IWM,0.010650987,0.044435937,0.03378495,train,-0.0041653644
2023-12-01,SPY,-0.005263191,-0.0058259023,0.00056271115,train,-0.0007582344
2023-12-01,TLT,-0.003986773,0.06156733,0.065554105,train,0.06511331
2023-12-04,EFA,-0.003587422,-0.023742791,0.02015537,train,-0.04030114
2023-12-04,IWM,-0.013467106,0.014114664,0.02758177,train,0.044435937
2023-12-04,SPY,-0.00019699668,0.021702122,0.021899119,train,-0.0058259023
2023-12-04,TLT,0.021258077,0.02052851,0.00072956644,train,0.06156733
2023-12-05,EFA,0.0030363128,-0.009135037,0.0121713495,train,-0.023742791
2023-12-05,IWM,-0.0017913305,0.026591,0.02838233,train,0.014114664
2023-12-05,SPY,-0.004037997,0.019172683,0.02321068,train,0.021702122
2023-12-05,TLT,0.013229662,0.048349474,0.035119813,train,0.02052851
2023-12-06,EFA,0.0048113717,0.000800726,0.0040106457,train,-0.009135037
2023-12-06,IWM,0.0071999896,0.021862492,0.014662502,train,0.026591
2023-12-06,SPY,0.0076015857,0.015828997,0.008227412,train,0.019172683
2023-12-06,TLT,-0.00575302,0.007909437,0.013662457,train,0.048349474
2023-12-07,EFA,0.003012501,0.032662883,0.029650383,train,0.000800726
2023-12-07,IWM,0.007576913,0.021887735,0.014310822,train,0.021862492
2023-12-07,SPY,0.004289781,-0.01775524,0.022045022,train,0.015828997
2023-12-07,TLT,-0.008216475,-0.008087336,0.00012913905,train,0.007909437
2023-12-08,EFA,0.0024579798,0.004407686,0.0019497063,train,0.032662883
2023-12-08,IWM,0.0020855602,0.06285378,0.060768224,train,0.021887735
2023-12-08,SPY,0.0038820985,-0.046063524,0.049945623,train,-0.01775524
2023-12-08,TLT,-0.0021181114,0.039676875,0.041794986,train,-0.008087336
2023-12-11,EFA,0.0017713641,0.021447316,0.019675951,train,0.004407686
2023-12-11,IWM,-0.0010156321,0.046066727,0.04708236,train,0.06285378
2023-12-11,SPY,0.004556731,-0.0038657365,0.008422468,train,-0.046063524
2023-12-11,TLT,0.0029635523,0.008390446,0.005426894,train,0.039676875
2023-12-12,EFA,0.014462781,0.02263426,0.008171479,train,0.021447316
2023-12-12,IWM,0.03329006,0.031864233,0.0014258251,train,0.046066727
2023-12-12,SPY,0.013695949,0.003398626,0.010297323,train,-0.0038657365
2023-12-12,TLT,0.023191545,0.0006031729,0.022588372,train,0.008390446
2023-12-13,EFA,0.0073533934,0.008048132,0.0006947387,train,0.02263426
2023-12-13,IWM,0.027447976,0.06976269,0.042314716,train,0.031864233
2023-12-13,SPY,0.0032042782,-0.025733221,0.0289375,train,0.003398626
2023-12-13,TLT,0.025680192,0.028661147,0.002980955,train,0.0006031729
2023-12-14,EFA,-0.009771966,-0.019242886,0.00947092,train,0.008048132
2023-12-14,IWM,-0.008439807,0.018637035,0.027076842,train,0.06976269
2023-12-14,SPY,-0.0016479628,-0.008622211,0.0069742487,train,-0.025733221
2023-12-14,TLT,0.0011099894,0.057068508,0.055958517,train,0.028661147
2023-12-15,EFA,0.0024185728,-0.017223153,0.019641725,train,-0.019242886
2023-12-15,IWM,0.00035516452,0.017142989,0.016787823,train,0.018637035
2023-12-15,SPY,0.005609309,-0.008596747,0.014206056,train,-0.008622211
2023-12-15,TLT,-0.007999784,-0.033055898,0.025056113,train,0.057068508
2023-12-18,EFA,0.008418522,0.004702412,0.0037161098,train,-0.017223153
2023-12-18,IWM,0.019194618,-0.02708739,0.04628201,train,0.017142989
2023-12-18,SPY,0.0060625887,-0.005895774,0.011958363,train,-0.008596747
2023-12-18,TLT,0.005373923,0.01660942,0.011235496,train,-0.033055898
2023-12-19,EFA,-0.010143131,-0.019795716,0.009652585,train,0.004702412
2023-12-19,IWM,-0.019754732,-0.028569598,0.008814866,train,-0.02708739
2023-12-19,SPY,-0.0139542185,0.0019137571,0.015867975,train,-0.005895774
2023-12-19,TLT,0.006752708,-0.037591096,0.044343803,train,0.01660942
2023-12-20,EFA,0.016067434,0.030997254,0.01492982,train,-0.019795716
2023-12-20,IWM,0.016873479,0.011535061,0.0053384183,train,-0.028569598
2023-12-20,SPY,0.009437173,0.0617225,0.052285325,train,0.0019137571
2023-12-20,TLT,-0.006348313,-0.001322302,0.005026011,train,-0.037591096
2023-12-21,EFA,0.0009369975,0.0015385766,0.0006015791,train,0.030997254
2023-12-21,IWM,0.009274493,-0.014145321,0.023419814,train,0.011535061
2023-12-21,SPY,0.0020077405,0.015462968,0.013455227,train,0.0617225
2023-12-21,TLT,-0.0045588384,0.027031586,0.031590424,train,-0.001322302
2023-12-22,EFA,0.004539537,-0.010304517,0.014844054,train,0.0015385766
2023-12-22,IWM,0.012920049,0.001525647,0.011394402,train,-0.014145321
2023-12-22,SPY,0.0042137057,0.03517647,0.030962765,train,0.015462968
2023-12-22,TLT,0.002839007,-0.012785244,0.015624251,train,0.027031586
2023-12-26,EFA,0.005314216,-0.03804635,0.043360565,train,-0.010304517
2023-12-26,IWM,0.0035215765,-0.043305155,0.04682673,train,0.001525647
2023-12-26,SPY,0.0018063122,0.03970004,0.037893727,train,0.03517647
2023-12-26,TLT,0.017564567,-0.02659113,0.044155695,train,-0.012785244
2023-12-27,EFA,-0.002653686,-0.020267017,0.01761333,train,-0.03804635
2023-12-27,IWM,-0.0038157292,-0.0010266071,0.002789122,train,-0.043305155
2023-12-27,SPY,0.00037774432,0.027783256,0.027405512,train,0.03970004
2023-12-27,TLT,-0.0072891666,-0.05576596,0.048476793,train,-0.02659113
2023-12-28,EFA,0.0010623413,-0.068017535,0.069079876,train,-0.020267017
2023-12-28,IWM,-0.016454833,-0.02699418,0.010539347,train,-0.0010266071
2023-12-28,SPY,-0.0028992323,0.01098235,0.013881583,train,0.027783256
2023-12-28,TLT,-0.009060686,0.021334186,0.030394873,train,-0.05576596
2023-12-29,EFA,-0.011210562,-0.075641856,0.064431295,train,-0.068017535
2023-12-29,IWM,-0.0059466837,-0.03275147,0.026804786,train,-0.02699418
2023-12-29,SPY,-0.0056121256,0.008007516,0.013619642,train,0.01098235
2023-12-29,TLT,-0.0057814163,0.030385282,0.036166698,train,0.021334186
2024-01-02,EFA,-0.00754429,0.066669874,0.07421416,train,-0.075641856
2024-01-02,IWM,-0.027025951,0.009595803,0.036621753,train,-0.03275147
2024-01-02,SPY,-0.008200112,0.023867738,0.03206785,train,0.008007516
2024-01-02,TLT,0.004161612,-0.009277877,0.0134394895,train,0.030385282
2024-01-03,EFA,0.0022963397,0.040396582,0.038100243,train,0.066669874
2024-01-03,IWM,-0.0019585495,0.007669241,0.009627791,train,0.009595803
2024-01-03,SPY,-0.0032262574,0.034299895,0.037526153,train,0.023867738
2024-01-03,TLT,-0.015310917,-0.006709515,0.008601402,train,-0.009277877
2024-01-04,EFA,0.0006742172,0.023045408,0.02237119,train,0.040396582
2024-01-04,IWM,-0.0029452373,0.0009522261,0.0038974634,train,0.007669241
2024-01-04,SPY,0.0013686521,-0.02262459,0.023993243,train,0.034299895
2024-01-04,TLT,-0.009612126,0.03658703,0.046199158,train,-0.006709515
2024-01-05,EFA,0.010595,-0.022228096,0.032823097,train,0.023045408
2024-01-05,IWM,0.017847473,0.013724518,0.004122955,train,0.0009522261
2024-01-05,SPY,0.014175031,-0.082981095,0.09715612,train,-0.02262459
2024-01-05,TLT,0.009817774,0.040969778,0.031152003,train,0.03658703
2024-01-08,EFA,-0.0089782495,0.04575752,0.054735772,train,-0.022228096
2024-01-08,IWM,-0.008986489,-0.03640947,0.027422983,train,0.013724518
2024-01-08,SPY,-0.001518167,0.006790002,0.0083081685,train,-0.082981095
2024-01-08,TLT,-0.006396228,-0.00031398144,0.0060822465,train,0.040969778
2024-01-09,EFA,0.006440231,0.012719129,0.006278898,train,0.04575752
2024-01-09,IWM,0.0005640377,0.0018523829,0.0012883452,train,-0.03640947
2024-01-09,SPY,0.0056393994,0.01975682,0.014117421,train,0.006790002
2024-01-09,TLT,-0.004668432,0.0068669803,0.011535412,train,-0.00031398144
2024-01-10,EFA,-0.00013363802,-0.0060477937,0.005914156,train,0.012719129
2024-01-10,IWM,-0.007873841,-0.08071988,0.07284604,train,0.0018523829
2024-01-10,SPY,-0.00044067175,0.016389985,0.016830657,train,0.01975682
2024-01-10,TLT,0.0055991285,-0.018168878,0.023768006,train,0.0068669803
2024-01-11,EFA,0.004138079,-0.049097195,0.053235274,train,-0.0060477937
2024-01-11,IWM,-0.0016546729,-0.1536376,0.15198293,train,-0.08071988
2024-01-11,SPY,0.0006924251,-0.043222357,0.04391478,train,0.016389985
2024-01-11,TLT,-0.0019663114,0.037029445,0.038995758,train,-0.018168878
2024-01-12,EFA,-0.01692676,-0.04420888,0.02728212,train,-0.049097195
2024-01-12,IWM,-0.012445943,0.016611472,0.029057415,train,-0.1536376
2024-01-12,SPY,-0.0036779426,0.05073984,0.05441778,train,-0.043222357
2024-01-12,TLT,-0.017770145,0.0855322,0.103302345,train,0.037029445
2024-01-16,EFA,-0.009529014,0.06980961,0.079338625,train,-0.04420888
2024-01-16,IWM,-0.007151736,-0.09449906,0.08734732,train,0.016611472
2024-01-16,SPY,-0.005574251,-0.023840401,0.01826615,train,0.05073984
2024-01-16,TLT,-0.0015829483,0.002481428,0.0040643765,train,0.0855322
2024-01-17,EFA,0.008851286,0.005771269,0.003080017,train,0.06980961
2024-01-17,IWM,0.005893419,-0.0752054,0.08109882,train,-0.09449906
2024-01-17,SPY,0.0088535715,0.01201831,0.0031647384,train,-0.023840401
2024-01-17,TLT,-0.009338886,-0.027429208,0.018090323,train,0.002481428
2024-01-18,EFA,0.0023020273,-0.006140358,0.008442385,train,0.005771269
2024-01-18,IWM,0.00955552,-0.004003915,0.013559435,train,-0.0752054
2024-01-18,SPY,0.012389146,0.0066753393,0.0057138065,train,0.01201831
2024-01-18,TLT,0.0031933836,-0.030018587,0.03321197,train,-0.027429208
2024-01-19,EFA,0.0031063163,0.0009552138,0.0021511025,train,-0.006140358
2024-01-19,IWM,0.021133544,-0.017444491,0.038578033,train,-0.004003915
2024-01-19,SPY,0.002112127,-0.023344275,0.025456402,train,0.0066753393
2024-01-19,TLT,0.005934182,0.035896864,0.029962681,train,-0.030018587
2024-01-22,EFA,-0.0028358377,0.0053263875,0.008162225,train,0.0009552138
2024-01-22,IWM,-0.0029044177,-0.020075265,0.017170848,train,-0.017444491
2024-01-22,SPY,0.0029121472,0.016195249,0.013283102,train,-0.023344275
2024-01-22,TLT,-0.007955747,0.033372965,0.041328713,train,0.035896864
2024-01-23,EFA,0.00754429,-0.03638103,0.04392532,train,0.0053263875
2024-01-23,IWM,-0.008249359,0.019155841,0.0274052,train,-0.020075265
2024-01-23,SPY,0.0010924978,-0.005660978,0.006753476,train,0.016195249
2024-01-23,TLT,-0.005874217,-0.05716375,0.051289532,train,0.033372965
2024-01-24,EFA,0.0028144447,-0.06622282,0.06903726,train,-0.03638103
2024-01-24,IWM,0.008249359,0.00741293,0.0008364292,train,0.019155841
2024-01-24,SPY,0.005424345,-0.09219483,0.097619176,train,-0.005660978
2024-01-24,TLT,0.0065132813,-0.051012106,0.05752539,train,-0.05716375
2024-01-25,EFA,0.0044068033,-0.06352617,0.06793297,train,-0.06622282
2024-01-25,IWM,5.10638e-05,-0.04266369,0.042714752,train,0.00741293
2024-01-25,SPY,-0.0012714112,-0.10061974,0.09934833,train,-0.09219483
2024-01-25,TLT,-0.0019176182,-0.040707625,0.038790006,train,-0.051012106
2024-01-26,EFA,0.005845619,-0.063446805,0.069292426,train,-0.06352617
2024-01-26,IWM,0.0173503,-0.033761118,0.051111415,train,-0.04266369
2024-01-26,SPY,0.007888276,-0.057684984,0.06557326,train,-0.10061974
2024-01-26,TLT,0.011450406,-0.020781778,0.032232184,train,-0.040707625
2024-01-29,EFA,-0.0013256114,-0.061865505,0.060539894,train,-0.063446805
2024-01-29,IWM,-0.008561674,-0.027336042,0.018774368,train,-0.033761118
2024-01-29,SPY,-0.00077384023,-0.042659488,0.041885648,train,-0.057684984
2024-01-29,TLT,0.009025074,-0.059072185,0.068097256,train,-0.020781778
2024-01-30,EFA,-0.0050532147,0.06266717,0.06772038,train,-0.061865505
2024-01-30,IWM,-0.024733046,0.0011919932,0.02592504,train,-0.027336042
2024-01-30,SPY,-0.01645179,-0.035182077,0.018730287,train,-0.042659488
2024-01-30,TLT,0.009772656,-0.029070307,0.03884296,train,-0.059072185
2024-01-31,EFA,0.009817041,0.019091483,0.009274442,train,0.06266717
2024-01-31,IWM,0.013185155,-0.0007830439,0.013968199,train,0.0011919932
2024-01-31,SPY,0.013003248,0.06463604,0.051632788,train,-0.035182077
2024-01-31,TLT,0.019426003,0.024419647,0.0049936436,train,-0.029070307
2024-02-01,EFA,-0.007952331,0.028866407,0.036818735,train,0.019091483
2024-02-01,IWM,-0.005284071,-0.045277227,0.039993156,train,-0.0007830439
2024-02-01,SPY,0.010472299,-0.021715276,0.032187574,train,0.06463604
2024-02-01,TLT,-0.022336403,-0.068762764,0.046426363,train,0.024419647
2024-02-02,EFA,-0.0053370143,0.06381559,0.06915261,train,0.028866407
2024-02-02,IWM,-0.012786455,-0.00782499,0.0049614655,train,-0.045277227
2024-02-02,SPY,-0.003647697,-0.04452244,0.040874742,train,-0.021715276
2024-02-02,TLT,-0.020400468,-0.02392102,0.003520552,train,-0.068762764
2024-02-05,EFA,0.006135067,0.033864506,0.027729439,train,0.06381559
2024-02-05,IWM,0.008972784,0.021109443,0.01213666,train,-0.00782499
2024-02-05,SPY,0.0028990014,-0.024543628,0.02744263,train,-0.04452244
2024-02-05,TLT,0.00972646,-0.017909326,0.027635787,train,-0.02392102
2024-02-06,EFA,-0.00053207256,-0.022060376,0.021528304,train,0.033864506
2024-02-06,IWM,-0.0023262303,0.020938229,0.023264458,train,0.021109443
2024-02-06,SPY,0.008305753,-0.030509777,0.03881553,train,-0.024543628
2024-02-06,TLT,-0.0048514483,-0.05118471,0.04633326,train,-0.017909326
2024-02-07,EFA,-0.0017309493,-0.038215328,0.03648438,train,-0.022060376
2024-02-07,IWM,0.015050209,-0.0040011136,0.019051323,train,0.020938229
2024-02-07,SPY,0.0004417035,-0.021264289,0.021705993,train,-0.030509777
2024-02-07,TLT,-0.005831438,-0.033158544,0.027327105,train,-0.05118471
2024-02-08,EFA,0.0034589074,0.02044763,0.016988723,train,-0.038215328
2024-02-08,IWM,0.016132135,-0.006669472,0.022801608,train,-0.0040011136
2024-02-08,SPY,0.0057627726,0.021464307,0.015701534,train,-0.021264289
2024-02-08,TLT,-0.0020223595,0.04497732,0.046999678,train,-0.033158544
2024-02-09,EFA,0.0017249775,-0.00577012,0.0074950974,train,0.02044763
2024-02-09,IWM,0.01799713,-0.04137065,0.05936778,train,-0.006669472
2024-02-09,SPY,-0.00043916484,0.025113929,0.025553094,train,0.021464307
2024-02-09,TLT,0.0011713941,0.017089617,0.015918223,train,0.04497732
2024-02-12,EFA,-0.015497999,-0.057151135,0.041653134,train,-0.00577012
2024-02-12,IWM,-0.042011328,-0.025788628,0.0162227,train,-0.04137065
2024-02-12,SPY,-0.013868821,0.015855612,0.029724434,train,0.025113929
2024-02-12,TLT,-0.017283555,-0.013061571,0.004221984,train,0.017089617
2024-02-13,EFA,0.011113445,0.016119968,0.005006523,train,-0.057151135
2024-02-13,IWM,0.022960264,0.030663736,0.007703472,train,-0.025788628
2024-02-13,SPY,0.009046687,0.02637142,0.017324733,train,0.015855612
2024-02-13,TLT,0.0050765146,0.019319374,0.01424286,train,-0.013061571
2024-02-14,EFA,0.011254648,0.022984903,0.011730256,train,0.016119968
2024-02-14,IWM,0.026316721,-0.03923712,0.065553844,train,0.030663736
2024-02-14,SPY,0.00687613,0.033741526,0.026865397,train,0.02637142
2024-02-14,TLT,0.005158182,0.018385913,0.013227731,train,0.019319374
2024-02-15,EFA,0.0015788906,-0.008964541,0.010543432,train,0.022984903
2024-02-15,IWM,-0.0136914,-0.06246232,0.04877092,train,-0.03923712
2024-02-15,SPY,-0.00499244,0.03535478,0.04034722,train,0.033741526
2024-02-15,TLT,-0.005804818,-0.040631164,0.034826346,train,0.018385913
2024-02-16,EFA,0.004066855,-0.015063317,0.019130172,train,-0.008964541
2024-02-16,IWM,-0.013881617,-0.09483241,0.0809508,train,-0.06246232
2024-02-16,SPY,-0.0055207266,0.035439678,0.040960405,train,0.03535478
2024-02-16,TLT,0.0008622384,-0.039067537,0.039929774,train,-0.040631164
2024-02-20,EFA,0.00078531244,0.003267048,0.0024817355,train,-0.015063317
2024-02-20,IWM,-0.004737636,-0.12276037,0.11802273,train,-0.09483241
2024-02-20,SPY,0.0009054684,0.036426276,0.035520807,train,0.035439678
2024-02-20,TLT,-0.0071346485,0.029515322,0.036649972,train,-0.039067537
2024-02-21,EFA,0.0111877015,0.022652585,0.011464884,train,0.003267048
2024-02-21,IWM,0.00754952,-0.020302609,0.02785213,train,-0.12276037
2024-02-21,SPY,0.020484222,0.002321287,0.018162936,train,0.036426276
2024-02-21,TLT,0.0048700785,-0.02749468,0.03236476,train,0.029515322
2024-02-22,EFA,0.0012927728,0.032483824,0.031191051,train,0.022652585
2024-02-22,IWM,0.0022537631,-0.0591237,0.061377462,train,-0.020302609
2024-02-22,SPY,0.0006894102,-0.007821013,0.008510424,train,0.002321287
2024-02-22,TLT,0.013297761,0.010119134,0.0031786272,train,-0.02749468
2024-02-23,EFA,-0.0014220367,0.020339005,0.021761041,train,0.032483824
2024-02-23,IWM,0.0062835542,-0.01887688,0.025160436,train,-0.0591237
2024-02-23,SPY,-0.0036691534,0.036252815,0.03992197,train,-0.007821013
2024-02-23,TLT,-0.0029875825,0.028188404,0.031175986,train,0.010119134
2024-02-26,EFA,0.0027133506,-0.015480845,0.018194195,train,0.020339005
2024-02-26,IWM,0.014069171,0.020413801,0.0063446304,train,-0.01887688
2024-02-26,SPY,0.001856031,0.027535912,0.02567988,train,0.036252815
2024-02-26,TLT,-0.007076915,-0.017971933,0.010895018,train,0.028188404
2024-02-27,EFA,-0.0058234553,-0.014764662,0.008941207,train,-0.015480845
2024-02-27,IWM,-0.008269221,0.006494754,0.014763975,train,0.020413801
2024-02-27,SPY,-0.0013225611,0.03805441,0.03937697,train,0.027535912
2024-02-27,TLT,0.006328912,-0.0027476242,0.009076536,train,-0.017971933
2024-02-28,EFA,0.002592355,0.053142875,0.05055052,train,-0.014764662
2024-02-28,IWM,0.006944853,-0.011726997,0.01867185,train,0.006494754
2024-02-28,SPY,0.00358842,0.047548484,0.043960065,train,0.03805441
2024-02-28,TLT,0.0070323353,0.011160926,0.0041285907,train,-0.0027476242
2024-02-29,EFA,0.00966194,-0.03547715,0.04513909,train,0.053142875
2024-02-29,IWM,0.010546534,0.008450725,0.0020958092,train,-0.011726997
2024-02-29,SPY,0.009344515,0.005806272,0.0035382435,train,0.047548484
2024-02-29,TLT,0.0062118648,0.030081615,0.02386975,train,0.011160926
2024-03-01,EFA,-0.002567501,0.02573334,0.028300842,train,-0.03547715
2024-03-01,IWM,-0.00092338526,0.021551754,0.02247514,train,0.008450725
2024-03-01,SPY,-0.0010729153,0.018633328,0.019706244,train,0.005806272
2024-03-01,TLT,-0.004030585,-0.0029041218,0.0011264631,train,0.030081615
2024-03-04,EFA,-0.0018009292,0.020428903,0.022229832,train,0.02573334
2024-03-04,IWM,-0.009623149,-0.0006603915,0.008962758,train,0.021551754
2024-03-04,SPY,-0.010044439,0.033099007,0.043143444,train,0.018633328
2024-03-04,TLT,0.014141124,-0.038586322,0.052727446,train,-0.0029041218
2024-03-05,EFA,0.011776727,-0.06257729,0.07435402,train,0.020428903
2024-03-05,IWM,0.007433113,-0.039933886,0.047367,train,-0.0006603915
2024-03-05,SPY,0.0050544315,0.011692913,0.0066384817,train,0.033099007
2024-03-05,TLT,0.0058509354,-0.02182848,0.027679415,train,-0.038586322
2024-03-06,EFA,0.011765729,0.01186901,0.00010328088,train,-0.06257729
2024-03-06,IWM,0.008296954,-0.01574919,0.024046145,train,-0.039933886
2024-03-06,SPY,0.0098774275,0.02629947,0.01642204,train,0.011692913
2024-03-06,TLT,-0.0009378036,0.010440378,0.011378182,train,-0.02182848
2024-03-07,EFA,-0.00327546,-0.026145466,0.022870006,train,0.01186901
2024-03-07,IWM,-0.0006284149,-0.015604953,0.014976539,train,-0.01574919
2024-03-07,SPY,-0.006020214,-0.006816554,0.00079633994,train,0.02629947
2024-03-07,TLT,-0.0017744267,0.038162183,0.03993661,train,0.010440378
2024-03-08,EFA,-0.005694392,-0.054699223,0.04900483,train,-0.026145466
2024-03-08,IWM,-0.007960815,-0.02886409,0.020903274,train,-0.015604953
2024-03-08,SPY,-0.00086027064,0.016996432,0.017856702,train,-0.006816554
2024-03-08,TLT,-0.0005221735,0.0081432145,0.008665388,train,0.038162183
2024-03-11,EFA,0.0079630185,-0.027405433,0.03536845,train,-0.054699223
2024-03-11,IWM,-0.0013655181,0.035736457,0.037101973,train,-0.02886409
2024-03-11,SPY,0.010699858,0.026261602,0.015561744,train,0.016996432
2024-03-11,TLT,-0.008396536,0.0052862875,0.013682824,train,0.0081432145
2024-03-12,EFA,0.00012598661,0.019043095,0.018917108,train,-0.027405433
2024-03-12,IWM,0.0038965545,0.0146285165,0.010731962,train,0.035736457
2024-03-12,SPY,-0.001568703,-0.023882922,0.022314219,train,0.026261602
2024-03-12,TLT,-0.0048600263,-0.0038688118,0.0009912145,train,0.0052862875
2024-03-13,EFA,-0.007327904,-0.02897961,0.021651708,train,0.019043095
2024-03-13,IWM,-0.018051315,-0.01296688,0.0050844355,train,0.0146285165
2024-03-13,SPY,-0.0019786926,0.012320073,0.014298766,train,-0.023882922
2024-03-13,TLT,-0.015476263,0.02119824,0.036674503,train,-0.0038688118
2024-03-14,EFA,0.00038033328,-0.029336836,0.02971717,train,-0.02897961
2024-03-14,IWM,0.001879188,0.017206788,0.0153276,train,-0.01296688
2024-03-14,SPY,-0.006890225,0.05937895,0.066269174,train,0.012320073
2024-03-14,TLT,-0.00032244794,0.0028398437,0.0031622916,train,0.02119824
2024-03-15,EFA,-0.00025353945,0.01605134,0.01630488,train,-0.029336836
2024-03-15,IWM,-0.0057474044,0.042790305,0.04853771,train,0.017206788
2024-03-15,SPY,0.005925456,0.027971387,0.02204593,train,0.05937895
2024-03-15,TLT,-0.0030171967,0.011055713,0.014072909,train,0.0028398437
2024-03-18,EFA,0.0017735309,0.0005893344,0.0011841964,train,0.01605134
2024-03-18,IWM,0.004214813,0.042587634,0.038372822,train,0.042790305
2024-03-18,SPY,0.0055418108,-0.007768781,0.013310592,train,0.027971387
2024-03-18,TLT,0.0028019652,0.033052918,0.030250952,train,0.011055713
2024-03-19,EFA,0.0105754305,-0.012397897,0.022973329,train,0.0005893344
2024-03-19,IWM,0.0195988,0.04964522,0.030046418,train,0.042587634
2024-03-19,SPY,0.00920672,-0.001605398,0.010812118,train,-0.007768781
2024-03-19,TLT,-0.00032280016,0.002616153,0.0029389532,train,0.033052918
2024-03-20,EFA,-0.0005010445,0.011799674,0.012300718,train,-0.012397897
2024-03-20,IWM,0.011424052,-0.011015003,0.022439055,train,0.04964522
2024-03-20,SPY,0.0032994233,0.0074656773,0.004166254,train,-0.001605398
2024-03-20,TLT,0.0021505705,0.04965487,0.047504302,train,0.002616153
2024-03-21,EFA,-0.0021323466,-0.042961285,0.04082894,train,0.011799674
2024-03-21,IWM,-0.013898275,-0.0029971115,0.010901163,train,-0.011015003
2024-03-21,SPY,-0.0018976802,-0.004658917,0.0027612369,train,0.0074656773
2024-03-21,TLT,0.009515172,-0.0053096553,0.014824827,train,0.04965487
2024-03-22,EFA,-0.0021370058,-0.026997123,0.024860118,train,-0.042961285
2024-03-22,IWM,0.0022893779,0.031227931,0.028938554,train,-0.0029971115
2024-03-22,SPY,-0.0027667666,0.006908801,0.009675568,train,-0.004658917
2024-03-22,TLT,-0.005013493,0.00013079215,0.005144285,train,-0.0053096553
2024-03-25,EFA,0.0011319189,-0.0058776354,0.007009554,train,-0.026997123
2024-03-25,IWM,-0.0018017547,-0.013339297,0.011537543,train,0.031227931
2024-03-25,SPY,-0.0018485727,0.0072988207,0.0091473935,train,0.006908801
2024-03-25,TLT,0.002776354,-0.030293345,0.0330697,train,0.00013079215
2024-03-26,EFA,0.006015017,0.042835377,0.03682036,train,-0.0058776354
2024-03-26,IWM,0.021552864,-0.041625995,0.06317886,train,-0.013339297
2024-03-26,SPY,0.008368671,7.01081e-05,0.008298563,train,0.0072988207
2024-03-26,TLT,0.009869266,0.05306365,0.043194383,train,-0.030293345
2024-03-27,EFA,-0.0022513173,0.031221326,0.033472642,train,0.042835377
2024-03-27,IWM,0.0031433986,0.011104637,0.007961238,train,-0.041625995
2024-03-27,SPY,-0.00019106039,0.002243462,0.0024345224,train,7.01081e-05
2024-03-27,TLT,-0.0008450166,0.030433346,0.03127836,train,0.05306365
2024-03-28,EFA,-0.004266469,0.014963744,0.019230213,train,0.031221326
2024-03-28,IWM,-0.00945977,-0.021167502,0.0117077315,train,0.011104637
2024-03-28,SPY,-0.0017414874,0.010320543,0.012062031,train,0.002243462
2024-03-28,TLT,-0.018817157,0.013041138,0.031858295,train,0.030433346
2024-04-01,EFA,-0.0070671896,0.039495964,0.046563152,train,0.014963744
2024-04-01,IWM,-0.01855639,-0.006570763,0.011985627,train,-0.021167502
2024-04-01,SPY,-0.0063782586,0.007783697,0.014161956,train,0.010320543
2024-04-01,TLT,-0.0055256663,0.017056542,0.022582207,train,0.013041138
2024-04-02,EFA,0.005556954,0.0033585029,0.0021984512,train,0.039495964
2024-04-02,IWM,0.006531594,-0.024106879,0.030638473,train,-0.006570763
2024-04-02,SPY,0.0010978937,0.008403182,0.007305288,train,0.007783697
2024-04-02,TLT,-0.00021715926,-0.013563155,0.013345996,train,0.017056542
2024-04-03,EFA,-0.008601077,0.024080992,0.03268207,train,0.0033585029
2024-04-03,IWM,-0.010058703,-0.012073341,0.002014638,train,-0.024106879
2024-04-03,SPY,-0.012281195,0.009186729,0.021467924,train,0.008403182
2024-04-03,TLT,0.007146562,0.03165824,0.024511678,train,-0.013563155
2024-04-04,EFA,0.003170756,-0.016117234,0.01928799,train,0.024080992
2024-04-04,IWM,0.003331531,0.02966889,0.02633736,train,-0.012073341
2024-04-04,SPY,0.010392674,-0.03835659,0.048749264,train,0.009186729
2024-04-04,TLT,-0.014016627,0.051221404,0.06523803,train,0.03165824
2024-04-05,EFA,0.004926436,0.005413738,0.00048730196,train,-0.016117234
2024-04-05,IWM,0.005463214,0.108257055,0.10279384,train,0.02966889
2024-04-05,SPY,0.00055920787,-0.016916059,0.017475266,train,-0.03835659
2024-04-05,TLT,-0.0001095724,0.011415361,0.011524933,train,0.051221404
2024-04-08,EFA,-0.0001260109,-0.003857636,0.003731625,train,0.005413738
2024-04-08,IWM,0.003932578,0.037196983,0.033264406,train,0.108257055
2024-04-08,SPY,0.001156139,0.02975313,0.028596992,train,-0.016916059
2024-04-08,TLT,0.009258942,0.021663968,0.012405026,train,0.011415361
2024-04-09,EFA,-0.013320926,0.00040105265,0.013721978,train,-0.003857636
2024-04-09,IWM,-0.026762608,0.00056317635,0.027325785,train,0.037196983
2024-04-09,SPY,-0.010063589,-0.016966045,0.0069024563,train,0.02975313
2024-04-09,TLT,-0.02203436,0.009630562,0.031664923,train,0.021663968
2024-04-10,EFA,0.002678398,0.020846963,0.018168565,train,0.00040105265
2024-04-10,IWM,0.006745551,-0.03354013,0.04028568,train,0.00056317635
2024-04-10,SPY,0.007518593,-0.035200063,0.042718656,train,-0.016966045
2024-04-10,TLT,-0.0045548747,-0.0006588148,0.00389606,train,0.009630562
2024-04-11,EFA,-0.016308516,-0.037838068,0.021529552,train,0.020846963
2024-04-11,IWM,-0.017956426,0.030256595,0.04821302,train,-0.03354013
2024-04-11,SPY,-0.013899273,0.021473147,0.03537242,train,-0.035200063
2024-04-11,TLT,0.005330476,-0.008963677,0.014294153,train,-0.0006588148
2024-04-12,EFA,-0.0029821591,-0.0009835465,0.0019986127,train,-0.037838068
2024-04-12,IWM,-0.014754198,-0.025217596,0.010463399,train,0.030256595
2024-04-12,SPY,-0.012607231,-0.054935474,0.042328242,train,0.021473147
2024-04-12,TLT,-0.015627207,-0.015606423,2.0784326e-05,train,-0.008963677
2024-04-15,EFA,-0.0099178925,-0.046005897,0.036088005,train,-0.0009835465
2024-04-15,IWM,-0.003684315,-0.031409886,0.02772557,train,-0.025217596
2024-04-15,SPY,-0.0018255764,-0.057951782,0.056126207,train,-0.054935474
2024-04-15,TLT,-0.006659322,-0.010791219,0.004131897,train,-0.015606423
2024-04-16,EFA,0.00065560313,-0.021885086,0.022540689,train,-0.046005897
2024-04-16,IWM,-0.010617041,0.0051768655,0.015793907,train,-0.031409886
2024-04-16,SPY,-0.005935801,0.027051315,0.032987118,train,-0.057951782
2024-04-16,TLT,0.011037314,0.0006746622,0.010362652,train,-0.010791219
2024-04-17,EFA,-0.0027561905,-0.052014973,0.049258783,train,-0.021885086
2024-04-17,IWM,-0.0008293904,0.02200764,0.022837032,train,0.0051768655
2024-04-17,SPY,-0.0020597854,-0.038868032,0.03680825,train,0.027051315
2024-04-17,TLT,-0.005052991,0.005788804,0.010841795,train,0.0006746622
2024-04-18,EFA,0.0003941763,-0.08383951,0.08423369,train,-0.052014973
2024-04-18,IWM,0.0015545734,0.054004703,0.052450128,train,0.02200764
2024-04-18,SPY,-0.008766756,-0.002353142,0.0064136144,train,-0.038868032
2024-04-18,TLT,0.0035959436,-0.04946398,0.053059924,train,0.005788804
2024-04-19,EFA,0.011624304,-0.045995165,0.057619467,train,-0.08383951
2024-04-19,IWM,0.011121338,0.09130039,0.08017905,train,0.054004703
2024-04-19,SPY,0.0091671,-0.041406106,0.050573207,train,-0.002353142
2024-04-19,TLT,-0.0016842588,0.024052415,0.025736675,train,-0.04946398
2024-04-22,EFA,0.010848702,-0.010929783,0.021778485,train,-0.045995165
2024-04-22,IWM,0.016605048,0.10194202,0.08533697,train,0.09130039
2024-04-22,SPY,0.011796625,-0.016417418,0.028214043,train,-0.041406106
2024-04-22,TLT,0.00033719031,-0.06383811,0.0641753,train,0.024052415
2024-04-23,EFA,-0.0019286675,-0.03625497,0.0343263,train,-0.010929783
2024-04-23,IWM,-0.004492235,0.030248675,0.03474091,train,0.10194202
2024-04-23,SPY,-0.00047472212,-0.0026625274,0.0021878053,train,-0.016417418
2024-04-23,TLT,-0.0071014264,0.0051662484,0.012267675,train,-0.06383811
2024-04-24,EFA,-0.0046440987,0.022642322,0.027286422,train,-0.03625497
2024-04-24,IWM,-0.0060888682,0.042929307,0.049018174,train,0.030248675
2024-04-24,SPY,-0.0038060977,0.0025972286,0.006403326,train,-0.0026625274
2024-04-24,TLT,-0.0070382333,0.03149367,0.038531903,train,0.0051662484
2024-04-25,EFA,0.007984686,-0.037469573,0.04545426,train,0.022642322
2024-04-25,IWM,0.009522859,0.03257622,0.02305336,train,0.042929307
2024-04-25,SPY,0.009429368,-0.015356037,0.024785405,train,0.0025972286
2024-04-25,TLT,0.005226764,0.0023766868,0.002850077,train,0.03149367
2024-04-26,EFA,0.0038407953,0.0309228,0.027082006,train,-0.037469573
2024-04-26,IWM,0.008033851,0.009212478,0.0011786269,train,0.03257622
2024-04-26,SPY,0.0035351582,0.009908919,0.006373761,train,-0.015356037
2024-04-26,TLT,0.008351221,-0.02877624,0.03712746,train,0.0023766868
2024-04-29,EFA,-0.012730843,0.016707,0.029437844,train,0.0309228
2024-04-29,IWM,-0.02051307,-0.007955528,0.012557543,train,0.009212478
2024-04-29,SPY,-0.015967974,-0.01760776,0.0016397852,train,0.009908919
2024-04-29,TLT,-0.008577826,0.07626437,0.08484219,train,-0.02877624
2024-04-30,EFA,-0.0022026235,0.00438123,0.0065838536,train,0.016707
2024-04-30,IWM,0.0020908206,-0.014229399,0.01632022,train,-0.007955528
2024-04-30,SPY,-0.0032524716,0.060363304,0.06361578,train,-0.01760776
2024-04-30,TLT,0.0073439353,0.032667313,0.025323378,train,0.07626437
2024-05-01,EFA,0.013398898,-0.017070409,0.030469306,train,0.00438123
2024-05-01,IWM,0.018222164,-0.0066651246,0.02488729,train,-0.014229399
2024-05-01,SPY,0.009309881,0.03216194,0.02285206,train,0.060363304
2024-05-01,TLT,0.004281517,0.010873609,0.006592092,train,0.032667313
2024-05-02,EFA,0.009932501,0.008187107,0.0017453944,train,-0.017070409
2024-05-02,IWM,0.0098551335,-0.010922923,0.020778056,train,-0.0066651246
2024-05-02,SPY,0.012319172,0.044258907,0.031939737,train,0.03216194
2024-05-02,TLT,0.010068264,-0.0101798205,0.020248085,train,0.010873609
2024-05-03,EFA,0.0068191024,0.005428194,0.0013909084,train,0.008187107
2024-05-03,IWM,0.012844452,0.0057190377,0.007125414,train,-0.010922923
2024-05-03,SPY,0.010273942,0.05876683,0.04849289,train,0.044258907
2024-05-03,TLT,0.0038882426,-0.06362613,0.067514375,train,-0.0101798205
2024-05-06,EFA,0.0026393489,4.376564e-05,0.0025955832,train,0.005428194
2024-05-06,IWM,0.0022467135,0.00888152,0.0066348063,train,0.0057190377
2024-05-06,SPY,0.0011027155,0.045054656,0.04395194,train,0.05876683
2024-05-06,TLT,0.006079752,-0.0067572603,0.012837012,train,-0.06362613
2024-05-07,EFA,-0.001130355,-0.0019699624,0.0008396073,train,4.376564e-05
2024-05-07,IWM,-0.005822612,-0.049728982,0.04390637,train,0.00888152
2024-05-07,SPY,9.675076e-05,-0.015449404,0.015546154,train,0.045054656
2024-05-07,TLT,-0.006079752,-0.035713166,0.029633414,train,-0.0067572603
2024-05-08,EFA,0.0076361136,0.005212291,0.0024238224,train,-0.0019699624
2024-05-08,IWM,0.010155345,-0.02642424,0.036579587,train,-0.049728982
2024-05-08,SPY,0.005745191,-0.02325492,0.02900011,train,-0.015449404
2024-05-08,TLT,0.004866937,-0.021013577,0.025880514,train,-0.035713166
2024-05-09,EFA,0.0018687346,0.013715952,0.011847217,train,0.005212291
2024-05-09,IWM,-0.0075579286,-0.0184155,0.010857571,train,-0.02642424
2024-05-09,SPY,0.0012874225,0.00016591791,0.0011215046,train,-0.02325492
2024-05-09,TLT,-0.0056433403,0.018009137,0.023652477,train,-0.021013577
2024-05-10,EFA,0.0,0.0059392555,0.0059392555,train,0.013715952
2024-05-10,IWM,0.0021025073,0.0015193969,0.0005831104,train,-0.0184155
2024-05-10,SPY,0.00013436658,-0.005194987,0.0053293537,train,0.00016591791
2024-05-10,TLT,0.0025488576,-0.05561785,0.05816671,train,0.018009137
2024-05-13,EFA,0.0074405135,0.01378078,0.0063402667,train,0.0059392555
2024-05-13,IWM,0.01030138,0.010566721,0.00026534032,train,0.0015193969
2024-05-13,SPY,0.0045777718,-0.05706605,0.06164382,train,-0.005194987
2024-05-13,TLT,0.0056289244,0.037924405,0.03229548,train,-0.05561785
2024-05-14,EFA,0.010569178,-0.07214802,0.082717195,train,0.01378078
2024-05-14,IWM,0.012394979,-0.065212585,0.077607565,train,0.010566721
2024-05-14,SPY,0.012306916,0.029019825,0.01671291,train,-0.05706605
2024-05-14,TLT,0.013555165,0.014169564,0.00061439816,train,0.037924405
2024-05-15,EFA,-0.0053935735,-0.021883413,0.01648984,train,-0.07214802
2024-05-15,IWM,-0.007235692,-0.008815478,0.0015797857,train,-0.065212585
2024-05-15,SPY,-0.0020599454,0.010993362,0.013053307,train,0.029019825
2024-05-15,TLT,-0.0009776166,-0.0049023954,0.0039247787,train,0.014169564
2024-05-16,EFA,0.0034356473,-0.040840667,0.044276316,train,-0.021883413
2024-05-16,IWM,0.00072102784,-0.0049901027,0.005711131,train,-0.008815478
2024-05-16,SPY,0.0014365779,0.007422176,0.005985598,train,0.010993362
2024-05-16,TLT,-0.006761289,-0.010831951,0.004070662,train,-0.0049023954
2024-05-17,EFA,0.00073463423,-0.02129906,0.022033695,train,-0.040840667
2024-05-17,IWM,0.0022081349,0.010304088,0.008095953,train,-0.0049901027
2024-05-17,SPY,0.0011515423,0.028671429,0.027519885,train,0.007422176
2024-05-17,TLT,-0.0029586535,-0.032590944,0.02963229,train,-0.010831951
2024-05-20,EFA,-0.0015923901,0.0054590143,0.0070514046,train,-0.02129906
2024-05-20,IWM,-0.0009593393,-0.042061735,0.041102394,train,0.010304088
2024-05-20,SPY,0.0024494391,-0.0096088415,0.01205828,train,0.028671429
2024-05-20,TLT,0.005144542,-0.03547128,0.04061582,train,-0.032590944
2024-05-21,EFA,-0.009484599,0.003262977,0.012747576,train,0.0054590143
2024-05-21,IWM,-0.008483706,0.012521227,0.021004934,train,-0.042061735
2024-05-21,SPY,-0.0028834657,0.01594806,0.018831527,train,-0.0096088415
2024-05-21,TLT,0.0012004705,0.030041344,0.028840873,train,-0.03547128
2024-05-22,EFA,-0.0050871717,-0.020941768,0.015854597,train,0.003262977
2024-05-22,IWM,-0.016546214,0.005884393,0.022430606,train,0.012521227
2024-05-22,SPY,-0.007330837,0.026649982,0.03398082,train,0.01594806
2024-05-22,TLT,-0.006454888,0.0018760087,0.0083308965,train,0.030041344
2024-05-23,EFA,0.008176531,0.010280994,0.002104463,train,-0.020941768
2024-05-23,IWM,0.011012612,0.008873791,0.0021388205,train,0.005884393
2024-05-23,SPY,0.0065947147,0.03153819,0.024943475,train,0.026649982
2024-05-23,TLT,0.002958978,0.027359162,0.024400184,train,0.0018760087
2024-05-24,EFA,-0.0003701954,0.009945201,0.010315396,train,0.010280994
2024-05-24,IWM,-0.00136389,-0.01790708,0.016543189,train,0.008873791
2024-05-24,SPY,0.00069834676,-0.0018199096,0.0025182562,train,0.03153819
2024-05-24,TLT,-0.014439447,-0.0096398285,0.0047996184,train,0.027359162
2024-05-28,EFA,-0.015924864,-0.014544557,0.0013803067,train,0.009945201
2024-05-28,IWM,-0.014879144,0.017381722,0.032260865,train,-0.01790708
2024-05-28,SPY,-0.0070270803,0.01648465,0.02351173,train,-0.0018199096
2024-05-28,TLT,-0.012175462,0.060485315,0.072660774,train,-0.0096398285
2024-05-29,EFA,0.008367375,0.053173553,0.04480618,train,-0.014544557
2024-05-29,IWM,0.00945413,0.026819356,0.017365225,train,0.017381722
2024-05-29,SPY,-0.00665599,-0.004557959,0.0020980313,train,0.01648465
2024-05-29,TLT,0.009618579,0.03845737,0.028838791,train,0.060485315
2024-05-30,EFA,0.009530282,0.022489414,0.012959132,train,0.053173553
2024-05-30,IWM,0.008393818,0.018297864,0.009904047,train,0.026819356
2024-05-30,SPY,0.009067096,-0.036948834,0.04601593,train,-0.004557959
2024-05-30,TLT,0.0067668646,0.036034085,0.02926722,train,0.03845737
2024-05-31,EFA,0.00282929,0.025896579,0.023067288,train,0.022489414
2024-05-31,IWM,-0.005653239,0.0038404902,0.009493729,train,0.018297864
2024-05-31,SPY,0.00081509125,0.008233282,0.0074181906,train,-0.036948834
2024-05-31,TLT,0.016045293,0.026747297,0.010702005,train,0.036034085
2024-06-03,EFA,-0.0012291557,0.018740904,0.01997006,train,0.025896579
2024-06-03,IWM,-0.012986622,0.029736161,0.042722784,train,0.0038404902
2024-06-03,SPY,0.0011173806,0.011540675,0.010423294,train,0.008233282
2024-06-03,TLT,0.011613194,-0.011678194,0.023291387,train,0.026747297
2024-06-04,EFA,0.0069856676,-0.002813301,0.009798968,train,0.018740904
2024-06-04,IWM,0.01518341,0.026186813,0.011003403,train,0.029736161
2024-06-04,SPY,0.01181482,0.021189336,0.009374516,train,0.011540675
2024-06-04,TLT,0.0073114666,-0.008936831,0.016248297,train,-0.011678194
2024-06-05,EFA,0.0034139648,0.014337093,0.010923128,train,-0.002813301
2024-06-05,IWM,-0.00719445,0.026572574,0.033767022,train,0.026186813
2024-06-05,SPY,-1.8775116e-05,-0.01657255,0.016553774,train,0.021189336
2024-06-05,TLT,-0.0015009615,0.003402614,0.0049035754,train,-0.008936831
2024-06-06,EFA,-0.010891778,0.022206485,0.033098266,train,0.014337093
2024-06-06,IWM,-0.011808648,0.0122382585,0.024046905,train,0.026572574
2024-06-06,SPY,-0.0012163521,0.004590844,0.005807196,train,-0.01657255
2024-06-06,TLT,-0.018516023,-0.038739923,0.0202239,train,0.003402614
2024-06-07,EFA,-0.00073862297,-0.015379458,0.014640835,train,0.022206485
2024-06-07,IWM,0.0034235348,0.0032918425,0.00013169227,train,0.0122382585
2024-06-07,SPY,0.0030850205,0.04645044,0.04336542,train,0.004590844
2024-06-07,TLT,-0.0066887024,0.04284757,0.049536273,train,-0.038739923
2024-06-10,EFA,-0.011428377,-0.0066609317,0.004767445,train,-0.015379458
2024-06-10,IWM,-0.0034231478,0.057390574,0.06081372,train,0.0032918425
2024-06-10,SPY,0.0024054002,0.0013531176,0.0010522825,train,0.04645044
2024-06-10,TLT,0.010288815,-0.027972747,0.038261563,train,0.04284757
2024-06-11,EFA,0.011716547,0.023903597,0.01218705,train,-0.0066609317
2024-06-11,IWM,0.01523421,0.04013517,0.024900962,train,0.057390574
2024-06-11,SPY,0.008179347,0.0050993543,0.0030799927,train,0.0013531176
2024-06-11,TLT,0.0074859424,-0.009497452,0.016983394,train,-0.027972747
2024-06-12,EFA,-0.01438148,-0.023342915,0.0089614345,train,0.023903597
2024-06-12,IWM,-0.008775788,-0.0378347,0.02905891,train,0.04013517
2024-06-12,SPY,0.002011553,0.01821065,0.016199097,train,0.0050993543
2024-06-12,TLT,0.01459208,-0.033964787,0.048556868,train,-0.009497452
2024-06-13,EFA,-0.011116152,-0.02280252,0.011686369,train,-0.023342915
2024-06-13,IWM,-0.016023668,0.012159523,0.02818319,train,-0.0378347
2024-06-13,SPY,0.0006083179,0.0012191935,0.00061087555,train,0.01821065
2024-06-13,TLT,0.008379959,-0.045866,0.05424596,train,-0.033964787
2024-06-14,EFA,0.0039751898,-0.00866565,0.012640839,train,-0.02280252
2024-06-14,IWM,0.008368354,-0.0010846807,0.009453035,train,0.012159523
2024-06-14,SPY,0.007927408,0.014693734,0.006766326,train,0.0012191935
2024-06-14,TLT,-0.009978881,-0.04214521,0.032166332,train,-0.045866
2024-06-17,EFA,0.0039593484,0.020936634,0.016977286,train,-0.00866565
2024-06-17,IWM,0.0017450253,0.034540348,0.03279532,train,-0.0010846807
2024-06-17,SPY,0.0025372875,0.011499708,0.00896242,train,0.014693734
2024-06-17,TLT,0.009133499,-0.004272173,0.013405672,train,-0.04214521
2024-06-18,EFA,0.00063711265,0.0017148228,0.0010777102,train,0.020936634
2024-06-18,IWM,-0.0042431685,0.011187221,0.015430389,train,0.034540348
2024-06-18,SPY,-0.0027199902,0.0070464546,0.009766445,train,0.011499708
2024-06-18,TLT,-0.0066826288,-0.004360446,0.002322183,train,-0.004272173
2024-06-20,EFA,-0.007031075,-0.0058693653,0.0011617099,train,0.0017148228
2024-06-20,IWM,0.0022485938,0.03889125,0.036642656,train,0.011187221
2024-06-20,SPY,-0.0013418298,0.009580978,0.010922808,train,0.0070464546
2024-06-20,TLT,0.0,0.010538263,0.010538263,train,-0.004360446
2024-06-21,EFA,0.007922372,-0.0012169862,0.009139358,train,-0.0058693653
2024-06-21,IWM,0.0043330635,0.028258312,0.023925249,train,0.03889125
2024-06-21,SPY,-0.003255972,0.0114832735,0.014739245,train,0.009580978
2024-06-21,TLT,0.0040360857,0.018258613,0.014222527,train,0.010538263
2024-06-24,EFA,0.0024154258,0.0034764344,0.0010610085,train,-0.0012169862
2024-06-24,IWM,-0.0032853752,-0.0012329901,0.0020523851,train,0.028258312
2024-06-24,SPY,0.0038437287,0.011050182,0.007206454,train,0.0114832735
2024-06-24,TLT,0.0016946116,0.02546249,0.023767877,train,0.018258613
2024-06-25,EFA,-0.0073913983,0.00856318,0.015954578,train,0.0034764344
2024-06-25,IWM,-0.002646124,0.042487267,0.04513339,train,-0.0012329901
2024-06-25,SPY,0.0012472821,0.018053282,0.016805999,train,0.011050182
2024-06-25,TLT,-0.014388706,-0.028204232,0.013815527,train,0.02546249
2024-06-26,EFA,0.00076708465,0.00826055,0.007493465,train,0.00856318
2024-06-26,IWM,0.010097398,0.061316896,0.051219497,train,0.042487267
2024-06-26,SPY,0.0015752037,0.013861875,0.012286671,train,0.018053282
2024-06-26,TLT,0.003964343,0.033359528,0.029395185,train,-0.028204232
2024-06-27,EFA,0.0011497294,0.014453905,0.013304176,train,0.00826055
2024-06-27,IWM,0.0040991735,0.023621548,0.019522374,train,0.061316896
2024-06-27,SPY,-0.003942957,0.013955184,0.017898142,train,0.013861875
2024-06-27,TLT,-0.01878095,0.01269921,0.03148016,train,0.033359528
2024-06-28,EFA,0.0017855611,0.029108834,0.027323272,train,0.014453905
2024-06-28,IWM,-0.008414185,0.028568313,0.0369825,train,0.023621548
2024-06-28,SPY,0.002056107,0.022298636,0.020242529,train,0.013955184
2024-06-28,TLT,-0.017409705,0.028075106,0.04548481,train,0.01269921
2024-07-01,EFA,0.0024185004,0.024506303,0.022087801,train,0.029108834
2024-07-01,IWM,0.0034237287,-0.034387175,0.037810903,train,0.028568313
2024-07-01,SPY,0.0067069884,-0.005583425,0.0122904135,train,0.022298636
2024-07-01,TLT,0.0077552292,-0.013859537,0.021614768,train,0.028075106
2024-07-02,EFA,0.011376604,-0.001806627,0.013183231,train,0.024506303
2024-07-02,IWM,-0.0002476425,0.009705319,0.0099529615,train,-0.034387175
2024-07-02,SPY,0.0044527757,-0.02083255,0.025285326,train,-0.005583425
2024-07-02,TLT,0.013048116,0.0042338306,0.0088142855,train,-0.013859537
2024-07-03,EFA,0.0066395863,0.031050257,0.02441067,train,-0.001806627
2024-07-03,IWM,-0.0047679204,0.012643723,0.017411644,train,0.009705319
2024-07-03,SPY,0.0057499805,-0.009053904,0.014803885,train,-0.02083255
2024-07-03,TLT,0.008244528,-0.026909914,0.035154443,train,0.0042338306
2024-07-05,EFA,-0.0050068363,0.027600046,0.03260688,train,0.031050257
2024-07-05,IWM,0.0069950353,0.020707473,0.013712438,train,0.012643723
2024-07-05,SPY,0.0011531577,-0.0047741747,0.005927332,train,-0.009053904
2024-07-05,TLT,0.0021583533,-0.009410537,0.01156889,train,-0.026909914
2024-07-08,EFA,-0.0040236576,0.0317254,0.035749055,train,0.027600046
2024-07-08,IWM,-0.0043599624,-0.004296425,6.353762e-05,train,0.020707473
2024-07-08,SPY,0.0009720449,-0.021404527,0.022376573,train,-0.0047741747
2024-07-08,TLT,-0.004429862,-0.018774644,0.014344782,train,-0.009410537
2024-07-09,EFA,0.014012386,0.026821226,0.01280884,train,0.0317254
2024-07-09,IWM,0.009733898,0.021144222,0.011410325,train,-0.004296425
2024-07-09,SPY,0.009846554,-0.014995151,0.024841705,train,-0.021404527
2024-07-09,TLT,0.003135427,-0.058901805,0.062037233,train,-0.018774644
2024-07-10,EFA,0.0028534543,0.008935218,0.0060817637,train,0.026821226
2024-07-10,IWM,0.035313427,0.011041085,0.024272341,train,0.021144222
2024-07-10,SPY,-0.008659992,0.013528682,0.022188675,train,-0.014995151
2024-07-10,TLT,0.009668149,0.006873806,0.002794343,train,-0.058901805
2024-07-11,EFA,0.01059786,0.02688101,0.016283149,train,0.008935218
2024-07-11,IWM,0.011608892,0.07094235,0.05933346,train,0.011041085
2024-07-11,SPY,0.0062878667,0.03832852,0.032040656,train,0.013528682
2024-07-11,TLT,0.0042671524,0.039491013,0.03522386,train,0.006873806
2024-07-12,EFA,-0.008864923,0.010819168,0.019684091,train,0.02688101
2024-07-12,IWM,0.018823449,0.0066829817,0.012140467,train,0.07094235
2024-07-12,SPY,0.0027462915,0.0022000903,0.00054620113,train,0.03832852
2024-07-12,TLT,-0.011563169,-0.021583427,0.010020258,train,0.039491013
2024-07-15,EFA,0.004811545,0.016713869,0.011902324,train,0.010819168
2024-07-15,IWM,0.033548392,0.008311038,0.025237355,train,0.0066829817
2024-07-15,SPY,0.0059127957,0.022172956,0.01626016,train,0.0022000903
2024-07-15,TLT,0.014008566,-0.0042343726,0.018242938,train,-0.021583427
2024-07-16,EFA,-0.0053063636,-0.012927168,0.0076208045,train,0.016713869
2024-07-16,IWM,-0.01051819,-0.023780156,0.0132619655,train,0.008311038
2024-07-16,SPY,-0.014120612,0.023583436,0.03770405,train,0.022172956
2024-07-16,TLT,0.00021224743,-0.024506573,0.02471882,train,-0.0042343726
2024-07-17,EFA,-0.00994794,0.0008357065,0.010783646,train,-0.012927168
2024-07-17,IWM,-0.019537188,-0.0033018915,0.016235296,train,-0.023780156
2024-07-17,SPY,-0.0077145435,0.041536964,0.049251508,train,0.023583436
2024-07-17,TLT,-0.0076732,-0.003578608,0.0040945923,train,-0.024506573
2024-07-18,EFA,-0.0061423187,0.018521957,0.024664275,train,0.0008357065
2024-07-18,IWM,-0.0051059155,0.008839103,0.013945019,train,-0.0033018915
2024-07-18,SPY,-0.006662658,0.021152418,0.027815076,train,0.041536964
2024-07-18,TLT,-0.0059018517,-0.039284192,0.03338234,train,-0.003578608
2024-07-19,EFA,0.010506761,0.0064314967,0.0040752646,train,0.018521957
2024-07-19,IWM,0.015785046,0.0048445994,0.0109404465,train,0.008839103
2024-07-19,SPY,0.010257135,-0.004087935,0.01434507,train,0.021152418
2024-07-19,TLT,-0.002909746,-0.026405897,0.023496151,train,-0.039284192
2024-07-22,EFA,-0.005614747,0.01295755,0.018572297,train,0.0064314967
2024-07-22,IWM,0.010566431,-0.006613101,0.017179532,train,0.0048445994
2024-07-22,SPY,-0.0015697388,-0.033305515,0.031735774,train,-0.004087935
2024-07-22,TLT,-0.0014042602,-0.09625843,0.09485417,train,-0.026405897
2024-07-23,EFA,-0.012718178,-0.0064792177,0.0062389607,train,0.01295755
2024-07-23,IWM,-0.021704448,0.0025273012,0.02423175,train,-0.006613101
2024-07-23,SPY,-0.022923453,-0.059276793,0.036353342,train,-0.033305515
2024-07-23,TLT,-0.010867281,-0.0029627336,0.007904547,train,-0.09625843
2024-07-24,EFA,-0.0063564684,0.033062622,0.039419092,train,-0.0064792177
2024-07-24,IWM,0.0124084195,-0.004945743,0.017354162,train,0.0025273012
2024-07-24,SPY,-0.005223947,0.02471092,0.029934866,train,-0.059276793
2024-07-24,TLT,0.008161512,0.005165181,0.002996331,train,-0.0029627336
2024-07-25,EFA,0.012672686,0.022007633,0.009334947,train,0.033062622
2024-07-25,IWM,0.01641254,0.0486507,0.032238163,train,-0.004945743
2024-07-25,SPY,0.011137545,-0.0031886129,0.014326158,train,0.02471092
2024-07-25,TLT,0.0077729593,0.02981944,0.02204648,train,0.005165181
2024-07-26,EFA,-0.0044172206,-0.016404524,0.011987304,train,0.022007633
2024-07-26,IWM,-0.011167353,0.045370042,0.056537397,train,0.0486507
2024-07-26,SPY,0.0005876042,0.0019660974,0.0013784932,train,-0.0031886129
2024-07-26,TLT,0.005362416,-0.027151432,0.03251385,train,0.02981944
2024-07-29,EFA,0.0022742285,0.010475919,0.00820169,train,-0.016404524
2024-07-29,IWM,0.0037812819,0.008893919,0.0051126373,train,0.045370042
2024-07-29,SPY,-0.005079347,-0.05132435,0.046245,train,0.0019660974
2024-07-29,TLT,0.0038434456,-0.02945241,0.033295855,train,-0.027151432
2024-07-30,EFA,0.014035215,0.019374162,0.0053389473,train,0.010475919
2024-07-30,IWM,0.0057791746,-0.021808628,0.027587803,train,0.008893919
2024-07-30,SPY,0.016123772,-0.045106914,0.061230686,train,-0.05132435
2024-07-30,TLT,0.010176887,0.039027352,0.028850466,train,-0.02945241
2024-07-31,EFA,-0.026863238,0.03720707,0.06407031,train,0.019374162
2024-07-31,IWM,-0.033060934,0.05553263,0.088593565,train,-0.021808628
2024-07-31,SPY,-0.014262159,0.046035178,0.060297336,train,-0.045106914
2024-07-31,TLT,0.008587811,-0.009060993,0.017648805,train,0.039027352
2024-08-01,EFA,-0.015847871,0.046959642,0.062807515,train,0.03720707
2024-08-01,IWM,-0.03600857,-0.0029553166,0.033053253,train,0.05553263
2024-08-01,SPY,-0.018793888,0.044488177,0.063282065,train,0.046035178
2024-08-01,TLT,0.030686019,0.05184531,0.02115929,train,-0.009060993
2024-08-02,EFA,-0.022059606,-0.02368901,0.0016294029,train,0.046959642
2024-08-02,IWM,-0.032694064,-0.004929426,0.027764637,train,-0.0029553166
2024-08-02,SPY,-0.029556261,0.030947044,0.060503304,train,0.044488177
2024-08-02,TLT,0.0052770535,0.056448914,0.05117186,train,0.05184531
2024-08-05,EFA,0.0017243709,0.013484728,0.011760357,train,-0.02368901
2024-08-05,IWM,0.010821527,-0.029420953,0.04024248,train,-0.004929426
2024-08-05,SPY,0.00917752,6.060023e-05,0.00911692,train,0.030947044
2024-08-05,TLT,-0.022622606,-0.03892732,0.016304715,train,0.056448914
2024-08-06,EFA,0.004760054,0.03749829,0.03273824,train,0.013484728
2024-08-06,IWM,-0.011910148,-0.024938148,0.013028,train,-0.029420953
2024-08-06,SPY,-0.0067065605,0.055002596,0.061709158,train,6.060023e-05
2024-08-06,TLT,-0.0070648436,0.033573523,0.040638365,train,-0.03892732
2024-08-07,EFA,0.016613737,-0.01635468,0.032968417,train,0.03749829
2024-08-07,IWM,0.024018537,-0.03406841,0.058086947,train,-0.024938148
2024-08-07,SPY,0.022854049,-0.025486644,0.048340693,train,0.055002596
2024-08-07,TLT,-0.006170512,-0.0076538837,0.0014833715,train,0.033573523
2024-08-08,EFA,0.0038844084,-0.03675096,0.04063537,train,-0.01635468
2024-08-08,IWM,-0.0020804787,-0.010865348,0.00878487,train,-0.03406841
2024-08-08,SPY,0.004400229,0.010938686,0.0065384572,train,-0.025486644
2024-08-08,TLT,0.00981313,-0.037721105,0.047534235,train,-0.0076538837
2024-08-09,EFA,-0.0009050098,-0.02671111,0.025806101,train,-0.03675096
2024-08-09,IWM,-0.009049849,-0.12860537,0.11955552,train,-0.010865348
2024-08-09,SPY,0.0005251717,0.0060231434,0.0054979715,train,0.010938686
2024-08-09,TLT,0.0036292286,-0.059789505,0.06341873,train,-0.037721105
2024-08-12,EFA,0.017057184,0.011033061,0.006024123,train,-0.02671111
2024-08-12,IWM,0.016336896,0.0012871334,0.015049762,train,-0.12860537
2024-08-12,SPY,0.016311856,-0.07543046,0.091742314,train,0.0060231434
2024-08-12,TLT,0.0069112713,-0.052955095,0.059866365,train,-0.059789505
2024-08-13,EFA,0.0036808597,0.00017849449,0.0035023652,train,0.011033061
2024-08-13,IWM,-0.0062221107,-0.0709806,0.06475849,train,0.0012871334
2024-08-13,SPY,0.0031497632,-0.06875395,0.07190371,train,-0.07543046
2024-08-13,TLT,0.006250944,0.0009543635,0.0052965805,train,-0.052955095
2024-08-14,EFA,0.012089345,0.0124285715,0.0003392268,train,0.00017849449
2024-08-14,IWM,0.025603274,-0.052602205,0.07820548,train,-0.0709806
2024-08-14,SPY,0.016995074,-0.06782958,0.08482465,train,-0.06875395
2024-08-14,TLT,-0.008102834,0.012456664,0.020559497,train,0.0009543635
2024-08-15,EFA,0.0054924176,0.036985632,0.031493213,train,0.0124285715
2024-08-15,IWM,0.0026375635,-0.02807071,0.030708274,train,-0.052602205
2024-08-15,SPY,0.0022395437,-0.023400653,0.025640197,train,-0.06782958
2024-08-15,TLT,0.003495494,0.043642174,0.04014668,train,0.012456664
2024-08-16,EFA,0.012125808,0.02400186,0.011876051,train,0.036985632
2024-08-16,IWM,0.012155249,0.0058160694,0.0063391794,train,-0.02807071
2024-08-16,SPY,0.009515921,0.008602244,0.0009136768,train,-0.023400653
2024-08-16,TLT,0.0046073403,-0.056024898,0.060632236,train,0.043642174
2024-08-19,EFA,-0.0030793285,0.030994136,0.034073465,train,0.02400186
2024-08-19,IWM,-0.011731979,-0.018452242,0.0067202626,train,0.0058160694
2024-08-19,SPY,-0.001627451,0.04703744,0.048664894,train,0.008602244
2024-08-19,TLT,0.007936505,-0.0396498,0.047586303,train,-0.056024898
2024-08-20,EFA,0.00920988,-0.011487826,0.020697705,train,0.030994136
2024-08-20,IWM,0.012939583,-0.0140339965,0.02697358,train,-0.018452242
2024-08-20,SPY,0.003430646,0.024135087,0.02070444,train,0.04703744
2024-08-20,TLT,0.0006080456,0.0072208056,0.00661276,train,-0.0396498
2024-08-21,EFA,-0.005884602,-0.037028633,0.03114403,train,-0.011487826
2024-08-21,IWM,-0.008857478,-0.030283213,0.021425735,train,-0.0140339965
2024-08-21,SPY,-0.007879448,0.059709184,0.067588635,train,0.024135087
2024-08-21,TLT,-0.00997567,-0.057614807,0.04763914,train,0.0072208056
2024-08-22,EFA,0.018154701,0.017435942,0.0007187594,train,-0.037028633
2024-08-22,IWM,0.0314355,0.0063154837,0.025120016,train,-0.030283213
2024-08-22,SPY,0.010569369,0.03927024,0.028700871,train,0.059709184
2024-08-22,TLT,0.0065260087,-0.031972505,0.038498513,train,-0.057614807
2024-08-23,EFA,-0.0044775107,-0.024226174,0.019748664,train,0.017435942
2024-08-23,IWM,0.0003174635,0.013882463,0.013564999,train,0.0063154837
2024-08-23,SPY,-0.0023866564,0.052485146,0.0548718,train,0.03927024
2024-08-23,TLT,-0.0025442415,-0.073839985,0.071295746,train,-0.031972505
2024-08-26,EFA,0.004598299,-0.009854178,0.014452477,train,-0.024226174
2024-08-26,IWM,-0.0077869263,-0.009211299,0.0014243727,train,0.013882463
2024-08-26,SPY,0.0013720744,0.008450449,0.007078375,train,0.052485146
2024-08-26,TLT,-0.001733629,-0.040094316,0.038360685,train,-0.073839985
2024-08-27,EFA,-0.0035072442,0.00040344242,0.003910687,train,-0.009854178
2024-08-27,IWM,-0.0067892666,-0.0076938355,0.00090456894,train,-0.009211299
2024-08-27,SPY,-0.0058221817,0.03231827,0.038140453,train,0.008450449
2024-08-27,TLT,-0.0012254029,-0.020490699,0.019265296,train,-0.040094316
2024-08-28,EFA,0.0037484867,-0.023041245,0.026789732,train,0.00040344242
2024-08-28,IWM,0.0071091102,-0.034493595,0.041602705,train,-0.0076938355
2024-08-28,SPY,8.9497036e-05,0.05001493,0.049925435,train,0.03231827
2024-08-28,TLT,-0.003275855,0.0035708016,0.0068466566,train,-0.020490699
2024-08-29,EFA,0.0015679639,0.0009843102,0.0005836537,train,-0.023041245
2024-08-29,IWM,0.005787455,-0.004719871,0.010507327,train,-0.034493595
2024-08-29,SPY,0.00950087,0.026908211,0.017407343,train,0.05001493
2024-08-29,TLT,-0.010720556,0.0014653178,0.012185873,train,0.0035708016
2024-08-30,EFA,-0.015912892,-0.06384506,0.04793217,train,0.0009843102
2024-08-30,IWM,-0.031057293,0.014891221,0.045948513,train,-0.004719871
2024-08-30,SPY,-0.020793766,0.011666899,0.032460663,train,0.026908211
2024-08-30,TLT,0.016222853,0.025201775,0.008978922,train,0.0014653178
2024-09-03,EFA,-0.0044177542,-0.031889524,0.02747177,train,-0.06384506
2024-09-03,IWM,-0.0016886173,0.011755482,0.0134441,train,0.014891221
2024-09-03,SPY,-0.0020490284,-0.082855016,0.08080599,train,0.011666899
2024-09-03,TLT,0.012807661,-0.035969973,0.048777632,train,0.025201775
2024-09-04,EFA,0.00024594893,-0.025078312,0.02532426,train,-0.031889524
2024-09-04,IWM,-0.004989306,-0.05069797,0.045708664,train,0.011755482
2024-09-04,SPY,-0.0024350332,-0.025723651,0.023288619,train,-0.082855016
2024-09-04,TLT,0.005640052,-0.07841863,0.08405868,train,-0.035969973
2024-09-05,EFA,-0.01899124,-0.012122712,0.0068685273,train,-0.025078312
2024-09-05,IWM,-0.019198816,-0.047564335,0.028365519,train,-0.05069797
2024-09-05,SPY,-0.01697347,-0.03332513,0.016351659,train,-0.025723651
2024-09-05,TLT,-0.00010046159,-0.08144763,0.08134717,train,-0.07841863
2024-09-06,EFA,0.009974929,0.03111682,0.021141892,train,-0.012122712
2024-09-06,IWM,0.002786034,-0.032026775,0.034812808,train,-0.047564335
2024-09-06,SPY,0.0111339735,0.021709796,0.010575823,train,-0.03332513
2024-09-06,TLT,0.0043095397,-0.026711695,0.031021234,train,-0.08144763
2024-09-09,EFA,-0.0049750768,0.03310671,0.038081788,train,0.03111682
2024-09-09,IWM,-0.0008158142,0.02918619,0.030002004,train,-0.032026775
2024-09-09,SPY,0.004346293,0.023393568,0.019047275,train,0.021709796
2024-09-09,TLT,0.006976645,-0.06537904,0.07235568,train,-0.026711695
2024-09-10,EFA,0.005967268,0.053801257,0.04783399,train,0.03310671
2024-09-10,IWM,0.0029239506,0.03626905,0.0333451,train,0.02918619
2024-09-10,SPY,0.010206713,0.008479599,0.0017271144,train,0.023393568
2024-09-10,TLT,-0.00079510984,-0.017128095,0.016332986,train,-0.06537904
2024-09-11,EFA,0.008147121,0.050702132,0.04255501,train,0.053801257
2024-09-11,IWM,0.012793689,0.018950071,0.006156382,train,0.03626905
2024-09-11,SPY,0.008388046,0.078407474,0.070019424,train,0.008479599
2024-09-11,TLT,-0.0046823844,0.025307963,0.029990347,train,-0.017128095
2024-09-12,EFA,0.0023331672,0.04500711,0.04267394,train,0.050702132
2024-09-12,IWM,0.024368672,-0.010319171,0.034687843,train,0.018950071
2024-09-12,SPY,0.005209041,0.029674523,0.024465483,train,0.078407474
2024-09-12,TLT,0.0026924475,0.042114373,0.039421927,train,0.025307963
2024-09-13,EFA,0.0080626225,0.022843983,0.0147813605,train,0.04500711
2024-09-13,IWM,0.0035907924,0.0071011493,0.0035103569,train,-0.010319171
2024-09-13,SPY,0.001475992,-0.043009054,0.044485047,train,0.029674523
2024-09-13,TLT,0.009120939,-0.027094584,0.03621552,train,0.042114373
2024-09-16,EFA,-0.005612472,0.017853394,0.023465866,train,0.022843983
2024-09-16,IWM,0.00823765,-0.009983606,0.018221255,train,0.0071011493
2024-09-16,SPY,0.00040847703,-0.044272095,0.044680573,train,-0.043009054
2024-09-16,TLT,-0.0048474795,0.002322971,0.0071704504,train,-0.027094584
2024-09-17,EFA,-0.0031862692,0.0033996264,0.0065858955,train,0.017853394
2024-09-17,IWM,0.00018216138,0.021364957,0.021182796,train,-0.009983606
2024-09-17,SPY,-0.002970338,0.009469625,0.0124399625,train,-0.044272095
2024-09-17,TLT,-0.012473324,0.06374817,0.076221496,train,0.002322971
2024-09-18,EFA,0.019569065,0.018632699,0.0009363666,train,0.0033996264
2024-09-18,IWM,0.02038776,0.009021946,0.011365813,train,0.021364957
2024-09-18,SPY,0.016920548,0.013578536,0.003342012,train,0.009469625
2024-09-18,TLT,-0.003319085,0.005273695,0.008592781,train,0.06374817
2024-09-19,EFA,-0.009919027,0.051379547,0.06129857,train,0.018632699
2024-09-19,IWM,-0.010773446,-0.023271304,0.012497857,train,0.009021946
2024-09-19,SPY,-0.001730104,0.034302834,0.036032937,train,0.013578536
2024-09-19,TLT,-0.0038354688,-0.025050424,0.021214955,train,0.005273695
2024-09-20,EFA,0.0037615134,-0.13191116,0.13567267,train,0.051379547
2024-09-20,IWM,-0.0036624672,0.0012413943,0.0049038613,train,-0.023271304
2024-09-20,SPY,0.0024955536,0.07683386,0.0743383,train,0.034302834
2024-09-20,TLT,-0.0021261552,-0.021512229,0.019386074,train,-0.025050424
2024-09-23,EFA,0.0059167454,-0.004542741,0.010459486,train,-0.13191116
2024-09-23,IWM,0.0016746692,-0.009805127,0.011479796,train,0.0012413943
2024-09-23,SPY,0.0028572849,0.009016213,0.0061589284,train,0.07683386
2024-09-23,TLT,-0.00020260122,0.02050905,0.020711651,train,-0.021512229
2024-09-24,EFA,-0.0054325084,0.00530551,0.010738019,train,-0.004542741
2024-09-24,IWM,-0.012272289,-0.0029053213,0.009366968,train,-0.009805127
2024-09-24,SPY,-0.0022079553,0.045277767,0.047485724,train,0.009016213
2024-09-24,TLT,-0.0083471,0.023647629,0.03199473,train,0.02050905
2024-09-25,EFA,0.021792186,-0.015433895,0.03722608,train,0.00530551
2024-09-25,IWM,0.0053145457,-0.059222568,0.064537115,train,-0.0029053213
2024-09-25,SPY,0.003956872,0.025103666,0.021146793,train,0.045277767
2024-09-25,TLT,0.0023481702,0.017583929,0.015235759,train,0.023647629
2024-09-26,EFA,-0.006059044,-0.008784796,0.002725752,train,-0.015433895
2024-09-26,IWM,0.0067398795,0.012728264,0.005988384,train,-0.059222568
2024-09-26,SPY,-0.0014513632,0.003168025,0.0046193884,train,0.025103666
2024-09-26,TLT,0.0051875357,0.02588883,0.020701295,train,0.017583929
2024-09-27,EFA,-0.003461516,-0.011233403,0.0077718874,train,-0.008784796
2024-09-27,IWM,0.002538446,0.004178849,0.001640403,train,0.012728264
2024-09-27,SPY,0.003999258,-0.00085766334,0.0048569213,train,0.003168025
2024-09-27,TLT,-0.0047796876,0.02682675,0.03160644,train,0.02588883
2024-09-30,EFA,-0.007441243,0.010501762,0.017943006,train,-0.011233403
2024-09-30,IWM,-0.013674489,0.002376521,0.01605101,train,0.004178849
2024-09-30,SPY,-0.008998699,0.0037328368,0.012731535,train,-0.00085766334
2024-09-30,TLT,0.0071941046,0.0014906554,0.0057034492,train,0.02682675
2024-10-01,EFA,-0.0020501525,-0.0105400225,0.00848987,train,0.010501762
2024-10-01,IWM,-0.0013778895,-0.03831569,0.036937803,train,0.002376521
2024-10-01,SPY,0.00042193278,0.045324434,0.0449025,train,0.0037328368
2024-10-01,TLT,-0.008462837,-0.0057070246,0.0027558124,train,0.0014906554
2024-10-02,EFA,-0.00933842,-0.008334122,0.0010042982,train,-0.0105400225
2024-10-02,IWM,-0.0067323796,0.02489157,0.03162395,train,-0.03831569
2024-10-02,SPY,-0.0018299898,0.028377477,0.030207466,train,0.045324434
2024-10-02,TLT,-0.009465214,-0.011005132,0.0015399186,train,-0.0057070246
2024-10-03,EFA,0.0058316966,0.046383627,0.04055193,train,-0.008334122
2024-10-03,IWM,0.013876324,-0.04827453,0.06215085,train,0.02489157
2024-10-03,SPY,0.009046357,0.06991896,0.060872603,train,0.028377477
2024-10-03,TLT,-0.012377248,0.024781266,0.037158515,train,-0.011005132
2024-10-04,EFA,-0.0055881226,-0.026946269,0.021358147,train,0.046383627
2024-10-04,IWM,-0.0078795105,-0.04124503,0.033365518,train,-0.04827453
2024-10-04,SPY,-0.009081603,0.020797309,0.02987891,train,0.06991896
2024-10-04,TLT,-0.007564014,0.010752674,0.018316688,train,0.024781266
2024-10-07,EFA,-0.0015847816,0.02273807,0.02432285,train,-0.026946269
2024-10-07,IWM,0.00068976014,0.025672711,0.024982952,train,-0.04124503
2024-10-07,SPY,0.009413093,0.058088366,0.048675273,train,0.020797309
2024-10-07,TLT,0.0016859192,-0.034151077,0.035836995,train,0.010752674
2024-10-08,EFA,0.00024399861,0.03215725,0.03191325,train,0.02273807
2024-10-08,IWM,0.002203487,-0.043073274,0.04527676,train,0.025672711
2024-10-08,SPY,0.006902637,0.055506084,0.048603445,train,0.058088366
2024-10-08,TLT,-0.0057011056,-0.010346099,0.004644993,train,-0.034151077
2024-10-09,EFA,-0.0012205889,0.031232912,0.0324535,train,0.03215725
2024-10-09,IWM,-0.005564201,0.025626391,0.031190593,train,-0.043073274
2024-10-09,SPY,-0.0017515515,0.055022877,0.05677443,train,0.055506084
2024-10-09,TLT,-0.0039252187,-0.020691898,0.016766679,train,-0.010346099
2024-10-10,EFA,0.0051164916,0.032102264,0.026985772,train,0.031232912
2024-10-10,IWM,0.020132562,0.026448939,0.006316377,train,0.025626391
2024-10-10,SPY,0.005970232,0.052119616,0.046149384,train,0.055022877
2024-10-10,TLT,-0.00404726,0.0018143812,0.0058616414,train,-0.020691898
2024-10-11,EFA,0.0029119016,0.03494554,0.032033637,train,0.032102264
2024-10-11,IWM,0.0073397555,-0.033590402,0.04093016,train,0.026448939
2024-10-11,SPY,0.008145151,0.025539488,0.017394338,train,0.052119616
2024-10-11,TLT,0.0007468139,-0.016225427,0.016972242,train,0.0018143812
2024-10-14,EFA,-0.016737435,0.046727758,0.06346519,train,0.03494554
2024-10-14,IWM,0.0008073333,-0.030515146,0.03132248,train,-0.033590402
2024-10-14,SPY,-0.0077999085,0.007061136,0.0148610445,train,0.025539488
2024-10-14,TLT,0.012084166,-0.006113264,0.018197428,train,-0.016225427
2024-10-15,EFA,0.0025838458,0.020224862,0.017641015,train,0.046727758
2024-10-15,IWM,0.016318342,-0.047301937,0.06362028,train,-0.030515146
2024-10-15,SPY,0.004336996,0.040664718,0.03632772,train,0.007061136
2024-10-15,TLT,0.004205514,-0.03499955,0.039205063,train,-0.006113264
2024-10-16,EFA,0.00012282704,0.02957381,0.029450983,train,0.020224862
2024-10-16,IWM,-0.002738188,-0.024898484,0.022160295,train,-0.047301937
2024-10-16,SPY,8.57589e-05,0.0115125375,0.0114267785,train,0.040664718
2024-10-16,TLT,-0.015969627,-0.07224202,0.056272395,train,-0.03499955
2024-10-17,EFA,0.0067349984,-0.009351657,0.016086655,train,0.02957381
2024-10-17,IWM,-0.002080691,-0.03537425,0.03329356,train,-0.024898484
2024-10-17,SPY,0.0038391575,0.050251596,0.04641244,train,0.0115125375
2024-10-17,TLT,0.0007460179,-0.03919272,0.03993874,train,-0.07224202
2024-10-18,EFA,-0.011908648,0.01082538,0.022734027,train,-0.009351657
2024-10-18,IWM,-0.015857292,-0.0069880625,0.00886923,train,-0.03537425
2024-10-18,SPY,-0.0016435336,0.0358159,0.037459433,train,0.050251596
2024-10-18,TLT,-0.017625505,-0.05247234,0.034846835,train,-0.03919272
2024-10-21,EFA,-0.0056972783,0.0027450183,0.008442297,train,0.01082538
2024-10-21,IWM,-0.0037892577,-0.008923358,0.0051341006,train,-0.0069880625
2024-10-21,SPY,-0.0005312731,0.018229477,0.01876075,train,0.0358159
2024-10-21,TLT,0.0009753439,0.021654792,0.020679448,train,-0.05247234
2024-10-22,EFA,-0.010111851,0.0047820294,0.01489388,train,0.0027450183
2024-10-22,IWM,-0.009171531,-0.010911181,0.00173965,train,-0.008923358
2024-10-22,SPY,-0.009179503,0.03537514,0.044554643,train,0.018229477
2024-10-22,TLT,-0.0027117585,-0.0047523687,0.0020406102,train,0.021654792
2024-10-23,EFA,0.0056304024,0.0035813004,0.002049102,train,0.0047820294
2024-10-23,IWM,0.002187033,0.05402306,0.05183603,train,-0.010911181
2024-10-23,SPY,0.0021605042,0.055911537,0.053751033,train,0.03537514
2024-10-23,TLT,0.0063879467,0.006177771,0.00021017576,train,-0.0047523687
2024-10-24,EFA,-0.003374516,-0.00377182,0.00039730407,train,0.0035813004
2024-10-24,IWM,-0.0037847066,-0.0033980934,0.0003866132,train,0.05402306
2024-10-24,SPY,-0.00034545705,0.093257695,0.09360315,train,0.055911537
2024-10-24,TLT,-0.00562774,0.04597691,0.05160465,train,0.006177771
2024-10-25,EFA,0.0079801185,-0.02327751,0.03125763,train,-0.00377182
2024-10-25,IWM,0.016178004,0.012427769,0.0037502358,train,-0.0033980934
2024-10-25,SPY,0.003086691,0.058490258,0.055403568,train,0.093257695
2024-10-25,TLT,-0.002717063,-0.02560667,0.022889607,train,0.04597691
2024-10-28,EFA,-0.0036081437,0.03387246,0.037480604,train,-0.02327751
2024-10-28,IWM,-0.0032417823,0.010354126,0.013595908,train,0.012427769
2024-10-28,SPY,0.0016169437,0.08974036,0.08812341,train,0.058490258
2024-10-28,TLT,0.0015221051,0.02031416,0.018792056,train,-0.02560667
2024-10-29,EFA,-0.006502345,0.005353191,0.011855536,train,0.03387246
2024-10-29,IWM,-0.0013539494,-0.00619555,0.0048416005,train,0.010354126
2024-10-29,SPY,-0.003029778,-0.041452978,0.0384232,train,0.08974036
2024-10-29,TLT,0.0029297906,0.006774445,0.0038446544,train,0.02031416
2024-10-30,EFA,-0.0061661783,-0.026578624,0.020412445,train,0.005353191
2024-10-30,IWM,-0.016758101,-0.0073950635,0.0093630375,train,-0.00619555
2024-10-30,SPY,-0.019797662,0.0020447494,0.021842413,train,-0.041452978
2024-10-30,TLT,0.0016239015,-0.038945712,0.040569615,train,0.006774445
2024-10-31,EFA,0.0020174093,0.018249813,0.016232405,train,-0.026578624
2024-10-31,IWM,0.005586812,-0.031881284,0.037468094,train,-0.0073950635
2024-10-31,SPY,0.0042115157,-0.0051727546,0.009384271,train,0.0020447494
2024-10-31,TLT,-0.014198755,0.010750805,0.02494956,train,-0.038945712
2024-11-01,EFA,0.0007556947,0.030397132,0.029641438,train,0.018249813
2024-11-01,IWM,0.005056291,0.035422716,0.030366424,train,-0.031881284
2024-11-01,SPY,-0.0021563312,0.0019277753,0.0040841065,train,-0.0051727546
2024-11-01,TLT,0.015402662,0.01819177,0.002789108,train,0.010750805
2024-11-04,EFA,0.00989542,0.020381246,0.010485826,train,0.030397132
2024-11-04,IWM,0.018635651,0.01867582,4.0169805e-05,train,0.035422716
2024-11-04,SPY,0.012019311,-0.049469087,0.061488397,train,0.0019277753
2024-11-04,TLT,0.0052977153,0.03292424,0.027626524,train,0.01819177
2024-11-05,EFA,-0.014563884,0.038088758,0.052652642,train,0.020381246
2024-11-05,IWM,0.056315716,0.013689392,0.042626325,train,0.01867582
2024-11-05,SPY,0.024561431,-0.027843002,0.052404433,train,-0.049469087
2024-11-05,TLT,-0.027770571,0.035214376,0.06298494,train,0.03292424
2024-11-06,EFA,0.015062341,-0.0105641885,0.025626529,train,0.038088758
2024-11-06,IWM,-0.0035472428,0.09472375,0.098271,train,0.013689392
2024-11-06,SPY,0.007702438,0.021625727,0.013923289,train,-0.027843002
2024-11-06,TLT,0.012450096,-0.013815953,0.02626605,train,0.035214376
2024-11-07,EFA,-0.013924673,0.04433493,0.058259603,train,-0.0105641885
2024-11-07,IWM,0.007333958,0.0052452656,0.0020886925,train,0.09472375
2024-11-07,SPY,0.004322552,0.015628628,0.011306076,train,0.021625727
2024-11-07,TLT,0.012621015,0.047354873,0.034733858,train,-0.013815953
2024-11-08,EFA,0.00025252692,-0.042231467,0.042483993,train,0.04433493
2024-11-08,IWM,0.014922609,-0.018621739,0.033544347,train,0.0052452656
2024-11-08,SPY,0.0009522631,0.04394655,0.042994287,train,0.015628628
2024-11-08,TLT,-0.0048772376,-0.02177699,0.016899751,train,0.047354873
2024-11-11,EFA,-0.018739864,0.017397813,0.036137678,train,-0.042231467
2024-11-11,IWM,-0.017698161,-0.030481849,0.012783688,train,-0.018621739
2024-11-11,SPY,-0.0031113073,0.016900528,0.020011835,train,0.04394655
2024-11-11,TLT,-0.015107159,0.019983739,0.035090897,train,-0.02177699
2024-11-12,EFA,-0.005936995,0.03441534,0.040352333,train,0.017397813
2024-11-12,IWM,-0.009945695,-0.040468503,0.030522808,train,-0.030481849
2024-11-12,SPY,0.0004857817,0.076987356,0.07650157,train,0.016900528
2024-11-12,TLT,-0.009531063,0.01558343,0.025114493,train,0.019983739
2024-11-13,EFA,0.002069114,0.0022208672,0.0001517532,train,0.03441534
2024-11-13,IWM,-0.013574797,-0.028175984,0.014601187,train,-0.040468503
2024-11-13,SPY,-0.0064509045,0.020950813,0.027401717,train,0.076987356
2024-11-13,TLT,0.005773933,-0.004748528,0.010522461,train,0.01558343
2024-11-14,EFA,-0.003623764,0.030888923,0.034512687,train,0.0022208672
2024-11-14,IWM,-0.015029965,-0.06259604,0.04756607,train,-0.028175984
2024-11-14,SPY,-0.012891441,0.007479324,0.020370765,train,0.020950813
2024-11-14,TLT,-0.0026610333,0.01093148,0.013592513,train,-0.004748528
2024-11-15,EFA,0.0054307333,0.010311214,0.004880481,train,0.030888923
2024-11-15,IWM,0.0019675395,-0.08600289,0.08797043,train,-0.06259604
2024-11-15,SPY,0.0040890635,0.03621645,0.032127384,train,0.007479324
2024-11-15,TLT,0.0017747788,0.027882379,0.0261076,train,0.01093148
2024-11-18,EFA,-0.0012903592,0.0020914292,0.0033817883,train,0.010311214
2024-11-18,IWM,0.007398544,-0.0037430814,0.011141625,train,-0.08600289
2024-11-18,SPY,0.0036488697,-0.0791817,0.08283057,train,0.03621645
2024-11-18,TLT,0.0050846455,0.0028451905,0.002239455,train,0.027882379
2024-11-19,EFA,-0.0027151343,-0.014378167,0.011663033,train,0.0020914292
2024-11-19,IWM,0.001299832,0.010199414,0.008899582,train,-0.0037430814
2024-11-19,SPY,0.00033876358,-0.023506384,0.023845147,train,-0.0791817
2024-11-19,TLT,-0.0032024719,0.031158343,0.034360815,train,0.0028451905
2024-11-20,EFA,0.000258907,-0.012301407,0.012560314,train,-0.014378167
2024-11-20,IWM,0.015085133,0.011602352,0.0034827804,train,0.010199414
2024-11-20,SPY,0.005353738,0.01938343,0.014029693,train,-0.023506384
2024-11-20,TLT,-0.00077456795,0.04515442,0.045928985,train,0.031158343
2024-11-21,EFA,0.0038754793,-0.04641341,0.05028889,train,-0.012301407
2024-11-21,IWM,0.018301025,0.025740877,0.0074398518,train,0.011602352
2024-11-21,SPY,0.0030948112,0.074627265,0.07153245,train,0.01938343
2024-11-21,TLT,0.00055320904,0.026356854,0.025803644,train,0.04515442
2024-11-22,EFA,0.0051439838,-0.024470199,0.029614182,train,-0.04641341
2024-11-22,IWM,0.015088592,0.039263338,0.024174746,train,0.025740877
2024-11-22,SPY,0.0033863294,0.07247599,0.069089666,train,0.074627265
2024-11-22,TLT,0.025558488,-0.049825884,0.07538437,train,0.026356854
2024-11-25,EFA,-0.005788821,0.00861544,0.014404261,train,-0.024470199
2024-11-25,IWM,-0.007370372,0.0084108235,0.015781196,train,0.039263338
2024-11-25,SPY,0.0052079842,0.032453753,0.02724577,train,0.07247599
2024-11-25,TLT,-0.0038897195,-0.004290725,0.0004010056,train,-0.049825884
2024-11-26,EFA,0.005403974,-0.043128196,0.04853217,train,0.00861544
2024-11-26,IWM,0.0013705133,0.033659637,0.032289125,train,0.0084108235
2024-11-26,SPY,-0.0030347626,0.021558885,0.024593648,train,0.032453753
2024-11-26,TLT,0.0069046696,0.028790683,0.021886013,train,-0.004290725
2024-11-27,EFA,0.013257114,-0.0039493376,0.017206453,train,-0.043128196
2024-11-27,IWM,0.003810877,0.0351955,0.031384625,train,0.033659637
2024-11-27,SPY,0.006192899,0.0017905757,0.004402323,train,0.021558885
2024-11-27,TLT,0.010268602,0.0122329,0.001964298,train,0.028790683
2024-11-29,EFA,0.002781972,-0.007145419,0.009927391,train,-0.0039493376
2024-11-29,IWM,-0.00049620355,0.05476865,0.055264857,train,0.0351955
2024-11-29,SPY,0.0017906061,-0.03638118,0.038171787,train,0.0017905757
2024-11-29,TLT,0.0023997885,0.08978557,0.08738578,train,0.0122329
2024-12-02,EFA,0.0056663593,-0.025105122,0.030771483,train,-0.007145419
2024-12-02,IWM,-0.007140258,-0.04222011,0.03507985,train,0.05476865
2024-12-02,SPY,0.00046374628,-0.06859847,0.06906222,train,-0.03638118
2024-12-02,TLT,-0.008666585,-0.007737591,0.00092899427,train,0.08978557
2024-12-03,EFA,0.00075312797,0.0041165566,0.0033634286,train,-0.025105122
2024-12-03,IWM,0.0035764696,-0.0064320983,0.010008568,train,-0.04222011
2024-12-03,SPY,0.0061904197,-0.05939256,0.06558298,train,-0.06859847
2024-12-03,TLT,0.010688588,0.032781333,0.022092745,train,-0.007737591
2024-12-04,EFA,0.0048814043,-0.0061961925,0.011077597,train,0.0041165566
2024-12-04,IWM,-0.011733639,-0.019831423,0.008097784,train,-0.0064320983
2024-12-04,SPY,-0.0016470625,-0.036589902,0.03494284,train,-0.05939256
2024-12-04,TLT,0.0020180086,0.043528862,0.041510854,train,0.032781333
2024-12-05,EFA,-0.00012482086,0.0030913716,0.0032161926,train,-0.0061961925
2024-12-05,IWM,0.0035638676,0.0240121,0.020448232,train,-0.019831423
2024-12-05,SPY,0.0018938881,0.006391446,0.004497558,train,-0.036589902
2024-12-05,TLT,0.0014844196,-0.017522905,0.019007325,train,0.043528862
2024-12-06,EFA,-0.0006245383,0.030936785,0.031561323,train,0.0030913716
2024-12-06,IWM,-0.005035084,0.025396742,0.030431826,train,0.0240121
2024-12-06,SPY,-0.005162974,0.0012399722,0.006402946,train,0.006391446
2024-12-06,TLT,-0.009260024,0.04808203,0.057342056,train,-0.017522905
2024-12-09,EFA,-0.009037395,0.01386792,0.022905316,train,0.030936785
2024-12-09,IWM,-0.004342007,0.09400894,0.09835094,train,0.025396742
2024-12-09,SPY,-0.003113794,0.016633239,0.019747032,train,0.0012399722
2024-12-09,TLT,-0.0047158613,0.050226603,0.054942463,train,0.04808203
2024-12-10,EFA,0.0062845624,-0.014391844,0.020676406,train,0.01386792
2024-12-10,IWM,0.0045104064,0.09065517,0.08614476,train,0.09400894
2024-12-10,SPY,0.007700951,0.012941224,0.0052402727,train,0.016633239
2024-12-10,TLT,-0.009499145,0.027129423,0.036628567,train,0.050226603
2024-12-11,EFA,-0.008809468,-0.047144018,0.03833455,train,-0.014391844
2024-12-11,IWM,-0.013081105,0.051518988,0.064600095,train,0.09065517
2024-12-11,SPY,-0.005166058,0.03196603,0.037132088,train,0.012941224
2024-12-11,TLT,-0.01222192,0.058695674,0.07091759,train,0.027129423
2024-12-12,EFA,-0.0027848908,0.009190889,0.01197578,train,-0.047144018
2024-12-12,IWM,-0.006883867,0.07887215,0.08575602,train,0.051518988
2024-12-12,SPY,-0.00019851068,0.0032277629,0.0034262736,train,0.03196603
2024-12-12,TLT,-0.010263351,0.04909053,0.05935388,train,0.058695674
2024-12-13,EFA,-0.003301163,0.009973715,0.013274878,train,0.009190889
2024-12-13,IWM,0.005860786,0.019832417,0.013971631,train,0.07887215
2024-12-13,SPY,0.004260851,-0.030317102,0.03457795,train,0.0032277629
2024-12-13,TLT,0.0029905955,0.031614326,0.02862373,train,0.04909053
2024-12-16,EFA,-0.0015868255,0.039775867,0.04136269,train,0.009973715
2024-12-16,IWM,-0.011514357,-0.04872527,0.03721091,train,0.019832417
2024-12-16,SPY,-0.0041285744,-0.057453085,0.05332451,train,-0.030317102
2024-12-16,TLT,0.002430252,0.04701305,0.0445828,train,0.031614326
2024-12-17,EFA,-0.024837831,-0.019057333,0.0057804976,train,0.039775867
2024-12-17,IWM,-0.045282338,-0.019420628,0.02586171,train,-0.04872527
2024-12-17,SPY,-0.030256659,-0.03499346,0.0047367997,train,-0.057453085
2024-12-17,TLT,-0.012583362,0.06173376,0.07431712,train,0.04701305
2024-12-18,EFA,-0.0031818207,0.050214674,0.053396493,train,-0.019057333
2024-12-18,IWM,-0.0044474043,-0.040700316,0.036252912,train,-0.019420628
2024-12-18,SPY,-0.0003072672,0.041521188,0.041828454,train,-0.03499346
2024-12-18,TLT,-0.015257047,0.03897955,0.054236595,train,0.06173376
2024-12-19,EFA,-0.0027923698,0.015347055,0.018139426,train,0.050214674
2024-12-19,IWM,0.0093259895,-0.061092984,0.070418976,train,-0.040700316
2024-12-19,SPY,0.011939602,0.04165171,0.029712109,train,0.041521188
2024-12-19,TLT,0.0056779315,-0.02563595,0.03131388,train,0.03897955
2024-12-20,EFA,0.0065034064,0.021744773,0.015241366,train,0.015347055
2024-12-20,IWM,-0.0023007237,0.0012399713,0.003540695,train,-0.061092984
2024-12-20,SPY,0.005970451,0.07248795,0.0665175,train,0.04165171
2024-12-20,TLT,-0.0092145875,-0.0155186085,0.006304021,train,-0.02563595
2024-12-23,EFA,0.0035655524,0.019196942,0.01563139,train,0.021744773
2024-12-23,IWM,0.0089029195,0.039267216,0.030364297,train,0.0012399713
2024-12-23,SPY,0.011053589,0.070422865,0.059369277,train,0.07248795
2024-12-23,TLT,0.0042197453,-0.010960198,0.015179943,train,-0.0155186085
2024-12-24,EFA,0.0047343452,0.019713078,0.014978733,train,0.019196942
2024-12-24,IWM,0.010198843,0.08387384,0.07367499,train,0.039267216
2024-12-24,SPY,6.664835e-05,0.088481516,0.08841487,train,0.070422865
2024-12-24,TLT,-0.0005693915,0.0015175315,0.002086923,train,-0.010960198
2024-12-26,EFA,-0.0014441048,0.0055642966,0.0070084017,train,0.019713078
2024-12-26,IWM,-0.014685425,0.0037871534,0.018472578,train,0.08387384
2024-12-26,SPY,-0.010582393,-0.005506086,0.005076307,train,0.088481516
2024-12-26,TLT,-0.008232276,0.043080904,0.05131318,train,0.0015175315
2024-12-27,EFA,-0.006591237,0.018833391,0.02542463,train,0.0055642966
2024-12-27,IWM,-0.007718888,0.010563745,0.018282633,train,0.0037871534
2024-12-27,SPY,-0.011477172,-0.002463379,0.009013793,train,-0.005506086
2024-12-27,TLT,0.008004501,0.059168834,0.051164333,train,0.043080904
2024-12-30,EFA,0.0,0.0062404713,0.0062404713,train,0.018833391
2024-12-30,IWM,0.0012680702,0.023139838,0.021871768,train,0.010563745
2024-12-30,SPY,-0.0036447495,-0.0055829687,0.0019382192,train,-0.002463379
2024-12-30,TLT,-0.005367226,0.016906884,0.02227411,train,0.059168834
2024-12-31,EFA,-0.003444585,0.0122348005,0.015679386,train,0.0062404713
2024-12-31,IWM,0.0008142748,0.045902424,0.04508815,train,0.023139838
2024-12-31,SPY,-0.0024600134,-0.029274866,0.026814852,train,-0.0055829687
2024-12-31,TLT,0.0027442693,-0.022085242,0.02482951,train,0.016906884
2025-01-02,EFA,0.00437003,-0.006816189,0.011186219,train,0.0122348005
2025-01-02,IWM,0.014767755,0.047326278,0.032558523,train,0.045902424
2025-01-02,SPY,0.012425908,-0.005382237,0.017808145,train,-0.029274866
2025-01-02,TLT,-0.0032023345,0.02012638,0.023328714,train,-0.022085242
