date,ticker,y_true,y_pred,abs_error,dataset_part,signal_for_trade
2022-07-01,EFA,-0.021624038,0.024649695,0.04627373,train,
2022-07-01,IWM,0.008249997,-0.03652268,0.044772677,train,
2022-07-01,SPY,0.001886703,-0.01246228,0.014348983,train,
2022-07-01,TLT,0.007826341,-0.06720966,0.075036004,train,
2022-07-05,EFA,0.0008152032,0.050764807,0.049949605,train,0.024649695
2022-07-05,IWM,-0.0074335765,-0.026956491,0.019522915,train,-0.03652268
2022-07-05,SPY,0.003371696,0.043026373,0.039654676,train,-0.01246228
2022-07-05,TLT,-0.016933944,-0.09170479,0.07477085,train,-0.06720966
2022-07-06,EFA,0.015045217,0.027442988,0.012397771,train,0.050764807
2022-07-06,IWM,0.023390906,-0.02223827,0.045629174,train,-0.026956491
2022-07-06,SPY,0.014865867,-0.029787026,0.044652894,train,0.043026373
2022-07-06,TLT,-0.008839024,-0.041220717,0.03238169,train,-0.09170479
2022-07-07,EFA,0.0011231937,-0.039669216,0.04079241,train,0.027442988
2022-07-07,IWM,-0.000114077244,0.053313557,0.053427633,train,-0.02223827
2022-07-07,SPY,-0.0008226955,-0.05945192,0.058629222,train,-0.029787026
2022-07-07,TLT,-0.011137494,0.01868873,0.029826224,train,-0.041220717
2022-07-08,EFA,-0.016331453,0.032933988,0.04926544,train,-0.039669216
2022-07-08,IWM,-0.020308442,-0.013445801,0.0068626413,train,0.053313557
2022-07-08,SPY,-0.011489354,-0.054525904,0.04303655,train,-0.05945192
2022-07-08,TLT,0.017097412,0.026213553,0.009116141,train,0.01868873
2022-07-11,EFA,-0.00016293152,0.09436894,0.09453187,train,0.032933988
2022-07-11,IWM,-0.0034348296,-0.01054009,0.00710526,train,-0.013445801
2022-07-11,SPY,-0.008888328,-0.0077891606,0.0010991679,train,-0.054525904
2022-07-11,TLT,0.005924378,-0.0763675,0.08229188,train,0.026213553
2022-07-12,EFA,-0.00048922916,0.026185602,0.026674831,train,0.09436894
2022-07-12,IWM,-0.0008750764,-0.013300578,0.012425502,train,-0.01054009
2022-07-12,SPY,-0.005265612,0.031260777,0.03652639,train,-0.0077891606
2022-07-12,TLT,0.011401256,-0.03472219,0.046123445,train,-0.0763675
2022-07-13,EFA,-0.014128882,0.05763656,0.07176544,train,0.026185602
2022-07-13,IWM,-0.010326475,0.01419136,0.024517834,train,-0.013300578
2022-07-13,SPY,-0.0024315373,0.095320016,0.09775155,train,0.031260777
2022-07-13,TLT,-0.008192498,-0.020225814,0.012033315,train,-0.03472219
2022-07-14,EFA,0.015758831,0.08302477,0.06726594,train,0.05763656
2022-07-14,IWM,0.0206049,-0.002526607,0.023131507,train,0.01419136
2022-07-14,SPY,0.018925099,0.07585643,0.05693133,train,0.095320016
2022-07-14,TLT,0.005612252,0.014266045,0.0086537935,train,-0.020225814
2022-07-15,EFA,0.00406332,-0.060341313,0.06440464,train,0.08302477
2022-07-15,IWM,-0.002834814,-0.019734815,0.016900001,train,-0.002526607
2022-07-15,SPY,-0.008291293,0.026543645,0.034834936,train,0.07585643
2022-07-15,TLT,-0.010473028,0.032731242,0.04320427,train,0.014266045
2022-07-18,EFA,0.026885878,-0.058408875,0.08529475,train,-0.060341313
2022-07-18,IWM,0.034675706,-0.025591664,0.06026737,train,-0.019734815
2022-07-18,SPY,0.026660474,0.068730146,0.042069674,train,0.026543645
2022-07-18,TLT,-0.0054089543,0.0015230566,0.006932011,train,0.032731242
2022-07-19,EFA,-0.006653973,-0.014781382,0.008127409,train,-0.058408875
2022-07-19,IWM,0.015548064,-0.026460372,0.042008437,train,-0.025591664
2022-07-19,SPY,0.006353165,0.029040605,0.022687439,train,0.068730146
2022-07-19,TLT,0.0026208106,-0.017226389,0.0198472,train,0.0015230566
2022-07-20,EFA,0.010279234,-0.041764036,0.05204327,train,-0.014781382
2022-07-20,IWM,0.0051109795,0.024342854,0.019231874,train,-0.026460372
2022-07-20,SPY,0.010131526,0.0632155,0.053083975,train,0.029040605
2022-07-20,TLT,0.01712841,0.0014144803,0.01571393,train,-0.017226389
2022-07-21,EFA,-0.0025205459,-0.040421385,0.03790084,train,-0.041764036
2022-07-21,IWM,-0.016080597,0.03236349,0.048444085,train,0.024342854
2022-07-21,SPY,-0.009321375,0.06883883,0.078160204,train,0.0632155
2022-07-21,TLT,0.01667179,0.009334162,0.007337628,train,0.0014144803
2022-07-22,EFA,0.0076990197,-0.028292418,0.035991438,train,-0.040421385
2022-07-22,IWM,0.0051673856,0.038746554,0.03357917,train,0.03236349
2022-07-22,SPY,0.0012142798,0.012348038,0.011133758,train,0.06883883
2022-07-22,TLT,-0.009833379,0.009993912,0.019827291,train,0.009334162
2022-07-25,EFA,-0.014028119,-0.025507903,0.011479784,train,-0.028292418
2022-07-25,IWM,-0.006170527,0.011076408,0.017246936,train,0.038746554
2022-07-25,SPY,-0.011901738,0.03535437,0.047256105,train,0.012348038
2022-07-25,TLT,0.0007663695,0.0053986968,0.0046323272,train,0.009993912
2022-07-26,EFA,0.023375385,0.020339023,0.0030363612,train,-0.025507903
2022-07-26,IWM,0.02249618,0.055408273,0.03291209,train,0.011076408
2022-07-26,SPY,0.025635155,-0.002038388,0.027673542,train,0.03535437
2022-07-26,TLT,-0.0056338045,0.011017359,0.016651163,train,0.0053986968
2022-07-27,EFA,0.005104052,0.019285366,0.014181314,train,0.020339023
2022-07-27,IWM,0.01364615,-0.039115354,0.052761503,train,0.055408273
2022-07-27,SPY,0.0124642085,-0.03200836,0.044472568,train,-0.002038388
2022-07-27,TLT,0.007929396,0.006923578,0.0010058177,train,0.011017359
2022-07-28,EFA,0.01378918,-0.0050419276,0.018831108,train,0.019285366
2022-07-28,IWM,0.007074351,-0.0010200808,0.008094432,train,-0.039115354
2022-07-28,SPY,0.014473612,-0.01077507,0.025248682,train,-0.03200836
2022-07-28,TLT,-0.00272113,0.0067486833,0.009469813,train,0.006923578
2022-07-29,EFA,0.0013683124,-0.0064709685,0.007839281,train,-0.0050419276
2022-07-29,IWM,-0.0003738155,0.009387394,0.00976121,train,-0.0010200808
2022-07-29,SPY,-0.0029656834,0.006525163,0.009490847,train,-0.01077507
2022-07-29,TLT,0.023797762,-0.011182035,0.034979798,train,0.0067486833
2022-08-01,EFA,-0.016083537,-0.033722255,0.017638719,train,-0.0064709685
2022-08-01,IWM,-0.00096218765,-0.0004043182,0.00055786944,train,0.009387394
2022-08-01,SPY,-0.006619085,0.015910517,0.022529602,train,0.006525163
2022-08-01,TLT,-0.021386754,-0.0128553845,0.008531369,train,-0.011182035
2022-08-02,EFA,0.005850645,-0.028487451,0.034338094,train,-0.033722255
2022-08-02,IWM,0.014598858,0.0076120575,0.0069868,train,-0.0004043182
2022-08-02,SPY,0.015538019,0.021364069,0.0058260495,train,0.015910517
2022-08-02,TLT,0.015622106,-0.002109665,0.01773177,train,-0.0128553845
2022-08-03,EFA,0.005053249,0.026564755,0.021511506,train,-0.028487451
2022-08-03,IWM,-0.0021101735,-0.015186113,0.01307594,train,0.0076120575
2022-08-03,SPY,-0.00067579024,0.003991744,0.0046675345,train,0.021364069
2022-08-03,TLT,-0.00033510488,0.0019940059,0.0023291106,train,-0.002109665
2022-08-04,EFA,-0.007050859,0.012670691,0.019721549,train,0.026564755
2022-08-04,IWM,0.00762859,0.015360338,0.007731748,train,-0.015186113
2022-08-04,SPY,-0.0016917475,0.008448748,0.010140495,train,0.003991744
2022-08-04,TLT,-0.024091503,-0.02330081,0.00079069287,train,0.0019940059
2022-08-05,EFA,0.0023046504,0.021941915,0.019637264,train,0.012670691
2022-08-05,IWM,0.010531498,-0.032408547,0.042940043,train,0.015360338
2022-08-05,SPY,-0.0011615256,0.00016290287,0.0013244285,train,0.008448748
2022-08-05,TLT,0.016012598,-0.08984646,0.105859056,train,-0.02330081
2022-08-08,EFA,-0.005385955,0.050369672,0.055755626,train,0.021941915
2022-08-08,IWM,-0.01373351,-0.032967098,0.019233588,train,-0.032408547
2022-08-08,SPY,-0.003978834,-0.0026762406,0.0013025934,train,0.00016290287
2022-08-08,TLT,-0.0038941875,-0.0382791,0.034384914,train,-0.08984646
2022-08-09,EFA,0.022277316,-0.016836438,0.039113753,train,0.050369672
2022-08-09,IWM,0.028150208,-0.0026338012,0.030784009,train,-0.032967098
2022-08-09,SPY,0.02078648,-0.012309443,0.033095922,train,-0.0026762406
2022-08-09,TLT,-0.0065526357,-0.021236513,0.014683877,train,-0.0382791
2022-08-10,EFA,-0.00030170588,0.0015315177,0.0018332236,train,-0.016836438
2022-08-10,IWM,0.0037248537,-0.023102228,0.026827082,train,-0.0026338012
2022-08-10,SPY,0.0,0.0025596623,0.0025596623,train,-0.012309443
2022-08-10,TLT,-0.023585694,-0.045052025,0.021466332,train,-0.021236513
2022-08-11,EFA,0.007668714,0.017975774,0.01030706,train,0.0015315177
2022-08-11,IWM,0.020216929,0.008913881,0.011303048,train,-0.023102228
2022-08-11,SPY,0.016787477,0.011283827,0.00550365,train,0.0025596623
2022-08-11,TLT,0.010089707,-0.053907216,0.063996926,train,-0.045052025
2022-08-12,EFA,-0.0060097896,-0.00046500878,0.0055447808,train,0.017975774
2022-08-12,IWM,0.0035372714,-0.0015152761,0.0050525474,train,0.008913881
2022-08-12,SPY,0.004112151,0.017802883,0.013690732,train,0.011283827
2022-08-12,TLT,-0.0008658076,-0.0125256805,0.011659873,train,-0.053907216
2022-08-15,EFA,-0.00030142377,0.0041479617,0.0044493857,train,-0.00046500878
2022-08-15,IWM,-0.00039779063,0.016371263,0.016769053,train,-0.0015152761
2022-08-15,SPY,0.0019567467,0.0040337243,0.0020769776,train,0.017802883
2022-08-15,TLT,0.0041491473,-0.019771926,0.023921072,train,-0.0125256805
2022-08-16,EFA,-0.008021305,-0.016712222,0.008690917,train,0.0041479617
2022-08-16,IWM,-0.016959973,-0.020749498,0.0037895255,train,0.016371263
2022-08-16,SPY,-0.0071232268,-0.014986458,0.007863231,train,0.0040337243
2022-08-16,TLT,-0.010492713,-0.059535507,0.049042795,train,-0.019771926
2022-08-17,EFA,-0.003348468,-0.024182407,0.02083394,train,-0.016712222
2022-08-17,IWM,0.0066074915,-0.021534145,0.028141636,train,-0.020749498
2022-08-17,SPY,0.0029020847,-0.010780987,0.013683072,train,-0.014986458
2022-08-17,TLT,0.0014811114,-0.034144208,0.03562532,train,-0.059535507
2022-08-18,EFA,-0.013816571,0.0094402665,0.023256838,train,-0.024182407
2022-08-18,IWM,-0.0216997,-0.011534225,0.010165475,train,-0.021534145
2022-08-18,SPY,-0.013528965,-0.002948795,0.010580171,train,-0.010780987
2022-08-18,TLT,-0.016233422,0.032336175,0.048569597,train,-0.034144208
2022-08-19,EFA,-0.017150473,0.009403535,0.026554007,train,0.0094402665
2022-08-19,IWM,-0.020816201,-0.033159982,0.012343781,train,-0.011534225
2022-08-19,SPY,-0.021042485,-0.0110090235,0.010033461,train,-0.002948795
2022-08-19,TLT,-0.0033673467,-0.019252695,0.01588535,train,0.032336175
2022-08-22,EFA,0.00047168165,0.022282254,0.021810573,train,0.009403535
2022-08-22,IWM,0.0016247778,0.024739679,0.023114901,train,-0.033159982
2022-08-22,SPY,-0.0024221505,0.022913245,0.025335396,train,-0.0110090235
2022-08-22,TLT,-0.0055185887,0.0074603525,0.012978941,train,-0.019252695
2022-08-23,EFA,0.001256709,-0.01604921,0.017305918,train,0.022282254
2022-08-23,IWM,0.0076167174,0.0154663,0.0078495825,train,0.024739679
2022-08-23,SPY,0.0031959764,0.065150484,0.06195451,train,0.022913245
2022-08-23,TLT,-0.0073455353,0.017054401,0.024399936,train,0.0074603525
2022-08-24,EFA,0.010929174,0.007383524,0.0035456498,train,-0.01604921
2022-08-24,IWM,0.015420283,0.029648494,0.014228211,train,0.0154663
2022-08-24,SPY,0.014018909,0.0055241347,0.008494774,train,0.065150484
2022-08-24,TLT,0.013839959,0.01242518,0.0014147796,train,0.017054401
2022-08-25,EFA,-0.026592828,-0.035275787,0.008682959,train,0.007383524
2022-08-25,IWM,-0.03340749,-0.02946785,0.00393964,train,0.029648494
2022-08-25,SPY,-0.034435146,0.0009189771,0.035354123,train,0.0055241347
2022-08-25,TLT,0.0075095296,-0.013043716,0.020553246,train,0.01242518
2022-08-26,EFA,-0.0022349348,0.07184528,0.074080214,train,-0.035275787
2022-08-26,IWM,-0.009249955,0.022203494,0.03145345,train,-0.02946785
2022-08-26,SPY,-0.006634181,0.05901288,0.06564706,train,0.0009189771
2022-08-26,TLT,-0.008307636,-0.013016789,0.0047091534,train,-0.013043716
2022-08-29,EFA,-0.007218112,0.006614763,0.013832875,train,0.07184528
2022-08-29,IWM,-0.014091617,-0.06731417,0.053222552,train,0.022203494
2022-08-29,SPY,-0.011038756,-0.09945624,0.088417485,train,0.05901288
2022-08-29,TLT,0.0024816326,0.037808493,0.03532686,train,-0.013016789
2022-08-30,EFA,-0.006783887,0.029768795,0.036552683,train,0.006614763
2022-08-30,IWM,-0.0060848054,-0.030461868,0.024377063,train,-0.06731417
2022-08-30,SPY,-0.007637884,-0.08713424,0.07949636,train,-0.09945624
2022-08-30,TLT,-0.00960684,0.017747877,0.027354717,train,0.037808493
2022-08-31,EFA,-0.013543505,0.0015168429,0.015060348,train,0.029768795
2022-08-31,IWM,-0.0109590795,-0.00970836,0.0012507197,train,-0.030461868
2022-08-31,SPY,0.0031327487,-0.11303195,0.1161647,train,-0.08713424
2022-08-31,TLT,-0.018477725,0.013652899,0.032130625,train,0.017747877
2022-09-01,EFA,-0.0065931007,0.03299187,0.039584972,train,0.0015168429
2022-09-01,IWM,-0.007798735,0.013661862,0.021460596,train,-0.00970836
2022-09-01,SPY,-0.0106003815,-0.058056723,0.047456343,train,-0.11303195
2022-09-01,TLT,0.005640877,-0.0134576475,0.019098524,train,0.013652899
2022-09-02,EFA,-0.0024835493,0.018712968,0.021196516,train,0.03299187
2022-09-02,IWM,-0.009933186,0.04033387,0.050267056,train,0.013661862
2022-09-02,SPY,-0.0037801564,0.005289043,0.009069199,train,-0.058056723
2022-09-02,TLT,-0.025080584,-0.026570773,0.0014901888,train,-0.0134576475
2022-09-06,EFA,0.008748036,0.013337499,0.0045894636,train,0.018712968
2022-09-06,IWM,0.021526182,0.040161286,0.018635103,train,0.04033387
2022-09-06,SPY,0.01780545,-0.05059266,0.06839811,train,0.005289043
2022-09-06,TLT,0.015691722,-0.027044125,0.042735845,train,-0.026570773
2022-09-07,EFA,0.0006571206,-0.017309086,0.017966207,train,0.013337499
2022-09-07,IWM,0.0083085755,-0.027265668,0.035574242,train,0.040161286
2022-09-07,SPY,0.0065151774,-0.089164175,0.09567935,train,-0.05059266
2022-09-07,TLT,-0.010310331,0.0029519987,0.01326233,train,-0.027044125
2022-09-08,EFA,0.025137117,0.011685013,0.013452104,train,-0.017309086
2022-09-08,IWM,0.019886818,-0.05418175,0.07406857,train,-0.027265668
2022-09-08,SPY,0.015415585,0.030160755,0.01474517,train,-0.089164175
2022-09-08,TLT,0.0022179836,-0.019382268,0.021600252,train,0.0029519987
2022-09-09,EFA,0.013837132,0.015534678,0.0016975459,train,0.011685013
2022-09-09,IWM,0.012040412,0.03918106,0.027140649,train,-0.05418175
2022-09-09,SPY,0.010690337,0.016017668,0.005327331,train,0.030160755
2022-09-09,TLT,-0.008251009,-0.00077407935,0.007476929,train,-0.019382268
2022-09-12,EFA,-0.035367783,-0.04010529,0.0047375076,train,0.015534678
2022-09-12,IWM,-0.03990627,0.009724521,0.04963079,train,0.03918106
2022-09-12,SPY,-0.04445624,0.014399125,0.058855366,train,0.016017668
2022-09-12,TLT,0.0023247972,-0.020757124,0.023081921,train,-0.00077407935
2022-09-13,EFA,0.0032675625,0.018293042,0.01502548,train,-0.04010529
2022-09-13,IWM,0.003888171,-0.08138055,0.08526872,train,0.009724521
2022-09-13,SPY,0.0038085019,-0.020446423,0.024254926,train,0.014399125
2022-09-13,TLT,0.0034305532,0.023718622,0.020288069,train,-0.020757124
2022-09-14,EFA,-0.008846825,0.0113403415,0.020187166,train,0.018293042
2022-09-14,IWM,-0.00729606,-0.060137928,0.05284187,train,-0.08138055
2022-09-14,SPY,-0.011418156,-0.03566979,0.024251632,train,-0.020446423
2022-09-14,TLT,-0.0006480735,-0.030539624,0.02989155,train,0.023718622
2022-09-15,EFA,-0.006107083,-0.007911903,0.0018048198,train,0.0113403415
2022-09-15,IWM,-0.014641685,-0.022798719,0.0081570335,train,-0.060137928
2022-09-15,SPY,-0.007658079,-0.007509122,0.00014895666,train,-0.03566979
2022-09-15,TLT,-0.008370529,-0.0010982392,0.0072722896,train,-0.030539624
2022-09-16,EFA,0.003470803,-0.01316006,0.016630864,train,-0.007911903
2022-09-16,IWM,0.008511887,-0.008593439,0.017105326,train,-0.022798719
2022-09-16,SPY,0.007724896,0.011543755,0.0038188593,train,-0.007509122
2022-09-16,TLT,0.0023318992,-0.004020426,0.006352325,train,-0.0010982392
2022-09-19,EFA,-0.017139876,-0.0003440486,0.016795827,train,-0.01316006
2022-09-19,IWM,-0.013721422,0.056734197,0.07045562,train,-0.008593439
2022-09-19,SPY,-0.01154486,0.01074927,0.02229413,train,0.011543755
2022-09-19,TLT,-0.010020031,0.024220731,0.03424076,train,-0.004020426
2022-09-20,EFA,-0.01317824,-0.008444599,0.0047336407,train,-0.0003440486
2022-09-20,IWM,-0.015393509,0.039182596,0.054576106,train,0.056734197
2022-09-20,SPY,-0.017597605,0.0037587662,0.02135637,train,0.01074927
2022-09-20,TLT,0.016614132,-0.01418897,0.030803103,train,0.024220731
2022-09-21,EFA,-0.0028953028,-0.007338229,0.0044429265,train,-0.008444599
2022-09-21,IWM,-0.02278515,-0.0077920663,0.014993083,train,0.039182596
2022-09-21,SPY,-0.008435565,0.0031347577,0.011570323,train,0.0037587662
2022-09-21,TLT,-0.025880566,-0.0034442726,0.022436293,train,-0.01418897
2022-09-22,EFA,-0.03241471,-0.012748811,0.019665897,train,-0.007338229
2022-09-22,IWM,-0.02409333,-0.012159235,0.011934095,train,-0.0077920663
2022-09-22,SPY,-0.016896686,0.00080943166,0.017706117,train,0.0031347577
2022-09-22,TLT,0.0040765125,0.031969316,0.027892804,train,-0.0034442726
2022-09-23,EFA,-0.014909581,0.07005473,0.08496431,train,-0.012748811
2022-09-23,IWM,-0.013786619,-0.030318964,0.016532347,train,-0.012159235
2022-09-23,SPY,-0.009941964,0.013871827,0.023813792,train,0.00080943166
2022-09-23,TLT,-0.019295702,-0.03865548,0.019359777,train,0.031969316
2022-09-26,EFA,-0.0068187364,0.007547014,0.01436575,train,0.07005473
2022-09-26,IWM,0.0034051866,-0.02423162,0.027636807,train,-0.030318964
2022-09-26,SPY,-0.002555778,0.05117722,0.053732995,train,0.013871827
2022-09-26,TLT,-0.026683928,-0.017634265,0.009049663,train,-0.03865548
2022-09-27,EFA,0.023840418,0.015116715,0.008723703,train,0.007547014
2022-09-27,IWM,0.031137858,-0.017540768,0.048678625,train,-0.02423162
2022-09-27,SPY,0.019485073,0.009962679,0.009522394,train,0.05117722
2022-09-27,TLT,0.032933734,0.00020061864,0.032733116,train,-0.017634265
2022-09-28,EFA,-0.011849202,0.010076253,0.021925455,train,0.015116715
2022-09-28,IWM,-0.022674607,-0.009742967,0.01293164,train,-0.017540768
2022-09-28,SPY,-0.021110184,0.007951152,0.029061336,train,0.009962679
2022-09-28,TLT,-0.0051893755,0.00090530573,0.006094681,train,0.00020061864
2022-09-29,EFA,-0.003564486,0.02551475,0.029079236,train,0.010076253
2022-09-29,IWM,-0.0073103625,0.006475588,0.013785951,train,-0.009742967
2022-09-29,SPY,-0.015584368,0.030819133,0.0464035,train,0.007951152
2022-09-29,TLT,-0.012994582,0.005198506,0.018193088,train,0.00090530573
2022-09-30,EFA,0.019624108,-0.024808241,0.04443235,train,0.02551475
2022-09-30,IWM,0.026152778,-0.0024560103,0.028608788,train,0.006475588
2022-09-30,SPY,0.02605881,0.021902144,0.004156666,train,0.030819133
2022-09-30,TLT,0.015764682,-0.05538023,0.07114491,train,0.005198506
2022-10-03,EFA,0.039308317,0.11219265,0.072884336,train,-0.024808241
2022-10-03,IWM,0.038870763,0.040377885,0.0015071221,train,-0.0024560103
2022-10-03,SPY,0.030516291,0.020573001,0.00994329,train,0.021902144
2022-10-03,TLT,-0.0027971845,0.03724823,0.040045418,train,-0.05538023
2022-10-04,EFA,-0.010660938,0.017959528,0.028620467,train,0.11219265
2022-10-04,IWM,-0.007413829,-0.079358675,0.07194485,train,0.040377885
2022-10-04,SPY,-0.0023310946,0.0073153903,0.009646485,train,0.020573001
2022-10-04,TLT,-0.009607444,0.027725488,0.03733293,train,0.03724823
2022-10-05,EFA,-0.017678384,-0.026116362,0.008437978,train,0.017959528
2022-10-05,IWM,-0.0056254147,-0.015679976,0.010054561,train,-0.079358675
2022-10-05,SPY,-0.010369245,0.04703046,0.057399705,train,0.0073153903
2022-10-05,TLT,-0.005573956,-0.05174726,0.046173304,train,0.027725488
2022-10-06,EFA,-0.01605886,0.0024622078,0.018521069,train,-0.026116362
2022-10-06,IWM,-0.029856486,-0.021599911,0.008256575,train,-0.015679976
2022-10-06,SPY,-0.028290395,0.054784946,0.083075345,train,0.04703046
2022-10-06,TLT,-0.009755302,-0.03390321,0.02414791,train,-0.05174726
2022-10-07,EFA,-0.005646814,0.037143294,0.042790107,train,0.0024622078
2022-10-07,IWM,-0.0055906884,-0.07632022,0.07072954,train,-0.021599911
2022-10-07,SPY,-0.007664685,-0.031904563,0.02423988,train,0.054784946
2022-10-07,TLT,-0.01566829,-0.023662306,0.007994017,train,-0.03390321
2022-10-10,EFA,-0.0110319955,0.023067746,0.034099743,train,0.037143294
2022-10-10,IWM,0.00029833402,-0.059117712,0.059416045,train,-0.07632022
2022-10-10,SPY,-0.006352866,-0.03920718,0.03285431,train,-0.031904563
2022-10-10,TLT,0.004416197,-0.029258952,0.03367515,train,-0.023662306
2022-10-11,EFA,-0.0032260255,-0.057830878,0.05460485,train,0.023067746
2022-10-11,IWM,-0.0027464563,-0.04183901,0.039092556,train,-0.059117712
2022-10-11,SPY,-0.003303881,-0.04577721,0.042473327,train,-0.03920718
2022-10-11,TLT,0.004894621,-0.057466865,0.062361486,train,-0.029258952
2022-10-12,EFA,0.020432608,-0.0059431265,0.026375735,train,-0.057830878
2022-10-12,IWM,0.024450526,-0.006495088,0.030945614,train,-0.04183901
2022-10-12,SPY,0.026048629,-0.049269,0.07531763,train,-0.04577721
2022-10-12,TLT,-0.009612287,-0.03557371,0.025961421,train,-0.057466865
2022-10-13,EFA,-0.015062018,-0.06555914,0.050497122,train,-0.0059431265
2022-10-13,IWM,-0.027144616,-0.02404289,0.003101727,train,-0.006495088
2022-10-13,SPY,-0.023052456,0.02744639,0.050498843,train,-0.049269
2022-10-13,TLT,-0.008284826,0.0245044,0.032789227,train,-0.03557371
2022-10-14,EFA,0.024339994,0.08346182,0.059121825,train,-0.06555914
2022-10-14,IWM,0.03139479,-0.008329931,0.039724723,train,-0.02404289
2022-10-14,SPY,0.025372397,-0.030638075,0.05601047,train,0.02744639
2022-10-14,TLT,-0.0048813876,0.012379018,0.017260406,train,0.0245044
2022-10-17,EFA,0.007118623,0.016245045,0.009126422,train,0.08346182
2022-10-17,IWM,0.0117816655,-0.020918831,0.032700498,train,-0.008329931
2022-10-17,SPY,0.011681311,0.038239997,0.026558686,train,-0.030638075
2022-10-17,TLT,0.0023420788,0.053222217,0.050880138,train,0.012379018
2022-10-18,EFA,-0.012359732,0.020472173,0.032831904,train,0.016245045
2022-10-18,IWM,-0.017140746,0.020303683,0.037444428,train,-0.020918831
2022-10-18,SPY,-0.0071120365,0.03976828,0.046880316,train,0.038239997
2022-10-18,TLT,-0.018373594,0.03144767,0.049821265,train,0.053222217
2022-10-19,EFA,-0.0022796788,0.0029586316,0.0052383104,train,0.020472173
2022-10-19,IWM,-0.012814935,0.036909003,0.049723938,train,0.020303683
2022-10-19,SPY,-0.008420508,-0.0025804038,0.0058401045,train,0.03976828
2022-10-19,TLT,-0.017241001,0.017409422,0.034650423,train,0.03144767
2022-10-20,EFA,0.017921312,0.023907263,0.005985951,train,0.0029586316
2022-10-20,IWM,0.021479871,0.0004744014,0.02100547,train,0.036909003
2022-10-20,SPY,0.024010861,-0.0042983773,0.02830924,train,-0.0025804038
2022-10-20,TLT,-0.018187303,0.017339207,0.03552651,train,0.017409422
2022-10-21,EFA,0.00017231493,-0.04176692,0.041939232,train,0.023907263
2022-10-21,IWM,0.004275611,0.024633538,0.020357927,train,0.0004744014
2022-10-21,SPY,0.012162172,0.033953093,0.021790922,train,-0.0042983773
2022-10-21,TLT,-0.008298555,0.030579306,0.03887786,train,0.017339207
2022-10-24,EFA,0.021828962,-0.06352847,0.085357435,train,-0.04176692
2022-10-24,IWM,0.026906367,-0.06822431,0.09513068,train,0.024633538
2022-10-24,SPY,0.015842605,0.011522419,0.0043201866,train,0.033953093
2022-10-24,TLT,0.028696727,-0.049288303,0.07798503,train,0.030579306
2022-10-25,EFA,0.009402314,0.041112535,0.031710222,train,-0.06352847
2022-10-25,IWM,0.004927248,0.0007229863,0.004204262,train,-0.06822431
2022-10-25,SPY,-0.007562739,0.049383402,0.05694614,train,0.011522419
2022-10-25,TLT,0.014304678,-0.05942869,0.07373337,train,-0.049288303
2022-10-26,EFA,-0.009402314,-0.10359875,0.09419644,train,0.041112535
2022-10-26,IWM,0.00022302642,0.02256336,0.022340335,train,0.0007229863
2022-10-26,SPY,-0.005354284,0.0068347002,0.012188984,train,0.049383402
2022-10-26,TLT,0.010416272,-0.00061160454,0.011027876,train,-0.05942869
2022-10-27,EFA,0.009903618,-0.11981384,0.12971745,train,-0.10359875
2022-10-27,IWM,0.022471942,-0.010322661,0.032794602,train,0.02256336
2022-10-27,SPY,0.023512049,-0.012321907,0.035833955,train,0.0068347002
2022-10-27,TLT,-0.0068978034,0.068679355,0.075577155,train,-0.00061160454
2022-10-28,EFA,-0.00939758,-0.07831123,0.068913646,train,-0.11981384
2022-10-28,IWM,0.00092763454,0.028997289,0.028069654,train,-0.010322661
2022-10-28,SPY,-0.0072494205,-0.0047207284,0.0025286921,train,-0.012321907
2022-10-28,TLT,-0.0071534715,-0.03420212,0.02704865,train,0.068679355
2022-10-31,EFA,0.007893126,0.030040413,0.022147287,train,-0.07831123
2022-10-31,IWM,0.0013627448,-0.014205624,0.015568369,train,0.028997289
2022-10-31,SPY,-0.004385497,-0.05653444,0.052148942,train,-0.0047207284
2022-10-31,TLT,0.009301952,0.023046896,0.013744944,train,-0.03420212
2022-11-01,EFA,-0.014660372,0.037273046,0.05193342,train,0.030040413
2022-11-01,IWM,-0.033736397,-0.020791898,0.012944499,train,-0.014205624
2022-11-01,SPY,-0.025416551,-0.00037523068,0.025041321,train,-0.05653444
2022-11-01,TLT,-0.004349285,-0.009258761,0.0049094763,train,0.023046896
2022-11-02,EFA,-0.008523664,0.06674262,0.07526629,train,0.037273046
2022-11-02,IWM,-0.0067270123,0.040352568,0.04707958,train,-0.020791898
2022-11-02,SPY,-0.010350251,-0.05890531,0.04855506,train,-0.00037523068
2022-11-02,TLT,-0.005411826,0.026828773,0.0322406,train,-0.009258761
2022-11-03,EFA,0.039279986,0.10315894,0.06387895,train,0.06674262
2022-11-03,IWM,0.01340943,0.076476686,0.06306726,train,0.040352568
2022-11-03,SPY,0.014290678,0.05923991,0.04494923,train,-0.05890531
2022-11-03,TLT,-0.016943127,0.025573842,0.04251697,train,0.026828773
2022-11-04,EFA,0.003122712,-0.04916875,0.052291464,train,0.10315894
2022-11-04,IWM,0.0045229136,0.028621841,0.024098927,train,0.076476686
2022-11-04,SPY,0.009520006,0.07304188,0.06352187,train,0.05923991
2022-11-04,TLT,-0.010026707,0.0037304242,0.013757132,train,0.025573842
2022-11-07,EFA,0.011258932,6.936549e-05,0.011189566,train,-0.04916875
2022-11-07,IWM,0.00038994983,0.044939283,0.044549335,train,0.028621841
2022-11-07,SPY,0.0053809215,0.07299337,0.06761245,train,0.07304188
2022-11-07,TLT,0.010875465,-0.012412063,0.023287527,train,0.0037304242
2022-11-08,EFA,-0.014052558,0.01249308,0.026545638,train,6.936549e-05
2022-11-08,IWM,-0.027839923,0.00062689616,0.028466819,train,0.044939283
2022-11-08,SPY,-0.02081728,0.044360258,0.06517754,train,0.07299337
2022-11-08,TLT,0.003281793,-0.072280474,0.07556227,train,-0.012412063
2022-11-09,EFA,0.05459552,0.04424482,0.0103507005,train,0.01249308
2022-11-09,IWM,0.05973817,0.067996345,0.008258175,train,0.00062689616
2022-11-09,SPY,0.053497326,0.059654687,0.006157361,train,0.044360258
2022-11-09,TLT,0.037752163,-0.035828862,0.073581025,train,-0.072280474
2022-11-10,EFA,0.01974756,0.016647046,0.0031005144,train,0.04424482
2022-11-10,IWM,0.008165807,0.1225789,0.11441309,train,0.067996345
2022-11-10,SPY,0.00963201,-0.11251184,0.12214385,train,0.059654687
2022-11-10,TLT,-0.0036710757,0.10060563,0.1042767,train,-0.035828862
2022-11-11,EFA,-0.01059681,0.009942302,0.020539112,train,0.016647046
2022-11-11,IWM,-0.01124528,-0.022401292,0.011156012,train,0.1225789
2022-11-11,SPY,-0.008543346,-0.05653362,0.047990274,train,-0.11251184
2022-11-11,TLT,-0.0024545959,-0.029416364,0.026961768,train,0.10060563
2022-11-14,EFA,0.006616922,-0.004603082,0.011220004,train,0.009942302
2022-11-14,IWM,0.014717363,0.011248917,0.0034684455,train,-0.022401292
2022-11-14,SPY,0.008493005,0.02019708,0.011704075,train,-0.05653362
2022-11-14,TLT,0.01605092,-0.064057216,0.080108136,train,-0.029416364
2022-11-15,EFA,-0.0023031053,-0.010732752,0.0084296465,train,-0.004603082
2022-11-15,IWM,-0.017752092,0.07089323,0.088645324,train,0.011248917
2022-11-15,SPY,-0.007658009,0.09390775,0.10156576,train,0.02019708
2022-11-15,TLT,0.021632623,0.042699948,0.021067325,train,-0.064057216
2022-11-16,EFA,-0.00046137505,-0.011519512,0.011058137,train,-0.010732752
2022-11-16,IWM,-0.009324288,-0.017384112,0.008059824,train,0.07089323
2022-11-16,SPY,-0.0030643942,-0.06378374,0.06071935,train,0.09390775
2022-11-16,TLT,-0.01060848,0.015883788,0.026492268,train,0.042699948
2022-11-17,EFA,0.0019974974,-0.037920162,0.03991766,train,-0.011519512
2022-11-17,IWM,0.0064437385,0.027058225,0.020614486,train,-0.017384112
2022-11-17,SPY,0.004530103,0.0042292536,0.00030084932,train,-0.06378374
2022-11-17,TLT,-0.0069009117,-0.024919204,0.018018292,train,0.015883788
2022-11-18,EFA,-0.007549557,0.00039838685,0.007947944,train,-0.037920162
2022-11-18,IWM,-0.0052389135,0.07105326,0.07629217,train,0.027058225
2022-11-18,SPY,-0.0036428878,0.0026752702,0.006318158,train,0.0042292536
2022-11-18,TLT,0.0042064125,-0.03242918,0.036635593,train,-0.024919204
2022-11-21,EFA,0.013822872,-0.03881987,0.052642744,train,0.00039838685
2022-11-21,IWM,0.010613152,-0.025322475,0.035935625,train,0.07105326
2022-11-21,SPY,0.013367443,0.054443598,0.041076154,train,0.0026752702
2022-11-21,TLT,0.014091491,0.0032816161,0.010809874,train,-0.03242918
2022-11-22,EFA,0.010922404,-0.009679304,0.020601708,train,-0.03881987
2022-11-22,IWM,0.0025951045,7.582328e-05,0.002519281,train,-0.025322475
2022-11-22,SPY,0.0062818034,0.0016172928,0.0046645105,train,0.054443598
2022-11-22,TLT,0.017291822,0.0069002663,0.010391556,train,0.0032816161
2022-11-23,EFA,0.005116758,-0.019636437,0.024753194,train,-0.009679304
2022-11-23,IWM,0.0021036337,-0.002604268,0.0047079017,train,7.582328e-05
2022-11-23,SPY,-0.00022383613,-0.019677792,0.019453956,train,0.0016172928
2022-11-23,TLT,-0.0033958917,0.002001057,0.0053969487,train,0.0069002663
2022-11-25,EFA,-0.012993118,0.003006801,0.015999919,train,-0.019636437
2022-11-25,IWM,-0.020358566,-0.025667,0.0053084344,train,-0.002604268
2022-11-25,SPY,-0.01608569,0.07234456,0.08843025,train,-0.019677792
2022-11-25,TLT,0.0028143914,-0.020043,0.022857392,train,0.002001057
2022-11-28,EFA,0.0028850196,0.03512187,0.032236848,train,0.003006801
2022-11-28,IWM,0.0029102,0.05767038,0.05476018,train,-0.025667
2022-11-28,SPY,-0.0017190197,0.009219105,0.010938125,train,0.07234456
2022-11-28,TLT,-0.011795292,-0.029625468,0.017830176,train,-0.020043
2022-11-29,EFA,0.017585317,0.011494332,0.0060909847,train,0.03512187
2022-11-29,IWM,0.02704759,0.00920456,0.01784303,train,0.05767038
2022-11-29,SPY,0.031014698,0.043212112,0.012197414,train,0.009219105
2022-11-29,TLT,0.0073275436,-0.018259399,0.025586942,train,-0.029625468
2022-11-30,EFA,0.009637456,0.018512983,0.0088755265,train,0.011494332
2022-11-30,IWM,-0.0021904453,-0.0023074779,0.000117032556,train,0.00920456
2022-11-30,SPY,-0.0007361869,0.028348453,0.02908464,train,0.043212112
2022-11-30,TLT,0.031445753,0.012951904,0.01849385,train,-0.018259399
2022-12-01,EFA,-0.0007379488,0.012697412,0.01343536,train,0.018512983
2022-12-01,IWM,0.0058133197,-0.023856323,0.029669642,train,-0.0023074779
2022-12-01,SPY,-0.0011543223,0.0062966193,0.0074509415,train,0.028348453
2022-12-01,TLT,0.012497828,0.03675295,0.024255123,train,0.012951904
2022-12-02,EFA,-0.01322953,-0.0059485803,0.00728095,train,0.012697412
2022-12-02,IWM,-0.0279326,0.0039172308,0.03184983,train,-0.023856323
2022-12-02,SPY,-0.018153021,0.009051954,0.027204975,train,0.0062966193
2022-12-02,TLT,-0.014106145,0.017003393,0.031109538,train,0.03675295
2022-12-05,EFA,-0.004499051,-0.02004126,0.01554221,train,-0.0059485803
2022-12-05,IWM,-0.015429805,0.0047726524,0.020202458,train,0.0039172308
2022-12-05,SPY,-0.014519562,-0.062131364,0.047611803,train,0.009051954
2022-12-05,TLT,0.012797762,0.0085430425,0.0042547192,train,0.017003393
2022-12-06,EFA,0.0,5.0730654e-05,5.0730654e-05,train,-0.02004126
2022-12-06,IWM,-0.0029478695,0.0028333073,0.0057811765,train,0.0047726524
2022-12-06,SPY,-0.0017027154,-0.09479507,0.09309235,train,-0.062131364
2022-12-06,TLT,0.02328911,0.01959193,0.0036971811,train,0.0085430425
2022-12-07,EFA,0.0050973897,0.0069800927,0.001882703,train,5.0730654e-05
2022-12-07,IWM,0.007214865,0.02048396,0.013269095,train,0.0028333073
2022-12-07,SPY,0.007803139,0.09845864,0.0906555,train,-0.09479507
2022-12-07,TLT,-0.002744217,0.025702488,0.028446704,train,0.01959193
2022-12-08,EFA,0.0005981069,0.020625152,0.020027045,train,0.0069800927
2022-12-08,IWM,-0.012352109,0.029251592,0.0416037,train,0.02048396
2022-12-08,SPY,-0.007498175,0.037438963,0.044937138,train,0.09845864
2022-12-08,TLT,-0.026359094,0.0068667545,0.03322585,train,0.025702488
2022-12-09,EFA,0.0029846146,-0.039622948,0.04260756,train,0.020625152
2022-12-09,IWM,0.011688391,-0.014271489,0.02595988,train,0.029251592
2022-12-09,SPY,0.014314392,0.04762746,0.03331307,train,0.037438963
2022-12-09,TLT,0.0031926127,-3.555359e-05,0.0032281661,train,0.0068667545
2022-12-12,EFA,0.014082976,-0.06381152,0.077894494,train,-0.039622948
2022-12-12,IWM,0.0082485685,0.008187476,6.10929e-05,train,-0.014271489
2022-12-12,SPY,0.0075412537,-0.04767171,0.055212963,train,0.04762746
2022-12-12,TLT,0.00960944,-0.011246218,0.020855658,train,-3.555359e-05
2022-12-13,EFA,-0.00088545296,-0.057650603,0.05676515,train,-0.06381152
2022-12-13,IWM,-0.006582271,-0.026839495,0.020257223,train,0.008187476
2022-12-13,SPY,-0.0064139,-0.00047399453,0.0059399055,train,-0.04767171
2022-12-13,TLT,0.0042624124,-0.025897706,0.030160118,train,-0.011246218
2022-12-14,EFA,-0.025874488,-0.043640785,0.017766297,train,-0.057650603
2022-12-14,IWM,-0.0253477,0.021952251,0.04729995,train,-0.026839495
2022-12-14,SPY,-0.024765765,0.026790462,0.05155623,train,-0.00047399453
2022-12-14,TLT,0.0038941354,-0.00029268337,0.004186819,train,-0.025897706
2022-12-15,EFA,-0.008826724,-0.018993286,0.010166562,train,-0.043640785
2022-12-15,IWM,-0.007484553,0.015389544,0.022874096,train,0.021952251
2022-12-15,SPY,-0.011876573,0.032114085,0.043990657,train,0.026790462
2022-12-15,TLT,-0.011233254,0.020190567,0.031423822,train,-0.00029268337
2022-12-16,EFA,-0.0024485968,0.019603293,0.02205189,train,-0.018993286
2022-12-16,IWM,-0.013627107,-0.013857339,0.00023023132,train,0.015389544
2022-12-16,SPY,-0.008515826,-0.026159288,0.017643463,train,0.032114085
2022-12-16,TLT,-0.016948039,-0.034689188,0.01774115,train,0.020190567
2022-12-19,EFA,0.0039759707,0.0134930005,0.00951703,train,0.019603293
2022-12-19,IWM,0.0052766213,0.015934367,0.010657745,train,-0.013857339
2022-12-19,SPY,0.0013675519,0.025532179,0.024164626,train,-0.026159288
2022-12-19,TLT,-0.017917126,-0.025208049,0.007290922,train,-0.034689188
2022-12-20,EFA,0.010325048,0.00022960512,0.010095443,train,0.0134930005
2022-12-20,IWM,0.017086359,0.04222461,0.02513825,train,0.015934367
2022-12-20,SPY,0.014841844,0.05533324,0.0404914,train,0.025532179
2022-12-20,TLT,0.0025105814,-4.9987226e-05,0.0025605685,train,-0.025208049
2022-12-21,EFA,-0.008190509,0.036605306,0.044795815,train,0.00022960512
2022-12-21,IWM,-0.01316171,0.0040374943,0.017199205,train,0.04222461
2022-12-21,SPY,-0.014369009,0.0037170951,0.018086104,train,0.05533324
2022-12-21,TLT,-0.00019269917,-0.015131498,0.014938799,train,-4.9987226e-05
2022-12-22,EFA,0.0034968008,-0.032699,0.0361958,train,0.036605306
2022-12-22,IWM,0.0045403237,-0.007766387,0.012306711,train,0.0040374943
2022-12-22,SPY,0.0057359235,0.014891506,0.009155583,train,0.0037170951
2022-12-22,TLT,-0.01476917,0.0018810505,0.01665022,train,-0.015131498
2022-12-23,EFA,0.0015164235,-0.065928906,0.06744533,train,-0.032699
2022-12-23,IWM,-0.0067317504,0.02673972,0.033471473,train,-0.007766387
2022-12-23,SPY,-0.003951522,0.05698012,0.06093164,train,0.014891506
2022-12-23,TLT,-0.019970814,0.00480409,0.024774903,train,0.0018810505
2022-12-27,EFA,-0.010664282,-0.07427923,0.06361494,train,-0.065928906
2022-12-27,IWM,-0.015651256,-0.01601877,0.0003675148,train,0.02673972
2022-12-27,SPY,-0.012505599,0.09613192,0.10863752,train,0.05698012
2022-12-27,TLT,-0.0059092273,0.03717557,0.043084797,train,0.00480409
2022-12-28,EFA,0.015652627,0.019975284,0.0043226574,train,-0.07427923
2022-12-28,IWM,0.025017472,-0.007888882,0.032906353,train,-0.01601877
2022-12-28,SPY,0.017840108,0.041374624,0.023534516,train,0.09613192
2022-12-28,TLT,0.011287069,-0.02880587,0.040092938,train,0.03717557
2022-12-29,EFA,-0.010306269,-0.00095174403,0.009354525,train,0.019975284
2022-12-29,IWM,-0.0028064714,0.043950558,0.046757028,train,-0.007888882
2022-12-29,SPY,-0.0026374646,0.028596329,0.031233793,train,0.041374624
2022-12-29,TLT,-0.011186674,0.028507238,0.039693914,train,-0.02880587
2022-12-30,EFA,0.00879727,-0.04505742,0.05385469,train,-0.00095174403
2022-12-30,IWM,-0.005521178,-0.007610529,0.0020893514,train,0.043950558
2022-12-30,SPY,-0.0042186426,0.0195994,0.023818042,train,0.028596329
2022-12-30,TLT,0.018904323,0.043572806,0.024668483,train,0.028507238
2023-01-03,EFA,0.013201514,0.0047058095,0.008495705,train,-0.04505742
2023-01-03,IWM,0.012380011,-0.036126643,0.048506655,train,-0.007610529
2023-01-03,SPY,0.00769026,-0.017978635,0.025668895,train,0.0195994
2023-01-03,TLT,0.0136066945,0.115595885,0.10198919,train,0.043572806
2023-01-04,EFA,-0.010035248,0.019157466,0.029192712,train,0.0047058095
2023-01-04,IWM,-0.010766615,-0.016534764,0.005768149,train,-0.036126643
2023-01-04,SPY,-0.01147906,0.009623104,0.021102164,train,-0.017978635
2023-01-04,TLT,0.0041721473,0.02516716,0.020995013,train,0.115595885
2023-01-05,EFA,0.025268912,-0.098463856,0.12373277,train,0.019157466
2023-01-05,IWM,0.022206798,-0.014546747,0.036753546,train,-0.016534764
2023-01-05,SPY,0.02267308,0.0028391671,0.019833913,train,0.009623104
2023-01-05,TLT,0.018229585,-0.055499963,0.073729545,train,0.02516716
2023-01-06,EFA,0.004247475,0.051137194,0.04688972,train,-0.098463856
2023-01-06,IWM,0.0016881338,0.011931906,0.0102437725,train,-0.014546747
2023-01-06,SPY,-0.0005668314,0.043638922,0.044205755,train,0.0028391671
2023-01-06,TLT,0.005309787,0.036351286,0.0310415,train,-0.055499963
2023-01-09,EFA,0.0029188972,-0.029148515,0.03206741,train,0.051137194
2023-01-09,IWM,0.01467693,0.0052314517,0.009445479,train,0.011931906
2023-01-09,SPY,0.0069883172,0.034788698,0.027800381,train,0.043638922
2023-01-09,TLT,-0.016688345,-0.018224452,0.0015361067,train,0.036351286
2023-01-10,EFA,0.0075493646,-0.01655825,0.024107615,train,-0.029148515
2023-01-10,IWM,0.012387563,-0.012451816,0.024839379,train,0.0052314517
2023-01-10,SPY,0.012568639,0.003852882,0.008715756,train,0.034788698
2023-01-10,TLT,0.016121132,0.0026381803,0.0134829525,train,-0.018224452
2023-01-11,EFA,0.014645038,-0.0042464896,0.018891528,train,-0.01655825
2023-01-11,IWM,0.016658567,-0.021829147,0.038487714,train,-0.012451816
2023-01-11,SPY,0.00363415,0.0047150278,0.0010808778,train,0.003852882
2023-01-11,TLT,0.019490642,0.002314541,0.017176101,train,0.0026381803
2023-01-12,EFA,0.005259653,-0.009136129,0.014395783,train,-0.0042464896
2023-01-12,IWM,0.006543582,-0.016785199,0.023328781,train,-0.021829147
2023-01-12,SPY,0.0038720528,0.03614123,0.03226918,train,0.0047150278
2023-01-12,TLT,-0.009416993,0.017979622,0.027396616,train,0.002314541
2023-01-13,EFA,0.0031144156,-0.02456349,0.027677905,train,-0.009136129
2023-01-13,IWM,-0.001230285,0.025063282,0.026293566,train,-0.016785199
2023-01-13,SPY,-0.0018337822,0.013069159,0.014902942,train,0.03614123
2023-01-13,TLT,-0.0064843222,-0.001589199,0.004895123,train,0.017979622
2023-01-17,EFA,-0.0035396065,-0.03404686,0.030507252,train,-0.02456349
2023-01-17,IWM,-0.016297454,0.020026654,0.036324106,train,0.025063282
2023-01-17,SPY,-0.015913809,-0.0010854466,0.0148283625,train,0.013069159
2023-01-17,TLT,0.0239423,0.0008998761,0.023042424,train,-0.001589199
2023-01-18,EFA,-0.0015616961,-0.03707881,0.03551711,train,-0.03404686
2023-01-18,IWM,-0.009621735,0.013591813,0.023213547,train,0.020026654
2023-01-18,SPY,-0.007306473,0.010540874,0.017847346,train,-0.0010854466
2023-01-18,TLT,-0.0062793917,0.022639355,0.028918747,train,0.0008998761
2023-01-19,EFA,0.008769492,-0.024040185,0.032809675,train,-0.03707881
2023-01-19,IWM,0.016345503,0.019452494,0.0031069908,train,0.013591813
2023-01-19,SPY,0.018457597,0.039689496,0.021231899,train,0.010540874
2023-01-19,TLT,-0.01634413,-0.004407842,0.011936288,train,0.022639355
2023-01-20,EFA,0.004075735,-0.021649003,0.025724739,train,-0.024040185
2023-01-20,IWM,0.0122997165,-0.04195269,0.054252405,train,0.019452494
2023-01-20,SPY,0.011927251,-0.0074810605,0.019408312,train,0.039689496
2023-01-20,TLT,-0.0047191344,0.01612529,0.020844424,train,-0.004407842
2023-01-23,EFA,-0.0012632692,-0.013490702,0.012227433,train,-0.021649003
2023-01-23,IWM,-0.0021374414,-0.004920781,0.0027833397,train,-0.04195269
2023-01-23,SPY,-0.0010739288,-0.0118274605,0.010753532,train,-0.0074810605
2023-01-23,TLT,0.014277889,0.03148344,0.017205551,train,0.01612529
2023-01-24,EFA,0.0065785586,-0.020061292,0.02663985,train,-0.013490702
2023-01-24,IWM,0.0027780205,0.01461649,0.01183847,train,-0.004920781
2023-01-24,SPY,0.0003748366,0.011395001,0.011020164,train,-0.0118274605
2023-01-24,TLT,0.0024221784,0.0023344671,8.771126e-05,train,0.03148344
2023-01-25,EFA,0.00083679677,-0.017553505,0.018390302,train,-0.020061292
2023-01-25,IWM,0.005904053,0.012300391,0.006396338,train,0.01461649
2023-01-25,SPY,0.010930312,-0.0023298175,0.01326013,train,0.011395001
2023-01-25,TLT,-0.004662801,0.006180747,0.010843548,train,0.0023344671
2023-01-26,EFA,-0.0019533422,-0.025434412,0.02348107,train,-0.017553505
2023-01-26,IWM,0.005394711,0.006832997,0.0014382857,train,0.012300391
2023-01-26,SPY,0.002295014,-0.013066722,0.015361736,train,-0.0023298175
2023-01-26,TLT,-0.0025273338,0.010402261,0.012929595,train,0.006180747
2023-01-27,EFA,-0.0064453585,-0.02899131,0.022545952,train,-0.025434412
2023-01-27,IWM,-0.014023386,0.001554106,0.015577492,train,0.006832997
2023-01-27,SPY,-0.012626006,-0.021549938,0.008923932,train,-0.013066722
2023-01-27,TLT,-0.0036614279,0.026781749,0.030443177,train,0.010402261
2023-01-30,EFA,0.0057466934,-0.0332907,0.03903739,train,-0.02899131
2023-01-30,IWM,0.023995634,0.024826255,0.0008306205,train,0.001554106
2023-01-30,SPY,0.014596218,0.0034391182,0.0111571,train,-0.021549938
2023-01-30,TLT,0.007962944,0.018949661,0.010986717,train,0.026781749
2023-01-31,EFA,0.008905122,-0.023052525,0.03195765,train,-0.0332907
2023-01-31,IWM,0.015597469,-0.017170623,0.032768093,train,0.024826255
2023-01-31,SPY,0.0105715515,0.0011792394,0.009392312,train,0.0034391182
2023-01-31,TLT,0.011949507,0.0061230124,0.005826494,train,0.018949661
2023-02-01,EFA,-0.0013863872,-0.013476484,0.012090097,train,-0.023052525
2023-02-01,IWM,0.019501312,-0.015367485,0.034868795,train,-0.017170623
2023-02-01,SPY,0.014452144,0.021734014,0.0072818706,train,0.0011792394
2023-02-01,TLT,0.001293537,0.0043338747,0.0030403377,train,0.0061230124
2023-02-02,EFA,-0.009337365,-0.024789445,0.01545208,train,-0.013476484
2023-02-02,IWM,-0.006729109,-0.0017348559,0.004994253,train,-0.015367485
2023-02-02,SPY,-0.0106860455,0.020422688,0.031108733,train,0.021734014
2023-02-02,TLT,-0.015068871,0.016573776,0.031642646,train,0.0043338747
2023-02-03,EFA,-0.010273766,-0.040631056,0.03035729,train,-0.024789445
2023-02-03,IWM,-0.014573269,0.015053681,0.02962695,train,-0.0017348559
2023-02-03,SPY,-0.006130077,0.0047947685,0.010924846,train,0.020422688
2023-02-03,TLT,-0.007431362,-0.006892403,0.0005389587,train,0.016573776
2023-02-06,EFA,0.008451823,0.0027659335,0.0056858896,train,-0.040631056
2023-02-06,IWM,0.007389944,0.010699674,0.0033097295,train,0.015053681
2023-02-06,SPY,0.012993865,-0.0019318376,0.0149257025,train,0.0047947685
2023-02-06,TLT,-0.008057903,0.01471175,0.022769652,train,-0.006892403
2023-02-07,EFA,-0.0061909226,-0.019485839,0.013294917,train,0.0027659335
2023-02-07,IWM,-0.014731227,-0.01896248,0.0042312527,train,0.010699674
2023-02-07,SPY,-0.010994954,0.027768651,0.038763605,train,-0.0019318376
2023-02-07,TLT,0.0047475863,0.0023180707,0.0024295156,train,0.01471175
2023-02-08,EFA,0.0018330103,-0.017937098,0.019770108,train,-0.019485839
2023-02-08,IWM,-0.014582855,0.0053480538,0.019930908,train,-0.01896248
2023-02-08,SPY,-0.00870686,0.0018532878,0.010560148,train,0.027768651
2023-02-08,TLT,-0.009518479,0.0018412919,0.011359771,train,0.0023180707
2023-02-09,EFA,-0.004376868,0.011390549,0.015767418,train,-0.017937098
2023-02-09,IWM,0.0019987347,-0.05870062,0.060699355,train,0.0053480538
2023-02-09,SPY,0.0023307768,-0.009701067,0.012031844,train,0.0018532878
2023-02-09,TLT,-0.01125288,0.0023094094,0.01356229,train,0.0018412919
2023-02-10,EFA,0.009996515,-0.030603958,0.04060047,train,0.011390549
2023-02-10,IWM,0.011961227,-0.0061715557,0.018132783,train,-0.05870062
2023-02-10,SPY,0.011670756,-0.0034313197,0.015102075,train,-0.009701067
2023-02-10,TLT,0.008379694,-0.025492417,0.033872113,train,0.0023094094
2023-02-13,EFA,0.0018197652,-0.0045833956,0.0064031607,train,-0.030603958
2023-02-13,IWM,-0.0004675475,0.015581817,0.016049365,train,-0.0061715557
2023-02-13,SPY,-0.0004604391,-0.00066970696,0.00020926786,train,-0.0034313197
2023-02-13,TLT,-0.0023042748,0.010508519,0.012812793,train,-0.025492417
2023-02-14,EFA,-0.0044850484,0.000229634,0.004714682,train,-0.0045833956
2023-02-14,IWM,0.01007856,-0.013926968,0.024005529,train,0.015581817
2023-02-14,SPY,0.003242174,0.007350112,0.004107938,train,-0.00066970696
2023-02-14,TLT,-0.009369227,-0.0063359244,0.0030333027,train,0.010508519
2023-02-15,EFA,-0.004928761,-0.0009808916,0.0039478694,train,0.000229634
2023-02-15,IWM,-0.009611012,0.0015234124,0.011134425,train,-0.013926968
2023-02-15,SPY,-0.013864385,-0.008766389,0.0050979955,train,0.007350112
2023-02-15,TLT,-0.0142692,-0.011451895,0.0028173048,train,-0.0063359244
2023-02-16,EFA,0.0025378794,0.0040369,0.0014990207,train,-0.0009808916
2023-02-16,IWM,0.002748035,0.010930955,0.0081829205,train,0.0015234124
2023-02-16,SPY,-0.002501511,0.017261276,0.019762788,train,-0.008766389
2023-02-16,TLT,0.0077465735,-0.0016222234,0.009368797,train,-0.011451895
2023-02-17,EFA,-0.011043501,0.009047941,0.020091442,train,0.0040369
2023-02-17,IWM,-0.029958123,-0.015856894,0.01410123,train,0.010930955
2023-02-17,SPY,-0.020264948,0.003801222,0.024066169,train,0.017261276
2023-02-17,TLT,-0.019628987,0.02610609,0.045735076,train,-0.0016222234
2023-02-21,EFA,-0.0055680047,0.014802107,0.02037011,train,0.009047941
2023-02-21,IWM,0.00271734,-0.012730947,0.015448287,train,-0.015856894
2023-02-21,SPY,-0.0013788224,0.0061418866,0.007520709,train,0.003801222
2023-02-21,TLT,0.009122781,-0.00057817565,0.009700957,train,0.02610609
2023-02-22,EFA,0.0051408187,0.0028406125,0.002300206,train,0.014802107
2023-02-22,IWM,0.0071044876,-0.0134389615,0.020543449,train,-0.012730947
2023-02-22,SPY,0.0053050527,0.006017123,0.00071207015,train,0.0061418866
2023-02-22,TLT,0.009724211,0.024537403,0.014813192,train,-0.00057817565
2023-02-23,EFA,-0.016804768,-0.037450634,0.020645866,train,0.0028406125
2023-02-23,IWM,-0.009395014,0.021266345,0.03066136,train,-0.0134389615
2023-02-23,SPY,-0.010739872,-0.0008820988,0.009857774,train,0.006017123
2023-02-23,TLT,-0.013086439,0.051224414,0.064310856,train,0.024537403
2023-02-24,EFA,0.011807218,0.003406853,0.008400366,train,-0.037450634
2023-02-24,IWM,0.0035135678,-0.006175836,0.009689404,train,0.021266345
2023-02-24,SPY,0.003400092,-0.008697522,0.012097614,train,-0.0008820988
2023-02-24,TLT,0.002769339,0.001970394,0.00079894485,train,0.051224414
2023-02-27,EFA,-0.007327125,0.020275865,0.02760299,train,0.003406853
2023-02-27,IWM,5.3215044e-05,0.03138684,0.031333625,train,-0.006175836
2023-02-27,SPY,-0.0037026496,-0.0013315448,0.002371105,train,-0.008697522
2023-02-27,TLT,0.00453322,0.032527626,0.027994405,train,0.001970394
2023-02-28,EFA,0.005321043,-0.013135555,0.018456599,train,0.020275865
2023-02-28,IWM,0.0012745463,-0.002158076,0.0034326222,train,0.03138684
2023-02-28,SPY,-0.003843314,0.006169792,0.010013105,train,-0.0013315448
2023-02-28,TLT,-0.010801343,0.03922347,0.050024815,train,0.032527626
2023-03-01,EFA,0.0020060819,0.019588687,0.017582605,train,-0.013135555
2023-03-01,IWM,0.0023852685,0.013425895,0.011040626,train,-0.002158076
2023-03-01,SPY,0.0077472525,0.00841536,0.00066810753,train,0.006169792
2023-03-01,TLT,-0.00890678,-0.012056423,0.0031496435,train,0.03922347
2023-03-02,EFA,0.014494952,0.0030615698,0.011433382,train,0.019588687
2023-03-02,IWM,0.013828952,0.053983018,0.040154066,train,0.013425895
2023-03-02,SPY,0.015910404,-0.006038059,0.021948462,train,0.00841536
2023-03-02,TLT,0.023937238,-0.067779325,0.091716565,train,-0.012056423
2023-03-03,EFA,-0.0025427798,-0.023188863,0.020646084,train,0.0030615698
2023-03-03,IWM,-0.014729426,-0.05128371,0.036554284,train,0.053983018
2023-03-03,SPY,0.00069253135,-0.014152505,0.014845037,train,-0.006038059
2023-03-03,TLT,-0.007783827,0.08259954,0.09038337,train,-0.067779325
2023-03-06,EFA,-0.016830912,0.014712273,0.031543184,train,-0.023188863
2023-03-06,IWM,-0.011673505,-0.023354575,0.01168107,train,-0.05128371
2023-03-06,SPY,-0.0154473055,-0.012971439,0.0024758661,train,-0.014152505
2023-03-06,TLT,0.0061139134,0.036670003,0.03055609,train,0.08259954
2023-03-07,EFA,0.005451133,-0.0010429429,0.006494076,train,0.014712273
2023-03-07,IWM,0.00048241494,-0.04327777,0.043760184,train,-0.023354575
2023-03-07,SPY,0.0016305544,0.0024487101,0.0008181557,train,-0.012971439
2023-03-07,TLT,0.0009827492,-0.016694572,0.01767732,train,0.036670003
2023-03-08,EFA,-0.007322856,-0.0052521494,0.0020707068,train,-0.0010429429
2023-03-08,IWM,-0.028207636,-0.004927346,0.023280289,train,-0.04327777
2023-03-08,SPY,-0.018621996,-0.07909816,0.06047616,train,0.0024487101
2023-03-08,TLT,0.0024522343,0.0068913545,0.00443912,train,-0.016694572
2023-03-09,EFA,-0.010721753,0.0012534825,0.011975236,train,-0.0052521494
2023-03-09,IWM,-0.029253425,-0.024116244,0.005137181,train,-0.004927346
2023-03-09,SPY,-0.014534669,-0.014456163,7.850584e-05,train,-0.07909816
2023-03-09,TLT,0.033904783,0.017601725,0.016303059,train,0.0068913545
2023-03-10,EFA,-0.006869731,-0.0359573,0.029087568,train,0.0012534825
2023-03-10,IWM,-0.016424384,0.031561173,0.047985557,train,-0.024116244
2023-03-10,SPY,-0.0014263588,-0.008233747,0.0068073887,train,-0.014456163
2023-03-10,TLT,0.0022704941,0.04695649,0.044685997,train,0.017601725
2023-03-13,EFA,0.0132587245,-0.0236046,0.036863323,train,-0.0359573
2023-03-13,IWM,0.018352322,-0.0055602263,0.023912549,train,0.031561173
2023-03-13,SPY,0.01639503,-0.029082563,0.04547759,train,-0.008233747
2023-03-13,TLT,-0.016578343,0.004447161,0.021025505,train,0.04695649
2023-03-14,EFA,-0.03146402,-0.023521952,0.007942069,train,-0.0236046
2023-03-14,IWM,-0.016622541,0.042453833,0.059076376,train,-0.0055602263
2023-03-14,SPY,-0.006274036,0.027886199,0.034160234,train,-0.029082563
2023-03-14,TLT,0.019125974,-0.00045650522,0.019582478,train,0.004447161
2023-03-15,EFA,0.015414684,0.035994925,0.02058024,train,-0.023521952
2023-03-15,IWM,0.013558904,-0.0028507034,0.016409608,train,0.042453833
2023-03-15,SPY,0.017393121,-0.03977187,0.05716499,train,0.027886199
2023-03-15,TLT,-0.007853411,0.014512123,0.022365533,train,-0.00045650522
2023-03-16,EFA,-0.011985081,0.048736624,0.060721707,train,0.035994925
2023-03-16,IWM,-0.027362753,0.07901485,0.1063776,train,-0.0028507034
2023-03-16,SPY,-0.011761401,0.117612146,0.12937355,train,-0.03977187
2023-03-16,TLT,0.014897794,0.0059159915,0.008981803,train,0.014512123
2023-03-17,EFA,0.015508696,-0.001706607,0.017215304,train,0.048736624
2023-03-17,IWM,0.012881648,-0.014636729,0.027518377,train,0.07901485
2023-03-17,SPY,0.009569526,-0.0067865527,0.016356079,train,0.117612146
2023-03-17,TLT,-0.008836328,0.007174321,0.01601065,train,0.0059159915
2023-03-20,EFA,0.014983188,0.005458214,0.009524975,train,-0.001706607
2023-03-20,IWM,0.018280867,0.021053318,0.0027724504,train,-0.014636729
2023-03-20,SPY,0.013045034,0.009613887,0.003431147,train,-0.0067865527
2023-03-20,TLT,-0.008629621,0.0076037035,0.016233325,train,0.007174321
2023-03-21,EFA,-0.003471244,-0.098708,0.095236756,train,0.005458214
2023-03-21,IWM,-0.028770978,0.0623694,0.091140375,train,0.021053318
2023-03-21,SPY,-0.017193342,-0.010611012,0.00658233,train,0.009613887
2023-03-21,TLT,0.01324526,-0.009528258,0.02277352,train,0.0076037035
2023-03-22,EFA,0.00014493178,0.046952832,0.0468079,train,-0.098708
2023-03-22,IWM,-0.0044482662,-0.04623955,0.041791286,train,0.0623694
2023-03-22,SPY,0.0026996678,-0.030555446,0.033255115,train,-0.010611012
2023-03-22,TLT,0.0,-0.036900006,0.036900006,train,-0.009528258
2023-03-23,EFA,-0.0030468274,0.06916321,0.072210036,train,0.046952832
2023-03-23,IWM,0.009004848,0.0029655546,0.0060392935,train,-0.04623955
2023-03-23,SPY,0.0065406174,-0.02711413,0.03365475,train,-0.030555446
2023-03-23,TLT,0.0042206887,-0.0021516555,0.006372344,train,-0.036900006
2023-03-24,EFA,0.009400579,0.06922775,0.059827168,train,0.06916321
2023-03-24,IWM,0.011056858,0.013728964,0.002672106,train,0.0029655546
2023-03-24,SPY,0.0018681987,-0.023309588,0.025177788,train,-0.02711413
2023-03-24,TLT,-0.02377129,-0.0022369376,0.021534352,train,-0.0021516555
2023-03-27,EFA,0.0004318565,-0.009274224,0.00970608,train,0.06922775
2023-03-27,IWM,-0.0014402508,-0.043457862,0.042017613,train,0.013728964
2023-03-27,SPY,-0.0022471503,-0.019315857,0.017068706,train,-0.023309588
2023-03-27,TLT,0.0018190483,-0.070607506,0.07242656,train,-0.0022369376
2023-03-28,EFA,0.012013832,-0.0019749827,0.013988815,train,-0.009274224
2023-03-28,IWM,0.011293641,-0.010151231,0.021444872,train,-0.043457862
2023-03-28,SPY,0.014430026,-0.08056682,0.09499685,train,-0.019315857
2023-03-28,TLT,-0.0020108414,-0.031639423,0.029628582,train,-0.070607506
2023-03-29,EFA,0.011590261,-0.0011574844,0.012747745,train,-0.0019749827
2023-03-29,IWM,-0.001369165,-0.086079955,0.08471079,train,-0.010151231
2023-03-29,SPY,0.0058383555,-0.016280023,0.022118378,train,-0.08056682
2023-03-29,TLT,0.0045905276,-0.018986696,0.023577224,train,-0.031639423
2023-03-30,EFA,0.005046242,-0.021691518,0.02673776,train,-0.0011574844
2023-03-30,IWM,0.018214239,-0.018999204,0.037213445,train,-0.086079955
2023-03-30,SPY,0.013995996,-0.0143901445,0.02838614,train,-0.016280023
2023-03-30,TLT,0.01487022,-0.031387802,0.04625802,train,-0.018986696
2023-03-31,EFA,0.007938098,0.0021685543,0.005769544,train,-0.021691518
2023-03-31,IWM,0.00044844567,-0.044512592,0.04496104,train,-0.018999204
2023-03-31,SPY,0.0038035696,-0.016584814,0.020388383,train,-0.0143901445
2023-03-31,TLT,0.0046920027,0.02462914,0.019937137,train,-0.031387802
2023-04-03,EFA,0.00013870193,-0.019263892,0.019402593,train,0.0021685543
2023-04-03,IWM,-0.017692441,0.025473792,0.043166235,train,-0.044512592
2023-04-03,SPY,-0.0055636275,0.012405164,0.01796879,train,-0.016584814
2023-04-03,TLT,0.0049591255,0.0079246955,0.00296557,train,0.02462914
2023-04-04,EFA,-0.006958772,-0.012680042,0.0057212696,train,-0.019263892
2023-04-04,IWM,-0.009857705,-0.034398213,0.024540508,train,0.025473792
2023-04-04,SPY,-0.0026218158,0.02224571,0.024867527,train,0.012405164
2023-04-04,TLT,0.0104005905,0.0037340778,0.0066665127,train,0.0079246955
2023-04-05,EFA,0.004737346,-0.012119156,0.016856503,train,-0.012680042
2023-04-05,IWM,0.0014964988,-0.008315722,0.009812221,train,-0.034398213
2023-04-05,SPY,0.0038933607,0.024787415,0.020894054,train,0.02224571
2023-04-05,TLT,0.0025831356,-0.0003278678,0.0029110033,train,0.0037340778
2023-04-06,EFA,-0.00069512846,0.04063352,0.041328646,train,-0.012119156
2023-04-06,IWM,0.010639719,0.027391592,0.016751874,train,-0.008315722
2023-04-06,SPY,0.00102574,0.0031785304,0.0021527903,train,0.024787415
2023-04-06,TLT,-0.01625603,0.03230248,0.04855851,train,-0.0003278678
2023-04-10,EFA,0.0033325448,0.03604181,0.032709267,train,0.04063352
2023-04-10,IWM,0.007877746,0.027277991,0.019400246,train,0.027391592
2023-04-10,SPY,0.00026858272,-0.012155278,0.01242386,train,0.0031785304
2023-04-10,TLT,0.0020580022,0.013750399,0.011692397,train,0.03230248
2023-04-11,EFA,0.006357176,0.04410967,0.037752494,train,0.03604181
2023-04-11,IWM,-0.0073659793,-0.00025262625,0.007113353,train,0.027277991
2023-04-11,SPY,-0.00408431,-0.004628467,0.0005441569,train,-0.012155278
2023-04-11,TLT,-0.0010283914,-0.0017622797,0.00073388824,train,0.013750399
2023-04-12,EFA,0.012730518,0.026181392,0.013450874,train,0.04410967
2023-04-12,IWM,0.013163613,0.0031326958,0.010030918,train,-0.00025262625
2023-04-12,SPY,0.013195264,0.02172315,0.008527885,train,-0.004628467
2023-04-12,TLT,-0.007889433,0.0018971177,0.009786551,train,-0.0017622797
2023-04-13,EFA,-0.004089097,-0.013068006,0.008978909,train,0.026181392
2023-04-13,IWM,-0.009360654,0.00454473,0.013905384,train,0.0031326958
2023-04-13,SPY,-0.0024456412,-0.0224596,0.020013958,train,0.02172315
2023-04-13,TLT,-0.0091886455,-0.054988626,0.04579998,train,0.0018971177
2023-04-14,EFA,-0.0017769986,0.00045423268,0.0022312314,train,-0.013068006
2023-04-14,IWM,0.01277849,-0.014738656,0.027517145,train,0.00454473
2023-04-14,SPY,0.0035817234,-0.008273812,0.011855535,train,-0.0224596
2023-04-14,TLT,-0.0119668925,-0.017415062,0.005448169,train,-0.054988626
2023-04-17,EFA,0.005457743,0.0046073482,0.00085039483,train,0.00045423268
2023-04-17,IWM,-0.0042599123,-0.023910813,0.0196509,train,-0.014738656
2023-04-17,SPY,0.00065204676,-0.016986359,0.017638406,train,-0.008273812
2023-04-17,TLT,0.00355693,-0.050827213,0.054384142,train,-0.017415062
2023-04-18,EFA,-0.0031344958,-0.0022453251,0.0008891707,train,0.0046073482
2023-04-18,IWM,0.0012912783,-0.030638326,0.031929605,train,-0.023910813
2023-04-18,SPY,-0.00016898572,-0.011695768,0.011526782,train,-0.016986359
2023-04-18,TLT,-0.000960335,-0.024844687,0.023884352,train,-0.050827213
2023-04-19,EFA,0.0,-0.033035383,0.033035383,train,-0.0022453251
2023-04-19,IWM,-0.005174703,-0.009266953,0.00409225,train,-0.030638326
2023-04-19,SPY,-0.005472048,-0.018749177,0.013277129,train,-0.011695768
2023-04-19,TLT,0.008513311,-0.030269772,0.03878308,train,-0.024844687
2023-04-20,EFA,0.0050376505,-0.022020439,0.02705809,train,-0.033035383
2023-04-20,IWM,0.0012962105,0.04501869,0.04372248,train,-0.009266953
2023-04-20,SPY,0.00077677204,-0.013791212,0.014567984,train,-0.018749177
2023-04-20,TLT,-0.0056353975,-0.005514692,0.00012070546,train,-0.030269772
2023-04-21,EFA,0.0025773006,-0.012332589,0.01490989,train,-0.022020439
2023-04-21,IWM,-0.0006761863,0.014603068,0.015279254,train,0.04501869
2023-04-21,SPY,0.0010425508,-0.02148031,0.022522861,train,-0.013791212
2023-04-21,TLT,0.009627801,-0.031611852,0.041239653,train,-0.005514692
2023-04-24,EFA,-0.014051172,0.00323356,0.017284732,train,-0.012332589
2023-04-24,IWM,-0.024994245,0.020024385,0.04501863,train,0.014603068
2023-04-24,SPY,-0.016001187,-0.007935847,0.00806534,train,-0.02148031
2023-04-24,TLT,0.014597111,0.040974513,0.026377402,train,-0.031611852
2023-04-25,EFA,-0.0006872395,-0.017526088,0.016838849,train,0.00323356
2023-04-25,IWM,-0.009696595,0.030116796,0.039813392,train,0.020024385
2023-04-25,SPY,-0.004244567,0.026560858,0.030805424,train,-0.007935847
2023-04-25,TLT,-0.010715291,-0.0693359,0.05862061,train,0.040974513
2023-04-26,EFA,0.012432809,-0.019324776,0.031757586,train,-0.017526088
2023-04-26,IWM,0.0132728005,-0.046237536,0.059510335,train,0.030116796
2023-04-26,SPY,0.01971246,-0.014758902,0.034471363,train,0.026560858
2023-04-26,TLT,-0.00997183,0.056704592,0.06667642,train,-0.0693359
2023-04-27,EFA,-0.00040740333,0.008499167,0.00890657,train,-0.019324776
2023-04-27,IWM,0.008713549,-0.025903221,0.03461677,train,-0.046237536
2023-04-27,SPY,0.008498845,-0.0024998407,0.010998685,train,-0.014758902
2023-04-27,TLT,0.016001757,0.014183824,0.0018179333,train,0.056704592
2023-04-28,EFA,-0.0014952339,-0.015685108,0.014189874,train,0.008499167
2023-04-28,IWM,0.0005708282,-0.011929809,0.012500637,train,-0.025903221
2023-04-28,SPY,-0.0010102224,0.0094340425,0.010444265,train,-0.0024998407
2023-04-28,TLT,-0.029258372,-0.025144499,0.0041138735,train,0.014183824
2023-05-01,EFA,-0.01011784,-0.026737954,0.016620114,train,-0.015685108
2023-05-01,IWM,-0.020750007,-0.023086142,0.0023361351,train,-0.011929809
2023-05-01,SPY,-0.011302719,0.007301684,0.018604403,train,0.0094340425
2023-05-01,TLT,0.02461452,0.0017049877,0.022909533,train,-0.025144499
2023-05-02,EFA,0.002607835,-0.014083249,0.016691083,train,-0.026737954
2023-05-02,IWM,0.0036622847,-0.007317155,0.01097944,train,-0.023086142
2023-05-02,SPY,-0.0068877703,0.01024421,0.01713198,train,0.007301684
2023-05-02,TLT,0.0055665607,-0.01238862,0.01795518,train,0.0017049877
2023-05-03,EFA,-0.0020582092,-0.0312678,0.02920959,train,-0.014083249
2023-05-03,IWM,-0.0112625295,-0.009082207,0.002180322,train,-0.007317155
2023-05-03,SPY,-0.007108128,-0.07153218,0.06442405,train,0.01024421
2023-05-03,TLT,-0.009927853,-0.064500704,0.05457285,train,-0.01238862
2023-05-04,EFA,0.014588775,0.013606868,0.0009819074,train,-0.0312678
2023-05-04,IWM,0.02348956,-0.022562753,0.046052314,train,-0.009082207
2023-05-04,SPY,0.01834329,-0.00040720904,0.0187505,train,-0.07153218
2023-05-04,TLT,-0.003331336,-0.019998122,0.016666787,train,-0.064500704
2023-05-05,EFA,0.00027077863,0.013144485,0.012873706,train,0.013606868
2023-05-05,IWM,-0.0022955113,0.025134578,0.02743009,train,-0.022562753
2023-05-05,SPY,0.00026654056,0.03890364,0.038637098,train,-0.00040720904
2023-05-05,TLT,-0.014113714,0.025335941,0.039449655,train,-0.019998122
2023-05-08,EFA,-0.0040678,-0.012097468,0.008029668,train,0.013144485
2023-05-08,IWM,-0.0029923008,0.0159055,0.0188978,train,0.025134578
2023-05-08,SPY,-0.0043949466,0.019915294,0.02431024,train,0.03890364
2023-05-08,TLT,-0.003584069,-0.006891841,0.003307772,train,0.025335941
2023-05-09,EFA,-0.0020401792,-0.04804075,0.046000574,train,-0.012097468
2023-05-09,IWM,0.0050585703,-0.020496227,0.025554797,train,0.0159055
2023-05-09,SPY,0.00466134,-0.008566207,0.013227547,train,0.019915294
2023-05-09,TLT,0.00965707,-0.011369999,0.02102707,train,-0.006891841
2023-05-10,EFA,-0.0024535845,-0.014527305,0.012073721,train,-0.04804075
2023-05-10,IWM,-0.007712817,-0.0010440864,0.0066687306,train,-0.020496227
2023-05-10,SPY,-0.0017453708,0.014869212,0.016614582,train,-0.008566207
2023-05-10,TLT,0.010516567,-0.076130666,0.086647235,train,-0.011369999
2023-05-11,EFA,-0.0017756697,-0.02720822,0.025432551,train,-0.014527305
2023-05-11,IWM,-0.0020243367,-0.03792485,0.03590051,train,-0.0010440864
2023-05-11,SPY,-0.0013112607,0.0069467206,0.008257981,train,0.014869212
2023-05-11,TLT,-0.008404355,0.0043918514,0.012796206,train,-0.076130666
2023-05-12,EFA,0.0076272823,0.018298365,0.010671083,train,-0.02720822
2023-05-12,IWM,0.0121423425,-0.007698543,0.019840885,train,-0.03792485
2023-05-12,SPY,0.003444257,0.0025720918,0.0008721652,train,0.0069467206
2023-05-12,TLT,-0.010411765,-0.020476175,0.01006441,train,0.0043918514
2023-05-15,EFA,-0.009543314,0.00015332329,0.009696637,train,0.018298365
2023-05-15,IWM,-0.014692948,0.006696506,0.021389455,train,-0.007698543
2023-05-15,SPY,-0.0067052045,0.016910667,0.02361587,train,0.0025720918
2023-05-15,TLT,-0.0030085258,0.0012042416,0.0042127674,train,-0.020476175
2023-05-16,EFA,0.004646474,-0.008808478,0.013454951,train,0.00015332329
2023-05-16,IWM,0.022044318,-0.026335618,0.048379935,train,0.006696506
2023-05-16,SPY,0.012065899,0.004847706,0.007218193,train,0.016910667
2023-05-16,TLT,-0.0029204753,0.011333502,0.014253978,train,0.0012042416
2023-05-17,EFA,-0.0015007174,-0.028118435,0.026617717,train,-0.008808478
2023-05-17,IWM,0.0060570776,0.038643017,0.03258594,train,-0.026335618
2023-05-17,SPY,0.009587199,0.016720578,0.0071333786,train,0.004847706
2023-05-17,TLT,-0.0074364836,-0.06102184,0.053585354,train,0.011333502
2023-05-18,EFA,0.0058546844,-0.008108953,0.013963638,train,-0.028118435
2023-05-18,IWM,-0.0061137276,-0.009923742,0.0038100146,train,0.038643017
2023-05-18,SPY,-0.0014562164,0.020836744,0.02229296,train,0.016720578
2023-05-18,TLT,-0.007096243,-0.019356748,0.012260505,train,-0.06102184
2023-05-19,EFA,0.0002713591,0.0002481254,2.3233704e-05,train,-0.008108953
2023-05-19,IWM,0.012134249,-0.025984343,0.038118593,train,-0.009923742
2023-05-19,SPY,0.00040607248,0.00067367277,0.0002676003,train,0.020836744
2023-05-19,TLT,-0.0035672225,-0.011056163,0.007488941,train,-0.019356748
2023-05-22,EFA,-0.014766393,-0.0097793285,0.0049870647,train,0.0002481254
2023-05-22,IWM,-0.004723287,0.0038248277,0.008548114,train,-0.025984343
2023-05-22,SPY,-0.011286404,-0.0020130104,0.009273393,train,0.00067367277
2023-05-22,TLT,0.00287462,-0.008224267,0.011098887,train,-0.011056163
2023-05-23,EFA,-0.014708351,0.0038592448,0.018567596,train,-0.0097793285
2023-05-23,IWM,-0.010652887,-0.011437082,0.000784195,train,0.0038248277
2023-05-23,SPY,-0.0072711064,0.009620932,0.016892038,train,-0.0020130104
2023-05-23,TLT,-0.004961562,-0.027988404,0.023026843,train,-0.008224267
2023-05-24,EFA,-0.0013986399,0.011119743,0.012518383,train,0.0038592448
2023-05-24,IWM,-0.007835173,-0.019765373,0.0119302,train,-0.011437082
2023-05-24,SPY,0.008622661,0.0029604011,0.00566226,train,0.009620932
2023-05-24,TLT,-0.0024897442,0.00227565,0.004765394,train,-0.027988404
2023-05-25,EFA,0.009750695,-0.033875376,0.04362607,train,0.011119743
2023-05-25,IWM,0.011304127,-0.024905197,0.036209323,train,-0.019765373
2023-05-25,SPY,0.012867478,-0.012925172,0.02579265,train,0.0029604011
2023-05-25,TLT,0.008044596,0.01205621,0.0040116142,train,0.00227565
2023-05-26,EFA,-0.0101705855,-0.0024333107,0.0077372747,train,-0.033875376
2023-05-26,IWM,-0.003696772,-0.0048980685,0.0012012965,train,-0.024905197
2023-05-26,SPY,0.00038078395,0.012869013,0.012488228,train,-0.012925172
2023-05-26,TLT,0.009941901,-0.07103705,0.080978945,train,0.01205621
2023-05-30,EFA,-0.010416936,0.001262047,0.011678983,train,-0.0024333107
2023-05-30,IWM,-0.0099063795,-0.03960226,0.029695882,train,-0.0048980685
2023-05-30,SPY,-0.005560511,-0.009810585,0.004250074,train,0.012869013
2023-05-30,TLT,0.008679205,-0.02265292,0.031332124,train,-0.07103705
2023-05-31,EFA,0.014748545,0.08846269,0.073714145,train,0.001262047
2023-05-31,IWM,0.010760632,-0.008998605,0.019759238,train,-0.03960226
2023-05-31,SPY,0.009456221,0.020256076,0.010799855,train,-0.009810585
2023-05-31,TLT,0.003915519,-0.0039132494,0.007828768,train,-0.02265292
2023-06-01,EFA,0.012883722,-0.013308554,0.026192276,train,0.08846269
2023-06-01,IWM,0.035623193,-0.018220609,0.053843804,train,-0.008998605
2023-06-01,SPY,0.014357457,0.0003979752,0.013959481,train,0.020256076
2023-06-01,TLT,-0.01101866,-0.035493687,0.024475027,train,-0.0039132494
2023-06-02,EFA,-0.0057979845,-0.018099032,0.012301048,train,-0.013308554
2023-06-02,IWM,-0.013495726,-0.02368185,0.010186124,train,-0.018220609
2023-06-02,SPY,-0.00191797,-0.00032192783,0.0015960422,train,0.0003979752
2023-06-02,TLT,-0.0018645732,0.05635614,0.058220714,train,-0.035493687
2023-06-05,EFA,0.008272598,0.013825232,0.0055526346,train,-0.018099032
2023-06-05,IWM,0.025998304,0.015811946,0.010186357,train,-0.02368185
2023-06-05,SPY,0.0021751358,0.0028972314,0.0007220956,train,-0.00032192783
2023-06-05,TLT,0.0058765607,0.030364245,0.024487685,train,0.05635614
2023-06-06,EFA,-0.008833739,0.018756825,0.027590565,train,0.013825232
2023-06-06,IWM,0.018537674,-0.01885565,0.037393324,train,0.015811946
2023-06-06,SPY,-0.0034638369,0.0041105147,0.0075743515,train,0.0028972314
2023-06-06,TLT,-0.014954871,0.008998305,0.023953175,train,0.030364245
2023-06-07,EFA,0.01052424,0.008509322,0.0020149183,train,0.018756825
2023-06-07,IWM,-0.0037456825,-0.053371795,0.049626112,train,-0.01885565
2023-06-07,SPY,0.0060303905,0.0026206025,0.003409788,train,0.0041105147
2023-06-07,TLT,0.011629158,-0.031898867,0.043528024,train,0.008998305
2023-06-08,EFA,-0.0016766562,0.019297343,0.020973999,train,0.008509322
2023-06-08,IWM,-0.008127499,0.039048377,0.047175877,train,-0.053371795
2023-06-08,SPY,0.0017926026,0.007159568,0.005366965,train,0.0026206025
2023-06-08,TLT,-0.001372519,0.031692117,0.033064637,train,-0.031898867
2023-06-09,EFA,0.0043251663,0.012256048,0.007930881,train,0.019297343
2023-06-09,IWM,0.0041527995,0.009945182,0.0057923826,train,0.039048377
2023-06-09,SPY,0.009031199,0.0020794743,0.0069517246,train,0.007159568
2023-06-09,TLT,0.0029390117,-0.016685529,0.01962454,train,0.031692117
2023-06-12,EFA,0.009422303,-3.6686077e-05,0.009458989,train,0.012256048
2023-06-12,IWM,0.01139856,0.014815346,0.003416786,train,0.009945182
2023-06-12,SPY,0.0065711,0.0010630471,0.005508053,train,0.0020794743
2023-06-12,TLT,-0.009930035,0.0142577095,0.024187744,train,-0.016685529
2023-06-13,EFA,0.0037167196,0.01895829,0.01524157,train,-3.6686077e-05
2023-06-13,IWM,-0.010806563,-0.0025845352,0.008222029,train,0.014815346
2023-06-13,SPY,0.001190232,0.0055184406,0.0043282085,train,0.0010630471
2023-06-13,TLT,0.007971599,-0.0053996327,0.013371231,train,0.0142577095
2023-06-14,EFA,0.010524332,-0.005368012,0.015892344,train,0.01895829
2023-06-14,IWM,0.008195769,-0.011084803,0.019280571,train,-0.0025845352
2023-06-14,SPY,0.012321363,-0.006121104,0.018442467,train,0.0055184406
2023-06-14,TLT,0.009559968,-0.009149967,0.018709935,train,-0.0053996327
2023-06-15,EFA,-0.0021778084,0.013387917,0.015565725,train,-0.005368012
2023-06-15,IWM,-0.008034638,-0.0015020011,0.006532637,train,-0.011084803
2023-06-15,SPY,-0.0034121405,0.012036933,0.015449073,train,-0.006121104
2023-06-15,TLT,-0.003890802,-0.0010128816,0.0028779204,train,-0.009149967
2023-06-16,EFA,-0.013305264,0.0004970344,0.013802298,train,0.013387917
2023-06-16,IWM,-0.004365634,-0.012512198,0.008146564,train,-0.0015020011
2023-06-16,SPY,-0.0052015465,0.0036468017,0.008848349,train,0.012036933
2023-06-16,TLT,0.006895973,0.019867104,0.012971131,train,-0.0010128816
2023-06-20,EFA,0.0015177274,0.006316059,0.0047983313,train,0.0004970344
2023-06-20,IWM,-0.0023256254,0.0023154877,0.004641113,train,-0.012512198
2023-06-20,SPY,-0.005136951,-0.014144389,0.009007438,train,0.0036468017
2023-06-20,TLT,0.0024170065,0.034670867,0.03225386,train,0.019867104
2023-06-21,EFA,-0.0062236367,-0.020248484,0.014024847,train,0.006316059
2023-06-21,IWM,-0.0074449456,-0.00010363606,0.0073413095,train,0.0023154877
2023-06-21,SPY,0.0036031823,-0.01764139,0.021244572,train,-0.014144389
2023-06-21,TLT,-0.012143878,0.008665943,0.020809822,train,0.034670867
2023-06-22,EFA,-0.015660392,0.00049482344,0.016155215,train,-0.020248484
2023-06-22,IWM,-0.015169243,-0.008719776,0.0064494675,train,-0.00010363606
2023-06-22,SPY,-0.007588675,-0.01479675,0.007208075,train,-0.01764139
2023-06-22,TLT,0.009920457,0.036315985,0.026395528,train,0.008665943
2023-06-23,EFA,0.0012677915,0.026678488,0.025410697,train,0.00049482344
2023-06-23,IWM,0.0009963567,-0.013899933,0.014896289,train,-0.008719776
2023-06-23,SPY,-0.0040941155,-0.0071813134,0.003087198,train,-0.01479675
2023-06-23,TLT,0.0010640925,0.02533533,0.024271239,train,0.036315985
2023-06-26,EFA,0.008688211,-0.050631076,0.059319288,train,0.026678488
2023-06-26,IWM,0.0143364575,0.026499443,0.012162985,train,-0.013899933
2023-06-26,SPY,0.010903609,-0.018744089,0.029647697,train,-0.0071813134
2023-06-26,TLT,-0.0026137445,0.0089300405,0.011543785,train,0.02533533
2023-06-27,EFA,0.0006976011,-0.03623282,0.036930423,train,-0.050631076
2023-06-27,IWM,0.0048964196,-0.008203563,0.013099983,train,0.026499443
2023-06-27,SPY,0.00050426257,-0.0018708868,0.0023751494,train,-0.018744089
2023-06-27,TLT,0.0042559225,0.010770727,0.0065148044,train,0.0089300405
2023-06-28,EFA,-0.0013953436,-0.033834763,0.032439418,train,-0.03623282
2023-06-28,IWM,0.011439732,-0.08823674,0.099676475,train,-0.008203563
2023-06-28,SPY,0.0039336365,-0.0128316125,0.016765248,train,-0.0018708868
2023-06-28,TLT,-0.018213585,0.0051256497,0.023339234,train,0.010770727
2023-06-29,EFA,0.012212123,-0.027415123,0.039627247,train,-0.033834763
2023-06-29,IWM,0.004763808,0.014525919,0.009762111,train,-0.08823674
2023-06-29,SPY,0.011731659,-0.014508382,0.026240041,train,-0.0128316125
2023-06-29,TLT,0.011726076,0.002096184,0.009629892,train,0.0051256497
2023-06-30,EFA,-0.0011040819,0.0047567696,0.0058608516,train,-0.027415123
2023-06-30,IWM,0.002027083,0.01961429,0.017587207,train,0.014525919
2023-06-30,SPY,0.0011497416,0.01579226,0.014642518,train,-0.014508382
2023-06-30,TLT,-0.0056853327,0.039914466,0.0455998,train,0.002096184
2023-07-03,EFA,-0.011247694,0.0032806308,0.014528325,train,0.0047567696
2023-07-03,IWM,-0.010015233,0.03789372,0.047908954,train,0.01961429
2023-07-03,SPY,-0.0014882237,0.014506393,0.015994616,train,0.01579226
2023-07-03,TLT,-0.0095480345,0.014075163,0.023623198,train,0.039914466
2023-07-05,EFA,-0.01746767,-0.02047608,0.0030084103,train,0.0032806308
2023-07-05,IWM,-0.016279954,-0.018627942,0.0023479871,train,0.03789372
2023-07-05,SPY,-0.0078613125,-0.014715965,0.0068546524,train,0.014506393
2023-07-05,TLT,-0.014243761,0.012651603,0.026895363,train,0.014075163
2023-07-06,EFA,0.007503402,0.0051322957,0.0023711063,train,-0.02047608
2023-07-06,IWM,0.010503642,-0.017379478,0.02788312,train,-0.018627942
2023-07-06,SPY,-0.002527984,-0.00880858,0.0062805964,train,-0.014715965
2023-07-06,TLT,-0.0060373726,0.023956481,0.029993854,train,0.012651603
2023-07-07,EFA,0.002816675,0.03014829,0.027331615,train,0.0051322957
2023-07-07,IWM,0.016963275,0.03680565,0.019842373,train,-0.017379478
2023-07-07,SPY,0.002527984,-0.011328901,0.013856885,train,-0.00880858
2023-07-07,TLT,0.0013108866,0.036474448,0.035163563,train,0.023956481
2023-07-10,EFA,0.008961218,0.028291814,0.019330595,train,0.03014829
2023-07-10,IWM,0.010220681,0.052616935,0.042396255,train,0.03680565
2023-07-10,SPY,0.006348153,-0.026266096,0.03261425,train,-0.011328901
2023-07-10,TLT,0.0051277415,0.032988455,0.027860714,train,0.036474448
2023-07-11,EFA,0.018916886,-0.028519087,0.047435973,train,0.028291814
2023-07-11,IWM,0.010847118,0.013603725,0.0027566068,train,0.052616935
2023-07-11,SPY,0.008013686,-0.01893181,0.026945496,train,-0.026266096
2023-07-11,TLT,0.011069551,0.009003942,0.0020656092,train,0.032988455
2023-07-12,EFA,0.015876438,-0.04482566,0.060702097,train,-0.028519087
2023-07-12,IWM,0.008045976,0.04207586,0.034029886,train,0.013603725
2023-07-12,SPY,0.007905611,0.008307693,0.00040208176,train,-0.01893181
2023-07-12,TLT,0.010457834,-0.017361458,0.027819293,train,0.009003942
2023-07-13,EFA,-0.0056703687,0.012900548,0.018570917,train,-0.04482566
2023-07-13,IWM,-0.009819471,-0.018629925,0.008810454,train,0.04207586
2023-07-13,SPY,-0.0006230116,-0.024710461,0.02408745,train,0.008307693
2023-07-13,TLT,-0.0059058666,-0.039110895,0.03320503,train,-0.017361458
2023-07-14,EFA,-0.0012193054,0.014616665,0.01583597,train,0.012900548
2023-07-14,IWM,0.010646389,-0.027349826,0.037996214,train,-0.018629925
2023-07-14,SPY,0.003466222,-0.038040787,0.04150701,train,-0.024710461
2023-07-14,TLT,0.00049325894,0.0465612,0.046067942,train,-0.039110895
2023-07-17,EFA,0.006485776,0.006262244,0.00022353185,train,0.014616665
2023-07-17,IWM,0.012270756,-0.006182455,0.01845321,train,-0.027349826
2023-07-17,SPY,0.0074031744,-0.048764013,0.056167185,train,-0.038040787
2023-07-17,TLT,0.0045290277,0.017912073,0.013383046,train,0.0465612
2023-07-18,EFA,-0.00053893315,0.0059404247,0.006479358,train,0.006262244
2023-07-18,IWM,0.004226325,-0.006886292,0.011112617,train,-0.006182455
2023-07-18,SPY,0.0022212164,-0.01397175,0.016192965,train,-0.048764013
2023-07-18,TLT,0.011233345,0.0040801377,0.007153207,train,0.017912073
2023-07-19,EFA,-0.0051337327,-0.031568695,0.026434962,train,0.0059404247
2023-07-19,IWM,-0.008778163,0.0018693354,0.010647499,train,-0.006886292
2023-07-19,SPY,-0.006656625,-0.039172694,0.03251607,train,-0.01397175
2023-07-19,TLT,-0.012216063,0.0072835884,0.019499652,train,0.0040801377
2023-07-20,EFA,0.0020297756,-0.044857673,0.04688745,train,-0.031568695
2023-07-20,IWM,-0.0031834564,-0.019524667,0.016341211,train,0.0018693354
2023-07-20,SPY,0.0,-0.030204982,0.030204982,train,-0.039172694
2023-07-20,TLT,0.00029495885,-0.010875634,0.011170593,train,0.0072835884
2023-07-21,EFA,-0.0024361361,-0.02703175,0.024595613,train,-0.044857673
2023-07-21,IWM,0.0024655461,-0.01497715,0.017442696,train,-0.019524667
2023-07-21,SPY,0.0044574,-0.034592696,0.039050095,train,-0.030204982
2023-07-21,TLT,-0.0036436126,0.022412706,0.02605632,train,-0.010875634
2023-07-24,EFA,0.0010833358,-0.017976427,0.019059762,train,-0.02703175
2023-07-24,IWM,-0.00010256607,0.0015610246,0.0016635907,train,-0.01497715
2023-07-24,SPY,0.0027263446,-0.031083604,0.03380995,train,-0.034592696
2023-07-24,TLT,-0.0018764025,0.011610981,0.013487384,train,0.022412706
2023-07-25,EFA,0.0027035503,0.010582062,0.007878512,train,-0.017976427
2023-07-25,IWM,0.0078695305,-0.019863795,0.027733326,train,0.0015610246
2023-07-25,SPY,0.00015357859,-0.0326148,0.03276838,train,-0.031083604
2023-07-25,TLT,0.0009879484,-0.011992107,0.012980055,train,0.011610981
2023-07-26,EFA,-0.002297518,-0.0033283806,0.0010308626,train,0.010582062
2023-07-26,IWM,-0.013013079,-0.010120582,0.002892497,train,-0.019863795
2023-07-26,SPY,-0.006651871,-0.021418031,0.01476616,train,-0.0326148
2023-07-26,TLT,-0.019644741,-0.0433911,0.02374636,train,-0.011992107
2023-07-27,EFA,0.0071451883,-0.0070213783,0.014166567,train,-0.0033283806
2023-07-27,IWM,0.012860336,-0.020859744,0.03372008,train,-0.010120582
2023-07-27,SPY,0.009742636,-0.016448114,0.02619075,train,-0.021418031
2023-07-27,TLT,0.0051226784,0.028284606,0.023161927,train,-0.0433911
2023-07-28,EFA,0.00026867032,-0.0049052793,0.0051739495,train,-0.0070213783
2023-07-28,IWM,0.0115404045,-0.0017110225,0.013251427,train,-0.020859744
2023-07-28,SPY,0.0019021962,-0.010241802,0.012143998,train,-0.016448114
2023-07-28,TLT,0.0024019072,0.013175647,0.01077374,train,0.028284606
2023-07-31,EFA,-0.012568595,-0.020990305,0.00842171,train,-0.0049052793
2023-07-31,IWM,-0.004590005,0.009526576,0.0141165815,train,-0.0017110225
2023-07-31,SPY,-0.002865628,-0.03868,0.03581437,train,-0.010241802
2023-07-31,TLT,-0.016522693,0.023004482,0.039527174,train,0.013175647
2023-08-01,EFA,-0.018807473,-0.014980765,0.0038267076,train,-0.020990305
2023-08-01,IWM,-0.013692992,-0.014612121,0.00091912877,train,0.009526576
2023-08-01,SPY,-0.014008513,-0.038933314,0.024924802,train,-0.03868
2023-08-01,TLT,-0.010756668,0.017042235,0.027798902,train,0.023004482
2023-08-02,EFA,-0.0027756996,0.0020168931,0.0047925925,train,-0.014980765
2023-08-02,IWM,-0.0028229947,0.013059975,0.015882969,train,-0.014612121
2023-08-02,SPY,-0.0028699553,0.011566022,0.014435978,train,-0.038933314
2023-08-02,TLT,-0.023341578,0.04470639,0.06804797,train,0.017042235
2023-08-03,EFA,0.0027756996,-0.014002292,0.016777992,train,0.0020168931
2023-08-03,IWM,-0.0020065012,0.0037117465,0.005718248,train,0.013059975
2023-08-03,SPY,-0.0045329644,0.015777366,0.020310331,train,0.011566022
2023-08-03,TLT,0.017557282,0.04552615,0.027968869,train,0.04470639
2023-08-04,EFA,0.0084178215,-0.028757226,0.03717505,train,-0.014002292
2023-08-04,IWM,0.00066938915,0.015384049,0.01471466,train,0.0037117465
2023-08-04,SPY,0.008690598,-0.024861459,0.033552058,train,0.015777366
2023-08-04,TLT,-0.009890653,0.037279118,0.04716977,train,0.04552615
2023-08-07,EFA,-0.0060648783,-0.020815697,0.014750818,train,-0.028757226
2023-08-07,IWM,-0.0062987185,-0.020649679,0.01435096,train,0.015384049
2023-08-07,SPY,-0.0043582222,0.008171818,0.01253004,train,-0.024861459
2023-08-07,TLT,0.011546852,-0.0012853028,0.0128321545,train,0.037279118
2023-08-08,EFA,-0.00027658333,-0.038482483,0.0382059,train,-0.020815697
2023-08-08,IWM,-0.007851367,-3.126345e-05,0.007820103,train,-0.020649679
2023-08-08,SPY,-0.0067076674,-0.0158,0.009092332,train,0.008171818
2023-08-08,TLT,0.0051575955,0.077376954,0.07221936,train,-0.0012853028
2023-08-09,EFA,0.004278014,0.0011414239,0.0031365901,train,-0.038482483
2023-08-09,IWM,-0.004446947,0.03381795,0.038264897,train,-3.126345e-05
2023-08-09,SPY,0.0003589642,0.010493272,0.010134308,train,-0.0158
2023-08-09,TLT,-0.016599726,0.041201357,0.057801083,train,0.077376954
2023-08-10,EFA,-0.006770369,-0.03965868,0.032888312,train,0.0011414239
2023-08-10,IWM,0.0014146186,0.029635325,0.028220706,train,0.03381795
2023-08-10,SPY,-0.00058321434,-0.029263966,0.028680751,train,0.010493272
2023-08-10,TLT,-0.002304025,0.022082146,0.024386171,train,0.041201357
2023-08-11,EFA,-0.004446288,-0.030473974,0.026027685,train,-0.03965868
2023-08-11,IWM,-0.0017290759,0.07275094,0.07448002,train,0.029635325
2023-08-11,SPY,0.0055046664,0.034515396,0.02901073,train,-0.029263966
2023-08-11,TLT,-0.002204418,0.020079106,0.022283524,train,0.022082146
2023-08-14,EFA,-0.012471204,-0.010430935,0.0020402689,train,-0.030473974
2023-08-14,IWM,-0.013305503,0.008424326,0.021729829,train,0.07275094
2023-08-14,SPY,-0.011717232,0.026125172,0.037842404,train,0.034515396
2023-08-14,TLT,-0.006113785,0.06261465,0.06872843,train,0.020079106
2023-08-15,EFA,-0.008211948,0.009557684,0.017769631,train,-0.010430935
2023-08-15,IWM,-0.012300393,0.008871293,0.021171685,train,0.008424326
2023-08-15,SPY,-0.0073650554,-0.0069271727,0.00043788273,train,0.026125172
2023-08-15,TLT,-0.007855118,0.0026280568,0.0104831755,train,0.06261465
2023-08-16,EFA,-0.007133549,0.005647099,0.012780648,train,0.009557684
2023-08-16,IWM,-0.01185438,-0.014063902,0.0022095218,train,0.008871293
2023-08-16,SPY,-0.0076490515,-0.016176745,0.008527694,train,-0.0069271727
2023-08-16,TLT,-0.0042711934,-0.03006415,0.025792956,train,0.0026280568
2023-08-17,EFA,0.0,-0.013649308,0.013649308,train,0.005647099
2023-08-17,IWM,0.0054303203,-0.011412942,0.016843263,train,-0.014063902
2023-08-17,SPY,0.00048109653,-0.038018927,0.038500022,train,-0.016176745
2023-08-17,TLT,0.0035252222,-0.02670623,0.030231452,train,-0.03006415
2023-08-18,EFA,0.0037158758,-0.009118743,0.012834619,train,-0.013649308
2023-08-18,IWM,-0.0014631402,-0.011053584,0.009590443,train,-0.011412942
2023-08-18,SPY,0.0064851963,-0.004948105,0.0114333015,train,-0.038018927
2023-08-18,TLT,-0.013419912,0.020556621,0.033976533,train,-0.02670623
2023-08-21,EFA,-0.0018563299,-0.008358141,0.0065018116,train,-0.009118743
2023-08-21,IWM,-0.0029875247,-0.0008873766,0.0021001482,train,-0.011053584
2023-08-21,SPY,-0.0027122598,-0.009535416,0.006823156,train,-0.004948105
2023-08-21,TLT,0.00764478,-0.032896843,0.040541623,train,0.020556621
2023-08-22,EFA,0.010803294,-0.00798602,0.018789314,train,-0.008358141
2023-08-22,IWM,0.010605816,-0.0065866853,0.017192502,train,-0.0008873766
2023-08-22,SPY,0.011076264,-0.0058638896,0.016940154,train,-0.009535416
2023-08-22,TLT,0.024475439,-0.031047849,0.055523288,train,-0.032896843
2023-08-23,EFA,-0.013809116,0.027466292,0.041275408,train,-0.00798602
2023-08-23,IWM,-0.013929517,-0.005039561,0.008889956,train,-0.0065866853
2023-08-23,SPY,-0.013956215,0.009006168,0.022962384,train,-0.0058638896
2023-08-23,TLT,-0.0066159638,-0.01754222,0.010926257,train,-0.031047849
2023-08-24,EFA,0.006714924,-0.005812898,0.012527822,train,0.027466292
2023-08-24,IWM,0.004248241,0.020142395,0.015894154,train,-0.005039561
2023-08-24,SPY,0.007025086,0.017308835,0.01028375,train,0.009006168
2023-08-24,TLT,0.0032606698,0.030235566,0.026974896,train,-0.01754222
2023-08-25,EFA,0.010481592,0.007852226,0.0026293667,train,-0.005812898
2023-08-25,IWM,0.008873353,-0.0028371024,0.011710456,train,0.020142395
2023-08-25,SPY,0.00632135,0.04699701,0.040675662,train,0.017308835
2023-08-25,TLT,0.001049973,0.004130488,0.0030805147,train,0.030235566
2023-08-28,EFA,0.012323401,0.019493641,0.0071702404,train,0.007852226
2023-08-28,IWM,0.013855232,0.0045629,0.009292332,train,-0.0028371024
2023-08-28,SPY,0.014351449,0.029448755,0.015097306,train,0.04699701
2023-08-28,TLT,0.010332259,0.0033360724,0.006996187,train,0.004130488
2023-08-29,EFA,-0.00055694015,-0.00031129213,0.00024564803,train,0.019493641
2023-08-29,IWM,0.0037651088,0.028016672,0.024251563,train,0.0045629
2023-08-29,SPY,0.0041103153,0.06325502,0.059144706,train,0.029448755
2023-08-29,TLT,-0.0010385569,-0.049117535,0.048078977,train,0.0033360724
2023-08-30,EFA,-0.003906829,-0.022154978,0.018248148,train,-0.00031129213
2023-08-30,IWM,-0.0017481865,0.03066552,0.032413706,train,0.028016672
2023-08-30,SPY,-0.0014645217,0.040010605,0.04147513,train,0.06325502
2023-08-30,TLT,0.0044590845,0.029245682,0.024786597,train,-0.049117535
2023-08-31,EFA,-0.000559317,0.013357204,0.013916521,train,-0.022154978
2023-08-31,IWM,0.011806525,0.031043116,0.01923659,train,0.03066552
2023-08-31,SPY,0.0018634378,0.050631937,0.048768498,train,0.040010605
2023-08-31,TLT,-0.015700951,-0.011552083,0.004148868,train,0.029245682
2023-09-01,EFA,-0.008710299,-0.0053439285,0.0033663702,train,0.013357204
2023-09-01,IWM,-0.02128877,0.010623581,0.03191235,train,0.031043116
2023-09-01,SPY,-0.004331341,0.056671523,0.061002865,train,0.050631937
2023-09-01,TLT,-0.014121466,0.030812752,0.044934217,train,-0.011552083
2023-09-05,EFA,-0.0021188266,-0.0109249875,0.008806161,train,-0.0053439285
2023-09-05,IWM,-0.0037537492,-0.048038512,0.044284765,train,0.010623581
2023-09-05,SPY,-0.0067450954,-0.0061919778,0.0005531176,train,0.056671523
2023-09-05,TLT,0.0024566657,0.007312833,0.0048561674,train,0.030812752
2023-09-06,EFA,-0.0032575028,-0.02701725,0.023759749,train,-0.0109249875
2023-09-06,IWM,-0.009717653,-0.015613637,0.0058959844,train,-0.048038512
2023-09-06,SPY,-0.003074824,0.03255157,0.035626397,train,-0.0061919778
2023-09-06,TLT,0.0027693512,0.002141043,0.00062830816,train,0.007312833
2023-09-07,EFA,-0.0014197087,-0.032210976,0.030791268,train,-0.02701725
2023-09-07,IWM,-0.0022266763,-0.039091855,0.03686518,train,-0.015613637
2023-09-07,SPY,0.0015048939,-0.031305365,0.03281026,train,0.03255157
2023-09-07,TLT,0.0038221313,-0.014270884,0.018093016,train,0.002141043
2023-09-08,EFA,0.010317393,-0.042928517,0.05324591,train,-0.032210976
2023-09-08,IWM,0.0023892738,-0.030720662,0.033109937,train,-0.039091855
2023-09-08,SPY,0.006555146,0.030503623,0.023948478,train,-0.031305365
2023-09-08,TLT,-0.007231849,-0.03256165,0.0253298,train,-0.014270884
2023-09-11,EFA,-0.0040858816,0.0145119475,0.01859783,train,-0.042928517
2023-09-11,IWM,-0.0009769229,-0.066799976,0.065823056,train,-0.030720662
2023-09-11,SPY,-0.005500763,0.010480814,0.015981577,train,0.030503623
2023-09-11,TLT,0.00574724,-0.009405066,0.015152306,train,-0.03256165
2023-09-12,EFA,-0.0031109015,-0.03318274,0.03007184,train,0.0145119475
2023-09-12,IWM,-0.0065912404,-0.044779457,0.038188215,train,-0.066799976
2023-09-12,SPY,0.0011653416,-0.041516233,0.042681575,train,0.010480814
2023-09-12,TLT,-0.00021202317,-0.00085986534,0.0006478422,train,-0.009405066
2023-09-13,EFA,0.013084853,0.032799013,0.01971416,train,-0.03318274
2023-09-13,IWM,0.014002295,0.023973335,0.009971039,train,-0.044779457
2023-09-13,SPY,0.008585384,-0.053939473,0.062524855,train,-0.041516233
2023-09-13,TLT,-0.007244807,0.01659453,0.023839336,train,-0.00085986534
2023-09-14,EFA,-0.0022389498,-0.03953948,0.037300527,train,0.032799013
2023-09-14,IWM,-0.010510456,-0.022978762,0.012468306,train,0.023973335
2023-09-14,SPY,-0.012121394,-0.020376567,0.0082551725,train,-0.053939473
2023-09-14,TLT,-0.0061127655,0.026964422,0.033077188,train,0.01659453
2023-09-15,EFA,-0.0035086214,-0.016956134,0.013447512,train,-0.03953948
2023-09-15,IWM,-0.0066669215,-0.0008264895,0.005840432,train,-0.022978762
2023-09-15,SPY,0.0005862052,-0.044720754,0.04530696,train,-0.020376567
2023-09-15,TLT,0.0056853183,-0.0037757154,0.009461034,train,0.026964422
2023-09-18,EFA,0.000843276,-0.020669624,0.0215129,train,-0.016956134
2023-09-18,IWM,-0.0039001533,-0.063667476,0.059767324,train,-0.0008264895
2023-09-18,SPY,-0.0020760607,-0.09153199,0.08945593,train,-0.044720754
2023-09-18,TLT,-0.007407799,-0.045669604,0.038261805,train,-0.0037757154
2023-09-19,EFA,-0.0023907826,0.023611542,0.026002325,train,-0.020669624
2023-09-19,IWM,-0.01006819,0.032568634,0.042636823,train,-0.063667476
2023-09-19,SPY,-0.009235697,-0.01111448,0.0018787831,train,-0.09153199
2023-09-19,TLT,0.0031199732,0.034410328,0.031290356,train,-0.045669604
2023-09-20,EFA,-0.016754603,0.028489262,0.045243867,train,0.023611542
2023-09-20,IWM,-0.01563335,0.042229198,0.05786255,train,0.032568634
2023-09-20,SPY,-0.01666658,0.031700857,0.048367437,train,-0.01111448
2023-09-20,TLT,-0.026009308,0.0053843916,0.0313937,train,0.034410328
2023-09-21,EFA,0.0008587271,0.029346261,0.028487533,train,0.028489262
2023-09-21,IWM,-0.0022618487,0.000148852,0.0024107005,train,0.042229198
2023-09-21,SPY,-0.0022510842,0.03419327,0.036444355,train,0.031700857
2023-09-21,TLT,0.008016581,0.081198625,0.07318205,train,0.0053843916
2023-09-22,EFA,-0.0044448534,0.0025494774,0.006994331,train,0.029346261
2023-09-22,IWM,0.0044618193,0.020393807,0.015931988,train,0.000148852
2023-09-22,SPY,0.0041964124,-0.021767631,0.025964044,train,0.03419327
2023-09-22,TLT,-0.02491723,0.03262421,0.05754144,train,0.081198625
2023-09-25,EFA,-0.013017209,-0.009588809,0.0034284005,train,0.0025494774
2023-09-25,IWM,-0.012940811,0.0011483371,0.0140891485,train,0.020393807
2023-09-25,SPY,-0.014800233,-0.01754035,0.0027401177,train,-0.021767631
2023-09-25,TLT,-0.0034819404,0.027903687,0.031385627,train,0.03262421
2023-09-26,EFA,-0.0018944107,0.029412288,0.0313067,train,-0.009588809
2023-09-26,IWM,0.009305125,0.002370954,0.006934171,train,0.0011483371
2023-09-26,SPY,0.00039907757,0.0008879161,0.00048883853,train,-0.01754035
2023-09-26,TLT,-0.005189258,-0.015646553,0.010457294,train,0.027903687
2023-09-27,EFA,0.00813491,0.003997537,0.004137373,train,0.029412288
2023-09-27,IWM,0.008994006,0.009377112,0.00038310606,train,0.002370954
2023-09-27,SPY,0.005780669,-0.022866232,0.028646901,train,0.0008879161
2023-09-27,TLT,0.0030487296,0.025313135,0.022264406,train,-0.015646553
2023-09-28,EFA,-0.0028977767,-0.0022283364,0.00066944025,train,0.003997537
2023-09-28,IWM,-0.0047415243,0.03212714,0.03686866,train,0.009377112
2023-09-28,SPY,-0.00242996,0.008971677,0.011401637,train,-0.022866232
2023-09-28,TLT,0.000112628026,-0.023220709,0.023333337,train,0.025313135
2023-09-29,EFA,-0.014763031,0.006221063,0.020984095,train,-0.0022283364
2023-09-29,IWM,-0.015222242,0.01996922,0.03519146,train,0.03212714
2023-09-29,SPY,-0.00039781583,-0.007214851,0.0068170354,train,0.008971677
2023-09-29,TLT,-0.016881572,0.025479343,0.042360917,train,-0.023220709
2023-10-02,EFA,-0.012595545,0.009544465,0.02214001,train,0.006221063
2023-10-02,IWM,-0.016975604,0.0075105582,0.024486162,train,0.01996922
2023-10-02,SPY,-0.01347635,0.015142986,0.028619336,train,-0.007214851
2023-10-02,TLT,-0.021746445,0.03446956,0.056216005,train,0.025479343
2023-10-03,EFA,0.0017877596,0.011719433,0.009931673,train,0.009544465
2023-10-03,IWM,0.00046738307,0.0012549903,0.0007876073,train,0.0075105582
2023-10-03,SPY,0.007255538,0.046736013,0.039480474,train,0.015142986
2023-10-03,TLT,0.01400918,0.055966508,0.041957326,train,0.03446956
2023-10-04,EFA,0.008743907,-0.042745683,0.05148959,train,0.011719433
2023-10-04,IWM,0.0007589176,0.015404691,0.014645773,train,0.0012549903
2023-10-04,SPY,-0.00037686247,-0.030147027,0.029770166,train,0.046736013
2023-10-04,TLT,-0.0049973233,0.010637706,0.015635028,train,0.055966508
2023-10-05,EFA,0.011006222,-0.036566764,0.047572985,train,-0.042745683
2023-10-05,IWM,0.009583389,-0.008917966,0.018501356,train,0.015404691
2023-10-05,SPY,0.011802957,0.023661824,0.011858867,train,-0.030147027
2023-10-05,TLT,-0.012190938,-0.031018168,0.01882723,train,0.010637706
2023-10-06,EFA,-0.0014605563,-0.0027893293,0.001328773,train,-0.036566764
2023-10-06,IWM,0.005763731,-9.1405e-05,0.005855136,train,-0.008917966
2023-10-06,SPY,0.0063816467,0.057722524,0.051340878,train,0.023661824
2023-10-06,TLT,0.023198478,0.052561305,0.029362828,train,-0.031018168
2023-10-09,EFA,0.013645244,-0.03900706,0.052652303,train,-0.0027893293
2023-10-09,IWM,0.011258242,0.007182645,0.0040755966,train,-9.1405e-05
2023-10-09,SPY,0.005191356,0.01870814,0.013516784,train,0.057722524
2023-10-09,TLT,-0.0013834406,0.034218036,0.035601474,train,0.052561305
2023-10-10,EFA,0.004172415,-0.09899313,0.103165545,train,-0.03900706
2023-10-10,IWM,-0.0017062986,-0.10610365,0.10439735,train,0.007182645
2023-10-10,SPY,0.0040880577,0.005947326,0.0018592682,train,0.01870814
2023-10-10,TLT,0.020670617,-0.08100964,0.10168026,train,0.034218036
2023-10-11,EFA,-0.008362252,0.02354593,0.031908184,train,-0.09899313
2023-10-11,IWM,-0.022858443,-0.0038962956,0.018962147,train,-0.10610365
2023-10-11,SPY,-0.0061150566,-0.024114855,0.017999798,train,0.005947326
2023-10-11,TLT,-0.02750226,0.027507544,0.055009805,train,-0.08100964
2023-10-12,EFA,-0.009309183,0.020188034,0.029497217,train,0.02354593
2023-10-12,IWM,-0.008363338,-0.008282626,8.071214e-05,train,-0.0038962956
2023-10-12,SPY,-0.004993419,0.0729978,0.07799122,train,-0.024114855
2023-10-12,TLT,0.017734133,-0.05681236,0.07454649,train,0.027507544
2023-10-13,EFA,0.0072800624,0.029683419,0.022403356,train,0.020188034
2023-10-13,IWM,0.016021762,-0.05131189,0.06733365,train,-0.008282626
2023-10-13,SPY,0.010466506,0.03978422,0.029317714,train,0.0729978
2023-10-13,TLT,-0.016224818,0.023302272,0.03952709,train,-0.05681236
2023-10-16,EFA,0.00058032287,-0.003995272,0.004575595,train,0.029683419
2023-10-16,IWM,0.011093109,0.031346414,0.020253304,train,-0.05131189
2023-10-16,SPY,-4.5870773e-05,-0.09335548,0.0933096,train,0.03978422
2023-10-16,TLT,-0.011082112,0.0068672546,0.017949367,train,0.023302272
2023-10-17,EFA,-0.017552275,-0.009602166,0.007950109,train,-0.003995272
2023-10-17,IWM,-0.020792155,0.00010582956,0.020897985,train,0.031346414
2023-10-17,SPY,-0.013414729,-0.054249898,0.04083517,train,-0.09335548
2023-10-17,TLT,-0.008836853,0.012572481,0.021409335,train,0.0068672546
2023-10-18,EFA,-0.008892791,-0.035225146,0.026332354,train,-0.009602166
2023-10-18,IWM,-0.016060604,-0.042100646,0.026040042,train,0.00010582956
2023-10-18,SPY,-0.008825177,0.015439567,0.024264745,train,-0.054249898
2023-10-18,TLT,-0.020685751,0.03515882,0.05584457,train,0.012572481
2023-10-19,EFA,-0.008972769,0.012508069,0.021480838,train,-0.035225146
2023-10-19,IWM,-0.013012594,-0.03010235,0.017089756,train,-0.042100646
2023-10-19,SPY,-0.012364235,-0.020966884,0.008602649,train,0.015439567
2023-10-19,TLT,0.0056623067,0.08275422,0.07709191,train,0.03515882
2023-10-20,EFA,0.0007510251,0.047234274,0.04648325,train,0.012508069
2023-10-20,IWM,-0.008507722,-0.0376893,0.029181577,train,-0.03010235
2023-10-20,SPY,-0.001734666,-0.0072628646,0.0055281986,train,-0.020966884
2023-10-20,TLT,0.011941664,-0.0019317943,0.013873458,train,0.08275422
2023-10-23,EFA,0.005687819,-0.009102284,0.014790103,train,0.047234274
2023-10-23,IWM,0.008687802,-0.05282016,0.061507963,train,-0.0376893
2023-10-23,SPY,0.00751121,-0.029567432,0.03707864,train,-0.0072628646
2023-10-23,TLT,0.013090957,-0.06062401,0.07371497,train,-0.0019317943
2023-10-24,EFA,-0.007190123,-0.03443322,0.027243096,train,-0.009102284
2023-10-24,IWM,-0.016657347,-0.048722602,0.032065257,train,-0.05282016
2023-10-24,SPY,-0.014456209,-0.005803469,0.008652739,train,-0.029567432
2023-10-24,TLT,-0.022513105,0.0032488634,0.025761968,train,-0.06062401
2023-10-25,EFA,-0.007242071,-0.0016483249,0.005593746,train,-0.03443322
2023-10-25,IWM,0.0025619483,-0.02841195,0.0309739,train,-0.048722602
2023-10-25,SPY,-0.012047056,0.048462246,0.0605093,train,-0.005803469
2023-10-25,TLT,0.01522247,0.006248429,0.008974042,train,0.0032488634
2023-10-26,EFA,-0.003033067,0.035396505,0.038429573,train,-0.0016483249
2023-10-26,IWM,-0.011827733,-0.01559331,0.0037655765,train,-0.02841195
2023-10-26,SPY,-0.00454298,0.017350473,0.021893453,train,0.048462246
2023-10-26,TLT,-0.0042579444,0.046416234,0.050674178,train,0.006248429
2023-10-27,EFA,0.012677533,0.017783055,0.0051055225,train,0.035396505
2023-10-27,IWM,0.00553286,0.0010182956,0.0045145643,train,-0.01559331
2023-10-27,SPY,0.011884843,0.006619072,0.005265771,train,0.017350473
2023-10-27,TLT,-0.0045143254,0.02166479,0.026179116,train,0.046416234
2023-10-30,EFA,0.0035928974,0.0055342563,0.0019413589,train,0.017783055
2023-10-30,IWM,0.008607153,-0.02483702,0.033444174,train,0.0010182956
2023-10-30,SPY,0.0062607247,-0.0032567917,0.009517517,train,0.006619072
2023-10-30,TLT,-0.004893334,-0.023476725,0.01858339,train,0.02166479
2023-10-31,EFA,0.009370195,-0.045233324,0.054603517,train,0.0055342563
2023-10-31,IWM,0.0056974706,-0.06901208,0.07470956,train,-0.02483702
2023-10-31,SPY,0.010608311,0.009347303,0.001261008,train,-0.0032567917
2023-10-31,TLT,0.021450436,-0.010142357,0.031592794,train,-0.023476725
2023-11-01,EFA,0.020223305,-0.016396318,0.036619622,train,-0.045233324
2023-11-01,IWM,0.026303973,0.0020948206,0.024209153,train,-0.06901208
2023-11-01,SPY,0.018983038,0.023075214,0.0040921755,train,0.009347303
2023-11-01,TLT,0.02254067,0.021870807,0.0006698631,train,-0.010142357
2023-11-02,EFA,0.010534955,-0.044384915,0.05491987,train,-0.016396318
2023-11-02,IWM,0.0268339,0.04392882,0.017094921,train,0.0020948206
2023-11-02,SPY,0.0090818945,-0.048980303,0.058062196,train,0.023075214
2023-11-02,TLT,0.006755566,0.019562617,0.012807051,train,0.021870807
2023-11-03,EFA,-0.0050373436,-0.050329562,0.045292217,train,-0.044384915
2023-11-03,IWM,-0.012572075,-0.027788043,0.015215968,train,0.04392882
2023-11-03,SPY,0.0022979665,-0.007176395,0.009474361,train,-0.048980303
2023-11-03,TLT,-0.009747202,-0.011975765,0.0022285637,train,0.019562617
2023-11-06,EFA,-0.0060780323,0.010657237,0.016735269,train,-0.050329562
2023-11-06,IWM,-0.00354641,0.08200325,0.08554966,train,-0.027788043
2023-11-06,SPY,0.0028418049,0.07525143,0.07240962,train,-0.007176395
2023-11-06,TLT,0.014642225,0.04830629,0.033664066,train,-0.011975765
2023-11-07,EFA,-0.0013071486,0.011042687,0.012349836,train,0.010657237
2023-11-07,IWM,-0.010715415,0.066514276,0.07722969,train,0.08200325
2023-11-07,SPY,0.0007322244,0.026239647,0.025507422,train,0.07525143
2023-11-07,TLT,0.016890213,-0.033205867,0.05009608,train,0.04830629
2023-11-08,EFA,-0.00014543756,0.006015668,0.006161106,train,0.011042687
2023-11-08,IWM,-0.015603641,-0.009845403,0.005758238,train,0.066514276
2023-11-08,SPY,-0.007829174,-0.0030674455,0.004761729,train,0.026239647
2023-11-08,TLT,-0.023269624,0.00073564344,0.024005268,train,-0.033205867
2023-11-09,EFA,0.0044963695,-0.04795613,0.0524525,train,0.006015668
2023-11-09,IWM,0.011119684,-0.051954843,0.06307453,train,-0.009845403
2023-11-09,SPY,0.015484229,0.00816238,0.0073218485,train,-0.0030674455
2023-11-09,TLT,0.005584398,0.06398006,0.05839566,train,0.00073564344
2023-11-10,EFA,0.0026015013,-0.035854254,0.038455755,train,-0.04795613
2023-11-10,IWM,0.0003547188,-0.0870539,0.087408625,train,-0.051954843
2023-11-10,SPY,-0.0009536565,0.010691555,0.011645212,train,0.00816238
2023-11-10,TLT,-0.002275612,-0.020095272,0.01781966,train,0.06398006
2023-11-13,EFA,0.025227688,-0.025186596,0.050414287,train,-0.035854254
2023-11-13,IWM,0.053460434,-0.04992254,0.103382975,train,-0.0870539
2023-11-13,SPY,0.01921492,0.031165145,0.011950225,train,0.010691555
2023-11-13,TLT,0.022414286,0.057515226,0.03510094,train,-0.020095272
2023-11-14,EFA,-0.0015495991,0.033008922,0.03455852,train,-0.025186596
2023-11-14,IWM,0.0017354795,0.07885799,0.07712251,train,-0.04992254
2023-11-14,SPY,0.0021147826,0.028453868,0.026339086,train,0.031165145
2023-11-14,TLT,-0.014133474,-0.011524039,0.0026094345,train,0.057515226
2023-11-15,EFA,-0.00070492504,-0.034124643,0.033419717,train,0.033008922
2023-11-15,IWM,-0.016298123,0.020020455,0.036318578,train,0.07885799
2023-11-15,SPY,0.0012223729,0.020671155,0.019448783,train,0.028453868
2023-11-15,TLT,0.012350019,0.06350103,0.05115101,train,-0.011524039
2023-11-16,EFA,0.013451182,0.013244842,0.0002063401,train,-0.034124643
2023-11-16,IWM,0.013609537,0.041207403,0.027597867,train,0.020020455
2023-11-16,SPY,0.0012431697,0.020699779,0.019456608,train,0.020671155
2023-11-16,TLT,0.00467527,0.012946675,0.008271405,train,0.06350103
2023-11-17,EFA,0.003750797,0.01054499,0.0067941933,train,0.013244842
2023-11-17,IWM,0.005816027,-0.1150348,0.120850824,train,0.041207403
2023-11-17,SPY,0.007667928,0.016346179,0.008678251,train,0.020699779
2023-11-17,TLT,0.006090108,0.010100269,0.004010161,train,0.012946675
2023-11-20,EFA,-0.0038901176,-0.024028536,0.020138418,train,0.01054499
2023-11-20,IWM,-0.012964653,-0.058168277,0.045203626,train,-0.1150348
2023-11-20,SPY,-0.0021816867,0.022504695,0.024686381,train,0.016346179
2023-11-20,TLT,-0.00044167353,0.0095890155,0.010030689,train,0.010100269
2023-11-21,EFA,0.0023638702,-0.022654414,0.025018284,train,-0.024028536
2023-11-21,IWM,0.006250734,0.0040688612,0.0021818727,train,-0.058168277
2023-11-21,SPY,0.0038533567,-0.018094843,0.0219482,train,0.022504695
2023-11-21,TLT,0.0035277533,0.0067428504,0.0032150971,train,0.0095890155
2023-11-22,EFA,0.007608618,-0.04636527,0.053973887,train,-0.022654414
2023-11-22,IWM,0.006713919,0.012305289,0.0055913697,train,0.0040688612
2023-11-22,SPY,0.0006151311,-0.009618319,0.01023345,train,-0.018094843
2023-11-22,TLT,-0.011844919,0.0063103964,0.018155316,train,0.0067428504
2023-11-24,EFA,-0.0034514642,-0.0059181745,0.0024667103,train,-0.04636527
2023-11-24,IWM,-0.0033513247,0.0054303105,0.008781635,train,0.012305289
2023-11-24,SPY,-0.0018026583,-0.030569604,0.028766945,train,-0.009618319
2023-11-24,TLT,0.016565818,0.05166021,0.03509439,train,0.0063103964
2023-11-27,EFA,0.00027658333,-0.037491996,0.03776858,train,-0.0059181745
2023-11-27,IWM,-0.0038679906,0.0005727863,0.004440777,train,0.0054303105
2023-11-27,SPY,0.0009897384,-0.014668728,0.015658466,train,-0.030569604
2023-11-27,TLT,0.0019694683,0.02517264,0.023203172,train,0.05166021
2023-11-28,EFA,0.0020718263,-0.0037163864,0.0057882126,train,-0.037491996
2023-11-28,IWM,0.0052657775,-0.002497762,0.0077635394,train,0.0005727863
2023-11-28,SPY,-0.00070368877,-0.019713443,0.019009754,train,-0.014668728
2023-11-28,TLT,0.012492637,0.007246556,0.005246081,train,0.02517264
2023-11-29,EFA,-0.0008282611,0.024459753,0.025288014,train,-0.0037163864
2023-11-29,IWM,0.0037922475,-0.02646168,0.030253926,train,-0.002497762
2023-11-29,SPY,0.0039297403,-0.032637917,0.03656766,train,-0.019713443
2023-11-29,TLT,-0.011618551,0.009915229,0.02153378,train,0.007246556
2023-11-30,EFA,0.010439715,-0.021244753,0.03168447,train,0.024459753
2023-11-30,IWM,0.028802916,-0.020409655,0.04921257,train,-0.02646168
2023-11-30,SPY,0.005898395,-0.027198512,0.033096906,train,-0.032637917
2023-11-30,TLT,0.01865884,0.0048938054,0.013765033,train,0.009915229
2023-12-01,EFA,-0.007819466,-0.0003630662,0.0074564,train,-0.021244753
2023-12-01,IWM,0.010650987,0.0135148065,0.0028638197,train,-0.020409655
2023-12-01,SPY,-0.005263191,-0.019653462,0.014390271,train,-0.027198512
2023-12-01,TLT,-0.003986773,-0.01826606,0.014279286,train,0.0048938054
2023-12-04,EFA,-0.003587422,-0.009442547,0.0058551254,train,-0.0003630662
2023-12-04,IWM,-0.013467106,0.010301947,0.023769053,train,0.0135148065
2023-12-04,SPY,-0.00019699668,-0.028194297,0.0279973,train,-0.019653462
2023-12-04,TLT,0.021258077,0.011268062,0.009990015,train,-0.01826606
2023-12-05,EFA,0.0030363128,-0.008921764,0.011958077,train,-0.009442547
2023-12-05,IWM,-0.0017913305,0.015804112,0.017595442,train,0.010301947
2023-12-05,SPY,-0.004037997,-0.020021722,0.015983725,train,-0.028194297
2023-12-05,TLT,0.013229662,0.029653754,0.016424093,train,0.011268062
2023-12-06,EFA,0.0048113717,-0.0110860495,0.015897421,train,-0.008921764
2023-12-06,IWM,0.0071999896,0.01293048,0.00573049,train,0.015804112
2023-12-06,SPY,0.0076015857,-0.025948558,0.033550143,train,-0.020021722
2023-12-06,TLT,-0.00575302,-0.006328923,0.00057590334,train,0.029653754
2023-12-07,EFA,0.003012501,-0.012348991,0.015361492,train,-0.0110860495
2023-12-07,IWM,0.007576913,0.015217661,0.007640748,train,0.01293048
2023-12-07,SPY,0.004289781,-0.011000122,0.015289903,train,-0.025948558
2023-12-07,TLT,-0.008216475,0.005774055,0.013990531,train,-0.006328923
2023-12-08,EFA,0.0024579798,-0.019132268,0.021590248,train,-0.012348991
2023-12-08,IWM,0.0020855602,0.01572892,0.013643361,train,0.015217661
2023-12-08,SPY,0.0038820985,0.0016343097,0.002247789,train,-0.011000122
2023-12-08,TLT,-0.0021181114,-0.003985277,0.0018671656,train,0.005774055
2023-12-11,EFA,0.0017713641,-0.00087419467,0.0026455587,train,-0.019132268
2023-12-11,IWM,-0.0010156321,0.008034007,0.009049639,train,0.01572892
2023-12-11,SPY,0.004556731,-0.033632085,0.038188815,train,0.0016343097
2023-12-11,TLT,0.0029635523,0.0038958238,0.0009322716,train,-0.003985277
2023-12-12,EFA,0.014462781,0.0039320034,0.010530777,train,-0.00087419467
2023-12-12,IWM,0.03329006,-0.005035873,0.038325932,train,0.008034007
2023-12-12,SPY,0.013695949,-0.03128653,0.044982478,train,-0.033632085
2023-12-12,TLT,0.023191545,0.002579833,0.020611713,train,0.0038958238
2023-12-13,EFA,0.0073533934,-0.004213319,0.0115667125,train,0.0039320034
2023-12-13,IWM,0.027447976,0.049913388,0.022465412,train,-0.005035873
2023-12-13,SPY,0.0032042782,-0.014610515,0.017814793,train,-0.03128653
2023-12-13,TLT,0.025680192,0.006416638,0.019263554,train,0.002579833
2023-12-14,EFA,-0.009771966,-0.021414481,0.011642515,train,-0.004213319
2023-12-14,IWM,-0.008439807,0.026471553,0.03491136,train,0.049913388
2023-12-14,SPY,-0.0016479628,-0.014659631,0.013011668,train,-0.014610515
2023-12-14,TLT,0.0011099894,-0.0015005352,0.0026105247,train,0.006416638
2023-12-15,EFA,0.0024185728,-0.010467778,0.012886351,train,-0.021414481
2023-12-15,IWM,0.00035516452,0.016842486,0.016487323,train,0.026471553
2023-12-15,SPY,0.005609309,-0.0050680093,0.010677318,train,-0.014659631
2023-12-15,TLT,-0.007999784,0.00093366916,0.008933454,train,-0.0015005352
2023-12-18,EFA,0.008418522,-0.022722127,0.031140648,train,-0.010467778
2023-12-18,IWM,0.019194618,0.021747852,0.0025532339,train,0.016842486
2023-12-18,SPY,0.0060625887,-0.025726577,0.031789165,train,-0.0050680093
2023-12-18,TLT,0.005373923,-0.0052422485,0.010616172,train,0.00093366916
2023-12-19,EFA,-0.010143131,-0.017689917,0.007546786,train,-0.022722127
2023-12-19,IWM,-0.019754732,0.016567128,0.03632186,train,0.021747852
2023-12-19,SPY,-0.0139542185,-0.032055553,0.018101335,train,-0.025726577
2023-12-19,TLT,0.006752708,0.005115776,0.0016369321,train,-0.0052422485
2023-12-20,EFA,0.016067434,-0.017936902,0.034004338,train,-0.017689917
2023-12-20,IWM,0.016873479,-0.020032696,0.036906175,train,0.016567128
2023-12-20,SPY,0.009437173,0.0027937838,0.006643389,train,-0.032055553
2023-12-20,TLT,-0.006348313,0.0031254706,0.009473784,train,0.005115776
2023-12-21,EFA,0.0009369975,0.017623838,0.01668684,train,-0.017936902
2023-12-21,IWM,0.009274493,0.01450649,0.005231997,train,-0.020032696
2023-12-21,SPY,0.0020077405,0.0061061387,0.004098398,train,0.0027937838
2023-12-21,TLT,-0.0045588384,-0.03130482,0.026745982,train,0.0031254706
2023-12-22,EFA,0.004539537,-0.023974743,0.028514279,train,0.017623838
2023-12-22,IWM,0.012920049,-0.0022804956,0.015200544,train,0.01450649
2023-12-22,SPY,0.0042137057,-0.0114234425,0.015637148,train,0.0061061387
2023-12-22,TLT,0.002839007,-0.018937254,0.02177626,train,-0.03130482
2023-12-26,EFA,0.005314216,-0.014970664,0.02028488,train,-0.023974743
2023-12-26,IWM,0.0035215765,-0.0048979665,0.0084195435,train,-0.0022804956
2023-12-26,SPY,0.0018063122,-0.009166218,0.010972531,train,-0.0114234425
2023-12-26,TLT,0.017564567,-0.02037318,0.037937745,train,-0.018937254
2023-12-27,EFA,-0.002653686,-0.015935827,0.013282141,train,-0.014970664
2023-12-27,IWM,-0.0038157292,-0.024994092,0.021178363,train,-0.0048979665
2023-12-27,SPY,0.00037774432,-0.0059854384,0.006363183,train,-0.009166218
2023-12-27,TLT,-0.0072891666,-0.010301788,0.0030126218,train,-0.02037318
2023-12-28,EFA,0.0010623413,-0.041340895,0.042403236,train,-0.015935827
2023-12-28,IWM,-0.016454833,-0.028435713,0.01198088,train,-0.024994092
2023-12-28,SPY,-0.0028992323,-0.03284329,0.029944059,train,-0.0059854384
2023-12-28,TLT,-0.009060686,-0.028771888,0.019711202,train,-0.010301788
2023-12-29,EFA,-0.011210562,-0.015095939,0.0038853772,train,-0.041340895
2023-12-29,IWM,-0.0059466837,-0.0332339,0.027287215,train,-0.028435713
2023-12-29,SPY,-0.0056121256,0.004128084,0.009740209,train,-0.03284329
2023-12-29,TLT,-0.0057814163,-0.003705108,0.0020763082,train,-0.028771888
2024-01-02,EFA,-0.00754429,-0.019522788,0.011978498,train,-0.015095939
2024-01-02,IWM,-0.027025951,-0.021360163,0.0056657884,train,-0.0332339
2024-01-02,SPY,-0.008200112,-0.0132458685,0.0050457567,train,0.004128084
2024-01-02,TLT,0.004161612,0.0011869842,0.002974628,train,-0.003705108
2024-01-03,EFA,0.0022963397,-0.001124795,0.0034211348,train,-0.019522788
2024-01-03,IWM,-0.0019585495,-0.105383925,0.103425376,train,-0.021360163
2024-01-03,SPY,-0.0032262574,-0.011446815,0.008220557,train,-0.0132458685
2024-01-03,TLT,-0.015310917,0.004257489,0.019568406,train,0.0011869842
2024-01-04,EFA,0.0006742172,0.00044029637,0.00023392081,train,-0.001124795
2024-01-04,IWM,-0.0029452373,-0.07448617,0.07154094,train,-0.105383925
2024-01-04,SPY,0.0013686521,0.0030809236,0.0017122715,train,-0.011446815
2024-01-04,TLT,-0.009612126,0.0016105293,0.011222656,train,0.004257489
2024-01-05,EFA,0.010595,-0.016816273,0.027411275,train,0.00044029637
2024-01-05,IWM,0.017847473,-0.06412391,0.081971385,train,-0.07448617
2024-01-05,SPY,0.014175031,-0.01665087,0.030825902,train,0.0030809236
2024-01-05,TLT,0.009817774,0.0042329044,0.00558487,train,0.0016105293
2024-01-08,EFA,-0.0089782495,0.015463577,0.024441827,train,-0.016816273
2024-01-08,IWM,-0.008986489,-0.064114444,0.055127956,train,-0.06412391
2024-01-08,SPY,-0.001518167,-0.038244724,0.036726557,train,-0.01665087
2024-01-08,TLT,-0.006396228,-0.07555538,0.06915915,train,0.0042329044
2024-01-09,EFA,0.006440231,-0.068208106,0.074648336,train,0.015463577
2024-01-09,IWM,0.0005640377,0.030250743,0.029686706,train,-0.064114444
2024-01-09,SPY,0.0056393994,-0.016589096,0.022228494,train,-0.038244724
2024-01-09,TLT,-0.004668432,0.02654253,0.03121096,train,-0.07555538
2024-01-10,EFA,-0.00013363802,-0.013036766,0.012903128,train,-0.068208106
2024-01-10,IWM,-0.007873841,-0.106131025,0.098257184,train,0.030250743
2024-01-10,SPY,-0.00044067175,-0.02159334,0.021152668,train,-0.016589096
2024-01-10,TLT,0.0055991285,0.0028706337,0.0027284948,train,0.02654253
2024-01-11,EFA,0.004138079,-0.021330096,0.025468174,train,-0.013036766
2024-01-11,IWM,-0.0016546729,-0.032959305,0.03130463,train,-0.106131025
2024-01-11,SPY,0.0006924251,-0.025924755,0.02661718,train,-0.02159334
2024-01-11,TLT,-0.0019663114,0.060998328,0.06296464,train,0.0028706337
2024-01-12,EFA,-0.01692676,0.0056486675,0.022575427,train,-0.021330096
2024-01-12,IWM,-0.012445943,-0.003755379,0.008690564,train,-0.032959305
2024-01-12,SPY,-0.0036779426,-0.0113250455,0.0076471027,train,-0.025924755
2024-01-12,TLT,-0.017770145,-0.014291701,0.0034784442,train,0.060998328
2024-01-16,EFA,-0.009529014,0.003532886,0.0130619,train,0.0056486675
2024-01-16,IWM,-0.007151736,0.017761951,0.024913687,train,-0.003755379
2024-01-16,SPY,-0.005574251,0.0031691291,0.00874338,train,-0.0113250455
2024-01-16,TLT,-0.0015829483,-0.004693929,0.0031109808,train,-0.014291701
2024-01-17,EFA,0.008851286,-0.0056014466,0.014452733,train,0.003532886
2024-01-17,IWM,0.005893419,0.012797802,0.0069043827,train,0.017761951
2024-01-17,SPY,0.0088535715,-0.016447484,0.025301056,train,0.0031691291
2024-01-17,TLT,-0.009338886,-0.024172796,0.01483391,train,-0.004693929
2024-01-18,EFA,0.0023020273,0.04779899,0.045496963,train,-0.0056014466
2024-01-18,IWM,0.00955552,-0.047367543,0.05692306,train,0.012797802
2024-01-18,SPY,0.012389146,0.026164532,0.013775386,train,-0.016447484
2024-01-18,TLT,0.0031933836,0.014210218,0.0110168345,train,-0.024172796
2024-01-19,EFA,0.0031063163,0.003111239,4.9227383e-06,train,0.04779899
2024-01-19,IWM,0.021133544,-0.010299857,0.0314334,train,-0.047367543
2024-01-19,SPY,0.002112127,0.029018056,0.026905928,train,0.026164532
2024-01-19,TLT,0.005934182,-0.04928329,0.05521747,train,0.014210218
2024-01-22,EFA,-0.0028358377,0.0022626384,0.005098476,train,0.003111239
2024-01-22,IWM,-0.0029044177,0.001019009,0.003923427,train,-0.010299857
2024-01-22,SPY,0.0029121472,-0.0030081994,0.005920347,train,0.029018056
2024-01-22,TLT,-0.007955747,-0.048672132,0.040716387,train,-0.04928329
2024-01-23,EFA,0.00754429,0.010599601,0.0030553113,train,0.0022626384
2024-01-23,IWM,-0.008249359,-0.008949301,0.000699942,train,0.001019009
2024-01-23,SPY,0.0010924978,-0.008605971,0.009698469,train,-0.0030081994
2024-01-23,TLT,-0.005874217,0.031375922,0.03725014,train,-0.048672132
2024-01-24,EFA,0.0028144447,0.0115165645,0.00870212,train,0.010599601
2024-01-24,IWM,0.008249359,-0.07690666,0.085156016,train,-0.008949301
2024-01-24,SPY,0.005424345,-0.006634327,0.012058672,train,-0.008605971
2024-01-24,TLT,0.0065132813,-0.021061964,0.027575245,train,0.031375922
2024-01-25,EFA,0.0044068033,0.03486927,0.030462466,train,0.0115165645
2024-01-25,IWM,5.10638e-05,-0.055084288,0.05513535,train,-0.07690666
2024-01-25,SPY,-0.0012714112,0.0029560723,0.0042274836,train,-0.006634327
2024-01-25,TLT,-0.0019176182,-0.016919468,0.015001849,train,-0.021061964
2024-01-26,EFA,0.005845619,0.023253806,0.017408187,train,0.03486927
2024-01-26,IWM,0.0173503,-0.09128197,0.108632274,train,-0.055084288
2024-01-26,SPY,0.007888276,-0.011283605,0.019171882,train,0.0029560723
2024-01-26,TLT,0.011450406,-0.06060198,0.07205239,train,-0.016919468
2024-01-29,EFA,-0.0013256114,0.035542928,0.03686854,train,0.023253806
2024-01-29,IWM,-0.008561674,0.004149467,0.012711141,train,-0.09128197
2024-01-29,SPY,-0.00077384023,-0.0011804154,0.00040657516,train,-0.011283605
2024-01-29,TLT,0.009025074,-0.01454224,0.023567313,train,-0.06060198
2024-01-30,EFA,-0.0050532147,0.007068327,0.012121541,train,0.035542928
2024-01-30,IWM,-0.024733046,-0.015662342,0.009070704,train,0.004149467
2024-01-30,SPY,-0.01645179,-0.019117821,0.00266603,train,-0.0011804154
2024-01-30,TLT,0.009772656,-0.006637785,0.01641044,train,-0.01454224
2024-01-31,EFA,0.009817041,0.0020755199,0.0077415216,train,0.007068327
2024-01-31,IWM,0.013185155,-0.045936644,0.0591218,train,-0.015662342
2024-01-31,SPY,0.013003248,0.027222838,0.01421959,train,-0.019117821
2024-01-31,TLT,0.019426003,0.038763642,0.01933764,train,-0.006637785
2024-02-01,EFA,-0.007952331,0.022330273,0.030282604,train,0.0020755199
2024-02-01,IWM,-0.005284071,-0.00076643226,0.0045176386,train,-0.045936644
2024-02-01,SPY,0.010472299,0.008883043,0.0015892554,train,0.027222838
2024-02-01,TLT,-0.022336403,0.026348397,0.0486848,train,0.038763642
2024-02-02,EFA,-0.0053370143,0.01067086,0.016007874,train,0.022330273
2024-02-02,IWM,-0.012786455,0.047310248,0.060096703,train,-0.00076643226
2024-02-02,SPY,-0.003647697,0.021019649,0.024667345,train,0.008883043
2024-02-02,TLT,-0.020400468,0.018398114,0.03879858,train,0.026348397
2024-02-05,EFA,0.006135067,0.0027609174,0.0033741496,train,0.01067086
2024-02-05,IWM,0.008972784,0.004580979,0.004391805,train,0.047310248
2024-02-05,SPY,0.0028990014,-0.004643979,0.0075429804,train,0.021019649
2024-02-05,TLT,0.00972646,-0.016822428,0.026548889,train,0.018398114
2024-02-06,EFA,-0.00053207256,0.01832946,0.018861532,train,0.0027609174
2024-02-06,IWM,-0.0023262303,0.0084713,0.01079753,train,0.004580979
2024-02-06,SPY,0.008305753,0.0023556938,0.005950059,train,-0.004643979
2024-02-06,TLT,-0.0048514483,0.003116258,0.007967707,train,-0.016822428
2024-02-07,EFA,-0.0017309493,0.005375859,0.007106808,train,0.01832946
2024-02-07,IWM,0.015050209,0.007951034,0.007099175,train,0.0084713
2024-02-07,SPY,0.0004417035,0.0014194424,0.0009777389,train,0.0023556938
2024-02-07,TLT,-0.005831438,-0.0133362645,0.0075048264,train,0.003116258
2024-02-08,EFA,0.0034589074,0.018544903,0.015085995,train,0.005375859
2024-02-08,IWM,0.016132135,-0.025829017,0.041961152,train,0.007951034
2024-02-08,SPY,0.0057627726,-0.023730319,0.029493092,train,0.0014194424
2024-02-08,TLT,-0.0020223595,-0.045176126,0.043153767,train,-0.0133362645
2024-02-09,EFA,0.0017249775,0.017818667,0.01609369,train,0.018544903
2024-02-09,IWM,0.01799713,-0.0060639805,0.024061112,train,-0.025829017
2024-02-09,SPY,-0.00043916484,-0.009179409,0.0087402435,train,-0.023730319
2024-02-09,TLT,0.0011713941,0.060599495,0.0594281,train,-0.045176126
2024-02-12,EFA,-0.015497999,0.008918148,0.024416149,train,0.017818667
2024-02-12,IWM,-0.042011328,0.02484947,0.066860795,train,-0.0060639805
2024-02-12,SPY,-0.013868821,-0.032067638,0.018198818,train,-0.009179409
2024-02-12,TLT,-0.017283555,0.003340905,0.02062446,train,0.060599495
2024-02-13,EFA,0.011113445,0.028006954,0.01689351,train,0.008918148
2024-02-13,IWM,0.022960264,-0.05365231,0.07661258,train,0.02484947
2024-02-13,SPY,0.009046687,0.024091708,0.015045021,train,-0.032067638
2024-02-13,TLT,0.0050765146,0.029102204,0.02402569,train,0.003340905
2024-02-14,EFA,0.011254648,-0.007830891,0.019085538,train,0.028006954
2024-02-14,IWM,0.026316721,-0.07934469,0.10566141,train,-0.05365231
2024-02-14,SPY,0.00687613,-0.0017328141,0.008608945,train,0.024091708
2024-02-14,TLT,0.005158182,0.045299575,0.040141392,train,0.029102204
2024-02-15,EFA,0.0015788906,-0.03548541,0.0370643,train,-0.007830891
2024-02-15,IWM,-0.0136914,-0.0017788814,0.011912519,train,-0.07934469
2024-02-15,SPY,-0.00499244,0.00482698,0.00981942,train,-0.0017328141
2024-02-15,TLT,-0.005804818,0.045529664,0.05133448,train,0.045299575
2024-02-16,EFA,0.004066855,-0.002836918,0.006903773,train,-0.03548541
2024-02-16,IWM,-0.013881617,0.00028533547,0.014166953,train,-0.0017788814
2024-02-16,SPY,-0.0055207266,0.0026419056,0.008162633,train,0.00482698
2024-02-16,TLT,0.0008622384,-0.050643925,0.05150616,train,0.045529664
2024-02-20,EFA,0.00078531244,-0.025751138,0.02653645,train,-0.002836918
2024-02-20,IWM,-0.004737636,-0.039223798,0.03448616,train,0.00028533547
2024-02-20,SPY,0.0009054684,-0.005039688,0.005945157,train,0.0026419056
2024-02-20,TLT,-0.0071346485,-0.021411173,0.014276525,train,-0.050643925
2024-02-21,EFA,0.0111877015,0.012844647,0.0016569458,train,-0.025751138
2024-02-21,IWM,0.00754952,-0.1242008,0.13175032,train,-0.039223798
2024-02-21,SPY,0.020484222,-0.020827137,0.04131136,train,-0.005039688
2024-02-21,TLT,0.0048700785,0.041840076,0.036969997,train,-0.021411173
2024-02-22,EFA,0.0012927728,-0.027847309,0.029140081,train,0.012844647
2024-02-22,IWM,0.0022537631,-0.0787004,0.080954164,train,-0.1242008
2024-02-22,SPY,0.0006894102,0.020694282,0.020004872,train,-0.020827137
2024-02-22,TLT,0.013297761,0.010174655,0.0031231055,train,0.041840076
2024-02-23,EFA,-0.0014220367,-0.0005397977,0.00088223896,train,-0.027847309
2024-02-23,IWM,0.0062835542,-0.10191056,0.10819411,train,-0.0787004
2024-02-23,SPY,-0.0036691534,-0.00018779875,0.0034813546,train,0.020694282
2024-02-23,TLT,-0.0029875825,-0.061311282,0.0583237,train,0.010174655
2024-02-26,EFA,0.0027133506,-0.0015789488,0.0042922995,train,-0.0005397977
2024-02-26,IWM,0.014069171,-0.08114133,0.0952105,train,-0.10191056
2024-02-26,SPY,0.001856031,-0.0014794994,0.0033355304,train,-0.00018779875
2024-02-26,TLT,-0.007076915,-0.04338318,0.036306266,train,-0.061311282
2024-02-27,EFA,-0.0058234553,0.00479527,0.010618726,train,-0.0015789488
2024-02-27,IWM,-0.008269221,-0.035454012,0.027184792,train,-0.08114133
2024-02-27,SPY,-0.0013225611,-0.0026859017,0.0013633406,train,-0.0014794994
2024-02-27,TLT,0.006328912,0.024525426,0.018196514,train,-0.04338318
2024-02-28,EFA,0.002592355,-0.020440016,0.023032371,train,0.00479527
2024-02-28,IWM,0.006944853,-0.019753112,0.026697963,train,-0.035454012
2024-02-28,SPY,0.00358842,-0.007892885,0.011481306,train,-0.0026859017
2024-02-28,TLT,0.0070323353,0.013182183,0.0061498475,train,0.024525426
2024-02-29,EFA,0.00966194,0.010948527,0.0012865867,train,-0.020440016
2024-02-29,IWM,0.010546534,-0.008213053,0.018759588,train,-0.019753112
2024-02-29,SPY,0.009344515,0.0078029227,0.0015415926,train,-0.007892885
2024-02-29,TLT,0.0062118648,0.03536026,0.029148396,train,0.013182183
2024-03-01,EFA,-0.002567501,0.008493844,0.011061345,train,0.010948527
2024-03-01,IWM,-0.00092338526,0.016122684,0.01704607,train,-0.008213053
2024-03-01,SPY,-0.0010729153,-0.0003636604,0.0007092549,train,0.0078029227
2024-03-01,TLT,-0.004030585,-0.00060802035,0.0034225644,train,0.03536026
2024-03-04,EFA,-0.0018009292,-0.011881727,0.010080798,train,0.008493844
2024-03-04,IWM,-0.009623149,0.020312887,0.029936036,train,0.016122684
2024-03-04,SPY,-0.010044439,-0.030312696,0.020268258,train,-0.0003636604
2024-03-04,TLT,0.014141124,-0.044445477,0.0585866,train,-0.00060802035
2024-03-05,EFA,0.011776727,0.0096694,0.0021073269,train,-0.011881727
2024-03-05,IWM,0.007433113,-0.0060766856,0.013509799,train,0.020312887
2024-03-05,SPY,0.0050544315,-0.01201052,0.017064951,train,-0.030312696
2024-03-05,TLT,0.0058509354,-0.0008780112,0.0067289467,train,-0.044445477
2024-03-06,EFA,0.011765729,0.013544751,0.0017790226,train,0.0096694
2024-03-06,IWM,0.008296954,-0.014539882,0.022836836,train,-0.0060766856
2024-03-06,SPY,0.0098774275,-0.008789853,0.01866728,train,-0.01201052
2024-03-06,TLT,-0.0009378036,0.002828517,0.0037663206,train,-0.0008780112
2024-03-07,EFA,-0.00327546,0.0026003472,0.0058758073,train,0.013544751
2024-03-07,IWM,-0.0006284149,0.0064376635,0.0070660785,train,-0.014539882
2024-03-07,SPY,-0.006020214,0.0081266565,0.01414687,train,-0.008789853
2024-03-07,TLT,-0.0017744267,-0.0003264168,0.0014480099,train,0.002828517
2024-03-08,EFA,-0.005694392,-0.029786933,0.02409254,train,0.0026003472
2024-03-08,IWM,-0.007960815,-0.016393263,0.008432448,train,0.0064376635
2024-03-08,SPY,-0.00086027064,0.011415152,0.012275423,train,0.0081266565
2024-03-08,TLT,-0.0005221735,0.029836234,0.030358408,train,-0.0003264168
2024-03-11,EFA,0.0079630185,-0.03722234,0.045185357,train,-0.029786933
2024-03-11,IWM,-0.0013655181,-0.001449468,8.394988e-05,train,-0.016393263
2024-03-11,SPY,0.010699858,-0.017903714,0.028603572,train,0.011415152
2024-03-11,TLT,-0.008396536,0.040136293,0.04853283,train,0.029836234
2024-03-12,EFA,0.00012598661,-0.009573749,0.009699736,train,-0.03722234
2024-03-12,IWM,0.0038965545,-0.030204985,0.03410154,train,-0.001449468
2024-03-12,SPY,-0.001568703,0.009545458,0.0111141605,train,-0.017903714
2024-03-12,TLT,-0.0048600263,-0.009470055,0.0046100286,train,0.040136293
2024-03-13,EFA,-0.007327904,-0.030404741,0.023076836,train,-0.009573749
2024-03-13,IWM,-0.018051315,-0.008627245,0.00942407,train,-0.030204985
2024-03-13,SPY,-0.0019786926,-0.025683466,0.023704775,train,0.009545458
2024-03-13,TLT,-0.015476263,0.021617532,0.037093796,train,-0.009470055
2024-03-14,EFA,0.00038033328,-0.017985143,0.018365476,train,-0.030404741
2024-03-14,IWM,0.001879188,-0.03371714,0.03559633,train,-0.008627245
2024-03-14,SPY,-0.006890225,0.02304099,0.029931214,train,-0.025683466
2024-03-14,TLT,-0.00032244794,0.044291977,0.044614423,train,0.021617532
2024-03-15,EFA,-0.00025353945,-0.0014070062,0.0011534668,train,-0.017985143
2024-03-15,IWM,-0.0057474044,-0.03403291,0.028285507,train,-0.03371714
2024-03-15,SPY,0.005925456,-0.0064811907,0.012406647,train,0.02304099
2024-03-15,TLT,-0.0030171967,0.07007179,0.07308898,train,0.044291977
2024-03-18,EFA,0.0017735309,0.00703311,0.005259579,train,-0.0014070062
2024-03-18,IWM,0.004214813,0.0038573542,0.00035745883,train,-0.03403291
2024-03-18,SPY,0.0055418108,-0.0040101423,0.0095519535,train,-0.0064811907
2024-03-18,TLT,0.0028019652,0.031583097,0.02878113,train,0.07007179
2024-03-19,EFA,0.0105754305,0.02735609,0.01678066,train,0.00703311
2024-03-19,IWM,0.0195988,0.011699402,0.007899399,train,0.0038573542
2024-03-19,SPY,0.00920672,-0.024370935,0.033577655,train,-0.0040101423
2024-03-19,TLT,-0.00032280016,0.012973917,0.013296717,train,0.031583097
2024-03-20,EFA,-0.0005010445,-0.015537276,0.015036232,train,0.02735609
2024-03-20,IWM,0.011424052,0.048505455,0.037081406,train,0.011699402
2024-03-20,SPY,0.0032994233,0.0023705107,0.00092891254,train,-0.024370935
2024-03-20,TLT,0.0021505705,0.06818915,0.06603858,train,0.012973917
2024-03-21,EFA,-0.0021323466,0.009653646,0.011785992,train,-0.015537276
2024-03-21,IWM,-0.013898275,0.012944041,0.026842315,train,0.048505455
2024-03-21,SPY,-0.0018976802,-0.026698105,0.024800425,train,0.0023705107
2024-03-21,TLT,0.009515172,0.028900443,0.01938527,train,0.06818915
2024-03-22,EFA,-0.0021370058,0.0024570846,0.0045940904,train,0.009653646
2024-03-22,IWM,0.0022893779,0.034790166,0.03250079,train,0.012944041
2024-03-22,SPY,-0.0027667666,-0.021401223,0.018634457,train,-0.026698105
2024-03-22,TLT,-0.005013493,0.006782901,0.011796394,train,0.028900443
2024-03-25,EFA,0.0011319189,0.0019453947,0.0008134758,train,0.0024570846
2024-03-25,IWM,-0.0018017547,0.018340291,0.020142047,train,0.034790166
2024-03-25,SPY,-0.0018485727,-0.031534232,0.02968566,train,-0.021401223
2024-03-25,TLT,0.002776354,0.05071105,0.047934696,train,0.006782901
2024-03-26,EFA,0.006015017,-0.010136496,0.016151514,train,0.0019453947
2024-03-26,IWM,0.021552864,-0.012143067,0.033695932,train,0.018340291
2024-03-26,SPY,0.008368671,-0.016916756,0.025285427,train,-0.031534232
2024-03-26,TLT,0.009869266,0.032486554,0.022617288,train,0.05071105
2024-03-27,EFA,-0.0022513173,0.024235817,0.026487134,train,-0.010136496
2024-03-27,IWM,0.0031433986,0.078052886,0.074909486,train,-0.012143067
2024-03-27,SPY,-0.00019106039,0.0022307471,0.0024218075,train,-0.016916756
2024-03-27,TLT,-0.0008450166,0.007264039,0.008109055,train,0.032486554
2024-03-28,EFA,-0.004266469,0.008132554,0.0123990225,train,0.024235817
2024-03-28,IWM,-0.00945977,-0.0051105507,0.0043492196,train,0.078052886
2024-03-28,SPY,-0.0017414874,-0.011967125,0.010225638,train,0.0022307471
2024-03-28,TLT,-0.018817157,0.058831252,0.07764841,train,0.007264039
2024-04-01,EFA,-0.0070671896,0.01717211,0.024239298,train,0.008132554
2024-04-01,IWM,-0.01855639,-0.016348744,0.0022076461,train,-0.0051105507
2024-04-01,SPY,-0.0063782586,-0.038041912,0.031663653,train,-0.011967125
2024-04-01,TLT,-0.0055256663,0.008395654,0.01392132,train,0.058831252
2024-04-02,EFA,0.005556954,0.038844794,0.033287838,train,0.01717211
2024-04-02,IWM,0.006531594,-0.021858186,0.02838978,train,-0.016348744
2024-04-02,SPY,0.0010978937,-0.012057205,0.013155098,train,-0.038041912
2024-04-02,TLT,-0.00021715926,-0.006319742,0.006102583,train,0.008395654
2024-04-03,EFA,-0.008601077,0.021858871,0.030459948,train,0.038844794
2024-04-03,IWM,-0.010058703,0.0064918376,0.01655054,train,-0.021858186
2024-04-03,SPY,-0.012281195,-0.035631415,0.02335022,train,-0.012057205
2024-04-03,TLT,0.007146562,0.028123992,0.02097743,train,-0.006319742
2024-04-04,EFA,0.003170756,0.009746441,0.006575685,train,0.021858871
2024-04-04,IWM,0.003331531,-0.06898208,0.072313614,train,0.0064918376
2024-04-04,SPY,0.010392674,0.006296472,0.004096202,train,-0.035631415
2024-04-04,TLT,-0.014016627,0.08657684,0.10059347,train,0.028123992
2024-04-05,EFA,0.004926436,0.057196148,0.052269712,train,0.009746441
2024-04-05,IWM,0.005463214,0.02837298,0.022909766,train,-0.06898208
2024-04-05,SPY,0.00055920787,-0.038003623,0.03856283,train,0.006296472
2024-04-05,TLT,-0.0001095724,-0.013024538,0.012914966,train,0.08657684
2024-04-08,EFA,-0.0001260109,0.032355875,0.032481886,train,0.057196148
2024-04-08,IWM,0.003932578,0.031814598,0.027882019,train,0.02837298
2024-04-08,SPY,0.001156139,0.009945826,0.0087896865,train,-0.038003623
2024-04-08,TLT,0.009258942,0.035237327,0.025978386,train,-0.013024538
2024-04-09,EFA,-0.013320926,0.033065025,0.04638595,train,0.032355875
2024-04-09,IWM,-0.026762608,0.022907574,0.049670182,train,0.031814598
2024-04-09,SPY,-0.010063589,-0.014577475,0.0045138868,train,0.009945826
2024-04-09,TLT,-0.02203436,0.06494337,0.086977735,train,0.035237327
2024-04-10,EFA,0.002678398,0.0066796807,0.0040012826,train,0.033065025
2024-04-10,IWM,0.006745551,0.00693436,0.00018880935,train,0.022907574
2024-04-10,SPY,0.007518593,-0.010126148,0.01764474,train,-0.014577475
2024-04-10,TLT,-0.0045548747,0.06503288,0.06958775,train,0.06494337
2024-04-11,EFA,-0.016308516,0.03096763,0.047276147,train,0.0066796807
2024-04-11,IWM,-0.017956426,-0.0046347096,0.013321716,train,0.00693436
2024-04-11,SPY,-0.013899273,-0.05087758,0.036978304,train,-0.010126148
2024-04-11,TLT,0.005330476,0.030204792,0.024874315,train,0.06503288
2024-04-12,EFA,-0.0029821591,0.00047009496,0.003452254,train,0.03096763
2024-04-12,IWM,-0.014754198,-0.0064041256,0.008350072,train,-0.0046347096
2024-04-12,SPY,-0.012607231,0.012830851,0.025438081,train,-0.05087758
2024-04-12,TLT,-0.015627207,0.043480158,0.059107363,train,0.030204792
2024-04-15,EFA,-0.0099178925,-0.029433584,0.019515691,train,0.00047009496
2024-04-15,IWM,-0.003684315,-0.02009615,0.016411833,train,-0.0064041256
2024-04-15,SPY,-0.0018255764,-0.006438182,0.004612606,train,0.012830851
2024-04-15,TLT,-0.006659322,0.007217089,0.013876411,train,0.043480158
2024-04-16,EFA,0.00065560313,-0.010178235,0.010833839,train,-0.029433584
2024-04-16,IWM,-0.010617041,-0.019463021,0.00884598,train,-0.02009615
2024-04-16,SPY,-0.005935801,0.036715105,0.04265091,train,-0.006438182
2024-04-16,TLT,0.011037314,0.03387297,0.022835655,train,0.007217089
2024-04-17,EFA,-0.0027561905,-0.0524543,0.04969811,train,-0.010178235
2024-04-17,IWM,-0.0008293904,-0.019574743,0.018745352,train,-0.019463021
2024-04-17,SPY,-0.0020597854,-0.008445545,0.0063857595,train,0.036715105
2024-04-17,TLT,-0.005052991,-0.010942497,0.005889506,train,0.03387297
2024-04-18,EFA,0.0003941763,-0.036291324,0.0366855,train,-0.0524543
2024-04-18,IWM,0.0015545734,-0.035080932,0.036635507,train,-0.019574743
2024-04-18,SPY,-0.008766756,-0.009393896,0.0006271396,train,-0.008445545
2024-04-18,TLT,0.0035959436,-0.0050300634,0.008626007,train,-0.010942497
2024-04-19,EFA,0.011624304,0.033167772,0.02154347,train,-0.036291324
2024-04-19,IWM,0.011121338,-0.007869435,0.018990774,train,-0.035080932
2024-04-19,SPY,0.0091671,-0.02934829,0.03851539,train,-0.009393896
2024-04-19,TLT,-0.0016842588,-0.0042125997,0.002528341,train,-0.0050300634
2024-04-22,EFA,0.010848702,0.06802473,0.05717603,train,0.033167772
2024-04-22,IWM,0.016605048,-0.033905502,0.050510548,train,-0.007869435
2024-04-22,SPY,0.011796625,0.07872324,0.06692661,train,-0.02934829
2024-04-22,TLT,0.00033719031,-0.03221078,0.03254797,train,-0.0042125997
2024-04-23,EFA,-0.0019286675,0.014309256,0.016237924,train,0.06802473
2024-04-23,IWM,-0.004492235,-0.051252812,0.046760578,train,-0.033905502
2024-04-23,SPY,-0.00047472212,0.03451321,0.03498793,train,0.07872324
2024-04-23,TLT,-0.0071014264,0.027317934,0.03441936,train,-0.03221078
2024-04-24,EFA,-0.0046440987,0.04369308,0.04833718,train,0.014309256
2024-04-24,IWM,-0.0060888682,0.04146811,0.047556978,train,-0.051252812
2024-04-24,SPY,-0.0038060977,0.029086424,0.03289252,train,0.03451321
2024-04-24,TLT,-0.0070382333,0.02759805,0.03463628,train,0.027317934
2024-04-25,EFA,0.007984686,0.0389138,0.030929115,train,0.04369308
2024-04-25,IWM,0.009522859,0.002523215,0.006999644,train,0.04146811
2024-04-25,SPY,0.009429368,0.039365157,0.029935788,train,0.029086424
2024-04-25,TLT,0.005226764,0.016424052,0.0111972885,train,0.02759805
2024-04-26,EFA,0.0038407953,0.03273977,0.028898975,train,0.0389138
2024-04-26,IWM,0.008033851,-0.030968703,0.039002553,train,0.002523215
2024-04-26,SPY,0.0035351582,0.025070982,0.021535823,train,0.039365157
2024-04-26,TLT,0.008351221,0.027552828,0.019201607,train,0.016424052
2024-04-29,EFA,-0.012730843,0.03322988,0.045960724,train,0.03273977
2024-04-29,IWM,-0.02051307,-0.03150248,0.010989411,train,-0.030968703
2024-04-29,SPY,-0.015967974,-0.0057783048,0.010189669,train,0.025070982
2024-04-29,TLT,-0.008577826,-0.03997352,0.031395692,train,0.027552828
2024-04-30,EFA,-0.0022026235,0.021904994,0.024107616,train,0.03322988
2024-04-30,IWM,0.0020908206,-0.02717748,0.0292683,train,-0.03150248
2024-04-30,SPY,-0.0032524716,0.013058667,0.016311139,train,-0.0057783048
2024-04-30,TLT,0.0073439353,0.0054726903,0.001871245,train,-0.03997352
2024-05-01,EFA,0.013398898,0.024072085,0.010673187,train,0.021904994
2024-05-01,IWM,0.018222164,0.016523436,0.0016987287,train,-0.02717748
2024-05-01,SPY,0.009309881,-0.026741218,0.0360511,train,0.013058667
2024-05-01,TLT,0.004281517,0.0035920963,0.00068942085,train,0.0054726903
2024-05-02,EFA,0.009932501,0.0012290521,0.008703449,train,0.024072085
2024-05-02,IWM,0.0098551335,-0.027700301,0.037555434,train,0.016523436
2024-05-02,SPY,0.012319172,0.017759945,0.0054407734,train,-0.026741218
2024-05-02,TLT,0.010068264,-0.005693096,0.01576136,train,0.0035920963
2024-05-03,EFA,0.0068191024,-0.015974594,0.022793697,train,0.0012290521
2024-05-03,IWM,0.012844452,-0.015088269,0.02793272,train,-0.027700301
2024-05-03,SPY,0.010273942,0.04542115,0.03514721,train,0.017759945
2024-05-03,TLT,0.0038882426,-0.01995426,0.023842502,train,-0.005693096
2024-05-06,EFA,0.0026393489,0.017239284,0.014599935,train,-0.015974594
2024-05-06,IWM,0.0022467135,0.0073622246,0.005115511,train,-0.015088269
2024-05-06,SPY,0.0011027155,-0.0074453973,0.008548113,train,0.04542115
2024-05-06,TLT,0.006079752,-0.058033843,0.064113595,train,-0.01995426
2024-05-07,EFA,-0.001130355,0.009611017,0.010741372,train,0.017239284
2024-05-07,IWM,-0.005822612,0.011528515,0.017351128,train,0.0073622246
2024-05-07,SPY,9.675076e-05,-0.03005063,0.030147381,train,-0.0074453973
2024-05-07,TLT,-0.006079752,0.004732082,0.010811834,train,-0.058033843
2024-05-08,EFA,0.0076361136,0.0141958045,0.006559691,train,0.009611017
2024-05-08,IWM,0.010155345,0.043460596,0.03330525,train,0.011528515
2024-05-08,SPY,0.005745191,-0.017024323,0.022769514,train,-0.03005063
2024-05-08,TLT,0.004866937,0.030175187,0.02530825,train,0.004732082
2024-05-09,EFA,0.0018687346,0.049895518,0.04802678,train,0.0141958045
2024-05-09,IWM,-0.0075579286,0.002257532,0.00981546,train,0.043460596
2024-05-09,SPY,0.0012874225,0.007315906,0.0060284836,train,-0.017024323
2024-05-09,TLT,-0.0056433403,-0.00018254796,0.005460792,train,0.030175187
2024-05-10,EFA,0.0,0.019243943,0.019243943,train,0.049895518
2024-05-10,IWM,0.0021025073,0.05821685,0.056114346,train,0.002257532
2024-05-10,SPY,0.00013436658,-0.022002622,0.02213699,train,0.007315906
2024-05-10,TLT,0.0025488576,0.0031083454,0.00055948785,train,-0.00018254796
2024-05-13,EFA,0.0074405135,0.033121645,0.025681132,train,0.019243943
2024-05-13,IWM,0.01030138,0.033401385,0.023100004,train,0.05821685
2024-05-13,SPY,0.0045777718,0.005159522,0.0005817502,train,-0.022002622
2024-05-13,TLT,0.0056289244,0.0482056,0.042576674,train,0.0031083454
2024-05-14,EFA,0.010569178,-0.0008764857,0.011445663,train,0.033121645
2024-05-14,IWM,0.012394979,0.019194167,0.0067991884,train,0.033401385
2024-05-14,SPY,0.012306916,-0.0051426804,0.017449595,train,0.005159522
2024-05-14,TLT,0.013555165,0.013345364,0.00020980183,train,0.0482056
2024-05-15,EFA,-0.0053935735,-0.0101587325,0.004765159,train,-0.0008764857
2024-05-15,IWM,-0.007235692,0.018559683,0.025795374,train,0.019194167
2024-05-15,SPY,-0.0020599454,0.0028559132,0.0049158586,train,-0.0051426804
2024-05-15,TLT,-0.0009776166,0.033910394,0.03488801,train,0.013345364
2024-05-16,EFA,0.0034356473,-0.009578931,0.013014578,train,-0.0101587325
2024-05-16,IWM,0.00072102784,-0.006958706,0.0076797334,train,0.018559683
2024-05-16,SPY,0.0014365779,-0.00081221794,0.0022487957,train,0.0028559132
2024-05-16,TLT,-0.006761289,0.026403017,0.033164307,train,0.033910394
2024-05-17,EFA,0.00073463423,-0.03609568,0.036830314,train,-0.009578931
2024-05-17,IWM,0.0022081349,-0.0014419671,0.0036501018,train,-0.006958706
2024-05-17,SPY,0.0011515423,-0.0074179205,0.008569463,train,-0.00081221794
2024-05-17,TLT,-0.0029586535,0.0101844845,0.013143138,train,0.026403017
2024-05-20,EFA,-0.0015923901,-0.02189342,0.02030103,train,-0.03609568
2024-05-20,IWM,-0.0009593393,0.052222565,0.053181905,train,-0.0014419671
2024-05-20,SPY,0.0024494391,-0.012185057,0.014634496,train,-0.0074179205
2024-05-20,TLT,0.005144542,-0.0014774253,0.0066219675,train,0.0101844845
2024-05-21,EFA,-0.009484599,0.015210961,0.02469556,train,-0.02189342
2024-05-21,IWM,-0.008483706,0.0013728986,0.009856605,train,0.052222565
2024-05-21,SPY,-0.0028834657,-0.02308225,0.020198785,train,-0.012185057
2024-05-21,TLT,0.0012004705,0.03964974,0.03844927,train,-0.0014774253
2024-05-22,EFA,-0.0050871717,0.017672293,0.022759464,train,0.015210961
2024-05-22,IWM,-0.016546214,-0.022769658,0.006223444,train,0.0013728986
2024-05-22,SPY,-0.007330837,-0.016384225,0.009053389,train,-0.02308225
2024-05-22,TLT,-0.006454888,-0.00078659167,0.005668296,train,0.03964974
2024-05-23,EFA,0.008176531,-0.013409172,0.021585703,train,0.017672293
2024-05-23,IWM,0.011012612,0.017752383,0.006739771,train,-0.022769658
2024-05-23,SPY,0.0065947147,-0.015142942,0.021737657,train,-0.016384225
2024-05-23,TLT,0.002958978,0.037030052,0.034071073,train,-0.00078659167
2024-05-24,EFA,-0.0003701954,0.013248508,0.013618703,train,-0.013409172
2024-05-24,IWM,-0.00136389,0.04380194,0.04516583,train,0.017752383
2024-05-24,SPY,0.00069834676,-0.030141134,0.03083948,train,-0.015142942
2024-05-24,TLT,-0.014439447,0.06476796,0.079207405,train,0.037030052
2024-05-28,EFA,-0.015924864,0.013590886,0.02951575,train,0.013248508
2024-05-28,IWM,-0.014879144,-0.007651597,0.007227547,train,0.04380194
2024-05-28,SPY,-0.0070270803,-0.035200752,0.028173672,train,-0.030141134
2024-05-28,TLT,-0.012175462,0.02428772,0.036463182,train,0.06476796
2024-05-29,EFA,0.008367375,-0.042468175,0.05083555,train,0.013590886
2024-05-29,IWM,0.00945413,0.01293042,0.00347629,train,-0.007651597
2024-05-29,SPY,-0.00665599,-0.027143024,0.020487033,train,-0.035200752
2024-05-29,TLT,0.009618579,0.048082124,0.038463544,train,0.02428772
2024-05-30,EFA,0.009530282,-0.011145717,0.020675998,train,-0.042468175
2024-05-30,IWM,0.008393818,0.023492191,0.015098373,train,0.01293042
2024-05-30,SPY,0.009067096,0.0016886635,0.0073784324,train,-0.027143024
2024-05-30,TLT,0.0067668646,0.08088535,0.07411849,train,0.048082124
2024-05-31,EFA,0.00282929,0.009709998,0.006880708,train,-0.011145717
2024-05-31,IWM,-0.005653239,0.021511558,0.027164798,train,0.023492191
2024-05-31,SPY,0.00081509125,0.025876947,0.025061855,train,0.0016886635
2024-05-31,TLT,0.016045293,0.09551663,0.079471335,train,0.08088535
2024-06-03,EFA,-0.0012291557,-0.019966546,0.01873739,train,0.009709998
2024-06-03,IWM,-0.012986622,-0.022761157,0.009774535,train,0.021511558
2024-06-03,SPY,0.0011173806,0.04198083,0.040863447,train,0.025876947
2024-06-03,TLT,0.011613194,0.048876803,0.03726361,train,0.09551663
2024-06-04,EFA,0.0069856676,-0.021383433,0.0283691,train,-0.019966546
2024-06-04,IWM,0.01518341,-0.020061512,0.03524492,train,-0.022761157
2024-06-04,SPY,0.01181482,0.011269603,0.0005452167,train,0.04198083
2024-06-04,TLT,0.0073114666,-0.054212313,0.06152378,train,0.048876803
2024-06-05,EFA,0.0034139648,0.04732983,0.043915864,train,-0.021383433
2024-06-05,IWM,-0.00719445,0.014545442,0.021739893,train,-0.020061512
2024-06-05,SPY,-1.8775116e-05,0.004286842,0.004305617,train,0.011269603
2024-06-05,TLT,-0.0015009615,0.020281559,0.021782521,train,-0.054212313
2024-06-06,EFA,-0.010891778,-0.021635586,0.010743808,train,0.04732983
2024-06-06,IWM,-0.011808648,-0.0036148843,0.008193763,train,0.014545442
2024-06-06,SPY,-0.0012163521,-0.04620066,0.044984307,train,0.004286842
2024-06-06,TLT,-0.018516023,0.09721061,0.115726635,train,0.020281559
2024-06-07,EFA,-0.00073862297,0.015133542,0.015872166,train,-0.021635586
2024-06-07,IWM,0.0034235348,-0.059372485,0.06279602,train,-0.0036148843
2024-06-07,SPY,0.0030850205,-0.028139362,0.031224383,train,-0.04620066
2024-06-07,TLT,-0.0066887024,0.013282307,0.01997101,train,0.09721061
2024-06-10,EFA,-0.011428377,0.06935459,0.080782965,train,0.015133542
2024-06-10,IWM,-0.0034231478,0.009608303,0.013031451,train,-0.059372485
2024-06-10,SPY,0.0024054002,-0.04726236,0.04966776,train,-0.028139362
2024-06-10,TLT,0.010288815,0.027286693,0.016997878,train,0.013282307
2024-06-11,EFA,0.011716547,0.009771167,0.0019453801,train,0.06935459
2024-06-11,IWM,0.01523421,-0.007395277,0.022629486,train,0.009608303
2024-06-11,SPY,0.008179347,-0.041329283,0.04950863,train,-0.04726236
2024-06-11,TLT,0.0074859424,-0.022996623,0.030482566,train,0.027286693
2024-06-12,EFA,-0.01438148,-0.020201683,0.0058202026,train,0.009771167
2024-06-12,IWM,-0.008775788,0.025080262,0.03385605,train,-0.007395277
2024-06-12,SPY,0.002011553,0.016385503,0.014373951,train,-0.041329283
2024-06-12,TLT,0.01459208,-0.018693162,0.03328524,train,-0.022996623
2024-06-13,EFA,-0.011116152,-0.0023280042,0.008788148,train,-0.020201683
2024-06-13,IWM,-0.016023668,-0.039713603,0.023689935,train,0.025080262
2024-06-13,SPY,0.0006083179,-0.044235073,0.04484339,train,0.016385503
2024-06-13,TLT,0.008379959,0.0018908608,0.0064890976,train,-0.018693162
2024-06-14,EFA,0.0039751898,-0.0015756128,0.0055508027,train,-0.0023280042
2024-06-14,IWM,0.008368354,-0.0011937519,0.009562106,train,-0.039713603
2024-06-14,SPY,0.007927408,-0.04766154,0.055588946,train,-0.044235073
2024-06-14,TLT,-0.009978881,0.008596219,0.0185751,train,0.0018908608
2024-06-17,EFA,0.0039593484,0.011151426,0.007192077,train,-0.0015756128
2024-06-17,IWM,0.0017450253,0.046966605,0.04522158,train,-0.0011937519
2024-06-17,SPY,0.0025372875,-0.014817989,0.017355276,train,-0.04766154
2024-06-17,TLT,0.009133499,0.019030558,0.009897059,train,0.008596219
2024-06-18,EFA,0.00063711265,-0.016643105,0.017280217,train,0.011151426
2024-06-18,IWM,-0.0042431685,-0.004168318,7.4850395e-05,train,0.046966605
2024-06-18,SPY,-0.0027199902,-0.043195006,0.040475015,train,-0.014817989
2024-06-18,TLT,-0.0066826288,0.0125605175,0.019243147,train,0.019030558
2024-06-20,EFA,-0.007031075,-0.029956296,0.02292522,train,-0.016643105
2024-06-20,IWM,0.0022485938,-0.020971395,0.02321999,train,-0.004168318
2024-06-20,SPY,-0.0013418298,-0.00900011,0.0076582804,train,-0.043195006
2024-06-20,TLT,0.0,-0.02429128,0.02429128,train,0.0125605175
2024-06-21,EFA,0.007922372,-0.004344597,0.012266969,train,-0.029956296
2024-06-21,IWM,0.0043330635,-0.02321805,0.027551115,train,-0.020971395
2024-06-21,SPY,-0.003255972,-0.024611676,0.021355703,train,-0.00900011
2024-06-21,TLT,0.0040360857,-0.0101589365,0.014195022,train,-0.02429128
2024-06-24,EFA,0.0024154258,0.044545658,0.04213023,train,-0.004344597
2024-06-24,IWM,-0.0032853752,0.010913431,0.014198806,train,-0.02321805
2024-06-24,SPY,0.0038437287,-0.037625074,0.041468803,train,-0.024611676
2024-06-24,TLT,0.0016946116,0.027833719,0.026139107,train,-0.0101589365
2024-06-25,EFA,-0.0073913983,0.004167081,0.011558479,train,0.044545658
2024-06-25,IWM,-0.002646124,-0.007099248,0.004453124,train,0.010913431
2024-06-25,SPY,0.0012472821,-0.036985647,0.03823293,train,-0.037625074
2024-06-25,TLT,-0.014388706,0.04868857,0.06307727,train,0.027833719
2024-06-26,EFA,0.00076708465,0.017324075,0.016556991,train,0.004167081
2024-06-26,IWM,0.010097398,-0.006432596,0.016529994,train,-0.007099248
2024-06-26,SPY,0.0015752037,-0.035466656,0.03704186,train,-0.036985647
2024-06-26,TLT,0.003964343,0.0009302987,0.0030340445,train,0.04868857
2024-06-27,EFA,0.0011497294,0.031918705,0.030768976,train,0.017324075
2024-06-27,IWM,0.0040991735,-0.024965562,0.029064735,train,-0.006432596
2024-06-27,SPY,-0.003942957,-0.040180366,0.03623741,train,-0.035466656
2024-06-27,TLT,-0.01878095,0.042456206,0.061237156,train,0.0009302987
2024-06-28,EFA,0.0017855611,0.025181323,0.023395762,train,0.031918705
2024-06-28,IWM,-0.008414185,-0.00777333,0.0006408547,train,-0.024965562
2024-06-28,SPY,0.002056107,0.0070656245,0.0050095175,train,-0.040180366
2024-06-28,TLT,-0.017409705,0.05582026,0.07322997,train,0.042456206
2024-07-01,EFA,0.0024185004,0.021903712,0.019485213,train,0.025181323
2024-07-01,IWM,0.0034237287,-0.035991643,0.03941537,train,-0.00777333
2024-07-01,SPY,0.0067069884,-0.04353811,0.0502451,train,0.0070656245
2024-07-01,TLT,0.0077552292,-0.014600634,0.022355862,train,0.05582026
2024-07-02,EFA,0.011376604,-0.017884705,0.02926131,train,0.021903712
2024-07-02,IWM,-0.0002476425,-0.02137898,0.021131337,train,-0.035991643
2024-07-02,SPY,0.0044527757,-0.0371755,0.041628275,train,-0.04353811
2024-07-02,TLT,0.013048116,0.056625098,0.043576982,train,-0.014600634
2024-07-03,EFA,0.0066395863,0.0067816577,0.0001420714,train,-0.017884705
2024-07-03,IWM,-0.0047679204,-0.013237388,0.008469468,train,-0.02137898
2024-07-03,SPY,0.0057499805,-0.047159206,0.052909188,train,-0.0371755
2024-07-03,TLT,0.008244528,0.048735596,0.040491067,train,0.056625098
2024-07-05,EFA,-0.0050068363,-0.017543057,0.01253622,test,0.0067816577
2024-07-05,IWM,0.0069950353,-0.0037060971,0.010701133,test,-0.013237388
2024-07-05,SPY,0.0011531577,-0.03145052,0.032603677,test,-0.047159206
2024-07-05,TLT,0.0021583533,0.040543772,0.038385417,test,0.048735596
2024-07-08,EFA,-0.0040236576,-0.011421683,0.0073980256,test,-0.017543057
2024-07-08,IWM,-0.0043599624,-0.019970391,0.0156104285,test,-0.0037060971
2024-07-08,SPY,0.0009720449,-0.059184387,0.06015643,test,-0.03145052
2024-07-08,TLT,-0.004429862,-0.060398735,0.055968873,test,0.040543772
2024-07-09,EFA,0.014012386,-0.0072676125,0.021279998,test,-0.011421683
2024-07-09,IWM,0.009733898,-0.016183836,0.025917735,test,-0.019970391
2024-07-09,SPY,0.009846554,-0.06437273,0.07421929,test,-0.059184387
2024-07-09,TLT,0.003135427,0.040679898,0.03754447,test,-0.060398735
2024-07-10,EFA,0.0028534543,0.015017212,0.012163758,test,-0.0072676125
2024-07-10,IWM,0.035313427,0.006234581,0.029078847,test,-0.016183836
2024-07-10,SPY,-0.008659992,-0.024946645,0.016286653,test,-0.06437273
2024-07-10,TLT,0.009668149,-0.066000596,0.075668745,test,0.040679898
2024-07-11,EFA,0.01059786,-0.014745444,0.025343304,test,0.015017212
2024-07-11,IWM,0.011608892,0.06566431,0.054055415,test,0.006234581
2024-07-11,SPY,0.0062878667,-0.026015814,0.03230368,test,-0.024946645
2024-07-11,TLT,0.0042671524,-0.014510001,0.018777154,test,-0.066000596
2024-07-12,EFA,-0.008864923,0.017267548,0.026132472,test,-0.014745444
2024-07-12,IWM,0.018823449,-0.013332038,0.032155488,test,0.06566431
2024-07-12,SPY,0.0027462915,-0.009936553,0.012682845,test,-0.026015814
2024-07-12,TLT,-0.011563169,-0.0015556136,0.010007556,test,-0.014510001
2024-07-15,EFA,0.004811545,-0.03072142,0.035532966,test,0.017267548
2024-07-15,IWM,0.033548392,-0.006017979,0.03956637,test,-0.013332038
2024-07-15,SPY,0.0059127957,-0.02890196,0.034814756,test,-0.009936553
2024-07-15,TLT,0.014008566,0.021407831,0.0073992657,test,-0.0015556136
2024-07-16,EFA,-0.0053063636,-0.024290645,0.018984282,test,-0.03072142
2024-07-16,IWM,-0.01051819,0.013047342,0.023565533,test,-0.006017979
2024-07-16,SPY,-0.014120612,-0.02464356,0.010522949,test,-0.02890196
2024-07-16,TLT,0.00021224743,0.019490585,0.019278338,test,0.021407831
2024-07-17,EFA,-0.00994794,-0.017044429,0.007096489,test,-0.024290645
2024-07-17,IWM,-0.019537188,0.034194328,0.053731516,test,0.013047342
2024-07-17,SPY,-0.0077145435,-0.019616079,0.011901535,test,-0.02464356
2024-07-17,TLT,-0.0076732,-0.0018427739,0.0058304262,test,0.019490585
2024-07-18,EFA,-0.0061423187,0.013875415,0.020017734,test,-0.017044429
2024-07-18,IWM,-0.0051059155,0.013450866,0.018556781,test,0.034194328
2024-07-18,SPY,-0.006662658,-0.024392217,0.01772956,test,-0.019616079
2024-07-18,TLT,-0.0059018517,0.010640582,0.016542435,test,-0.0018427739
2024-07-19,EFA,0.010506761,0.0009368608,0.0095699,test,0.013875415
2024-07-19,IWM,0.015785046,0.013104134,0.0026809117,test,0.013450866
2024-07-19,SPY,0.010257135,-0.0069326293,0.017189763,test,-0.024392217
2024-07-19,TLT,-0.002909746,-0.026440792,0.023531046,test,0.010640582
2024-07-22,EFA,-0.005614747,-0.045803785,0.04018904,test,0.0009368608
2024-07-22,IWM,0.010566431,0.02378983,0.013223399,test,0.013104134
2024-07-22,SPY,-0.0015697388,0.010299293,0.011869032,test,-0.0069326293
2024-07-22,TLT,-0.0014042602,-0.008367619,0.0069633583,test,-0.026440792
2024-07-23,EFA,-0.012718178,-0.0013824127,0.011335766,test,-0.045803785
2024-07-23,IWM,-0.021704448,0.007001489,0.028705938,test,0.02378983
2024-07-23,SPY,-0.022923453,-0.0073968074,0.015526645,test,0.010299293
2024-07-23,TLT,-0.010867281,-0.0024801916,0.008387089,test,-0.008367619
2024-07-24,EFA,-0.0063564684,-0.024867408,0.01851094,test,-0.0013824127
2024-07-24,IWM,0.0124084195,-0.03231835,0.04472677,test,0.007001489
2024-07-24,SPY,-0.005223947,-0.008707818,0.0034838705,test,-0.0073968074
2024-07-24,TLT,0.008161512,-0.019145684,0.027307197,test,-0.0024801916
2024-07-25,EFA,0.012672686,0.016537884,0.0038651982,test,-0.024867408
2024-07-25,IWM,0.01641254,0.019492859,0.0030803196,test,-0.03231835
2024-07-25,SPY,0.011137545,0.12978847,0.11865093,test,-0.008707818
2024-07-25,TLT,0.0077729593,-0.00042750395,0.008200463,test,-0.019145684
2024-07-26,EFA,-0.0044172206,-0.005174195,0.00075697433,test,0.016537884
2024-07-26,IWM,-0.011167353,0.024396189,0.035563543,test,0.019492859
2024-07-26,SPY,0.0005876042,0.07471458,0.074126974,test,0.12978847
2024-07-26,TLT,0.005362416,-0.010475409,0.015837826,test,-0.00042750395
2024-07-29,EFA,0.0022742285,-0.03975797,0.0420322,test,-0.005174195
2024-07-29,IWM,0.0037812819,-0.0056286626,0.0094099445,test,0.024396189
2024-07-29,SPY,-0.005079347,0.08061781,0.08569715,test,0.07471458
2024-07-29,TLT,0.0038434456,0.015344129,0.011500684,test,-0.010475409
2024-07-30,EFA,0.014035215,-0.024888255,0.03892347,test,-0.03975797
2024-07-30,IWM,0.0057791746,-0.04671574,0.052494913,test,-0.0056286626
2024-07-30,SPY,0.016123772,0.051886663,0.03576289,test,0.08061781
2024-07-30,TLT,0.010176887,-0.008913047,0.019089933,test,0.015344129
2024-07-31,EFA,-0.026863238,0.008195405,0.035058644,test,-0.024888255
2024-07-31,IWM,-0.033060934,0.014787384,0.047848318,test,-0.04671574
2024-07-31,SPY,-0.014262159,0.014916961,0.02917912,test,0.051886663
2024-07-31,TLT,0.008587811,-0.0240292,0.03261701,test,-0.008913047
2024-08-01,EFA,-0.015847871,-0.009536915,0.0063109556,test,0.008195405
2024-08-01,IWM,-0.03600857,-0.06373652,0.02772795,test,0.014787384
2024-08-01,SPY,-0.018793888,0.023204612,0.0419985,test,0.014916961
2024-08-01,TLT,0.030686019,0.00993802,0.020747999,test,-0.0240292
2024-08-02,EFA,-0.022059606,0.015344429,0.037404034,test,-0.009536915
2024-08-02,IWM,-0.032694064,0.11820743,0.1509015,test,-0.06373652
2024-08-02,SPY,-0.029556261,0.0051587974,0.03471506,test,0.023204612
2024-08-02,TLT,0.0052770535,-0.12073214,0.1260092,test,0.00993802
2024-08-05,EFA,0.0017243709,0.011116364,0.009391993,test,0.015344429
2024-08-05,IWM,0.010821527,0.0987992,0.08797767,test,0.11820743
2024-08-05,SPY,0.00917752,0.037112318,0.027934797,test,0.0051587974
2024-08-05,TLT,-0.022622606,0.02818378,0.05080639,test,-0.12073214
2024-08-06,EFA,0.004760054,-0.009506495,0.014266549,test,0.011116364
2024-08-06,IWM,-0.011910148,0.034697223,0.04660737,test,0.0987992
2024-08-06,SPY,-0.0067065605,0.03657208,0.043278642,test,0.037112318
2024-08-06,TLT,-0.0070648436,0.016189277,0.02325412,test,0.02818378
2024-08-07,EFA,0.016613737,-0.020751718,0.037365455,test,-0.009506495
2024-08-07,IWM,0.024018537,0.09958759,0.07556905,test,0.034697223
2024-08-07,SPY,0.022854049,-0.06451846,0.08737251,test,0.03657208
2024-08-07,TLT,-0.006170512,-4.555087e-05,0.006124961,test,0.016189277
2024-08-08,EFA,0.0038844084,-0.010837174,0.014721583,test,-0.020751718
2024-08-08,IWM,-0.0020804787,-0.02201616,0.019935682,test,0.09958759
2024-08-08,SPY,0.004400229,0.01943259,0.01503236,test,-0.06451846
2024-08-08,TLT,0.00981313,0.006814039,0.002999091,test,-4.555087e-05
2024-08-09,EFA,-0.0009050098,0.03611984,0.037024852,test,-0.010837174
2024-08-09,IWM,-0.009049849,-0.102842,0.093792155,test,-0.02201616
2024-08-09,SPY,0.0005251717,-0.02960039,0.03012556,test,0.01943259
2024-08-09,TLT,0.0036292286,-2.0031235e-05,0.00364926,test,0.006814039
2024-08-12,EFA,0.017057184,0.05160692,0.034549735,test,0.03611984
2024-08-12,IWM,0.016336896,-0.14123806,0.15757495,test,-0.102842
2024-08-12,SPY,0.016311856,-0.015434814,0.03174667,test,-0.02960039
2024-08-12,TLT,0.0069112713,0.019941133,0.013029861,test,-2.0031235e-05
2024-08-13,EFA,0.0036808597,0.0029807691,0.00070009055,test,0.05160692
2024-08-13,IWM,-0.0062221107,-0.14792696,0.14170484,test,-0.14123806
2024-08-13,SPY,0.0031497632,-0.04306019,0.046209954,test,-0.015434814
2024-08-13,TLT,0.006250944,-0.0011352258,0.00738617,test,0.019941133
2024-08-14,EFA,0.012089345,0.07083843,0.058749083,test,0.0029807691
2024-08-14,IWM,0.025603274,-0.07180435,0.097407624,test,-0.14792696
2024-08-14,SPY,0.016995074,0.035141855,0.018146781,test,-0.04306019
2024-08-14,TLT,-0.008102834,-0.0052454206,0.0028574136,test,-0.0011352258
2024-08-15,EFA,0.0054924176,-0.06742811,0.07292053,test,0.07083843
2024-08-15,IWM,0.0026375635,-0.118449844,0.12108741,test,-0.07180435
2024-08-15,SPY,0.0022395437,0.016290333,0.014050789,test,0.035141855
2024-08-15,TLT,0.003495494,-0.015505136,0.01900063,test,-0.0052454206
2024-08-16,EFA,0.012125808,-0.05123883,0.06336464,test,-0.06742811
2024-08-16,IWM,0.012155249,-0.06071427,0.07286952,test,-0.118449844
2024-08-16,SPY,0.009515921,-0.020950641,0.030466562,test,0.016290333
2024-08-16,TLT,0.0046073403,-0.023574099,0.02818144,test,-0.015505136
2024-08-19,EFA,-0.0030793285,-0.029448133,0.026368804,test,-0.05123883
2024-08-19,IWM,-0.011731979,0.0038953223,0.015627302,test,-0.06071427
2024-08-19,SPY,-0.001627451,0.011477661,0.013105112,test,-0.020950641
2024-08-19,TLT,0.007936505,-0.00072525104,0.008661755,test,-0.023574099
2024-08-20,EFA,0.00920988,-0.0013440171,0.010553896,test,-0.029448133
2024-08-20,IWM,0.012939583,-0.041150868,0.05409045,test,0.0038953223
2024-08-20,SPY,0.003430646,-0.0023160144,0.0057466603,test,0.011477661
2024-08-20,TLT,0.0006080456,-0.00968224,0.010290286,test,-0.00072525104
2024-08-21,EFA,-0.005884602,-0.07533046,0.069445856,test,-0.0013440171
2024-08-21,IWM,-0.008857478,0.017172245,0.026029725,test,-0.041150868
2024-08-21,SPY,-0.007879448,0.026072875,0.03395232,test,-0.0023160144
2024-08-21,TLT,-0.00997567,-0.010092829,0.00011715945,test,-0.00968224
2024-08-22,EFA,0.018154701,0.0075657,0.010589002,test,-0.07533046
2024-08-22,IWM,0.0314355,0.032084446,0.00064894557,test,0.017172245
2024-08-22,SPY,0.010569369,0.00016454293,0.010404826,test,0.026072875
2024-08-22,TLT,0.0065260087,0.004894462,0.0016315468,test,-0.010092829
2024-08-23,EFA,-0.0044775107,0.0121593475,0.016636858,test,0.0075657
2024-08-23,IWM,0.0003174635,0.06307138,0.062753916,test,0.032084446
2024-08-23,SPY,-0.0023866564,0.022093855,0.02448051,test,0.00016454293
2024-08-23,TLT,-0.0025442415,0.005289718,0.00783396,test,0.004894462
2024-08-26,EFA,0.004598299,0.014939549,0.01034125,test,0.0121593475
2024-08-26,IWM,-0.0077869263,-0.0221989,0.014411975,test,0.06307138
2024-08-26,SPY,0.0013720744,0.019537948,0.018165873,test,0.022093855
2024-08-26,TLT,-0.001733629,-0.008230134,0.006496505,test,0.005289718
2024-08-27,EFA,-0.0035072442,0.0028985254,0.00640577,test,0.014939549
2024-08-27,IWM,-0.0067892666,-0.008728171,0.0019389042,test,-0.0221989
2024-08-27,SPY,-0.0058221817,0.006428302,0.012250483,test,0.019537948
2024-08-27,TLT,-0.0012254029,0.016289718,0.017515121,test,-0.008230134
2024-08-28,EFA,0.0037484867,-0.004643955,0.008392442,test,0.0028985254
2024-08-28,IWM,0.0071091102,-0.016478913,0.023588024,test,-0.008728171
2024-08-28,SPY,8.9497036e-05,-0.0052381135,0.0053276103,test,0.006428302
2024-08-28,TLT,-0.003275855,0.01959503,0.022870885,test,0.016289718
2024-08-29,EFA,0.0015679639,0.0033839638,0.001816,test,-0.004643955
2024-08-29,IWM,0.005787455,-0.021460716,0.02724817,test,-0.016478913
2024-08-29,SPY,0.00950087,-0.007445496,0.016946366,test,-0.0052381135
2024-08-29,TLT,-0.010720556,-0.006640841,0.004079715,test,0.01959503
2024-08-30,EFA,-0.015912892,-0.007242746,0.008670146,test,0.0033839638
2024-08-30,IWM,-0.031057293,0.0037516905,0.034808982,test,-0.021460716
2024-08-30,SPY,-0.020793766,0.009927717,0.030721482,test,-0.007445496
2024-08-30,TLT,0.016222853,-0.04788566,0.06410851,test,-0.006640841
2024-09-03,EFA,-0.0044177542,-0.039902117,0.035484362,test,-0.007242746
2024-09-03,IWM,-0.0016886173,-0.034421917,0.0327333,test,0.0037516905
2024-09-03,SPY,-0.0020490284,-0.00092084246,0.001128186,test,0.009927717
2024-09-03,TLT,0.012807661,0.0069343396,0.005873321,test,-0.04788566
2024-09-04,EFA,0.00024594893,-0.02871413,0.028960079,test,-0.039902117
2024-09-04,IWM,-0.004989306,0.047127806,0.052117113,test,-0.034421917
2024-09-04,SPY,-0.0024350332,0.038022704,0.040457737,test,-0.00092084246
2024-09-04,TLT,0.005640052,-0.021092664,0.026732717,test,0.0069343396
2024-09-05,EFA,-0.01899124,-0.026796617,0.0078053772,test,-0.02871413
2024-09-05,IWM,-0.019198816,0.022021916,0.041220732,test,0.047127806
2024-09-05,SPY,-0.01697347,0.06574673,0.082720205,test,0.038022704
2024-09-05,TLT,-0.00010046159,0.0038854438,0.0039859056,test,-0.021092664
2024-09-06,EFA,0.009974929,-0.040575802,0.05055073,test,-0.026796617
2024-09-06,IWM,0.002786034,-0.034826197,0.03761223,test,0.022021916
2024-09-06,SPY,0.0111339735,0.011665114,0.0005311407,test,0.06574673
2024-09-06,TLT,0.0043095397,-0.007845972,0.012155511,test,0.0038854438
2024-09-09,EFA,-0.0049750768,-0.048392624,0.043417547,test,-0.040575802
2024-09-09,IWM,-0.0008158142,-0.02479092,0.023975106,test,-0.034826197
2024-09-09,SPY,0.004346293,0.0673475,0.0630012,test,0.011665114
2024-09-09,TLT,0.006976645,0.023323407,0.016346762,test,-0.007845972
2024-09-10,EFA,0.005967268,-0.047258947,0.053226214,test,-0.048392624
2024-09-10,IWM,0.0029239506,-0.039607428,0.04253138,test,-0.02479092
2024-09-10,SPY,0.010206713,0.05718842,0.046981707,test,0.0673475
2024-09-10,TLT,-0.00079510984,-0.011172846,0.010377736,test,0.023323407
2024-09-11,EFA,0.008147121,0.03378487,0.02563775,test,-0.047258947
2024-09-11,IWM,0.012793689,-0.009688529,0.022482218,test,-0.039607428
2024-09-11,SPY,0.008388046,0.022683673,0.014295626,test,0.05718842
2024-09-11,TLT,-0.0046823844,-0.009984028,0.005301643,test,-0.011172846
2024-09-12,EFA,0.0023331672,0.029451082,0.027117914,test,0.03378487
2024-09-12,IWM,0.024368672,-0.020155173,0.044523843,test,-0.009688529
2024-09-12,SPY,0.005209041,-0.0014499702,0.006659011,test,0.022683673
2024-09-12,TLT,0.0026924475,-0.00937464,0.012067087,test,-0.009984028
2024-09-13,EFA,0.0080626225,0.0034652133,0.004597409,test,0.029451082
2024-09-13,IWM,0.0035907924,0.07422736,0.07063657,test,-0.020155173
2024-09-13,SPY,0.001475992,-0.002543095,0.004019087,test,-0.0014499702
2024-09-13,TLT,0.009120939,0.02046474,0.011343801,test,-0.00937464
2024-09-16,EFA,-0.005612472,-0.05372005,0.04810758,test,0.0034652133
2024-09-16,IWM,0.00823765,-0.055414528,0.06365218,test,0.07422736
2024-09-16,SPY,0.00040847703,-0.02402133,0.024429806,test,-0.002543095
2024-09-16,TLT,-0.0048474795,-0.0018691098,0.0029783696,test,0.02046474
2024-09-17,EFA,-0.0031862692,-0.011197596,0.008011326,test,-0.05372005
2024-09-17,IWM,0.00018216138,-0.032862253,0.033044416,test,-0.055414528
2024-09-17,SPY,-0.002970338,-0.019211095,0.016240757,test,-0.02402133
2024-09-17,TLT,-0.012473324,-0.0114413155,0.0010320088,test,-0.0018691098
2024-09-18,EFA,0.019569065,-0.014582573,0.03415164,test,-0.011197596
2024-09-18,IWM,0.02038776,-0.011962644,0.032350402,test,-0.032862253
2024-09-18,SPY,0.016920548,-0.0144105265,0.031331073,test,-0.019211095
2024-09-18,TLT,-0.003319085,-0.020691639,0.017372554,test,-0.0114413155
2024-09-19,EFA,-0.009919027,0.0064835926,0.016402619,test,-0.014582573
2024-09-19,IWM,-0.010773446,0.022880523,0.033653967,test,-0.011962644
2024-09-19,SPY,-0.001730104,0.01573466,0.017464764,test,-0.0144105265
2024-09-19,TLT,-0.0038354688,-0.020435004,0.016599534,test,-0.020691639
2024-09-20,EFA,0.0037615134,-0.006341982,0.010103496,test,0.0064835926
2024-09-20,IWM,-0.0036624672,0.01746948,0.021131948,test,0.022880523
2024-09-20,SPY,0.0024955536,0.0076053278,0.005109774,test,0.01573466
2024-09-20,TLT,-0.0021261552,-0.010492439,0.008366284,test,-0.020435004
2024-09-23,EFA,0.0059167454,-0.005645931,0.011562677,test,-0.006341982
2024-09-23,IWM,0.0016746692,-0.016398512,0.01807318,test,0.01746948
2024-09-23,SPY,0.0028572849,-0.011015317,0.013872602,test,0.0076053278
2024-09-23,TLT,-0.00020260122,-0.024100363,0.023897761,test,-0.010492439
2024-09-24,EFA,-0.0054325084,-0.007489335,0.0020568264,test,-0.005645931
2024-09-24,IWM,-0.012272289,-0.03852017,0.02624788,test,-0.016398512
2024-09-24,SPY,-0.0022079553,-0.010935337,0.008727382,test,-0.011015317
2024-09-24,TLT,-0.0083471,-0.011154748,0.002807648,test,-0.024100363
2024-09-25,EFA,0.021792186,-0.027822865,0.04961505,test,-0.007489335
2024-09-25,IWM,0.0053145457,-0.029280113,0.03459466,test,-0.03852017
2024-09-25,SPY,0.003956872,-0.026767792,0.030724663,test,-0.010935337
2024-09-25,TLT,0.0023481702,0.02127721,0.01892904,test,-0.011154748
2024-09-26,EFA,-0.006059044,0.048525237,0.05458428,test,-0.027822865
2024-09-26,IWM,0.0067398795,0.046101123,0.039361242,test,-0.029280113
2024-09-26,SPY,-0.0014513632,-0.031032495,0.029581131,test,-0.026767792
2024-09-26,TLT,0.0051875357,0.002855089,0.0023324466,test,0.02127721
2024-09-27,EFA,-0.003461516,-0.009093079,0.005631563,test,0.048525237
2024-09-27,IWM,0.002538446,-0.019503228,0.022041675,test,0.046101123
2024-09-27,SPY,0.003999258,-0.044568524,0.048567783,test,-0.031032495
2024-09-27,TLT,-0.0047796876,0.021492783,0.02627247,test,0.002855089
2024-09-30,EFA,-0.007441243,-0.009721533,0.0022802902,test,-0.009093079
2024-09-30,IWM,-0.013674489,-0.016182255,0.0025077658,test,-0.019503228
2024-09-30,SPY,-0.008998699,-0.0058064493,0.0031922492,test,-0.044568524
2024-09-30,TLT,0.0071941046,0.0064786323,0.00071547227,test,0.021492783
2024-10-01,EFA,-0.0020501525,-0.012494452,0.0104443,test,-0.009721533
2024-10-01,IWM,-0.0013778895,-0.005048312,0.0036704224,test,-0.016182255
2024-10-01,SPY,0.00042193278,-0.010644532,0.011066465,test,-0.0058064493
2024-10-01,TLT,-0.008462837,0.022828074,0.03129091,test,0.0064786323
2024-10-02,EFA,-0.00933842,0.010943014,0.020281434,test,-0.012494452
2024-10-02,IWM,-0.0067323796,0.014606112,0.02133849,test,-0.005048312
2024-10-02,SPY,-0.0018299898,-0.046249278,0.04441929,test,-0.010644532
2024-10-02,TLT,-0.009465214,0.0463802,0.055845413,test,0.022828074
