date,ticker,y_true,y_pred,abs_error,dataset_part,signal_for_trade
2019-12-31,EFA,0.010030384,-0.0009591519,0.010989536,train,
2019-12-31,IWM,0.00066336076,0.0014932931,0.00082993234,train,
2019-12-31,SPY,0.009308695,0.0056982967,0.0036103982,train,
2019-12-31,TLT,0.01122975,-0.005483032,0.016712781,train,
2020-01-02,EFA,-0.012481547,0.02100829,0.03348984,train,-0.0009591519
2020-01-02,IWM,-0.003928377,0.023447491,0.027375868,train,0.0014932931
2020-01-02,SPY,-0.0076013426,-0.011709417,0.0041080746,train,0.0056982967
2020-01-02,TLT,0.015283156,-0.004980429,0.020263586,train,-0.005483032
2020-01-03,EFA,0.003890465,-0.015308215,0.01919868,train,0.02100829
2020-01-03,IWM,0.001331512,-0.0074118543,0.008743366,train,0.023447491
2020-01-03,SPY,0.0038078937,0.009969226,0.006161332,train,-0.011709417
2020-01-03,TLT,-0.005695235,0.009043616,0.014738851,train,-0.004980429
2020-01-06,EFA,-0.0027362437,-0.0017393623,0.0009968814,train,-0.015308215
2020-01-06,IWM,-0.0033318605,0.022463832,0.025795693,train,-0.0074118543
2020-01-06,SPY,-0.0028158368,-0.0019528447,0.00086299214,train,0.009969226
2020-01-06,TLT,-0.0049274834,-0.0040978054,0.000829678,train,0.009043616
2020-01-07,EFA,0.0028799353,-0.015245031,0.018124966,train,-0.0017393623
2020-01-07,IWM,0.0030897725,-0.007243369,0.010333141,train,0.022463832
2020-01-07,SPY,0.0053153685,0.015058521,0.009743152,train,-0.0019528447
2020-01-07,TLT,-0.0066332524,0.0015866326,0.008219885,train,-0.0040978054
2020-01-08,EFA,0.0022977688,-0.0014497689,0.0037475377,train,-0.015245031
2020-01-08,IWM,0.0012090587,0.005002631,0.003793572,train,-0.007243369
2020-01-08,SPY,0.006758201,-0.008081121,0.014839322,train,0.015058521
2020-01-08,TLT,0.0035046062,-0.002263702,0.0057683084,train,0.0015866326
2020-01-09,EFA,-0.0037366669,-0.0025059846,0.0012306822,train,-0.0014497689
2020-01-09,IWM,-0.00375303,-0.0031070323,0.0006459977,train,0.005002631
2020-01-09,SPY,-0.002881973,-0.020903815,0.01802184,train,-0.008081121
2020-01-09,TLT,0.008851472,9.4839605e-05,0.008756633,train,-0.002263702
2020-01-10,EFA,0.0051699406,0.0043737455,0.0007961951,train,-0.0025059846
2020-01-10,IWM,0.006468079,0.0028227316,0.0036453474,train,-0.0031070323
2020-01-10,SPY,0.0068537043,0.0083243,0.0014705956,train,-0.020903815
2020-01-10,TLT,-0.0030383451,0.014287059,0.017325405,train,9.4839605e-05
2020-01-13,EFA,0.0010024364,-0.002258747,0.0032611834,train,0.0043737455
2020-01-13,IWM,0.0036691052,0.0031224554,0.0005466498,train,0.0028227316
2020-01-13,SPY,-0.0015258165,0.0033377148,0.0048635313,train,0.0083243
2020-01-13,TLT,0.005130994,0.0024703252,0.002660669,train,0.014287059
2020-01-14,EFA,0.0,-0.0012317495,0.0012317495,train,-0.002258747
2020-01-14,IWM,0.004791354,-0.00297835,0.007769704,train,0.0031224554
2020-01-14,SPY,0.0022573094,-0.0063310834,0.008588392,train,0.0033377148
2020-01-14,TLT,0.006609331,-0.011443353,0.018052684,train,0.0024703252
2020-01-15,EFA,0.0041415635,-0.004734236,0.008875799,train,-0.0012317495
2020-01-15,IWM,0.01282259,-0.006138088,0.018960677,train,-0.00297835
2020-01-15,SPY,0.008283764,0.014492615,0.006208851,train,-0.0063310834
2020-01-15,TLT,-0.003155435,0.009496115,0.01265155,train,-0.011443353
2020-01-16,EFA,0.0029880004,-0.0016555311,0.0046435315,train,-0.004734236
2020-01-16,IWM,-0.0027166887,0.0050233174,0.007740006,train,-0.006138088
2020-01-16,SPY,0.00310788,-0.003635189,0.006743069,train,0.014492615
2020-01-16,TLT,-0.0085848905,0.00773242,0.016317312,train,0.009496115
2020-01-17,EFA,-0.007988407,-0.0015422706,0.0064461366,train,-0.0016555311
2020-01-17,IWM,-0.008315353,-0.010030926,0.0017155735,train,0.0050233174
2020-01-17,SPY,-0.0019599646,-0.017429356,0.015469391,train,-0.003635189
2020-01-17,TLT,0.010450876,0.004337447,0.006113429,train,0.00773242
2020-01-21,EFA,0.0020029945,0.0041409316,0.0021379371,train,-0.0015422706
2020-01-21,IWM,-0.00065607723,-0.015626859,0.014970781,train,-0.010030926
2020-01-21,SPY,0.00012051853,0.01831964,0.018199122,train,-0.017429356
2020-01-21,TLT,0.0035073431,-0.012038042,0.015545385,train,0.004337447
2020-01-22,EFA,-0.00243266,-0.003822538,0.0013898781,train,0.0041409316
2020-01-22,IWM,-0.0006566062,-0.005997774,0.005341168,train,-0.015626859
2020-01-22,SPY,0.0011463606,0.009086608,0.007940248,train,0.01831964
2020-01-22,TLT,0.0069776727,0.008299029,0.0013213567,train,-0.012038042
2020-01-23,EFA,-0.0043082186,0.00036411523,0.0046723336,train,-0.003822538
2020-01-23,IWM,-0.012378613,-0.0025367,0.009841913,train,-0.005997774
2020-01-23,SPY,-0.008932839,0.018277414,0.027210254,train,0.009086608
2020-01-23,TLT,0.00805539,0.0038923398,0.00416305,train,0.008299029
2020-01-24,EFA,-0.020939952,0.008695399,0.029635351,train,0.00036411523
2020-01-24,IWM,-0.011432242,0.0009837863,0.0124160275,train,-0.0025367
2020-01-24,SPY,-0.016159058,-0.0013829386,0.014776119,train,0.018277414
2020-01-24,TLT,0.015435239,-0.000806767,0.016242007,train,0.0038923398
2020-01-27,EFA,0.009361122,-0.0006517535,0.010012875,train,0.008695399
2020-01-27,IWM,0.008283176,-0.009354561,0.017637737,train,0.0009837863
2020-01-27,SPY,0.010424312,0.007414202,0.00301011,train,-0.0013829386
2020-01-27,TLT,-0.0078628445,0.00113218,0.0089950245,train,-0.000806767
2020-01-28,EFA,0.00014513754,0.0007575867,0.00061244913,train,-0.0006517535
2020-01-28,IWM,-0.005717662,-0.0017582993,0.003959363,train,-0.009354561
2020-01-28,SPY,-0.0008263687,-0.03430304,0.03347667,train,0.007414202
2020-01-28,TLT,0.009732148,0.012300464,0.0025683166,train,0.00113218
2020-01-29,EFA,-0.0008735346,0.004098367,0.0049719014,train,0.0007575867
2020-01-29,IWM,0.0,0.0024095424,0.0024095424,train,-0.0017582993
2020-01-29,SPY,0.0032402044,0.006581721,0.0033415165,train,-0.03430304
2020-01-29,TLT,0.00013871351,-0.0063814856,0.006520199,train,0.012300464
2020-01-30,EFA,-0.0170442,0.0086694425,0.025713641,train,0.004098367
2020-01-30,IWM,-0.020958774,0.013445238,0.03440401,train,0.0024095424
2020-01-30,SPY,-0.018324835,-0.024925638,0.0066008028,train,0.006581721
2020-01-30,TLT,0.009088182,0.030705571,0.02161739,train,-0.0063814856
2020-01-31,EFA,0.0023681712,0.009593625,0.0072254534,train,0.0086694425
2020-01-31,IWM,0.011088993,0.044521883,0.03343289,train,0.013445238
2020-01-31,SPY,0.0074010836,0.036925875,0.029524792,train,-0.024925638
2020-01-31,TLT,-0.00081045885,-0.0022375863,0.0014271275,train,0.030705571
2020-02-03,EFA,0.01656812,0.007751043,0.008817078,train,0.009593625
2020-02-03,IWM,0.014980849,0.0539147,0.03893385,train,0.044521883
2020-02-03,SPY,0.015126152,0.029307634,0.014181482,train,0.036925875
2020-02-03,TLT,-0.013558352,0.006247675,0.019806027,train,-0.0022375863
2020-02-04,EFA,0.009551402,0.0010875575,0.008463845,train,0.007751043
2020-02-04,IWM,0.015297635,0.029044777,0.013747142,train,0.0539147
2020-02-04,SPY,0.011481867,-0.018339723,0.02982159,train,0.029307634
2020-02-04,TLT,-0.010995385,-0.003206038,0.0077893473,train,0.006247675
2020-02-05,EFA,0.0027329638,-0.013115716,0.01584868,train,0.0010875575
2020-02-05,IWM,-0.0022739237,-0.009856521,0.0075825974,train,0.029044777
2020-02-05,SPY,0.0033589622,-0.0011140602,0.004473022,train,-0.018339723
2020-02-05,TLT,0.0044964887,5.5185985e-05,0.0044413027,train,-0.003206038
2020-02-06,EFA,-0.009525342,-0.011867878,0.002342536,train,-0.013115716
2020-02-06,IWM,-0.01235623,-0.009724063,0.0026321672,train,-0.009856521
2020-02-06,SPY,-0.0053437385,-0.0030361363,0.0023076022,train,-0.0011140602
2020-02-06,TLT,0.012400945,-0.00071870396,0.013119649,train,5.5185985e-05
2020-02-07,EFA,0.0020280147,-0.009709678,0.011737692,train,-0.011867878
2020-02-07,IWM,0.005624367,-0.028000597,0.033624962,train,-0.009724063
2020-02-07,SPY,0.007437561,-0.004274591,0.0117121525,train,-0.0030361363
2020-02-07,TLT,0.0027657526,0.011153296,0.008387543,train,-0.00071870396
2020-02-10,EFA,0.006778664,-0.011689437,0.0184681,train,-0.009709678
2020-02-10,IWM,0.00691187,-0.0010742163,0.007986086,train,-0.028000597
2020-02-10,SPY,0.0017318081,0.006584667,0.0048528593,train,-0.004274591
2020-02-10,TLT,-0.005053322,-0.0017932779,0.003260044,train,0.011153296
2020-02-11,EFA,0.0034437212,-0.006909838,0.01035356,train,-0.011689437
2020-02-11,IWM,0.006864228,-0.014685233,0.021549461,train,-0.0010742163
2020-02-11,SPY,0.0064221756,-0.01101062,0.017432796,train,0.006584667
2020-02-11,TLT,-0.005079051,-0.0002528499,0.004826201,train,-0.0017932779
2020-02-12,EFA,-0.007043424,-0.0034624403,0.0035809837,train,-0.006909838
2020-02-12,IWM,0.0026138474,-0.0023700558,0.004983903,train,-0.014685233
2020-02-12,SPY,-0.0010678977,0.0027111517,0.0037790495,train,-0.01101062
2020-02-12,TLT,0.0038297498,-0.0025755214,0.006405271,train,-0.0002528499
2020-02-13,EFA,-0.0017325818,-0.0036875,0.0019549183,train,-0.0034624403
2020-02-13,IWM,-0.0038639852,-0.0028351564,0.0010288288,train,-0.0023700558
2020-02-13,SPY,0.001600926,-0.004042441,0.005643367,train,0.0027111517
2020-02-13,TLT,0.0043677273,-0.010857162,0.015224889,train,-0.0025755214
2020-02-14,EFA,-0.006378872,-0.0049656387,0.0014132331,train,-0.0036875
2020-02-14,IWM,-0.0021462732,-0.0009088381,0.001237435,train,-0.0028351564
2020-02-14,SPY,-0.002580159,0.0043552592,0.0069354186,train,-0.004042441
2020-02-14,TLT,0.0068254466,-0.0049511483,0.011776594,train,-0.010857162
2020-02-18,EFA,0.0033395127,-0.0003351872,0.0036747,train,-0.0049656387
2020-02-18,IWM,0.005119864,-0.008604751,0.013724615,train,-0.0009088381
2020-02-18,SPY,0.004769677,-0.008639077,0.013408754,train,0.0043552592
2020-02-18,TLT,-6.8751324e-05,-0.0055936268,0.0055248756,train,-0.0049511483
2020-02-19,EFA,-0.0059607155,-0.0051858546,0.00077486085,train,-0.0003351872
2020-02-19,IWM,0.00243174,-0.013579729,0.016011469,train,-0.008604751
2020-02-19,SPY,-0.004116452,0.006854008,0.01097046,train,-0.008639077
2020-02-19,TLT,0.007802832,-0.0006960868,0.008498918,train,-0.0055936268
2020-02-20,EFA,-0.004676815,0.012752241,0.017429058,train,-0.0051858546
2020-02-20,IWM,-0.010181525,-0.008111238,0.0020702872,train,-0.013579729
2020-02-20,SPY,-0.010352049,-0.01335971,0.0030076606,train,0.006854008
2020-02-20,TLT,0.009297413,-0.011354247,0.02065166,train,-0.0006960868
2020-02-21,EFA,-0.040816057,0.015498236,0.056314293,train,0.012752241
2020-02-21,IWM,-0.030563947,0.0021820741,0.03274602,train,-0.008111238
2020-02-21,SPY,-0.03372765,-0.014223774,0.019503877,train,-0.01335971
2020-02-21,TLT,0.014818245,-0.008948374,0.023766618,train,-0.011354247
2020-02-24,EFA,-0.016618341,0.026192572,0.042810913,train,0.015498236
2020-02-24,IWM,-0.03618708,0.03040474,0.066591814,train,0.0021820741
2020-02-24,SPY,-0.030770939,0.035120215,0.065891154,train,-0.014223774
2020-02-24,TLT,0.005310171,-0.00579347,0.011103641,train,-0.008948374
2020-02-25,EFA,0.0012404174,-0.009703723,0.01094414,train,0.026192572
2020-02-25,IWM,-0.011647023,0.05048139,0.062128413,train,0.03040474
2020-02-25,SPY,-0.003684749,0.075688206,0.07937296,train,0.035120215
2020-02-25,TLT,-0.005310171,0.031359248,0.03666942,train,-0.00579347
2020-02-26,EFA,-0.030045345,-0.070393115,0.04034777,train,-0.009703723
2020-02-26,IWM,-0.035845257,-0.06629022,0.030444965,train,0.05048139
2020-02-26,SPY,-0.04595136,-0.025936067,0.020015292,train,0.075688206
2020-02-26,TLT,0.010789949,0.017901503,0.007111553,train,0.031359248
2020-02-27,EFA,-0.006086911,-0.010259581,0.0041726697,train,-0.070393115
2020-02-27,IWM,-0.018484587,-0.028357353,0.009872766,train,-0.06629022
2020-02-27,SPY,-0.0042103627,0.04665457,0.050864935,train,-0.025936067
2020-02-27,TLT,0.022332542,0.03481965,0.01248711,train,0.017901503
2020-02-28,EFA,0.012771563,-0.07739791,0.090169474,train,-0.010259581
2020-02-28,IWM,0.031614065,-0.07184506,0.10345913,train,-0.028357353
2020-02-28,SPY,0.042394664,0.045139346,0.0027446821,train,0.04665457
2020-02-28,TLT,-0.0073849265,0.04142658,0.048811506,train,0.03481965
2020-03-02,EFA,-0.008123019,0.014348845,0.022471864,train,-0.07739791
2020-03-02,IWM,-0.020604247,0.008079643,0.02868389,train,-0.07184506
2020-03-02,SPY,-0.029050298,-0.09029456,0.061244264,train,0.045139346
2020-03-02,TLT,0.015406921,-0.0018841755,0.017291095,train,0.04142658
2020-03-03,EFA,0.029467244,-0.024266422,0.053733665,train,0.014348845
2020-03-03,IWM,0.028058559,0.036300667,0.008242108,train,0.008079643
2020-03-03,SPY,0.041173685,0.10774056,0.06656687,train,-0.09029456
2020-03-03,TLT,-0.010675756,0.028286688,0.038962446,train,-0.0018841755
2020-03-04,EFA,-0.026911769,0.060925476,0.08783725,train,-0.024266422
2020-03-04,IWM,-0.03232555,0.071141094,0.103466645,train,0.036300667
2020-03-04,SPY,-0.033806782,-0.04277664,0.008969858,train,0.10774056
2020-03-04,TLT,0.024586873,0.0010009578,0.023585916,train,0.028286688
2020-03-05,EFA,-0.015108014,0.008274789,0.023382803,train,0.060925476
2020-03-05,IWM,-0.020020349,0.01688556,0.036905907,train,0.071141094
2020-03-05,SPY,-0.016669055,0.048921376,0.065590434,train,-0.04277664
2020-03-05,TLT,0.050735157,-0.019439958,0.07017511,train,0.0010009578
2020-03-06,EFA,-0.08074458,-0.01705372,0.063690856,train,0.008274789
2020-03-06,IWM,-0.10228685,0.017530024,0.11981688,train,0.01688556
2020-03-06,SPY,-0.08131266,0.041339483,0.12265214,train,0.048921376
2020-03-06,TLT,0.026742246,0.0027712854,0.023970962,train,-0.019439958
2020-03-09,EFA,0.03620458,0.06819384,0.031989258,train,-0.01705372
2020-03-09,IWM,0.030743502,0.14046995,0.10972645,train,0.017530024
2020-03-09,SPY,0.050450724,0.06552166,0.015070934,train,0.041339483
2020-03-09,TLT,-0.052618593,0.014542041,0.067160636,train,0.0027712854
2020-03-10,EFA,-0.05230971,0.07981026,0.13211997,train,0.06819384
2020-03-10,IWM,-0.06571429,0.02954654,0.09526083,train,0.14046995
2020-03-10,SPY,-0.049976606,0.007935143,0.05791175,train,0.06552166
2020-03-10,TLT,-0.037491858,-0.02785357,0.009638287,train,0.014542041
2020-03-11,EFA,-0.11642377,-0.015267176,0.10115659,train,0.07981026
2020-03-11,IWM,-0.11709826,0.03130612,0.14840437,train,0.02954654
2020-03-11,SPY,-0.10056908,0.07523022,0.1757993,train,0.007935143
2020-03-11,TLT,0.0061773495,-0.029269453,0.035446804,train,-0.02785357
2020-03-12,EFA,0.058771897,0.03532091,0.023450986,train,-0.015267176
2020-03-12,IWM,0.06483433,0.0926753,0.027840972,train,0.03130612
2020-03-12,SPY,0.082027994,0.10423197,0.022203974,train,0.07523022
2020-03-12,TLT,-0.02286234,-0.0049276073,0.017934732,train,-0.029269453
2020-03-13,EFA,-0.108915746,-0.035735663,0.07318008,train,0.03532091
2020-03-13,IWM,-0.14233504,0.032313187,0.17464823,train,0.0926753
2020-03-13,SPY,-0.11588642,0.057654344,0.17354077,train,0.10423197
2020-03-13,TLT,0.06275464,-0.02814255,0.09089719,train,-0.0049276073
2020-03-16,EFA,0.047534887,0.01894084,0.028594047,train,-0.035735663
2020-03-16,IWM,0.044820957,0.116071284,0.07125033,train,0.032313187
2020-03-16,SPY,0.05258496,0.10785857,0.055273607,train,0.057654344
2020-03-16,TLT,-0.06901028,-0.0916444,0.022634119,train,-0.02814255
2020-03-17,EFA,-0.058980305,-0.015555394,0.04342491,train,0.01894084
2020-03-17,IWM,-0.08068099,-0.10750465,0.026823662,train,0.116071284
2020-03-17,SPY,-0.05195985,-0.05236091,0.00040106103,train,0.10785857
2020-03-17,TLT,-0.05806616,0.023041688,0.08110785,train,-0.0916444
2020-03-18,EFA,0.015441546,-0.017720174,0.033161722,train,-0.015555394
2020-03-18,IWM,0.03826999,0.09620701,0.05793702,train,-0.10750465
2020-03-18,SPY,0.0021226108,-0.05769683,0.05981944,train,-0.05236091
2020-03-18,TLT,0.026861575,0.020500556,0.006361019,train,0.023041688
2020-03-19,EFA,-0.012461878,0.11415903,0.12662092,train,-0.017720174
2020-03-19,IWM,-0.024067117,0.07977028,0.1038374,train,0.09620701
2020-03-19,SPY,-0.04405011,-0.14243661,0.0983865,train,-0.05769683
2020-03-19,TLT,0.072502375,0.091573015,0.01907064,train,0.020500556
2020-03-20,EFA,-0.011758563,0.060709853,0.072468415,train,0.11415903
2020-03-20,IWM,-0.014903342,0.1194727,0.13437603,train,0.07977028
2020-03-20,SPY,-0.025900844,0.016549114,0.04244996,train,-0.14243661
2020-03-20,TLT,0.040382754,-0.07277395,0.113156706,train,0.091573015
2020-03-23,EFA,0.08133229,0.028953698,0.05237859,train,0.060709853
2020-03-23,IWM,0.08754516,0.041973103,0.045572054,train,0.1194727
2020-03-23,SPY,0.086730994,-0.14580797,0.23253897,train,0.016549114
2020-03-23,TLT,-0.018789338,-0.0857317,0.066942364,train,-0.07277395
2020-03-24,EFA,0.03199647,0.15248033,0.12048386,train,0.028953698
2020-03-24,IWM,0.012352028,0.103945374,0.09159335,train,0.041973103
2020-03-24,SPY,0.014859245,0.025327578,0.010468333,train,-0.14580797
2020-03-24,TLT,-0.002273901,-0.013124148,0.010850247,train,-0.0857317
2020-03-25,EFA,0.04376701,0.1444228,0.100655794,train,0.15248033
2020-03-25,IWM,0.06034094,0.11780855,0.05746761,train,0.103945374
2020-03-25,SPY,0.056748733,0.081754014,0.025005281,train,0.025327578
2020-03-25,TLT,0.004909599,0.054939304,0.050029702,train,-0.013124148
2020-03-26,EFA,-0.02890101,0.00027516764,0.02917618,train,0.1444228
2020-03-26,IWM,-0.037062276,0.04218206,0.07924434,train,0.11780855
2020-03-26,SPY,-0.030238222,0.055033676,0.085271895,train,0.081754014
2020-03-26,TLT,0.026342802,0.040341746,0.013998944,train,0.054939304
2020-03-27,EFA,0.020039724,0.07270793,0.052668206,train,0.00027516764
2020-03-27,IWM,0.02179352,-0.032081347,0.053874865,train,0.04218206
2020-03-27,SPY,0.03195927,0.09527452,0.06331526,train,0.055033676
2020-03-27,TLT,-0.0082635125,0.004088397,0.01235191,train,0.040341746
2020-03-30,EFA,-0.008753055,0.016529974,0.025283027,train,0.07270793
2020-03-30,IWM,-0.005054582,-0.04409949,0.03904491,train,-0.032081347
2020-03-30,SPY,-0.015017425,-0.014896895,0.000120529905,train,0.09527452
2020-03-30,TLT,-0.008149397,0.0050250953,0.013174492,train,0.004088397
2020-03-31,EFA,-0.04534497,0.062132042,0.10747701,train,0.016529974
2020-03-31,IWM,-0.070579074,-0.024319272,0.0462598,train,-0.04409949
2020-03-31,SPY,-0.046049017,0.00090109836,0.046950117,train,-0.014896895
2020-03-31,TLT,0.013913541,0.019199058,0.0052855173,train,0.0050250953
2020-04-01,EFA,0.01938425,-0.0052928748,0.024677124,train,0.062132042
2020-04-01,IWM,0.009424735,0.006275582,0.0031491527,train,-0.024319272
2020-04-01,SPY,0.022813214,-0.08231521,0.10512842,train,0.00090109836
2020-04-01,TLT,0.0063256393,-0.007326086,0.013651725,train,0.019199058
2020-04-02,EFA,-0.023109931,0.00051654037,0.023626473,train,-0.0052928748
2020-04-02,IWM,-0.028736176,-0.0023643868,0.026371788,train,0.006275582
2020-04-02,SPY,-0.014559682,-0.015057062,0.00049737934,train,-0.08231521
2020-04-02,TLT,0.0023762078,-0.03602803,0.038404237,train,-0.007326086
2020-04-03,EFA,0.051685978,-0.0037814947,0.05546747,train,0.00051654037
2020-04-03,IWM,0.07377323,-0.047630616,0.12140384,train,-0.0023643868
2020-04-03,SPY,0.06500691,-0.02375437,0.088761285,train,-0.015057062
2020-04-03,TLT,-0.002614496,-0.022232737,0.019618241,train,-0.03602803
2020-04-06,EFA,0.00558143,0.1173594,0.11177797,train,-0.0037814947
2020-04-06,IWM,0.0025713653,0.0983983,0.09582693,train,-0.047630616
2020-04-06,SPY,0.001018691,-0.006011796,0.007030487,train,-0.02375437
2020-04-06,TLT,-0.010527644,-0.03853106,0.028003417,train,-0.022232737
2020-04-07,EFA,0.0081302,0.017827392,0.009697191,train,0.1173594
2020-04-07,IWM,0.044598345,0.031444833,0.013153512,train,0.0983983
2020-04-07,SPY,0.033017464,-0.035390254,0.068407714,train,-0.006011796
2020-04-07,TLT,-0.0073024156,-0.030111644,0.02280923,train,-0.03853106
2020-04-08,EFA,0.02238283,-0.007904661,0.03028749,train,0.017827392
2020-04-08,IWM,0.046743143,0.00687969,0.039863452,train,0.031444833
2020-04-08,SPY,0.0151026845,0.012297849,0.0028048353,train,-0.035390254
2020-04-08,TLT,0.0018154603,0.0026311176,0.0008156573,train,-0.030111644
2020-04-09,EFA,-0.009583141,-0.0115142735,0.0019311327,train,-0.007904661
2020-04-09,IWM,-0.027450565,-0.032291915,0.00484135,train,0.00687969
2020-04-09,SPY,-0.0091720475,0.06946397,0.07863601,train,0.012297849
2020-04-09,TLT,-0.009172147,-0.0570675,0.04789535,train,0.0026311176
2020-04-13,EFA,0.017648451,-0.011946478,0.029594928,train,-0.0115142735
2020-04-13,IWM,0.020067938,-0.046440918,0.06650886,train,-0.032291915
2020-04-13,SPY,0.029066158,-0.053517725,0.08258388,train,0.06946397
2020-04-13,TLT,-0.00024398179,0.08907552,0.089319505,train,-0.0570675
2020-04-14,EFA,-0.031737186,0.048161056,0.07989824,train,-0.011946478
2020-04-14,IWM,-0.041650064,-0.013710369,0.027939696,train,-0.046440918
2020-04-14,SPY,-0.02147687,0.022075716,0.043552585,train,-0.053517725
2020-04-14,TLT,0.026144559,-0.050126713,0.07627127,train,0.08907552
2020-04-15,EFA,0.0005525904,0.028750744,0.028198153,train,0.048161056
2020-04-15,IWM,-0.007583638,0.01862071,0.02620435,train,-0.013710369
2020-04-15,SPY,0.0048127896,-0.05104437,0.05585716,train,0.022075716
2020-04-15,TLT,0.011292648,-0.024750251,0.0360429,train,-0.050126713
2020-04-16,EFA,0.026173823,0.061659954,0.035486132,train,0.028750744
2020-04-16,IWM,0.043108173,0.087701134,0.04459296,train,0.01862071
2020-04-16,SPY,0.026656706,-0.027068239,0.053724945,train,-0.05104437
2020-04-16,TLT,-0.013494956,-0.017482817,0.003987861,train,-0.024750251
2020-04-17,EFA,-0.015002406,0.053674936,0.06867734,train,0.061659954
2020-04-17,IWM,-0.0118675595,0.036303334,0.048170894,train,0.087701134
2020-04-17,SPY,-0.017775074,-0.01614995,0.0016251244,train,-0.027068239
2020-04-17,TLT,0.008012322,-0.005960268,0.01397259,train,-0.017482817
2020-04-20,EFA,-0.019678943,0.049744915,0.069423854,train,0.053674936
2020-04-20,IWM,-0.02416646,0.06182569,0.08599215,train,0.036303334
2020-04-20,SPY,-0.03083376,0.052818332,0.083652094,train,-0.01614995
2020-04-20,TLT,0.01251296,-0.0021743155,0.0146872755,train,-0.005960268
2020-04-21,EFA,0.016760616,0.09153357,0.074772954,train,0.049744915
2020-04-21,IWM,0.012072592,0.038735542,0.02666295,train,0.06182569
2020-04-21,SPY,0.02195213,0.11119871,0.08924658,train,0.052818332
2020-04-21,TLT,-0.010269091,0.005487821,0.015756913,train,-0.0021743155
2020-04-22,EFA,-0.0031097757,0.04075107,0.043860845,train,0.09153357
2020-04-22,IWM,0.009769748,0.04887136,0.03910161,train,0.038735542
2020-04-22,SPY,-7.188931e-05,-0.01885679,0.018784901,train,0.11119871
2020-04-22,TLT,0.0052947393,-0.003531679,0.008826418,train,0.005487821
2020-04-23,EFA,0.01147649,0.02582641,0.01434992,train,0.04075107
2020-04-23,IWM,0.017055117,0.012636955,0.0044181617,train,0.04887136
2020-04-23,SPY,0.013842473,0.03235251,0.018510038,train,-0.01885679
2020-04-23,TLT,0.0023437291,-0.004335355,0.006679084,train,-0.003531679
2020-04-24,EFA,0.013135727,0.007247585,0.0058881417,train,0.02582641
2020-04-24,IWM,0.038856145,0.026023272,0.012832873,train,0.012636955
2020-04-24,SPY,0.014315394,-0.030025233,0.044340625,train,0.03235251
2020-04-24,TLT,-0.01878905,-0.008275769,0.0105132805,train,-0.004335355
2020-04-27,EFA,0.007479912,0.009039889,0.001559977,train,0.007247585
2020-04-27,IWM,0.014432507,-0.032505687,0.046938196,train,0.026023272
2020-04-27,SPY,-0.004608733,0.016264807,0.020873541,train,-0.030025233
2020-04-27,TLT,0.011445778,0.01079049,0.0006552888,train,-0.008275769
2020-04-28,EFA,0.024710074,-0.014227369,0.038937442,train,0.009039889
2020-04-28,IWM,0.048011575,-0.03383501,0.08184658,train,-0.032505687
2020-04-28,SPY,0.025841571,0.067025974,0.041184403,train,0.016264807
2020-04-28,TLT,-0.0052025337,0.008154264,0.013356797,train,0.01079049
2020-04-29,EFA,-0.020990875,-0.012909253,0.0080816215,train,-0.014227369
2020-04-29,IWM,-0.03876016,-0.086689755,0.047929596,train,-0.03383501
2020-04-29,SPY,-0.009354253,0.034982,0.044336252,train,0.067025974
2020-04-29,TLT,-0.011745891,-0.007282598,0.0044632927,train,0.008154264
2020-04-30,EFA,-0.0219827,0.039875463,0.061858162,train,-0.012909253
2020-04-30,IWM,-0.04048318,0.02074286,0.06122604,train,-0.086689755
2020-04-30,SPY,-0.026830325,0.094947316,0.12177764,train,0.034982
2020-04-30,TLT,0.008527122,-0.025896717,0.03442384,train,-0.007282598
2020-05-01,EFA,-0.0003614633,-0.025934119,0.025572656,train,0.039875463
2020-05-01,IWM,0.004305903,0.040380444,0.03607454,train,0.02074286
2020-05-01,SPY,0.0027543057,0.037153605,0.0343993,train,0.094947316
2020-05-01,TLT,-0.0047152094,-0.032120474,0.027405264,train,-0.025896717
2020-05-04,EFA,0.001805682,0.060236122,0.05843044,train,-0.025934119
2020-05-04,IWM,0.0076883263,0.066189446,0.05850112,train,0.040380444
2020-05-04,SPY,0.009197107,0.00049387943,0.008703227,train,0.037153605
2020-05-04,TLT,-0.006421072,-0.023161002,0.01673993,train,-0.032120474
2020-05-05,EFA,-0.006516882,0.015802316,0.022319198,train,0.060236122
2020-05-05,IWM,-0.0073701623,-0.009271511,0.0019013486,train,0.066189446
2020-05-05,SPY,-0.006801712,0.0072107343,0.014012447,train,0.00049387943
2020-05-05,TLT,-0.01626759,-0.050854467,0.034586877,train,-0.023161002
2020-05-06,EFA,0.014962005,-0.0011645975,0.016126603,train,0.015802316
2020-05-06,IWM,0.013588668,-0.037413385,0.05100205,train,-0.009271511
2020-05-06,SPY,0.011994202,0.02109867,0.009104468,train,0.0072107343
2020-05-06,TLT,0.016568093,0.0031779418,0.013390151,train,-0.050854467
2020-05-07,EFA,0.016854916,0.0049284594,0.011926456,train,-0.0011645975
2020-05-07,IWM,0.037879746,0.00017170887,0.037708037,train,-0.037413385
2020-05-07,SPY,0.016410783,0.01956271,0.0031519271,train,0.02109867
2020-05-07,TLT,-0.013086205,-0.0026231147,0.010463091,train,0.0031779418
2020-05-08,EFA,-0.0008799185,-0.01344745,0.012567531,train,0.0049284594
2020-05-08,IWM,-0.004998924,-0.040272303,0.03527338,train,0.00017170887
2020-05-08,SPY,0.00020500916,0.031333823,0.031128814,train,0.01956271
2020-05-08,TLT,-0.007836709,-0.029336497,0.021499788,train,-0.0026231147
2020-05-11,EFA,-0.012759436,0.013185845,0.02594528,train,-0.01344745
2020-05-11,IWM,-0.036575712,0.023843404,0.060419116,train,-0.040272303
2020-05-11,SPY,-0.020132354,0.02760569,0.047738045,train,0.031333823
2020-05-11,TLT,0.010211924,-0.040427227,0.050639153,train,-0.029336497
2020-05-12,EFA,-0.0076986575,0.010659534,0.018358191,train,0.013185845
2020-05-12,IWM,-0.034045435,0.024257164,0.0583026,train,0.023843404
2020-05-12,SPY,-0.017844204,0.0799789,0.0978231,train,0.02760569
2020-05-12,TLT,0.0069724736,0.001120639,0.0058518345,train,-0.040427227
2020-05-13,EFA,-0.009571109,-0.037224267,0.027653158,train,0.010659534
2020-05-13,IWM,0.0032539985,-0.013395538,0.016649537,train,0.024257164
2020-05-13,SPY,0.0118960105,0.09899771,0.0871017,train,0.0799789
2020-05-13,TLT,0.009739868,0.0060725985,0.0036672698,train,0.001120639
2020-05-14,EFA,0.0009068958,0.006097275,0.005190379,train,-0.037224267
2020-05-14,IWM,0.015794,0.023574226,0.007780226,train,-0.013395538
2020-05-14,SPY,0.004586535,0.033468887,0.028882353,train,0.09899771
2020-05-14,TLT,-0.0025769062,-0.018484779,0.015907872,train,0.0060725985
2020-05-15,EFA,0.03963192,0.005281533,0.034350388,train,0.006097275
2020-05-15,IWM,0.058986645,-0.05714926,0.11613591,train,0.023574226
2020-05-15,SPY,0.030004939,0.025264625,0.0047403146,train,0.033468887
2020-05-15,TLT,-0.022197993,-0.00026684022,0.021931153,train,-0.018484779
2020-05-18,EFA,-0.013860964,-0.035785075,0.021924112,train,0.005281533
2020-05-18,IWM,-0.019944342,-0.011411364,0.008532978,train,-0.05714926
2020-05-18,SPY,-0.010324298,0.01905926,0.029383559,train,0.025264625
2020-05-18,TLT,0.003733998,-0.00962071,0.013354708,train,-0.00026684022
2020-05-19,EFA,0.02063347,0.016747888,0.003885582,train,-0.035785075
2020-05-19,IWM,0.029844211,0.03238414,0.0025399271,train,-0.011411364
2020-05-19,SPY,0.016845625,0.07722415,0.060378525,train,0.01905926
2020-05-19,TLT,0.0029897846,0.0036085034,0.0006187188,train,-0.00962071
2020-05-20,EFA,-0.011663447,-0.05601457,0.044351123,train,0.016747888
2020-05-20,IWM,0.0017891994,-0.048813134,0.050602335,train,0.03238414
2020-05-20,SPY,-0.0069281356,0.024199095,0.03112723,train,0.07722415
2020-05-20,TLT,0.0024944101,0.01543239,0.01293798,train,0.0036085034
2020-05-21,EFA,-0.0028055103,0.0033442965,0.006149807,train,-0.05601457
2020-05-21,IWM,0.0048308,-0.0319166,0.0367474,train,-0.048813134
2020-05-21,SPY,0.0018974761,0.058147546,0.05625007,train,0.024199095
2020-05-21,TLT,0.0059974645,-0.026409443,0.032406908,train,0.01543239
2020-05-22,EFA,0.028219758,-0.013281387,0.041501146,train,0.0033442965
2020-05-22,IWM,0.028429981,-0.0130202295,0.04145021,train,-0.0319166
2020-05-22,SPY,0.0122449435,0.039476823,0.02723188,train,0.058147546
2020-05-22,TLT,-0.013499883,-0.018436551,0.004936668,train,-0.026409443
2020-05-26,EFA,0.012047369,-0.01623305,0.028280418,train,-0.013281387
2020-05-26,IWM,0.030583762,-0.014707741,0.045291502,train,-0.0130202295
2020-05-26,SPY,0.0147697255,0.012927127,0.0018425984,train,0.039476823
2020-05-26,TLT,-0.0018386644,-0.019396339,0.017557675,train,-0.018436551
2020-05-27,EFA,0.009400665,-0.014014986,0.023415651,train,-0.01623305
2020-05-27,IWM,-0.023976445,-0.025178522,0.0012020767,train,-0.014707741
2020-05-27,SPY,-0.0018470744,0.014626923,0.016473997,train,0.012927127
2020-05-27,TLT,-0.0036868323,-0.004985193,0.0012983605,train,-0.019396339
2020-05-28,EFA,-0.0035150158,-0.02875451,0.025239494,train,-0.014014986
2020-05-28,IWM,-0.005743217,0.015550966,0.021294184,train,-0.025178522
2020-05-28,SPY,0.0044464953,0.062042177,0.05759568,train,0.014626923
2020-05-28,TLT,0.007115308,0.015720636,0.008605327,train,-0.004985193
2020-05-29,EFA,0.02205561,-0.019257132,0.04131274,train,-0.02875451
2020-05-29,IWM,0.009529898,0.014688539,0.0051586414,train,0.015550966
2020-05-29,SPY,0.0040335557,0.01989612,0.015862564,train,0.062042177
2020-05-29,TLT,-0.0067549176,0.03072827,0.037483186,train,0.015720636
2020-06-01,EFA,0.009305284,-0.04413182,0.053437103,train,-0.019257132
2020-06-01,IWM,0.008237804,-0.012579822,0.020817626,train,0.014688539
2020-06-01,SPY,0.008245839,0.090197444,0.0819516,train,0.01989612
2020-06-01,TLT,-0.0036415712,0.013971279,0.01761285,train,0.03072827
2020-06-02,EFA,0.023606202,-0.009541956,0.03314816,train,-0.04413182
2020-06-02,IWM,0.023831598,0.018932473,0.0048991255,train,-0.012579822
2020-06-02,SPY,0.013220535,0.016473837,0.0032533025,train,0.090197444
2020-06-02,TLT,-0.013386678,0.006973575,0.020360254,train,0.013971279
2020-06-03,EFA,-0.0042942273,-0.02994528,0.025651053,train,-0.009541956
2020-06-03,IWM,-0.0014510396,-0.010287233,0.008836193,train,0.018932473
2020-06-03,SPY,-0.0026300123,0.00607524,0.008705253,train,0.016473837
2020-06-03,TLT,-0.0145851355,0.009909241,0.024494376,train,0.006973575
2020-06-04,EFA,0.01706729,-0.0036333622,0.020700652,train,-0.02994528
2020-06-04,IWM,0.037932295,0.010500205,0.027432092,train,-0.010287233
2020-06-04,SPY,0.025306392,0.068555646,0.043249253,train,0.00607524
2020-06-04,TLT,-0.0071492745,0.0150273135,0.022176588,train,0.009909241
2020-06-05,EFA,0.012921512,-0.016347345,0.029268857,train,-0.0036333622
2020-06-05,IWM,0.019191,0.042615328,0.023424327,train,0.010500205
2020-06-05,SPY,0.01201493,0.010089741,0.001925189,train,0.068555646
2020-06-05,TLT,0.003836555,0.038898956,0.035062402,train,0.0150273135
2020-06-08,EFA,-0.013078177,-0.024664316,0.011586139,train,-0.016347345
2020-06-08,IWM,-0.018658647,0.008421348,0.027079996,train,0.042615328
2020-06-08,SPY,-0.0074845664,0.028067961,0.035552528,train,0.010089741
2020-06-08,TLT,0.011294514,0.00028819265,0.011006322,train,0.038898956
2020-06-09,EFA,-0.0021965415,-0.022334985,0.020138444,train,-0.024664316
2020-06-09,IWM,-0.027528131,0.011514211,0.039042342,train,0.008421348
2020-06-09,SPY,-0.005595383,0.016138144,0.021733526,train,0.028067961
2020-06-09,TLT,0.014718872,0.007175506,0.0075433655,train,0.00028819265
2020-06-10,EFA,-0.05504488,-0.013992594,0.041052286,train,-0.022334985
2020-06-10,IWM,-0.07934172,0.035523914,0.11486563,train,0.011514211
2020-06-10,SPY,-0.059377465,0.023217633,0.082595095,train,0.016138144
2020-06-10,TLT,0.018723788,0.022589061,0.0038652737,train,0.007175506
2020-06-11,EFA,0.017111484,0.033432376,0.016320892,train,-0.013992594
2020-06-11,IWM,0.023711422,-0.032492083,0.056203507,train,0.035523914
2020-06-11,SPY,0.01190426,-0.054868173,0.06677243,train,0.023217633
2020-06-11,TLT,-0.009687657,-0.010001943,0.0003142869,train,0.022589061
2020-06-12,EFA,0.0040944633,0.0048723193,0.000777856,train,0.033432376
2020-06-12,IWM,0.022856643,-0.02631956,0.0491762,train,-0.032492083
2020-06-12,SPY,0.009292429,-0.033017095,0.042309523,train,-0.054868173
2020-06-12,TLT,0.0005542711,-0.0029670945,0.0035213656,train,-0.010001943
2020-06-15,EFA,0.01228225,0.023735445,0.011453195,train,0.0048723193
2020-06-15,IWM,0.023759395,-0.035120692,0.058880087,train,-0.02631956
2020-06-15,SPY,0.019064847,-0.01761682,0.036681667,train,-0.033017095
2020-06-15,TLT,-0.015452522,-0.025741573,0.010289052,train,-0.0029670945
2020-06-16,EFA,0.0037363828,-0.026187975,0.029924357,train,0.023735445
2020-06-16,IWM,-0.01824271,-0.05978914,0.04154643,train,-0.035120692
2020-06-16,SPY,-0.00416252,-0.02892087,0.02475835,train,-0.01761682
2020-06-16,TLT,0.004119068,-0.035733037,0.039852105,train,-0.025741573
2020-06-17,EFA,-0.005365214,0.0007590959,0.0061243097,train,-0.026187975
2020-06-17,IWM,-0.00035249168,-0.022717316,0.022364823,train,-0.05978914
2020-06-17,SPY,0.00038501652,-0.055305414,0.05569043,train,-0.02892087
2020-06-17,TLT,0.010532903,0.0028502136,0.007682689,train,-0.035733037
2020-06-18,EFA,-0.004902841,0.020905305,0.025808146,train,0.0007590959
2020-06-18,IWM,-0.0051641944,-0.02927867,0.024114475,train,-0.022717316
2020-06-18,SPY,-0.005731274,-0.011430814,0.00569954,train,-0.055305414
2020-06-18,TLT,0.00080055126,0.0050674747,0.0042669233,train,0.0028502136
2020-06-19,EFA,0.011888396,-0.002209357,0.014097753,train,0.020905305
2020-06-19,IWM,0.009950933,0.009310419,0.0006405143,train,-0.02927867
2020-06-19,SPY,0.0063945353,-0.037460957,0.043855492,train,-0.011430814
2020-06-19,TLT,0.00012321636,0.0049492912,0.004826075,train,0.0050674747
2020-06-22,EFA,0.0054892986,0.011481983,0.005992684,train,-0.002209357
2020-06-22,IWM,0.004204575,0.015692033,0.011487458,train,0.009310419
2020-06-22,SPY,0.0045933705,-0.006466532,0.011059903,train,-0.037460957
2020-06-22,TLT,-0.0068583745,0.010472427,0.017330801,train,0.0049492912
2020-06-23,EFA,-0.025933191,-0.0061805174,0.019752674,train,0.011481983
2020-06-23,IWM,-0.032985732,0.009177568,0.0421633,train,0.015692033
2020-06-23,SPY,-0.025839873,-0.042576108,0.016736235,train,-0.006466532
2020-06-23,TLT,0.010668794,0.013627292,0.002958498,train,0.010472427
2020-06-24,EFA,0.014110188,0.04093318,0.026822992,train,-0.0061805174
2020-06-24,IWM,0.014992608,0.112845555,0.097852945,train,0.009177568
2020-06-24,SPY,0.010663428,-0.0380121,0.048675526,train,-0.042576108
2020-06-24,TLT,0.0028787474,0.033184633,0.030305885,train,0.013627292
2020-06-25,EFA,-0.014606096,-0.0042381594,0.010367936,train,0.04093318
2020-06-25,IWM,-0.02728221,-0.027497716,0.00021550618,train,0.112845555
2020-06-25,SPY,-0.024037901,-0.051983025,0.027945124,train,-0.0380121
2020-06-25,TLT,0.010646207,0.026558477,0.01591227,train,0.033184633
2020-06-26,EFA,0.008067945,0.020895291,0.012827346,train,-0.0042381594
2020-06-26,IWM,0.032182977,0.07311159,0.040928617,train,-0.027497716
2020-06-26,SPY,0.014590626,-0.04543442,0.060025044,train,-0.051983025
2020-06-26,TLT,-0.0031516918,0.04452016,0.04767185,train,0.026558477
2020-06-29,EFA,-0.0018053523,0.007849302,0.009654654,train,0.020895291
2020-06-29,IWM,0.014349992,-0.017557539,0.031907532,train,0.07311159
2020-06-29,SPY,0.012728232,0.022455685,0.009727453,train,-0.04543442
2020-06-29,TLT,-0.0048682448,0.0052476814,0.010115926,train,0.04452016
2020-06-30,EFA,0.003771231,-0.025924604,0.029695835,train,0.007849302
2020-06-30,IWM,-0.009543515,-0.011725833,0.002182318,train,-0.017557539
2020-06-30,SPY,0.0069803083,-0.009344964,0.016325273,train,0.022455685
2020-06-30,TLT,-0.0019441246,0.0123039475,0.014248072,train,0.0052476814
2020-07-01,EFA,0.010905976,-0.0013082325,0.012214209,train,-0.025924604
2020-07-01,IWM,0.0040813037,-0.027858209,0.031939514,train,-0.011725833
2020-07-01,SPY,0.0054915654,0.06533121,0.059839647,train,-0.009344964
2020-07-01,TLT,0.0010393197,0.0028087143,0.0017693946,train,0.0123039475
2020-07-02,EFA,0.016218731,0.0037084296,0.012510302,train,-0.0013082325
2020-07-02,IWM,0.0072071943,0.007636955,0.00042976066,train,-0.027858209
2020-07-02,SPY,0.015319317,0.004083718,0.0112355985,train,0.06533121
2020-07-02,TLT,-0.0041033775,-0.006124557,0.0020211795,train,0.0028087143
2020-07-06,EFA,-0.014762826,0.012513303,0.027276129,train,0.0037084296
2020-07-06,IWM,-0.017867716,0.023204267,0.04107198,train,0.007636955
2020-07-06,SPY,-0.010367116,0.012787121,0.023154236,train,0.004083718
2020-07-06,TLT,0.013957843,0.0041204053,0.009837437,train,-0.006124557
2020-07-07,EFA,0.008371087,0.024927575,0.016556488,train,0.012513303
2020-07-07,IWM,0.007424947,-0.005323096,0.012748043,train,0.023204267
2020-07-07,SPY,0.00761941,0.017694067,0.010074657,train,0.012787121
2020-07-07,TLT,-0.0040024887,0.006313022,0.010315511,train,0.0041204053
2020-07-08,EFA,-0.011447334,-0.0035714987,0.0078758355,train,0.024927575
2020-07-08,IWM,-0.020427274,-0.014384122,0.006043152,train,-0.005323096
2020-07-08,SPY,-0.0057089766,-0.021064445,0.015355469,train,0.017694067
2020-07-08,TLT,0.015796686,-0.0037028822,0.019499568,train,0.006313022
2020-07-09,EFA,0.0106454855,-0.0037479205,0.014393406,train,-0.0035714987
2020-07-09,IWM,0.015978854,0.022841055,0.006862201,train,-0.014384122
2020-07-09,SPY,0.010158548,-0.009699583,0.019858131,train,-0.021064445
2020-07-09,TLT,-0.005037337,-0.010384205,0.0053468677,train,-0.0037028822
2020-07-10,EFA,-0.0064381785,-0.003091203,0.0033469754,train,-0.0037479205
2020-07-10,IWM,-0.01274793,0.011710052,0.024457984,train,0.022841055
2020-07-10,SPY,-0.008696626,0.012692192,0.021388818,train,-0.009699583
2020-07-10,TLT,0.00330107,0.004811431,0.0015103607,train,-0.010384205
2020-07-13,EFA,0.014586826,-0.0058051655,0.020391991,train,-0.003091203
2020-07-13,IWM,0.016420895,0.0009520962,0.015468799,train,0.011710052
2020-07-13,SPY,0.012875666,0.0009859288,0.011889737,train,0.012692192
2020-07-13,TLT,0.0014369428,-0.008093254,0.009530197,train,0.004811431
2020-07-14,EFA,0.011235463,-0.0052777464,0.01651321,train,-0.0058051655
2020-07-14,IWM,0.03600754,0.004848044,0.031159494,train,0.0009520962
2020-07-14,SPY,0.0091453055,0.0038611048,0.0052842004,train,0.0009859288
2020-07-14,TLT,-0.0046780957,0.023024872,0.027702969,train,-0.008093254
2020-07-15,EFA,-0.006472511,-0.0015325518,0.0049399594,train,-0.0052777464
2020-07-15,IWM,-0.005934779,0.050198745,0.056133524,train,0.004848044
2020-07-15,SPY,-0.0032986803,0.008482838,0.011781518,train,0.0038611048
2020-07-15,TLT,0.004738271,-0.001801121,0.006539392,train,0.023024872
2020-07-16,EFA,0.005842926,0.004153008,0.0016899179,train,-0.0015325518
2020-07-16,IWM,0.0029375749,0.0051959828,0.0022584079,train,0.050198745
2020-07-16,SPY,0.0028948677,-0.009962725,0.012857594,train,0.008482838
2020-07-16,TLT,-0.00209668,0.011776389,0.013873069,train,-0.001801121
2020-07-17,EFA,0.004869057,0.002909772,0.0019592848,train,0.004153008
2020-07-17,IWM,-0.0043068947,0.008597784,0.0129046785,train,0.0051959828
2020-07-17,SPY,0.008049294,0.00755073,0.00049856445,train,-0.009962725
2020-07-17,TLT,0.0024549495,0.0129569415,0.010501992,train,0.011776389
2020-07-20,EFA,0.0020349596,0.0042421483,0.0022071886,train,0.002909772
2020-07-20,IWM,0.01408217,0.007744039,0.006338131,train,0.008597784
2020-07-20,SPY,0.0021249182,-0.00048569916,0.0026106173,train,0.00755073
2020-07-20,TLT,0.0005979843,0.01113602,0.010538035,train,0.0129569415
2020-07-21,EFA,0.0026549543,-0.0022024363,0.0048573907,train,0.0042421483
2020-07-21,IWM,0.0005405795,0.0032311464,0.002690567,train,0.007744039
2020-07-21,SPY,0.0056759706,0.004886925,0.00078904536,train,-0.00048569916
2020-07-21,TLT,0.002984246,0.010008184,0.007023938,train,0.01113602
2020-07-22,EFA,-0.00798575,0.00033150846,0.008317258,train,-0.0022024363
2020-07-22,IWM,0.0010121797,-0.004050336,0.0050625154,train,0.0032311464
2020-07-22,SPY,-0.01200369,2.2813445e-05,0.012026504,train,0.004886925
2020-07-22,TLT,0.01161379,0.0032194392,0.008394351,train,0.010008184
2020-07-23,EFA,-0.0055174567,-0.0064258296,0.0009083729,train,0.00033150846
2020-07-23,IWM,-0.014812956,-0.008464758,0.0063481973,train,-0.004050336
2020-07-23,SPY,-0.006461184,0.0052243983,0.011685582,train,2.2813445e-05
2020-07-23,TLT,-5.850036e-05,0.003015635,0.0030741354,train,0.0032194392
2020-07-24,EFA,0.013035007,-0.0050123557,0.018047363,train,-0.0064258296
2020-07-24,IWM,0.01035146,-0.014341409,0.02469287,train,-0.008464758
2020-07-24,SPY,0.0072662616,8.8504516e-05,0.007177757,train,0.0052243983
2020-07-24,TLT,-0.0037187506,-0.010731004,0.0070122536,train,0.003015635
2020-07-27,EFA,-0.0064178016,-0.005198122,0.0012196796,train,-0.0050123557
2020-07-27,IWM,-0.010009264,-0.018236201,0.008226938,train,-0.014341409
2020-07-27,SPY,-0.0063626682,-0.0100854635,0.0037227953,train,8.8504516e-05
2020-07-27,TLT,0.0068952963,-0.0016606129,0.00855591,train,-0.010731004
2020-07-28,EFA,0.010466355,-0.0013263347,0.01179269,train,-0.005198122
2020-07-28,IWM,0.02179565,-0.0037321956,0.025527844,train,-0.018236201
2020-07-28,SPY,0.012223698,-0.008180584,0.020404283,train,-0.0100854635
2020-07-28,TLT,-0.0017051668,0.016205952,0.017911118,train,-0.0016606129
2020-07-29,EFA,-0.014873051,0.00091738906,0.01579044,train,-0.0013263347
2020-07-29,IWM,-0.0039580073,0.031904466,0.035862476,train,-0.0037321956
2020-07-29,SPY,-0.0035742142,-0.007931934,0.00435772,train,-0.008180584
2020-07-29,TLT,0.006567378,-0.0040368047,0.010604182,train,0.016205952
2020-07-30,EFA,-0.021523153,0.002162653,0.023685805,train,0.00091738906
2020-07-30,IWM,-0.009455828,0.00040956424,0.009865392,train,0.031904466
2020-07-30,SPY,0.007870907,0.008437153,0.000566246,train,-0.007931934
2020-07-30,TLT,-0.0006431226,0.014197959,0.014841082,train,-0.0040368047
2020-07-31,EFA,0.019312644,0.013180362,0.0061322823,train,0.002162653
2020-07-31,IWM,0.016155336,0.0046330974,0.011522239,train,0.00040956424
2020-07-31,SPY,0.0069284774,0.016220853,0.009292375,train,0.008437153
2020-07-31,TLT,-0.005047548,-0.0026366338,0.0024109143,train,0.014197959
2020-08-03,EFA,0.0055174567,0.006454831,0.0009373743,train,0.013180362
2020-08-03,IWM,0.006854099,-0.005962502,0.012816601,train,0.0046330974
2020-08-03,SPY,0.0038550226,-0.008849925,0.012704948,train,0.016220853
2020-08-03,TLT,0.009486934,0.00032093655,0.009165998,train,-0.0026366338
2020-08-04,EFA,0.0032958358,-0.00035203155,0.0036478674,train,0.006454831
2020-08-04,IWM,0.019700063,0.004976469,0.014723594,train,-0.005962502
2020-08-04,SPY,0.0061919214,-0.0030027903,0.009194711,train,-0.008849925
2020-08-04,TLT,-0.008781489,0.006022733,0.014804222,train,0.00032093655
2020-08-05,EFA,0.0010963433,-0.011271011,0.012367355,train,-0.00035203155
2020-08-05,IWM,-0.00039040463,-0.0031094872,0.0027190826,train,0.004976469
2020-08-05,SPY,0.006662005,0.0114378,0.0047757947,train,-0.0030027903
2020-08-05,TLT,0.0055705705,-0.00583345,0.011404021,train,0.006022733
2020-08-06,EFA,-0.004077761,-0.007092134,0.0030143731,train,-0.011271011
2020-08-06,IWM,0.01574754,0.0033741067,0.0123734325,train,-0.0031094872
2020-08-06,SPY,0.0007176108,0.0061880453,0.005470434,train,0.0114378
2020-08-06,TLT,-0.006688482,0.006059067,0.0127475485,train,-0.00583345
2020-08-07,EFA,0.003294872,0.0027980069,0.000496865,train,-0.007092134
2020-08-07,IWM,0.010319906,0.0040939935,0.006225913,train,0.0033741067
2020-08-07,SPY,0.0029846618,0.0032375767,0.00025291485,train,0.0061880453
2020-08-07,TLT,-0.00448333,-0.0037786178,0.00070471223,train,0.006059067
2020-08-10,EFA,0.0035962397,-0.0038575833,0.007453823,train,0.0027980069
2020-08-10,IWM,-0.005783772,0.002420297,0.008204069,train,0.0040939935
2020-08-10,SPY,-0.00828915,-0.0015024887,0.006786661,train,0.0032375767
2020-08-10,TLT,-0.011956255,-0.004916084,0.007040171,train,-0.0037786178
2020-08-11,EFA,0.021921348,0.00068050716,0.021240842,train,-0.0038575833
2020-08-11,IWM,0.004071184,0.006556252,0.002485068,train,0.002420297
2020-08-11,SPY,0.013846193,-0.01974998,0.033596173,train,-0.0015024887
2020-08-11,TLT,-0.009137914,-0.0088380845,0.00029982906,train,-0.004916084
2020-08-12,EFA,-0.004438168,-0.023686267,0.0192481,train,0.00068050716
2020-08-12,IWM,-0.0020971312,0.0008659209,0.0029630521,train,0.006556252
2020-08-12,SPY,-0.0018094139,-0.008023205,0.006213791,train,-0.01974998
2020-08-12,TLT,-0.010746215,-0.0020020595,0.008744155,train,-0.0088380845
2020-08-13,EFA,-0.006153699,0.0006803246,0.0068340236,train,-0.023686267
2020-08-13,IWM,-0.00063643605,-0.00039468613,0.00024174992,train,0.0008659209
2020-08-13,SPY,2.9652036e-05,0.0024185793,0.0023889272,train,-0.008023205
2020-08-13,TLT,-0.0039142086,0.0043154787,0.008229688,train,-0.0020020595
2020-08-14,EFA,0.007533204,-0.0032906383,0.010823842,train,0.0006803246
2020-08-14,IWM,0.005142891,-0.00019057933,0.00533347,train,-0.00039468613
2020-08-14,SPY,0.003171698,0.01559343,0.012421732,train,0.0024185793
2020-08-14,TLT,0.0025086869,-0.0009145858,0.0034232726,train,0.0043154787
2020-08-17,EFA,-0.0006128707,-0.009294255,0.008681384,train,-0.0032906383
2020-08-17,IWM,-0.009608799,-0.016216725,0.0066079265,train,-0.00019057933
2020-08-17,SPY,0.0021580157,-0.0045043407,0.0066623567,train,0.01559343
2020-08-17,TLT,0.0071271444,-0.0020901514,0.009217296,train,-0.0009145858
2020-08-18,EFA,-0.0044543906,0.0014234046,0.005877795,train,-0.009294255
2020-08-18,IWM,6.351845e-05,-0.002339244,0.0024027624,train,-0.016216725
2020-08-18,SPY,-0.004172308,0.018063791,0.0222361,train,-0.0045043407
2020-08-18,TLT,-0.0062707937,-0.0066492828,0.00037848903,train,-0.0020901514
2020-08-19,EFA,-0.0032379024,-0.0049326606,0.0016947582,train,0.0014234046
2020-08-19,IWM,-0.004100295,0.0011611201,0.0052614147,train,-0.002339244
2020-08-19,SPY,0.0031086935,-0.022734948,0.02584364,train,0.018063791
2020-08-19,TLT,0.008997828,0.0011046948,0.007893133,train,-0.0066492828
2020-08-20,EFA,-0.0051094894,0.012032522,0.01714201,train,-0.0049326606
2020-08-20,IWM,-0.0074104634,0.0023082427,0.009718706,train,0.0011611201
2020-08-20,SPY,0.0035409578,-0.0029112375,0.0064521953,train,-0.022734948
2020-08-20,TLT,0.005975012,0.00073872437,0.0052362876,train,0.0011046948
2020-08-21,EFA,0.013108092,-0.0034749885,0.016583081,train,0.012032522
2020-08-21,IWM,0.010423598,0.0010196499,0.009403948,train,0.0023082427
2020-08-21,SPY,0.010082258,0.011652518,0.0015702602,train,-0.0029112375
2020-08-21,TLT,-0.0016262094,-0.0045713745,0.0029451651,train,0.00073872437
2020-08-24,EFA,0.0006128897,0.006337398,0.0057245083,train,-0.0034749885
2020-08-24,IWM,0.0010871605,-0.0002744384,0.001361599,train,0.0010196499
2020-08-24,SPY,0.0034931293,3.6326237e-05,0.003456803,train,0.011652518
2020-08-24,TLT,-0.0076828795,-0.0054584714,0.002224408,train,-0.0045713745
2020-08-25,EFA,0.005801602,0.0021894397,0.003612162,train,0.006337398
2020-08-25,IWM,-0.006285273,0.001388981,0.007674254,train,-0.0002744384
2020-08-25,SPY,0.009975628,-0.007064729,0.017040357,train,3.6326237e-05
2020-08-25,TLT,-0.0038331773,-0.007497184,0.0036640067,train,-0.0054584714
2020-08-26,EFA,-0.010251891,0.003242887,0.013494778,train,0.0021894397
2020-08-26,IWM,0.0024421527,-0.006154976,0.008597128,train,0.001388981
2020-08-26,SPY,0.002184504,0.0325171,0.030332597,train,-0.007064729
2020-08-26,TLT,-0.01715572,-0.0023701042,0.014785616,train,-0.007497184
2020-08-27,EFA,0.007049891,0.008312534,0.0012626424,train,0.003242887
2020-08-27,IWM,0.008436347,-0.0013947217,0.009831069,train,-0.006154976
2020-08-27,SPY,0.0064381496,0.016251564,0.009813415,train,0.0325171
2020-08-27,TLT,-0.0007446523,-0.0061949333,0.005450281,train,-0.0023701042
2020-08-28,EFA,-0.0076651694,0.010512275,0.018177444,train,0.008312534
2020-08-28,IWM,-0.010814375,-5.2300282e-05,0.010762075,train,-0.0013947217
2020-08-28,SPY,-0.00362869,-0.0043605855,0.00073189544,train,0.016251564
2020-08-28,TLT,0.006618943,0.00027149962,0.0063474434,train,-0.0061949333
2020-08-31,EFA,0.0010766437,0.0001979929,0.0008786508,train,0.010512275
2020-08-31,IWM,0.011387191,-0.0048062494,0.01619344,train,-5.2300282e-05
2020-08-31,SPY,0.009374082,-0.004762846,0.014136928,train,-0.0043605855
2020-08-31,TLT,0.011373067,0.02012477,0.008751703,train,0.00027149962
2020-09-01,EFA,0.013285662,-0.0012286417,0.014514304,train,0.0001979929
2020-09-01,IWM,0.007919582,-0.0032605296,0.011180111,train,-0.0048062494
2020-09-01,SPY,0.014360647,-0.0081548,0.022515446,train,-0.004762846
2020-09-01,TLT,0.009475404,-0.015868373,0.025343778,train,0.02012477
2020-09-02,EFA,-0.022862686,-0.00243299,0.020429697,train,-0.0012286417
2020-09-02,IWM,-0.02997925,-0.0017800285,0.028199222,train,-0.0032605296
2020-09-02,SPY,-0.03502043,0.0061883456,0.041208774,train,-0.0081548
2020-09-02,TLT,0.0028370272,-0.012562879,0.015399907,train,-0.015868373
2020-09-03,EFA,0.0013958403,0.013465192,0.012069352,train,-0.00243299
2020-09-03,IWM,-0.0063931267,0.017336892,0.02373002,train,-0.0017800285
2020-09-03,SPY,-0.008198196,-0.0644741,0.056275904,train,0.0061883456
2020-09-03,TLT,-0.019171173,-0.0053873993,0.013783773,train,-0.012562879
2020-09-04,EFA,-0.012319692,0.00016038469,0.012480077,train,0.013465192
2020-09-04,IWM,-0.019428331,-0.016240936,0.0031873956,train,0.017336892
2020-09-04,SPY,-0.027703172,0.0085117025,0.036214873,train,-0.0644741
2020-09-04,TLT,0.006125945,0.021505546,0.0153796,train,-0.0053873993
2020-09-08,EFA,0.018500293,0.019417971,0.0009176787,train,0.00016038469
2020-09-08,IWM,0.015034172,-0.00076722447,0.015801396,train,-0.016240936
2020-09-08,SPY,0.019554889,-0.008760498,0.028315388,train,0.0085117025
2020-09-08,TLT,-0.0026907495,-0.011326465,0.008635716,train,0.021505546
2020-09-09,EFA,-0.01177576,-0.011398663,0.00037709717,train,0.019417971
2020-09-09,IWM,-0.013100707,0.059534527,0.07263523,train,-0.00076722447
2020-09-09,SPY,-0.017515926,-0.040565144,0.023049219,train,-0.008760498
2020-09-09,TLT,0.005069964,0.002160753,0.0029092112,train,-0.011326465
2020-09-10,EFA,0.009925733,0.016124733,0.0061989995,train,-0.011398663
2020-09-10,IWM,-0.006682814,-0.03209285,0.025410037,train,0.059534527
2020-09-10,SPY,0.00050869735,-0.006374889,0.0068835863,train,-0.040565144
2020-09-10,TLT,0.0021304511,-0.0020784806,0.0042089317,train,0.002160753
2020-09-11,EFA,0.0053866836,-0.008002585,0.013389269,train,0.016124733
2020-09-11,IWM,0.026008662,0.007096881,0.01891178,train,-0.03209285
2020-09-11,SPY,0.0130855655,-0.0059666196,0.019052185,train,-0.006374889
2020-09-11,TLT,-6.0898008e-05,-0.003434671,0.003373773,train,-0.0020784806
2020-09-14,EFA,0.0064257868,-0.008783386,0.015209173,train,-0.008002585
2020-09-14,IWM,0.0018924072,0.0645446,0.06265219,train,0.007096881
2020-09-14,SPY,0.0050393743,0.017978061,0.012938687,train,-0.0059666196
2020-09-14,TLT,-0.0024350064,0.007419683,0.009854689,train,-0.003434671
2020-09-15,EFA,0.0,-0.023982387,0.023982387,train,-0.008783386
2020-09-15,IWM,0.009409849,0.013896091,0.0044862423,train,0.0645446
2020-09-15,SPY,-0.0039763255,0.046608265,0.050584592,train,0.017978061
2020-09-15,TLT,-0.002991218,-0.003100181,0.00010896311,train,0.007419683
2020-09-16,EFA,0.001371863,-0.014467294,0.015839158,train,-0.023982387
2020-09-16,IWM,-0.0073252805,-0.003953299,0.0033719814,train,0.013896091
2020-09-16,SPY,-0.008834341,-0.012223625,0.003389284,train,0.046608265
2020-09-16,TLT,0.0030518244,0.0073672133,0.004315389,train,-0.003100181
2020-09-17,EFA,-0.008104869,-0.016236302,0.008131432,train,-0.014467294
2020-09-17,IWM,-0.002606177,-2.0828098e-05,0.002585349,train,-0.003953299
2020-09-17,SPY,-0.011579357,-0.011535515,4.384201e-05,train,-0.012223625
2020-09-17,TLT,-0.0031125057,0.0018542362,0.004966742,train,0.0073672133
2020-09-18,EFA,-0.025660252,-0.00989707,0.015763182,train,-0.016236302
2020-09-18,IWM,-0.035659935,0.0042060097,0.039865945,train,-2.0828098e-05
2020-09-18,SPY,-0.011192028,-0.007033379,0.0041586496,train,-0.011535515
2020-09-18,TLT,0.005061394,0.005896684,0.0008352897,train,0.0018542362
2020-09-21,EFA,-0.00031530304,0.018134795,0.018450098,train,-0.00989707
2020-09-21,IWM,0.0076771327,0.018264983,0.010587851,train,0.0042060097
2020-09-21,SPY,0.010132888,-0.0392985,0.04943139,train,-0.007033379
2020-09-21,TLT,-0.0007912504,0.00940065,0.010191901,train,0.005896684
2020-09-22,EFA,-0.008386672,0.0017232955,0.010109967,train,0.018134795
2020-09-22,IWM,-0.030245015,0.09252024,0.12276525,train,0.018264983
2020-09-22,SPY,-0.02346431,0.0066172583,0.03008157,train,-0.0392985
2020-09-22,TLT,0.0013380058,0.0030554275,0.0017174217,train,0.00940065
2020-09-23,EFA,-0.0009539087,-0.0035450282,0.0025911194,train,0.0017232955
2020-09-23,IWM,0.0,-0.03195953,0.03195953,train,0.09252024
2020-09-23,SPY,0.0026622524,-0.00051682163,0.003179074,train,0.0066172583
2020-09-23,TLT,0.0038228752,-0.005739659,0.009562534,train,0.0030554275
2020-09-24,EFA,0.0033348498,-0.0072523886,0.010587239,train,-0.0035450282
2020-09-24,IWM,0.016111545,0.012674976,0.0034365691,train,-0.03195953
2020-09-24,SPY,0.016037727,-0.0009202799,0.016958006,train,-0.00051682163
2020-09-24,TLT,0.0,-0.020046905,0.020046905,train,-0.005739659
2020-09-25,EFA,0.014947866,-0.006877546,0.021825412,train,-0.0072523886
2020-09-25,IWM,0.024357807,0.07379241,0.049434606,train,0.012674976
2020-09-25,SPY,0.016472608,-0.038678173,0.05515078,train,-0.0009202799
2020-09-25,TLT,-0.0028497276,-0.006055261,0.0032055334,train,-0.020046905
2020-09-28,EFA,-0.0010939449,-0.053329024,0.052235078,train,-0.006877546
2020-09-28,IWM,-0.0045433096,-0.004234354,0.00030895555,train,0.07379241
2020-09-28,SPY,-0.0054608737,0.002860757,0.008321631,train,-0.038678173
2020-09-28,TLT,0.0011523177,-0.0065376684,0.0076899864,train,-0.006055261
2020-09-29,EFA,-0.0048585148,-0.008445718,0.0035872036,train,-0.053329024
2020-09-29,IWM,0.0030090709,-0.034335535,0.037344605,train,-0.004234354
2020-09-29,SPY,0.0075533176,0.0019618152,0.0055915024,train,0.002860757
2020-09-29,TLT,-0.009631049,-0.00080684526,0.008824203,train,-0.0065376684
2020-09-30,EFA,0.005796245,0.0069914246,0.0011951798,train,-0.008445718
2020-09-30,IWM,0.015829451,0.013966092,0.0018633595,train,-0.034335535
2020-09-30,SPY,0.006399266,0.0137952585,0.0073959925,train,0.0019618152
2020-09-30,TLT,0.0016480498,0.0051836306,0.0035355808,train,-0.00080684526
2020-10-01,EFA,-0.0020326618,-0.011896242,0.009863581,train,0.0069914246
2020-10-01,IWM,0.004393329,0.019420095,0.015026766,train,0.013966092
2020-10-01,SPY,-0.009539526,0.010872705,0.02041223,train,0.0137952585
2020-10-01,TLT,-0.0037410443,-0.0046035293,0.00086248503,train,0.0051836306
2020-10-02,EFA,0.015068134,-0.0024488806,0.017517015,train,-0.011896242
2020-10-02,IWM,0.027234204,0.012114366,0.0151198385,train,0.019420095
2020-10-02,SPY,0.017577723,0.0059092958,0.011668427,train,0.010872705
2020-10-02,TLT,-0.019732798,-0.0054651666,0.014267631,train,-0.0046035293
2020-10-05,EFA,-0.010695303,-0.011196054,0.0005007507,train,-0.0024488806
2020-10-05,IWM,-0.0028691967,0.014720756,0.017589953,train,0.012114366
2020-10-05,SPY,-0.014317766,-0.0026876535,0.011630112,train,0.0059092958
2020-10-05,TLT,0.0053749946,0.003951232,0.0014237626,train,-0.0054651666
2020-10-06,EFA,0.008534675,-0.019708447,0.028243123,train,-0.011196054
2020-10-06,IWM,0.021601297,-0.020518415,0.04211971,train,0.014720756
2020-10-06,SPY,0.017256666,-0.003497311,0.020753976,train,-0.0026876535
2020-10-06,TLT,-0.0073192692,0.0035543796,0.010873649,train,0.003951232
2020-10-07,EFA,0.006928858,-0.018694475,0.025623333,train,-0.019708447
2020-10-07,IWM,0.011307869,0.0030127182,0.0082951505,train,-0.020518415
2020-10-07,SPY,0.00882368,0.0069421167,0.0018815631,train,-0.003497311
2020-10-07,TLT,0.0053847516,-0.0027656183,0.00815037,train,0.0035543796
2020-10-08,EFA,0.0077952663,-0.018594708,0.026389975,train,-0.018694475
2020-10-08,IWM,0.0051764073,-0.008637627,0.013814034,train,0.0030127182
2020-10-08,SPY,0.008890486,-0.007905901,0.016796388,train,0.0069421167
2020-10-08,TLT,-0.00018714862,5.5017415e-05,0.00024216603,train,-0.0027656183
2020-10-09,EFA,0.0057688775,0.0065051336,0.00073625613,train,-0.018594708
2020-10-09,IWM,0.0066770264,-0.0011492744,0.0078263,train,-0.008637627
2020-10-09,SPY,0.015959289,0.015766978,0.00019231066,train,-0.007905901
2020-10-09,TLT,0.0031808142,-0.00033271592,0.0035135301,train,5.5017415e-05
2020-10-12,EFA,-0.011265152,0.0014033406,0.012668492,train,0.0065051336
2020-10-12,IWM,-0.0066770264,-0.010593816,0.0039167893,train,-0.0011492744
2020-10-12,SPY,-0.006547214,-0.0003439961,0.006203218,train,0.015766978
2020-10-12,TLT,0.007135491,-0.000932293,0.008067784,train,-0.00033271592
2020-10-13,EFA,-0.0016854377,0.013215321,0.014900759,train,0.0014033406
2020-10-13,IWM,-0.009944571,0.017818961,0.027763532,train,-0.010593816
2020-10-13,SPY,-0.006303552,0.025115348,0.0314189,train,-0.0003439961
2020-10-13,TLT,0.0022845312,0.0026875809,0.00040304963,train,-0.000932293
2020-10-14,EFA,-0.01187814,-0.0012800107,0.01059813,train,0.013215321
2020-10-14,IWM,0.010252351,-0.010799045,0.021051396,train,0.017818961
2020-10-14,SPY,-0.0012363546,0.006261888,0.0074982424,train,0.025115348
2020-10-14,TLT,-0.001728393,-0.019737542,0.018009149,train,0.0026875809
2020-10-15,EFA,0.004644547,-0.0050718104,0.009716358,train,-0.0012800107
2020-10-15,IWM,-0.0024609847,-0.0080750715,0.005614087,train,-0.010799045
2020-10-15,SPY,-0.0006046649,0.020200562,0.020805227,train,0.006261888
2020-10-15,TLT,-0.0027844592,-0.027198248,0.024413789,train,-0.019737542
2020-10-16,EFA,-0.0037139382,-0.0055106934,0.0017967552,train,-0.0050718104
2020-10-16,IWM,-0.012021598,-0.019194335,0.0071727363,train,-0.0080750715
2020-10-16,SPY,-0.015320102,0.00077950116,0.016099602,train,0.020200562
2020-10-16,TLT,-0.0037867958,-0.007087404,0.0033006081,train,-0.027198248
2020-10-19,EFA,0.0049490207,0.0005021901,0.0044468306,train,-0.0055106934
2020-10-19,IWM,0.0021795216,-0.0034099016,0.0055894232,train,-0.019194335
2020-10-19,SPY,0.0039978344,0.033657942,0.029660108,train,0.00077950116
2020-10-19,TLT,-0.00956196,-0.009420914,0.00014104601,train,-0.007087404
2020-10-20,EFA,-0.0047939685,-0.0017052256,0.003088743,train,0.0005021901
2020-10-20,IWM,-0.008621214,-0.017430287,0.008809073,train,-0.0034099016
2020-10-20,SPY,-0.0018950364,0.03653805,0.038433086,train,0.033657942
2020-10-20,TLT,-0.0034591903,-0.0001019286,0.0033572617,train,-0.009420914
2020-10-21,EFA,0.00077462173,0.0018941602,0.0011195384,train,-0.0017052256
2020-10-21,IWM,0.0171071,-0.0024025328,0.019509632,train,-0.017430287
2020-10-21,SPY,0.0054705082,0.024341218,0.01887071,train,0.03653805
2020-10-21,TLT,-0.0104516735,8.855015e-05,0.010540224,train,-0.0001019286
2020-10-22,EFA,0.006484737,-0.004260526,0.010745263,train,0.0018941602
2020-10-22,IWM,0.0057810554,-0.002160376,0.007941431,train,-0.0024025328
2020-10-22,SPY,0.0033894647,-0.001949734,0.0053391987,train,0.024341218
2020-10-22,TLT,0.0060939896,0.0046946052,0.0013993843,train,8.855015e-05
2020-10-23,EFA,-0.0181698,-0.00810393,0.010065869,train,-0.004260526
2020-10-23,IWM,-0.021822127,-0.0012220377,0.020600088,train,-0.002160376
2020-10-23,SPY,-0.018652976,0.013233853,0.031886827,train,-0.001949734
2020-10-23,TLT,0.009260379,-0.002650979,0.011911358,train,0.0046946052
2020-10-26,EFA,-0.00786657,0.0344928,0.042359367,train,-0.00810393
2020-10-26,IWM,-0.008623801,0.0018098834,0.010433685,train,-0.0012220377
2020-10-26,SPY,-0.003453295,0.024679374,0.02813267,train,0.013233853
2020-10-26,TLT,0.0066868556,-0.009056969,0.015743824,train,-0.002650979
2020-10-27,EFA,-0.030307777,0.012842009,0.043149784,train,0.0344928
2020-10-27,IWM,-0.031271685,0.0014985041,0.03277019,train,0.0018098834
2020-10-27,SPY,-0.034776684,-0.006753267,0.028023418,train,0.024679374
2020-10-27,TLT,0.0009337236,0.0029302137,0.0019964902,train,-0.009056969
2020-10-28,EFA,0.004710374,0.03486979,0.030159416,train,0.012842009
2020-10-28,IWM,0.0118659735,0.05051365,0.038647678,train,0.0014985041
2020-10-28,SPY,0.0101124095,0.053805757,0.04369335,train,-0.006753267
2020-10-28,TLT,-0.009755123,-0.002444663,0.0073104603,train,0.0029302137
2020-10-29,EFA,-0.0051990137,-0.03240677,0.027207756,train,0.03486979
2020-10-29,IWM,-0.013302298,-0.03861926,0.025316963,train,0.05051365
2020-10-29,SPY,-0.01047963,0.002638842,0.013118472,train,0.053805757
2020-10-29,TLT,-0.00991438,0.03154815,0.04146253,train,-0.002444663
2020-10-30,EFA,0.012947419,-0.045052018,0.057999436,train,-0.03240677
2020-10-30,IWM,0.01767602,-0.032429155,0.050105177,train,-0.03861926
2020-10-30,SPY,0.011146032,0.048125137,0.036979105,train,0.002638842
2020-10-30,TLT,0.007463127,0.0035179828,0.003945144,train,0.03154815
2020-11-02,EFA,0.025872225,0.0033461982,0.022526026,train,-0.045052018
2020-11-02,IWM,0.027971452,0.008048663,0.01992279,train,-0.032429155
2020-11-02,SPY,0.017501714,0.01883103,0.0013293158,train,0.048125137
2020-11-02,TLT,-0.0058183772,-0.009748451,0.003930074,train,0.0035179828
2020-11-03,EFA,0.010908602,0.06529957,0.054390967,train,0.0033461982
2020-11-03,IWM,0.0011222034,0.0034055635,0.00228336,train,0.008048663
2020-11-03,SPY,0.02210321,0.006650471,0.01545274,train,0.01883103
2020-11-03,TLT,0.02145986,-0.01866011,0.04011997,train,-0.009748451
2020-11-04,EFA,0.023739778,0.019973252,0.0037665255,train,0.06529957
2020-11-04,IWM,0.02760449,0.01592778,0.01167671,train,0.0034055635
2020-11-04,SPY,0.019314917,0.025923293,0.0066083763,train,0.006650471
2020-11-04,TLT,0.001736689,0.015570921,0.0138342315,train,-0.01866011
2020-11-05,EFA,0.0021165262,-0.004145057,0.0062615834,train,0.019973252
2020-11-05,IWM,-0.007853077,0.019760221,0.027613297,train,0.01592778
2020-11-05,SPY,-0.00022847229,0.021271095,0.021499567,train,0.025923293
2020-11-05,TLT,-0.012158052,-0.00726817,0.004889882,train,0.015570921
2020-11-06,EFA,0.028733,0.038213234,0.009480234,train,-0.004145057
2020-11-06,IWM,0.0356013,0.037428614,0.0018273145,train,0.019760221
2020-11-06,SPY,0.01248743,0.008921165,0.003566265,train,0.021271095
2020-11-06,TLT,-0.021238932,0.00015647849,0.021395411,train,-0.00726817
2020-11-09,EFA,0.008912144,0.013736941,0.0048247967,train,0.038213234
2020-11-09,IWM,0.01840784,0.043061223,0.024653383,train,0.037428614
2020-11-09,SPY,-0.0014673749,0.004859087,0.006326462,train,0.008921165
2020-11-09,TLT,-0.0057841134,0.02402053,0.029804643,train,0.00015647849
2020-11-10,EFA,0.008401183,0.017191738,0.0087905545,train,0.013736941
2020-11-10,IWM,-0.0004054452,0.019947447,0.020352893,train,0.043061223
2020-11-10,SPY,0.0074011395,0.02449077,0.017089631,train,0.004859087
2020-11-10,TLT,0.003602654,0.007762981,0.004160327,train,0.02402053
2020-11-11,EFA,-0.014675219,-0.009791886,0.004883332,train,0.017191738
2020-11-11,IWM,-0.015469586,0.011976,0.027445585,train,0.019947447
2020-11-11,SPY,-0.009748501,0.008464464,0.018212965,train,0.02449077
2020-11-11,TLT,0.016874766,0.0016776999,0.015197067,train,0.007762981
2020-11-12,EFA,0.015251904,-0.004712398,0.019964302,train,-0.009791886
2020-11-12,IWM,0.020497026,0.017827846,0.0026691798,train,0.011976
2020-11-12,SPY,0.013749298,-0.021553643,0.03530294,train,0.008464464
2020-11-12,TLT,-0.0013270353,0.0017851335,0.0031121687,train,0.0016776999
2020-11-13,EFA,0.010325715,-0.023211494,0.03353721,train,-0.004712398
2020-11-13,IWM,0.023524985,0.00200606,0.021518925,train,0.017827846
2020-11-13,SPY,0.012405495,-0.018875543,0.03128104,train,-0.021553643
2020-11-13,TLT,-0.002405483,0.0036090869,0.0060145697,train,0.0017851335
2020-11-16,EFA,-0.0009995719,-0.01540991,0.014410338,train,-0.023211494
2020-11-16,IWM,0.004661653,-0.003758437,0.00842009,train,0.00200606
2020-11-16,SPY,-0.0053927214,-0.009452817,0.0040600956,train,-0.018875543
2020-11-16,TLT,0.0065064067,-0.0074533923,0.013959799,train,0.0036090869
2020-11-17,EFA,-0.0052979263,-0.007901087,0.0026031611,train,-0.01540991
2020-11-17,IWM,-0.014107737,-0.0037092082,0.010398529,train,-0.003758437
2020-11-17,SPY,-0.012107916,0.0011612764,0.013269193,train,-0.009452817
2020-11-17,TLT,0.0028933175,-0.030756187,0.033649504,train,-0.0074533923
2020-11-18,EFA,0.0070106653,0.0019907798,0.0050198855,train,-0.007901087
2020-11-18,IWM,0.0076428675,0.004742786,0.0029000817,train,-0.0037092082
2020-11-18,SPY,0.0042014737,0.024023958,0.019822484,train,0.0011612764
2020-11-18,TLT,0.0051343455,-0.031731617,0.03686596,train,-0.030756187
2020-11-19,EFA,0.002989517,0.0084018605,0.0054123434,train,0.0019907798
2020-11-19,IWM,0.0010710773,0.0018840951,0.00081301783,train,0.004742786
2020-11-19,SPY,-0.006871348,0.01470831,0.021579659,train,0.024023958
2020-11-19,TLT,0.008831618,-0.003001568,0.011833186,train,-0.031731617
2020-11-20,EFA,-0.0012802829,-0.013452987,0.012172705,train,0.0084018605
2020-11-20,IWM,0.018531427,0.021585837,0.0030544102,train,0.0018840951
2020-11-20,SPY,0.0059763286,0.0024576369,0.0035186918,train,0.01470831
2020-11-20,TLT,-0.004592273,-0.0021800054,0.0024122675,train,-0.003001568
2020-11-23,EFA,0.014833944,0.0005121203,0.014321824,train,-0.013452987
2020-11-23,IWM,0.018628433,-0.03707764,0.055706073,train,0.021585837
2020-11-23,SPY,0.015985435,0.053455573,0.03747014,train,0.0024576369
2020-11-23,TLT,-0.010002237,0.008361158,0.018363394,train,-0.0021800054
2020-11-24,EFA,-0.001262847,-0.008603233,0.007340386,train,0.0005121203
2020-11-24,IWM,-0.0034255453,-0.004109376,0.0006838308,train,-0.03707764
2020-11-24,SPY,-0.0015430765,0.02220283,0.023745907,train,0.053455573
2020-11-24,TLT,-0.0030832943,0.008779789,0.011863084,train,0.008361158
2020-11-25,EFA,0.0068567107,0.0008256396,0.006031071,train,-0.008603233
2020-11-25,IWM,0.004239492,-0.017881028,0.02212052,train,-0.004109376
2020-11-25,SPY,0.002781206,0.009914217,0.007133011,train,0.02220283
2020-11-25,TLT,0.009658289,0.008957474,0.0007008156,train,0.008779789
2020-11-27,EFA,-0.021994585,0.0037118678,0.025706453,train,0.0008256396
2020-11-27,IWM,-0.018336693,-0.034484956,0.016148264,train,-0.017881028
2020-11-27,SPY,-0.004436929,-0.0025692815,0.0018676473,train,0.009914217
2020-11-27,TLT,-0.0012486763,0.0011188325,0.0023675088,train,0.008957474
2020-11-30,EFA,0.023248684,0.0125763975,0.010672286,train,0.0037118678
2020-11-30,IWM,0.009237859,0.03146435,0.02222649,train,-0.034484956
2020-11-30,SPY,0.010877859,0.013840689,0.0029628305,train,-0.0025692815
2020-11-30,TLT,-0.014854539,0.02397167,0.03882621,train,0.0011188325
2020-12-01,EFA,0.00013916362,0.006403439,0.0062642754,train,0.0125763975
2020-12-01,IWM,0.0010393166,-0.0074478863,0.008487203,train,0.03146435
2020-12-01,SPY,0.0021017778,-0.0262529,0.028354676,train,0.013840689
2020-12-01,TLT,-0.007968311,0.023456845,0.031425156,train,0.02397167
2020-12-02,EFA,0.0016698308,0.023619112,0.02194928,train,0.006403439
2020-12-02,IWM,0.00561604,-0.005631416,0.011247456,train,-0.0074478863
2020-12-02,SPY,-0.00027259823,0.014739907,0.015012505,train,-0.0262529
2020-12-02,TLT,0.008031592,0.008418393,0.00038680155,train,0.023456845
2020-12-03,EFA,0.008444478,0.036959987,0.02851551,train,0.023619112
2020-12-03,IWM,0.02300424,-0.018094577,0.04109882,train,-0.005631416
2020-12-03,SPY,0.0085806865,0.00048779277,0.008092893,train,0.014739907
2020-12-03,TLT,-0.014774272,-0.006177728,0.008596544,train,0.008418393
2020-12-04,EFA,-0.008166422,-0.0023802915,0.0057861307,train,0.036959987
2020-12-04,IWM,0.00095608126,-0.0143961655,0.015352246,train,-0.018094577
2020-12-04,SPY,-0.0020569724,0.0011211303,0.0031781027,train,0.00048779277
2020-12-04,TLT,0.008980597,0.023052841,0.014072244,train,-0.006177728
2020-12-07,EFA,0.0034684953,0.0027972003,0.000671295,train,-0.0023802915
2020-12-07,IWM,0.0127643375,-0.009766855,0.022531193,train,-0.0143961655
2020-12-07,SPY,0.0029214888,0.0108512705,0.007929781,train,0.0011211303
2020-12-07,TLT,0.0047137095,-0.007946727,0.012660436,train,0.023052841
2020-12-08,EFA,0.0013841859,-0.00089746434,0.0022816502,train,0.0027972003
2020-12-08,IWM,-0.0073117795,0.020213362,0.027525142,train,-0.009766855
2020-12-08,SPY,-0.009008992,0.014647359,0.023656351,train,0.0108512705
2020-12-08,TLT,-0.0033096636,-0.012592762,0.009283098,train,-0.007946727
2020-12-09,EFA,0.0013820862,0.004417056,0.00303497,train,-0.00089746434
2020-12-09,IWM,0.009615419,0.029677164,0.020061744,train,0.020213362
2020-12-09,SPY,-0.00032707327,-0.016462792,0.016135719,train,0.014647359
2020-12-09,TLT,0.008824666,-0.010245721,0.019070387,train,-0.012592762
2020-12-10,EFA,-0.003043115,-0.001387917,0.0016551979,train,0.004417056
2020-12-10,IWM,-0.0049276496,-0.008069382,0.0031417324,train,0.029677164
2020-12-10,SPY,-0.0011734744,0.006104539,0.0072780135,train,-0.016462792
2020-12-10,TLT,0.0035331284,-0.024080765,0.027613893,train,-0.010245721
2020-12-11,EFA,0.0006150331,-0.0012191944,0.0018342275,train,-0.001387917
2020-12-11,IWM,0.0011697344,0.0065809353,0.005411201,train,-0.008069382
2020-12-11,SPY,-0.0044874693,0.013379554,0.017867023,train,0.006104539
2020-12-11,TLT,-0.0027755054,-0.017702714,0.014927208,train,-0.024080765
2020-12-14,EFA,0.010153936,-0.004947516,0.015101452,train,-0.0012191944
2020-12-14,IWM,0.024701476,0.01073751,0.013963966,train,0.0065809353
2020-12-14,SPY,0.0134291835,0.013469168,3.9984472e-05,train,0.013379554
2020-12-14,TLT,-0.0033530062,-0.004924548,0.0015715417,train,-0.017702714
2020-12-15,EFA,0.0038672262,0.0023185383,0.0015486879,train,-0.004947516
2020-12-15,IWM,-0.00360209,-0.0011806055,0.0024214846,train,0.01073751
2020-12-15,SPY,0.0015678258,0.010468292,0.008900466,train,0.013469168
2020-12-15,TLT,-0.0026654652,0.00305577,0.005721235,train,-0.004924548
2020-12-16,EFA,0.0070060752,0.00061062584,0.0063954494,train,0.0023185383
2020-12-16,IWM,0.011838234,0.01696185,0.005123616,train,-0.0011806055
2020-12-16,SPY,0.0055765617,0.032873508,0.027296945,train,0.010468292
2020-12-16,TLT,-0.002649321,-0.009985189,0.0073358677,train,0.00305577
2020-12-17,EFA,-0.0052156723,0.0010912144,0.0063068867,train,0.00061062584
2020-12-17,IWM,-0.0048514693,0.010622846,0.015474316,train,0.01696185
2020-12-17,SPY,-0.0040008295,0.024479289,0.028480118,train,0.032873508
2020-12-17,TLT,-0.0030018764,0.004030516,0.0070323925,train,-0.009985189
2020-12-18,EFA,-0.01287994,0.0042312886,0.017111229,train,0.0010912144
2020-12-18,IWM,-0.0005122322,0.019471165,0.019983398,train,0.010622846
2020-12-18,SPY,-0.0035817781,-0.029922288,0.02634051,train,0.024479289
2020-12-18,TLT,0.0039581354,0.011493155,0.0075350194,train,0.004030516
2020-12-21,EFA,-0.0025121616,-0.0012679808,0.0012441808,train,0.0042312886
2020-12-21,IWM,0.011306813,0.010806657,0.0005001556,train,0.019471165
2020-12-21,SPY,-0.0016868763,0.0056499885,0.0073368647,train,-0.029922288
2020-12-21,TLT,0.005147396,0.0033820355,0.0017653606,train,0.011493155
2020-12-22,EFA,0.010702698,-0.0005117967,0.011214495,train,-0.0012679808
2020-12-22,IWM,0.008471654,-0.0018464411,0.010318095,train,0.010806657
2020-12-22,SPY,0.00089800544,-0.0140647935,0.014962799,train,0.0056499885
2020-12-22,TLT,-0.006933031,0.0047814334,0.011714464,train,0.0033820355
2020-12-23,EFA,0.0004147019,0.0014465707,0.0010318689,train,-0.0005117967
2020-12-23,IWM,-0.00065295584,0.0023028592,0.002955815,train,-0.0018464411
2020-12-23,SPY,0.003882951,0.005500881,0.0016179299,train,-0.0140647935
2020-12-23,TLT,0.003949563,0.000603687,0.003345876,train,0.0047814334
2020-12-24,EFA,0.008120641,-0.002774166,0.010894807,train,0.0014465707
2020-12-24,IWM,-0.0037253713,-0.0005476959,0.0031776754,train,0.0023028592
2020-12-24,SPY,0.008554056,0.0015110299,0.0070430264,train,0.005500881
2020-12-24,TLT,0.0004448331,0.013954927,0.013510094,train,0.000603687
2020-12-28,EFA,0.0064220414,0.012608354,0.0061863125,train,-0.002774166
2020-12-28,IWM,-0.019557541,0.012466348,0.032023888,train,-0.0005476959
2020-12-28,SPY,-0.0019094127,0.0005636392,0.002473052,train,0.0015110299
2020-12-28,TLT,-0.0012720815,-0.0040074475,0.002735366,train,0.013954927
2020-12-29,EFA,0.0013610316,0.0045423405,0.003181309,train,0.012608354
2020-12-29,IWM,0.010132133,0.0051330533,0.0049990797,train,0.012466348
2020-12-29,SPY,0.0014256341,-0.003082131,0.004507765,train,0.0005636392
2020-12-29,TLT,0.0021613827,0.0002460184,0.0019153643,train,-0.0040074475
2020-12-30,EFA,-0.0076461374,0.00120865,0.008854788,train,0.0045423405
2020-12-30,IWM,-0.001783725,0.026143294,0.027927019,train,0.0051330533
2020-12-30,SPY,0.0050681275,0.035777193,0.030709065,train,-0.003082131
2020-12-30,TLT,0.0014589546,-0.00086111156,0.002320066,train,0.0002460184
2020-12-31,EFA,0.005194751,0.004347002,0.00084774895,train,0.00120865
2020-12-31,IWM,-0.01314292,0.02556355,0.03870647,train,0.026143294
2020-12-31,SPY,-0.013707716,0.0039832676,0.017690983,train,0.035777193
2020-12-31,TLT,-0.0012047531,-0.0010375599,0.00016719312,train,-0.00086111156
2021-01-04,EFA,0.01030948,0.0022682087,0.008041272,train,0.004347002
2021-01-04,IWM,0.015333845,0.0084222965,0.006911549,train,0.02556355
2021-01-04,SPY,0.0068638753,-0.005491686,0.012355561,train,0.0039832676
2021-01-04,TLT,-0.0074541806,-0.024118423,0.016664242,train,-0.0010375599
2021-01-05,EFA,0.011405866,0.0025798706,0.008825995,train,0.0022682087
2021-01-05,IWM,0.040103175,0.047770035,0.00766686,train,0.0084222965
2021-01-05,SPY,0.005960648,-0.017580237,0.023540884,train,-0.005491686
2021-01-05,TLT,-0.020742074,-0.010268104,0.010473969,train,-0.024118423
2021-01-06,EFA,0.0010665889,0.00094696484,0.00011962408,train,0.0025798706
2021-01-06,IWM,0.017640302,0.045081664,0.027441362,train,0.047770035
2021-01-06,SPY,0.014748051,-0.023518443,0.038266495,train,-0.017580237
2021-01-06,TLT,-0.008853691,0.0076493947,0.016503084,train,-0.010268104
2021-01-07,EFA,0.0092862975,-0.0024572723,0.01174357,train,0.00094696484
2021-01-07,IWM,-0.0021638693,-0.017067008,0.014903138,train,0.045081664
2021-01-07,SPY,0.0056816717,-0.0032571037,0.008938775,train,-0.023518443
2021-01-07,TLT,-0.0032325264,0.0049669747,0.008199501,train,0.0076493947
2021-01-08,EFA,-0.013158897,0.0068952846,0.020054182,train,-0.0024572723
2021-01-08,IWM,-0.0008670637,0.028286207,0.02915327,train,-0.017067008
2021-01-08,SPY,-0.0067636673,0.013263867,0.020027535,train,-0.0032571037
2021-01-08,TLT,-0.0016535593,-0.0014277003,0.000225859,train,0.0049669747
2021-01-11,EFA,0.004538833,-0.0053282976,0.009867131,train,0.0068952846
2021-01-11,IWM,0.017765475,0.023945972,0.006180497,train,0.028286207
2021-01-11,SPY,0.0002113141,0.0020282567,0.0018169426,train,0.013263867
2021-01-11,TLT,-0.00079452834,-0.0005196845,0.00027484383,train,-0.0014277003
2021-01-12,EFA,-0.0013329117,0.0020524072,0.003385319,train,-0.0053282976
2021-01-12,IWM,-0.007173101,0.040643442,0.047816545,train,0.023945972
2021-01-12,SPY,0.0026893148,0.015466561,0.012777246,train,0.0020282567
2021-01-12,TLT,0.011198582,-0.006245155,0.017443737,train,-0.0005196845
2021-01-13,EFA,0.007970477,-0.00046094414,0.008431422,train,0.0020524072
2021-01-13,IWM,0.019779092,0.013155868,0.0066232234,train,0.040643442
2021-01-13,SPY,-0.003508233,0.010840633,0.014348866,train,0.015466561
2021-01-13,TLT,-0.009411899,-0.0015885625,0.007823337,train,-0.006245155
2021-01-14,EFA,-0.015735807,0.014004745,0.029740551,train,-0.00046094414
2021-01-14,IWM,-0.015023083,0.019209005,0.034232087,train,0.013155868
2021-01-14,SPY,-0.007319235,0.003178833,0.010498067,train,0.010840633
2021-01-14,TLT,0.003959751,0.0030723247,0.00088742655,train,-0.0015885625
2021-01-15,EFA,0.0072318814,-0.0045833057,0.011815187,train,0.014004745
2021-01-15,IWM,0.012730268,0.017050032,0.0043197637,train,0.019209005
2021-01-15,SPY,0.007821252,-0.018605676,0.026426926,train,0.003178833
2021-01-15,TLT,0.003222371,-0.00019593723,0.0034183082,train,0.0030723247
2021-01-19,EFA,0.006782223,0.0012127485,0.005569475,train,-0.0045833057
2021-01-19,IWM,0.0043940665,0.009029066,0.0046349997,train,0.017050032
2021-01-19,SPY,0.013743594,-0.028450742,0.042194337,train,-0.018605676
2021-01-19,TLT,0.000984671,-0.0053383056,0.0063229767,train,-0.00019593723
2021-01-20,EFA,0.0007950734,0.00071623037,7.884303e-05,train,0.0012127485
2021-01-20,IWM,-0.008713614,0.011808543,0.020522157,train,0.009029066
2021-01-20,SPY,0.0009114018,0.009547675,0.008636273,train,-0.028450742
2021-01-20,TLT,-0.007043366,-0.002608235,0.004435131,train,-0.0053383056
2021-01-21,EFA,-0.004779001,0.00017468096,0.0049536824,train,0.00071623037
2021-01-21,IWM,0.011554722,0.015870716,0.0043159947,train,0.011808543
2021-01-21,SPY,-0.0035456577,0.0036580148,0.0072036725,train,0.009547675
2021-01-21,TLT,0.003231509,-0.02146307,0.024694579,train,-0.002608235
2021-01-22,EFA,-0.0011983275,-0.0004882999,0.00071002764,train,0.00017468096
2021-01-22,IWM,-0.0009771369,0.0068011535,0.0077782907,train,0.015870716
2021-01-22,SPY,0.003936114,0.016747475,0.012811361,train,0.0036580148
2021-01-22,TLT,0.011716967,-0.005174543,0.01689151,train,-0.02146307
2021-01-25,EFA,0.0014645198,0.00069411285,0.0007704069,train,-0.0004882999
2021-01-25,IWM,-0.0069610723,0.012115117,0.019076189,train,0.0068011535
2021-01-25,SPY,-0.0015623136,0.023290608,0.024852922,train,0.016747475
2021-01-25,TLT,-0.0018886949,-0.0066515505,0.0047628554,train,-0.005174543
2021-01-26,EFA,-0.023147333,-0.0019248463,0.021222487,train,0.00069411285
2021-01-26,IWM,-0.018501084,0.02023118,0.038732264,train,0.012115117
2021-01-26,SPY,-0.024743913,-0.008093138,0.016650774,train,0.023290608
2021-01-26,TLT,0.0025390903,-0.009462915,0.012002006,train,-0.0066515505
2021-01-27,EFA,0.006378343,0.007520375,0.001142032,train,-0.0019248463
2021-01-27,IWM,-0.0032048593,0.018169291,0.021374151,train,0.02023118
2021-01-27,SPY,0.0085631795,-0.06385745,0.07242063,train,-0.008093138
2021-01-27,TLT,-0.0055425386,-0.006440526,0.0008979873,train,-0.009462915
2021-01-28,EFA,-0.02091535,0.00054457644,0.021459926,train,0.007520375
2021-01-28,IWM,-0.015255667,0.00018424168,0.015439909,train,0.018169291
2021-01-28,SPY,-0.02022258,-0.018683914,0.001538666,train,-0.06385745
2021-01-28,TLT,-0.0060346858,0.0018841103,0.007918796,train,-0.006440526
2021-01-29,EFA,0.011810184,0.043696467,0.031886283,train,0.00054457644
2021-01-29,IWM,0.024270177,0.023978606,0.00029157102,train,0.00018424168
2021-01-29,SPY,0.01650848,0.009779348,0.0067291325,train,-0.018683914
2021-01-29,TLT,0.001158529,0.0044738557,0.0033153268,train,0.0018841103
2021-02-01,EFA,0.010051596,0.0013697429,0.008681853,train,0.043696467
2021-02-01,IWM,0.014143728,-0.038615603,0.05275933,train,0.023978606
2021-02-01,SPY,0.014041077,0.037753653,0.023712575,train,0.009779348
2021-02-01,TLT,-0.0064684586,0.002625038,0.009093497,train,0.0044738557
2021-02-02,EFA,0.0024298774,-0.0020301947,0.004460072,train,0.0013697429
2021-02-02,IWM,0.0029916607,-0.015800927,0.018792588,train,-0.038615603
2021-02-02,SPY,0.0007861765,0.033277605,0.032491427,train,0.037753653
2021-02-02,TLT,-0.008912544,0.011932822,0.020845365,train,0.002625038
2021-02-03,EFA,0.0010779799,-0.010151435,0.0112294145,train,-0.0020301947
2021-02-03,IWM,0.020191327,0.002204956,0.01798637,train,-0.015800927
2021-02-03,SPY,0.011301566,-0.0027745645,0.01407613,train,0.033277605
2021-02-03,TLT,-0.0026759424,0.008652045,0.011327988,train,0.011932822
2021-02-04,EFA,0.006176307,-0.008894052,0.015070359,train,-0.010151435
2021-02-04,IWM,0.013764622,0.009811526,0.0039530955,train,0.002204956
2021-02-04,SPY,0.003928162,-0.0021963627,0.006124525,train,-0.0027745645
2021-02-04,TLT,-0.008408554,-0.0042296704,0.0041788835,train,0.008652045
2021-02-05,EFA,0.0069361906,-0.01163064,0.018566832,train,-0.008894052
2021-02-05,IWM,0.025215162,0.015974803,0.009240359,train,0.009811526
2021-02-05,SPY,0.007196122,0.0056377733,0.0015583485,train,-0.0021963627
2021-02-05,TLT,0.004381075,-0.0082670795,0.012648154,train,-0.0042296704
2021-02-08,EFA,0.0054351133,-0.008906258,0.014341371,train,-0.01163064
2021-02-08,IWM,0.0046962406,0.0013929186,0.003303322,train,0.015974803
2021-02-08,SPY,-0.00066610816,-0.00719855,0.006532442,train,0.0056377733
2021-02-08,TLT,0.0007393662,-0.004808888,0.005548254,train,-0.0082670795
2021-02-09,EFA,-0.0034434018,-0.009745759,0.006302357,train,-0.008906258
2021-02-09,IWM,-0.0065898267,0.023646638,0.030236464,train,0.0013929186
2021-02-09,SPY,-0.00043563044,0.008042297,0.008477928,train,-0.00719855
2021-02-09,TLT,0.006631668,0.00022964738,0.006402021,train,-0.004808888
2021-02-10,EFA,0.0067431214,-0.005429633,0.012172755,train,-0.009745759
2021-02-10,IWM,-0.0011464527,0.02985764,0.031004092,train,0.023646638
2021-02-10,SPY,0.0016136218,-0.014654695,0.016268317,train,0.008042297
2021-02-10,TLT,-0.0054896586,-0.02359666,0.018107,train,0.00022964738
2021-02-11,EFA,0.00551913,-0.0030775517,0.008596681,train,-0.005429633
2021-02-11,IWM,0.0028199404,0.01667336,0.01385342,train,0.02985764
2021-02-11,SPY,0.0049275537,0.011304371,0.0063768174,train,-0.014654695
2021-02-11,TLT,-0.012496886,-0.015567851,0.0030709654,train,-0.02359666
2021-02-12,EFA,0.00718161,-0.012702241,0.01988385,train,-0.0030775517
2021-02-12,IWM,-0.0063122557,0.016602524,0.022914778,train,0.01667336
2021-02-12,SPY,-0.000866394,-0.006257658,0.005391264,train,0.011304371
2021-02-12,TLT,-0.015343987,-0.008165797,0.00717819,train,-0.015567851
2021-02-16,EFA,-0.005872031,-0.0107978415,0.0049258103,train,-0.012702241
2021-02-16,IWM,-0.007868515,0.0011319765,0.009000491,train,0.016602524
2021-02-16,SPY,0.00022947881,0.017321713,0.017092235,train,-0.006257658
2021-02-16,TLT,0.0063305898,0.0042644027,0.002066187,train,-0.008165797
2021-02-17,EFA,-0.004985573,-0.0042030923,0.00078248046,train,-0.0107978415
2021-02-17,IWM,-0.015608086,0.007588565,0.02319665,train,0.0011319765
2021-02-17,SPY,-0.0042650346,0.00013584038,0.004400875,train,0.017321713
2021-02-17,TLT,-0.004055471,0.0039973473,0.0080528185,train,0.0042644027
2021-02-18,EFA,0.0028892593,-0.0032977508,0.00618701,train,-0.0042030923
2021-02-18,IWM,0.020638708,-0.0048189983,0.025457706,train,0.007588565
2021-02-18,SPY,-0.0017674625,0.005067993,0.0068354555,train,0.00013584038
2021-02-18,TLT,-0.013380873,-0.0069126775,0.0064681955,train,0.0039973473
2021-02-19,EFA,-0.0024949105,0.0047726976,0.0072676083,train,-0.0032977508
2021-02-19,IWM,-0.006504627,-0.02562666,0.019122032,train,-0.0048189983
2021-02-19,SPY,-0.007721495,-0.0010986729,0.006622822,train,0.005067993
2021-02-19,TLT,-0.0076370547,-0.0066564055,0.0009806491,train,-0.0069126775
2021-02-22,EFA,0.0009198157,0.0043198634,0.0034000478,train,0.0047726976
2021-02-22,IWM,-0.008844147,0.008323958,0.017168105,train,-0.02562666
2021-02-22,SPY,0.001213603,-0.00830608,0.009519682,train,-0.0010986729
2021-02-22,TLT,-0.0028878236,-0.007878893,0.0049910694,train,-0.0066564055
2021-02-23,EFA,0.0031477127,-0.008146556,0.011294269,train,0.0043198634
2021-02-23,IWM,0.023354247,0.025536165,0.0021819174,train,0.008323958
2021-02-23,SPY,0.0109591335,-0.0022905516,0.013249685,train,-0.00830608
2021-02-23,TLT,-0.0065817405,0.009133723,0.015715463,train,-0.007878893
2021-02-24,EFA,-0.017168956,0.0016234701,0.018792426,train,-0.008146556
2021-02-24,IWM,-0.037660655,-0.030458186,0.007202469,train,0.025536165
2021-02-24,SPY,-0.024390979,0.022661902,0.047052883,train,-0.0022905516
2021-02-24,TLT,-0.016465858,-0.0012469417,0.015218915,train,0.009133723
2021-02-25,EFA,-0.014220758,0.007058749,0.021279506,train,0.0016234701
2021-02-25,IWM,-0.0013733426,-0.046708662,0.04533532,train,-0.030458186
2021-02-25,SPY,-0.0051657953,0.020306662,0.025472457,train,0.022661902
2021-02-25,TLT,0.032525137,0.043425176,0.010900039,train,-0.0012469417
2021-02-26,EFA,0.01860696,0.018941011,0.0003340505,train,0.007058749
2021-02-26,IWM,0.034928817,0.0027349796,0.03219384,train,-0.046708662
2021-02-26,SPY,0.023951082,0.030620288,0.0066692065,train,0.020306662
2021-02-26,TLT,-0.013295969,0.032024212,0.045320183,train,0.043425176
2021-03-01,EFA,-0.0010615889,0.023597132,0.024658721,train,0.018941011
2021-03-01,IWM,-0.019429445,-0.045875464,0.026446018,train,0.0027349796
2021-03-01,SPY,-0.007833966,0.005468405,0.013302371,train,0.030620288
2021-03-01,TLT,7.092322e-05,0.03494532,0.0348744,train,0.032024212
2021-03-02,EFA,-0.006125776,0.014931831,0.021057606,train,0.023597132
2021-03-02,IWM,-0.0108833285,-0.052404713,0.041521385,train,-0.045875464
2021-03-02,SPY,-0.013334368,0.0059838975,0.019318266,train,0.005468405
2021-03-02,TLT,-0.010905027,-0.004535674,0.0063693533,train,0.03494532
2021-03-03,EFA,-0.009529686,0.019217111,0.028746797,train,0.014931831
2021-03-03,IWM,-0.028348386,-0.042065665,0.013717279,train,-0.052404713
2021-03-03,SPY,-0.012451837,0.021221574,0.033673413,train,0.0059838975
2021-03-03,TLT,-0.006470655,0.024107113,0.030577768,train,-0.004535674
2021-03-04,EFA,0.0064522503,0.008678054,0.0022258041,train,0.019217111
2021-03-04,IWM,0.020980434,0.009122747,0.0118576875,train,-0.042065665
2021-03-04,SPY,0.018229356,0.037043065,0.018813709,train,0.021221574
2021-03-04,TLT,0.0019457515,0.020130023,0.018184273,train,0.024107113
2021-03-05,EFA,-0.0034896652,-0.012857734,0.0093680695,train,0.008678054
2021-03-05,IWM,0.0047196825,0.0073587773,0.0026390948,train,0.009122747
2021-03-05,SPY,-0.004990817,-0.021454275,0.016463459,train,0.037043065
2021-03-05,TLT,-0.00780524,0.007874011,0.015679251,train,0.020130023
2021-03-08,EFA,0.013356664,0.00021913601,0.013137529,train,-0.012857734
2021-03-08,IWM,0.020811675,-0.006796534,0.027608208,train,0.0073587773
2021-03-08,SPY,0.014176223,-0.0016166577,0.01579288,train,-0.021454275
2021-03-08,TLT,0.0137626985,-0.0015290687,0.015291767,train,0.007874011
2021-03-09,EFA,0.004236685,-0.012515043,0.016751729,train,0.00021913601
2021-03-09,IWM,0.017223354,0.011898533,0.005324821,train,-0.006796534
2021-03-09,SPY,0.006205409,-0.030496769,0.03670218,train,-0.0016166577
2021-03-09,TLT,0.002001584,0.015334927,0.013333343,train,-0.0015290687
2021-03-10,EFA,0.0052707684,-0.011187731,0.0164585,train,-0.012515043
2021-03-10,IWM,0.021766571,0.019320816,0.0024457555,train,0.011898533
2021-03-10,SPY,0.010087968,-0.00043496583,0.010522934,train,-0.030496769
2021-03-10,TLT,-0.0072393892,-0.005674785,0.0015646042,train,0.015334927
2021-03-11,EFA,0.002493811,-0.013047612,0.015541423,train,-0.011187731
2021-03-11,IWM,0.0058820387,0.06479523,0.058913194,train,0.019320816
2021-03-11,SPY,0.0013459843,0.0074716583,0.006125674,train,-0.00043496583
2021-03-11,TLT,-0.021449603,-0.006617558,0.014832045,train,-0.005674785
2021-03-12,EFA,0.0007864256,-0.016944658,0.017731084,train,-0.013047612
2021-03-12,IWM,0.0035468538,0.046626784,0.04307993,train,0.06479523
2021-03-12,SPY,0.005945669,0.009704666,0.0037589972,train,0.0074716583
2021-03-12,TLT,0.0058621904,0.024266165,0.018403973,train,-0.006617558
2021-03-15,EFA,0.0017015315,-0.012578015,0.014279546,train,-0.016944658
2021-03-15,IWM,-0.016863286,0.042436127,0.059299413,train,0.046626784
2021-03-15,SPY,-0.0012621103,-0.009680196,0.008418085,train,0.009704666
2021-03-15,TLT,-0.0040265615,0.0034684157,0.007494977,train,0.024266165
2021-03-16,EFA,0.0058672056,-0.008685649,0.014552855,train,-0.012578015
2021-03-16,IWM,0.007821631,-0.020623617,0.028445248,train,0.042436127
2021-03-16,SPY,0.0034042299,-0.002266555,0.005670785,train,-0.009680196
2021-03-16,TLT,-0.007511637,-0.010701301,0.0031896634,train,0.0034684157
2021-03-17,EFA,-0.009141857,-0.0030093184,0.0061325384,train,-0.008685649
2021-03-17,IWM,-0.030905966,0.012705973,0.04361194,train,-0.020623617
2021-03-17,SPY,-0.014656589,-0.011026541,0.0036300486,train,-0.002266555
2021-03-17,TLT,-0.010177155,0.005260256,0.015437411,train,-0.010701301
2021-03-18,EFA,0.0027510163,0.0033821992,0.0006311829,train,-0.0030093184
2021-03-18,IWM,0.007519267,-0.020123076,0.027642343,train,0.012705973
2021-03-18,SPY,-0.0018520395,-0.019526314,0.017674275,train,-0.011026541
2021-03-18,TLT,0.0061781527,-0.0079847025,0.014162855,train,0.005260256
2021-03-19,EFA,0.00091559807,0.0017391453,0.0008235472,train,0.0033821992
2021-03-19,IWM,-0.0075637163,-0.013777054,0.0062133376,train,-0.020123076
2021-03-19,SPY,0.007953483,-0.021221418,0.029174902,train,-0.019526314
2021-03-19,TLT,0.011143323,-0.014259907,0.025403231,train,-0.0079847025
2021-03-22,EFA,-0.013952953,-0.0036056098,0.010347343,train,0.0017391453
2021-03-22,IWM,-0.036948424,0.0044363756,0.0413848,train,-0.013777054
2021-03-22,SPY,-0.007902115,0.011389825,0.01929194,train,-0.021221418
2021-03-22,TLT,0.008986795,-0.019669,0.028655795,train,-0.014259907
2021-03-23,EFA,-0.005049839,0.012538975,0.017588815,train,-0.0036056098
2021-03-23,IWM,-0.023399005,0.035877746,0.059276752,train,0.0044363756
2021-03-23,SPY,-0.005096329,-0.028567418,0.02347109,train,0.011389825
2021-03-23,TLT,0.0053676777,-0.01291344,0.018281117,train,-0.019669
2021-03-24,EFA,0.0074330093,-0.00064424425,0.008077254,train,0.012538975
2021-03-24,IWM,0.023433316,-0.015949156,0.039382473,train,0.035877746
2021-03-24,SPY,0.00560962,-0.045488145,0.051097766,train,-0.028567418
2021-03-24,TLT,-0.007916933,-0.0051679993,0.0027489336,train,-0.01291344
2021-03-25,EFA,0.012876112,0.0010313413,0.011844771,train,-0.00064424425
2021-03-25,IWM,0.01806721,-0.059052046,0.07711926,train,-0.015949156
2021-03-25,SPY,0.015986431,-0.044476997,0.06046343,train,-0.045488145
2021-03-25,TLT,-0.003506384,-0.013476445,0.0099700615,train,-0.0051679993
2021-03-26,EFA,-0.0039241165,0.001917515,0.0058416314,train,0.0010313413
2021-03-26,IWM,-0.028553024,-0.03748563,0.008932605,train,-0.059052046
2021-03-26,SPY,-0.0005052311,-0.021919537,0.021414306,train,-0.044476997
2021-03-26,TLT,-0.008524113,0.013627252,0.022151366,train,-0.013476445
2021-03-29,EFA,-0.0013113513,0.0056612063,0.006972558,train,0.001917515
2021-03-29,IWM,0.016697457,0.03797024,0.021272784,train,-0.03748563
2021-03-29,SPY,-0.0026564526,-0.03754923,0.03489278,train,-0.021919537
2021-03-29,TLT,0.0052266247,-0.0035935855,0.00882021,train,0.013627252
2021-03-30,EFA,-0.0043401704,-0.0019560661,0.0023841043,train,0.0056612063
2021-03-30,IWM,0.013350165,0.010517242,0.002832923,train,0.03797024
2021-03-30,SPY,0.0040452653,-0.018468872,0.022514137,train,-0.03754923
2021-03-30,TLT,-0.0055959392,-0.018716637,0.013120698,train,-0.0035935855
2021-03-31,EFA,0.012964406,-0.004174363,0.017138768,train,-0.0019560661
2021-03-31,IWM,0.012593555,0.025206003,0.012612448,train,0.010517242
2021-03-31,SPY,0.010741426,-0.008985081,0.019726507,train,-0.018468872
2021-03-31,TLT,0.01646104,0.005831317,0.010629724,train,-0.018716637
2021-04-01,EFA,0.014466806,-0.0052825687,0.019749375,train,-0.004174363
2021-04-01,IWM,0.0054823672,0.008278835,0.0027964674,train,0.025206003
2021-04-01,SPY,0.014250763,-0.00597444,0.020225203,train,-0.008985081
2021-04-01,TLT,-0.00437257,0.0037563853,0.008128956,train,0.005831317
2021-04-05,EFA,-0.010700938,-4.5564957e-06,0.010696381,train,-0.0052825687
2021-04-05,IWM,-0.0029379835,-0.0020477418,0.0008902417,train,0.008278835
2021-04-05,SPY,-0.0005906875,-0.0033133356,0.002722648,train,-0.00597444
2021-04-05,TLT,0.0067696674,-0.01130564,0.018075308,train,0.0037563853
2021-04-06,EFA,0.002071884,-0.0043958845,0.0064677685,train,-4.5564957e-06
2021-04-06,IWM,-0.016270015,0.021780793,0.038050808,train,-0.0020477418
2021-04-06,SPY,0.0011564224,0.040279757,0.039123334,train,-0.0033133356
2021-04-06,TLT,-0.0069890115,-0.033865836,0.026876824,train,-0.01130564
2021-04-07,EFA,0.0056751585,-0.0075662797,0.013241438,train,-0.0043958845
2021-04-07,IWM,0.008437709,-0.005812741,0.01425045,train,0.021780793
2021-04-07,SPY,0.0047356877,0.011451695,0.0067160074,train,0.040279757
2021-04-07,TLT,0.008221509,0.0021942714,0.0060272375,train,-0.033865836
2021-04-08,EFA,0.0030818845,-0.013847069,0.016928954,train,-0.0075662797
2021-04-08,IWM,0.00013476046,0.0010267678,0.0008920073,train,-0.005812741
2021-04-08,SPY,0.0072439765,-0.0040232446,0.011267221,train,0.011451695
2021-04-08,TLT,-0.003629595,0.027645357,0.031274952,train,0.0021942714
2021-04-09,EFA,-0.0055288323,-0.00880662,0.0032777875,train,-0.013847069
2021-04-09,IWM,-0.0039161025,-0.012523771,0.008607669,train,0.0010267678
2021-04-09,SPY,0.0003645218,-0.0073633892,0.007727911,train,-0.0040232446
2021-04-09,TLT,-0.00043616968,0.0039529065,0.004389076,train,0.027645357
2021-04-12,EFA,0.0057852184,-0.005089239,0.010874458,train,-0.00880662
2021-04-12,IWM,-0.0026194032,-0.002399427,0.0002199763,train,-0.012523771
2021-04-12,SPY,0.0029592314,0.0161546,0.013195369,train,-0.0073633892
2021-04-12,TLT,0.0074656177,-0.01441672,0.021882337,train,0.0039529065
2021-04-13,EFA,0.0007691062,-6.2906416e-05,0.0008320126,train,-0.005089239
2021-04-13,IWM,0.00980972,-0.017401878,0.027211599,train,-0.002399427
2021-04-13,SPY,-0.0034210025,-0.013735636,0.010314634,train,0.0161546
2021-04-13,TLT,-0.003182305,-0.016486112,0.013303807,train,-0.01441672
2021-04-14,EFA,0.008291175,0.00025477493,0.008036399,train,-6.2906416e-05
2021-04-14,IWM,0.0043341587,0.040815268,0.03648111,train,-0.017401878
2021-04-14,SPY,0.010685327,-0.019176144,0.029861473,train,-0.013735636
2021-04-14,TLT,0.016595662,-0.0075274557,0.024123117,train,-0.016486112
2021-04-15,EFA,0.0072147576,0.0017056614,0.005509096,train,0.00025477493
2021-04-15,IWM,0.0016037625,-0.024152745,0.025756506,train,0.040815268
2021-04-15,SPY,0.0033367553,-0.010230969,0.013567724,train,-0.019176144
2021-04-15,TLT,-0.007796539,0.007540985,0.015337524,train,-0.0075274557
2021-04-16,EFA,-0.0017669508,-5.8965757e-05,0.0017079851,train,0.0017056614
2021-04-16,IWM,-0.013083244,-0.026224203,0.01314096,train,-0.024152745
2021-04-16,SPY,-0.0049251835,-0.009645803,0.0047206194,train,-0.010230969
2021-04-16,TLT,-0.0028762845,-0.016419947,0.013543663,train,0.007540985
2021-04-19,EFA,-0.018103601,0.0009767665,0.019080367,train,-5.8965757e-05
2021-04-19,IWM,-0.02068784,-0.010872409,0.009815432,train,-0.026224203
2021-04-19,SPY,-0.007348567,-0.02323063,0.015882064,train,-0.009645803
2021-04-19,TLT,0.0045976304,-0.005331684,0.009929314,train,-0.016419947
2021-04-20,EFA,0.010239261,-0.0052766623,0.0155159235,train,0.0009767665
2021-04-20,IWM,0.024154685,0.00047168974,0.023682997,train,-0.010872409
2021-04-20,SPY,0.009417747,-0.02002471,0.029442456,train,-0.02323063
2021-04-20,TLT,0.002005556,-0.0008709319,0.0028764878,train,-0.005331684
2021-04-21,EFA,-0.0033163563,0.008794377,0.0121107325,train,-0.0052766623
2021-04-21,IWM,-0.0041435165,-0.053921733,0.049778216,train,0.00047168974
2021-04-21,SPY,-0.009175066,-0.014520523,0.0053454572,train,-0.02002471
2021-04-21,TLT,0.0043545365,0.007747616,0.0033930796,train,-0.0008709319
2021-04-22,EFA,0.010169092,-0.0013198727,0.011488965,train,0.008794377
2021-04-22,IWM,0.018688696,-0.013637631,0.032326326,train,-0.053921733
2021-04-22,SPY,0.010784062,-0.0035914993,0.014375561,train,-0.014520523
2021-04-22,TLT,-0.0023531227,0.009698245,0.012051367,train,0.007747616
2021-04-23,EFA,0.000758687,0.0027368306,0.0019781436,train,-0.0013198727
2021-04-23,IWM,0.010355491,-0.010913141,0.021268632,train,-0.013637631
2021-04-23,SPY,0.0020853118,0.0029537976,0.0008684858,train,-0.0035914993
2021-04-23,TLT,-0.0014290536,0.0013800822,0.0028091357,train,0.009698245
2021-04-26,EFA,-0.0032911685,-0.0006232336,0.0026679349,train,0.0027368306
2021-04-26,IWM,0.0014895187,0.0014002132,8.930545e-05,train,-0.010913141
2021-04-26,SPY,-0.00021553921,0.0024777153,0.0026932545,train,0.0029537976
2021-04-26,TLT,-0.008761595,0.0014627259,0.010224321,train,0.0013800822
2021-04-27,EFA,0.0025324817,-0.0014032559,0.0039357375,train,-0.0006232336
2021-04-27,IWM,0.0017056611,0.00085943146,0.0008462296,train,0.0014002132
2021-04-27,SPY,-0.00028717166,0.010707746,0.010994918,train,0.0024777153
2021-04-27,TLT,0.0006486992,0.019564427,0.018915728,train,0.0014627259
2021-04-28,EFA,0.00037964078,-0.0018718196,0.0022514604,train,-0.0014032559
2021-04-28,IWM,-0.0037212803,-0.00589104,0.0021697597,train,0.00085943146
2021-04-28,SPY,0.006352254,0.0017715059,0.0045807483,train,0.010707746
2021-04-28,TLT,-0.002959261,0.0021368908,0.0050961515,train,0.019564427
2021-04-29,EFA,-0.012595065,-0.0018282817,0.010766784,train,-0.0018718196
2021-04-29,IWM,-0.013690327,-0.007997522,0.005692805,train,-0.00589104
2021-04-29,SPY,-0.0065921084,0.0044497,0.011041809,train,0.0017715059
2021-04-29,TLT,0.0023105617,-0.0056820884,0.00799265,train,0.0021368908
2021-04-30,EFA,0.010950041,0.011907165,0.00095712394,train,-0.0018282817
2021-04-30,IWM,0.004879245,-0.004227764,0.009107009,train,-0.007997522
2021-04-30,SPY,0.0021543603,-0.012346652,0.014501013,train,0.0044497
2021-04-30,TLT,0.0005997822,-0.0056695137,0.0062692957,train,-0.0056820884
2021-05-03,EFA,-0.014926551,0.0014987269,0.016425278,train,0.011907165
2021-05-03,IWM,-0.012019475,0.0045439703,0.016563445,train,-0.004227764
2021-05-03,SPY,-0.0061882567,-0.018161725,0.011973469,train,-0.012346652
2021-05-03,TLT,0.0067628934,-0.004887866,0.01165076,train,-0.0056695137
2021-05-04,EFA,0.013532778,0.008643269,0.0048895096,train,0.0014987269
2021-05-04,IWM,-0.0039936607,0.021353971,0.025347631,train,0.0045439703
2021-05-04,SPY,0.00031277727,0.010454546,0.0101417685,train,-0.018161725
2021-05-04,TLT,0.0016475084,-0.005323549,0.006971057,train,-0.004887866
2021-05-05,EFA,0.008208568,0.00036340044,0.007845168,train,0.008643269
2021-05-05,IWM,0.0008539111,-0.007891306,0.008745217,train,0.021353971
2021-05-05,SPY,0.00795383,-0.024387691,0.03234152,train,0.010454546
2021-05-05,TLT,0.0016453736,-0.0036306046,0.0052759782,train,-0.005323549
2021-05-06,EFA,0.011255904,0.00056297984,0.010692924,train,0.00036340044
2021-05-06,IWM,0.01250064,-0.008580328,0.021080967,train,-0.007891306
2021-05-06,SPY,0.00725163,-0.018101152,0.025352782,train,-0.024387691
2021-05-06,TLT,-0.0049436227,-0.0050293515,8.572871e-05,train,-0.0036306046
2021-05-07,EFA,-0.0053619896,-0.012662084,0.0073000942,train,0.00056297984
2021-05-07,IWM,-0.02575111,-0.020966634,0.004784476,train,-0.008580328
2021-05-07,SPY,-0.00995181,0.0151395155,0.025091326,train,-0.018101152
2021-05-07,TLT,-0.010178443,0.0061606374,0.01633908,train,-0.0050293515
2021-05-10,EFA,-0.013215312,0.0029044147,0.016119726,train,-0.012662084
2021-05-10,IWM,-0.0031917917,0.0124361655,0.015627958,train,-0.020966634
2021-05-10,SPY,-0.00896483,0.005426566,0.014391396,train,0.0151395155
2021-05-10,TLT,-0.005675556,-0.0008888673,0.004786689,train,0.0061606374
2021-05-11,EFA,-0.01609237,0.007694787,0.023787156,train,0.0029044147
2021-05-11,IWM,-0.033010714,0.011877522,0.044888236,train,0.0124361655
2021-05-11,SPY,-0.021474164,-0.009976779,0.011497385,train,0.005426566
2021-05-11,TLT,-0.010563559,0.0009100428,0.011473602,train,-0.0008888673
2021-05-12,EFA,0.007439728,0.022567153,0.015127425,train,0.007694787
2021-05-12,IWM,0.018241951,0.028595708,0.010353757,train,0.011877522
2021-05-12,SPY,0.011941017,0.03536408,0.023423065,train,-0.009976779
2021-05-12,TLT,0.0015473274,-0.0006008316,0.0021481588,train,0.0009100428
2021-05-13,EFA,0.016602632,0.0021397644,0.014462868,train,0.022567153
2021-05-13,IWM,0.024132833,-0.0026311362,0.026763968,train,0.028595708
2021-05-13,SPY,0.015238782,-0.04371752,0.058956303,train,0.03536408
2021-05-13,TLT,0.009307779,-0.00141331,0.010721089,train,-0.0006008316
2021-05-14,EFA,-0.0018870824,0.0029752837,0.0048623662,train,0.0021397644
2021-05-14,IWM,0.001356312,0.035929896,0.034573585,train,-0.0026311362
2021-05-14,SPY,-0.002547957,0.0019528428,0.0045008,train,-0.04371752
2021-05-14,TLT,-0.0021179721,0.016607195,0.018725168,train,-0.00141331
2021-05-17,EFA,0.0021385215,0.0003548658,0.0017836557,train,0.0029752837
2021-05-17,IWM,-0.007619799,-0.027186137,0.019566339,train,0.035929896
2021-05-17,SPY,-0.008652863,0.017969921,0.026622783,train,0.0019528428
2021-05-17,TLT,-0.002561615,-0.002491517,7.009809e-05,train,0.016607195
2021-05-18,EFA,-0.00883527,-0.008647964,0.00018730573,train,0.0003548658
2021-05-18,IWM,-0.0077241543,-0.041803464,0.03407931,train,-0.027186137
2021-05-18,SPY,-0.0026253895,-0.0029003955,0.00027500605,train,0.017969921
2021-05-18,TLT,-0.0024215227,-0.014167321,0.011745798,train,-0.002491517
2021-05-19,EFA,0.0130985305,0.00042154593,0.012676984,train,-0.008647964
2021-05-19,IWM,0.0066309934,-0.005669919,0.012300912,train,-0.041803464
2021-05-19,SPY,0.010700355,-0.030144252,0.040844608,train,-0.0029003955
2021-05-19,TLT,0.008194799,-0.0070308456,0.015225644,train,-0.014167321
2021-05-20,EFA,0.0013754112,-0.004013727,0.005389138,train,0.00042154593
2021-05-20,IWM,0.0025947227,-0.025573917,0.02816864,train,-0.005669919
2021-05-20,SPY,-0.0008189004,0.016074546,0.016893446,train,-0.030144252
2021-05-20,TLT,0.0032011846,-0.013637652,0.016838836,train,-0.0070308456
2021-05-21,EFA,0.0061042346,-0.0049360543,0.011040289,train,-0.004013727
2021-05-21,IWM,0.0064797415,-0.029667389,0.03614713,train,-0.025573917
2021-05-21,SPY,0.0101425825,-0.02400288,0.034145463,train,0.016074546
2021-05-21,TLT,0.0036977218,-0.0069425097,0.010640232,train,-0.013637652
2021-05-24,EFA,0.00024833108,0.0016514759,0.0014031448,train,-0.0049360543
2021-05-24,IWM,-0.009712971,-0.0107839005,0.0010709297,train,-0.029667389
2021-05-24,SPY,-0.0022211233,-0.010284989,0.008063866,train,-0.02400288
2021-05-24,TLT,0.009220596,-0.0060972227,0.015317819,train,-0.0069425097
2021-05-25,EFA,-0.0006211648,-0.0013321298,0.000710965,train,0.0016514759
2021-05-25,IWM,0.018482009,-0.008396844,0.026878852,train,-0.0107839005
2021-05-25,SPY,0.0019826707,-0.020172711,0.022155382,train,-0.010284989
2021-05-25,TLT,-0.001722655,-0.027273562,0.025550907,train,-0.0060972227
2021-05-26,EFA,0.0018618959,-0.009100885,0.010962781,train,-0.0013321298
2021-05-26,IWM,0.010244962,-0.0013650432,0.011610005,train,-0.008396844
2021-05-26,SPY,0.00052472274,-0.009004691,0.009529414,train,-0.020172711
2021-05-26,TLT,-0.0040302468,-3.4762546e-05,0.003995484,train,-0.027273562
2021-05-27,EFA,0.0023534873,-0.016276348,0.018629836,train,-0.009100885
2021-05-27,IWM,-0.00066498475,-0.02738152,0.026716536,train,-0.0013650432
2021-05-27,SPY,0.0017871207,-0.035553228,0.03734035,train,-0.009004691
2021-05-27,TLT,-0.001587819,-0.0011624456,0.00042537332,train,-3.4762546e-05
2021-05-28,EFA,0.0035812363,-0.009102862,0.012684098,train,-0.016276348
2021-05-28,IWM,0.01128857,-0.012987173,0.024275742,train,-0.02738152
2021-05-28,SPY,-0.00088120357,-0.0103010405,0.009419837,train,-0.035553228
2021-05-28,TLT,-0.00022448141,0.0012601819,0.0014846633,train,-0.0011624456
2021-06-01,EFA,0.00332278,0.0007483326,0.0025744473,train,-0.009102862
2021-06-01,IWM,0.0011831162,-0.008547694,0.00973081,train,-0.012987173
2021-06-01,SPY,0.0015714054,-0.00091543887,0.0024868443,train,-0.0103010405
2021-06-01,TLT,0.0023125967,0.007811255,0.005498658,train,0.0012601819
2021-06-02,EFA,-0.0049266974,-0.0011171382,0.0038095592,train,0.0007483326
2021-06-02,IWM,-0.0084001245,0.010391623,0.018791746,train,-0.008547694
2021-06-02,SPY,-0.003718289,0.028409608,0.0321279,train,-0.00091543887
2021-06-02,TLT,-0.003760795,0.00484862,0.008609415,train,0.007811255
2021-06-03,EFA,0.008483447,0.0028232853,0.005660162,train,-0.0011171382
2021-06-03,IWM,0.0043189605,0.010638479,0.0063195187,train,0.010391623
2021-06-03,SPY,0.009104469,-0.0042790836,0.013383552,train,0.028409608
2021-06-03,TLT,0.01360222,0.022259563,0.008657343,train,0.00484862
2021-06-04,EFA,0.0033002542,0.0007777377,0.0025225165,train,0.0028232853
2021-06-04,IWM,0.013323309,-0.015215627,0.028538935,train,0.010638479
2021-06-04,SPY,-0.0009707157,0.0012060669,0.0021767826,train,-0.0042790836
2021-06-04,TLT,-0.0030787827,0.023993094,0.027071876,train,0.022259563
2021-06-07,EFA,-0.00048817534,-0.0050178375,0.004529662,train,0.0007777377
2021-06-07,IWM,0.010532255,0.016942719,0.0064104637,train,-0.015215627
2021-06-07,SPY,0.00021300092,-0.004380986,0.004593987,train,0.0012060669
2021-06-07,TLT,0.007002122,-0.0014694957,0.0084716175,train,0.023993094
2021-06-08,EFA,-0.0026894507,0.005122225,0.007811676,train,-0.0050178375
2021-06-08,IWM,-0.006677692,0.016714245,0.023391936,train,0.016942719
2021-06-08,SPY,-0.0014928875,0.031316653,0.03280954,train,-0.004380986
2021-06-08,TLT,0.008789842,0.009995984,0.0012061419,train,-0.0014694957
2021-06-09,EFA,0.002750921,-0.026157025,0.028907947,train,0.005122225
2021-06-09,IWM,-0.007443573,-0.029842176,0.022398602,train,0.016714245
2021-06-09,SPY,0.004637547,0.032243427,0.02760588,train,0.031316653
2021-06-09,TLT,0.0059814393,-0.00020174542,0.0061831847,train,0.009995984
2021-06-10,EFA,0.0023482647,0.0008503443,0.0014979204,train,-0.026157025
2021-06-10,IWM,0.010499574,0.01212082,0.0016212454,train,-0.029842176
2021-06-10,SPY,0.0016509586,-0.0013186517,0.0029696103,train,0.032243427
2021-06-10,TLT,-0.0016151029,0.020437479,0.022052582,train,-0.00020174542
2021-06-11,EFA,0.0017268698,-0.00062292395,0.002349794,train,0.0008503443
2021-06-11,IWM,-0.002939165,-0.025932059,0.022992894,train,0.01212082
2021-06-11,SPY,0.002236663,0.022239838,0.020003175,train,-0.0013186517
2021-06-11,TLT,-0.007688996,-0.0051589143,0.0025300817,train,0.020437479
2021-06-14,EFA,0.0012318408,-0.007163356,0.008395197,train,-0.00062292395
2021-06-14,IWM,-0.0028609878,-0.0047301482,0.0018691604,train,-0.025932059
2021-06-14,SPY,-0.0018359403,0.021963816,0.023799757,train,0.022239838
2021-06-14,TLT,-0.0012038826,-0.00047461316,0.00072926946,train,-0.0051589143
2021-06-15,EFA,-0.006173672,-0.00017205253,0.0060016196,train,-0.007163356
2021-06-15,IWM,-0.002129475,-0.010727554,0.008598079,train,-0.0047301482
2021-06-15,SPY,-0.0055989195,-0.0017759707,0.0038229488,train,0.021963816
2021-06-15,TLT,-0.00085182796,-0.0024974933,0.0016456654,train,-0.00047461316
2021-06-16,EFA,-0.0069599827,0.0030790723,0.010039055,train,-0.00017205253
2021-06-16,IWM,-0.01128716,-0.014289717,0.003002557,train,-0.010727554
2021-06-16,SPY,-0.00033177098,-0.009585445,0.009253674,train,-0.0017759707
2021-06-16,TLT,0.014861332,0.0056187445,0.009242588,train,-0.0024974933
2021-06-17,EFA,-0.02092076,-0.0026210663,0.018299695,train,0.0030790723
2021-06-17,IWM,-0.022963718,-0.018932495,0.0040312223,train,-0.014289717
2021-06-17,SPY,-0.013582245,0.0025826013,0.016164847,train,-0.009585445
2021-06-17,TLT,0.018631304,0.0076300595,0.011001244,train,0.0056187445
2021-06-18,EFA,0.01303245,0.007941633,0.005090817,train,-0.0026210663
2021-06-18,IWM,0.02115819,0.0024135583,0.018744633,train,-0.018932495
2021-06-18,SPY,0.0142145,0.01292866,0.0012858398,train,0.0025826013
2021-06-18,TLT,-0.016885502,-0.009865049,0.007020453,train,0.0076300595
2021-06-21,EFA,0.0001256494,0.001508418,0.0013827686,train,0.007941633
2021-06-21,IWM,0.0045296466,-0.032188576,0.036718223,train,0.0024135583
2021-06-21,SPY,0.0053319056,-0.00936989,0.014701796,train,0.01292866
2021-06-21,TLT,0.0024397823,0.001356811,0.0010829712,train,-0.009865049
2021-06-22,EFA,-0.0064310036,0.001211823,0.0076428265,train,0.001508418
2021-06-22,IWM,0.0032854867,0.005263055,0.0019775685,train,-0.032188576
2021-06-22,SPY,-0.0012059141,0.0024232864,0.0036292006,train,-0.00936989
2021-06-22,TLT,-0.0025795884,-0.0071584275,0.004578839,train,0.001356811
2021-06-23,EFA,0.009568441,0.009126723,0.00044171792,train,0.001211823
2021-06-23,IWM,0.014026859,-0.0054798992,0.019506758,train,0.005263055
2021-06-23,SPY,0.0058981893,0.0016911556,0.0042070337,train,0.0024232864
2021-06-23,TLT,0.0016049123,-0.0032452913,0.0048502036,train,-0.0071584275
2021-06-24,EFA,0.0021277207,-0.0009320285,0.0030597493,train,0.009126723
2021-06-24,IWM,0.0016805067,0.0043584695,0.0026779626,train,-0.0054798992
2021-06-24,SPY,0.0035459646,0.0040004645,0.00045449985,train,0.0016911556
2021-06-24,TLT,-0.0104376925,-0.00079904497,0.009638648,train,-0.0032452913
2021-06-25,EFA,-0.0063970136,-0.015922401,0.009525388,train,-0.0009320285
2021-06-25,IWM,-0.007953046,0.013934762,0.021887809,train,0.0043584695
2021-06-25,SPY,0.0020136875,0.005492824,0.0034791366,train,0.0040004645
2021-06-25,TLT,0.010228531,0.026944816,0.016716285,train,-0.00079904497
2021-06-28,EFA,0.00025175716,-0.006831511,0.007083268,train,-0.015922401
2021-06-28,IWM,-0.0047849356,-0.0009905798,0.0037943558,train,0.013934762
2021-06-28,SPY,0.0005380256,-0.0018836884,0.002421714,train,0.005492824
2021-06-28,TLT,0.0016716265,0.0058515477,0.004179921,train,0.026944816
2021-06-29,EFA,-0.0077035734,-0.0010363888,0.0066671846,train,-0.006831511
2021-06-29,IWM,0.00013086264,0.0002511132,0.00012025057,train,-0.0009905798
2021-06-29,SPY,0.00084120984,0.015005256,0.014164046,train,-0.0018836884
2021-06-29,TLT,0.004443006,0.0081801005,0.0037370943,train,0.0058515477
2021-06-30,EFA,0.002405652,0.002827813,0.00042216084,train,-0.0010363888
2021-06-30,IWM,0.008768083,-0.01245636,0.021224443,train,0.0002511132
2021-06-30,SPY,0.005521389,0.009564194,0.0040428047,train,0.015005256
2021-06-30,TLT,5.5221924e-05,0.0075429464,0.0074877245,train,0.0081801005
2021-07-01,EFA,0.0034089717,0.00037913723,0.0030298345,train,0.002827813
2021-07-01,IWM,-0.009553304,-3.4987926e-05,0.009518316,train,-0.01245636
2021-07-01,SPY,0.0076144603,0.0032450906,0.0043693697,train,0.009564194
2021-07-01,TLT,0.006016901,-0.0027637766,0.008780678,train,0.0075429464
2021-07-02,EFA,-0.006575595,-0.0030812258,0.0034943693,train,0.00037913723
2021-07-02,IWM,-0.014635811,-0.0017220397,0.012913771,train,-3.4987926e-05
2021-07-02,SPY,-0.00182303,-0.0026648007,0.0008417708,train,0.0032450906
2021-07-02,TLT,0.011653037,-0.004931841,0.016584877,train,-0.0027637766
2021-07-06,EFA,0.005440488,0.00201712,0.003423368,train,-0.0030812258
2021-07-06,IWM,-0.009341477,0.008647944,0.017989421,train,-0.0017220397
2021-07-06,SPY,0.0035276962,-0.019833468,0.023361165,train,-0.0026648007
2021-07-06,TLT,0.008820001,0.0071798605,0.0016401405,train,-0.004931841
2021-07-07,EFA,-0.012953988,-0.00573174,0.0072222482,train,0.00201712
2021-07-07,IWM,-0.009248942,-0.008978884,0.0002700584,train,0.008647944
2021-07-07,SPY,-0.008181263,-0.002840845,0.005340418,train,-0.019833468
2021-07-07,TLT,0.003909924,-0.0023024143,0.0062123383,train,0.0071798605
2021-07-08,EFA,0.016858144,0.01012345,0.0067346934,train,-0.00573174
2021-07-08,IWM,0.020890037,-0.0068517206,0.027741756,train,-0.008978884
2021-07-08,SPY,0.010618173,-0.004926569,0.015544741,train,-0.002840845
2021-07-08,TLT,-0.014162616,-0.005118358,0.009044258,train,-0.0023024143
2021-07-09,EFA,0.0042644734,0.027844295,0.023579821,train,0.01012345
2021-07-09,IWM,0.0008387889,-0.062028747,0.06286754,train,-0.0068517206
2021-07-09,SPY,0.0035756421,-0.011480029,0.015055671,train,-0.004926569
2021-07-09,TLT,-0.0012973628,-0.0026905937,0.0013932309,train,-0.005118358
2021-07-12,EFA,-0.0052702217,-0.004875377,0.00039484492,train,0.027844295
2021-07-12,IWM,-0.019026099,0.014931224,0.033957325,train,-0.062028747
2021-07-12,SPY,-0.0034150179,-0.042721275,0.039306257,train,-0.011480029
2021-07-12,TLT,-0.0076825693,-0.0037829578,0.0038996115,train,-0.0026905937
2021-07-13,EFA,0.0022620368,-0.00151412,0.0037761568,train,-0.004875377
2021-07-13,IWM,-0.015549826,0.007319903,0.022869729,train,0.014931224
2021-07-13,SPY,0.0014912897,-0.022179272,0.023670562,train,-0.042721275
2021-07-13,TLT,0.011297659,0.011036036,0.0002616234,train,-0.0037829578
2021-07-14,EFA,-0.009586432,0.0017937471,0.011380179,train,-0.00151412
2021-07-14,IWM,-0.005681508,0.014621034,0.020302542,train,0.007319903
2021-07-14,SPY,-0.0034214556,-0.0024078786,0.001013577,train,-0.022179272
2021-07-14,TLT,0.01096998,0.0010833212,0.009886659,train,0.011036036
2021-07-15,EFA,-0.007378214,-0.0061432486,0.0012349654,train,0.0017937471
2021-07-15,IWM,-0.012391056,-0.016259901,0.0038688453,train,0.014621034
2021-07-15,SPY,-0.007874617,0.014760793,0.022635411,train,-0.0024078786
2021-07-15,TLT,-0.0018875711,0.0024846643,0.0043722354,train,0.0010833212
2021-07-16,EFA,-0.01829735,0.0050285594,0.023325909,train,-0.0061432486
2021-07-16,IWM,-0.015093586,-0.013321311,0.0017722752,train,-0.016259901
2021-07-16,SPY,-0.01487797,0.010441969,0.02531994,train,0.014760793
2021-07-16,TLT,0.021691384,-0.007200294,0.028891679,train,0.0024846643
2021-07-19,EFA,0.0072558853,0.009757735,0.0025018496,train,0.0050285594
2021-07-19,IWM,0.030558435,0.0004040287,0.030154407,train,-0.013321311
2021-07-19,SPY,0.014228683,0.047011387,0.032782704,train,0.010441969
2021-07-19,TLT,-0.009686128,0.020621207,0.030307334,train,-0.007200294
2021-07-20,EFA,0.015118783,-0.0011838125,0.016302597,train,0.009757735
2021-07-20,IWM,0.017077342,-0.020321172,0.037398513,train,0.0004040287
2021-07-20,SPY,0.008063596,-0.05650808,0.06457168,train,0.047011387
2021-07-20,TLT,-0.012747678,-0.007946772,0.0048009064,train,0.020621207
2021-07-21,EFA,0.00038137322,-0.005442965,0.005824338,train,-0.0011838125
2021-07-21,IWM,-0.016024353,0.009810575,0.02583493,train,-0.020321172
2021-07-21,SPY,0.0020920243,-0.028719477,0.030811502,train,-0.05650808
2021-07-21,TLT,0.009408602,0.0023527052,0.0070558963,train,-0.007946772
2021-07-22,EFA,0.0069671506,-0.0019549937,0.008922145,train,-0.005442965
2021-07-22,IWM,0.004656725,-0.019768514,0.024425238,train,0.009810575
2021-07-22,SPY,0.010235371,-0.008190193,0.018425565,train,-0.028719477
2021-07-22,TLT,-0.0067113675,0.0018014107,0.008512778,train,0.0023527052
2021-07-23,EFA,0.0013873581,-0.009479939,0.010867297,train,-0.0019549937
2021-07-23,IWM,0.0029107989,-0.03659413,0.03950493,train,-0.019768514
2021-07-23,SPY,0.002451958,0.0031504417,0.0006984838,train,-0.008190193
2021-07-23,TLT,-0.0029675507,-0.000133642,0.0028339087,train,0.0018014107
2021-07-26,EFA,-0.004041783,-0.016754005,0.012712222,train,-0.009479939
2021-07-26,IWM,-0.011740303,-0.008186613,0.0035536895,train,-0.03659413
2021-07-26,SPY,-0.0045678597,-0.008855683,0.004287823,train,0.0031504417
2021-07-26,TLT,0.010615065,-0.0026569972,0.013272062,train,-0.000133642
2021-07-27,EFA,0.0042939843,-0.010022578,0.014316563,train,-0.016754005
2021-07-27,IWM,0.014597616,0.027290914,0.012693298,train,-0.008186613
2021-07-27,SPY,-0.0004101735,-0.011666541,0.011256368,train,-0.008855683
2021-07-27,TLT,6.660433e-05,-0.002771968,0.0028385723,train,-0.0026569972
2021-07-28,EFA,0.006907429,-0.009985842,0.016893271,train,-0.010022578
2021-07-28,IWM,0.007669002,-0.0014150012,0.009084003,train,0.027290914
2021-07-28,SPY,0.0041387044,-0.011514933,0.015653636,train,-0.011666541
2021-07-28,TLT,-0.0055615813,0.0019016417,0.0074632233,train,-0.002771968
2021-07-29,EFA,-0.0051445724,-0.014987611,0.009843038,train,-0.009985842
2021-07-29,IWM,-0.0066282423,-0.024738967,0.018110726,train,-0.0014150012
2021-07-29,SPY,-0.004868301,-0.012095333,0.007227032,train,-0.011514933
2021-07-29,TLT,0.004692696,-0.0021191742,0.0068118703,train,0.0019016417
2021-07-30,EFA,0.0050193476,-0.005899746,0.010919094,train,-0.014987611
2021-07-30,IWM,-0.0049886303,-0.022096068,0.017107438,train,-0.024738967
2021-07-30,SPY,-0.0021000963,-0.022533398,0.020433301,train,-0.012095333
2021-07-30,TLT,0.008879721,0.0071648117,0.0017149094,train,-0.0021191742
2021-08-02,EFA,0.0071095126,-0.013416142,0.020525655,train,-0.005899746
2021-08-02,IWM,0.0041288864,-0.012901519,0.017030407,train,-0.022096068
2021-08-02,SPY,0.008102414,0.0057535274,0.0023488868,train,-0.022533398
2021-08-02,TLT,0.0005310248,-0.010251378,0.010782403,train,0.0071648117
2021-08-03,EFA,-0.0029873264,-0.010790748,0.0078034215,train,-0.013416142
2021-08-03,IWM,-0.012529571,-0.01788517,0.0053556003,train,-0.012901519
2021-08-03,SPY,-0.0049309847,-0.017569255,0.012638271,train,0.0057535274
2021-08-03,TLT,0.0020542073,-0.00023801625,0.0022922235,train,-0.010251378
2021-08-04,EFA,0.004849897,-0.0022284817,0.007078379,train,-0.010790748
2021-08-04,IWM,0.017813118,-0.010598329,0.028411448,train,-0.01788517
2021-08-04,SPY,0.0063128434,0.010747842,0.004434998,train,-0.017569255
2021-08-04,TLT,-0.0051100957,-0.0028334712,0.0022766246,train,-0.00023801625
2021-08-05,EFA,-0.0037286177,-0.0025654244,0.0011631933,train,-0.0022284817
2021-08-05,IWM,0.006106512,0.005692681,0.00041383132,train,-0.010598329
2021-08-05,SPY,0.0016511335,-0.003386248,0.0050373813,train,0.010747842
2021-08-05,TLT,-0.016842006,-0.002734508,0.014107497,train,-0.0028334712
2021-08-06,EFA,-0.00049821567,0.006159329,0.0066575445,train,-0.0025654244
2021-08-06,IWM,-0.005521389,0.000708824,0.006230213,train,0.005692681
2021-08-06,SPY,-0.0008139129,0.038920026,0.03973394,train,-0.003386248
2021-08-06,TLT,-0.003593062,0.006460347,0.010053409,train,-0.002734508
2021-08-09,EFA,0.0022400185,-0.005989366,0.008229384,train,0.006159329
2021-08-09,IWM,0.0019786954,0.013165065,0.01118637,train,0.000708824
2021-08-09,SPY,0.0012429991,0.035212543,0.033969544,train,0.038920026
2021-08-09,TLT,-0.004628592,-0.0009715087,0.0036570835,train,0.006460347
2021-08-10,EFA,0.006813087,-0.02858353,0.035396617,train,-0.005989366
2021-08-10,IWM,0.004884783,-0.01930764,0.024192423,train,0.013165065
2021-08-10,SPY,0.0024820315,0.020343415,0.017861385,train,0.035212543
2021-08-10,TLT,-0.0006150432,-0.0021166615,0.0015016183,train,-0.0009715087
2021-08-11,EFA,-0.0008644459,-0.027885057,0.02702061,train,-0.02858353
2021-08-11,IWM,-0.0023722316,-0.020099692,0.01772746,train,-0.01930764
2021-08-11,SPY,0.002992351,0.022602126,0.019609775,train,0.020343415
2021-08-11,TLT,-0.001639572,-0.001128755,0.0005108169,train,-0.0021166615
2021-08-12,EFA,0.006036351,-0.003470784,0.009507135,train,-0.027885057
2021-08-12,IWM,-0.009138185,0.012470058,0.021608243,train,-0.020099692
2021-08-12,SPY,0.0018182031,0.004435503,0.0026172998,train,0.022602126
2021-08-12,TLT,0.015672993,0.0003217021,0.015351291,train,-0.001128755
2021-08-13,EFA,-0.005171905,0.00020197057,0.0053738756,train,-0.003470784
2021-08-13,IWM,-0.009359311,0.01503706,0.024396371,train,0.012470058
2021-08-13,SPY,0.0023517567,0.0026411945,0.00028943783,train,0.004435503
2021-08-13,TLT,0.0024200482,-0.0071488107,0.009568859,train,0.0003217021
2021-08-16,EFA,-0.009426766,-0.007862945,0.001563821,train,0.00020197057
2021-08-16,IWM,-0.012263068,-0.0120692225,0.00019384548,train,0.01503706
2021-08-16,SPY,-0.006576758,-0.0037378375,0.0028389203,train,0.0026411945
2021-08-16,TLT,-0.00040244637,0.002398476,0.0028009224,train,-0.0071488107
2021-08-17,EFA,-0.0038710048,0.0077171703,0.011588175,train,-0.007862945
2021-08-17,IWM,-0.008772233,-0.008850644,7.841177e-05,train,-0.0120692225
2021-08-17,SPY,-0.011005131,0.014072142,0.025077272,train,-0.0037378375
2021-08-17,TLT,0.0033530144,0.0024937508,0.0008592636,train,0.002398476
2021-08-18,EFA,-0.009932638,0.0029362524,0.012868891,train,0.0077171703
2021-08-18,IWM,-0.012052979,-0.015732072,0.003679093,train,-0.008850644
2021-08-18,SPY,0.0015470436,0.03499562,0.033448577,train,0.014072142
2021-08-18,TLT,0.007338407,-0.005876852,0.013215259,train,0.0024937508
2021-08-19,EFA,0.003909238,0.0030215215,0.00088771665,train,0.0029362524
2021-08-19,IWM,0.016750623,-0.032760788,0.04951141,train,-0.015732072
2021-08-19,SPY,0.0079256175,-0.0046332823,0.0125589,train,0.03499562
2021-08-19,TLT,0.0006646481,-0.009120001,0.009784649,train,-0.005876852
2021-08-20,EFA,0.009271217,-0.003960373,0.013231589,train,0.0030215215
2021-08-20,IWM,0.018844845,-0.01924748,0.038092323,train,-0.032760788
2021-08-20,SPY,0.008758285,-0.0074690254,0.01622731,train,-0.0046332823
2021-08-20,TLT,-0.0006646481,-0.0028790021,0.002214354,train,-0.009120001
2021-08-23,EFA,0.0021174294,0.014375374,0.012257945,train,-0.003960373
2021-08-23,IWM,0.009787291,-0.049343225,0.059130516,train,-0.01924748
2021-08-23,SPY,0.0015858943,0.0002673748,0.0013185195,train,-0.0074690254
2021-08-23,TLT,-0.007807186,-0.0047891205,0.0030180654,train,-0.0028790021
2021-08-24,EFA,0.00037343064,-0.0060648927,0.0064383233,train,0.014375374
2021-08-24,IWM,0.003510793,-0.013317411,0.016828204,train,-0.049343225
2021-08-24,SPY,0.0020961266,0.0055989595,0.003502833,train,0.0002673748
2021-08-24,TLT,-0.008341263,0.0018870514,0.010228314,train,-0.0047891205
2021-08-25,EFA,-0.005238343,0.0008634664,0.0061018094,train,-0.0060648927
2021-08-25,IWM,-0.010660487,-0.006722153,0.003938334,train,-0.013317411
2021-08-25,SPY,-0.005920597,0.007254189,0.013174785,train,0.0055989595
2021-08-25,TLT,0.0027655861,0.006283722,0.0035181358,train,0.0018870514
2021-08-26,EFA,0.009087022,-4.4289976e-05,0.009131312,train,0.0008634664
2021-08-26,IWM,0.027811235,0.016784618,0.011026617,train,-0.006722153
2021-08-26,SPY,0.0089012375,-0.018169884,0.027071122,train,0.007254189
2021-08-26,TLT,0.006780963,0.0004833159,0.006297647,train,0.006283722
2021-08-27,EFA,-0.00024776396,0.01147952,0.011727285,train,-4.4289976e-05
2021-08-27,IWM,-0.0041161124,-0.019100923,0.014984811,train,0.016784618
2021-08-27,SPY,0.004387866,-0.0093713375,0.013759203,train,-0.018169884
2021-08-27,TLT,0.0026064904,0.00046832534,0.002138165,train,0.0004833159
2021-08-30,EFA,-0.0004960392,-0.011478513,0.010982473,train,0.01147952
2021-08-30,IWM,0.0019495174,-0.0020955587,0.004045076,train,-0.019100923
2021-08-30,SPY,-0.0014826849,-0.00096380897,0.0005188759,train,-0.0093713375
2021-08-30,TLT,-0.006830675,-0.00021040998,0.006620265,train,0.00046832534
2021-08-31,EFA,0.00901197,0.005228118,0.0037838519,train,-0.011478513
2021-08-31,IWM,0.0067055514,-0.014036556,0.020742107,train,-0.0020955587
2021-08-31,SPY,0.0005314002,-0.009687941,0.010219341,train,-0.00096380897
2021-08-31,TLT,0.0016737184,0.007626931,0.0059532127,train,-0.00021040998
2021-09-01,EFA,0.0040472527,-0.008382974,0.012430226,train,0.005228118
2021-09-01,IWM,0.0069228876,-0.004759132,0.01168202,train,-0.014036556
2021-09-01,SPY,0.003071835,0.0078426935,0.004770858,train,-0.009687941
2021-09-01,TLT,0.0043560034,-0.0016106456,0.005966649,train,0.007626931
2021-09-02,EFA,0.0045185746,-0.011574356,0.01609293,train,-0.008382974
2021-09-02,IWM,-0.004639227,-0.008864372,0.004225145,train,-0.004759132
2021-09-02,SPY,-0.00024284208,0.008921224,0.009164066,train,0.0078426935
2021-09-02,TLT,-0.009135596,-0.008083385,0.001052211,train,-0.0016106456
2021-09-03,EFA,0.0007307407,-0.01272915,0.013459891,train,-0.011574356
2021-09-03,IWM,-0.006910903,-0.016722806,0.009811902,train,-0.008864372
2021-09-03,SPY,-0.0035817374,-0.007115721,0.0035339834,train,0.008921224
2021-09-03,TLT,-0.008471887,-0.0027703727,0.005701514,train,-0.008083385
2021-09-07,EFA,-0.007945735,-0.0048473766,0.0030983584,train,-0.01272915
2021-09-07,IWM,-0.010970447,-0.033406533,0.022436086,train,-0.016722806
2021-09-07,SPY,-0.0012190983,0.010265001,0.0114841,train,-0.007115721
2021-09-07,TLT,0.006782989,-0.00479877,0.011581759,train,-0.0027703727
2021-09-08,EFA,-0.0017198736,0.0013833581,0.0031032318,train,-0.0048473766
2021-09-08,IWM,-0.0004912839,-0.013238995,0.0127477115,train,-0.033406533
2021-09-08,SPY,-0.0042894734,0.026607066,0.03089654,train,0.010265001
2021-09-08,TLT,0.012028,-0.0027704434,0.014798444,train,-0.00479877
2021-09-09,EFA,-0.0022152655,-0.026398707,0.024183441,train,0.0013833581
2021-09-09,IWM,-0.0098334355,-0.036977917,0.02714448,train,-0.013238995
2021-09-09,SPY,-0.007915704,0.035859488,0.043775193,train,0.026607066
2021-09-09,TLT,-0.008855699,0.011769126,0.020624824,train,-0.0027704434
2021-09-10,EFA,0.007854639,-0.035357065,0.043211706,train,-0.026398707
2021-09-10,IWM,0.005669552,-0.016177017,0.02184657,train,-0.036977917
2021-09-10,SPY,0.0025559862,0.0014698049,0.0010861813,train,0.035859488
2021-09-10,TLT,0.0060457373,-0.0057613757,0.011807113,train,0.011769126
2021-09-13,EFA,-0.0041649994,-0.014564351,0.010399352,train,-0.035357065
2021-09-13,IWM,-0.012824355,-0.024344113,0.011519758,train,-0.016177017
2021-09-13,SPY,-0.0054112673,-0.024249297,0.01883803,train,0.0014698049
2021-09-13,TLT,0.012050948,-0.008044977,0.020095926,train,-0.0057613757
2021-09-14,EFA,0.0029419195,-0.002297076,0.0052389954,train,-0.014564351
2021-09-14,IWM,0.009003363,-0.0054041306,0.014407493,train,-0.024344113
2021-09-14,SPY,0.008317953,0.0011352962,0.007182657,train,-0.024249297
2021-09-14,TLT,-0.0035136438,-0.022822063,0.01930842,train,-0.008044977
2021-09-15,EFA,-0.0015924698,-0.00018140208,0.0014110677,train,-0.002297076
2021-09-15,IWM,0.00072028744,-0.021083895,0.021804182,train,-0.0054041306
2021-09-15,SPY,-0.0015865038,-0.015883196,0.014296692,train,0.0011352962
2021-09-15,TLT,-0.004593154,0.0006882581,0.005281412,train,-0.022822063
2021-09-16,EFA,-0.013204448,0.0040993085,0.017303757,train,-0.00018140208
2021-09-16,IWM,0.0013043409,-0.02120978,0.022514122,train,-0.021083895
2021-09-16,SPY,-0.009788819,0.0026158718,0.0124046905,train,-0.015883196
2021-09-16,TLT,-0.004814756,0.0040929625,0.008907719,train,0.0006882581
2021-09-17,EFA,-0.01868263,0.013195691,0.031878322,train,0.0040993085
2021-09-17,IWM,-0.02406459,0.0047949054,0.028859494,train,-0.02120978
2021-09-17,SPY,-0.01681472,0.022897251,0.03971197,train,0.0026158718
2021-09-17,TLT,0.012325576,-0.0034488393,0.015774414,train,0.0040929625
2021-09-20,EFA,0.0098237395,0.0102032265,0.00037948694,train,0.013195691
2021-09-20,IWM,0.0015180697,0.029179685,0.027661616,train,0.0047949054
2021-09-20,SPY,-0.0009452224,0.053412262,0.054357484,train,0.022897251
2021-09-20,TLT,-0.0008610394,-0.008092268,0.007231229,train,-0.0034488393
2021-09-21,EFA,0.0050008516,-0.012232036,0.017232887,train,0.0102032265
2021-09-21,IWM,0.015419254,0.013158386,0.0022608684,train,0.029179685
2021-09-21,SPY,0.009707621,0.022161804,0.012454183,train,0.053412262
2021-09-21,TLT,0.005946384,-0.00236703,0.008313414,train,-0.008092268
2021-09-22,EFA,0.010790452,-0.00044997223,0.011240425,train,-0.012232036
2021-09-22,IWM,0.017545579,-0.011779883,0.029325463,train,0.013158386
2021-09-22,SPY,0.012076798,0.004805603,0.007271195,train,0.022161804
2021-09-22,TLT,-0.02285587,-0.0166214,0.0062344708,train,-0.00236703
2021-09-23,EFA,-0.009419864,-0.0050355224,0.0043843416,train,-0.00044997223
2021-09-23,IWM,-0.0048347283,-0.011886262,0.007051534,train,-0.011779883
2021-09-23,SPY,0.0016459202,-0.016524214,0.018170135,train,0.004805603
2021-09-23,TLT,-0.009821238,0.015725875,0.025547113,train,-0.0166214
2021-09-24,EFA,-0.00062283117,0.003233098,0.0038559292,train,-0.0050355224
2021-09-24,IWM,0.015084104,8.568028e-05,0.014998423,train,-0.011886262
2021-09-24,SPY,-0.0028649704,-0.0151218185,0.012256848,train,-0.016524214
2021-09-24,TLT,-0.0036831105,-0.0008235695,0.002859541,train,0.015725875
2021-09-27,EFA,-0.022048263,-0.012877104,0.009171159,train,0.003233098
2021-09-27,IWM,-0.023005988,-0.016059786,0.0069462024,train,8.568028e-05
2021-09-27,SPY,-0.020357756,-0.0254515,0.005093744,train,-0.0151218185
2021-09-27,TLT,-0.015699122,0.0013635829,0.017062705,train,-0.0008235695
2021-09-28,EFA,-0.002295502,0.045293123,0.047588624,train,-0.012877104
2021-09-28,IWM,-0.002126036,0.0026899092,0.0048159454,train,-0.016059786
2021-09-28,SPY,0.0016817151,0.032926004,0.03124429,train,-0.0254515
2021-09-28,TLT,0.0017330667,0.03098059,0.029247524,train,0.0013635829
2021-09-29,EFA,-0.003966203,-0.016913068,0.012946865,train,0.045293123
2021-09-29,IWM,-0.009418582,0.0005271267,0.009945708,train,0.0026899092
2021-09-29,SPY,-0.012297511,0.01247727,0.024774782,train,0.032926004
2021-09-29,TLT,-0.00013801726,0.005027907,0.0051659243,train,0.03098059
2021-09-30,EFA,0.0024326735,-0.019825187,0.02225786,train,-0.016913068
2021-09-30,IWM,0.016008416,0.008918266,0.0070901504,train,0.0005271267
2021-09-30,SPY,0.011814125,0.042880572,0.031066447,train,0.01247727
2021-09-30,TLT,0.008380353,0.0034572077,0.0049231458,train,0.005027907
2021-10-01,EFA,-0.010541191,0.0016404397,0.012181631,train,-0.019825187
2021-10-01,IWM,-0.009129271,0.02307821,0.03220748,train,0.008918266
2021-10-01,SPY,-0.012980024,-0.041423824,0.028443798,train,0.042880572
2021-10-01,TLT,-0.0025491195,-0.0021652398,0.00038387976,train,0.0034572077
2021-10-04,EFA,0.0068259784,-0.031602178,0.038428158,train,0.0016404397
2021-10-04,IWM,0.0034445939,-0.004607548,0.008052142,train,0.02307821
2021-10-04,SPY,0.010351192,0.01090197,0.00055077765,train,-0.041423824
2021-10-04,TLT,-0.009703286,0.010173672,0.019876957,train,-0.0021652398
2021-10-05,EFA,-0.006696578,0.0017518001,0.008448378,train,-0.031602178
2021-10-05,IWM,-0.0052165925,0.00071320264,0.005929795,train,-0.004607548
2021-10-05,SPY,0.0041476004,-0.016612574,0.020760175,train,0.01090197
2021-10-05,TLT,0.0056254873,0.0048132623,0.00081222504,train,0.010173672
2021-10-06,EFA,0.0077229217,0.008965222,0.0012423005,train,0.0017518001
2021-10-06,IWM,0.015300387,0.015289473,1.0913238e-05,train,0.00071320264
2021-10-06,SPY,0.008608393,-0.014054184,0.022662576,train,-0.016612574
2021-10-06,TLT,-0.010512886,0.0022842176,0.012797103,train,0.0048132623
2021-10-07,EFA,-0.00012806624,0.025802016,0.025930082,train,0.008965222
2021-10-07,IWM,-0.0075532966,-0.043795455,0.036242157,train,0.015289473
2021-10-07,SPY,-0.0018254826,-0.02179481,0.01996933,train,-0.014054184
2021-10-07,TLT,-0.0070230877,0.021038994,0.028062083,train,0.0022842176
2021-10-08,EFA,-0.0032112957,0.004755504,0.0079668,train,0.025802016
2021-10-08,IWM,-0.005748058,-0.011392408,0.00564435,train,-0.043795455
2021-10-08,SPY,-0.0072659454,-0.009761591,0.002495646,train,-0.02179481
2021-10-08,TLT,-0.0025409393,0.01015673,0.01269767,train,0.021038994
2021-10-11,EFA,0.00051449175,-0.00761116,0.008125652,train,0.004755504
2021-10-11,IWM,0.005477276,-0.0013305312,0.0068078074,train,-0.011392408
2021-10-11,SPY,-0.002464597,-0.0077359155,0.0052713184,train,-0.009761591
2021-10-11,TLT,0.016955584,0.010173155,0.0067824293,train,0.01015673
2021-10-12,EFA,0.009852442,0.006525798,0.0033266442,train,-0.00761116
2021-10-12,IWM,0.004728824,-0.0017731478,0.0065019717,train,-0.0013305312
2021-10-12,SPY,0.003591142,-0.006325406,0.009916548,train,-0.0077359155
2021-10-12,TLT,0.009679502,0.04216016,0.032480657,train,0.010173155
2021-10-13,EFA,0.009882125,0.027293477,0.017411351,train,0.006525798
2021-10-13,IWM,0.014717884,-0.01681193,0.031529814,train,-0.0017731478
2021-10-13,SPY,0.016680686,-0.015436144,0.03211683,train,-0.006325406
2021-10-13,TLT,0.003708242,-0.007650747,0.011358989,train,0.04216016
2021-10-14,EFA,0.008286218,0.0038529153,0.004433303,train,0.027293477
2021-10-14,IWM,-0.0031482913,-0.0075720707,0.0044237794,train,-0.01681193
2021-10-14,SPY,0.0075870063,-0.050136972,0.057723977,train,-0.015436144
2021-10-14,TLT,-0.0058435323,-0.00698834,0.0011448078,train,-0.007650747
2021-10-15,EFA,-0.004260199,-0.00042274315,0.003837456,train,0.0038529153
2021-10-15,IWM,-0.00057758635,-0.016942699,0.016365113,train,-0.0075720707
2021-10-15,SPY,0.0029562514,-0.0083647175,0.011320969,train,-0.050136972
2021-10-15,TLT,0.0046772496,-0.010383705,0.015060954,train,-0.00698834
2021-10-18,EFA,0.0060092923,-0.011101431,0.017110724,train,-0.00042274315
2021-10-18,IWM,0.0037258775,-0.008134117,0.011859994,train,-0.016942699
2021-10-18,SPY,0.0076852744,0.0037051905,0.003980084,train,-0.0083647175
2021-10-18,TLT,-0.013890327,-0.0009845579,0.012905769,train,-0.010383705
2021-10-19,EFA,0.0034883786,-0.013889619,0.017377999,train,-0.011101431
2021-10-19,IWM,0.0066191964,-0.014642232,0.021261428,train,-0.008134117
2021-10-19,SPY,0.0039199353,-0.01142248,0.015342416,train,0.0037051905
2021-10-19,TLT,-0.0067725857,0.032312278,0.039084863,train,-0.0009845579
2021-10-20,EFA,-0.0047376696,-0.011520415,0.006782745,train,-0.013889619
2021-10-20,IWM,0.0025474774,-0.0004025437,0.002950021,train,-0.014642232
2021-10-20,SPY,0.0026049223,-0.02144476,0.024049683,train,-0.01142248
2021-10-20,TLT,-0.0011921615,0.016491886,0.017684048,train,0.032312278
2021-10-21,EFA,0.005980732,-0.0148390485,0.02081978,train,-0.011520415
2021-10-21,IWM,-0.0023717103,-0.012693516,0.010321805,train,-0.0004025437
2021-10-21,SPY,-0.0010366391,0.009533043,0.010569682,train,-0.02144476
2021-10-21,TLT,0.010953011,0.008578057,0.0023749536,train,0.016491886
2021-10-22,EFA,-0.0019895327,-0.05637869,0.054389156,train,-0.0148390485
2021-10-22,IWM,0.009453347,-0.017681494,0.027134841,train,-0.012693516
2021-10-22,SPY,0.005348182,-0.030647974,0.035996158,train,0.009533043
2021-10-22,TLT,-0.0015281007,-0.0035076528,0.0019795522,train,0.008578057
2021-10-25,EFA,0.0019895327,-0.01903452,0.021024052,train,-0.05637869
2021-10-25,IWM,-0.0075642606,-0.0045574065,0.003006854,train,-0.017681494
2021-10-25,SPY,0.00089968997,-0.0004221024,0.0013217924,train,-0.030647974
2021-10-25,TLT,0.008235489,0.0017767553,0.0064587337,train,-0.0035076528
2021-10-26,EFA,-0.0039830315,-0.04306871,0.03908568,train,-0.01903452
2021-10-26,IWM,-0.018561274,-0.0031939093,0.0153673645,train,-0.0045574065
2021-10-26,SPY,-0.004440021,0.0031697536,0.0076097744,train,-0.0004221024
2021-10-26,TLT,0.018030211,-0.029835012,0.047865223,train,0.0017767553
2021-10-27,EFA,0.009680973,-0.04297089,0.05265186,train,-0.04306871
2021-10-27,IWM,0.019745488,-0.0054668887,0.025212377,train,-0.0031939093
2021-10-27,SPY,0.009602622,0.026696477,0.017093856,train,0.0031697536
2021-10-27,TLT,-0.003389691,-0.008827201,0.00543751,train,-0.029835012
2021-10-28,EFA,-0.005822015,-0.044561606,0.03873959,train,-0.04297089
2021-10-28,IWM,-0.000262959,-0.00626476,0.006001801,train,-0.0054668887
2021-10-28,SPY,0.0020271465,0.04092699,0.038899843,train,0.026696477
2021-10-28,TLT,0.0030519601,0.024536293,0.021484332,train,-0.008827201
2021-10-29,EFA,0.009643867,-0.037302714,0.04694658,train,-0.044561606
2021-10-29,IWM,0.025585286,-0.010730854,0.03631614,train,-0.00626476
2021-10-29,SPY,0.001718646,-0.016911048,0.018629694,train,0.04092699
2021-10-29,TLT,-0.0072263363,0.015528691,0.022755027,train,0.024536293
2021-11-01,EFA,-0.002093912,-0.035110902,0.03301699,train,-0.037302714
2021-11-01,IWM,0.002092163,-0.015189682,0.017281845,train,-0.010730854
2021-11-01,SPY,0.0040349397,-0.03298705,0.03702199,train,-0.016911048
2021-11-01,TLT,0.004428595,0.0220851,0.017656505,train,0.015528691
2021-11-02,EFA,0.00810487,-0.01170862,0.01981349,train,-0.035110902
2021-11-02,IWM,0.017713705,0.006025239,0.011688466,train,-0.015189682
2021-11-02,SPY,0.00608663,-0.050992116,0.057078745,train,-0.03298705
2021-11-02,TLT,-0.010386993,-0.0010168571,0.009370136,train,0.0220851
2021-11-03,EFA,-0.0006113832,-0.009728327,0.009116944,train,-0.01170862
2021-11-03,IWM,-0.00037705537,0.0287254,0.029102456,train,0.006025239
2021-11-03,SPY,0.004701492,-0.038125273,0.042826764,train,-0.050992116
2021-11-03,TLT,0.010455197,0.030505594,0.020050397,train,-0.0010168571
2021-11-04,EFA,0.0014674872,-0.0055729887,0.007040476,train,-0.009728327
2021-11-04,IWM,0.01357323,-0.0026383777,0.016211608,train,0.0287254
2021-11-04,SPY,0.003463715,-0.0416499,0.045113616,train,-0.038125273
2021-11-04,TLT,0.014845019,0.00850651,0.006338509,train,0.030505594
2021-11-05,EFA,-0.00012227106,-0.011946925,0.0118246535,train,-0.0055729887
2021-11-05,IWM,0.003096885,0.03225782,0.029160935,train,-0.0026383777
2021-11-05,SPY,0.0008533042,-0.027144596,0.0279979,train,-0.0416499
2021-11-05,TLT,-0.0018770575,-0.01363963,0.011762572,train,0.00850651
2021-11-08,EFA,-0.002202255,-0.0059683854,0.0037661304,train,-0.011946925
2021-11-08,IWM,-0.0058299927,-0.009882759,0.0040527666,train,0.03225782
2021-11-08,SPY,-0.0033107735,-0.034397166,0.031086393,train,-0.027144596
2021-11-08,TLT,0.012934161,-0.0018046233,0.014738785,train,-0.01363963
2021-11-09,EFA,-0.012200574,-0.00930946,0.002891114,train,-0.0059683854
2021-11-09,IWM,-0.015883198,0.00034900312,0.016232202,train,-0.009882759
2021-11-09,SPY,-0.008077483,-0.025657069,0.017579585,train,-0.034397166
2021-11-09,TLT,-0.018451888,0.014599896,0.033051785,train,-0.0018046233
2021-11-10,EFA,0.0035892185,0.0049855434,0.001396325,train,-0.00930946
2021-11-10,IWM,0.008014913,-0.008157116,0.01617203,train,0.00034900312
2021-11-10,SPY,0.0003234113,0.004727509,0.004404098,train,-0.025657069
2021-11-10,TLT,-0.0014858891,0.015501398,0.016987287,train,0.014599896
2021-11-11,EFA,0.005421314,-0.00029531214,0.005716626,train,0.0049855434
2021-11-11,IWM,0.0010024533,-0.010180224,0.011182677,train,-0.008157116
2021-11-11,SPY,0.007518524,0.006946165,0.0005723587,train,0.004727509
2021-11-11,TLT,-0.0044021416,-0.017789014,0.013386872,train,0.015501398
2021-11-12,EFA,-0.0018446071,-0.00042365212,0.0014209549,train,-0.00029531214
2021-11-12,IWM,-0.0039742906,0.00021798839,0.0041922787,train,-0.010180224
2021-11-12,SPY,0.00034242656,-0.009675273,0.0100177,train,0.006946165
2021-11-12,TLT,-0.012636143,0.008129411,0.020765554,train,-0.017789014
2021-11-15,EFA,-0.0022183764,0.0002080272,0.0024264036,train,-0.00042365212
2021-11-15,IWM,0.0018427063,0.0009838794,0.0008588269,train,0.00021798839
2021-11-15,SPY,0.0039499565,0.020046048,0.01609609,train,-0.009675273
2021-11-15,TLT,-0.0025467107,0.03253914,0.03508585,train,0.008129411
2021-11-16,EFA,-0.0012346215,0.00340142,0.004636042,train,0.0002080272
2021-11-16,IWM,-0.013183255,-0.00016025268,0.013023002,train,0.0009838794
2021-11-16,SPY,-0.002432167,0.00019442942,0.0026265965,train,0.020046048
2021-11-16,TLT,0.00789395,0.0023408702,0.00555308,train,0.03253914
2021-11-17,EFA,0.0009877105,0.003306361,0.0023186505,train,0.00340142
2021-11-17,IWM,-0.0042488757,-0.0025871857,0.00166169,train,-0.00016025268
2021-11-17,SPY,0.0033907394,0.03311396,0.029723221,train,0.00019442942
2021-11-17,TLT,0.003753329,0.007452692,0.003699363,train,0.0023408702
2021-11-18,EFA,-0.008551926,0.006604789,0.015156715,train,0.003306361
2021-11-18,IWM,-0.0091535915,-0.005596458,0.0035571335,train,-0.0025871857
2021-11-18,SPY,-0.0017897659,0.023707014,0.025496779,train,0.03311396
2021-11-18,TLT,0.01050266,-0.002826815,0.013329474,train,0.007452692
2021-11-19,EFA,-0.0058671865,0.005684551,0.011551738,train,0.006604789
2021-11-19,IWM,-0.0042632604,0.007329651,0.011592912,train,-0.005596458
2021-11-19,SPY,-0.0028193137,0.031606782,0.034426097,train,0.023707014
2021-11-19,TLT,-0.01179782,-0.017954055,0.006156235,train,-0.002826815
2021-11-22,EFA,-0.001002173,0.0068549784,0.007857151,train,0.005684551
2021-11-22,IWM,-0.0017274256,0.0023900578,0.0041174833,train,0.007329651
2021-11-22,SPY,0.0013249762,0.029321589,0.027996613,train,0.031606782
2021-11-22,TLT,-0.014564632,0.008084538,0.02264917,train,-0.017954055
2021-11-23,EFA,-0.006664608,0.0038173916,0.010482,train,0.0068549784
2021-11-23,IWM,0.0010803126,-0.014906242,0.015986554,train,0.0023900578
2021-11-23,SPY,0.002666491,0.012674856,0.010008365,train,0.029321589
2021-11-23,TLT,0.015928004,0.031822637,0.015894633,train,0.008084538
2021-11-24,EFA,-0.027241278,0.005218289,0.03245957,train,0.0038173916
2021-11-24,IWM,-0.03842666,-0.014036073,0.024390586,train,-0.014906242
2021-11-24,SPY,-0.022555592,0.015073829,0.03762942,train,0.012674856
2021-11-24,TLT,0.024954686,0.008415148,0.016539538,train,0.031822637
2021-11-26,EFA,0.005043706,-0.004314256,0.009357962,train,0.005218289
2021-11-26,IWM,-0.00062838505,0.083073094,0.08370148,train,-0.014036073
2021-11-26,SPY,0.012192117,0.035157252,0.022965135,train,0.015073829
2021-11-26,TLT,-0.008070128,-0.005923411,0.0021467172,train,0.008415148
2021-11-29,EFA,-0.008810785,-0.011708763,0.0028979788,train,-0.004314256
2021-11-29,IWM,-0.020595964,-0.048120197,0.027524233,train,0.083073094
2021-11-29,SPY,-0.019649537,-0.017700665,0.0019488726,train,0.035157252
2021-11-29,TLT,0.015087352,-0.0032292078,0.01831656,train,-0.005923411
2021-11-30,EFA,-0.0057424316,-0.013560413,0.007817982,train,-0.011708763
2021-11-30,IWM,-0.022762615,-0.0015074378,0.021255177,train,-0.048120197
2021-11-30,SPY,-0.01116949,0.044701457,0.055870946,train,-0.017700665
2021-11-30,TLT,0.0061500533,-0.019329581,0.025479635,train,-0.0032292078
2021-12-01,EFA,0.012357787,-0.015629198,0.027986985,train,-0.013560413
2021-12-01,IWM,0.027518129,-0.0089479545,0.036466084,train,-0.0015074378
2021-12-01,SPY,0.015200286,0.020295687,0.005095401,train,0.044701457
2021-12-01,TLT,0.0012463256,0.009890069,0.008643744,train,-0.019329581
2021-12-02,EFA,-0.0041458006,-0.004332171,0.00018637022,train,-0.015629198
2021-12-02,IWM,-0.020741811,0.05291382,0.07365563,train,-0.0089479545
2021-12-02,SPY,-0.00873938,-0.01264394,0.0039045596,train,0.020295687
2021-12-02,TLT,0.011861415,0.0033097507,0.008551664,train,0.009890069
2021-12-03,EFA,0.009560985,0.0022090115,0.007351973,train,-0.004332171
2021-12-03,IWM,0.019874742,0.025186539,0.0053117964,train,0.05291382
2021-12-03,SPY,0.011773727,0.00064517837,0.0111285485,train,-0.01264394
2021-12-03,TLT,-0.013830069,-0.0013905857,0.012439484,train,0.0033097507
2021-12-06,EFA,0.02086845,0.017882,0.0029864497,train,0.0022090115
2021-12-06,IWM,0.022929352,0.09182427,0.06889492,train,0.025186539
2021-12-06,SPY,0.020473737,-0.017685287,0.038159024,train,0.00064517837
2021-12-06,TLT,-0.0081126,0.01849508,0.02660768,train,-0.0013905857
2021-12-07,EFA,0.0018871757,0.05155803,0.049670853,train,0.017882
2021-12-07,IWM,0.0068040756,0.0005497029,0.0062543727,train,0.09182427
2021-12-07,SPY,0.0026446031,0.0013276394,0.0013169637,train,-0.017685287
2021-12-07,TLT,-0.017436234,0.007923158,0.025359392,train,0.01849508
2021-12-08,EFA,-0.008330144,0.024256479,0.032586623,train,0.05155803
2021-12-08,IWM,-0.02290799,0.0028714044,0.025779393,train,0.0005497029
2021-12-08,SPY,-0.006774612,0.01072616,0.017500773,train,0.0013276394
2021-12-08,TLT,0.0055784676,0.06254101,0.056962542,train,0.007923158
2021-12-09,EFA,0.0021521235,0.010488283,0.008336159,train,0.024256479
2021-12-09,IWM,-0.0027701438,-0.007994091,0.0052239476,train,0.0028714044
2021-12-09,SPY,0.00936953,0.0087936735,0.0005758563,train,0.01072616
2021-12-09,TLT,-0.0024158016,0.001977634,0.0043934355,train,0.06254101
2021-12-10,EFA,-0.009411357,-0.029813197,0.02040184,train,0.010488283
2021-12-10,IWM,-0.0147215985,-0.034044247,0.019322649,train,-0.007994091
2021-12-10,SPY,-0.008897769,-0.003627826,0.0052699433,train,0.0087936735
2021-12-10,TLT,0.014671287,0.013544833,0.0011264533,train,0.001977634
2021-12-13,EFA,-0.0053392868,-0.009988023,0.004648736,train,-0.029813197
2021-12-13,IWM,-0.008646927,-0.017520633,0.008873706,train,-0.034044247
2021-12-13,SPY,-0.00690388,-0.0020435946,0.004860285,train,-0.003627826
2021-12-13,TLT,-0.0023864578,-0.0007254081,0.0016610497,train,0.013544833
2021-12-14,EFA,0.013489094,-0.006210667,0.01969976,train,-0.009988023
2021-12-14,IWM,0.015750032,-0.01381847,0.0295685,train,-0.017520633
2021-12-14,SPY,0.015504217,-0.019851733,0.035355948,train,-0.0020435946
2021-12-14,TLT,-0.009668251,-0.0039708847,0.005697366,train,-0.0007254081
2021-12-15,EFA,0.00012857535,0.01910345,0.018974876,train,-0.006210667
2021-12-15,IWM,-0.020429894,0.026754595,0.04718449,train,-0.01381847
2021-12-15,SPY,-0.008857532,-0.026506055,0.017648522,train,-0.019851733
2021-12-15,TLT,0.0003888529,0.0006027499,0.00021389697,train,-0.0039708847
2021-12-16,EFA,-0.012704198,-0.011492197,0.0012120008,train,0.01910345
2021-12-16,IWM,0.009152132,-0.010979908,0.020132039,train,0.026754595
2021-12-16,SPY,-0.010699962,-0.0004874454,0.010212516,train,-0.026506055
2021-12-16,TLT,0.011267902,-0.00083288364,0.012100786,train,0.0006027499
2021-12-17,EFA,-0.0022201054,-0.0123977,0.010177595,train,-0.011492197
2021-12-17,IWM,-0.014136983,-0.012899798,0.0012371847,train,-0.010979908
2021-12-17,SPY,-0.010690528,0.009595939,0.020286467,train,-0.0004874454
2021-12-17,TLT,-0.007520549,-0.03701785,0.0294973,train,-0.00083288364
2021-12-20,EFA,0.01105257,-0.0041598864,0.015212457,train,-0.0123977
2021-12-20,IWM,0.02816818,0.01041357,0.017754609,train,-0.012899798
2021-12-20,SPY,0.017603261,0.007465749,0.010137512,train,0.009595939
2021-12-20,TLT,-0.0038146435,0.007984012,0.011798656,train,-0.03701785
2021-12-21,EFA,0.009267652,-0.033580642,0.042848296,train,-0.0041598864
2021-12-21,IWM,0.0095793875,-0.050257806,0.059837192,train,0.01041357
2021-12-21,SPY,0.00994912,-0.046938244,0.056887366,train,0.007465749
2021-12-21,TLT,0.0046159253,0.001597495,0.0030184302,train,0.007984012
2021-12-22,EFA,0.0058764736,-0.014334877,0.02021135,train,-0.033580642
2021-12-22,IWM,0.007957874,-0.009431933,0.017389808,train,-0.050257806
2021-12-22,SPY,0.006202722,0.028569493,0.022366771,train,-0.046938244
2021-12-22,TLT,-0.008714464,-0.0030693747,0.005645089,train,0.001597495
2021-12-23,EFA,0.007739515,-0.009584476,0.017323991,train,-0.014334877
2021-12-23,IWM,0.00932428,-0.003483233,0.012807513,train,-0.009431933
2021-12-23,SPY,0.014053034,-0.0031292764,0.01718231,train,0.028569493
2021-12-23,TLT,0.0024213374,0.0012611202,0.0011602172,train,-0.0030693747
2021-12-27,EFA,0.0003792394,-0.0012968266,0.0016760661,train,-0.009584476
2021-12-27,IWM,-0.0061316593,-0.028848156,0.022716496,train,-0.003483233
2021-12-27,SPY,-0.00081760716,0.003247402,0.004065009,train,-0.0031292764
2021-12-27,TLT,-0.0039715073,0.000102905324,0.0040744124,train,0.0012611202
2021-12-28,EFA,-0.0003792394,-0.022724997,0.022345757,train,-0.0012968266
2021-12-28,IWM,0.001076915,-0.024898179,0.025975093,train,-0.028848156
2021-12-28,SPY,0.001278324,0.005564795,0.004286471,train,0.003247402
2021-12-28,TLT,-0.010984403,-0.001404888,0.009579515,train,0.000102905324
2021-12-29,EFA,-0.0026250922,-0.012431274,0.009806182,train,-0.022724997
2021-12-29,IWM,-0.00026912004,-0.029919636,0.029650515,train,-0.024898179
2021-12-29,SPY,-0.0027682357,-0.022717651,0.019949416,train,0.005564795
2021-12-29,TLT,0.008351736,0.014679659,0.0063279234,train,-0.001404888
2021-12-30,EFA,-0.0008893511,-0.009139105,0.008249754,test,-0.012431274
2021-12-30,IWM,-0.002155427,-0.024923474,0.022768047,test,-0.029919636
2021-12-30,SPY,-0.0025234057,0.047383603,0.04990701,test,-0.022717651
2021-12-30,TLT,0.0019584438,-0.002321391,0.0042798347,test,0.014679659
2021-12-31,EFA,0.0064611463,-0.0035001365,0.009961283,test,-0.009139105
2021-12-31,IWM,0.012819191,-0.0130140865,0.025833279,test,-0.024923474
2021-12-31,SPY,0.0057733525,-0.0038561323,0.009629484,test,0.047383603
2021-12-31,TLT,-0.026600927,-0.0031352476,0.02346568,test,-0.002321391
2022-01-03,EFA,0.005666319,-0.00079821004,0.006464529,test,-0.0035001365
2022-01-03,IWM,-0.001510204,-0.030756976,0.029246772,test,-0.0130140865
2022-01-03,SPY,-0.00033496422,0.023327157,0.023662122,test,-0.0038561323
2022-01-03,TLT,-0.0041665463,0.030117039,0.034283586,test,-0.0031352476
2022-01-04,EFA,-0.008828312,-0.012756704,0.003928392,test,-0.00079821004
2022-01-04,IWM,-0.0344566,0.00045614573,0.034912746,test,-0.030756976
2022-01-04,SPY,-0.019388912,0.0157738,0.03516271,test,0.023327157
2022-01-04,TLT,-0.0054430645,0.0015978103,0.007040875,test,0.030117039
2022-01-05,EFA,-0.0050799022,0.00017877715,0.0052586794,test,-0.012756704
2022-01-05,IWM,0.0056887725,0.03745998,0.03177121,test,0.00045614573
2022-01-05,SPY,-0.0009399744,0.004950094,0.0058900686,test,0.0157738
2022-01-05,TLT,0.0025859463,0.0016511055,0.0009348409,test,0.0015978103
2022-01-06,EFA,0.0029240085,0.001109902,0.0018141065,test,0.00017877715
2022-01-06,IWM,-0.011641199,-0.002729929,0.00891127,test,0.03745998
2022-01-06,SPY,-0.003961307,-0.009112407,0.0051511005,test,0.004950094
2022-01-06,TLT,-0.007214234,0.00196946,0.009183694,test,0.0016511055
2022-01-07,EFA,-0.009310503,-0.032238103,0.0229276,test,0.001109902
2022-01-07,IWM,-0.0034771233,-0.02577757,0.022300448,test,-0.002729929
2022-01-07,SPY,-0.0012451272,-0.017806947,0.01656182,test,-0.009112407
2022-01-07,TLT,0.00245726,0.008435847,0.005978587,test,0.00196946
2022-01-10,EFA,0.010832927,-0.013709401,0.024542328,test,-0.032238103
2022-01-10,IWM,0.010579247,-0.013414818,0.023994066,test,-0.02577757
2022-01-10,SPY,0.00906702,-0.009914807,0.018981827,test,-0.017806947
2022-01-10,TLT,0.006639428,0.0030763277,0.0035631002,test,0.008435847
2022-01-11,EFA,0.009713069,-0.031472437,0.041185506,test,-0.013709401
2022-01-11,IWM,-0.0074721393,0.014280739,0.021752879,test,-0.013414818
2022-01-11,SPY,0.002699933,-0.01990816,0.022608094,test,-0.009914807
2022-01-11,TLT,-0.0038388758,0.042551026,0.0463899,test,0.0030763277
2022-01-12,EFA,-0.0073076477,-0.010259798,0.00295215,test,-0.031472437
2022-01-12,IWM,-0.009209678,-0.008565477,0.0006442005,test,0.014280739
2022-01-12,SPY,-0.013874462,-0.01532144,0.0014469782,test,-0.01990816
2022-01-12,TLT,0.008841722,0.0020375634,0.006804159,test,0.042551026
2022-01-13,EFA,-0.0010122532,-0.00445496,0.003442707,test,-0.010259798
2022-01-13,IWM,0.0014008172,-0.009289601,0.010690418,test,-0.008565477
2022-01-13,SPY,0.00040884735,0.007943693,0.0075348453,test,-0.01532144
2022-01-13,TLT,-0.015225116,0.010672746,0.025897862,test,0.0020375634
2022-01-14,EFA,-0.014792445,-0.0035176273,0.011274818,test,-0.00445496
2022-01-14,IWM,-0.030703064,-0.007570075,0.02313299,test,-0.009289601
2022-01-14,SPY,-0.017868271,-0.0271076,0.009239329,test,0.007943693
2022-01-14,TLT,-0.014174381,0.0011147419,0.015289123,test,0.010672746
2022-01-18,EFA,-0.00089953124,0.0052832766,0.006182808,test,-0.0035176273
2022-01-18,IWM,-0.016397005,0.03724451,0.053641513,test,-0.007570075
2022-01-18,SPY,-0.010437758,0.021427795,0.031865552,test,-0.0271076
2022-01-18,TLT,0.0068998868,0.024642434,0.017742548,test,0.0011147419
2022-01-19,EFA,-0.004898087,0.007655804,0.012553891,test,0.0052832766
2022-01-19,IWM,-0.018263083,-0.008932521,0.009330562,test,0.03724451
2022-01-19,SPY,-0.011129672,0.02844553,0.039575204,test,0.021427795
2022-01-19,TLT,0.006147831,-0.0020743278,0.008222159,test,0.024642434
2022-01-20,EFA,-0.013660768,-0.005356352,0.008304416,test,0.007655804
2022-01-20,IWM,-0.01890739,-0.04413881,0.025231421,test,-0.008932521
2022-01-20,SPY,-0.019825837,0.07549753,0.09532337,test,0.02844553
2022-01-20,TLT,0.011836107,-0.010140126,0.021976233,test,-0.0020743278
2022-01-21,EFA,-0.010005161,-0.004512217,0.0054929443,test,-0.005356352
2022-01-21,IWM,0.022785245,-0.0033154236,0.026100669,test,-0.04413881
2022-01-21,SPY,0.004237604,0.12529182,0.12105422,test,0.07549753
2022-01-21,TLT,-0.008249171,0.010278288,0.01852746,test,-0.010140126
2022-01-24,EFA,-0.006104995,-0.011709827,0.005604832,test,-0.004512217
2022-01-24,IWM,-0.013437655,-0.025382388,0.011944734,test,-0.0033154236
2022-01-24,SPY,-0.012284134,0.038772475,0.05105661,test,0.12529182
2022-01-24,TLT,-0.0016155315,0.001735894,0.0033514255,test,0.010278288
2022-01-25,EFA,-0.0038679398,-0.04192664,0.038058702,test,-0.011709827
2022-01-25,IWM,-0.014538902,0.024245292,0.038784195,test,-0.025382388
2022-01-25,SPY,-0.0025119176,0.111647926,0.114159845,test,0.038772475
2022-01-25,TLT,-0.012168216,-0.0043680975,0.007800118,test,0.001735894
2022-01-26,EFA,-0.0046881316,-0.025457695,0.020769563,test,-0.04192664
2022-01-26,IWM,-0.022969233,0.054269385,0.07723862,test,0.024245292
2022-01-26,SPY,-0.0049501467,0.07968898,0.084639125,test,0.111647926
2022-01-26,TLT,0.01819672,0.0033406047,0.014856116,test,-0.0043680975
2022-01-27,EFA,0.0033509065,-0.01947787,0.022828776,test,-0.025457695
2022-01-27,IWM,0.019288333,0.067539215,0.048250884,test,0.054269385
2022-01-27,SPY,0.024531975,0.106214955,0.08168298,test,0.07968898
2022-01-27,TLT,0.0003491461,0.035033714,0.03468457,test,0.0033406047
2022-01-28,EFA,0.014480338,-0.00562195,0.020102289,test,-0.01947787
2022-01-28,IWM,0.030217662,-0.039557725,0.06977539,test,0.067539215
2022-01-28,SPY,0.017850718,-0.015008823,0.03285954,test,0.106214955
2022-01-28,TLT,-0.00518347,0.0012397375,0.0064232075,test,0.035033714
2022-01-31,EFA,0.009451468,0.007122647,0.0023288205,test,-0.00562195
2022-01-31,IWM,0.010479364,-0.04888403,0.059363395,test,-0.039557725
2022-01-31,SPY,0.0067342888,-0.020122148,0.026856437,test,-0.015008823
2022-01-31,TLT,-0.00332477,0.0050526196,0.00837739,test,0.0012397375
2022-02-01,EFA,0.007419411,0.021107648,0.0136882365,test,0.007122647
2022-02-01,IWM,-0.009982836,-0.05940977,0.049426936,test,-0.04888403
2022-02-01,SPY,0.0096671535,-0.015374691,0.025041845,test,-0.020122148
2022-02-01,TLT,0.00338089,-0.016902074,0.020282965,test,0.0050526196
2022-02-02,EFA,-0.015947882,0.0026156898,0.018563572,test,0.021107648
2022-02-02,IWM,-0.0191045,-0.025222834,0.006118335,test,-0.05940977
2022-02-02,SPY,-0.023785638,-0.01759199,0.006193647,test,-0.015374691
2022-02-02,TLT,-0.007836297,-0.020864233,0.013027936,test,-0.016902074
2022-02-03,EFA,0.002369013,0.013348168,0.010979155,test,0.0026156898
2022-02-03,IWM,0.0042939507,0.00875027,0.0044563194,test,-0.025222834
2022-02-03,SPY,0.004691291,0.023698643,0.019007351,test,-0.01759199
2022-02-03,TLT,-0.014852395,0.007362725,0.02221512,test,-0.020864233
2022-02-04,EFA,0.0017075897,-0.02535477,0.027062358,test,0.013348168
2022-02-04,IWM,0.00492791,-0.10635422,0.11128213,test,0.00875027
2022-02-04,SPY,-0.003214426,-0.048050936,0.04483651,test,0.023698643
2022-02-04,TLT,0.00064734224,0.0075879917,0.0069406494,test,0.007362725
2022-02-07,EFA,0.0051050056,-0.008451375,0.013556381,test,-0.02535477
2022-02-07,IWM,0.01691069,-0.02367733,0.04058802,test,-0.10635422
2022-02-07,SPY,0.008194078,0.02815196,0.019957881,test,-0.048050936
2022-02-07,TLT,-0.006708197,0.000432197,0.007140394,test,0.0075879917
2022-02-08,EFA,0.016060246,-0.019403506,0.03546375,test,-0.008451375
2022-02-08,IWM,0.018810008,-0.021317776,0.040127784,test,-0.02367733
2022-02-08,SPY,0.014530101,0.01857793,0.0040478287,test,0.02815196
2022-02-08,TLT,0.0018801031,-0.0016812319,0.0035613352,test,0.000432197
2022-02-09,EFA,-0.012801504,-0.011447182,0.0013543218,test,-0.019403506
2022-02-09,IWM,-0.01546176,-0.02597811,0.010516351,test,-0.021317776
2022-02-09,SPY,-0.018129041,-0.030402977,0.012273936,test,0.01857793
2022-02-09,TLT,-0.01601999,0.005933941,0.021953931,test,-0.0016812319
2022-02-10,EFA,-0.01521133,-0.026771426,0.011560096,test,-0.011447182
2022-02-10,IWM,-0.010177376,-0.009393916,0.0007834593,test,-0.02597811
2022-02-10,SPY,-0.019915799,-0.020495892,0.0005800929,test,-0.030402977
2022-02-10,TLT,0.0147186145,0.0014868928,0.013231722,test,0.005933941
2022-02-11,EFA,-0.0064958273,0.021553926,0.028049754,test,-0.026771426
2022-02-11,IWM,-0.0034824316,-0.016150549,0.012668118,test,-0.009393916
2022-02-11,SPY,-0.0032746599,-0.004620445,0.0013457851,test,-0.020495892
2022-02-11,TLT,-0.012518958,0.007733538,0.020252496,test,0.0014868928
2022-02-14,EFA,0.018187165,-0.0052484022,0.023435567,test,0.021553926
2022-02-14,IWM,0.026456034,-0.033249192,0.059705228,test,-0.016150549
2022-02-14,SPY,0.015998255,0.0020670472,0.013931208,test,-0.004620445
2022-02-14,TLT,-0.011418269,0.047030803,0.05844907,test,0.007733538
2022-02-15,EFA,0.0037803217,-0.031681914,0.035462234,test,-0.0052484022
2022-02-15,IWM,0.002084454,0.00827543,0.0061909757,test,-0.033249192
2022-02-15,SPY,0.0011202013,-0.019869577,0.02098978,test,0.0020670472
2022-02-15,TLT,0.0059092483,0.022553626,0.016644377,test,0.047030803
2022-02-16,EFA,-0.016264929,-0.037393775,0.021128846,test,-0.031681914
2022-02-16,IWM,-0.025952492,-0.0015779436,0.024374548,test,0.00827543
2022-02-16,SPY,-0.021592723,0.059851103,0.081443824,test,-0.019869577
2022-02-16,TLT,0.007411104,-0.0019578412,0.009368945,test,0.022553626
2022-02-17,EFA,-0.0042404276,-0.008989527,0.0047490993,test,-0.037393775
2022-02-17,IWM,-0.008635634,-0.011096031,0.0024603978,test,-0.0015779436
2022-02-17,SPY,-0.006496259,0.05977266,0.06626892,test,0.059851103
2022-02-17,TLT,0.010472144,0.009258465,0.0012136791,test,-0.0019578412
2022-02-18,EFA,-0.011755505,-0.009790067,0.001965438,test,-0.008989527
2022-02-18,IWM,-0.014187411,0.016681824,0.030869234,test,-0.011096031
2022-02-18,SPY,-0.0107895015,0.020878129,0.03166763,test,0.05977266
2022-02-18,TLT,0.0026006713,-0.023621894,0.026222566,test,0.009258465
2022-02-22,EFA,-0.008230703,0.0056982418,0.013928944,test,-0.009790067
2022-02-22,IWM,-0.018889885,-0.025481336,0.0065914504,test,0.016681824
2022-02-22,SPY,-0.017897908,0.051017184,0.06891509,test,0.020878129
2022-02-22,TLT,-0.013877336,-0.025543448,0.011666112,test,-0.023621894
2022-02-23,EFA,-0.013503456,-0.0072833626,0.006220093,test,0.0056982418
2022-02-23,IWM,0.02588259,-0.06611399,0.09199658,test,-0.025481336
2022-02-23,SPY,0.014936917,0.029570624,0.014633707,test,0.051017184
2022-02-23,TLT,0.0006585678,0.0024889256,0.0018303578,test,-0.025543448
2022-02-24,EFA,0.0246859,0.005408223,0.019277677,test,-0.0072833626
2022-02-24,IWM,0.02227082,0.040782966,0.018512147,test,-0.06611399
2022-02-24,SPY,0.021824151,0.028978672,0.0071545206,test,0.029570624
2022-02-24,TLT,0.0007310974,-0.021929499,0.022660596,test,0.0024889256
2022-02-25,EFA,-0.019207828,0.0058293287,0.025037156,test,0.005408223
2022-02-25,IWM,0.0040411176,0.022817042,0.018775925,test,0.040782966
2022-02-25,SPY,-0.0025618614,-0.0034140097,0.0008521483,test,0.028978672
2022-02-25,TLT,0.021681631,-0.0037277425,0.025409374,test,-0.021929499
2022-02-28,EFA,-0.022094082,0.018004254,0.040098336,test,0.0058293287
2022-02-28,IWM,-0.01901683,-0.012319812,0.0066970186,test,0.022817042
2022-02-28,SPY,-0.01534741,0.018255863,0.033603273,test,-0.0034140097
2022-02-28,TLT,0.011495257,0.012304971,0.0008097142,test,-0.0037277425
2022-03-01,EFA,0.012487847,0.026631802,0.014143955,test,0.018004254
2022-03-01,IWM,0.02353163,0.005043556,0.018488076,test,-0.012319812
2022-03-01,SPY,0.018229006,0.03052418,0.0122951735,test,0.018255863
2022-03-01,TLT,-0.034780655,-0.0052090734,0.029571582,test,0.012304971
2022-03-02,EFA,-0.019915866,-0.014122649,0.0057932166,test,0.026631802
2022-03-02,IWM,-0.011919577,-0.0056420686,0.006277508,test,0.005043556
2022-03-02,SPY,-0.0049909987,-0.018592097,0.013601098,test,0.03052418
2022-03-02,TLT,0.01013373,0.08290427,0.07277054,test,-0.0052090734
2022-03-03,EFA,-0.02940547,0.001735541,0.03114101,test,-0.014122649
2022-03-03,IWM,-0.015781322,-0.007117728,0.008663595,test,-0.0056420686
2022-03-03,SPY,-0.008157674,0.0025578672,0.010715541,test,-0.018592097
2022-03-03,TLT,0.017116606,0.014028615,0.003087991,test,0.08290427
2022-03-04,EFA,-0.032239642,0.0015710285,0.03381067,test,0.001735541
2022-03-04,IWM,-0.025181253,-0.0022213934,0.022959858,test,-0.007117728
2022-03-04,SPY,-0.029922413,0.019144237,0.049066648,test,0.0025578672
2022-03-04,TLT,-0.0076587293,0.012788248,0.020446979,test,0.014028615
2022-03-07,EFA,0.008640217,-0.0018145265,0.010454743,test,0.0015710285
2022-03-07,IWM,0.005508362,1.0690652e-05,0.005497671,test,-0.0022213934
2022-03-07,SPY,-0.007610534,0.042998694,0.050609227,test,0.019144237
2022-03-07,TLT,-0.010110564,0.010341143,0.020451706,test,0.012788248
2022-03-08,EFA,0.04097626,-0.053247213,0.09422347,test,-0.0018145265
2022-03-08,IWM,0.02779422,0.008589044,0.019205175,test,1.0690652e-05
2022-03-08,SPY,0.02645769,0.03686491,0.010407221,test,0.042998694
2022-03-08,TLT,-0.009847274,0.028960697,0.038807973,test,0.010341143
2022-03-09,EFA,-0.012031122,0.062071983,0.0741031,test,-0.053247213
2022-03-09,IWM,-0.0017990305,0.010389843,0.012188873,test,0.008589044
2022-03-09,SPY,-0.004525943,-0.023273952,0.01874801,test,0.03686491
2022-03-09,TLT,-0.014471517,0.025737185,0.0402087,test,0.028960697
2022-03-10,EFA,-0.010865669,0.035494935,0.046360604,test,0.062071983
2022-03-10,IWM,-0.016085038,0.00080662547,0.016891664,test,0.010389843
2022-03-10,SPY,-0.012796523,0.028959125,0.041755646,test,-0.023273952
2022-03-10,TLT,0.003341113,0.019209478,0.015868366,test,0.025737185
2022-03-11,EFA,0.009135069,0.0002920283,0.008843041,test,0.035494935
2022-03-11,IWM,-0.020645723,-0.010557423,0.010088299,test,0.00080662547
2022-03-11,SPY,-0.007335036,0.09029005,0.097625084,test,0.028959125
2022-03-11,TLT,-0.023625731,0.003948152,0.027573884,test,0.019209478
2022-03-14,EFA,0.009481482,0.003717634,0.0057638483,test,0.0002920283
2022-03-14,IWM,0.015805144,0.022604287,0.006799143,test,-0.010557423
2022-03-14,SPY,0.021752082,0.048575673,0.026823591,test,0.09029005
2022-03-14,TLT,-0.0017472116,0.013313246,0.015060457,test,0.003948152
2022-03-15,EFA,0.035258833,-0.021579202,0.056838036,test,0.003717634
2022-03-15,IWM,0.030979084,-0.030521955,0.06150104,test,0.022604287
2022-03-15,SPY,0.021931965,-0.018729344,0.04066131,test,0.048575673
2022-03-15,TLT,0.009759836,0.00054269005,0.009217146,test,0.013313246
2022-03-16,EFA,0.008384324,0.00039368495,0.007990639,test,-0.021579202
2022-03-16,IWM,0.01557572,0.009812021,0.0057636993,test,-0.030521955
2022-03-16,SPY,0.012433246,0.019697204,0.0072639585,test,-0.018729344
2022-03-16,TLT,-0.007481531,-0.0076501463,0.00016861549,test,0.00054269005
2022-03-17,EFA,0.009671298,-0.016433075,0.026104372,test,0.00039368495
2022-03-17,IWM,0.010475927,-0.009935684,0.02041161,test,0.009812021
2022-03-17,SPY,0.010893351,0.010452027,0.00044132397,test,0.019697204
2022-03-17,TLT,0.012138804,0.0078364555,0.004302349,test,-0.0076501463
2022-03-18,EFA,-0.006255373,-0.015681997,0.009426624,test,-0.016433075
2022-03-18,IWM,-0.008868285,-0.030821797,0.021953512,test,-0.009935684
2022-03-18,SPY,-0.0002925666,0.0146918455,0.014984412,test,0.010452027
2022-03-18,TLT,-0.023428753,0.04012331,0.06355207,test,0.0078364555
2022-03-21,EFA,0.009368389,0.006886787,0.0024816021,test,-0.015681997
2022-03-21,IWM,0.009977248,-0.023181148,0.033158395,test,-0.030821797
2022-03-21,SPY,0.011633477,-0.0031873556,0.014820833,test,0.0146918455
2022-03-21,TLT,-0.0128949005,0.054058615,0.06695352,test,0.04012331
2022-03-22,EFA,-0.013057951,-0.014071063,0.0010131123,test,0.006886787
2022-03-22,IWM,-0.0175016,-0.057929195,0.040427595,test,-0.023181148
2022-03-22,SPY,-0.012962138,-0.013330751,0.00036861282,test,-0.0031873556
2022-03-22,TLT,0.021678582,0.029053245,0.007374663,test,0.054058615
2022-03-23,EFA,0.009266939,0.020092838,0.0108258985,test,-0.014071063
2022-03-23,IWM,0.011433095,0.01395966,0.0025265655,test,-0.057929195
2022-03-23,SPY,0.014961893,0.0043302504,0.010631642,test,-0.013330751
2022-03-23,TLT,-0.007863769,0.028204888,0.036068656,test,0.029053245
2022-03-24,EFA,0.000542387,0.014357282,0.0138148945,test,0.020092838
2022-03-24,IWM,0.0013594306,0.01025851,0.00889908,test,0.01395966
2022-03-24,SPY,0.004871913,-0.017254848,0.02212676,test,0.0043302504
2022-03-24,TLT,-0.013970239,-0.00608512,0.007885119,test,0.028204888
2022-03-25,EFA,-0.0032589782,-0.0044106664,0.0011516882,test,0.014357282
2022-03-25,IWM,0.00033966635,-0.023854978,0.024194645,test,0.01025851
2022-03-25,SPY,0.007087657,-0.033110384,0.040198043,test,-0.017254848
2022-03-25,TLT,0.008513459,-0.012395137,0.020908596,test,-0.00608512
2022-03-28,EFA,0.021928383,0.029284582,0.0073561985,test,-0.0044106664
2022-03-28,IWM,0.026419196,-0.015576181,0.041995376,test,-0.023854978
2022-03-28,SPY,0.012295047,-0.034231056,0.046526104,test,-0.033110384
2022-03-28,TLT,0.0075242193,-0.007740126,0.015264345,test,-0.012395137
2022-03-29,EFA,-0.00413345,0.0055276593,0.009661109,test,0.029284582
2022-03-29,IWM,-0.020278916,-0.0072707804,0.013008135,test,-0.015576181
2022-03-29,SPY,-0.0061939387,-0.018745407,0.012551469,test,-0.034231056
2022-03-29,TLT,0.0077715027,0.005916274,0.0018552286,test,-0.007740126
2022-03-30,EFA,-0.016707504,-0.011865719,0.004841785,test,0.0055276593
2022-03-30,IWM,-0.010612248,0.004501518,0.015113766,test,-0.0072707804
2022-03-30,SPY,-0.015511084,0.019377615,0.0348887,test,-0.018745407
2022-03-30,TLT,0.0024254902,-0.005566797,0.007992287,test,0.005916274
