date,ticker,y_true,y_pred,abs_error,dataset_part,signal_for_trade
2017-12-28,EFA,0.00071149453,-0.008061308,0.008772803,train,
2017-12-28,IWM,-0.00829569,0.0015350915,0.009830781,train,
2017-12-28,SPY,-0.0037779042,-0.0068549644,0.0030770602,train,
2017-12-28,TLT,0.0015774218,0.0052385977,0.003661176,train,
2017-12-29,EFA,0.0073684948,-0.020042615,0.02741111,train,-0.008061308
2017-12-29,IWM,0.0094009135,-0.013225414,0.022626327,train,0.0015350915
2017-12-29,SPY,0.007131849,-0.019966917,0.027098766,train,-0.0068549644
2017-12-29,TLT,-0.0108575355,0.023468941,0.03432648,train,0.0052385977
2018-01-02,EFA,0.0047887787,-0.02084477,0.02563355,train,-0.020042615
2018-01-02,IWM,0.0010388192,-0.0034102239,0.004449043,train,-0.013225414
2018-01-02,SPY,0.006305247,-0.02310173,0.029406978,train,-0.019966917
2018-01-02,TLT,0.0047697546,-0.024752762,0.029522516,train,0.023468941
2018-01-03,EFA,0.010900129,-0.0058335494,0.016733678,train,-0.02084477
2018-01-03,IWM,0.0026580628,-0.0014796034,0.004137666,train,-0.0034102239
2018-01-03,SPY,0.0042064292,-0.0018588882,0.0060653174,train,-0.02310173
2018-01-03,TLT,-0.00015840275,-0.0028762454,0.0027178426,train,-0.024752762
2018-01-04,EFA,0.0055439635,-0.03377401,0.039317973,train,-0.0058335494
2018-01-04,IWM,0.0020692328,-0.0062358184,0.008305051,train,-0.0014796034
2018-01-04,SPY,0.0066416343,0.010447932,0.0038062981,train,-0.0018588882
2018-01-04,TLT,-0.0028599722,-0.0018057793,0.0010541929,train,-0.0028762454
2018-01-05,EFA,-0.00027648621,-0.04363046,0.04335397,train,-0.03377401
2018-01-05,IWM,0.0015494734,-0.0024883812,0.0040378547,train,-0.0062358184
2018-01-05,SPY,0.0018268264,0.036912054,0.035085227,train,0.010447932
2018-01-05,TLT,-0.00063667016,-0.03607464,0.035437968,train,-0.0018057793
2018-01-08,EFA,0.0011055536,-0.017836258,0.018941812,train,-0.04363046
2018-01-08,IWM,-0.00135529,0.023873525,0.025228815,train,-0.0024883812
2018-01-08,SPY,0.0022610754,0.008074135,0.0058130594,train,0.036912054
2018-01-08,TLT,-0.013462561,-0.00034004124,0.0131225195,train,-0.03607464
2018-01-09,EFA,-0.001935404,-0.025471723,0.023536319,train,-0.017836258
2018-01-09,IWM,0.00012885334,-0.028586192,0.028715046,train,0.023873525
2018-01-09,SPY,-0.0015308242,0.0044447714,0.0059755957,train,0.008074135
2018-01-09,TLT,-0.0012111416,0.008398175,0.0096093165,train,-0.00034004124
2018-01-10,EFA,0.0068944907,-0.019821344,0.026715834,train,-0.025471723
2018-01-10,IWM,0.017033227,-0.0056425277,0.022675755,train,-0.028586192
2018-01-10,SPY,0.0072691995,-0.013235749,0.020504948,train,0.0044447714
2018-01-10,TLT,0.004111355,0.00019589113,0.003915464,train,0.008398175
2018-01-11,EFA,0.009981732,-0.027986327,0.03796806,train,-0.019821344
2018-01-11,IWM,0.0041818223,-0.011648994,0.015830817,train,-0.0056425277
2018-01-11,SPY,0.0064980513,0.021523604,0.015025552,train,-0.013235749
2018-01-11,TLT,0.0016883002,0.025458807,0.023770507,train,0.00019589113
2018-01-12,EFA,-0.00095275074,-0.034509085,0.033556335,train,-0.027986327
2018-01-12,IWM,-0.012854243,0.005178771,0.018033013,train,-0.011648994
2018-01-12,SPY,-0.0034239753,0.03785947,0.041283444,train,0.021523604
2018-01-12,TLT,0.0041669933,0.022549257,0.018382262,train,0.025458807
2018-01-16,EFA,0.0051615178,-0.007616751,0.012778269,train,-0.034509085
2018-01-16,IWM,0.009433966,-0.0586648,0.06809877,train,0.005178771
2018-01-16,SPY,0.009486216,-0.02660796,0.036094178,train,0.03785947
2018-01-16,TLT,-0.0013607326,0.019515483,0.020876216,train,0.022549257
2018-01-17,EFA,-0.001220087,-0.03443838,0.03321829,train,-0.007616751
2018-01-17,IWM,-0.006875526,0.014036804,0.02091233,train,-0.0586648
2018-01-17,SPY,-0.0016822752,0.059393972,0.061076246,train,-0.02660796
2018-01-17,TLT,-0.009333012,-0.016664743,0.0073317317,train,0.019515483
2018-01-18,EFA,0.005546391,-0.006395871,0.011942262,train,-0.03443838
2018-01-18,IWM,0.0130736455,-0.007821821,0.020895466,train,0.014036804
2018-01-18,SPY,0.004539191,-0.01972831,0.024267502,train,0.059393972
2018-01-18,TLT,-0.0052681244,-0.01034136,0.005073236,train,-0.016664743
2018-01-19,EFA,0.0051130326,-0.03459155,0.03970458,train,-0.006395871
2018-01-19,IWM,0.0053452984,0.0059041353,0.00055883685,train,-0.007821821
2018-01-19,SPY,0.008098356,0.028244777,0.02014642,train,-0.01972831
2018-01-19,TLT,0.0009745123,-0.028023345,0.028997857,train,-0.01034136
2018-01-22,EFA,0.00321577,-0.012556401,0.015772171,train,-0.03459155
2018-01-22,IWM,0.0031933915,0.014737189,0.011543797,train,0.0059041353
2018-01-22,SPY,0.0021202748,0.04689753,0.044777256,train,0.028244777
2018-01-22,TLT,0.0042936117,-0.011671662,0.015965274,train,-0.028023345
2018-01-23,EFA,0.0017377078,-0.012644356,0.014382064,train,-0.012556401
2018-01-23,IWM,-0.006208006,-0.010702857,0.004494851,train,0.014737189
2018-01-23,SPY,-0.00038889455,0.006325038,0.006713933,train,0.04689753
2018-01-23,TLT,-0.0054305056,0.0031903065,0.008620812,train,-0.011671662
2018-01-24,EFA,-0.0038805136,-0.0021486273,0.0017318863,train,-0.012644356
2018-01-24,IWM,0.0003769527,-0.015272731,0.015649684,train,-0.010702857
2018-01-24,SPY,0.0004240469,0.027593806,0.02716976,train,0.006325038
2018-01-24,TLT,0.008175047,-0.016980637,0.025155684,train,0.0031903065
2018-01-25,EFA,0.008809446,0.012556532,0.003747086,train,-0.0021486273
2018-01-25,IWM,0.0035778414,-0.020304086,0.023881927,train,-0.015272731
2018-01-25,SPY,0.011511355,0.013377709,0.0018663546,train,0.027593806
2018-01-25,TLT,-0.003715109,0.011441855,0.015156964,train,-0.016980637
2018-01-26,EFA,-0.00921142,-0.021506367,0.012294947,train,0.012556532
2018-01-26,IWM,-0.0056552347,0.0016427962,0.007298031,train,-0.020304086
2018-01-26,SPY,-0.006651977,0.0455224,0.052174374,train,0.013377709
2018-01-26,TLT,-0.0069831144,-0.006556204,0.00042691035,train,0.011441855
2018-01-29,EFA,-0.00835064,0.04730095,0.05565159,train,-0.021506367
2018-01-29,IWM,-0.009623716,-0.004621831,0.005001885,train,0.0016427962
2018-01-29,SPY,-0.010310279,-0.028555779,0.0182455,train,0.0455224
2018-01-29,TLT,-0.005883319,-0.0061122794,0.00022896053,train,-0.006556204
2018-01-30,EFA,-0.0013531031,0.12400477,0.12535787,train,0.04730095
2018-01-30,IWM,-0.0052305427,-0.010958189,0.0057276464,train,-0.004621831
2018-01-30,SPY,0.0004965933,-0.049256526,0.04975312,train,-0.028555779
2018-01-30,TLT,0.005883319,-0.013741194,0.019624513,train,-0.0061122794
2018-01-31,EFA,0.0028399627,0.0039676223,0.0011276596,train,0.12400477
2018-01-31,IWM,0.003128888,0.0033370424,0.00020815432,train,-0.010958189
2018-01-31,SPY,-0.0011354417,-0.020134423,0.01899898,train,-0.049256526
2018-01-31,TLT,-0.014598468,0.0010913871,0.015689855,train,-0.013741194
2018-02-01,EFA,-0.020464601,-0.00980911,0.010655491,train,0.0039676223
2018-02-01,IWM,-0.01944183,0.0011521121,0.020593941,train,0.0033370424
2018-02-01,SPY,-0.022010619,-0.029434662,0.0074240435,train,-0.020134423
2018-02-01,TLT,-0.009322434,0.012994792,0.022317227,train,0.0010913871
2018-02-02,EFA,-0.04280526,-0.042589165,0.00021609291,train,-0.00980911
2018-02-02,IWM,-0.039176505,-0.009897543,0.029278962,train,0.0011521121
2018-02-02,SPY,-0.04272216,-0.06832878,0.025606621,train,-0.029434662
2018-02-02,TLT,0.009405585,0.01385486,0.0044492753,train,0.012994792
2018-02-05,EFA,0.01951742,-0.07209773,0.091615155,train,-0.042589165
2018-02-05,IWM,0.0118948715,-0.023430122,0.035324994,train,-0.009897543
2018-02-05,SPY,0.019510783,-0.069675416,0.0891862,train,-0.06832878
2018-02-05,TLT,-0.006232847,0.0049755475,0.011208395,train,0.01385486
2018-02-06,EFA,-0.0106377015,-0.03481687,0.024179168,train,-0.07209773
2018-02-06,IWM,0.0010014502,0.029530412,0.028528962,train,-0.023430122
2018-02-06,SPY,-0.005439815,-0.19198745,0.18654764,train,-0.069675416
2018-02-06,TLT,-0.009548493,0.0003747251,0.009923218,train,0.0049755475
2018-02-07,EFA,-0.026440691,-0.014733983,0.011706708,train,-0.03481687
2018-02-07,IWM,-0.029804548,-0.01597813,0.013826419,train,0.029530412
2018-02-07,SPY,-0.038230203,-0.06714765,0.028917447,train,-0.19198745
2018-02-07,TLT,-0.0010947628,0.03657808,0.037672844,train,0.0003747251
2018-02-08,EFA,0.0042368444,-0.009861713,0.014098558,train,-0.014733983
2018-02-08,IWM,0.009102927,-0.038582616,0.04768554,train,-0.01597813
2018-02-08,SPY,0.014909496,-0.1039177,0.1188272,train,-0.06714765
2018-02-08,TLT,-0.006338857,-0.019773223,0.013434365,train,0.03657808
2018-02-09,EFA,0.015192361,-0.056130767,0.07132313,train,-0.009861713
2018-02-09,IWM,0.00942645,-0.048649207,0.05807566,train,-0.038582616
2018-02-09,SPY,0.014578007,-0.059661187,0.074239194,train,-0.1039177
2018-02-09,TLT,0.0043992144,-0.010299678,0.014698893,train,-0.019773223
2018-02-12,EFA,-0.0030199375,-0.089768685,0.08674875,train,-0.056130767
2018-02-12,IWM,0.0021573782,-0.051011354,0.053168733,train,-0.048649207
2018-02-12,SPY,0.0024841265,0.009956257,0.007472131,train,-0.059661187
2018-02-12,TLT,0.004463977,-0.011648122,0.0161121,train,-0.010299678
2018-02-13,EFA,0.01756051,-0.09743127,0.114991784,train,-0.089768685
2018-02-13,IWM,0.017822275,-0.03842262,0.056244895,train,-0.051011354
2018-02-13,SPY,0.013405792,0.013917053,0.0005112607,train,0.009956257
2018-02-13,TLT,-0.011155329,0.005771802,0.01692713,train,-0.011648122
2018-02-14,EFA,0.0062075984,-0.03812226,0.04432986,train,-0.09743127
2018-02-14,IWM,0.010857532,0.011324946,0.00046741404,train,-0.03842262
2018-02-14,SPY,0.012679467,0.042490155,0.029810688,train,0.013917053
2018-02-14,TLT,0.0033936957,-0.009716948,0.013110643,train,0.005771802
2018-02-15,EFA,0.004490697,-0.02350591,0.027996607,train,-0.03812226
2018-02-15,IWM,0.0035275365,0.10762283,0.104095295,train,0.011324946
2018-02-15,SPY,0.00029295214,-0.13748395,0.13777691,train,0.042490155
2018-02-15,TLT,0.0054059257,0.013445314,0.008039389,train,-0.009716948
2018-02-16,EFA,-0.009425473,-0.0025301091,0.0068953643,train,-0.02350591
2018-02-16,IWM,-0.008250951,0.06552871,0.073779665,train,0.10762283
2018-02-16,SPY,-0.0062809275,-0.07948628,0.07320535,train,-0.13748395
2018-02-16,TLT,-0.0043902528,0.017183894,0.021574147,train,0.013445314
2018-02-20,EFA,-0.004817138,0.009476045,0.014293183,train,-0.0025301091
2018-02-20,IWM,0.0010517992,0.024501907,0.023450108,train,0.06552871
2018-02-20,SPY,-0.0049866783,-0.098377615,0.093390934,train,-0.07948628
2018-02-20,TLT,-0.012344138,0.0029046694,0.015248807,train,0.017183894
2018-02-21,EFA,0.0052413726,0.00415531,0.0010860628,train,0.009476045
2018-02-21,IWM,-0.0015780028,-0.008703049,0.0071250466,train,0.024501907
2018-02-21,SPY,0.0012952157,-0.058707833,0.06000305,train,-0.098377615
2018-02-21,TLT,0.0029936568,0.025781464,0.022787808,train,0.0029046694
2018-02-22,EFA,0.007880488,-0.020002158,0.027882647,train,0.00415531
2018-02-22,IWM,0.012942408,-0.03480631,0.04774872,train,-0.008703049
2018-02-22,SPY,0.015813798,-0.123037785,0.13885158,train,-0.058707833
2018-02-22,TLT,0.00884245,0.016794369,0.007951919,train,0.025781464
2018-02-23,EFA,0.009347885,-0.09764367,0.10699156,train,-0.020002158
2018-02-23,IWM,0.006537928,0.01694323,0.010405302,train,-0.03480631
2018-02-23,SPY,0.011545413,-0.009255344,0.020800758,train,-0.123037785
2018-02-23,TLT,0.00033898614,0.016112315,0.015773328,train,0.016794369
2018-02-26,EFA,-0.014970559,-0.08571941,0.07074885,train,-0.09764367
2018-02-26,IWM,-0.014492766,-0.054786935,0.04029417,train,0.01694323
2018-02-26,SPY,-0.012565113,-0.078754365,0.06618925,train,-0.009255344
2018-02-26,TLT,-0.0014398231,-0.026714334,0.025274511,train,0.016112315
2018-02-27,EFA,-0.009489344,0.03840255,0.047891892,train,-0.08571941
2018-02-27,IWM,-0.015902339,-0.0496111,0.03370876,train,-0.054786935
2018-02-27,SPY,-0.010181783,-0.10446715,0.09428537,train,-0.078754365
2018-02-27,TLT,0.0063356454,-0.011505494,0.01784114,train,-0.026714334
2018-02-28,EFA,-0.016935121,-0.037666805,0.020731684,train,0.03840255
2018-02-28,IWM,-0.0026638005,-0.026881061,0.024217261,train,-0.0496111
2018-02-28,SPY,-0.014647438,-0.11230059,0.09765315,train,-0.10446715
2018-02-28,TLT,0.006803648,-0.004346283,0.011149932,train,-0.011505494
2018-03-01,EFA,0.0047651087,-0.093517445,0.09828255,train,-0.037666805
2018-03-01,IWM,0.015878834,-0.024994941,0.040873773,train,-0.026881061
2018-03-01,SPY,0.0051415698,-0.15427253,0.1594141,train,-0.11230059
2018-03-01,TLT,-0.0081627695,-0.006295223,0.0018675467,train,-0.004346283
2018-03-02,EFA,0.0053157816,-0.037157014,0.042472795,train,-0.093517445
2018-03-02,IWM,0.008887096,-0.048366338,0.057253435,train,-0.024994941
2018-03-02,SPY,0.011491707,-0.11742763,0.12891933,train,-0.15427253
2018-03-02,TLT,-0.002707455,-0.014104549,0.011397094,train,-0.006295223
2018-03-05,EFA,0.0058573885,0.0052259844,0.0006314041,train,-0.037157014
2018-03-05,IWM,0.010741866,0.00073771365,0.010004153,train,-0.048366338
2018-03-05,SPY,0.0025318083,-0.122003354,0.124535166,train,-0.11742763
2018-03-05,TLT,0.00093121163,0.0066783465,0.005747135,train,-0.014104549
2018-03-06,EFA,-0.00028488607,0.01281729,0.013102176,train,0.0052259844
2018-03-06,IWM,0.008778747,-0.009496361,0.018275108,train,0.00073771365
2018-03-06,SPY,-0.00036671828,-0.054365955,0.053999238,train,-0.122003354
2018-03-06,TLT,-0.0011009544,-0.0012453292,0.00014437479,train,0.0066783465
2018-03-07,EFA,0.0021349809,0.00016977359,0.0019652073,train,0.01281729
2018-03-07,IWM,-0.002043463,0.018399486,0.02044295,train,-0.009496361
2018-03-07,SPY,0.0048278426,-0.059202902,0.064030744,train,-0.054365955
2018-03-07,TLT,0.0057456587,-0.037144788,0.042890444,train,-0.0012453292
2018-03-08,EFA,0.0063782786,-0.011578852,0.01795713,train,0.00016977359
2018-03-08,IWM,0.015855849,0.0029359367,0.012919912,train,0.018399486
2018-03-08,SPY,0.017252458,0.034543864,0.017291406,train,-0.059202902
2018-03-08,TLT,-0.006593104,0.014934283,0.021527387,train,-0.037144788
2018-03-09,EFA,0.0011292015,-0.001152778,0.0022819797,train,-0.011578852
2018-03-09,IWM,0.0017605367,0.07070766,0.06894712,train,0.0029359367
2018-03-09,SPY,-0.0012554793,-0.005722439,0.0044669597,train,0.034543864
2018-03-09,TLT,0.0057505155,0.010097325,0.0043468093,train,0.014934283
2018-03-12,EFA,-0.0066546793,-0.03085962,0.02420494,train,-0.001152778
2018-03-12,IWM,-0.0046592047,-0.0087883305,0.0041291257,train,0.07070766
2018-03-12,SPY,-0.0064840694,-0.011197949,0.0047138794,train,-0.005722439
2018-03-12,TLT,0.0050465968,0.017123993,0.012077397,train,0.010097325
2018-03-13,EFA,0.0024121196,-0.032216206,0.034628324,train,-0.03085962
2018-03-13,IWM,-0.0047443695,-0.012885791,0.008141422,train,-0.0087883305
2018-03-13,SPY,-0.005144821,-0.030396556,0.025251735,train,-0.011197949
2018-03-13,TLT,0.008770782,0.010304213,0.001533431,train,0.017123993
2018-03-14,EFA,-0.00056687626,-0.0052077724,0.004640896,train,-0.032216206
2018-03-14,IWM,-0.0050218734,-0.004557132,0.0004647416,train,-0.012885791
2018-03-14,SPY,-0.0010901245,-0.04984349,0.048753366,train,-0.030396556
2018-03-14,TLT,0.0,0.0053939037,0.0053939037,train,0.010304213
2018-03-15,EFA,-0.0007092371,0.0035201628,0.0042294,train,-0.0052077724
2018-03-15,IWM,0.005592674,-0.009082811,0.014675485,train,-0.004557132
2018-03-15,SPY,0.001083656,-0.034849554,0.03593321,train,-0.04984349
2018-03-15,TLT,-0.0035825432,0.026341742,0.029924285,train,0.0053939037
2018-03-16,EFA,-0.008121711,0.008683903,0.016805615,train,0.0035201628
2018-03-16,IWM,-0.009679299,-0.0015720082,0.008107291,train,-0.009082811
2018-03-16,SPY,-0.013622821,0.0006708745,0.014293696,train,-0.034849554
2018-03-16,TLT,-0.003176709,0.0022424683,0.005419177,train,0.026341742
2018-03-19,EFA,-0.00014287044,-0.0044601616,0.004317291,train,0.008683903
2018-03-19,IWM,-0.00025610445,0.045381732,0.04563784,train,-0.0015720082
2018-03-19,SPY,0.0016994913,-0.005259482,0.0069589736,train,0.0006708745
2018-03-19,TLT,-0.0040274337,-5.5469573e-06,0.0040218867,train,0.0022424683
2018-03-20,EFA,0.0015726747,-0.0021750648,0.0037477394,train,-0.0044601616
2018-03-20,IWM,0.005807713,0.048183084,0.04237537,train,0.045381732
2018-03-20,SPY,-0.0019214436,0.009801269,0.011722712,train,-0.005259482
2018-03-20,TLT,0.0010925798,0.010016337,0.008923757,train,-5.5469573e-06
2018-03-21,EFA,-0.018746292,-0.01860103,0.0001452621,train,-0.0021750648
2018-03-21,IWM,-0.022171615,0.04754597,0.069717586,train,0.048183084
2018-03-21,SPY,-0.025314715,-0.03413783,0.008823115,train,0.009801269
2018-03-21,TLT,0.009860383,0.029581841,0.019721458,train,0.010016337
2018-03-22,EFA,-0.011124019,-0.022960836,0.0118368175,train,-0.01860103
2018-03-22,IWM,-0.021754354,0.027266616,0.04902097,train,0.04754597
2018-03-22,SPY,-0.021545015,-0.015411733,0.0061332826,train,-0.03413783
2018-03-22,TLT,-0.00074870425,0.025744062,0.026492767,train,0.029581841
2018-03-23,EFA,0.017797679,-0.022950096,0.040747777,train,-0.022960836
2018-03-23,IWM,0.021624,0.030922098,0.009298097,train,0.027266616
2018-03-23,SPY,0.026991379,-0.03221304,0.05920442,train,-0.015411733
2018-03-23,TLT,-0.0038352236,0.0014974996,0.0053327233,train,0.025744062
2018-03-26,EFA,-0.0074014803,-0.013343992,0.0059425114,train,-0.022950096
2018-03-26,IWM,-0.019560376,-0.0008310769,0.0187293,train,0.030922098
2018-03-26,SPY,-0.017157743,-0.011691188,0.0054665543,train,-0.03221304
2018-03-26,TLT,0.010635942,0.026094865,0.015458923,train,0.0014974996
2018-03-27,EFA,0.0058098296,-0.01811734,0.02392717,train,-0.013343992
2018-03-27,IWM,-0.00033256912,0.0017173458,0.002049915,train,-0.0008310769
2018-03-27,SPY,-0.0029593427,-0.070056744,0.0670974,train,-0.011691188
2018-03-27,TLT,0.0026411477,0.014859701,0.012218553,train,0.026094865
2018-03-28,EFA,0.009082282,-0.015739124,0.024821406,train,-0.01811734
2018-03-28,IWM,0.01006171,0.042835012,0.0327733,train,0.0017173458
2018-03-28,SPY,0.0126965,-0.053315774,0.06601227,train,-0.070056744
2018-03-28,TLT,0.004851634,0.006738525,0.0018868907,train,0.014859701
2018-03-29,EFA,-0.013872986,0.010196995,0.02406998,train,-0.015739124
2018-03-29,IWM,-0.02467096,0.029469572,0.05414053,train,0.042835012
2018-03-29,SPY,-0.02182091,0.04450143,0.06632234,train,-0.053315774
2018-03-29,TLT,0.0019714672,0.00090350397,0.0010679632,train,0.006738525
2018-04-02,EFA,0.006382354,-0.030116497,0.036498852,train,0.010196995
2018-04-02,IWM,0.0142101105,-0.07061489,0.084825,train,0.029469572
2018-04-02,SPY,0.012735736,-0.056327045,0.069062784,train,0.04450143
2018-04-02,TLT,-0.0077425735,0.0036031976,0.011345771,train,0.00090350397
2018-04-03,EFA,0.0034642417,-0.0011039563,0.0045681978,train,-0.030116497
2018-04-03,IWM,0.012632233,0.021458467,0.008826234,train,-0.07061489
2018-04-03,SPY,0.01064244,0.038371496,0.027729057,train,-0.056327045
2018-04-03,TLT,-0.0020692246,-0.00020692497,0.0018622996,train,0.0036031976
2018-04-04,EFA,0.006606288,0.0015097391,0.0050965487,train,-0.0011039563
2018-04-04,IWM,0.008246479,0.04013542,0.031888943,train,0.021458467
2018-04-04,SPY,0.007860753,0.051857784,0.04399703,train,0.038371496
2018-04-04,TLT,-0.007485165,0.005727183,0.013212347,train,-0.00020692497
2018-04-05,EFA,-0.006606288,0.0009967647,0.0076030525,train,0.0015097391
2018-04-05,IWM,-0.020147003,0.03647604,0.05662304,train,0.04013542
2018-04-05,SPY,-0.022537703,0.05303427,0.07557197,train,0.051857784
2018-04-05,TLT,0.010876632,0.03988652,0.029009886,train,0.005727183
2018-04-06,EFA,0.008179568,0.004781263,0.0033983048,train,0.0009967647
2018-04-06,IWM,0.0011965128,-0.05200357,0.05320008,train,0.03647604
2018-04-06,SPY,0.0049160267,-0.047124118,0.052040145,train,0.05303427
2018-04-06,TLT,0.0016502308,0.032423317,0.030773086,train,0.03988652
2018-04-09,EFA,0.010661965,0.017507652,0.0068456866,train,0.004781263
2018-04-09,IWM,0.018689774,-0.006172956,0.024862729,train,-0.05200357
2018-04-09,SPY,0.015775187,0.050122194,0.034347005,train,-0.047124118
2018-04-09,TLT,-0.0018154746,0.024326278,0.026141752,train,0.032423317
2018-04-10,EFA,-0.0038251672,0.017058896,0.020884063,train,0.017507652
2018-04-10,IWM,0.0021491349,0.019598907,0.017449772,train,-0.006172956
2018-04-10,SPY,-0.005255798,0.060024537,0.06528033,train,0.050122194
2018-04-10,TLT,0.003545091,0.015373679,0.011828588,train,0.024326278
2018-04-11,EFA,0.0038251672,-0.01772351,0.021548677,train,0.017058896
2018-04-11,IWM,0.006807599,-0.009529128,0.016336728,train,0.019598907
2018-04-11,SPY,0.008193279,-0.00624498,0.0144382585,train,0.060024537
2018-04-11,TLT,-0.0073515163,0.010725802,0.018077318,train,0.015373679
2018-04-12,EFA,0.0009893109,-0.0051869256,0.0061762366,train,-0.01772351
2018-04-12,IWM,-0.0052475575,0.01660026,0.021847818,train,-0.009529128
2018-04-12,SPY,-0.002937481,0.0034669396,0.0064044204,train,-0.00624498
2018-04-12,TLT,0.0023184738,0.015951058,0.013632584,train,0.010725802
2018-04-13,EFA,0.0015527643,-0.028405583,0.029958347,train,-0.0051869256
2018-04-13,IWM,0.009181708,0.0058996584,0.0032820497,train,0.01660026
2018-04-13,SPY,0.008188381,-0.012330079,0.02051846,train,0.0034669396
2018-04-13,TLT,0.00033095226,0.008001604,0.0076706517,train,0.015951058
2018-04-16,EFA,0.0045031304,-0.007569435,0.012072565,train,-0.028405583
2018-04-16,IWM,0.010818241,0.005194796,0.0056234454,train,0.0058996584
2018-04-16,SPY,0.0106413625,0.03197927,0.021337908,train,-0.012330079
2018-04-16,TLT,0.0027253206,0.013612323,0.010887003,train,0.008001604
2018-04-17,EFA,0.005181712,0.013439495,0.008257783,train,-0.007569435
2018-04-17,IWM,0.0026705463,0.023382302,0.020711755,train,0.005194796
2018-04-17,SPY,0.00073986035,0.063722245,0.06298239,train,0.03197927
2018-04-17,TLT,-0.008031053,0.010407625,0.018438678,train,0.013612323
2018-04-18,EFA,-0.0037784576,0.017332722,0.02111118,train,0.013439495
2018-04-18,IWM,-0.006945324,0.0037824437,0.010727768,train,0.023382302
2018-04-18,SPY,-0.0055628857,0.0360282,0.041591085,train,0.063722245
2018-04-18,TLT,-0.008179358,-0.0006826706,0.0074966876,train,0.010407625
2018-04-19,EFA,-0.0037930622,-0.010044083,0.006251021,train,0.017332722
2018-04-19,IWM,-0.0053851856,-0.0069592223,0.0015740367,train,0.0037824437
2018-04-19,SPY,-0.008515487,-0.010940945,0.0024254574,train,0.0360282
2018-04-19,TLT,-0.0072340313,-0.007034311,0.00019972026,train,-0.0006826706
2018-04-20,EFA,-0.0012675123,-0.0030436087,0.0017760964,train,-0.010044083
2018-04-20,IWM,-0.0014804461,-0.04200775,0.040527306,train,-0.0069592223
2018-04-20,SPY,-0.0001499224,-0.013359269,0.013209347,train,-0.010940945
2018-04-20,TLT,0.00025357786,-0.01952883,0.01978241,train,-0.007034311
2018-04-23,EFA,-0.004095185,0.0065437825,0.010638967,train,-0.0030436087
2018-04-23,IWM,-0.005746411,0.020777969,0.02652438,train,-0.04200775
2018-04-23,SPY,-0.0135589205,0.027318107,0.04087703,train,-0.013359269
2018-04-23,TLT,-0.0045679677,0.0052052173,0.0097731855,train,-0.01952883
2018-04-24,EFA,-0.0016992871,-0.048797674,0.047098387,train,0.0065437825
2018-04-24,IWM,-0.0014904274,-0.023920937,0.02243051,train,0.020777969
2018-04-24,SPY,0.002468711,-0.06387085,0.06633956,train,0.027318107
2018-04-24,TLT,-0.006720433,-0.005022237,0.0016981959,train,0.0052052173
2018-04-25,EFA,0.0049486617,-0.03781318,0.04276184,train,-0.048797674
2018-04-25,IWM,0.0045937854,-0.023258692,0.027852478,train,-0.023920937
2018-04-25,SPY,0.010114358,-0.04852701,0.058641367,train,-0.06387085
2018-04-25,TLT,0.006974784,-0.0032449532,0.010219738,train,-0.005022237
2018-04-26,EFA,0.000986732,-0.028317893,0.029304625,train,-0.03781318
2018-04-26,IWM,-0.0014207052,0.035566613,0.03698732,train,-0.023258692
2018-04-26,SPY,0.00093838415,0.01903821,0.018099826,train,-0.04852701
2018-04-26,TLT,0.0076832348,-0.012893295,0.02057653,train,-0.0032449532
2018-04-27,EFA,-0.0032460275,-0.03186322,0.028617192,train,-0.028317893
2018-04-27,IWM,-0.008896216,0.02782408,0.036720295,train,0.035566613
2018-04-27,SPY,-0.007720102,-0.014047334,0.006327232,train,0.01903821
2018-04-27,TLT,0.0017649669,-0.007934807,0.009699774,train,-0.012893295
2018-04-30,EFA,-0.0035404386,-0.018700546,0.015160107,train,-0.03186322
2018-04-30,IWM,0.004879927,-0.08125481,0.08613474,train,0.02782408
2018-04-30,SPY,0.0017747919,-0.07976331,0.0815381,train,-0.014047334
2018-04-30,TLT,-0.0036082044,-0.018394494,0.01478629,train,-0.007934807
2018-05-01,EFA,-0.00042570446,-0.044537917,0.044112213,train,-0.018700546
2018-05-01,IWM,0.0037570593,0.02713356,0.0233765,train,-0.08125481
2018-05-01,SPY,-0.0067399126,-0.022665797,0.015925884,train,-0.07976331
2018-05-01,TLT,-0.0010984283,-0.0155176725,0.014419245,train,-0.018394494
2018-05-02,EFA,0.0031176326,-0.03881643,0.04193406,train,-0.044537917
2018-05-02,IWM,-0.0054463795,-0.0485427,0.043096323,train,0.02713356
2018-05-02,SPY,-0.0022059737,-0.019562412,0.017356439,train,-0.022665797
2018-05-02,TLT,0.0044708382,-0.02086873,0.025339568,train,-0.0155176725
2018-05-03,EFA,0.003530869,-0.026082719,0.029613588,train,-0.03881643
2018-05-03,IWM,0.012405778,0.0005137194,0.011892059,train,-0.0485427
2018-05-03,SPY,0.012863444,0.036579207,0.023715762,train,-0.019562412
2018-05-03,TLT,0.0015142934,-0.0037293332,0.0052436264,train,-0.02086873
2018-05-04,EFA,0.00014091276,-0.026824553,0.026965465,train,-0.026082719
2018-05-04,IWM,0.008440524,-0.005828251,0.0142687755,train,0.0005137194
2018-05-04,SPY,0.0033775219,0.028994666,0.025617145,train,0.036579207
2018-05-04,TLT,-0.001598319,-0.012747122,0.011148803,train,-0.0037293332
2018-05-07,EFA,0.00014096139,-0.028828802,0.028969763,train,-0.026824553
2018-05-07,IWM,0.00495413,-0.04576356,0.05071769,train,-0.005828251
2018-05-07,SPY,0.0,-0.0008253809,0.0008253809,train,0.028994666
2018-05-07,TLT,-0.0009265917,-0.019828549,0.018901957,train,-0.012747122
2018-05-08,EFA,0.0023931037,-0.043850727,0.04624383,train,-0.028828802
2018-05-08,IWM,0.0053712768,-0.044546604,0.04991788,train,-0.04576356
2018-05-08,SPY,0.009618948,0.00048564747,0.009133301,train,-0.0008253809
2018-05-08,TLT,-0.0059996634,-0.025661673,0.01966201,train,-0.019828549
2018-05-09,EFA,0.0064471005,-0.026566774,0.033013873,train,-0.043850727
2018-05-09,IWM,0.0053422637,-0.025368946,0.03071121,train,-0.044546604
2018-05-09,SPY,0.0093076,0.02123464,0.011927041,train,0.00048564747
2018-05-09,TLT,0.008019878,-0.01084785,0.018867727,train,-0.025661673
2018-05-10,EFA,0.0026508549,-0.019125354,0.021776209,train,-0.026566774
2018-05-10,IWM,0.0019414293,-0.037340693,0.03928212,train,-0.025368946
2018-05-10,SPY,0.0030463138,0.00640871,0.0033623963,train,0.02123464
2018-05-10,TLT,0.0025194227,0.00051175617,0.0020076665,train,-0.01084785
2018-05-11,EFA,0.0018099302,-0.017278302,0.019088233,train,-0.019125354
2018-05-11,IWM,-0.0038234966,-0.0047641248,0.0009406281,train,-0.037340693
2018-05-11,SPY,0.00047638142,0.036222175,0.035745792,train,0.00640871
2018-05-11,TLT,-0.0052980906,-0.003964156,0.0013339347,train,0.00051175617
2018-05-14,EFA,-0.007258506,-0.015062237,0.007803731,train,-0.017278302
2018-05-14,IWM,0.00018844022,-0.034434885,0.034623325,train,-0.0047641248
2018-05-14,SPY,-0.0069107222,0.06850305,0.07541377,train,0.036222175
2018-05-14,TLT,-0.011448163,0.023077633,0.034525797,train,-0.003964156
2018-05-15,EFA,0.0013997029,-0.03915593,0.040555634,train,-0.015062237
2018-05-15,IWM,0.010368927,-0.031290956,0.041659884,train,-0.034434885
2018-05-15,SPY,0.0041962247,0.05232081,0.04812458,train,0.06850305
2018-05-15,TLT,-0.0038452568,0.0312887,0.035133954,train,0.023077633
2018-05-16,EFA,0.0015377192,-0.027882716,0.029420435,train,-0.03915593
2018-05-16,IWM,0.0045883264,0.016726736,0.01213841,train,-0.031290956
2018-05-16,SPY,-0.00084491516,0.019535946,0.02038086,train,0.05232081
2018-05-16,TLT,-0.005063885,-0.001532309,0.003531576,train,0.0312887
2018-05-17,EFA,-0.0036382473,-0.021587603,0.017949356,train,-0.027882716
2018-05-17,IWM,0.0012980124,0.0036581089,0.0023600964,train,0.016726736
2018-05-17,SPY,-0.0025031785,0.020898117,0.023401296,train,0.019535946
2018-05-17,TLT,0.008568117,-0.029566051,0.03813417,train,-0.001532309
2018-05-18,EFA,0.006288665,-0.029064963,0.035353627,train,-0.021587603
2018-05-18,IWM,0.006588522,0.011533976,0.0049454537,train,0.0036581089
2018-05-18,SPY,0.007490564,-0.0015929397,0.009083504,train,0.020898117
2018-05-18,TLT,0.000511614,0.015470572,0.014958958,train,-0.029566051
2018-05-21,EFA,-0.0012544782,-0.015473064,0.014218586,train,-0.029064963
2018-05-21,IWM,-0.0072683915,0.017864628,0.02513302,train,0.011533976
2018-05-21,SPY,-0.0027840796,-0.042855747,0.040071666,train,-0.0015929397
2018-05-21,TLT,-0.0015358716,0.001697443,0.0032333145,train,0.015470572
2018-05-22,EFA,-0.011080782,-0.021113751,0.0100329695,train,-0.015473064
2018-05-22,IWM,0.0012974188,-0.018880649,0.020178067,train,0.017864628
2018-05-22,SPY,0.0027472917,0.007251136,0.0045038443,train,-0.042855747
2018-05-22,TLT,0.0072328374,0.0051538306,0.0020790068,train,0.001697443
2018-05-23,EFA,-0.003107806,-0.0187128,0.015604994,train,-0.021113751
2018-05-23,IWM,0.00037026335,0.02658998,0.026219716,train,-0.018880649
2018-05-23,SPY,-0.002051113,-0.048524335,0.046473224,train,0.007251136
2018-05-23,TLT,0.00793886,0.016830077,0.008891217,train,0.0051538306
2018-05-24,EFA,-0.006529393,-0.022494001,0.015964609,train,-0.0187128
2018-05-24,IWM,-0.0017911552,0.019687438,0.021478593,train,0.02658998
2018-05-24,SPY,-0.0023853127,-0.053800724,0.051415414,train,-0.048524335
2018-05-24,TLT,0.006205245,0.025136817,0.018931571,train,0.016830077
2018-05-25,EFA,-0.020574916,-0.02930524,0.008730324,train,-0.022494001
2018-05-25,IWM,-0.0013611916,0.016722418,0.01808361,train,0.019687438
2018-05-25,SPY,-0.011567627,-0.06143389,0.049866263,train,-0.053800724
2018-05-25,TLT,0.02166648,0.020050379,0.0016161017,train,0.025136817
2018-05-29,EFA,0.015148522,-0.0068988,0.022047322,train,-0.02930524
2018-05-29,IWM,0.015724974,0.01804814,0.0023231655,train,0.016722418
2018-05-29,SPY,0.013256761,-0.010566672,0.023823433,train,-0.06143389
2018-05-29,TLT,-0.0067308396,0.02309362,0.02982446,train,0.020050379
2018-05-30,EFA,-0.006320015,0.0044893734,0.010809388,train,-0.0068988
2018-05-30,IWM,-0.008015868,0.025624933,0.033640802,train,0.01804814
2018-05-30,SPY,-0.006144948,0.013581068,0.019726016,train,-0.010566672
2018-05-30,TLT,-0.0016484986,-0.09832396,0.09667546,train,0.02309362
2018-05-31,EFA,0.0086083915,0.0012827478,0.0073256437,train,0.0044893734
2018-05-31,IWM,0.0065521086,-0.044689097,0.051241204,train,0.025624933
2018-05-31,SPY,0.00976993,-0.04984586,0.05961579,train,0.013581068
2018-05-31,TLT,-0.00529738,-0.08210698,0.0768096,train,-0.09832396
2018-06-01,EFA,0.0029954526,-0.027989725,0.030985177,train,0.0012827478
2018-06-01,IWM,0.0052961195,-0.024110032,0.029406153,train,-0.044689097
2018-06-01,SPY,0.004740381,0.019254724,0.014514342,train,-0.04984586
2018-06-01,TLT,-0.007258343,-0.10105095,0.09379261,train,-0.08210698
2018-06-04,EFA,-0.0015681058,-0.0055140294,0.0039459234,train,-0.027989725
2018-06-04,IWM,0.0061738594,-0.00550025,0.01167411,train,-0.024110032
2018-06-04,SPY,0.0007270005,-0.00852386,0.009250861,train,0.019254724
2018-06-04,TLT,0.002341373,-0.05787143,0.060212806,train,-0.10105095
2018-06-05,EFA,0.008947332,0.00032283785,0.008624494,train,-0.0055140294
2018-06-05,IWM,0.0072144414,-0.011866183,0.019080624,train,-0.00550025
2018-06-05,SPY,0.008326151,-0.02586621,0.03419236,train,-0.00852386
2018-06-05,TLT,-0.008135781,-0.064393595,0.056257814,train,-0.05787143
2018-06-06,EFA,-0.005671579,-0.022479089,0.01680751,train,0.00032283785
2018-06-06,IWM,-0.005466372,0.010127479,0.015593851,train,-0.011866183
2018-06-06,SPY,-0.00010839179,-0.031714223,0.031605832,train,-0.02586621
2018-06-06,TLT,0.009638144,-0.020827373,0.030465517,train,-0.064393595
2018-06-07,EFA,0.0011369059,-0.0073377234,0.008474629,train,-0.022479089
2018-06-07,IWM,0.0030070667,-0.041481502,0.044488568,train,0.010127479
2018-06-07,SPY,0.0029519275,-0.0156172905,0.018569218,train,-0.031714223
2018-06-07,TLT,-0.0030069079,-0.019828387,0.01682148,train,-0.020827373
2018-06-08,EFA,0.006370574,-0.0138285225,0.020199096,train,-0.0073377234
2018-06-08,IWM,0.0014999977,-0.00699357,0.008493568,train,-0.041481502
2018-06-08,SPY,0.0013292945,-0.0077126957,0.00904199,train,-0.0156172905
2018-06-08,TLT,-0.0018421704,0.045284204,0.047126375,train,-0.019828387
2018-06-11,EFA,-0.006370574,0.009782772,0.016153345,train,-0.0138285225
2018-06-11,IWM,0.0045471536,-0.0066373097,0.011184463,train,-0.00699357
2018-06-11,SPY,0.001291537,-0.0060760914,0.0073676286,train,-0.0077126957
2018-06-11,TLT,0.0002512713,0.04933466,0.04908339,train,0.045284204
2018-06-12,EFA,0.0014193171,-0.077093415,0.078512736,train,0.009782772
2018-06-12,IWM,-0.003947441,0.0041915504,0.008138992,train,-0.0066373097
2018-06-12,SPY,-0.0031964853,-0.003833347,0.00063686166,train,-0.0060760914
2018-06-12,TLT,-0.0005029238,-0.019044852,0.018541928,train,0.04933466
2018-06-13,EFA,-0.0021297317,0.008148862,0.010278594,train,-0.077093415
2018-06-13,IWM,0.0053190584,-0.0057284087,0.011047468,train,0.0041915504
2018-06-13,SPY,0.0025148464,-0.0075524934,0.01006734,train,-0.003833347
2018-06-13,TLT,0.008265362,-0.009083185,0.017348547,train,-0.019044852
2018-06-14,EFA,-0.0051295916,-0.0029364468,0.0021931448,train,0.008148862
2018-06-14,IWM,0.00029808164,0.01590838,0.015610297,train,-0.0057284087
2018-06-14,SPY,-0.001276582,-0.0030094627,0.0017328807,train,-0.0075524934
2018-06-14,TLT,0.00091443333,0.0068819746,0.005967541,train,-0.009083185
2018-06-15,EFA,-0.0071683642,0.0016574515,0.008825816,train,-0.0029364468
2018-06-15,IWM,0.0046970365,-0.0023794156,0.007076452,train,0.01590838
2018-06-15,SPY,-0.0020589442,0.018610986,0.02066993,train,-0.0030094627
2018-06-15,TLT,-0.00091443333,0.0137723675,0.014686801,train,0.0068819746
2018-06-18,EFA,-0.0092287585,0.0054037804,0.014632539,train,0.0016574515
2018-06-18,IWM,5.9026737e-05,0.025445404,0.025386376,train,-0.0023794156
2018-06-18,SPY,-0.0038400772,-0.012966799,0.009126721,train,0.018610986
2018-06-18,TLT,0.0058036325,-0.0010175295,0.006821162,train,0.0137723675
2018-06-19,EFA,0.00074032333,-0.011180282,0.011920605,train,0.0054037804
2018-06-19,IWM,0.008033595,-0.0060052257,0.014038821,train,0.025445404
2018-06-19,SPY,0.0017046428,0.031329013,0.02962437,train,-0.012966799
2018-06-19,TLT,-0.008801342,0.02279111,0.03159245,train,-0.0010175295
2018-06-20,EFA,-0.0071291914,0.023507029,0.030636221,train,-0.011180282
2018-06-20,IWM,-0.009398493,0.0026183026,0.012016796,train,-0.0060052257
2018-06-20,SPY,-0.0062888893,-0.0685015,0.062212612,train,0.031329013
2018-06-20,TLT,0.0052406006,0.033127397,0.027886797,train,0.02279111
2018-06-21,EFA,0.010527075,-0.014356479,0.024883553,train,0.023507029
2018-06-21,IWM,-0.0033313588,-0.017950555,0.014619197,train,0.0026183026
2018-06-21,SPY,0.0018219198,0.016870087,0.015048167,train,-0.0685015
2018-06-21,TLT,-8.3335995e-05,0.020110805,0.020194141,train,0.033127397
2018-06-22,EFA,-0.013961192,0.020343246,0.03430444,train,-0.014356479
2018-06-22,IWM,-0.0164617,-0.020248907,0.0037872065,train,-0.017950555
2018-06-22,SPY,-0.013706593,-0.03326349,0.019556897,train,0.016870087
2018-06-22,TLT,0.0022379013,-0.011812615,0.014050516,train,0.020110805
2018-06-25,EFA,0.0017933705,0.017755745,0.015962375,train,0.020343246
2018-06-25,IWM,0.0057982663,-0.037395082,0.043193348,train,-0.020248907
2018-06-25,SPY,0.002211733,-0.012265367,0.0144771,train,-0.03326349
2018-06-25,TLT,0.001406176,-0.01350072,0.014906896,train,-0.011812615
2018-06-26,EFA,-0.009450491,-0.017107882,0.007657391,train,0.017755745
2018-06-26,IWM,-0.016149642,-0.005334342,0.0108153,train,-0.037395082
2018-06-26,SPY,-0.008318484,-0.027766256,0.019447772,train,-0.012265367
2018-06-26,TLT,0.009379827,-0.013348512,0.022728339,train,-0.01350072
2018-06-27,EFA,0.0037608447,-0.008300915,0.01206176,train,-0.017107882
2018-06-27,IWM,0.003055685,-0.003092518,0.0061482033,train,-0.005334342
2018-06-27,SPY,0.0057006744,-0.021913534,0.027614208,train,-0.027766256
2018-06-27,TLT,0.00024527733,-0.0074439254,0.0076892027,train,-0.013348512
2018-06-28,EFA,0.005540108,-0.028158292,0.0336984,train,-0.008300915
2018-06-28,IWM,-0.0006717338,0.015971662,0.016643396,train,-0.003092518
2018-06-28,SPY,0.0014387475,-0.01213949,0.013578237,train,-0.021913534
2018-06-28,TLT,-0.0034447464,-0.009247215,0.0058024693,train,-0.0074439254
2018-06-29,EFA,-0.009150232,-0.014980594,0.0058303615,train,-0.028158292
2018-06-29,IWM,0.0068763555,-0.003738421,0.010614777,train,0.015971662
2018-06-29,SPY,0.0021356768,-0.016599301,0.018734979,train,-0.01213949
2018-06-29,TLT,-0.0007822256,-0.01770175,0.016919525,train,-0.009247215
2018-07-02,EFA,0.003009282,-0.013523152,0.016532434,train,-0.014980594
2018-07-02,IWM,0.003978638,-0.013755016,0.017733654,train,-0.003738421
2018-07-02,SPY,-0.0035373403,-0.01612598,0.012588641,train,-0.016599301
2018-07-02,TLT,0.0053419997,-0.0061310623,0.0114730615,train,-0.01770175
2018-07-03,EFA,0.009867185,-0.026540013,0.0364072,train,-0.013523152
2018-07-03,IWM,0.011331655,-0.0045957165,0.01592737,train,-0.013755016
2018-07-03,SPY,0.008124782,-0.024566164,0.032690946,train,-0.01612598
2018-07-03,TLT,0.0028650656,-0.0007608412,0.0036259068,train,-0.0061310623
2018-07-05,EFA,0.0053411713,0.00797572,0.0026345486,train,-0.026540013
2018-07-05,IWM,0.00841626,-0.0021940172,0.010610277,train,-0.0045957165
2018-07-05,SPY,0.008422932,-0.01018995,0.01861288,train,-0.024566164
2018-07-05,TLT,0.0032632726,-0.004485676,0.0077489484,train,-0.0007608412
2018-07-06,EFA,0.00957227,-0.010920681,0.020492952,train,0.00797572
2018-07-06,IWM,0.006280503,-0.009972196,0.016252698,train,-0.0021940172
2018-07-06,SPY,0.008963908,0.021935014,0.012971106,train,-0.01018995
2018-07-06,TLT,-0.006456136,-0.010613332,0.004157196,train,-0.004485676
2018-07-09,EFA,-0.00043969144,0.0013770722,0.0018167637,train,-0.010920681
2018-07-09,IWM,-0.0045586275,0.024590516,0.029149145,train,-0.009972196
2018-07-09,SPY,0.0035916814,0.017570183,0.013978502,train,0.021935014
2018-07-09,TLT,-8.186916e-05,-0.00804999,0.007968121,train,-0.010613332
2018-07-10,EFA,-0.016856864,-0.026789714,0.00993285,train,0.0013770722
2018-07-10,IWM,-0.008520593,0.017526662,0.026047256,train,0.024590516
2018-07-10,SPY,-0.007341191,-0.013559835,0.006218644,train,0.017570183
2018-07-10,TLT,0.0038463443,-0.013360093,0.017206438,train,-0.00804999
2018-07-11,EFA,0.007724284,-0.0031934362,0.01091772,train,-0.026789714
2018-07-11,IWM,0.004835288,-0.017927626,0.022762913,train,0.017526662
2018-07-11,SPY,0.00902501,-0.019493101,0.02851811,train,-0.013559835
2018-07-11,TLT,-8.171616e-05,0.002260086,0.002341802,train,-0.013360093
2018-07-12,EFA,0.0031026471,-0.0024467763,0.0055494234,train,-0.0031934362
2018-07-12,IWM,-0.0029820064,-0.030086342,0.027104337,train,-0.017927626
2018-07-12,SPY,0.00078759645,0.02490268,0.024115084,train,-0.019493101
2018-07-12,TLT,0.0025290216,0.0045527015,0.00202368,train,0.002260086
2018-07-13,EFA,-0.0004428272,-0.026430735,0.025987908,train,-0.0024467763
2018-07-13,IWM,-0.0038902822,-0.042675935,0.03878565,train,-0.030086342
2018-07-13,SPY,-0.0008949269,0.009796945,0.010691872,train,0.02490268
2018-07-13,TLT,-0.0041640517,-0.0044224723,0.0002584206,train,0.0045527015
2018-07-16,EFA,0.0017695719,-0.0065588914,0.008328463,train,-0.026430735
2018-07-16,IWM,0.004427818,-0.012963533,0.017391352,train,-0.042675935
2018-07-16,SPY,0.0040372903,0.025410207,0.021372916,train,0.009796945
2018-07-16,TLT,-0.0018837003,-0.022973737,0.021090036,train,-0.0044224723
2018-07-17,EFA,0.0001472529,-0.02158905,0.021736303,train,-0.0065588914
2018-07-17,IWM,0.0028017263,-0.004345391,0.0071471175,train,-0.012963533
2018-07-17,SPY,0.0021010258,-0.024883095,0.026984122,train,0.025410207
2018-07-17,TLT,-0.0040252195,-0.019728208,0.015702989,train,-0.022973737
2018-07-18,EFA,-0.0020642197,-0.019158708,0.01709449,train,-0.02158905
2018-07-18,IWM,0.007059037,0.003979378,0.0030796593,train,-0.004345391
2018-07-18,SPY,-0.0037782344,-0.0075090863,0.003730852,train,-0.024883095
2018-07-18,TLT,0.006318102,-0.026902681,0.033220783,train,-0.019728208
2018-07-19,EFA,0.0047121206,-0.021396864,0.026108984,train,-0.019158708
2018-07-19,IWM,-0.004087156,-0.0067136805,0.0026265243,train,0.003979378
2018-07-19,SPY,-0.0011435476,-0.018854963,0.017711416,train,-0.0075090863
2018-07-19,TLT,-0.012344977,-0.0020323507,0.010312626,train,-0.026902681
2018-07-20,EFA,0.0,-0.019272976,0.019272976,train,-0.021396864
2018-07-20,IWM,0.0012458853,0.0016160489,0.0003701636,train,-0.0067136805
2018-07-20,SPY,0.0018575478,-0.008268973,0.010126521,train,-0.018854963
2018-07-20,TLT,-0.012415249,-0.02135439,0.008939141,train,-0.0020323507
2018-07-23,EFA,0.0058590793,-0.07340324,0.079262316,train,-0.019272976
2018-07-23,IWM,-0.0107276,-0.012612077,0.0018844772,train,0.0016160489
2018-07-23,SPY,0.005019634,-0.04224486,0.047264494,train,-0.008268973
2018-07-23,TLT,0.0034318592,-0.02885579,0.03228765,train,-0.02135439
2018-07-24,EFA,0.007420914,-0.0559114,0.06333231,train,-0.07340324
2018-07-24,IWM,0.0036484064,-0.01076431,0.014412716,train,-0.012612077
2018-07-24,SPY,0.008486072,0.0005022497,0.007983822,train,-0.04224486
2018-07-24,TLT,-0.0015890333,-0.0018451973,0.000256164,train,-0.02885579
2018-07-25,EFA,-0.0045043016,-0.0052371994,0.0007328978,train,-0.0559114
2018-07-25,IWM,0.0053585516,-0.008173607,0.013532159,train,-0.01076431
2018-07-25,SPY,-0.002361631,0.021233704,0.023595335,train,0.0005022497
2018-07-25,TLT,-0.0019265418,-0.025152886,0.023226345,train,-0.0018451973
2018-07-26,EFA,0.0018913088,0.011728311,0.0098370025,train,-0.0052371994
2018-07-26,IWM,-0.018821962,-0.0037243622,0.0150975995,train,-0.008173607
2018-07-26,SPY,-0.0067990455,-0.022071538,0.015272493,train,0.021233704
2018-07-26,TLT,0.0016755984,-0.042013735,0.043689333,train,-0.025152886
2018-07-27,EFA,-0.00014544361,0.011410993,0.011556436,train,0.011728311
2018-07-27,IWM,-0.0064350176,-0.052151054,0.045716036,train,-0.0037243622
2018-07-27,SPY,-0.0052376403,-0.023332013,0.018094372,train,-0.022071538
2018-07-27,TLT,-0.0034380315,-0.030087212,0.02664918,train,-0.042013735
2018-07-30,EFA,0.0013075399,0.006992366,0.0056848265,train,0.011410993
2018-07-30,IWM,0.010119343,-0.011502825,0.021622168,train,-0.052151054
2018-07-30,SPY,0.004917595,-0.0059661884,0.010883784,train,-0.023332013
2018-07-30,TLT,0.005445003,-0.03458211,0.04002711,train,-0.030087212
2018-07-31,EFA,-0.0050941543,-0.03852635,0.033432193,train,0.006992366
2018-07-31,IWM,-0.00066340243,0.003744308,0.0044077104,train,-0.011502825
2018-07-31,SPY,-0.0016723821,-0.021888876,0.020216495,train,-0.0059661884
2018-07-31,TLT,-0.008180417,-0.021069635,0.012889218,train,-0.03458211
2018-08-01,EFA,-0.0065879608,0.0010142517,0.0076022125,train,-0.03852635
2018-08-01,IWM,0.0072732326,-0.010257074,0.017530307,train,0.003744308
2018-08-01,SPY,0.005432909,0.009776528,0.004343619,train,-0.021888876
2018-08-01,TLT,0.0014343526,-0.027921282,0.029355634,train,-0.021069635
2018-08-02,EFA,0.00058715197,0.0123691,0.011781948,train,0.0010142517
2018-08-02,IWM,-0.0034796898,0.0040022917,0.0074819815,train,-0.010257074
2018-08-02,SPY,0.00427556,-0.027644275,0.031919833,train,0.009776528
2018-08-02,TLT,0.004960889,-0.037051685,0.042012572,train,-0.027921282
2018-08-03,EFA,-0.0042660884,0.007111311,0.0113774,train,0.0123691
2018-08-03,IWM,0.0055735195,0.017807258,0.012233739,train,0.0040022917
2018-08-03,SPY,0.003660442,-0.021680405,0.025340848,train,-0.027644275
2018-08-03,TLT,0.00058712735,-0.011874453,0.01246158,train,-0.037051685
2018-08-06,EFA,0.0077831727,-0.00031133275,0.008094505,train,0.007111311
2018-08-06,IWM,0.002387821,0.025892204,0.023504382,train,0.017807258
2018-08-06,SPY,0.0032969436,0.0077941734,0.00449723,train,-0.021680405
2018-08-06,TLT,-0.0052107363,-0.01491152,0.009700784,train,-0.011874453
2018-08-07,EFA,-0.00087811216,0.016250573,0.017128685,train,-0.00031133275
2018-08-07,IWM,-0.0008943643,-0.019346688,0.018452324,train,0.025892204
2018-08-07,SPY,-0.00042011173,-0.0009037722,0.00048366046,train,0.0077941734
2018-08-07,TLT,0.0010104432,-0.013740188,0.0147506315,train,-0.01491152
2018-08-08,EFA,-0.0029325753,-0.00818409,0.0052515147,train,0.016250573
2018-08-08,IWM,0.0025624528,-0.028563006,0.031125458,train,-0.019346688
2018-08-08,SPY,-0.0013672899,0.020766137,0.022133427,train,-0.0009037722
2018-08-08,TLT,0.008382939,-0.021725709,0.030108647,train,-0.013740188
2018-08-09,EFA,-0.020172693,-0.019494869,0.000677824,train,-0.00818409
2018-08-09,IWM,-0.0028014926,-0.019131439,0.016329946,train,-0.028563006
2018-08-09,SPY,-0.0067224703,0.0063647516,0.013087222,train,0.020766137
2018-08-09,TLT,0.00723675,-0.0031187255,0.010355475,train,-0.021725709
2018-08-10,EFA,-0.0036023948,0.011323174,0.014925569,train,-0.019494869
2018-08-10,IWM,-0.005866986,-0.020769501,0.014902515,train,-0.019131439
2018-08-10,SPY,-0.0037501596,-0.018525226,0.014775067,train,0.0063647516
2018-08-10,TLT,-0.002073978,-0.0057719834,0.0036980053,train,-0.0031187255
2018-08-13,EFA,-0.00015047434,0.010611052,0.010761526,train,0.011323174
2018-08-13,IWM,0.009858369,-0.016080834,0.025939204,train,-0.020769501
2018-08-13,SPY,0.0063601714,-0.012011612,0.018371783,train,-0.018525226
2018-08-13,TLT,-0.002245216,-0.013630802,0.011385586,train,-0.0057719834
2018-08-14,EFA,-0.014543412,-0.007500151,0.007043261,train,0.010611052
2018-08-14,IWM,-0.012623973,0.0022408124,0.014864786,train,-0.016080834
2018-08-14,SPY,-0.007495627,-0.0042518424,0.0032437844,train,-0.012011612
2018-08-14,TLT,0.005809699,-0.015669256,0.021478955,train,-0.013630802
2018-08-15,EFA,0.006995011,0.02392015,0.01692514,train,-0.007500151
2018-08-15,IWM,0.009229332,0.0030490626,0.0061802696,train,0.0022408124
2018-08-15,SPY,0.0080589745,0.03526944,0.027210465,train,-0.0042518424
2018-08-15,TLT,-8.283442e-05,-0.01420062,0.014117786,train,-0.015669256
2018-08-16,EFA,0.0058925487,-0.00029113144,0.00618368,train,0.02392015
2018-08-16,IWM,0.0042860564,-0.004632268,0.0089183245,train,0.0030490626
2018-08-16,SPY,0.0035138703,-0.010547396,0.014061267,train,0.03526944
2018-08-16,TLT,0.0012403134,-0.01888103,0.020121343,train,-0.01420062
2018-08-17,EFA,0.0054087215,-0.02057925,0.025987972,train,-0.00029113144
2018-08-17,IWM,0.0027876669,-0.0013114698,0.0040991367,train,-0.004632268
2018-08-17,SPY,0.0021379853,-0.01884571,0.020983696,train,-0.010547396
2018-08-17,TLT,0.006673223,-0.011360538,0.018033762,train,-0.01888103
2018-08-20,EFA,0.0061243675,-0.013682614,0.019806981,train,-0.02057925
2018-08-20,IWM,0.011426219,-0.0026984848,0.014124704,train,-0.0013114698
2018-08-20,SPY,0.0023426907,0.01425227,0.011909579,train,-0.01884571
2018-08-20,TLT,-0.003372003,-0.0069198767,0.0035478736,train,-0.011360538
2018-08-21,EFA,0.0038647072,-0.029367134,0.03323184,train,-0.013682614
2018-08-21,IWM,0.0024562266,-0.00080597494,0.0032622016,train,-0.0026984848
2018-08-21,SPY,-0.0005941441,-0.040741146,0.040147003,train,0.01425227
2018-08-21,TLT,0.003946667,-0.016008545,0.019955212,train,-0.0069198767
2018-08-22,EFA,-0.0071461727,-0.014074698,0.0069285254,train,-0.029367134
2018-08-22,IWM,-0.003041928,0.016920757,0.019962685,train,-0.00080597494
2018-08-22,SPY,-0.0013291036,0.0088853855,0.010214489,train,-0.040741146
2018-08-22,TLT,0.0015583163,-0.005068347,0.0066266633,train,-0.016008545
2018-08-23,EFA,0.00581003,-0.023454143,0.029264173,train,-0.014074698
2018-08-23,IWM,0.0054343473,-0.01196586,0.017400207,train,0.016920757
2018-08-23,SPY,0.0060006143,-0.017528199,0.023528812,train,0.0088853855
2018-08-23,TLT,0.001963984,-0.006947454,0.008911438,train,-0.005068347
2018-08-24,EFA,0.013280366,0.015757738,0.002477372,train,-0.023454143
2018-08-24,IWM,0.0014560262,-0.010858575,0.012314601,train,-0.01196586
2018-08-24,SPY,0.007864624,-0.026007833,0.033872455,train,-0.017528199
2018-08-24,TLT,-0.005740306,-0.00093320105,0.004807105,train,-0.006947454
2018-08-27,EFA,-0.0008798451,0.040398687,0.041278534,train,0.015757738
2018-08-27,IWM,0.0009305855,-0.029338004,0.030268589,train,-0.010858575
2018-08-27,SPY,0.00048285766,0.00783618,0.007353322,train,-0.026007833
2018-08-27,TLT,-0.00602179,-0.015942175,0.009920385,train,-0.00093320105
2018-08-28,EFA,0.005413652,-0.0086419415,0.014055593,train,0.040398687
2018-08-28,IWM,0.002903009,-0.023138171,0.02604118,train,-0.029338004
2018-08-28,SPY,0.0053665647,0.009997889,0.0046313247,train,0.00783618
2018-08-28,TLT,0.0013230288,-0.01732241,0.01864544,train,-0.015942175
2018-08-29,EFA,-0.009530096,-0.022402268,0.012872172,train,-0.0086419415
2018-08-29,IWM,-0.0008121336,-0.018096624,0.01728449,train,-0.023138171
2018-08-29,SPY,-0.0040567373,-0.00083019957,0.0032265377,train,0.009997889
2018-08-29,TLT,0.0021458354,0.011084976,0.0089391405,train,-0.01732241
2018-08-30,EFA,-0.007987072,-0.0035962947,0.004390777,train,-0.022402268
2018-08-30,IWM,0.003822051,-0.025251582,0.029073633,train,-0.018096624
2018-08-30,SPY,3.4368295e-05,-0.015079213,0.015113582,train,-0.00083019957
2018-08-30,TLT,-0.0023111866,0.00986401,0.012175197,train,0.011084976
2018-08-31,EFA,-0.008500699,-0.020510053,0.012009354,train,-0.0035962947
2018-08-31,IWM,-0.004460271,-0.0020318537,0.0024284173,train,-0.025251582
2018-08-31,SPY,-0.0017234124,0.0137549285,0.015478341,train,-0.015079213
2018-08-31,TLT,-0.0057982267,0.007605071,0.013403298,train,0.00986401
2018-09-04,EFA,-0.009177552,0.047894508,0.05707206,train,-0.020510053
2018-09-04,IWM,-0.0026741594,-0.03012365,0.02744949,train,-0.0020318537
2018-09-04,SPY,-0.0026952038,-0.022358831,0.019663628,train,0.0137549285
2018-09-04,TLT,-0.0026696506,0.0028242855,0.005493936,train,0.007605071
2018-09-05,EFA,-0.0030275753,0.06186229,0.06488986,train,0.047894508
2018-09-05,IWM,-0.00677536,0.028163964,0.034939323,train,-0.03012365
2018-09-05,SPY,-0.0030144127,-0.031008648,0.027994234,train,-0.022358831
2018-09-05,TLT,0.00366868,-0.0015141042,0.005182784,train,0.0028242855
2018-09-06,EFA,-0.008067659,0.045984276,0.054051936,train,0.06186229
2018-09-06,IWM,-0.00052770454,0.023531243,0.024058947,train,0.028163964
2018-09-06,SPY,-0.0019452433,-0.03966161,0.037716366,train,-0.031008648
2018-09-06,TLT,-0.008525632,0.0065757716,0.015101404,train,-0.0015141042
2018-09-07,EFA,0.0060946927,0.054965995,0.0488713,train,0.045984276
2018-09-07,IWM,0.0012305501,-0.0016554534,0.0028860033,train,0.023531243
2018-09-07,SPY,0.001736763,-0.02172372,0.023460483,train,-0.03966161
2018-09-07,TLT,0.003686982,-0.03349068,0.037177663,train,0.0065757716
2018-09-10,EFA,0.0009109724,0.0023228154,0.0014118429,train,0.054965995
2018-09-10,IWM,0.0016387085,0.0076390654,0.0060003567,train,-0.0016554534
2018-09-10,SPY,0.003292049,-0.0059921723,0.009284222,train,-0.02172372
2018-09-10,TLT,-0.0076402244,-0.014445544,0.00680532,train,-0.03349068
2018-09-11,EFA,0.00424065,-0.021767348,0.026007999,train,0.0023228154
2018-09-11,IWM,-0.0024002616,-0.009006342,0.0066060806,train,0.0076390654
2018-09-11,SPY,0.00024254208,-0.0030790865,0.0033216286,train,-0.0059921723
2018-09-11,TLT,0.0023569642,-0.031064717,0.03342168,train,-0.014445544
2018-09-12,EFA,0.0073778536,-0.0091741085,0.016551962,train,-0.021767348
2018-09-12,IWM,0.00023461269,-0.03523927,0.035473883,train,-0.009006342
2018-09-12,SPY,0.005896452,-0.045477897,0.05137435,train,-0.0030790865
2018-09-12,TLT,0.0015122064,-0.004715345,0.006227551,train,-0.031064717
2018-09-13,EFA,0.0014991084,-0.02636489,0.027864,train,-0.0091741085
2018-09-13,IWM,0.004210021,-0.013986534,0.018196555,train,-0.03523927
2018-09-13,SPY,0.0001722238,-0.002232721,0.002404945,train,-0.045477897
2018-09-13,TLT,-0.0047963476,-0.0069871135,0.002190766,train,-0.004715345
2018-09-14,EFA,0.0008982164,-0.011116577,0.012014793,train,-0.02636489
2018-09-14,IWM,-0.010676568,0.0024670847,0.013143653,train,-0.013986534
2018-09-14,SPY,-0.005308341,-0.0043604895,0.0009478512,train,-0.002232721
2018-09-14,TLT,0.0,-0.025261166,0.025261166,train,-0.0069871135
2018-09-17,EFA,0.01042142,-0.015976556,0.026397977,train,-0.011116577
2018-09-17,IWM,0.004178546,-0.0097919125,0.013970459,train,0.0024670847
2018-09-17,SPY,0.0054112365,-0.023922399,0.029333636,train,-0.0043604895
2018-09-17,TLT,-0.010515468,-0.015056055,0.004540587,train,-0.025261166
2018-09-18,EFA,0.0035480717,-0.013460396,0.017008469,train,-0.015976556
2018-09-18,IWM,-0.0036480888,0.0037289439,0.0073770327,train,-0.0097919125
2018-09-18,SPY,0.0010652267,-0.036533266,0.037598494,train,-0.023922399
2018-09-18,TLT,-0.005984723,-0.024130546,0.018145822,train,-0.015056055
2018-09-19,EFA,0.012320563,-0.015004419,0.027324982,train,-0.013460396
2018-09-19,IWM,0.009212159,-0.01531328,0.024525438,train,0.0037289439
2018-09-19,SPY,0.008071372,-0.0035981257,0.011669498,train,-0.036533266
2018-09-19,TLT,0.0046204003,-0.018372785,0.022993185,train,-0.024130546
2018-09-20,EFA,0.00043726712,0.011500293,0.011063026,train,-0.015004419
2018-09-20,IWM,-0.0048011485,-0.0051483167,0.00034716818,train,-0.01531328
2018-09-20,SPY,-0.00091450644,0.0028282031,0.0037427095,train,-0.0035981257
2018-09-20,TLT,-0.00042713518,-0.017660946,0.017233811,train,-0.018372785
2018-09-21,EFA,-0.004527325,-0.0095063625,0.0049790377,train,0.011500293
2018-09-21,IWM,-0.0037036112,-0.020310216,0.016606605,train,-0.0051483167
2018-09-21,SPY,-0.003327172,-0.0036417395,0.00031456747,train,0.0028282031
2018-09-21,TLT,-0.002564875,0.002153871,0.004718746,train,-0.017660946
2018-09-24,EFA,0.004964401,-0.012074649,0.01703905,train,-0.0095063625
2018-09-24,IWM,0.0015299461,-0.01569173,0.017221676,train,-0.020310216
2018-09-24,SPY,-0.0009283738,0.0065555703,0.0074839443,train,-0.0036417395
2018-09-24,TLT,-0.0010281017,-0.006317745,0.005289643,train,0.002153871
2018-09-25,EFA,0.00043688505,-0.018372102,0.018808987,train,-0.012074649
2018-09-25,IWM,-0.00918202,-0.013203713,0.004021693,train,-0.01569173
2018-09-25,SPY,-0.0029968058,0.003005622,0.006002428,train,0.0065555703
2018-09-25,TLT,0.007003116,-0.007727104,0.01473022,train,-0.006317745
2018-09-26,EFA,-0.0020404318,-0.025868993,0.023828562,train,-0.018372102
2018-09-26,IWM,5.9155856e-05,-0.02397179,0.024030946,train,-0.013203713
2018-09-26,SPY,0.002790527,-0.009235223,0.012025749,train,0.003005622
2018-09-26,TLT,0.0006809231,-0.0059637353,0.0066446583,train,-0.007727104
2018-09-27,EFA,-0.008202777,-0.01960539,0.0114026135,train,-0.025868993
2018-09-27,IWM,0.0030305865,-0.016058525,0.019089112,train,-0.02397179
2018-09-27,SPY,0.000103203456,-0.06284615,0.06294935,train,-0.009235223
2018-09-27,TLT,-0.0026404306,-0.009928,0.0072875693,train,-0.0059637353
2018-09-28,EFA,0.0011761428,-0.025611723,0.026787866,train,-0.01960539
2018-09-28,IWM,-0.013258414,-0.0140378345,0.00077942014,train,-0.016058525
2018-09-28,SPY,0.0034683156,-0.05225569,0.055724006,train,-0.06284615
2018-09-28,TLT,-0.0073682563,-0.0074012764,3.3020042e-05,train,-0.009928
2018-10-01,EFA,-0.0051551387,-0.022694232,0.017539093,train,-0.025611723
2018-10-01,IWM,-0.010881079,-0.025322974,0.014441894,train,-0.0140378345
2018-10-01,SPY,-0.000583637,-0.04895869,0.04837505,train,-0.05225569
2018-10-01,TLT,0.006094694,-0.0049831397,0.011077834,train,-0.0074012764
2018-10-02,EFA,-0.0017734747,-0.008750778,0.006977303,train,-0.022694232
2018-10-02,IWM,0.008714315,-0.014092354,0.022806669,train,-0.025322974
2018-10-02,SPY,0.0005491221,-0.029625997,0.03017512,train,-0.04895869
2018-10-02,TLT,-0.01752426,0.0021115066,0.019635767,train,-0.0049831397
2018-10-03,EFA,-0.011755215,-0.0020381594,0.009717056,train,-0.008750778
2018-10-03,IWM,-0.014138269,0.007386676,0.021524945,train,-0.014092354
2018-10-03,SPY,-0.007846643,-0.04613302,0.038286377,train,-0.029625997
2018-10-03,TLT,-0.0070787966,0.01736897,0.024447767,train,0.0021115066
2018-10-04,EFA,-0.0060050953,0.03743013,0.043435223,train,-0.0020381594
2018-10-04,IWM,-0.00908504,0.00058189966,0.009666939,train,0.007386676
2018-10-04,SPY,-0.005612357,-0.010562811,0.004950454,train,-0.04613302
2018-10-04,TLT,-0.008632103,0.0067585576,0.015390661,train,0.01736897
2018-10-05,EFA,-0.004830335,0.023849314,0.028679648,train,0.03743013
2018-10-05,IWM,-0.0020992684,-8.131005e-05,0.0020179583,train,0.00058189966
2018-10-05,SPY,0.0,0.0077727996,0.0077727996,train,-0.010562811
2018-10-05,TLT,-0.0033675367,0.030805754,0.03417329,train,0.0067585576
2018-10-08,EFA,-0.002575323,0.00167384,0.004249163,train,0.023849314
2018-10-08,IWM,-0.0039008206,-0.023895891,0.019995071,train,-8.131005e-05
2018-10-08,SPY,-0.0014605154,0.0054782555,0.006938771,train,0.0077727996
2018-10-08,TLT,0.010068283,0.004175814,0.0058924695,train,0.030805754
2018-10-09,EFA,-0.021467011,-0.02234398,0.0008769687,train,0.00167384
2018-10-09,IWM,-0.02914436,-0.025958097,0.0031862631,train,-0.023895891
2018-10-09,SPY,-0.032175142,-0.007241152,0.02493399,train,0.0054782555
2018-10-09,TLT,-0.0027276422,-0.047137268,0.044409625,train,0.004175814
2018-10-10,EFA,-0.014047101,-0.010315156,0.0037319455,train,-0.02234398
2018-10-10,IWM,-0.019282667,0.026185742,0.04546841,train,-0.025958097
2018-10-10,SPY,-0.022272864,-0.008508762,0.013764102,train,-0.007241152
2018-10-10,TLT,0.01208607,0.012317682,0.00023161154,train,-0.047137268
2018-10-11,EFA,0.0036085437,-0.00018632226,0.003794866,train,-0.010315156
2018-10-11,IWM,0.00019492724,-0.0072023105,0.0073972377,train,0.026185742
2018-10-11,SPY,0.013792881,0.03682816,0.02303528,train,-0.008508762
2018-10-11,TLT,-0.0034883765,0.011321727,0.014810104,train,0.012317682
2018-10-12,EFA,-0.002351963,-0.011551017,0.009199054,train,-0.00018632226
2018-10-12,IWM,0.0037040147,-0.056277797,0.05998181,train,-0.0072023105
2018-10-12,SPY,-0.0056326278,-0.031974584,0.026341956,train,0.03682816
2018-10-12,TLT,-0.00043698607,-0.005693839,0.005256853,train,0.011321727
2018-10-15,EFA,0.016966745,-0.01508153,0.032048278,train,-0.011551017
2018-10-15,IWM,0.028581714,-0.039803423,0.06838514,train,-0.056277797
2018-10-15,SPY,0.021630293,-0.013438309,0.0350686,train,-0.031974584
2018-10-15,TLT,0.0022699174,-0.010800997,0.013070914,train,-0.005693839
2018-10-16,EFA,-0.005727125,-0.010346282,0.0046191574,train,-0.01508153
2018-10-16,IWM,-0.0042955657,0.0410946,0.045390166,train,-0.039803423
2018-10-16,SPY,0.0001780678,0.021491734,0.021313667,train,-0.013438309
2018-10-16,TLT,-0.0059470045,0.018317223,0.024264228,train,-0.010800997
2018-10-17,EFA,-0.016275821,-0.0114958715,0.00477995,train,-0.010346282
2018-10-17,IWM,-0.018916633,0.021722043,0.040638678,train,0.0410946
2018-10-17,SPY,-0.014546606,0.03482584,0.049372446,train,0.021491734
2018-10-17,TLT,-0.00035109746,-0.0107371565,0.010386059,train,0.018317223
2018-10-18,EFA,0.005664012,-0.028172055,0.033836067,train,-0.0114958715
2018-10-18,IWM,-0.010637287,-0.002567349,0.008069938,train,0.021722043
2018-10-18,SPY,-0.00054256216,-0.0055978857,0.0050553237,train,0.03482584
2018-10-18,TLT,-0.0021959783,-0.005862131,0.0036661525,train,-0.0107371565
2018-10-19,EFA,-0.0044026007,-0.00668101,0.0022784094,train,-0.028172055
2018-10-19,IWM,-0.0021539195,0.001552768,0.0037066876,train,-0.002567349
2018-10-19,SPY,-0.0044990564,0.024201328,0.028700385,train,-0.0055978857
2018-10-19,TLT,-0.0013201372,-0.014765538,0.013445402,train,-0.005862131
2018-10-22,EFA,-0.009499599,-0.0016878489,0.0078117503,train,-0.00668101
2018-10-22,IWM,-0.008992793,0.0016193818,0.010612175,train,0.001552768
2018-10-22,SPY,-0.005103653,0.019027356,0.02413101,train,0.024201328
2018-10-22,TLT,0.0031649773,-0.016563853,0.01972883,train,-0.014765538
2018-10-23,EFA,-0.028725656,-5.5314973e-05,0.02867034,train,-0.0016878489
2018-10-23,IWM,-0.03837735,0.0104459375,0.048823286,train,0.0016193818
2018-10-23,SPY,-0.030766997,0.028824564,0.05959156,train,0.019027356
2018-10-23,TLT,0.007521369,0.018954592,0.011433223,train,-0.016563853
2018-10-24,EFA,0.012527588,-0.008799208,0.021326795,train,-5.5314973e-05
2018-10-24,IWM,0.021420622,0.053707138,0.032286517,train,0.0104459375
2018-10-24,SPY,0.017781464,0.046395436,0.028613972,train,0.028824564
2018-10-24,TLT,-0.004191017,0.009277912,0.013468929,train,0.018954592
2018-10-25,EFA,-0.0068137883,-0.04075122,0.033937432,train,-0.008799208
2018-10-25,IWM,-0.010991719,-0.07063086,0.059639145,train,0.053707138
2018-10-25,SPY,-0.017743837,0.06811636,0.08586019,train,0.046395436
2018-10-25,TLT,0.006018592,-0.023432678,0.02945127,train,0.009277912
2018-10-26,EFA,-0.0027712656,0.0022862162,0.005057482,train,-0.04075122
2018-10-26,IWM,-0.0055077276,0.015865745,0.021373473,train,-0.07063086
2018-10-26,SPY,-0.005555873,0.03206619,0.03762206,train,0.06811636
2018-10-26,TLT,-0.0022637905,-0.0014702771,0.0007935134,train,-0.023432678
2018-10-29,EFA,0.012007435,-0.0095908735,0.02159831,train,0.0022862162
2018-10-29,IWM,0.020648565,0.0033482108,0.017300354,train,0.015865745
2018-10-29,SPY,0.014710031,0.02302188,0.008311849,train,0.03206619
2018-10-29,TLT,-0.0049807476,-0.020305892,0.015325145,train,-0.0014702771
2018-10-30,EFA,0.007391884,-0.023795607,0.03118749,train,-0.0095908735
2018-10-30,IWM,0.0020014786,0.024386873,0.022385394,train,0.0033482108
2018-10-30,SPY,0.010624098,0.027116414,0.016492316,train,0.02302188
2018-10-30,TLT,-0.005093408,0.008437893,0.013531301,train,-0.020305892
2018-10-31,EFA,0.01272681,-0.029988276,0.042715088,train,-0.023795607
2018-10-31,IWM,0.02280066,-0.0054619163,0.028262576,train,0.024386873
2018-10-31,SPY,0.010585543,0.005586565,0.0049989778,train,0.027116414
2018-10-31,TLT,0.00092613406,0.0042906892,0.003364555,train,0.008437893
2018-11-01,EFA,0.0014216845,0.0262554,0.024833716,train,-0.029988276
2018-11-01,IWM,0.0033167393,0.054541506,0.05122477,train,-0.0054619163
2018-11-01,SPY,-0.0059403973,0.028531183,0.03447158,train,0.005586565
2018-11-01,TLT,-0.012510665,0.014610836,0.027121501,train,0.0042906892
2018-11-02,EFA,0.0,-0.034054905,0.034054905,train,0.0262554
2018-11-02,IWM,-0.0007792154,0.012193194,0.012972409,train,0.054541506
2018-11-02,SPY,0.005501659,-0.080379575,0.08588123,train,0.028531183
2018-11-02,TLT,0.0039210897,0.04042992,0.03650883,train,0.014610836
2018-11-05,EFA,0.0040958296,-0.03950952,0.04360535,train,-0.034054905
2018-11-05,IWM,0.004926611,-0.015479622,0.020406233,train,0.012193194
2018-11-05,SPY,0.006308016,-0.012315938,0.018623954,train,-0.080379575
2018-11-05,TLT,-0.0006226267,-0.014522029,0.013899403,train,0.04042992
2018-11-06,EFA,0.0132742105,-0.013658414,0.026932623,train,-0.03950952
2018-11-06,IWM,0.017753929,0.018797766,0.0010438375,train,-0.015479622
2018-11-06,SPY,0.021182785,-0.04071404,0.061896823,train,-0.012315938
2018-11-06,TLT,0.0013338804,-0.036787756,0.038121637,train,-0.014522029
2018-11-07,EFA,-0.009821397,-0.009893419,7.202197e-05,train,-0.013658414
2018-11-07,IWM,-0.002671443,0.010211429,0.012882872,train,0.018797766
2018-11-07,SPY,-0.0018165163,0.11065625,0.112472765,train,-0.04071404
2018-11-07,TLT,-8.893115e-05,0.01082339,0.0109123215,train,-0.036787756
2018-11-08,EFA,-0.0066017997,-0.0009341836,0.005667616,train,-0.009893419
2018-11-08,IWM,-0.01871027,-0.0023185313,0.01639174,train,0.010211429
2018-11-08,SPY,-0.009816198,-0.05007519,0.04025899,train,0.11065625
2018-11-08,TLT,0.007438232,-0.010407144,0.017845377,train,0.01082339
2018-11-09,EFA,-0.016537217,-0.012225723,0.0043114945,train,-0.0009341836
2018-11-09,IWM,-0.019993681,0.029271973,0.049265653,train,-0.0023185313
2018-11-09,SPY,-0.018862024,-0.039800197,0.020938173,train,-0.05007519
2018-11-09,TLT,0.0065071555,0.009753708,0.0032465523,train,-0.010407144
2018-11-12,EFA,0.004319495,0.004166344,0.00015315088,train,-0.012225723
2018-11-12,IWM,-0.0031830852,0.086827025,0.09001011,train,0.029271973
2018-11-12,SPY,-0.0018727537,0.026075428,0.027948182,train,-0.039800197
2018-11-12,TLT,-0.00061353715,0.011612691,0.012226228,train,0.009753708
2018-11-13,EFA,0.00079805165,-0.0075168516,0.008314903,train,0.004166344
2018-11-13,IWM,-0.0073332842,0.022162946,0.02949623,train,0.086827025
2018-11-13,SPY,-0.0068599773,0.028776266,0.035636242,train,0.026075428
2018-11-13,TLT,0.00061353715,-0.009391713,0.010005251,train,0.011612691
2018-11-14,EFA,0.0031852468,0.015076073,0.011890826,train,-0.0075168516
2018-11-14,IWM,0.014151486,0.02236252,0.008211035,train,0.022162946
2018-11-14,SPY,0.0103824185,0.03044361,0.020061191,train,0.028776266
2018-11-14,TLT,-0.00043844912,-0.00802684,0.007588391,train,-0.009391713
2018-11-15,EFA,0.001112247,-0.023940964,0.02505321,train,0.015076073
2018-11-15,IWM,0.0023722195,-0.084543884,0.086916104,train,0.02236252
2018-11-15,SPY,0.0025973811,0.0071060006,0.004508619,train,0.03044361
2018-11-15,TLT,0.0057709944,-0.011049801,0.016820796,train,-0.00802684
2018-11-16,EFA,-0.008774076,-0.006748548,0.0020255279,train,-0.023940964
2018-11-16,IWM,-0.020479592,-0.0014989041,0.018980687,train,-0.084543884
2018-11-16,SPY,-0.01705947,-0.008588857,0.008470613,train,0.0071060006
2018-11-16,TLT,0.0027859025,0.006980432,0.0041945297,train,-0.011049801
2018-11-19,EFA,-0.017456345,-0.0067833867,0.010672959,train,-0.006748548
2018-11-19,IWM,-0.01946818,0.054701276,0.07416946,train,-0.0014989041
2018-11-19,SPY,-0.018679522,0.012834566,0.031514086,train,-0.008588857
2018-11-19,TLT,0.00034775384,0.0040705306,0.003722777,train,0.006980432
2018-11-20,EFA,0.013925291,-0.01434855,0.02827384,train,-0.0067833867
2018-11-20,IWM,0.01387702,0.068371296,0.054494277,train,0.054701276
2018-11-20,SPY,0.003401756,0.020977499,0.017575743,train,0.012834566
2018-11-20,TLT,-0.00034775384,-0.012339547,0.011991793,train,0.0040705306
2018-11-21,EFA,-0.0066147456,0.003139481,0.009754227,train,-0.01434855
2018-11-21,IWM,-0.0009460904,0.01983369,0.02077978,train,0.068371296
2018-11-21,SPY,-0.006700956,0.005668501,0.012369457,train,0.020977499
2018-11-21,TLT,0.0010426546,-0.02514388,0.026186535,train,-0.012339547
2018-11-23,EFA,0.0149412425,-0.018314233,0.033255477,train,0.003139481
2018-11-23,IWM,0.01289879,0.027489947,0.014591157,train,0.01983369
2018-11-23,SPY,0.016015261,0.016932512,0.0009172503,train,0.005668501
2018-11-23,TLT,-0.0022605015,-0.037157446,0.034896944,train,-0.02514388
2018-11-26,EFA,-0.0038344203,0.036427826,0.040262245,train,-0.018314233
2018-11-26,IWM,-0.008311405,-0.053783268,0.045471862,train,0.027489947
2018-11-26,SPY,0.0033587813,0.04515885,0.041800067,train,0.016932512
2018-11-26,TLT,0.0011310932,-0.034081243,0.035212338,train,-0.037157446
2018-11-27,EFA,0.014146245,0.04736118,0.033214934,train,0.036427826
2018-11-27,IWM,0.024402073,0.074918814,0.05051674,train,-0.053783268
2018-11-27,SPY,0.022764519,0.05561123,0.03284671,train,0.04515885
2018-11-27,TLT,-0.0048813913,-0.030288778,0.025407387,train,-0.034081243
2018-11-28,EFA,-0.005063219,0.023839077,0.028902296,train,0.04736118
2018-11-28,IWM,-0.0026969272,0.058832332,0.06152926,train,0.074918814
2018-11-28,SPY,-0.0021881107,0.082654625,0.084842734,train,0.05561123
2018-11-28,TLT,0.003924402,-0.01077188,0.014696281,train,-0.030288778
2018-11-29,EFA,-0.00429218,0.030828336,0.035120517,train,0.023839077
2018-11-29,IWM,0.0051896926,0.020616226,0.015426533,train,0.058832332
2018-11-29,SPY,0.0060770065,0.003632037,0.0024449695,train,0.082654625
2018-11-29,TLT,0.003735718,0.009658644,0.0059229257,train,-0.01077188
2018-11-30,EFA,0.01313621,0.022236489,0.009100279,train,0.030828336
2018-11-30,IWM,0.009520966,-0.0020358711,0.011556837,train,0.020616226
2018-11-30,SPY,0.013154565,0.01832036,0.005165794,train,0.003632037
2018-11-30,TLT,0.007075284,0.0103964,0.0033211154,train,0.009658644
2018-12-03,EFA,-0.026285905,0.04272178,0.06900768,train,0.022236489
2018-12-03,IWM,-0.043508284,-0.050676666,0.0071683824,train,-0.0020358711
2018-12-03,SPY,-0.032938525,0.0610189,0.093957424,train,0.01832036
2018-12-03,TLT,0.016602376,0.01298493,0.0036174469,train,0.0103964
2018-12-04,EFA,-0.009406531,-0.047182314,0.037775785,train,0.04272178
2018-12-04,IWM,-0.0021717525,-0.016572883,0.01440113,train,-0.050676666
2018-12-04,SPY,-0.0015186075,-0.05752085,0.056002244,train,0.0610189
2018-12-04,TLT,0.0031357382,-0.0022107977,0.0053465357,train,0.01298493
2018-12-06,EFA,-0.010154064,0.020209191,0.030363254,train,-0.047182314
2018-12-06,IWM,-0.021839758,-0.023018863,0.0011791047,train,-0.016572883
2018-12-06,SPY,-0.023510046,0.096888445,0.12039849,train,-0.05752085
2018-12-06,TLT,0.0018598251,-0.011491323,0.013351148,train,-0.0022107977
2018-12-07,EFA,-0.0077666407,0.0294038,0.03717044,train,0.020209191
2018-12-07,IWM,-0.0029205275,0.064992055,0.067912586,train,-0.023018863
2018-12-07,SPY,0.0018952138,-0.03734871,0.039243925,train,0.096888445
2018-12-07,TLT,0.004129512,0.00262752,0.0015019919,train,-0.011491323
2018-12-10,EFA,0.0031468507,0.03201639,0.028869538,train,0.0294038
2018-12-10,IWM,-0.0010452827,0.06320081,0.06424609,train,0.064992055
2018-12-10,SPY,0.00022700615,0.07213639,0.07190938,train,-0.03734871
2018-12-10,TLT,-0.00016825023,0.017117767,0.017286018,train,0.00262752
2018-12-11,EFA,0.014610877,0.019149108,0.0045382306,train,0.03201639
2018-12-11,IWM,0.009505266,0.06566714,0.056161873,train,0.06320081
2018-12-11,SPY,0.005022737,0.05743894,0.0524162,train,0.07213639
2018-12-11,TLT,-0.004468345,0.006745642,0.011213987,train,0.017117767
2018-12-12,EFA,-0.001794259,0.03485301,0.03664727,train,0.019149108
2018-12-12,IWM,-0.014256892,0.00510706,0.019363951,train,0.06566714
2018-12-12,SPY,-0.00033904726,0.039205655,0.0395447,train,0.05743894
2018-12-12,TLT,-0.0023684213,-0.010138469,0.0077700475,train,0.006745642
2018-12-13,EFA,-0.012981863,-0.048577964,0.035596102,train,0.03485301
2018-12-13,IWM,-0.015244585,0.0065607373,0.021805324,train,0.00510706
2018-12-13,SPY,-0.01863738,-0.006651286,0.011986094,train,0.039205655
2018-12-13,TLT,0.0034661978,-0.0075187758,0.010984974,train,-0.010138469
2018-12-14,EFA,-0.007970924,-0.050826892,0.04285597,train,-0.048577964
2018-12-14,IWM,-0.022522235,-0.03075782,0.008235585,train,0.0065607373
2018-12-14,SPY,-0.01981335,-0.01686236,0.0029509887,train,-0.006651286
2018-12-14,TLT,0.005807116,0.004938128,0.0008689882,train,-0.0075187758
2018-12-17,EFA,0.0008087442,-0.056452245,0.05726099,train,-0.050826892
2018-12-17,IWM,-0.0012415025,-0.016971445,0.015729941,train,-0.03075782
2018-12-17,SPY,-0.0010971572,0.0028903726,0.00398753,train,-0.01686236
2018-12-17,TLT,0.005971134,0.0071858913,0.0012147571,train,0.004938128
2018-12-18,EFA,-0.009644018,-0.07900612,0.069362104,train,-0.056452245
2018-12-18,IWM,-0.021045886,-0.06911748,0.048071593,train,-0.016971445
2018-12-18,SPY,-0.015088973,-0.043796398,0.028707426,train,0.0028903726
2018-12-18,TLT,0.013124049,-0.0005342178,0.0136582665,train,0.0071858913
2018-12-19,EFA,-0.0040884814,-0.05468481,0.05059633,train,-0.07900612
2018-12-19,IWM,-0.016629677,-0.010866968,0.0057627093,train,-0.06911748
2018-12-19,SPY,-0.016411839,0.082968995,0.099380836,train,-0.043796398
2018-12-19,TLT,-0.003637658,-0.028754259,0.0251166,train,-0.0005342178
2018-12-20,EFA,-0.01756549,-0.00804594,0.009519551,train,-0.05468481
2018-12-20,IWM,-0.02629309,-0.008849887,0.017443202,train,-0.010866968
2018-12-20,SPY,-0.020702336,0.099515155,0.12021749,train,0.082968995
2018-12-20,TLT,-0.00016583512,0.011032563,0.011198398,train,-0.028754259
2018-12-21,EFA,-0.01170852,-0.038769834,0.027061313,train,-0.00804594
2018-12-21,IWM,-0.019587783,0.03486839,0.054456174,train,-0.008849887
2018-12-21,SPY,-0.026778337,0.12754501,0.15432335,train,0.099515155
2018-12-21,TLT,0.0049581286,0.019957373,0.014999244,train,0.011032563
2018-12-24,EFA,0.0229375,-0.074013375,0.096950874,train,-0.038769834
2018-12-24,IWM,0.046942227,0.0059943963,0.040947832,train,0.03486839
2018-12-24,SPY,0.049289808,0.08850362,0.039213814,train,0.12754501
2018-12-24,TLT,-0.010773297,0.0040552975,0.014828594,train,0.019957373
2018-12-26,EFA,0.0029164527,0.017114887,0.014198435,train,-0.074013375
2018-12-26,IWM,0.0041604196,0.011881499,0.007721079,train,0.0059943963
2018-12-26,SPY,0.007648248,0.11705822,0.10940997,train,0.08850362
2018-12-26,TLT,0.00016672447,0.04225377,0.042087045,train,0.0040552975
2018-12-27,EFA,0.0052959234,-0.034422807,0.039718732,train,0.017114887
2018-12-27,IWM,0.0028645447,-0.041754752,0.044619296,train,0.011881499
2018-12-27,SPY,-0.0012909009,0.043060064,0.044350967,train,0.11705822
2018-12-27,TLT,0.008378553,0.014225798,0.0058472445,train,0.04225377
2018-12-28,EFA,0.0015323755,-0.01102791,0.012560286,train,-0.034422807
2018-12-28,IWM,0.007797147,-0.01813609,0.025933236,train,-0.041754752
2018-12-28,SPY,0.008720621,0.012896461,0.004175841,train,0.043060064
2018-12-28,TLT,0.0037929893,0.0060992613,0.002306272,train,0.014225798
2018-12-31,EFA,-0.0020436628,0.0055428557,0.0075865183,train,-0.01102791
2018-12-31,IWM,0.005659603,0.0070553776,0.0013957745,train,-0.01813609
2018-12-31,SPY,0.0010397194,0.077329755,0.076290034,train,0.012896461
2018-12-31,TLT,0.005253151,0.010234206,0.004981055,train,0.0060992613
2019-01-02,EFA,-0.009076062,-0.01767171,0.008595648,train,0.0055428557
2019-01-02,IWM,-0.0180589,0.0031070653,0.021165965,train,0.0070553776
2019-01-02,SPY,-0.024151992,0.041754335,0.06590633,train,0.077329755
2019-01-02,TLT,0.011315562,0.006269032,0.0050465297,train,0.010234206
2019-01-03,EFA,0.030161465,-0.04657101,0.07673247,train,-0.01767171
2019-01-03,IWM,0.036672678,-0.0013254564,0.037998132,train,0.0031070653
2019-01-03,SPY,0.03294714,-0.010506747,0.043453887,train,0.041754335
2019-01-03,TLT,-0.011643047,-0.04069817,0.029055122,train,0.006269032
2019-01-04,EFA,0.003831818,0.09862496,0.09479314,train,-0.04657101
2019-01-04,IWM,0.017342571,0.11296851,0.09562594,train,-0.0013254564
2019-01-04,SPY,0.007853361,0.209016,0.20116264,train,-0.010506747
2019-01-04,TLT,-0.0029527473,0.028364355,0.031317104,train,-0.04069817
2019-01-07,EFA,0.006463729,-0.05699466,0.06345839,train,0.09862496
2019-01-07,IWM,0.015214346,0.07799382,0.06277947,train,0.11296851
2019-01-07,SPY,0.009351757,0.057018556,0.0476668,train,0.209016
2019-01-07,TLT,-0.002631756,0.021214563,0.023846319,train,0.028364355
2019-01-08,EFA,0.011171564,-0.025080847,0.03625241,train,-0.05699466
2019-01-08,IWM,0.008221515,0.035404004,0.02718249,train,0.07799382
2019-01-08,SPY,0.0046624583,0.074000835,0.069338374,train,0.057018556
2019-01-08,TLT,-0.0015660017,0.007021809,0.008587811,train,0.021214563
2019-01-09,EFA,0.0039132326,-0.0046089413,0.008522173,train,-0.025080847
2019-01-09,IWM,0.005164946,-0.011298021,0.016462967,train,0.035404004
2019-01-09,SPY,0.0035214494,-0.0061503556,0.009671805,train,0.074000835
2019-01-09,TLT,-0.0064539867,-0.0036591843,0.0027948024,train,0.007021809
2019-01-10,EFA,-0.0068582394,-0.027547617,0.020689378,train,-0.0046089413
2019-01-10,IWM,0.00027817048,-0.0037337597,0.0040119304,train,-0.011298021
2019-01-10,SPY,0.00038595093,-0.0058466624,0.006232613,train,-0.0061503556
2019-01-10,TLT,0.003894045,-0.008174826,0.012068871,train,-0.0036591843
2019-01-11,EFA,-0.004598327,-0.04135651,0.036758184,train,-0.027547617
2019-01-11,IWM,-0.010002121,0.052106597,0.062108718,train,-0.0037337597
2019-01-11,SPY,-0.006119465,0.0068508107,0.012970276,train,-0.0058466624
2019-01-11,TLT,-0.0037281618,0.016907945,0.020636108,train,-0.008174826
2019-01-14,EFA,0.0052535743,-0.06911446,0.07436804,train,-0.04135651
2019-01-14,IWM,0.008400421,-0.061667092,0.07006751,train,0.052106597
2019-01-14,SPY,0.011395763,-0.070175484,0.08157124,train,0.0068508107
2019-01-14,TLT,-0.0036585988,-0.013388582,0.009729983,train,0.016907945
2019-01-15,EFA,0.0027797518,-0.02540982,0.028189572,train,-0.06911446
2019-01-15,IWM,0.0074315937,-0.085947275,0.09337887,train,-0.061667092
2019-01-15,SPY,0.0024169348,-0.017988004,0.020404939,train,-0.070175484
2019-01-15,TLT,0.000999142,-0.02356415,0.024563292,train,-0.013388582
2019-01-16,EFA,0.0035859342,-0.020123554,0.023709489,train,-0.02540982
2019-01-16,IWM,0.009023458,-0.07407108,0.08309454,train,-0.085947275
2019-01-16,SPY,0.00755772,-0.012278689,0.019836409,train,-0.017988004
2019-01-16,TLT,0.00024947428,-0.0068225143,0.0070719887,train,-0.02356415
2019-01-17,EFA,0.010037272,-0.033659384,0.043696657,train,-0.020123554
2019-01-17,IWM,0.010233123,-0.11151507,0.121748194,train,-0.07407108
2019-01-17,SPY,0.013222367,-0.010742342,0.023964709,train,-0.012278689
2019-01-17,TLT,-0.0052554314,-0.018989693,0.013734262,train,-0.0068225143
2019-01-18,EFA,-0.015584618,-0.020650158,0.00506554,train,-0.033659384
2019-01-18,IWM,-0.015940903,-0.03672996,0.020789059,train,-0.11151507
2019-01-18,SPY,-0.013602282,-0.054327585,0.040725302,train,-0.010742342
2019-01-18,TLT,0.006751592,-0.028928196,0.035679787,train,-0.018989693
2019-01-22,EFA,0.004570785,0.012997599,0.008426814,train,-0.020650158
2019-01-22,IWM,-0.0027624548,-0.06588574,0.063123286,train,-0.03672996
2019-01-22,SPY,0.0020900338,0.059255376,0.057165343,train,-0.054327585
2019-01-22,TLT,-0.00041502222,-0.008991405,0.008576383,train,-0.028928196
2019-01-23,EFA,0.0011393051,-0.009724408,0.010863714,train,0.012997599
2019-01-23,IWM,0.005998271,0.010087984,0.0040897126,train,-0.06588574
2019-01-23,SPY,0.00053145114,-0.036045708,0.036577158,train,0.059255376
2019-01-23,TLT,0.00654448,-0.02586125,0.03240573,train,-0.008991405
2019-01-24,EFA,0.01132321,0.018893374,0.0075701643,train,-0.009724408
2019-01-24,IWM,0.012773121,0.00880385,0.0039692707,train,0.010087984
2019-01-24,SPY,0.008425643,-0.014318355,0.022743998,train,-0.036045708
2019-01-24,TLT,-0.0048003905,-0.02196279,0.0171624,train,-0.02586125
2019-01-25,EFA,-0.0054837437,-0.021965059,0.016481314,train,0.018893374
2019-01-25,IWM,-0.005376056,0.040890753,0.04626681,train,0.00880385
2019-01-25,SPY,-0.007629027,-0.024004256,0.016375229,train,-0.014318355
2019-01-25,TLT,-0.0009961507,-0.026895935,0.025899785,train,-0.02196279
2019-01-28,EFA,0.002261646,0.031004468,0.028742822,train,-0.021965059
2019-01-28,IWM,-0.002391239,0.034403346,0.036794584,train,0.040890753
2019-01-28,SPY,-0.0013280665,-0.06375378,0.062425718,train,-0.024004256
2019-01-28,TLT,0.0050529265,-0.022710344,0.02776327,train,-0.026895935
2019-01-29,EFA,0.010913306,0.027516441,0.016603135,train,0.031004468
2019-01-29,IWM,0.010884662,0.029628675,0.018744014,train,0.034403346
2019-01-29,SPY,0.015706673,0.0247512,0.009044526,train,-0.06375378
2019-01-29,TLT,-0.0007438594,-0.01171569,0.01097183,train,-0.022710344
2019-01-30,EFA,0.00047873266,0.014694851,0.0142161185,train,0.027516441
2019-01-30,IWM,0.008488918,0.030606212,0.022117294,train,0.029628675
2019-01-30,SPY,0.00874433,-0.0265415,0.03528583,train,0.0247512
2019-01-30,TLT,0.008563438,-0.019856485,0.028419923,train,-0.01171569
2019-01-31,EFA,-0.0003190795,0.031130688,0.03144977,train,0.014694851
2019-01-31,IWM,0.00080429146,0.009668307,0.008864016,train,0.030606212
2019-01-31,SPY,0.0004812368,0.009221001,0.008739764,train,-0.0265415
2019-01-31,TLT,-0.0060583903,-0.009893367,0.0038349768,train,-0.019856485
2019-02-01,EFA,0.0036638812,0.03506364,0.031399757,train,0.031130688
2019-02-01,IWM,0.011861552,0.03658046,0.024718907,train,0.009668307
2019-02-01,SPY,0.0070111156,0.004581008,0.0024301074,train,0.009221001
2019-02-01,TLT,-0.0044740336,-0.0071424395,0.0026684059,train,-0.009893367
2019-02-04,EFA,0.0077611785,0.012604942,0.004843763,train,0.03506364
2019-02-04,IWM,0.0010591983,0.02140374,0.02034454,train,0.03658046
2019-02-04,SPY,0.0041830214,-0.017719151,0.021902174,train,0.004581008
2019-02-04,TLT,0.0045569497,-0.025663218,0.030220168,train,-0.0071424395
2019-02-05,EFA,-0.0050616134,0.040649235,0.045710847,train,0.012604942
2019-02-05,IWM,-0.0012581991,-0.025352381,0.024094183,train,0.02140374
2019-02-05,SPY,-0.0013190091,-0.021808678,0.020489668,train,-0.017719151
2019-02-05,TLT,0.00049573777,-0.0066803386,0.0071760765,train,-0.025663218
2019-02-06,EFA,-0.01341029,-0.02017172,0.0067614308,train,0.040649235
2019-02-06,IWM,-0.008249811,-0.016449932,0.008200121,train,-0.025352381
2019-02-06,SPY,-0.009578633,-0.028646119,0.019067485,train,-0.021808678
2019-02-06,TLT,0.006588295,-0.011858473,0.018446768,train,-0.0066803386
2019-02-07,EFA,-0.0032194278,-0.0026636366,0.0005557912,train,-0.02017172
2019-02-07,IWM,0.0010687369,-0.042126887,0.043195624,train,-0.016449932
2019-02-07,SPY,0.0012206684,-0.086352125,0.08757279,train,-0.028646119
2019-02-07,TLT,0.0042591104,-0.0022706045,0.006529715,train,-0.011858473
2019-02-08,EFA,-0.0009680431,-0.020326499,0.019358456,train,-0.0026636366
2019-02-08,IWM,0.008307266,-0.042115204,0.05042247,train,-0.042126887
2019-02-08,SPY,0.00055444834,-0.046903268,0.047457717,train,-0.086352125
2019-02-08,TLT,-0.0039308476,-0.021331841,0.017400993,train,-0.0022706045
2019-02-11,EFA,0.011553394,0.012109805,0.0005564112,train,-0.020326499
2019-02-11,IWM,0.012430496,0.07078441,0.058353916,train,-0.042115204
2019-02-11,SPY,0.012777517,0.014786115,0.0020085983,train,-0.046903268
2019-02-11,TLT,-0.0025468406,-0.020328812,0.017781971,train,-0.021331841
2019-02-12,EFA,0.00015950158,0.02101115,0.020851647,train,0.012109805
2019-02-12,IWM,0.0028066426,0.015942985,0.013136342,train,0.07078441
2019-02-12,SPY,0.003241762,0.03138145,0.028139688,train,0.014786115
2019-02-12,TLT,-0.003791936,-0.011717124,0.007925188,train,-0.020328812
2019-02-13,EFA,0.00031900202,0.019113919,0.018794917,train,0.02101115
2019-02-13,IWM,0.0022784006,0.026715051,0.02443665,train,0.015942985
2019-02-13,SPY,-0.0022206253,0.047693774,0.0499144,train,0.03138145
2019-02-13,TLT,0.005682296,-0.016394004,0.022076301,train,-0.011717124
2019-02-14,EFA,0.014407055,-0.018349675,0.03275673,train,0.019113919
2019-02-14,IWM,0.015807543,-0.016995795,0.032803338,train,0.026715051
2019-02-14,SPY,0.010838234,-0.035576083,0.046414316,train,0.047693774
2019-02-14,TLT,0.0015587052,-0.0022168304,0.0037755356,train,-0.016394004
2019-02-15,EFA,0.0037652734,0.016000936,0.012235662,train,-0.018349675
2019-02-15,IWM,0.0027490119,-0.03294392,0.03569293,train,-0.016995795
2019-02-15,SPY,0.0017293135,0.023354366,0.021625053,train,-0.035576083
2019-02-15,TLT,0.0025379304,-0.0020241207,0.004562051,train,-0.0022168304
2019-02-19,EFA,0.002814754,-0.018245991,0.021060746,train,0.016000936
2019-02-19,IWM,0.0047127632,-0.01386855,0.018581312,train,-0.03294392
2019-02-19,SPY,0.0020130998,0.024281431,0.02226833,train,0.023354366
2019-02-19,TLT,-0.0028661261,-0.010133064,0.007266938,train,-0.0020241207
2019-02-20,EFA,-0.0020320786,-0.003916329,0.0018842502,train,-0.018245991
2019-02-20,IWM,-0.0038197676,-0.006315886,0.0024961184,train,-0.01386855
2019-02-20,SPY,-0.0035622225,0.032756917,0.03631914,train,0.024281431
2019-02-20,TLT,-0.0089788465,-0.014497995,0.005519149,train,-0.010133064
2019-02-21,EFA,0.0032805335,0.011563564,0.00828303,train,-0.003916329
2019-02-21,IWM,0.0086367745,0.0019296808,0.0067070937,train,-0.006315886
2019-02-21,SPY,0.0061808666,0.009435434,0.0032545673,train,0.032756917
2019-02-21,TLT,0.005940254,-0.013315066,0.01925532,train,-0.014497995
2019-02-22,EFA,0.0029586928,0.016655685,0.013696993,train,0.011563564
2019-02-22,IWM,0.00025275743,-0.047077037,0.047329795,train,0.0019296808
2019-02-22,SPY,0.0013601116,0.014654361,0.013294249,train,0.009435434
2019-02-22,TLT,-0.0029660235,-0.007602008,0.0046359845,train,-0.013315066
2019-02-25,EFA,0.00480898,0.0036575175,0.0011514626,train,0.016655685
2019-02-25,IWM,-0.0069139637,0.022111312,0.029025275,train,-0.047077037
2019-02-25,SPY,-0.0007154801,0.023294538,0.024010018,train,0.014654361
2019-02-25,TLT,0.0049382667,-0.0015748397,0.0065131066,train,-0.007602008
2019-02-26,EFA,-0.0040317792,0.012398796,0.016430575,train,0.0036575175
2019-02-26,IWM,0.0013991324,0.03590975,0.034510616,train,0.022111312
2019-02-26,SPY,-0.0004294853,0.022733111,0.023162596,train,0.023294538
2019-02-26,TLT,-0.011393947,0.00093029835,0.012324245,train,-0.0015748397
2019-02-27,EFA,-0.0013994992,-0.02573291,0.024333412,train,0.012398796
2019-02-27,IWM,-0.0034386343,0.026541276,0.02997991,train,0.03590975
2019-02-27,SPY,-0.0018645567,0.018051682,0.019916238,train,0.022733111
2019-02-27,TLT,-0.0034104276,0.00564594,0.009056368,train,0.00093029835
2019-02-28,EFA,0.005431278,-0.024498856,0.029930133,train,-0.02573291
2019-02-28,IWM,0.009269718,0.040439807,0.031170089,train,0.026541276
2019-02-28,SPY,0.006224527,0.007232886,0.0010083588,train,0.018051682
2019-02-28,TLT,-0.009285951,-0.014216256,0.0049303053,train,0.00564594
2019-03-01,EFA,-0.0037211264,0.008918139,0.0126392655,train,-0.024498856
2019-03-01,IWM,-0.009078142,0.025405344,0.034483485,train,0.040439807
2019-03-01,SPY,-0.0036444864,0.06465033,0.068294816,train,0.007232886
2019-03-01,TLT,0.0078067617,-0.05171927,0.059526034,train,-0.014216256
2019-03-04,EFA,0.0009315988,-0.022614392,0.02354599,train,0.008918139
2019-03-04,IWM,-0.004666119,-0.021966157,0.01730004,train,0.025405344
2019-03-04,SPY,-0.0013608787,0.019880833,0.021241711,train,0.06465033
2019-03-04,TLT,0.002088353,-0.0062031127,0.008291466,train,-0.05171927
2019-03-05,EFA,-0.0024861214,-0.01507647,0.012590349,train,-0.022614392
2019-03-05,IWM,-0.019800013,0.003022341,0.022822354,train,-0.021966157
2019-03-05,SPY,-0.0060753035,-0.0005715792,0.0055037243,train,0.019880833
2019-03-05,TLT,0.0036650565,-0.0081596915,0.011824748,train,-0.0062031127
2019-03-06,EFA,-0.012838711,-0.023585903,0.0107471915,train,-0.01507647
2019-03-06,IWM,-0.008795659,-0.06868358,0.05988792,train,0.003022341
2019-03-06,SPY,-0.008400681,-0.010461813,0.0020611314,train,-0.0005715792
2019-03-06,TLT,0.006463788,-0.0020171306,0.008480919,train,-0.0081596915
2019-03-07,EFA,0.0001576898,0.0011230242,0.00096533436,train,-0.023585903
2019-03-07,IWM,-0.000263717,-0.017617939,0.017354222,train,-0.06868358
2019-03-07,SPY,-0.002001664,-0.03357677,0.031575106,train,-0.010461813
2019-03-07,TLT,0.00420428,-0.00062107947,0.0048253597,train,-0.0020171306
2019-03-08,EFA,0.008628167,-0.020965928,0.029594095,train,0.0011230242
2019-03-08,IWM,0.017324539,0.058470517,0.04114598,train,-0.017617939
2019-03-08,SPY,0.014396565,-0.022282029,0.036678594,train,-0.03357677
2019-03-08,TLT,-0.0029658957,0.013321739,0.016287634,train,-0.00062107947
2019-03-11,EFA,-0.0006250445,0.007813306,0.00843835,train,-0.020965928
2019-03-11,IWM,0.0005186333,-0.0509137,0.051432334,train,0.058470517
2019-03-11,SPY,0.0037641814,-0.06793222,0.0716964,train,-0.022282029
2019-03-11,TLT,0.0069879796,-0.02682162,0.033809602,train,0.013321739
2019-03-12,EFA,0.008559683,-0.043233126,0.051792808,train,0.007813306
2019-03-12,IWM,0.003943243,-0.03638605,0.040329292,train,-0.0509137
2019-03-12,SPY,0.006597349,-0.030472087,0.037069436,train,-0.06793222
2019-03-12,TLT,-0.0018856286,0.0033838153,0.0052694436,train,-0.02682162
2019-03-13,EFA,-0.00015502627,0.009371564,0.00952659,train,-0.043233126
2019-03-13,IWM,-0.004072903,-0.02859362,0.024520718,train,-0.03638605
2019-03-13,SPY,-0.00063970004,-0.01783491,0.01719521,train,-0.030472087
2019-03-13,TLT,-0.0072495933,-0.014593275,0.007343682,train,0.0033838153
2019-03-14,EFA,0.01079096,-0.042667836,0.053458795,train,0.009371564
2019-03-14,IWM,0.002652307,-0.055957332,0.05860964,train,-0.02859362
2019-03-14,SPY,0.0049282094,0.010015914,0.005087705,train,-0.01783491
2019-03-14,TLT,0.006592755,-0.006840288,0.013433043,train,-0.014593275
2019-03-15,EFA,0.0035203204,-0.011720723,0.015241043,train,-0.042667836
2019-03-15,IWM,0.006377011,-0.053949937,0.06032695,train,-0.055957332
2019-03-15,SPY,0.0036192571,-0.001625916,0.0052451733,train,0.010015914
2019-03-15,TLT,-0.00057516363,0.0030205427,0.0035957063,train,-0.006840288
2019-03-18,EFA,0.0019843124,-0.024978304,0.026962617,train,-0.011720723
2019-03-18,IWM,-0.005085134,-0.074947774,0.06986264,train,-0.053949937
2019-03-18,SPY,0.0002480925,-0.0021849172,0.0024330097,train,-0.001625916
2019-03-18,TLT,-0.0022215268,-0.017769461,0.015547935,train,0.0030205427
2019-03-19,EFA,0.00045749228,-0.01833058,0.018788071,train,-0.024978304
2019-03-19,IWM,-0.008369065,-0.039790943,0.031421877,train,-0.074947774
2019-03-19,SPY,-0.003014358,0.015611483,0.01862584,train,-0.0021849172
2019-03-19,TLT,0.010405915,-0.0047007324,0.015106647,train,-0.017769461
2019-03-20,EFA,-0.00061003625,-0.025451982,0.024841946,train,-0.01833058
2019-03-20,IWM,0.013029941,0.017170357,0.004140415,train,-0.039790943
2019-03-20,SPY,0.011231087,0.018754052,0.007522965,train,0.015611483
2019-03-20,TLT,0.0021985548,0.0035043191,0.0013057643,train,-0.0047007324
2019-03-21,EFA,-0.019403137,-0.024448114,0.0050449762,train,-0.025451982
2019-03-21,IWM,-0.037066653,0.0040281694,0.041094825,train,0.017170357
2019-03-21,SPY,-0.01943399,-0.0037392452,0.015694745,train,0.018754052
2019-03-21,TLT,0.015415527,0.0021490343,0.013266493,train,0.0035043191
2019-03-22,EFA,0.0013985559,0.02211623,0.020717675,train,-0.024448114
2019-03-22,IWM,0.0044009066,0.030148344,0.025747437,train,0.0040281694
2019-03-22,SPY,-0.000751713,-0.057398662,0.05664695,train,-0.0037392452
2019-03-22,TLT,0.0016002153,0.009804452,0.008204237,train,0.0021490343
2019-03-25,EFA,0.0049566277,-0.017698692,0.02265532,train,0.02211623
2019-03-25,IWM,0.010458868,0.0335885,0.02312963,train,0.030148344
2019-03-25,SPY,0.007425966,-0.009440233,0.0168662,train,-0.057398662
2019-03-25,TLT,-0.0007198804,-0.007984563,0.0072646826,train,0.009804452
2019-03-26,EFA,0.00046342443,-0.009134475,0.009597899,train,-0.017698692
2019-03-26,IWM,-0.003892072,0.042442165,0.046334237,train,0.0335885
2019-03-26,SPY,-0.0052429503,-0.06102065,0.0557777,train,-0.009440233
2019-03-26,TLT,0.009160221,-0.013294717,0.022454938,train,-0.007984563
2019-03-27,EFA,-0.002474131,-0.01824218,0.01576805,train,-0.009134475
2019-03-27,IWM,0.008884223,0.075881526,0.066997305,train,0.042442165
2019-03-27,SPY,0.0037836337,0.007450197,0.0036665632,train,-0.06102065
2019-03-27,TLT,0.0034823616,-0.01971914,0.023201503,train,-0.013294717
2019-03-28,EFA,0.004171398,-0.012457361,0.016628759,train,-0.01824218
2019-03-28,IWM,0.0030749303,0.052670687,0.04959576,train,0.075881526
2019-03-28,SPY,0.006285818,-0.032902405,0.03918822,train,0.007450197
2019-03-28,TLT,-0.00094805856,0.0049271956,0.005875254,train,-0.01971914
2019-03-29,EFA,0.012715754,-0.04894439,0.061660144,train,-0.012457361
2019-03-29,IWM,0.010849426,0.054211207,0.043361783,train,0.052670687
2019-03-29,SPY,0.01178921,-0.025523674,0.037312884,train,-0.032902405
2019-03-29,TLT,-0.014306318,0.0019558095,0.016262127,train,0.0049271956
2019-04-01,EFA,0.00030429222,-0.06068681,0.060991105,train,-0.04894439
2019-04-01,IWM,-0.002588022,-0.003547405,0.00095938286,train,0.054211207
2019-04-01,SPY,0.0004898135,-0.05028917,0.05077898,train,-0.025523674
2019-04-01,TLT,0.0018478602,-0.010173367,0.012021228,train,0.0019558095
2019-04-02,EFA,0.0077316402,-0.022352317,0.030083958,train,-0.06068681
2019-04-02,IWM,0.005169685,0.050011687,0.044842,train,-0.003547405
2019-04-02,SPY,0.0015723985,0.010097648,0.00852525,train,-0.05028917
2019-04-02,TLT,-0.0087056365,0.011002938,0.019708574,train,-0.010173367
2019-04-03,EFA,-0.002116625,-0.025480064,0.02336344,train,-0.022352317
2019-04-03,IWM,0.0048860195,0.022197928,0.017311908,train,0.050011687
2019-04-03,SPY,0.0026495345,-0.03549947,0.038149003,train,0.010097648
2019-04-03,TLT,0.0028297126,0.029397337,0.026567625,train,0.011002938
2019-04-04,EFA,0.0025694831,0.0049958574,0.0024263742,train,-0.025480064
2019-04-04,IWM,0.009320252,-0.008737048,0.0180573,train,0.022197928
2019-04-04,SPY,0.0048287464,-0.021286836,0.026115581,train,-0.03549947
2019-04-04,TLT,0.0012909379,0.013794045,0.012503107,train,0.029397337
2019-04-05,EFA,0.00060349214,0.0033340328,0.0027305407,train,0.0049958574
2019-04-05,IWM,-0.00165359,-0.016713262,0.015059671,train,-0.008737048
2019-04-05,SPY,0.00076211075,-0.028613169,0.02937528,train,-0.021286836
2019-04-05,TLT,-0.003554022,0.024178391,0.027732413,train,0.013794045
2019-04-08,EFA,-0.0063559073,-0.013113418,0.0067575104,train,0.0033340328
2019-04-08,IWM,-0.012295095,-0.009556336,0.002738759,train,-0.016713262
2019-04-08,SPY,-0.005138034,0.0181888,0.023326835,train,-0.028613169
2019-04-08,TLT,0.0031505958,0.002892362,0.00025823386,train,0.024178391
2019-04-09,EFA,0.0037881902,-0.034529045,0.038317237,train,-0.013113418
2019-04-09,IWM,0.013503822,-0.014174433,0.027678255,train,-0.009556336
2019-04-09,SPY,0.0034051233,0.0057456526,0.0023405293,train,0.0181888
2019-04-09,TLT,0.0024171488,0.01229858,0.009881431,train,0.002892362
2019-04-10,EFA,-0.002119687,-0.015852027,0.01373234,train,-0.034529045
2019-04-10,IWM,-0.0012724624,-0.0007166825,0.0005557799,train,-0.014174433
2019-04-10,SPY,-0.00027777904,0.030280264,0.030558042,train,0.0057456526
2019-04-10,TLT,-0.0058913967,-0.0006704645,0.005220932,train,0.01229858
2019-04-11,EFA,0.006947616,-0.03762403,0.044571646,train,-0.015852027
2019-04-11,IWM,0.0036216143,-0.009236098,0.012857713,train,-0.0007166825
2019-04-11,SPY,0.0067431866,0.008126764,0.001383577,train,0.030280264
2019-04-11,TLT,-0.0071483334,-0.028385561,0.021237228,train,-0.0006704645
2019-04-12,EFA,0.00045157186,-0.005040192,0.005491764,train,-0.03762403
2019-04-12,IWM,-0.0032394729,0.0055003976,0.00873987,train,-0.009236098
2019-04-12,SPY,-0.0006549275,0.026793247,0.027448175,train,0.008126764
2019-04-12,TLT,0.0025246686,-0.04882165,0.05134632,train,-0.028385561
2019-04-15,EFA,0.0007518126,-0.012531392,0.013283205,train,-0.005040192
2019-04-15,IWM,0.0023513476,0.023761962,0.021410614,train,0.0055003976
2019-04-15,SPY,0.0006549275,0.0042203106,0.0035653831,train,0.026793247
2019-04-15,TLT,-0.0062818164,-0.00090091815,0.0053808982,train,-0.04882165
2019-04-16,EFA,0.0028522387,-0.003205882,0.0060581206,train,-0.012531392
2019-04-16,IWM,-0.009182539,0.02514591,0.03432845,train,0.023761962
2019-04-16,SPY,-0.002449643,0.007183159,0.009632802,train,0.0042203106
2019-04-16,TLT,0.00040964715,-0.041704245,0.042113893,train,-0.00090091815
2019-04-17,EFA,-0.00059976213,-0.006491335,0.005891573,train,-0.003205882
2019-04-17,IWM,-0.002951313,0.053681485,0.0566328,train,0.02514591
2019-04-17,SPY,0.0019674867,-0.014514025,0.016481511,train,0.007183159
2019-04-17,TLT,0.005220945,-0.007738134,0.012959079,train,-0.041704245
2019-04-18,EFA,-0.0016513624,-0.007070953,0.0054195905,train,-0.006491335
2019-04-18,IWM,-0.0026376632,0.04567202,0.048309684,train,0.053681485
2019-04-18,SPY,0.00086119643,0.013773121,0.012911924,train,-0.014514025
2019-04-18,TLT,-0.004812224,0.0034722975,0.008284521,train,-0.007738134
2019-04-22,EFA,0.0019511117,-0.032595195,0.03454631,train,-0.007070953
2019-04-22,IWM,0.0149619775,0.00046226382,0.014499714,train,0.04567202
2019-04-22,SPY,0.008951579,-0.008478959,0.017430538,train,0.013773121
2019-04-22,TLT,0.0021233428,-0.027595395,0.029718738,train,0.0034722975
2019-04-23,EFA,-0.0069211973,-0.022607747,0.01568655,train,-0.032595195
2019-04-23,IWM,0.003104982,-0.010169748,0.01327473,train,0.00046226382
2019-04-23,SPY,-0.002221752,0.021944283,0.024166035,train,-0.008478959
2019-04-23,TLT,0.008125796,-0.018494183,0.026619978,train,-0.027595395
2019-04-24,EFA,-0.0007556043,-0.029224657,0.028469052,train,-0.022607747
2019-04-24,IWM,-0.0083227325,-0.02091289,0.012590157,train,-0.010169748
2019-04-24,SPY,-0.00061616016,-0.021665907,0.021049747,train,0.021944283
2019-04-24,TLT,-0.0014579082,-0.008338899,0.006880991,train,-0.018494183
2019-04-25,EFA,0.0040717376,-0.026687482,0.03075922,train,-0.029224657
2019-04-25,IWM,0.009650193,-0.06747333,0.07712352,train,-0.02091289
2019-04-25,SPY,0.0046457117,-0.0013233956,0.005969107,train,-0.021665907
2019-04-25,TLT,0.003398011,-0.023672087,0.027070098,train,-0.008338899
2019-04-26,EFA,0.004054943,-0.021488914,0.025543857,train,-0.026687482
2019-04-26,IWM,0.0047905543,-0.007051404,0.011841958,train,-0.06747333
2019-04-26,SPY,0.0015668183,0.009943327,0.008376509,train,-0.0013233956
2019-04-26,TLT,-0.006401472,-0.021026507,0.014625035,train,-0.023672087
2019-04-29,EFA,0.00059945404,-0.015113337,0.01571279,train,-0.021488914
2019-04-29,IWM,-0.0046643363,-0.022054313,0.017389975,train,-0.007051404
2019-04-29,SPY,0.0005100839,0.008684984,0.008174901,train,0.009943327
2019-04-29,TLT,0.005108463,-0.011164758,0.016273221,train,-0.021026507
2019-04-30,EFA,-0.0057083447,-0.012330174,0.0066218297,train,-0.015113337
2019-04-30,IWM,-0.0095212255,-0.043605104,0.03408388,train,-0.022054313
2019-04-30,SPY,-0.007544636,0.027112415,0.03465705,train,0.008684984
2019-04-30,TLT,0.00411655,-0.0112826405,0.015399191,train,-0.011164758
2019-05-01,EFA,-0.0015077923,-0.022205666,0.020697873,train,-0.012330174
2019-05-01,IWM,0.004645284,-0.012375612,0.017020896,train,-0.043605104
2019-05-01,SPY,-0.0021617971,-0.032955542,0.030793745,train,0.027112415
2019-05-01,TLT,-0.0047734,-0.013336815,0.008563415,train,-0.0112826405
2019-05-02,EFA,0.01065532,-0.019750586,0.030405905,train,-0.022205666
2019-05-02,IWM,0.01892833,-0.0061337915,0.025062121,train,-0.012375612
2019-05-02,SPY,0.009740675,-0.013291791,0.023032466,train,-0.032955542
2019-05-02,TLT,0.0028345822,-0.0247053,0.027539883,train,-0.013336815
2019-05-03,EFA,-0.011409714,-0.019401249,0.007991535,train,-0.019750586
2019-05-03,IWM,0.0011208612,0.022188686,0.021067824,train,-0.0061337915
2019-05-03,SPY,-0.0041237166,0.037531063,0.04165478,train,-0.013291791
2019-05-03,TLT,0.0027453077,-0.0061336686,0.008878976,train,-0.0247053
2019-05-06,EFA,-0.0176701,-0.048462063,0.030791963,train,-0.019401249
2019-05-06,IWM,-0.019985834,-0.016503446,0.0034823883,train,0.022188686
2019-05-06,SPY,-0.01684093,0.038004138,0.054845065,train,0.037531063
2019-05-06,TLT,0.0076323138,-0.013782327,0.021414641,train,-0.0061336686
2019-05-07,EFA,0.0012289224,-0.07010916,0.07133808,train,-0.048462063
2019-05-07,IWM,-0.00489984,-0.015635079,0.010735239,train,-0.016503446
2019-05-07,SPY,-0.0013899964,-0.067309834,0.06591984,train,0.038004138
2019-05-07,TLT,-0.004330651,-0.009146193,0.004815542,train,-0.013782327
2019-05-08,EFA,-0.004615504,-0.042539656,0.037924152,train,-0.07010916
2019-05-08,IWM,-0.0036430133,0.02588062,0.029523633,train,-0.015635079
2019-05-08,SPY,-0.003030089,-0.024625788,0.021595698,train,-0.067309834
2019-05-08,TLT,0.0040906044,-0.018475702,0.022566307,train,-0.009146193
2019-05-09,EFA,0.007374384,-0.04807406,0.055448443,train,-0.042539656
2019-05-09,IWM,0.0027494612,0.0055862586,0.0028367974,train,0.02588062
2019-05-09,SPY,0.005010349,-0.019487692,0.024498042,train,-0.024625788
2019-05-09,TLT,-0.0013617505,-0.013671755,0.012310004,train,-0.018475702
2019-05-10,EFA,-0.02354143,-0.019345589,0.004195841,train,-0.04807406
2019-05-10,IWM,-0.032379247,0.037954435,0.07033368,train,0.0055862586
2019-05-10,SPY,-0.025451198,0.0071757697,0.032626968,train,-0.019487692
2019-05-10,TLT,0.007825083,-0.01303711,0.020862192,train,-0.013671755
2019-05-13,EFA,0.009979861,-0.048068702,0.05804856,train,-0.019345589
2019-05-13,IWM,0.012517975,-0.01355326,0.026071236,train,0.037954435
2019-05-13,SPY,0.009003312,-0.051813774,0.060817085,train,0.0071757697
2019-05-13,TLT,-0.0029472758,-0.007893503,0.004946227,train,-0.01303711
2019-05-14,EFA,0.0035623035,-0.021167127,0.02472943,train,-0.048068702
2019-05-14,IWM,0.0032509274,-0.009422289,0.012673217,train,-0.01355326
2019-05-14,SPY,0.005840103,-0.0074602608,0.013300364,train,-0.051813774
2019-05-14,TLT,0.0061235446,-0.01993279,0.026056334,train,-0.007893503
2019-05-15,EFA,0.008007279,-0.036435373,0.044442654,train,-0.021167127
2019-05-15,IWM,0.00621279,-0.019287609,0.025500398,train,-0.009422289
2019-05-15,SPY,0.00921849,-0.0005905479,0.009809038,train,-0.0074602608
2019-05-15,TLT,-0.003335767,-0.0039895424,0.0006537754,train,-0.01993279
2019-05-16,EFA,-0.0066169365,-0.024956768,0.018339831,train,-0.036435373
2019-05-16,IWM,-0.014033237,0.011474086,0.025507323,train,-0.019287609
2019-05-16,SPY,-0.0064860024,0.013798258,0.020284262,train,-0.0005905479
2019-05-16,TLT,0.0022250805,-0.014935761,0.01716084,train,-0.0039895424
2019-05-17,EFA,-0.0040221317,-0.012633899,0.008611768,train,-0.024956768
2019-05-17,IWM,-0.0069595333,0.0005385671,0.0074981004,train,0.011474086
2019-05-17,SPY,-0.006633757,-0.005545644,0.0010881131,train,0.013798258
2019-05-17,TLT,-0.0020655824,-0.012949771,0.010884189,train,-0.014935761
2019-05-20,EFA,0.0066434434,-0.024557453,0.031200897,train,-0.012633899
2019-05-20,IWM,0.013350834,-0.08147243,0.09482326,train,0.0005385671
2019-05-20,SPY,0.00897493,-0.021052372,0.030027302,train,-0.005545644
2019-05-20,TLT,-0.0015919994,-0.015584206,0.013992207,train,-0.012949771
2019-05-21,EFA,-0.0040116543,0.01300637,0.017018024,train,-0.024557453
2019-05-21,IWM,-0.008421819,0.04657679,0.05499861,train,-0.08147243
2019-05-21,SPY,-0.003076022,0.0013978023,0.004473824,train,-0.021052372
2019-05-21,TLT,0.005719346,-0.015452016,0.021171361,train,-0.015584206
2019-05-22,EFA,-0.009163793,-0.00034430902,0.008819484,train,0.01300637
2019-05-22,IWM,-0.020800974,-0.022254528,0.0014535543,train,0.04657679
2019-05-22,SPY,-0.01229355,-0.0043494813,0.007944069,train,0.0013978023
2019-05-22,TLT,0.011184653,-0.0047710645,0.015955718,train,-0.015452016
2019-05-23,EFA,0.010708491,-0.009469346,0.020177837,train,-0.00034430902
2019-05-23,IWM,0.00932774,0.0027544368,0.0065733036,train,-0.022254528
2019-05-23,SPY,0.0022653332,0.013735572,0.011470239,train,-0.0043494813
2019-05-23,TLT,0.00086111453,-0.001333369,0.0021944835,train,-0.0047710645
2019-05-24,EFA,-0.009772752,0.025673997,0.03544675,train,-0.009469346
2019-05-24,IWM,-0.0079897875,0.004697934,0.012687721,train,0.0027544368
2019-05-24,SPY,-0.009344178,0.024333596,0.033677775,train,0.013735572
2019-05-24,TLT,0.0071742255,-0.0245357,0.031709924,train,-0.001333369
2019-05-28,EFA,-0.006411686,-0.049496993,0.043085307,train,0.025673997
2019-05-28,IWM,-0.008391388,0.015082896,0.023474284,train,0.004697934
2019-05-28,SPY,-0.0067331344,0.0029475382,0.009680673,train,0.024333596
2019-05-28,TLT,0.003025599,-0.020219877,0.023245476,train,-0.0245357
2019-05-29,EFA,0.0037581979,0.0037696734,1.1475524e-05,train,-0.049496993
2019-05-29,IWM,-0.0027677582,0.019328298,0.022096056,train,0.015082896
2019-05-29,SPY,0.0027275137,0.044014245,0.041286733,train,0.0029475382
2019-05-29,TLT,0.008561824,-0.040803775,0.0493656,train,-0.020219877
2019-05-30,EFA,-0.009106656,-0.0060461033,0.0030605523,train,0.0037696734
2019-05-30,IWM,-0.014091605,0.0074393153,0.02153092,train,0.019328298
2019-05-30,SPY,-0.013566942,0.019158242,0.032725185,train,0.044014245
2019-05-30,TLT,0.012441656,-0.0253552,0.037796855,train,-0.040803775
2019-05-31,EFA,0.005818858,0.0034558252,0.0023630327,train,-0.0060461033
2019-05-31,IWM,0.003490337,-0.009458171,0.012948508,train,0.0074393153
2019-05-31,SPY,-0.0025462678,0.022615727,0.025161995,train,0.019158242
2019-05-31,TLT,0.006666732,-0.024349742,0.031016473,train,-0.0253552
2019-06-03,EFA,0.011382477,0.044657998,0.033275522,train,0.0034558252
2019-06-03,IWM,0.025563521,0.03159517,0.006031649,train,-0.009458171
2019-06-03,SPY,0.021474365,0.017833004,0.0036413614,train,0.022615727
2019-06-03,TLT,-0.011467075,-0.026769208,0.015302133,train,-0.024349742
2019-06-04,EFA,-0.0003101477,0.018701287,0.019011434,train,0.044657998
2019-06-04,IWM,0.00019982173,0.035237372,0.03503755,train,0.03159517
2019-06-04,SPY,0.0086249355,0.043200023,0.03457509,train,0.017833004
2019-06-04,TLT,-0.0056678527,0.0063829375,0.012050791,train,-0.026769208
2019-06-05,EFA,0.0040242183,-0.006561593,0.010585811,train,0.018701287
2019-06-05,IWM,-0.002600358,0.011705361,0.014305719,train,0.035237372
2019-06-05,SPY,0.0064818747,0.034184188,0.027702313,train,0.043200023
2019-06-05,TLT,0.0032209395,-0.0089356955,0.0121566355,train,0.0063829375
2019-06-06,EFA,0.01258639,0.00217271,0.01041368,train,-0.006561593
2019-06-06,IWM,0.007051422,0.013944628,0.006893206,train,0.011705361
2019-06-06,SPY,0.009956737,0.03182166,0.021864925,train,0.034184188
2019-06-06,TLT,0.008614221,0.019548772,0.010934551,train,-0.0089356955
2019-06-07,EFA,0.0027420814,-0.0020222906,0.004764372,train,0.00217271
2019-06-07,IWM,0.0058821766,0.003784909,0.0020972677,train,0.013944628
2019-06-07,SPY,0.0045785424,0.019503491,0.014924949,train,0.03182166
2019-06-07,TLT,-0.009456641,0.00365136,0.013108001,train,0.019548772
2019-06-10,EFA,0.005007109,-0.010190759,0.0151978675,train,-0.0020222906
2019-06-10,IWM,-0.0029695255,-0.008022738,0.005053212,train,0.003784909
2019-06-10,SPY,-0.00024192502,-0.009456436,0.009214511,train,0.019503491
2019-06-10,TLT,0.0006123991,-0.057926916,0.058539316,train,0.00365136
2019-06-11,EFA,-0.007444079,0.013358168,0.020802248,train,-0.010190759
2019-06-11,IWM,0.0011227598,0.006519297,0.0053965375,train,-0.008022738
2019-06-11,SPY,-0.0017675117,0.0044845715,0.006252083,train,-0.009456436
2019-06-11,TLT,0.0007654488,0.017235145,0.016469697,train,-0.057926916
2019-06-12,EFA,0.0009144881,0.009769059,0.008854571,train,0.013358168
2019-06-12,IWM,0.010507643,0.02325196,0.012744317,train,0.006519297
2019-06-12,SPY,0.0041183336,0.022594128,0.018475793,train,0.0044845715
2019-06-12,TLT,0.0034378509,0.01915995,0.0157221,train,0.017235145
2019-06-13,EFA,-0.0073394286,0.00439752,0.011736948,train,0.009769059
2019-06-13,IWM,-0.008792755,0.018852504,0.02764526,train,0.02325196
2019-06-13,SPY,-0.0011055738,0.042058527,0.0431641,train,0.022594128
2019-06-13,TLT,0.0025133006,0.013068048,0.010554748,train,0.01915995
2019-06-14,EFA,0.0007210891,-0.02426391,0.024984999,train,0.00439752
2019-06-14,IWM,0.0068748295,-0.033055596,0.039930426,train,0.018852504
2019-06-14,SPY,0.00038010228,0.039233536,0.038853433,train,0.042058527
2019-06-14,TLT,0.0017482106,-0.0007915301,0.0025397409,train,0.013068048
2019-06-17,EFA,0.013228622,-0.0023871877,0.01561581,train,-0.02426391
2019-06-17,IWM,0.011559427,0.019969309,0.008409882,train,-0.033055596
2019-06-17,SPY,0.010416756,0.013788449,0.0033716923,train,0.039233536
2019-06-17,TLT,0.0049993536,0.0009070514,0.004092302,train,-0.0007915301
2019-06-18,EFA,0.0061650705,0.011624983,0.005459912,train,-0.0023871877
2019-06-18,IWM,0.0035646388,-0.003946067,0.007510706,train,0.019969309
2019-06-18,SPY,0.00225424,0.027490327,0.025236087,train,0.013788449
2019-06-18,TLT,0.0014342691,0.011309702,0.009875433,train,0.0009070514
2019-06-19,EFA,0.0087204315,-0.0042883484,0.01300878,train,0.011624983
2019-06-19,IWM,0.004711859,0.017409535,0.012697676,train,-0.003946067
2019-06-19,SPY,0.009509499,-0.020635614,0.030145112,train,0.027490327
2019-06-19,TLT,0.0026374697,0.017600091,0.014962621,train,0.011309702
2019-06-20,EFA,-0.0042741527,-0.022053761,0.01777961,train,-0.0042883484
2019-06-20,IWM,-0.008666404,0.015132684,0.023799088,train,0.017409535
2019-06-20,SPY,-0.0014548308,0.009244485,0.010699316,train,-0.020635614
2019-06-20,TLT,-0.011047486,0.008882565,0.019930052,train,0.017600091
2019-06-21,EFA,0.0021392542,0.021778202,0.019638948,train,-0.022053761
2019-06-21,IWM,-0.012221416,0.01806887,0.030290287,train,0.015132684
2019-06-21,SPY,-0.0012252941,-0.07774065,0.076515354,train,0.009244485
2019-06-21,TLT,0.00742861,-0.009491038,0.016919648,train,0.008882565
2019-06-24,EFA,-0.0059709838,0.012238258,0.018209241,train,0.021778202
2019-06-24,IWM,-0.006134115,0.020874439,0.027008554,train,0.01806887
2019-06-24,SPY,-0.009856432,-0.044236846,0.034380414,train,-0.07774065
2019-06-24,TLT,0.003092077,0.0009739008,0.0021181763,train,-0.009491038
2019-06-25,EFA,0.0012276128,0.018389562,0.017161949,train,0.012238258
2019-06-25,IWM,-0.0023175995,0.06452932,0.06684692,train,0.020874439
2019-06-25,SPY,-0.0009977093,0.02504875,0.026046459,train,-0.044236846
2019-06-25,TLT,-0.006420574,-0.011835389,0.0054148147,train,0.0009739008
2019-06-26,EFA,0.002450996,-0.002453723,0.004904719,train,0.018389562
2019-06-26,IWM,0.018592393,0.049201943,0.03060955,train,0.06452932
2019-06-26,SPY,0.0035394246,0.02127523,0.017735805,train,0.02504875
2019-06-26,TLT,0.007022488,-0.045269415,0.052291904,train,-0.011835389
2019-06-27,EFA,0.0056451214,0.0052886866,0.00035643484,train,-0.002453723
2019-06-27,IWM,0.012098638,0.04572525,0.03362661,train,0.049201943
2019-06-27,SPY,0.0051329825,0.034618266,0.029485283,train,0.02127523
2019-06-27,TLT,-0.0006773524,0.0076567642,0.008334117,train,-0.045269415
2019-06-28,EFA,0.0047052824,0.015483504,0.010778222,train,0.0052886866
2019-06-28,IWM,0.0038509618,-0.010766697,0.014617659,train,0.04572525
2019-06-28,SPY,0.009037224,9.1152266e-05,0.008946071,train,0.034618266
2019-06-28,TLT,-0.002341631,-0.009343527,0.0070018964,train,0.0076567642
2019-07-01,EFA,0.002872834,0.02266104,0.019788206,train,0.015483504
2019-07-01,IWM,-0.0061039743,-0.046918496,0.040814523,train,-0.010766697
2019-07-01,SPY,0.0026009334,-0.04442726,0.047028195,train,9.1152266e-05
2019-07-01,TLT,0.0076837447,-0.031155923,0.038839668,train,-0.009343527
2019-07-02,EFA,0.006771521,0.02618964,0.019418119,train,0.02266104
2019-07-02,IWM,0.007128582,-0.006500814,0.0136293955,train,-0.046918496
2019-07-02,SPY,0.007963551,0.007699784,0.00026376732,train,-0.04442726
2019-07-02,TLT,0.007103733,0.0006373413,0.0064663915,train,-0.031155923
2019-07-03,EFA,-0.007677888,0.007119715,0.014797604,train,0.02618964
2019-07-03,IWM,0.0026842132,-0.042309903,0.044994116,train,-0.006500814
2019-07-03,SPY,-0.0011386831,0.022781877,0.02392056,train,0.007699784
2019-07-03,TLT,-0.013351692,0.0071637835,0.020515475,train,0.0006373413
2019-07-05,EFA,-0.0057592476,0.033883296,0.039642543,train,0.007119715
2019-07-05,IWM,-0.009555457,-0.025600558,0.016045101,train,-0.042309903
2019-07-05,SPY,-0.005510056,0.010089319,0.015599376,train,0.022781877
2019-07-05,TLT,0.0013585308,-0.03590139,0.03725992,train,0.0071637835
2019-07-08,EFA,-0.004265249,0.014940677,0.019205926,train,0.033883296
2019-07-08,IWM,0.0013523676,0.03696014,0.035607774,train,-0.025600558
2019-07-08,SPY,0.0012461145,0.028771713,0.027525598,train,0.010089319
2019-07-08,TLT,-0.0003770378,-0.011696111,0.011319074,train,-0.03590139
2019-07-09,EFA,0.003504865,-0.014750397,0.018255262,train,0.014940677
2019-07-09,IWM,0.0017359687,0.020357152,0.018621184,train,0.03696014
2019-07-09,SPY,0.0047662295,-0.020099452,0.024865681,train,0.028771713
2019-07-09,TLT,-0.0055224425,-0.014685268,0.009162825,train,-0.011696111
2019-07-10,EFA,-0.00030418907,-0.0037313711,0.003427182,train,-0.014750397
2019-07-10,IWM,-0.004894093,0.00026361085,0.005157704,train,0.020357152
2019-07-10,SPY,0.002341992,-0.004889002,0.0072309943,train,-0.020099452
2019-07-10,TLT,-0.013440188,-0.028051812,0.014611624,train,-0.014685268
2019-07-11,EFA,0.0012165521,0.005872982,0.00465643,train,-0.0037313711
2019-07-11,IWM,0.0077162096,0.012864349,0.00514814,train,0.00026361085
2019-07-11,SPY,0.004466881,0.006060533,0.0015936522,train,-0.004889002
2019-07-11,TLT,0.0011521785,-0.019765439,0.020917617,train,-0.028051812
2019-07-12,EFA,0.0009112511,-0.008220773,0.009132024,train,0.005872982
2019-07-12,IWM,-0.0052662757,0.0029697418,0.008236017,train,0.012864349
2019-07-12,SPY,0.0003322987,0.010509729,0.010177431,train,0.006060533
2019-07-12,TLT,0.005743456,-0.0033263876,0.009069843,train,-0.019765439
2019-07-15,EFA,-0.0041080294,-0.019952448,0.01584442,train,-0.008220773
2019-07-15,IWM,-0.00032198327,-0.055998757,0.055676773,train,0.0029697418
2019-07-15,SPY,-0.0032303885,0.0049247313,0.00815512,train,0.010509729
2019-07-15,TLT,-0.002982785,0.014547655,0.017530441,train,-0.0033263876
2019-07-16,EFA,-0.0013730315,-0.014673067,0.013300036,train,-0.019952448
2019-07-16,IWM,-0.007175804,-0.017162181,0.009986377,train,-0.055998757
2019-07-16,SPY,-0.0068283635,0.013192149,0.020020513,train,0.0049247313
2019-07-16,TLT,0.010740537,-0.020885445,0.031625982,train,0.014547655
2019-07-17,EFA,0.0030488358,-0.024650501,0.027699336,train,-0.014673067
2019-07-17,IWM,0.003756028,-0.027943002,0.03169903,train,-0.017162181
2019-07-17,SPY,0.0036543384,0.025251197,0.021596858,train,0.013192149
2019-07-17,TLT,7.561894e-05,0.00856883,0.008493211,train,-0.020885445
2019-07-18,EFA,-0.002896254,-0.02514761,0.022251356,train,-0.024650501
2019-07-18,IWM,-0.005769351,-0.015202761,0.009433409,train,-0.027943002
2019-07-18,SPY,-0.005570416,-0.01921689,0.013646474,train,0.025251197
2019-07-18,TLT,-0.0023511893,-0.00058212224,0.001769067,train,0.00856883
2019-07-19,EFA,0.0010679134,-0.033326328,0.034394242,train,-0.02514761
2019-07-19,IWM,-0.000910674,-0.066410646,0.06549997,train,-0.015202761
2019-07-19,SPY,0.002453326,0.04483693,0.042383604,train,-0.01921689
2019-07-19,TLT,0.0018966914,-0.009060562,0.010957253,train,-0.00058212224
2019-07-22,EFA,0.006232542,-0.02390806,0.030140601,train,-0.033326328
2019-07-22,IWM,0.0066153095,-0.040184565,0.046799876,train,-0.066410646
2019-07-22,SPY,0.007124624,0.027574677,0.020450052,train,0.04483693
2019-07-22,TLT,-0.0054719755,-0.0034580475,0.002013928,train,-0.009060562
2019-07-23,EFA,0.00075757405,-0.01082824,0.011585814,train,-0.02390806
2019-07-23,IWM,0.01641266,0.007652225,0.0087604355,train,-0.040184565
2019-07-23,SPY,0.0046885423,0.024615908,0.019927366,train,0.027574677
2019-07-23,TLT,0.0043344065,-0.021554258,0.025888665,train,-0.0034580475
2019-07-24,EFA,-0.010197284,-0.025187617,0.0149903335,train,-0.01082824
2019-07-24,IWM,-0.012155412,0.023186246,0.035341658,train,0.007652225
2019-07-24,SPY,-0.00478828,-0.0109144095,0.0061261295,train,0.024615908
2019-07-24,TLT,-0.004791677,-0.014808078,0.010016401,train,-0.021554258
2019-07-25,EFA,0.0019866724,-0.029414156,0.03140083,train,-0.025187617
2019-07-25,IWM,0.011773776,0.02936112,0.017587343,train,0.023186246
2019-07-25,SPY,0.006677464,0.005638378,0.0010390859,train,-0.0109144095
2019-07-25,TLT,0.0023604683,0.004321711,0.0019612429,train,-0.014808078
2019-07-26,EFA,0.0021351536,-0.021663858,0.023799011,train,-0.029414156
2019-07-26,IWM,-0.0067018806,-0.0015172511,0.0051846295,train,0.02936112
2019-07-26,SPY,-0.0018227113,0.004989667,0.0068123783,train,0.005638378
2019-07-26,TLT,0.0003041982,-0.013543578,0.013847776,train,0.004321711
2019-07-29,EFA,-0.011645889,-0.025845313,0.014199425,train,-0.021663858
2019-07-29,IWM,0.01076482,0.023378564,0.0126137445,train,-0.0015172511
2019-07-29,SPY,-0.0024579705,-0.031029876,0.028571906,train,0.004989667
2019-07-29,TLT,0.0024302602,-0.0135657145,0.015995976,train,-0.013543578
2019-07-30,EFA,-0.0066496925,-0.027156198,0.020506505,train,-0.025845313
2019-07-30,IWM,-0.008142134,0.036221348,0.044363484,train,0.023378564
2019-07-30,SPY,-0.011000481,-0.015628777,0.004628296,train,-0.031029876
2019-07-30,TLT,0.008008796,-0.008337945,0.016346741,train,-0.0135657145
2019-07-31,EFA,-0.002796912,-0.020077296,0.017280383,train,-0.027156198
2019-07-31,IWM,-0.014605767,0.13861845,0.15322421,train,0.036221348
2019-07-31,SPY,-0.008746099,0.014093282,0.02283938,train,-0.015628777
2019-07-31,TLT,0.019665176,-0.010115415,0.02978059,train,-0.008337945
2019-08-01,EFA,-0.008908152,-0.040696763,0.03178861,train,-0.020077296
2019-08-01,IWM,-0.011144771,-0.007936699,0.003208072,train,0.13861845
2019-08-01,SPY,-0.007558025,0.02094482,0.028502846,train,0.014093282
2019-08-01,TLT,0.009199341,0.009974207,0.00077486597,train,-0.010115415
2019-08-02,EFA,-0.02527749,-0.03176724,0.006489752,train,-0.040696763
2019-08-02,IWM,-0.030476913,0.011176521,0.041653432,train,-0.007936699
2019-08-02,SPY,-0.030534655,0.042932376,0.07346703,train,0.02094482
2019-08-02,TLT,0.017140573,-0.00978302,0.026923593,train,0.009974207
2019-08-05,EFA,0.006739307,-0.022002442,0.028741749,train,-0.03176724
2019-08-05,IWM,0.0091474345,-0.008266559,0.017413992,train,0.011176521
2019-08-05,SPY,0.013925482,0.021837162,0.00791168,train,0.042932376
2019-08-05,TLT,0.007960937,-0.0018837759,0.009844713,train,-0.00978302
2019-08-06,EFA,0.003830833,-0.03200665,0.035837483,train,-0.022002442
2019-08-06,IWM,-0.00026793944,-0.0018218141,0.0015538747,train,-0.008266559
2019-08-06,SPY,0.00059035805,0.0010661818,0.00047582376,train,0.021837162
2019-08-06,TLT,0.00035779155,-0.016118245,0.016476037,train,-0.0018837759
2019-08-07,EFA,0.0096711125,-0.053513236,0.06318435,train,-0.03200665
2019-08-07,IWM,0.02133535,0.028219448,0.006884098,train,-0.0018218141
2019-08-07,SPY,0.01943026,-0.045179926,0.06461018,train,0.0010661818
2019-08-07,TLT,0.00213987,-0.0063645,0.00850437,train,-0.016118245
2019-08-08,EFA,-0.0069665397,-0.034296,0.02732946,train,-0.053513236
2019-08-08,IWM,-0.01266705,0.0062321294,0.01889918,train,0.028219448
2019-08-08,SPY,-0.006834684,0.033253796,0.040088482,train,-0.045179926
2019-08-08,TLT,-0.0019976695,-0.0010454739,0.0009521956,train,-0.0063645
2019-08-09,EFA,-0.007975751,-0.026502807,0.018527057,train,-0.034296
2019-08-09,IWM,-0.013030903,-0.020518197,0.0074872933,train,0.0062321294
2019-08-09,SPY,-0.012248181,-0.016839713,0.004591532,train,0.033253796
2019-08-09,TLT,0.0206351,0.028173177,0.0075380765,train,-0.0010454739
2019-08-12,EFA,0.009404661,-0.038695835,0.048100494,train,-0.026502807
2019-08-12,IWM,0.010704478,-0.057098046,0.067802526,train,-0.020518197
2019-08-12,SPY,0.015432174,-0.01099981,0.026431985,train,-0.016839713
2019-08-12,TLT,-0.0034331074,-0.074168496,0.07073539,train,0.028173177
2019-08-13,EFA,-0.027830852,-0.012884613,0.014946239,train,-0.038695835
2019-08-13,IWM,-0.0283474,-0.04560163,0.01725423,train,-0.057098046
2019-08-13,SPY,-0.030013397,0.011988816,0.042002212,train,-0.01099981
2019-08-13,TLT,0.02227952,-0.029398302,0.051677823,train,-0.074168496
2019-08-14,EFA,0.003419818,-0.06548275,0.06890257,train,-0.012884613
2019-08-14,IWM,-0.003978638,-0.057286114,0.053307474,train,-0.04560163
2019-08-14,SPY,0.0026382501,-0.06582952,0.06846777,train,0.011988816
2019-08-14,TLT,0.011058249,-0.09970115,0.1107594,train,-0.029398302
2019-08-15,EFA,0.0119586745,-0.029632641,0.041591316,train,-0.06548275
2019-08-15,IWM,0.0213526,0.0023894738,0.018963126,train,-0.057286114
2019-08-15,SPY,0.014646914,0.009689642,0.0049572717,train,-0.06582952
2019-08-15,TLT,-0.00804289,-0.0908853,0.08284241,train,-0.09970115
2019-08-16,EFA,0.0060859895,-0.04191214,0.047998127,train,-0.029632641
2019-08-16,IWM,0.0100413505,-0.013425538,0.023466889,train,0.0023894738
2019-08-16,SPY,0.011975998,0.047882505,0.03590651,train,0.009689642
2019-08-16,TLT,-0.014405097,-0.005320764,0.009084333,train,-0.0908853
2019-08-19,EFA,-0.003358855,-0.03436604,0.031007186,train,-0.04191214
2019-08-19,IWM,-0.006549054,-0.006537305,1.1748634e-05,train,-0.013425538
2019-08-19,SPY,-0.007692009,0.042978942,0.05067095,train,0.047882505
2019-08-19,TLT,0.010290657,-0.01743128,0.027721938,train,-0.005320764
2019-08-20,EFA,0.00702452,-0.06779507,0.07481959,train,-0.03436604
2019-08-20,IWM,0.008212982,0.024858473,0.016645491,train,-0.006537305
2019-08-20,SPY,0.008102515,-0.00668375,0.014786265,train,0.042978942
2019-08-20,TLT,-0.006687285,-0.03131625,0.024628965,train,-0.01743128
2019-08-21,EFA,-0.0019108765,-0.037739523,0.035828646,train,-0.06779507
2019-08-21,IWM,-0.0023302527,-0.0110578565,0.008727604,train,0.024858473
2019-08-21,SPY,-0.00030815077,0.0024777018,0.0027858526,train,-0.00668375
2019-08-21,TLT,-0.006663062,-0.09623866,0.089575596,train,-0.03131625
2019-08-22,EFA,-0.01251013,-0.025329726,0.012819596,train,-0.037739523
2019-08-22,IWM,-0.031140482,-0.022017958,0.009122524,train,-0.0110578565
2019-08-22,SPY,-0.02602297,-0.00355931,0.02246366,train,0.0024777018
2019-08-22,TLT,0.016300771,-0.043388985,0.059689756,train,-0.09623866
2019-08-23,EFA,0.008197445,-0.024150245,0.03234769,train,-0.025329726
2019-08-23,IWM,0.010942001,-0.03226702,0.04320902,train,-0.022017958
2019-08-23,SPY,0.010998002,-0.14390038,0.15489838,train,-0.00355931
2019-08-23,TLT,-0.0040492583,-0.11362241,0.109573156,train,-0.043388985
2019-08-26,EFA,-0.0008009588,-2.7292408e-06,0.00079822954,train,-0.024150245
2019-08-26,IWM,-0.01493807,-0.020271322,0.0053332513,train,-0.03226702
2019-08-26,SPY,-0.003931592,-0.084121615,0.080190025,train,-0.14390038
2019-08-26,TLT,0.015290764,-0.07604182,0.091332585,train,-0.11362241
2019-08-27,EFA,0.0,-0.010965876,0.010965876,train,-2.7292408e-06
2019-08-27,IWM,0.011599749,-0.0044877324,0.016087482,train,-0.020271322
2019-08-27,SPY,0.007016826,-0.0444678,0.051484626,train,-0.084121615
2019-08-27,TLT,0.0012858787,-0.100338876,0.10162476,train,-0.07604182
2019-08-28,EFA,0.008614157,-0.043158084,0.05177224,train,-0.010965876
2019-08-28,IWM,0.01738609,-0.11530529,0.13269138,train,-0.0044877324
2019-08-28,SPY,0.012692352,-0.04609283,0.05878518,train,-0.0444678
2019-08-28,TLT,-0.0037956373,-0.051645458,0.04784982,train,-0.100338876
2019-08-29,EFA,0.00396278,0.012124391,0.008161612,train,-0.043158084
2019-08-29,IWM,-0.0018125221,-0.09214355,0.090331025,train,-0.11530529
2019-08-29,SPY,-0.00044446668,-0.004033209,0.003588742,train,-0.04609283
2019-08-29,TLT,0.00027133204,-0.00013600243,0.00040733448,train,-0.051645458
2019-08-30,EFA,-0.0019002858,-0.041167058,0.039266773,train,0.012124391
2019-08-30,IWM,-0.01475484,-0.012563707,0.0021911329,train,-0.09214355
2019-08-30,SPY,-0.0058646887,-0.02315888,0.01729419,train,-0.004033209
2019-08-30,TLT,0.0012918146,0.024200192,0.022908377,train,-0.00013600243
2019-09-03,EFA,0.014008329,0.010394052,0.0036142776,train,-0.041167058
2019-09-03,IWM,0.008013406,0.035074934,0.02706153,train,-0.012563707
2019-09-03,SPY,0.011286836,-0.015871141,0.027157977,train,-0.02315888
2019-09-03,TLT,0.001493261,0.017364515,0.015871255,train,0.024200192
2019-09-04,EFA,0.005300175,-0.03238695,0.037687127,train,0.010394052
2019-09-04,IWM,0.018430294,-0.0011941586,0.019624453,train,0.035074934
2019-09-04,SPY,0.012773231,-0.009196993,0.021970224,train,-0.015871141
2019-09-04,TLT,-0.018276155,0.015063286,0.03333944,train,0.017364515
2019-09-05,EFA,0.0032595096,-0.010470165,0.013729675,train,-0.03238695
2019-09-05,IWM,-0.0045924135,-0.011081,0.0064885863,train,-0.0011941586
2019-09-05,SPY,0.0007722151,-0.015861396,0.016633611,train,-0.009196993
2019-09-05,TLT,0.007089324,-0.0016284753,0.0087178,train,0.015063286
2019-09-06,EFA,0.0029401025,-0.008286843,0.011226946,train,-0.010470165
2019-09-06,IWM,0.013319964,0.0407696,0.027449636,train,-0.011081
2019-09-06,SPY,0.00050309155,-0.0128884055,0.013391497,train,-0.015861396
2019-09-06,TLT,-0.017924843,0.0036158487,0.021540692,train,-0.0016284753
2019-09-09,EFA,0.0016982408,0.003441046,0.0017428052,train,-0.008286843
2019-09-09,IWM,0.012689988,0.03847617,0.02578618,train,0.0407696
2019-09-09,SPY,-0.00023499267,0.021096991,0.021331985,train,-0.0128884055
2019-09-09,TLT,-0.0176827,0.0013263747,0.019009074,train,0.0036158487
2019-09-10,EFA,0.00553762,0.015525658,0.009988038,train,0.003441046
2019-09-10,IWM,0.020267528,0.053419583,0.033152055,train,0.03847617
2019-09-10,SPY,0.0070856665,0.016509635,0.009423969,train,0.021096991
2019-09-10,TLT,-0.0017786202,-0.036007635,0.034229014,train,0.0013263747
2019-09-11,EFA,0.0058121015,0.010889725,0.0050776233,train,0.015525658
2019-09-11,IWM,0.00025462316,0.06385782,0.0636032,train,0.053419583
2019-09-11,SPY,0.0034580347,0.025719428,0.022261394,train,0.016509635
2019-09-11,TLT,-0.0065723886,0.037683055,0.044255443,train,-0.036007635
2019-09-12,EFA,0.005627022,0.03747998,0.03185296,train,0.010889725
2019-09-12,IWM,0.0017179609,-0.0049935095,0.0067114704,train,0.06385782
2019-09-12,SPY,-0.000664186,-0.0019595472,0.0012953612,train,0.025719428
2019-09-12,TLT,-0.021590112,-0.025427269,0.003837157,train,0.037683055
2019-09-13,EFA,-0.008987893,0.018400202,0.027388096,train,0.03747998
2019-09-13,IWM,0.003743648,0.0001819767,0.0035616714,train,-0.0049935095
2019-09-13,SPY,-0.003093433,-0.0074454304,0.0043519973,train,-0.0019595472
2019-09-13,TLT,0.012663067,-0.050336324,0.06299939,train,-0.025427269
2019-09-16,EFA,0.0033608715,-0.0012086183,0.0045694895,train,0.018400202
2019-09-16,IWM,-0.0026001888,-0.010896567,0.008296378,train,0.0001819767
2019-09-16,SPY,0.002528919,0.034696437,0.032167517,train,-0.0074454304
2019-09-16,TLT,0.00540858,0.025975673,0.020567093,train,-0.050336324
2019-09-17,EFA,-0.0012207517,0.009733196,0.010953948,train,-0.0012086183
2019-09-17,IWM,-0.0061779656,-0.0029090736,0.003268892,train,-0.010896567
2019-09-17,SPY,0.0005977897,-9.7990036e-05,0.00069577975,train,0.034696437
2019-09-17,TLT,0.0042344187,-0.020730002,0.02496442,train,0.025975673
2019-09-18,EFA,0.003353488,-0.00020247092,0.0035559589,train,0.009733196
2019-09-18,IWM,-0.0048674503,0.07743029,0.08229774,train,-0.0029090736
2019-09-18,SPY,-6.644066e-05,0.013174566,0.013241007,train,-9.7990036e-05
2019-09-18,TLT,0.0030040063,-0.031582244,0.03458625,train,-0.020730002
2019-09-19,EFA,-0.002285319,-0.005379066,0.003093747,train,-0.00020247092
2019-09-19,IWM,-0.0021208387,0.089308605,0.09142944,train,0.07743029
2019-09-19,SPY,-0.004736011,0.028595733,0.033331744,train,0.013174566
2019-09-19,TLT,0.013124263,-0.010301224,0.023425486,train,-0.031582244
2019-09-20,EFA,-0.0025964894,-0.006952006,0.0043555163,train,-0.005379066
2019-09-20,IWM,-0.0007726217,0.089145996,0.08991862,train,0.089308605
2019-09-20,SPY,-0.00023463523,-0.011561977,0.011327341,train,0.028595733
2019-09-20,TLT,-0.00021169144,-0.013278041,0.01306635,train,-0.010301224
2019-09-23,EFA,-0.0038303433,-0.00915719,0.0053268466,train,-0.006952006
2019-09-23,IWM,-0.015208787,0.08188337,0.09709216,train,0.089145996
2019-09-23,SPY,-0.007877503,-0.013534434,0.0056569315,train,-0.011561977
2019-09-23,TLT,0.011982282,0.019768512,0.00778623,train,-0.013278041
2019-09-24,EFA,-0.002921118,-0.010354619,0.0074335006,train,-0.00915719
2019-09-24,IWM,0.010896358,0.029590668,0.018694311,train,0.08188337
2019-09-24,SPY,0.005897239,0.0036029536,0.0022942852,train,-0.013534434
2019-09-24,TLT,-0.014735435,0.0047194664,0.019454902,train,0.019768512
2019-09-25,EFA,0.003688432,-0.0052043637,0.008892796,train,-0.010354619
2019-09-25,IWM,-0.011224101,0.018122934,0.029347036,train,0.029590668
2019-09-25,SPY,-0.0020856024,-0.010483365,0.008397762,train,0.0036029536
2019-09-25,TLT,0.0064125108,0.07046537,0.06405286,train,0.0047194664
2019-09-26,EFA,-0.0033804951,0.001293947,0.004674442,train,-0.0052043637
2019-09-26,IWM,-0.00803887,-0.012995733,0.004956863,train,0.018122934
2019-09-26,SPY,-0.0054014544,-0.06285548,0.057454027,train,-0.010483365
2019-09-26,TLT,0.0024547547,-0.015299322,0.017754076,train,0.07046537
2019-09-27,EFA,0.0036870863,-0.0031853803,0.0068724668,train,0.001293947
2019-09-27,IWM,0.0011899357,-0.031925946,0.033115882,train,-0.012995733
2019-09-27,SPY,0.0046266885,-0.010188051,0.014814739,train,-0.06285548
2019-09-27,TLT,0.0024494494,-0.06435732,0.06680677,train,-0.015299322
2019-09-30,EFA,-0.009862912,-0.009092757,0.00077015534,train,-0.0031853803
2019-09-30,IWM,-0.019819673,0.0006283689,0.020448042,train,-0.031925946
2019-09-30,SPY,-0.011965687,-0.041096397,0.029130708,train,-0.010188051
2019-09-30,TLT,0.0030063265,-0.007415695,0.010422021,train,-0.06435732
2019-10-01,EFA,-0.020654937,0.0038525704,0.024507508,train,-0.009092757
2019-10-01,IWM,-0.007577251,-0.063300885,0.055723634,train,0.0006283689
2019-10-01,SPY,-0.017823065,-0.06629345,0.048470385,train,-0.041096397
2019-10-01,TLT,0.002439904,0.005583413,0.003143509,train,-0.007415695
2019-10-02,EFA,0.006618533,-0.012996046,0.01961458,train,0.0038525704
2019-10-02,IWM,0.0033224847,-0.033159666,0.03648215,train,-0.063300885
2019-10-02,SPY,0.008159943,-0.058334127,0.06649407,train,-0.06629345
2019-10-02,TLT,0.009080255,0.050917014,0.04183676,train,0.005583413
2019-10-03,EFA,0.007822273,-0.0068862475,0.014708521,train,-0.012996046
2019-10-03,IWM,0.009431027,0.016142903,0.006711876,train,-0.033159666
2019-10-03,SPY,0.013441003,-0.009709809,0.023150813,train,-0.058334127
2019-10-03,TLT,0.0073560323,0.0112798195,0.0039237873,train,0.050917014
2019-10-04,EFA,-0.0012474016,-0.0100253355,0.008777934,train,-0.0068862475
2019-10-04,IWM,-0.001744671,0.005127929,0.0068726,train,0.016142903
2019-10-04,SPY,-0.004324244,0.025987253,0.030311497,train,-0.009709809
2019-10-04,TLT,-0.008322409,0.0019580908,0.0102805,train,0.0112798195
2019-10-07,EFA,-0.009405878,-0.004926253,0.0044796253,train,-0.0100253355
2019-10-07,IWM,-0.016388057,-0.011852136,0.004535921,train,0.005127929
2019-10-07,SPY,-0.015646292,-0.021537295,0.0058910027,train,0.025987253
2019-10-07,TLT,0.002689767,0.03491327,0.032223504,train,0.0019580908
2019-10-08,EFA,0.007218958,0.0028633904,0.0043555675,train,-0.004926253
2019-10-08,IWM,0.004564043,-0.029397478,0.03396152,train,-0.011852136
2019-10-08,SPY,0.009451889,-0.027771724,0.037223615,train,-0.021537295
2019-10-08,TLT,-0.005664104,-0.027713692,0.022049587,train,0.03491327
2019-10-09,EFA,0.0070122452,-0.032238416,0.03925066,train,0.0028633904
2019-10-09,IWM,0.0040019187,-0.0699482,0.07395011,train,-0.029397478
2019-10-09,SPY,0.0067407633,0.013028376,0.0062876125,train,-0.027771724
2019-10-09,TLT,-0.015006689,-0.045284063,0.030277373,train,-0.027713692
2019-10-10,EFA,0.017699653,-0.03596068,0.053660333,train,-0.032238416
2019-10-10,IWM,0.016782511,-0.047300704,0.06408322,train,-0.0699482
2019-10-10,SPY,0.010313488,0.0075980723,0.0027154153,train,0.013028376
2019-10-10,TLT,-0.012453992,0.015307745,0.027761737,train,-0.045284063
2019-10-11,EFA,-0.0041275676,0.017619703,0.02174727,train,-0.03596068
2019-10-11,IWM,-0.0036685169,0.020705488,0.024374004,train,-0.047300704
2019-10-11,SPY,-0.0011144815,0.058251448,0.05936593,train,0.0075980723
2019-10-11,TLT,0.007236733,0.13129808,0.124061346,train,0.015307745
2019-10-14,EFA,0.01157501,0.052045614,0.040470604,train,0.017619703
2019-10-14,IWM,0.011426944,-0.037086785,0.04851373,train,0.020705488
2019-10-14,SPY,0.00985154,-0.02039321,0.030244749,train,0.058251448
2019-10-14,TLT,-0.012162296,0.016766392,0.028928688,train,0.13129808
2019-10-15,EFA,0.0015129402,0.002468557,0.00095561694,train,0.052045614
2019-10-15,IWM,0.0010562567,-0.019755434,0.020811692,train,-0.037086785
2019-10-15,SPY,-0.0016069913,-0.0009414265,0.0006655648,train,-0.02039321
2019-10-15,TLT,0.0012154399,0.07722668,0.07601124,train,0.016766392
2019-10-16,EFA,0.0024162733,-0.013706841,0.016123114,train,0.002468557
2019-10-16,IWM,0.01174185,-0.020462742,0.03220459,train,-0.019755434
2019-10-16,SPY,0.0029445163,-0.017315714,0.02026023,train,-0.0009414265
2019-10-16,TLT,-0.002432359,0.026211234,0.028643593,train,0.07722668
2019-10-17,EFA,-0.0004528461,-0.008670814,0.008217968,train,-0.013706841
2019-10-17,IWM,-0.004771944,-0.01018742,0.005415476,train,-0.020462742
2019-10-17,SPY,-0.0043868423,-0.008552072,0.0041652294,train,-0.017315714
2019-10-17,TLT,0.0,-0.00064608734,0.00064608734,train,0.026211234
2019-10-18,EFA,0.005417826,-0.017848363,0.023266189,train,-0.008670814
2019-10-18,IWM,0.009326514,-0.036703855,0.04603037,train,-0.01018742
2019-10-18,SPY,0.0067564882,-0.036046915,0.042803403,train,-0.008552072
2019-10-18,TLT,-0.007550766,-0.0058429586,0.0017078076,train,-0.00064608734
2019-10-21,EFA,-0.0024040837,0.008633984,0.011038068,train,-0.017848363
2019-10-21,IWM,0.0011031147,0.0032721385,0.0021690237,train,-0.036703855
2019-10-21,SPY,-0.0032721362,0.018884009,0.022156145,train,-0.036046915
2019-10-21,TLT,0.0058298004,0.033092298,0.027262498,train,-0.0058429586
2019-10-22,EFA,0.0054011527,0.0031541977,0.002246955,train,0.008633984
2019-10-22,IWM,0.0012311399,-0.021162659,0.022393798,train,0.0032721385
2019-10-22,SPY,0.0029052622,0.0387756,0.03587034,train,0.018884009
2019-10-22,TLT,0.0010044153,-0.009677438,0.010681854,train,0.033092298
2019-10-23,EFA,0.0017938289,0.008727147,0.0069333185,train,0.0031541977
2019-10-23,IWM,-0.0014258889,-0.027931295,0.026505407,train,-0.021162659
2019-10-23,SPY,0.001632493,0.0109178815,0.0092853885,train,0.0387756
2019-10-23,TLT,-0.0020098404,-0.030978633,0.028968792,train,-0.009677438
2019-10-24,EFA,0.001045094,0.002646525,0.0016014309,train,0.008727147
2019-10-24,IWM,0.00530453,-0.0113641415,0.016668672,train,-0.027931295
2019-10-24,SPY,0.0040866993,0.013718905,0.009632206,train,0.0109178815
2019-10-24,TLT,-0.004897225,-0.022897223,0.017999997,train,-0.030978633
2019-10-25,EFA,0.0044663306,0.0030627027,0.0014036279,train,0.002646525
2019-10-25,IWM,0.008608144,0.008973612,0.00036546867,train,-0.0113641415
2019-10-25,SPY,0.0056207976,0.0071858726,0.001565075,train,0.013718905
2019-10-25,TLT,-0.009137523,-0.021324502,0.012186979,train,-0.022897223
2019-10-28,EFA,-0.00029711728,0.0005500349,0.0008471522,train,0.0030627027
2019-10-28,IWM,0.0032567254,0.0470626,0.04380587,train,0.008973612
2019-10-28,SPY,-0.00029675302,0.020836031,0.021132784,train,0.0071858726
2019-10-28,TLT,0.00065566617,0.0033139382,0.002658272,train,-0.021324502
2019-10-29,EFA,0.0041519715,-0.031813547,0.035965517,train,0.0005500349
2019-10-29,IWM,-0.0033207529,0.03376992,0.037090674,train,0.0470626
2019-10-29,SPY,0.003062503,0.0073431823,0.0042806794,train,0.020836031
2019-10-29,TLT,0.0145277,-0.018465715,0.032993414,train,0.0033139382
2019-10-30,EFA,-0.0023704537,0.0017934646,0.004163918,train,-0.031813547
2019-10-30,IWM,-0.0056449226,0.01649232,0.022137243,train,0.03376992
2019-10-30,SPY,-0.0026671092,0.0018252172,0.0044923266,train,0.0073431823
2019-10-30,TLT,0.01340059,0.013857562,0.00045697205,train,-0.018465715
2019-10-31,EFA,0.00886002,-0.01769061,0.02655063,train,0.0017934646
2019-10-31,IWM,0.016903691,-0.039531358,0.05643505,train,0.01649232
2019-10-31,SPY,0.0092215035,-0.022011882,0.031233385,train,0.0018252172
2019-10-31,TLT,-0.0030828477,0.005479844,0.0085626915,train,0.013857562
2019-11-01,EFA,0.005132357,-5.0661154e-05,0.0051830183,train,-0.01769061
2019-11-01,IWM,0.0053617656,0.029789088,0.024427323,train,-0.039531358
2019-11-01,SPY,0.004009611,0.03460075,0.030591138,train,-0.022011882
2019-11-01,TLT,-0.013249019,-0.011468234,0.0017807856,train,0.005479844
2019-11-04,EFA,-0.001903333,-0.01313111,0.011227777,train,-5.0661154e-05
2019-11-04,IWM,0.0012571379,0.04000891,0.038751774,train,0.029789088
2019-11-04,SPY,-0.0011068401,0.0006333161,0.0017401562,train,0.03460075
2019-11-04,TLT,-0.011309846,-0.0024353634,0.008874483,train,-0.011468234
2019-11-05,EFA,-0.00043949584,-0.017306233,0.016866736,train,-0.01313111
2019-11-05,IWM,-0.0057973224,0.008850738,0.014648061,train,0.04000891
2019-11-05,SPY,0.00022822262,0.0069424193,0.006714197,train,0.0006333161
2019-11-05,TLT,0.006032315,-0.0225857,0.028618015,train,-0.0024353634
2019-11-06,EFA,0.003073906,-0.00769946,0.010773366,train,-0.017306233
2019-11-06,IWM,0.0026509366,0.011169823,0.008518886,train,0.008850738
2019-11-06,SPY,0.0035104994,0.011038749,0.007528249,train,0.0069424193
2019-11-06,TLT,-0.018284075,0.019155491,0.037439566,train,-0.0225857
2019-11-07,EFA,-0.0005846976,-0.03303954,0.03245484,train,-0.00769946
2019-11-07,IWM,0.002706749,-0.020428205,0.023134954,train,0.011169823
2019-11-07,SPY,0.0024631452,-0.009314138,0.011777284,train,0.011038749
2019-11-07,TLT,-0.0042158416,0.040269203,0.044485044,train,0.019155491
2019-11-08,EFA,-0.0013170404,-0.046969175,0.045652136,train,-0.03303954
2019-11-08,IWM,-0.0018874943,0.02354151,0.025429005,train,-0.020428205
2019-11-08,SPY,-0.0019117458,0.006185773,0.008097518,train,-0.009314138
2019-11-08,TLT,0.00066646386,0.038268372,0.037601907,train,0.040269203
2019-11-11,EFA,0.00043904863,-0.0376399,0.03807895,train,-0.046969175
2019-11-11,IWM,0.00031474323,0.013045504,0.0127307605,train,0.02354151
2019-11-11,SPY,0.0021058496,0.019573366,0.017467517,train,0.006185773
2019-11-11,TLT,0.0045818114,-0.020729592,0.025311403,train,0.038268372
2019-11-12,EFA,-0.003518883,-0.028966483,0.0254476,train,-0.0376399
2019-11-12,IWM,-0.0042904187,0.014400251,0.01869067,train,0.013045504
2019-11-12,SPY,0.00032356696,0.012488964,0.012165397,train,0.019573366
2019-11-12,TLT,0.006468104,-0.031464364,0.03793247,train,-0.020729592
2019-11-13,EFA,-0.0027948625,-0.03908839,0.03629353,train,-0.028966483
2019-11-13,IWM,-0.00031609673,-0.020308435,0.019992338,train,0.014400251
2019-11-13,SPY,0.0014548652,0.018732445,0.01727758,train,0.012488964
2019-11-13,TLT,0.010276514,-0.014475381,0.024751894,train,-0.031464364
2019-11-14,EFA,0.0063137454,-0.03797558,0.044289324,train,-0.03908839
2019-11-14,IWM,0.0051730326,-0.0044604577,0.009633491,train,-0.020308435
2019-11-14,SPY,0.0072103296,0.015369361,0.008159032,train,0.018732445
2019-11-14,TLT,-0.0010878739,-0.028345209,0.027257334,train,-0.014475381
2019-11-15,EFA,0.0011704171,-0.016112402,0.01728282,train,-0.03797558
2019-11-15,IWM,-0.0025198157,0.010416064,0.012935881,train,-0.0044604577
2019-11-15,SPY,0.0007372417,0.041957,0.041219756,train,0.015369361
2019-11-15,TLT,0.001812842,-0.01467813,0.016490972,train,-0.028345209
2019-11-18,EFA,-0.0013166551,-0.025352044,0.024035389,train,-0.016112402
2019-11-18,IWM,0.0037148006,-0.028378015,0.032092817,train,0.010416064
2019-11-18,SPY,-0.0002883512,0.0047032414,0.004991593,train,0.041957
2019-11-18,TLT,0.008298227,-0.010634427,0.018932654,train,-0.01467813
2019-11-19,EFA,-0.0063146716,-0.02463068,0.018316008,train,-0.025352044
2019-11-19,IWM,-0.0037782604,-0.006546613,0.0027683524,train,-0.028378015
2019-11-19,SPY,-0.003725675,0.015012838,0.018738512,train,0.0047032414
2019-11-19,TLT,0.010294739,0.0017829919,0.008511747,train,-0.010634427
2019-11-20,EFA,-0.0013268841,-0.035992503,0.034665618,train,-0.02463068
2019-11-20,IWM,-0.0049330937,-0.051007263,0.04607417,train,-0.006546613
2019-11-20,SPY,-0.0016101759,-0.0077587226,0.006148547,train,0.015012838
2019-11-20,TLT,-0.0062785684,0.010288877,0.016567446,train,0.0017829919
2019-11-21,EFA,0.0027989116,-0.036502637,0.03930155,train,-0.035992503
2019-11-21,IWM,0.0031020723,-0.052056678,0.05515875,train,-0.051007263
2019-11-21,SPY,0.0022212346,-0.008161341,0.010382576,train,-0.0077587226
2019-11-21,TLT,0.0012869686,-0.0013491008,0.0026360694,train,0.010288877
2019-11-22,EFA,0.007912057,-0.02931609,0.03722815,train,-0.036502637
2019-11-22,IWM,0.021013783,-0.023727985,0.04474177,train,-0.052056678
2019-11-22,SPY,0.00772053,-0.025796412,0.033516943,train,-0.008161341
2019-11-22,TLT,0.002926597,-0.0058802157,0.008806813,train,-0.0013491008
2019-11-25,EFA,-0.0005837766,-0.029226227,0.02864245,train,-0.02931609
2019-11-25,IWM,0.0006805977,0.015209885,0.014529288,train,-0.023727985
2019-11-25,SPY,0.0022629001,0.0066353753,0.004372475,train,-0.025796412
2019-11-25,TLT,0.0058274292,-0.010370377,0.016197806,train,-0.0058802157
2019-11-26,EFA,0.00262492,-0.025223838,0.027848758,train,-0.029226227
2019-11-26,IWM,0.0070257345,0.016849047,0.009823312,train,0.015209885
2019-11-26,SPY,0.0044474853,0.014967442,0.010519956,train,0.0066353753
2019-11-26,TLT,-0.0029096974,-0.0033926794,0.00048298202,train,-0.010370377
2019-11-27,EFA,-0.007015495,-0.02185497,0.014839476,train,-0.025223838
2019-11-27,IWM,-0.00653111,-0.019257193,0.012726083,train,0.016849047
2019-11-27,SPY,-0.0037155105,0.025572564,0.029288076,train,0.014967442
2019-11-27,TLT,-0.0021340023,-0.043077484,0.04094348,train,-0.0033926794
2019-11-29,EFA,-0.0051465603,-0.03554196,0.0303954,train,-0.02185497
2019-11-29,IWM,-0.009815116,-0.015444142,0.0056290254,train,-0.019257193
2019-11-29,SPY,-0.00853088,-0.010471696,0.0019408157,train,0.025572564
2019-11-29,TLT,-0.01342259,-0.021394582,0.007971993,train,-0.043077484
2019-12-02,EFA,-0.0036925746,-0.02687559,0.023183016,train,-0.03554196
2019-12-02,IWM,-0.00318861,0.0040287655,0.0072173756,train,-0.015444142
2019-12-02,SPY,-0.006729129,-0.040169373,0.033440243,train,-0.010471696
2019-12-02,TLT,0.020751033,0.0007661525,0.01998488,train,-0.021394582
2019-12-03,EFA,0.009132553,-0.04593522,0.055067774,train,-0.02687559
2019-12-03,IWM,0.006864859,-0.0021465248,0.009011384,train,0.0040287655
2019-12-03,SPY,0.006151317,0.014641119,0.0084898025,train,-0.040169373
2019-12-03,TLT,-0.010035475,0.05978018,0.06981566,train,0.0007661525
2019-12-04,EFA,-0.0019080137,-0.022907266,0.020999253,train,-0.04593522
2019-12-04,IWM,0.000994702,0.012992302,0.0119976,train,-0.0021465248
2019-12-04,SPY,0.001796254,0.08186368,0.080067426,train,0.014641119
2019-12-04,TLT,-0.0048760083,0.06544027,0.07031628,train,0.05978018
2019-12-05,EFA,0.00906711,-0.033503547,0.042570658,train,-0.022907266
2019-12-05,IWM,0.011614002,0.009785036,0.0018289667,train,0.012992302
2019-12-05,SPY,0.009092206,0.057785705,0.0486935,train,0.08186368
2019-12-05,TLT,-0.0055501345,0.04683078,0.052380916,train,0.06544027
2019-12-06,EFA,-0.0052547157,-0.014987305,0.009732589,train,-0.033503547
2019-12-06,IWM,-0.0019063007,-0.004891796,0.0029854954,train,0.009785036
2019-12-06,SPY,-0.0031486098,0.0596489,0.06279751,train,0.057785705
2019-12-06,TLT,0.0021657404,0.043232672,0.04106693,train,0.04683078
2019-12-09,EFA,0.00043885913,-0.017144514,0.017583374,train,-0.014987305
2019-12-09,IWM,0.00061545405,-0.03025656,0.030872013,train,-0.004891796
2019-12-09,SPY,-0.0011159998,-0.040393382,0.039277382,train,0.0596489
2019-12-09,TLT,7.220066e-05,0.019593185,0.019520985,train,0.043232672
2019-12-10,EFA,0.0052523487,-0.022594454,0.027846802,train,-0.017144514
2019-12-10,IWM,-0.00030742565,-0.02299198,0.022684554,train,-0.03025656
2019-12-10,SPY,0.002834981,-0.0007862281,0.0036212092,train,-0.040393382
2019-12-10,TLT,0.007830287,-0.020031722,0.027862009,train,0.019593185
2019-12-11,EFA,0.0066715814,-0.025910294,0.032581873,train,-0.022594454
2019-12-11,IWM,0.008575416,-0.014808186,0.023383602,train,-0.02299198
2019-12-11,SPY,0.008581887,0.015878437,0.00729655,train,-0.0007862281
2019-12-11,TLT,-0.016595064,0.021438943,0.038034007,train,-0.020031722
2019-12-12,EFA,0.006914501,-0.0072914427,0.014205944,train,-0.025910294
2019-12-12,IWM,-0.0038497283,0.010261038,0.014110766,train,-0.014808186
2019-12-12,SPY,0.0005990186,0.008246584,0.007647565,train,0.015878437
2019-12-12,TLT,0.011501131,0.016976802,0.005475671,train,0.021438943
2019-12-13,EFA,0.010627933,0.010813815,0.00018588174,train,-0.0072914427
2019-12-13,IWM,0.0070235226,-0.010599773,0.017623296,train,0.010261038
2019-12-13,SPY,0.0068463916,0.016456183,0.009609791,train,0.008246584
2019-12-13,TLT,-0.009030831,0.012032333,0.021063164,train,0.016976802
2019-12-16,EFA,-0.005762108,0.012514972,0.01827708,train,0.010813815
2019-12-16,IWM,0.0049909246,0.0024000509,0.0025908737,train,-0.010599773
2019-12-16,SPY,0.00021931612,0.024546301,0.024326986,train,0.016456183
2019-12-16,TLT,-0.0013788559,0.02995809,0.031336945,train,0.012032333
2019-12-17,EFA,-0.001301132,0.032637954,0.033939086,train,0.012514972
2019-12-17,IWM,0.0019413275,-0.0008812854,0.0028226129,train,0.0024000509
2019-12-17,SPY,6.241356e-05,-0.02539194,0.025454354,train,0.024546301
2019-12-17,TLT,-0.008246435,-0.0051335883,0.0031128465,train,0.02995809
2019-12-18,EFA,0.0,-0.0069107637,0.0069107637,train,0.032637954
2019-12-18,IWM,0.0042934106,-0.009379882,0.0136732925,train,-0.0008812854
2019-12-18,SPY,0.0040905783,0.0027010534,0.0013895249,train,-0.02539194
2019-12-18,TLT,0.0015987124,0.031104377,0.029505664,train,-0.0051335883
2019-12-19,EFA,0.000723302,-0.0142353885,0.014958691,train,-0.0069107637
2019-12-19,IWM,0.0014469813,0.0037874654,0.002340484,train,-0.009379882
2019-12-19,SPY,0.0043745604,0.0148787,0.01050414,train,0.0027010534
2019-12-19,TLT,0.0013179089,-0.0010923845,0.0024102933,train,0.031104377
2019-12-20,EFA,0.0015886086,-0.011744721,0.01333333,train,-0.0142353885
2019-12-20,IWM,0.001986261,0.015087023,0.013100762,train,0.0037874654
2019-12-20,SPY,0.001526555,0.08838295,0.086856395,train,0.0148787
2019-12-20,TLT,-0.001464599,-0.00946345,0.007998851,train,-0.0010923845
2019-12-23,EFA,-0.0010107786,-0.029274827,0.028264048,train,-0.011744721
2019-12-23,IWM,0.002282429,-0.0041946573,0.0064770863,train,0.015087023
2019-12-23,SPY,3.1309773e-05,0.012324375,0.012293065,train,0.08838295
2019-12-23,TLT,0.0028538175,0.0030684555,0.00021463796,train,-0.00946345
2019-12-24,EFA,0.004324527,-0.030830814,0.03515534,train,-0.029274827
2019-12-24,IWM,0.0,0.0067658694,0.0067658694,train,-0.0041946573
2019-12-24,SPY,0.0053092884,0.01389912,0.008589831,train,0.012324375
2019-12-24,TLT,0.0024087306,0.0019245599,0.00048417062,train,0.0030684555
2019-12-26,EFA,0.0017246796,-0.022056047,0.023780726,train,-0.030830814
2019-12-26,IWM,-0.0049319854,-0.0004747752,0.00445721,train,0.0067658694
2019-12-26,SPY,-0.00024773492,0.017725212,0.017972948,train,0.01389912
2019-12-26,TLT,0.0010933187,-0.024243647,0.025336966,train,0.0019245599
2019-12-27,EFA,-0.007494771,-0.029297676,0.021802906,train,-0.022056047
2019-12-27,IWM,-0.0025350277,0.0005500624,0.00308509,train,-0.0004747752
2019-12-27,SPY,-0.0055285026,0.0029426478,0.00847115,train,0.017725212
2019-12-27,TLT,-0.003648076,-0.008971246,0.0053231698,train,-0.024243647
2019-12-30,EFA,0.004618694,-0.029226126,0.03384482,train,-0.029297676
2019-12-30,IWM,0.0013892193,-0.005713933,0.0071031526,train,0.0005500624
2019-12-30,SPY,0.0024261095,-0.021246536,0.023672646,train,0.0029426478
2019-12-30,TLT,-0.009842056,-0.020598069,0.010756013,train,-0.008971246
2019-12-31,EFA,0.010030384,-0.0070281653,0.01705855,test,-0.029226126
2019-12-31,IWM,0.00066336076,0.0009151725,0.00025181175,test,-0.005713933
2019-12-31,SPY,0.009308695,0.03816846,0.028859764,test,-0.021246536
2019-12-31,TLT,0.01122975,-0.003696153,0.014925903,test,-0.020598069
2020-01-02,EFA,-0.012481547,-0.014717784,0.0022362368,test,-0.0070281653
2020-01-02,IWM,-0.003928377,-0.0038084518,0.00011992501,test,0.0009151725
2020-01-02,SPY,-0.0076013426,0.060133487,0.06773483,test,0.03816846
2020-01-02,TLT,0.015283156,-0.0016531055,0.016936261,test,-0.003696153
2020-01-03,EFA,0.003890465,0.0135403555,0.0096498905,test,-0.014717784
2020-01-03,IWM,0.001331512,-0.020983683,0.022315195,test,-0.0038084518
2020-01-03,SPY,0.0038078937,-0.02522481,0.029032703,test,0.060133487
2020-01-03,TLT,-0.005695235,0.009747516,0.015442751,test,-0.0016531055
2020-01-06,EFA,-0.0027362437,-0.013861258,0.011125014,test,0.0135403555
2020-01-06,IWM,-0.0033318605,-0.0032373401,9.4520394e-05,test,-0.020983683
2020-01-06,SPY,-0.0028158368,0.04831166,0.051127493,test,-0.02522481
2020-01-06,TLT,-0.0049274834,0.022232728,0.027160212,test,0.009747516
2020-01-07,EFA,0.0028799353,-0.013625814,0.016505748,test,-0.013861258
2020-01-07,IWM,0.0030897725,-0.013361808,0.01645158,test,-0.0032373401
2020-01-07,SPY,0.0053153685,0.0011583138,0.0041570547,test,0.04831166
2020-01-07,TLT,-0.0066332524,0.038540818,0.04517407,test,0.022232728
2020-01-08,EFA,0.0022977688,-0.019906333,0.022204101,test,-0.013625814
2020-01-08,IWM,0.0012090587,-0.028423438,0.029632496,test,-0.013361808
2020-01-08,SPY,0.006758201,0.034464575,0.027706373,test,0.0011583138
2020-01-08,TLT,0.0035046062,0.024397494,0.020892888,test,0.038540818
2020-01-09,EFA,-0.0037366669,-0.02545617,0.021719502,test,-0.019906333
2020-01-09,IWM,-0.00375303,-0.026663454,0.022910424,test,-0.028423438
2020-01-09,SPY,-0.002881973,0.054529093,0.057411067,test,0.034464575
2020-01-09,TLT,0.008851472,0.02112482,0.012273347,test,0.024397494
2020-01-10,EFA,0.0051699406,-0.016687855,0.021857796,test,-0.02545617
2020-01-10,IWM,0.006468079,-0.04220228,0.04867036,test,-0.026663454
2020-01-10,SPY,0.0068537043,0.009697672,0.0028439676,test,0.054529093
2020-01-10,TLT,-0.0030383451,0.015195686,0.018234031,test,0.02112482
2020-01-13,EFA,0.0010024364,-0.027025998,0.028028434,test,-0.016687855
2020-01-13,IWM,0.0036691052,-0.027236044,0.03090515,test,-0.04220228
2020-01-13,SPY,-0.0015258165,0.02922518,0.030750997,test,0.009697672
2020-01-13,TLT,0.005130994,0.024408842,0.019277848,test,0.015195686
2020-01-14,EFA,0.0,-0.019753069,0.019753069,test,-0.027025998
2020-01-14,IWM,0.004791354,-0.024192387,0.028983742,test,-0.027236044
2020-01-14,SPY,0.0022573094,-0.004365878,0.0066231876,test,0.02922518
2020-01-14,TLT,0.006609331,0.0014352729,0.005174058,test,0.024408842
2020-01-15,EFA,0.0041415635,-0.028143376,0.032284938,test,-0.019753069
2020-01-15,IWM,0.01282259,-0.029864023,0.04268661,test,-0.024192387
2020-01-15,SPY,0.008283764,0.024562592,0.016278828,test,-0.004365878
2020-01-15,TLT,-0.003155435,0.000546759,0.003702194,test,0.0014352729
2020-01-16,EFA,0.0029880004,-0.026809948,0.029797949,test,-0.028143376
2020-01-16,IWM,-0.0027166887,-0.00763938,0.0049226917,test,-0.029864023
2020-01-16,SPY,0.00310788,0.03378658,0.0306787,test,0.024562592
2020-01-16,TLT,-0.0085848905,-0.01922602,0.01064113,test,0.000546759
2020-01-17,EFA,-0.007988407,-0.015626328,0.007637921,test,-0.026809948
2020-01-17,IWM,-0.008315353,0.009175746,0.017491098,test,-0.00763938
2020-01-17,SPY,-0.0019599646,0.03512735,0.037087314,test,0.03378658
2020-01-17,TLT,0.010450876,-0.009310022,0.0197609,test,-0.01922602
2020-01-21,EFA,0.0020029945,-0.019380765,0.021383759,test,-0.015626328
2020-01-21,IWM,-0.00065607723,0.02163827,0.022294348,test,0.009175746
2020-01-21,SPY,0.00012051853,-0.016038062,0.01615858,test,0.03512735
2020-01-21,TLT,0.0035073431,0.008812734,0.005305391,test,-0.009310022
2020-01-22,EFA,-0.00243266,-0.020503711,0.018071052,test,-0.019380765
2020-01-22,IWM,-0.0006566062,0.00995647,0.010613076,test,0.02163827
2020-01-22,SPY,0.0011463606,-0.017566709,0.01871307,test,-0.016038062
2020-01-22,TLT,0.0069776727,-0.0008082469,0.0077859196,test,0.008812734
2020-01-23,EFA,-0.0043082186,-0.026247563,0.021939345,test,-0.020503711
2020-01-23,IWM,-0.012378613,0.005938826,0.018317439,test,0.00995647
2020-01-23,SPY,-0.008932839,0.0021290053,0.011061844,test,-0.017566709
2020-01-23,TLT,0.00805539,0.002622448,0.005432942,test,-0.0008082469
2020-01-24,EFA,-0.020939952,0.0004444234,0.021384375,test,-0.026247563
2020-01-24,IWM,-0.011432242,0.00883604,0.020268282,test,0.005938826
2020-01-24,SPY,-0.016159058,-0.03193052,0.015771464,test,0.0021290053
2020-01-24,TLT,0.015435239,-0.00083642965,0.01627167,test,0.002622448
2020-01-27,EFA,0.009361122,-0.046614297,0.05597542,test,0.0004444234
2020-01-27,IWM,0.008283176,-0.018842625,0.027125802,test,0.00883604
2020-01-27,SPY,0.010424312,-0.016970942,0.027395254,test,-0.03193052
2020-01-27,TLT,-0.0078628445,-0.011683092,0.003820248,test,-0.00083642965
2020-01-28,EFA,0.00014513754,7.370813e-05,7.1429415e-05,test,-0.046614297
2020-01-28,IWM,-0.005717662,0.0081186965,0.013836359,test,-0.018842625
2020-01-28,SPY,-0.0008263687,0.115399055,0.11622542,test,-0.016970942
2020-01-28,TLT,0.009732148,-0.015510382,0.02524253,test,-0.011683092
2020-01-29,EFA,-0.0008735346,-0.031960994,0.03108746,test,7.370813e-05
2020-01-29,IWM,0.0,-0.014886487,0.014886487,test,0.0081186965
2020-01-29,SPY,0.0032402044,0.062522694,0.05928249,test,0.115399055
2020-01-29,TLT,0.00013871351,0.007017266,0.0068785525,test,-0.015510382
2020-01-30,EFA,-0.0170442,-0.030648625,0.013604425,test,-0.031960994
2020-01-30,IWM,-0.020958774,-0.0056718565,0.015286917,test,-0.014886487
2020-01-30,SPY,-0.018324835,0.033088826,0.051413663,test,0.062522694
2020-01-30,TLT,0.009088182,0.022593394,0.013505212,test,0.007017266
2020-01-31,EFA,0.0023681712,-0.014077337,0.016445508,test,-0.030648625
2020-01-31,IWM,0.011088993,-0.019527206,0.0306162,test,-0.0056718565
2020-01-31,SPY,0.0074010836,-0.065403536,0.07280462,test,0.033088826
2020-01-31,TLT,-0.00081045885,0.0114559075,0.012266367,test,0.022593394
2020-02-03,EFA,0.01656812,-0.05169435,0.06826247,test,-0.014077337
2020-02-03,IWM,0.014980849,-0.022830531,0.03781138,test,-0.019527206
2020-02-03,SPY,0.015126152,-0.01931291,0.034439065,test,-0.065403536
2020-02-03,TLT,-0.013558352,-0.018415757,0.004857404,test,0.0114559075
2020-02-04,EFA,0.009551402,0.019225376,0.009673974,test,-0.05169435
2020-02-04,IWM,0.015297635,0.000723768,0.014573867,test,-0.022830531
2020-02-04,SPY,0.011481867,0.008853948,0.0026279194,test,-0.01931291
2020-02-04,TLT,-0.010995385,0.0026924014,0.013687787,test,-0.018415757
2020-02-05,EFA,0.0027329638,-0.0117833875,0.014516352,test,0.019225376
2020-02-05,IWM,-0.0022739237,-0.010338604,0.008064681,test,0.000723768
2020-02-05,SPY,0.0033589622,-0.012893571,0.016252533,test,0.008853948
2020-02-05,TLT,0.0044964887,0.002636157,0.0018603317,test,0.0026924014
2020-02-06,EFA,-0.009525342,0.017659647,0.02718499,test,-0.0117833875
2020-02-06,IWM,-0.01235623,-0.03185749,0.019501261,test,-0.010338604
2020-02-06,SPY,-0.0053437385,-0.0061483905,0.000804652,test,-0.012893571
2020-02-06,TLT,0.012400945,0.023822773,0.0114218285,test,0.002636157
2020-02-07,EFA,0.0020280147,0.016511617,0.014483603,test,0.017659647
2020-02-07,IWM,0.005624367,-0.05183848,0.05746285,test,-0.03185749
2020-02-07,SPY,0.007437561,-0.009201117,0.016638678,test,-0.0061483905
2020-02-07,TLT,0.0027657526,0.0417447,0.03897895,test,0.023822773
2020-02-10,EFA,0.006778664,-0.010138996,0.01691766,test,0.016511617
2020-02-10,IWM,0.00691187,-0.032625295,0.039537165,test,-0.05183848
2020-02-10,SPY,0.0017318081,-0.008774683,0.010506491,test,-0.009201117
2020-02-10,TLT,-0.005053322,0.04812169,0.053175014,test,0.0417447
2020-02-11,EFA,0.0034437212,-0.0077571822,0.011200903,test,-0.010138996
2020-02-11,IWM,0.006864228,-0.035104007,0.041968234,test,-0.032625295
2020-02-11,SPY,0.0064221756,-0.018646669,0.025068844,test,-0.008774683
2020-02-11,TLT,-0.005079051,0.038778357,0.043857407,test,0.04812169
2020-02-12,EFA,-0.007043424,-0.01849476,0.011451337,test,-0.0077571822
2020-02-12,IWM,0.0026138474,-0.05290295,0.055516798,test,-0.035104007
2020-02-12,SPY,-0.0010678977,0.017471049,0.018538946,test,-0.018646669
2020-02-12,TLT,0.0038297498,-0.0033185119,0.0071482616,test,0.038778357
2020-02-13,EFA,-0.0017325818,-0.062539,0.060806416,test,-0.01849476
2020-02-13,IWM,-0.0038639852,-0.016948173,0.013084188,test,-0.05290295
2020-02-13,SPY,0.001600926,0.01017434,0.008573414,test,0.017471049
2020-02-13,TLT,0.0043677273,-0.006664474,0.011032201,test,-0.0033185119
2020-02-14,EFA,-0.006378872,-0.049990043,0.043611173,test,-0.062539
2020-02-14,IWM,-0.0021462732,-0.0019863024,0.00015997072,test,-0.016948173
2020-02-14,SPY,-0.002580159,-0.026682755,0.024102597,test,0.01017434
2020-02-14,TLT,0.0068254466,-0.005179796,0.0120052425,test,-0.006664474
2020-02-18,EFA,0.0033395127,-0.06772366,0.071063176,test,-0.049990043
2020-02-18,IWM,0.005119864,-0.020631703,0.025751567,test,-0.0019863024
2020-02-18,SPY,0.004769677,-0.033764765,0.03853444,test,-0.026682755
2020-02-18,TLT,-6.8751324e-05,0.0072696097,0.007338361,test,-0.005179796
2020-02-19,EFA,-0.0059607155,0.02024552,0.026206236,test,-0.06772366
2020-02-19,IWM,0.00243174,0.0025323434,0.00010060333,test,-0.020631703
2020-02-19,SPY,-0.004116452,0.05209656,0.056213014,test,-0.033764765
2020-02-19,TLT,0.007802832,-0.0044363816,0.012239214,test,0.0072696097
2020-02-20,EFA,-0.004676815,0.0054751765,0.010151992,test,0.02024552
2020-02-20,IWM,-0.010181525,0.0072277095,0.017409235,test,0.0025323434
2020-02-20,SPY,-0.010352049,-0.03443736,0.02408531,test,0.05209656
2020-02-20,TLT,0.009297413,0.0041173454,0.0051800674,test,-0.0044363816
2020-02-21,EFA,-0.040816057,-0.028675536,0.012140522,test,0.0054751765
2020-02-21,IWM,-0.030563947,0.048596084,0.079160035,test,0.0072277095
2020-02-21,SPY,-0.03372765,-0.09105487,0.057327222,test,-0.03443736
2020-02-21,TLT,0.014818245,0.010748915,0.0040693292,test,0.0041173454
2020-02-24,EFA,-0.016618341,-0.032457024,0.015838683,test,-0.028675536
2020-02-24,IWM,-0.03618708,0.024967303,0.06115438,test,0.048596084
2020-02-24,SPY,-0.030770939,-0.08503036,0.054259423,test,-0.09105487
2020-02-24,TLT,0.005310171,0.008042315,0.0027321442,test,0.010748915
2020-02-25,EFA,0.0012404174,0.037822366,0.03658195,test,-0.032457024
2020-02-25,IWM,-0.011647023,0.032261945,0.04390897,test,0.024967303
2020-02-25,SPY,-0.003684749,-0.046438865,0.042754117,test,-0.08503036
2020-02-25,TLT,-0.005310171,-0.009869904,0.0045597334,test,0.008042315
2020-02-26,EFA,-0.030045345,0.012584487,0.04262983,test,0.037822366
2020-02-26,IWM,-0.035845257,0.070803784,0.10664904,test,0.032261945
2020-02-26,SPY,-0.04595136,0.0028711949,0.048822552,test,-0.046438865
2020-02-26,TLT,0.010789949,-0.022758432,0.03354838,test,-0.009869904
2020-02-27,EFA,-0.006086911,0.02765266,0.03373957,test,0.012584487
2020-02-27,IWM,-0.018484587,0.020761015,0.0392456,test,0.070803784
2020-02-27,SPY,-0.0042103627,0.09922789,0.10343825,test,0.0028711949
2020-02-27,TLT,0.022332542,0.015741764,0.006590778,test,-0.022758432
2020-02-28,EFA,0.012771563,0.03148529,0.018713728,test,0.02765266
2020-02-28,IWM,0.031614065,0.052721478,0.021107413,test,0.020761015
2020-02-28,SPY,0.042394664,-0.030639848,0.07303451,test,0.09922789
2020-02-28,TLT,-0.0073849265,0.0074873324,0.0148722585,test,0.015741764
2020-03-02,EFA,-0.008123019,-0.069692194,0.061569177,test,0.03148529
2020-03-02,IWM,-0.020604247,0.07273896,0.093343206,test,0.052721478
2020-03-02,SPY,-0.029050298,0.08143424,0.11048454,test,-0.030639848
2020-03-02,TLT,0.015406921,-0.047773845,0.06318077,test,0.0074873324
2020-03-03,EFA,0.029467244,-0.055823497,0.085290745,test,-0.069692194
2020-03-03,IWM,0.028058559,-0.086713135,0.114771694,test,0.07273896
2020-03-03,SPY,0.041173685,-0.014381556,0.05555524,test,0.08143424
2020-03-03,TLT,-0.010675756,-0.06400952,0.05333376,test,-0.047773845
2020-03-04,EFA,-0.026911769,-0.06250804,0.03559627,test,-0.055823497
2020-03-04,IWM,-0.03232555,-0.009069046,0.023256505,test,-0.086713135
2020-03-04,SPY,-0.033806782,0.09931471,0.13312149,test,-0.014381556
2020-03-04,TLT,0.024586873,-0.018330725,0.042917598,test,-0.06400952
2020-03-05,EFA,-0.015108014,-0.11190705,0.09679904,test,-0.06250804
2020-03-05,IWM,-0.020020349,-0.10670522,0.08668487,test,-0.009069046
2020-03-05,SPY,-0.016669055,-0.040220536,0.02355148,test,0.09931471
2020-03-05,TLT,0.050735157,-0.17417364,0.2249088,test,-0.018330725
2020-03-06,EFA,-0.08074458,-0.11507904,0.03433446,test,-0.11190705
2020-03-06,IWM,-0.10228685,-0.12595266,0.023665808,test,-0.10670522
2020-03-06,SPY,-0.08131266,-0.029309863,0.052002795,test,-0.040220536
2020-03-06,TLT,0.026742246,-0.32645905,0.3532013,test,-0.17417364
2020-03-09,EFA,0.03620458,-0.18359625,0.21980083,test,-0.11507904
2020-03-09,IWM,0.030743502,-0.17702554,0.20776904,test,-0.12595266
2020-03-09,SPY,0.050450724,-0.17750601,0.22795674,test,-0.029309863
2020-03-09,TLT,-0.052618593,-0.26997027,0.21735168,test,-0.32645905
2020-03-10,EFA,-0.05230971,-0.07571378,0.023404073,test,-0.18359625
2020-03-10,IWM,-0.06571429,-0.030075407,0.035638884,test,-0.17702554
2020-03-10,SPY,-0.049976606,0.10356997,0.15354657,test,-0.17750601
2020-03-10,TLT,-0.037491858,-0.11586502,0.078373164,test,-0.26997027
2020-03-11,EFA,-0.11642377,-0.04654725,0.06987652,test,-0.07571378
2020-03-11,IWM,-0.11709826,-0.08756851,0.02952975,test,-0.030075407
2020-03-11,SPY,-0.10056908,-0.119085446,0.01851637,test,0.10356997
2020-03-11,TLT,0.0061773495,-0.15163793,0.15781528,test,-0.11586502
2020-03-12,EFA,0.058771897,-0.1573487,0.2161206,test,-0.04654725
2020-03-12,IWM,0.06483433,-0.165852,0.23068632,test,-0.08756851
2020-03-12,SPY,0.082027994,-0.19822085,0.28024885,test,-0.119085446
2020-03-12,TLT,-0.02286234,-0.006284451,0.016577888,test,-0.15163793
2020-03-13,EFA,-0.108915746,0.015031593,0.12394734,test,-0.1573487
2020-03-13,IWM,-0.14233504,0.07918327,0.22151831,test,-0.165852
2020-03-13,SPY,-0.11588642,0.1904148,0.30630124,test,-0.19822085
2020-03-13,TLT,0.06275464,0.17874932,0.115994684,test,-0.006284451
2020-03-16,EFA,0.047534887,-0.25474873,0.3022836,test,0.015031593
2020-03-16,IWM,0.044820957,-0.4450806,0.48990157,test,0.07918327
2020-03-16,SPY,0.05258496,-0.37450135,0.4270863,test,0.1904148
2020-03-16,TLT,-0.06901028,-0.10072957,0.03171929,test,0.17874932
2020-03-17,EFA,-0.058980305,0.014633479,0.073613785,test,-0.25474873
2020-03-17,IWM,-0.08068099,-0.023125155,0.057555832,test,-0.4450806
2020-03-17,SPY,-0.05195985,0.07370892,0.12566876,test,-0.37450135
2020-03-17,TLT,-0.05806616,0.037486203,0.09555236,test,-0.10072957
2020-03-18,EFA,0.015441546,-0.053932592,0.06937414,test,0.014633479
2020-03-18,IWM,0.03826999,-0.21105932,0.2493293,test,-0.023125155
2020-03-18,SPY,0.0021226108,-0.29844075,0.30056337,test,0.07370892
2020-03-18,TLT,0.026861575,0.07967062,0.05280905,test,0.037486203
2020-03-19,EFA,-0.012461878,-0.24805057,0.2355887,test,-0.053932592
2020-03-19,IWM,-0.024067117,-0.2033882,0.17932108,test,-0.21105932
2020-03-19,SPY,-0.04405011,-0.085092545,0.041042436,test,-0.29844075
2020-03-19,TLT,0.072502375,0.2726425,0.20014012,test,0.07967062
2020-03-20,EFA,-0.011758563,-0.18684247,0.1750839,test,-0.24805057
2020-03-20,IWM,-0.014903342,-0.23724113,0.2223378,test,-0.2033882
2020-03-20,SPY,-0.025900844,-0.13589148,0.10999064,test,-0.085092545
2020-03-20,TLT,0.040382754,0.17731507,0.13693231,test,0.2726425
2020-03-23,EFA,0.08133229,-0.31629568,0.39762798,test,-0.18684247
2020-03-23,IWM,0.08754516,-0.24610353,0.33364868,test,-0.23724113
2020-03-23,SPY,0.086730994,0.07225551,0.014475487,test,-0.13589148
2020-03-23,TLT,-0.018789338,0.26040313,0.27919248,test,0.17731507
2020-03-24,EFA,0.03199647,0.035963476,0.0039670058,test,-0.31629568
2020-03-24,IWM,0.012352028,0.23178886,0.21943682,test,-0.24610353
2020-03-24,SPY,0.014859245,0.18908598,0.17422673,test,0.07225551
2020-03-24,TLT,-0.002273901,0.11481815,0.11709205,test,0.26040313
2020-03-25,EFA,0.04376701,0.07399997,0.030232962,test,0.035963476
2020-03-25,IWM,0.06034094,-0.0050973427,0.065438285,test,0.23178886
2020-03-25,SPY,0.056748733,0.20695491,0.15020618,test,0.18908598
2020-03-25,TLT,0.004909599,0.13213763,0.12722802,test,0.11481815
2020-03-26,EFA,-0.02890101,0.22358836,0.2524894,test,0.07399997
2020-03-26,IWM,-0.037062276,0.16604911,0.20311138,test,-0.0050973427
2020-03-26,SPY,-0.030238222,0.26750687,0.29774508,test,0.20695491
2020-03-26,TLT,0.026342802,0.07344675,0.04710395,test,0.13213763
2020-03-27,EFA,0.020039724,0.1365449,0.116505176,test,0.22358836
2020-03-27,IWM,0.02179352,0.046780214,0.024986694,test,0.16604911
2020-03-27,SPY,0.03195927,0.119968295,0.08800903,test,0.26750687
2020-03-27,TLT,-0.0082635125,-0.15817203,0.14990851,test,0.07344675
2020-03-30,EFA,-0.008753055,0.3131588,0.32191187,test,0.1365449
2020-03-30,IWM,-0.005054582,0.2789641,0.2840187,test,0.046780214
2020-03-30,SPY,-0.015017425,0.2907403,0.30575773,test,0.119968295
2020-03-30,TLT,-0.008149397,0.31650284,0.32465222,test,-0.15817203
2020-03-31,EFA,-0.04534497,0.3721369,0.41748187,test,0.3131588
2020-03-31,IWM,-0.070579074,0.36089712,0.4314762,test,0.2789641
2020-03-31,SPY,-0.046049017,0.1714366,0.2174856,test,0.2907403
2020-03-31,TLT,0.013913541,0.06283918,0.04892564,test,0.31650284
