date,ticker,y_true,y_pred,abs_error,dataset_part,signal_for_trade
2019-10-01,EFA,-0.020654937,0.025197674,0.04585261,train,
2019-10-01,IWM,-0.007577251,0.058131527,0.06570878,train,
2019-10-01,SPY,-0.017823065,-0.035659004,0.01783594,train,
2019-10-01,TLT,0.002439904,0.028601434,0.02616153,train,
2019-10-02,EFA,0.006618533,-0.0053562736,0.011974806,train,0.025197674
2019-10-02,IWM,0.0033224847,-0.06932987,0.072652355,train,0.058131527
2019-10-02,SPY,0.008159943,-0.089593545,0.09775349,train,-0.035659004
2019-10-02,TLT,0.009080255,0.0365618,0.027481543,train,0.028601434
2019-10-03,EFA,0.007822273,0.0177158,0.009893527,train,-0.0053562736
2019-10-03,IWM,0.009431027,0.0041793594,0.0052516675,train,-0.06932987
2019-10-03,SPY,0.013441003,0.034649182,0.021208178,train,-0.089593545
2019-10-03,TLT,0.0073560323,0.059810232,0.0524542,train,0.0365618
2019-10-04,EFA,-0.0012474016,0.04101316,0.04226056,train,0.0177158
2019-10-04,IWM,-0.001744671,0.018641155,0.020385826,train,0.0041793594
2019-10-04,SPY,-0.004324244,0.026442558,0.030766802,train,0.034649182
2019-10-04,TLT,-0.008322409,0.05682404,0.065146446,train,0.059810232
2019-10-07,EFA,-0.009405878,0.0015955092,0.011001388,train,0.04101316
2019-10-07,IWM,-0.016388057,0.019373223,0.03576128,train,0.018641155
2019-10-07,SPY,-0.015646292,0.0057264874,0.02137278,train,0.026442558
2019-10-07,TLT,0.002689767,0.03957482,0.036885053,train,0.05682404
2019-10-08,EFA,0.007218958,0.015270536,0.008051578,train,0.0015955092
2019-10-08,IWM,0.004564043,0.1546594,0.15009536,train,0.019373223
2019-10-08,SPY,0.009451889,-0.0004863022,0.009938192,train,0.0057264874
2019-10-08,TLT,-0.005664104,-0.018102907,0.012438802,train,0.03957482
2019-10-09,EFA,0.0070122452,0.10068744,0.09367519,train,0.015270536
2019-10-09,IWM,0.0040019187,-0.0036027012,0.00760462,train,0.1546594
2019-10-09,SPY,0.0067407633,0.06560588,0.058865115,train,-0.0004863022
2019-10-09,TLT,-0.015006689,-0.034857426,0.019850736,train,-0.018102907
2019-10-10,EFA,0.017699653,0.047807205,0.030107552,train,0.10068744
2019-10-10,IWM,0.016782511,0.063125536,0.046343025,train,-0.0036027012
2019-10-10,SPY,0.010313488,0.035697374,0.025383886,train,0.06560588
2019-10-10,TLT,-0.012453992,0.024859797,0.03731379,train,-0.034857426
2019-10-11,EFA,-0.0041275676,-0.0043503745,0.00022280682,train,0.047807205
2019-10-11,IWM,-0.0036685169,0.056824353,0.06049287,train,0.063125536
2019-10-11,SPY,-0.0011144815,0.041733246,0.042847726,train,0.035697374
2019-10-11,TLT,0.007236733,0.030473761,0.023237027,train,0.024859797
2019-10-14,EFA,0.01157501,-0.019605622,0.031180631,train,-0.0043503745
2019-10-14,IWM,0.011426944,-0.13635151,0.14777845,train,0.056824353
2019-10-14,SPY,0.00985154,-0.04201961,0.05187115,train,0.041733246
2019-10-14,TLT,-0.012162296,0.09724663,0.10940893,train,0.030473761
2019-10-15,EFA,0.0015129402,-0.07068695,0.07219989,train,-0.019605622
2019-10-15,IWM,0.0010562567,-0.05756058,0.05861684,train,-0.13635151
2019-10-15,SPY,-0.0016069913,0.106854215,0.10846121,train,-0.04201961
2019-10-15,TLT,0.0012154399,-0.013547408,0.014762849,train,0.09724663
2019-10-16,EFA,0.0024162733,0.015451646,0.013035373,train,-0.07068695
2019-10-16,IWM,0.01174185,-0.01809375,0.0298356,train,-0.05756058
2019-10-16,SPY,0.0029445163,0.0059662433,0.003021727,train,0.106854215
2019-10-16,TLT,-0.002432359,0.09327266,0.095705025,train,-0.013547408
2019-10-17,EFA,-0.0004528461,-0.028863546,0.0284107,train,0.015451646
2019-10-17,IWM,-0.004771944,0.045607816,0.05037976,train,-0.01809375
2019-10-17,SPY,-0.0043868423,-0.031999618,0.027612776,train,0.0059662433
2019-10-17,TLT,0.0,0.035194356,0.035194356,train,0.09327266
2019-10-18,EFA,0.005417826,-0.049815543,0.05523337,train,-0.028863546
2019-10-18,IWM,0.009326514,0.011575797,0.0022492828,train,0.045607816
2019-10-18,SPY,0.0067564882,0.021945465,0.015188977,train,-0.031999618
2019-10-18,TLT,-0.007550766,0.01903991,0.026590677,train,0.035194356
2019-10-21,EFA,-0.0024040837,0.010481876,0.01288596,train,-0.049815543
2019-10-21,IWM,0.0011031147,0.07515139,0.07404827,train,0.011575797
2019-10-21,SPY,-0.0032721362,-0.07335562,0.070083484,train,0.021945465
2019-10-21,TLT,0.0058298004,-0.059249572,0.065079376,train,0.01903991
2019-10-22,EFA,0.0054011527,-0.073092274,0.078493424,train,0.010481876
2019-10-22,IWM,0.0012311399,-0.0495679,0.050799042,train,0.07515139
2019-10-22,SPY,0.0029052622,0.009989445,0.007084183,train,-0.07335562
2019-10-22,TLT,0.0010044153,0.06391971,0.062915295,train,-0.059249572
2019-10-23,EFA,0.0017938289,-0.088015154,0.089808986,train,-0.073092274
2019-10-23,IWM,-0.0014258889,-0.018700343,0.017274454,train,-0.0495679
2019-10-23,SPY,0.001632493,-0.08796449,0.08959699,train,0.009989445
2019-10-23,TLT,-0.0020098404,0.024164911,0.026174752,train,0.06391971
2019-10-24,EFA,0.001045094,-0.0017060945,0.0027511884,train,-0.088015154
2019-10-24,IWM,0.00530453,-0.039113708,0.044418238,train,-0.018700343
2019-10-24,SPY,0.0040866993,-0.042994127,0.047080826,train,-0.08796449
2019-10-24,TLT,-0.004897225,-0.0029422408,0.0019549844,train,0.024164911
2019-10-25,EFA,0.0044663306,-0.06341903,0.06788536,train,-0.0017060945
2019-10-25,IWM,0.008608144,-0.028424036,0.03703218,train,-0.039113708
2019-10-25,SPY,0.0056207976,-0.014409464,0.020030262,train,-0.042994127
2019-10-25,TLT,-0.009137523,-0.009810305,0.00067278184,train,-0.0029422408
2019-10-28,EFA,-0.00029711728,-0.0134282345,0.013131117,train,-0.06341903
2019-10-28,IWM,0.0032567254,0.03308387,0.029827146,train,-0.028424036
2019-10-28,SPY,-0.00029675302,-0.058455195,0.058158442,train,-0.014409464
2019-10-28,TLT,0.00065566617,-0.08699779,0.08765346,train,-0.009810305
2019-10-29,EFA,0.0041519715,0.0067513706,0.002599399,train,-0.0134282345
2019-10-29,IWM,-0.0033207529,-0.044262387,0.040941633,train,0.03308387
2019-10-29,SPY,0.003062503,-0.0028977776,0.0059602805,train,-0.058455195
2019-10-29,TLT,0.0145277,-0.0019645756,0.016492276,train,-0.08699779
2019-10-30,EFA,-0.0023704537,0.0013693804,0.003739834,train,0.0067513706
2019-10-30,IWM,-0.0056449226,-0.02554921,0.019904288,train,-0.044262387
2019-10-30,SPY,-0.0026671092,-0.043869153,0.041202042,train,-0.0028977776
2019-10-30,TLT,0.01340059,-0.09002219,0.10342278,train,-0.0019645756
2019-10-31,EFA,0.00886002,0.003961333,0.004898687,train,0.0013693804
2019-10-31,IWM,0.016903691,0.0070386017,0.009865089,train,-0.02554921
2019-10-31,SPY,0.0092215035,0.039430313,0.03020881,train,-0.043869153
2019-10-31,TLT,-0.0030828477,-0.021377984,0.018295137,train,-0.09002219
2019-11-01,EFA,0.005132357,-0.006269171,0.0114015285,train,0.003961333
2019-11-01,IWM,0.0053617656,-0.014896802,0.020258568,train,0.0070386017
2019-11-01,SPY,0.004009611,-0.0199968,0.024006411,train,0.039430313
2019-11-01,TLT,-0.013249019,-0.007249522,0.005999497,train,-0.021377984
2019-11-04,EFA,-0.001903333,-0.05829147,0.056388136,train,-0.006269171
2019-11-04,IWM,0.0012571379,-0.024510395,0.025767533,train,-0.014896802
2019-11-04,SPY,-0.0011068401,-0.056566156,0.055459317,train,-0.0199968
2019-11-04,TLT,-0.011309846,-0.009619611,0.001690235,train,-0.007249522
2019-11-05,EFA,-0.00043949584,-0.030679978,0.030240482,train,-0.05829147
2019-11-05,IWM,-0.0057973224,-0.017595109,0.011797786,train,-0.024510395
2019-11-05,SPY,0.00022822262,-0.03527844,0.035506662,train,-0.056566156
2019-11-05,TLT,0.006032315,-0.017830875,0.023863189,train,-0.009619611
2019-11-06,EFA,0.003073906,0.019695066,0.01662116,train,-0.030679978
2019-11-06,IWM,0.0026509366,-0.0034871763,0.006138113,train,-0.017595109
2019-11-06,SPY,0.0035104994,-0.016335828,0.019846328,train,-0.03527844
2019-11-06,TLT,-0.018284075,-0.03646444,0.018180367,train,-0.017830875
2019-11-07,EFA,-0.0005846976,0.043330755,0.043915454,train,0.019695066
2019-11-07,IWM,0.002706749,-0.034705017,0.037411764,train,-0.0034871763
2019-11-07,SPY,0.0024631452,0.029923983,0.027460838,train,-0.016335828
2019-11-07,TLT,-0.0042158416,-0.0026210127,0.0015948289,train,-0.03646444
2019-11-08,EFA,-0.0013170404,-0.031300534,0.029983493,train,0.043330755
2019-11-08,IWM,-0.0018874943,0.008827529,0.010715024,train,-0.034705017
2019-11-08,SPY,-0.0019117458,0.0060703224,0.007982068,train,0.029923983
2019-11-08,TLT,0.00066646386,0.006776334,0.00610987,train,-0.0026210127
2019-11-11,EFA,0.00043904863,0.0031082788,0.00266923,train,-0.031300534
2019-11-11,IWM,0.00031474323,0.0010909857,0.00077624246,train,0.008827529
2019-11-11,SPY,0.0021058496,0.009282467,0.007176617,train,0.0060703224
2019-11-11,TLT,0.0045818114,-0.045793924,0.050375737,train,0.006776334
2019-11-12,EFA,-0.003518883,0.04812034,0.05163922,train,0.0031082788
2019-11-12,IWM,-0.0042904187,0.023920089,0.028210508,train,0.0010909857
2019-11-12,SPY,0.00032356696,0.08988179,0.08955823,train,0.009282467
2019-11-12,TLT,0.006468104,0.0006329762,0.005835128,train,-0.045793924
2019-11-13,EFA,-0.0027948625,0.059810992,0.06260586,train,0.04812034
2019-11-13,IWM,-0.00031609673,0.0067173215,0.0070334184,train,0.023920089
2019-11-13,SPY,0.0014548652,0.054185968,0.052731104,train,0.08988179
2019-11-13,TLT,0.010276514,-0.022932824,0.03320934,train,0.0006329762
2019-11-14,EFA,0.0063137454,0.016062334,0.009748589,train,0.059810992
2019-11-14,IWM,0.0051730326,-0.015387324,0.020560356,train,0.0067173215
2019-11-14,SPY,0.0072103296,0.013057464,0.005847134,train,0.054185968
2019-11-14,TLT,-0.0010878739,0.016014349,0.017102223,train,-0.022932824
2019-11-15,EFA,0.0011704171,0.07330376,0.07213334,train,0.016062334
2019-11-15,IWM,-0.0025198157,0.007650689,0.010170504,train,-0.015387324
2019-11-15,SPY,0.0007372417,0.0018775761,0.0011403344,train,0.013057464
2019-11-15,TLT,0.001812842,0.0060737105,0.0042608688,train,0.016014349
2019-11-18,EFA,-0.0013166551,0.020735677,0.022052333,train,0.07330376
2019-11-18,IWM,0.0037148006,0.029606298,0.025891498,train,0.007650689
2019-11-18,SPY,-0.0002883512,0.0043911478,0.004679499,train,0.0018775761
2019-11-18,TLT,0.008298227,-0.001747298,0.010045525,train,0.0060737105
2019-11-19,EFA,-0.0063146716,0.024360169,0.030674841,train,0.020735677
2019-11-19,IWM,-0.0037782604,0.006199491,0.009977751,train,0.029606298
2019-11-19,SPY,-0.003725675,0.05373062,0.057456292,train,0.0043911478
2019-11-19,TLT,0.010294739,-0.017861586,0.028156325,train,-0.001747298
2019-11-20,EFA,-0.0013268841,0.034439553,0.035766438,train,0.024360169
2019-11-20,IWM,-0.0049330937,0.01764715,0.022580244,train,0.006199491
2019-11-20,SPY,-0.0016101759,0.01972583,0.021336006,train,0.05373062
2019-11-20,TLT,-0.0062785684,0.03307299,0.039351556,train,-0.017861586
2019-11-21,EFA,0.0027989116,-0.0048055695,0.007604481,train,0.034439553
2019-11-21,IWM,0.0031020723,0.019264951,0.01616288,train,0.01764715
2019-11-21,SPY,0.0022212346,-0.034072947,0.03629418,train,0.01972583
2019-11-21,TLT,0.0012869686,0.0306599,0.02937293,train,0.03307299
2019-11-22,EFA,0.007912057,0.014398812,0.006486755,train,-0.0048055695
2019-11-22,IWM,0.021013783,0.01579833,0.005215453,train,0.019264951
2019-11-22,SPY,0.00772053,-0.05810914,0.065829664,train,-0.034072947
2019-11-22,TLT,0.002926597,0.007518911,0.004592314,train,0.0306599
2019-11-25,EFA,-0.0005837766,0.044318035,0.04490181,train,0.014398812
2019-11-25,IWM,0.0006805977,-0.03318822,0.03386882,train,0.01579833
2019-11-25,SPY,0.0022629001,-0.032392386,0.034655288,train,-0.05810914
2019-11-25,TLT,0.0058274292,-0.012908318,0.018735748,train,0.007518911
2019-11-26,EFA,0.00262492,0.010525149,0.007900229,train,0.044318035
2019-11-26,IWM,0.0070257345,-0.01742947,0.024455205,train,-0.03318822
2019-11-26,SPY,0.0044474853,-0.035876513,0.040324,train,-0.032392386
2019-11-26,TLT,-0.0029096974,-0.016683187,0.01377349,train,-0.012908318
2019-11-27,EFA,-0.007015495,0.014158125,0.02117362,train,0.010525149
2019-11-27,IWM,-0.00653111,-0.041378055,0.034846947,train,-0.01742947
2019-11-27,SPY,-0.0037155105,0.032209948,0.03592546,train,-0.035876513
2019-11-27,TLT,-0.0021340023,-0.042691868,0.040557865,train,-0.016683187
2019-11-29,EFA,-0.0051465603,-0.016932398,0.011785838,train,0.014158125
2019-11-29,IWM,-0.009815116,0.0039055245,0.013720641,train,-0.041378055
2019-11-29,SPY,-0.00853088,-0.003151915,0.0053789653,train,0.032209948
2019-11-29,TLT,-0.01342259,0.05905653,0.07247912,train,-0.042691868
2019-12-02,EFA,-0.0036925746,0.011162725,0.0148553,train,-0.016932398
2019-12-02,IWM,-0.00318861,0.049517047,0.052705657,train,0.0039055245
2019-12-02,SPY,-0.006729129,-0.00232442,0.0044047087,train,-0.003151915
2019-12-02,TLT,0.020751033,-0.001331727,0.02208276,train,0.05905653
2019-12-03,EFA,0.009132553,-0.010388211,0.019520763,train,0.011162725
2019-12-03,IWM,0.006864859,0.0057918252,0.0010730335,train,0.049517047
2019-12-03,SPY,0.006151317,-0.010439848,0.016591165,train,-0.00232442
2019-12-03,TLT,-0.010035475,-0.13249676,0.12246128,train,-0.001331727
2019-12-04,EFA,-0.0019080137,-0.0026524412,0.00074442744,train,-0.010388211
2019-12-04,IWM,0.000994702,-0.007107266,0.008101968,train,0.0057918252
2019-12-04,SPY,0.001796254,0.0010866085,0.00070964545,train,-0.010439848
2019-12-04,TLT,-0.0048760083,0.02943128,0.034307286,train,-0.13249676
2019-12-05,EFA,0.00906711,-0.048895065,0.057962175,train,-0.0026524412
2019-12-05,IWM,0.011614002,-0.012837841,0.024451844,train,-0.007107266
2019-12-05,SPY,0.009092206,-0.037055515,0.04614772,train,0.0010866085
2019-12-05,TLT,-0.0055501345,0.02597415,0.031524286,train,0.02943128
2019-12-06,EFA,-0.0052547157,0.008734976,0.013989692,train,-0.048895065
2019-12-06,IWM,-0.0019063007,0.026164602,0.028070902,train,-0.012837841
2019-12-06,SPY,-0.0031486098,0.0012173513,0.004365961,train,-0.037055515
2019-12-06,TLT,0.0021657404,0.015731428,0.013565687,train,0.02597415
2019-12-09,EFA,0.00043885913,-0.038692623,0.03913148,train,0.008734976
2019-12-09,IWM,0.00061545405,-0.0145176975,0.015133152,train,0.026164602
2019-12-09,SPY,-0.0011159998,-0.049369417,0.048253417,train,0.0012173513
2019-12-09,TLT,7.220066e-05,0.053430576,0.053358376,train,0.015731428
2019-12-10,EFA,0.0052523487,-0.05051497,0.05576732,train,-0.038692623
2019-12-10,IWM,-0.00030742565,0.05632695,0.056634378,train,-0.0145176975
2019-12-10,SPY,0.002834981,0.017000463,0.014165482,train,-0.049369417
2019-12-10,TLT,0.007830287,-0.053899672,0.06172996,train,0.053430576
2019-12-11,EFA,0.0066715814,-0.005672767,0.012344348,train,-0.05051497
2019-12-11,IWM,0.008575416,0.010424736,0.0018493198,train,0.05632695
2019-12-11,SPY,0.008581887,-0.049377233,0.05795912,train,0.017000463
2019-12-11,TLT,-0.016595064,-0.0019094376,0.014685626,train,-0.053899672
2019-12-12,EFA,0.006914501,0.010976207,0.0040617064,train,-0.005672767
2019-12-12,IWM,-0.0038497283,-0.03577463,0.0319249,train,0.010424736
2019-12-12,SPY,0.0005990186,0.086241215,0.085642196,train,-0.049377233
2019-12-12,TLT,0.011501131,0.010734019,0.0007671118,train,-0.0019094376
2019-12-13,EFA,0.010627933,0.06511225,0.054484315,train,0.010976207
2019-12-13,IWM,0.0070235226,-0.0011445722,0.008168095,train,-0.03577463
2019-12-13,SPY,0.0068463916,-0.006136908,0.0129833,train,0.086241215
2019-12-13,TLT,-0.009030831,0.028896954,0.037927784,train,0.010734019
2019-12-16,EFA,-0.005762108,-0.059582952,0.053820845,train,0.06511225
2019-12-16,IWM,0.0049909246,-0.020135753,0.025126677,train,-0.0011445722
2019-12-16,SPY,0.00021931612,0.003561166,0.00334185,train,-0.006136908
2019-12-16,TLT,-0.0013788559,0.028336857,0.029715713,train,0.028896954
2019-12-17,EFA,-0.001301132,-0.024674423,0.02337329,train,-0.059582952
2019-12-17,IWM,0.0019413275,-0.036315918,0.038257245,train,-0.020135753
2019-12-17,SPY,6.241356e-05,0.0064569535,0.00639454,train,0.003561166
2019-12-17,TLT,-0.008246435,0.04791142,0.056157857,train,0.028336857
2019-12-18,EFA,0.0,-0.04389409,0.04389409,train,-0.024674423
2019-12-18,IWM,0.0042934106,0.015465912,0.011172501,train,-0.036315918
2019-12-18,SPY,0.0040905783,0.012227052,0.008136474,train,0.0064569535
2019-12-18,TLT,0.0015987124,0.030327968,0.028729256,train,0.04791142
2019-12-19,EFA,0.000723302,0.05202384,0.051300537,train,-0.04389409
2019-12-19,IWM,0.0014469813,-0.046868067,0.04831505,train,0.015465912
2019-12-19,SPY,0.0043745604,0.088183835,0.08380927,train,0.012227052
2019-12-19,TLT,0.0013179089,-0.03142624,0.032744147,train,0.030327968
2019-12-20,EFA,0.0015886086,0.04661413,0.04502552,train,0.05202384
2019-12-20,IWM,0.001986261,-0.05103759,0.053023852,train,-0.046868067
2019-12-20,SPY,0.001526555,0.17823498,0.17670843,train,0.088183835
2019-12-20,TLT,-0.001464599,-0.039278705,0.037814107,train,-0.03142624
2019-12-23,EFA,-0.0010107786,-0.054759853,0.053749073,train,0.04661413
2019-12-23,IWM,0.002282429,-0.03652027,0.0388027,train,-0.05103759
2019-12-23,SPY,3.1309773e-05,-0.044419188,0.0444505,train,0.17823498
2019-12-23,TLT,0.0028538175,-0.026504371,0.02935819,train,-0.039278705
2019-12-24,EFA,0.004324527,-0.062005434,0.06632996,train,-0.054759853
2019-12-24,IWM,0.0,-0.001174259,0.001174259,train,-0.03652027
2019-12-24,SPY,0.0053092884,-0.0057798577,0.011089146,train,-0.044419188
2019-12-24,TLT,0.0024087306,-0.037769463,0.040178195,train,-0.026504371
2019-12-26,EFA,0.0017246796,0.081161916,0.07943723,train,-0.062005434
2019-12-26,IWM,-0.0049319854,-0.015481825,0.01054984,train,-0.001174259
2019-12-26,SPY,-0.00024773492,0.042143047,0.042390782,train,-0.0057798577
2019-12-26,TLT,0.0010933187,0.018530805,0.017437486,train,-0.037769463
2019-12-27,EFA,-0.007494771,0.099732935,0.107227705,train,0.081161916
2019-12-27,IWM,-0.0025350277,0.07083769,0.07337272,train,-0.015481825
2019-12-27,SPY,-0.0055285026,0.049070325,0.054598827,train,0.042143047
2019-12-27,TLT,-0.003648076,-0.006659667,0.003011591,train,0.018530805
2019-12-30,EFA,0.004618694,0.10198309,0.097364396,train,0.099732935
2019-12-30,IWM,0.0013892193,0.034578208,0.033188988,train,0.07083769
2019-12-30,SPY,0.0024261095,0.04090201,0.0384759,train,0.049070325
2019-12-30,TLT,-0.009842056,-0.010180051,0.0003379956,train,-0.006659667
2019-12-31,EFA,0.010030384,0.0321556,0.022125214,train,0.10198309
2019-12-31,IWM,0.00066336076,0.010335901,0.00967254,train,0.034578208
2019-12-31,SPY,0.009308695,-0.010138692,0.019447386,train,0.04090201
2019-12-31,TLT,0.01122975,0.06868531,0.05745556,train,-0.010180051
2020-01-02,EFA,-0.012481547,0.057535637,0.07001718,train,0.0321556
2020-01-02,IWM,-0.003928377,0.00067809224,0.004606469,train,0.010335901
2020-01-02,SPY,-0.0076013426,-0.027418625,0.019817282,train,-0.010138692
2020-01-02,TLT,0.015283156,-0.03428341,0.049566567,train,0.06868531
2020-01-03,EFA,0.003890465,0.02940039,0.025509924,train,0.057535637
2020-01-03,IWM,0.001331512,0.0056600356,0.0043285238,train,0.00067809224
2020-01-03,SPY,0.0038078937,0.026786271,0.022978378,train,-0.027418625
2020-01-03,TLT,-0.005695235,-0.0016822694,0.0040129656,train,-0.03428341
2020-01-06,EFA,-0.0027362437,0.026179694,0.028915938,train,0.02940039
2020-01-06,IWM,-0.0033318605,-0.023493946,0.020162085,train,0.0056600356
2020-01-06,SPY,-0.0028158368,-0.03014274,0.027326902,train,0.026786271
2020-01-06,TLT,-0.0049274834,0.018089917,0.023017399,train,-0.0016822694
2020-01-07,EFA,0.0028799353,0.010393743,0.007513808,train,0.026179694
2020-01-07,IWM,0.0030897725,0.049854275,0.0467645,train,-0.023493946
2020-01-07,SPY,0.0053153685,-0.02182617,0.02714154,train,-0.03014274
2020-01-07,TLT,-0.0066332524,0.019417327,0.026050579,train,0.018089917
2020-01-08,EFA,0.0022977688,0.028970987,0.026673218,train,0.010393743
2020-01-08,IWM,0.0012090587,0.005778578,0.0045695193,train,0.049854275
2020-01-08,SPY,0.006758201,-0.030615527,0.03737373,train,-0.02182617
2020-01-08,TLT,0.0035046062,-0.012825477,0.016330084,train,0.019417327
2020-01-09,EFA,-0.0037366669,0.022370309,0.026106976,train,0.028970987
2020-01-09,IWM,-0.00375303,0.053948347,0.057701375,train,0.005778578
2020-01-09,SPY,-0.002881973,-0.022686418,0.019804444,train,-0.030615527
2020-01-09,TLT,0.008851472,-0.034799322,0.043650795,train,-0.012825477
2020-01-10,EFA,0.0051699406,0.026414093,0.021244152,train,0.022370309
2020-01-10,IWM,0.006468079,0.0005141767,0.0059539024,train,0.053948347
2020-01-10,SPY,0.0068537043,0.021871679,0.015017974,train,-0.022686418
2020-01-10,TLT,-0.0030383451,-0.03899064,0.035952292,train,-0.034799322
2020-01-13,EFA,0.0010024364,0.020443738,0.019441301,train,0.026414093
2020-01-13,IWM,0.0036691052,0.027215254,0.023546148,train,0.0005141767
2020-01-13,SPY,-0.0015258165,-0.0038830834,0.0023572668,train,0.021871679
2020-01-13,TLT,0.005130994,-0.022672325,0.02780332,train,-0.03899064
2020-01-14,EFA,0.0,0.03968856,0.03968856,train,0.020443738
2020-01-14,IWM,0.004791354,0.042507317,0.037715964,train,0.027215254
2020-01-14,SPY,0.0022573094,0.015579284,0.013321975,train,-0.0038830834
2020-01-14,TLT,0.006609331,0.014743292,0.008133961,train,-0.022672325
2020-01-15,EFA,0.0041415635,-0.040948745,0.04509031,train,0.03968856
2020-01-15,IWM,0.01282259,0.05583113,0.04300854,train,0.042507317
2020-01-15,SPY,0.008283764,0.015441277,0.007157513,train,0.015579284
2020-01-15,TLT,-0.003155435,-0.043029983,0.039874546,train,0.014743292
2020-01-16,EFA,0.0029880004,0.012278547,0.009290546,train,-0.040948745
2020-01-16,IWM,-0.0027166887,0.00028556772,0.0030022564,train,0.05583113
2020-01-16,SPY,0.00310788,0.009564615,0.0064567346,train,0.015441277
2020-01-16,TLT,-0.0085848905,0.0097527215,0.018337611,train,-0.043029983
2020-01-17,EFA,-0.007988407,0.03107192,0.03906033,train,0.012278547
2020-01-17,IWM,-0.008315353,0.035256434,0.043571785,train,0.00028556772
2020-01-17,SPY,-0.0019599646,0.06802898,0.06998894,train,0.009564615
2020-01-17,TLT,0.010450876,-0.047554027,0.058004905,train,0.0097527215
2020-01-21,EFA,0.0020029945,1.6954727e-05,0.0019860398,train,0.03107192
2020-01-21,IWM,-0.00065607723,0.055948485,0.05660456,train,0.035256434
2020-01-21,SPY,0.00012051853,0.0096585,0.009537981,train,0.06802898
2020-01-21,TLT,0.0035073431,-0.008013695,0.011521038,train,-0.047554027
2020-01-22,EFA,-0.00243266,-0.018940695,0.016508035,train,1.6954727e-05
2020-01-22,IWM,-0.0006566062,-0.00017537829,0.00048122794,train,0.055948485
2020-01-22,SPY,0.0011463606,0.00226581,0.0011194494,train,0.0096585
2020-01-22,TLT,0.0069776727,-0.02762198,0.034599654,train,-0.008013695
2020-01-23,EFA,-0.0043082186,-0.0014603948,0.0028478238,train,-0.018940695
2020-01-23,IWM,-0.012378613,0.019741371,0.032119986,train,-0.00017537829
2020-01-23,SPY,-0.008932839,0.00634865,0.015281489,train,0.00226581
2020-01-23,TLT,0.00805539,-0.020701393,0.028756782,train,-0.02762198
2020-01-24,EFA,-0.020939952,-0.06294865,0.042008698,train,-0.0014603948
2020-01-24,IWM,-0.011432242,-0.018774685,0.007342443,train,0.019741371
2020-01-24,SPY,-0.016159058,-0.021909889,0.005750831,train,0.00634865
2020-01-24,TLT,0.015435239,-0.04523428,0.06066952,train,-0.020701393
2020-01-27,EFA,0.009361122,0.031925816,0.022564694,train,-0.06294865
2020-01-27,IWM,0.008283176,-0.0037621772,0.012045354,train,-0.018774685
2020-01-27,SPY,0.010424312,0.014677768,0.0042534554,train,-0.021909889
2020-01-27,TLT,-0.0078628445,0.028625458,0.036488302,train,-0.04523428
2020-01-28,EFA,0.00014513754,-0.0067215413,0.0068666786,train,0.031925816
2020-01-28,IWM,-0.005717662,0.024796046,0.030513708,train,-0.0037621772
2020-01-28,SPY,-0.0008263687,0.008237957,0.009064326,train,0.014677768
2020-01-28,TLT,0.009732148,0.011984087,0.002251939,train,0.028625458
2020-01-29,EFA,-0.0008735346,-0.018924829,0.018051295,train,-0.0067215413
2020-01-29,IWM,0.0,-0.015019249,0.015019249,train,0.024796046
2020-01-29,SPY,0.0032402044,-0.0056318864,0.008872091,train,0.008237957
2020-01-29,TLT,0.00013871351,-0.05056147,0.050700184,train,0.011984087
2020-01-30,EFA,-0.0170442,-0.012146021,0.0048981784,train,-0.018924829
2020-01-30,IWM,-0.020958774,0.0058713416,0.026830114,train,-0.015019249
2020-01-30,SPY,-0.018324835,-0.024629124,0.0063042883,train,-0.0056318864
2020-01-30,TLT,0.009088182,-0.03893769,0.048025873,train,-0.05056147
2020-01-31,EFA,0.0023681712,0.043399714,0.041031543,train,-0.012146021
2020-01-31,IWM,0.011088993,0.03881563,0.027726635,train,0.0058713416
2020-01-31,SPY,0.0074010836,0.003028744,0.0043723397,train,-0.024629124
2020-01-31,TLT,-0.00081045885,-0.061638113,0.060827654,train,-0.03893769
2020-02-03,EFA,0.01656812,0.024933,0.008364879,train,0.043399714
2020-02-03,IWM,0.014980849,0.042238753,0.027257904,train,0.03881563
2020-02-03,SPY,0.015126152,0.04314589,0.02801974,train,0.003028744
2020-02-03,TLT,-0.013558352,-0.048380543,0.03482219,train,-0.061638113
2020-02-04,EFA,0.009551402,0.060955804,0.0514044,train,0.024933
2020-02-04,IWM,0.015297635,-0.040443845,0.05574148,train,0.042238753
2020-02-04,SPY,0.011481867,-0.004079411,0.015561278,train,0.04314589
2020-02-04,TLT,-0.010995385,0.018327646,0.02932303,train,-0.048380543
2020-02-05,EFA,0.0027329638,0.035194214,0.032461252,train,0.060955804
2020-02-05,IWM,-0.0022739237,-0.08113645,0.078862526,train,-0.040443845
2020-02-05,SPY,0.0033589622,0.027403448,0.024044486,train,-0.004079411
2020-02-05,TLT,0.0044964887,-0.030048244,0.034544732,train,0.018327646
2020-02-06,EFA,-0.009525342,0.0057627307,0.015288073,train,0.035194214
2020-02-06,IWM,-0.01235623,-0.042527925,0.030171696,train,-0.08113645
2020-02-06,SPY,-0.0053437385,0.025514748,0.030858487,train,0.027403448
2020-02-06,TLT,0.012400945,0.020720001,0.008319057,train,-0.030048244
2020-02-07,EFA,0.0020280147,0.009149612,0.0071215974,train,0.0057627307
2020-02-07,IWM,0.005624367,0.04599827,0.040373906,train,-0.042527925
2020-02-07,SPY,0.007437561,0.10708941,0.09965184,train,0.025514748
2020-02-07,TLT,0.0027657526,0.01302541,0.010259657,train,0.020720001
2020-02-10,EFA,0.006778664,-0.032163102,0.038941767,train,0.009149612
2020-02-10,IWM,0.00691187,-0.024197374,0.031109244,train,0.04599827
2020-02-10,SPY,0.0017318081,0.01694468,0.015212872,train,0.10708941
2020-02-10,TLT,-0.005053322,0.02308628,0.028139602,train,0.01302541
2020-02-11,EFA,0.0034437212,0.0059174197,0.0024736985,train,-0.032163102
2020-02-11,IWM,0.006864228,-0.056437824,0.063302055,train,-0.024197374
2020-02-11,SPY,0.0064221756,0.048155107,0.04173293,train,0.01694468
2020-02-11,TLT,-0.005079051,-0.0096790455,0.0045999945,train,0.02308628
2020-02-12,EFA,-0.007043424,-0.020451084,0.01340766,train,0.0059174197
2020-02-12,IWM,0.0026138474,-0.023567319,0.026181167,train,-0.056437824
2020-02-12,SPY,-0.0010678977,-0.0015904913,0.0005225936,train,0.048155107
2020-02-12,TLT,0.0038297498,0.027569998,0.023740249,train,-0.0096790455
2020-02-13,EFA,-0.0017325818,-0.008924882,0.0071923,train,-0.020451084
2020-02-13,IWM,-0.0038639852,-0.019087665,0.01522368,train,-0.023567319
2020-02-13,SPY,0.001600926,0.034965698,0.033364773,train,-0.0015904913
2020-02-13,TLT,0.0043677273,0.0036316523,0.000736075,train,0.027569998
2020-02-14,EFA,-0.006378872,-0.029376913,0.02299804,train,-0.008924882
2020-02-14,IWM,-0.0021462732,0.06701779,0.06916407,train,-0.019087665
2020-02-14,SPY,-0.002580159,0.017974716,0.020554874,train,0.034965698
2020-02-14,TLT,0.0068254466,-0.008360696,0.015186142,train,0.0036316523
2020-02-18,EFA,0.0033395127,-0.025981355,0.029320868,train,-0.029376913
2020-02-18,IWM,0.005119864,0.053394977,0.048275113,train,0.06701779
2020-02-18,SPY,0.004769677,1.2836419e-05,0.0047568404,train,0.017974716
2020-02-18,TLT,-6.8751324e-05,0.024676181,0.024744933,train,-0.008360696
2020-02-19,EFA,-0.0059607155,-0.02855583,0.022595113,train,-0.025981355
2020-02-19,IWM,0.00243174,-0.025733989,0.028165728,train,0.053394977
2020-02-19,SPY,-0.004116452,-0.04602765,0.041911196,train,1.2836419e-05
2020-02-19,TLT,0.007802832,-0.033632778,0.04143561,train,0.024676181
2020-02-20,EFA,-0.004676815,-0.06823281,0.063556,train,-0.02855583
2020-02-20,IWM,-0.010181525,-0.011448563,0.0012670383,train,-0.025733989
2020-02-20,SPY,-0.010352049,-0.0050693406,0.0052827084,train,-0.04602765
2020-02-20,TLT,0.009297413,0.040425237,0.031127825,train,-0.033632778
2020-02-21,EFA,-0.040816057,-0.017705265,0.023110792,train,-0.06823281
2020-02-21,IWM,-0.030563947,0.017064463,0.04762841,train,-0.011448563
2020-02-21,SPY,-0.03372765,0.02011484,0.05384249,train,-0.0050693406
2020-02-21,TLT,0.014818245,0.03664206,0.021823816,train,0.040425237
2020-02-24,EFA,-0.016618341,0.055422727,0.072041065,train,-0.017705265
2020-02-24,IWM,-0.03618708,0.025128704,0.061315782,train,0.017064463
2020-02-24,SPY,-0.030770939,0.03563944,0.06641038,train,0.02011484
2020-02-24,TLT,0.005310171,-0.0005741706,0.0058843414,train,0.03664206
2020-02-25,EFA,0.0012404174,-0.008859145,0.010099563,train,0.055422727
2020-02-25,IWM,-0.011647023,0.0027350122,0.0143820355,train,0.025128704
2020-02-25,SPY,-0.003684749,-0.0005327789,0.00315197,train,0.03563944
2020-02-25,TLT,-0.005310171,0.07978629,0.08509646,train,-0.0005741706
2020-02-26,EFA,-0.030045345,0.022898879,0.052944224,train,-0.008859145
2020-02-26,IWM,-0.035845257,0.02044348,0.056288738,train,0.0027350122
2020-02-26,SPY,-0.04595136,0.07783584,0.1237872,train,-0.0005327789
2020-02-26,TLT,0.010789949,0.042938694,0.032148745,train,0.07978629
2020-02-27,EFA,-0.006086911,-0.02021302,0.014126108,train,0.022898879
2020-02-27,IWM,-0.018484587,-0.033460636,0.014976049,train,0.02044348
2020-02-27,SPY,-0.0042103627,-0.13578205,0.13157168,train,0.07783584
2020-02-27,TLT,0.022332542,0.037029147,0.0146966055,train,0.042938694
2020-02-28,EFA,0.012771563,0.09539745,0.08262589,train,-0.02021302
2020-02-28,IWM,0.031614065,0.05150042,0.019886356,train,-0.033460636
2020-02-28,SPY,0.042394664,0.05630709,0.013912424,train,-0.13578205
2020-02-28,TLT,-0.0073849265,0.036148295,0.04353322,train,0.037029147
2020-03-02,EFA,-0.008123019,0.014462971,0.02258599,train,0.09539745
2020-03-02,IWM,-0.020604247,0.08868105,0.109285295,train,0.05150042
2020-03-02,SPY,-0.029050298,-0.06674435,0.03769405,train,0.05630709
2020-03-02,TLT,0.015406921,0.020551555,0.0051446343,train,0.036148295
2020-03-03,EFA,0.029467244,0.010805269,0.018661976,train,0.014462971
2020-03-03,IWM,0.028058559,0.12064925,0.09259069,train,0.08868105
2020-03-03,SPY,0.041173685,-0.22131036,0.26248404,train,-0.06674435
2020-03-03,TLT,-0.010675756,-0.007513839,0.0031619174,train,0.020551555
2020-03-04,EFA,-0.026911769,0.0414026,0.06831437,train,0.010805269
2020-03-04,IWM,-0.03232555,-0.04895224,0.01662669,train,0.12064925
2020-03-04,SPY,-0.033806782,-0.040251154,0.0064443722,train,-0.22131036
2020-03-04,TLT,0.024586873,0.009840286,0.014746587,train,-0.007513839
2020-03-05,EFA,-0.015108014,0.07276435,0.08787236,train,0.0414026
2020-03-05,IWM,-0.020020349,0.10071603,0.12073638,train,-0.04895224
2020-03-05,SPY,-0.016669055,-0.040037517,0.023368461,train,-0.040251154
2020-03-05,TLT,0.050735157,-0.08940038,0.14013554,train,0.009840286
2020-03-06,EFA,-0.08074458,0.1013987,0.18214327,train,0.07276435
2020-03-06,IWM,-0.10228685,0.10023034,0.2025172,train,0.10071603
2020-03-06,SPY,-0.08131266,-0.09755,0.01623734,train,-0.040037517
2020-03-06,TLT,0.026742246,0.03714512,0.010402873,train,-0.08940038
2020-03-09,EFA,0.03620458,0.08168668,0.045482103,train,0.1013987
2020-03-09,IWM,0.030743502,-0.028932739,0.05967624,train,0.10023034
2020-03-09,SPY,0.050450724,-0.014988291,0.065439016,train,-0.09755
2020-03-09,TLT,-0.052618593,-0.05024665,0.0023719445,train,0.03714512
2020-03-10,EFA,-0.05230971,-0.16397674,0.11166704,train,0.08168668
2020-03-10,IWM,-0.06571429,-0.06104652,0.004667774,train,-0.028932739
2020-03-10,SPY,-0.049976606,-0.06624474,0.01626813,train,-0.014988291
2020-03-10,TLT,-0.037491858,-0.07729958,0.039807722,train,-0.05024665
2020-03-11,EFA,-0.11642377,-0.044924762,0.071499005,train,-0.16397674
2020-03-11,IWM,-0.11709826,-0.043587748,0.07351051,train,-0.06104652
2020-03-11,SPY,-0.10056908,-0.07985874,0.020710334,train,-0.06624474
2020-03-11,TLT,0.0061773495,-0.05627726,0.06245461,train,-0.07729958
2020-03-12,EFA,0.058771897,0.04342794,0.015343957,train,-0.044924762
2020-03-12,IWM,0.06483433,-0.10463269,0.16946702,train,-0.043587748
2020-03-12,SPY,0.082027994,-0.0151867,0.09721469,train,-0.07985874
2020-03-12,TLT,-0.02286234,-0.12754838,0.104686044,train,-0.05627726
2020-03-13,EFA,-0.108915746,0.04239623,0.15131198,train,0.04342794
2020-03-13,IWM,-0.14233504,-0.1526308,0.010295764,train,-0.10463269
2020-03-13,SPY,-0.11588642,-0.11186355,0.0040228665,train,-0.0151867
2020-03-13,TLT,0.06275464,-0.19831616,0.2610708,train,-0.12754838
2020-03-16,EFA,0.047534887,0.073088296,0.025553409,train,0.04239623
2020-03-16,IWM,0.044820957,0.0111778015,0.033643156,train,-0.1526308
2020-03-16,SPY,0.05258496,0.06958467,0.016999707,train,-0.11186355
2020-03-16,TLT,-0.06901028,-0.18760972,0.11859944,train,-0.19831616
2020-03-17,EFA,-0.058980305,0.13477702,0.19375733,train,0.073088296
2020-03-17,IWM,-0.08068099,-0.27536586,0.19468486,train,0.0111778015
2020-03-17,SPY,-0.05195985,-0.017240647,0.034719203,train,0.06958467
2020-03-17,TLT,-0.05806616,-0.07234819,0.014282033,train,-0.18760972
2020-03-18,EFA,0.015441546,-0.27333772,0.28877926,train,0.13477702
2020-03-18,IWM,0.03826999,-0.05935053,0.09762052,train,-0.27536586
2020-03-18,SPY,0.0021226108,-0.06704888,0.06917149,train,-0.017240647
2020-03-18,TLT,0.026861575,-0.15826374,0.18512532,train,-0.07234819
2020-03-19,EFA,-0.012461878,-0.13091816,0.11845628,train,-0.27333772
2020-03-19,IWM,-0.024067117,-0.1972765,0.17320938,train,-0.05935053
2020-03-19,SPY,-0.04405011,0.027589109,0.07163922,train,-0.06704888
2020-03-19,TLT,0.072502375,0.006879528,0.065622844,train,-0.15826374
2020-03-20,EFA,-0.011758563,-0.12150361,0.10974504,train,-0.13091816
2020-03-20,IWM,-0.014903342,-0.21303713,0.1981338,train,-0.1972765
2020-03-20,SPY,-0.025900844,0.072418556,0.0983194,train,0.027589109
2020-03-20,TLT,0.040382754,0.009565619,0.030817136,train,0.006879528
2020-03-23,EFA,0.08133229,0.07329449,0.008037798,train,-0.12150361
2020-03-23,IWM,0.08754516,0.09876649,0.011221334,train,-0.21303713
2020-03-23,SPY,0.086730994,0.21743202,0.13070104,train,0.072418556
2020-03-23,TLT,-0.018789338,-0.12997568,0.11118634,train,0.009565619
2020-03-24,EFA,0.03199647,-0.07680236,0.10879883,train,0.07329449
2020-03-24,IWM,0.012352028,-0.1742268,0.18657884,train,0.09876649
2020-03-24,SPY,0.014859245,0.03187753,0.017018285,train,0.21743202
2020-03-24,TLT,-0.002273901,-0.31111106,0.30883718,train,-0.12997568
2020-03-25,EFA,0.04376701,0.16401258,0.120245576,train,-0.07680236
2020-03-25,IWM,0.06034094,0.026917834,0.033423107,train,-0.1742268
2020-03-25,SPY,0.056748733,-0.02730525,0.08405398,train,0.03187753
2020-03-25,TLT,0.004909599,0.034293044,0.029383445,train,-0.31111106
2020-03-26,EFA,-0.02890101,0.038404066,0.06730507,train,0.16401258
2020-03-26,IWM,-0.037062276,0.017162155,0.05422443,train,0.026917834
2020-03-26,SPY,-0.030238222,0.18005614,0.21029437,train,-0.02730525
2020-03-26,TLT,0.026342802,-0.0018382398,0.028181043,train,0.034293044
2020-03-27,EFA,0.020039724,-0.00979318,0.029832903,train,0.038404066
2020-03-27,IWM,0.02179352,-0.2800487,0.3018422,train,0.017162155
2020-03-27,SPY,0.03195927,0.040539715,0.008580446,train,0.18005614
2020-03-27,TLT,-0.0082635125,-0.061014116,0.052750602,train,-0.0018382398
2020-03-30,EFA,-0.008753055,0.03666996,0.045423012,train,-0.00979318
2020-03-30,IWM,-0.005054582,0.06681369,0.07186827,train,-0.2800487
2020-03-30,SPY,-0.015017425,-0.030051243,0.015033818,train,0.040539715
2020-03-30,TLT,-0.008149397,0.048780557,0.056929953,train,-0.061014116
2020-03-31,EFA,-0.04534497,0.20045426,0.24579924,train,0.03666996
2020-03-31,IWM,-0.070579074,0.0030727135,0.07365179,train,0.06681369
2020-03-31,SPY,-0.046049017,0.0304477,0.07649672,train,-0.030051243
2020-03-31,TLT,0.013913541,0.14835335,0.13443981,train,0.048780557
2020-04-01,EFA,0.01938425,0.07186795,0.0524837,train,0.20045426
2020-04-01,IWM,0.009424735,-0.1778199,0.18724462,train,0.0030727135
2020-04-01,SPY,0.022813214,-0.16174659,0.1845598,train,0.0304477
2020-04-01,TLT,0.0063256393,0.07993621,0.07361057,train,0.14835335
2020-04-02,EFA,-0.023109931,0.004317996,0.027427927,train,0.07186795
2020-04-02,IWM,-0.028736176,-0.0018174341,0.026918743,train,-0.1778199
2020-04-02,SPY,-0.014559682,0.29120645,0.30576614,train,-0.16174659
2020-04-02,TLT,0.0023762078,0.019181274,0.016805066,train,0.07993621
2020-04-03,EFA,0.051685978,0.14790307,0.096217096,train,0.004317996
2020-04-03,IWM,0.07377323,-0.17114837,0.2449216,train,-0.0018174341
2020-04-03,SPY,0.06500691,-0.06931729,0.1343242,train,0.29120645
2020-04-03,TLT,-0.002614496,0.06939676,0.072011255,train,0.019181274
2020-04-06,EFA,0.00558143,-0.058358043,0.063939475,train,0.14790307
2020-04-06,IWM,0.0025713653,0.0332752,0.030703833,train,-0.17114837
2020-04-06,SPY,0.001018691,0.31091115,0.30989245,train,-0.06931729
2020-04-06,TLT,-0.010527644,-0.09340623,0.08287859,train,0.06939676
2020-04-07,EFA,0.0081302,0.101517454,0.09338725,train,-0.058358043
2020-04-07,IWM,0.044598345,-0.09915802,0.14375636,train,0.0332752
2020-04-07,SPY,0.033017464,0.061583128,0.028565664,train,0.31091115
2020-04-07,TLT,-0.0073024156,-0.08172094,0.07441852,train,-0.09340623
2020-04-08,EFA,0.02238283,0.088341735,0.0659589,train,0.101517454
2020-04-08,IWM,0.046743143,-0.021367807,0.06811095,train,-0.09915802
2020-04-08,SPY,0.0151026845,-0.02594303,0.041045714,train,0.061583128
2020-04-08,TLT,0.0018154603,-0.023907643,0.025723103,train,-0.08172094
2020-04-09,EFA,-0.009583141,-0.05863957,0.04905643,train,0.088341735
2020-04-09,IWM,-0.027450565,0.003668827,0.031119391,train,-0.021367807
2020-04-09,SPY,-0.0091720475,-0.042848196,0.033676147,train,-0.02594303
2020-04-09,TLT,-0.009172147,-0.061356124,0.05218398,train,-0.023907643
2020-04-13,EFA,0.017648451,0.042056475,0.024408024,train,-0.05863957
2020-04-13,IWM,0.020067938,-0.034536857,0.054604795,train,0.003668827
2020-04-13,SPY,0.029066158,-0.023861706,0.052927867,train,-0.042848196
2020-04-13,TLT,-0.00024398179,-0.04725146,0.04700748,train,-0.061356124
2020-04-14,EFA,-0.031737186,0.063645296,0.09538248,train,0.042056475
2020-04-14,IWM,-0.041650064,0.15440737,0.19605744,train,-0.034536857
2020-04-14,SPY,-0.02147687,0.06398441,0.08546128,train,-0.023861706
2020-04-14,TLT,0.026144559,0.026096117,4.8441812e-05,train,-0.04725146
2020-04-15,EFA,0.0005525904,0.053890985,0.053338394,train,0.063645296
2020-04-15,IWM,-0.007583638,-0.10902314,0.1014395,train,0.15440737
2020-04-15,SPY,0.0048127896,0.082681745,0.07786895,train,0.06398441
2020-04-15,TLT,0.011292648,0.003504797,0.0077878507,train,0.026096117
2020-04-16,EFA,0.026173823,-0.06105171,0.087225534,train,0.053890985
2020-04-16,IWM,0.043108173,-0.03791933,0.08102751,train,-0.10902314
2020-04-16,SPY,0.026656706,0.027078707,0.00042200089,train,0.082681745
2020-04-16,TLT,-0.013494956,0.117562324,0.13105728,train,0.003504797
2020-04-17,EFA,-0.015002406,-0.002387329,0.012615077,train,-0.06105171
2020-04-17,IWM,-0.0118675595,0.008452346,0.020319905,train,-0.03791933
2020-04-17,SPY,-0.017775074,0.058133688,0.075908765,train,0.027078707
2020-04-17,TLT,0.008012322,-0.06864977,0.07666209,train,0.117562324
2020-04-20,EFA,-0.019678943,-0.08641754,0.0667386,train,-0.002387329
2020-04-20,IWM,-0.02416646,-0.04461645,0.02044999,train,0.008452346
2020-04-20,SPY,-0.03083376,-0.054453533,0.023619773,train,0.058133688
2020-04-20,TLT,0.01251296,-0.026965246,0.039478205,train,-0.06864977
2020-04-21,EFA,0.016760616,-0.06580507,0.08256569,train,-0.08641754
2020-04-21,IWM,0.012072592,-0.10644853,0.118521124,train,-0.04461645
2020-04-21,SPY,0.02195213,-0.0016489355,0.023601066,train,-0.054453533
2020-04-21,TLT,-0.010269091,-0.12186445,0.11159536,train,-0.026965246
2020-04-22,EFA,-0.0031097757,0.0020392789,0.0051490543,train,-0.06580507
2020-04-22,IWM,0.009769748,0.020299409,0.010529661,train,-0.10644853
2020-04-22,SPY,-7.188931e-05,0.0220032,0.022075089,train,-0.0016489355
2020-04-22,TLT,0.0052947393,0.0007837517,0.0045109876,train,-0.12186445
2020-04-23,EFA,0.01147649,-0.059356928,0.070833415,train,0.0020392789
2020-04-23,IWM,0.017055117,0.02574281,0.008687694,train,0.020299409
2020-04-23,SPY,0.013842473,0.010913548,0.0029289247,train,0.0220032
2020-04-23,TLT,0.0023437291,-0.033884063,0.036227793,train,0.0007837517
2020-04-24,EFA,0.013135727,-0.017744146,0.030879874,train,-0.059356928
2020-04-24,IWM,0.038856145,-0.023397686,0.062253833,train,0.02574281
2020-04-24,SPY,0.014315394,0.059315,0.044999607,train,0.010913548
2020-04-24,TLT,-0.01878905,-0.041087884,0.022298835,train,-0.033884063
2020-04-27,EFA,0.007479912,-0.050498135,0.05797805,train,-0.017744146
2020-04-27,IWM,0.014432507,0.0862814,0.07184889,train,-0.023397686
2020-04-27,SPY,-0.004608733,0.0063595744,0.010968307,train,0.059315
2020-04-27,TLT,0.011445778,0.013485295,0.0020395163,train,-0.041087884
2020-04-28,EFA,0.024710074,0.0065353764,0.018174697,train,-0.050498135
2020-04-28,IWM,0.048011575,0.14107579,0.09306422,train,0.0862814
2020-04-28,SPY,0.025841571,0.10507113,0.079229556,train,0.0063595744
2020-04-28,TLT,-0.0052025337,-0.043436646,0.038234115,train,0.013485295
2020-04-29,EFA,-0.020990875,-0.057311755,0.03632088,train,0.0065353764
2020-04-29,IWM,-0.03876016,0.110156626,0.14891678,train,0.14107579
2020-04-29,SPY,-0.009354253,0.014715434,0.024069687,train,0.10507113
2020-04-29,TLT,-0.011745891,-0.005932134,0.0058137565,train,-0.043436646
2020-04-30,EFA,-0.0219827,0.058750402,0.080733106,train,-0.057311755
2020-04-30,IWM,-0.04048318,0.036941748,0.07742493,train,0.110156626
2020-04-30,SPY,-0.026830325,-0.04893175,0.022101426,train,0.014715434
2020-04-30,TLT,0.008527122,-0.039758835,0.048285957,train,-0.005932134
2020-05-01,EFA,-0.0003614633,0.019498292,0.019859755,train,0.058750402
2020-05-01,IWM,0.004305903,-0.034077752,0.038383655,train,0.036941748
2020-05-01,SPY,0.0027543057,0.031733613,0.028979307,train,-0.04893175
2020-05-01,TLT,-0.0047152094,-0.022617001,0.017901791,train,-0.039758835
2020-05-04,EFA,0.001805682,-0.07932272,0.0811284,train,0.019498292
2020-05-04,IWM,0.0076883263,0.041296605,0.03360828,train,-0.034077752
2020-05-04,SPY,0.009197107,0.019578401,0.010381294,train,0.031733613
2020-05-04,TLT,-0.006421072,0.021747805,0.028168878,train,-0.022617001
2020-05-05,EFA,-0.006516882,-0.1397768,0.1332599,train,-0.07932272
2020-05-05,IWM,-0.0073701623,-0.13791408,0.13054392,train,0.041296605
2020-05-05,SPY,-0.006801712,-0.022492044,0.015690332,train,0.019578401
2020-05-05,TLT,-0.01626759,0.018232614,0.034500204,train,0.021747805
2020-05-06,EFA,0.014962005,-0.02620643,0.041168436,train,-0.1397768
2020-05-06,IWM,0.013588668,-0.11457889,0.12816755,train,-0.13791408
2020-05-06,SPY,0.011994202,-0.020903055,0.032897256,train,-0.022492044
2020-05-06,TLT,0.016568093,-0.07835862,0.094926715,train,0.018232614
2020-05-07,EFA,0.016854916,-0.116059035,0.13291395,train,-0.02620643
2020-05-07,IWM,0.037879746,-0.057666566,0.09554631,train,-0.11457889
2020-05-07,SPY,0.016410783,-0.045182098,0.06159288,train,-0.020903055
2020-05-07,TLT,-0.013086205,0.091729715,0.10481592,train,-0.07835862
2020-05-08,EFA,-0.0008799185,-0.033064175,0.032184258,train,-0.116059035
2020-05-08,IWM,-0.004998924,0.010472537,0.015471461,train,-0.057666566
2020-05-08,SPY,0.00020500916,-0.02740885,0.027613858,train,-0.045182098
2020-05-08,TLT,-0.007836709,-0.009892768,0.0020560594,train,0.091729715
2020-05-11,EFA,-0.012759436,-0.04881993,0.036060493,train,-0.033064175
2020-05-11,IWM,-0.036575712,0.004254314,0.040830027,train,0.010472537
2020-05-11,SPY,-0.020132354,0.05293114,0.07306349,train,-0.02740885
2020-05-11,TLT,0.010211924,-0.044535138,0.05474706,train,-0.009892768
2020-05-12,EFA,-0.0076986575,-0.096697025,0.08899837,train,-0.04881993
2020-05-12,IWM,-0.034045435,-0.053413294,0.019367859,train,0.004254314
2020-05-12,SPY,-0.017844204,0.008887484,0.026731689,train,0.05293114
2020-05-12,TLT,0.0069724736,-0.07335515,0.08032763,train,-0.044535138
2020-05-13,EFA,-0.009571109,0.097538754,0.10710986,train,-0.096697025
2020-05-13,IWM,0.0032539985,0.13426997,0.13101597,train,-0.053413294
2020-05-13,SPY,0.0118960105,-0.06596303,0.077859044,train,0.008887484
2020-05-13,TLT,0.009739868,-0.031605903,0.04134577,train,-0.07335515
2020-05-14,EFA,0.0009068958,0.035243157,0.03433626,train,0.097538754
2020-05-14,IWM,0.015794,0.09640777,0.08061377,train,0.13426997
2020-05-14,SPY,0.004586535,0.09413231,0.08954578,train,-0.06596303
2020-05-14,TLT,-0.0025769062,0.013298863,0.015875768,train,-0.031605903
2020-05-15,EFA,0.03963192,0.0309629,0.0086690225,train,0.035243157
2020-05-15,IWM,0.058986645,0.10239415,0.043407504,train,0.09640777
2020-05-15,SPY,0.030004939,0.026504401,0.003500538,train,0.09413231
2020-05-15,TLT,-0.022197993,0.011288171,0.033486165,train,0.013298863
2020-05-18,EFA,-0.013860964,0.0038645295,0.017725494,train,0.0309629
2020-05-18,IWM,-0.019944342,0.21308824,0.23303258,train,0.10239415
2020-05-18,SPY,-0.010324298,0.0997671,0.110091396,train,0.026504401
2020-05-18,TLT,0.003733998,-0.0019661607,0.005700159,train,0.011288171
2020-05-19,EFA,0.02063347,-0.094524466,0.11515793,train,0.0038645295
2020-05-19,IWM,0.029844211,-0.024153836,0.053998046,train,0.21308824
2020-05-19,SPY,0.016845625,0.031228118,0.014382493,train,0.0997671
2020-05-19,TLT,0.0029897846,-0.010657496,0.013647281,train,-0.0019661607
2020-05-20,EFA,-0.011663447,-0.06117031,0.04950686,train,-0.094524466
2020-05-20,IWM,0.0017891994,0.030504927,0.028715728,train,-0.024153836
2020-05-20,SPY,-0.0069281356,-0.063357025,0.05642889,train,0.031228118
2020-05-20,TLT,0.0024944101,-0.024336312,0.026830722,train,-0.010657496
2020-05-21,EFA,-0.0028055103,-0.08365576,0.08085025,train,-0.06117031
2020-05-21,IWM,0.0048308,0.045784052,0.040953252,train,0.030504927
2020-05-21,SPY,0.0018974761,0.043098442,0.041200966,train,-0.063357025
2020-05-21,TLT,0.0059974645,0.07874481,0.07274734,train,-0.024336312
2020-05-22,EFA,0.028219758,-0.07078218,0.09900194,train,-0.08365576
2020-05-22,IWM,0.028429981,0.04345077,0.015020788,train,0.045784052
2020-05-22,SPY,0.0122449435,0.011135791,0.0011091521,train,0.043098442
2020-05-22,TLT,-0.013499883,0.07697001,0.0904699,train,0.07874481
2020-05-26,EFA,0.012047369,-0.05314419,0.06519156,train,-0.07078218
2020-05-26,IWM,0.030583762,0.049768846,0.019185085,train,0.04345077
2020-05-26,SPY,0.0147697255,0.0018490748,0.012920651,train,0.011135791
2020-05-26,TLT,-0.0018386644,-0.0059231995,0.004084535,train,0.07697001
2020-05-27,EFA,0.009400665,-0.060027037,0.0694277,train,-0.05314419
2020-05-27,IWM,-0.023976445,0.043983866,0.06796031,train,0.049768846
2020-05-27,SPY,-0.0018470744,-0.064397246,0.06255017,train,0.0018490748
2020-05-27,TLT,-0.0036868323,0.03715936,0.04084619,train,-0.0059231995
2020-05-28,EFA,-0.0035150158,-0.068922944,0.06540793,train,-0.060027037
2020-05-28,IWM,-0.005743217,-0.022010565,0.016267348,train,0.043983866
2020-05-28,SPY,0.0044464953,-0.03638141,0.040827904,train,-0.064397246
2020-05-28,TLT,0.007115308,-0.050683852,0.05779916,train,0.03715936
2020-05-29,EFA,0.02205561,-0.02457337,0.04662898,train,-0.068922944
2020-05-29,IWM,0.009529898,-0.03966136,0.04919126,train,-0.022010565
2020-05-29,SPY,0.0040335557,-0.034866553,0.038900107,train,-0.03638141
2020-05-29,TLT,-0.0067549176,-0.07378161,0.06702669,train,-0.050683852
2020-06-01,EFA,0.009305284,-0.10786166,0.117166944,train,-0.02457337
2020-06-01,IWM,0.008237804,-0.002787494,0.011025298,train,-0.03966136
2020-06-01,SPY,0.008245839,-0.119500585,0.12774642,train,-0.034866553
2020-06-01,TLT,-0.0036415712,0.07013537,0.07377694,train,-0.07378161
2020-06-02,EFA,0.023606202,-0.10767439,0.13128059,train,-0.10786166
2020-06-02,IWM,0.023831598,0.031034127,0.0072025284,train,-0.002787494
2020-06-02,SPY,0.013220535,-0.01686174,0.030082274,train,-0.119500585
2020-06-02,TLT,-0.013386678,-0.031302005,0.017915327,train,0.07013537
2020-06-03,EFA,-0.0042942273,-0.104727045,0.10043282,train,-0.10767439
2020-06-03,IWM,-0.0014510396,0.13834822,0.13979927,train,0.031034127
2020-06-03,SPY,-0.0026300123,0.026849117,0.02947913,train,-0.01686174
2020-06-03,TLT,-0.0145851355,-0.0015751002,0.013010035,train,-0.031302005
2020-06-04,EFA,0.01706729,-0.12842005,0.14548734,train,-0.104727045
2020-06-04,IWM,0.037932295,0.06193832,0.024006024,train,0.13834822
2020-06-04,SPY,0.025306392,-0.009401116,0.03470751,train,0.026849117
2020-06-04,TLT,-0.0071492745,0.041748542,0.048897818,train,-0.0015751002
2020-06-05,EFA,0.012921512,-0.06993732,0.08285883,train,-0.12842005
2020-06-05,IWM,0.019191,0.23980732,0.22061633,train,0.06193832
2020-06-05,SPY,0.01201493,0.08564313,0.073628195,train,-0.009401116
2020-06-05,TLT,0.003836555,-0.073606096,0.07744265,train,0.041748542
2020-06-08,EFA,-0.013078177,-0.08418776,0.071109585,train,-0.06993732
2020-06-08,IWM,-0.018658647,-0.05131848,0.032659836,train,0.23980732
2020-06-08,SPY,-0.0074845664,0.0530457,0.060530268,train,0.08564313
2020-06-08,TLT,0.011294514,0.11809839,0.10680388,train,-0.073606096
2020-06-09,EFA,-0.0021965415,-0.0131935,0.010996958,train,-0.08418776
2020-06-09,IWM,-0.027528131,0.058684897,0.08621303,train,-0.05131848
2020-06-09,SPY,-0.005595383,0.011561093,0.017156476,train,0.0530457
2020-06-09,TLT,0.014718872,0.11238617,0.09766729,train,0.11809839
2020-06-10,EFA,-0.05504488,-0.0040227203,0.051022157,train,-0.0131935
2020-06-10,IWM,-0.07934172,0.006715906,0.086057626,train,0.058684897
2020-06-10,SPY,-0.059377465,0.022673432,0.0820509,train,0.011561093
2020-06-10,TLT,0.018723788,-0.06388341,0.082607195,train,0.11238617
2020-06-11,EFA,0.017111484,0.10921607,0.092104584,train,-0.0040227203
2020-06-11,IWM,0.023711422,0.26990166,0.24619024,train,0.006715906
2020-06-11,SPY,0.01190426,0.049153756,0.037249498,train,0.022673432
2020-06-11,TLT,-0.009687657,-0.011862683,0.0021750266,train,-0.06388341
2020-06-12,EFA,0.0040944633,0.033092584,0.028998122,train,0.10921607
2020-06-12,IWM,0.022856643,0.070798025,0.04794138,train,0.26990166
2020-06-12,SPY,0.009292429,-0.0632786,0.07257103,train,0.049153756
2020-06-12,TLT,0.0005542711,0.025415048,0.024860777,train,-0.011862683
2020-06-15,EFA,0.01228225,0.046530884,0.034248635,train,0.033092584
2020-06-15,IWM,0.023759395,0.0075748833,0.016184513,train,0.070798025
2020-06-15,SPY,0.019064847,0.0012097405,0.017855108,train,-0.0632786
2020-06-15,TLT,-0.015452522,-0.01665001,0.001197488,train,0.025415048
2020-06-16,EFA,0.0037363828,0.019850641,0.01611426,train,0.046530884
2020-06-16,IWM,-0.01824271,0.03349151,0.05173422,train,0.0075748833
2020-06-16,SPY,-0.00416252,0.048874915,0.053037435,train,0.0012097405
2020-06-16,TLT,0.004119068,-0.029051516,0.033170585,train,-0.01665001
2020-06-17,EFA,-0.005365214,-0.022932727,0.017567514,train,0.019850641
2020-06-17,IWM,-0.00035249168,0.062328164,0.062680654,train,0.03349151
2020-06-17,SPY,0.00038501652,0.24835156,0.24796654,train,0.048874915
2020-06-17,TLT,0.010532903,-0.008222851,0.018755753,train,-0.029051516
2020-06-18,EFA,-0.004902841,-0.06082875,0.05592591,train,-0.022932727
2020-06-18,IWM,-0.0051641944,0.08060843,0.08577262,train,0.062328164
2020-06-18,SPY,-0.005731274,0.03614117,0.04187244,train,0.24835156
2020-06-18,TLT,0.00080055126,-0.00024219882,0.0010427501,train,-0.008222851
2020-06-19,EFA,0.011888396,-0.031528845,0.04341724,train,-0.06082875
2020-06-19,IWM,0.009950933,0.119645044,0.10969411,train,0.08060843
2020-06-19,SPY,0.0063945353,0.03957909,0.033184554,train,0.03614117
2020-06-19,TLT,0.00012321636,-0.008150316,0.008273533,train,-0.00024219882
2020-06-22,EFA,0.0054892986,0.036869437,0.03138014,train,-0.031528845
2020-06-22,IWM,0.004204575,0.16487984,0.16067527,train,0.119645044
2020-06-22,SPY,0.0045933705,0.045151416,0.040558048,train,0.03957909
2020-06-22,TLT,-0.0068583745,-0.01370762,0.0068492456,train,-0.008150316
2020-06-23,EFA,-0.025933191,-0.07150764,0.04557445,train,0.036869437
2020-06-23,IWM,-0.032985732,0.1365285,0.16951424,train,0.16487984
2020-06-23,SPY,-0.025839873,0.047561403,0.07340127,train,0.045151416
2020-06-23,TLT,0.010668794,-0.0067042923,0.017373085,train,-0.01370762
2020-06-24,EFA,0.014110188,-0.024273127,0.038383316,train,-0.07150764
2020-06-24,IWM,0.014992608,-0.10308745,0.11808006,train,0.1365285
2020-06-24,SPY,0.010663428,-0.0066449186,0.017308347,train,0.047561403
2020-06-24,TLT,0.0028787474,-0.05002416,0.052902907,train,-0.0067042923
2020-06-25,EFA,-0.014606096,-0.026802193,0.0121960975,train,-0.024273127
2020-06-25,IWM,-0.02728221,-0.026741847,0.0005403627,train,-0.10308745
2020-06-25,SPY,-0.024037901,0.07090698,0.09494488,train,-0.0066449186
2020-06-25,TLT,0.010646207,-0.024751704,0.03539791,train,-0.05002416
2020-06-26,EFA,0.008067945,-0.046418443,0.054486386,train,-0.026802193
2020-06-26,IWM,0.032182977,0.096516795,0.06433382,train,-0.026741847
2020-06-26,SPY,0.014590626,0.04990873,0.035318106,train,0.07090698
2020-06-26,TLT,-0.0031516918,-0.07008247,0.06693078,train,-0.024751704
2020-06-29,EFA,-0.0018053523,0.030634105,0.03243946,train,-0.046418443
2020-06-29,IWM,0.014349992,0.044375394,0.0300254,train,0.096516795
2020-06-29,SPY,0.012728232,0.116729364,0.104001135,train,0.04990873
2020-06-29,TLT,-0.0048682448,-0.060934193,0.056065947,train,-0.07008247
2020-06-30,EFA,0.003771231,0.069127604,0.065356374,train,0.030634105
2020-06-30,IWM,-0.009543515,0.07511428,0.084657796,train,0.044375394
2020-06-30,SPY,0.0069803083,0.0983884,0.091408096,train,0.116729364
2020-06-30,TLT,-0.0019441246,0.026409637,0.028353762,train,-0.060934193
2020-07-01,EFA,0.010905976,-0.053004537,0.063910514,train,0.069127604
2020-07-01,IWM,0.0040813037,-0.05890535,0.06298665,train,0.07511428
2020-07-01,SPY,0.0054915654,0.03224614,0.026754573,train,0.0983884
2020-07-01,TLT,0.0010393197,0.0033982554,0.0023589358,train,0.026409637
2020-07-02,EFA,0.016218731,0.031796526,0.015577795,train,-0.053004537
2020-07-02,IWM,0.0072071943,-0.017157339,0.024364533,train,-0.05890535
2020-07-02,SPY,0.015319317,0.02714355,0.0118242325,train,0.03224614
2020-07-02,TLT,-0.0041033775,0.010267642,0.01437102,train,0.0033982554
2020-07-06,EFA,-0.014762826,0.02259804,0.037360866,train,0.031796526
2020-07-06,IWM,-0.017867716,-0.051660974,0.033793256,train,-0.017157339
2020-07-06,SPY,-0.010367116,0.04357436,0.053941473,train,0.02714355
2020-07-06,TLT,0.013957843,0.008223989,0.005733854,train,0.010267642
2020-07-07,EFA,0.008371087,-0.059017073,0.06738816,train,0.02259804
2020-07-07,IWM,0.007424947,-0.16931655,0.1767415,train,-0.051660974
2020-07-07,SPY,0.00761941,0.056693386,0.049073976,train,0.04357436
2020-07-07,TLT,-0.0040024887,-0.017499492,0.013497002,train,0.008223989
2020-07-08,EFA,-0.011447334,-0.012612463,0.0011651292,train,-0.059017073
2020-07-08,IWM,-0.020427274,-0.0921346,0.07170733,train,-0.16931655
2020-07-08,SPY,-0.0057089766,0.040570125,0.046279103,train,0.056693386
2020-07-08,TLT,0.015796686,-0.028983492,0.04478018,train,-0.017499492
2020-07-09,EFA,0.0106454855,-0.015297447,0.025942933,train,-0.012612463
2020-07-09,IWM,0.015978854,-0.06724471,0.08322357,train,-0.0921346
2020-07-09,SPY,0.010158548,0.03361805,0.023459503,train,0.040570125
2020-07-09,TLT,-0.005037337,-0.022950947,0.01791361,train,-0.028983492
2020-07-10,EFA,-0.0064381785,-0.029191844,0.022753665,train,-0.015297447
2020-07-10,IWM,-0.01274793,0.013771058,0.02651899,train,-0.06724471
2020-07-10,SPY,-0.008696626,-0.022516228,0.013819602,train,0.03361805
2020-07-10,TLT,0.00330107,-0.032997373,0.036298443,train,-0.022950947
2020-07-13,EFA,0.014586826,0.061774988,0.047188163,train,-0.029191844
2020-07-13,IWM,0.016420895,0.08362557,0.06720468,train,0.013771058
2020-07-13,SPY,0.012875666,0.013167365,0.00029169954,train,-0.022516228
2020-07-13,TLT,0.0014369428,-0.00021381583,0.0016507587,train,-0.032997373
2020-07-14,EFA,0.011235463,-0.02376685,0.035002314,train,0.061774988
2020-07-14,IWM,0.03600754,0.008832551,0.027174987,train,0.08362557
2020-07-14,SPY,0.0091453055,0.004012502,0.0051328037,train,0.013167365
2020-07-14,TLT,-0.0046780957,-0.037039667,0.03236157,train,-0.00021381583
2020-07-15,EFA,-0.006472511,-0.032686345,0.026213834,train,-0.02376685
2020-07-15,IWM,-0.005934779,0.053311486,0.059246264,train,0.008832551
2020-07-15,SPY,-0.0032986803,-0.021958537,0.018659856,train,0.004012502
2020-07-15,TLT,0.004738271,-0.015453965,0.020192236,train,-0.037039667
2020-07-16,EFA,0.005842926,-0.0044716503,0.010314576,train,-0.032686345
2020-07-16,IWM,0.0029375749,-0.024904035,0.027841609,train,0.053311486
2020-07-16,SPY,0.0028948677,-0.030425377,0.033320244,train,-0.021958537
2020-07-16,TLT,-0.00209668,-0.029116057,0.027019378,train,-0.015453965
2020-07-17,EFA,0.004869057,0.008378812,0.0035097552,train,-0.0044716503
2020-07-17,IWM,-0.0043068947,-0.04358109,0.039274197,train,-0.024904035
2020-07-17,SPY,0.008049294,-0.027725495,0.03577479,train,-0.030425377
2020-07-17,TLT,0.0024549495,-0.02868979,0.03114474,train,-0.029116057
2020-07-20,EFA,0.0020349596,0.030032534,0.027997574,train,0.008378812
2020-07-20,IWM,0.01408217,-0.08164955,0.09573172,train,-0.04358109
2020-07-20,SPY,0.0021249182,-0.023124974,0.025249893,train,-0.027725495
2020-07-20,TLT,0.0005979843,-0.050130825,0.05072881,train,-0.02868979
2020-07-21,EFA,0.0026549543,0.010538009,0.007883055,train,0.030032534
2020-07-21,IWM,0.0005405795,0.03761385,0.03707327,train,-0.08164955
2020-07-21,SPY,0.0056759706,-0.040744193,0.046420164,train,-0.023124974
2020-07-21,TLT,0.002984246,-0.022212159,0.025196405,train,-0.050130825
2020-07-22,EFA,-0.00798575,-0.0021938449,0.0057919053,train,0.010538009
2020-07-22,IWM,0.0010121797,0.02586862,0.02485644,train,0.03761385
2020-07-22,SPY,-0.01200369,-0.036163386,0.024159696,train,-0.040744193
2020-07-22,TLT,0.01161379,-0.052668322,0.06428211,train,-0.022212159
2020-07-23,EFA,-0.0055174567,-0.033597026,0.02807957,train,-0.0021938449
2020-07-23,IWM,-0.014812956,0.02210465,0.036917605,train,0.02586862
2020-07-23,SPY,-0.006461184,0.018109802,0.024570987,train,-0.036163386
2020-07-23,TLT,-5.850036e-05,-0.040719196,0.040660694,train,-0.052668322
2020-07-24,EFA,0.013035007,-0.010232947,0.023267955,train,-0.033597026
2020-07-24,IWM,0.01035146,0.06919483,0.05884337,train,0.02210465
2020-07-24,SPY,0.0072662616,-0.019930838,0.0271971,train,0.018109802
2020-07-24,TLT,-0.0037187506,-0.04939479,0.045676038,train,-0.040719196
2020-07-27,EFA,-0.0064178016,0.021064896,0.027482698,train,-0.010232947
2020-07-27,IWM,-0.010009264,0.025335886,0.03534515,train,0.06919483
2020-07-27,SPY,-0.0063626682,-0.029961992,0.023599323,train,-0.019930838
2020-07-27,TLT,0.0068952963,-0.002489197,0.009384493,train,-0.04939479
2020-07-28,EFA,0.010466355,0.0075520994,0.0029142555,train,0.021064896
2020-07-28,IWM,0.02179565,0.104864016,0.08306837,train,0.025335886
2020-07-28,SPY,0.012223698,-0.0025314456,0.014755144,train,-0.029961992
2020-07-28,TLT,-0.0017051668,-0.01982763,0.018122464,train,-0.002489197
2020-07-29,EFA,-0.014873051,0.021190774,0.036063824,train,0.0075520994
2020-07-29,IWM,-0.0039580073,0.027974728,0.031932734,train,0.104864016
2020-07-29,SPY,-0.0035742142,-0.034081668,0.030507453,train,-0.0025314456
2020-07-29,TLT,0.006567378,-0.033592183,0.04015956,train,-0.01982763
2020-07-30,EFA,-0.021523153,0.031211361,0.052734517,train,0.021190774
2020-07-30,IWM,-0.009455828,0.0384417,0.047897525,train,0.027974728
2020-07-30,SPY,0.007870907,-0.0059913676,0.013862275,train,-0.034081668
2020-07-30,TLT,-0.0006431226,-0.04590495,0.045261826,train,-0.033592183
2020-07-31,EFA,0.019312644,0.058549326,0.03923668,train,0.031211361
2020-07-31,IWM,0.016155336,-0.00887231,0.025027646,train,0.0384417
2020-07-31,SPY,0.0069284774,-0.0009370111,0.0078654885,train,-0.0059913676
2020-07-31,TLT,-0.005047548,-0.015749894,0.0107023455,train,-0.04590495
2020-08-03,EFA,0.0055174567,0.02384461,0.018327154,train,0.058549326
2020-08-03,IWM,0.006854099,-0.02566266,0.03251676,train,-0.00887231
2020-08-03,SPY,0.0038550226,-0.03185352,0.035708543,train,-0.0009370111
2020-08-03,TLT,0.009486934,0.011526759,0.0020398246,train,-0.015749894
2020-08-04,EFA,0.0032958358,0.00603447,0.0027386344,train,0.02384461
2020-08-04,IWM,0.019700063,-0.044935666,0.06463573,train,-0.02566266
2020-08-04,SPY,0.0061919214,-0.015410292,0.021602213,train,-0.03185352
2020-08-04,TLT,-0.008781489,-0.042602208,0.03382072,train,0.011526759
2020-08-05,EFA,0.0010963433,-0.04015834,0.04125468,train,0.00603447
2020-08-05,IWM,-0.00039040463,0.012682448,0.013072853,train,-0.044935666
2020-08-05,SPY,0.006662005,-0.024314497,0.030976502,train,-0.015410292
2020-08-05,TLT,0.0055705705,0.0031764274,0.002394143,train,-0.042602208
2020-08-06,EFA,-0.004077761,-0.049923338,0.045845576,train,-0.04015834
2020-08-06,IWM,0.01574754,0.030779708,0.0150321685,train,0.012682448
2020-08-06,SPY,0.0007176108,-0.019612066,0.020329677,train,-0.024314497
2020-08-06,TLT,-0.006688482,-0.01666805,0.0099795675,train,0.0031764274
2020-08-07,EFA,0.003294872,-0.07433667,0.07763154,train,-0.049923338
2020-08-07,IWM,0.010319906,0.0793942,0.069074295,train,0.030779708
2020-08-07,SPY,0.0029846618,0.011924756,0.008940094,train,-0.019612066
2020-08-07,TLT,-0.00448333,0.011322289,0.015805619,train,-0.01666805
2020-08-10,EFA,0.0035962397,0.023706842,0.020110603,train,-0.07433667
2020-08-10,IWM,-0.005783772,0.07704394,0.08282772,train,0.0793942
2020-08-10,SPY,-0.00828915,0.0057106586,0.013999809,train,0.011924756
2020-08-10,TLT,-0.011956255,-0.025921501,0.013965246,train,0.011322289
2020-08-11,EFA,0.021921348,0.01653504,0.005386308,train,0.023706842
2020-08-11,IWM,0.004071184,0.03523455,0.031163365,train,0.07704394
2020-08-11,SPY,0.013846193,0.04133389,0.027487699,train,0.0057106586
2020-08-11,TLT,-0.009137914,0.052847784,0.061985698,train,-0.025921501
2020-08-12,EFA,-0.004438168,0.014149983,0.018588152,train,0.01653504
2020-08-12,IWM,-0.0020971312,0.03344041,0.03553754,train,0.03523455
2020-08-12,SPY,-0.0018094139,-0.053216595,0.05140718,train,0.04133389
2020-08-12,TLT,-0.010746215,0.026762024,0.037508238,train,0.052847784
2020-08-13,EFA,-0.006153699,-0.022465102,0.016311403,train,0.014149983
2020-08-13,IWM,-0.00063643605,0.07682811,0.07746454,train,0.03344041
2020-08-13,SPY,2.9652036e-05,0.006884848,0.006855196,train,-0.053216595
2020-08-13,TLT,-0.0039142086,-0.047690865,0.043776657,train,0.026762024
2020-08-14,EFA,0.007533204,-0.049014844,0.056548048,train,-0.022465102
2020-08-14,IWM,0.005142891,0.06814817,0.06300528,train,0.07682811
2020-08-14,SPY,0.003171698,-0.028912399,0.032084096,train,0.006884848
2020-08-14,TLT,0.0025086869,-0.020277724,0.02278641,train,-0.047690865
2020-08-17,EFA,-0.0006128707,0.057986524,0.058599394,train,-0.049014844
2020-08-17,IWM,-0.009608799,0.08422631,0.09383511,train,0.06814817
2020-08-17,SPY,0.0021580157,-0.014171484,0.016329499,train,-0.028912399
2020-08-17,TLT,0.0071271444,-0.045135386,0.05226253,train,-0.020277724
2020-08-18,EFA,-0.0044543906,-0.023606095,0.019151704,train,0.057986524
2020-08-18,IWM,6.351845e-05,0.014912731,0.014849213,train,0.08422631
2020-08-18,SPY,-0.004172308,-0.022485036,0.018312728,train,-0.014171484
2020-08-18,TLT,-0.0062707937,0.023125768,0.029396562,train,-0.045135386
2020-08-19,EFA,-0.0032379024,0.06582932,0.069067225,train,-0.023606095
2020-08-19,IWM,-0.004100295,0.03217117,0.036271468,train,0.014912731
2020-08-19,SPY,0.0031086935,-0.0228061,0.025914794,train,-0.022485036
2020-08-19,TLT,0.008997828,-0.04424524,0.053243067,train,0.023125768
2020-08-20,EFA,-0.0051094894,0.010104806,0.015214296,train,0.06582932
2020-08-20,IWM,-0.0074104634,0.017288186,0.024698649,train,0.03217117
2020-08-20,SPY,0.0035409578,-0.03460737,0.03814833,train,-0.0228061
2020-08-20,TLT,0.005975012,0.078766584,0.07279157,train,-0.04424524
2020-08-21,EFA,0.013108092,0.040778354,0.02767026,train,0.010104806
2020-08-21,IWM,0.010423598,0.0070257345,0.0033978634,train,0.017288186
2020-08-21,SPY,0.010082258,-0.021586273,0.03166853,train,-0.03460737
2020-08-21,TLT,-0.0016262094,0.06306977,0.06469598,train,0.078766584
2020-08-24,EFA,0.0006128897,-0.009665805,0.010278694,train,0.040778354
2020-08-24,IWM,0.0010871605,0.014539775,0.013452615,train,0.0070257345
2020-08-24,SPY,0.0034931293,-0.048101284,0.051594414,train,-0.021586273
2020-08-24,TLT,-0.0076828795,0.029457971,0.03714085,train,0.06306977
2020-08-25,EFA,0.005801602,0.016059507,0.010257905,train,-0.009665805
2020-08-25,IWM,-0.006285273,-0.005414257,0.0008710162,train,0.014539775
2020-08-25,SPY,0.009975628,-0.011333174,0.021308802,train,-0.048101284
2020-08-25,TLT,-0.0038331773,-0.029938813,0.026105637,train,0.029457971
2020-08-26,EFA,-0.010251891,0.020331759,0.03058365,train,0.016059507
2020-08-26,IWM,0.0024421527,0.036472727,0.034030575,train,-0.005414257
2020-08-26,SPY,0.002184504,-0.014224651,0.016409155,train,-0.011333174
2020-08-26,TLT,-0.01715572,-0.0024440615,0.0147116585,train,-0.029938813
2020-08-27,EFA,0.007049891,0.014157143,0.0071072523,train,0.020331759
2020-08-27,IWM,0.008436347,0.003297125,0.0051392224,train,0.036472727
2020-08-27,SPY,0.0064381496,0.008439199,0.0020010495,train,-0.014224651
2020-08-27,TLT,-0.0007446523,0.015998837,0.016743489,train,-0.0024440615
2020-08-28,EFA,-0.0076651694,4.033558e-06,0.007669203,train,0.014157143
2020-08-28,IWM,-0.010814375,0.03876589,0.049580265,train,0.003297125
2020-08-28,SPY,-0.00362869,-0.0012270613,0.0024016288,train,0.008439199
2020-08-28,TLT,0.006618943,0.026141487,0.019522544,train,0.015998837
2020-08-31,EFA,0.0010766437,0.022958506,0.021881862,train,4.033558e-06
2020-08-31,IWM,0.011387191,0.018856477,0.007469286,train,0.03876589
2020-08-31,SPY,0.009374082,0.018351179,0.0089770965,train,-0.0012270613
2020-08-31,TLT,0.011373067,-0.028713726,0.04008679,train,0.026141487
2020-09-01,EFA,0.013285662,-0.004198773,0.017484434,train,0.022958506
2020-09-01,IWM,0.007919582,0.019152813,0.011233231,train,0.018856477
2020-09-01,SPY,0.014360647,-0.028248947,0.042609595,train,0.018351179
2020-09-01,TLT,0.009475404,-0.0016333638,0.011108768,train,-0.028713726
2020-09-02,EFA,-0.022862686,0.036310278,0.059172966,train,-0.004198773
2020-09-02,IWM,-0.02997925,-0.009760245,0.020219006,train,0.019152813
2020-09-02,SPY,-0.03502043,0.015352164,0.050372593,train,-0.028248947
2020-09-02,TLT,0.0028370272,-0.045602378,0.048439406,train,-0.0016333638
2020-09-03,EFA,0.0013958403,-0.024689276,0.026085116,train,0.036310278
2020-09-03,IWM,-0.0063931267,0.016391162,0.022784289,train,-0.009760245
2020-09-03,SPY,-0.008198196,-0.089510866,0.08131267,train,0.015352164
2020-09-03,TLT,-0.019171173,0.058429282,0.07760046,train,-0.045602378
2020-09-04,EFA,-0.012319692,0.043835804,0.056155495,train,-0.024689276
2020-09-04,IWM,-0.019428331,5.8851205e-05,0.019487184,train,0.016391162
2020-09-04,SPY,-0.027703172,-0.038620584,0.010917412,train,-0.089510866
2020-09-04,TLT,0.006125945,0.013153489,0.0070275436,train,0.058429282
2020-09-08,EFA,0.018500293,0.025563184,0.0070628915,train,0.043835804
2020-09-08,IWM,0.015034172,0.019602414,0.0045682425,train,5.8851205e-05
2020-09-08,SPY,0.019554889,-0.032427814,0.0519827,train,-0.038620584
2020-09-08,TLT,-0.0026907495,-0.051737428,0.049046677,train,0.013153489
2020-09-09,EFA,-0.01177576,-0.011758352,1.7408282e-05,train,0.025563184
2020-09-09,IWM,-0.013100707,-0.012070878,0.0010298286,train,0.019602414
2020-09-09,SPY,-0.017515926,-0.04245101,0.024935083,train,-0.032427814
2020-09-09,TLT,0.005069964,-0.040041063,0.045111027,train,-0.051737428
2020-09-10,EFA,0.009925733,-0.011986549,0.021912282,train,-0.011758352
2020-09-10,IWM,-0.006682814,-0.0099981865,0.0033153724,train,-0.012070878
2020-09-10,SPY,0.00050869735,-0.069994286,0.07050298,train,-0.04245101
2020-09-10,TLT,0.0021304511,-0.025132049,0.0272625,train,-0.040041063
2020-09-11,EFA,0.0053866836,-0.024707537,0.030094221,train,-0.011986549
2020-09-11,IWM,0.026008662,0.0069698254,0.019038837,train,-0.0099981865
2020-09-11,SPY,0.0130855655,0.036792554,0.023706988,train,-0.069994286
2020-09-11,TLT,-6.0898008e-05,-0.006697892,0.0066369944,train,-0.025132049
2020-09-14,EFA,0.0064257868,-0.010226128,0.016651914,train,-0.024707537
2020-09-14,IWM,0.0018924072,-0.014484623,0.01637703,train,0.0069698254
2020-09-14,SPY,0.0050393743,0.034117315,0.02907794,train,0.036792554
2020-09-14,TLT,-0.0024350064,-0.012301101,0.009866095,train,-0.006697892
2020-09-15,EFA,0.0,-0.004466503,0.004466503,train,-0.010226128
2020-09-15,IWM,0.009409849,-0.07655913,0.08596897,train,-0.014484623
2020-09-15,SPY,-0.0039763255,0.018683024,0.02265935,train,0.034117315
2020-09-15,TLT,-0.002991218,-0.065263115,0.062271897,train,-0.012301101
2020-09-16,EFA,0.001371863,-0.010225306,0.01159717,train,-0.004466503
2020-09-16,IWM,-0.0073252805,-0.018932216,0.011606935,train,-0.07655913
2020-09-16,SPY,-0.008834341,0.0027618455,0.011596186,train,0.018683024
2020-09-16,TLT,0.0030518244,-0.074271716,0.07732354,train,-0.065263115
2020-09-17,EFA,-0.008104869,-0.01146732,0.0033624507,train,-0.010225306
2020-09-17,IWM,-0.002606177,-0.053846996,0.05124082,train,-0.018932216
2020-09-17,SPY,-0.011579357,0.025864031,0.03744339,train,0.0027618455
2020-09-17,TLT,-0.0031125057,-0.016756643,0.0136441365,train,-0.074271716
2020-09-18,EFA,-0.025660252,-0.040235955,0.014575703,train,-0.01146732
2020-09-18,IWM,-0.035659935,0.061909687,0.09756962,train,-0.053846996
2020-09-18,SPY,-0.011192028,0.012758595,0.023950623,train,0.025864031
2020-09-18,TLT,0.005061394,-0.017307762,0.022369156,train,-0.016756643
2020-09-21,EFA,-0.00031530304,0.027884785,0.028200088,train,-0.040235955
2020-09-21,IWM,0.0076771327,0.015214386,0.0075372537,train,0.061909687
2020-09-21,SPY,0.010132888,0.005268735,0.0048641535,train,0.012758595
2020-09-21,TLT,-0.0007912504,-0.026924562,0.026133312,train,-0.017307762
2020-09-22,EFA,-0.008386672,0.086912185,0.09529886,train,0.027884785
2020-09-22,IWM,-0.030245015,-0.015488896,0.01475612,train,0.015214386
2020-09-22,SPY,-0.02346431,-0.028893635,0.0054293238,train,0.005268735
2020-09-22,TLT,0.0013380058,-0.04570071,0.047038715,train,-0.026924562
2020-09-23,EFA,-0.0009539087,0.011061599,0.012015508,train,0.086912185
2020-09-23,IWM,0.0,0.0064453045,0.0064453045,train,-0.015488896
2020-09-23,SPY,0.0026622524,0.061273124,0.05861087,train,-0.028893635
2020-09-23,TLT,0.0038228752,-0.026131146,0.02995402,train,-0.04570071
2020-09-24,EFA,0.0033348498,-0.0065280106,0.009862861,train,0.011061599
2020-09-24,IWM,0.016111545,0.031534925,0.01542338,train,0.0064453045
2020-09-24,SPY,0.016037727,-0.012691024,0.02872875,train,0.061273124
2020-09-24,TLT,0.0,-0.043085635,0.043085635,train,-0.026131146
2020-09-25,EFA,0.014947866,0.024856031,0.009908165,train,-0.0065280106
2020-09-25,IWM,0.024357807,0.0086535225,0.015704285,train,0.031534925
2020-09-25,SPY,0.016472608,0.016486987,1.4379621e-05,train,-0.012691024
2020-09-25,TLT,-0.0028497276,-0.029587,0.026737273,train,-0.043085635
2020-09-28,EFA,-0.0010939449,0.05316044,0.054254387,train,0.024856031
2020-09-28,IWM,-0.0045433096,-0.11027053,0.10572722,train,0.0086535225
2020-09-28,SPY,-0.0054608737,0.025349434,0.030810308,train,0.016486987
2020-09-28,TLT,0.0011523177,-0.010417254,0.011569572,train,-0.029587
2020-09-29,EFA,-0.0048585148,-0.035726514,0.030868,train,0.05316044
2020-09-29,IWM,0.0030090709,-0.04042811,0.04343718,train,-0.11027053
2020-09-29,SPY,0.0075533176,0.010910382,0.003357064,train,0.025349434
2020-09-29,TLT,-0.009631049,-0.0074775694,0.0021534795,train,-0.010417254
2020-09-30,EFA,0.005796245,-0.05712105,0.06291729,train,-0.035726514
2020-09-30,IWM,0.015829451,0.049915444,0.034085993,train,-0.04042811
2020-09-30,SPY,0.006399266,0.16139796,0.1549987,train,0.010910382
2020-09-30,TLT,0.0016480498,-0.03229207,0.03394012,train,-0.0074775694
2020-10-01,EFA,-0.0020326618,0.08784188,0.08987454,train,-0.05712105
2020-10-01,IWM,0.004393329,-0.062701985,0.06709532,train,0.049915444
2020-10-01,SPY,-0.009539526,0.13172583,0.14126536,train,0.16139796
2020-10-01,TLT,-0.0037410443,-0.05000483,0.046263784,train,-0.03229207
2020-10-02,EFA,0.015068134,0.015889812,0.00082167797,train,0.08784188
2020-10-02,IWM,0.027234204,-0.14006536,0.16729957,train,-0.062701985
2020-10-02,SPY,0.017577723,0.013534469,0.004043254,train,0.13172583
2020-10-02,TLT,-0.019732798,-0.05866343,0.038930632,train,-0.05000483
2020-10-05,EFA,-0.010695303,0.03731261,0.048007913,train,0.015889812
2020-10-05,IWM,-0.0028691967,0.019290376,0.022159573,train,-0.14006536
2020-10-05,SPY,-0.014317766,0.010656551,0.024974316,train,0.013534469
2020-10-05,TLT,0.0053749946,0.08446654,0.07909154,train,-0.05866343
2020-10-06,EFA,0.008534675,-0.06338343,0.07191811,train,0.03731261
2020-10-06,IWM,0.021601297,-0.02570191,0.047303207,train,0.019290376
2020-10-06,SPY,0.017256666,-0.056745715,0.074002385,train,0.010656551
2020-10-06,TLT,-0.0073192692,-0.0012087552,0.006110514,train,0.08446654
2020-10-07,EFA,0.006928858,0.033332083,0.026403226,train,-0.06338343
2020-10-07,IWM,0.011307869,-0.0025709597,0.013878829,train,-0.02570191
2020-10-07,SPY,0.00882368,-0.010694359,0.01951804,train,-0.056745715
2020-10-07,TLT,0.0053847516,0.00014202017,0.0052427314,train,-0.0012087552
2020-10-08,EFA,0.0077952663,0.019343551,0.011548284,train,0.033332083
2020-10-08,IWM,0.0051764073,0.037666034,0.032489628,train,-0.0025709597
2020-10-08,SPY,0.008890486,-0.02454096,0.033431448,train,-0.010694359
2020-10-08,TLT,-0.00018714862,-0.034129497,0.03394235,train,0.00014202017
2020-10-09,EFA,0.0057688775,0.02166174,0.015892863,train,0.019343551
2020-10-09,IWM,0.0066770264,-0.05712324,0.06380027,train,0.037666034
2020-10-09,SPY,0.015959289,0.0020453753,0.013913914,train,-0.02454096
2020-10-09,TLT,0.0031808142,-0.00862934,0.011810154,train,-0.034129497
2020-10-12,EFA,-0.011265152,-0.07010104,0.058835886,train,0.02166174
2020-10-12,IWM,-0.0066770264,-0.018706314,0.012029288,train,-0.05712324
2020-10-12,SPY,-0.006547214,-0.00216123,0.004385984,train,0.0020453753
2020-10-12,TLT,0.007135491,0.0035404759,0.003595015,train,-0.00862934
2020-10-13,EFA,-0.0016854377,0.015314211,0.016999649,train,-0.07010104
2020-10-13,IWM,-0.009944571,0.00054511894,0.01048969,train,-0.018706314
2020-10-13,SPY,-0.006303552,-0.018689744,0.012386192,train,-0.00216123
2020-10-13,TLT,0.0022845312,-0.012894887,0.015179418,train,0.0035404759
2020-10-14,EFA,-0.01187814,-0.032300387,0.020422246,train,0.015314211
2020-10-14,IWM,0.010252351,-0.011344737,0.021597087,train,0.00054511894
2020-10-14,SPY,-0.0012363546,-0.015905105,0.01466875,train,-0.018689744
2020-10-14,TLT,-0.001728393,0.021238025,0.022966418,train,-0.012894887
2020-10-15,EFA,0.004644547,-0.054446798,0.059091344,train,-0.032300387
2020-10-15,IWM,-0.0024609847,0.036016688,0.038477674,train,-0.011344737
2020-10-15,SPY,-0.0006046649,-0.02761988,0.027015215,train,-0.015905105
2020-10-15,TLT,-0.0027844592,0.041732922,0.044517383,train,0.021238025
2020-10-16,EFA,-0.0037139382,-0.018790804,0.015076865,train,-0.054446798
2020-10-16,IWM,-0.012021598,-0.014452654,0.0024310555,train,0.036016688
2020-10-16,SPY,-0.015320102,0.021584757,0.036904857,train,-0.02761988
2020-10-16,TLT,-0.0037867958,0.0045386525,0.008325448,train,0.041732922
2020-10-19,EFA,0.0049490207,-0.003554374,0.008503394,train,-0.018790804
2020-10-19,IWM,0.0021795216,0.0030970844,0.00091756275,train,-0.014452654
2020-10-19,SPY,0.0039978344,0.03147697,0.027479136,train,0.021584757
2020-10-19,TLT,-0.00956196,0.005662081,0.0152240405,train,0.0045386525
2020-10-20,EFA,-0.0047939685,0.052562896,0.057356864,train,-0.003554374
2020-10-20,IWM,-0.008621214,0.033495422,0.042116635,train,0.0030970844
2020-10-20,SPY,-0.0018950364,-0.026659872,0.024764836,train,0.03147697
2020-10-20,TLT,-0.0034591903,-0.0070292605,0.0035700703,train,0.005662081
2020-10-21,EFA,0.00077462173,0.0041916287,0.003417007,train,0.052562896
2020-10-21,IWM,0.0171071,0.010183158,0.006923941,train,0.033495422
2020-10-21,SPY,0.0054705082,-0.001932729,0.0074032373,train,-0.026659872
2020-10-21,TLT,-0.0104516735,-0.08222959,0.07177792,train,-0.0070292605
2020-10-22,EFA,0.006484737,-0.01327612,0.019760856,train,0.0041916287
2020-10-22,IWM,0.0057810554,0.07533416,0.06955311,train,0.010183158
2020-10-22,SPY,0.0033894647,-0.025449434,0.028838899,train,-0.001932729
2020-10-22,TLT,0.0060939896,-0.05602448,0.06211847,train,-0.08222959
2020-10-23,EFA,-0.0181698,0.0021043578,0.020274159,train,-0.01327612
2020-10-23,IWM,-0.021822127,0.023311421,0.045133546,train,0.07533416
2020-10-23,SPY,-0.018652976,-0.021804102,0.0031511262,train,-0.025449434
2020-10-23,TLT,0.009260379,-0.060336206,0.06959659,train,-0.05602448
2020-10-26,EFA,-0.00786657,-0.005740317,0.0021262527,train,0.0021043578
2020-10-26,IWM,-0.008623801,-0.03462308,0.025999278,train,0.023311421
2020-10-26,SPY,-0.003453295,-0.012564122,0.009110827,train,-0.021804102
2020-10-26,TLT,0.0066868556,-0.027525935,0.03421279,train,-0.060336206
2020-10-27,EFA,-0.030307777,0.008391258,0.038699035,train,-0.005740317
2020-10-27,IWM,-0.031271685,-0.027296815,0.00397487,train,-0.03462308
2020-10-27,SPY,-0.034776684,0.011585479,0.04636216,train,-0.012564122
2020-10-27,TLT,0.0009337236,-0.028205913,0.029139636,train,-0.027525935
2020-10-28,EFA,0.004710374,-0.022579458,0.027289832,train,0.008391258
2020-10-28,IWM,0.0118659735,-0.056633502,0.068499476,train,-0.027296815
2020-10-28,SPY,0.0101124095,-0.012301291,0.0224137,train,0.011585479
2020-10-28,TLT,-0.009755123,0.032800112,0.042555235,train,-0.028205913
2020-10-29,EFA,-0.0051990137,-0.0075102355,0.0023112218,train,-0.022579458
2020-10-29,IWM,-0.013302298,0.05305996,0.06636226,train,-0.056633502
2020-10-29,SPY,-0.01047963,0.012014222,0.022493852,train,-0.012301291
2020-10-29,TLT,-0.00991438,0.0246449,0.03455928,train,0.032800112
2020-10-30,EFA,0.012947419,-0.04181687,0.05476429,train,-0.0075102355
2020-10-30,IWM,0.01767602,-0.11228266,0.12995869,train,0.05305996
2020-10-30,SPY,0.011146032,-0.14696532,0.15811136,train,0.012014222
2020-10-30,TLT,0.007463127,0.05150016,0.044037033,train,0.0246449
2020-11-02,EFA,0.025872225,0.035112347,0.0092401225,train,-0.04181687
2020-11-02,IWM,0.027971452,0.047826495,0.019855043,train,-0.11228266
2020-11-02,SPY,0.017501714,-0.017677266,0.03517898,train,-0.14696532
2020-11-02,TLT,-0.0058183772,0.01231463,0.018133007,train,0.05150016
2020-11-03,EFA,0.010908602,-0.013965801,0.024874404,train,0.035112347
2020-11-03,IWM,0.0011222034,0.046546884,0.04542468,train,0.047826495
2020-11-03,SPY,0.02210321,-0.025502592,0.047605805,train,-0.017677266
2020-11-03,TLT,0.02145986,0.06197783,0.04051797,train,0.01231463
2020-11-04,EFA,0.023739778,0.00021291617,0.023526862,train,-0.013965801
2020-11-04,IWM,0.02760449,0.10559642,0.07799193,train,0.046546884
2020-11-04,SPY,0.019314917,0.033196557,0.0138816405,train,-0.025502592
2020-11-04,TLT,0.001736689,0.09350117,0.09176449,train,0.06197783
2020-11-05,EFA,0.0021165262,-0.043282006,0.045398533,train,0.00021291617
2020-11-05,IWM,-0.007853077,0.046491195,0.05434427,train,0.10559642
2020-11-05,SPY,-0.00022847229,0.1143157,0.114544176,train,0.033196557
2020-11-05,TLT,-0.012158052,0.039598085,0.051756136,train,0.09350117
2020-11-06,EFA,0.028733,-0.028956585,0.057689585,train,-0.043282006
2020-11-06,IWM,0.0356013,0.016582627,0.019018672,train,0.046491195
2020-11-06,SPY,0.01248743,-0.0273702,0.03985763,train,0.1143157
2020-11-06,TLT,-0.021238932,0.03148365,0.05272258,train,0.039598085
2020-11-09,EFA,0.008912144,-0.023642343,0.032554485,train,-0.028956585
2020-11-09,IWM,0.01840784,0.015902441,0.0025053993,train,0.016582627
2020-11-09,SPY,-0.0014673749,0.032937486,0.03440486,train,-0.0273702
2020-11-09,TLT,-0.0057841134,0.067537904,0.07332202,train,0.03148365
2020-11-10,EFA,0.008401183,0.026528198,0.018127015,train,-0.023642343
2020-11-10,IWM,-0.0004054452,-0.011911347,0.011505902,train,0.015902441
2020-11-10,SPY,0.0074011395,-0.07166913,0.07907027,train,0.032937486
2020-11-10,TLT,0.003602654,0.011565496,0.0079628425,train,0.067537904
2020-11-11,EFA,-0.014675219,-0.10969736,0.09502214,train,0.026528198
2020-11-11,IWM,-0.015469586,-0.065548226,0.05007864,train,-0.011911347
2020-11-11,SPY,-0.009748501,-0.075870745,0.06612224,train,-0.07166913
2020-11-11,TLT,0.016874766,0.011667435,0.005207331,train,0.011565496
2020-11-12,EFA,0.015251904,0.030408315,0.015156412,train,-0.10969736
2020-11-12,IWM,0.020497026,-0.053163547,0.073660575,train,-0.065548226
2020-11-12,SPY,0.013749298,0.05764017,0.04389087,train,-0.075870745
2020-11-12,TLT,-0.0013270353,-0.03846268,0.037135646,train,0.011667435
2020-11-13,EFA,0.010325715,-0.04771959,0.058045305,train,0.030408315
2020-11-13,IWM,0.023524985,-0.06473672,0.0882617,train,-0.053163547
2020-11-13,SPY,0.012405495,-0.026788622,0.03919412,train,0.05764017
2020-11-13,TLT,-0.002405483,-0.004736836,0.002331353,train,-0.03846268
2020-11-16,EFA,-0.0009995719,-0.038928136,0.037928563,train,-0.04771959
2020-11-16,IWM,0.004661653,0.0072641494,0.0026024962,train,-0.06473672
2020-11-16,SPY,-0.0053927214,-0.011273186,0.0058804643,train,-0.026788622
2020-11-16,TLT,0.0065064067,0.007567567,0.0010611601,train,-0.004736836
2020-11-17,EFA,-0.0052979263,-0.03873826,0.033440333,train,-0.038928136
2020-11-17,IWM,-0.014107737,0.03125028,0.045358017,train,0.0072641494
2020-11-17,SPY,-0.012107916,-0.027405925,0.015298009,train,-0.011273186
2020-11-17,TLT,0.0028933175,0.019358646,0.016465329,train,0.007567567
2020-11-18,EFA,0.0070106653,-0.0030335365,0.010044202,train,-0.03873826
2020-11-18,IWM,0.0076428675,-0.00044779014,0.008090658,train,0.03125028
2020-11-18,SPY,0.0042014737,0.0066834176,0.002481944,train,-0.027405925
2020-11-18,TLT,0.0051343455,0.026837494,0.021703148,train,0.019358646
2020-11-19,EFA,0.002989517,0.006195617,0.0032060998,train,-0.0030335365
2020-11-19,IWM,0.0010710773,-0.01227759,0.013348667,train,-0.00044779014
2020-11-19,SPY,-0.006871348,-0.04994812,0.043076772,train,0.0066834176
2020-11-19,TLT,0.008831618,-0.02263467,0.03146629,train,0.026837494
2020-11-20,EFA,-0.0012802829,-0.043947954,0.042667672,train,0.006195617
2020-11-20,IWM,0.018531427,0.014012725,0.0045187017,train,-0.01227759
2020-11-20,SPY,0.0059763286,0.02659243,0.020616101,train,-0.04994812
2020-11-20,TLT,-0.004592273,-0.0045392932,5.297968e-05,train,-0.02263467
2020-11-23,EFA,0.014833944,0.006438014,0.00839593,train,-0.043947954
2020-11-23,IWM,0.018628433,0.03774227,0.019113835,train,0.014012725
2020-11-23,SPY,0.015985435,-0.0064060977,0.022391532,train,0.02659243
2020-11-23,TLT,-0.010002237,-0.0033194004,0.0066828365,train,-0.0045392932
2020-11-24,EFA,-0.001262847,0.121209264,0.12247211,train,0.006438014
2020-11-24,IWM,-0.0034255453,0.026285235,0.02971078,train,0.03774227
2020-11-24,SPY,-0.0015430765,-0.04009879,0.038555715,train,-0.0064060977
2020-11-24,TLT,-0.0030832943,0.00048021693,0.0035635112,train,-0.0033194004
2020-11-25,EFA,0.0068567107,0.059302848,0.052446138,train,0.121209264
2020-11-25,IWM,0.004239492,-0.0045366324,0.008776125,train,0.026285235
2020-11-25,SPY,0.002781206,-0.03466603,0.037447236,train,-0.04009879
2020-11-25,TLT,0.009658289,-0.024057936,0.033716224,train,0.00048021693
2020-11-27,EFA,-0.021994585,0.023566525,0.045561112,train,0.059302848
2020-11-27,IWM,-0.018336693,0.014745423,0.033082116,train,-0.0045366324
2020-11-27,SPY,-0.004436929,-0.052013326,0.047576398,train,-0.03466603
2020-11-27,TLT,-0.0012486763,-0.00012120139,0.0011274749,train,-0.024057936
2020-11-30,EFA,0.023248684,0.07647695,0.053228263,train,0.023566525
2020-11-30,IWM,0.009237859,0.02380826,0.0145704,train,0.014745423
2020-11-30,SPY,0.010877859,-0.0031005545,0.013978413,train,-0.052013326
2020-11-30,TLT,-0.014854539,0.010629849,0.025484387,train,-0.00012120139
2020-12-01,EFA,0.00013916362,0.034826104,0.03468694,train,0.07647695
2020-12-01,IWM,0.0010393166,-0.05284166,0.053880975,train,0.02380826
2020-12-01,SPY,0.0021017778,-0.031902704,0.034004483,train,-0.0031005545
2020-12-01,TLT,-0.007968311,0.006033347,0.014001658,train,0.010629849
2020-12-02,EFA,0.0016698308,-0.05656952,0.058239352,train,0.034826104
2020-12-02,IWM,0.00561604,-0.020420596,0.026036635,train,-0.05284166
2020-12-02,SPY,-0.00027259823,-0.01411014,0.013837541,train,-0.031902704
2020-12-02,TLT,0.008031592,0.006109749,0.0019218428,train,0.006033347
2020-12-03,EFA,0.008444478,0.025298957,0.01685448,train,-0.05656952
2020-12-03,IWM,0.02300424,-0.013315228,0.03631947,train,-0.020420596
2020-12-03,SPY,0.0085806865,-0.047444914,0.056025602,train,-0.01411014
2020-12-03,TLT,-0.014774272,-0.019719526,0.004945254,train,0.006109749
2020-12-04,EFA,-0.008166422,0.02973229,0.03789871,train,0.025298957
2020-12-04,IWM,0.00095608126,-0.009023116,0.009979197,train,-0.013315228
2020-12-04,SPY,-0.0020569724,-0.034487635,0.032430664,train,-0.047444914
2020-12-04,TLT,0.008980597,0.012375926,0.0033953283,train,-0.019719526
2020-12-07,EFA,0.0034684953,-0.016771082,0.020239577,train,0.02973229
2020-12-07,IWM,0.0127643375,0.021103509,0.008339171,train,-0.009023116
2020-12-07,SPY,0.0029214888,-0.031081062,0.03400255,train,-0.034487635
2020-12-07,TLT,0.0047137095,0.0034276368,0.0012860727,train,0.012375926
2020-12-08,EFA,0.0013841859,-0.014080936,0.015465122,train,-0.016771082
2020-12-08,IWM,-0.0073117795,0.0012831269,0.008594906,train,0.021103509
2020-12-08,SPY,-0.009008992,-0.03755137,0.028542377,train,-0.031081062
2020-12-08,TLT,-0.0033096636,0.041564766,0.04487443,train,0.0034276368
2020-12-09,EFA,0.0013820862,0.006079794,0.0046977075,train,-0.014080936
2020-12-09,IWM,0.009615419,-0.081331834,0.090947255,train,0.0012831269
2020-12-09,SPY,-0.00032707327,-0.019592587,0.019265514,train,-0.03755137
2020-12-09,TLT,0.008824666,0.10302088,0.09419621,train,0.041564766
2020-12-10,EFA,-0.003043115,0.020055465,0.02309858,train,0.006079794
2020-12-10,IWM,-0.0049276496,-0.01256284,0.0076351906,train,-0.081331834
2020-12-10,SPY,-0.0011734744,-0.04766899,0.046495516,train,-0.019592587
2020-12-10,TLT,0.0035331284,0.04821727,0.044684142,train,0.10302088
2020-12-11,EFA,0.0006150331,0.0053100465,0.004695013,train,0.020055465
2020-12-11,IWM,0.0011697344,-0.08817459,0.08934432,train,-0.01256284
2020-12-11,SPY,-0.0044874693,-0.026476778,0.021989308,train,-0.04766899
2020-12-11,TLT,-0.0027755054,0.027793828,0.030569334,train,0.04821727
2020-12-14,EFA,0.010153936,-0.020092856,0.030246792,train,0.0053100465
2020-12-14,IWM,0.024701476,-0.04068852,0.06538999,train,-0.08817459
2020-12-14,SPY,0.0134291835,-0.007855773,0.021284956,train,-0.026476778
2020-12-14,TLT,-0.0033530062,0.009484728,0.012837734,train,0.027793828
2020-12-15,EFA,0.0038672262,0.013400425,0.009533199,train,-0.020092856
2020-12-15,IWM,-0.00360209,-0.025948986,0.022346897,train,-0.04068852
2020-12-15,SPY,0.0015678258,-0.03160807,0.033175897,train,-0.007855773
2020-12-15,TLT,-0.0026654652,-0.0059305457,0.0032650805,train,0.009484728
2020-12-16,EFA,0.0070060752,-0.030361373,0.03736745,train,0.013400425
2020-12-16,IWM,0.011838234,-0.002520769,0.014359003,train,-0.025948986
2020-12-16,SPY,0.0055765617,-0.05274372,0.058320284,train,-0.03160807
2020-12-16,TLT,-0.002649321,-0.007795091,0.0051457696,train,-0.0059305457
2020-12-17,EFA,-0.0052156723,0.014607255,0.019822927,train,-0.030361373
2020-12-17,IWM,-0.0048514693,-0.018289454,0.0134379845,train,-0.002520769
2020-12-17,SPY,-0.0040008295,-0.019618772,0.015617942,train,-0.05274372
2020-12-17,TLT,-0.0030018764,-0.04826324,0.045261364,train,-0.007795091
2020-12-18,EFA,-0.01287994,0.04331852,0.056198463,train,0.014607255
2020-12-18,IWM,-0.0005122322,-0.12145452,0.12094229,train,-0.018289454
2020-12-18,SPY,-0.0035817781,0.055254515,0.058836292,train,-0.019618772
2020-12-18,TLT,0.0039581354,-0.069229975,0.07318811,train,-0.04826324
2020-12-21,EFA,-0.0025121616,0.04354111,0.04605327,train,0.04331852
2020-12-21,IWM,0.011306813,-0.010521117,0.021827929,train,-0.12145452
2020-12-21,SPY,-0.0016868763,0.00084299874,0.002529875,train,0.055254515
2020-12-21,TLT,0.005147396,-0.0614657,0.06661309,train,-0.069229975
2020-12-22,EFA,0.010702698,0.0502985,0.039595805,train,0.04354111
2020-12-22,IWM,0.008471654,-0.0105086295,0.018980283,train,-0.010521117
2020-12-22,SPY,0.00089800544,-0.038320594,0.039218597,train,0.00084299874
2020-12-22,TLT,-0.006933031,-0.03483955,0.027906517,train,-0.0614657
2020-12-23,EFA,0.0004147019,0.023278318,0.022863617,train,0.0502985
2020-12-23,IWM,-0.00065295584,-0.00577272,0.0051197642,train,-0.0105086295
2020-12-23,SPY,0.003882951,-0.07338912,0.07727207,train,-0.038320594
2020-12-23,TLT,0.003949563,-0.0048973067,0.00884687,train,-0.03483955
2020-12-24,EFA,0.008120641,0.061291154,0.053170513,train,0.023278318
2020-12-24,IWM,-0.0037253713,0.08922567,0.092951044,train,-0.00577272
2020-12-24,SPY,0.008554056,-0.086390354,0.09494441,train,-0.07338912
2020-12-24,TLT,0.0004448331,-0.03864493,0.03908976,train,-0.0048973067
2020-12-28,EFA,0.0064220414,-0.03386179,0.040283833,train,0.061291154
2020-12-28,IWM,-0.019557541,-0.111832336,0.09227479,train,0.08922567
2020-12-28,SPY,-0.0019094127,-0.015427591,0.013518179,train,-0.086390354
2020-12-28,TLT,-0.0012720815,0.013111276,0.014383357,train,-0.03864493
2020-12-29,EFA,0.0013610316,0.0066278996,0.005266868,train,-0.03386179
2020-12-29,IWM,0.010132133,0.02833825,0.018206116,train,-0.111832336
2020-12-29,SPY,0.0014256341,-0.001973058,0.0033986922,train,-0.015427591
2020-12-29,TLT,0.0021613827,-0.04759566,0.049757045,train,0.013111276
2020-12-30,EFA,-0.0076461374,0.02876246,0.036408596,train,0.0066278996
2020-12-30,IWM,-0.001783725,-0.0016208058,0.00016291917,train,0.02833825
2020-12-30,SPY,0.0050681275,-0.05106742,0.056135546,train,-0.001973058
2020-12-30,TLT,0.0014589546,-0.03902638,0.040485334,train,-0.04759566
2020-12-31,EFA,0.005194751,0.031674895,0.026480144,train,0.02876246
2020-12-31,IWM,-0.01314292,-0.032006223,0.018863302,train,-0.0016208058
2020-12-31,SPY,-0.013707716,0.044176895,0.05788461,train,-0.05106742
2020-12-31,TLT,-0.0012047531,-0.020880498,0.019675745,train,-0.03902638
2021-01-04,EFA,0.01030948,0.047818717,0.037509236,train,0.031674895
2021-01-04,IWM,0.015333845,0.019449092,0.004115247,train,-0.032006223
2021-01-04,SPY,0.0068638753,0.019678425,0.01281455,train,0.044176895
2021-01-04,TLT,-0.0074541806,-0.06950293,0.062048748,train,-0.020880498
2021-01-05,EFA,0.011405866,0.033212595,0.021806728,train,0.047818717
2021-01-05,IWM,0.040103175,-0.027229935,0.06733311,train,0.019449092
2021-01-05,SPY,0.005960648,-0.056408037,0.062368684,train,0.019678425
2021-01-05,TLT,-0.020742074,0.012538151,0.033280224,train,-0.06950293
2021-01-06,EFA,0.0010665889,0.040151916,0.03908533,train,0.033212595
2021-01-06,IWM,0.017640302,0.011868537,0.0057717646,train,-0.027229935
2021-01-06,SPY,0.014748051,0.036902834,0.022154782,train,-0.056408037
2021-01-06,TLT,-0.008853691,0.035551276,0.04440497,train,0.012538151
2021-01-07,EFA,0.0092862975,-0.034743,0.044029295,train,0.040151916
2021-01-07,IWM,-0.0021638693,-0.043092262,0.040928394,train,0.011868537
2021-01-07,SPY,0.0056816717,-0.03157763,0.037259303,train,0.036902834
2021-01-07,TLT,-0.0032325264,-0.04014729,0.036914762,train,0.035551276
2021-01-08,EFA,-0.013158897,0.04417328,0.05733218,train,-0.034743
2021-01-08,IWM,-0.0008670637,0.039056584,0.03992365,train,-0.043092262
2021-01-08,SPY,-0.0067636673,-0.0031947228,0.0035689445,train,-0.03157763
2021-01-08,TLT,-0.0016535593,-0.03724763,0.035594072,train,-0.04014729
2021-01-11,EFA,0.004538833,0.06415525,0.059616417,train,0.04417328
2021-01-11,IWM,0.017765475,0.06316736,0.045401886,train,0.039056584
2021-01-11,SPY,0.0002113141,0.021649119,0.021437805,train,-0.0031947228
2021-01-11,TLT,-0.00079452834,-0.09370636,0.09291183,train,-0.03724763
2021-01-12,EFA,-0.0013329117,0.020383574,0.021716487,train,0.06415525
2021-01-12,IWM,-0.007173101,-0.02265473,0.01548163,train,0.06316736
2021-01-12,SPY,0.0026893148,-0.016533278,0.019222593,train,0.021649119
2021-01-12,TLT,0.011198582,-0.031041551,0.042240135,train,-0.09370636
2021-01-13,EFA,0.007970477,0.03564373,0.027673252,train,0.020383574
2021-01-13,IWM,0.019779092,0.020865843,0.001086751,train,-0.02265473
2021-01-13,SPY,-0.003508233,-0.028051764,0.024543531,train,-0.016533278
2021-01-13,TLT,-0.009411899,0.033916768,0.043328665,train,-0.031041551
2021-01-14,EFA,-0.015735807,0.019590527,0.03532633,train,0.03564373
2021-01-14,IWM,-0.015023083,-0.032951746,0.017928664,train,0.020865843
2021-01-14,SPY,-0.007319235,-0.023911823,0.016592588,train,-0.028051764
2021-01-14,TLT,0.003959751,0.016661014,0.012701264,train,0.033916768
2021-01-15,EFA,0.0072318814,0.025816027,0.018584145,train,0.019590527
2021-01-15,IWM,0.012730268,-0.0076397387,0.020370007,train,-0.032951746
2021-01-15,SPY,0.007821252,0.03229772,0.024476469,train,-0.023911823
2021-01-15,TLT,0.003222371,0.011172888,0.007950516,train,0.016661014
2021-01-19,EFA,0.006782223,0.034204394,0.027422171,train,0.025816027
2021-01-19,IWM,0.0043940665,-0.0069474718,0.011341538,train,-0.0076397387
2021-01-19,SPY,0.013743594,-0.045287628,0.059031222,train,0.03229772
2021-01-19,TLT,0.000984671,0.008689088,0.0077044168,train,0.011172888
2021-01-20,EFA,0.0007950734,0.025960699,0.025165625,train,0.034204394
2021-01-20,IWM,-0.008713614,-0.023155972,0.014442358,train,-0.0069474718
2021-01-20,SPY,0.0009114018,-0.002419916,0.0033313178,train,-0.045287628
2021-01-20,TLT,-0.007043366,0.0035121338,0.0105555,train,0.008689088
2021-01-21,EFA,-0.004779001,-0.024152655,0.019373653,train,0.025960699
2021-01-21,IWM,0.011554722,-0.020648759,0.03220348,train,-0.023155972
2021-01-21,SPY,-0.0035456577,-0.009211675,0.0056660175,train,-0.002419916
2021-01-21,TLT,0.003231509,0.031371098,0.02813959,train,0.0035121338
2021-01-22,EFA,-0.0011983275,0.03060878,0.03180711,train,-0.024152655
2021-01-22,IWM,-0.0009771369,-0.09263392,0.09165678,train,-0.020648759
2021-01-22,SPY,0.003936114,-0.019440308,0.023376422,train,-0.009211675
2021-01-22,TLT,0.011716967,-0.008920866,0.020637833,train,0.031371098
2021-01-25,EFA,0.0014645198,0.057730746,0.056266226,train,0.03060878
2021-01-25,IWM,-0.0069610723,-0.14352308,0.136562,train,-0.09263392
2021-01-25,SPY,-0.0015623136,-0.04532757,0.043765258,train,-0.019440308
2021-01-25,TLT,-0.0018886949,0.018024314,0.019913008,train,-0.008920866
2021-01-26,EFA,-0.023147333,0.11065781,0.13380514,train,0.057730746
2021-01-26,IWM,-0.018501084,-0.019217107,0.00071602315,train,-0.14352308
2021-01-26,SPY,-0.024743913,0.0149253765,0.03966929,train,-0.04532757
2021-01-26,TLT,0.0025390903,-0.029389154,0.031928245,train,0.018024314
2021-01-27,EFA,0.006378343,0.0015419917,0.004836351,train,0.11065781
2021-01-27,IWM,-0.0032048593,0.00850298,0.011707839,train,-0.019217107
2021-01-27,SPY,0.0085631795,0.010117766,0.0015545869,train,0.0149253765
2021-01-27,TLT,-0.0055425386,-0.03488935,0.029346813,train,-0.029389154
2021-01-28,EFA,-0.02091535,0.07344566,0.094361015,train,0.0015419917
2021-01-28,IWM,-0.015255667,0.056763496,0.07201916,train,0.00850298
2021-01-28,SPY,-0.02022258,0.052119624,0.0723422,train,0.010117766
2021-01-28,TLT,-0.0060346858,-0.0395949,0.033560213,train,-0.03488935
2021-01-29,EFA,0.011810184,0.057682138,0.045871954,train,0.07344566
2021-01-29,IWM,0.024270177,0.035698432,0.011428256,train,0.056763496
2021-01-29,SPY,0.01650848,-0.022542033,0.039050512,train,0.052119624
2021-01-29,TLT,0.001158529,-0.040864747,0.042023275,train,-0.0395949
2021-02-01,EFA,0.010051596,0.057064515,0.047012918,train,0.057682138
2021-02-01,IWM,0.014143728,0.031817865,0.017674137,train,0.035698432
2021-02-01,SPY,0.014041077,0.051726002,0.037684925,train,-0.022542033
2021-02-01,TLT,-0.0064684586,-0.05123776,0.0447693,train,-0.040864747
2021-02-02,EFA,0.0024298774,-0.022892103,0.02532198,train,0.057064515
2021-02-02,IWM,0.0029916607,0.004917004,0.0019253434,train,0.031817865
2021-02-02,SPY,0.0007861765,0.024059322,0.023273146,train,0.051726002
2021-02-02,TLT,-0.008912544,-0.086000025,0.077087484,train,-0.05123776
2021-02-03,EFA,0.0010779799,-0.040569138,0.041647118,train,-0.022892103
2021-02-03,IWM,0.020191327,0.002362323,0.017829005,train,0.004917004
2021-02-03,SPY,0.011301566,0.008336169,0.0029653972,train,0.024059322
2021-02-03,TLT,-0.0026759424,-0.09374453,0.09106859,train,-0.086000025
2021-02-04,EFA,0.006176307,-0.044603303,0.05077961,train,-0.040569138
2021-02-04,IWM,0.013764622,-0.0440278,0.057792425,train,0.002362323
2021-02-04,SPY,0.003928162,0.04495475,0.04102659,train,0.008336169
2021-02-04,TLT,-0.008408554,-0.08086249,0.07245394,train,-0.09374453
2021-02-05,EFA,0.0069361906,0.042725377,0.035789184,train,-0.044603303
2021-02-05,IWM,0.025215162,-0.009927693,0.035142854,train,-0.0440278
2021-02-05,SPY,0.007196122,0.028154884,0.020958763,train,0.04495475
2021-02-05,TLT,0.004381075,-0.04934858,0.053729657,train,-0.08086249
2021-02-08,EFA,0.0054351133,0.023334958,0.017899845,train,0.042725377
2021-02-08,IWM,0.0046962406,-0.039148208,0.043844447,train,-0.009927693
2021-02-08,SPY,-0.00066610816,-0.017512575,0.016846467,train,0.028154884
2021-02-08,TLT,0.0007393662,-0.05109522,0.051834587,train,-0.04934858
2021-02-09,EFA,-0.0034434018,0.045302354,0.048745755,train,0.023334958
2021-02-09,IWM,-0.0065898267,0.06722136,0.07381119,train,-0.039148208
2021-02-09,SPY,-0.00043563044,0.028539982,0.028975612,train,-0.017512575
2021-02-09,TLT,0.006631668,-0.00983161,0.016463278,train,-0.05109522
2021-02-10,EFA,0.0067431214,0.04090405,0.034160927,train,0.045302354
2021-02-10,IWM,-0.0011464527,0.0713209,0.07246735,train,0.06722136
2021-02-10,SPY,0.0016136218,0.05303039,0.05141677,train,0.028539982
2021-02-10,TLT,-0.0054896586,0.017366525,0.022856183,train,-0.00983161
2021-02-11,EFA,0.00551913,0.015112222,0.009593092,train,0.04090405
2021-02-11,IWM,0.0028199404,0.01883709,0.01601715,train,0.0713209
2021-02-11,SPY,0.0049275537,-0.039944626,0.04487218,train,0.05303039
2021-02-11,TLT,-0.012496886,0.02697185,0.039468735,train,0.017366525
2021-02-12,EFA,0.00718161,-0.0025057225,0.009687332,train,0.015112222
2021-02-12,IWM,-0.0063122557,0.036478035,0.04279029,train,0.01883709
2021-02-12,SPY,-0.000866394,-0.022077251,0.021210857,train,-0.039944626
2021-02-12,TLT,-0.015343987,0.035266135,0.05061012,train,0.02697185
2021-02-16,EFA,-0.005872031,0.069867454,0.07573949,train,-0.0025057225
2021-02-16,IWM,-0.007868515,-0.0073698973,0.000498618,train,0.036478035
2021-02-16,SPY,0.00022947881,-0.008160747,0.0083902255,train,-0.022077251
2021-02-16,TLT,0.0063305898,0.017589774,0.011259184,train,0.035266135
2021-02-17,EFA,-0.004985573,0.030039627,0.0350252,train,0.069867454
2021-02-17,IWM,-0.015608086,-0.035161622,0.019553535,train,-0.0073698973
2021-02-17,SPY,-0.0042650346,-0.01952283,0.015257796,train,-0.008160747
2021-02-17,TLT,-0.004055471,-0.028961238,0.024905767,train,0.017589774
2021-02-18,EFA,0.0028892593,0.045628786,0.042739525,train,0.030039627
2021-02-18,IWM,0.020638708,-0.035266638,0.055905346,train,-0.035161622
2021-02-18,SPY,-0.0017674625,-0.01698913,0.015221668,train,-0.01952283
2021-02-18,TLT,-0.013380873,-0.036660034,0.02327916,train,-0.028961238
2021-02-19,EFA,-0.0024949105,0.011455198,0.013950109,train,0.045628786
2021-02-19,IWM,-0.006504627,-0.05576684,0.04926221,train,-0.035266638
2021-02-19,SPY,-0.007721495,-0.04257142,0.034849927,train,-0.01698913
2021-02-19,TLT,-0.0076370547,0.021206554,0.028843608,train,-0.036660034
2021-02-22,EFA,0.0009198157,0.07470325,0.07378343,train,0.011455198
2021-02-22,IWM,-0.008844147,-0.025033113,0.016188964,train,-0.05576684
2021-02-22,SPY,0.001213603,-0.03900848,0.040222082,train,-0.04257142
2021-02-22,TLT,-0.0028878236,-0.034795243,0.03190742,train,0.021206554
2021-02-23,EFA,0.0031477127,0.047985833,0.04483812,train,0.07470325
2021-02-23,IWM,0.023354247,0.005423297,0.017930951,train,-0.025033113
2021-02-23,SPY,0.0109591335,0.027921047,0.016961914,train,-0.03900848
2021-02-23,TLT,-0.0065817405,-0.07937954,0.072797805,train,-0.034795243
2021-02-24,EFA,-0.017168956,0.002308799,0.019477755,train,0.047985833
2021-02-24,IWM,-0.037660655,-0.0035484275,0.034112226,train,0.005423297
2021-02-24,SPY,-0.024390979,-0.049933586,0.025542608,train,0.027921047
2021-02-24,TLT,-0.016465858,-0.074802145,0.058336288,train,-0.07937954
2021-02-25,EFA,-0.014220758,-0.020185318,0.0059645595,train,0.002308799
2021-02-25,IWM,-0.0013733426,0.049465537,0.05083888,train,-0.0035484275
2021-02-25,SPY,-0.0051657953,-0.045067858,0.03990206,train,-0.049933586
2021-02-25,TLT,0.032525137,0.019262385,0.013262752,train,-0.074802145
2021-02-26,EFA,0.01860696,-0.013698392,0.032305352,train,-0.020185318
2021-02-26,IWM,0.034928817,0.016316742,0.018612076,train,0.049465537
2021-02-26,SPY,0.023951082,-0.0030423915,0.026993472,train,-0.045067858
2021-02-26,TLT,-0.013295969,0.058765512,0.07206148,train,0.019262385
2021-03-01,EFA,-0.0010615889,0.038520634,0.039582223,train,-0.013698392
2021-03-01,IWM,-0.019429445,-0.047297623,0.027868178,train,0.016316742
2021-03-01,SPY,-0.007833966,0.04711313,0.054947097,train,-0.0030423915
2021-03-01,TLT,7.092322e-05,-0.006274785,0.006345708,train,0.058765512
2021-03-02,EFA,-0.006125776,-0.006199182,7.3405914e-05,train,0.038520634
2021-03-02,IWM,-0.0108833285,0.012978789,0.023862118,train,-0.047297623
2021-03-02,SPY,-0.013334368,0.04562221,0.05895658,train,0.04711313
2021-03-02,TLT,-0.010905027,-0.07975274,0.068847716,train,-0.006274785
2021-03-03,EFA,-0.009529686,0.0010922393,0.010621925,train,-0.006199182
2021-03-03,IWM,-0.028348386,-0.005774877,0.022573508,train,0.012978789
2021-03-03,SPY,-0.012451837,-0.069150895,0.05669906,train,0.04562221
2021-03-03,TLT,-0.006470655,0.105466306,0.111936964,train,-0.07975274
2021-03-04,EFA,0.0064522503,-0.07151836,0.07797061,train,0.0010922393
2021-03-04,IWM,0.020980434,0.0010968642,0.01988357,train,-0.005774877
2021-03-04,SPY,0.018229356,-0.10672817,0.124957524,train,-0.069150895
2021-03-04,TLT,0.0019457515,0.050481256,0.048535503,train,0.105466306
2021-03-05,EFA,-0.0034896652,0.021464456,0.024954122,train,-0.07151836
2021-03-05,IWM,0.0047196825,-0.052896734,0.057616416,train,0.0010968642
2021-03-05,SPY,-0.004990817,-0.007982432,0.0029916149,train,-0.10672817
2021-03-05,TLT,-0.00780524,-0.035230044,0.027424805,train,0.050481256
2021-03-08,EFA,0.013356664,-0.026881557,0.04023822,train,0.021464456
2021-03-08,IWM,0.020811675,-0.0045681326,0.025379807,train,-0.052896734
2021-03-08,SPY,0.014176223,0.021603141,0.0074269176,train,-0.007982432
2021-03-08,TLT,0.0137626985,-0.06886929,0.08263199,train,-0.035230044
2021-03-09,EFA,0.004236685,0.04346538,0.039228693,train,-0.026881557
2021-03-09,IWM,0.017223354,-0.063413486,0.080636844,train,-0.0045681326
2021-03-09,SPY,0.006205409,0.036754444,0.030549034,train,0.021603141
2021-03-09,TLT,0.002001584,-0.004947233,0.006948817,train,-0.06886929
2021-03-10,EFA,0.0052707684,0.012951256,0.0076804874,train,0.04346538
2021-03-10,IWM,0.021766571,-0.027224075,0.048990645,train,-0.063413486
2021-03-10,SPY,0.010087968,0.039522875,0.029434908,train,0.036754444
2021-03-10,TLT,-0.0072393892,-0.037678305,0.030438915,train,-0.004947233
2021-03-11,EFA,0.002493811,0.03058134,0.028087528,train,0.012951256
2021-03-11,IWM,0.0058820387,0.08335992,0.07747788,train,-0.027224075
2021-03-11,SPY,0.0013459843,0.10405597,0.102709986,train,0.039522875
2021-03-11,TLT,-0.021449603,0.037173133,0.058622736,train,-0.037678305
2021-03-12,EFA,0.0007864256,0.02407908,0.023292655,train,0.03058134
2021-03-12,IWM,0.0035468538,-0.011107701,0.014654554,train,0.08335992
2021-03-12,SPY,0.005945669,-0.017046174,0.022991844,train,0.10405597
2021-03-12,TLT,0.0058621904,0.08723694,0.08137475,train,0.037173133
2021-03-15,EFA,0.0017015315,0.017514948,0.015813416,train,0.02407908
2021-03-15,IWM,-0.016863286,-0.043223694,0.026360407,train,-0.011107701
2021-03-15,SPY,-0.0012621103,0.09661916,0.09788127,train,-0.017046174
2021-03-15,TLT,-0.0040265615,-0.06647458,0.062448017,train,0.08723694
2021-03-16,EFA,0.0058672056,0.010968008,0.0051008025,train,0.017514948
2021-03-16,IWM,0.007821631,0.06172606,0.05390443,train,-0.043223694
2021-03-16,SPY,0.0034042299,0.038542543,0.035138313,train,0.09661916
2021-03-16,TLT,-0.007511637,0.015738156,0.023249794,train,-0.06647458
2021-03-17,EFA,-0.009141857,0.004700008,0.013841865,train,0.010968008
2021-03-17,IWM,-0.030905966,-0.0045768106,0.026329156,train,0.06172606
2021-03-17,SPY,-0.014656589,0.04704977,0.061706357,train,0.038542543
2021-03-17,TLT,-0.010177155,0.008271632,0.018448787,train,0.015738156
2021-03-18,EFA,0.0027510163,0.03262032,0.029869301,train,0.004700008
2021-03-18,IWM,0.007519267,-0.047523364,0.055042632,train,-0.0045768106
2021-03-18,SPY,-0.0018520395,0.08582206,0.0876741,train,0.04704977
2021-03-18,TLT,0.0061781527,-0.045121152,0.051299304,train,0.008271632
2021-03-19,EFA,0.00091559807,0.010150555,0.0092349565,train,0.03262032
2021-03-19,IWM,-0.0075637163,-0.13232918,0.12476546,train,-0.047523364
2021-03-19,SPY,0.007953483,0.04738918,0.039435696,train,0.08582206
2021-03-19,TLT,0.011143323,-0.029345307,0.04048863,train,-0.045121152
2021-03-22,EFA,-0.013952953,-0.026023585,0.012070633,train,0.010150555
2021-03-22,IWM,-0.036948424,-0.025619816,0.011328608,train,-0.13232918
2021-03-22,SPY,-0.007902115,0.033358794,0.04126091,train,0.04738918
2021-03-22,TLT,0.008986795,0.0046778293,0.004308966,train,-0.029345307
2021-03-23,EFA,-0.005049839,0.036146812,0.04119665,train,-0.026023585
2021-03-23,IWM,-0.023399005,-0.09716807,0.07376907,train,-0.025619816
2021-03-23,SPY,-0.005096329,0.02072252,0.025818849,train,0.033358794
2021-03-23,TLT,0.0053676777,0.028682586,0.023314908,train,0.0046778293
2021-03-24,EFA,0.0074330093,-0.0041956156,0.011628625,train,0.036146812
2021-03-24,IWM,0.023433316,-0.05820236,0.08163568,train,-0.09716807
2021-03-24,SPY,0.00560962,0.016693246,0.011083625,train,0.02072252
2021-03-24,TLT,-0.007916933,0.030957516,0.038874447,train,0.028682586
2021-03-25,EFA,0.012876112,-0.009176097,0.02205221,train,-0.0041956156
2021-03-25,IWM,0.01806721,0.059270497,0.041203286,train,-0.05820236
2021-03-25,SPY,0.015986431,0.004771824,0.011214607,train,0.016693246
2021-03-25,TLT,-0.003506384,0.10036528,0.103871666,train,0.030957516
2021-03-26,EFA,-0.0039241165,0.07091613,0.07484025,train,-0.009176097
2021-03-26,IWM,-0.028553024,0.04289318,0.0714462,train,0.059270497
2021-03-26,SPY,-0.0005052311,0.04877028,0.04927551,train,0.004771824
2021-03-26,TLT,-0.008524113,-0.025371049,0.016846936,train,0.10036528
2021-03-29,EFA,-0.0013113513,-0.018807378,0.017496027,train,0.07091613
2021-03-29,IWM,0.016697457,-0.086090215,0.10278767,train,0.04289318
2021-03-29,SPY,-0.0026564526,-0.018779697,0.016123245,train,0.04877028
2021-03-29,TLT,0.0052266247,0.09514353,0.0899169,train,-0.025371049
2021-03-30,EFA,-0.0043401704,-0.058133822,0.05379365,train,-0.018807378
2021-03-30,IWM,0.013350165,0.061473127,0.04812296,train,-0.086090215
2021-03-30,SPY,0.0040452653,-0.023093682,0.027138947,train,-0.018779697
2021-03-30,TLT,-0.0055959392,-0.025495965,0.019900026,train,0.09514353
2021-03-31,EFA,0.012964406,-0.023082074,0.03604648,train,-0.058133822
2021-03-31,IWM,0.012593555,0.062492203,0.049898647,train,0.061473127
2021-03-31,SPY,0.010741426,0.028940525,0.0181991,train,-0.023093682
2021-03-31,TLT,0.01646104,0.020212945,0.0037519038,train,-0.025495965
2021-04-01,EFA,0.014466806,0.07246954,0.058002733,train,-0.023082074
2021-04-01,IWM,0.0054823672,0.01547554,0.009993173,train,0.062492203
2021-04-01,SPY,0.014250763,0.10219806,0.087947294,train,0.028940525
2021-04-01,TLT,-0.00437257,0.0016255202,0.0059980904,train,0.020212945
2021-04-05,EFA,-0.010700938,0.041748744,0.05244968,train,0.07246954
2021-04-05,IWM,-0.0029379835,-0.031181276,0.028243292,train,0.01547554
2021-04-05,SPY,-0.0005906875,0.07480102,0.07539171,train,0.10219806
2021-04-05,TLT,0.0067696674,-0.0038970327,0.0106667,train,0.0016255202
2021-04-06,EFA,0.002071884,0.035193894,0.03312201,train,0.041748744
2021-04-06,IWM,-0.016270015,0.004881748,0.021151762,train,-0.031181276
2021-04-06,SPY,0.0011564224,-0.0044889143,0.0056453366,train,0.07480102
2021-04-06,TLT,-0.0069890115,0.0162162,0.023205211,train,-0.0038970327
2021-04-07,EFA,0.0056751585,-0.004353461,0.010028619,train,0.035193894
2021-04-07,IWM,0.008437709,0.029495787,0.021058079,train,0.004881748
2021-04-07,SPY,0.0047356877,-0.026041478,0.030777166,train,-0.0044889143
2021-04-07,TLT,0.008221509,-0.0050465344,0.013268043,train,0.0162162
2021-04-08,EFA,0.0030818845,0.009257506,0.0061756214,train,-0.004353461
2021-04-08,IWM,0.00013476046,0.018288285,0.018153524,train,0.029495787
2021-04-08,SPY,0.0072439765,-0.046192292,0.053436268,train,-0.026041478
2021-04-08,TLT,-0.003629595,-0.013238701,0.009609106,train,-0.0050465344
2021-04-09,EFA,-0.0055288323,-0.003612156,0.0019166763,train,0.009257506
2021-04-09,IWM,-0.0039161025,-0.041012704,0.0370966,train,0.018288285
2021-04-09,SPY,0.0003645218,-0.028836895,0.029201416,train,-0.046192292
2021-04-09,TLT,-0.00043616968,-0.03381588,0.03337971,train,-0.013238701
2021-04-12,EFA,0.0057852184,-0.009524106,0.0153093245,train,-0.003612156
2021-04-12,IWM,-0.0026194032,-0.071836255,0.069216855,train,-0.041012704
2021-04-12,SPY,0.0029592314,0.013356929,0.010397697,train,-0.028836895
2021-04-12,TLT,0.0074656177,0.012065594,0.0045999764,train,-0.03381588
2021-04-13,EFA,0.0007691062,-0.019916154,0.020685261,train,-0.009524106
2021-04-13,IWM,0.00980972,0.03116751,0.02135779,train,-0.071836255
2021-04-13,SPY,-0.0034210025,0.00072179455,0.004142797,train,0.013356929
2021-04-13,TLT,-0.003182305,0.001170774,0.004353079,train,0.012065594
2021-04-14,EFA,0.008291175,-0.0083212545,0.01661243,train,-0.019916154
2021-04-14,IWM,0.0043341587,-0.043129876,0.047464035,train,0.03116751
2021-04-14,SPY,0.010685327,-0.013324524,0.024009852,train,0.00072179455
2021-04-14,TLT,0.016595662,0.036298715,0.019703053,train,0.001170774
2021-04-15,EFA,0.0072147576,-0.010125934,0.017340692,train,-0.0083212545
2021-04-15,IWM,0.0016037625,0.014985801,0.013382038,train,-0.043129876
2021-04-15,SPY,0.0033367553,-0.0212931,0.024629856,train,-0.013324524
2021-04-15,TLT,-0.007796539,0.07939774,0.08719428,train,0.036298715
2021-04-16,EFA,-0.0017669508,-0.044871356,0.043104406,train,-0.010125934
2021-04-16,IWM,-0.013083244,0.0004015211,0.013484765,train,0.014985801
2021-04-16,SPY,-0.0049251835,-0.011329877,0.0064046937,train,-0.0212931
2021-04-16,TLT,-0.0028762845,0.04027365,0.043149937,train,0.07939774
2021-04-19,EFA,-0.018103601,-0.038454253,0.020350652,train,-0.044871356
2021-04-19,IWM,-0.02068784,-0.052231915,0.031544074,train,0.0004015211
2021-04-19,SPY,-0.007348567,-0.017911732,0.010563165,train,-0.011329877
2021-04-19,TLT,0.0045976304,0.024533197,0.019935567,train,0.04027365
2021-04-20,EFA,0.010239261,-0.031705078,0.04194434,train,-0.038454253
2021-04-20,IWM,0.024154685,-0.11227267,0.13642736,train,-0.052231915
2021-04-20,SPY,0.009417747,-0.0108207865,0.020238534,train,-0.017911732
2021-04-20,TLT,0.002005556,0.0030386383,0.0010330824,train,0.024533197
2021-04-21,EFA,-0.0033163563,0.031636905,0.034953263,train,-0.031705078
2021-04-21,IWM,-0.0041435165,0.05621172,0.06035524,train,-0.11227267
2021-04-21,SPY,-0.009175066,-0.0278695,0.018694434,train,-0.0108207865
2021-04-21,TLT,0.0043545365,0.003967385,0.00038715173,train,0.0030386383
2021-04-22,EFA,0.010169092,0.035173427,0.025004335,train,0.031636905
2021-04-22,IWM,0.018688696,-0.04996455,0.06865325,train,0.05621172
2021-04-22,SPY,0.010784062,-0.061410293,0.07219435,train,-0.0278695
2021-04-22,TLT,-0.0023531227,0.0077106776,0.0100638,train,0.003967385
2021-04-23,EFA,0.000758687,0.047112096,0.04635341,train,0.035173427
2021-04-23,IWM,0.010355491,0.02287149,0.012515999,train,-0.04996455
2021-04-23,SPY,0.0020853118,-0.041059997,0.04314531,train,-0.061410293
2021-04-23,TLT,-0.0014290536,-0.021041945,0.019612892,train,0.0077106776
2021-04-26,EFA,-0.0032911685,0.008850818,0.012141986,train,0.047112096
2021-04-26,IWM,0.0014895187,-0.035739016,0.037228536,train,0.02287149
2021-04-26,SPY,-0.00021553921,-0.017489638,0.017274098,train,-0.041059997
2021-04-26,TLT,-0.008761595,0.0003212979,0.009082893,train,-0.021041945
2021-04-27,EFA,0.0025324817,0.00020820554,0.0023242761,train,0.008850818
2021-04-27,IWM,0.0017056611,-0.011710055,0.013415717,train,-0.035739016
2021-04-27,SPY,-0.00028717166,-0.027264137,0.026976965,train,-0.017489638
2021-04-27,TLT,0.0006486992,0.031104926,0.030456226,train,0.0003212979
2021-04-28,EFA,0.00037964078,0.023258049,0.022878408,train,0.00020820554
2021-04-28,IWM,-0.0037212803,-0.0045831157,0.00086183543,train,-0.011710055
2021-04-28,SPY,0.006352254,-0.0323981,0.038750354,train,-0.027264137
2021-04-28,TLT,-0.002959261,0.023610372,0.026569633,train,0.031104926
2021-04-29,EFA,-0.012595065,0.014023245,0.02661831,train,0.023258049
2021-04-29,IWM,-0.013690327,-0.0042395694,0.009450758,train,-0.0045831157
2021-04-29,SPY,-0.0065921084,-0.042775907,0.036183797,train,-0.0323981
2021-04-29,TLT,0.0023105617,-0.018620577,0.020931138,train,0.023610372
2021-04-30,EFA,0.010950041,-0.014523561,0.025473602,train,0.014023245
2021-04-30,IWM,0.004879245,-0.0062526194,0.011131864,train,-0.0042395694
2021-04-30,SPY,0.0021543603,0.011489443,0.009335082,train,-0.042775907
2021-04-30,TLT,0.0005997822,-0.017181274,0.017781056,train,-0.018620577
2021-05-03,EFA,-0.014926551,0.0225656,0.03749215,train,-0.014523561
2021-05-03,IWM,-0.012019475,-0.026270466,0.014250991,train,-0.0062526194
2021-05-03,SPY,-0.0061882567,-0.03945081,0.03326255,train,0.011489443
2021-05-03,TLT,0.0067628934,0.030315675,0.023552781,train,-0.017181274
2021-05-04,EFA,0.013532778,0.0055022957,0.008030483,train,0.0225656
2021-05-04,IWM,-0.0039936607,-0.06559734,0.06160368,train,-0.026270466
2021-05-04,SPY,0.00031277727,-0.0024552485,0.0027680257,train,-0.03945081
2021-05-04,TLT,0.0016475084,0.020321514,0.018674007,train,0.030315675
2021-05-05,EFA,0.008208568,0.007060808,0.0011477601,train,0.0055022957
2021-05-05,IWM,0.0008539111,-0.03450457,0.03535848,train,-0.06559734
2021-05-05,SPY,0.00795383,-0.013113636,0.021067467,train,-0.0024552485
2021-05-05,TLT,0.0016453736,0.04906654,0.047421165,train,0.020321514
2021-05-06,EFA,0.011255904,0.02579131,0.014535406,train,0.007060808
2021-05-06,IWM,0.01250064,-0.015259779,0.02776042,train,-0.03450457
2021-05-06,SPY,0.00725163,-0.00043532904,0.007686959,train,-0.013113636
2021-05-06,TLT,-0.0049436227,0.05670518,0.061648805,train,0.04906654
2021-05-07,EFA,-0.0053619896,0.02585975,0.03122174,train,0.02579131
2021-05-07,IWM,-0.02575111,0.021602426,0.047353536,train,-0.015259779
2021-05-07,SPY,-0.00995181,-0.02265484,0.01270303,train,-0.00043532904
2021-05-07,TLT,-0.010178443,0.039754782,0.049933225,train,0.05670518
2021-05-10,EFA,-0.013215312,-0.007568768,0.0056465436,train,0.02585975
2021-05-10,IWM,-0.0031917917,-0.052481312,0.04928952,train,0.021602426
2021-05-10,SPY,-0.00896483,-0.011625365,0.0026605353,train,-0.02265484
2021-05-10,TLT,-0.005675556,0.060194876,0.065870434,train,0.039754782
2021-05-11,EFA,-0.01609237,-0.044239994,0.028147625,train,-0.007568768
2021-05-11,IWM,-0.033010714,0.0039333375,0.03694405,train,-0.052481312
2021-05-11,SPY,-0.021474164,-0.0210342,0.00043996423,train,-0.011625365
2021-05-11,TLT,-0.010563559,-0.019255195,0.008691636,train,0.060194876
2021-05-12,EFA,0.007439728,0.008229057,0.0007893294,train,-0.044239994
2021-05-12,IWM,0.018241951,-0.018755388,0.03699734,train,0.0039333375
2021-05-12,SPY,0.011941017,-0.004834979,0.016775995,train,-0.0210342
2021-05-12,TLT,0.0015473274,0.0067544403,0.005207113,train,-0.019255195
2021-05-13,EFA,0.016602632,0.01879621,0.0021935776,train,0.008229057
2021-05-13,IWM,0.024132833,0.027157884,0.0030250512,train,-0.018755388
2021-05-13,SPY,0.015238782,0.054266777,0.039027996,train,-0.004834979
2021-05-13,TLT,0.009307779,-0.05972616,0.069033936,train,0.0067544403
2021-05-14,EFA,-0.0018870824,-0.0016768053,0.00021027704,train,0.01879621
2021-05-14,IWM,0.001356312,0.026521605,0.025165293,train,0.027157884
2021-05-14,SPY,-0.002547957,0.03312063,0.035668585,train,0.054266777
2021-05-14,TLT,-0.0021179721,-0.0086804805,0.0065625086,train,-0.05972616
2021-05-17,EFA,0.0021385215,0.011456552,0.00931803,train,-0.0016768053
2021-05-17,IWM,-0.007619799,-0.052987915,0.045368116,train,0.026521605
2021-05-17,SPY,-0.008652863,0.029021513,0.037674375,train,0.03312063
2021-05-17,TLT,-0.002561615,0.0062939273,0.008855542,train,-0.0086804805
2021-05-18,EFA,-0.00883527,0.020217352,0.029052623,train,0.011456552
2021-05-18,IWM,-0.0077241543,-0.005928441,0.0017957133,train,-0.052987915
2021-05-18,SPY,-0.0026253895,0.018781614,0.021407003,train,0.029021513
2021-05-18,TLT,-0.0024215227,0.0043313773,0.0067529,train,0.0062939273
2021-05-19,EFA,0.0130985305,-0.06535172,0.07845025,train,0.020217352
2021-05-19,IWM,0.0066309934,0.10310129,0.0964703,train,-0.005928441
2021-05-19,SPY,0.010700355,-0.01507445,0.025774805,train,0.018781614
2021-05-19,TLT,0.008194799,0.018562656,0.010367857,train,0.0043313773
2021-05-20,EFA,0.0013754112,0.054037374,0.052661963,train,-0.06535172
2021-05-20,IWM,0.0025947227,-0.008377316,0.010972039,train,0.10310129
2021-05-20,SPY,-0.0008189004,0.011912075,0.012730976,train,-0.01507445
2021-05-20,TLT,0.0032011846,-0.00015870761,0.0033598922,train,0.018562656
2021-05-21,EFA,0.0061042346,0.0010961508,0.005008084,train,0.054037374
2021-05-21,IWM,0.0064797415,-0.037176546,0.043656286,train,-0.008377316
2021-05-21,SPY,0.0101425825,-0.012844686,0.022987269,train,0.011912075
2021-05-21,TLT,0.0036977218,-0.025036346,0.028734067,train,-0.00015870761
2021-05-24,EFA,0.00024833108,0.010035793,0.009787463,train,0.0010961508
2021-05-24,IWM,-0.009712971,-0.07326226,0.06354929,train,-0.037176546
2021-05-24,SPY,-0.0022211233,-0.021502696,0.019281574,train,-0.012844686
2021-05-24,TLT,0.009220596,-0.0030980362,0.012318633,train,-0.025036346
2021-05-25,EFA,-0.0006211648,0.0034345137,0.0040556784,train,0.010035793
2021-05-25,IWM,0.018482009,0.0012978138,0.017184194,train,-0.07326226
2021-05-25,SPY,0.0019826707,-0.0011361195,0.0031187902,train,-0.021502696
2021-05-25,TLT,-0.001722655,0.032091904,0.03381456,train,-0.0030980362
2021-05-26,EFA,0.0018618959,-0.045428853,0.04729075,train,0.0034345137
2021-05-26,IWM,0.010244962,-0.040266685,0.050511647,train,0.0012978138
2021-05-26,SPY,0.00052472274,-0.039626997,0.04015172,train,-0.0011361195
2021-05-26,TLT,-0.0040302468,0.027751107,0.031781353,train,0.032091904
2021-05-27,EFA,0.0023534873,0.008532998,0.0061795106,train,-0.045428853
2021-05-27,IWM,-0.00066498475,-0.003195528,0.0025305431,train,-0.040266685
2021-05-27,SPY,0.0017871207,0.014551441,0.012764321,train,-0.039626997
2021-05-27,TLT,-0.001587819,-0.005125894,0.0035380754,train,0.027751107
2021-05-28,EFA,0.0035812363,0.031004507,0.02742327,train,0.008532998
2021-05-28,IWM,0.01128857,-0.011436811,0.022725381,train,-0.003195528
2021-05-28,SPY,-0.00088120357,0.014639252,0.015520455,train,0.014551441
2021-05-28,TLT,-0.00022448141,-0.021730904,0.021506421,train,-0.005125894
2021-06-01,EFA,0.00332278,0.008969563,0.005646783,train,0.031004507
2021-06-01,IWM,0.0011831162,0.014360172,0.013177056,train,-0.011436811
2021-06-01,SPY,0.0015714054,-0.021346722,0.022918127,train,0.014639252
2021-06-01,TLT,0.0023125967,-0.016141027,0.018453624,train,-0.021730904
2021-06-02,EFA,-0.0049266974,-0.033567183,0.028640486,train,0.008969563
2021-06-02,IWM,-0.0084001245,0.009501425,0.01790155,train,0.014360172
2021-06-02,SPY,-0.003718289,-0.023698937,0.019980649,train,-0.021346722
2021-06-02,TLT,-0.003760795,-0.02444243,0.020681635,train,-0.016141027
2021-06-03,EFA,0.008483447,0.05773292,0.049249474,train,-0.033567183
2021-06-03,IWM,0.0043189605,-0.03779458,0.04211354,train,0.009501425
2021-06-03,SPY,0.009104469,0.01886119,0.009756721,train,-0.023698937
2021-06-03,TLT,0.01360222,-0.010447557,0.024049778,train,-0.02444243
2021-06-04,EFA,0.0033002542,-0.01716328,0.020463534,train,0.05773292
2021-06-04,IWM,0.013323309,-0.050337106,0.06366041,train,-0.03779458
2021-06-04,SPY,-0.0009707157,-0.021472123,0.020501407,train,0.01886119
2021-06-04,TLT,-0.0030787827,-0.011262062,0.008183279,train,-0.010447557
2021-06-07,EFA,-0.00048817534,0.058652494,0.05914067,train,-0.01716328
2021-06-07,IWM,0.010532255,0.031814594,0.021282338,train,-0.050337106
2021-06-07,SPY,0.00021300092,-0.015804429,0.01601743,train,-0.021472123
2021-06-07,TLT,0.007002122,-0.07686689,0.08386901,train,-0.011262062
2021-06-08,EFA,-0.0026894507,-0.02190299,0.019213539,train,0.058652494
2021-06-08,IWM,-0.006677692,-0.0053519746,0.0013257172,train,0.031814594
2021-06-08,SPY,-0.0014928875,-0.03105184,0.029558953,train,-0.015804429
2021-06-08,TLT,0.008789842,0.023341242,0.0145514,train,-0.07686689
2021-06-09,EFA,0.002750921,0.048668582,0.04591766,train,-0.02190299
2021-06-09,IWM,-0.007443573,-0.045818023,0.03837445,train,-0.0053519746
2021-06-09,SPY,0.004637547,-0.0155823035,0.020219851,train,-0.03105184
2021-06-09,TLT,0.0059814393,-0.008966143,0.014947582,train,0.023341242
2021-06-10,EFA,0.0023482647,-0.028241202,0.030589467,train,0.048668582
2021-06-10,IWM,0.010499574,-0.0046703136,0.015169888,train,-0.045818023
2021-06-10,SPY,0.0016509586,-0.0327837,0.034434658,train,-0.0155823035
2021-06-10,TLT,-0.0016151029,0.01880904,0.020424142,train,-0.008966143
2021-06-11,EFA,0.0017268698,-0.03476709,0.03649396,train,-0.028241202
2021-06-11,IWM,-0.002939165,-0.028383698,0.025444534,train,-0.0046703136
2021-06-11,SPY,0.002236663,-0.03288742,0.035124086,train,-0.0327837
2021-06-11,TLT,-0.007688996,-0.088358544,0.080669545,train,0.01880904
2021-06-14,EFA,0.0012318408,0.07037433,0.06914249,train,-0.03476709
2021-06-14,IWM,-0.0028609878,-0.01985043,0.016989442,train,-0.028383698
2021-06-14,SPY,-0.0018359403,-0.0027833981,0.00094745785,train,-0.03288742
2021-06-14,TLT,-0.0012038826,0.040363874,0.041567758,train,-0.088358544
2021-06-15,EFA,-0.006173672,0.025464918,0.031638592,train,0.07037433
2021-06-15,IWM,-0.002129475,-0.01945756,0.017328085,train,-0.01985043
2021-06-15,SPY,-0.0055989195,0.027811654,0.03341057,train,-0.0027833981
2021-06-15,TLT,-0.00085182796,0.008065199,0.008917026,train,0.040363874
2021-06-16,EFA,-0.0069599827,0.046216022,0.053176004,train,0.025464918
2021-06-16,IWM,-0.01128716,-0.0007783985,0.010508762,train,-0.01945756
2021-06-16,SPY,-0.00033177098,0.012150777,0.012482547,train,0.027811654
2021-06-16,TLT,0.014861332,-0.03272411,0.047585443,train,0.008065199
2021-06-17,EFA,-0.02092076,-0.0076283123,0.013292449,train,0.046216022
2021-06-17,IWM,-0.022963718,-0.004193398,0.018770318,train,-0.0007783985
2021-06-17,SPY,-0.013582245,-0.0029443065,0.010637939,train,0.012150777
2021-06-17,TLT,0.018631304,0.023781672,0.0051503684,train,-0.03272411
2021-06-18,EFA,0.01303245,-0.015115081,0.028147532,train,-0.0076283123
2021-06-18,IWM,0.02115819,-0.02291748,0.044075668,train,-0.004193398
2021-06-18,SPY,0.0142145,0.009634686,0.004579814,train,-0.0029443065
2021-06-18,TLT,-0.016885502,-0.0746966,0.057811096,train,0.023781672
2021-06-21,EFA,0.0001256494,0.036609914,0.036484264,train,-0.015115081
2021-06-21,IWM,0.0045296466,0.079395585,0.07486594,train,-0.02291748
2021-06-21,SPY,0.0053319056,0.05988894,0.054557033,train,0.009634686
2021-06-21,TLT,0.0024397823,-0.0021284325,0.0045682145,train,-0.0746966
2021-06-22,EFA,-0.0064310036,0.025602963,0.032033965,train,0.036609914
2021-06-22,IWM,0.0032854867,-0.013191882,0.016477369,train,0.079395585
2021-06-22,SPY,-0.0012059141,-0.0015485613,0.0003426472,train,0.05988894
2021-06-22,TLT,-0.0025795884,-0.0353573,0.03277771,train,-0.0021284325
2021-06-23,EFA,0.009568441,-0.029824909,0.03939335,train,0.025602963
2021-06-23,IWM,0.014026859,-0.04235237,0.05637923,train,-0.013191882
2021-06-23,SPY,0.0058981893,-0.05254108,0.05843927,train,-0.0015485613
2021-06-23,TLT,0.0016049123,-0.0053223604,0.006927273,train,-0.0353573
2021-06-24,EFA,0.0021277207,-0.029487703,0.031615425,train,-0.029824909
2021-06-24,IWM,0.0016805067,-0.043409467,0.045089975,train,-0.04235237
2021-06-24,SPY,0.0035459646,-0.02782299,0.031368956,train,-0.05254108
2021-06-24,TLT,-0.0104376925,0.012026616,0.022464309,train,-0.0053223604
2021-06-25,EFA,-0.0063970136,-0.0261577,0.019760687,train,-0.029487703
2021-06-25,IWM,-0.007953046,0.107224055,0.1151771,train,-0.043409467
2021-06-25,SPY,0.0020136875,0.05545747,0.053443782,train,-0.02782299
2021-06-25,TLT,0.010228531,0.0087672295,0.0014613019,train,0.012026616
2021-06-28,EFA,0.00025175716,-0.06461045,0.06486221,train,-0.0261577
2021-06-28,IWM,-0.0047849356,0.017228942,0.022013878,train,0.107224055
2021-06-28,SPY,0.0005380256,-0.0053702183,0.005908244,train,0.05545747
2021-06-28,TLT,0.0016716265,0.018612552,0.016940925,train,0.0087672295
2021-06-29,EFA,-0.0077035734,0.009532615,0.017236188,train,-0.06461045
2021-06-29,IWM,0.00013086264,0.021773532,0.02164267,train,0.017228942
2021-06-29,SPY,0.00084120984,0.008682855,0.007841646,train,-0.0053702183
2021-06-29,TLT,0.004443006,-0.007241436,0.011684442,train,0.018612552
2021-06-30,EFA,0.002405652,-0.03048249,0.03288814,train,0.009532615
2021-06-30,IWM,0.008768083,0.0081996,0.000568483,train,0.021773532
2021-06-30,SPY,0.005521389,0.039222952,0.03370156,train,0.008682855
2021-06-30,TLT,5.5221924e-05,0.010482808,0.010427586,train,-0.007241436
2021-07-01,EFA,0.0034089717,0.0054190652,0.0020100935,train,-0.03048249
2021-07-01,IWM,-0.009553304,0.015812416,0.02536572,train,0.0081996
2021-07-01,SPY,0.0076144603,-0.017443972,0.025058432,train,0.039222952
2021-07-01,TLT,0.006016901,0.008725061,0.0027081599,train,0.010482808
2021-07-02,EFA,-0.006575595,0.011519673,0.018095268,train,0.0054190652
2021-07-02,IWM,-0.014635811,-0.07948899,0.064853184,train,0.015812416
2021-07-02,SPY,-0.00182303,-0.018602246,0.016779216,train,-0.017443972
2021-07-02,TLT,0.011653037,0.011844975,0.00019193813,train,0.008725061
2021-07-06,EFA,0.005440488,-0.052307803,0.05774829,train,0.011519673
2021-07-06,IWM,-0.009341477,0.008253471,0.017594948,train,-0.07948899
2021-07-06,SPY,0.0035276962,0.001732355,0.0017953413,train,-0.018602246
2021-07-06,TLT,0.008820001,0.030749965,0.021929964,train,0.011844975
2021-07-07,EFA,-0.012953988,0.018984813,0.031938802,train,-0.052307803
2021-07-07,IWM,-0.009248942,-0.009719379,0.0004704371,train,0.008253471
2021-07-07,SPY,-0.008181263,-0.022339836,0.014158573,train,0.001732355
2021-07-07,TLT,0.003909924,0.0019663936,0.0019435305,train,0.030749965
2021-07-08,EFA,0.016858144,0.015528352,0.0013297917,train,0.018984813
2021-07-08,IWM,0.020890037,0.055408176,0.034518138,train,-0.009719379
2021-07-08,SPY,0.010618173,0.03809734,0.027479168,train,-0.022339836
2021-07-08,TLT,-0.014162616,-0.0028917817,0.011270834,train,0.0019663936
2021-07-09,EFA,0.0042644734,-0.072473064,0.07673754,train,0.015528352
2021-07-09,IWM,0.0008387889,-0.033308044,0.034146834,train,0.055408176
2021-07-09,SPY,0.0035756421,-0.04960315,0.05317879,train,0.03809734
2021-07-09,TLT,-0.0012973628,-0.0091080535,0.0078106904,train,-0.0028917817
2021-07-12,EFA,-0.0052702217,-0.03146993,0.026199708,train,-0.072473064
2021-07-12,IWM,-0.019026099,-0.047952525,0.028926427,train,-0.033308044
2021-07-12,SPY,-0.0034150179,-0.05035131,0.046936292,train,-0.04960315
2021-07-12,TLT,-0.0076825693,-0.019431803,0.011749234,train,-0.0091080535
2021-07-13,EFA,0.0022620368,-0.04186669,0.044128727,train,-0.03146993
2021-07-13,IWM,-0.015549826,0.11941652,0.13496634,train,-0.047952525
2021-07-13,SPY,0.0014912897,-0.015261314,0.016752604,train,-0.05035131
2021-07-13,TLT,0.011297659,0.01627386,0.004976201,train,-0.019431803
2021-07-14,EFA,-0.009586432,-0.05562296,0.04603653,train,-0.04186669
2021-07-14,IWM,-0.005681508,0.12134929,0.1270308,train,0.11941652
2021-07-14,SPY,-0.0034214556,-0.024488851,0.021067396,train,-0.015261314
2021-07-14,TLT,0.01096998,0.0016276129,0.009342367,train,0.01627386
2021-07-15,EFA,-0.007378214,-0.07259574,0.065217525,train,-0.05562296
2021-07-15,IWM,-0.012391056,0.1447179,0.15710896,train,0.12134929
2021-07-15,SPY,-0.007874617,-0.0062450534,0.001629564,train,-0.024488851
2021-07-15,TLT,-0.0018875711,-0.0059536733,0.004066102,train,0.0016276129
2021-07-16,EFA,-0.01829735,-0.005616094,0.012681256,train,-0.07259574
2021-07-16,IWM,-0.015093586,0.015845433,0.03093902,train,0.1447179
2021-07-16,SPY,-0.01487797,-0.0263884,0.011510429,train,-0.0062450534
2021-07-16,TLT,0.021691384,-0.04024272,0.061934106,train,-0.0059536733
2021-07-19,EFA,0.0072558853,-0.0008587716,0.008114656,train,-0.005616094
2021-07-19,IWM,0.030558435,0.11166337,0.081104934,train,0.015845433
2021-07-19,SPY,0.014228683,-0.04393972,0.058168404,train,-0.0263884
2021-07-19,TLT,-0.009686128,-0.03376135,0.024075221,train,-0.04024272
2021-07-20,EFA,0.015118783,0.028988928,0.013870144,train,-0.0008587716
2021-07-20,IWM,0.017077342,0.102804855,0.08572751,train,0.11166337
2021-07-20,SPY,0.008063596,0.053019445,0.04495585,train,-0.04393972
2021-07-20,TLT,-0.012747678,0.02589072,0.038638398,train,-0.03376135
2021-07-21,EFA,0.00038137322,0.009870517,0.009489144,train,0.028988928
2021-07-21,IWM,-0.016024353,-0.03265246,0.016628107,train,0.102804855
2021-07-21,SPY,0.0020920243,0.006066813,0.003974789,train,0.053019445
2021-07-21,TLT,0.009408602,0.03339714,0.023988541,train,0.02589072
2021-07-22,EFA,0.0069671506,-0.0076163774,0.014583528,train,0.009870517
2021-07-22,IWM,0.004656725,0.18300001,0.17834328,train,-0.03265246
2021-07-22,SPY,0.010235371,-0.014580924,0.024816295,train,0.006066813
2021-07-22,TLT,-0.0067113675,-0.0020945473,0.0046168203,train,0.03339714
2021-07-23,EFA,0.0013873581,-0.014801665,0.016189024,train,-0.0076163774
2021-07-23,IWM,0.0029107989,-0.1044231,0.1073339,train,0.18300001
2021-07-23,SPY,0.002451958,-0.021662377,0.024114335,train,-0.014580924
2021-07-23,TLT,-0.0029675507,0.012771106,0.015738657,train,-0.0020945473
2021-07-26,EFA,-0.004041783,-0.007979098,0.0039373147,train,-0.014801665
2021-07-26,IWM,-0.011740303,-0.11253917,0.10079887,train,-0.1044231
2021-07-26,SPY,-0.0045678597,0.0059571257,0.010524985,train,-0.021662377
2021-07-26,TLT,0.010615065,-0.015721578,0.026336644,train,0.012771106
2021-07-27,EFA,0.0042939843,-0.02228864,0.026582623,train,-0.007979098
2021-07-27,IWM,0.014597616,0.071581244,0.056983627,train,-0.11253917
2021-07-27,SPY,-0.0004101735,0.020993087,0.02140326,train,0.0059571257
2021-07-27,TLT,6.660433e-05,-0.0015135631,0.0015801674,train,-0.015721578
2021-07-28,EFA,0.006907429,-0.035286073,0.042193502,train,-0.02228864
2021-07-28,IWM,0.007669002,0.0071910126,0.0004779892,train,0.071581244
2021-07-28,SPY,0.0041387044,-0.009537091,0.013675795,train,0.020993087
2021-07-28,TLT,-0.0055615813,-0.01936749,0.013805909,train,-0.0015135631
2021-07-29,EFA,-0.0051445724,0.048493385,0.05363796,train,-0.035286073
2021-07-29,IWM,-0.0066282423,-0.08735892,0.08073068,train,0.0071910126
2021-07-29,SPY,-0.004868301,0.010700383,0.015568685,train,-0.009537091
2021-07-29,TLT,0.004692696,0.026514586,0.02182189,train,-0.01936749
2021-07-30,EFA,0.0050193476,-0.016136166,0.021155514,train,0.048493385
2021-07-30,IWM,-0.0049886303,0.020761374,0.025750004,train,-0.08735892
2021-07-30,SPY,-0.0021000963,-0.015709557,0.013609461,train,0.010700383
2021-07-30,TLT,0.008879721,0.0013072276,0.0075724935,train,0.026514586
2021-08-02,EFA,0.0071095126,-0.021633897,0.028743409,train,-0.016136166
2021-08-02,IWM,0.0041288864,-0.020621248,0.024750134,train,0.020761374
2021-08-02,SPY,0.008102414,0.0016945135,0.0064079007,train,-0.015709557
2021-08-02,TLT,0.0005310248,0.025639903,0.025108878,train,0.0013072276
2021-08-03,EFA,-0.0029873264,-0.022659913,0.019672586,train,-0.021633897
2021-08-03,IWM,-0.012529571,-0.00042686705,0.012102704,train,-0.020621248
2021-08-03,SPY,-0.0049309847,-0.0039479965,0.0009829882,train,0.0016945135
2021-08-03,TLT,0.0020542073,-0.024839867,0.026894074,train,0.025639903
2021-08-04,EFA,0.004849897,-0.07329629,0.07814619,train,-0.022659913
2021-08-04,IWM,0.017813118,-0.068040594,0.08585371,train,-0.00042686705
2021-08-04,SPY,0.0063128434,-0.05277058,0.059083425,train,-0.0039479965
2021-08-04,TLT,-0.0051100957,-0.0016769087,0.003433187,train,-0.024839867
2021-08-05,EFA,-0.0037286177,-0.020478535,0.016749918,train,-0.07329629
2021-08-05,IWM,0.006106512,0.025560725,0.019454213,train,-0.068040594
2021-08-05,SPY,0.0016511335,-0.04914811,0.050799243,train,-0.05277058
2021-08-05,TLT,-0.016842006,-0.022566881,0.0057248753,train,-0.0016769087
2021-08-06,EFA,-0.00049821567,0.020220492,0.020718709,train,-0.020478535
2021-08-06,IWM,-0.005521389,-0.05230478,0.046783388,train,0.025560725
2021-08-06,SPY,-0.0008139129,-0.046432476,0.045618564,train,-0.04914811
2021-08-06,TLT,-0.003593062,-0.06586859,0.062275525,train,-0.022566881
2021-08-09,EFA,0.0022400185,-0.0053087464,0.007548765,train,0.020220492
2021-08-09,IWM,0.0019786954,-0.11390411,0.11588281,train,-0.05230478
2021-08-09,SPY,0.0012429991,-0.018999733,0.020242732,train,-0.046432476
2021-08-09,TLT,-0.004628592,0.10894473,0.11357332,train,-0.06586859
2021-08-10,EFA,0.006813087,0.034359988,0.027546901,train,-0.0053087464
2021-08-10,IWM,0.004884783,0.0015976615,0.0032871217,train,-0.11390411
2021-08-10,SPY,0.0024820315,-0.022394814,0.024876844,train,-0.018999733
2021-08-10,TLT,-0.0006150432,-0.010501804,0.00988676,train,0.10894473
2021-08-11,EFA,-0.0008644459,0.01684476,0.017709207,train,0.034359988
2021-08-11,IWM,-0.0023722316,0.005346059,0.00771829,train,0.0015976615
2021-08-11,SPY,0.002992351,-0.0138550475,0.016847398,train,-0.022394814
2021-08-11,TLT,-0.001639572,-0.020053774,0.018414203,train,-0.010501804
2021-08-12,EFA,0.006036351,-0.034081664,0.040118016,train,0.01684476
2021-08-12,IWM,-0.009138185,-0.016927944,0.00778976,train,0.005346059
2021-08-12,SPY,0.0018182031,-0.011589034,0.013407238,train,-0.0138550475
2021-08-12,TLT,0.015672993,0.05695392,0.041280925,train,-0.020053774
2021-08-13,EFA,-0.005171905,0.017905597,0.023077501,train,-0.034081664
2021-08-13,IWM,-0.009359311,-0.02410116,0.014741849,train,-0.016927944
2021-08-13,SPY,0.0023517567,-0.0075425124,0.009894269,train,-0.011589034
2021-08-13,TLT,0.0024200482,-0.024625834,0.027045883,train,0.05695392
2021-08-16,EFA,-0.009426766,0.01582922,0.025255986,train,0.017905597
2021-08-16,IWM,-0.012263068,-0.0057638986,0.0064991694,train,-0.02410116
2021-08-16,SPY,-0.006576758,0.053345453,0.05992221,train,-0.0075425124
2021-08-16,TLT,-0.00040244637,-0.002475609,0.0020731627,train,-0.024625834
2021-08-17,EFA,-0.0038710048,0.0054171057,0.009288111,train,0.01582922
2021-08-17,IWM,-0.008772233,0.008545202,0.017317435,train,-0.0057638986
2021-08-17,SPY,-0.011005131,-0.0015826058,0.009422525,train,0.053345453
2021-08-17,TLT,0.0033530144,0.031884473,0.028531458,train,-0.002475609
2021-08-18,EFA,-0.009932638,-0.013135015,0.003202377,train,0.0054171057
2021-08-18,IWM,-0.012052979,0.018671926,0.030724905,train,0.008545202
2021-08-18,SPY,0.0015470436,0.023900036,0.022352992,train,-0.0015826058
2021-08-18,TLT,0.007338407,0.006588907,0.0007495,train,0.031884473
2021-08-19,EFA,0.003909238,0.0007825019,0.0031267363,train,-0.013135015
2021-08-19,IWM,0.016750623,0.04019406,0.023443438,train,0.018671926
2021-08-19,SPY,0.0079256175,0.026205603,0.018279985,train,0.023900036
2021-08-19,TLT,0.0006646481,0.025978789,0.025314141,train,0.006588907
2021-08-20,EFA,0.009271217,0.006245178,0.0030260384,train,0.0007825019
2021-08-20,IWM,0.018844845,0.066087075,0.04724223,train,0.04019406
2021-08-20,SPY,0.008758285,0.010521279,0.0017629936,train,0.026205603
2021-08-20,TLT,-0.0006646481,0.011730258,0.012394906,train,0.025978789
2021-08-23,EFA,0.0021174294,0.039060403,0.036942974,train,0.006245178
2021-08-23,IWM,0.009787291,0.043329515,0.033542223,train,0.066087075
2021-08-23,SPY,0.0015858943,-0.019715533,0.021301426,train,0.010521279
2021-08-23,TLT,-0.007807186,0.007757616,0.015564802,train,0.011730258
2021-08-24,EFA,0.00037343064,-0.029131312,0.029504742,train,0.039060403
2021-08-24,IWM,0.003510793,0.053435925,0.049925134,train,0.043329515
2021-08-24,SPY,0.0020961266,-0.037919044,0.040015172,train,-0.019715533
2021-08-24,TLT,-0.008341263,-0.032302715,0.02396145,train,0.007757616
2021-08-25,EFA,-0.005238343,-0.051250465,0.046012122,train,-0.029131312
2021-08-25,IWM,-0.010660487,0.008956683,0.01961717,train,0.053435925
2021-08-25,SPY,-0.005920597,-0.010485423,0.004564826,train,-0.037919044
2021-08-25,TLT,0.0027655861,-0.0055421693,0.008307755,train,-0.032302715
2021-08-26,EFA,0.009087022,3.888551e-05,0.009048137,train,-0.051250465
2021-08-26,IWM,0.027811235,0.038386445,0.010575211,train,0.008956683
2021-08-26,SPY,0.0089012375,0.014414807,0.0055135693,train,-0.010485423
2021-08-26,TLT,0.006780963,-0.038543325,0.04532429,train,-0.0055421693
2021-08-27,EFA,-0.00024776396,0.01694953,0.017197294,train,3.888551e-05
2021-08-27,IWM,-0.0041161124,-0.029851086,0.025734974,train,0.038386445
2021-08-27,SPY,0.004387866,0.03322237,0.028834503,train,0.014414807
2021-08-27,TLT,0.0026064904,-0.019307017,0.021913508,train,-0.038543325
2021-08-30,EFA,-0.0004960392,-0.02054733,0.020051291,train,0.01694953
2021-08-30,IWM,0.0019495174,-0.01768393,0.019633448,train,-0.029851086
2021-08-30,SPY,-0.0014826849,0.030010391,0.031493075,train,0.03322237
2021-08-30,TLT,-0.006830675,-0.023790263,0.016959587,train,-0.019307017
2021-08-31,EFA,0.00901197,0.039764192,0.030752223,train,-0.02054733
2021-08-31,IWM,0.0067055514,-0.029036172,0.035741724,train,-0.01768393
2021-08-31,SPY,0.0005314002,0.02699764,0.026466241,train,0.030010391
2021-08-31,TLT,0.0016737184,0.025054503,0.023380784,train,-0.023790263
2021-09-01,EFA,0.0040472527,0.05519056,0.051143307,train,0.039764192
2021-09-01,IWM,0.0069228876,-0.0321484,0.039071284,train,-0.029036172
2021-09-01,SPY,0.003071835,-0.010633067,0.0137049025,train,0.02699764
2021-09-01,TLT,0.0043560034,0.0054489104,0.001092907,train,0.025054503
2021-09-02,EFA,0.0045185746,-0.021223688,0.025742263,train,0.05519056
2021-09-02,IWM,-0.004639227,0.027611978,0.032251205,train,-0.0321484
2021-09-02,SPY,-0.00024284208,-0.018796224,0.018553382,train,-0.010633067
2021-09-02,TLT,-0.009135596,0.019609604,0.0287452,train,0.0054489104
2021-09-03,EFA,0.0007307407,-0.018271755,0.019002495,train,-0.021223688
2021-09-03,IWM,-0.006910903,-0.039126538,0.032215636,train,0.027611978
2021-09-03,SPY,-0.0035817374,0.010952366,0.014534103,train,-0.018796224
2021-09-03,TLT,-0.008471887,-0.043041084,0.034569196,train,0.019609604
2021-09-07,EFA,-0.007945735,-0.048546914,0.04060118,train,-0.018271755
2021-09-07,IWM,-0.010970447,-0.031477474,0.020507026,train,-0.039126538
2021-09-07,SPY,-0.0012190983,-0.016600616,0.015381518,train,0.010952366
2021-09-07,TLT,0.006782989,-0.05483427,0.06161726,train,-0.043041084
2021-09-08,EFA,-0.0017198736,-0.026769336,0.025049463,train,-0.048546914
2021-09-08,IWM,-0.0004912839,-0.021477822,0.020986538,train,-0.031477474
2021-09-08,SPY,-0.0042894734,-0.024329122,0.020039648,train,-0.016600616
2021-09-08,TLT,0.012028,0.014556364,0.0025283638,train,-0.05483427
2021-09-09,EFA,-0.0022152655,-0.030435413,0.028220147,train,-0.026769336
2021-09-09,IWM,-0.0098334355,-0.03923684,0.029403403,train,-0.021477822
2021-09-09,SPY,-0.007915704,-0.052622084,0.04470638,train,-0.024329122
2021-09-09,TLT,-0.008855699,0.047926214,0.05678191,train,0.014556364
2021-09-10,EFA,0.007854639,-0.017718967,0.025573606,train,-0.030435413
2021-09-10,IWM,0.005669552,-0.022268485,0.027938038,train,-0.03923684
2021-09-10,SPY,0.0025559862,-0.00070307776,0.003259064,train,-0.052622084
2021-09-10,TLT,0.0060457373,0.08352511,0.07747937,train,0.047926214
2021-09-13,EFA,-0.0041649994,-0.003310009,0.00085499045,train,-0.017718967
2021-09-13,IWM,-0.012824355,-0.0075279037,0.005296451,train,-0.022268485
2021-09-13,SPY,-0.0054112673,0.014390935,0.019802202,train,-0.00070307776
2021-09-13,TLT,0.012050948,-0.022306945,0.034357894,train,0.08352511
2021-09-14,EFA,0.0029419195,-0.0020304294,0.004972349,train,-0.003310009
2021-09-14,IWM,0.009003363,-0.022304203,0.031307567,train,-0.0075279037
2021-09-14,SPY,0.008317953,0.003449968,0.004867985,train,0.014390935
2021-09-14,TLT,-0.0035136438,0.025099348,0.028612992,train,-0.022306945
2021-09-15,EFA,-0.0015924698,-0.0052227294,0.0036302595,train,-0.0020304294
2021-09-15,IWM,0.00072028744,0.049433064,0.048712775,train,-0.022304203
2021-09-15,SPY,-0.0015865038,0.0048428895,0.0064293933,train,0.003449968
2021-09-15,TLT,-0.004593154,-0.03167975,0.027086595,train,0.025099348
2021-09-16,EFA,-0.013204448,0.0064926622,0.019697111,train,-0.0052227294
2021-09-16,IWM,0.0013043409,0.015748575,0.014444235,train,0.049433064
2021-09-16,SPY,-0.009788819,-0.012547543,0.0027587246,train,0.0048428895
2021-09-16,TLT,-0.004814756,-0.014942405,0.010127649,train,-0.03167975
2021-09-17,EFA,-0.01868263,0.024983134,0.043665767,train,0.0064926622
2021-09-17,IWM,-0.02406459,0.057949636,0.082014225,train,0.015748575
2021-09-17,SPY,-0.01681472,0.03518563,0.05200035,train,-0.012547543
2021-09-17,TLT,0.012325576,-0.009084574,0.021410149,train,-0.014942405
2021-09-20,EFA,0.0098237395,0.021768596,0.0119448565,train,0.024983134
2021-09-20,IWM,0.0015180697,0.02353743,0.022019362,train,0.057949636
2021-09-20,SPY,-0.0009452224,0.07794602,0.07889125,train,0.03518563
2021-09-20,TLT,-0.0008610394,0.0061592655,0.007020305,train,-0.009084574
2021-09-21,EFA,0.0050008516,0.022009209,0.017008357,train,0.021768596
2021-09-21,IWM,0.015419254,0.03786647,0.022447215,train,0.02353743
2021-09-21,SPY,0.009707621,0.06376109,0.05405347,train,0.07794602
2021-09-21,TLT,0.005946384,-0.03408668,0.04003306,train,0.0061592655
2021-09-22,EFA,0.010790452,-0.008719091,0.019509543,train,0.022009209
2021-09-22,IWM,0.017545579,0.041296586,0.023751007,train,0.03786647
2021-09-22,SPY,0.012076798,-0.03336354,0.04544034,train,0.06376109
2021-09-22,TLT,-0.02285587,0.027961992,0.050817862,train,-0.03408668
2021-09-23,EFA,-0.009419864,0.024011407,0.03343127,train,-0.008719091
2021-09-23,IWM,-0.0048347283,-0.00812667,0.0032919412,train,0.041296586
2021-09-23,SPY,0.0016459202,0.0013554776,0.0002904426,train,-0.03336354
2021-09-23,TLT,-0.009821238,0.10427067,0.1140919,train,0.027961992
2021-09-24,EFA,-0.00062283117,0.0062008435,0.006823675,train,0.024011407
2021-09-24,IWM,0.015084104,-0.01668347,0.031767573,train,-0.00812667
2021-09-24,SPY,-0.0028649704,-0.004023793,0.0011588228,train,0.0013554776
2021-09-24,TLT,-0.0036831105,0.053448927,0.057132035,train,0.10427067
2021-09-27,EFA,-0.022048263,-0.0031114435,0.01893682,train,0.0062008435
2021-09-27,IWM,-0.023005988,0.028809872,0.05181586,train,-0.01668347
2021-09-27,SPY,-0.020357756,-0.0072812615,0.013076494,train,-0.004023793
2021-09-27,TLT,-0.015699122,0.03611506,0.051814184,train,0.053448927
2021-09-28,EFA,-0.002295502,-0.14377621,0.1414807,train,-0.0031114435
2021-09-28,IWM,-0.002126036,0.12635516,0.1284812,train,0.028809872
2021-09-28,SPY,0.0016817151,0.099824086,0.09814237,train,-0.0072812615
2021-09-28,TLT,0.0017330667,-0.003931637,0.0056647034,train,0.03611506
2021-09-29,EFA,-0.003966203,0.005152677,0.00911888,train,-0.14377621
2021-09-29,IWM,-0.009418582,-0.021950904,0.012532323,train,0.12635516
2021-09-29,SPY,-0.012297511,0.021115493,0.033413004,train,0.099824086
2021-09-29,TLT,-0.00013801726,0.02528001,0.025418026,train,-0.003931637
2021-09-30,EFA,0.0024326735,-0.0024796082,0.0049122814,test,0.005152677
2021-09-30,IWM,0.016008416,-0.019472212,0.035480626,test,-0.021950904
2021-09-30,SPY,0.011814125,0.08795829,0.07614417,test,0.021115493
2021-09-30,TLT,0.008380353,-0.020188268,0.028568622,test,0.02528001
2021-10-01,EFA,-0.010541191,0.033956546,0.044497736,test,-0.0024796082
2021-10-01,IWM,-0.009129271,-0.07182672,0.06269745,test,-0.019472212
2021-10-01,SPY,-0.012980024,0.09188905,0.104869075,test,0.08795829
2021-10-01,TLT,-0.0025491195,0.024682894,0.027232014,test,-0.020188268
2021-10-04,EFA,0.0068259784,-0.030641813,0.037467793,test,0.033956546
2021-10-04,IWM,0.0034445939,-0.01358986,0.017034454,test,-0.07182672
2021-10-04,SPY,0.010351192,0.13278978,0.12243858,test,0.09188905
2021-10-04,TLT,-0.009703286,0.018226992,0.027930278,test,0.024682894
2021-10-05,EFA,-0.006696578,0.07285963,0.07955621,test,-0.030641813
2021-10-05,IWM,-0.0052165925,-0.0049644792,0.0002521132,test,-0.01358986
2021-10-05,SPY,0.0041476004,0.10863807,0.104490474,test,0.13278978
2021-10-05,TLT,0.0056254873,0.050114002,0.044488516,test,0.018226992
2021-10-06,EFA,0.0077229217,0.04977558,0.04205266,test,0.07285963
2021-10-06,IWM,0.015300387,0.058305915,0.04300553,test,-0.0049644792
2021-10-06,SPY,0.008608393,0.039209437,0.030601043,test,0.10863807
2021-10-06,TLT,-0.010512886,0.06458144,0.07509433,test,0.050114002
2021-10-07,EFA,-0.00012806624,0.092852816,0.092980884,test,0.04977558
2021-10-07,IWM,-0.0075532966,-0.026453085,0.01889979,test,0.058305915
2021-10-07,SPY,-0.0018254826,0.12095408,0.12277956,test,0.039209437
2021-10-07,TLT,-0.0070230877,-0.040747076,0.033723988,test,0.06458144
2021-10-08,EFA,-0.0032112957,-0.055741783,0.052530486,test,0.092852816
2021-10-08,IWM,-0.005748058,-0.026491934,0.020743877,test,-0.026453085
2021-10-08,SPY,-0.0072659454,-0.018761247,0.0114953015,test,0.12095408
2021-10-08,TLT,-0.0025409393,-0.03697193,0.03443099,test,-0.040747076
2021-10-11,EFA,0.00051449175,-0.044940013,0.045454506,test,-0.055741783
2021-10-11,IWM,0.005477276,-0.07532126,0.08079854,test,-0.026491934
2021-10-11,SPY,-0.002464597,-0.07478967,0.07232507,test,-0.018761247
2021-10-11,TLT,0.016955584,-0.05398429,0.070939876,test,-0.03697193
2021-10-12,EFA,0.009852442,0.0068990896,0.0029533524,test,-0.044940013
2021-10-12,IWM,0.004728824,-0.027369019,0.032097843,test,-0.07532126
2021-10-12,SPY,0.003591142,0.003822376,0.00023123412,test,-0.07478967
2021-10-12,TLT,0.009679502,-0.07733376,0.08701327,test,-0.05398429
2021-10-13,EFA,0.009882125,0.064945936,0.05506381,test,0.0068990896
2021-10-13,IWM,0.014717884,-0.04383642,0.058554303,test,-0.027369019
2021-10-13,SPY,0.016680686,0.04049393,0.023813246,test,0.003822376
2021-10-13,TLT,0.003708242,-0.015290092,0.018998334,test,-0.07733376
2021-10-14,EFA,0.008286218,0.03748418,0.029197961,test,0.064945936
2021-10-14,IWM,-0.0031482913,0.023151454,0.026299745,test,-0.04383642
2021-10-14,SPY,0.0075870063,0.10549815,0.09791114,test,0.04049393
2021-10-14,TLT,-0.0058435323,-0.0048716916,0.0009718407,test,-0.015290092
2021-10-15,EFA,-0.004260199,0.025283217,0.029543417,test,0.03748418
2021-10-15,IWM,-0.00057758635,-0.012481963,0.011904377,test,0.023151454
2021-10-15,SPY,0.0029562514,0.036313836,0.033357583,test,0.10549815
2021-10-15,TLT,0.0046772496,-0.012879389,0.01755664,test,-0.0048716916
2021-10-18,EFA,0.0060092923,-0.041285194,0.047294486,test,0.025283217
2021-10-18,IWM,0.0037258775,-0.012143937,0.015869815,test,-0.012481963
2021-10-18,SPY,0.0076852744,-0.047738142,0.055423416,test,0.036313836
2021-10-18,TLT,-0.013890327,0.0430648,0.056955125,test,-0.012879389
2021-10-19,EFA,0.0034883786,-0.03222634,0.035714716,test,-0.041285194
2021-10-19,IWM,0.0066191964,-0.01013595,0.016755145,test,-0.012143937
2021-10-19,SPY,0.0039199353,-0.08557059,0.089490525,test,-0.047738142
2021-10-19,TLT,-0.0067725857,-0.016820297,0.010047711,test,0.0430648
2021-10-20,EFA,-0.0047376696,-0.047164295,0.042426623,test,-0.03222634
2021-10-20,IWM,0.0025474774,-0.01638167,0.018929146,test,-0.01013595
2021-10-20,SPY,0.0026049223,-0.05476116,0.05736608,test,-0.08557059
2021-10-20,TLT,-0.0011921615,-0.085481875,0.084289715,test,-0.016820297
2021-10-21,EFA,0.005980732,0.031617466,0.025636734,test,-0.047164295
2021-10-21,IWM,-0.0023717103,0.02020017,0.02257188,test,-0.01638167
2021-10-21,SPY,-0.0010366391,-0.003897884,0.0028612448,test,-0.05476116
2021-10-21,TLT,0.010953011,-0.037970733,0.048923746,test,-0.085481875
2021-10-22,EFA,-0.0019895327,-0.0126491655,0.010659633,test,0.031617466
2021-10-22,IWM,0.009453347,0.008305372,0.0011479752,test,0.02020017
2021-10-22,SPY,0.005348182,0.08332505,0.07797687,test,-0.003897884
2021-10-22,TLT,-0.0015281007,-0.019732255,0.018204154,test,-0.037970733
2021-10-25,EFA,0.0019895327,-0.07351862,0.075508155,test,-0.0126491655
2021-10-25,IWM,-0.0075642606,0.026413988,0.03397825,test,0.008305372
2021-10-25,SPY,0.00089968997,0.012728778,0.0118290875,test,0.08332505
2021-10-25,TLT,0.008235489,-0.028200507,0.036435995,test,-0.019732255
2021-10-26,EFA,-0.0039830315,-0.072424494,0.068441465,test,-0.07351862
2021-10-26,IWM,-0.018561274,0.0064273635,0.024988636,test,0.026413988
2021-10-26,SPY,-0.004440021,0.05628093,0.06072095,test,0.012728778
2021-10-26,TLT,0.018030211,0.0288059,0.010775689,test,-0.028200507
2021-10-27,EFA,0.009680973,-0.036982823,0.0466638,test,-0.072424494
2021-10-27,IWM,0.019745488,0.030518081,0.010772593,test,0.0064273635
2021-10-27,SPY,0.009602622,0.038699176,0.029096555,test,0.05628093
2021-10-27,TLT,-0.003389691,-0.012344609,0.008954918,test,0.0288059
2021-10-28,EFA,-0.005822015,-0.028973956,0.023151942,test,-0.036982823
2021-10-28,IWM,-0.000262959,-0.0075871837,0.007324225,test,0.030518081
2021-10-28,SPY,0.0020271465,-0.0402193,0.042246446,test,0.038699176
2021-10-28,TLT,0.0030519601,0.019699432,0.016647471,test,-0.012344609
2021-10-29,EFA,0.009643867,-0.03490327,0.044547137,test,-0.028973956
2021-10-29,IWM,0.025585286,-0.005574153,0.031159438,test,-0.0075871837
2021-10-29,SPY,0.001718646,0.022672247,0.020953601,test,-0.0402193
2021-10-29,TLT,-0.0072263363,-0.019673478,0.012447141,test,0.019699432
2021-11-01,EFA,-0.002093912,-0.0081507815,0.0060568694,test,-0.03490327
2021-11-01,IWM,0.002092163,-0.06119333,0.06328549,test,-0.005574153
2021-11-01,SPY,0.0040349397,-0.0038263677,0.007861307,test,0.022672247
2021-11-01,TLT,0.004428595,0.00080726575,0.003621329,test,-0.019673478
2021-11-02,EFA,0.00810487,-0.034704834,0.042809702,test,-0.0081507815
2021-11-02,IWM,0.017713705,-0.016426254,0.03413996,test,-0.06119333
2021-11-02,SPY,0.00608663,-0.005310948,0.011397578,test,-0.0038263677
2021-11-02,TLT,-0.010386993,-0.013470189,0.0030831955,test,0.00080726575
2021-11-03,EFA,-0.0006113832,0.03957721,0.040188592,test,-0.034704834
2021-11-03,IWM,-0.00037705537,-0.07583654,0.07545948,test,-0.016426254
2021-11-03,SPY,0.004701492,0.018344294,0.013642803,test,-0.005310948
2021-11-03,TLT,0.010455197,0.012109955,0.0016547581,test,-0.013470189
2021-11-04,EFA,0.0014674872,-0.010787181,0.0122546675,test,0.03957721
2021-11-04,IWM,0.01357323,0.017030012,0.0034567816,test,-0.07583654
2021-11-04,SPY,0.003463715,0.05298001,0.049516294,test,0.018344294
2021-11-04,TLT,0.014845019,-0.006880797,0.021725817,test,0.012109955
2021-11-05,EFA,-0.00012227106,-0.015144306,0.015022035,test,-0.010787181
2021-11-05,IWM,0.003096885,-0.019632816,0.022729702,test,0.017030012
2021-11-05,SPY,0.0008533042,0.03697015,0.036116846,test,0.05298001
2021-11-05,TLT,-0.0018770575,0.014380769,0.016257826,test,-0.006880797
2021-11-08,EFA,-0.002202255,-0.036115102,0.03391285,test,-0.015144306
2021-11-08,IWM,-0.0058299927,0.018835176,0.02466517,test,-0.019632816
2021-11-08,SPY,-0.0033107735,0.06406205,0.06737283,test,0.03697015
2021-11-08,TLT,0.012934161,-0.038591027,0.05152519,test,0.014380769
2021-11-09,EFA,-0.012200574,0.039102487,0.051303063,test,-0.036115102
2021-11-09,IWM,-0.015883198,0.00060668774,0.016489886,test,0.018835176
2021-11-09,SPY,-0.008077483,0.012353231,0.020430714,test,0.06406205
2021-11-09,TLT,-0.018451888,-0.047040224,0.028588336,test,-0.038591027
2021-11-10,EFA,0.0035892185,-0.0024335003,0.0060227187,test,0.039102487
2021-11-10,IWM,0.008014913,0.009872244,0.001857331,test,0.00060668774
2021-11-10,SPY,0.0003234113,-0.04810804,0.048431452,test,0.012353231
2021-11-10,TLT,-0.0014858891,0.04100608,0.04249197,test,-0.047040224
2021-11-11,EFA,0.005421314,0.006739308,0.0013179942,test,-0.0024335003
2021-11-11,IWM,0.0010024533,0.023346309,0.022343855,test,0.009872244
2021-11-11,SPY,0.007518524,0.03820152,0.030682994,test,-0.04810804
2021-11-11,TLT,-0.0044021416,0.034081474,0.038483616,test,0.04100608
2021-11-12,EFA,-0.0018446071,0.04786959,0.049714196,test,0.006739308
2021-11-12,IWM,-0.0039742906,0.0037056087,0.007679899,test,0.023346309
2021-11-12,SPY,0.00034242656,-0.06216304,0.06250547,test,0.03820152
2021-11-12,TLT,-0.012636143,0.009392389,0.022028532,test,0.034081474
2021-11-15,EFA,-0.0022183764,-0.032937046,0.03071867,test,0.04786959
2021-11-15,IWM,0.0018427063,-0.01356487,0.015407576,test,0.0037056087
2021-11-15,SPY,0.0039499565,-0.040588684,0.04453864,test,-0.06216304
2021-11-15,TLT,-0.0025467107,-0.00028391834,0.0022627923,test,0.009392389
2021-11-16,EFA,-0.0012346215,-0.04261079,0.04137617,test,-0.032937046
2021-11-16,IWM,-0.013183255,0.026500642,0.039683897,test,-0.01356487
2021-11-16,SPY,-0.002432167,-0.06987327,0.067441106,test,-0.040588684
2021-11-16,TLT,0.00789395,0.0050420957,0.002851854,test,-0.00028391834
2021-11-17,EFA,0.0009877105,-0.08061184,0.08159955,test,-0.04261079
2021-11-17,IWM,-0.0042488757,0.007775872,0.012024747,test,0.026500642
2021-11-17,SPY,0.0033907394,-0.034864094,0.038254835,test,-0.06987327
2021-11-17,TLT,0.003753329,0.036706377,0.032953046,test,0.0050420957
2021-11-18,EFA,-0.008551926,-0.05984182,0.051289894,test,-0.08061184
2021-11-18,IWM,-0.0091535915,-0.0029587364,0.006194855,test,0.007775872
2021-11-18,SPY,-0.0017897659,-0.067249775,0.06546001,test,-0.034864094
2021-11-18,TLT,0.01050266,0.0684112,0.057908542,test,0.036706377
2021-11-19,EFA,-0.0058671865,-0.008202429,0.0023352425,test,-0.05984182
2021-11-19,IWM,-0.0042632604,0.03262342,0.03688668,test,-0.0029587364
2021-11-19,SPY,-0.0028193137,-0.059828836,0.057009522,test,-0.067249775
2021-11-19,TLT,-0.01179782,0.03433198,0.0461298,test,0.0684112
2021-11-22,EFA,-0.001002173,-0.017223034,0.01622086,test,-0.008202429
2021-11-22,IWM,-0.0017274256,0.01990372,0.021631146,test,0.03262342
2021-11-22,SPY,0.0013249762,-0.05926091,0.060585886,test,-0.059828836
2021-11-22,TLT,-0.014564632,0.117730424,0.13229506,test,0.03433198
2021-11-23,EFA,-0.006664608,-0.0084332405,0.0017686323,test,-0.017223034
2021-11-23,IWM,0.0010803126,0.0042742835,0.0031939708,test,0.01990372
2021-11-23,SPY,0.002666491,-0.03184092,0.034507412,test,-0.05926091
2021-11-23,TLT,0.015928004,0.064922094,0.04899409,test,0.117730424
2021-11-24,EFA,-0.027241278,0.0006578723,0.02789915,test,-0.0084332405
2021-11-24,IWM,-0.03842666,0.08360055,0.12202721,test,0.0042742835
2021-11-24,SPY,-0.022555592,-0.044084672,0.02152908,test,-0.03184092
2021-11-24,TLT,0.024954686,0.002213982,0.022740703,test,0.064922094
2021-11-26,EFA,0.005043706,0.014748049,0.009704343,test,0.0006578723
2021-11-26,IWM,-0.00062838505,0.05596363,0.056592017,test,0.08360055
2021-11-26,SPY,0.012192117,-0.056765776,0.068957895,test,-0.044084672
2021-11-26,TLT,-0.008070128,0.0863234,0.09439353,test,0.002213982
2021-11-29,EFA,-0.008810785,-0.037045382,0.028234597,test,0.014748049
2021-11-29,IWM,-0.020595964,-0.0861666,0.06557064,test,0.05596363
2021-11-29,SPY,-0.019649537,0.027839921,0.047489457,test,-0.056765776
2021-11-29,TLT,0.015087352,-0.02358022,0.03866757,test,0.0863234
2021-11-30,EFA,-0.0057424316,0.04501495,0.050757382,test,-0.037045382
2021-11-30,IWM,-0.022762615,0.03948245,0.062245063,test,-0.0861666
2021-11-30,SPY,-0.01116949,-0.08124674,0.07007725,test,0.027839921
2021-11-30,TLT,0.0061500533,-0.013435907,0.01958596,test,-0.02358022
2021-12-01,EFA,0.012357787,-0.021699771,0.034057558,test,0.04501495
2021-12-01,IWM,0.027518129,0.06756964,0.040051512,test,0.03948245
2021-12-01,SPY,0.015200286,0.0385206,0.023320314,test,-0.08124674
2021-12-01,TLT,0.0012463256,0.033018693,0.031772368,test,-0.013435907
2021-12-02,EFA,-0.0041458006,-0.009133328,0.004987527,test,-0.021699771
2021-12-02,IWM,-0.020741811,0.006965072,0.027706884,test,0.06756964
2021-12-02,SPY,-0.00873938,0.032060903,0.04080028,test,0.0385206
2021-12-02,TLT,0.011861415,-0.023572277,0.03543369,test,0.033018693
2021-12-03,EFA,0.009560985,0.06971507,0.060154084,test,-0.009133328
2021-12-03,IWM,0.019874742,0.22664973,0.206775,test,0.006965072
2021-12-03,SPY,0.011773727,-0.043626297,0.055400025,test,0.032060903
2021-12-03,TLT,-0.013830069,-0.00011492055,0.013715149,test,-0.023572277
2021-12-06,EFA,0.02086845,0.1159229,0.09505445,test,0.06971507
2021-12-06,IWM,0.022929352,0.0475595,0.024630148,test,0.22664973
2021-12-06,SPY,0.020473737,0.068915725,0.048441987,test,-0.043626297
2021-12-06,TLT,-0.0081126,-0.031129621,0.02301702,test,-0.00011492055
2021-12-07,EFA,0.0018871757,0.08036384,0.07847667,test,0.1159229
2021-12-07,IWM,0.0068040756,-0.014075342,0.020879418,test,0.0475595
2021-12-07,SPY,0.0026446031,0.052062076,0.049417473,test,0.068915725
2021-12-07,TLT,-0.017436234,-0.016123686,0.0013125483,test,-0.031129621
2021-12-08,EFA,-0.008330144,0.01657455,0.024904694,test,0.08036384
2021-12-08,IWM,-0.02290799,-0.042319667,0.019411677,test,-0.014075342
2021-12-08,SPY,-0.006774612,0.09325729,0.100031905,test,0.052062076
2021-12-08,TLT,0.0055784676,-0.018218067,0.023796534,test,-0.016123686
2021-12-09,EFA,0.0021521235,-0.06588903,0.06804115,test,0.01657455
2021-12-09,IWM,-0.0027701438,0.014308189,0.017078333,test,-0.042319667
2021-12-09,SPY,0.00936953,-0.0026215846,0.011991114,test,0.09325729
2021-12-09,TLT,-0.0024158016,-0.0032842038,0.0008684022,test,-0.018218067
2021-12-10,EFA,-0.009411357,-0.012442288,0.0030309306,test,-0.06588903
2021-12-10,IWM,-0.0147215985,-0.07090944,0.056187842,test,0.014308189
2021-12-10,SPY,-0.008897769,0.08544131,0.09433908,test,-0.0026215846
2021-12-10,TLT,0.014671287,-0.0175201,0.03219139,test,-0.0032842038
2021-12-13,EFA,-0.0053392868,-0.036434937,0.03109565,test,-0.012442288
2021-12-13,IWM,-0.008646927,0.0073753195,0.016022246,test,-0.07090944
2021-12-13,SPY,-0.00690388,0.050623633,0.057527512,test,0.08544131
2021-12-13,TLT,-0.0023864578,0.016388204,0.018774662,test,-0.0175201
2021-12-14,EFA,0.013489094,0.0027566636,0.01073243,test,-0.036434937
2021-12-14,IWM,0.015750032,0.07550001,0.05974998,test,0.0073753195
2021-12-14,SPY,0.015504217,0.047968917,0.032464698,test,0.050623633
2021-12-14,TLT,-0.009668251,0.04330582,0.05297407,test,0.016388204
2021-12-15,EFA,0.00012857535,-0.016408201,0.016536776,test,0.0027566636
2021-12-15,IWM,-0.020429894,0.11771074,0.13814063,test,0.07550001
2021-12-15,SPY,-0.008857532,0.038665008,0.04752254,test,0.047968917
2021-12-15,TLT,0.0003888529,0.02251469,0.022125836,test,0.04330582
2021-12-16,EFA,-0.012704198,0.013429564,0.026133763,test,-0.016408201
2021-12-16,IWM,0.009152132,0.03121594,0.022063807,test,0.11771074
2021-12-16,SPY,-0.010699962,0.044487387,0.05518735,test,0.038665008
2021-12-16,TLT,0.011267902,0.09312645,0.08185855,test,0.02251469
2021-12-17,EFA,-0.0022201054,0.053228926,0.05544903,test,0.013429564
2021-12-17,IWM,-0.014136983,0.1464656,0.16060258,test,0.03121594
2021-12-17,SPY,-0.010690528,0.04457113,0.05526166,test,0.044487387
2021-12-17,TLT,-0.007520549,0.020606201,0.02812675,test,0.09312645
2021-12-20,EFA,0.01105257,-0.034220323,0.045272894,test,0.053228926
2021-12-20,IWM,0.02816818,-0.009125273,0.037293453,test,0.1464656
2021-12-20,SPY,0.017603261,0.035826158,0.018222896,test,0.04457113
2021-12-20,TLT,-0.0038146435,0.04898301,0.052797657,test,0.020606201
2021-12-21,EFA,0.009267652,-0.012420814,0.021688465,test,-0.034220323
2021-12-21,IWM,0.0095793875,-0.07734368,0.08692307,test,-0.009125273
2021-12-21,SPY,0.00994912,-0.028506607,0.038455725,test,0.035826158
2021-12-21,TLT,0.0046159253,0.047831688,0.043215763,test,0.04898301
2021-12-22,EFA,0.0058764736,-0.001978836,0.007855309,test,-0.012420814
2021-12-22,IWM,0.007957874,-0.087964356,0.09592223,test,-0.07734368
2021-12-22,SPY,0.006202722,-0.017223824,0.023426546,test,-0.028506607
2021-12-22,TLT,-0.008714464,0.061026987,0.06974145,test,0.047831688
2021-12-23,EFA,0.007739515,0.009328478,0.001588963,test,-0.001978836
2021-12-23,IWM,0.00932428,-0.14118828,0.15051256,test,-0.087964356
2021-12-23,SPY,0.014053034,-0.0006417101,0.014694744,test,-0.017223824
2021-12-23,TLT,0.0024213374,0.029051024,0.026629686,test,0.061026987
2021-12-27,EFA,0.0003792394,0.016486298,0.016107058,test,0.009328478
2021-12-27,IWM,-0.0061316593,-0.009635006,0.0035033468,test,-0.14118828
2021-12-27,SPY,-0.00081760716,0.024808828,0.025626436,test,-0.0006417101
2021-12-27,TLT,-0.0039715073,-0.009125215,0.0051537077,test,0.029051024
2021-12-28,EFA,-0.0003792394,-0.0035528978,0.0031736584,test,0.016486298
2021-12-28,IWM,0.001076915,-0.037517786,0.0385947,test,-0.009635006
2021-12-28,SPY,0.001278324,-0.028612029,0.029890353,test,0.024808828
2021-12-28,TLT,-0.010984403,-0.048283096,0.037298694,test,-0.009125215
2021-12-29,EFA,-0.0026250922,-0.004824727,0.0021996347,test,-0.0035528978
2021-12-29,IWM,-0.00026912004,-0.012858479,0.01258936,test,-0.037517786
2021-12-29,SPY,-0.0027682357,0.020094957,0.022863192,test,-0.028612029
2021-12-29,TLT,0.008351736,-0.05796732,0.066319056,test,-0.048283096
