date,ticker,y_true,y_pred,abs_error,dataset_part,signal_for_trade
2016-03-31,EFA,-0.010728849,-0.025894312,0.015165463,train,
2016-03-31,IWM,0.0044196583,0.009716507,0.0052968487,train,
2016-03-31,SPY,0.006788713,0.016207688,0.009418975,train,
2016-03-31,TLT,0.0026045842,-0.0016859006,0.004290485,train,
2016-04-01,EFA,-0.002124472,0.047547758,0.04967223,train,-0.025894312
2016-04-01,IWM,-0.008404455,0.03487006,0.043274514,train,0.009716507
2016-04-01,SPY,-0.0032431672,0.005623736,0.008866903,train,0.016207688
2016-04-01,TLT,0.00061208836,0.03353791,0.03292582,train,-0.0016859006
2016-04-04,EFA,-0.019866308,0.028930767,0.048797075,train,0.047547758
2016-04-04,IWM,-0.011408973,0.041091643,0.052500617,train,0.03487006
2016-04-04,SPY,-0.010038411,0.018822286,0.028860698,train,0.005623736
2016-04-04,TLT,0.01087671,0.023286218,0.012409508,train,0.03353791
2016-04-05,EFA,0.016138159,-0.004871493,0.021009652,train,0.028930767
2016-04-05,IWM,0.01122719,-0.01465535,0.025882538,train,0.041091643
2016-04-05,SPY,0.010862034,0.0031780694,0.0076839644,train,0.018822286
2016-04-05,TLT,-0.007288743,0.02438127,0.03167001,train,0.023286218
2016-04-06,EFA,-0.014693275,0.0007770336,0.015470309,train,-0.004871493
2016-04-06,IWM,-0.013616869,-0.0050490946,0.008567775,train,-0.01465535
2016-04-06,SPY,-0.012037804,0.0022091658,0.01424697,train,0.0031780694
2016-04-06,TLT,0.012269457,0.008515941,0.003753516,train,0.02438127
2016-04-07,EFA,0.018952716,-0.009734832,0.028687548,train,0.0007770336
2016-04-07,IWM,0.003949026,-0.031772465,0.035721492,train,-0.0050490946
2016-04-07,SPY,0.0026930294,-0.008258758,0.010951787,train,0.0022091658
2016-04-07,TLT,-0.00634309,0.029586812,0.035929903,train,0.008515941
2016-04-08,EFA,0.000531464,-0.025343593,0.025875058,train,-0.009734832
2016-04-08,IWM,-0.003120809,-0.06377958,0.060658768,train,-0.031772465
2016-04-08,SPY,-0.0023500558,0.0019011945,0.00425125,train,-0.008258758
2016-04-08,TLT,-0.0012883232,0.0124972435,0.013785567,train,0.029586812
2016-04-11,EFA,0.01476055,0.020984143,0.006223593,train,-0.025343593
2016-04-11,IWM,0.010698637,-0.02937481,0.040073447,train,-0.06377958
2016-04-11,SPY,0.009269853,0.0004997961,0.008770057,train,0.0019011945
2016-04-11,TLT,-0.0069265175,0.010998603,0.01792512,train,0.0124972435
2016-04-12,EFA,0.01574833,0.11665794,0.10090961,train,0.020984143
2016-04-12,IWM,0.021328477,0.0014876481,0.01984083,train,-0.02937481
2016-04-12,SPY,0.010050252,-0.0036203088,0.013670561,train,0.0004997961
2016-04-12,TLT,0.003507379,0.0005657645,0.0029416145,train,0.010998603
2016-04-13,EFA,0.0032570015,0.029496001,0.026239,train,0.11665794
2016-04-13,IWM,-0.0012472792,-0.01102229,0.009775011,train,0.0014876481
2016-04-13,SPY,4.8221504e-05,-0.051564753,0.051612973,train,-0.0036203088
2016-04-13,TLT,-0.004806872,0.0072992495,0.0121061215,train,0.0005657645
2016-04-14,EFA,-0.0022274351,0.007048236,0.009275671,train,0.029496001
2016-04-14,IWM,0.0024929277,-0.02780958,0.030302508,train,-0.01102229
2016-04-14,SPY,-0.0011064076,-0.021434443,0.020328036,train,-0.051564753
2016-04-14,TLT,0.008528992,0.0052230265,0.003305965,train,0.0072992495
2016-04-15,EFA,0.008539855,-0.0016926434,0.010232498,train,0.007048236
2016-04-15,IWM,0.0075305235,-0.005800551,0.013331074,train,-0.02780958
2016-04-15,SPY,0.0070020994,-0.017868845,0.024870943,train,-0.021434443
2016-04-15,TLT,-0.00433211,0.018494083,0.022826193,train,0.0052230265
2016-04-18,EFA,0.017198138,0.020902688,0.0037045497,train,-0.0016926434
2016-04-18,IWM,0.000794,0.019493112,0.018699113,train,-0.005800551
2016-04-18,SPY,0.0031491977,-0.050940476,0.054089673,train,-0.017868845
2016-04-18,TLT,-0.0031267228,0.0048941392,0.008020862,train,0.018494083
2016-04-19,EFA,0.0008354922,0.043212608,0.042377114,train,0.020902688
2016-04-19,IWM,0.0014982717,0.04321429,0.04171602,train,0.019493112
2016-04-19,SPY,0.000952624,-0.0013942989,0.0023469229,train,-0.050940476
2016-04-19,TLT,-0.011061635,0.0081498455,0.01921148,train,0.0048941392
2016-04-20,EFA,-0.0060312347,-0.015683413,0.009652178,train,0.043212608
2016-04-20,IWM,-0.0050321408,-0.0040801074,0.0009520333,train,0.04321429
2016-04-20,SPY,-0.005393099,-0.0013751024,0.0040179966,train,-0.0013942989
2016-04-20,TLT,-0.005965528,0.014320867,0.020286396,train,0.0081498455
2016-04-21,EFA,0.00050423224,-0.070849955,0.07135419,train,-0.015683413
2016-04-21,IWM,0.009863502,-0.031750597,0.0416141,train,-0.0040801074
2016-04-21,SPY,0.0,0.0010977397,0.0010977397,train,-0.0013751024
2016-04-21,TLT,-0.0025670994,0.01545131,0.01801841,train,0.014320867
2016-04-22,EFA,-0.005051542,0.015534049,0.020585591,train,-0.070849955
2016-04-22,IWM,-0.0071236333,0.021309623,0.028433256,train,-0.031750597
2016-04-22,SPY,-0.0017242149,0.0016199187,0.0033441335,train,0.0010977397
2016-04-22,TLT,-0.004138355,0.032914165,0.03705252,train,0.01545131
2016-04-25,EFA,0.003538601,0.053585753,0.05004715,train,0.015534049
2016-04-25,IWM,0.009749612,-0.0084170345,0.018166646,train,0.021309623
2016-04-25,SPY,0.0014849636,0.009152221,0.007667257,train,0.0016199187
2016-04-25,TLT,-0.004547371,0.017666584,0.022213954,train,0.032914165
2016-04-26,EFA,0.0006726431,0.044695057,0.044022415,train,0.053585753
2016-04-26,IWM,0.0034898578,0.006547803,0.0030579453,train,-0.0084170345
2016-04-26,SPY,0.0020559842,0.004913003,0.002857019,train,0.009152221
2016-04-26,TLT,0.009930698,0.015191361,0.005260663,train,0.017666584
2016-04-27,EFA,-0.013709251,0.1346204,0.14832965,train,0.044695057
2016-04-27,IWM,-0.01147577,0.07305691,0.08453268,train,0.006547803
2016-04-27,SPY,-0.009117023,0.013657954,0.022774976,train,0.004913003
2016-04-27,TLT,0.004115872,0.023601223,0.01948535,train,0.015191361
2016-04-28,EFA,-0.004269499,-0.027259683,0.022990184,train,0.1346204
2016-04-28,IWM,-0.009027203,0.024103677,0.03313088,train,0.07305691
2016-04-28,SPY,-0.005413306,0.0020625945,0.0074759005,train,0.013657954
2016-04-28,TLT,0.0025533147,0.023856109,0.021302795,train,0.023601223
2016-04-29,EFA,0.009368777,0.041058287,0.03168951,train,-0.027259683
2016-04-29,IWM,0.008851103,-0.0091176,0.017968703,train,0.024103677
2016-04-29,SPY,0.007916712,-0.005130561,0.013047273,train,0.0020625945
2016-04-29,TLT,-0.010118905,-0.0019233776,0.008195528,train,0.023856109
2016-05-02,EFA,-0.016583024,-0.024639232,0.0080562085,train,0.041058287
2016-05-02,IWM,-0.016526408,0.0033658314,0.01989224,train,-0.0091176
2016-05-02,SPY,-0.008740694,0.00080563594,0.00954633,train,-0.005130561
2016-05-02,TLT,0.012517414,0.013754808,0.0012373943,train,-0.0019233776
2016-05-03,EFA,-0.011616886,0.004579197,0.016196083,train,-0.024639232
2016-05-03,IWM,-0.008276532,-0.011753663,0.003477131,train,0.0033658314
2016-05-03,SPY,-0.0055941227,-0.020009397,0.014415273,train,0.00080563594
2016-05-03,TLT,0.0054705455,-0.024755036,0.030225582,train,0.013754808
2016-05-04,EFA,-0.0020949023,0.012218775,0.014313677,train,0.004579197
2016-05-04,IWM,-0.0039824285,-0.012356635,0.008374207,train,-0.011753663
2016-05-04,SPY,-0.0001951987,-0.010411568,0.010216369,train,-0.020009397
2016-05-04,TLT,0.0066627506,0.00850239,0.0018396396,train,-0.024755036
2016-05-05,EFA,0.0027923784,-0.0016859765,0.004478355,train,0.012218775
2016-05-05,IWM,0.005877773,-0.006498214,0.012375986,train,-0.012356635
2016-05-05,SPY,0.0036523878,0.0003397651,0.0033126227,train,-0.010411568
2016-05-05,TLT,-0.0042836317,0.0071887546,0.011472386,train,0.00850239
2016-05-06,EFA,-0.0020937098,-0.012131361,0.010037651,train,-0.0016859765
2016-05-06,IWM,0.0028810238,-0.0059443386,0.008825363,train,-0.006498214
2016-05-06,SPY,0.0008257438,-0.0009426917,0.0017684355,train,0.0003397651
2016-05-06,TLT,0.0031375312,0.009407189,0.0062696575,train,0.0071887546
2016-05-09,EFA,0.014219188,-0.0050533665,0.019272555,train,-0.012131361
2016-05-09,IWM,0.0100189475,-0.014735697,0.024754643,train,-0.0059443386
2016-05-09,SPY,0.01235727,-0.0011179876,0.013475258,train,-0.0009426917
2016-05-09,TLT,7.685462e-05,0.007502782,0.0074259276,train,0.009407189
2016-05-10,EFA,-0.008646001,0.012060262,0.020706262,train,-0.0050533665
2016-05-10,IWM,-0.012449425,-0.07274348,0.06029406,train,-0.014735697
2016-05-10,SPY,-0.0093986215,-0.037135653,0.027737033,train,-0.0011179876
2016-05-10,TLT,0.005638586,0.008414136,0.0027755504,train,0.007502782
2016-05-11,EFA,-0.00034751062,-0.006660415,0.0063129044,train,0.012060262
2016-05-11,IWM,-0.0053312634,-0.008432323,0.0031010597,train,-0.07274348
2016-05-11,SPY,0.00029026796,-0.024555083,0.02484535,train,-0.037135653
2016-05-11,TLT,-0.0045693396,-0.0059097093,0.0013403697,train,0.008414136
2016-05-12,EFA,-0.010302931,-0.05146087,0.04115794,train,-0.006660415
2016-05-12,IWM,-0.0066362754,-0.0005920436,0.006044232,train,-0.008432323
2016-05-12,SPY,-0.008752248,-0.008611226,0.0001410218,train,-0.024555083
2016-05-12,TLT,0.009647318,-0.027419237,0.037066557,train,-0.0059097093
2016-05-13,EFA,0.011865511,-0.0015466185,0.013412129,train,-0.05146087
2016-05-13,IWM,0.012598291,-0.017662505,0.030260796,train,-0.0005920436
2016-05-13,SPY,0.009816941,-0.024404855,0.0342218,train,-0.008611226
2016-05-13,TLT,-0.008655296,0.038059212,0.046714507,train,-0.027419237
2016-05-16,EFA,-0.0073120315,0.013342264,0.020654295,train,-0.0015466185
2016-05-16,IWM,-0.015978543,-0.011905579,0.004072964,train,-0.017662505
2016-05-16,SPY,-0.009377216,-0.04925795,0.039880734,train,-0.024404855
2016-05-16,TLT,0.0016754931,-0.02899172,0.030667212,train,0.038059212
2016-05-17,EFA,0.00034915452,-0.013718756,0.014067911,train,0.013342264
2016-05-17,IWM,0.0052028527,-0.037787594,0.042990446,train,-0.011905579
2016-05-17,SPY,0.00029234335,-0.0243289,0.024621245,train,-0.04925795
2016-05-17,TLT,-0.014337458,0.0037894086,0.018126866,train,-0.02899172
2016-05-18,EFA,-0.0071872175,-0.014081653,0.0068944357,train,-0.013718756
2016-05-18,IWM,-0.008044153,-0.013422068,0.0053779148,train,-0.037787594
2016-05-18,SPY,-0.0034705293,-0.027451726,0.023981197,train,-0.0243289
2016-05-18,TLT,0.004315321,0.014610068,0.010294747,train,0.0037894086
2016-05-19,EFA,0.008234848,0.011554984,0.003320136,train,-0.014081653
2016-05-19,IWM,0.016655842,-0.032552443,0.049208283,train,-0.013422068
2016-05-19,SPY,0.0062974924,-0.0284577,0.034755193,train,-0.027451726
2016-05-19,TLT,0.0007681521,0.010039241,0.009271089,train,0.014610068
2016-05-20,EFA,-0.0033209387,-0.06407766,0.06075672,train,0.011554984
2016-05-20,IWM,-0.0011740965,-0.058405645,0.05723155,train,-0.032552443
2016-05-20,SPY,-0.0013635595,-0.008111322,0.0067477627,train,-0.0284577
2016-05-20,TLT,0.002226194,0.014284452,0.012058258,train,0.010039241
2016-05-23,EFA,0.014426421,-0.004107671,0.018534092,train,-0.06407766
2016-05-23,IWM,0.020394478,-0.014646294,0.035040773,train,-0.058405645
2016-05-23,SPY,0.012878623,0.049109846,0.036231223,train,-0.008111322
2016-05-23,TLT,-0.0044566626,0.014771716,0.019228378,train,0.014284452
2016-05-24,EFA,0.01047127,0.040960237,0.030488968,train,-0.004107671
2016-05-24,IWM,0.0058268174,0.04573427,0.039907455,train,-0.014646294
2016-05-24,SPY,0.0067604114,-0.029600667,0.03636108,train,0.049109846
2016-05-24,TLT,-0.003780392,0.015671514,0.019451905,train,0.014771716
2016-05-25,EFA,0.0027285689,0.077855974,0.07512741,train,0.040960237
2016-05-25,IWM,-0.0011451899,-0.029984703,0.028839514,train,0.04573427
2016-05-25,SPY,0.00028675498,-0.03356634,0.033853095,train,-0.029600667
2016-05-25,TLT,0.005165523,0.009031672,0.003866149,train,0.015671514
2016-05-26,EFA,-0.0010224617,0.018881269,0.01990373,train,0.077855974
2016-05-26,IWM,0.009909561,0.0012123305,0.00869723,train,-0.029984703
2016-05-26,SPY,0.004290038,-0.022107953,0.026397992,train,-0.03356634
2016-05-26,TLT,-0.001461968,0.014129076,0.015591044,train,0.009031672
2016-05-27,EFA,-0.0047847717,0.047301836,0.052086607,train,0.018881269
2016-05-27,IWM,0.0034842326,-0.012635415,0.016119648,train,0.0012123305
2016-05-27,SPY,-0.0019045445,-0.017915145,0.0160106,train,-0.022107953
2016-05-27,TLT,0.0023843495,0.010404862,0.008020513,train,0.014129076
2016-05-31,EFA,-0.0008567371,0.045890316,0.046747055,train,0.047301836
2016-05-31,IWM,0.0067597283,0.024477204,0.017717477,train,-0.012635415
2016-05-31,SPY,0.0020470645,0.047005177,0.04495811,train,-0.017915145
2016-05-31,TLT,0.004049471,0.012211831,0.008162361,train,0.010404862
2016-06-01,EFA,0.0,0.0025292756,0.0025292756,train,0.045890316
2016-06-01,IWM,0.007657383,-0.009028507,0.01668589,train,0.024477204
2016-06-01,SPY,0.003039195,0.03369777,0.030658575,train,0.047005177
2016-06-01,TLT,0.00718121,0.03011674,0.02293553,train,0.012211831
2016-06-02,EFA,0.006493516,-0.011923341,0.018416857,train,0.0025292756
2016-06-02,IWM,-0.0060178176,-0.01937016,0.013352342,train,-0.009028507
2016-06-02,SPY,-0.002991835,0.007561648,0.010553483,train,0.03369777
2016-06-02,TLT,0.014135253,-0.01618247,0.030317722,train,0.03011674
2016-06-03,EFA,0.0056051835,0.028669143,0.02306396,train,-0.011923341
2016-06-03,IWM,0.0107209915,-0.03766431,0.0483853,train,-0.01937016
2016-06-03,SPY,0.005075984,0.010202183,0.005126199,train,0.007561648
2016-06-03,TLT,-0.0074587306,-0.00064844266,0.006810288,train,-0.01618247
2016-06-06,EFA,0.0072569633,0.0043909545,0.0028660088,train,0.028669143
2016-06-06,IWM,0.0028964612,0.003997745,0.0011012838,train,-0.03766431
2016-06-06,SPY,0.0015599066,0.017006982,0.0154470755,train,0.010202183
2016-06-06,TLT,0.0024173432,0.016168524,0.013751181,train,-0.00064844266
2016-06-07,EFA,0.0020156365,0.017755518,0.01573988,train,0.0043909545
2016-06-07,IWM,0.0073733563,0.035515822,0.028142467,train,0.003997745
2016-06-07,SPY,0.0032544865,0.011764439,0.008509953,train,0.017006982
2016-06-07,TLT,0.005341637,-0.011580674,0.01692231,train,0.016168524
2016-06-08,EFA,-0.012326022,0.018976014,0.031302035,train,0.017755518
2016-06-08,IWM,-0.0064381845,0.039954267,0.046392452,train,0.035515822
2016-06-08,SPY,-0.0013667346,0.013752092,0.015118826,train,0.011764439
2016-06-08,TLT,0.0064326157,0.011219876,0.00478726,train,-0.011580674
2016-06-09,EFA,-0.029482422,0.0012615509,0.030743973,train,0.018976014
2016-06-09,IWM,-0.013690876,-0.003489783,0.010201093,train,0.039954267
2016-06-09,SPY,-0.0095226,0.027109206,0.036631808,train,0.013752092
2016-06-09,TLT,0.00483404,0.0041635465,0.0006704936,train,0.011219876
2016-06-10,EFA,-0.014629761,-0.005012419,0.009617342,train,0.0012615509
2016-06-10,IWM,-0.010914675,-0.021481723,0.010567048,train,-0.003489783
2016-06-10,SPY,-0.00774162,0.021287002,0.02902862,train,0.027109206
2016-06-10,TLT,0.0044418504,0.009988493,0.005546643,train,0.0041635465
2016-06-13,EFA,-0.016109183,0.0260218,0.042130984,train,-0.005012419
2016-06-13,IWM,-0.0028780447,0.0056909677,0.008569012,train,-0.021481723
2016-06-13,SPY,-0.001968783,0.034873184,0.036841966,train,0.021287002
2016-06-13,TLT,-0.0007392343,0.020262646,0.02100188,train,0.009988493
2016-06-14,EFA,0.006654218,-0.011553729,0.018207947,train,0.0260218
2016-06-14,IWM,0.0006981413,0.012225269,0.0115271285,train,0.0056909677
2016-06-14,SPY,-0.0013949422,0.02952094,0.030915882,train,0.034873184
2016-06-14,TLT,0.0038367144,-0.017828183,0.021664897,train,0.020262646
2016-06-15,EFA,0.002148633,0.02342114,0.021272507,train,-0.011553729
2016-06-15,IWM,-8.715597e-05,0.00663333,0.006720486,train,0.012225269
2016-06-15,SPY,0.002980078,0.024033975,0.021053897,train,0.02952094
2016-06-15,TLT,0.004848146,0.022376101,0.017527957,train,-0.017828183
2016-06-16,EFA,0.0097889,0.022521783,0.012732883,train,0.02342114
2016-06-16,IWM,-0.004286883,0.011921575,0.016208459,train,0.00663333
2016-06-16,SPY,-0.0037311248,0.022050949,0.025782073,train,0.024033975
2016-06-16,TLT,-0.006247833,0.015735371,0.021983204,train,0.022376101
2016-06-17,EFA,0.024494164,0.013807362,0.010686802,train,0.022521783
2016-06-17,IWM,0.0108127305,0.001576538,0.009236192,train,0.011921575
2016-06-17,SPY,0.0064193136,0.0036513573,0.0027679563,train,0.022050949
2016-06-17,TLT,-0.010750407,0.005912306,0.016662713,train,0.015735371
2016-06-20,EFA,0.008090176,-0.0063819382,0.014472114,train,0.013807362
2016-06-20,IWM,-0.0019098689,-0.005466831,0.0035569621,train,0.001576538
2016-06-20,SPY,0.0028344404,0.00406057,0.0012261297,train,0.0036513573
2016-06-20,TLT,-0.004631674,0.00766908,0.012300754,train,0.005912306
2016-06-21,EFA,-0.00061258127,-0.016765041,0.01615246,train,-0.0063819382
2016-06-21,IWM,-0.0039181127,-0.005234872,0.0013167593,train,-0.005466831
2016-06-21,SPY,-0.0016325675,0.0017984703,0.0034310378,train,0.00406057
2016-06-21,TLT,0.0016456101,0.014943698,0.013298089,train,0.00766908
2016-06-22,EFA,0.027285537,0.0020789932,0.025206544,train,-0.016765041
2016-06-22,IWM,0.018924978,0.006762325,0.012162653,train,-0.005234872
2016-06-22,SPY,0.012938592,0.003496291,0.009442301,train,0.0017984703
2016-06-22,TLT,-0.011504484,0.015233264,0.02673775,train,0.014943698
2016-06-23,EFA,-0.08977167,-0.02648935,0.063282326,train,0.0020789932
2016-06-23,IWM,-0.03874833,-0.008996172,0.02975216,train,0.006762325
2016-06-23,SPY,-0.036569558,-0.014957713,0.021611845,train,0.003496291
2016-06-23,TLT,0.026493473,0.011206768,0.0152867045,train,0.015233264
2016-06-24,EFA,-0.019381808,-0.035151802,0.015769994,train,-0.02648935
2016-06-24,IWM,-0.033386085,-0.005730383,0.027655702,train,-0.008996172
2016-06-24,SPY,-0.018072467,0.06882613,0.086898595,train,-0.014957713
2016-06-24,TLT,0.024660254,-0.09568822,0.12034847,train,0.011206768
2016-06-27,EFA,0.025882682,0.029536946,0.003654264,train,-0.035151802
2016-06-27,IWM,0.015338447,-0.007939482,0.023277929,train,-0.005730383
2016-06-27,SPY,0.017875448,0.018456412,0.0005809646,train,0.06882613
2016-06-27,TLT,0.0020815788,0.06864495,0.06656337,train,-0.09568822
2016-06-28,EFA,0.018164176,-0.007387897,0.025552073,train,0.029536946
2016-06-28,IWM,0.022486843,0.014064498,0.008422345,train,-0.007939482
2016-06-28,SPY,0.016884131,0.010528212,0.006355919,train,0.018456412
2016-06-28,TLT,-0.0077020824,0.101121746,0.10882383,train,0.06864495
2016-06-29,EFA,0.014798969,-0.04409556,0.05889453,train,-0.007387897
2016-06-29,IWM,0.01843317,0.06729967,0.048866503,train,0.014064498
2016-06-29,SPY,0.013553384,-0.006298092,0.019851476,train,0.010528212
2016-06-29,TLT,0.0036788983,0.037940316,0.034261417,train,0.101121746
2016-06-30,EFA,0.0,-0.03312078,0.03312078,train,-0.04409556
2016-06-30,IWM,0.0035591912,0.039579377,0.036020186,train,0.06729967
2016-06-30,SPY,0.002098637,-0.020701164,0.022799801,train,-0.006298092
2016-06-30,TLT,0.013788508,0.053709373,0.039920866,train,0.037940316
2016-07-01,EFA,-0.019537438,-0.05959832,0.04006088,train,-0.03312078
2016-07-01,IWM,-0.014842088,0.007801445,0.022643533,train,0.039579377
2016-07-01,SPY,-0.0072195646,0.047994256,0.05521382,train,-0.020701164
2016-07-01,TLT,0.012442556,0.073897526,0.06145497,train,0.053709373
2016-07-05,EFA,-0.0018285331,-0.0047822557,0.0029537226,train,-0.05959832
2016-07-05,IWM,0.0072346455,0.016838754,0.009604108,train,0.007801445
2016-07-05,SPY,0.0059800167,0.071443476,0.06546346,train,0.047994256
2016-07-05,TLT,0.0016153442,0.0071758274,0.0055604833,train,0.073897526
2016-07-06,EFA,-0.004034507,-0.001141985,0.0028925221,train,-0.0047822557
2016-07-06,IWM,0.0021052195,-0.037475362,0.039580584,train,0.016838754
2016-07-06,SPY,-0.0006200956,-0.018917141,0.018297046,train,0.071443476
2016-07-06,TLT,-7.055743e-05,-0.04607673,0.046006173,train,0.0071758274
2016-07-07,EFA,0.015136683,-0.025704606,0.04084129,train,-0.001141985
2016-07-07,IWM,0.023039304,-0.026422454,0.04946176,train,-0.037475362
2016-07-07,SPY,0.014780622,-0.027666716,0.042447336,train,-0.018917141
2016-07-07,TLT,0.007338666,0.04106255,0.033723883,train,-0.04607673
2016-07-08,EFA,0.014554073,-0.025905253,0.040459327,train,-0.025704606
2016-07-08,IWM,0.0114928875,0.05185411,0.040361226,train,-0.026422454
2016-07-08,SPY,0.0035203975,-0.021374099,0.024894496,train,-0.027666716
2016-07-08,TLT,-0.008812786,0.016269026,0.025081813,train,0.04106255
2016-07-11,EFA,0.013465947,-0.07718592,0.09065187,train,-0.025905253
2016-07-11,IWM,0.0132853715,-0.043186456,0.05647183,train,0.05185411
2016-07-11,SPY,0.0072371303,0.012171121,0.004933991,train,-0.021374099
2016-07-11,TLT,-0.016576322,-0.041264378,0.024688056,train,0.016269026
2016-07-12,EFA,-0.0010565144,-0.03688226,0.035825744,train,-0.07718592
2016-07-12,IWM,-0.003933761,-0.06813279,0.06419903,train,-0.043186456
2016-07-12,SPY,-0.00013960754,-0.007717034,0.0075774263,train,0.012171121
2016-07-12,TLT,0.011716675,-0.001170448,0.012887123,train,-0.041264378
2016-07-13,EFA,0.00859577,-0.042897582,0.051493354,train,-0.03688226
2016-07-13,IWM,0.001006139,-0.042689703,0.04369584,train,-0.06813279
2016-07-13,SPY,0.0055681653,0.01324391,0.0076757446,train,-0.007717034
2016-07-13,TLT,-0.014649353,0.01526705,0.029916402,train,-0.001170448
2016-07-14,EFA,-0.0050782696,-0.04727085,0.04219258,train,-0.042897582
2016-07-14,IWM,0.0027605765,-0.021729467,0.024490044,train,-0.042689703
2016-07-14,SPY,-0.0013426559,-0.005945022,0.004602366,train,0.01324391
2016-07-14,TLT,-0.008634011,0.021604845,0.030238856,train,0.01526705
2016-07-15,EFA,0.0024546797,0.043614514,0.041159835,train,-0.04727085
2016-07-15,IWM,0.0016693448,-0.075495,0.077164344,train,-0.021729467
2016-07-15,SPY,0.0026835115,0.005819035,0.0031355238,train,-0.005945022
2016-07-15,TLT,-0.0009399022,0.0199816,0.020921502,train,0.021604845
2016-07-18,EFA,-0.007911968,0.0888871,0.09679907,train,0.043614514
2016-07-18,IWM,-0.0050165625,-0.08532882,0.08031225,train,-0.075495
2016-07-18,SPY,-0.0010171356,0.002497017,0.0035141525,train,0.005819035
2016-07-18,TLT,0.0056255637,0.0039942195,0.0016313442,train,0.0199816
2016-07-19,EFA,0.008962283,0.14284563,0.13388334,train,0.0888871
2016-07-19,IWM,0.0065166797,0.036211953,0.029695272,train,-0.08532882
2016-07-19,SPY,0.0041542826,0.0077370023,0.0035827197,train,0.002497017
2016-07-19,TLT,-0.005480939,0.037313923,0.04279486,train,0.0039942195
2016-07-20,EFA,-0.004031991,0.07057539,0.07460738,train,0.14284563
2016-07-20,IWM,-0.0047581485,-0.009850255,0.0050921068,train,0.036211953
2016-07-20,SPY,-0.0037842805,-0.0034936313,0.00029064924,train,0.0077370023
2016-07-20,TLT,0.0020229828,0.0060367635,0.0040137805,train,0.037313923
2016-07-21,EFA,0.0019304336,0.07924995,0.07731952,train,0.07057539
2016-07-21,IWM,0.007419528,0.02716802,0.019748492,train,-0.009850255
2016-07-21,SPY,0.0044754785,0.01743238,0.012956902,train,-0.0034936313
2016-07-21,TLT,0.0017307237,0.042292915,0.04056219,train,0.0060367635
2016-07-22,EFA,-0.0012280989,0.061731033,0.062959135,train,0.07924995
2016-07-22,IWM,-0.0014960557,0.023592645,0.025088701,train,0.02716802
2016-07-22,SPY,-0.0027201232,0.013976982,0.016697105,train,0.01743238
2016-07-22,TLT,-0.00072083663,-0.0036357306,0.002914894,train,0.042292915
2016-07-25,EFA,0.0042041214,0.07583184,0.071627714,train,0.061731033
2016-07-25,IWM,0.0048128148,0.009993898,0.005181083,train,0.023592645
2016-07-25,SPY,0.0004618696,0.0154583985,0.014996529,train,0.013976982
2016-07-25,TLT,0.0015853987,0.011697404,0.010112005,train,-0.0036357306
2016-07-26,EFA,0.0036638447,0.0176503,0.013986456,train,0.07583184
2016-07-26,IWM,0.0028103406,0.0029401206,0.00012978003,train,0.009993898
2016-07-26,SPY,-0.001061788,0.01262628,0.013688068,train,0.0154583985
2016-07-26,TLT,0.01237581,0.029036848,0.016661037,train,0.011697404
2016-07-27,EFA,-0.001045381,0.022876438,0.02392182,train,0.0176503
2016-07-27,IWM,-0.0025619927,-0.0046597086,0.0020977159,train,0.0029401206
2016-07-27,SPY,0.001153939,0.019328896,0.018174957,train,0.01262628
2016-07-27,TLT,-0.0018502995,0.06405311,0.06590341,train,0.029036848
2016-07-28,EFA,0.011785239,0.030508384,0.018723145,train,0.022876438
2016-07-28,IWM,0.0019842812,0.001639205,0.0003450762,train,-0.0046597086
2016-07-28,SPY,0.0016132809,0.011892013,0.0102787325,train,0.019328896
2016-07-28,TLT,0.008299308,0.0114252735,0.0031259656,train,0.06405311
2016-07-29,EFA,-0.0065687913,0.027683875,0.034252666,train,0.030508384
2016-07-29,IWM,0.00082564686,0.020398304,0.019572657,train,0.001639205
2016-07-29,SPY,-0.00082955934,0.016812045,0.017641604,train,0.011892013
2016-07-29,TLT,-0.010901134,0.04613579,0.057036925,train,0.0114252735
2016-08-01,EFA,-0.0050424202,0.004487345,0.009529766,train,0.027683875
2016-08-01,IWM,-0.014045582,-0.0023658117,0.01167977,train,0.020398304
2016-08-01,SPY,-0.0064276424,0.013899499,0.020327142,train,0.016812045
2016-08-01,TLT,-0.010356281,0.015721777,0.026078058,train,0.04613579
2016-08-02,EFA,-0.003492055,-0.015684668,0.0121926125,train,0.004487345
2016-08-02,IWM,0.008085896,-0.0055046156,0.013590512,train,-0.0023658117
2016-08-02,SPY,0.002918221,0.007999594,0.0050813733,train,0.013899499
2016-08-02,TLT,0.00057824707,-0.00473029,0.005308537,train,0.015721777
2016-08-03,EFA,0.0057557854,-0.020891484,0.02664727,train,-0.015684668
2016-08-03,IWM,0.0009127608,-0.005382551,0.0062953117,train,-0.0055046156
2016-08-03,SPY,0.0010634573,-0.00027339486,0.0013368522,train,0.007999594
2016-08-03,TLT,0.007485802,0.01220529,0.004719488,train,-0.00473029
2016-08-04,EFA,0.0045115342,-0.027067842,0.031579375,train,-0.020891484
2016-08-04,IWM,0.014329483,-0.006862849,0.02119233,train,-0.005382551
2016-08-04,SPY,0.008145626,-0.0027898084,0.010935434,train,-0.00027339486
2016-08-04,TLT,-0.010452418,0.02109195,0.031544365,train,0.01220529
2016-08-05,EFA,0.002075301,-0.013060804,0.015136106,train,-0.027067842
2016-08-05,IWM,-0.00049085554,0.0033739079,0.0038647633,train,-0.006862849
2016-08-05,SPY,-0.0005958735,0.012475183,0.013071056,train,-0.0027898084
2016-08-05,TLT,0.0018824068,-0.002171387,0.004053794,train,0.02109195
2016-08-08,EFA,0.007916135,0.0006609559,0.007255179,train,-0.013060804
2016-08-08,IWM,0.0010630401,0.030975007,0.029911967,train,0.0033739079
2016-08-08,SPY,0.0005958735,0.0023009928,0.0017051194,train,0.012475183
2016-08-08,TLT,0.009788447,0.009994941,0.00020649377,train,-0.002171387
2016-08-09,EFA,0.0034224002,-0.0068246517,0.010247052,train,0.0006609559
2016-08-09,IWM,-0.007217272,0.037080713,0.044297986,train,0.030975007
2016-08-09,SPY,-0.0024781385,0.017158933,0.01963707,train,0.0023009928
2016-08-09,TLT,0.0038603526,0.015531636,0.011671283,train,0.009994941
2016-08-10,EFA,0.007148644,0.021372788,0.014224144,train,-0.0068246517
2016-08-10,IWM,0.004762553,0.0024000425,0.0023625107,train,0.037080713
2016-08-10,SPY,0.0046300134,0.022345146,0.017715134,train,0.017158933
2016-08-10,TLT,-0.008958334,0.040411815,0.049370147,train,0.015531636
2016-08-11,EFA,-0.0025471451,0.0916725,0.09421965,train,0.021372788
2016-08-11,IWM,0.0009826955,0.04286387,0.041881174,train,0.0024000425
2016-08-11,SPY,-0.0008691827,0.01763206,0.018501243,train,0.022345146
2016-08-11,TLT,0.008386884,0.016807673,0.00842079,train,0.040411815
2016-08-12,EFA,0.0039034355,0.012091955,0.00818852,train,0.0916725
2016-08-12,IWM,0.009853907,0.0037381563,0.0061157504,train,0.04286387
2016-08-12,SPY,0.002879649,0.014989436,0.012109786,train,0.01763206
2016-08-12,TLT,-0.009467475,0.03587777,0.045345247,train,0.016807673
2016-08-15,EFA,-0.0015256247,0.036241937,0.037767563,train,0.012091955
2016-08-15,IWM,-0.008136651,0.06433813,0.072474785,train,0.0037381563
2016-08-15,SPY,-0.0051710573,0.010894685,0.016065743,train,0.014989436
2016-08-15,TLT,-0.002669819,0.013405826,0.016075645,train,0.03587777
2016-08-16,EFA,-0.00033935352,-0.015689993,0.01535064,train,0.036241937
2016-08-16,IWM,-0.002945706,-0.0130084995,0.010062793,train,0.06433813
2016-08-16,SPY,0.0018790958,0.015047469,0.013168373,train,0.010894685
2016-08-16,TLT,0.005979713,0.01209045,0.006110737,train,0.013405826
2016-08-17,EFA,0.0050779097,-0.009678764,0.014756674,train,-0.015689993
2016-08-17,IWM,0.0073476736,-0.007109085,0.014456758,train,-0.0130084995
2016-08-17,SPY,0.0022414385,0.019616012,0.017374573,train,0.015047469
2016-08-17,TLT,0.0015784566,0.0043685623,0.0027901055,train,0.01209045
2016-08-18,EFA,-0.007456443,-0.016951831,0.009495389,train,-0.009678764
2016-08-18,IWM,0.0,0.027781235,0.027781235,train,-0.007109085
2016-08-18,SPY,-0.0014633754,0.010176495,0.01163987,train,0.019616012
2016-08-18,TLT,-0.005248688,-0.0057748407,0.00052615255,train,0.0043685623
2016-08-19,EFA,0.0010200519,-0.018318424,0.019338476,train,-0.016951831
2016-08-19,IWM,0.002275095,-0.0027007349,0.00497583,train,0.027781235
2016-08-19,SPY,-4.533438e-05,0.02774876,0.027794095,train,0.010176495
2016-08-19,TLT,0.008399353,-0.013608845,0.0220082,train,-0.0057748407
2016-08-22,EFA,0.004239023,-0.0035994668,0.0078384895,train,-0.018318424
2016-08-22,IWM,0.006955082,0.008009962,0.0010548797,train,-0.0027007349
2016-08-22,SPY,0.0020111618,0.019983467,0.017972305,train,0.02774876
2016-08-22,TLT,0.0010720141,0.019655107,0.018583093,train,-0.013608845
2016-08-23,EFA,-0.0023718544,0.008519966,0.01089182,train,-0.0035994668
2016-08-23,IWM,-0.008173467,-0.018774634,0.010601168,train,0.008009962
2016-08-23,SPY,-0.005127931,0.024320025,0.029447956,train,0.019983467
2016-08-23,TLT,-0.0023596939,0.011821676,0.01418137,train,0.019655107
2016-08-24,EFA,-0.004078827,0.0054643606,0.009543188,train,0.008519966
2016-08-24,IWM,0.0019484102,0.0014819694,0.0004664408,train,-0.018774634
2016-08-24,SPY,-0.00068885274,0.017171705,0.017860558,train,0.024320025
2016-08-24,TLT,-0.0038010876,-0.0059203925,0.0021193048,train,0.011821676
2016-08-25,EFA,-0.005978041,-0.0033364706,0.0026415703,train,0.0054643606
2016-08-25,IWM,-0.002029656,-0.001566858,0.00046279794,train,0.0014819694
2016-08-25,SPY,-0.0018849664,0.018525917,0.020410884,train,0.017171705
2016-08-25,TLT,-0.005836947,-0.00043546408,0.005401483,train,-0.0059203925
2016-08-26,EFA,0.0030788302,-0.0069035348,0.009982365,train,-0.0033364706
2016-08-26,IWM,0.005187304,1.2157019e-05,0.005175147,train,-0.001566858
2016-08-26,SPY,0.004912245,0.020954747,0.0160425,train,0.018525917
2016-08-26,TLT,0.013282163,0.019645788,0.0063636247,train,-0.00043546408
2016-08-29,EFA,-0.001367218,-0.016761255,0.015394037,train,-0.0069035348
2016-08-29,IWM,0.0018577515,-0.0049385913,0.006796343,train,1.2157019e-05
2016-08-29,SPY,-0.0016500473,0.0055474765,0.0071975235,train,0.020954747
2016-08-29,TLT,-0.0038589027,-0.03431186,0.030452957,train,0.019645788
2016-08-30,EFA,-0.002054511,-0.008140922,0.0060864105,train,-0.016761255
2016-08-30,IWM,-0.0056643547,0.0028815265,0.008545881,train,-0.0049385913
2016-08-30,SPY,-0.0028481642,0.017608704,0.02045687,train,0.0055474765
2016-08-30,TLT,0.0014312441,0.007937629,0.006506385,train,-0.03431186
2016-08-31,EFA,0.0068318755,-0.01769798,0.024529856,train,-0.008140922
2016-08-31,IWM,0.0007297569,-0.0013510566,0.0020808135,train,0.0028815265
2016-08-31,SPY,4.6393878e-05,0.016863368,0.016816974,train,0.017608704
2016-08-31,TLT,0.0011023034,0.013088573,0.01198627,train,0.007937629
2016-09-01,EFA,0.01150792,-0.033486918,0.04499484,train,-0.01769798
2016-09-01,IWM,0.009603671,0.004848115,0.0047555557,train,-0.0013510566
2016-09-01,SPY,0.0044974317,0.023769109,0.019271677,train,0.016863368
2016-09-01,TLT,-0.008189998,0.009593895,0.017783891,train,0.013088573
2016-09-02,EFA,0.0067080534,-0.03414792,0.04085597,train,-0.033486918
2016-09-02,IWM,0.00096323964,-0.03510247,0.036065713,train,0.004848115
2016-09-02,SPY,0.0030178416,0.00712429,0.004106448,train,0.023769109
2016-09-02,TLT,0.0072594993,0.01691478,0.00965528,train,0.009593895
2016-09-06,EFA,0.0005012905,-0.003419591,0.0039208815,train,-0.03414792
2016-09-06,IWM,0.006239058,0.004404406,0.0018346519,train,-0.03510247
2016-09-06,SPY,-9.0793386e-05,0.019014861,0.019105654,train,0.00712429
2016-09-06,TLT,-0.00071673485,-0.006766686,0.0060499515,train,0.01691478
2016-09-07,EFA,-0.002843918,0.0936025,0.09644642,train,-0.003419591
2016-09-07,IWM,-0.0019953602,-0.04428204,0.042286683,train,0.004404406
2016-09-07,SPY,-0.0022861362,0.026025021,0.028311158,train,0.019014861
2016-09-07,TLT,-0.012620588,0.011217397,0.023837984,train,-0.006766686
2016-09-08,EFA,-0.019625165,0.062198,0.08182316,train,0.0936025
2016-09-08,IWM,-0.031738702,-0.019130385,0.012608318,train,-0.04428204
2016-09-08,SPY,-0.0242259,0.02292732,0.04715322,train,0.026025021
2016-09-08,TLT,-0.016611058,0.006872503,0.023483561,train,0.011217397
2016-09-09,EFA,0.008167661,-0.013491642,0.021659303,train,0.062198
2016-09-09,IWM,0.013842171,-0.02398233,0.0378245,train,-0.019130385
2016-09-09,SPY,0.014245756,0.027401084,0.013155328,train,0.02292732
2016-09-09,TLT,0.0005160563,0.009756855,0.009240799,train,0.006872503
2016-09-12,EFA,-0.020372199,0.03581565,0.056187846,train,-0.013491642
2016-09-12,IWM,-0.019383013,-0.013060799,0.0063222144,train,-0.02398233
2016-09-12,SPY,-0.014479961,-0.04050628,0.02602632,train,0.027401084
2016-09-12,TLT,-0.011422316,0.01613265,0.027554967,train,0.009756855
2016-09-13,EFA,-0.0013848407,-0.04584553,0.04446069,train,0.03581565
2016-09-13,IWM,0.00016582655,-0.02462859,0.024794417,train,-0.013060799
2016-09-13,SPY,-0.0003753618,-0.032533966,0.032158606,train,-0.04050628
2016-09-13,TLT,0.0014904169,0.027062926,0.025572509,train,0.01613265
2016-09-14,EFA,0.008622441,-0.014855519,0.02347796,train,-0.04584553
2016-09-14,IWM,0.011869513,-0.0065100035,0.018379517,train,-0.02462859
2016-09-14,SPY,0.009943534,-0.0049149934,0.014858527,train,-0.032533966
2016-09-14,TLT,-0.0043290854,-0.036994748,0.032665662,train,0.027062926
2016-09-15,EFA,-0.012961352,-0.017268788,0.004307436,train,-0.014855519
2016-09-15,IWM,-0.0014760073,-0.013475807,0.0119998,train,-0.0065100035
2016-09-15,SPY,-0.0038730723,-0.0033904342,0.00048263813,train,-0.0049149934
2016-09-15,TLT,0.0080472035,0.020973697,0.012926494,train,-0.036994748
2016-09-16,EFA,0.0052045085,-0.019278767,0.024483275,train,-0.017268788
2016-09-16,IWM,0.006624768,-0.0026367176,0.009261485,train,-0.013475807
2016-09-16,SPY,0.00018718571,-0.019944848,0.020132035,train,-0.0033904342
2016-09-16,TLT,-0.0032709835,0.044160962,0.047431946,train,0.020973697
2016-09-19,EFA,0.00603838,0.03160003,0.02556165,train,-0.019278767
2016-09-19,IWM,-0.0042477455,0.0029773274,0.007225073,train,-0.0026367176
2016-09-19,SPY,4.6936326e-05,0.0011087302,0.0010617939,train,-0.019944848
2016-09-19,TLT,0.003492974,0.00039790897,0.003095065,train,0.044160962
2016-09-20,EFA,0.017391585,-0.054022208,0.07141379,train,0.03160003
2016-09-20,IWM,0.014386358,-0.062432826,0.07681918,train,0.0029773274
2016-09-20,SPY,0.0111825885,-0.008355503,0.019538091,train,0.0011087302
2016-09-20,TLT,0.008055107,0.0363315,0.028276395,train,0.00039790897
2016-09-21,EFA,0.01009115,-0.021968355,0.032059506,train,-0.054022208
2016-09-21,IWM,0.014261799,0.025386581,0.011124782,train,-0.062432826
2016-09-21,SPY,0.0062818388,-0.0016113408,0.00789318,train,-0.008355503
2016-09-21,TLT,0.007917202,-0.014815526,0.022732727,train,0.0363315
2016-09-22,EFA,-0.008402034,-0.03882575,0.030423716,train,-0.021968355
2016-09-22,IWM,-0.0071053025,-0.09593589,0.08883058,train,0.025386581
2016-09-22,SPY,-0.005494273,-0.052724466,0.04723019,train,-0.0016113408
2016-09-22,TLT,-0.00094981294,0.0010724757,0.0020222887,train,-0.014815526
2016-09-23,EFA,-0.009324786,-0.018393843,0.009069056,train,-0.03882575
2016-09-23,IWM,-0.009980014,-0.06261397,0.052633956,train,-0.09593589
2016-09-23,SPY,-0.008135308,0.0025377553,0.010673063,train,-0.052724466
2016-09-23,TLT,0.0063385097,0.0228858,0.016547289,train,0.0010724757
2016-09-26,EFA,0.0047582244,0.011043673,0.006285449,train,-0.018393843
2016-09-26,IWM,0.0040490283,-0.027652359,0.031701386,train,-0.06261397
2016-09-26,SPY,0.0061888746,-0.00204953,0.008238405,train,0.0025377553
2016-09-26,TLT,0.0073090205,0.0074103,0.00010127947,train,0.0228858
2016-09-27,EFA,0.007094559,0.030823303,0.023728745,train,0.011043673
2016-09-27,IWM,0.007648663,-0.037131228,0.04477989,train,-0.027652359
2016-09-27,SPY,0.0049510687,-0.028783923,0.033734992,train,-0.00204953
2016-09-27,TLT,-0.0021659876,-0.011042234,0.0088762455,train,0.0074103
2016-09-28,EFA,-0.0125342095,-0.0220513,0.009517091,train,0.030823303
2016-09-28,IWM,-0.014704853,-0.05383055,0.039125696,train,-0.037131228
2016-09-28,SPY,-0.009088609,-0.0062829116,0.0028056977,train,-0.028783923
2016-09-28,TLT,0.0025259105,-0.00832194,0.010847851,train,-0.011042234
2016-09-29,EFA,0.0078100436,-0.009546766,0.01735681,train,-0.0220513
2016-09-29,IWM,0.010928146,-0.041372783,0.05230093,train,-0.05383055
2016-09-29,SPY,0.0075179986,-0.0033262093,0.010844208,train,-0.0062829116
2016-09-29,TLT,-0.008977047,-0.013080385,0.0041033374,train,-0.00832194
2016-09-30,EFA,-0.0027096872,-0.027013121,0.024303434,train,-0.009546766
2016-09-30,IWM,-0.0031449986,-0.064608544,0.061463546,train,-0.041372783
2016-09-30,SPY,-0.0024070137,-0.01552923,0.013122217,train,-0.0033262093
2016-09-30,TLT,-0.0033053933,0.01633621,0.019641604,train,-0.013080385
2016-10-03,EFA,-0.00016973312,0.04688243,0.04705216,train,-0.027013121
2016-10-03,IWM,-0.0049384525,-0.01516634,0.010227888,train,-0.064608544
2016-10-03,SPY,-0.005110985,0.0009096563,0.0060206414,train,-0.01552923
2016-10-03,TLT,-0.011764168,5.4012984e-05,0.011818181,train,0.01633621
2016-10-04,EFA,0.004062428,-0.005039001,0.009101429,train,0.04688243
2016-10-04,IWM,0.0059880926,-0.0042190775,0.010207171,train,-0.01516634
2016-10-04,SPY,0.0044158115,-0.006894732,0.011310544,train,0.0009096563
2016-10-04,TLT,-0.0046706665,0.0121341515,0.016804818,train,5.4012984e-05
2016-10-05,EFA,-0.005419961,0.0031124968,0.008532458,train,-0.005039001
2016-10-05,IWM,-0.0010496401,0.0031785523,0.0042281924,train,-0.0042190775
2016-10-05,SPY,0.0006951733,-0.021239536,0.021934709,train,-0.006894732
2016-10-05,TLT,-0.0055884398,0.019102387,0.024690827,train,0.0121341515
2016-10-06,EFA,-0.005108172,-0.010364214,0.005256042,train,0.0031124968
2016-10-06,IWM,-0.008027418,-0.019635884,0.0116084665,train,0.0031785523
2016-10-06,SPY,-0.0034354457,-0.0050372276,0.0016017819,train,-0.021239536
2016-10-06,TLT,0.00067289063,0.023196086,0.022523196,train,0.019102387
2016-10-07,EFA,0.0028978137,0.007971659,0.0050738454,train,-0.010364214
2016-10-07,IWM,0.011896634,0.00260523,0.009291403,train,-0.019635884
2016-10-07,SPY,0.005194971,0.012145834,0.006950863,train,-0.0050372276
2016-10-07,TLT,-0.0059170267,0.020994024,0.02691105,train,0.023196086
2016-10-10,EFA,-0.01422839,0.021821322,0.036049712,train,0.007971659
2016-10-10,IWM,-0.018430892,-0.012748597,0.005682295,train,0.00260523
2016-10-10,SPY,-0.012709756,-0.010529608,0.0021801488,train,0.012145834
2016-10-10,TLT,-0.0022557094,-0.006799469,0.0045437594,train,0.020994024
2016-10-11,EFA,-0.00224721,-0.0061995704,0.0039523607,train,0.021821322
2016-10-11,IWM,-0.00081981916,0.0056220293,0.0064418484,train,-0.012748597
2016-10-11,SPY,0.001311188,-0.014820045,0.016131233,train,-0.010529608
2016-10-11,TLT,0.0009781361,0.019979851,0.019001715,train,-0.006799469
2016-10-12,EFA,-0.0038138255,-0.0073370403,0.0035232147,train,-0.0061995704
2016-10-12,IWM,-0.008317969,0.011635485,0.019953454,train,0.0056220293
2016-10-12,SPY,-0.0032809079,0.00094762957,0.0042285374,train,-0.014820045
2016-10-12,TLT,0.003753547,0.010776782,0.0070232353,train,0.019979851
2016-10-13,EFA,0.0017352889,0.0063794325,0.0046441434,train,-0.0073370403
2016-10-13,IWM,-0.0040605185,0.008231803,0.012292322,train,0.011635485
2016-10-13,SPY,0.00051623234,0.015228635,0.014712403,train,0.00094762957
2016-10-13,TLT,-0.01411092,0.013396028,0.027506948,train,0.010776782
2016-10-14,EFA,-0.0029519869,0.009993015,0.012945002,train,0.0063794325
2016-10-14,IWM,-0.0011632951,0.013463832,0.014627128,train,0.008231803
2016-10-14,SPY,-0.003478398,0.021676563,0.025154961,train,0.015228635
2016-10-14,TLT,0.00636294,0.01138919,0.00502625,train,0.013396028
2016-10-17,EFA,0.009864141,-0.03128498,0.04114912,train,0.009993015
2016-10-17,IWM,0.0057197236,0.010881944,0.00516222,train,0.013463832
2016-10-17,SPY,0.0062430734,0.012628308,0.006385234,train,0.021676563
2016-10-17,TLT,0.0032416126,0.0074813664,0.004239754,train,0.01138919
2016-10-18,EFA,0.0027511928,0.008383574,0.005632381,train,-0.03128498
2016-10-18,IWM,0.00420682,0.007355999,0.0031491793,train,0.010881944
2016-10-18,SPY,0.0026633984,0.0016417829,0.0010216155,train,0.012628308
2016-10-18,TLT,0.0008279073,-0.008592327,0.009420235,train,0.0074813664
2016-10-19,EFA,0.001544734,-0.0021760538,0.0037207878,train,0.008383574
2016-10-19,IWM,-0.0029676233,0.009638458,0.012606081,train,0.007355999
2016-10-19,SPY,-0.0018683918,-0.006594656,0.004726264,train,0.0016417829
2016-10-19,TLT,0.0010523382,-0.00074315164,0.0017954898,train,-0.008592327
2016-10-20,EFA,-0.002231693,0.003083378,0.005315071,train,-0.0021760538
2016-10-20,IWM,-0.00049550855,0.004650912,0.0051464206,train,0.009638458
2016-10-20,SPY,0.0004672389,0.0136306295,0.013163391,train,-0.006594656
2016-10-20,TLT,0.0015011354,0.006504832,0.0050036963,train,-0.00074315164
2016-10-21,EFA,-0.0001717485,-0.0007211836,0.0005494351,train,0.003083378
2016-10-21,IWM,0.006339789,0.0015711817,0.004768607,train,0.004650912
2016-10-21,SPY,0.004243785,-0.0033050291,0.007548814,train,0.0136306295
2016-10-21,TLT,-0.004360254,0.0011404911,0.005500745,train,0.006504832
2016-10-24,EFA,-0.00068772276,0.00023045298,0.00091817573,train,-0.0007211836
2016-10-24,IWM,-0.0074969316,-0.021914927,0.014417996,train,0.0015711817
2016-10-24,SPY,-0.0033558211,-0.026910989,0.023555167,train,-0.0033050291
2016-10-24,TLT,0.0026334822,0.053028807,0.050395325,train,0.0011404911
2016-10-25,EFA,-0.004482068,0.021462455,0.025944524,train,0.00023045298
2016-10-25,IWM,-0.009972528,0.011012304,0.020984832,train,-0.021914927
2016-10-25,SPY,-0.0020099366,0.015911039,0.017920975,train,-0.026910989
2016-10-25,TLT,-0.006785383,0.067880355,0.07466574,train,0.053028807
2016-10-26,EFA,-0.0012099161,0.056589097,0.05779901,train,0.021462455
2016-10-26,IWM,-0.011508357,0.0033355989,0.014843956,train,0.011012304
2016-10-26,SPY,-0.0026704685,0.022965232,0.0256357,train,0.015911039
2016-10-26,TLT,-0.010953752,0.019916113,0.030869866,train,0.067880355
2016-10-27,EFA,-0.0003463956,0.057754844,0.05810124,train,0.056589097
2016-10-27,IWM,-0.0027918813,0.006070871,0.0088627525,train,0.0033355989
2016-10-27,SPY,-0.002960023,0.012540565,0.015500588,train,0.022965232
2016-10-27,TLT,-0.0022211361,0.022025472,0.024246607,train,0.019916113
2016-10-28,EFA,0.0005192432,0.016596746,0.016077502,train,0.057754844
2016-10-28,IWM,0.0039739893,0.0075862035,0.0036122142,train,0.006070871
2016-10-28,SPY,4.74621e-05,-2.406165e-05,7.1523755e-05,train,0.012540565
2016-10-28,TLT,0.006114217,0.028987639,0.022873422,train,0.022025472
2016-10-31,EFA,-0.0043330686,0.00096471375,0.0052977824,train,0.016596746
2016-10-31,IWM,-0.012311959,0.0095018335,0.021813791,train,0.0075862035
2016-10-31,SPY,-0.0072721425,0.029470436,0.03674258,train,-2.406165e-05
2016-10-31,TLT,7.568845e-05,-0.004491521,0.0045672096,train,0.028987639
2016-11-01,EFA,-0.0067975246,0.03205967,0.038857196,train,0.00096471375
2016-11-01,IWM,-0.012810881,0.012595153,0.025406035,train,0.0095018335
2016-11-01,SPY,-0.0060365354,0.010467788,0.016504323,train,0.029470436
2016-11-01,TLT,0.004342179,0.018893499,0.01455132,train,-0.004491521
2016-11-02,EFA,-0.0010499475,0.047998823,0.04904877,train,0.03205967
2016-11-02,IWM,-0.004857941,0.030093241,0.034951184,train,0.012595153
2016-11-02,SPY,-0.004587228,0.01616003,0.020747257,train,0.010467788
2016-11-02,TLT,-0.007705963,0.004423782,0.012129745,train,0.018893499
2016-11-03,EFA,-0.0096754795,0.03179141,0.04146689,train,0.047998823
2016-11-03,IWM,0.0064140735,0.02029844,0.0138843665,train,0.030093241
2016-11-03,SPY,-0.0011024952,0.0035633137,0.0046658088,train,0.01616003
2016-11-03,TLT,0.008921005,0.019667123,0.010746118,train,0.004423782
2016-11-04,EFA,0.01369391,0.015163053,0.0014691427,train,0.03179141
2016-11-04,IWM,0.02415713,0.018342769,0.0058143605,train,0.02029844
2016-11-04,SPY,0.021817226,0.0033956878,0.018421538,train,0.0035633137
2016-11-04,TLT,-0.008538652,0.0036004297,0.012139082,train,0.019667123
2016-11-07,EFA,0.002786211,0.011174846,0.008388636,train,0.015163053
2016-11-07,IWM,0.002611017,-0.019923983,0.022535,train,0.018342769
2016-11-07,SPY,0.0044938903,0.0013623196,0.0031315708,train,0.0033956878
2016-11-07,TLT,-0.0040652873,-0.008529456,0.004464169,train,0.0036004297
2016-11-08,EFA,0.0008690575,0.00952516,0.008656103,train,0.011174846
2016-11-08,IWM,0.030323017,-0.0060213376,0.036344357,train,-0.019923983
2016-11-08,SPY,0.010546101,-0.034532018,0.04507812,train,0.0013623196
2016-11-08,TLT,-0.043358527,0.015827853,0.05918638,train,-0.008529456
2016-11-09,EFA,-0.0027836994,-0.0003937995,0.0023899,train,0.00952516
2016-11-09,IWM,0.015868358,0.029526005,0.013657646,train,-0.0060213376
2016-11-09,SPY,0.0024923796,0.09943311,0.096940726,train,-0.034532018
2016-11-09,TLT,-0.014881376,0.0140946675,0.028976044,train,0.015827853
2016-11-10,EFA,-0.0061159353,0.0005846461,0.0067005814,train,-0.0003937995
2016-11-10,IWM,0.022712125,-0.082524605,0.10523673,train,0.029526005
2016-11-10,SPY,-0.00230747,0.01801316,0.020320632,train,0.09943311
2016-11-10,TLT,-0.0056374827,0.022129618,0.0277671,train,0.0140946675
2016-11-11,EFA,-0.00544901,0.03174524,0.037194252,train,0.0005846461
2016-11-11,IWM,0.013956637,-0.09230048,0.10625712,train,-0.082524605
2016-11-11,SPY,0.0007849736,0.009347691,0.008562718,train,0.01801316
2016-11-11,TLT,-0.006000329,0.031558305,0.037558634,train,0.022129618
2016-11-14,EFA,0.004396492,-0.0021626763,0.0065591685,train,0.03174524
2016-11-14,IWM,0.0030925015,-0.027539453,0.030631954,train,-0.09230048
2016-11-14,SPY,0.007772416,-0.017514499,0.025286915,train,0.009347691
2016-11-14,TLT,0.0049341433,0.045888886,0.040954743,train,0.031558305
2016-11-15,EFA,-0.010583789,0.015984498,0.026568286,train,-0.0021626763
2016-11-15,IWM,-7.749941e-05,-0.092163466,0.092085965,train,-0.027539453
2016-11-15,SPY,-0.0018800976,-0.005396396,0.0035162983,train,-0.017514499
2016-11-15,TLT,0.008982872,0.036429398,0.027446527,train,0.045888886
2016-11-16,EFA,0.00759635,0.0007185568,0.006877793,train,0.015984498
2016-11-16,IWM,0.0058498355,-0.09909465,0.10494449,train,-0.092163466
2016-11-16,SPY,0.0051276633,0.0023763767,0.0027512866,train,-0.005396396
2016-11-16,TLT,-0.014823783,0.033453982,0.048277766,train,0.036429398
2016-11-17,EFA,-0.010971549,0.00869802,0.01966957,train,0.0007185568
2016-11-17,IWM,0.0052818055,-0.08576627,0.09104808,train,-0.09909465
2016-11-17,SPY,-0.0022398697,0.011147265,0.013387135,train,0.0023763767
2016-11-17,TLT,-0.002891784,0.0229115,0.025803285,train,0.033453982
2016-11-18,EFA,0.008504669,0.025244005,0.016739335,train,0.00869802
2016-11-18,IWM,0.004646014,-0.061369687,0.0660157,train,-0.08576627
2016-11-18,SPY,0.0075228284,0.018021807,0.010498978,train,0.011147265
2016-11-18,TLT,0.0024793816,0.043441333,0.04096195,train,0.0229115
2016-11-21,EFA,0.0024668798,0.009952708,0.0074858284,train,0.025244005
2016-11-21,IWM,0.009077421,-0.070381306,0.07945873,train,-0.061369687
2016-11-21,SPY,0.0019513913,0.017721701,0.01577031,train,0.018021807
2016-11-21,TLT,-0.00033028904,0.04416149,0.04449178,train,0.043441333
2016-11-22,EFA,-0.003526183,0.008897979,0.012424162,train,0.009952708
2016-11-22,IWM,0.006230181,-0.072356425,0.07858661,train,-0.070381306
2016-11-22,SPY,0.0005439085,0.013116451,0.012572543,train,0.017721701
2016-11-22,TLT,-0.0038884967,0.022613017,0.026501514,train,0.04416149
2016-11-23,EFA,0.0029980654,0.016730703,0.013732638,train,0.008897979
2016-11-23,IWM,0.0032875335,-0.05431313,0.057600666,train,-0.072356425
2016-11-23,SPY,0.0037083444,0.011408271,0.007699927,train,0.013116451
2016-11-23,TLT,0.0014906124,0.018011093,0.016520482,train,0.022613017
2016-11-25,EFA,-0.0052966634,0.011128792,0.016425455,train,0.016730703
2016-11-25,IWM,-0.01306367,-0.033195235,0.020131566,train,-0.05431313
2016-11-25,SPY,-0.0047057495,0.0019231206,0.00662887,train,0.011408271
2016-11-25,TLT,0.00733999,-0.005857341,0.013197331,train,0.018011093
2016-11-28,EFA,0.0063526197,-0.007119938,0.013472557,train,0.011128792
2016-11-28,IWM,-0.00052862236,-0.03583414,0.03530552,train,-0.033195235
2016-11-28,SPY,0.0019484734,0.0201371,0.018188626,train,0.0019231206
2016-11-28,TLT,0.0041812877,-0.011921661,0.01610295,train,-0.005857341
2016-11-29,EFA,-0.0010559567,-0.0019904803,0.00093452365,train,-0.007119938
2016-11-29,IWM,-0.0049270145,-0.031067954,0.02614094,train,-0.03583414
2016-11-29,SPY,-0.0024020954,0.013589326,0.015991421,train,0.0201371
2016-11-29,TLT,-0.016332723,0.0011131507,0.017445873,train,-0.011921661
2016-11-30,EFA,-0.0038814684,-0.006848259,0.0029667905,train,-0.0019904803
2016-11-30,IWM,-0.004874423,-0.0005537467,0.0043206764,train,-0.031067954
2016-11-30,SPY,-0.0036821829,0.018122576,0.02180476,train,0.013589326
2016-11-30,TLT,-0.0106145805,0.0072755385,0.017890118,train,0.0011131507
2016-12-01,EFA,0.002471671,0.0022440874,0.00022758357,train,-0.006848259
2016-12-01,IWM,-0.0005350969,0.013098649,0.013633746,train,-0.0005537467
2016-12-01,SPY,0.0005008937,0.025780872,0.025279978,train,0.018122576
2016-12-01,TLT,0.0073006493,-0.004331776,0.011632426,train,0.0072755385
2016-12-02,EFA,0.00982657,-0.0074860826,0.017312653,train,0.0022440874
2016-12-02,IWM,0.017042646,0.0065198992,0.010522747,train,0.013098649
2016-12-02,SPY,0.0059906743,0.025889968,0.019899294,train,0.025780872
2016-12-02,TLT,-0.0010877289,0.0031194394,0.0042071682,train,-0.004331776
2016-12-05,EFA,0.006786703,-0.0029165428,0.009703246,train,-0.0074860826
2016-12-05,IWM,0.010757193,-0.0035206378,0.014277831,train,0.0065198992
2016-12-05,SPY,0.0031623982,0.007951081,0.004788683,train,0.025889968
2016-12-05,TLT,-0.00075390824,0.011153997,0.011907905,train,0.0031194394
2016-12-06,EFA,0.014804864,0.0021629795,0.012641884,train,-0.0029165428
2016-12-06,IWM,0.0096860705,0.028184466,0.018498395,train,-0.0035206378
2016-12-06,SPY,0.012995981,0.017061371,0.0040653907,train,0.007951081
2016-12-06,TLT,0.008508245,0.012899264,0.0043910183,train,0.011153997
2016-12-07,EFA,-0.00085479487,0.024326473,0.025181267,train,0.0021629795
2016-12-07,IWM,0.0156238815,0.0070289467,0.008594935,train,0.028184466
2016-12-07,SPY,0.002445842,-0.0069870483,0.00943289,train,0.017061371
2016-12-07,TLT,-0.011863937,0.0015383419,0.013402279,train,0.012899264
2016-12-08,EFA,0.0042664288,-0.008980249,0.013246678,train,0.024326473
2016-12-08,IWM,0.001954336,0.029117616,0.02716328,train,0.0070289467
2016-12-08,SPY,0.0060223844,-0.0003220858,0.00634447,train,-0.0069870483
2016-12-08,TLT,-0.012517426,-0.029350692,0.016833266,train,0.0015383419
2016-12-09,EFA,-0.004437441,0.012411119,0.01684856,train,-0.008980249
2016-12-09,IWM,-0.010611807,-0.03578963,0.025177825,train,0.029117616
2016-12-09,SPY,-0.0011487312,0.007351011,0.0084997425,train,-0.0003220858
2016-12-09,TLT,0.0018706567,-0.02378448,0.025655136,train,-0.029350692
2016-12-12,EFA,0.010718848,-0.017078752,0.027797598,train,0.012411119
2016-12-12,IWM,7.266953e-05,-0.015640622,0.015713291,train,-0.03578963
2016-12-12,SPY,0.0066516325,-0.019383306,0.026034938,train,0.007351011
2016-12-12,TLT,0.003561088,-0.003932677,0.007493765,train,-0.02378448
2016-12-13,EFA,-0.014832718,-0.013831796,0.0010009222,train,-0.017078752
2016-12-13,IWM,-0.012573404,0.010591144,0.023164548,train,-0.015640622
2016-12-13,SPY,-0.008288354,0.0024354998,0.0107238535,train,-0.019383306
2016-12-13,TLT,-0.011235722,0.018288342,0.029524066,train,-0.003932677
2016-12-14,EFA,-0.0022354438,0.026389306,0.02862475,train,-0.013831796
2016-12-14,IWM,0.0074456725,-0.01573112,0.023176793,train,0.010591144
2016-12-14,SPY,0.0041087572,0.00849748,0.004388723,train,0.0024354998
2016-12-14,TLT,0.005037844,-0.006928171,0.011966015,train,0.018288342
2016-12-15,EFA,0.0006884013,0.004491069,0.0038026676,train,0.026389306
2016-12-15,IWM,-0.0018377281,-0.04987891,0.048041184,train,-0.01573112
2016-12-15,SPY,-0.0019575746,-0.03563583,0.033678256,train,0.00849748
2016-12-15,TLT,-0.0023025174,0.007213286,0.009515803,train,-0.006928171
2016-12-16,EFA,-0.0015493527,0.0008874922,0.0024368449,train,0.004491069
2016-12-16,IWM,0.0065271654,-0.025532058,0.032059222,train,-0.04987891
2016-12-16,SPY,0.0021748554,0.007060016,0.0048851604,train,-0.03563583
2016-12-16,TLT,0.010699373,-0.0015936792,0.012293052,train,0.007213286
2016-12-19,EFA,0.0034398865,0.0015415968,0.0018982897,train,0.0008874922
2016-12-19,IWM,0.008443451,-0.013793265,0.022236716,train,-0.025532058
2016-12-19,SPY,0.0038501413,-0.023162743,0.027012885,train,0.007060016
2016-12-19,TLT,-0.004995948,0.008957398,0.013953347,train,-0.0015936792
2016-12-20,EFA,0.0002773392,0.00022971025,4.7628942e-05,train,0.0015415968
2016-12-20,IWM,-0.006544854,0.043459564,0.05000442,train,-0.013793265
2016-12-20,SPY,-0.002786304,-0.0076291235,0.0048428196,train,-0.023162743
2016-12-20,TLT,0.004403741,-0.01341649,0.017820232,train,0.008957398
2016-12-21,EFA,-0.0022570416,0.0023934892,0.004650531,train,0.00022971025
2016-12-21,IWM,-0.008660354,0.0030027388,0.011663092,train,0.043459564
2016-12-21,SPY,-0.0017292713,0.0011457736,0.002875045,train,-0.0076291235
2016-12-21,TLT,-0.0017894092,0.036730155,0.038519565,train,-0.01341649
2016-12-22,EFA,0.0026041267,0.0046478286,0.002043702,train,0.0023934892
2016-12-22,IWM,0.005306661,0.007957578,0.0026509166,train,0.0030027388
2016-12-22,SPY,0.0014632619,0.007812601,0.0063493387,train,0.0011457736
2016-12-22,TLT,0.0020357606,0.0020342348,1.5257392e-06,train,0.036730155
2016-12-23,EFA,-0.001214242,0.004451746,0.005665988,train,0.0046478286
2016-12-23,IWM,0.0044742487,-0.016000772,0.02047502,train,0.007957578
2016-12-23,SPY,0.0024779292,0.011986735,0.009508806,train,0.007812601
2016-12-23,TLT,-0.003224522,-0.033083446,0.029858924,train,0.0020342348
2016-12-27,EFA,-0.0038261018,0.0004046457,0.0042307475,train,0.004451746
2016-12-27,IWM,-0.010298318,0.0056007896,0.015899107,train,-0.016000772
2016-12-27,SPY,-0.00829894,-0.0018552253,0.0064437147,train,0.011986735
2016-12-27,TLT,0.0072823255,-0.014204584,0.02148691,train,-0.033083446
2016-12-28,EFA,0.0024362172,-0.00027688034,0.0027130975,train,0.0004046457
2016-12-28,IWM,0.00088702847,-0.0119320415,0.01281907,train,0.0056007896
2016-12-28,SPY,-0.00022269577,0.021652555,0.021875251,train,-0.0018552253
2016-12-28,TLT,0.003536997,0.001637439,0.0018995579,train,-0.014204584
2016-12-29,EFA,0.0034704048,-0.04764816,0.051118568,train,-0.00027688034
2016-12-29,IWM,-0.0038486822,-0.04199916,0.03815048,train,-0.0119320415
2016-12-29,SPY,-0.00366167,0.0025979895,0.0062596593,train,0.021652555
2016-12-29,TLT,0.0015119638,-0.021727739,0.023239702,train,0.001637439
2016-12-30,EFA,0.006216659,-0.0463411,0.05255776,train,-0.04764816
2016-12-30,IWM,0.004956031,-0.025895778,0.03085181,train,-0.04199916
2016-12-30,SPY,0.007621076,0.006219322,0.0014017541,train,0.0025979895
2016-12-30,TLT,0.004271894,-0.011323379,0.015595274,train,-0.021727739
2017-01-03,EFA,0.0112976525,-0.038753025,0.050050676,train,-0.0463411
2017-01-03,IWM,0.016538871,-0.018621821,0.03516069,train,-0.025895778
2017-01-03,SPY,0.005931455,0.007347023,0.0014155679,train,0.006219322
2017-01-03,TLT,0.0038378402,-0.0039274953,0.0077653355,train,-0.011323379
2017-01-04,EFA,0.00847472,-0.024250023,0.03272474,train,-0.038753025
2017-01-04,IWM,-0.011607408,0.04768823,0.05929564,train,-0.018621821
2017-01-04,SPY,-0.00079484086,-0.0031453231,0.0023504822,train,0.007347023
2017-01-04,TLT,0.015532267,0.036261417,0.02072915,train,-0.0039274953
2017-01-05,EFA,-0.003381308,-0.009420874,0.0060395654,train,-0.024250023
2017-01-05,IWM,-0.0036776427,-0.010447843,0.0067702,train,0.04768823
2017-01-05,SPY,0.003571509,0.0014804788,0.0020910301,train,-0.0031453231
2017-01-05,TLT,-0.00922435,-0.030856108,0.021631759,train,0.036261417
2017-01-06,EFA,-0.0015253183,0.017534804,0.019060122,train,-0.009420874
2017-01-06,IWM,-0.0065808357,-0.01624953,0.009668695,train,-0.010447843
2017-01-06,SPY,-0.0033064657,0.006919729,0.010226195,train,0.0014804788
2017-01-06,TLT,0.007993789,-0.04244046,0.050434247,train,-0.030856108
2017-01-09,EFA,0.00016968878,0.0013070069,0.0011373181,train,0.017534804
2017-01-09,IWM,0.009524433,-0.018964002,0.028488435,train,-0.01624953
2017-01-09,SPY,0.0,0.010861244,0.010861244,train,0.006919729
2017-01-09,TLT,-0.0006570257,-0.03241293,0.031755906,train,-0.04244046
2017-01-10,EFA,0.005242922,0.0015189156,0.0037240062,train,0.0013070069
2017-01-10,IWM,0.0017617072,-0.020246362,0.022008069,train,-0.018964002
2017-01-10,SPY,0.002822143,0.01304679,0.010224647,train,0.010861244
2017-01-10,TLT,0.0033618582,-0.057652287,0.061014146,train,-0.03241293
2017-01-11,EFA,0.0015170068,-0.010460107,0.011977114,train,0.0015189156
2017-01-11,IWM,-0.0077316887,-0.0037163934,0.0040152953,train,-0.020246362
2017-01-11,SPY,-0.0025131316,0.00837454,0.010887671,train,0.01304679
2017-01-11,TLT,-0.0022124269,-0.034343228,0.0321308,train,-0.057652287
2017-01-12,EFA,0.0036989886,-0.0054196194,0.009118608,train,-0.010460107
2017-01-12,IWM,0.0072182408,-0.020491216,0.027709458,train,-0.0037163934
2017-01-12,SPY,0.0022930838,0.015952602,0.013659518,train,0.00837454
2017-01-12,TLT,-0.004769756,-0.022016728,0.017246973,train,-0.034343228
2017-01-13,EFA,-0.0036989886,-0.013893034,0.0101940455,train,-0.0054196194
2017-01-13,IWM,-0.013670239,-0.005541875,0.008128364,train,-0.020491216
2017-01-13,SPY,-0.0035298588,0.005940066,0.0094699245,train,0.015952602
2017-01-13,TLT,0.0104145,-0.038384907,0.048799407,train,-0.022016728
2017-01-17,EFA,-0.0028671203,-0.02034936,0.01748224,train,-0.013893034
2017-01-17,IWM,0.0032685294,-0.024205506,0.027474035,train,-0.005541875
2017-01-17,SPY,0.0022073106,0.010588533,0.008381222,train,0.005940066
2017-01-17,TLT,-0.012890103,-0.036088593,0.02319849,train,-0.038384907
2017-01-18,EFA,-0.0025371786,-0.029624162,0.027086984,train,-0.02034936
2017-01-18,IWM,-0.008190771,-0.00070980284,0.007480968,train,-0.024205506
2017-01-18,SPY,-0.003711235,0.0067511005,0.010462335,train,0.010588533
2017-01-18,TLT,-0.006883032,-0.019840762,0.012957729,train,-0.036088593
2017-01-19,EFA,0.0057413047,-0.016772242,0.022513546,train,-0.029624162
2017-01-19,IWM,0.0051458245,-0.01283049,0.017976314,train,-0.00070980284
2017-01-19,SPY,0.0036673169,0.030473156,0.026805839,train,0.0067511005
2017-01-19,TLT,-0.0019989884,0.0009494191,0.0029484075,train,-0.019840762
2017-01-20,EFA,0.0025225044,0.012181557,0.009659052,train,-0.016772242
2017-01-20,IWM,-0.004174104,0.0033306684,0.0075047724,train,-0.01283049
2017-01-20,SPY,-0.0026053463,0.017962448,0.020567795,train,0.030473156
2017-01-20,TLT,0.009954897,0.02072128,0.010766382,train,0.0009494191
2017-01-23,EFA,0.00251599,0.008669029,0.0061530387,train,0.012181557
2017-01-23,IWM,0.015195861,0.011722099,0.0034737624,train,0.0033306684
2017-01-23,SPY,0.006391151,0.017105933,0.010714782,train,0.017962448
2017-01-23,TLT,-0.006874727,-0.03991887,0.033044145,train,0.02072128
2017-01-24,EFA,0.010333575,-0.00991634,0.020249914,train,0.008669029
2017-01-24,IWM,0.0093727,0.020124646,0.010751946,train,0.011722099
2017-01-24,SPY,0.008618293,0.007962505,0.000655788,train,0.017105933
2017-01-24,TLT,-0.012630277,0.02847713,0.04110741,train,-0.03991887
2017-01-25,EFA,-0.0039874953,-0.021360992,0.017373497,train,-0.00991634
2017-01-25,IWM,-0.004016687,-0.050845213,0.046828527,train,0.020124646
2017-01-25,SPY,-0.0010459112,0.013792935,0.014838846,train,0.007962505
2017-01-25,TLT,0.0033616559,0.0110100955,0.0076484396,train,0.02847713
2017-01-26,EFA,-0.0016660636,0.018749796,0.02041586,train,-0.021360992
2017-01-26,IWM,-0.0034453287,-0.020426555,0.016981225,train,-0.050845213
2017-01-26,SPY,-0.0015712286,0.010013464,0.011584693,train,0.013792935
2017-01-26,TLT,0.003600066,-0.017540654,0.02114072,train,0.0110100955
2017-01-27,EFA,-0.007196007,0.0025812548,0.009777262,train,0.018749796
2017-01-27,IWM,-0.014048754,-0.029798767,0.015750013,train,-0.020426555
2017-01-27,SPY,-0.0062209503,0.011347919,0.01756887,train,0.010013464
2017-01-27,TLT,-0.0030134679,-0.022771282,0.019757815,train,-0.017540654
2017-01-30,EFA,0.001510387,-0.0045341607,0.006044548,train,0.0025812548
2017-01-30,IWM,0.0069749877,0.038540974,0.031565987,train,-0.029798767
2017-01-30,SPY,-8.7761786e-05,0.006407487,0.006495249,train,0.011347919
2017-01-30,TLT,0.006935121,-0.031280853,0.038215972,train,-0.022771282
2017-01-31,EFA,0.0040168595,0.005180749,0.0011638897,train,-0.0045341607
2017-01-31,IWM,-0.0005917929,-0.052690975,0.052099183,train,0.038540974
2017-01-31,SPY,0.00039544815,0.0029044542,0.002509006,train,0.006407487
2017-01-31,TLT,-0.006202419,0.005515352,0.01171777,train,-0.031280853
2017-02-01,EFA,0.00050107896,0.0061756982,0.005674619,train,0.005180749
2017-02-01,IWM,-0.0025187489,-0.0031841733,0.0006654244,train,-0.052690975
2017-02-01,SPY,0.00065888773,0.0014447244,0.00078583666,train,0.0029044542
2017-02-01,TLT,-0.00042012794,-0.023503019,0.023082891,train,0.005515352
2017-02-02,EFA,0.0039985394,0.0056398236,0.0016412842,train,0.0061756982
2017-02-02,IWM,0.015165313,-0.015128603,0.030293915,train,-0.0031841733
2017-02-02,SPY,0.00686895,-0.001684689,0.008553639,train,0.0014447244
2017-02-02,TLT,-0.00042005721,-0.05984202,0.059421964,train,-0.023503019
2017-02-03,EFA,-0.007175592,0.007064207,0.014239799,train,0.0056398236
2017-02-03,IWM,-0.0075538456,-0.02624117,0.018687325,train,-0.015128603
2017-02-03,SPY,-0.0017892475,-0.004080165,0.0022909176,train,-0.001684689
2017-02-03,TLT,0.006032456,-0.019193456,0.025225911,train,-0.05984202
2017-02-06,EFA,-0.0010054332,0.0006390717,0.0016445048,train,0.007064207
2017-02-06,IWM,-0.004426866,-0.026940769,0.022513904,train,-0.02624117
2017-02-06,SPY,4.3728993e-05,0.020522904,0.020479174,train,-0.004080165
2017-02-06,TLT,0.007323841,-0.043294095,0.050617937,train,-0.019193456
2017-02-07,EFA,0.0016749937,0.007531471,0.0058564777,train,0.0006390717
2017-02-07,IWM,-0.0017759186,-0.012773128,0.01099721,train,-0.026940769
2017-02-07,SPY,0.0013095975,0.013585469,0.012275871,train,0.020522904
2017-02-07,TLT,0.013506665,0.005022509,0.008484156,train,-0.043294095
2017-02-08,EFA,0.004175251,0.008067377,0.003892126,train,0.007531471
2017-02-08,IWM,0.01397557,-0.012991564,0.026967134,train,-0.012773128
2017-02-08,SPY,0.0059153186,0.018447556,0.012532237,train,0.013585469
2017-02-08,TLT,-0.0116017945,-0.013396904,0.0017951094,train,0.005022509
2017-02-09,EFA,0.0023307805,0.0040194355,0.001688655,train,0.008067377
2017-02-09,IWM,0.007568064,-0.022570709,0.030138772,train,-0.012991564
2017-02-09,SPY,0.0039381017,0.01649512,0.012557019,train,0.018447556
2017-02-09,TLT,-0.00057956047,0.0046115816,0.005191142,train,-0.013396904
2017-02-10,EFA,0.00398278,0.0059867655,0.0020039855,train,0.0040194355
2017-02-10,IWM,0.0026068857,-0.04590936,0.048516247,train,-0.022570709
2017-02-10,SPY,0.005428101,0.032342482,0.02691438,train,0.01649512
2017-02-10,TLT,-0.0031511865,0.006505355,0.009656541,train,0.0046115816
2017-02-13,EFA,-0.0014917774,0.008999282,0.010491059,train,0.0059867655
2017-02-13,IWM,0.0033204285,-0.015241925,0.018562354,train,-0.04590936
2017-02-13,SPY,0.00398729,0.014650263,0.010662973,train,0.032342482
2017-02-13,TLT,-0.007253634,0.013069406,0.02032304,train,0.006505355
2017-02-14,EFA,0.0038074935,0.0034326576,0.00037483592,train,0.008999282
2017-02-14,IWM,0.0059635276,0.006066965,0.00010343734,train,-0.015241925
2017-02-14,SPY,0.005206699,0.008810898,0.0036041993,train,0.014650263
2017-02-14,TLT,-0.0046128277,0.01581018,0.020423008,train,0.013069406
2017-02-15,EFA,0.002310777,0.009313758,0.0070029814,train,0.0034326576
2017-02-15,IWM,-0.0027977328,-0.006477788,0.0036800553,train,0.006066965
2017-02-15,SPY,-0.0008516856,0.018199602,0.019051287,train,0.008810898
2017-02-15,TLT,0.0054490184,-0.025335597,0.030784614,train,0.01581018
2017-02-16,EFA,-0.0026411596,0.01018942,0.01283058,train,0.009313758
2017-02-16,IWM,-0.00064665865,-0.030892959,0.0302463,train,-0.006477788
2017-02-16,SPY,0.0015751271,0.0021539312,0.00057880406,train,0.018199602
2017-02-16,TLT,0.005918223,0.012621998,0.006703775,train,-0.025335597
2017-02-17,EFA,0.00330032,0.017813545,0.014513224,train,0.01018942
2017-02-17,IWM,0.0078046126,-0.0236781,0.03148271,train,-0.030892959
2017-02-17,SPY,0.005937291,0.01504448,0.009107189,train,0.0021539312
2017-02-17,TLT,-0.0017464991,0.04317694,0.04492344,train,0.012621998
2017-02-21,EFA,0.0,0.029357413,0.029357413,train,0.017813545
2017-02-21,IWM,-0.0044315443,0.02678636,0.031217905,train,-0.0236781
2017-02-21,SPY,-0.00088809954,0.0045776274,0.005465727,train,0.01504448
2017-02-21,TLT,0.0016635841,0.012213279,0.010549694,train,0.04317694
2017-02-22,EFA,0.0021392135,0.00047389884,0.0016653147,train,0.029357413
2017-02-22,IWM,-0.005964324,-0.009589407,0.0036250828,train,0.02678636
2017-02-22,SPY,0.0006767153,0.01199959,0.011322875,train,0.0045776274
2017-02-22,TLT,0.002987934,0.007342438,0.004354504,train,0.012213279
2017-02-23,EFA,-0.0072594164,0.027092708,0.034352124,train,0.00047389884
2017-02-23,IWM,-0.0007212984,-0.019938445,0.019217147,train,-0.009589407
2017-02-23,SPY,0.0012680083,0.006235198,0.00496719,train,0.01199959
2017-02-23,TLT,0.011043624,-0.039272517,0.05031614,train,0.007342438
2017-02-24,EFA,0.0006622716,-0.010852812,0.011515084,train,0.027092708
2017-02-24,IWM,0.009689901,-0.0061381375,0.01582804,train,-0.019938445
2017-02-24,SPY,0.001561475,0.008113331,0.006551856,train,0.006235198
2017-02-24,TLT,-0.0059186546,-0.016341208,0.010422553,train,-0.039272517
2017-02-27,EFA,-0.0014906249,0.021035884,0.022526508,train,-0.010852812
2017-02-27,IWM,-0.015548961,-0.053674303,0.038125344,train,-0.0061381375
2017-02-27,SPY,-0.0027026176,0.010260949,0.012963567,train,0.008113331
2017-02-27,TLT,0.0037032117,0.0040630726,0.00035986095,train,-0.016341208
2017-02-28,EFA,0.0103868665,-0.0048580347,0.015244901,train,0.021035884
2017-02-28,IWM,0.018116867,-0.0077036833,0.02582055,train,-0.053674303
2017-02-28,SPY,0.013900517,0.014995378,0.0010948619,train,0.010260949
2017-02-28,TLT,-0.016898695,-0.0025892397,0.014309456,train,0.0040630726
2017-03-01,EFA,-0.006582192,-0.002524882,0.00405731,train,-0.0048580347
2017-03-01,IWM,-0.011536509,-0.04036761,0.028831102,train,-0.0077036833
2017-03-01,SPY,-0.0063171354,-0.0012452751,0.0050718603,train,0.014995378
2017-03-01,TLT,-0.0036056424,0.00083454326,0.0044401856,train,-0.0025892397
2017-03-02,EFA,0.005925788,0.034558125,0.028632337,train,-0.002524882
2017-03-02,IWM,-0.0007212984,0.006383968,0.0071052667,train,-0.04036761
2017-03-02,SPY,0.00062907685,0.009670559,0.009041483,train,-0.0012452751
2017-03-02,TLT,0.0026009488,0.005867162,0.003266213,train,0.00083454326
2017-03-03,EFA,-0.0031230978,0.00478084,0.007903938,train,0.034558125
2017-03-03,IWM,-0.0068750856,0.0083257295,0.015200815,train,0.006383968
2017-03-03,SPY,-0.0029823591,-0.009147033,0.0061646737,train,0.009670559
2017-03-03,TLT,-0.0047872406,0.019186225,0.023973465,train,0.005867162
2017-03-06,EFA,-0.0034635954,0.029959565,0.03342316,train,0.00478084
2017-03-06,IWM,-0.0065574865,0.008380093,0.01493758,train,0.0083257295
2017-03-06,SPY,-0.0029914288,0.0069383737,0.009929802,train,-0.009147033
2017-03-06,TLT,-0.003035245,-0.0231712,0.020135954,train,0.019186225
2017-03-07,EFA,-0.0036409453,0.021014549,0.024655495,train,0.029959565
2017-03-07,IWM,-0.006600771,0.015763715,0.022364486,train,0.008380093
2017-03-07,SPY,-0.0018580202,-0.0035344642,0.001676444,train,0.0069383737
2017-03-07,TLT,-0.0054194997,0.021438582,0.026858082,train,-0.0231712
2017-03-08,EFA,0.0038063156,0.04086183,0.037055515,train,0.021014549
2017-03-08,IWM,-0.0039814273,-0.0077911112,0.003809684,train,0.015763715
2017-03-08,SPY,0.0012675886,-0.003952265,0.0052198535,train,-0.0035344642
2017-03-08,TLT,-0.0080130575,0.012986615,0.020999674,train,0.021438582
2017-03-09,EFA,0.008388835,0.00560401,0.002784825,train,0.04086183
2017-03-09,IWM,0.004423076,-0.011765078,0.016188154,train,-0.0077911112
2017-03-09,SPY,0.0034979242,-0.0105145555,0.01401248,train,-0.003952265
2017-03-09,TLT,0.0035032516,0.02912244,0.025619188,train,0.012986615
2017-03-10,EFA,0.0052279606,-0.0025720927,0.0078000533,train,0.00560401
2017-03-10,IWM,0.0023508733,0.010848621,0.008497748,train,-0.011765078
2017-03-10,SPY,0.0005044024,-0.010753982,0.011258384,train,-0.0105145555
2017-03-10,TLT,-0.0063313036,0.012602786,0.01893409,train,0.02912244
2017-03-13,EFA,-0.007687915,0.007919146,0.015607061,train,-0.0025720927
2017-03-13,IWM,-0.0047811912,0.021228423,0.026009616,train,0.010848621
2017-03-13,SPY,-0.003833798,-0.012976648,0.0091428505,train,-0.010753982
2017-03-13,TLT,0.0047947364,0.0048036147,8.878298e-06,train,0.012602786
2017-03-14,EFA,0.014184664,0.043084912,0.028900247,train,0.007919146
2017-03-14,IWM,0.015364795,0.010651903,0.0047128918,train,0.021228423
2017-03-14,SPY,0.008616146,-0.013387365,0.022003511,train,-0.012976648
2017-03-14,TLT,0.012141012,0.021339627,0.009198615,train,0.0048036147
2017-03-15,EFA,0.0048449114,0.00853025,0.0036853384,train,0.043084912
2017-03-15,IWM,0.0013062174,-0.011872603,0.01317882,train,0.010651903
2017-03-15,SPY,-0.0019686979,0.0013021878,0.0032708857,train,-0.013387365
2017-03-15,TLT,-0.0050762272,-0.018013714,0.012937486,train,0.021339627
2017-03-16,EFA,0.00257436,-0.00971972,0.01229408,train,0.00853025
2017-03-16,IWM,0.003979981,0.00015129335,0.0038286876,train,-0.011872603
2017-03-16,SPY,-0.0017577049,0.0026131445,0.0043708496,train,0.0013021878
2017-03-16,TLT,0.006257224,-0.029010234,0.035267457,train,-0.018013714
2017-03-17,EFA,-0.0020911172,0.00033648778,0.002427605,train,-0.00971972
2017-03-17,IWM,-0.0043427926,0.0012869495,0.005629742,train,0.00015129335
2017-03-17,SPY,-0.0010976722,0.0064249965,0.0075226687,train,0.0026131445
2017-03-17,TLT,0.004288984,0.022305267,0.018016282,train,-0.029010234
2017-03-20,EFA,-0.0045189695,0.026826557,0.031345528,train,0.00033648778
2017-03-20,IWM,-0.028623046,0.030319037,0.058942083,train,0.0012869495
2017-03-20,SPY,-0.0129224565,0.009210184,0.02213264,train,0.0064249965
2017-03-20,TLT,0.008274983,0.017880071,0.009605088,train,0.022305267
2017-03-21,EFA,0.0001616776,0.017548397,0.01738672,train,0.026826557
2017-03-21,IWM,0.00022412566,-0.016294053,0.01651818,train,0.030319037
2017-03-21,SPY,0.002350069,-0.007999985,0.010350053,train,0.009210184
2017-03-21,TLT,0.0039869654,-0.032740697,0.036727663,train,0.017880071
2017-03-22,EFA,0.002261632,0.0046183188,0.0023566869,train,0.017548397
2017-03-22,IWM,0.0058041206,0.0016379487,0.004166172,train,-0.016294053
2017-03-22,SPY,-0.0010674467,0.011611013,0.012678459,train,-0.007999985
2017-03-22,TLT,-0.0014098824,0.0059435763,0.0073534586,train,-0.032740697
2017-03-23,EFA,0.0027393799,-0.00885525,0.01159463,train,0.0046183188
2017-03-23,IWM,0.00072151923,0.0037724823,0.003050963,train,0.0016379487
2017-03-23,SPY,-0.00072679727,0.00078583695,0.0015126342,train,0.011611013
2017-03-23,TLT,0.0035635887,0.001124274,0.0024393147,train,0.0059435763
2017-03-24,EFA,0.0025718645,0.005799301,0.0032274364,train,-0.00885525
2017-03-24,IWM,0.0018571619,0.009276832,0.0074196705,train,0.0037724823
2017-03-24,SPY,-0.0010266223,0.0034464104,0.0044730324,train,0.00078583695
2017-03-24,TLT,0.0045394837,0.015367544,0.010828061,train,0.001124274
2017-03-27,EFA,0.0048036333,0.0007291883,0.004074445,train,0.005799301
2017-03-27,IWM,0.007762458,0.011632528,0.00387007,train,0.009276832
2017-03-27,SPY,0.007250532,0.0066725006,0.0005780314,train,0.0034464104
2017-03-27,TLT,-0.00669319,-0.019655352,0.0129621625,train,0.015367544
2017-03-28,EFA,0.0,0.03510019,0.03510019,train,0.0007291883
2017-03-28,IWM,0.0032350423,0.005241016,0.0020059736,train,0.011632528
2017-03-28,SPY,0.00093427766,0.007868801,0.0069345236,train,0.0066725006
2017-03-28,TLT,0.0059516476,-0.0008387156,0.006790363,train,-0.019655352
2017-03-29,EFA,-0.0035203372,0.041445754,0.04496609,train,0.03510019
2017-03-29,IWM,0.007532067,0.01327453,0.005742463,train,0.005241016
2017-03-29,SPY,0.0031791213,0.016178481,0.0129993595,train,0.007868801
2017-03-29,TLT,-0.008109515,-0.014090484,0.0059809694,train,-0.0008387156
2017-03-30,EFA,-0.0014439141,0.03103639,0.032480303,train,0.041445754
2017-03-30,IWM,0.0016018169,0.010401435,0.008799618,train,0.01327453
2017-03-30,SPY,-0.0023304264,0.008333027,0.0106634535,train,0.016178481
2017-03-30,TLT,0.0029036715,0.005715715,0.0028120433,train,-0.014090484
2017-03-31,EFA,-0.001446002,0.0041068424,0.0055528446,train,0.03103639
2017-03-31,IWM,-0.010603004,-0.0022964906,0.008306514,train,0.010401435
2017-03-31,SPY,-0.0017405406,-0.00036436226,0.0013761783,train,0.008333027
2017-03-31,TLT,0.010036221,-0.017001195,0.027037416,train,0.005715715
2017-04-03,EFA,-0.00032161793,-0.008883164,0.008561546,train,0.0041068424
2017-04-03,IWM,-0.0011771027,0.003809974,0.004987077,train,-0.0022964906
2017-04-03,SPY,0.000637231,0.0015036324,0.0008664014,train,-0.00036436226
2017-04-03,TLT,-0.0054391692,-0.008275885,0.002836716,train,-0.017001195
2017-04-04,EFA,-0.0053212,-0.027384939,0.02206374,train,-0.008883164
2017-04-04,IWM,-0.0113987755,-0.00017526653,0.011223509,train,0.003809974
2017-04-04,SPY,-0.0029771002,-0.015625698,0.012648598,train,0.0015036324
2017-04-04,TLT,0.0030533778,-0.010432823,0.013486201,train,-0.008275885
2017-04-05,EFA,0.00016151853,0.0041324534,0.003970935,train,-0.027384939
2017-04-05,IWM,0.009262416,-0.010402001,0.019664418,train,-0.00017526653
2017-04-05,SPY,0.0028071718,-0.038630463,0.041437633,train,-0.015625698
2017-04-05,TLT,-0.0014841711,0.012996748,0.01448092,train,-0.010432823
2017-04-06,EFA,-0.0006466343,0.020446364,0.021092998,train,0.0041324534
2017-04-06,IWM,-0.00044299915,0.009622099,0.010065098,train,-0.010402001
2017-04-06,SPY,-0.0010198782,-0.019825162,0.018805284,train,-0.038630463
2017-04-06,TLT,-0.0040512234,0.0022118238,0.0062630475,train,0.012996748
2017-04-07,EFA,-0.001133203,0.02929729,0.030430494,train,0.020446364
2017-04-07,IWM,0.0022115917,-0.004269817,0.0064814086,train,0.009622099
2017-04-07,SPY,0.00059500564,0.0038411226,0.003246117,train,-0.019825162
2017-04-07,TLT,0.004628206,0.014716696,0.01008849,train,0.0022118238
2017-04-10,EFA,0.0046854536,0.001233744,0.0034517096,train,0.02929729
2017-04-10,IWM,0.007920154,0.007878369,4.178565e-05,train,-0.004269817
2017-04-10,SPY,-0.0011903655,0.030247344,0.03143771,train,0.0038411226
2017-04-10,TLT,0.009438391,0.0028937452,0.006544646,train,0.014716696
2017-04-11,EFA,-0.0008062333,0.008798878,0.009605111,train,0.001233744
2017-04-11,IWM,-0.013679727,-0.00027354155,0.013406185,train,0.007878369
2017-04-11,SPY,-0.0043916088,0.021795971,0.02618758,train,0.030247344
2017-04-11,TLT,0.005458207,-0.008786494,0.014244701,train,0.0028937452
2017-04-12,EFA,-0.0064734556,-0.0037028547,0.0027706008,train,0.008798878
2017-04-12,IWM,-0.009822981,0.0068468456,0.016669827,train,-0.00027354155
2017-04-12,SPY,-0.0065160412,0.030254526,0.036770567,train,0.021795971
2017-04-12,TLT,0.003082332,-0.0042471346,0.0073294668,train,-0.008786494
2017-04-13,EFA,0.0061507476,0.0019415431,0.0042092046,train,-0.0037028547
2017-04-13,IWM,0.011672713,0.01669784,0.005025128,train,0.0068468456
2017-04-13,SPY,0.008820833,0.021391608,0.012570775,train,0.030254526
2017-04-13,TLT,-0.003082332,-0.03725288,0.03417055,train,-0.0042471346
2017-04-17,EFA,-0.0045284713,-0.017802792,0.01327432,train,0.0019415431
2017-04-17,IWM,0.00022161698,-0.06999974,0.07022136,train,0.01669784
2017-04-17,SPY,-0.002988517,-0.018856574,0.015868057,train,0.021391608
2017-04-17,TLT,0.012994784,-0.0054175295,0.018412314,train,-0.03725288
2017-04-18,EFA,-0.0040608803,0.017007647,0.021068528,train,-0.017802792
2017-04-18,IWM,0.0034671728,0.01322718,0.009760007,train,-0.06999974
2017-04-18,SPY,-0.0018403907,0.011616778,0.013457168,train,-0.018856574
2017-04-18,TLT,-0.005467894,0.0011732336,0.0066411276,train,-0.0054175295
2017-04-19,EFA,0.007943624,0.052741885,0.044798262,train,0.017007647
2017-04-19,IWM,0.012659575,0.012169884,0.0004896913,train,0.01322718
2017-04-19,SPY,0.00810609,-0.013874553,0.021980643,train,0.011616778
2017-04-19,TLT,-0.0038780214,-0.01924889,0.015370868,train,0.0011732336
2017-04-20,EFA,0.00064572785,0.0055357525,0.0048900247,train,0.052741885
2017-04-20,IWM,-0.0022564458,-0.009909131,0.007652685,train,0.012169884
2017-04-20,SPY,-0.0031919747,-0.018256195,0.01506422,train,-0.013874553
2017-04-20,TLT,0.0,0.013792921,0.013792921,train,-0.01924889
2017-04-21,EFA,0.025019335,0.008255868,0.016763467,train,0.0055357525
2017-04-21,IWM,0.012385301,-0.011466805,0.023852106,train,-0.009909131
2017-04-21,SPY,0.01093792,-0.023739545,0.034677465,train,-0.018256195
2017-04-21,TLT,-0.0049494733,0.019401768,0.024351241,train,0.013792921
2017-04-24,EFA,0.007057145,0.002781937,0.004275208,train,0.008255868
2017-04-24,IWM,0.009671187,-0.006640152,0.01631134,train,-0.011466805
2017-04-24,SPY,0.00580162,-0.011058815,0.016860435,train,-0.023739545
2017-04-24,TLT,-0.012112677,0.014137577,0.026250254,train,0.019401768
2017-04-25,EFA,-0.0028168687,-0.042120785,0.039303917,train,0.002781937
2017-04-25,IWM,0.0051200883,-0.020301221,0.02542131,train,-0.006640152
2017-04-25,SPY,-0.0006288069,-0.01839151,0.017762704,train,-0.011058815
2017-04-25,TLT,0.0055016805,-0.021958815,0.027460495,train,0.014137577
2017-04-26,EFA,0.00093991624,0.0063294657,0.0053895493,train,-0.042120785
2017-04-26,IWM,-0.0002842198,0.025420474,0.025704693,train,-0.020301221
2017-04-26,SPY,0.0008384439,0.008402303,0.0075638588,train,-0.01839151
2017-04-26,TLT,-0.00032773454,0.009890392,0.010218127,train,-0.021958815
2017-04-27,EFA,-0.0010966549,-0.02282466,0.021728005,train,0.0063294657
2017-04-27,IWM,-0.013499588,0.013841414,0.027341,train,0.025420474
2017-04-27,SPY,-0.0021817866,-0.0017810557,0.00040073087,train,0.008402303
2017-04-27,TLT,0.0022095677,0.015393964,0.013184397,train,0.009890392
2017-04-28,EFA,0.0040669297,0.052740417,0.04867349,train,-0.02282466
2017-04-28,IWM,0.0057364204,-0.011710677,0.017447097,train,0.013841414
2017-04-28,SPY,0.0025169675,0.016227124,0.013710157,train,-0.0017810557
2017-04-28,TLT,-0.00834791,0.016104573,0.024452483,train,0.015393964
2017-05-01,EFA,0.0051382505,0.0023996215,0.002738629,train,0.052740417
2017-05-01,IWM,-0.005089486,0.025009437,0.030098923,train,-0.011710677
2017-05-01,SPY,0.00037681556,0.0137123205,0.013335505,train,0.016227124
2017-05-01,TLT,0.0051069898,0.017093755,0.011986766,train,0.016104573
2017-05-02,EFA,-0.0020210536,-0.025553018,0.023531964,train,0.0023996215
2017-05-02,IWM,-0.0061993473,-0.0047145123,0.001484835,train,0.025009437
2017-05-02,SPY,-0.0012149784,0.031365782,0.03258076,train,0.0137123205
2017-05-02,TLT,0.0006573186,-0.020212231,0.02086955,train,0.017093755
2017-05-03,EFA,0.009447965,-0.034819014,0.04426698,train,-0.025553018
2017-05-03,IWM,-0.0013749629,0.0011455142,0.002520477,train,-0.0047145123
2017-05-03,SPY,0.0011735254,0.013034934,0.011861409,train,0.031365782
2017-05-03,TLT,-0.004939408,0.013816622,0.01875603,train,-0.020212231
2017-05-04,EFA,0.011037919,-0.011646099,0.022684019,train,-0.034819014
2017-05-04,IWM,0.006423861,0.012302746,0.0058788853,train,0.0011455142
2017-05-04,SPY,0.0039292895,0.031821184,0.027891895,train,0.013034934
2017-05-04,TLT,0.0009078192,0.013358545,0.012450726,train,0.013816622
2017-05-05,EFA,-0.00749877,-0.0033430792,0.004155691,train,-0.011646099
2017-05-05,IWM,-0.004181386,-0.003300149,0.000881237,train,0.012302746
2017-05-05,SPY,-0.00016708285,0.022829114,0.022996197,train,0.031821184
2017-05-05,TLT,-0.005456328,0.0029412834,0.008397611,train,0.013358545
2017-05-08,EFA,-0.00246065,0.019929655,0.022390304,train,-0.0033430792
2017-05-08,IWM,-0.00043387772,0.012054229,0.012488107,train,-0.003300149
2017-05-08,SPY,-0.00091842894,0.029335333,0.030253762,train,0.022829114
2017-05-08,TLT,-8.316677e-05,0.013999675,0.0140828425,train,0.0029412834
2017-05-09,EFA,0.0015388075,-0.002693954,0.0042327615,train,0.019929655
2017-05-09,IWM,0.0061969743,0.016062198,0.009865224,train,0.012054229
2017-05-09,SPY,0.0017942418,0.016203351,0.01440911,train,0.029335333
2017-05-09,TLT,-0.0011612584,-0.020523159,0.0193619,train,0.013999675
2017-05-10,EFA,-0.0024633068,0.008867192,0.011330498,train,-0.002693954
2017-05-10,IWM,-0.006992248,-0.03935603,0.032363784,train,0.016062198
2017-05-10,SPY,-0.0020445623,0.022442514,0.024487076,train,0.016203351
2017-05-10,TLT,0.0,0.015186024,0.015186024,train,-0.020523159
2017-05-11,EFA,0.0055334535,-0.030311046,0.0358445,train,0.008867192
2017-05-11,IWM,-0.0052947705,0.015659027,0.020953797,train,-0.03935603
2017-05-11,SPY,-0.0016726342,0.017760495,0.01943313,train,0.022442514
2017-05-11,TLT,0.0075247083,0.004693222,0.002831486,train,0.015186024
2017-05-12,EFA,0.0050453967,-0.010159955,0.015205352,train,-0.030311046
2017-05-12,IWM,0.007750949,0.013828873,0.006077924,train,0.015659027
2017-05-12,SPY,0.0055082245,0.038604036,0.03309581,train,0.017760495
2017-05-12,TLT,-0.0027219139,-0.011830574,0.00910866,train,0.004693222
2017-05-15,EFA,0.006385166,-0.00963388,0.016019046,train,-0.010159955
2017-05-15,IWM,0.00036087536,0.00071021356,0.0003493382,train,0.013828873
2017-05-15,SPY,-0.0009158356,0.016238123,0.01715396,train,0.038604036
2017-05-15,TLT,0.0037100052,0.004427906,0.0007179009,train,-0.011830574
2017-05-16,EFA,-0.0114305625,-0.009126168,0.0023043947,train,-0.00963388
2017-05-16,IWM,-0.02734893,0.008322452,0.035671383,train,0.00071021356
2017-05-16,SPY,-0.01790345,0.027953025,0.045856476,train,0.016238123
2017-05-16,TLT,0.014461377,0.037572883,0.023111507,train,0.004427906
2017-05-17,EFA,0.0016847053,-0.036503553,0.03818826,train,-0.009126168
2017-05-17,IWM,0.0036260693,-0.009893704,0.013519773,train,0.008322452
2017-05-17,SPY,0.004020354,-0.019968374,0.023988727,train,0.027953025
2017-05-17,TLT,0.0011348985,-0.034839556,0.035974454,train,0.037572883
2017-05-18,EFA,0.011562565,-1.7712824e-05,0.011580278,train,-0.036503553
2017-05-18,IWM,0.004789883,0.017617105,0.012827221,train,-0.009893704
2017-05-18,SPY,0.00648313,0.022628512,0.016145382,train,-0.019968374
2017-05-18,TLT,0.002347273,0.014587277,0.012240004,train,-0.034839556
2017-05-19,EFA,0.001209383,0.026623629,0.025414245,train,-1.7712824e-05
2017-05-19,IWM,0.006740026,0.015365534,0.008625508,train,0.017617105
2017-05-19,SPY,0.0050649047,-0.00023315614,0.005298061,train,0.022628512
2017-05-19,TLT,-0.002752034,0.011659391,0.014411425,train,0.014587277
2017-05-22,EFA,0.0001511549,0.0070019066,0.0068507516,train,0.026623629
2017-05-22,IWM,0.003280807,0.026788486,0.023507679,train,0.015365534
2017-05-22,SPY,0.0022100615,0.008256801,0.00604674,train,-0.00023315614
2017-05-22,TLT,-0.0067509688,0.0068250373,0.0135760065,train,0.011659391
2017-05-23,EFA,0.00060393923,0.0065962295,0.00599229,train,0.0070019066
2017-05-23,IWM,0.0006548097,0.01470599,0.01405118,train,0.026788486
2017-05-23,SPY,0.0023301328,0.011002669,0.008672536,train,0.008256801
2017-05-23,TLT,0.0056157685,0.015897788,0.010282019,train,0.0068250373
2017-05-24,EFA,0.0,-0.0011532633,0.0011532633,train,0.0065962295
2017-05-24,IWM,0.0006547531,0.0029161042,0.002261351,train,0.01470599
2017-05-24,SPY,0.0047682454,0.0067671463,0.001998901,train,0.011002669
2017-05-24,TLT,0.00032423713,0.023602003,0.023277767,train,0.015897788
2017-05-25,EFA,-0.0028723052,0.0023845711,0.0052568763,train,-0.0011532633
2017-05-25,IWM,-0.0002912654,0.004311098,0.0046023633,train,0.0029161042
2017-05-25,SPY,-0.000206824,-0.01514343,0.0149366055,train,0.0067671463
2017-05-25,TLT,0.0017022,-0.02012553,0.021827731,train,0.023602003
2017-05-26,EFA,-0.0010605914,-0.01041493,0.009354339,train,0.0023845711
2017-05-26,IWM,-0.007883031,0.008997282,0.016880313,train,0.004311098
2017-05-26,SPY,-0.0008691427,0.02917036,0.030039502,train,-0.01514343
2017-05-26,TLT,0.0049276864,0.0038451608,0.0010825256,train,-0.02012553
2017-05-30,EFA,0.0012116134,0.002147452,0.00093583856,train,-0.01041493
2017-05-30,IWM,-0.0010261729,0.0036353746,0.0046615475,train,0.008997282
2017-05-30,SPY,-0.00024854837,0.029784406,0.030032953,train,0.02917036
2017-05-30,TLT,0.002495129,0.0129420385,0.01044691,train,0.0038451608
2017-05-31,EFA,0.00648845,0.001152439,0.005336011,train,0.002147452
2017-05-31,IWM,0.019108409,0.0013736396,0.01773477,train,0.0036353746
2017-05-31,SPY,0.007920686,-0.015864966,0.023785653,train,0.029784406
2017-05-31,TLT,0.00010454051,-0.01772035,0.01782489,train,0.0129420385
2017-06-01,EFA,0.010919288,0.012491224,0.0015719365,train,0.001152439
2017-06-01,IWM,0.0064565926,-0.023049215,0.029505808,train,0.0013736396
2017-06-01,SPY,0.0033228085,0.046679214,0.043356404,train,-0.015864966
2017-06-01,TLT,0.011771273,-0.021453904,0.03322518,train,-0.01772035
2017-06-02,EFA,-0.0055194623,0.00525459,0.010774052,train,0.012491224
2017-06-02,IWM,-0.0062408126,0.0022997886,0.0085406015,train,-0.023049215
2017-06-02,SPY,-0.00073724054,0.0077153146,0.008452555,train,0.046679214
2017-06-02,TLT,-0.0062288283,0.0018783119,0.008107141,train,-0.021453904
2017-06-05,EFA,-0.0028463574,0.009191874,0.012038232,train,0.00525459
2017-06-05,IWM,-0.00093538413,0.04964173,0.05057711,train,0.0022997886
2017-06-05,SPY,-0.0032021592,0.029957004,0.033159163,train,0.0077153146
2017-06-05,TLT,0.0054319883,0.036958367,0.03152638,train,0.0018783119
2017-06-06,EFA,0.00030000624,0.014898513,0.014598507,train,0.009191874
2017-06-06,IWM,0.00093538413,-0.0044689365,0.0054043205,train,0.04964173
2017-06-06,SPY,0.00184885,0.007544711,0.0056958613,train,0.029957004
2017-06-06,TLT,-0.004791306,-0.006582847,0.001791541,train,0.036958367
2017-06-07,EFA,-0.001801389,0.006716462,0.008517851,train,0.014898513
2017-06-07,IWM,0.01357905,0.031604216,0.018025165,train,-0.0044689365
2017-06-07,SPY,0.00049207563,0.007362745,0.0068706693,train,0.007544711
2017-06-07,TLT,-0.0026449973,0.023431597,0.026076594,train,-0.006582847
2017-06-08,EFA,-0.0037632734,0.003917205,0.0076804785,train,0.006716462
2017-06-08,IWM,0.0051680785,0.0072838813,0.0021158028,train,0.031604216
2017-06-08,SPY,-0.0015189127,0.01854539,0.020064302,train,0.007362745
2017-06-08,TLT,-0.0015262488,0.031635836,0.033162083,train,0.023431597
2017-06-09,EFA,-0.0037772623,-0.013841586,0.010064324,train,0.003917205
2017-06-09,IWM,-0.0016258202,-0.015677568,0.0140517475,train,0.0072838813
2017-06-09,SPY,-0.0002054219,0.027271023,0.027476445,train,0.01854539
2017-06-09,TLT,-0.00032186374,-0.012674989,0.012353125,train,0.031635836
2017-06-12,EFA,0.0076907002,-0.006530513,0.014221214,train,-0.013841586
2017-06-12,IWM,0.005080294,-0.0071704537,0.0122507475,train,-0.015677568
2017-06-12,SPY,0.0048779007,0.018380076,0.013502175,train,0.027271023
2017-06-12,TLT,0.00016114036,0.006569667,0.0064085266,train,-0.012674989
2017-06-13,EFA,-0.00075142464,-0.00025073905,0.0005006856,train,-0.006530513
2017-06-13,IWM,-0.005929152,0.011660574,0.017589726,train,-0.0071704537
2017-06-13,SPY,-0.0012685106,0.018308608,0.019577118,train,0.018380076
2017-06-13,TLT,0.015318619,0.0069286935,0.008389926,train,0.006569667
2017-06-14,EFA,-0.010426828,0.0019030911,0.012329919,train,-0.00025073905
2017-06-14,IWM,-0.0051100366,-0.002550779,0.0025592577,train,0.011660574
2017-06-14,SPY,-0.0019259448,0.018129762,0.020055708,train,0.018308608
2017-06-14,TLT,-0.001584645,-0.014716532,0.013131887,train,0.0069286935
2017-06-15,EFA,0.008470853,-0.004803594,0.013274447,train,0.0019030911
2017-06-15,IWM,-0.0024934213,-0.015836855,0.013343434,train,-0.002550779
2017-06-15,SPY,0.0002183916,0.030357921,0.03013953,train,0.018129762
2017-06-15,TLT,0.0019806453,0.0062065944,0.004225949,train,-0.014716532
2017-06-16,EFA,0.0040586176,-0.005167192,0.00922581,train,-0.004803594
2017-06-16,IWM,0.0073909797,-0.0066801365,0.014071116,train,-0.015836855
2017-06-16,SPY,0.008290575,0.024730274,0.016439699,train,0.030357921
2017-06-16,TLT,-0.0014261656,0.00881212,0.010238286,train,0.0062065944
2017-06-19,EFA,-0.008081774,0.00089139026,0.0089731645,train,-0.005167192
2017-06-19,IWM,-0.010176886,-0.004076954,0.006099932,train,-0.0066801365
2017-06-19,SPY,-0.0067668324,0.03944961,0.046216443,train,0.024730274
2017-06-19,TLT,0.008916553,0.015720796,0.0068042427,train,0.00881212
2017-06-20,EFA,-0.0012300963,0.013222157,0.0144522535,train,0.00089139026
2017-06-20,IWM,-0.0025065753,-0.002097135,0.00040944037,train,-0.004076954
2017-06-20,SPY,-0.0002468113,0.032558233,0.032805044,train,0.03944961
2017-06-20,TLT,0.0020398654,-0.0072546154,0.009294481,train,0.015720796
2017-06-21,EFA,-0.00015370788,-0.02620464,0.026050933,train,0.013222157
2017-06-21,IWM,0.003793427,0.011382207,0.0075887805,train,-0.002097135
2017-06-21,SPY,-0.0004529573,0.021056069,0.021509027,train,0.032558233
2017-06-21,TLT,0.0021932526,0.016492939,0.014299686,train,-0.0072546154
2017-06-22,EFA,0.0024591342,0.006388327,0.003929193,train,-0.02620464
2017-06-22,IWM,0.0066218157,0.018630978,0.012009162,train,0.011382207
2017-06-22,SPY,0.0011933522,0.017996278,0.016802926,train,0.021056069
2017-06-22,TLT,-0.00046980087,0.00092223566,0.0013920366,train,0.016492939
2017-06-23,EFA,0.0016872241,0.0019198311,0.00023260701,train,0.006388327
2017-06-23,IWM,0.0012056335,-0.006956527,0.00816216,train,0.018630978
2017-06-23,SPY,0.0006580916,0.013431852,0.01277376,train,0.017996278
2017-06-23,TLT,0.0037501177,0.0030993447,0.00065077306,train,0.00092223566
2017-06-26,EFA,-0.00015332118,-0.0005603209,0.00040699972,train,0.0019198311
2017-06-26,IWM,-0.008828049,0.013870773,0.022698821,train,-0.006956527
2017-06-26,SPY,-0.008088997,0.023641944,0.031730942,train,0.013431852
2017-06-26,TLT,-0.010738868,-0.00077851536,0.009960353,train,0.0030993447
2017-06-27,EFA,0.00869902,-0.01929004,0.02798906,train,-0.0005603209
2017-06-27,IWM,0.0151867485,0.009783743,0.0054030055,train,0.013870773
2017-06-27,SPY,0.008910698,0.01998072,0.011070021,train,0.023641944
2017-06-27,TLT,-0.0033160232,-0.006901661,0.0035856378,train,-0.00077851536
2017-06-28,EFA,-0.009925834,0.007691895,0.017617729,train,-0.01929004
2017-06-28,IWM,-0.0059330342,-0.0077992175,0.0018661832,train,0.009783743
2017-06-28,SPY,-0.008827699,0.00084021594,0.009667915,train,0.01998072
2017-06-28,TLT,-0.008416718,0.017896162,0.02631288,train,-0.006901661
2017-06-29,EFA,0.0006135949,-0.011247508,0.011861103,train,0.007691895
2017-06-29,IWM,-0.0015604276,0.0024398547,0.0040002824,train,-0.0077992175
2017-06-29,SPY,0.0018627187,0.011136431,0.0092737125,train,0.00084021594
2017-06-29,TLT,-0.0023147934,0.007962045,0.010276839,train,0.017896162
2017-06-30,EFA,-0.001227642,-0.018582536,0.017354894,train,-0.011247508
2017-06-30,IWM,0.008338978,-0.0023023165,0.010641294,train,0.0024398547
2017-06-30,SPY,0.001694157,0.009334905,0.0076407483,train,0.011136431
2017-06-30,TLT,-0.003225245,0.018117167,0.021342412,train,0.007962045
2017-07-03,EFA,0.0,-0.061831057,0.061831057,train,-0.018582536
2017-07-03,IWM,-0.00359559,0.004977422,0.0085730115,train,-0.0023023165
2017-07-03,SPY,0.0023093324,0.003224759,0.0009154265,train,0.009334905
2017-07-03,TLT,0.00024139864,0.006676466,0.0064350674,train,0.018117167
2017-07-05,EFA,-0.0044632857,0.003691757,0.008155042,train,-0.061831057
2017-07-05,IWM,-0.0131444335,0.0014732741,0.014617708,train,0.004977422
2017-07-05,SPY,-0.00918659,0.007235657,0.016422248,train,0.003224759
2017-07-05,TLT,-0.008308284,0.0099070445,0.018215328,train,0.006676466
2017-07-06,EFA,0.00015421498,0.0076010562,0.0074468413,train,0.003691757
2017-07-06,IWM,0.009655796,-0.012475368,0.022131164,train,0.0014732741
2017-07-06,SPY,0.006464176,0.015318831,0.008854656,train,0.007235657
2017-07-06,TLT,-0.006011868,0.014692644,0.020704512,train,0.0099070445
2017-07-07,EFA,0.0024644374,-0.010859929,0.013324367,train,0.0076010562
2017-07-07,IWM,-0.0043517253,0.0034641232,0.007815849,train,-0.012475368
2017-07-07,SPY,0.0010732397,-0.0028426498,0.0039158897,train,0.015318831
2017-07-07,TLT,0.0014658939,0.010841469,0.009375575,train,0.014692644
2017-07-10,EFA,0.0023053735,-0.036857873,0.039163247,train,-0.010859929
2017-07-10,IWM,0.002926598,-0.005881871,0.008808469,train,0.0034641232
2017-07-10,SPY,-0.0007428617,-0.003322672,0.0025798103,train,-0.0028426498
2017-07-10,TLT,0.001706749,-0.016470155,0.018176904,train,0.010841469
2017-07-11,EFA,0.007949478,-0.020424351,0.02837383,train,-0.036857873
2017-07-11,IWM,0.0076687043,0.006097238,0.0015714662,train,-0.005881871
2017-07-11,SPY,0.007486996,0.0098565295,0.0023695338,train,-0.003322672
2017-07-11,TLT,0.006880802,0.0127727315,0.0058919294,train,-0.016470155
2017-07-12,EFA,0.002889324,-0.00883657,0.011725894,train,-0.020424351
2017-07-12,IWM,0.00084899284,-0.0031472724,0.003996265,train,0.006097238
2017-07-12,SPY,0.0016786113,0.0004953025,0.0011833088,train,0.0098565295
2017-07-12,TLT,-0.006312217,0.026338374,0.03265059,train,0.0127727315
2017-07-13,EFA,0.0069601014,0.011447454,0.0044873524,train,-0.00883657
2017-07-13,IWM,0.001694748,0.02784161,0.026146863,train,-0.0031472724
2017-07-13,SPY,0.004653231,0.004690269,3.7038233e-05,train,0.0004953025
2017-07-13,TLT,0.0012171286,0.010119459,0.00890233,train,0.026338374
2017-07-14,EFA,-0.0019621246,-0.009909345,0.0079472205,train,0.011447454
2017-07-14,IWM,0.0023252252,-0.0064880084,0.008813234,train,0.02784161
2017-07-14,SPY,-0.00012218767,0.010521587,0.010643775,train,0.004690269
2017-07-14,TLT,0.0027529183,0.01458272,0.011829801,train,0.010119459
2017-07-17,EFA,0.0009061599,0.01084134,0.00993518,train,-0.009909345
2017-07-17,IWM,-0.0026072839,0.0067264857,0.00933377,train,-0.0064880084
2017-07-17,SPY,0.000529538,0.032912724,0.032383185,train,0.010521587
2017-07-17,TLT,0.008695112,0.0032307487,0.005464363,train,0.01458272
2017-07-18,EFA,0.004367755,0.0147482995,0.010380545,train,0.01084134
2017-07-18,IWM,0.009901522,-0.01604553,0.025947051,train,0.0067264857
2017-07-18,SPY,0.0053993026,0.03578143,0.030382127,train,0.032912724
2017-07-18,TLT,0.00040063748,0.010373281,0.009972644,train,0.0032307487
2017-07-19,EFA,0.004049493,0.020305458,0.016255965,train,0.0147482995
2017-07-19,IWM,0.000698677,0.043977335,0.043278657,train,-0.01604553
2017-07-19,SPY,0.00044527758,0.026004242,0.025558963,train,0.03578143
2017-07-19,TLT,0.0028805751,-0.01833458,0.021215156,train,0.010373281
2017-07-20,EFA,-0.0038990933,0.011643777,0.01554287,train,0.020305458
2017-07-20,IWM,-0.0045492565,-0.008980769,0.004431512,train,0.043977335
2017-07-20,SPY,-0.00089089497,-0.010882221,0.009991326,train,0.026004242
2017-07-20,TLT,0.004225576,-0.0011548866,0.0053804624,train,-0.01833458
2017-07-21,EFA,-0.0027084423,-0.023238013,0.02052957,train,0.011643777
2017-07-21,IWM,0.0014023704,0.00048210286,0.00092026754,train,-0.008980769
2017-07-21,SPY,-0.00024294194,0.012090536,0.012333478,train,-0.010882221
2017-07-21,TLT,-0.0039063506,-0.0047408957,0.0008345451,train,-0.0011548866
2017-07-24,EFA,0.0013550642,-0.014669588,0.016024653,train,-0.023238013
2017-07-24,IWM,0.009065483,-0.019624857,0.02869034,train,0.00048210286
2017-07-24,SPY,0.0024279675,0.020131703,0.017703736,train,0.012090536
2017-07-24,TLT,-0.013104546,-0.005788521,0.007316025,train,-0.0047408957
2017-07-25,EFA,0.006150079,0.0043668645,0.0017832145,train,-0.014669588
2017-07-25,IWM,-0.0055695004,0.013591206,0.019160707,train,-0.019624857
2017-07-25,SPY,4.0231535e-05,0.0034398225,0.003399591,train,0.020131703
2017-07-25,TLT,0.0016174187,0.013838872,0.012221454,train,-0.005788521
2017-07-26,EFA,-0.0022457892,0.005378964,0.007624753,train,0.0043668645
2017-07-26,IWM,-0.0063726096,0.008182932,0.014555542,train,0.013591206
2017-07-26,SPY,-0.0009299032,0.0015954487,0.002525352,train,0.0034398225
2017-07-26,TLT,-0.004940843,-0.0411162,0.036175355,train,0.013838872
2017-07-27,EFA,0.0010486773,-0.032257788,0.033306465,train,0.005378964
2017-07-27,IWM,-0.0026729691,0.0149140805,0.017587049,train,0.008182932
2017-07-27,SPY,-0.0011737635,0.027243072,0.028416835,train,0.0015954487
2017-07-27,TLT,0.005909586,-0.018809872,0.024719458,train,-0.0411162
2017-07-28,EFA,0.002094208,0.0054108044,0.0033165964,train,-0.032257788
2017-07-28,IWM,-0.0031752563,0.018942274,0.02211753,train,0.0149140805
2017-07-28,SPY,-0.00056726485,-0.015003087,0.014435822,train,0.027243072
2017-07-28,TLT,0.0012106275,-0.004924506,0.0061351336,train,-0.018809872
2017-07-31,EFA,0.0055127866,0.0053299773,0.00018280931,train,0.0054108044
2017-07-31,IWM,0.0019061358,0.021310844,0.019404707,train,0.018942274
2017-07-31,SPY,0.002226389,0.032432444,0.030206054,train,-0.015003087
2017-07-31,TLT,0.0069961944,0.0043082666,0.0026879278,train,-0.004924506
2017-08-01,EFA,0.0004456733,0.025105244,0.02465957,train,0.0053299773
2017-08-01,IWM,-0.010992716,-0.0026293658,0.00836335,train,0.021310844
2017-08-01,SPY,0.0004849841,0.0028360495,0.0023510654,train,0.032432444
2017-08-01,TLT,0.00056116626,0.012961478,0.012400311,train,0.0043082666
2017-08-02,EFA,0.0005939709,0.0126800975,0.012086127,train,0.025105244
2017-08-02,IWM,-0.0050041084,0.007540065,0.012544174,train,-0.0026293658
2017-08-02,SPY,-0.001941915,-0.0033581806,0.0014162656,train,0.0028360495
2017-08-02,TLT,0.01029127,0.011422977,0.0011317069,train,0.012961478
2017-08-03,EFA,0.001334964,0.0048461203,0.0035111564,train,0.0126800975
2017-08-03,IWM,0.0048616105,0.014906906,0.010045296,train,0.007540065
2017-08-03,SPY,0.0018206558,0.036057122,0.034236465,train,-0.0033581806
2017-08-03,TLT,-0.008528699,0.021780446,0.030309144,train,0.011422977
2017-08-04,EFA,0.00044468924,0.005714706,0.005270017,train,0.0048461203
2017-08-04,IWM,0.0016392836,0.012251293,0.01061201,train,0.014906906
2017-08-04,SPY,0.001857648,0.03188582,0.030028174,train,0.036057122
2017-08-04,TLT,0.0011201121,0.0352835,0.034163386,train,0.021780446
2017-08-07,EFA,-0.0053486354,0.017591309,0.022939945,train,0.005714706
2017-08-07,IWM,-0.003138163,0.018042145,0.021180307,train,0.012251293
2017-08-07,SPY,-0.0024640944,-0.005534403,0.0030703086,train,0.03188582
2017-08-07,TLT,-0.0036042847,-0.010582894,0.0069786096,train,0.0352835
2017-08-08,EFA,-0.0016399343,-0.016319431,0.014679497,train,0.017591309
2017-08-08,IWM,-0.008680264,0.01909519,0.027775455,train,0.018042145
2017-08-08,SPY,-4.0188563e-05,0.024660515,0.024700703,train,-0.005534403
2017-08-08,TLT,0.005441656,-0.000399753,0.005841409,train,-0.010582894
2017-08-09,EFA,-0.01427619,0.032434553,0.046710745,train,-0.016319431
2017-08-09,IWM,-0.018323824,0.015025043,0.033348866,train,0.01909519
2017-08-09,SPY,-0.014215867,0.030784434,0.0450003,train,0.024660515
2017-08-09,TLT,0.008503236,0.009381532,0.00087829586,train,-0.000399753
2017-08-10,EFA,-0.0018179371,-0.0014018919,0.0004160452,train,0.032434553
2017-08-10,IWM,0.0014667022,0.016397197,0.014930494,train,0.015025043
2017-08-10,SPY,0.0014757562,0.014679799,0.013204043,train,0.030784434
2017-08-10,TLT,0.00047487326,0.0011199322,0.0006450589,train,0.009381532
2017-08-11,EFA,0.0072519286,0.007176658,7.527042e-05,train,-0.0014018919
2017-08-11,IWM,0.015053934,-0.037146397,0.052200332,train,0.016397197
2017-08-11,SPY,0.00986424,-0.021409675,0.031273916,train,0.014679799
2017-08-11,TLT,-0.005154637,0.0063090995,0.011463737,train,0.0011199322
2017-08-14,EFA,-0.0007529925,-0.014377931,0.013624938,train,0.007176658
2017-08-14,IWM,-0.008262449,0.0060154363,0.014277885,train,-0.037146397
2017-08-14,SPY,-0.000121772784,-0.003535633,0.0034138602,train,-0.021409675
2017-08-14,TLT,-0.0042225732,-0.0069039594,0.0026813862,train,0.0063090995
2017-08-15,EFA,0.005708338,0.011724111,0.0060157725,train,-0.014377931
2017-08-15,IWM,0.00029092605,-0.017090641,0.017381568,train,0.0060154363
2017-08-15,SPY,0.0017428631,-0.013081966,0.014824829,train,-0.003535633
2017-08-15,TLT,0.0036660281,0.012845918,0.009179889,train,-0.0069039594
2017-08-16,EFA,-0.011297967,0.012171535,0.023469502,train,0.011724111
2017-08-16,IWM,-0.018431475,0.01903138,0.037462853,train,-0.017090641
2017-08-16,SPY,-0.01571352,-0.0014485819,0.014264938,train,-0.013081966
2017-08-16,TLT,0.0074497177,0.002215709,0.0052340087,train,0.012845918
2017-08-17,EFA,0.0027231937,0.010986431,0.008263237,train,0.012171535
2017-08-17,IWM,-7.407646e-05,0.0030274428,0.0031015193,train,0.01903138
2017-08-17,SPY,-0.0015643963,-0.006277671,0.0047132745,train,-0.0014485819
2017-08-17,TLT,-0.0002369195,0.00975706,0.009993979,train,0.002215709
2017-08-18,EFA,-0.00030216167,0.0109547,0.011256862,train,0.010986431
2017-08-18,IWM,-0.0006669352,0.012164622,0.012831557,train,0.0030274428
2017-08-18,SPY,0.0007824681,0.079709575,0.07892711,train,-0.006277671
2017-08-18,TLT,0.0024451348,-0.0148977935,0.017342929,train,0.00975706
2017-08-21,EFA,0.004824403,0.009526566,0.0047021625,train,0.0109547
2017-08-21,IWM,0.010770053,-0.026069058,0.036839113,train,0.012164622
2017-08-21,SPY,0.010402762,-0.0073285596,0.017731322,train,0.079709575
2017-08-21,TLT,-0.0038680618,-0.02850253,0.024634467,train,-0.0148977935
2017-08-22,EFA,0.00015036513,0.0155688925,0.015418528,train,0.009526566
2017-08-22,IWM,-0.0016153492,0.020501133,0.022116482,train,-0.026069058
2017-08-22,SPY,-0.0035920294,0.028772408,0.03236444,train,-0.0073285596
2017-08-22,TLT,0.006779164,-0.003928773,0.010707937,train,-0.02850253
2017-08-23,EFA,-0.0022582244,0.00908877,0.011346994,train,0.0155688925
2017-08-23,IWM,0.0030818987,0.0020537507,0.001028148,train,0.020501133
2017-08-23,SPY,-0.0023333507,0.013612335,0.015945686,train,0.028772408
2017-08-23,TLT,-0.0036989783,-0.0070054205,0.0033064422,train,-0.003928773
2017-08-24,EFA,0.006010538,0.009621059,0.0036105206,train,0.00908877
2017-08-24,IWM,0.0028532743,0.0037809508,0.00092767645,train,0.0020537507
2017-08-24,SPY,0.0023333507,0.004626647,0.0022932964,train,0.013612335
2017-08-24,TLT,0.003855656,0.0071360087,0.0032803528,train,-0.0070054205
2017-08-25,EFA,0.0,0.0014847517,0.0014847517,train,0.009621059
2017-08-25,IWM,0.0042279796,-0.010458989,0.014686968,train,0.0037809508
2017-08-25,SPY,4.098764e-05,-0.0046307156,0.004671703,train,0.004626647
2017-08-25,TLT,-0.00062860927,0.0053281416,0.005956751,train,0.0071360087
2017-08-28,EFA,-0.0040531405,0.022256719,0.026309859,train,0.0014847517
2017-08-28,IWM,0.00021878669,-0.0064924555,0.0067112423,train,-0.010458989
2017-08-28,SPY,0.0011441908,-0.014789436,0.015933627,train,-0.0046307156
2017-08-28,TLT,0.0032171218,-0.020170374,0.023387495,train,0.0053281416
2017-08-29,EFA,-0.0013545824,0.025984306,0.027338888,train,0.022256719
2017-08-29,IWM,0.0063795606,-0.013465425,0.019844986,train,-0.0064924555
2017-08-29,SPY,0.0047264327,0.014576537,0.009850103,train,-0.014789436
2017-08-29,TLT,-0.00031355658,0.016415987,0.016729543,train,-0.020170374
2017-08-30,EFA,0.00765243,0.025505126,0.017852696,train,0.025984306
2017-08-30,IWM,0.009780439,0.0021337336,0.007646705,train,-0.013465425
2017-08-30,SPY,0.0059980336,-0.0067449044,0.0127429385,train,0.014576537
2017-08-30,TLT,0.0029737279,-0.0034996215,0.0064733494,train,0.016415987
2017-08-31,EFA,0.0013442631,-0.0014977497,0.0028420128,train,0.025505126
2017-08-31,IWM,0.0056387046,-0.018521639,0.024160344,train,0.0021337336
2017-08-31,SPY,0.0014129446,0.0054614996,0.004048555,train,-0.0067449044
2017-08-31,TLT,-0.0076783877,0.02738711,0.0350655,train,-0.0034996215
2017-09-01,EFA,-0.0067399754,0.00022758823,0.0069675636,train,-0.0014977497
2017-09-01,IWM,-0.009653906,-0.031736486,0.022082578,train,-0.018521639
2017-09-01,SPY,-0.0072079743,0.015586438,0.022794412,train,0.0054614996
2017-09-01,TLT,0.015733464,0.02349274,0.007759277,train,0.02738711
2017-09-05,EFA,0.006142561,0.01753936,0.011396799,train,0.00022758823
2017-09-05,IWM,0.002081804,-0.024878396,0.0269602,train,-0.031736486
2017-09-05,SPY,0.0034082092,0.0022116918,0.0011965174,train,0.015586438
2017-09-05,TLT,-0.0061541945,-0.069582574,0.06342838,train,0.02349274
2017-09-06,EFA,0.008181712,0.0076023806,0.00057933107,train,0.01753936
2017-09-06,IWM,-0.002513348,-0.03742919,0.034915842,train,-0.024878396
2017-09-06,SPY,-0.00012166596,-0.032111347,0.031989682,train,0.0022116918
2017-09-06,TLT,0.010184453,0.006621819,0.0035626339,train,-0.069582574
2017-09-07,EFA,0.00014796991,0.029258488,0.029110517,train,0.0076023806
2017-09-07,IWM,0.00079074706,-0.009217968,0.010008715,train,-0.03742919
2017-09-07,SPY,-0.0011753335,0.007500382,0.008675716,train,-0.032111347
2017-09-07,TLT,-0.0021679187,-0.01688514,0.014717222,train,0.006621819
2017-09-08,EFA,0.007820188,0.003812329,0.004007859,train,0.029258488
2017-09-08,IWM,0.0104322685,0.0075988243,0.0028334442,train,-0.009217968
2017-09-08,SPY,0.010609821,0.030926207,0.020316385,train,0.007500382
2017-09-08,TLT,-0.012010005,-0.011260964,0.0007490413,train,-0.01688514
2017-09-11,EFA,0.0030815739,0.0016265402,0.0014550337,train,0.003812329
2017-09-11,IWM,0.0060947337,0.006636203,0.0005414691,train,0.0075988243
2017-09-11,SPY,0.0033645716,0.014253382,0.01088881,train,0.030926207
2017-09-11,TLT,-0.005270306,0.020176101,0.025446407,train,-0.011260964
2017-09-12,EFA,-0.005435772,0.027114702,0.032550473,train,0.0016265402
2017-09-12,IWM,0.0029630307,-0.0031876843,0.006150715,train,0.006636203
2017-09-12,SPY,0.00047996966,0.003606638,0.0031266683,train,0.014253382
2017-09-12,TLT,-0.003951479,-0.01505235,0.0111008715,train,0.020176101
2017-09-13,EFA,0.0017660774,0.0027434118,0.0009773344,train,0.027114702
2017-09-13,IWM,-0.0009162292,-0.025459312,0.024543082,train,-0.0031876843
2017-09-13,SPY,-0.00031976795,0.0040764697,0.0043962374,train,0.003606638
2017-09-13,TLT,0.004108921,0.016734686,0.012625765,train,-0.01505235
2017-09-14,EFA,0.0008819065,0.007271898,0.0063899914,train,0.0027434118
2017-09-14,IWM,0.004081018,0.01583809,0.011757072,train,-0.025459312
2017-09-14,SPY,0.0013451283,0.02646235,0.025117222,train,0.0040764697
2017-09-14,TLT,0.00039437323,0.00132138,0.0009270068,train,0.016734686
2017-09-15,EFA,0.0013217274,0.012579602,0.011257875,train,0.007271898
2017-09-15,IWM,0.0067881783,0.04023973,0.03345155,train,0.01583809
2017-09-15,SPY,0.0021246085,0.0121408,0.010016192,train,0.02646235
2017-09-15,TLT,-0.0057707108,0.019243374,0.025014086,train,0.00132138
2017-09-18,EFA,0.0046845647,0.0076277666,0.002943202,train,0.012579602
2017-09-18,IWM,0.0,0.036820784,0.036820784,train,0.04023973
2017-09-18,SPY,0.0010005868,0.040740907,0.03974032,train,0.0121408
2017-09-18,TLT,-0.0024610548,0.012319483,0.014780538,train,0.019243374
2017-09-19,EFA,-0.0021933955,-0.012403032,0.010209637,train,0.0076277666
2017-09-19,IWM,0.0032027464,-0.023761326,0.026964072,train,0.036820784
2017-09-19,SPY,0.00036010807,0.018695787,0.018335678,train,0.040740907
2017-09-19,TLT,0.0007148663,0.015650002,0.014935136,train,0.012319483
2017-09-20,EFA,-0.002051125,-0.0075251963,0.005474071,train,-0.012403032
2017-09-20,IWM,-0.0010432369,-0.0052073635,0.0041641267,train,-0.023761326
2017-09-20,SPY,-0.002683038,0.002007719,0.004690757,train,0.018695787
2017-09-20,TLT,-0.00055590324,0.014594931,0.015150835,train,0.015650002
2017-09-21,EFA,0.0030756148,0.0014012447,0.0016743701,train,-0.0075251963
2017-09-21,IWM,0.004236582,-0.02124965,0.025486233,train,-0.0052073635
2017-09-21,SPY,0.00020051809,0.02668472,0.026484203,train,0.002007719
2017-09-21,TLT,0.0028566404,0.012835288,0.009978648,train,0.014594931
2017-09-22,EFA,-0.0057192924,0.015303874,0.021023167,train,0.0014012447
2017-09-22,IWM,0.0013850221,-0.0050461814,0.0064312033,train,-0.02124965
2017-09-22,SPY,-0.0020468524,0.021265002,0.023311853,train,0.02668472
2017-09-22,TLT,0.006240242,0.010428255,0.0041880133,train,0.012835288
2017-09-25,EFA,-0.0022082112,-0.0060782433,0.003870032,train,0.015303874
2017-09-25,IWM,0.0031792503,-0.0014645681,0.0046438184,train,-0.0050461814
2017-09-25,SPY,0.0006024751,0.033435557,0.03283308,train,0.021265002
2017-09-25,TLT,-0.001812753,0.015289936,0.017102689,train,0.010428255
2017-09-26,EFA,0.00073668465,0.0034860151,0.0027493304,train,-0.0060782433
2017-09-26,IWM,0.01938048,-0.00020545721,0.019585937,train,-0.0014645681
2017-09-26,SPY,0.0038868682,0.023135167,0.0192483,train,0.033435557
2017-09-26,TLT,-0.015182714,-0.009402271,0.0057804426,train,0.015289936
2017-09-27,EFA,0.0026474213,0.009286053,0.006638631,train,0.0034860151
2017-09-27,IWM,0.0026415235,-0.02552025,0.028161773,train,-0.00020545721
2017-09-27,SPY,0.0011989173,0.028365292,0.027166374,train,0.023135167
2017-09-27,TLT,-0.00296741,0.013800281,0.016767692,train,-0.009402271
2017-09-28,EFA,0.0058583207,0.02267588,0.016817559,train,0.009286053
2017-09-28,IWM,0.0023649943,0.0289991,0.026634105,train,-0.02552025
2017-09-28,SPY,0.0035090246,-0.02491074,0.028419765,train,0.028365292
2017-09-28,TLT,0.0022466271,-0.01376879,0.016015418,train,0.013800281
2017-09-29,EFA,-0.0008765668,0.00046686083,0.0013434277,train,0.02267588
2017-09-29,IWM,0.0122077055,0.0055030882,0.0067046173,train,0.0289991
2017-09-29,SPY,0.0043296083,0.016002573,0.011672964,train,-0.02491074
2017-09-29,TLT,-0.0018326854,0.014780951,0.016613636,train,-0.01376879
2017-10-02,EFA,0.0033558889,0.030059336,0.026703447,train,0.00046686083
2017-10-02,IWM,0.0021975024,0.055495866,0.05329836,train,0.0055030882
2017-10-02,SPY,0.0021373841,0.031139497,0.029002113,train,0.016002573
2017-10-02,TLT,0.00096465525,-0.036233008,0.037197664,train,0.014780951
2017-10-03,EFA,-0.0018954664,0.033221826,0.03511729,train,0.030059336
2017-10-03,IWM,-0.0031982844,0.025500566,0.02869885,train,0.055495866
2017-10-03,SPY,0.0011857392,0.028434405,0.027248666,train,0.031139497
2017-10-03,TLT,8.07337e-05,-0.018524995,0.01860573,train,-0.036233008
2017-10-04,EFA,-0.0005838557,0.022536647,0.023120502,train,0.033221826
2017-10-04,IWM,0.0027322674,-0.05312571,0.055857975,train,0.025500566
2017-10-04,SPY,0.005907561,0.026946826,0.021039264,train,0.028434405
2017-10-04,TLT,-0.0037849664,0.0053970455,0.009182012,train,-0.018524995
2017-10-05,EFA,-0.0007304429,0.020494703,0.021225147,train,0.022536647
2017-10-05,IWM,-0.0013983396,-0.042726256,0.041327916,train,-0.05312571
2017-10-05,SPY,-0.0011391954,0.016969806,0.018109001,train,0.026946826
2017-10-05,TLT,-0.0028284444,-0.0009075552,0.0019208891,train,0.0053970455
2017-10-06,EFA,0.00029218377,0.0064919097,0.006199726,train,0.020494703
2017-10-06,IWM,-0.0041403463,-0.04655519,0.042414844,train,-0.042726256
2017-10-06,SPY,-0.0016526193,0.014956564,0.016609183,train,0.016969806
2017-10-06,TLT,0.003150826,-0.009339408,0.012490234,train,-0.0009075552
2017-10-09,EFA,0.009451146,0.0051983576,0.0042527886,train,0.0064919097
2017-10-09,IWM,0.0028732363,-0.03998187,0.042855106,train,-0.04655519
2017-10-09,SPY,0.0026348557,0.020810463,0.018175608,train,0.014956564
2017-10-09,TLT,0.001612061,-0.03468577,0.036297828,train,-0.009339408
2017-10-10,EFA,0.002457104,-0.010497263,0.012954366,train,0.0051983576
2017-10-10,IWM,-0.0007346758,-0.017227095,0.016492419,train,-0.03998187
2017-10-10,SPY,0.0015697784,-0.00087188464,0.002441663,train,0.020810463
2017-10-10,TLT,0.0019306304,0.008603286,0.0066726557,train,-0.03468577
2017-10-11,EFA,-0.00086663663,0.01908628,0.019952917,train,-0.010497263
2017-10-11,IWM,-0.00073431013,-0.012698667,0.0119643565,train,-0.017227095
2017-10-11,SPY,-0.0014912959,0.00076222606,0.002253522,train,-0.00087188464
2017-10-11,TLT,0.0042508673,0.01248095,0.008230083,train,0.008603286
2017-10-12,EFA,0.005188166,0.024641315,0.01945315,train,0.01908628
2017-10-12,IWM,-0.0018059245,0.009669845,0.01147577,train,-0.012698667
2017-10-12,SPY,0.0012167846,0.0102623515,0.009045567,train,0.00076222606
2017-10-12,TLT,0.0071767895,0.0076549305,0.000478141,train,0.01248095
2017-10-13,EFA,-0.0007190652,0.015932292,0.016651357,train,0.024641315
2017-10-13,IWM,-0.0008705828,0.008617231,0.009487813,train,0.009669845
2017-10-13,SPY,0.0013325962,0.008935176,0.00760258,train,0.0102623515
2017-10-13,TLT,-0.0007150664,0.008893354,0.009608421,train,0.0076549305
2017-10-16,EFA,-0.002592301,-0.00018223096,0.00241007,train,0.015932292
2017-10-16,IWM,-0.0028857584,0.021899251,0.02478501,train,0.008617231
2017-10-16,SPY,0.0007048138,0.0038350008,0.003130187,train,0.008935176
2017-10-16,TLT,0.0012711823,-0.010859735,0.012130918,train,0.008893354
2017-10-17,EFA,0.0028802576,-0.0032493835,0.006129641,train,-0.00018223096
2017-10-17,IWM,0.0047599976,0.0040231072,0.00073689036,train,0.021899251
2017-10-17,SPY,0.000978349,-0.0022142935,0.0031926425,train,0.0038350008
2017-10-17,TLT,-0.0066131325,-0.0076536126,0.0010404801,train,-0.010859735
2017-10-18,EFA,-0.0015831256,0.0007671416,0.002350267,train,-0.0032493835
2017-10-18,IWM,-0.0015395106,-0.0117208995,0.010181389,train,0.0040231072
2017-10-18,SPY,0.00027348095,0.016244652,0.01597117,train,-0.0022142935
2017-10-18,TLT,0.0017573115,0.0065666465,0.004809335,train,-0.0076536126
2017-10-19,EFA,-0.001297132,-0.00084745325,0.00044967874,train,0.0007671416
2017-10-19,IWM,0.0046108747,0.0159632,0.011352326,train,-0.0117208995
2017-10-19,SPY,0.005147374,0.017492572,0.012345199,train,0.016244652
2017-10-19,TLT,-0.010670643,0.009432873,0.020103516,train,0.0065666465
2017-10-20,EFA,-0.0021655618,-0.013354169,0.011188608,train,-0.00084745325
2017-10-20,IWM,-0.00749578,-0.016499275,0.009003496,train,0.0159632
2017-10-20,SPY,-0.003897041,0.0071524717,0.011049513,train,0.017492572
2017-10-20,TLT,0.0017730311,0.0077288356,0.0059558046,train,0.009432873
2017-10-23,EFA,0.0015884709,-0.021825543,0.023414014,train,-0.013354169
2017-10-23,IWM,0.002080528,-0.0048566675,0.0069371955,train,-0.016499275
2017-10-23,SPY,0.0017554702,0.019952787,0.018197317,train,0.0071524717
2017-10-23,TLT,-0.0062189423,0.0070043895,0.013223331,train,0.0077288356
2017-10-24,EFA,-0.0039035652,0.012230989,0.016134555,train,-0.021825543
2017-10-24,IWM,-0.004838414,0.010007837,0.01484625,train,-0.0048566675
2017-10-24,SPY,-0.0049624466,-0.0029439796,0.002018467,train,0.019952787
2017-10-24,TLT,-0.004791662,0.009413708,0.01420537,train,0.0070043895
2017-10-25,EFA,-0.00014499603,0.012155132,0.012300128,train,0.012230989
2017-10-25,IWM,0.0020862678,0.0065986123,0.0045123445,train,0.010007837
2017-10-25,SPY,0.0012918022,0.022067709,0.020775907,train,-0.0029439796
2017-10-25,TLT,-0.003343069,0.02365647,0.02699954,train,0.009413708
2017-10-26,EFA,0.0023155005,0.01578637,0.0134708695,train,0.012155132
2017-10-26,IWM,0.006900148,-0.0025839633,0.009484111,train,0.0065986123
2017-10-26,SPY,0.008142956,-0.007471226,0.015614182,train,0.022067709
2017-10-26,TLT,0.006594367,-0.0170695,0.023663867,train,0.02365647
2017-10-27,EFA,0.0023101515,0.013276332,0.010966181,train,0.01578637
2017-10-27,IWM,-0.01060436,-0.0035369154,0.0070674447,train,-0.0025839633
2017-10-27,SPY,-0.0037319988,-0.012063673,0.008331674,train,-0.007471226
2017-10-27,TLT,0.009528967,0.005669548,0.0038594184,train,-0.0170695
2017-10-30,EFA,0.004173591,0.022710122,0.01853653,train,0.013276332
2017-10-30,IWM,0.0070597306,-0.0010688491,0.00812858,train,-0.0035369154
2017-10-30,SPY,0.0015566981,0.0042484216,0.0026917234,train,-0.012063673
2017-10-30,TLT,0.00032160347,-0.012833236,0.013154839,train,0.005669548
2017-10-31,EFA,0.001004802,0.009671817,0.008667015,train,0.022710122
2017-10-31,IWM,-0.0066547985,-0.0019272664,0.004727532,train,-0.0010688491
2017-10-31,SPY,0.0013211356,-0.012717025,0.01403816,train,0.0042484216
2017-10-31,TLT,0.0044425395,-0.0074595753,0.011902114,train,-0.012833236
2017-11-01,EFA,0.0030085028,0.025887568,0.022879064,train,0.009671817
2017-11-01,IWM,0.0029634736,0.0077805836,0.00481711,train,-0.0019272664
2017-11-01,SPY,0.0003883167,-0.0031578438,0.0035461606,train,-0.012717025
2017-11-01,TLT,0.0043992247,-0.0015686043,0.005967829,train,-0.0074595753
2017-11-02,EFA,-0.0015745994,0.028931541,0.030506141,train,0.025887568
2017-11-02,IWM,-0.00067263714,0.003558431,0.0042310683,train,0.0077805836
2017-11-02,SPY,0.0033333136,0.0018347194,0.0014985942,train,-0.0031578438
2017-11-02,TLT,0.0027099883,0.0010965448,0.0016134435,train,-0.0015686043
2017-11-03,EFA,0.0014312179,0.043079883,0.041648664,train,0.028931541
2017-11-03,IWM,0.0011431685,-0.0007447428,0.0018879113,train,0.003558431
2017-11-03,SPY,0.0015463993,0.0030690692,0.0015226699,train,0.0018347194
2017-11-03,TLT,0.003733684,0.012881518,0.009147834,train,0.0010965448
2017-11-06,EFA,-0.003726409,0.043597296,0.047323704,train,0.043079883
2017-11-06,IWM,-0.012036274,0.00633104,0.018367315,train,-0.0007447428
2017-11-06,SPY,-0.0006956745,0.014588384,0.015284059,train,0.0030690692
2017-11-06,TLT,0.004193691,0.007534558,0.0033408669,train,0.012881518
2017-11-07,EFA,0.0032972656,0.012461552,0.009164287,train,0.043597296
2017-11-07,IWM,0.0013595416,-0.0040933583,0.0054528997,train,0.00633104
2017-11-07,SPY,0.0016994828,0.008571539,0.006872056,train,0.014588384
2017-11-07,TLT,-0.0022132343,-0.010997118,0.008783884,train,0.007534558
2017-11-08,EFA,-0.0057413694,0.012354775,0.018096145,train,0.012461552
2017-11-08,IWM,-0.0035387292,-0.00067355623,0.002865173,train,-0.0040933583
2017-11-08,SPY,-0.0036343879,0.011041306,0.014675694,train,0.008571539
2017-11-08,TLT,-0.0028529128,-0.018638032,0.015785119,train,-0.010997118
2017-11-09,EFA,-0.0027386209,0.0140815005,0.016820122,train,0.012354775
2017-11-09,IWM,-0.0007506093,-0.0047654063,0.004014797,train,-0.00067355623
2017-11-09,SPY,-0.00030980865,0.014375677,0.0146854855,train,0.011041306
2017-11-09,TLT,-0.015194375,0.014730021,0.029924396,train,-0.018638032
2017-11-10,EFA,-0.0041947197,0.022391664,0.026586384,train,0.0140815005
2017-11-10,IWM,0.00027322414,-0.04431715,0.044590373,train,-0.0047654063
2017-11-10,SPY,0.0009293399,0.015027138,0.014097799,train,0.014375677
2017-11-10,TLT,0.0020928646,0.025302842,0.023209978,train,0.014730021
2017-11-13,EFA,-0.0007247563,0.08295753,0.083682284,train,0.022391664
2017-11-13,IWM,-0.0027321302,-0.019340033,0.016607903,train,-0.04431715
2017-11-13,SPY,-0.0023251397,0.016379341,0.018704481,train,0.015027138
2017-11-13,TLT,0.0067319423,0.04342916,0.036697216,train,0.025302842
2017-11-14,EFA,-0.0047986293,0.025645627,0.030444257,train,0.08295753
2017-11-14,IWM,-0.0039747204,-0.009291242,0.0053165215,train,-0.019340033
2017-11-14,SPY,-0.0050178566,0.030184135,0.035201993,train,0.016379341
2017-11-14,TLT,0.010804057,-0.0033113752,0.014115432,train,0.04342916
2017-11-15,EFA,0.007984402,0.043970235,0.035985835,train,0.025645627
2017-11-15,IWM,0.014587732,-0.00025484245,0.0148425745,train,-0.009291242
2017-11-15,SPY,0.008465075,0.03364484,0.025179766,train,0.030184135
2017-11-15,TLT,-0.008729408,-0.0012010895,0.007528318,train,-0.0033113752
2017-11-16,EFA,-0.0036212495,-0.014966432,0.011345183,train,0.043970235
2017-11-16,IWM,0.0045909737,0.0794486,0.07485763,train,-0.00025484245
2017-11-16,SPY,-0.002943007,-0.024987036,0.02204403,train,0.03364484
2017-11-16,TLT,0.007385067,-0.0047054924,0.01209056,train,-0.0012010895
2017-11-17,EFA,0.0021742804,-0.0012629172,0.0034371975,train,-0.014966432
2017-11-17,IWM,0.007249493,-0.018460045,0.025709538,train,0.0794486
2017-11-17,SPY,0.0017050186,0.017830238,0.016125219,train,-0.024987036
2017-11-17,TLT,-0.00039527233,-0.03438808,0.03399281,train,-0.0047054924
2017-11-20,EFA,0.0075015784,-0.043623365,0.051124945,train,-0.0012629172
2017-11-20,IWM,0.01037825,-0.03309063,0.043468878,train,-0.018460045
2017-11-20,SPY,0.0065212925,-0.021008227,0.027529519,train,0.017830238
2017-11-20,TLT,0.0031606993,-0.000758152,0.0039188513,train,-0.03438808
2017-11-21,EFA,0.002726618,-0.016890768,0.019617386,train,-0.043623365
2017-11-21,IWM,-0.0013246275,0.028302416,0.029627044,train,-0.03309063
2017-11-21,SPY,-0.00088473567,0.0009793155,0.0018640512,train,-0.021008227
2017-11-21,TLT,0.0032294162,0.0061232084,0.0028937922,train,-0.000758152
2017-11-22,EFA,0.008136646,-0.0035933452,0.011729991,train,-0.016890768
2017-11-22,IWM,0.00039762864,-0.0017976989,0.0021953275,train,0.028302416
2017-11-22,SPY,0.0023067894,0.0024161562,0.00010936684,train,0.0009793155
2017-11-22,TLT,-0.0027560426,0.008673848,0.01142989,train,0.0061232084
2017-11-24,EFA,-0.0059887855,-0.010294689,0.0043059033,train,-0.0035933452
2017-11-24,IWM,-0.0030515965,-0.021832477,0.018780882,train,-0.0017976989
2017-11-24,SPY,-0.000499235,0.011692126,0.012191361,train,0.0024161562
2017-11-24,TLT,-0.001420109,0.009748306,0.011168415,train,0.008673848
2017-11-27,EFA,0.0057045235,0.016004074,0.01029955,train,-0.010294689
2017-11-27,IWM,0.015625337,-0.0097891055,0.025414443,train,-0.021832477
2017-11-27,SPY,0.010093542,0.023032611,0.012939069,train,0.011692126
2017-11-27,TLT,0.0013413682,0.004001816,0.0026604477,train,0.009748306
2017-11-28,EFA,-0.003989368,0.0047890684,0.008778436,train,0.016004074
2017-11-28,IWM,0.0033307308,0.01033158,0.0070008496,train,-0.0097891055
2017-11-28,SPY,-0.000608762,0.021724736,0.022333499,train,0.023032611
2017-11-28,TLT,-0.009908163,0.028594086,0.03850225,train,0.004001816
2017-11-29,EFA,0.0009985024,0.014409123,0.01341062,train,0.0047890684
2017-11-29,IWM,0.0018241464,-0.0036416035,0.0054657497,train,0.01033158
2017-11-29,SPY,0.008717019,0.016117806,0.0074007865,train,0.021724736
2017-11-29,TLT,-0.0033505375,0.0032633096,0.006613847,train,0.028594086
2017-11-30,EFA,-0.0040017636,0.004569724,0.008571488,train,0.014409123
2017-11-30,IWM,-0.0041086865,0.014110515,0.0182192,train,-0.0036416035
2017-11-30,SPY,-0.0020774666,0.024722558,0.026800023,train,0.016117806
2017-11-30,TLT,0.013403877,0.0029396971,0.010464179,train,0.0032633096
2017-12-01,EFA,-0.003586372,0.011553317,0.01513969,train,0.004569724
2017-12-01,IWM,-0.0037318107,0.026344324,0.030076135,train,0.014110515
2017-12-01,SPY,-0.0012109624,0.033387393,0.034598354,train,0.024722558
2017-12-01,TLT,0.00047471173,-0.0055006584,0.0059753703,train,0.0029396971
2017-12-04,EFA,-0.0021581547,0.012494399,0.014652554,train,0.011553317
2017-12-04,IWM,-0.010020458,-0.0007538516,0.0092666065,train,0.026344324
2017-12-04,SPY,-0.0036030847,0.0110968,0.014699885,train,0.033387393
2017-12-04,TLT,0.004962835,0.002485577,0.002477258,train,-0.0055006584
2017-12-05,EFA,-0.0020185122,0.040600106,0.042618617,train,0.012494399
2017-12-05,IWM,-0.004715762,-0.018043902,0.01332814,train,-0.0007538516
2017-12-05,SPY,0.00019020325,0.0047414424,0.0045512393,train,0.0110968
2017-12-05,TLT,0.0034520132,0.009888595,0.0064365817,train,0.002485577
2017-12-06,EFA,0.0025943816,0.0074514486,0.004857067,train,0.040600106
2017-12-06,IWM,0.0069655976,-0.009073123,0.016038721,train,-0.018043902
2017-12-06,SPY,0.003148047,0.0060474104,0.0028993634,train,0.0047414424
2017-12-06,TLT,-0.007862617,0.0011975509,0.009060169,train,0.009888595
2017-12-07,EFA,0.0053119715,0.0060251504,0.0007131789,train,0.0074514486
2017-12-07,IWM,0.0009253746,-0.0030454658,0.0039708405,train,-0.009073123
2017-12-07,SPY,0.005438209,0.0002306886,0.0052075204,train,0.0060474104
2017-12-07,TLT,7.8496894e-05,0.021391962,0.021313464,train,0.0011975509
2017-12-08,EFA,0.002573766,0.009834054,0.007260288,train,0.0060251504
2017-12-08,IWM,-0.00039630837,0.0064112996,0.006807608,train,-0.0030454658
2017-12-08,SPY,0.0030084897,-0.0017264504,0.00473494,train,0.0002306886
2017-12-08,TLT,-0.0020542478,0.035546854,0.037601102,train,0.021391962
2017-12-11,EFA,0.0012846834,0.014159556,0.012874872,train,0.009834054
2017-12-11,IWM,-0.0031104416,0.002204665,0.0053151064,train,0.0064112996
2017-12-11,SPY,0.0017633316,-0.0037884358,0.0055517675,train,-0.0017264504
2017-12-11,TLT,-0.00039510208,0.013589521,0.013984623,train,0.035546854
2017-12-12,EFA,0.003843619,0.020559039,0.01671542,train,0.014159556
2017-12-12,IWM,0.0059471685,0.023098638,0.01715147,train,0.002204665
2017-12-12,SPY,-0.00011236875,0.0025102675,0.0026226363,train,-0.0037884358
2017-12-12,TLT,0.0074886754,0.014979086,0.0074904105,train,0.013589521
2017-12-13,EFA,-0.00555671,0.0055428525,0.011099562,train,0.020559039
2017-12-13,IWM,-0.011130335,0.00532082,0.016451154,train,0.023098638
2017-12-13,SPY,-0.0040947855,0.0036315552,0.0077263406,train,0.0025102675
2017-12-13,TLT,0.0042321607,0.020773012,0.016540851,train,0.014979086
2017-12-14,EFA,-0.00028582412,0.008908335,0.009194159,train,0.0055428525
2017-12-14,IWM,0.014156815,0.017096285,0.00293947,train,0.00532082
2017-12-14,SPY,0.008292892,0.011633914,0.003341022,train,0.0036315552
2017-12-14,TLT,0.0037465687,0.016486969,0.0127404,train,0.020773012
2017-12-15,EFA,0.011792572,0.009460654,0.002331918,train,0.008908335
2017-12-15,IWM,0.013440295,0.013004552,0.00043574348,train,0.017096285
2017-12-15,SPY,0.0063213506,-0.0024098186,0.00873117,train,0.011633914
2017-12-15,TLT,-0.0091571,-0.015077837,0.005920737,train,0.016486969
2017-12-18,EFA,-0.003674983,-0.025378494,0.021703511,train,0.009460654
2017-12-18,IWM,-0.007938151,-0.014807833,0.006869682,train,0.013004552
2017-12-18,SPY,-0.0038480512,-0.0020931833,0.0017548678,train,-0.0024098186
2017-12-18,TLT,-0.0130589185,0.0030850032,0.016143922,train,-0.015077837
2017-12-19,EFA,-0.0017209733,0.0010393029,0.0027602762,train,-0.025378494
2017-12-19,IWM,0.0019580612,-0.0038569532,0.0058150142,train,-0.014807833
2017-12-19,SPY,-0.00052404404,-0.0030588424,0.0025347983,train,-0.0020931833
2017-12-19,TLT,-0.011134682,0.019634366,0.030769048,train,0.0030850032
2017-12-20,EFA,0.0035814515,0.03135314,0.027771687,train,0.0010393029
2017-12-20,IWM,0.004368437,0.013520064,0.009151626,train,-0.0038569532
2017-12-20,SPY,0.0020575726,-0.01953024,0.021587813,train,-0.0030588424
2017-12-20,TLT,0.0058114026,0.021011563,0.01520016,train,0.019634366
2017-12-21,EFA,0.0025706869,0.00952078,0.0069500934,train,0.03135314
2017-12-21,IWM,-0.0018263289,-0.008469595,0.0066432655,train,0.013520064
2017-12-21,SPY,-0.0002613923,-0.023698919,0.023437526,train,-0.01953024
2017-12-21,TLT,0.0013633716,0.006594618,0.0052312464,train,0.021011563
2017-12-22,EFA,-0.00028525182,0.016012792,0.016298043,train,0.00952078
2017-12-22,IWM,0.0005874178,0.04508064,0.04449322,train,-0.008469595
2017-12-22,SPY,-0.0011972676,-0.008145163,0.0069478955,train,-0.023698919
2017-12-22,TLT,0.002960942,-0.021481166,0.024442108,train,0.006594618
2017-12-26,EFA,0.0018531339,-0.0022104392,0.004063573,train,0.016012792
2017-12-26,IWM,-0.0009791846,-0.010813788,0.0098346025,train,0.04508064
2017-12-26,SPY,0.00048667198,0.0044501377,0.003963466,train,-0.008145163
2017-12-26,TLT,0.012941505,0.012604132,0.00033737253,train,-0.021481166
2017-12-27,EFA,0.00056929735,0.00031115022,0.00025814713,train,-0.0022104392
2017-12-27,IWM,0.0039109993,0.049652793,0.045741793,train,-0.010813788
2017-12-27,SPY,0.0020553425,-0.010887483,0.012942825,train,0.0044501377
2017-12-27,TLT,-0.00086824916,-0.044034213,0.043165963,train,0.012604132
2017-12-28,EFA,0.00071149453,0.016919972,0.016208477,train,0.00031115022
2017-12-28,IWM,-0.00829569,0.03457637,0.04287206,train,0.049652793
2017-12-28,SPY,-0.0037779042,-0.009388836,0.0056109317,train,-0.010887483
2017-12-28,TLT,0.0015774218,0.011905435,0.0103280125,train,-0.044034213
2017-12-29,EFA,0.0073684948,0.006628828,0.00073966663,train,0.016919972
2017-12-29,IWM,0.0094009135,-0.009885244,0.019286158,train,0.03457637
2017-12-29,SPY,0.007131849,0.00011795107,0.007013898,train,-0.009388836
2017-12-29,TLT,-0.0108575355,0.0015749447,0.01243248,train,0.011905435
2018-01-02,EFA,0.0047887787,-0.0012822356,0.0060710143,train,0.006628828
2018-01-02,IWM,0.0010388192,0.058382325,0.057343505,train,-0.009885244
2018-01-02,SPY,0.006305247,-0.008679002,0.014984248,train,0.00011795107
2018-01-02,TLT,0.0047697546,0.015059301,0.010289546,train,0.0015749447
2018-01-03,EFA,0.010900129,0.019005876,0.008105747,train,-0.0012822356
2018-01-03,IWM,0.0026580628,0.018816665,0.016158601,train,0.058382325
2018-01-03,SPY,0.0042064292,-0.0046390407,0.00884547,train,-0.008679002
2018-01-03,TLT,-0.00015840275,-0.0020192917,0.001860889,train,0.015059301
2018-01-04,EFA,0.0055439635,-0.0033125076,0.008856472,train,0.019005876
2018-01-04,IWM,0.0020692328,0.03090182,0.028832586,train,0.018816665
2018-01-04,SPY,0.0066416343,-0.009982489,0.016624123,train,-0.0046390407
2018-01-04,TLT,-0.0028599722,0.009362039,0.012222012,train,-0.0020192917
2018-01-05,EFA,-0.00027648621,0.007601278,0.007877764,train,-0.0033125076
2018-01-05,IWM,0.0015494734,0.011335769,0.009786296,train,0.03090182
2018-01-05,SPY,0.0018268264,-0.008658171,0.010484997,train,-0.009982489
2018-01-05,TLT,-0.00063667016,0.003389188,0.0040258584,train,0.009362039
2018-01-08,EFA,0.0011055536,0.00058513787,0.0005204157,train,0.007601278
2018-01-08,IWM,-0.00135529,0.03381581,0.0351711,train,0.011335769
2018-01-08,SPY,0.0022610754,0.0016764877,0.0005845877,train,-0.008658171
2018-01-08,TLT,-0.013462561,-0.02358592,0.010123358,train,0.003389188
2018-01-09,EFA,-0.001935404,0.005906035,0.007841439,train,0.00058513787
2018-01-09,IWM,0.00012885334,0.00994308,0.009814227,train,0.03381581
2018-01-09,SPY,-0.0015308242,-0.01835624,0.016825415,train,0.0016764877
2018-01-09,TLT,-0.0012111416,0.0144444425,0.015655585,train,-0.02358592
2018-01-10,EFA,0.0068944907,-0.015281709,0.022176199,train,0.005906035
2018-01-10,IWM,0.017033227,0.003612658,0.013420569,train,0.00994308
2018-01-10,SPY,0.0072691995,-0.03215745,0.03942665,train,-0.01835624
2018-01-10,TLT,0.004111355,0.0138352215,0.009723866,train,0.0144444425
2018-01-11,EFA,0.009981732,-0.0032138415,0.013195573,train,-0.015281709
2018-01-11,IWM,0.0041818223,0.020783601,0.016601779,train,0.003612658
2018-01-11,SPY,0.0064980513,-0.01599575,0.022493802,train,-0.03215745
2018-01-11,TLT,0.0016883002,0.015351555,0.013663255,train,0.0138352215
2018-01-12,EFA,-0.00095275074,-0.009278299,0.008325549,train,-0.0032138415
2018-01-12,IWM,-0.012854243,0.0522194,0.06507364,train,0.020783601
2018-01-12,SPY,-0.0034239753,-0.037943743,0.03451977,train,-0.01599575
2018-01-12,TLT,0.0041669933,0.01257037,0.008403377,train,0.015351555
2018-01-16,EFA,0.0051615178,-0.011915764,0.017077282,train,-0.009278299
2018-01-16,IWM,0.009433966,-0.013952032,0.023385998,train,0.0522194
2018-01-16,SPY,0.009486216,-0.049351305,0.05883752,train,-0.037943743
2018-01-16,TLT,-0.0013607326,-0.004928898,0.0035681655,train,0.01257037
2018-01-17,EFA,-0.001220087,-0.010424035,0.009203948,train,-0.011915764
2018-01-17,IWM,-0.006875526,0.016084114,0.02295964,train,-0.013952032
2018-01-17,SPY,-0.0016822752,-0.025561072,0.023878796,train,-0.049351305
2018-01-17,TLT,-0.009333012,0.024959298,0.03429231,train,-0.004928898
2018-01-18,EFA,0.005546391,-0.0084921615,0.0140385525,train,-0.010424035
2018-01-18,IWM,0.0130736455,0.011513876,0.0015597697,train,0.016084114
2018-01-18,SPY,0.004539191,-0.04449898,0.04903817,train,-0.025561072
2018-01-18,TLT,-0.0052681244,0.012272651,0.017540775,train,0.024959298
2018-01-19,EFA,0.0051130326,0.009775852,0.004662819,train,-0.0084921615
2018-01-19,IWM,0.0053452984,-0.00583121,0.011176508,train,0.011513876
2018-01-19,SPY,0.008098356,-0.025096178,0.033194534,train,-0.04449898
2018-01-19,TLT,0.0009745123,0.009110582,0.008136069,train,0.012272651
2018-01-22,EFA,0.00321577,0.007014257,0.003798487,train,0.009775852
2018-01-22,IWM,0.0031933915,-0.0047742743,0.007967666,train,-0.00583121
2018-01-22,SPY,0.0021202748,-0.033164896,0.03528517,train,-0.025096178
2018-01-22,TLT,0.0042936117,-0.016325694,0.020619305,train,0.009110582
2018-01-23,EFA,0.0017377078,-0.0002477998,0.0019855076,train,0.007014257
2018-01-23,IWM,-0.006208006,0.009652717,0.015860723,train,-0.0047742743
2018-01-23,SPY,-0.00038889455,-0.056519404,0.05613051,train,-0.033164896
2018-01-23,TLT,-0.0054305056,0.019550435,0.02498094,train,-0.016325694
2018-01-24,EFA,-0.0038805136,-0.018124286,0.014243772,train,-0.0002477998
2018-01-24,IWM,0.0003769527,-0.029293066,0.029670019,train,0.009652717
2018-01-24,SPY,0.0004240469,-0.045539133,0.04596318,train,-0.056519404
2018-01-24,TLT,0.008175047,-0.048157535,0.05633258,train,0.019550435
2018-01-25,EFA,0.008809446,-0.0195857,0.028395146,train,-0.018124286
2018-01-25,IWM,0.0035778414,0.005273652,0.0016958104,train,-0.029293066
2018-01-25,SPY,0.011511355,-0.07407875,0.08559011,train,-0.045539133
2018-01-25,TLT,-0.003715109,0.03498944,0.038704548,train,-0.048157535
2018-01-26,EFA,-0.00921142,0.0075899884,0.01680141,train,-0.0195857
2018-01-26,IWM,-0.0056552347,-0.026350034,0.0206948,train,0.005273652
2018-01-26,SPY,-0.006651977,-0.06306198,0.056410007,train,-0.07407875
2018-01-26,TLT,-0.0069831144,0.003601065,0.010584179,train,0.03498944
2018-01-29,EFA,-0.00835064,-0.07247597,0.06412533,train,0.0075899884
2018-01-29,IWM,-0.009623716,-0.017348925,0.007725209,train,-0.026350034
2018-01-29,SPY,-0.010310279,-0.055102527,0.04479225,train,-0.06306198
2018-01-29,TLT,-0.005883319,0.017513972,0.023397291,train,0.003601065
2018-01-30,EFA,-0.0013531031,0.019343441,0.020696545,train,-0.07247597
2018-01-30,IWM,-0.0052305427,-0.008382246,0.0031517032,train,-0.017348925
2018-01-30,SPY,0.0004965933,-0.015732069,0.016228661,train,-0.055102527
2018-01-30,TLT,0.005883319,0.015549608,0.009666288,train,0.017513972
2018-01-31,EFA,0.0028399627,0.0031030523,0.00026308955,train,0.019343441
2018-01-31,IWM,0.003128888,0.004732988,0.0016040998,train,-0.008382246
2018-01-31,SPY,-0.0011354417,-0.03663832,0.035502877,train,-0.015732069
2018-01-31,TLT,-0.014598468,0.0120848715,0.02668334,train,0.015549608
2018-02-01,EFA,-0.020464601,0.0030283725,0.023492973,train,0.0031030523
2018-02-01,IWM,-0.01944183,-0.02113219,0.0016903598,train,0.004732988
2018-02-01,SPY,-0.022010619,-0.02994903,0.007938411,train,-0.03663832
2018-02-01,TLT,-0.009322434,0.01716104,0.026483472,train,0.0120848715
2018-02-02,EFA,-0.04280526,-0.011435127,0.031370133,train,0.0030283725
2018-02-02,IWM,-0.039176505,-0.009518702,0.029657803,train,-0.02113219
2018-02-02,SPY,-0.04272216,0.004519604,0.047241766,train,-0.02994903
2018-02-02,TLT,0.009405585,0.023848139,0.014442554,train,0.01716104
2018-02-05,EFA,0.01951742,-0.02679743,0.04631485,train,-0.011435127
2018-02-05,IWM,0.0118948715,-0.024297958,0.03619283,train,-0.009518702
2018-02-05,SPY,0.019510783,-0.05486176,0.074372545,train,0.004519604
2018-02-05,TLT,-0.006232847,0.007194222,0.013427069,train,0.023848139
2018-02-06,EFA,-0.0106377015,0.042703956,0.053341657,train,-0.02679743
2018-02-06,IWM,0.0010014502,0.024628658,0.023627207,train,-0.024297958
2018-02-06,SPY,-0.005439815,-0.034349382,0.028909568,train,-0.05486176
2018-02-06,TLT,-0.009548493,-0.0046404973,0.0049079955,train,0.007194222
2018-02-07,EFA,-0.026440691,0.024383886,0.050824575,train,0.042703956
2018-02-07,IWM,-0.029804548,0.022458851,0.0522634,train,0.024628658
2018-02-07,SPY,-0.038230203,0.008558424,0.046788625,train,-0.034349382
2018-02-07,TLT,-0.0010947628,0.02441356,0.025508322,train,-0.0046404973
2018-02-08,EFA,0.0042368444,0.02289732,0.018660475,train,0.024383886
2018-02-08,IWM,0.009102927,-0.007223511,0.016326439,train,0.022458851
2018-02-08,SPY,0.014909496,-0.04166808,0.056577574,train,0.008558424
2018-02-08,TLT,-0.006338857,0.0070760567,0.013414914,train,0.02441356
2018-02-09,EFA,0.015192361,0.024476025,0.009283665,train,0.02289732
2018-02-09,IWM,0.00942645,0.078189515,0.06876306,train,-0.007223511
2018-02-09,SPY,0.014578007,0.007369444,0.0072085634,train,-0.04166808
2018-02-09,TLT,0.0043992144,-0.00013019191,0.0045294063,train,0.0070760567
2018-02-12,EFA,-0.0030199375,-0.027905995,0.024886057,train,0.024476025
2018-02-12,IWM,0.0021573782,0.08533799,0.083180614,train,0.078189515
2018-02-12,SPY,0.0024841265,0.10892568,0.10644155,train,0.007369444
2018-02-12,TLT,0.004463977,0.001138865,0.0033251122,train,-0.00013019191
2018-02-13,EFA,0.01756051,0.0031658076,0.014394702,train,-0.027905995
2018-02-13,IWM,0.017822275,0.09840412,0.080581844,train,0.08533799
2018-02-13,SPY,0.013405792,0.062062882,0.04865709,train,0.10892568
2018-02-13,TLT,-0.011155329,0.00984498,0.021000309,train,0.001138865
2018-02-14,EFA,0.0062075984,0.06928034,0.06307274,train,0.0031658076
2018-02-14,IWM,0.010857532,0.12507054,0.11421301,train,0.09840412
2018-02-14,SPY,0.012679467,0.118883826,0.10620436,train,0.062062882
2018-02-14,TLT,0.0033936957,0.010249541,0.0068558455,train,0.00984498
2018-02-15,EFA,0.004490697,-0.03699539,0.041486084,train,0.06928034
2018-02-15,IWM,0.0035275365,-0.042660527,0.046188064,train,0.12507054
2018-02-15,SPY,0.00029295214,-0.08721209,0.08750504,train,0.118883826
2018-02-15,TLT,0.0054059257,0.0066246022,0.0012186766,train,0.010249541
2018-02-16,EFA,-0.009425473,-0.0579853,0.048559826,train,-0.03699539
2018-02-16,IWM,-0.008250951,-0.015273554,0.0070226034,train,-0.042660527
2018-02-16,SPY,-0.0062809275,0.033339135,0.039620064,train,-0.08721209
2018-02-16,TLT,-0.0043902528,0.0069950917,0.011385344,train,0.0066246022
2018-02-20,EFA,-0.004817138,0.044655904,0.049473044,train,-0.0579853
2018-02-20,IWM,0.0010517992,0.020267285,0.019215487,train,-0.015273554
2018-02-20,SPY,-0.0049866783,0.18439688,0.18938355,train,0.033339135
2018-02-20,TLT,-0.012344138,0.0024141152,0.0147582535,train,0.0069950917
2018-02-21,EFA,0.0052413726,0.06255596,0.05731459,train,0.044655904
2018-02-21,IWM,-0.0015780028,-0.0067224475,0.0051444448,train,0.020267285
2018-02-21,SPY,0.0012952157,0.024201574,0.022906357,train,0.18439688
2018-02-21,TLT,0.0029936568,0.020464918,0.017471261,train,0.0024141152
2018-02-22,EFA,0.007880488,0.05771157,0.049831085,train,0.06255596
2018-02-22,IWM,0.012942408,0.028239917,0.015297509,train,-0.0067224475
2018-02-22,SPY,0.015813798,-0.016677666,0.032491464,train,0.024201574
2018-02-22,TLT,0.00884245,0.008122133,0.00072031654,train,0.020464918
2018-02-23,EFA,0.009347885,0.027427228,0.018079344,train,0.05771157
2018-02-23,IWM,0.006537928,0.0041070934,0.0024308343,train,0.028239917
2018-02-23,SPY,0.011545413,-0.03017353,0.041718945,train,-0.016677666
2018-02-23,TLT,0.00033898614,0.006762751,0.006423765,train,0.008122133
2018-02-26,EFA,-0.014970559,0.10511993,0.120090485,train,0.027427228
2018-02-26,IWM,-0.014492766,-0.031859383,0.017366618,train,0.0041070934
2018-02-26,SPY,-0.012565113,-0.07669357,0.06412846,train,-0.03017353
2018-02-26,TLT,-0.0014398231,0.010264243,0.011704066,train,0.006762751
2018-02-27,EFA,-0.009489344,0.0047231372,0.014212482,train,0.10511993
2018-02-27,IWM,-0.015902339,-0.013077209,0.0028251298,train,-0.031859383
2018-02-27,SPY,-0.010181783,-0.026790993,0.01660921,train,-0.07669357
2018-02-27,TLT,0.0063356454,0.012337089,0.006001443,train,0.010264243
2018-02-28,EFA,-0.016935121,-0.021071978,0.0041368566,train,0.0047231372
2018-02-28,IWM,-0.0026638005,-0.023138246,0.020474445,train,-0.013077209
2018-02-28,SPY,-0.014647438,-0.027729196,0.013081758,train,-0.026790993
2018-02-28,TLT,0.006803648,0.008140169,0.001336521,train,0.012337089
2018-03-01,EFA,0.0047651087,-0.018296974,0.023062082,train,-0.021071978
2018-03-01,IWM,0.015878834,0.014831308,0.0010475256,train,-0.023138246
2018-03-01,SPY,0.0051415698,-0.04867536,0.05381693,train,-0.027729196
2018-03-01,TLT,-0.0081627695,0.0013485248,0.009511294,train,0.008140169
2018-03-02,EFA,0.0053157816,-0.025731876,0.031047657,train,-0.018296974
2018-03-02,IWM,0.008887096,-0.04015404,0.049041137,train,0.014831308
2018-03-02,SPY,0.011491707,-0.0076711085,0.019162815,train,-0.04867536
2018-03-02,TLT,-0.002707455,-0.011864828,0.009157373,train,0.0013485248
2018-03-05,EFA,0.0058573885,0.021244923,0.015387534,train,-0.025731876
2018-03-05,IWM,0.010741866,-0.0022651143,0.0130069805,train,-0.04015404
2018-03-05,SPY,0.0025318083,-0.028512811,0.03104462,train,-0.0076711085
2018-03-05,TLT,0.00093121163,-0.0062230276,0.0071542393,train,-0.011864828
2018-03-06,EFA,-0.00028488607,-0.0038210442,0.0035361582,train,0.021244923
2018-03-06,IWM,0.008778747,-0.05026044,0.059039187,train,-0.0022651143
2018-03-06,SPY,-0.00036671828,-0.00952964,0.009162921,train,-0.028512811
2018-03-06,TLT,-0.0011009544,0.009046156,0.010147111,train,-0.0062230276
2018-03-07,EFA,0.0021349809,0.0064951936,0.004360213,train,-0.0038210442
2018-03-07,IWM,-0.002043463,-0.031428836,0.029385373,train,-0.05026044
2018-03-07,SPY,0.0048278426,-0.028489089,0.033316933,train,-0.00952964
2018-03-07,TLT,0.0057456587,-0.00019197352,0.005937632,train,0.009046156
2018-03-08,EFA,0.0063782786,-0.020610696,0.026988974,train,0.0064951936
2018-03-08,IWM,0.015855849,-0.050794743,0.06665059,train,-0.031428836
2018-03-08,SPY,0.017252458,-0.041700594,0.058953054,train,-0.028489089
2018-03-08,TLT,-0.006593104,0.01565655,0.022249654,train,-0.00019197352
2018-03-09,EFA,0.0011292015,-0.007169755,0.008298957,train,-0.020610696
2018-03-09,IWM,0.0017605367,0.016442994,0.014682457,train,-0.050794743
2018-03-09,SPY,-0.0012554793,0.123633854,0.12488934,train,-0.041700594
2018-03-09,TLT,0.0057505155,-0.0086505655,0.014401081,train,0.01565655
2018-03-12,EFA,-0.0066546793,-0.021465385,0.014810706,train,-0.007169755
2018-03-12,IWM,-0.0046592047,0.03984879,0.044507995,train,0.016442994
2018-03-12,SPY,-0.0064840694,0.012489404,0.018973473,train,0.123633854
2018-03-12,TLT,0.0050465968,0.0043288833,0.0007177135,train,-0.0086505655
2018-03-13,EFA,0.0024121196,0.0063638836,0.0039517637,train,-0.021465385
2018-03-13,IWM,-0.0047443695,-0.039819203,0.035074834,train,0.03984879
2018-03-13,SPY,-0.005144821,0.0008708616,0.0060156826,train,0.012489404
2018-03-13,TLT,0.008770782,0.010717751,0.0019469699,train,0.0043288833
2018-03-14,EFA,-0.00056687626,-0.014194449,0.013627573,train,0.0063638836
2018-03-14,IWM,-0.0050218734,-0.03011162,0.025089746,train,-0.039819203
2018-03-14,SPY,-0.0010901245,-0.007874049,0.006783925,train,0.0008708616
2018-03-14,TLT,0.0,0.005599261,0.005599261,train,0.010717751
2018-03-15,EFA,-0.0007092371,-0.009256272,0.008547034,train,-0.014194449
2018-03-15,IWM,0.005592674,-0.024984105,0.030576779,train,-0.03011162
2018-03-15,SPY,0.001083656,-0.0054102344,0.0064938907,train,-0.007874049
2018-03-15,TLT,-0.0035825432,-0.021646168,0.018063625,train,0.005599261
2018-03-16,EFA,-0.008121711,0.027836123,0.035957836,train,-0.009256272
2018-03-16,IWM,-0.009679299,-0.05335693,0.04367763,train,-0.024984105
2018-03-16,SPY,-0.013622821,-0.016931737,0.0033089155,train,-0.0054102344
2018-03-16,TLT,-0.003176709,-0.02410083,0.020924121,train,-0.021646168
2018-03-19,EFA,-0.00014287044,-0.003202729,0.0030598585,train,0.027836123
2018-03-19,IWM,-0.00025610445,-0.0035106968,0.0032545924,train,-0.05335693
2018-03-19,SPY,0.0016994913,-0.027630126,0.029329617,train,-0.016931737
2018-03-19,TLT,-0.0040274337,0.011986983,0.016014416,train,-0.02410083
2018-03-20,EFA,0.0015726747,0.024426376,0.022853702,train,-0.003202729
2018-03-20,IWM,0.005807713,0.03698408,0.031176366,train,-0.0035106968
2018-03-20,SPY,-0.0019214436,0.00521369,0.0071351337,train,-0.027630126
2018-03-20,TLT,0.0010925798,-0.0055610985,0.006653678,train,0.011986983
2018-03-21,EFA,-0.018746292,-0.007224856,0.011521436,train,0.024426376
2018-03-21,IWM,-0.022171615,0.006226465,0.02839808,train,0.03698408
2018-03-21,SPY,-0.025314715,0.0003936598,0.025708374,train,0.00521369
2018-03-21,TLT,0.009860383,0.010088498,0.00022811443,train,-0.0055610985
2018-03-22,EFA,-0.011124019,-0.016553374,0.0054293554,train,-0.007224856
2018-03-22,IWM,-0.021754354,0.009918198,0.031672552,train,0.006226465
2018-03-22,SPY,-0.021545015,-0.036434658,0.014889643,train,0.0003936598
2018-03-22,TLT,-0.00074870425,0.012799354,0.013548058,train,0.010088498
2018-03-23,EFA,0.017797679,0.029825484,0.012027806,train,-0.016553374
2018-03-23,IWM,0.021624,0.037727095,0.016103094,train,0.009918198
2018-03-23,SPY,0.026991379,-0.013828209,0.040819585,train,-0.036434658
2018-03-23,TLT,-0.0038352236,0.024825556,0.02866078,train,0.012799354
2018-03-26,EFA,-0.0074014803,-0.008022267,0.00062078703,train,0.029825484
2018-03-26,IWM,-0.019560376,0.029383596,0.048943974,train,0.037727095
2018-03-26,SPY,-0.017157743,0.033082113,0.050239854,train,-0.013828209
2018-03-26,TLT,0.010635942,0.014369847,0.003733905,train,0.024825556
2018-03-27,EFA,0.0058098296,0.025813857,0.020004027,train,-0.008022267
2018-03-27,IWM,-0.00033256912,0.027832022,0.028164592,train,0.029383596
2018-03-27,SPY,-0.0029593427,0.0036322642,0.006591607,train,0.033082113
2018-03-27,TLT,0.0026411477,0.0029305774,0.00028942968,train,0.014369847
2018-03-28,EFA,0.009082282,0.0043791463,0.0047031357,train,0.025813857
2018-03-28,IWM,0.01006171,0.02424287,0.01418116,train,0.027832022
2018-03-28,SPY,0.0126965,0.008490954,0.0042055463,train,0.0036322642
2018-03-28,TLT,0.004851634,-0.0033739973,0.008225631,train,0.0029305774
2018-03-29,EFA,-0.013872986,-0.0026076324,0.011265353,train,0.0043791463
2018-03-29,IWM,-0.02467096,0.03384278,0.05851374,train,0.02424287
2018-03-29,SPY,-0.02182091,0.0920315,0.11385241,train,0.008490954
2018-03-29,TLT,0.0019714672,0.010365814,0.008394347,train,-0.0033739973
2018-04-02,EFA,0.006382354,0.012811054,0.0064286995,test,-0.0026076324
2018-04-02,IWM,0.0142101105,0.029565426,0.015355315,test,0.03384278
2018-04-02,SPY,0.012735736,0.0013172105,0.011418525,test,0.0920315
2018-04-02,TLT,-0.0077425735,-0.0100954585,0.002352885,test,0.010365814
2018-04-03,EFA,0.0034642417,-0.0008908361,0.0043550776,test,0.012811054
2018-04-03,IWM,0.012632233,0.031460494,0.018828262,test,0.029565426
2018-04-03,SPY,0.01064244,0.047920555,0.037278116,test,0.0013172105
2018-04-03,TLT,-0.0020692246,-0.030730968,0.028661743,test,-0.0100954585
2018-04-04,EFA,0.006606288,-0.008756394,0.015362682,test,-0.0008908361
2018-04-04,IWM,0.008246479,0.043047994,0.034801517,test,0.031460494
2018-04-04,SPY,0.007860753,0.054140918,0.046280164,test,0.047920555
2018-04-04,TLT,-0.007485165,0.016368052,0.023853216,test,-0.030730968
2018-04-05,EFA,-0.006606288,-0.011106055,0.0044997674,test,-0.008756394
2018-04-05,IWM,-0.020147003,-0.009152276,0.010994727,test,0.043047994
2018-04-05,SPY,-0.022537703,0.09300263,0.11554033,test,0.054140918
2018-04-05,TLT,0.010876632,0.011121649,0.000245017,test,0.016368052
2018-04-06,EFA,0.008179568,-0.005108431,0.013287999,test,-0.011106055
2018-04-06,IWM,0.0011965128,0.002373008,0.0011764952,test,-0.009152276
2018-04-06,SPY,0.0049160267,-0.051636353,0.05655238,test,0.09300263
2018-04-06,TLT,0.0016502308,0.003907973,0.002257742,test,0.011121649
2018-04-09,EFA,0.010661965,-0.011482608,0.022144573,test,-0.005108431
2018-04-09,IWM,0.018689774,0.02557307,0.0068832953,test,0.002373008
2018-04-09,SPY,0.015775187,0.114536606,0.09876142,test,-0.051636353
2018-04-09,TLT,-0.0018154746,0.028646361,0.030461837,test,0.003907973
2018-04-10,EFA,-0.0038251672,-0.025826162,0.022000995,test,-0.011482608
2018-04-10,IWM,0.0021491349,-0.019399885,0.02154902,test,0.02557307
2018-04-10,SPY,-0.005255798,0.037660256,0.042916052,test,0.114536606
2018-04-10,TLT,0.003545091,0.0099951625,0.0064500715,test,0.028646361
2018-04-11,EFA,0.0038251672,-0.008704982,0.012530149,test,-0.025826162
2018-04-11,IWM,0.006807599,0.011735636,0.0049280366,test,-0.019399885
2018-04-11,SPY,0.008193279,0.079724915,0.07153164,test,0.037660256
2018-04-11,TLT,-0.0073515163,0.006851835,0.014203351,test,0.0099951625
2018-04-12,EFA,0.0009893109,-0.02191105,0.02290036,test,-0.008704982
2018-04-12,IWM,-0.0052475575,-0.022442726,0.017195169,test,0.011735636
2018-04-12,SPY,-0.002937481,0.07102829,0.07396577,test,0.079724915
2018-04-12,TLT,0.0023184738,0.0114287995,0.009110326,test,0.006851835
2018-04-13,EFA,0.0015527643,-0.039137155,0.04068992,test,-0.02191105
2018-04-13,IWM,0.009181708,-0.028311422,0.037493132,test,-0.022442726
2018-04-13,SPY,0.008188381,0.00064457767,0.007543803,test,0.07102829
2018-04-13,TLT,0.00033095226,0.019471869,0.019140916,test,0.0114287995
2018-04-16,EFA,0.0045031304,-0.019123213,0.023626344,test,-0.039137155
2018-04-16,IWM,0.010818241,-0.02137393,0.03219217,test,-0.028311422
2018-04-16,SPY,0.0106413625,-0.010780724,0.021422086,test,0.00064457767
2018-04-16,TLT,0.0027253206,0.011666751,0.00894143,test,0.019471869
2018-04-17,EFA,0.005181712,0.0038617933,0.0013199188,test,-0.019123213
2018-04-17,IWM,0.0026705463,-0.019934354,0.022604901,test,-0.02137393
2018-04-17,SPY,0.00073986035,-0.028542237,0.029282097,test,-0.010780724
2018-04-17,TLT,-0.008031053,0.008217708,0.01624876,test,0.011666751
2018-04-18,EFA,-0.0037784576,-0.006950007,0.0031715492,test,0.0038617933
2018-04-18,IWM,-0.006945324,-0.04088348,0.03393816,test,-0.019934354
2018-04-18,SPY,-0.0055628857,-0.020988494,0.0154256085,test,-0.028542237
2018-04-18,TLT,-0.008179358,0.016020212,0.024199571,test,0.008217708
2018-04-19,EFA,-0.0037930622,-0.003942509,0.000149447,test,-0.006950007
2018-04-19,IWM,-0.0053851856,-0.012162242,0.0067770565,test,-0.04088348
2018-04-19,SPY,-0.008515487,0.014549665,0.023065154,test,-0.020988494
2018-04-19,TLT,-0.0072340313,0.0049684215,0.012202453,test,0.016020212
2018-04-20,EFA,-0.0012675123,0.020817522,0.022085033,test,-0.003942509
2018-04-20,IWM,-0.0014804461,-0.0026778998,0.0011974537,test,-0.012162242
2018-04-20,SPY,-0.0001499224,-0.0014071269,0.0012572045,test,0.014549665
2018-04-20,TLT,0.00025357786,0.009098728,0.0088451505,test,0.0049684215
2018-04-23,EFA,-0.004095185,0.0008717971,0.004966982,test,0.020817522
2018-04-23,IWM,-0.005746411,0.034135975,0.039882384,test,-0.0026778998
2018-04-23,SPY,-0.0135589205,0.011904891,0.025463812,test,-0.0014071269
2018-04-23,TLT,-0.0045679677,-0.009971451,0.0054034833,test,0.009098728
2018-04-24,EFA,-0.0016992871,0.020792913,0.0224922,test,0.0008717971
2018-04-24,IWM,-0.0014904274,-0.005603087,0.00411266,test,0.034135975
2018-04-24,SPY,0.002468711,-0.033326223,0.035794936,test,0.011904891
2018-04-24,TLT,-0.006720433,-0.0065562036,0.00016422942,test,-0.009971451
2018-04-25,EFA,0.0049486617,-0.023067804,0.028016467,test,0.020792913
2018-04-25,IWM,0.0045937854,0.00858641,0.003992625,test,-0.005603087
2018-04-25,SPY,0.010114358,-0.0047434103,0.014857768,test,-0.033326223
2018-04-25,TLT,0.006974784,0.031385534,0.024410749,test,-0.0065562036
2018-04-26,EFA,0.000986732,-0.025658911,0.026645644,test,-0.023067804
2018-04-26,IWM,-0.0014207052,0.04496172,0.046382427,test,0.00858641
2018-04-26,SPY,0.00093838415,0.02308832,0.022149935,test,-0.0047434103
2018-04-26,TLT,0.0076832348,0.012587996,0.0049047614,test,0.031385534
2018-04-27,EFA,-0.0032460275,-0.0060717966,0.0028257691,test,-0.025658911
2018-04-27,IWM,-0.008896216,0.026277224,0.03517344,test,0.04496172
2018-04-27,SPY,-0.007720102,0.02827734,0.035997443,test,0.02308832
2018-04-27,TLT,0.0017649669,-0.0025835186,0.0043484857,test,0.012587996
2018-04-30,EFA,-0.0035404386,-0.027173406,0.023632966,test,-0.0060717966
2018-04-30,IWM,0.004879927,-0.0036948798,0.008574806,test,0.026277224
2018-04-30,SPY,0.0017747919,0.010144458,0.0083696665,test,0.02827734
2018-04-30,TLT,-0.0036082044,0.009752147,0.013360351,test,-0.0025835186
2018-05-01,EFA,-0.00042570446,0.0011548381,0.0015805427,test,-0.027173406
2018-05-01,IWM,0.0037570593,0.014584052,0.010826993,test,-0.0036948798
2018-05-01,SPY,-0.0067399126,0.019895487,0.0266354,test,0.010144458
2018-05-01,TLT,-0.0010984283,0.012950359,0.014048787,test,0.009752147
2018-05-02,EFA,0.0031176326,-0.013396874,0.016514506,test,0.0011548381
2018-05-02,IWM,-0.0054463795,-0.02902913,0.02358275,test,0.014584052
2018-05-02,SPY,-0.0022059737,0.011639506,0.013845479,test,0.019895487
2018-05-02,TLT,0.0044708382,0.017479416,0.013008578,test,0.012950359
2018-05-03,EFA,0.003530869,0.0017807567,0.0017501123,test,-0.013396874
2018-05-03,IWM,0.012405778,0.014992086,0.002586308,test,-0.02902913
2018-05-03,SPY,0.012863444,0.0005656481,0.012297796,test,0.011639506
2018-05-03,TLT,0.0015142934,0.026046516,0.024532223,test,0.017479416
2018-05-04,EFA,0.00014091276,-0.01035355,0.010494463,test,0.0017807567
2018-05-04,IWM,0.008440524,-0.0443713,0.052811824,test,0.014992086
2018-05-04,SPY,0.0033775219,-0.00050757546,0.0038850973,test,0.0005656481
2018-05-04,TLT,-0.001598319,0.036627233,0.038225554,test,0.026046516
2018-05-07,EFA,0.00014096139,-0.025050413,0.025191374,test,-0.01035355
2018-05-07,IWM,0.00495413,-0.0055914056,0.010545535,test,-0.0443713
2018-05-07,SPY,0.0,-0.027280523,0.027280523,test,-0.00050757546
2018-05-07,TLT,-0.0009265917,0.0060053766,0.006931968,test,0.036627233
2018-05-08,EFA,0.0023931037,0.035440393,0.03304729,test,-0.025050413
2018-05-08,IWM,0.0053712768,0.025489923,0.020118646,test,-0.0055914056
2018-05-08,SPY,0.009618948,0.066546604,0.056927655,test,-0.027280523
2018-05-08,TLT,-0.0059996634,0.010937657,0.016937321,test,0.0060053766
2018-05-09,EFA,0.0064471005,0.0022010189,0.0042460817,test,0.035440393
2018-05-09,IWM,0.0053422637,0.022478893,0.01713663,test,0.025489923
2018-05-09,SPY,0.0093076,-0.0066921096,0.015999708,test,0.066546604
2018-05-09,TLT,0.008019878,-0.006614986,0.0146348635,test,0.010937657
2018-05-10,EFA,0.0026508549,0.008273784,0.005622929,test,0.0022010189
2018-05-10,IWM,0.0019414293,0.034582004,0.032640576,test,0.022478893
2018-05-10,SPY,0.0030463138,-0.0068346336,0.009880947,test,-0.0066921096
2018-05-10,TLT,0.0025194227,0.0071688322,0.0046494096,test,-0.006614986
2018-05-11,EFA,0.0018099302,0.02351985,0.021709919,test,0.008273784
2018-05-11,IWM,-0.0038234966,0.03501887,0.038842365,test,0.034582004
2018-05-11,SPY,0.00047638142,-0.006972745,0.0074491263,test,-0.0068346336
2018-05-11,TLT,-0.0052980906,-0.04902935,0.04373126,test,0.0071688322
2018-05-14,EFA,-0.007258506,0.030884933,0.038143437,test,0.02351985
2018-05-14,IWM,0.00018844022,-0.011468891,0.011657331,test,0.03501887
2018-05-14,SPY,-0.0069107222,-0.003965609,0.0029451135,test,-0.006972745
2018-05-14,TLT,-0.011448163,0.0043493076,0.01579747,test,-0.04902935
2018-05-15,EFA,0.0013997029,0.020625055,0.019225352,test,0.030884933
2018-05-15,IWM,0.010368927,-0.0036313012,0.014000229,test,-0.011468891
2018-05-15,SPY,0.0041962247,0.03218753,0.027991304,test,-0.003965609
2018-05-15,TLT,-0.0038452568,0.026973331,0.030818589,test,0.0043493076
2018-05-16,EFA,0.0015377192,0.009075349,0.00753763,test,0.020625055
2018-05-16,IWM,0.0045883264,0.05152373,0.0469354,test,-0.0036313012
2018-05-16,SPY,-0.00084491516,0.01629679,0.017141705,test,0.03218753
2018-05-16,TLT,-0.005063885,-0.005372502,0.00030861702,test,0.026973331
2018-05-17,EFA,-0.0036382473,0.0013379415,0.0049761888,test,0.009075349
2018-05-17,IWM,0.0012980124,0.043996982,0.04269897,test,0.05152373
2018-05-17,SPY,-0.0025031785,0.017202472,0.019705651,test,0.01629679
2018-05-17,TLT,0.008568117,0.015149297,0.00658118,test,-0.005372502
2018-05-18,EFA,0.006288665,0.0043366766,0.0019519883,test,0.0013379415
2018-05-18,IWM,0.006588522,0.026920378,0.020331856,test,0.043996982
2018-05-18,SPY,0.007490564,0.02841469,0.020924127,test,0.017202472
2018-05-18,TLT,0.000511614,-0.010735385,0.011246999,test,0.015149297
2018-05-21,EFA,-0.0012544782,0.0055563296,0.0068108076,test,0.0043366766
2018-05-21,IWM,-0.0072683915,0.056873687,0.06414208,test,0.026920378
2018-05-21,SPY,-0.0027840796,0.0066713737,0.009455454,test,0.02841469
2018-05-21,TLT,-0.0015358716,-0.020877017,0.019341145,test,-0.010735385
2018-05-22,EFA,-0.011080782,0.017928423,0.029009204,test,0.0055563296
2018-05-22,IWM,0.0012974188,0.004236955,0.0029395362,test,0.056873687
2018-05-22,SPY,0.0027472917,0.022226894,0.019479603,test,0.0066713737
2018-05-22,TLT,0.0072328374,0.012126904,0.0048940666,test,-0.020877017
2018-05-23,EFA,-0.003107806,0.0062831836,0.009390989,test,0.017928423
2018-05-23,IWM,0.00037026335,-0.012513582,0.012883845,test,0.004236955
2018-05-23,SPY,-0.002051113,0.016912622,0.018963736,test,0.022226894
2018-05-23,TLT,0.00793886,0.02042315,0.01248429,test,0.012126904
2018-05-24,EFA,-0.006529393,0.011992814,0.018522207,test,0.0062831836
2018-05-24,IWM,-0.0017911552,-0.0119397845,0.01014863,test,-0.012513582
2018-05-24,SPY,-0.0023853127,0.023911214,0.026296526,test,0.016912622
2018-05-24,TLT,0.006205245,-0.036545627,0.042750873,test,0.02042315
2018-05-25,EFA,-0.020574916,0.004170613,0.02474553,test,0.011992814
2018-05-25,IWM,-0.0013611916,-0.009661369,0.008300178,test,-0.0119397845
2018-05-25,SPY,-0.011567627,0.018199632,0.02976726,test,0.023911214
2018-05-25,TLT,0.02166648,0.010498098,0.011168382,test,-0.036545627
2018-05-29,EFA,0.015148522,-0.004390126,0.019538648,test,0.004170613
2018-05-29,IWM,0.015724974,0.0037528123,0.011972161,test,-0.009661369
2018-05-29,SPY,0.013256761,0.007769447,0.0054873144,test,0.018199632
2018-05-29,TLT,-0.0067308396,-0.003225414,0.0035054255,test,0.010498098
2018-05-30,EFA,-0.006320015,-0.02289093,0.016570915,test,-0.004390126
2018-05-30,IWM,-0.008015868,-0.031160356,0.023144487,test,0.0037528123
2018-05-30,SPY,-0.006144948,0.00482913,0.0109740775,test,0.007769447
2018-05-30,TLT,-0.0016484986,-0.011512024,0.009863526,test,-0.003225414
2018-05-31,EFA,0.0086083915,0.015850633,0.007242242,test,-0.02289093
2018-05-31,IWM,0.0065521086,0.0041415105,0.002410598,test,-0.031160356
2018-05-31,SPY,0.00976993,0.021774055,0.012004126,test,0.00482913
2018-05-31,TLT,-0.00529738,-0.029313678,0.024016298,test,-0.011512024
2018-06-01,EFA,0.0029954526,-0.019685809,0.02268126,test,0.015850633
2018-06-01,IWM,0.0052961195,0.0010682922,0.0042278273,test,0.0041415105
2018-06-01,SPY,0.004740381,0.0041889334,0.00055144774,test,0.021774055
2018-06-01,TLT,-0.007258343,-0.014619317,0.007360974,test,-0.029313678
2018-06-04,EFA,-0.0015681058,0.012166865,0.013734971,test,-0.019685809
2018-06-04,IWM,0.0061738594,-0.0072883293,0.013462189,test,0.0010682922
2018-06-04,SPY,0.0007270005,-0.0037127677,0.0044397684,test,0.0041889334
2018-06-04,TLT,0.002341373,-0.008228093,0.010569466,test,-0.014619317
2018-06-05,EFA,0.008947332,0.003271335,0.0056759976,test,0.012166865
2018-06-05,IWM,0.0072144414,-0.026640361,0.0338548,test,-0.0072883293
2018-06-05,SPY,0.008326151,-0.008780677,0.017106827,test,-0.0037127677
2018-06-05,TLT,-0.008135781,-0.014890399,0.006754618,test,-0.008228093
2018-06-06,EFA,-0.005671579,0.0011536423,0.0068252212,test,0.003271335
2018-06-06,IWM,-0.005466372,-0.016757403,0.011291031,test,-0.026640361
2018-06-06,SPY,-0.00010839179,-0.013253344,0.013144952,test,-0.008780677
2018-06-06,TLT,0.009638144,-0.010800555,0.020438699,test,-0.014890399
2018-06-07,EFA,0.0011369059,0.006523681,0.005386775,test,0.0011536423
2018-06-07,IWM,0.0030070667,-0.003923515,0.0069305813,test,-0.016757403
2018-06-07,SPY,0.0029519275,-0.015181081,0.018133009,test,-0.013253344
2018-06-07,TLT,-0.0030069079,-0.0023801,0.0006268078,test,-0.010800555
2018-06-08,EFA,0.006370574,0.0006929082,0.0056776656,test,0.006523681
2018-06-08,IWM,0.0014999977,0.0028289352,0.0013289375,test,-0.003923515
2018-06-08,SPY,0.0013292945,0.0033400888,0.0020107944,test,-0.015181081
2018-06-08,TLT,-0.0018421704,-0.00538275,0.0035405797,test,-0.0023801
2018-06-11,EFA,-0.006370574,-0.010797642,0.0044270684,test,0.0006929082
2018-06-11,IWM,0.0045471536,0.0011138767,0.003433277,test,0.0028289352
2018-06-11,SPY,0.001291537,0.006312741,0.0050212042,test,0.0033400888
2018-06-11,TLT,0.0002512713,0.01145162,0.011200348,test,-0.00538275
2018-06-12,EFA,0.0014193171,0.049421884,0.048002567,test,-0.010797642
2018-06-12,IWM,-0.003947441,0.004233038,0.008180479,test,0.0011138767
2018-06-12,SPY,-0.0031964853,0.004332003,0.0075284885,test,0.006312741
2018-06-12,TLT,-0.0005029238,-0.024427624,0.0239247,test,0.01145162
2018-06-13,EFA,-0.0021297317,0.014174677,0.01630441,test,0.049421884
2018-06-13,IWM,0.0053190584,-0.01266747,0.017986529,test,0.004233038
2018-06-13,SPY,0.0025148464,0.013495961,0.010981115,test,0.004332003
2018-06-13,TLT,0.008265362,0.007840488,0.00042487402,test,-0.024427624
2018-06-14,EFA,-0.0051295916,0.0017118459,0.0068414374,test,0.014174677
2018-06-14,IWM,0.00029808164,0.005304709,0.0050066276,test,-0.01266747
2018-06-14,SPY,-0.001276582,0.007012344,0.0082889255,test,0.013495961
2018-06-14,TLT,0.00091443333,-0.023042845,0.023957279,test,0.007840488
2018-06-15,EFA,-0.0071683642,-0.0047354763,0.002432888,test,0.0017118459
2018-06-15,IWM,0.0046970365,-8.6891465e-05,0.004783928,test,0.005304709
2018-06-15,SPY,-0.0020589442,0.015451357,0.0175103,test,0.007012344
2018-06-15,TLT,-0.00091443333,0.004663324,0.0055777575,test,-0.023042845
2018-06-18,EFA,-0.0092287585,0.0037663872,0.012995146,test,-0.0047354763
2018-06-18,IWM,5.9026737e-05,0.0078614,0.0078023733,test,-8.6891465e-05
2018-06-18,SPY,-0.0038400772,0.013539773,0.01737985,test,0.015451357
2018-06-18,TLT,0.0058036325,-0.010831876,0.016635507,test,0.004663324
2018-06-19,EFA,0.00074032333,0.00449575,0.003755427,test,0.0037663872
2018-06-19,IWM,0.008033595,-0.0108133685,0.018846963,test,0.0078614
2018-06-19,SPY,0.0017046428,0.0056944303,0.003989788,test,0.013539773
2018-06-19,TLT,-0.008801342,0.019121775,0.027923118,test,-0.010831876
2018-06-20,EFA,-0.0071291914,-0.0053307638,0.0017984277,test,0.00449575
2018-06-20,IWM,-0.009398493,-0.031252265,0.021853771,test,-0.0108133685
2018-06-20,SPY,-0.0062888893,-0.0056029037,0.00068598567,test,0.0056944303
2018-06-20,TLT,0.0052406006,-0.001602401,0.0068430016,test,0.019121775
2018-06-21,EFA,0.010527075,-0.01756083,0.028087907,test,-0.0053307638
2018-06-21,IWM,-0.0033313588,-0.016703872,0.013372513,test,-0.031252265
2018-06-21,SPY,0.0018219198,0.011724937,0.009903017,test,-0.0056029037
2018-06-21,TLT,-8.3335995e-05,-0.010381694,0.010298358,test,-0.001602401
2018-06-22,EFA,-0.013961192,-0.021411708,0.0074505154,test,-0.01756083
2018-06-22,IWM,-0.0164617,-0.0034835124,0.012978188,test,-0.016703872
2018-06-22,SPY,-0.013706593,0.010491712,0.024198305,test,0.011724937
2018-06-22,TLT,0.0022379013,-0.019883662,0.022121564,test,-0.010381694
2018-06-25,EFA,0.0017933705,0.016921349,0.015127978,test,-0.021411708
2018-06-25,IWM,0.0057982663,-0.0055620493,0.011360316,test,-0.0034835124
2018-06-25,SPY,0.002211733,-0.016789546,0.019001279,test,0.010491712
2018-06-25,TLT,0.001406176,0.005633959,0.004227783,test,-0.019883662
2018-06-26,EFA,-0.009450491,-0.0076885046,0.001761986,test,0.016921349
2018-06-26,IWM,-0.016149642,-0.018049842,0.0019001998,test,-0.0055620493
2018-06-26,SPY,-0.008318484,0.0064314697,0.0147499535,test,-0.016789546
2018-06-26,TLT,0.009379827,0.011536533,0.0021567056,test,0.005633959
2018-06-27,EFA,0.0037608447,0.002532818,0.0012280268,test,-0.0076885046
2018-06-27,IWM,0.003055685,-0.023526417,0.026582101,test,-0.018049842
2018-06-27,SPY,0.0057006744,-0.017836075,0.02353675,test,0.0064314697
2018-06-27,TLT,0.00024527733,0.04240817,0.04216289,test,0.011536533
2018-06-28,EFA,0.005540108,0.0070597883,0.0015196805,test,0.002532818
2018-06-28,IWM,-0.0006717338,-0.01068995,0.0100182155,test,-0.023526417
2018-06-28,SPY,0.0014387475,0.015299626,0.013860879,test,-0.017836075
2018-06-28,TLT,-0.0034447464,-0.016126813,0.012682067,test,0.04240817
