date,ticker,y_true,y_pred,abs_error,dataset_part,signal_for_trade
2019-07-02,EFA,0.006771521,-0.011844473,0.018615995,train,
2019-07-02,IWM,0.007128582,0.031584688,0.024456106,train,
2019-07-02,SPY,0.007963551,0.029545708,0.021582156,train,
2019-07-02,TLT,0.007103733,0.024500305,0.017396573,train,
2019-07-03,EFA,-0.007677888,-0.004039699,0.0036381888,train,-0.011844473
2019-07-03,IWM,0.0026842132,0.01192577,0.009241557,train,0.031584688
2019-07-03,SPY,-0.0011386831,0.011293935,0.012432618,train,0.029545708
2019-07-03,TLT,-0.013351692,0.031114696,0.044466387,train,0.024500305
2019-07-05,EFA,-0.0057592476,-0.0015565958,0.004202652,train,-0.004039699
2019-07-05,IWM,-0.009555457,0.013255216,0.022810673,train,0.01192577
2019-07-05,SPY,-0.005510056,0.044935778,0.050445832,train,0.011293935
2019-07-05,TLT,0.0013585308,-0.049424216,0.050782748,train,0.031114696
2019-07-08,EFA,-0.004265249,-0.005656427,0.001391178,train,-0.0015565958
2019-07-08,IWM,0.0013523676,0.0047951136,0.0034427461,train,0.013255216
2019-07-08,SPY,0.0012461145,0.051623315,0.0503772,train,0.044935778
2019-07-08,TLT,-0.0003770378,-0.022460336,0.022083297,train,-0.049424216
2019-07-09,EFA,0.003504865,0.0039763805,0.00047151535,train,-0.005656427
2019-07-09,IWM,0.0017359687,-0.046984695,0.048720665,train,0.0047951136
2019-07-09,SPY,0.0047662295,-0.0025042333,0.007270463,train,0.051623315
2019-07-09,TLT,-0.0055224425,-0.040298216,0.034775775,train,-0.022460336
2019-07-10,EFA,-0.00030418907,0.0043047946,0.0046089836,train,0.0039763805
2019-07-10,IWM,-0.004894093,0.0095316,0.014425693,train,-0.046984695
2019-07-10,SPY,0.002341992,0.0005549174,0.0017870746,train,-0.0025042333
2019-07-10,TLT,-0.013440188,0.007928187,0.021368375,train,-0.040298216
2019-07-11,EFA,0.0012165521,0.0009076949,0.00030885718,train,0.0043047946
2019-07-11,IWM,0.0077162096,0.026618844,0.018902633,train,0.0095316
2019-07-11,SPY,0.004466881,0.015271926,0.010805045,train,0.0005549174
2019-07-11,TLT,0.0011521785,0.019918678,0.0187665,train,0.007928187
2019-07-12,EFA,0.0009112511,0.02085836,0.01994711,train,0.0009076949
2019-07-12,IWM,-0.0052662757,-0.032664813,0.027398538,train,0.026618844
2019-07-12,SPY,0.0003322987,-0.010481743,0.010814042,train,0.015271926
2019-07-12,TLT,0.005743456,0.0020204112,0.0037230449,train,0.019918678
2019-07-15,EFA,-0.0041080294,0.028369604,0.032477632,train,0.02085836
2019-07-15,IWM,-0.00032198327,0.007474793,0.0077967765,train,-0.032664813
2019-07-15,SPY,-0.0032303885,0.0044117197,0.007642108,train,-0.010481743
2019-07-15,TLT,-0.002982785,0.0085123535,0.0114951385,train,0.0020204112
2019-07-16,EFA,-0.0013730315,0.035849787,0.037222818,train,0.028369604
2019-07-16,IWM,-0.007175804,-0.018197494,0.0110216895,train,0.007474793
2019-07-16,SPY,-0.0068283635,-0.012938548,0.0061101844,train,0.0044117197
2019-07-16,TLT,0.010740537,0.0150848385,0.0043443013,train,0.0085123535
2019-07-17,EFA,0.0030488358,0.029658472,0.026609637,train,0.035849787
2019-07-17,IWM,0.003756028,0.0063953046,0.0026392767,train,-0.018197494
2019-07-17,SPY,0.0036543384,-0.004967641,0.0086219795,train,-0.012938548
2019-07-17,TLT,7.561894e-05,-0.0093171615,0.00939278,train,0.0150848385
2019-07-18,EFA,-0.002896254,0.032232895,0.03512915,train,0.029658472
2019-07-18,IWM,-0.005769351,-0.037048697,0.031279348,train,0.0063953046
2019-07-18,SPY,-0.005570416,0.0048203375,0.010390753,train,-0.004967641
2019-07-18,TLT,-0.0023511893,-0.031169722,0.028818533,train,-0.0093171615
2019-07-19,EFA,0.0010679134,0.0043334644,0.003265551,train,0.032232895
2019-07-19,IWM,-0.000910674,0.02826367,0.029174343,train,-0.037048697
2019-07-19,SPY,0.002453326,-0.030682052,0.033135377,train,0.0048203375
2019-07-19,TLT,0.0018966914,-0.022315076,0.024211766,train,-0.031169722
2019-07-22,EFA,0.006232542,-0.005851077,0.012083619,train,0.0043334644
2019-07-22,IWM,0.0066153095,0.04203052,0.03541521,train,0.02826367
2019-07-22,SPY,0.007124624,0.028761929,0.021637306,train,-0.030682052
2019-07-22,TLT,-0.0054719755,-0.029847534,0.024375558,train,-0.022315076
2019-07-23,EFA,0.00075757405,0.0015634354,0.0008058614,train,-0.005851077
2019-07-23,IWM,0.01641266,0.0056744665,0.010738194,train,0.04203052
2019-07-23,SPY,0.0046885423,0.020275937,0.015587395,train,0.028761929
2019-07-23,TLT,0.0043344065,-0.009616148,0.013950555,train,-0.029847534
2019-07-24,EFA,-0.010197284,-0.018723557,0.008526273,train,0.0015634354
2019-07-24,IWM,-0.012155412,-0.04614877,0.033993356,train,0.0056744665
2019-07-24,SPY,-0.00478828,-0.022468926,0.017680647,train,0.020275937
2019-07-24,TLT,-0.004791677,-0.00764314,0.002851463,train,-0.009616148
2019-07-25,EFA,0.0019866724,-0.0037584025,0.0057450747,train,-0.018723557
2019-07-25,IWM,0.011773776,-0.062109873,0.07388365,train,-0.04614877
2019-07-25,SPY,0.006677464,-0.011926224,0.018603688,train,-0.022468926
2019-07-25,TLT,0.0023604683,0.0218756,0.01951513,train,-0.00764314
2019-07-26,EFA,0.0021351536,-0.015990725,0.018125879,train,-0.0037584025
2019-07-26,IWM,-0.0067018806,-0.011472771,0.0047708903,train,-0.062109873
2019-07-26,SPY,-0.0018227113,-0.02626281,0.024440099,train,-0.011926224
2019-07-26,TLT,0.0003041982,-0.018794166,0.019098364,train,0.0218756
2019-07-29,EFA,-0.011645889,-0.01767596,0.0060300715,train,-0.015990725
2019-07-29,IWM,0.01076482,-0.004748447,0.015513266,train,-0.011472771
2019-07-29,SPY,-0.0024579705,-0.043085046,0.040627077,train,-0.02626281
2019-07-29,TLT,0.0024302602,-0.012297985,0.014728245,train,-0.018794166
2019-07-30,EFA,-0.0066496925,-0.015507663,0.00885797,train,-0.01767596
2019-07-30,IWM,-0.008142134,0.026175162,0.034317296,train,-0.004748447
2019-07-30,SPY,-0.011000481,-0.04019297,0.029192489,train,-0.043085046
2019-07-30,TLT,0.008008796,-0.02900157,0.037010364,train,-0.012297985
2019-07-31,EFA,-0.002796912,-0.05592353,0.05312662,train,-0.015507663
2019-07-31,IWM,-0.014605767,-1.1435518,1.1289461,train,0.026175162
2019-07-31,SPY,-0.008746099,-0.10584989,0.09710379,train,-0.04019297
2019-07-31,TLT,0.019665176,-0.0047124624,0.024377638,train,-0.02900157
2019-08-01,EFA,-0.008908152,-0.04422105,0.0353129,train,-0.05592353
2019-08-01,IWM,-0.011144771,-0.06763052,0.05648575,train,-1.1435518
2019-08-01,SPY,-0.007558025,-0.05805988,0.050501853,train,-0.10584989
2019-08-01,TLT,0.009199341,0.06740497,0.05820563,train,-0.0047124624
2019-08-02,EFA,-0.02527749,-0.035694413,0.010416923,train,-0.04422105
2019-08-02,IWM,-0.030476913,0.068664916,0.09914183,train,-0.06763052
2019-08-02,SPY,-0.030534655,0.012195891,0.042730547,train,-0.05805988
2019-08-02,TLT,0.017140573,-0.010783868,0.02792444,train,0.06740497
2019-08-05,EFA,0.006739307,-0.07997025,0.08670956,train,-0.035694413
2019-08-05,IWM,0.0091474345,-0.07646266,0.0856101,train,0.068664916
2019-08-05,SPY,0.013925482,-0.10728778,0.12121326,train,0.012195891
2019-08-05,TLT,0.007960937,0.024430891,0.016469955,train,-0.010783868
2019-08-06,EFA,0.003830833,-0.030362906,0.03419374,train,-0.07997025
2019-08-06,IWM,-0.00026793944,0.026586017,0.026853956,train,-0.07646266
2019-08-06,SPY,0.00059035805,0.10054626,0.0999559,train,-0.10728778
2019-08-06,TLT,0.00035779155,-0.05693253,0.057290323,train,0.024430891
2019-08-07,EFA,0.0096711125,-0.033308133,0.042979248,train,-0.030362906
2019-08-07,IWM,0.02133535,0.010458771,0.010876579,train,0.026586017
2019-08-07,SPY,0.01943026,0.08309615,0.06366589,train,0.10054626
2019-08-07,TLT,0.00213987,-0.07707052,0.079210386,train,-0.05693253
2019-08-08,EFA,-0.0069665397,-0.047614,0.040647462,train,-0.033308133
2019-08-08,IWM,-0.01266705,-0.01220406,0.00046298932,train,0.010458771
2019-08-08,SPY,-0.006834684,0.033857554,0.04069224,train,0.08309615
2019-08-08,TLT,-0.0019976695,-0.0068651456,0.0048674764,train,-0.07707052
2019-08-09,EFA,-0.007975751,-0.047560982,0.039585233,train,-0.047614
2019-08-09,IWM,-0.013030903,0.0023324974,0.015363401,train,-0.01220406
2019-08-09,SPY,-0.012248181,0.023125129,0.035373308,train,0.033857554
2019-08-09,TLT,0.0206351,-0.011898505,0.032533605,train,-0.0068651456
2019-08-12,EFA,0.009404661,-0.01604694,0.0254516,train,-0.047560982
2019-08-12,IWM,0.010704478,-0.0038287975,0.014533276,train,0.0023324974
2019-08-12,SPY,0.015432174,-0.07450298,0.08993515,train,0.023125129
2019-08-12,TLT,-0.0034331074,0.051952086,0.055385195,train,-0.011898505
2019-08-13,EFA,-0.027830852,-0.03937286,0.011542009,train,-0.01604694
2019-08-13,IWM,-0.0283474,0.029491687,0.05783909,train,-0.0038287975
2019-08-13,SPY,-0.030013397,-0.0111947935,0.018818604,train,-0.07450298
2019-08-13,TLT,0.02227952,0.039769843,0.017490324,train,0.051952086
2019-08-14,EFA,0.003419818,-0.0728483,0.076268114,train,-0.03937286
2019-08-14,IWM,-0.003978638,-0.06880235,0.06482371,train,0.029491687
2019-08-14,SPY,0.0026382501,-0.048009433,0.050647683,train,-0.0111947935
2019-08-14,TLT,0.011058249,0.053084552,0.042026304,train,0.039769843
2019-08-15,EFA,0.0119586745,-0.027247244,0.03920592,train,-0.0728483
2019-08-15,IWM,0.0213526,0.026666263,0.005313663,train,-0.06880235
2019-08-15,SPY,0.014646914,-0.004862735,0.019509649,train,-0.048009433
2019-08-15,TLT,-0.00804289,0.055760168,0.063803054,train,0.053084552
2019-08-16,EFA,0.0060859895,-0.067508884,0.073594876,train,-0.027247244
2019-08-16,IWM,0.0100413505,-0.019597137,0.029638488,train,0.026666263
2019-08-16,SPY,0.011975998,0.014590876,0.0026148781,train,-0.004862735
2019-08-16,TLT,-0.014405097,-0.090878956,0.07647386,train,0.055760168
2019-08-19,EFA,-0.003358855,-0.02539496,0.022036105,train,-0.067508884
2019-08-19,IWM,-0.006549054,-0.015399472,0.008850418,train,-0.019597137
2019-08-19,SPY,-0.007692009,0.0024701636,0.010162173,train,0.014590876
2019-08-19,TLT,0.010290657,-0.07602349,0.08631415,train,-0.090878956
2019-08-20,EFA,0.00702452,-0.056628175,0.063652694,train,-0.02539496
2019-08-20,IWM,0.008212982,-0.0045775585,0.01279054,train,-0.015399472
2019-08-20,SPY,0.008102515,0.06947136,0.061368845,train,0.0024701636
2019-08-20,TLT,-0.006687285,0.029774478,0.036461763,train,-0.07602349
2019-08-21,EFA,-0.0019108765,0.04829622,0.050207097,train,-0.056628175
2019-08-21,IWM,-0.0023302527,0.002801532,0.005131785,train,-0.0045775585
2019-08-21,SPY,-0.00030815077,0.043919504,0.044227656,train,0.06947136
2019-08-21,TLT,-0.006663062,-0.04804934,0.041386276,train,0.029774478
2019-08-22,EFA,-0.01251013,0.043128133,0.05563826,train,0.04829622
2019-08-22,IWM,-0.031140482,0.01073254,0.041873023,train,0.002801532
2019-08-22,SPY,-0.02602297,-0.030891182,0.004868211,train,0.043919504
2019-08-22,TLT,0.016300771,-0.04525592,0.061556693,train,-0.04804934
2019-08-23,EFA,0.008197445,-0.016041556,0.024239002,train,0.043128133
2019-08-23,IWM,0.010942001,-0.033573635,0.044515636,train,0.01073254
2019-08-23,SPY,0.010998002,-0.049903832,0.060901836,train,-0.030891182
2019-08-23,TLT,-0.0040492583,-0.019682026,0.015632767,train,-0.04525592
2019-08-26,EFA,-0.0008009588,-0.013663255,0.012862296,train,-0.016041556
2019-08-26,IWM,-0.01493807,-0.041896,0.02695793,train,-0.033573635
2019-08-26,SPY,-0.003931592,0.04205677,0.045988362,train,-0.049903832
2019-08-26,TLT,0.015290764,-0.07218608,0.08747685,train,-0.019682026
2019-08-27,EFA,0.0,-0.004156815,0.004156815,train,-0.013663255
2019-08-27,IWM,0.011599749,-0.011124674,0.022724424,train,-0.041896
2019-08-27,SPY,0.007016826,0.0429489,0.035932075,train,0.04205677
2019-08-27,TLT,0.0012858787,-0.021593643,0.022879522,train,-0.07218608
2019-08-28,EFA,0.008614157,-0.048167385,0.05678154,train,-0.004156815
2019-08-28,IWM,0.01738609,-0.03602113,0.05340722,train,-0.011124674
2019-08-28,SPY,0.012692352,0.09168766,0.0789953,train,0.0429489
2019-08-28,TLT,-0.0037956373,-0.07239238,0.06859674,train,-0.021593643
2019-08-29,EFA,0.00396278,-0.045649953,0.049612734,train,-0.048167385
2019-08-29,IWM,-0.0018125221,-0.098844275,0.09703175,train,-0.03602113
2019-08-29,SPY,-0.00044446668,0.057282813,0.05772728,train,0.09168766
2019-08-29,TLT,0.00027133204,-0.11334648,0.113617815,train,-0.07239238
2019-08-30,EFA,-0.0019002858,0.048078768,0.049979053,train,-0.045649953
2019-08-30,IWM,-0.01475484,-0.002114566,0.012640274,train,-0.098844275
2019-08-30,SPY,-0.0058646887,-0.052192964,0.046328276,train,0.057282813
2019-08-30,TLT,0.0012918146,-0.05368153,0.054973345,train,-0.11334648
2019-09-03,EFA,0.014008329,-0.019582542,0.03359087,train,0.048078768
2019-09-03,IWM,0.008013406,-0.03072367,0.038737077,train,-0.002114566
2019-09-03,SPY,0.011286836,-0.06372693,0.07501377,train,-0.052192964
2019-09-03,TLT,0.001493261,-0.016204305,0.017697565,train,-0.05368153
2019-09-04,EFA,0.005300175,-0.033956014,0.03925619,train,-0.019582542
2019-09-04,IWM,0.018430294,-0.0027402546,0.02117055,train,-0.03072367
2019-09-04,SPY,0.012773231,0.059976086,0.047202855,train,-0.06372693
2019-09-04,TLT,-0.018276155,0.024493905,0.042770058,train,-0.016204305
2019-09-05,EFA,0.0032595096,-0.012848536,0.016108045,train,-0.033956014
2019-09-05,IWM,-0.0045924135,-0.059193358,0.054600943,train,-0.0027402546
2019-09-05,SPY,0.0007722151,-0.031337492,0.032109708,train,0.059976086
2019-09-05,TLT,0.007089324,-0.061291046,0.06838037,train,0.024493905
2019-09-06,EFA,0.0029401025,0.004279727,0.0013396246,train,-0.012848536
2019-09-06,IWM,0.013319964,-0.0020553488,0.015375312,train,-0.059193358
2019-09-06,SPY,0.00050309155,-0.05274637,0.053249463,train,-0.031337492
2019-09-06,TLT,-0.017924843,0.04993961,0.067864455,train,-0.061291046
2019-09-09,EFA,0.0016982408,0.008576779,0.006878538,train,0.004279727
2019-09-09,IWM,0.012689988,-0.050782092,0.06347208,train,-0.0020553488
2019-09-09,SPY,-0.00023499267,-0.0034326855,0.0031976928,train,-0.05274637
2019-09-09,TLT,-0.0176827,-0.054165334,0.036482632,train,0.04993961
2019-09-10,EFA,0.00553762,0.005087411,0.00045020878,train,0.008576779
2019-09-10,IWM,0.020267528,-0.035171553,0.05543908,train,-0.050782092
2019-09-10,SPY,0.0070856665,-0.050819382,0.057905048,train,-0.0034326855
2019-09-10,TLT,-0.0017786202,-0.057123408,0.055344786,train,-0.054165334
2019-09-11,EFA,0.0058121015,0.00953556,0.0037234589,train,0.005087411
2019-09-11,IWM,0.00025462316,-0.08461666,0.084871285,train,-0.035171553
2019-09-11,SPY,0.0034580347,-0.0021373946,0.0055954293,train,-0.050819382
2019-09-11,TLT,-0.0065723886,0.05805154,0.06462393,train,-0.057123408
2019-09-12,EFA,0.005627022,0.019482804,0.013855782,train,0.00953556
2019-09-12,IWM,0.0017179609,-0.041813113,0.043531075,train,-0.08461666
2019-09-12,SPY,-0.000664186,-0.0015684012,0.0009042152,train,-0.0021373946
2019-09-12,TLT,-0.021590112,4.4366345e-05,0.021634478,train,0.05805154
2019-09-13,EFA,-0.008987893,0.021132192,0.030120086,train,0.019482804
2019-09-13,IWM,0.003743648,-0.047127493,0.05087114,train,-0.041813113
2019-09-13,SPY,-0.003093433,0.0048095314,0.007902965,train,-0.0015684012
2019-09-13,TLT,0.012663067,-0.013103025,0.025766093,train,4.4366345e-05
2019-09-16,EFA,0.0033608715,0.049775288,0.046414416,train,0.021132192
2019-09-16,IWM,-0.0026001888,0.012788175,0.015388364,train,-0.047127493
2019-09-16,SPY,0.002528919,-0.010432267,0.012961186,train,0.0048095314
2019-09-16,TLT,0.00540858,0.0660515,0.060642917,train,-0.013103025
2019-09-17,EFA,-0.0012207517,-0.000322124,0.0008986277,train,0.049775288
2019-09-17,IWM,-0.0061779656,0.02029497,0.026472935,train,0.012788175
2019-09-17,SPY,0.0005977897,-0.06205067,0.06264846,train,-0.010432267
2019-09-17,TLT,0.0042344187,0.017937029,0.0137026105,train,0.0660515
2019-09-18,EFA,0.003353488,-0.026912646,0.030266134,train,-0.000322124
2019-09-18,IWM,-0.0048674503,0.045856178,0.050723627,train,0.02029497
2019-09-18,SPY,-6.644066e-05,-0.017260868,0.017194428,train,-0.06205067
2019-09-18,TLT,0.0030040063,0.01121431,0.008210304,train,0.017937029
2019-09-19,EFA,-0.002285319,-0.030768344,0.028483026,train,-0.026912646
2019-09-19,IWM,-0.0021208387,0.025881497,0.028002337,train,0.045856178
2019-09-19,SPY,-0.004736011,0.0007958617,0.0055318726,train,-0.017260868
2019-09-19,TLT,0.013124263,0.008541206,0.004583057,train,0.01121431
2019-09-20,EFA,-0.0025964894,-0.053840406,0.051243916,train,-0.030768344
2019-09-20,IWM,-0.0007726217,-0.020350052,0.01957743,train,0.025881497
2019-09-20,SPY,-0.00023463523,0.0076708924,0.007905528,train,0.0007958617
2019-09-20,TLT,-0.00021169144,-0.020730628,0.020518936,train,0.008541206
2019-09-23,EFA,-0.0038303433,-0.032990254,0.029159911,train,-0.053840406
2019-09-23,IWM,-0.015208787,-0.0128777865,0.0023310008,train,-0.020350052
2019-09-23,SPY,-0.007877503,0.058497295,0.06637479,train,0.0076708924
2019-09-23,TLT,0.011982282,-0.024607928,0.03659021,train,-0.020730628
2019-09-24,EFA,-0.002921118,-0.0006226618,0.0022984562,train,-0.032990254
2019-09-24,IWM,0.010896358,0.034485452,0.023589093,train,-0.0128777865
2019-09-24,SPY,0.005897239,0.016031472,0.010134233,train,0.058497295
2019-09-24,TLT,-0.014735435,-0.08472233,0.069986895,train,-0.024607928
2019-09-25,EFA,0.003688432,0.015255643,0.011567211,train,-0.0006226618
2019-09-25,IWM,-0.011224101,-0.0071958173,0.004028284,train,0.034485452
2019-09-25,SPY,-0.0020856024,0.04561595,0.047701553,train,0.016031472
2019-09-25,TLT,0.0064125108,0.008096304,0.001683793,train,-0.08472233
2019-09-26,EFA,-0.0033804951,0.014649903,0.018030398,train,0.015255643
2019-09-26,IWM,-0.00803887,0.062581375,0.070620246,train,-0.0071958173
2019-09-26,SPY,-0.0054014544,0.012678539,0.018079994,train,0.04561595
2019-09-26,TLT,0.0024547547,-0.009594994,0.012049749,train,0.008096304
2019-09-27,EFA,0.0036870863,0.03804797,0.034360882,train,0.014649903
2019-09-27,IWM,0.0011899357,-0.024575917,0.025765853,train,0.062581375
2019-09-27,SPY,0.0046266885,-0.015407634,0.020034323,train,0.012678539
2019-09-27,TLT,0.0024494494,-0.029484326,0.031933777,train,-0.009594994
2019-09-30,EFA,-0.009862912,0.03253272,0.042395633,train,0.03804797
2019-09-30,IWM,-0.019819673,0.014758704,0.034578376,train,-0.024575917
2019-09-30,SPY,-0.011965687,-0.0062162597,0.0057494277,train,-0.015407634
2019-09-30,TLT,0.0030063265,-0.027974552,0.030980878,train,-0.029484326
2019-10-01,EFA,-0.020654937,-0.0025571454,0.018097792,train,0.03253272
2019-10-01,IWM,-0.007577251,-0.034216218,0.026638966,train,0.014758704
2019-10-01,SPY,-0.017823065,-0.02925164,0.011428576,train,-0.0062162597
2019-10-01,TLT,0.002439904,-0.03647551,0.038915414,train,-0.027974552
2019-10-02,EFA,0.006618533,-0.0020309035,0.008649437,train,-0.0025571454
2019-10-02,IWM,0.0033224847,0.06635931,0.06303683,train,-0.034216218
2019-10-02,SPY,0.008159943,-0.027424345,0.035584286,train,-0.02925164
2019-10-02,TLT,0.009080255,-0.04235822,0.051438473,train,-0.03647551
2019-10-03,EFA,0.007822273,-0.028932037,0.03675431,train,-0.0020309035
2019-10-03,IWM,0.009431027,0.09084692,0.08141589,train,0.06635931
2019-10-03,SPY,0.013441003,0.044631153,0.03119015,train,-0.027424345
2019-10-03,TLT,0.0073560323,0.028853064,0.021497032,train,-0.04235822
2019-10-04,EFA,-0.0012474016,-0.03271634,0.03146894,train,-0.028932037
2019-10-04,IWM,-0.001744671,-0.013389373,0.011644702,train,0.09084692
2019-10-04,SPY,-0.004324244,-0.017946484,0.013622239,train,0.044631153
2019-10-04,TLT,-0.008322409,0.011538802,0.01986121,train,0.028853064
2019-10-07,EFA,-0.009405878,-0.05158689,0.04218101,train,-0.03271634
2019-10-07,IWM,-0.016388057,0.024275644,0.0406637,train,-0.013389373
2019-10-07,SPY,-0.015646292,-0.0028583035,0.012787988,train,-0.017946484
2019-10-07,TLT,0.002689767,-0.06470027,0.06739003,train,0.011538802
2019-10-08,EFA,0.007218958,-0.038925707,0.046144664,train,-0.05158689
2019-10-08,IWM,0.004564043,0.0067346003,0.0021705572,train,0.024275644
2019-10-08,SPY,0.009451889,-0.031085009,0.0405369,train,-0.0028583035
2019-10-08,TLT,-0.005664104,-0.034636587,0.028972482,train,-0.06470027
2019-10-09,EFA,0.0070122452,-0.053892225,0.06090447,train,-0.038925707
2019-10-09,IWM,0.0040019187,-0.009710057,0.013711976,train,0.0067346003
2019-10-09,SPY,0.0067407633,-0.044918053,0.051658817,train,-0.031085009
2019-10-09,TLT,-0.015006689,-0.043018766,0.028012076,train,-0.034636587
2019-10-10,EFA,0.017699653,-0.026400032,0.044099685,train,-0.053892225
2019-10-10,IWM,0.016782511,0.013752451,0.0030300599,train,-0.009710057
2019-10-10,SPY,0.010313488,-0.041692376,0.052005865,train,-0.044918053
2019-10-10,TLT,-0.012453992,-0.008973183,0.0034808088,train,-0.043018766
2019-10-11,EFA,-0.0041275676,-0.037794024,0.033666454,train,-0.026400032
2019-10-11,IWM,-0.0036685169,0.0022472572,0.005915774,train,0.013752451
2019-10-11,SPY,-0.0011144815,-0.026565796,0.025451314,train,-0.041692376
2019-10-11,TLT,0.007236733,0.001995219,0.005241514,train,-0.008973183
2019-10-14,EFA,0.01157501,0.041861035,0.030286025,train,-0.037794024
2019-10-14,IWM,0.011426944,0.024941226,0.013514282,train,0.0022472572
2019-10-14,SPY,0.00985154,-0.023707466,0.033559006,train,-0.026565796
2019-10-14,TLT,-0.012162296,0.027255988,0.039418284,train,0.001995219
2019-10-15,EFA,0.0015129402,0.07398412,0.07247118,train,0.041861035
2019-10-15,IWM,0.0010562567,0.038255036,0.03719878,train,0.024941226
2019-10-15,SPY,-0.0016069913,-0.026915362,0.02530837,train,-0.023707466
2019-10-15,TLT,0.0012154399,0.01737499,0.016159551,train,0.027255988
2019-10-16,EFA,0.0024162733,0.07527273,0.072856456,train,0.07398412
2019-10-16,IWM,0.01174185,0.071941204,0.060199354,train,0.038255036
2019-10-16,SPY,0.0029445163,0.011260672,0.0083161555,train,-0.026915362
2019-10-16,TLT,-0.002432359,0.044785053,0.04721741,train,0.01737499
2019-10-17,EFA,-0.0004528461,0.071793176,0.07224602,train,0.07527273
2019-10-17,IWM,-0.004771944,0.0015293453,0.0063012894,train,0.071941204
2019-10-17,SPY,-0.0043868423,0.011216115,0.015602957,train,0.011260672
2019-10-17,TLT,0.0,0.031338066,0.031338066,train,0.044785053
2019-10-18,EFA,0.005417826,0.0113233905,0.0059055644,train,0.071793176
2019-10-18,IWM,0.009326514,0.051137626,0.041811112,train,0.0015293453
2019-10-18,SPY,0.0067564882,-0.09566807,0.10242456,train,0.011216115
2019-10-18,TLT,-0.007550766,0.009607911,0.017158678,train,0.031338066
2019-10-21,EFA,-0.0024040837,0.008261332,0.010665416,train,0.0113233905
2019-10-21,IWM,0.0011031147,0.009804944,0.008701829,train,0.051137626
2019-10-21,SPY,-0.0032721362,-0.020254103,0.016981967,train,-0.09566807
2019-10-21,TLT,0.0058298004,0.03074058,0.02491078,train,0.009607911
2019-10-22,EFA,0.0054011527,0.02979569,0.024394536,train,0.008261332
2019-10-22,IWM,0.0012311399,0.036848776,0.035617635,train,0.009804944
2019-10-22,SPY,0.0029052622,-0.026900316,0.029805578,train,-0.020254103
2019-10-22,TLT,0.0010044153,-0.006227078,0.0072314935,train,0.03074058
2019-10-23,EFA,0.0017938289,0.006131349,0.0043375203,train,0.02979569
2019-10-23,IWM,-0.0014258889,0.044428058,0.045853946,train,0.036848776
2019-10-23,SPY,0.001632493,-0.00363555,0.005268043,train,-0.026900316
2019-10-23,TLT,-0.0020098404,0.0019413456,0.0039511863,train,-0.006227078
2019-10-24,EFA,0.001045094,0.005559353,0.0045142593,train,0.006131349
2019-10-24,IWM,0.00530453,0.024226356,0.018921826,train,0.044428058
2019-10-24,SPY,0.0040866993,-0.0077541005,0.0118408,train,-0.00363555
2019-10-24,TLT,-0.004897225,-0.021614058,0.016716832,train,0.0019413456
2019-10-25,EFA,0.0044663306,0.0023041945,0.0021621361,train,0.005559353
2019-10-25,IWM,0.008608144,-0.0141168935,0.022725038,train,0.024226356
2019-10-25,SPY,0.0056207976,-0.037939273,0.04356007,train,-0.0077541005
2019-10-25,TLT,-0.009137523,-0.024972677,0.015835155,train,-0.021614058
2019-10-28,EFA,-0.00029711728,0.03063889,0.030936008,train,0.0023041945
2019-10-28,IWM,0.0032567254,-0.06775164,0.07100836,train,-0.0141168935
2019-10-28,SPY,-0.00029675302,-0.053364895,0.053068142,train,-0.037939273
2019-10-28,TLT,0.00065566617,-0.024796823,0.025452489,train,-0.024972677
2019-10-29,EFA,0.0041519715,0.02292814,0.018776167,train,0.03063889
2019-10-29,IWM,-0.0033207529,-0.02811179,0.024791036,train,-0.06775164
2019-10-29,SPY,0.003062503,-0.0009222524,0.0039847554,train,-0.053364895
2019-10-29,TLT,0.0145277,-0.011718348,0.026246049,train,-0.024796823
2019-10-30,EFA,-0.0023704537,0.035499938,0.037870392,train,0.02292814
2019-10-30,IWM,-0.0056449226,0.03581711,0.04146203,train,-0.02811179
2019-10-30,SPY,-0.0026671092,0.023340248,0.026007356,train,-0.0009222524
2019-10-30,TLT,0.01340059,0.018147556,0.004746966,train,-0.011718348
2019-10-31,EFA,0.00886002,0.0019430388,0.006916981,train,0.035499938
2019-10-31,IWM,0.016903691,0.047767274,0.030863583,train,0.03581711
2019-10-31,SPY,0.0092215035,0.004953894,0.0042676097,train,0.023340248
2019-10-31,TLT,-0.0030828477,0.011605663,0.01468851,train,0.018147556
2019-11-01,EFA,0.005132357,0.013671381,0.008539025,train,0.0019430388
2019-11-01,IWM,0.0053617656,-0.05800022,0.06336199,train,0.047767274
2019-11-01,SPY,0.004009611,-0.0147871785,0.01879679,train,0.004953894
2019-11-01,TLT,-0.013249019,0.021887137,0.035136156,train,0.011605663
2019-11-04,EFA,-0.001903333,0.02193007,0.023833403,train,0.013671381
2019-11-04,IWM,0.0012571379,-0.005143416,0.006400554,train,-0.05800022
2019-11-04,SPY,-0.0011068401,0.037802793,0.038909633,train,-0.0147871785
2019-11-04,TLT,-0.011309846,0.014097108,0.025406953,train,0.021887137
2019-11-05,EFA,-0.00043949584,0.030069293,0.03050879,train,0.02193007
2019-11-05,IWM,-0.0057973224,-0.0031106146,0.0026867078,train,-0.005143416
2019-11-05,SPY,0.00022822262,0.041933328,0.041705105,train,0.037802793
2019-11-05,TLT,0.006032315,0.018165966,0.012133651,train,0.014097108
2019-11-06,EFA,0.003073906,0.022887299,0.019813392,train,0.030069293
2019-11-06,IWM,0.0026509366,-0.016110651,0.018761588,train,-0.0031106146
2019-11-06,SPY,0.0035104994,0.021053804,0.017543305,train,0.041933328
2019-11-06,TLT,-0.018284075,0.042330272,0.060614347,train,0.018165966
2019-11-07,EFA,-0.0005846976,0.027747316,0.028332014,train,0.022887299
2019-11-07,IWM,0.002706749,0.004882563,0.002175814,train,-0.016110651
2019-11-07,SPY,0.0024631452,0.060835928,0.05837278,train,0.021053804
2019-11-07,TLT,-0.0042158416,-0.011862313,0.0076464717,train,0.042330272
2019-11-08,EFA,-0.0013170404,0.025343603,0.026660644,train,0.027747316
2019-11-08,IWM,-0.0018874943,0.0056611095,0.0075486037,train,0.004882563
2019-11-08,SPY,-0.0019117458,0.021913776,0.023825523,train,0.060835928
2019-11-08,TLT,0.00066646386,-0.017242305,0.017908769,train,-0.011862313
2019-11-11,EFA,0.00043904863,0.04028274,0.039843693,train,0.025343603
2019-11-11,IWM,0.00031474323,0.016516235,0.016201492,train,0.0056611095
2019-11-11,SPY,0.0021058496,-0.041093,0.04319885,train,0.021913776
2019-11-11,TLT,0.0045818114,0.013920004,0.009338193,train,-0.017242305
2019-11-12,EFA,-0.003518883,0.03094544,0.034464322,train,0.04028274
2019-11-12,IWM,-0.0042904187,-0.015345434,0.011055015,train,0.016516235
2019-11-12,SPY,0.00032356696,-0.039425284,0.03974885,train,-0.041093
2019-11-12,TLT,0.006468104,0.029953217,0.023485113,train,0.013920004
2019-11-13,EFA,-0.0027948625,0.0020441804,0.004839043,train,0.03094544
2019-11-13,IWM,-0.00031609673,0.024003198,0.024319295,train,-0.015345434
2019-11-13,SPY,0.0014548652,-0.021457227,0.022912093,train,-0.039425284
2019-11-13,TLT,0.010276514,0.0060750376,0.0042014765,train,0.029953217
2019-11-14,EFA,0.0063137454,-0.009090582,0.015404327,train,0.0020441804
2019-11-14,IWM,0.0051730326,-0.0027426602,0.007915692,train,0.024003198
2019-11-14,SPY,0.0072103296,-0.04472027,0.0519306,train,-0.021457227
2019-11-14,TLT,-0.0010878739,-0.01029926,0.009211386,train,0.0060750376
2019-11-15,EFA,0.0011704171,0.008129893,0.0069594756,train,-0.009090582
2019-11-15,IWM,-0.0025198157,-0.046252206,0.04373239,train,-0.0027426602
2019-11-15,SPY,0.0007372417,0.028069356,0.027332114,train,-0.04472027
2019-11-15,TLT,0.001812842,-0.021719651,0.023532493,train,-0.01029926
2019-11-18,EFA,-0.0013166551,0.015034756,0.016351411,train,0.008129893
2019-11-18,IWM,0.0037148006,0.02977821,0.02606341,train,-0.046252206
2019-11-18,SPY,-0.0002883512,0.035949856,0.03623821,train,0.028069356
2019-11-18,TLT,0.008298227,-0.036143877,0.044442102,train,-0.021719651
2019-11-19,EFA,-0.0063146716,0.00012402423,0.006438696,train,0.015034756
2019-11-19,IWM,-0.0037782604,0.004272895,0.008051155,train,0.02977821
2019-11-19,SPY,-0.003725675,0.052573226,0.0562989,train,0.035949856
2019-11-19,TLT,0.010294739,-0.032979533,0.043274272,train,-0.036143877
2019-11-20,EFA,-0.0013268841,-0.015154226,0.013827342,train,0.00012402423
2019-11-20,IWM,-0.0049330937,0.016071731,0.021004826,train,0.004272895
2019-11-20,SPY,-0.0016101759,0.048095718,0.049705893,train,0.052573226
2019-11-20,TLT,-0.0062785684,-0.047459364,0.041180797,train,-0.032979533
2019-11-21,EFA,0.0027989116,0.009702796,0.0069038845,train,-0.015154226
2019-11-21,IWM,0.0031020723,0.04850485,0.04540278,train,0.016071731
2019-11-21,SPY,0.0022212346,0.02674058,0.024519347,train,0.048095718
2019-11-21,TLT,0.0012869686,0.051223397,0.04993643,train,-0.047459364
2019-11-22,EFA,0.007912057,-0.015275991,0.023188047,train,0.009702796
2019-11-22,IWM,0.021013783,0.025523717,0.0045099333,train,0.04850485
2019-11-22,SPY,0.00772053,0.018608138,0.010887608,train,0.02674058
2019-11-22,TLT,0.002926597,0.013524067,0.010597469,train,0.051223397
2019-11-25,EFA,-0.0005837766,-0.00065317936,6.940274e-05,train,-0.015275991
2019-11-25,IWM,0.0006805977,-0.056918703,0.057599302,train,0.025523717
2019-11-25,SPY,0.0022629001,0.017559113,0.015296213,train,0.018608138
2019-11-25,TLT,0.0058274292,0.009571664,0.0037442348,train,0.013524067
2019-11-26,EFA,0.00262492,-0.0089993905,0.01162431,train,-0.00065317936
2019-11-26,IWM,0.0070257345,0.053807907,0.046782173,train,-0.056918703
2019-11-26,SPY,0.0044474853,0.022196382,0.017748896,train,0.017559113
2019-11-26,TLT,-0.0029096974,0.022698164,0.025607862,train,0.009571664
2019-11-27,EFA,-0.007015495,0.006558908,0.013574403,train,-0.0089993905
2019-11-27,IWM,-0.00653111,0.0368563,0.043387413,train,0.053807907
2019-11-27,SPY,-0.0037155105,-0.022143474,0.018427964,train,0.022196382
2019-11-27,TLT,-0.0021340023,-0.016477166,0.014343163,train,0.022698164
2019-11-29,EFA,-0.0051465603,-0.019853624,0.014707063,train,0.006558908
2019-11-29,IWM,-0.009815116,0.06491477,0.07472989,train,0.0368563
2019-11-29,SPY,-0.00853088,0.0096791545,0.018210035,train,-0.022143474
2019-11-29,TLT,-0.01342259,-0.09435721,0.080934614,train,-0.016477166
2019-12-02,EFA,-0.0036925746,-0.012050822,0.008358248,train,-0.019853624
2019-12-02,IWM,-0.00318861,0.030546194,0.033734806,train,0.06491477
2019-12-02,SPY,-0.006729129,-0.00795746,0.0012283316,train,0.0096791545
2019-12-02,TLT,0.020751033,-0.0044243988,0.025175432,train,-0.09435721
2019-12-03,EFA,0.009132553,-0.021563614,0.030696167,train,-0.012050822
2019-12-03,IWM,0.006864859,0.01220567,0.005340811,train,0.030546194
2019-12-03,SPY,0.006151317,-0.017170973,0.02332229,train,-0.00795746
2019-12-03,TLT,-0.010035475,0.100072935,0.11010841,train,-0.0044243988
2019-12-04,EFA,-0.0019080137,-0.01434117,0.012433156,train,-0.021563614
2019-12-04,IWM,0.000994702,-0.059099287,0.060093988,train,0.01220567
2019-12-04,SPY,0.001796254,0.035334297,0.033538043,train,-0.017170973
2019-12-04,TLT,-0.0048760083,-0.053145938,0.048269928,train,0.100072935
2019-12-05,EFA,0.00906711,-0.017584352,0.02665146,train,-0.01434117
2019-12-05,IWM,0.011614002,-0.02984255,0.04145655,train,-0.059099287
2019-12-05,SPY,0.009092206,0.030434309,0.021342102,train,0.035334297
2019-12-05,TLT,-0.0055501345,-0.048178382,0.042628247,train,-0.053145938
2019-12-06,EFA,-0.0052547157,0.003934523,0.009189239,train,-0.017584352
2019-12-06,IWM,-0.0019063007,-0.074808106,0.07290181,train,-0.02984255
2019-12-06,SPY,-0.0031486098,0.0037394874,0.006888097,train,0.030434309
2019-12-06,TLT,0.0021657404,-0.048271507,0.05043725,train,-0.048178382
2019-12-09,EFA,0.00043885913,-0.036348417,0.036787275,train,0.003934523
2019-12-09,IWM,0.00061545405,0.04959088,0.048975423,train,-0.074808106
2019-12-09,SPY,-0.0011159998,-0.033331744,0.032215744,train,0.0037394874
2019-12-09,TLT,7.220066e-05,-0.057099484,0.057171684,train,-0.048271507
2019-12-10,EFA,0.0052523487,-0.004402308,0.009654656,train,-0.036348417
2019-12-10,IWM,-0.00030742565,-0.012708844,0.012401418,train,0.04959088
2019-12-10,SPY,0.002834981,-0.04077877,0.04361375,train,-0.033331744
2019-12-10,TLT,0.007830287,0.024304518,0.016474232,train,-0.057099484
2019-12-11,EFA,0.0066715814,-0.0029165465,0.009588128,train,-0.004402308
2019-12-11,IWM,0.008575416,0.0042004297,0.0043749865,train,-0.012708844
2019-12-11,SPY,0.008581887,-0.030040469,0.038622357,train,-0.04077877
2019-12-11,TLT,-0.016595064,-0.054757513,0.038162448,train,0.024304518
2019-12-12,EFA,0.006914501,0.009749638,0.0028351368,train,-0.0029165465
2019-12-12,IWM,-0.0038497283,-0.026216874,0.022367146,train,0.0042004297
2019-12-12,SPY,0.0005990186,0.035084814,0.034485795,train,-0.030040469
2019-12-12,TLT,0.011501131,0.013404464,0.0019033337,train,-0.054757513
2019-12-13,EFA,0.010627933,0.009106724,0.0015212093,train,0.009749638
2019-12-13,IWM,0.0070235226,0.03565634,0.028632818,train,-0.026216874
2019-12-13,SPY,0.0068463916,0.0054864567,0.0013599349,train,0.035084814
2019-12-13,TLT,-0.009030831,-0.06789237,0.058861542,train,0.013404464
2019-12-16,EFA,-0.005762108,0.024545973,0.03030808,train,0.009106724
2019-12-16,IWM,0.0049909246,-0.0083731655,0.01336409,train,0.03565634
2019-12-16,SPY,0.00021931612,0.024146205,0.02392689,train,0.0054864567
2019-12-16,TLT,-0.0013788559,-0.007887566,0.006508711,train,-0.06789237
2019-12-17,EFA,-0.001301132,0.016401602,0.017702734,train,0.024545973
2019-12-17,IWM,0.0019413275,0.037390433,0.035449106,train,-0.0083731655
2019-12-17,SPY,6.241356e-05,0.022428166,0.022365753,train,0.024146205
2019-12-17,TLT,-0.008246435,-0.053682715,0.045436278,train,-0.007887566
2019-12-18,EFA,0.0,0.020565683,0.020565683,train,0.016401602
2019-12-18,IWM,0.0042934106,0.03821545,0.03392204,train,0.037390433
2019-12-18,SPY,0.0040905783,0.022317067,0.01822649,train,0.022428166
2019-12-18,TLT,0.0015987124,-0.018698696,0.020297408,train,-0.053682715
2019-12-19,EFA,0.000723302,0.006142365,0.005419063,train,0.020565683
2019-12-19,IWM,0.0014469813,0.032419913,0.030972932,train,0.03821545
2019-12-19,SPY,0.0043745604,0.059230655,0.054856095,train,0.022317067
2019-12-19,TLT,0.0013179089,-0.00063551404,0.001953423,train,-0.018698696
2019-12-20,EFA,0.0015886086,0.003341427,0.0017528185,train,0.006142365
2019-12-20,IWM,0.001986261,0.030557206,0.028570944,train,0.032419913
2019-12-20,SPY,0.001526555,0.07592386,0.0743973,train,0.059230655
2019-12-20,TLT,-0.001464599,0.0039876923,0.005452291,train,-0.00063551404
2019-12-23,EFA,-0.0010107786,0.00013775192,0.0011485305,train,0.003341427
2019-12-23,IWM,0.002282429,0.0046689603,0.0023865313,train,0.030557206
2019-12-23,SPY,3.1309773e-05,0.027445016,0.027413707,train,0.07592386
2019-12-23,TLT,0.0028538175,-0.008936815,0.011790632,train,0.0039876923
2019-12-24,EFA,0.004324527,-0.0067419317,0.011066459,train,0.00013775192
2019-12-24,IWM,0.0,-0.020106567,0.020106567,train,0.0046689603
2019-12-24,SPY,0.0053092884,-0.023452524,0.028761812,train,0.027445016
2019-12-24,TLT,0.0024087306,-0.00095672347,0.003365454,train,-0.008936815
2019-12-26,EFA,0.0017246796,-0.0012175906,0.0029422701,train,-0.0067419317
2019-12-26,IWM,-0.0049319854,0.01823517,0.023167156,train,-0.020106567
2019-12-26,SPY,-0.00024773492,0.010056926,0.010304661,train,-0.023452524
2019-12-26,TLT,0.0010933187,-0.028372223,0.029465541,train,-0.00095672347
2019-12-27,EFA,-0.007494771,0.015056526,0.022551298,train,-0.0012175906
2019-12-27,IWM,-0.0025350277,-0.017920544,0.015385517,train,0.01823517
2019-12-27,SPY,-0.0055285026,0.04216458,0.04769308,train,0.010056926
2019-12-27,TLT,-0.003648076,-0.009261573,0.0056134965,train,-0.028372223
2019-12-30,EFA,0.004618694,-0.0038783494,0.0084970435,train,0.015056526
2019-12-30,IWM,0.0013892193,-0.06303488,0.0644241,train,-0.017920544
2019-12-30,SPY,0.0024261095,-0.001217844,0.0036439535,train,0.04216458
2019-12-30,TLT,-0.009842056,-0.060887344,0.051045287,train,-0.009261573
2019-12-31,EFA,0.010030384,0.012541888,0.002511504,train,-0.0038783494
2019-12-31,IWM,0.00066336076,-0.036619082,0.037282445,train,-0.06303488
2019-12-31,SPY,0.009308695,0.055631354,0.04632266,train,-0.001217844
2019-12-31,TLT,0.01122975,-0.025752772,0.03698252,train,-0.060887344
2020-01-02,EFA,-0.012481547,-0.028020123,0.015538576,train,0.012541888
2020-01-02,IWM,-0.003928377,-0.026164198,0.022235822,train,-0.036619082
2020-01-02,SPY,-0.0076013426,0.06833883,0.07594017,train,0.055631354
2020-01-02,TLT,0.015283156,0.016627675,0.0013445187,train,-0.025752772
2020-01-03,EFA,0.003890465,-0.05187951,0.055769976,train,-0.028020123
2020-01-03,IWM,0.001331512,-0.0053939465,0.0067254584,train,-0.026164198
2020-01-03,SPY,0.0038078937,0.040241465,0.03643357,train,0.06833883
2020-01-03,TLT,-0.005695235,0.008872857,0.014568092,train,0.016627675
2020-01-06,EFA,-0.0027362437,0.013076408,0.015812652,train,-0.05187951
2020-01-06,IWM,-0.0033318605,0.00591,0.00924186,train,-0.0053939465
2020-01-06,SPY,-0.0028158368,0.042820126,0.04563596,train,0.040241465
2020-01-06,TLT,-0.0049274834,0.0284221,0.033349585,train,0.008872857
2020-01-07,EFA,0.0028799353,-0.015327306,0.01820724,train,0.013076408
2020-01-07,IWM,0.0030897725,0.03495328,0.03186351,train,0.00591
2020-01-07,SPY,0.0053153685,0.06315323,0.057837863,train,0.042820126
2020-01-07,TLT,-0.0066332524,0.004637651,0.011270903,train,0.0284221
2020-01-08,EFA,0.0022977688,-0.004063146,0.006360915,train,-0.015327306
2020-01-08,IWM,0.0012090587,0.03475625,0.033547193,train,0.03495328
2020-01-08,SPY,0.006758201,0.01533773,0.008579529,train,0.06315323
2020-01-08,TLT,0.0035046062,-0.011077324,0.01458193,train,0.004637651
2020-01-09,EFA,-0.0037366669,-0.007439373,0.0037027062,train,-0.004063146
2020-01-09,IWM,-0.00375303,0.043995745,0.047748774,train,0.03475625
2020-01-09,SPY,-0.002881973,0.020664811,0.023546785,train,0.01533773
2020-01-09,TLT,0.008851472,-0.0002140794,0.009065552,train,-0.011077324
2020-01-10,EFA,0.0051699406,-0.022002546,0.027172487,train,-0.007439373
2020-01-10,IWM,0.006468079,0.044570364,0.038102284,train,0.043995745
2020-01-10,SPY,0.0068537043,0.040455908,0.033602204,train,0.020664811
2020-01-10,TLT,-0.0030383451,-0.019018307,0.015979962,train,-0.0002140794
2020-01-13,EFA,0.0010024364,0.028059153,0.027056716,train,-0.022002546
2020-01-13,IWM,0.0036691052,-0.0032986756,0.006967781,train,0.044570364
2020-01-13,SPY,-0.0015258165,0.0022598598,0.0037856763,train,0.040455908
2020-01-13,TLT,0.005130994,-0.031014336,0.03614533,train,-0.019018307
2020-01-14,EFA,0.0,0.01292775,0.01292775,train,0.028059153
2020-01-14,IWM,0.004791354,-0.006547343,0.011338697,train,-0.0032986756
2020-01-14,SPY,0.0022573094,0.034889273,0.032631963,train,0.0022598598
2020-01-14,TLT,0.006609331,-0.024485203,0.031094532,train,-0.031014336
2020-01-15,EFA,0.0041415635,-0.004346395,0.008487958,train,0.01292775
2020-01-15,IWM,0.01282259,0.006480938,0.006341652,train,-0.006547343
2020-01-15,SPY,0.008283764,0.030602386,0.022318622,train,0.034889273
2020-01-15,TLT,-0.003155435,-0.031852394,0.02869696,train,-0.024485203
2020-01-16,EFA,0.0029880004,0.026508188,0.023520187,train,-0.004346395
2020-01-16,IWM,-0.0027166887,0.016413813,0.019130502,train,0.006480938
2020-01-16,SPY,0.00310788,-0.0019460339,0.005053914,train,0.030602386
2020-01-16,TLT,-0.0085848905,-0.015497853,0.0069129625,train,-0.031852394
2020-01-17,EFA,-0.007988407,0.01532053,0.023308937,train,0.026508188
2020-01-17,IWM,-0.008315353,0.050352514,0.05866787,train,0.016413813
2020-01-17,SPY,-0.0019599646,0.068454415,0.07041438,train,-0.0019460339
2020-01-17,TLT,0.010450876,-0.029088324,0.0395392,train,-0.015497853
2020-01-21,EFA,0.0020029945,-0.031375647,0.033378642,train,0.01532053
2020-01-21,IWM,-0.00065607723,0.04330247,0.043958545,train,0.050352514
2020-01-21,SPY,0.00012051853,0.06300006,0.06287954,train,0.068454415
2020-01-21,TLT,0.0035073431,-0.06705399,0.070561334,train,-0.029088324
2020-01-22,EFA,-0.00243266,-0.008105023,0.0056723626,train,-0.031375647
2020-01-22,IWM,-0.0006566062,0.059556194,0.0602128,train,0.04330247
2020-01-22,SPY,0.0011463606,0.033625968,0.032479607,train,0.06300006
2020-01-22,TLT,0.0069776727,-0.011787504,0.018765178,train,-0.06705399
2020-01-23,EFA,-0.0043082186,-0.017426329,0.013118111,train,-0.008105023
2020-01-23,IWM,-0.012378613,0.02775881,0.040137425,train,0.059556194
2020-01-23,SPY,-0.008932839,0.026978021,0.03591086,train,0.033625968
2020-01-23,TLT,0.00805539,0.031071587,0.023016196,train,-0.011787504
2020-01-24,EFA,-0.020939952,-0.0007622745,0.020177677,train,-0.017426329
2020-01-24,IWM,-0.011432242,0.012935767,0.024368009,train,0.02775881
2020-01-24,SPY,-0.016159058,-0.0002688337,0.015890224,train,0.026978021
2020-01-24,TLT,0.015435239,0.00983928,0.0055959597,train,0.031071587
2020-01-27,EFA,0.009361122,-0.032784082,0.042145204,train,-0.0007622745
2020-01-27,IWM,0.008283176,0.059564985,0.05128181,train,0.012935767
2020-01-27,SPY,0.010424312,-0.022948058,0.033372372,train,-0.0002688337
2020-01-27,TLT,-0.0078628445,0.006544208,0.014407053,train,0.00983928
2020-01-28,EFA,0.00014513754,-0.04815694,0.048302077,train,-0.032784082
2020-01-28,IWM,-0.005717662,-0.0050758272,0.0006418349,train,0.059564985
2020-01-28,SPY,-0.0008263687,0.04794071,0.04876708,train,-0.022948058
2020-01-28,TLT,0.009732148,-0.018008025,0.027740173,train,0.006544208
2020-01-29,EFA,-0.0008735346,-0.05835869,0.057485156,train,-0.04815694
2020-01-29,IWM,0.0,0.077875964,0.077875964,train,-0.0050758272
2020-01-29,SPY,0.0032402044,0.057981275,0.05474107,train,0.04794071
2020-01-29,TLT,0.00013871351,-0.0062990915,0.006437805,train,-0.018008025
2020-01-30,EFA,-0.0170442,-0.075154774,0.058110572,train,-0.05835869
2020-01-30,IWM,-0.020958774,0.043908022,0.064866796,train,0.077875964
2020-01-30,SPY,-0.018324835,0.05427497,0.072599806,train,0.057981275
2020-01-30,TLT,0.009088182,-0.041808277,0.05089646,train,-0.0062990915
2020-01-31,EFA,0.0023681712,-0.08272413,0.085092306,train,-0.075154774
2020-01-31,IWM,0.011088993,0.0021832343,0.008905759,train,0.043908022
2020-01-31,SPY,0.0074010836,0.00791618,0.0005150968,train,0.05427497
2020-01-31,TLT,-0.00081045885,0.022286331,0.02309679,train,-0.041808277
2020-02-03,EFA,0.01656812,-0.031121911,0.047690034,train,-0.08272413
2020-02-03,IWM,0.014980849,0.05237724,0.03739639,train,0.0021832343
2020-02-03,SPY,0.015126152,0.07078073,0.055654578,train,0.00791618
2020-02-03,TLT,-0.013558352,0.017438361,0.030996714,train,0.022286331
2020-02-04,EFA,0.009551402,-0.02302892,0.032580324,train,-0.031121911
2020-02-04,IWM,0.015297635,0.020130461,0.0048328256,train,0.05237724
2020-02-04,SPY,0.011481867,0.06718272,0.055700853,train,0.07078073
2020-02-04,TLT,-0.010995385,-0.0075217206,0.0034736646,train,0.017438361
2020-02-05,EFA,0.0027329638,-0.028551048,0.031284012,train,-0.02302892
2020-02-05,IWM,-0.0022739237,0.0020437986,0.0043177223,train,0.020130461
2020-02-05,SPY,0.0033589622,0.022456257,0.019097295,train,0.06718272
2020-02-05,TLT,0.0044964887,-0.012134405,0.016630894,train,-0.0075217206
2020-02-06,EFA,-0.009525342,-0.018649934,0.009124592,train,-0.028551048
2020-02-06,IWM,-0.01235623,0.014975274,0.027331505,train,0.0020437986
2020-02-06,SPY,-0.0053437385,-0.015782295,0.010438556,train,0.022456257
2020-02-06,TLT,0.012400945,-0.022044638,0.034445584,train,-0.012134405
2020-02-07,EFA,0.0020280147,-0.015516883,0.017544897,train,-0.018649934
2020-02-07,IWM,0.005624367,-0.018953329,0.024577696,train,0.014975274
2020-02-07,SPY,0.007437561,-0.11518776,0.12262532,train,-0.015782295
2020-02-07,TLT,0.0027657526,0.010714406,0.007948654,train,-0.022044638
2020-02-10,EFA,0.006778664,0.016942414,0.01016375,train,-0.015516883
2020-02-10,IWM,0.00691187,0.0058651194,0.0010467507,train,-0.018953329
2020-02-10,SPY,0.0017318081,-0.020727152,0.02245896,train,-0.11518776
2020-02-10,TLT,-0.005053322,0.007508224,0.012561546,train,0.010714406
2020-02-11,EFA,0.0034437212,-0.010913774,0.014357496,train,0.016942414
2020-02-11,IWM,0.006864228,-0.011208789,0.018073017,train,0.0058651194
2020-02-11,SPY,0.0064221756,-0.019805396,0.026227571,train,-0.020727152
2020-02-11,TLT,-0.005079051,-0.046423152,0.041344102,train,0.007508224
2020-02-12,EFA,-0.007043424,-0.007718293,0.00067486893,train,-0.010913774
2020-02-12,IWM,0.0026138474,-0.010667123,0.01328097,train,-0.011208789
2020-02-12,SPY,-0.0010678977,0.0071900543,0.008257952,train,-0.019805396
2020-02-12,TLT,0.0038297498,-0.027390216,0.031219965,train,-0.046423152
2020-02-13,EFA,-0.0017325818,-0.020985125,0.019252542,train,-0.007718293
2020-02-13,IWM,-0.0038639852,0.011284633,0.015148617,train,-0.010667123
2020-02-13,SPY,0.001600926,0.05041965,0.048818726,train,0.0071900543
2020-02-13,TLT,0.0043677273,-0.011491483,0.01585921,train,-0.027390216
2020-02-14,EFA,-0.006378872,0.0030580126,0.009436885,train,-0.020985125
2020-02-14,IWM,-0.0021462732,0.005730359,0.007876632,train,0.011284633
2020-02-14,SPY,-0.002580159,0.06637814,0.0689583,train,0.05041965
2020-02-14,TLT,0.0068254466,0.017912662,0.011087215,train,-0.011491483
2020-02-18,EFA,0.0033395127,-0.028950455,0.032289967,train,0.0030580126
2020-02-18,IWM,0.005119864,0.014742846,0.009622982,train,0.005730359
2020-02-18,SPY,0.004769677,0.048050962,0.043281287,train,0.06637814
2020-02-18,TLT,-6.8751324e-05,0.011298491,0.011367242,train,0.017912662
2020-02-19,EFA,-0.0059607155,-0.006966954,0.0010062386,train,-0.028950455
2020-02-19,IWM,0.00243174,-0.003305992,0.005737732,train,0.014742846
2020-02-19,SPY,-0.004116452,0.033676855,0.03779331,train,0.048050962
2020-02-19,TLT,0.007802832,0.03959825,0.031795416,train,0.011298491
2020-02-20,EFA,-0.004676815,-0.010130474,0.005453659,train,-0.006966954
2020-02-20,IWM,-0.010181525,0.0060238224,0.016205348,train,-0.003305992
2020-02-20,SPY,-0.010352049,0.0132899415,0.02364199,train,0.033676855
2020-02-20,TLT,0.009297413,0.061399244,0.052101832,train,0.03959825
2020-02-21,EFA,-0.040816057,-0.0012939516,0.039522104,train,-0.010130474
2020-02-21,IWM,-0.030563947,0.051119126,0.08168307,train,0.0060238224
2020-02-21,SPY,-0.03372765,-0.019945139,0.0137825105,train,0.0132899415
2020-02-21,TLT,0.014818245,0.026772225,0.011953981,train,0.061399244
2020-02-24,EFA,-0.016618341,-0.068287335,0.051668994,train,-0.0012939516
2020-02-24,IWM,-0.03618708,-0.01564763,0.02053945,train,0.051119126
2020-02-24,SPY,-0.030770939,-0.06475429,0.033983354,train,-0.019945139
2020-02-24,TLT,0.005310171,-0.014535958,0.019846128,train,0.026772225
2020-02-25,EFA,0.0012404174,-0.08815858,0.089398995,train,-0.068287335
2020-02-25,IWM,-0.011647023,-0.10781223,0.09616521,train,-0.01564763
2020-02-25,SPY,-0.003684749,-0.017572785,0.013888036,train,-0.06475429
2020-02-25,TLT,-0.005310171,-0.041420005,0.036109835,train,-0.014535958
2020-02-26,EFA,-0.030045345,-0.063586704,0.03354136,train,-0.08815858
2020-02-26,IWM,-0.035845257,-0.04678438,0.010939121,train,-0.10781223
2020-02-26,SPY,-0.04595136,0.030620402,0.07657176,train,-0.017572785
2020-02-26,TLT,0.010789949,-0.0934939,0.104283854,train,-0.041420005
2020-02-27,EFA,-0.006086911,-0.082369335,0.07628243,train,-0.063586704
2020-02-27,IWM,-0.018484587,-0.13630319,0.1178186,train,-0.04678438
2020-02-27,SPY,-0.0042103627,-0.075383596,0.071173236,train,0.030620402
2020-02-27,TLT,0.022332542,-0.021857599,0.04419014,train,-0.0934939
2020-02-28,EFA,0.012771563,-0.017802576,0.03057414,train,-0.082369335
2020-02-28,IWM,0.031614065,-0.028476829,0.060090892,train,-0.13630319
2020-02-28,SPY,0.042394664,0.13181195,0.08941728,train,-0.075383596
2020-02-28,TLT,-0.0073849265,0.025781175,0.033166103,train,-0.021857599
2020-03-02,EFA,-0.008123019,-0.07334264,0.065219626,train,-0.017802576
2020-03-02,IWM,-0.020604247,0.15953767,0.18014193,train,-0.028476829
2020-03-02,SPY,-0.029050298,-0.05843424,0.029383942,train,0.13181195
2020-03-02,TLT,0.015406921,-0.04382269,0.059229612,train,0.025781175
2020-03-03,EFA,0.029467244,-0.123170786,0.15263803,train,-0.07334264
2020-03-03,IWM,0.028058559,-0.02515867,0.05321723,train,0.15953767
2020-03-03,SPY,0.041173685,0.031664826,0.009508859,train,-0.05843424
2020-03-03,TLT,-0.010675756,-0.0022657905,0.008409966,train,-0.04382269
2020-03-04,EFA,-0.026911769,-0.02187105,0.0050407182,train,-0.123170786
2020-03-04,IWM,-0.03232555,0.12814578,0.16047134,train,-0.02515867
2020-03-04,SPY,-0.033806782,-0.30787638,0.2740696,train,0.031664826
2020-03-04,TLT,0.024586873,-0.060535043,0.085121915,train,-0.0022657905
2020-03-05,EFA,-0.015108014,-0.11820557,0.10309756,train,-0.02187105
2020-03-05,IWM,-0.020020349,-0.053877927,0.033857577,train,0.12814578
2020-03-05,SPY,-0.016669055,0.0129453,0.029614355,train,-0.30787638
2020-03-05,TLT,0.050735157,0.041406803,0.009328354,train,-0.060535043
2020-03-06,EFA,-0.08074458,-0.14310077,0.06235619,train,-0.11820557
2020-03-06,IWM,-0.10228685,-0.011009259,0.09127759,train,-0.053877927
2020-03-06,SPY,-0.08131266,-0.13457929,0.05326663,train,0.0129453
2020-03-06,TLT,0.026742246,-0.012929494,0.03967174,train,0.041406803
2020-03-09,EFA,0.03620458,-0.04913389,0.08533847,train,-0.14310077
2020-03-09,IWM,0.030743502,-0.051691853,0.082435355,train,-0.011009259
2020-03-09,SPY,0.050450724,-0.13989544,0.19034617,train,-0.13457929
2020-03-09,TLT,-0.052618593,-0.069614746,0.016996153,train,-0.012929494
2020-03-10,EFA,-0.05230971,0.0146065485,0.06691626,train,-0.04913389
2020-03-10,IWM,-0.06571429,0.0029854812,0.06869978,train,-0.051691853
2020-03-10,SPY,-0.049976606,-0.0798777,0.029901091,train,-0.13989544
2020-03-10,TLT,-0.037491858,-0.117366925,0.07987507,train,-0.069614746
2020-03-11,EFA,-0.11642377,-0.08118846,0.035235308,train,0.0146065485
2020-03-11,IWM,-0.11709826,-0.14731723,0.030218974,train,0.0029854812
2020-03-11,SPY,-0.10056908,0.0014064666,0.101975545,train,-0.0798777
2020-03-11,TLT,0.0061773495,-0.086850695,0.093028046,train,-0.117366925
2020-03-12,EFA,0.058771897,-0.011666859,0.07043876,train,-0.08118846
2020-03-12,IWM,0.06483433,-0.17520478,0.24003911,train,-0.14731723
2020-03-12,SPY,0.082027994,-0.010595107,0.0926231,train,0.0014064666
2020-03-12,TLT,-0.02286234,0.10782968,0.13069202,train,-0.086850695
2020-03-13,EFA,-0.108915746,-0.12814432,0.019228578,train,-0.011666859
2020-03-13,IWM,-0.14233504,-0.40022784,0.2578928,train,-0.17520478
2020-03-13,SPY,-0.11588642,-0.02097028,0.09491614,train,-0.010595107
2020-03-13,TLT,0.06275464,-0.029511327,0.09226596,train,0.10782968
2020-03-16,EFA,0.047534887,0.18559974,0.13806486,train,-0.12814432
2020-03-16,IWM,0.044820957,0.06602249,0.021201536,train,-0.40022784
2020-03-16,SPY,0.05258496,0.043106116,0.009478845,train,-0.02097028
2020-03-16,TLT,-0.06901028,-0.04902357,0.019986711,train,-0.029511327
2020-03-17,EFA,-0.058980305,-0.1614561,0.10247579,train,0.18559974
2020-03-17,IWM,-0.08068099,-0.2111175,0.13043651,train,0.06602249
2020-03-17,SPY,-0.05195985,-0.13913094,0.087171085,train,0.043106116
2020-03-17,TLT,-0.05806616,-0.16159795,0.10353179,train,-0.04902357
2020-03-18,EFA,0.015441546,0.021801,0.0063594542,train,-0.1614561
2020-03-18,IWM,0.03826999,-0.13299546,0.17126545,train,-0.2111175
2020-03-18,SPY,0.0021226108,-0.0893892,0.09151181,train,-0.13913094
2020-03-18,TLT,0.026861575,-0.13000764,0.15686922,train,-0.16159795
2020-03-19,EFA,-0.012461878,-0.08719897,0.074737094,train,0.021801
2020-03-19,IWM,-0.024067117,0.017817674,0.04188479,train,-0.13299546
2020-03-19,SPY,-0.04405011,-0.060460217,0.016410109,train,-0.0893892
2020-03-19,TLT,0.072502375,-0.20283896,0.27534133,train,-0.13000764
2020-03-20,EFA,-0.011758563,0.0043074545,0.016066018,train,-0.08719897
2020-03-20,IWM,-0.014903342,-0.09863273,0.08372939,train,0.017817674
2020-03-20,SPY,-0.025900844,-0.081893586,0.05599274,train,-0.060460217
2020-03-20,TLT,0.040382754,-0.084638484,0.12502123,train,-0.20283896
2020-03-23,EFA,0.08133229,0.051929496,0.029402792,train,0.0043074545
2020-03-23,IWM,0.08754516,0.118402116,0.03085696,train,-0.09863273
2020-03-23,SPY,0.086730994,0.12323015,0.036499158,train,-0.081893586
2020-03-23,TLT,-0.018789338,0.054442734,0.07323207,train,-0.084638484
2020-03-24,EFA,0.03199647,-0.11327293,0.1452694,train,0.051929496
2020-03-24,IWM,0.012352028,-0.10417373,0.116525754,train,0.118402116
2020-03-24,SPY,0.014859245,0.1645411,0.14968185,train,0.12323015
2020-03-24,TLT,-0.002273901,-0.16699064,0.16471674,train,0.054442734
2020-03-25,EFA,0.04376701,-0.1350811,0.1788481,train,-0.11327293
2020-03-25,IWM,0.06034094,-0.0987444,0.15908533,train,-0.10417373
2020-03-25,SPY,0.056748733,0.0034200456,0.053328685,train,0.1645411
2020-03-25,TLT,0.004909599,-0.00065696426,0.0055665635,train,-0.16699064
2020-03-26,EFA,-0.02890101,-0.044306047,0.0154050365,train,-0.1350811
2020-03-26,IWM,-0.037062276,0.03570997,0.07277225,train,-0.0987444
2020-03-26,SPY,-0.030238222,0.03841994,0.06865816,train,0.0034200456
2020-03-26,TLT,0.026342802,-0.08406236,0.11040516,train,-0.00065696426
2020-03-27,EFA,0.020039724,-0.075130574,0.0951703,train,-0.044306047
2020-03-27,IWM,0.02179352,-0.056324728,0.07811825,train,0.03570997
2020-03-27,SPY,0.03195927,0.034199663,0.0022403933,train,0.03841994
2020-03-27,TLT,-0.0082635125,-0.11985529,0.11159178,train,-0.08406236
2020-03-30,EFA,-0.008753055,0.012382736,0.021135792,train,-0.075130574
2020-03-30,IWM,-0.005054582,-0.019073362,0.01401878,train,-0.056324728
2020-03-30,SPY,-0.015017425,-0.011209467,0.0038079573,train,0.034199663
2020-03-30,TLT,-0.008149397,0.037936963,0.04608636,train,-0.11985529
2020-03-31,EFA,-0.04534497,-0.13839617,0.0930512,train,0.012382736
2020-03-31,IWM,-0.070579074,-0.1859355,0.11535642,train,-0.019073362
2020-03-31,SPY,-0.046049017,0.0644825,0.110531524,train,-0.011209467
2020-03-31,TLT,0.013913541,0.08546911,0.07155557,train,0.037936963
2020-04-01,EFA,0.01938425,0.037509613,0.018125363,train,-0.13839617
2020-04-01,IWM,0.009424735,0.01130013,0.001875395,train,-0.1859355
2020-04-01,SPY,0.022813214,0.072420456,0.04960724,train,0.0644825
2020-04-01,TLT,0.0063256393,0.039918564,0.033592924,train,0.08546911
2020-04-02,EFA,-0.023109931,-0.013512539,0.009597393,train,0.037509613
2020-04-02,IWM,-0.028736176,-0.044097237,0.015361061,train,0.01130013
2020-04-02,SPY,-0.014559682,0.18582806,0.20038775,train,0.072420456
2020-04-02,TLT,0.0023762078,0.011981746,0.009605538,train,0.039918564
2020-04-03,EFA,0.051685978,0.026376968,0.02530901,train,-0.013512539
2020-04-03,IWM,0.07377323,0.010934709,0.06283852,train,-0.044097237
2020-04-03,SPY,0.06500691,0.19923812,0.13423121,train,0.18582806
2020-04-03,TLT,-0.002614496,0.12198448,0.12459898,train,0.011981746
2020-04-06,EFA,0.00558143,-0.1992462,0.20482762,train,0.026376968
2020-04-06,IWM,0.0025713653,-0.18763968,0.19021104,train,0.010934709
2020-04-06,SPY,0.001018691,0.015777877,0.014759186,train,0.19923812
2020-04-06,TLT,-0.010527644,0.03755667,0.048084315,train,0.12198448
2020-04-07,EFA,0.0081302,-0.031178707,0.039308906,train,-0.1992462
2020-04-07,IWM,0.044598345,-0.05028698,0.09488532,train,-0.18763968
2020-04-07,SPY,0.033017464,0.05704023,0.024022765,train,0.015777877
2020-04-07,TLT,-0.0073024156,0.06930613,0.076608546,train,0.03755667
2020-04-08,EFA,0.02238283,0.06577215,0.043389324,train,-0.031178707
2020-04-08,IWM,0.046743143,-0.0220956,0.068838745,train,-0.05028698
2020-04-08,SPY,0.0151026845,0.05839511,0.043292426,train,0.05704023
2020-04-08,TLT,0.0018154603,0.028691156,0.026875695,train,0.06930613
2020-04-09,EFA,-0.009583141,0.08238882,0.091971956,train,0.06577215
2020-04-09,IWM,-0.027450565,-0.067398064,0.0399475,train,-0.0220956
2020-04-09,SPY,-0.0091720475,-0.0007583741,0.008413673,train,0.05839511
2020-04-09,TLT,-0.009172147,0.03455534,0.043727487,train,0.028691156
2020-04-13,EFA,0.017648451,-0.048109353,0.0657578,train,0.08238882
2020-04-13,IWM,0.020067938,-0.15429789,0.17436582,train,-0.067398064
2020-04-13,SPY,0.029066158,-0.06505831,0.09412447,train,-0.0007583741
2020-04-13,TLT,-0.00024398179,-0.016293222,0.01604924,train,0.03455534
2020-04-14,EFA,-0.031737186,0.092847764,0.12458495,train,-0.048109353
2020-04-14,IWM,-0.041650064,-0.0732989,0.031648837,train,-0.15429789
2020-04-14,SPY,-0.02147687,-0.006056482,0.015420388,train,-0.06505831
2020-04-14,TLT,0.026144559,-0.025062906,0.051207464,train,-0.016293222
2020-04-15,EFA,0.0005525904,0.07042632,0.069873735,train,0.092847764
2020-04-15,IWM,-0.007583638,0.04803764,0.055621278,train,-0.0732989
2020-04-15,SPY,0.0048127896,-0.06901873,0.07383152,train,-0.006056482
2020-04-15,TLT,0.011292648,0.121943824,0.11065118,train,-0.025062906
2020-04-16,EFA,0.026173823,-0.005037304,0.031211127,train,0.07042632
2020-04-16,IWM,0.043108173,-0.13442364,0.17753181,train,0.04803764
2020-04-16,SPY,0.026656706,-0.07446111,0.10111782,train,-0.06901873
2020-04-16,TLT,-0.013494956,0.04238952,0.055884477,train,0.121943824
2020-04-17,EFA,-0.015002406,0.16354689,0.17854929,train,-0.005037304
2020-04-17,IWM,-0.0118675595,-0.07982906,0.0679615,train,-0.13442364
2020-04-17,SPY,-0.017775074,-0.0454543,0.027679227,train,-0.07446111
2020-04-17,TLT,0.008012322,-0.03183488,0.039847203,train,0.04238952
2020-04-20,EFA,-0.019678943,0.0068420265,0.02652097,train,0.16354689
2020-04-20,IWM,-0.02416646,-0.12658343,0.10241697,train,-0.07982906
2020-04-20,SPY,-0.03083376,-0.033953153,0.0031193923,train,-0.0454543
2020-04-20,TLT,0.01251296,-0.06697885,0.07949181,train,-0.03183488
2020-04-21,EFA,0.016760616,-0.05683527,0.07359589,train,0.0068420265
2020-04-21,IWM,0.012072592,-0.07758322,0.08965582,train,-0.12658343
2020-04-21,SPY,0.02195213,0.09999434,0.07804221,train,-0.033953153
2020-04-21,TLT,-0.010269091,-0.113188505,0.102919415,train,-0.06697885
2020-04-22,EFA,-0.0031097757,0.0664679,0.06957768,train,-0.05683527
2020-04-22,IWM,0.009769748,0.06511388,0.05534413,train,-0.07758322
2020-04-22,SPY,-7.188931e-05,0.039686583,0.039758474,train,0.09999434
2020-04-22,TLT,0.0052947393,-0.0048657507,0.01016049,train,-0.113188505
2020-04-23,EFA,0.01147649,0.025658963,0.0141824735,train,0.0664679
2020-04-23,IWM,0.017055117,0.003753027,0.01330209,train,0.06511388
2020-04-23,SPY,0.013842473,0.020314397,0.0064719245,train,0.039686583
2020-04-23,TLT,0.0023437291,-0.011358675,0.013702404,train,-0.0048657507
2020-04-24,EFA,0.013135727,0.06677032,0.053634595,train,0.025658963
2020-04-24,IWM,0.038856145,0.06608503,0.027228888,train,0.003753027
2020-04-24,SPY,0.014315394,0.06235882,0.048043426,train,0.020314397
2020-04-24,TLT,-0.01878905,-0.0043000793,0.01448897,train,-0.011358675
2020-04-27,EFA,0.007479912,0.030784873,0.023304962,train,0.06677032
2020-04-27,IWM,0.014432507,0.08259271,0.068160206,train,0.06608503
2020-04-27,SPY,-0.004608733,0.01602545,0.020634184,train,0.06235882
2020-04-27,TLT,0.011445778,0.040973015,0.029527236,train,-0.0043000793
2020-04-28,EFA,0.024710074,0.010745106,0.013964968,train,0.030784873
2020-04-28,IWM,0.048011575,-0.04769972,0.09571129,train,0.08259271
2020-04-28,SPY,0.025841571,-0.01379385,0.03963542,train,0.01602545
2020-04-28,TLT,-0.0052025337,0.03271784,0.03792037,train,0.040973015
2020-04-29,EFA,-0.020990875,0.016653067,0.03764394,train,0.010745106
2020-04-29,IWM,-0.03876016,-0.11540406,0.0766439,train,-0.04769972
2020-04-29,SPY,-0.009354253,-0.051334165,0.041979913,train,-0.01379385
2020-04-29,TLT,-0.011745891,0.010969123,0.022715013,train,0.03271784
2020-04-30,EFA,-0.0219827,-0.043194346,0.021211646,train,0.016653067
2020-04-30,IWM,-0.04048318,-0.08342386,0.04294068,train,-0.11540406
2020-04-30,SPY,-0.026830325,0.09713694,0.12396726,train,-0.051334165
2020-04-30,TLT,0.008527122,-0.030908173,0.039435297,train,0.010969123
2020-05-01,EFA,-0.0003614633,-0.015168754,0.014807291,train,-0.043194346
2020-05-01,IWM,0.004305903,-0.092237286,0.09654319,train,-0.08342386
2020-05-01,SPY,0.0027543057,0.051507466,0.04875316,train,0.09713694
2020-05-01,TLT,-0.0047152094,0.072252594,0.076967806,train,-0.030908173
2020-05-04,EFA,0.001805682,-0.025670914,0.027476596,train,-0.015168754
2020-05-04,IWM,0.0076883263,0.05576922,0.048080895,train,-0.092237286
2020-05-04,SPY,0.009197107,-0.15830931,0.16750641,train,0.051507466
2020-05-04,TLT,-0.006421072,-0.03440439,0.027983317,train,0.072252594
2020-05-05,EFA,-0.006516882,0.065834075,0.07235096,train,-0.025670914
2020-05-05,IWM,-0.0073701623,0.066320255,0.073690414,train,0.05576922
2020-05-05,SPY,-0.006801712,-0.1319152,0.12511349,train,-0.15830931
2020-05-05,TLT,-0.01626759,-0.014220608,0.0020469818,train,-0.03440439
2020-05-06,EFA,0.014962005,0.10745028,0.092488274,train,0.065834075
2020-05-06,IWM,0.013588668,0.058661737,0.04507307,train,0.066320255
2020-05-06,SPY,0.011994202,-0.15669505,0.16868925,train,-0.1319152
2020-05-06,TLT,0.016568093,-0.03527104,0.051839136,train,-0.014220608
2020-05-07,EFA,0.016854916,0.12784597,0.11099106,train,0.10745028
2020-05-07,IWM,0.037879746,0.10435731,0.06647757,train,0.058661737
2020-05-07,SPY,0.016410783,-0.15278868,0.16919947,train,-0.15669505
2020-05-07,TLT,-0.013086205,-0.015504159,0.0024179537,train,-0.03527104
2020-05-08,EFA,-0.0008799185,-0.028176652,0.027296733,train,0.12784597
2020-05-08,IWM,-0.004998924,0.05597198,0.060970902,train,0.10435731
2020-05-08,SPY,0.00020500916,-0.06469883,0.06490384,train,-0.15278868
2020-05-08,TLT,-0.007836709,-0.021482032,0.013645323,train,-0.015504159
2020-05-11,EFA,-0.012759436,0.043593235,0.05635267,train,-0.028176652
2020-05-11,IWM,-0.036575712,0.030243142,0.066818856,train,0.05597198
2020-05-11,SPY,-0.020132354,-0.036761254,0.0166289,train,-0.06469883
2020-05-11,TLT,0.010211924,0.013983497,0.0037715733,train,-0.021482032
2020-05-12,EFA,-0.0076986575,0.109538026,0.11723668,train,0.043593235
2020-05-12,IWM,-0.034045435,-0.0035861228,0.030459313,train,0.030243142
2020-05-12,SPY,-0.017844204,-0.019668115,0.0018239114,train,-0.036761254
2020-05-12,TLT,0.0069724736,-0.010147503,0.017119976,train,0.013983497
2020-05-13,EFA,-0.009571109,0.18132928,0.19090039,train,0.109538026
2020-05-13,IWM,0.0032539985,-0.10382379,0.107077785,train,-0.0035861228
2020-05-13,SPY,0.0118960105,-0.04295066,0.05484667,train,-0.019668115
2020-05-13,TLT,0.009739868,-0.05214131,0.061881177,train,-0.010147503
2020-05-14,EFA,0.0009068958,0.16531561,0.16440871,train,0.18132928
2020-05-14,IWM,0.015794,-0.17120972,0.18700372,train,-0.10382379
2020-05-14,SPY,0.004586535,-0.18243001,0.18701655,train,-0.04295066
2020-05-14,TLT,-0.0025769062,-0.03483223,0.032255325,train,-0.05214131
2020-05-15,EFA,0.03963192,0.13197447,0.092342556,train,0.16531561
2020-05-15,IWM,0.058986645,-0.027419874,0.08640652,train,-0.17120972
2020-05-15,SPY,0.030004939,-0.11117058,0.14117552,train,-0.18243001
2020-05-15,TLT,-0.022197993,-0.044035934,0.02183794,train,-0.03483223
2020-05-18,EFA,-0.013860964,0.09618276,0.11004373,train,0.13197447
2020-05-18,IWM,-0.019944342,-0.010090129,0.009854212,train,-0.027419874
2020-05-18,SPY,-0.010324298,-0.14180154,0.13147724,train,-0.11117058
2020-05-18,TLT,0.003733998,0.016326284,0.012592286,train,-0.044035934
2020-05-19,EFA,0.02063347,-0.10461429,0.12524776,train,0.09618276
2020-05-19,IWM,0.029844211,-0.100070946,0.12991516,train,-0.010090129
2020-05-19,SPY,0.016845625,-0.124204606,0.14105023,train,-0.14180154
2020-05-19,TLT,0.0029897846,0.0026207324,0.00036905217,train,0.016326284
2020-05-20,EFA,-0.011663447,0.044537313,0.05620076,train,-0.10461429
2020-05-20,IWM,0.0017891994,0.03193135,0.030142149,train,-0.100070946
2020-05-20,SPY,-0.0069281356,-0.043236077,0.036307942,train,-0.124204606
2020-05-20,TLT,0.0024944101,-0.0032130922,0.0057075024,train,0.0026207324
2020-05-21,EFA,-0.0028055103,-0.017850742,0.015045231,train,0.044537313
2020-05-21,IWM,0.0048308,0.13749847,0.13266766,train,0.03193135
2020-05-21,SPY,0.0018974761,0.02504089,0.023143413,train,-0.043236077
2020-05-21,TLT,0.0059974645,0.018563969,0.012566505,train,-0.0032130922
2020-05-22,EFA,0.028219758,0.01867508,0.009544678,train,-0.017850742
2020-05-22,IWM,0.028429981,0.14914605,0.120716065,train,0.13749847
2020-05-22,SPY,0.0122449435,0.066139944,0.053895,train,0.02504089
2020-05-22,TLT,-0.013499883,-0.010048598,0.003451285,train,0.018563969
2020-05-26,EFA,0.012047369,0.0806729,0.068625525,train,0.01867508
2020-05-26,IWM,0.030583762,0.09090083,0.06031707,train,0.14914605
2020-05-26,SPY,0.0147697255,-0.019131476,0.0339012,train,0.066139944
2020-05-26,TLT,-0.0018386644,0.01606323,0.017901894,train,-0.010048598
2020-05-27,EFA,0.009400665,0.014957631,0.005556966,train,0.0806729
2020-05-27,IWM,-0.023976445,-0.106439285,0.08246284,train,0.09090083
2020-05-27,SPY,-0.0018470744,0.015469005,0.01731608,train,-0.019131476
2020-05-27,TLT,-0.0036868323,0.043114573,0.046801403,train,0.01606323
2020-05-28,EFA,-0.0035150158,0.03305237,0.036567386,train,0.014957631
2020-05-28,IWM,-0.005743217,-0.11320523,0.10746201,train,-0.106439285
2020-05-28,SPY,0.0044464953,0.021239987,0.016793491,train,0.015469005
2020-05-28,TLT,0.007115308,0.03171272,0.02459741,train,0.043114573
2020-05-29,EFA,0.02205561,0.07753675,0.055481136,train,0.03305237
2020-05-29,IWM,0.009529898,-0.02507277,0.034602668,train,-0.11320523
2020-05-29,SPY,0.0040335557,0.0050981175,0.0010645618,train,0.021239987
2020-05-29,TLT,-0.0067549176,0.033378705,0.04013362,train,0.03171272
2020-06-01,EFA,0.009305284,-0.095378555,0.10468384,train,0.07753675
2020-06-01,IWM,0.008237804,0.019183917,0.010946113,train,-0.02507277
2020-06-01,SPY,0.008245839,0.10562345,0.097377606,train,0.0050981175
2020-06-01,TLT,-0.0036415712,0.06852376,0.072165325,train,0.033378705
2020-06-02,EFA,0.023606202,-0.021446938,0.04505314,train,-0.095378555
2020-06-02,IWM,0.023831598,0.031328127,0.0074965283,train,0.019183917
2020-06-02,SPY,0.013220535,0.118019395,0.10479886,train,0.10562345
2020-06-02,TLT,-0.013386678,0.05727514,0.07066181,train,0.06852376
2020-06-03,EFA,-0.0042942273,-0.028642232,0.024348004,train,-0.021446938
2020-06-03,IWM,-0.0014510396,-0.122592404,0.12114137,train,0.031328127
2020-06-03,SPY,-0.0026300123,0.029281234,0.031911246,train,0.118019395
2020-06-03,TLT,-0.0145851355,0.027675012,0.042260148,train,0.05727514
2020-06-04,EFA,0.01706729,-0.050502814,0.067570105,train,-0.028642232
2020-06-04,IWM,0.037932295,-0.00448543,0.042417727,train,-0.122592404
2020-06-04,SPY,0.025306392,0.16778812,0.14248173,train,0.029281234
2020-06-04,TLT,-0.0071492745,0.022783974,0.029933248,train,0.027675012
2020-06-05,EFA,0.012921512,-0.033023052,0.045944564,train,-0.050502814
2020-06-05,IWM,0.019191,-0.054074273,0.07326527,train,-0.00448543
2020-06-05,SPY,0.01201493,-0.025823096,0.037838027,train,0.16778812
2020-06-05,TLT,0.003836555,-0.018095227,0.021931782,train,0.022783974
2020-06-08,EFA,-0.013078177,0.09618106,0.10925923,train,-0.033023052
2020-06-08,IWM,-0.018658647,-0.08007672,0.06141807,train,-0.054074273
2020-06-08,SPY,-0.0074845664,0.15369892,0.16118349,train,-0.025823096
2020-06-08,TLT,0.011294514,0.050176747,0.038882233,train,-0.018095227
2020-06-09,EFA,-0.0021965415,0.023816306,0.026012847,train,0.09618106
2020-06-09,IWM,-0.027528131,0.00855322,0.03608135,train,-0.08007672
2020-06-09,SPY,-0.005595383,0.13548273,0.14107811,train,0.15369892
2020-06-09,TLT,0.014718872,0.023988167,0.009269295,train,0.050176747
2020-06-10,EFA,-0.05504488,0.053899378,0.10894425,train,0.023816306
2020-06-10,IWM,-0.07934172,-0.16345984,0.08411812,train,0.00855322
2020-06-10,SPY,-0.059377465,0.13216157,0.19153903,train,0.13548273
2020-06-10,TLT,0.018723788,0.016485928,0.00223786,train,0.023988167
2020-06-11,EFA,0.017111484,-0.060399286,0.077510774,train,0.053899378
2020-06-11,IWM,0.023711422,-0.19676326,0.22047469,train,-0.16345984
2020-06-11,SPY,0.01190426,-0.13037449,0.14227875,train,0.13216157
2020-06-11,TLT,-0.009687657,-0.08010284,0.070415184,train,0.016485928
2020-06-12,EFA,0.0040944633,0.17883587,0.1747414,train,-0.060399286
2020-06-12,IWM,0.022856643,0.05320365,0.030347006,train,-0.19676326
2020-06-12,SPY,0.009292429,-0.080192976,0.08948541,train,-0.13037449
2020-06-12,TLT,0.0005542711,-0.0140307415,0.014585013,train,-0.08010284
2020-06-15,EFA,0.01228225,0.09020252,0.077920265,train,0.17883587
2020-06-15,IWM,0.023759395,0.0015378948,0.0222215,train,0.05320365
2020-06-15,SPY,0.019064847,-0.16247936,0.1815442,train,-0.080192976
2020-06-15,TLT,-0.015452522,-0.054947205,0.039494682,train,-0.0140307415
2020-06-16,EFA,0.0037363828,0.07599264,0.07225625,train,0.09020252
2020-06-16,IWM,-0.01824271,0.065094665,0.083337374,train,0.0015378948
2020-06-16,SPY,-0.00416252,-0.0346672,0.030504681,train,-0.16247936
2020-06-16,TLT,0.004119068,-0.022662608,0.026781676,train,-0.054947205
2020-06-17,EFA,-0.005365214,0.04878497,0.054150186,train,0.07599264
2020-06-17,IWM,-0.00035249168,-0.05714663,0.05679414,train,0.065094665
2020-06-17,SPY,0.00038501652,0.0061967056,0.005811689,train,-0.0346672
2020-06-17,TLT,0.010532903,0.049137555,0.038604654,train,-0.022662608
2020-06-18,EFA,-0.004902841,-0.040281013,0.035378173,train,0.04878497
2020-06-18,IWM,-0.0051641944,-0.067735255,0.06257106,train,-0.05714663
2020-06-18,SPY,-0.005731274,0.034789197,0.04052047,train,0.0061967056
2020-06-18,TLT,0.00080055126,0.013344811,0.01254426,train,0.049137555
2020-06-19,EFA,0.011888396,0.03158459,0.019696195,train,-0.040281013
2020-06-19,IWM,0.009950933,-0.08977694,0.09972788,train,-0.067735255
2020-06-19,SPY,0.0063945353,-0.006297076,0.012691611,train,0.034789197
2020-06-19,TLT,0.00012321636,0.013812562,0.013689346,train,0.013344811
2020-06-22,EFA,0.0054892986,0.015988506,0.010499207,train,0.03158459
2020-06-22,IWM,0.004204575,-0.19674312,0.20094769,train,-0.08977694
2020-06-22,SPY,0.0045933705,0.123926885,0.11933351,train,-0.006297076
2020-06-22,TLT,-0.0068583745,0.010526216,0.01738459,train,0.013812562
2020-06-23,EFA,-0.025933191,0.02960745,0.055540644,train,0.015988506
2020-06-23,IWM,-0.032985732,-0.17988402,0.14689828,train,-0.19674312
2020-06-23,SPY,-0.025839873,0.08103157,0.10687144,train,0.123926885
2020-06-23,TLT,0.010668794,0.03871072,0.028041927,train,0.010526216
2020-06-24,EFA,0.014110188,-0.07464187,0.08875205,train,0.02960745
2020-06-24,IWM,0.014992608,-0.24179393,0.25678653,train,-0.17988402
2020-06-24,SPY,0.010663428,-0.16059148,0.17125492,train,0.08103157
2020-06-24,TLT,0.0028787474,-0.032941576,0.035820324,train,0.03871072
2020-06-25,EFA,-0.014606096,0.025043136,0.039649233,train,-0.07464187
2020-06-25,IWM,-0.02728221,0.0010073092,0.02828952,train,-0.24179393
2020-06-25,SPY,-0.024037901,-0.02040585,0.0036320519,train,-0.16059148
2020-06-25,TLT,0.010646207,-0.02885289,0.039499097,train,-0.032941576
2020-06-26,EFA,0.008067945,-0.004272448,0.012340393,train,0.025043136
2020-06-26,IWM,0.032182977,-0.024962062,0.057145037,train,0.0010073092
2020-06-26,SPY,0.014590626,-0.018144557,0.032735184,train,-0.02040585
2020-06-26,TLT,-0.0031516918,-0.025844343,0.02269265,train,-0.02885289
2020-06-29,EFA,-0.0018053523,0.009878023,0.011683375,train,-0.004272448
2020-06-29,IWM,0.014349992,0.038759194,0.024409201,train,-0.024962062
2020-06-29,SPY,0.012728232,-0.0027765725,0.015504804,train,-0.018144557
2020-06-29,TLT,-0.0048682448,-0.02043713,0.015568886,train,-0.025844343
2020-06-30,EFA,0.003771231,0.06565983,0.061888598,train,0.009878023
2020-06-30,IWM,-0.009543515,0.10403563,0.11357915,train,0.038759194
2020-06-30,SPY,0.0069803083,0.059557855,0.052577548,train,-0.0027765725
2020-06-30,TLT,-0.0019441246,0.008940859,0.010884983,train,-0.02043713
2020-07-01,EFA,0.010905976,0.027758704,0.016852729,train,0.06565983
2020-07-01,IWM,0.0040813037,-0.015351335,0.019432638,train,0.10403563
2020-07-01,SPY,0.0054915654,0.0028072465,0.002684319,train,0.059557855
2020-07-01,TLT,0.0010393197,0.028928788,0.027889468,train,0.008940859
2020-07-02,EFA,0.016218731,0.008251833,0.007966898,train,0.027758704
2020-07-02,IWM,0.0072071943,-0.06316416,0.07037135,train,-0.015351335
2020-07-02,SPY,0.015319317,-0.002087742,0.01740706,train,0.0028072465
2020-07-02,TLT,-0.0041033775,0.012471816,0.016575193,train,0.028928788
2020-07-06,EFA,-0.014762826,-0.030924732,0.016161906,train,0.008251833
2020-07-06,IWM,-0.017867716,-0.05034832,0.032480605,train,-0.06316416
2020-07-06,SPY,-0.010367116,-0.0046119858,0.00575513,train,-0.002087742
2020-07-06,TLT,0.013957843,0.07565496,0.061697118,train,0.012471816
2020-07-07,EFA,0.008371087,-0.0011981446,0.009569231,train,-0.030924732
2020-07-07,IWM,0.007424947,0.010242669,0.002817722,train,-0.05034832
2020-07-07,SPY,0.00761941,0.017640075,0.010020665,train,-0.0046119858
2020-07-07,TLT,-0.0040024887,0.10001454,0.10401703,train,0.07565496
2020-07-08,EFA,-0.011447334,0.0024544224,0.013901756,train,-0.0011981446
2020-07-08,IWM,-0.020427274,-0.048542865,0.028115591,train,0.010242669
2020-07-08,SPY,-0.0057089766,-0.024224957,0.018515982,train,0.017640075
2020-07-08,TLT,0.015796686,0.0034323782,0.012364307,train,0.10001454
2020-07-09,EFA,0.0106454855,-0.038872622,0.04951811,train,0.0024544224
2020-07-09,IWM,0.015978854,0.000759894,0.01521896,train,-0.048542865
2020-07-09,SPY,0.010158548,0.009204416,0.0009541325,train,-0.024224957
2020-07-09,TLT,-0.005037337,0.014402909,0.019440247,train,0.0034323782
2020-07-10,EFA,-0.0064381785,0.01577324,0.02221142,train,-0.038872622
2020-07-10,IWM,-0.01274793,0.013483668,0.026231598,train,0.000759894
2020-07-10,SPY,-0.008696626,-0.006873438,0.0018231878,train,0.009204416
2020-07-10,TLT,0.00330107,-0.010069332,0.013370402,train,0.014402909
2020-07-13,EFA,0.014586826,-0.061773293,0.07636012,train,0.01577324
2020-07-13,IWM,0.016420895,0.019638425,0.0032175295,train,0.013483668
2020-07-13,SPY,0.012875666,0.018169837,0.005294171,train,-0.006873438
2020-07-13,TLT,0.0014369428,-0.047187865,0.048624806,train,-0.010069332
2020-07-14,EFA,0.011235463,0.017632458,0.006396995,train,-0.061773293
2020-07-14,IWM,0.03600754,-0.025440441,0.061447978,train,0.019638425
2020-07-14,SPY,0.0091453055,0.055811323,0.04666602,train,0.018169837
2020-07-14,TLT,-0.0046780957,-0.04016286,0.035484765,train,-0.047187865
2020-07-15,EFA,-0.006472511,0.010838846,0.017311357,train,0.017632458
2020-07-15,IWM,-0.005934779,-0.07574039,0.06980561,train,-0.025440441
2020-07-15,SPY,-0.0032986803,0.07741534,0.08071402,train,0.055811323
2020-07-15,TLT,0.004738271,-0.01412385,0.01886212,train,-0.04016286
2020-07-16,EFA,0.005842926,-0.0064772684,0.012320194,train,0.010838846
2020-07-16,IWM,0.0029375749,-0.057533465,0.06047104,train,-0.07574039
2020-07-16,SPY,0.0028948677,0.102145396,0.099250525,train,0.07741534
2020-07-16,TLT,-0.00209668,0.0368815,0.038978178,train,-0.01412385
2020-07-17,EFA,0.004869057,-0.004361568,0.009230625,train,-0.0064772684
2020-07-17,IWM,-0.0043068947,-0.031090638,0.026783742,train,-0.057533465
2020-07-17,SPY,0.008049294,0.046665102,0.038615808,train,0.102145396
2020-07-17,TLT,0.0024549495,0.060964085,0.058509134,train,0.0368815
2020-07-20,EFA,0.0020349596,-0.008685822,0.010720781,train,-0.004361568
2020-07-20,IWM,0.01408217,-0.06873452,0.08281669,train,-0.031090638
2020-07-20,SPY,0.0021249182,0.06436696,0.062242042,train,0.046665102
2020-07-20,TLT,0.0005979843,0.05665455,0.056056567,train,0.060964085
2020-07-21,EFA,0.0026549543,0.0011552442,0.0014997101,train,-0.008685822
2020-07-21,IWM,0.0005405795,-0.06636172,0.066902295,train,-0.06873452
2020-07-21,SPY,0.0056759706,0.07302021,0.06734424,train,0.06436696
2020-07-21,TLT,0.002984246,0.0126732625,0.009689016,train,0.05665455
2020-07-22,EFA,-0.00798575,0.000118685886,0.008104436,train,0.0011552442
2020-07-22,IWM,0.0010121797,0.0091239195,0.0081117395,train,-0.06636172
2020-07-22,SPY,-0.01200369,0.06644429,0.07844798,train,0.07302021
2020-07-22,TLT,0.01161379,0.013912456,0.0022986662,train,0.0126732625
2020-07-23,EFA,-0.0055174567,-0.008796712,0.0032792557,train,0.000118685886
2020-07-23,IWM,-0.014812956,0.028516004,0.04332896,train,0.0091239195
2020-07-23,SPY,-0.006461184,0.04348883,0.049950015,train,0.06644429
2020-07-23,TLT,-5.850036e-05,0.023369672,0.023428172,train,0.013912456
2020-07-24,EFA,0.013035007,-0.043509714,0.05654472,train,-0.008796712
2020-07-24,IWM,0.01035146,0.043448992,0.03309753,train,0.028516004
2020-07-24,SPY,0.0072662616,-0.008103294,0.015369556,train,0.04348883
2020-07-24,TLT,-0.0037187506,-0.03144306,0.027724309,train,0.023369672
2020-07-27,EFA,-0.0064178016,0.039257206,0.04567501,train,-0.043509714
2020-07-27,IWM,-0.010009264,-0.012666992,0.0026577283,train,0.043448992
2020-07-27,SPY,-0.0063626682,0.007864628,0.014227296,train,-0.008103294
2020-07-27,TLT,0.0068952963,-0.041718394,0.04861369,train,-0.03144306
2020-07-28,EFA,0.010466355,-0.008428955,0.01889531,train,0.039257206
2020-07-28,IWM,0.02179565,-0.013953768,0.035749417,train,-0.012666992
2020-07-28,SPY,0.012223698,0.016703641,0.004479943,train,0.007864628
2020-07-28,TLT,-0.0017051668,-0.00961866,0.007913494,train,-0.041718394
2020-07-29,EFA,-0.014873051,0.037351735,0.052224785,train,-0.008428955
2020-07-29,IWM,-0.0039580073,0.017836517,0.021794524,train,-0.013953768
2020-07-29,SPY,-0.0035742142,0.046024702,0.049598917,train,0.016703641
2020-07-29,TLT,0.006567378,0.00015839655,0.0064089815,train,-0.00961866
2020-07-30,EFA,-0.021523153,-0.02207843,0.00055527687,train,0.037351735
2020-07-30,IWM,-0.009455828,-0.010899061,0.0014432333,train,0.017836517
2020-07-30,SPY,0.007870907,-0.00048714224,0.008358049,train,0.046024702
2020-07-30,TLT,-0.0006431226,0.02852258,0.029165704,train,0.00015839655
2020-07-31,EFA,0.019312644,0.006530663,0.012781981,train,-0.02207843
2020-07-31,IWM,0.016155336,-0.040360264,0.0565156,train,-0.010899061
2020-07-31,SPY,0.0069284774,0.010472292,0.0035438146,train,-0.00048714224
2020-07-31,TLT,-0.005047548,0.0036286786,0.008676227,train,0.02852258
2020-08-03,EFA,0.0055174567,0.038845785,0.03332833,train,0.006530663
2020-08-03,IWM,0.006854099,0.016441382,0.009587283,train,-0.040360264
2020-08-03,SPY,0.0038550226,-0.01603956,0.019894581,train,0.010472292
2020-08-03,TLT,0.009486934,0.0135847125,0.0040977784,train,0.0036286786
2020-08-04,EFA,0.0032958358,-0.008971356,0.012267192,train,0.038845785
2020-08-04,IWM,0.019700063,0.005125488,0.014574575,train,0.016441382
2020-08-04,SPY,0.0061919214,0.012667599,0.0064756777,train,-0.01603956
2020-08-04,TLT,-0.008781489,0.06912609,0.07790758,train,0.0135847125
2020-08-05,EFA,0.0010963433,0.006786162,0.005689819,train,-0.008971356
2020-08-05,IWM,-0.00039040463,0.028891433,0.029281838,train,0.005125488
2020-08-05,SPY,0.006662005,0.02353588,0.016873874,train,0.012667599
2020-08-05,TLT,0.0055705705,-0.01223336,0.01780393,train,0.06912609
2020-08-06,EFA,-0.004077761,0.017833553,0.021911314,train,0.006786162
2020-08-06,IWM,0.01574754,-0.0303828,0.04613034,train,0.028891433
2020-08-06,SPY,0.0007176108,0.05215159,0.05143398,train,0.02353588
2020-08-06,TLT,-0.006688482,0.0052171964,0.011905679,train,-0.01223336
2020-08-07,EFA,0.003294872,0.05115504,0.047860168,train,0.017833553
2020-08-07,IWM,0.010319906,0.016173473,0.0058535663,train,-0.0303828
2020-08-07,SPY,0.0029846618,0.08168227,0.07869761,train,0.05215159
2020-08-07,TLT,-0.00448333,-0.021788577,0.017305247,train,0.0052171964
2020-08-10,EFA,0.0035962397,0.001461843,0.0021343967,train,0.05115504
2020-08-10,IWM,-0.005783772,0.003223123,0.009006895,train,0.016173473
2020-08-10,SPY,-0.00828915,0.068752795,0.07704195,train,0.08168227
2020-08-10,TLT,-0.011956255,-0.00071148947,0.0112447655,train,-0.021788577
2020-08-11,EFA,0.021921348,-0.011216534,0.03313788,train,0.001461843
2020-08-11,IWM,0.004071184,-0.043640792,0.047711976,train,0.003223123
2020-08-11,SPY,0.013846193,0.032087408,0.018241215,train,0.068752795
2020-08-11,TLT,-0.009137914,0.023629388,0.032767303,train,-0.00071148947
2020-08-12,EFA,-0.004438168,0.00657632,0.011014488,train,-0.011216534
2020-08-12,IWM,-0.0020971312,0.026258837,0.02835597,train,-0.043640792
2020-08-12,SPY,-0.0018094139,0.027412968,0.029222382,train,0.032087408
2020-08-12,TLT,-0.010746215,0.022369994,0.033116207,train,0.023629388
2020-08-13,EFA,-0.006153699,0.005691929,0.011845628,train,0.00657632
2020-08-13,IWM,-0.00063643605,0.033076033,0.03371247,train,0.026258837
2020-08-13,SPY,2.9652036e-05,0.014737839,0.0147081865,train,0.027412968
2020-08-13,TLT,-0.0039142086,0.041165806,0.045080014,train,0.022369994
2020-08-14,EFA,0.007533204,0.032775283,0.025242079,train,0.005691929
2020-08-14,IWM,0.005142891,-0.024679463,0.029822353,train,0.033076033
2020-08-14,SPY,0.003171698,-0.0016574636,0.004829162,train,0.014737839
2020-08-14,TLT,0.0025086869,0.02254803,0.020039342,train,0.041165806
2020-08-17,EFA,-0.0006128707,0.020803297,0.021416167,train,0.032775283
2020-08-17,IWM,-0.009608799,-0.06299366,0.053384863,train,-0.024679463
2020-08-17,SPY,0.0021580157,0.011601952,0.009443936,train,-0.0016574636
2020-08-17,TLT,0.0071271444,-0.017052947,0.024180092,train,0.02254803
2020-08-18,EFA,-0.0044543906,0.05328092,0.05773531,train,0.020803297
2020-08-18,IWM,6.351845e-05,0.008719927,0.008656409,train,-0.06299366
2020-08-18,SPY,-0.004172308,-0.00045475177,0.0037175561,train,0.011601952
2020-08-18,TLT,-0.0062707937,-0.024432883,0.018162088,train,-0.017052947
2020-08-19,EFA,-0.0032379024,-0.035828598,0.032590695,train,0.05328092
2020-08-19,IWM,-0.004100295,-0.0697693,0.06566901,train,0.008719927
2020-08-19,SPY,0.0031086935,-0.04493369,0.048042387,train,-0.00045475177
2020-08-19,TLT,0.008997828,0.0065912735,0.0024065543,train,-0.024432883
2020-08-20,EFA,-0.0051094894,0.016520249,0.021629738,train,-0.035828598
2020-08-20,IWM,-0.0074104634,-0.05637584,0.048965376,train,-0.0697693
2020-08-20,SPY,0.0035409578,-0.012593423,0.016134381,train,-0.04493369
2020-08-20,TLT,0.005975012,-0.04669421,0.052669223,train,0.0065912735
2020-08-21,EFA,0.013108092,-0.027191062,0.040299155,train,0.016520249
2020-08-21,IWM,0.010423598,-0.039798908,0.050222505,train,-0.05637584
2020-08-21,SPY,0.010082258,-0.030342745,0.040425003,train,-0.012593423
2020-08-21,TLT,-0.0016262094,-0.0379045,0.036278293,train,-0.04669421
2020-08-24,EFA,0.0006128897,0.0094705615,0.008857672,train,-0.027191062
2020-08-24,IWM,0.0010871605,-0.023174044,0.024261205,train,-0.039798908
2020-08-24,SPY,0.0034931293,0.0039850306,0.0004919013,train,-0.030342745
2020-08-24,TLT,-0.0076828795,-0.045095608,0.03741273,train,-0.0379045
2020-08-25,EFA,0.005801602,-0.0029158238,0.008717425,train,0.0094705615
2020-08-25,IWM,-0.006285273,-0.038890004,0.03260473,train,-0.023174044
2020-08-25,SPY,0.009975628,-0.01975837,0.029733997,train,0.0039850306
2020-08-25,TLT,-0.0038331773,-0.04390046,0.04006728,train,-0.045095608
2020-08-26,EFA,-0.010251891,0.0060528982,0.01630479,train,-0.0029158238
2020-08-26,IWM,0.0024421527,-0.030907342,0.033349495,train,-0.038890004
2020-08-26,SPY,0.002184504,0.031344496,0.029159991,train,-0.01975837
2020-08-26,TLT,-0.01715572,-0.024206636,0.0070509166,train,-0.04390046
2020-08-27,EFA,0.007049891,-0.024802892,0.03185278,train,0.0060528982
2020-08-27,IWM,0.008436347,-0.025493747,0.033930093,train,-0.030907342
2020-08-27,SPY,0.0064381496,0.06453645,0.0580983,train,0.031344496
2020-08-27,TLT,-0.0007446523,-0.011556175,0.010811523,train,-0.024206636
2020-08-28,EFA,-0.0076651694,0.01494162,0.02260679,train,-0.024802892
2020-08-28,IWM,-0.010814375,0.0300933,0.040907674,train,-0.025493747
2020-08-28,SPY,-0.00362869,0.05613842,0.05976711,train,0.06453645
2020-08-28,TLT,0.006618943,0.05453822,0.047919277,train,-0.011556175
2020-08-31,EFA,0.0010766437,-0.004548872,0.0056255157,train,0.01494162
2020-08-31,IWM,0.011387191,-0.018468114,0.029855303,train,0.0300933
2020-08-31,SPY,0.009374082,0.030542934,0.021168852,train,0.05613842
2020-08-31,TLT,0.011373067,0.07651328,0.06514022,train,0.05453822
2020-09-01,EFA,0.013285662,-0.017803619,0.03108928,train,-0.004548872
2020-09-01,IWM,0.007919582,-0.02235938,0.030278962,train,-0.018468114
2020-09-01,SPY,0.014360647,0.046046443,0.031685796,train,0.030542934
2020-09-01,TLT,0.009475404,0.019574525,0.01009912,train,0.07651328
2020-09-02,EFA,-0.022862686,0.005840866,0.028703552,train,-0.017803619
2020-09-02,IWM,-0.02997925,-0.0031252783,0.026853971,train,-0.02235938
2020-09-02,SPY,-0.03502043,0.03768502,0.07270545,train,0.046046443
2020-09-02,TLT,0.0028370272,0.0053687673,0.00253174,train,0.019574525
2020-09-03,EFA,0.0013958403,-0.09003373,0.09142958,train,0.005840866
2020-09-03,IWM,-0.0063931267,-0.046811014,0.040417887,train,-0.0031252783
2020-09-03,SPY,-0.008198196,-0.046953037,0.038754843,train,0.03768502
2020-09-03,TLT,-0.019171173,-0.08582616,0.06665499,train,0.0053687673
2020-09-04,EFA,-0.012319692,-0.03450463,0.022184938,train,-0.09003373
2020-09-04,IWM,-0.019428331,0.021592464,0.041020796,train,-0.046811014
2020-09-04,SPY,-0.027703172,-0.051083468,0.023380296,train,-0.046953037
2020-09-04,TLT,0.006125945,-0.04791136,0.054037306,train,-0.08582616
2020-09-08,EFA,0.018500293,-0.028739562,0.047239855,train,-0.03450463
2020-09-08,IWM,0.015034172,-0.017403679,0.03243785,train,0.021592464
2020-09-08,SPY,0.019554889,-0.06595855,0.08551344,train,-0.051083468
2020-09-08,TLT,-0.0026907495,0.021121906,0.023812655,train,-0.04791136
2020-09-09,EFA,-0.01177576,-0.009558665,0.0022170953,train,-0.028739562
2020-09-09,IWM,-0.013100707,-0.010545181,0.0025555259,train,-0.017403679
2020-09-09,SPY,-0.017515926,-0.18921326,0.17169733,train,-0.06595855
2020-09-09,TLT,0.005069964,-0.031672113,0.036742076,train,0.021121906
2020-09-10,EFA,0.009925733,-0.018961655,0.028887387,train,-0.009558665
2020-09-10,IWM,-0.006682814,-0.02778356,0.021100745,train,-0.010545181
2020-09-10,SPY,0.00050869735,-0.11192553,0.11243422,train,-0.18921326
2020-09-10,TLT,0.0021304511,-0.0229916,0.02512205,train,-0.031672113
2020-09-11,EFA,0.0053866836,-0.0009600837,0.0063467673,train,-0.018961655
2020-09-11,IWM,0.026008662,-0.006973522,0.032982185,train,-0.02778356
2020-09-11,SPY,0.0130855655,-0.011584612,0.024670176,train,-0.11192553
2020-09-11,TLT,-6.0898008e-05,0.024052123,0.02411302,train,-0.0229916
2020-09-14,EFA,0.0064257868,-0.0035442058,0.009969993,train,-0.0009600837
2020-09-14,IWM,0.0018924072,-0.0759486,0.07784101,train,-0.006973522
2020-09-14,SPY,0.0050393743,-0.06045655,0.06549592,train,-0.011584612
2020-09-14,TLT,-0.0024350064,0.006014467,0.008449473,train,0.024052123
2020-09-15,EFA,0.0,0.059134655,0.059134655,train,-0.0035442058
2020-09-15,IWM,0.009409849,0.0053033363,0.0041065123,train,-0.0759486
2020-09-15,SPY,-0.0039763255,-0.013582775,0.00960645,train,-0.06045655
2020-09-15,TLT,-0.002991218,-0.0024304185,0.0005607994,train,0.006014467
2020-09-16,EFA,0.001371863,-0.011745064,0.013116927,train,0.059134655
2020-09-16,IWM,-0.0073252805,-0.005350137,0.0019751433,train,0.0053033363
2020-09-16,SPY,-0.008834341,0.018744351,0.027578693,train,-0.013582775
2020-09-16,TLT,0.0030518244,-0.032094058,0.035145883,train,-0.0024304185
2020-09-17,EFA,-0.008104869,0.023036877,0.031141747,train,-0.011745064
2020-09-17,IWM,-0.002606177,0.0137014,0.016307577,train,-0.005350137
2020-09-17,SPY,-0.011579357,0.029909646,0.041489005,train,0.018744351
2020-09-17,TLT,-0.0031125057,-0.03375969,0.030647185,train,-0.032094058
2020-09-18,EFA,-0.025660252,-0.053839624,0.028179372,train,0.023036877
2020-09-18,IWM,-0.035659935,0.031289972,0.066949904,train,0.0137014
2020-09-18,SPY,-0.011192028,0.02633648,0.037528507,train,0.029909646
2020-09-18,TLT,0.005061394,-0.05230207,0.057363465,train,-0.03375969
2020-09-21,EFA,-0.00031530304,-0.11040469,0.11008939,train,-0.053839624
2020-09-21,IWM,0.0076771327,-0.038180113,0.045857247,train,0.031289972
2020-09-21,SPY,0.010132888,0.08756342,0.07743053,train,0.02633648
2020-09-21,TLT,-0.0007912504,-0.03128986,0.03049861,train,-0.05230207
2020-09-22,EFA,-0.008386672,-0.02516174,0.016775068,train,-0.11040469
2020-09-22,IWM,-0.030245015,0.006250676,0.036495693,train,-0.038180113
2020-09-22,SPY,-0.02346431,0.115852475,0.13931678,train,0.08756342
2020-09-22,TLT,0.0013380058,-0.02422366,0.025561664,train,-0.03128986
2020-09-23,EFA,-0.0009539087,-0.023226282,0.022272373,train,-0.02516174
2020-09-23,IWM,0.0,-0.04807336,0.04807336,train,0.006250676
2020-09-23,SPY,0.0026622524,0.0706104,0.06794815,train,0.115852475
2020-09-23,TLT,0.0038228752,-0.031478923,0.035301797,train,-0.02422366
2020-09-24,EFA,0.0033348498,-0.0023624245,0.0056972746,train,-0.023226282
2020-09-24,IWM,0.016111545,-0.0056152176,0.021726763,train,-0.04807336
2020-09-24,SPY,0.016037727,0.10342419,0.08738647,train,0.0706104
2020-09-24,TLT,0.0,-0.04255326,0.04255326,train,-0.031478923
2020-09-25,EFA,0.014947866,0.0039353725,0.011012494,train,-0.0023624245
2020-09-25,IWM,0.024357807,-0.061249055,0.08560686,train,-0.0056152176
2020-09-25,SPY,0.016472608,-0.0010769386,0.017549546,train,0.10342419
2020-09-25,TLT,-0.0028497276,-0.027654713,0.024804985,train,-0.04255326
2020-09-28,EFA,-0.0010939449,-0.020577721,0.019483777,train,0.0039353725
2020-09-28,IWM,-0.0045433096,-0.0699256,0.06538229,train,-0.061249055
2020-09-28,SPY,-0.0054608737,0.014461258,0.019922132,train,-0.0010769386
2020-09-28,TLT,0.0011523177,0.0020778794,0.00092556165,train,-0.027654713
2020-09-29,EFA,-0.0048585148,0.03053384,0.035392355,train,-0.020577721
2020-09-29,IWM,0.0030090709,-0.020606672,0.023615744,train,-0.0699256
2020-09-29,SPY,0.0075533176,-0.0020730775,0.009626395,train,0.014461258
2020-09-29,TLT,-0.009631049,-0.020321006,0.010689957,train,0.0020778794
2020-09-30,EFA,0.005796245,-0.0008294061,0.006625651,train,0.03053384
2020-09-30,IWM,0.015829451,0.043283604,0.027454153,train,-0.020606672
2020-09-30,SPY,0.006399266,-0.132688,0.13908726,train,-0.0020730775
2020-09-30,TLT,0.0016480498,-0.030401515,0.032049567,train,-0.020321006
2020-10-01,EFA,-0.0020326618,0.017701091,0.019733753,train,-0.0008294061
2020-10-01,IWM,0.004393329,-0.0790075,0.08340083,train,0.043283604
2020-10-01,SPY,-0.009539526,-0.10017889,0.09063937,train,-0.132688
2020-10-01,TLT,-0.0037410443,-0.03726709,0.033526044,train,-0.030401515
2020-10-02,EFA,0.015068134,0.025538791,0.010470657,train,0.017701091
2020-10-02,IWM,0.027234204,-0.045997128,0.07323133,train,-0.0790075
2020-10-02,SPY,0.017577723,-0.081357114,0.09893484,train,-0.10017889
2020-10-02,TLT,-0.019732798,-0.026116643,0.0063838456,train,-0.03726709
2020-10-05,EFA,-0.010695303,-0.03779874,0.027103437,train,0.025538791
2020-10-05,IWM,-0.0028691967,-0.08685103,0.083981834,train,-0.045997128
2020-10-05,SPY,-0.014317766,-0.008852668,0.0054650977,train,-0.081357114
2020-10-05,TLT,0.0053749946,-0.012890132,0.018265126,train,-0.026116643
2020-10-06,EFA,0.008534675,-0.07036711,0.07890179,train,-0.03779874
2020-10-06,IWM,0.021601297,-0.05106744,0.07266874,train,-0.08685103
2020-10-06,SPY,0.017256666,-0.04371082,0.060967486,train,-0.008852668
2020-10-06,TLT,-0.0073192692,-0.03566479,0.02834552,train,-0.012890132
2020-10-07,EFA,0.006928858,-0.01774561,0.024674468,train,-0.07036711
2020-10-07,IWM,0.011307869,-0.09961804,0.11092591,train,-0.05106744
2020-10-07,SPY,0.00882368,-0.021336434,0.030160114,train,-0.04371082
2020-10-07,TLT,0.0053847516,-0.058720507,0.06410526,train,-0.03566479
2020-10-08,EFA,0.0077952663,-0.0047348645,0.012530131,train,-0.01774561
2020-10-08,IWM,0.0051764073,-0.044856697,0.050033104,train,-0.09961804
2020-10-08,SPY,0.008890486,-0.090674706,0.09956519,train,-0.021336434
2020-10-08,TLT,-0.00018714862,-0.017610325,0.017423175,train,-0.058720507
2020-10-09,EFA,0.0057688775,-0.0039051566,0.009674034,train,-0.0047348645
2020-10-09,IWM,0.0066770264,-0.063219324,0.06989635,train,-0.044856697
2020-10-09,SPY,0.015959289,-0.07978708,0.09574637,train,-0.090674706
2020-10-09,TLT,0.0031808142,-0.03965526,0.042836074,train,-0.017610325
2020-10-12,EFA,-0.011265152,0.006670976,0.01793613,train,-0.0039051566
2020-10-12,IWM,-0.0066770264,-0.07712164,0.07044461,train,-0.063219324
2020-10-12,SPY,-0.006547214,-0.11635405,0.109806836,train,-0.07978708
2020-10-12,TLT,0.007135491,-0.031171152,0.038306642,train,-0.03965526
2020-10-13,EFA,-0.0016854377,0.027603311,0.02928875,train,0.006670976
2020-10-13,IWM,-0.009944571,-0.006883608,0.003060963,train,-0.07712164
2020-10-13,SPY,-0.006303552,-0.04853175,0.042228196,train,-0.11635405
2020-10-13,TLT,0.0022845312,-0.013617834,0.015902365,train,-0.031171152
2020-10-14,EFA,-0.01187814,0.009117199,0.02099534,train,0.027603311
2020-10-14,IWM,0.010252351,0.034247756,0.023995405,train,-0.006883608
2020-10-14,SPY,-0.0012363546,0.0047128256,0.00594918,train,-0.04853175
2020-10-14,TLT,-0.001728393,-0.029938923,0.02821053,train,-0.013617834
2020-10-15,EFA,0.004644547,-0.03648167,0.041126218,train,0.009117199
2020-10-15,IWM,-0.0024609847,-0.008350797,0.0058898125,train,0.034247756
2020-10-15,SPY,-0.0006046649,-0.004477771,0.003873106,train,0.0047128256
2020-10-15,TLT,-0.0027844592,-0.04885017,0.04606571,train,-0.029938923
2020-10-16,EFA,-0.0037139382,-0.008319179,0.00460524,train,-0.03648167
2020-10-16,IWM,-0.012021598,-0.010371409,0.001650189,train,-0.008350797
2020-10-16,SPY,-0.015320102,0.006718455,0.022038557,train,-0.004477771
2020-10-16,TLT,-0.0037867958,-0.0433523,0.039565504,train,-0.04885017
2020-10-19,EFA,0.0049490207,0.0011770632,0.0037719575,train,-0.008319179
2020-10-19,IWM,0.0021795216,-0.035246365,0.037425887,train,-0.010371409
2020-10-19,SPY,0.0039978344,-0.027396152,0.031393986,train,0.006718455
2020-10-19,TLT,-0.00956196,-0.00966984,0.00010788068,train,-0.0433523
2020-10-20,EFA,-0.0047939685,0.027718661,0.03251263,train,0.0011770632
2020-10-20,IWM,-0.008621214,-0.015776921,0.007155707,train,-0.035246365
2020-10-20,SPY,-0.0018950364,0.028814862,0.030709898,train,-0.027396152
2020-10-20,TLT,-0.0034591903,-0.012324615,0.008865425,train,-0.00966984
2020-10-21,EFA,0.00077462173,0.002685463,0.0019108413,train,0.027718661
2020-10-21,IWM,0.0171071,0.05962886,0.04252176,train,-0.015776921
2020-10-21,SPY,0.0054705082,0.021416394,0.015945885,train,0.028814862
2020-10-21,TLT,-0.0104516735,0.016201671,0.026653346,train,-0.012324615
2020-10-22,EFA,0.006484737,0.035580114,0.029095376,train,0.002685463
2020-10-22,IWM,0.0057810554,0.02370926,0.017928205,train,0.05962886
2020-10-22,SPY,0.0033894647,0.080515936,0.07712647,train,0.021416394
2020-10-22,TLT,0.0060939896,0.0073280353,0.0012340457,train,0.016201671
2020-10-23,EFA,-0.0181698,0.020746822,0.03891662,train,0.035580114
2020-10-23,IWM,-0.021822127,0.037140056,0.05896218,train,0.02370926
2020-10-23,SPY,-0.018652976,0.08725547,0.105908446,train,0.080515936
2020-10-23,TLT,0.009260379,0.011359004,0.0020986255,train,0.0073280353
2020-10-26,EFA,-0.00786657,-0.022737632,0.014871062,train,0.020746822
2020-10-26,IWM,-0.008623801,-0.00773268,0.0008911211,train,0.037140056
2020-10-26,SPY,-0.003453295,0.0033474956,0.0068007903,train,0.08725547
2020-10-26,TLT,0.0066868556,-0.0031347182,0.009821573,train,0.011359004
2020-10-27,EFA,-0.030307777,0.008254604,0.03856238,train,-0.022737632
2020-10-27,IWM,-0.031271685,0.08557217,0.11684385,train,-0.00773268
2020-10-27,SPY,-0.034776684,0.12331807,0.15809475,train,0.0033474956
2020-10-27,TLT,0.0009337236,0.006686194,0.0057524703,train,-0.0031347182
2020-10-28,EFA,0.004710374,-0.035155453,0.039865825,train,0.008254604
2020-10-28,IWM,0.0118659735,-0.030460307,0.04232628,train,0.08557217
2020-10-28,SPY,0.0101124095,-0.06192521,0.07203762,train,0.12331807
2020-10-28,TLT,-0.009755123,-0.008804532,0.00095059164,train,0.006686194
2020-10-29,EFA,-0.0051990137,-0.040413857,0.03521484,train,-0.035155453
2020-10-29,IWM,-0.013302298,0.048170023,0.06147232,train,-0.030460307
2020-10-29,SPY,-0.01047963,0.03699363,0.04747326,train,-0.06192521
2020-10-29,TLT,-0.00991438,-0.058556408,0.048642028,train,-0.008804532
2020-10-30,EFA,0.012947419,-0.057341136,0.070288554,train,-0.040413857
2020-10-30,IWM,0.01767602,-0.013170952,0.030846972,train,0.048170023
2020-10-30,SPY,0.011146032,0.008066779,0.0030792532,train,0.03699363
2020-10-30,TLT,0.007463127,-0.04493451,0.05239764,train,-0.058556408
2020-11-02,EFA,0.025872225,-0.048497364,0.07436959,train,-0.057341136
2020-11-02,IWM,0.027971452,0.017893713,0.010077739,train,-0.013170952
2020-11-02,SPY,0.017501714,0.012566781,0.004934933,train,0.008066779
2020-11-02,TLT,-0.0058183772,-0.042736433,0.036918055,train,-0.04493451
2020-11-03,EFA,0.010908602,-0.12478992,0.13569853,train,-0.048497364
2020-11-03,IWM,0.0011222034,-0.1235543,0.1246765,train,0.017893713
2020-11-03,SPY,0.02210321,-0.005799407,0.027902618,train,0.012566781
2020-11-03,TLT,0.02145986,-0.029457739,0.0509176,train,-0.042736433
2020-11-04,EFA,0.023739778,0.081073895,0.057334118,train,-0.12478992
2020-11-04,IWM,0.02760449,0.020568142,0.007036349,train,-0.1235543
2020-11-04,SPY,0.019314917,-0.09898292,0.11829784,train,-0.005799407
2020-11-04,TLT,0.001736689,-0.07658061,0.07831729,train,-0.029457739
2020-11-05,EFA,0.0021165262,-0.026750887,0.028867412,train,0.081073895
2020-11-05,IWM,-0.007853077,-0.02713416,0.019281082,train,0.020568142
2020-11-05,SPY,-0.00022847229,-0.086141355,0.08591288,train,-0.09898292
2020-11-05,TLT,-0.012158052,0.057121746,0.0692798,train,-0.07658061
2020-11-06,EFA,0.028733,0.1607928,0.1320598,train,-0.026750887
2020-11-06,IWM,0.0356013,0.08281552,0.04721422,train,-0.02713416
2020-11-06,SPY,0.01248743,-0.018340835,0.030828265,train,-0.086141355
2020-11-06,TLT,-0.021238932,0.012931823,0.034170754,train,0.057121746
2020-11-09,EFA,0.008912144,-0.0935554,0.102467544,train,0.1607928
2020-11-09,IWM,0.01840784,-0.13671082,0.15511866,train,0.08281552
2020-11-09,SPY,-0.0014673749,-0.08385322,0.082385845,train,-0.018340835
2020-11-09,TLT,-0.0057841134,-0.043548003,0.03776389,train,0.012931823
2020-11-10,EFA,0.008401183,-0.012326503,0.020727687,train,-0.0935554
2020-11-10,IWM,-0.0004054452,-0.08924612,0.08884067,train,-0.13671082
2020-11-10,SPY,0.0074011395,-0.10215678,0.10955792,train,-0.08385322
2020-11-10,TLT,0.003602654,-0.0046567875,0.008259442,train,-0.043548003
2020-11-11,EFA,-0.014675219,-0.026298398,0.01162318,train,-0.012326503
2020-11-11,IWM,-0.015469586,0.055197693,0.07066728,train,-0.08924612
2020-11-11,SPY,-0.009748501,0.06898535,0.078733854,train,-0.10215678
2020-11-11,TLT,0.016874766,-0.02623745,0.04311222,train,-0.0046567875
2020-11-12,EFA,0.015251904,0.0066896584,0.008562245,train,-0.026298398
2020-11-12,IWM,0.020497026,0.034139015,0.013641989,train,0.055197693
2020-11-12,SPY,0.013749298,0.04885409,0.035104793,train,0.06898535
2020-11-12,TLT,-0.0013270353,-0.0594228,0.058095764,train,-0.02623745
2020-11-13,EFA,0.010325715,-0.000115515664,0.010441231,train,0.0066896584
2020-11-13,IWM,0.023524985,-0.073192194,0.09671718,train,0.034139015
2020-11-13,SPY,0.012405495,-0.005710358,0.018115852,train,0.04885409
2020-11-13,TLT,-0.002405483,0.046383515,0.048789,train,-0.0594228
2020-11-16,EFA,-0.0009995719,0.03705749,0.038057063,train,-0.000115515664
2020-11-16,IWM,0.004661653,-0.012121776,0.01678343,train,-0.073192194
2020-11-16,SPY,-0.0053927214,-0.0010781679,0.0043145535,train,-0.005710358
2020-11-16,TLT,0.0065064067,0.022074364,0.015567957,train,0.046383515
2020-11-17,EFA,-0.0052979263,0.021797284,0.02709521,train,0.03705749
2020-11-17,IWM,-0.014107737,-0.044558324,0.030450586,train,-0.012121776
2020-11-17,SPY,-0.012107916,0.074863486,0.0869714,train,-0.0010781679
2020-11-17,TLT,0.0028933175,0.0029009786,7.6610595e-06,train,0.022074364
2020-11-18,EFA,0.0070106653,0.014604891,0.0075942255,train,0.021797284
2020-11-18,IWM,0.0076428675,-0.001490118,0.009132985,train,-0.044558324
2020-11-18,SPY,0.0042014737,0.112671696,0.108470224,train,0.074863486
2020-11-18,TLT,0.0051343455,-0.026036838,0.031171184,train,0.0029009786
2020-11-19,EFA,0.002989517,0.034729876,0.03174036,train,0.014604891
2020-11-19,IWM,0.0010710773,0.0017538834,0.00068280613,train,-0.001490118
2020-11-19,SPY,-0.006871348,0.10227785,0.1091492,train,0.112671696
2020-11-19,TLT,0.008831618,-0.023819204,0.03265082,train,-0.026036838
2020-11-20,EFA,-0.0012802829,0.018218713,0.019498996,train,0.034729876
2020-11-20,IWM,0.018531427,0.011042487,0.00748894,train,0.0017538834
2020-11-20,SPY,0.0059763286,0.120902635,0.11492631,train,0.10227785
2020-11-20,TLT,-0.004592273,-0.07366869,0.06907642,train,-0.023819204
2020-11-23,EFA,0.014833944,-0.017958067,0.03279201,train,0.018218713
2020-11-23,IWM,0.018628433,0.0066167116,0.012011722,train,0.011042487
2020-11-23,SPY,0.015985435,0.13088936,0.11490392,train,0.120902635
2020-11-23,TLT,-0.010002237,0.0125091,0.022511337,train,-0.07366869
2020-11-24,EFA,-0.001262847,-0.048793696,0.04753085,train,-0.017958067
2020-11-24,IWM,-0.0034255453,0.0010686759,0.004494221,train,0.0066167116
2020-11-24,SPY,-0.0015430765,0.08788876,0.08943184,train,0.13088936
2020-11-24,TLT,-0.0030832943,0.045555577,0.048638873,train,0.0125091
2020-11-25,EFA,0.0068567107,-0.020288667,0.027145378,train,-0.048793696
2020-11-25,IWM,0.004239492,-0.0015363451,0.005775837,train,0.0010686759
2020-11-25,SPY,0.002781206,0.1361554,0.13337418,train,0.08788876
2020-11-25,TLT,0.009658289,0.037997536,0.028339248,train,0.045555577
2020-11-27,EFA,-0.021994585,-0.05726581,0.035271227,train,-0.020288667
2020-11-27,IWM,-0.018336693,0.022662729,0.04099942,train,-0.0015363451
2020-11-27,SPY,-0.004436929,0.102460645,0.10689758,train,0.1361554
2020-11-27,TLT,-0.0012486763,-0.036241926,0.03499325,train,0.037997536
2020-11-30,EFA,0.023248684,-0.10048044,0.123729125,train,-0.05726581
2020-11-30,IWM,0.009237859,0.0034195557,0.0058183037,train,0.022662729
2020-11-30,SPY,0.010877859,0.071222894,0.060345035,train,0.102460645
2020-11-30,TLT,-0.014854539,0.016619911,0.03147445,train,-0.036241926
2020-12-01,EFA,0.00013916362,-0.15818164,0.1583208,train,-0.10048044
2020-12-01,IWM,0.0010393166,-0.0114268735,0.01246619,train,0.0034195557
2020-12-01,SPY,0.0021017778,0.061049633,0.058947854,train,0.071222894
2020-12-01,TLT,-0.007968311,-0.015597647,0.007629336,train,0.016619911
2020-12-02,EFA,0.0016698308,-0.051497005,0.053166837,train,-0.15818164
2020-12-02,IWM,0.00561604,-0.019034477,0.024650518,train,-0.0114268735
2020-12-02,SPY,-0.00027259823,0.049796626,0.050069224,train,0.061049633
2020-12-02,TLT,0.008031592,-0.017228834,0.025260426,train,-0.015597647
2020-12-03,EFA,0.008444478,-0.028712736,0.037157215,train,-0.051497005
2020-12-03,IWM,0.02300424,-0.016294748,0.03929899,train,-0.019034477
2020-12-03,SPY,0.0085806865,0.04636462,0.037783936,train,0.049796626
2020-12-03,TLT,-0.014774272,-0.01447217,0.00030210242,train,-0.017228834
2020-12-04,EFA,-0.008166422,-0.019639635,0.011473213,train,-0.028712736
2020-12-04,IWM,0.00095608126,0.024468908,0.023512827,train,-0.016294748
2020-12-04,SPY,-0.0020569724,0.03280753,0.0348645,train,0.04636462
2020-12-04,TLT,0.008980597,-0.008719305,0.017699901,train,-0.01447217
2020-12-07,EFA,0.0034684953,-0.037780866,0.04124936,train,-0.019639635
2020-12-07,IWM,0.0127643375,0.005378416,0.0073859217,train,0.024468908
2020-12-07,SPY,0.0029214888,0.079200506,0.076279014,train,0.03280753
2020-12-07,TLT,0.0047137095,-0.044174522,0.048888233,train,-0.008719305
2020-12-08,EFA,0.0013841859,0.004734488,0.0033503023,train,-0.037780866
2020-12-08,IWM,-0.0073117795,0.050885916,0.058197696,train,0.005378416
2020-12-08,SPY,-0.009008992,0.030461458,0.03947045,train,0.079200506
2020-12-08,TLT,-0.0033096636,-0.074675,0.071365334,train,-0.044174522
2020-12-09,EFA,0.0013820862,0.004802542,0.0034204556,train,0.004734488
2020-12-09,IWM,0.009615419,0.004153004,0.0054624155,train,0.050885916
2020-12-09,SPY,-0.00032707327,-0.022614362,0.022287289,train,0.030461458
2020-12-09,TLT,0.008824666,-0.050000884,0.05882555,train,-0.074675
2020-12-10,EFA,-0.003043115,0.0025458094,0.0055889245,train,0.004802542
2020-12-10,IWM,-0.0049276496,0.052868083,0.057795733,train,0.004153004
2020-12-10,SPY,-0.0011734744,0.009640401,0.010813875,train,-0.022614362
2020-12-10,TLT,0.0035331284,-0.05058971,0.05412284,train,-0.050000884
2020-12-11,EFA,0.0006150331,-0.030930595,0.031545628,train,0.0025458094
2020-12-11,IWM,0.0011697344,-0.034688845,0.03585858,train,0.052868083
2020-12-11,SPY,-0.0044874693,-0.013021277,0.0085338075,train,0.009640401
2020-12-11,TLT,-0.0027755054,-0.038446918,0.035671413,train,-0.05058971
2020-12-14,EFA,0.010153936,0.01094342,0.000789484,train,-0.030930595
2020-12-14,IWM,0.024701476,-0.015959905,0.04066138,train,-0.034688845
2020-12-14,SPY,0.0134291835,-0.038817316,0.0522465,train,-0.013021277
2020-12-14,TLT,-0.0033530062,-0.040768787,0.03741578,train,-0.038446918
2020-12-15,EFA,0.0038672262,0.019174634,0.015307408,train,0.01094342
2020-12-15,IWM,-0.00360209,0.057605907,0.061208,train,-0.015959905
2020-12-15,SPY,0.0015678258,-0.0278563,0.029424125,train,-0.038817316
2020-12-15,TLT,-0.0026654652,-0.020174814,0.017509349,train,-0.040768787
2020-12-16,EFA,0.0070060752,0.011760531,0.0047544558,train,0.019174634
2020-12-16,IWM,0.011838234,0.030123314,0.01828508,train,0.057605907
2020-12-16,SPY,0.0055765617,-0.004904069,0.010480631,train,-0.0278563
2020-12-16,TLT,-0.002649321,-0.003578553,0.000929232,train,-0.020174814
2020-12-17,EFA,-0.0052156723,0.012786826,0.018002499,train,0.011760531
2020-12-17,IWM,-0.0048514693,0.041394427,0.046245895,train,0.030123314
2020-12-17,SPY,-0.0040008295,-0.019848343,0.015847513,train,-0.004904069
2020-12-17,TLT,-0.0030018764,0.0012596641,0.0042615402,train,-0.003578553
2020-12-18,EFA,-0.01287994,0.0136370715,0.026517011,train,0.012786826
2020-12-18,IWM,-0.0005122322,0.027717208,0.028229441,train,0.041394427
2020-12-18,SPY,-0.0035817781,-0.022573372,0.018991593,train,-0.019848343
2020-12-18,TLT,0.0039581354,0.025707033,0.021748897,train,0.0012596641
2020-12-21,EFA,-0.0025121616,-0.02528547,0.022773307,train,0.0136370715
2020-12-21,IWM,0.011306813,0.02922531,0.017918497,train,0.027717208
2020-12-21,SPY,-0.0016868763,-0.016875172,0.015188295,train,-0.022573372
2020-12-21,TLT,0.005147396,0.01363113,0.008483734,train,0.025707033
2020-12-22,EFA,0.010702698,-0.03962364,0.05032634,train,-0.02528547
2020-12-22,IWM,0.008471654,-0.010769708,0.019241363,train,0.02922531
2020-12-22,SPY,0.00089800544,0.0048991498,0.0040011443,train,-0.016875172
2020-12-22,TLT,-0.006933031,0.015987046,0.022920078,train,0.01363113
2020-12-23,EFA,0.0004147019,0.013449511,0.013034808,train,-0.03962364
2020-12-23,IWM,-0.00065295584,0.016797042,0.017449997,train,-0.010769708
2020-12-23,SPY,0.003882951,0.014683491,0.0108005395,train,0.0048991498
2020-12-23,TLT,0.003949563,-0.020161996,0.024111558,train,0.015987046
2020-12-24,EFA,0.008120641,-0.02100685,0.029127492,train,0.013449511
2020-12-24,IWM,-0.0037253713,0.0017239433,0.0054493146,train,0.016797042
2020-12-24,SPY,0.008554056,0.03078877,0.022234714,train,0.014683491
2020-12-24,TLT,0.0004448331,-0.015464535,0.015909368,train,-0.020161996
2020-12-28,EFA,0.0064220414,0.011202155,0.004780113,train,-0.02100685
2020-12-28,IWM,-0.019557541,-0.0075308476,0.012026694,train,0.0017239433
2020-12-28,SPY,-0.0019094127,-0.0031624902,0.0012530775,train,0.03078877
2020-12-28,TLT,-0.0012720815,-0.051174596,0.049902514,train,-0.015464535
2020-12-29,EFA,0.0013610316,-0.0003586728,0.0017197044,train,0.011202155
2020-12-29,IWM,0.010132133,-0.06781001,0.07794214,train,-0.0075308476
2020-12-29,SPY,0.0014256341,0.022271613,0.02084598,train,-0.0031624902
2020-12-29,TLT,0.0021613827,-0.037000768,0.03916215,train,-0.051174596
2020-12-30,EFA,-0.0076461374,0.016100662,0.0237468,train,-0.0003586728
2020-12-30,IWM,-0.001783725,-0.0065965746,0.0048128497,train,-0.06781001
2020-12-30,SPY,0.0050681275,-0.011998294,0.017066421,train,0.022271613
2020-12-30,TLT,0.0014589546,-0.027594676,0.02905363,train,-0.037000768
2020-12-31,EFA,0.005194751,-0.026040623,0.031235375,train,0.016100662
2020-12-31,IWM,-0.01314292,-0.03782104,0.024678119,train,-0.0065965746
2020-12-31,SPY,-0.013707716,0.0039035706,0.017611288,train,-0.011998294
2020-12-31,TLT,-0.0012047531,-0.015530858,0.014326105,train,-0.027594676
2021-01-04,EFA,0.01030948,0.0125966165,0.0022871364,train,-0.026040623
2021-01-04,IWM,0.015333845,-0.013241092,0.028574936,train,-0.03782104
2021-01-04,SPY,0.0068638753,-0.043750472,0.05061435,train,0.0039035706
2021-01-04,TLT,-0.0074541806,-0.014687467,0.0072332867,train,-0.015530858
2021-01-05,EFA,0.011405866,-0.007896317,0.019302182,train,0.0125966165
2021-01-05,IWM,0.040103175,0.023246946,0.016856229,train,-0.013241092
2021-01-05,SPY,0.005960648,0.024980122,0.019019473,train,-0.043750472
2021-01-05,TLT,-0.020742074,-0.015236456,0.0055056177,train,-0.014687467
2021-01-06,EFA,0.0010665889,0.02436812,0.02330153,train,-0.007896317
2021-01-06,IWM,0.017640302,-0.107086584,0.124726884,train,0.023246946
2021-01-06,SPY,0.014748051,-0.03159724,0.046345294,train,0.024980122
2021-01-06,TLT,-0.008853691,-0.026097076,0.017243385,train,-0.015236456
2021-01-07,EFA,0.0092862975,0.017268574,0.007982276,train,0.02436812
2021-01-07,IWM,-0.0021638693,0.060995363,0.063159235,train,-0.107086584
2021-01-07,SPY,0.0056816717,-0.07103927,0.07672094,train,-0.03159724
2021-01-07,TLT,-0.0032325264,-0.060959868,0.05772734,train,-0.026097076
2021-01-08,EFA,-0.013158897,-0.012616312,0.0005425848,train,0.017268574
2021-01-08,IWM,-0.0008670637,0.009446098,0.010313162,train,0.060995363
2021-01-08,SPY,-0.0067636673,0.030284235,0.037047904,train,-0.07103927
2021-01-08,TLT,-0.0016535593,-0.01693282,0.015279261,train,-0.060959868
2021-01-11,EFA,0.004538833,0.029344456,0.024805624,train,-0.012616312
2021-01-11,IWM,0.017765475,0.02375072,0.005985245,train,0.009446098
2021-01-11,SPY,0.0002113141,0.047582828,0.047371514,train,0.030284235
2021-01-11,TLT,-0.00079452834,0.00083490275,0.001629431,train,-0.01693282
2021-01-12,EFA,-0.0013329117,0.025583105,0.026916016,train,0.029344456
2021-01-12,IWM,-0.007173101,0.07677407,0.08394717,train,0.02375072
2021-01-12,SPY,0.0026893148,0.023842063,0.021152748,train,0.047582828
2021-01-12,TLT,0.011198582,-0.0059380354,0.017136618,train,0.00083490275
2021-01-13,EFA,0.007970477,0.026576767,0.01860629,train,0.025583105
2021-01-13,IWM,0.019779092,0.0017007124,0.01807838,train,0.07677407
2021-01-13,SPY,-0.003508233,0.0011319276,0.0046401606,train,0.023842063
2021-01-13,TLT,-0.009411899,-0.012470154,0.0030582547,train,-0.0059380354
2021-01-14,EFA,-0.015735807,0.032790102,0.048525907,train,0.026576767
2021-01-14,IWM,-0.015023083,0.052279994,0.06730308,train,0.0017007124
2021-01-14,SPY,-0.007319235,-0.019362023,0.012042789,train,0.0011319276
2021-01-14,TLT,0.003959751,-0.061626256,0.06558601,train,-0.012470154
2021-01-15,EFA,0.0072318814,-0.06289303,0.07012492,train,0.032790102
2021-01-15,IWM,0.012730268,-0.046550125,0.05928039,train,0.052279994
2021-01-15,SPY,0.007821252,-0.06743327,0.07525452,train,-0.019362023
2021-01-15,TLT,0.003222371,-0.037138447,0.04036082,train,-0.061626256
2021-01-19,EFA,0.006782223,0.0145477895,0.0077655665,train,-0.06289303
2021-01-19,IWM,0.0043940665,0.06856755,0.06417348,train,-0.046550125
2021-01-19,SPY,0.013743594,-0.015270945,0.029014539,train,-0.06743327
2021-01-19,TLT,0.000984671,-0.03593146,0.036916133,train,-0.037138447
2021-01-20,EFA,0.0007950734,0.014215769,0.013420695,train,0.0145477895
2021-01-20,IWM,-0.008713614,0.029293058,0.03800667,train,0.06856755
2021-01-20,SPY,0.0009114018,-0.054726824,0.055638228,train,-0.015270945
2021-01-20,TLT,-0.007043366,-0.040045932,0.033002567,train,-0.03593146
2021-01-21,EFA,-0.004779001,0.0003474746,0.005126476,train,0.014215769
2021-01-21,IWM,0.011554722,-0.024031313,0.035586037,train,0.029293058
2021-01-21,SPY,-0.0035456577,0.017915389,0.021461047,train,-0.054726824
2021-01-21,TLT,0.003231509,-0.015682533,0.018914042,train,-0.040045932
2021-01-22,EFA,-0.0011983275,-0.011286894,0.010088567,train,0.0003474746
2021-01-22,IWM,-0.0009771369,0.0034611654,0.0044383025,train,-0.024031313
2021-01-22,SPY,0.003936114,0.06502041,0.0610843,train,0.017915389
2021-01-22,TLT,0.011716967,0.015997147,0.0042801797,train,-0.015682533
2021-01-25,EFA,0.0014645198,-0.0086030755,0.010067595,train,-0.011286894
2021-01-25,IWM,-0.0069610723,0.017099706,0.024060778,train,0.0034611654
2021-01-25,SPY,-0.0015623136,0.049460873,0.051023185,train,0.06502041
2021-01-25,TLT,-0.0018886949,0.015684849,0.017573543,train,0.015997147
2021-01-26,EFA,-0.023147333,0.00089112483,0.024038458,train,-0.0086030755
2021-01-26,IWM,-0.018501084,-0.04395368,0.025452595,train,0.017099706
2021-01-26,SPY,-0.024743913,0.056252666,0.08099658,train,0.049460873
2021-01-26,TLT,0.0025390903,0.055072412,0.05253332,train,0.015684849
2021-01-27,EFA,0.006378343,0.014757497,0.008379154,train,0.00089112483
2021-01-27,IWM,-0.0032048593,-0.00934797,0.0061431103,train,-0.04395368
2021-01-27,SPY,0.0085631795,-0.04671567,0.05527885,train,0.056252666
2021-01-27,TLT,-0.0055425386,0.027361171,0.03290371,train,0.055072412
2021-01-28,EFA,-0.02091535,-0.0032658968,0.017649453,train,0.014757497
2021-01-28,IWM,-0.015255667,-0.04579851,0.030542843,train,-0.00934797
2021-01-28,SPY,-0.02022258,0.07091952,0.0911421,train,-0.04671567
2021-01-28,TLT,-0.0060346858,-0.047058254,0.041023567,train,0.027361171
2021-01-29,EFA,0.011810184,0.020371972,0.008561787,train,-0.0032658968
2021-01-29,IWM,0.024270177,-0.057299614,0.08156979,train,-0.04579851
2021-01-29,SPY,0.01650848,-0.013308069,0.02981655,train,0.07091952
2021-01-29,TLT,0.001158529,-0.014319105,0.015477634,train,-0.047058254
2021-02-01,EFA,0.010051596,0.03822828,0.028176684,train,0.020371972
2021-02-01,IWM,0.014143728,0.10048171,0.08633798,train,-0.057299614
2021-02-01,SPY,0.014041077,-0.009395378,0.023436455,train,-0.013308069
2021-02-01,TLT,-0.0064684586,0.013819037,0.020287495,train,-0.014319105
2021-02-02,EFA,0.0024298774,0.030599559,0.02816968,train,0.03822828
2021-02-02,IWM,0.0029916607,0.008097721,0.0051060608,train,0.10048171
2021-02-02,SPY,0.0007861765,-0.09492518,0.09571136,train,-0.009395378
2021-02-02,TLT,-0.008912544,0.015194131,0.024106674,train,0.013819037
2021-02-03,EFA,0.0010779799,0.018880565,0.017802585,train,0.030599559
2021-02-03,IWM,0.020191327,-0.005617882,0.02580921,train,0.008097721
2021-02-03,SPY,0.011301566,-0.0063238554,0.017625421,train,-0.09492518
2021-02-03,TLT,-0.0026759424,0.0044852663,0.0071612084,train,0.015194131
2021-02-04,EFA,0.006176307,0.024189346,0.018013038,train,0.018880565
2021-02-04,IWM,0.013764622,0.06817913,0.05441451,train,-0.005617882
2021-02-04,SPY,0.003928162,-0.0032496173,0.0071777795,train,-0.0063238554
2021-02-04,TLT,-0.008408554,-0.004239669,0.004168885,train,0.0044852663
2021-02-05,EFA,0.0069361906,0.070713736,0.06377754,train,0.024189346
2021-02-05,IWM,0.025215162,0.03550239,0.010287227,train,0.06817913
2021-02-05,SPY,0.007196122,-0.039010264,0.046206385,train,-0.0032496173
2021-02-05,TLT,0.004381075,-0.038366824,0.0427479,train,-0.004239669
2021-02-08,EFA,0.0054351133,0.059211977,0.053776864,train,0.070713736
2021-02-08,IWM,0.0046962406,0.06375571,0.05905947,train,0.03550239
2021-02-08,SPY,-0.00066610816,0.0015707519,0.00223686,train,-0.039010264
2021-02-08,TLT,0.0007393662,-0.05409739,0.054836757,train,-0.038366824
2021-02-09,EFA,-0.0034434018,0.03422767,0.03767107,train,0.059211977
2021-02-09,IWM,-0.0065898267,0.01238939,0.018979216,train,0.06375571
2021-02-09,SPY,-0.00043563044,0.032598585,0.033034217,train,0.0015707519
2021-02-09,TLT,0.006631668,-0.060660936,0.0672926,train,-0.05409739
2021-02-10,EFA,0.0067431214,0.010526018,0.0037828968,train,0.03422767
2021-02-10,IWM,-0.0011464527,0.04878842,0.049934875,train,0.01238939
2021-02-10,SPY,0.0016136218,0.048758835,0.047145214,train,0.032598585
2021-02-10,TLT,-0.0054896586,-0.065646075,0.060156416,train,-0.060660936
2021-02-11,EFA,0.00551913,0.025729755,0.020210626,train,0.010526018
2021-02-11,IWM,0.0028199404,0.046477526,0.043657586,train,0.04878842
2021-02-11,SPY,0.0049275537,0.07758472,0.07265717,train,0.048758835
2021-02-11,TLT,-0.012496886,-0.083237775,0.070740886,train,-0.065646075
2021-02-12,EFA,0.00718161,0.042081624,0.034900013,train,0.025729755
2021-02-12,IWM,-0.0063122557,0.10205763,0.10836989,train,0.046477526
2021-02-12,SPY,-0.000866394,0.12061826,0.12148465,train,0.07758472
2021-02-12,TLT,-0.015343987,-0.086321004,0.07097702,train,-0.083237775
2021-02-16,EFA,-0.005872031,0.0040664654,0.009938497,train,0.042081624
2021-02-16,IWM,-0.007868515,-0.014304491,0.0064359754,train,0.10205763
2021-02-16,SPY,0.00022947881,0.08927515,0.08904567,train,0.12061826
2021-02-16,TLT,0.0063305898,-0.07191477,0.07824536,train,-0.086321004
2021-02-17,EFA,-0.004985573,0.013230542,0.018216114,train,0.0040664654
2021-02-17,IWM,-0.015608086,-0.07243782,0.056829736,train,-0.014304491
2021-02-17,SPY,-0.0042650346,0.01712851,0.021393545,train,0.08927515
2021-02-17,TLT,-0.004055471,-0.014086386,0.010030915,train,-0.07191477
2021-02-18,EFA,0.0028892593,-0.0066362787,0.0095255375,train,0.013230542
2021-02-18,IWM,0.020638708,-0.12996913,0.15060784,train,-0.07243782
2021-02-18,SPY,-0.0017674625,-0.02184941,0.020081948,train,0.01712851
2021-02-18,TLT,-0.013380873,-0.008485159,0.004895714,train,-0.014086386
2021-02-19,EFA,-0.0024949105,0.017409945,0.019904856,train,-0.0066362787
2021-02-19,IWM,-0.006504627,0.049927615,0.05643224,train,-0.12996913
2021-02-19,SPY,-0.007721495,0.014983291,0.022704786,train,-0.02184941
2021-02-19,TLT,-0.0076370547,-0.0038193408,0.0038177138,train,-0.008485159
2021-02-22,EFA,0.0009198157,0.0076022837,0.006682468,train,0.017409945
2021-02-22,IWM,-0.008844147,-0.038191803,0.029347654,train,0.049927615
2021-02-22,SPY,0.001213603,-0.012209987,0.01342359,train,0.014983291
2021-02-22,TLT,-0.0028878236,0.013925215,0.01681304,train,-0.0038193408
2021-02-23,EFA,0.0031477127,0.0101727415,0.0070250286,train,0.0076022837
2021-02-23,IWM,0.023354247,0.054957137,0.03160289,train,-0.038191803
2021-02-23,SPY,0.0109591335,0.05048736,0.03952823,train,-0.012209987
2021-02-23,TLT,-0.0065817405,-0.0034092744,0.003172466,train,0.013925215
2021-02-24,EFA,-0.017168956,0.025026767,0.042195722,train,0.0101727415
2021-02-24,IWM,-0.037660655,0.06302354,0.100684196,train,0.054957137
2021-02-24,SPY,-0.024390979,0.05082676,0.07521774,train,0.05048736
2021-02-24,TLT,-0.016465858,0.0024662968,0.018932154,train,-0.0034092744
2021-02-25,EFA,-0.014220758,-0.08862785,0.07440709,train,0.025026767
2021-02-25,IWM,-0.0013733426,-0.08251353,0.08114019,train,0.06302354
2021-02-25,SPY,-0.0051657953,-0.027438873,0.022273079,train,0.05082676
2021-02-25,TLT,0.032525137,0.02688889,0.005636247,train,0.0024662968
2021-02-26,EFA,0.01860696,0.0031773504,0.01542961,train,-0.08862785
2021-02-26,IWM,0.034928817,0.00057860184,0.034350216,train,-0.08251353
2021-02-26,SPY,0.023951082,0.026534101,0.0025830194,train,-0.027438873
2021-02-26,TLT,-0.013295969,0.003502978,0.016798947,train,0.02688889
2021-03-01,EFA,-0.0010615889,-0.011163453,0.010101864,train,0.0031773504
2021-03-01,IWM,-0.019429445,-0.07034118,0.050911732,train,0.00057860184
2021-03-01,SPY,-0.007833966,-0.09710447,0.0892705,train,0.026534101
2021-03-01,TLT,7.092322e-05,0.025020683,0.02494976,train,0.003502978
2021-03-02,EFA,-0.006125776,0.026329553,0.03245533,train,-0.011163453
2021-03-02,IWM,-0.0108833285,-0.054068424,0.043185096,train,-0.07034118
2021-03-02,SPY,-0.013334368,-0.0064759906,0.0068583777,train,-0.09710447
2021-03-02,TLT,-0.010905027,0.10482004,0.11572507,train,0.025020683
2021-03-03,EFA,-0.009529686,0.013798321,0.023328006,train,0.026329553
2021-03-03,IWM,-0.028348386,-0.062081665,0.03373328,train,-0.054068424
2021-03-03,SPY,-0.012451837,-0.006392913,0.006058924,train,-0.0064759906
2021-03-03,TLT,-0.006470655,0.051702626,0.05817328,train,0.10482004
2021-03-04,EFA,0.0064522503,-0.057878256,0.0643305,train,0.013798321
2021-03-04,IWM,0.020980434,-0.18051037,0.2014908,train,-0.062081665
2021-03-04,SPY,0.018229356,0.00064522587,0.01758413,train,-0.006392913
2021-03-04,TLT,0.0019457515,0.053808264,0.05186251,train,0.051702626
2021-03-05,EFA,-0.0034896652,-0.010272605,0.00678294,train,-0.057878256
2021-03-05,IWM,0.0047196825,-0.1478168,0.1525365,train,-0.18051037
2021-03-05,SPY,-0.004990817,-0.1345778,0.12958698,train,0.00064522587
2021-03-05,TLT,-0.00780524,-0.0025879648,0.005217275,train,0.053808264
2021-03-08,EFA,0.013356664,0.032841288,0.019484624,train,-0.010272605
2021-03-08,IWM,0.020811675,-0.115834914,0.13664658,train,-0.1478168
2021-03-08,SPY,0.014176223,0.02087493,0.006698707,train,-0.1345778
2021-03-08,TLT,0.0137626985,0.036726408,0.02296371,train,-0.0025879648
2021-03-09,EFA,0.004236685,-0.012146929,0.016383614,train,0.032841288
2021-03-09,IWM,0.017223354,-0.11324341,0.13046676,train,-0.115834914
2021-03-09,SPY,0.006205409,-0.089997016,0.096202426,train,0.02087493
2021-03-09,TLT,0.002001584,0.06829359,0.066292,train,0.036726408
2021-03-10,EFA,0.0052707684,-0.002225766,0.0074965344,train,-0.012146929
2021-03-10,IWM,0.021766571,-0.062703885,0.08447046,train,-0.11324341
2021-03-10,SPY,0.010087968,0.03324996,0.023161992,train,-0.089997016
2021-03-10,TLT,-0.0072393892,0.107553296,0.11479268,train,0.06829359
2021-03-11,EFA,0.002493811,0.04967261,0.0471788,train,-0.002225766
2021-03-11,IWM,0.0058820387,-0.09440888,0.10029092,train,-0.062703885
2021-03-11,SPY,0.0013459843,-0.048980378,0.050326362,train,0.03324996
2021-03-11,TLT,-0.021449603,0.14212118,0.16357079,train,0.107553296
2021-03-12,EFA,0.0007864256,0.03805603,0.037269603,train,0.04967261
2021-03-12,IWM,0.0035468538,-0.018896142,0.022442997,train,-0.09440888
2021-03-12,SPY,0.005945669,-0.024496684,0.030442353,train,-0.048980378
2021-03-12,TLT,0.0058621904,0.04044888,0.03458669,train,0.14212118
2021-03-15,EFA,0.0017015315,0.05355391,0.05185238,train,0.03805603
2021-03-15,IWM,-0.016863286,-0.020327264,0.003463978,train,-0.018896142
2021-03-15,SPY,-0.0012621103,-0.0868229,0.085560784,train,-0.024496684
2021-03-15,TLT,-0.0040265615,0.054009125,0.058035687,train,0.04044888
2021-03-16,EFA,0.0058672056,0.014036009,0.0081688035,train,0.05355391
2021-03-16,IWM,0.007821631,-0.015747206,0.023568837,train,-0.020327264
2021-03-16,SPY,0.0034042299,-0.03415063,0.03755486,train,-0.0868229
2021-03-16,TLT,-0.007511637,0.050919287,0.058430925,train,0.054009125
2021-03-17,EFA,-0.009141857,0.015913988,0.025055844,train,0.014036009
2021-03-17,IWM,-0.030905966,-0.021820651,0.009085314,train,-0.015747206
2021-03-17,SPY,-0.014656589,0.093467176,0.108123764,train,-0.03415063
2021-03-17,TLT,-0.010177155,0.044711277,0.05488843,train,0.050919287
2021-03-18,EFA,0.0027510163,-0.030992279,0.033743296,train,0.015913988
2021-03-18,IWM,0.007519267,0.11477834,0.10725907,train,-0.021820651
2021-03-18,SPY,-0.0018520395,0.0123800095,0.014232049,train,0.093467176
2021-03-18,TLT,0.0061781527,0.06701337,0.060835216,train,0.044711277
2021-03-19,EFA,0.00091559807,0.00029541925,0.0006201788,train,-0.030992279
2021-03-19,IWM,-0.0075637163,0.05915097,0.06671469,train,0.11477834
2021-03-19,SPY,0.007953483,0.055949733,0.04799625,train,0.0123800095
2021-03-19,TLT,0.011143323,0.049978048,0.038834725,train,0.06701337
2021-03-22,EFA,-0.013952953,-0.0030702446,0.010882708,train,0.00029541925
2021-03-22,IWM,-0.036948424,0.044954963,0.08190338,train,0.05915097
2021-03-22,SPY,-0.007902115,0.051621273,0.05952339,train,0.055949733
2021-03-22,TLT,0.008986795,0.07171222,0.062725425,train,0.049978048
2021-03-23,EFA,-0.005049839,-0.05619806,0.05114822,train,-0.0030702446
2021-03-23,IWM,-0.023399005,-0.108500116,0.08510111,train,0.044954963
2021-03-23,SPY,-0.005096329,0.08578653,0.09088286,train,0.051621273
2021-03-23,TLT,0.0053676777,0.07177911,0.066411436,train,0.07171222
2021-03-24,EFA,0.0074330093,-0.019959638,0.027392648,train,-0.05619806
2021-03-24,IWM,0.023433316,-0.10112602,0.12455934,train,-0.108500116
2021-03-24,SPY,0.00560962,0.05524741,0.04963779,train,0.08578653
2021-03-24,TLT,-0.007916933,0.056851596,0.06476853,train,0.07177911
2021-03-25,EFA,0.012876112,0.00036428683,0.012511825,train,-0.019959638
2021-03-25,IWM,0.01806721,0.021993352,0.003926141,train,-0.10112602
2021-03-25,SPY,0.015986431,0.11648403,0.1004976,train,0.05524741
2021-03-25,TLT,-0.003506384,0.041767567,0.045273952,train,0.056851596
2021-03-26,EFA,-0.0039241165,-0.022985505,0.019061388,train,0.00036428683
2021-03-26,IWM,-0.028553024,0.03446842,0.063021444,train,0.021993352
2021-03-26,SPY,-0.0005052311,0.115556926,0.11606216,train,0.11648403
2021-03-26,TLT,-0.008524113,0.10010117,0.108625285,train,0.041767567
2021-03-29,EFA,-0.0013113513,-0.011209646,0.009898295,train,-0.022985505
2021-03-29,IWM,0.016697457,-0.078114785,0.094812244,train,0.03446842
2021-03-29,SPY,-0.0026564526,0.06277692,0.065433376,train,0.115556926
2021-03-29,TLT,0.0052266247,0.06825105,0.063024424,train,0.10010117
2021-03-30,EFA,-0.0043401704,0.0008043684,0.005144539,train,-0.011209646
2021-03-30,IWM,0.013350165,-0.022173168,0.035523333,train,-0.078114785
2021-03-30,SPY,0.0040452653,0.08030737,0.07626211,train,0.06277692
2021-03-30,TLT,-0.0055959392,0.064557485,0.07015342,train,0.06825105
2021-03-31,EFA,0.012964406,-0.047350034,0.06031444,train,0.0008043684
2021-03-31,IWM,0.012593555,0.08565937,0.07306582,train,-0.022173168
2021-03-31,SPY,0.010741426,0.004493825,0.0062476005,train,0.08030737
2021-03-31,TLT,0.01646104,0.06647036,0.05000932,train,0.064557485
2021-04-01,EFA,0.014466806,-0.016595686,0.031062491,train,-0.047350034
2021-04-01,IWM,0.0054823672,-0.015475811,0.020958178,train,0.08565937
2021-04-01,SPY,0.014250763,0.044218346,0.029967584,train,0.004493825
2021-04-01,TLT,-0.00437257,0.03811478,0.04248735,train,0.06647036
2021-04-05,EFA,-0.010700938,-0.014673704,0.003972766,train,-0.016595686
2021-04-05,IWM,-0.0029379835,-0.017837077,0.014899094,train,-0.015475811
2021-04-05,SPY,-0.0005906875,0.03216268,0.032753367,train,0.044218346
2021-04-05,TLT,0.0067696674,0.083411396,0.07664173,train,0.03811478
2021-04-06,EFA,0.002071884,-0.041171692,0.043243576,train,-0.014673704
2021-04-06,IWM,-0.016270015,0.027749246,0.04401926,train,-0.017837077
2021-04-06,SPY,0.0011564224,0.035598658,0.034442235,train,0.03216268
2021-04-06,TLT,-0.0069890115,-0.0010901857,0.005898826,train,0.083411396
2021-04-07,EFA,0.0056751585,-0.004927,0.0106021585,train,-0.041171692
2021-04-07,IWM,0.008437709,-0.08891271,0.09735042,train,0.027749246
2021-04-07,SPY,0.0047356877,0.06562262,0.060886934,train,0.035598658
2021-04-07,TLT,0.008221509,0.033687107,0.025465598,train,-0.0010901857
2021-04-08,EFA,0.0030818845,0.036350034,0.03326815,train,-0.004927
2021-04-08,IWM,0.00013476046,-0.03498634,0.0351211,train,-0.08891271
2021-04-08,SPY,0.0072439765,0.10459923,0.097355254,train,0.06562262
2021-04-08,TLT,-0.003629595,0.0011013504,0.0047309455,train,0.033687107
2021-04-09,EFA,-0.0055288323,0.0002376195,0.005766452,train,0.036350034
2021-04-09,IWM,-0.0039161025,-0.03865438,0.034738276,train,-0.03498634
2021-04-09,SPY,0.0003645218,0.104764126,0.10439961,train,0.10459923
2021-04-09,TLT,-0.00043616968,0.005950898,0.0063870675,train,0.0011013504
2021-04-12,EFA,0.0057852184,-0.04007124,0.04585646,train,0.0002376195
2021-04-12,IWM,-0.0026194032,-0.05015392,0.047534514,train,-0.03865438
2021-04-12,SPY,0.0029592314,0.12831,0.12535076,train,0.104764126
2021-04-12,TLT,0.0074656177,-0.0043723728,0.011837991,train,0.005950898
2021-04-13,EFA,0.0007691062,0.017202633,0.016433526,train,-0.04007124
2021-04-13,IWM,0.00980972,-0.04474756,0.054557282,train,-0.05015392
2021-04-13,SPY,-0.0034210025,0.13066618,0.13408719,train,0.12831
2021-04-13,TLT,-0.003182305,0.009859772,0.013042077,train,-0.0043723728
2021-04-14,EFA,0.008291175,0.004998343,0.0032928316,train,0.017202633
2021-04-14,IWM,0.0043341587,-0.070517875,0.074852034,train,-0.04474756
2021-04-14,SPY,0.010685327,0.10966448,0.09897915,train,0.13066618
2021-04-14,TLT,0.016595662,0.026582787,0.009987125,train,0.009859772
2021-04-15,EFA,0.0072147576,-0.005856665,0.013071422,train,0.004998343
2021-04-15,IWM,0.0016037625,-0.06383414,0.0654379,train,-0.070517875
2021-04-15,SPY,0.0033367553,0.059467815,0.05613106,train,0.10966448
2021-04-15,TLT,-0.007796539,0.0072092805,0.0150058195,train,0.026582787
2021-04-16,EFA,-0.0017669508,-0.014785649,0.013018698,train,-0.005856665
2021-04-16,IWM,-0.013083244,-0.00086894445,0.012214299,train,-0.06383414
2021-04-16,SPY,-0.0049251835,0.113538906,0.11846409,train,0.059467815
2021-04-16,TLT,-0.0028762845,-0.049945988,0.047069702,train,0.0072092805
2021-04-19,EFA,-0.018103601,0.022500886,0.040604487,train,-0.014785649
2021-04-19,IWM,-0.02068784,0.01720017,0.037888013,train,-0.00086894445
2021-04-19,SPY,-0.007348567,0.09757336,0.10492193,train,0.113538906
2021-04-19,TLT,0.0045976304,-0.052150987,0.056748617,train,-0.049945988
2021-04-20,EFA,0.010239261,-0.08841405,0.09865331,train,0.022500886
2021-04-20,IWM,0.024154685,-0.05813644,0.082291126,train,0.01720017
2021-04-20,SPY,0.009417747,0.038553238,0.029135492,train,0.09757336
2021-04-20,TLT,0.002005556,-0.06274058,0.064746134,train,-0.052150987
2021-04-21,EFA,-0.0033163563,-0.03605909,0.03274273,train,-0.08841405
2021-04-21,IWM,-0.0041435165,-0.07532211,0.07117859,train,-0.05813644
2021-04-21,SPY,-0.009175066,0.07883343,0.08800849,train,0.038553238
2021-04-21,TLT,0.0043545365,-0.031502515,0.03585705,train,-0.06274058
2021-04-22,EFA,0.010169092,-0.024499582,0.034668673,train,-0.03605909
2021-04-22,IWM,0.018688696,0.010220168,0.008468527,train,-0.07532211
2021-04-22,SPY,0.010784062,0.011083847,0.0002997853,train,0.07883343
2021-04-22,TLT,-0.0023531227,-0.02801895,0.025665827,train,-0.031502515
2021-04-23,EFA,0.000758687,-0.05082164,0.051580325,train,-0.024499582
2021-04-23,IWM,0.010355491,-0.08859652,0.09895201,train,0.010220168
2021-04-23,SPY,0.0020853118,0.036285885,0.03420057,train,0.011083847
2021-04-23,TLT,-0.0014290536,0.008118242,0.009547296,train,-0.02801895
2021-04-26,EFA,-0.0032911685,-0.010418469,0.007127301,train,-0.05082164
2021-04-26,IWM,0.0014895187,-0.0456862,0.04717572,train,-0.08859652
2021-04-26,SPY,-0.00021553921,0.018487176,0.018702716,train,0.036285885
2021-04-26,TLT,-0.008761595,0.014264211,0.023025807,train,0.008118242
2021-04-27,EFA,0.0025324817,0.0037309583,0.0011984766,train,-0.010418469
2021-04-27,IWM,0.0017056611,-0.012603091,0.0143087525,train,-0.0456862
2021-04-27,SPY,-0.00028717166,0.012654799,0.0129419705,train,0.018487176
2021-04-27,TLT,0.0006486992,-0.017049408,0.017698107,train,0.014264211
2021-04-28,EFA,0.00037964078,0.0070217233,0.0066420827,train,0.0037309583
2021-04-28,IWM,-0.0037212803,0.023280649,0.027001929,train,-0.012603091
2021-04-28,SPY,0.006352254,0.0066945124,0.00034225825,train,0.012654799
2021-04-28,TLT,-0.002959261,-0.031069228,0.028109968,train,-0.017049408
2021-04-29,EFA,-0.012595065,0.023760557,0.036355622,train,0.0070217233
2021-04-29,IWM,-0.013690327,0.04334636,0.057036687,train,0.023280649
2021-04-29,SPY,-0.0065921084,0.019755328,0.026347436,train,0.0066945124
2021-04-29,TLT,0.0023105617,-0.028081035,0.030391596,train,-0.031069228
2021-04-30,EFA,0.010950041,-0.044359736,0.055309776,train,0.023760557
2021-04-30,IWM,0.004879245,-0.0037300605,0.008609306,train,0.04334636
2021-04-30,SPY,0.0021543603,-0.043789715,0.045944076,train,0.019755328
2021-04-30,TLT,0.0005997822,-0.04368569,0.044285472,train,-0.028081035
2021-05-03,EFA,-0.014926551,-0.013429875,0.0014966764,train,-0.044359736
2021-05-03,IWM,-0.012019475,-2.302602e-05,0.011996449,train,-0.0037300605
2021-05-03,SPY,-0.0061882567,-0.006733291,0.0005450342,train,-0.043789715
2021-05-03,TLT,0.0067628934,-0.033518985,0.040281877,train,-0.04368569
2021-05-04,EFA,0.013532778,-0.09680068,0.11033346,train,-0.013429875
2021-05-04,IWM,-0.0039936607,-0.003770396,0.00022326456,train,-2.302602e-05
2021-05-04,SPY,0.00031277727,-0.07193507,0.07224785,train,-0.006733291
2021-05-04,TLT,0.0016475084,-0.028120039,0.029767547,train,-0.033518985
2021-05-05,EFA,0.008208568,-0.023729073,0.03193764,train,-0.09680068
2021-05-05,IWM,0.0008539111,0.022389373,0.021535462,train,-0.003770396
2021-05-05,SPY,0.00795383,0.018412923,0.010459093,train,-0.07193507
2021-05-05,TLT,0.0016453736,-0.026413368,0.028058741,train,-0.028120039
2021-05-06,EFA,0.011255904,-0.0115003195,0.022756223,train,-0.023729073
2021-05-06,IWM,0.01250064,0.032871664,0.020371024,train,0.022389373
2021-05-06,SPY,0.00725163,-0.011247719,0.018499348,train,0.018412923
2021-05-06,TLT,-0.0049436227,-0.017277174,0.012333551,train,-0.026413368
2021-05-07,EFA,-0.0053619896,0.038677543,0.044039533,train,-0.0115003195
2021-05-07,IWM,-0.02575111,0.012595808,0.038346916,train,0.032871664
2021-05-07,SPY,-0.00995181,0.010424705,0.020376515,train,-0.011247719
2021-05-07,TLT,-0.010178443,-0.043937944,0.0337595,train,-0.017277174
2021-05-10,EFA,-0.013215312,0.0019433443,0.015158656,train,0.038677543
2021-05-10,IWM,-0.0031917917,-0.006046241,0.0028544494,train,0.012595808
2021-05-10,SPY,-0.00896483,-0.0119076595,0.0029428294,train,0.010424705
2021-05-10,TLT,-0.005675556,-0.06161675,0.055941194,train,-0.043937944
2021-05-11,EFA,-0.01609237,-0.09574284,0.07965047,train,0.0019433443
2021-05-11,IWM,-0.033010714,-0.009336367,0.023674347,train,-0.006046241
2021-05-11,SPY,-0.021474164,-0.059660167,0.038186003,train,-0.0119076595
2021-05-11,TLT,-0.010563559,-0.0075530317,0.0030105272,train,-0.06161675
2021-05-12,EFA,0.007439728,-0.057531103,0.06497083,train,-0.09574284
2021-05-12,IWM,0.018241951,-0.08459965,0.1028416,train,-0.009336367
2021-05-12,SPY,0.011941017,-0.0683801,0.08032112,train,-0.059660167
2021-05-12,TLT,0.0015473274,0.0011012983,0.00044602912,train,-0.0075530317
2021-05-13,EFA,0.016602632,-0.0030661393,0.019668771,train,-0.057531103
2021-05-13,IWM,0.024132833,0.08145065,0.057317816,train,-0.08459965
2021-05-13,SPY,0.015238782,0.012087842,0.00315094,train,-0.0683801
2021-05-13,TLT,0.009307779,0.0049244985,0.004383281,train,0.0011012983
2021-05-14,EFA,-0.0018870824,-0.027846323,0.02595924,train,-0.0030661393
2021-05-14,IWM,0.001356312,-0.054586187,0.0559425,train,0.08145065
2021-05-14,SPY,-0.002547957,-0.010102199,0.0075542424,train,0.012087842
2021-05-14,TLT,-0.0021179721,-0.017551469,0.015433497,train,0.0049244985
2021-05-17,EFA,0.0021385215,-0.01656859,0.018707111,train,-0.027846323
2021-05-17,IWM,-0.007619799,-0.033158362,0.025538564,train,-0.054586187
2021-05-17,SPY,-0.008652863,-0.011564674,0.0029118108,train,-0.010102199
2021-05-17,TLT,-0.002561615,-0.018369215,0.015807599,train,-0.017551469
2021-05-18,EFA,-0.00883527,-0.013208099,0.0043728286,train,-0.01656859
2021-05-18,IWM,-0.0077241543,-0.06627747,0.058553312,train,-0.033158362
2021-05-18,SPY,-0.0026253895,-0.002442604,0.00018278556,train,-0.011564674
2021-05-18,TLT,-0.0024215227,-0.03980875,0.037387226,train,-0.018369215
2021-05-19,EFA,0.0130985305,-0.06440627,0.0775048,train,-0.013208099
2021-05-19,IWM,0.0066309934,-0.01686047,0.023491465,train,-0.06627747
2021-05-19,SPY,0.010700355,-0.017670332,0.028370686,train,-0.002442604
2021-05-19,TLT,0.008194799,-0.06004837,0.06824317,train,-0.03980875
2021-05-20,EFA,0.0013754112,-0.00041976012,0.0017951713,train,-0.06440627
2021-05-20,IWM,0.0025947227,-0.039780147,0.04237487,train,-0.01686047
2021-05-20,SPY,-0.0008189004,0.019005364,0.019824265,train,-0.017670332
2021-05-20,TLT,0.0032011846,-0.00456837,0.007769555,train,-0.06004837
2021-05-21,EFA,0.0061042346,-0.0030660164,0.009170251,train,-0.00041976012
2021-05-21,IWM,0.0064797415,-0.0026024878,0.00908223,train,-0.039780147
2021-05-21,SPY,0.0101425825,0.091805,0.081662424,train,0.019005364
2021-05-21,TLT,0.0036977218,-0.004019892,0.0077176136,train,-0.00456837
2021-05-24,EFA,0.00024833108,0.010738926,0.010490595,train,-0.0030660164
2021-05-24,IWM,-0.009712971,-0.0004146602,0.009298311,train,-0.0026024878
2021-05-24,SPY,-0.0022211233,0.05677355,0.058994673,train,0.091805
2021-05-24,TLT,0.009220596,-0.016537035,0.025757631,train,-0.004019892
2021-05-25,EFA,-0.0006211648,0.000982726,0.0016038908,train,0.010738926
2021-05-25,IWM,0.018482009,-0.011072088,0.029554097,train,-0.0004146602
2021-05-25,SPY,0.0019826707,-0.0024443045,0.0044269753,train,0.05677355
2021-05-25,TLT,-0.001722655,-0.017590085,0.01586743,train,-0.016537035
2021-05-26,EFA,0.0018618959,0.021608181,0.019746285,train,0.000982726
2021-05-26,IWM,0.010244962,-0.060744613,0.07098958,train,-0.011072088
2021-05-26,SPY,0.00052472274,-0.006785607,0.00731033,train,-0.0024443045
2021-05-26,TLT,-0.0040302468,0.0041617546,0.008192001,train,-0.017590085
2021-05-27,EFA,0.0023534873,0.011866802,0.009513315,train,0.021608181
2021-05-27,IWM,-0.00066498475,-0.03070468,0.030039696,train,-0.060744613
2021-05-27,SPY,0.0017871207,0.008355765,0.006568644,train,-0.006785607
2021-05-27,TLT,-0.001587819,0.008783242,0.010371061,train,0.0041617546
2021-05-28,EFA,0.0035812363,0.008534519,0.004953283,train,0.011866802
2021-05-28,IWM,0.01128857,0.03759759,0.026309019,train,-0.03070468
2021-05-28,SPY,-0.00088120357,0.010532742,0.011413946,train,0.008355765
2021-05-28,TLT,-0.00022448141,-0.02847843,0.028253948,train,0.008783242
2021-06-01,EFA,0.00332278,0.006069375,0.0027465953,train,0.008534519
2021-06-01,IWM,0.0011831162,-0.046199746,0.04738286,train,0.03759759
2021-06-01,SPY,0.0015714054,0.052294306,0.0507229,train,0.010532742
2021-06-01,TLT,0.0023125967,-0.024182802,0.026495399,train,-0.02847843
2021-06-02,EFA,-0.0049266974,0.036660105,0.0415868,train,0.006069375
2021-06-02,IWM,-0.0084001245,0.023860743,0.03226087,train,-0.046199746
2021-06-02,SPY,-0.003718289,0.013990836,0.017709125,train,0.052294306
2021-06-02,TLT,-0.003760795,-0.02361095,0.019850153,train,-0.024182802
2021-06-03,EFA,0.008483447,-0.0011309218,0.009614369,train,0.036660105
2021-06-03,IWM,0.0043189605,0.07587734,0.07155838,train,0.023860743
2021-06-03,SPY,0.009104469,0.021570055,0.012465586,train,0.013990836
2021-06-03,TLT,0.01360222,-0.03865453,0.052256748,train,-0.02361095
2021-06-04,EFA,0.0033002542,-0.0068789218,0.010179176,train,-0.0011309218
2021-06-04,IWM,0.013323309,-0.007216459,0.020539768,train,0.07587734
2021-06-04,SPY,-0.0009707157,0.03195045,0.03292117,train,0.021570055
2021-06-04,TLT,-0.0030787827,0.03350278,0.03658156,train,-0.03865453
2021-06-07,EFA,-0.00048817534,0.0038247462,0.004312922,train,-0.0068789218
2021-06-07,IWM,0.010532255,-0.0057703946,0.016302649,train,-0.007216459
2021-06-07,SPY,0.00021300092,0.052509665,0.052296665,train,0.03195045
2021-06-07,TLT,0.007002122,-0.04586272,0.052864842,train,0.03350278
2021-06-08,EFA,-0.0026894507,0.020882623,0.023572074,train,0.0038247462
2021-06-08,IWM,-0.006677692,0.0032192562,0.009896948,train,-0.0057703946
2021-06-08,SPY,-0.0014928875,0.032641903,0.03413479,train,0.052509665
2021-06-08,TLT,0.008789842,0.0057800375,0.0030098045,train,-0.04586272
2021-06-09,EFA,0.002750921,0.018370355,0.0156194335,train,0.020882623
2021-06-09,IWM,-0.007443573,0.08071733,0.0881609,train,0.0032192562
2021-06-09,SPY,0.004637547,0.03427118,0.029633634,train,0.032641903
2021-06-09,TLT,0.0059814393,0.023943638,0.017962199,train,0.0057800375
2021-06-10,EFA,0.0023482647,0.0019047093,0.00044355541,train,0.018370355
2021-06-10,IWM,0.010499574,0.04735618,0.036856607,train,0.08071733
2021-06-10,SPY,0.0016509586,0.031073002,0.029422043,train,0.03427118
2021-06-10,TLT,-0.0016151029,-0.015686797,0.014071694,train,0.023943638
2021-06-11,EFA,0.0017268698,0.004155943,0.0024290732,train,0.0019047093
2021-06-11,IWM,-0.002939165,0.009620158,0.012559323,train,0.04735618
2021-06-11,SPY,0.002236663,0.019798655,0.017561993,train,0.031073002
2021-06-11,TLT,-0.007688996,-0.049232215,0.04154322,train,-0.015686797
2021-06-14,EFA,0.0012318408,0.009719526,0.008487686,train,0.004155943
2021-06-14,IWM,-0.0028609878,0.07116226,0.07402325,train,0.009620158
2021-06-14,SPY,-0.0018359403,0.027116079,0.02895202,train,0.019798655
2021-06-14,TLT,-0.0012038826,-0.054171383,0.0529675,train,-0.049232215
2021-06-15,EFA,-0.006173672,0.009690268,0.01586394,train,0.009719526
2021-06-15,IWM,-0.002129475,0.0140103325,0.016139807,train,0.07116226
2021-06-15,SPY,-0.0055989195,0.03443551,0.04003443,train,0.027116079
2021-06-15,TLT,-0.00085182796,0.0016215602,0.002473388,train,-0.054171383
2021-06-16,EFA,-0.0069599827,-0.009898776,0.0029387935,train,0.009690268
2021-06-16,IWM,-0.01128716,0.008422423,0.019709583,train,0.0140103325
2021-06-16,SPY,-0.00033177098,-0.014931329,0.014599558,train,0.03443551
2021-06-16,TLT,0.014861332,0.019055199,0.0041938666,train,0.0016215602
2021-06-17,EFA,-0.02092076,-0.04920581,0.028285049,train,-0.009898776
2021-06-17,IWM,-0.022963718,-0.031898074,0.008934356,train,0.008422423
2021-06-17,SPY,-0.013582245,0.028497564,0.04207981,train,-0.014931329
2021-06-17,TLT,0.018631304,0.08329467,0.064663365,train,0.019055199
2021-06-18,EFA,0.01303245,-0.012950556,0.025983006,train,-0.04920581
2021-06-18,IWM,0.02115819,-0.059669256,0.080827445,train,-0.031898074
2021-06-18,SPY,0.0142145,-0.043129243,0.057343744,train,0.028497564
2021-06-18,TLT,-0.016885502,0.14023052,0.15711603,train,0.08329467
2021-06-21,EFA,0.0001256494,-0.028736154,0.028861804,train,-0.012950556
2021-06-21,IWM,0.0045296466,-0.049933434,0.05446308,train,-0.059669256
2021-06-21,SPY,0.0053319056,0.059531122,0.05419922,train,-0.043129243
2021-06-21,TLT,0.0024397823,-0.02908254,0.031522322,train,0.14023052
2021-06-22,EFA,-0.0064310036,-0.032045454,0.02561445,train,-0.028736154
2021-06-22,IWM,0.0032854867,0.08203218,0.07874669,train,-0.049933434
2021-06-22,SPY,-0.0012059141,0.024767641,0.025973555,train,0.059531122
2021-06-22,TLT,-0.0025795884,-0.07552543,0.07294585,train,-0.02908254
2021-06-23,EFA,0.009568441,-0.0036209133,0.013189354,train,-0.032045454
2021-06-23,IWM,0.014026859,0.08691201,0.072885156,train,0.08203218
2021-06-23,SPY,0.0058981893,0.041815646,0.035917457,train,0.024767641
2021-06-23,TLT,0.0016049123,-0.09256954,0.09417445,train,-0.07552543
2021-06-24,EFA,0.0021277207,-0.051249743,0.053377464,train,-0.0036209133
2021-06-24,IWM,0.0016805067,0.000589652,0.0010908548,train,0.08691201
2021-06-24,SPY,0.0035459646,0.016139504,0.012593539,train,0.041815646
2021-06-24,TLT,-0.0104376925,-0.068200104,0.05776241,train,-0.09256954
2021-06-25,EFA,-0.0063970136,0.024796264,0.031193279,train,-0.051249743
2021-06-25,IWM,-0.007953046,-0.020398462,0.012445416,train,0.000589652
2021-06-25,SPY,0.0020136875,-0.06153284,0.06354653,train,0.016139504
2021-06-25,TLT,0.010228531,-0.026773112,0.037001643,train,-0.068200104
2021-06-28,EFA,0.00025175716,0.016907187,0.01665543,train,0.024796264
2021-06-28,IWM,-0.0047849356,-0.065528065,0.06074313,train,-0.020398462
2021-06-28,SPY,0.0005380256,-0.0015218807,0.0020599063,train,-0.06153284
2021-06-28,TLT,0.0016716265,0.00053868257,0.0011329439,train,-0.026773112
2021-06-29,EFA,-0.0077035734,0.012082757,0.019786332,train,0.016907187
2021-06-29,IWM,0.00013086264,-0.02451567,0.024646532,train,-0.065528065
2021-06-29,SPY,0.00084120984,-0.0042599235,0.005101133,train,-0.0015218807
2021-06-29,TLT,0.004443006,0.03182371,0.027380703,train,0.00053868257
2021-06-30,EFA,0.002405652,0.018708283,0.01630263,train,0.012082757
2021-06-30,IWM,0.008768083,0.011591332,0.0028232494,train,-0.02451567
2021-06-30,SPY,0.005521389,0.017717388,0.012195999,train,-0.0042599235
2021-06-30,TLT,5.5221924e-05,0.030079288,0.030024067,train,0.03182371
2021-07-01,EFA,0.0034089717,-0.019708501,0.023117473,test,0.018708283
2021-07-01,IWM,-0.009553304,-0.004618628,0.004934676,test,0.011591332
2021-07-01,SPY,0.0076144603,0.038876392,0.031261932,test,0.017717388
2021-07-01,TLT,0.006016901,-0.0075748917,0.013591792,test,0.030079288
2021-07-02,EFA,-0.006575595,-0.05633901,0.049763415,test,-0.019708501
2021-07-02,IWM,-0.014635811,0.0051128026,0.019748613,test,-0.004618628
2021-07-02,SPY,-0.00182303,0.05694554,0.05876857,test,0.038876392
2021-07-02,TLT,0.011653037,-0.019483697,0.031136733,test,-0.0075748917
2021-07-06,EFA,0.005440488,-0.0043239724,0.009764461,test,-0.05633901
2021-07-06,IWM,-0.009341477,0.036856256,0.046197735,test,0.0051128026
2021-07-06,SPY,0.0035276962,0.02251921,0.018991515,test,0.05694554
2021-07-06,TLT,0.008820001,0.060813703,0.0519937,test,-0.019483697
2021-07-07,EFA,-0.012953988,-0.026958266,0.014004278,test,-0.0043239724
2021-07-07,IWM,-0.009248942,0.05457192,0.06382086,test,0.036856256
2021-07-07,SPY,-0.008181263,0.069377534,0.0775588,test,0.02251921
2021-07-07,TLT,0.003909924,0.0068897437,0.0029798197,test,0.060813703
2021-07-08,EFA,0.016858144,0.00067207776,0.016186066,test,-0.026958266
2021-07-08,IWM,0.020890037,0.021440407,0.00055037066,test,0.05457192
2021-07-08,SPY,0.010618173,-0.016891943,0.027510116,test,0.069377534
2021-07-08,TLT,-0.014162616,-0.023280906,0.00911829,test,0.0068897437
2021-07-09,EFA,0.0042644734,-0.04507988,0.049344353,test,0.00067207776
2021-07-09,IWM,0.0008387889,0.074314736,0.07347595,test,0.021440407
2021-07-09,SPY,0.0035756421,-0.026670372,0.030246014,test,-0.016891943
2021-07-09,TLT,-0.0012973628,-0.030075734,0.028778372,test,-0.023280906
2021-07-12,EFA,-0.0052702217,-0.013309697,0.0080394745,test,-0.04507988
2021-07-12,IWM,-0.019026099,0.0077475943,0.026773693,test,0.074314736
2021-07-12,SPY,-0.0034150179,0.007290719,0.010705737,test,-0.026670372
2021-07-12,TLT,-0.0076825693,-0.013442226,0.0057596564,test,-0.030075734
2021-07-13,EFA,0.0022620368,-0.0012701992,0.003532236,test,-0.013309697
2021-07-13,IWM,-0.015549826,-0.058249816,0.04269999,test,0.0077475943
2021-07-13,SPY,0.0014912897,0.03651087,0.03501958,test,0.007290719
2021-07-13,TLT,0.011297659,-0.03367778,0.044975437,test,-0.013442226
2021-07-14,EFA,-0.009586432,-0.010733588,0.0011471556,test,-0.0012701992
2021-07-14,IWM,-0.005681508,-0.03334707,0.027665563,test,-0.058249816
2021-07-14,SPY,-0.0034214556,0.00087816454,0.00429962,test,0.03651087
2021-07-14,TLT,0.01096998,-0.0068362635,0.017806243,test,-0.03367778
2021-07-15,EFA,-0.007378214,-0.020802459,0.013424245,test,-0.010733588
2021-07-15,IWM,-0.012391056,0.026538508,0.038929563,test,-0.03334707
2021-07-15,SPY,-0.007874617,0.023171648,0.031046266,test,0.00087816454
2021-07-15,TLT,-0.0018875711,0.014076943,0.015964514,test,-0.0068362635
2021-07-16,EFA,-0.01829735,0.0040547457,0.022352096,test,-0.020802459
2021-07-16,IWM,-0.015093586,0.0029007997,0.017994385,test,0.026538508
2021-07-16,SPY,-0.01487797,0.0021423642,0.017020334,test,0.023171648
2021-07-16,TLT,0.021691384,-0.021626549,0.043317933,test,0.014076943
2021-07-19,EFA,0.0072558853,-0.027869964,0.035125848,test,0.0040547457
2021-07-19,IWM,0.030558435,-0.03820131,0.06875975,test,0.0029007997
2021-07-19,SPY,0.014228683,-0.020853864,0.03508255,test,0.0021423642
2021-07-19,TLT,-0.009686128,0.034443595,0.04412972,test,-0.021626549
2021-07-20,EFA,0.015118783,-0.013658246,0.02877703,test,-0.027869964
2021-07-20,IWM,0.017077342,0.0153295975,0.0017477442,test,-0.03820131
2021-07-20,SPY,0.008063596,-0.03643369,0.044497285,test,-0.020853864
2021-07-20,TLT,-0.012747678,-0.096152246,0.08340457,test,0.034443595
2021-07-21,EFA,0.00038137322,-0.018308384,0.018689757,test,-0.013658246
2021-07-21,IWM,-0.016024353,0.03747178,0.05349613,test,0.0153295975
2021-07-21,SPY,0.0020920243,0.0026778039,0.00058577955,test,-0.03643369
2021-07-21,TLT,0.009408602,-0.05651045,0.06591905,test,-0.096152246
2021-07-22,EFA,0.0069671506,-0.048120677,0.055087827,test,-0.018308384
2021-07-22,IWM,0.004656725,-0.019463694,0.024120418,test,0.03747178
2021-07-22,SPY,0.010235371,0.015449928,0.005214557,test,0.0026778039
2021-07-22,TLT,-0.0067113675,-0.012064377,0.0053530093,test,-0.05651045
2021-07-23,EFA,0.0013873581,-0.029527744,0.030915102,test,-0.048120677
2021-07-23,IWM,0.0029107989,0.03716001,0.03424921,test,-0.019463694
2021-07-23,SPY,0.002451958,0.011749523,0.009297565,test,0.015449928
2021-07-23,TLT,-0.0029675507,-0.044637762,0.04167021,test,-0.012064377
2021-07-26,EFA,-0.004041783,0.057528384,0.061570168,test,-0.029527744
2021-07-26,IWM,-0.011740303,0.061195716,0.07293602,test,0.03716001
2021-07-26,SPY,-0.0045678597,-0.012061084,0.007493224,test,0.011749523
2021-07-26,TLT,0.010615065,-0.014849054,0.025464118,test,-0.044637762
2021-07-27,EFA,0.0042939843,0.005733216,0.0014392319,test,0.057528384
2021-07-27,IWM,0.014597616,-0.010621814,0.02521943,test,0.061195716
2021-07-27,SPY,-0.0004101735,0.027404001,0.027814174,test,-0.012061084
2021-07-27,TLT,6.660433e-05,0.031825364,0.03175876,test,-0.014849054
2021-07-28,EFA,0.006907429,0.021714447,0.0148070175,test,0.005733216
2021-07-28,IWM,0.007669002,-0.040080234,0.047749236,test,-0.010621814
2021-07-28,SPY,0.0041387044,0.036006637,0.031867933,test,0.027404001
2021-07-28,TLT,-0.0055615813,-0.0064468756,0.0008852943,test,0.031825364
2021-07-29,EFA,-0.0051445724,0.01704487,0.022189442,test,0.021714447
2021-07-29,IWM,-0.0066282423,-0.006412331,0.0002159113,test,-0.040080234
2021-07-29,SPY,-0.004868301,0.014320945,0.019189246,test,0.036006637
2021-07-29,TLT,0.004692696,-0.039764464,0.04445716,test,-0.0064468756
2021-07-30,EFA,0.0050193476,-0.024204506,0.029223854,test,0.01704487
2021-07-30,IWM,-0.0049886303,0.05860404,0.06359267,test,-0.006412331
2021-07-30,SPY,-0.0021000963,0.01571141,0.017811507,test,0.014320945
2021-07-30,TLT,0.008879721,0.018908555,0.0100288335,test,-0.039764464
2021-08-02,EFA,0.0071095126,0.0021112803,0.0049982322,test,-0.024204506
2021-08-02,IWM,0.0041288864,0.04660643,0.04247754,test,0.05860404
2021-08-02,SPY,0.008102414,0.028853057,0.020750642,test,0.01571141
2021-08-02,TLT,0.0005310248,0.018148566,0.01761754,test,0.018908555
2021-08-03,EFA,-0.0029873264,0.01473405,0.017721377,test,0.0021112803
2021-08-03,IWM,-0.012529571,0.03252489,0.04505446,test,0.04660643
2021-08-03,SPY,-0.0049309847,0.03133554,0.036266524,test,0.028853057
2021-08-03,TLT,0.0020542073,-0.01793151,0.019985717,test,0.018148566
2021-08-04,EFA,0.004849897,-0.00019389577,0.005043793,test,0.01473405
2021-08-04,IWM,0.017813118,-0.0154594835,0.0332726,test,0.03252489
2021-08-04,SPY,0.0063128434,0.012635104,0.006322261,test,0.03133554
2021-08-04,TLT,-0.0051100957,0.024417821,0.029527918,test,-0.01793151
2021-08-05,EFA,-0.0037286177,-0.030857781,0.027129164,test,-0.00019389577
2021-08-05,IWM,0.006106512,-0.03455451,0.040661022,test,-0.0154594835
2021-08-05,SPY,0.0016511335,0.017934067,0.016282933,test,0.012635104
2021-08-05,TLT,-0.016842006,-0.04692421,0.030082205,test,0.024417821
2021-08-06,EFA,-0.00049821567,0.035869844,0.03636806,test,-0.030857781
2021-08-06,IWM,-0.005521389,0.022526428,0.028047817,test,-0.03455451
2021-08-06,SPY,-0.0008139129,0.015953286,0.016767198,test,0.017934067
2021-08-06,TLT,-0.003593062,0.0068524014,0.0104454635,test,-0.04692421
2021-08-09,EFA,0.0022400185,0.0129889455,0.010748927,test,0.035869844
2021-08-09,IWM,0.0019786954,0.04083079,0.038852096,test,0.022526428
2021-08-09,SPY,0.0012429991,0.014361722,0.013118723,test,0.015953286
2021-08-09,TLT,-0.004628592,0.016292436,0.02092103,test,0.0068524014
2021-08-10,EFA,0.006813087,-0.022342252,0.029155338,test,0.0129889455
2021-08-10,IWM,0.004884783,0.04860372,0.043718938,test,0.04083079
2021-08-10,SPY,0.0024820315,0.0008747708,0.0016072607,test,0.014361722
2021-08-10,TLT,-0.0006150432,0.037847325,0.038462367,test,0.016292436
2021-08-11,EFA,-0.0008644459,-0.016136864,0.015272418,test,-0.022342252
2021-08-11,IWM,-0.0023722316,0.012728861,0.015101092,test,0.04860372
2021-08-11,SPY,0.002992351,-0.014631921,0.017624272,test,0.0008747708
2021-08-11,TLT,-0.001639572,0.03765198,0.03929155,test,0.037847325
2021-08-12,EFA,0.006036351,-0.019914372,0.025950722,test,-0.016136864
2021-08-12,IWM,-0.009138185,-0.02392835,0.014790165,test,0.012728861
2021-08-12,SPY,0.0018182031,0.0024844501,0.000666247,test,-0.014631921
2021-08-12,TLT,0.015672993,0.03263641,0.016963419,test,0.03765198
2021-08-13,EFA,-0.005171905,-0.025427962,0.020256057,test,-0.019914372
2021-08-13,IWM,-0.009359311,-0.004440357,0.0049189543,test,-0.02392835
2021-08-13,SPY,0.0023517567,0.020248828,0.017897071,test,0.0024844501
2021-08-13,TLT,0.0024200482,0.07718138,0.07476133,test,0.03263641
2021-08-16,EFA,-0.009426766,-0.020241251,0.010814485,test,-0.025427962
2021-08-16,IWM,-0.012263068,0.016646218,0.028909285,test,-0.004440357
2021-08-16,SPY,-0.006576758,0.05117944,0.057756197,test,0.020248828
2021-08-16,TLT,-0.00040244637,-0.048461467,0.04805902,test,0.07718138
2021-08-17,EFA,-0.0038710048,-0.026978137,0.023107132,test,-0.020241251
2021-08-17,IWM,-0.008772233,0.0074105617,0.016182795,test,0.016646218
2021-08-17,SPY,-0.011005131,-0.0281987,0.01719357,test,0.05117944
2021-08-17,TLT,0.0033530144,-0.057416916,0.06076993,test,-0.048461467
2021-08-18,EFA,-0.009932638,0.0024140086,0.012346647,test,-0.026978137
2021-08-18,IWM,-0.012052979,0.08531938,0.09737235,test,0.0074105617
2021-08-18,SPY,0.0015470436,-0.075247936,0.07679498,test,-0.0281987
2021-08-18,TLT,0.007338407,-0.06541087,0.07274927,test,-0.057416916
2021-08-19,EFA,0.003909238,0.017915001,0.014005763,test,0.0024140086
2021-08-19,IWM,0.016750623,0.039255798,0.022505175,test,0.08531938
2021-08-19,SPY,0.0079256175,0.02809943,0.020173814,test,-0.075247936
2021-08-19,TLT,0.0006646481,-0.05981098,0.06047563,test,-0.06541087
2021-08-20,EFA,0.009271217,-0.013744311,0.023015529,test,0.017915001
2021-08-20,IWM,0.018844845,0.112382725,0.09353788,test,0.039255798
2021-08-20,SPY,0.008758285,0.015554104,0.006795819,test,0.02809943
2021-08-20,TLT,-0.0006646481,0.049043573,0.04970822,test,-0.05981098
2021-08-23,EFA,0.0021174294,-0.022944653,0.025062082,test,-0.013744311
2021-08-23,IWM,0.009787291,0.03482452,0.025037229,test,0.112382725
2021-08-23,SPY,0.0015858943,0.011659393,0.010073499,test,0.015554104
2021-08-23,TLT,-0.007807186,0.066270664,0.07407785,test,0.049043573
2021-08-24,EFA,0.00037343064,-0.0067534726,0.007126903,test,-0.022944653
2021-08-24,IWM,0.003510793,0.025419679,0.021908885,test,0.03482452
2021-08-24,SPY,0.0020961266,0.023574006,0.02147788,test,0.011659393
2021-08-24,TLT,-0.008341263,0.04719475,0.055536013,test,0.066270664
2021-08-25,EFA,-0.005238343,-0.014678286,0.009439943,test,-0.0067534726
2021-08-25,IWM,-0.010660487,0.023118105,0.033778593,test,0.025419679
2021-08-25,SPY,-0.005920597,-0.0012869015,0.0046336954,test,0.023574006
2021-08-25,TLT,0.0027655861,0.057040304,0.05427472,test,0.04719475
2021-08-26,EFA,0.009087022,-0.015934957,0.02502198,test,-0.014678286
2021-08-26,IWM,0.027811235,-0.00030873902,0.028119974,test,0.023118105
2021-08-26,SPY,0.0089012375,-0.0110131595,0.019914396,test,-0.0012869015
2021-08-26,TLT,0.006780963,0.026255101,0.019474138,test,0.057040304
2021-08-27,EFA,-0.00024776396,0.0018805917,0.0021283557,test,-0.015934957
2021-08-27,IWM,-0.0041161124,-0.07542046,0.07130435,test,-0.00030873902
2021-08-27,SPY,0.004387866,-0.0067181457,0.011106011,test,-0.0110131595
2021-08-27,TLT,0.0026064904,0.012602989,0.009996498,test,0.026255101
2021-08-30,EFA,-0.0004960392,0.00636317,0.0068592094,test,0.0018805917
2021-08-30,IWM,0.0019495174,0.039657675,0.037708156,test,-0.07542046
2021-08-30,SPY,-0.0014826849,0.011043692,0.012526377,test,-0.0067181457
2021-08-30,TLT,-0.006830675,-0.014899949,0.008069273,test,0.012602989
2021-08-31,EFA,0.00901197,0.0008284021,0.008183568,test,0.00636317
2021-08-31,IWM,0.0067055514,-0.05536115,0.062066704,test,0.039657675
2021-08-31,SPY,0.0005314002,0.040353,0.0398216,test,0.011043692
2021-08-31,TLT,0.0016737184,-0.06236328,0.064037,test,-0.014899949
2021-09-01,EFA,0.0040472527,0.012905253,0.008858001,test,0.0008284021
2021-09-01,IWM,0.0069228876,-0.10592571,0.112848595,test,-0.05536115
2021-09-01,SPY,0.003071835,0.047232643,0.04416081,test,0.040353
2021-09-01,TLT,0.0043560034,-0.07210421,0.07646021,test,-0.06236328
2021-09-02,EFA,0.0045185746,0.041837536,0.03731896,test,0.012905253
2021-09-02,IWM,-0.004639227,-0.01367248,0.009033253,test,-0.10592571
2021-09-02,SPY,-0.00024284208,0.039275996,0.039518837,test,0.047232643
2021-09-02,TLT,-0.009135596,-0.044412225,0.03527663,test,-0.07210421
2021-09-03,EFA,0.0007307407,0.023311814,0.022581074,test,0.041837536
2021-09-03,IWM,-0.006910903,0.008250503,0.015161406,test,-0.01367248
2021-09-03,SPY,-0.0035817374,0.03860604,0.042187776,test,0.039275996
2021-09-03,TLT,-0.008471887,-0.022798711,0.014326825,test,-0.044412225
2021-09-07,EFA,-0.007945735,0.04235494,0.050300676,test,0.023311814
2021-09-07,IWM,-0.010970447,0.03835558,0.04932603,test,0.008250503
2021-09-07,SPY,-0.0012190983,-0.0022715945,0.0010524961,test,0.03860604
2021-09-07,TLT,0.006782989,-0.014470989,0.021253977,test,-0.022798711
2021-09-08,EFA,-0.0017198736,-0.0016998369,2.0036707e-05,test,0.04235494
2021-09-08,IWM,-0.0004912839,0.079249255,0.07974054,test,0.03835558
2021-09-08,SPY,-0.0042894734,-0.028629625,0.024340153,test,-0.0022715945
2021-09-08,TLT,0.012028,-0.056444697,0.0684727,test,-0.014470989
2021-09-09,EFA,-0.0022152655,-0.0028776955,0.00066242996,test,-0.0016998369
2021-09-09,IWM,-0.0098334355,0.025617328,0.035450764,test,0.079249255
2021-09-09,SPY,-0.007915704,-0.023523452,0.015607748,test,-0.028629625
2021-09-09,TLT,-0.008855699,0.009145122,0.01800082,test,-0.056444697
2021-09-10,EFA,0.007854639,-0.003544921,0.01139956,test,-0.0028776955
2021-09-10,IWM,0.005669552,0.049099304,0.04342975,test,0.025617328
2021-09-10,SPY,0.0025559862,-0.010194799,0.012750785,test,-0.023523452
2021-09-10,TLT,0.0060457373,-0.02398918,0.030034918,test,0.009145122
2021-09-13,EFA,-0.0041649994,0.0067244526,0.010889452,test,-0.003544921
2021-09-13,IWM,-0.012824355,0.011268435,0.02409279,test,0.049099304
2021-09-13,SPY,-0.0054112673,0.058625944,0.06403721,test,-0.010194799
2021-09-13,TLT,0.012050948,-0.025423924,0.03747487,test,-0.02398918
2021-09-14,EFA,0.0029419195,-0.032514602,0.035456523,test,0.0067244526
2021-09-14,IWM,0.009003363,-0.006660346,0.01566371,test,0.011268435
2021-09-14,SPY,0.008317953,0.07535157,0.06703362,test,0.058625944
2021-09-14,TLT,-0.0035136438,-0.04933168,0.045818035,test,-0.025423924
2021-09-15,EFA,-0.0015924698,0.00511205,0.00670452,test,-0.032514602
2021-09-15,IWM,0.00072028744,0.036521003,0.035800714,test,-0.006660346
2021-09-15,SPY,-0.0015865038,0.07031599,0.07190249,test,0.07535157
2021-09-15,TLT,-0.004593154,-0.05946631,0.054873157,test,-0.04933168
2021-09-16,EFA,-0.013204448,0.00023515336,0.013439601,test,0.00511205
2021-09-16,IWM,0.0013043409,0.04020545,0.03890111,test,0.036521003
2021-09-16,SPY,-0.009788819,0.06654963,0.07633845,test,0.07031599
2021-09-16,TLT,-0.004814756,-0.061126783,0.05631203,test,-0.05946631
2021-09-17,EFA,-0.01868263,-0.05004514,0.03136251,test,0.00023515336
2021-09-17,IWM,-0.02406459,0.036086038,0.060150627,test,0.04020545
2021-09-17,SPY,-0.01681472,0.045000635,0.061815355,test,0.06654963
2021-09-17,TLT,0.012325576,-0.04593192,0.058257498,test,-0.061126783
2021-09-20,EFA,0.0098237395,-0.015707755,0.025531495,test,-0.05004514
2021-09-20,IWM,0.0015180697,-0.058638312,0.060156383,test,0.036086038
2021-09-20,SPY,-0.0009452224,0.0050842892,0.006029512,test,0.045000635
2021-09-20,TLT,-0.0008610394,-0.025674274,0.024813235,test,-0.04593192
2021-09-21,EFA,0.0050008516,0.011408156,0.006407304,test,-0.015707755
2021-09-21,IWM,0.015419254,0.020890849,0.0054715946,test,-0.058638312
2021-09-21,SPY,0.009707621,0.17544098,0.16573337,test,0.0050842892
2021-09-21,TLT,0.005946384,-0.0016404847,0.0075868685,test,-0.025674274
2021-09-22,EFA,0.010790452,-0.041037105,0.051827557,test,0.011408156
2021-09-22,IWM,0.017545579,0.0072056632,0.010339916,test,0.020890849
2021-09-22,SPY,0.012076798,0.1189438,0.10686701,test,0.17544098
2021-09-22,TLT,-0.02285587,0.0008268822,0.023682753,test,-0.0016404847
2021-09-23,EFA,-0.009419864,-0.016404266,0.0069844015,test,-0.041037105
2021-09-23,IWM,-0.0048347283,0.0075028185,0.012337547,test,0.0072056632
2021-09-23,SPY,0.0016459202,0.029087832,0.027441911,test,0.1189438
2021-09-23,TLT,-0.009821238,-0.06539448,0.055573247,test,0.0008268822
2021-09-24,EFA,-0.00062283117,-0.03661736,0.03599453,test,-0.016404266
2021-09-24,IWM,0.015084104,-0.019540718,0.034624822,test,0.0075028185
2021-09-24,SPY,-0.0028649704,-0.036524557,0.033659585,test,0.029087832
2021-09-24,TLT,-0.0036831105,-0.032524988,0.028841877,test,-0.06539448
2021-09-27,EFA,-0.022048263,0.01689135,0.03893961,test,-0.03661736
2021-09-27,IWM,-0.023005988,0.01635884,0.03936483,test,-0.019540718
2021-09-27,SPY,-0.020357756,-0.12337093,0.10301317,test,-0.036524557
2021-09-27,TLT,-0.015699122,-0.029580573,0.0138814505,test,-0.032524988
2021-09-28,EFA,-0.002295502,-0.05865574,0.056360237,test,0.01689135
2021-09-28,IWM,-0.002126036,0.022611832,0.024737868,test,0.01635884
2021-09-28,SPY,0.0016817151,-0.03920514,0.040886857,test,-0.12337093
2021-09-28,TLT,0.0017330667,-0.06484118,0.066574246,test,-0.029580573
2021-09-29,EFA,-0.003966203,-0.018598022,0.014631819,test,-0.05865574
2021-09-29,IWM,-0.009418582,-0.025507513,0.016088933,test,0.022611832
2021-09-29,SPY,-0.012297511,0.0126982685,0.02499578,test,-0.03920514
2021-09-29,TLT,-0.00013801726,-0.008099431,0.007961414,test,-0.06484118
